blockNumber,transactionIndex,timeStamp,hash,from,to,value,contractAddress,input,type,gas,gasUsed,traceId,isError,errCode
5358335,2,1522548573,0xd7163e6f808bbb6391faafbb04b9e1bb48a58026126953827e87b8734b0cf434,0xb1690c08e213a35ed9bab7b318de14420fb57d8c,0x1f4b10ffb832581ae5a975ed38eeac9f4e960bdf,316216890693,,,call,2300,0,1,0,
5386186,1,1522948567,0xa155415e474a2afcaf33705003f68ff16d8304a42cafa235f93a5cff1e7c4d6a,0xb1690c08e213a35ed9bab7b318de14420fb57d8c,0x1f4b10ffb832581ae5a975ed38eeac9f4e960bdf,96250000000000000,,,call,2300,0,0,0,
5386601,2,1522954382,0xa6a5739570fa764ec57a68dcfc9258b147ac7fa88637fd3f73fcd68206ac0beb,0xb1690c08e213a35ed9bab7b318de14420fb57d8c,0x1f4b10ffb832581ae5a975ed38eeac9f4e960bdf,8000216015648,,,call,2300,0,1,0,
5388102,1,1522974646,0xb9b7227c65565ac6c6d0552f8d48dc8e9ee1d808041ab89388ae8be975e9500d,0xb1690c08e213a35ed9bab7b318de14420fb57d8c,0x1f4b10ffb832581ae5a975ed38eeac9f4e960bdf,38110232060185186,,,call,2300,0,0,0,
5397715,1,1523112053,0x4b48ad920457543a352745c6a03d93164c123ad5b3e9b75e84929d039fabcc12,0xb1690c08e213a35ed9bab7b318de14420fb57d8c,0x1f4b10ffb832581ae5a975ed38eeac9f4e960bdf,962399739583334,,,call,2300,0,0,0,
5405795,6,1523227237,0xeed3d29adbb5b2ce54dd70ba9654a18221511eda1438f41293cb51ac0a39e5d7,0x6b6220677b93e8fc9dc3ffe582e481b7a56c79a9,0x1f4b10ffb832581ae5a975ed38eeac9f4e960bdf,13500000000000000,,,call,2300,0,1_3,0,
5405900,2,1523228756,0xe9aba67970982ee14db8b00a104b7cbd3b97e906bc8fc72b0ebe91f086664fee,0xb1690c08e213a35ed9bab7b318de14420fb57d8c,0x1f4b10ffb832581ae5a975ed38eeac9f4e960bdf,10518569574162,,,call,2300,0,1,0,
5406584,1,1523238933,0xbc359b6a4ba406c32b60e65d65b8cca92c7f1b3daaf7d747673360d1371c9d76,0xb1690c08e213a35ed9bab7b318de14420fb57d8c,0x1f4b10ffb832581ae5a975ed38eeac9f4e960bdf,2866506582754631,,,call,2300,0,0,0,
5406663,2,1523240063,0x0e7d6d2331f5c933b02c24591eaed639405c9e67a11c08bcd528dcfb343946c1,0xb1690c08e213a35ed9bab7b318de14420fb57d8c,0x1f4b10ffb832581ae5a975ed38eeac9f4e960bdf,2203055408568,,,call,2300,0,1,0,
5407326,1,1523249812,0x81f18902b02094d64b8e45f53b3b7132761ad01594edc761e073468402fb255c,0xb1690c08e213a35ed9bab7b318de14420fb57d8c,0x1f4b10ffb832581ae5a975ed38eeac9f4e960bdf,2832195240162038,,,call,2300,0,0,0,
5407802,1,1523256387,0xcbb60fc1701f124b2b7ffa844f5e42cfd7752cb6635077e30bae66b66db066ab,0xb1690c08e213a35ed9bab7b318de14420fb57d8c,0x1f4b10ffb832581ae5a975ed38eeac9f4e960bdf,2822876591435186,,,call,2300,0,0,0,
5408489,1,1523266698,0xfcfe5a4cf86fb183e974f553ac2265c4d7a694675876611d240927a912a8e6ab,0xb1690c08e213a35ed9bab7b318de14420fb57d8c,0x1f4b10ffb832581ae5a975ed38eeac9f4e960bdf,2814421296296298,,,call,2300,0,0,0,
5408596,1,1523268313,0x493820dc7e26702f6707a5866b4568efc1055bc042873966978688c1591e4886,0xb1690c08e213a35ed9bab7b318de14420fb57d8c,0x1f4b10ffb832581ae5a975ed38eeac9f4e960bdf,2807074435763890,,,call,2300,0,0,0,
5409284,2,1523277823,0xaee7e79c9846ba5071ad4da22582e72b6a48d2ac38a0a7c9bb76300d35fca2a1,0xb1690c08e213a35ed9bab7b318de14420fb57d8c,0x1f4b10ffb832581ae5a975ed38eeac9f4e960bdf,1762501399090,,,call,2300,0,1,0,
5415363,2,1523364335,0xcb15aeeba01711f03ba696a05ba47b39bc255b6ee17a646ac9d65303683065a8,0xb1690c08e213a35ed9bab7b318de14420fb57d8c,0x1f4b10ffb832581ae5a975ed38eeac9f4e960bdf,6409804913977,,,call,2300,0,1,0,
5415651,1,1523368518,0xa824abcd81c3d27850f89e5760617551ebe39532e492fcc1292818bf3531dd4f,0xb1690c08e213a35ed9bab7b318de14420fb57d8c,0x1f4b10ffb832581ae5a975ed38eeac9f4e960bdf,2478675154320988,,,call,2300,0,0,0,
5416874,1,1523386371,0x229c77cddb159f8ec5997227724d3cef8222d1589f6d0dfa014a9db0154e56d1,0xb1690c08e213a35ed9bab7b318de14420fb57d8c,0x1f4b10ffb832581ae5a975ed38eeac9f4e960bdf,2827210069444446,,,call,2300,0,0,0,
5418231,1,1523405521,0xb3efb52009195de00179f2da0b09dc00af4632f6911b47d7d5028de9c1602b99,0xb1690c08e213a35ed9bab7b318de14420fb57d8c,0x1f4b10ffb832581ae5a975ed38eeac9f4e960bdf,2868266710069446,,,call,2300,0,0,0,
5419003,1,1523416254,0xe0650b37533e6b0bb2701841a0f7a9eeaf6429bcf7e644cd4aa2faaa71192999,0xb1690c08e213a35ed9bab7b318de14420fb57d8c,0x1f4b10ffb832581ae5a975ed38eeac9f4e960bdf,2821907407407408,,,call,2300,0,0,0,
5419630,1,1523425553,0xdb1625286da6dc9f8632b3117b5af463630a56dba34cad53b5286f6e2757e3a8,0xb1690c08e213a35ed9bab7b318de14420fb57d8c,0x1f4b10ffb832581ae5a975ed38eeac9f4e960bdf,2812477358217594,,,call,2300,0,0,0,
5420667,1,1523440848,0x3c6ec7183a026c6e1a3371544773b57d8d61f9b3127ab8970a108775e044bede,0xb1690c08e213a35ed9bab7b318de14420fb57d8c,0x1f4b10ffb832581ae5a975ed38eeac9f4e960bdf,2841408058449075,,,call,2300,0,0,0,
5422081,2,1523460970,0x30088ab9dd45b5fd13b30d8c7625c808da9a35c12f65ff93f958a71302e688a3,0xb1690c08e213a35ed9bab7b318de14420fb57d8c,0x1f4b10ffb832581ae5a975ed38eeac9f4e960bdf,99616843851720,,,call,2300,0,1,0,
5422101,1,1523461288,0x0236c32fcd73383e1bd3053bea6c7daf89bbc22da9dfbe2994bd362691e5234e,0xb1690c08e213a35ed9bab7b318de14420fb57d8c,0x1f4b10ffb832581ae5a975ed38eeac9f4e960bdf,2868021629050927,,,call,2300,0,0,0,
5423129,1,1523476557,0x84e6e624fba4292bf74b88290f8e83f9f0c0fe02b1717b93009089a36c7dac7e,0xb1690c08e213a35ed9bab7b318de14420fb57d8c,0x1f4b10ffb832581ae5a975ed38eeac9f4e960bdf,8662500000000000,,,call,2300,0,0,0,
5425312,2,1523507732,0xd037170738a7d002e5de26a28b7070ef01e9077f53f43032459557acb66d2528,0xb1690c08e213a35ed9bab7b318de14420fb57d8c,0x1f4b10ffb832581ae5a975ed38eeac9f4e960bdf,9786342279978,,,call,2300,0,1,0,
5425367,2,1523508429,0x8fe2493ed64cb619760a8f7e59451c9b10f1daed7e011c2f32c9d57275891cf7,0xb1690c08e213a35ed9bab7b318de14420fb57d8c,0x1f4b10ffb832581ae5a975ed38eeac9f4e960bdf,3642364898762,,,call,2300,0,1,0,
5429936,1,1523576072,0x83e0c8493114c5f6abd81b2876a68862362d91a8b9d5c575325e2c6cecb5d900,0xb1690c08e213a35ed9bab7b318de14420fb57d8c,0x1f4b10ffb832581ae5a975ed38eeac9f4e960bdf,2886669270833334,,,call,2300,0,0,0,
5430219,2,1523579972,0x6a64908d7bb53ede93c6a7f0ceae032a3bd56dc72464db889f54e90172b28e13,0xb1690c08e213a35ed9bab7b318de14420fb57d8c,0x1f4b10ffb832581ae5a975ed38eeac9f4e960bdf,470885417838,,,call,2300,0,1,0,
5430407,1,1523582738,0xd063eaedb9a6624f491d9a912446c041b7e6e86f7b44fc888447d7c18b54fe47,0xb1690c08e213a35ed9bab7b318de14420fb57d8c,0x1f4b10ffb832581ae5a975ed38eeac9f4e960bdf,2878502555941359,,,call,2300,0,0,0,
5430721,1,1523587310,0x6aa68c3934684114d8dd696e84489b9381c1537151bffa03b9e906c2b11254a1,0xb1690c08e213a35ed9bab7b318de14420fb57d8c,0x1f4b10ffb832581ae5a975ed38eeac9f4e960bdf,2841210879629631,,,call,2300,0,0,0,
5431078,2,1523592157,0xd493a1af564faddaefd053bc81a69706a7fe5afe19739cc5458c1b1d4d5261f4,0xb1690c08e213a35ed9bab7b318de14420fb57d8c,0x1f4b10ffb832581ae5a975ed38eeac9f4e960bdf,2129715774810,,,call,2300,0,1,0,
5436571,1,1523672872,0xefa89319df655efaf780b09a53c9925ec9c765f27cc291a055cd9c2c5d3bde6e,0xb1690c08e213a35ed9bab7b318de14420fb57d8c,0x1f4b10ffb832581ae5a975ed38eeac9f4e960bdf,4543459526909723,,,call,2300,0,0,0,
5436959,1,1523678304,0x79da18e3b4c4e93dd3bc162a38cb8c5c62a7c2609d6508d980f8a9fd2b02a80b,0xb1690c08e213a35ed9bab7b318de14420fb57d8c,0x1f4b10ffb832581ae5a975ed38eeac9f4e960bdf,3850000000000000,,,call,2300,0,0,0,
5437071,2,1523679901,0x3b9eab2be0b0cf4132274932700fe34c7ff7411b4411262a51cd84c7d995c785,0xb1690c08e213a35ed9bab7b318de14420fb57d8c,0x1f4b10ffb832581ae5a975ed38eeac9f4e960bdf,45896988400,,,call,2300,0,1,0,
5437314,2,1523683538,0x1a2ecab965b12a0e575a1baffb2afb1a44233ab0412dbfec8a6a6373a29dce38,0xb1690c08e213a35ed9bab7b318de14420fb57d8c,0x1f4b10ffb832581ae5a975ed38eeac9f4e960bdf,3550745069867,,,call,2300,0,1,0,
5438569,1,1523702097,0x49da656484c49b64c8ec34c065469445921f4fbbbabc7959a2149998597c9835,0xb1690c08e213a35ed9bab7b318de14420fb57d8c,0x1f4b10ffb832581ae5a975ed38eeac9f4e960bdf,2826806242766204,,,call,2300,0,0,0,
5443482,1,1523773265,0x6cfd9bfd74b013c24e5fe05e4cc720c1accf8d38ed66d1bf6c6c6ba8b43a658e,0xb1690c08e213a35ed9bab7b318de14420fb57d8c,0x1f4b10ffb832581ae5a975ed38eeac9f4e960bdf,2832958333333334,,,call,2300,0,0,0,
5446275,1,1523814378,0xdc704e0fdff2f58ec0272d7d61eaa2deca6beb735796c48e8a76fe93175c67a2,0xb3775fb83f7d12a36e0475abdd1fca35c091efbe,0x1f4b10ffb832581ae5a975ed38eeac9f4e960bdf,2054071310937,,,call,2300,0,0,0,
5446303,1,1523814722,0x347a17b7e8b16ebe66d35f17f7d284ccf925798b8ae5fad59895db7ed7ffb2a5,0xb3775fb83f7d12a36e0475abdd1fca35c091efbe,0x1f4b10ffb832581ae5a975ed38eeac9f4e960bdf,2006795089943931,,,call,2300,0,0,0,
5447890,1,1523837730,0xc73e811b4440218ae0ce482778db2bb597e2d3fcf0a055b5f611c444b7b49b9d,0x57b116da40f21f91aec57329ecb763d29c1b2355,0x1f4b10ffb832581ae5a975ed38eeac9f4e960bdf,1174231593699401,,,call,2300,0,0,0,
5448857,1,1523851804,0xc19c9223170fd08e2189cb0c52972891a6d2650cb60003e075f6affdcdc45276,0xb1690c08e213a35ed9bab7b318de14420fb57d8c,0x1f4b10ffb832581ae5a975ed38eeac9f4e960bdf,1925000000000000,,,call,2300,0,0,0,
5448919,1,1523852710,0x8f499aa552a16b9ef323d944a70c9debccc577796f32da7f03f76071254d8eea,0xb1690c08e213a35ed9bab7b318de14420fb57d8c,0x1f4b10ffb832581ae5a975ed38eeac9f4e960bdf,6737500000000000,,,call,2300,0,0,0,
5449411,1,1523859783,0x76f8952bc8fe5015e6606481d3ff62181cf92e60bbf6e541bcaf94b5ff2f8734,0xb1690c08e213a35ed9bab7b318de14420fb57d8c,0x1f4b10ffb832581ae5a975ed38eeac9f4e960bdf,6737500000000000,,,call,2300,0,0,0,
5450499,1,1523876124,0x842d2cd13ba66de750ee9afb7887623b3c52fb5afe3ae77a16e092e59aa1e455,0xb1690c08e213a35ed9bab7b318de14420fb57d8c,0x1f4b10ffb832581ae5a975ed38eeac9f4e960bdf,5775000000000000,,,call,2300,0,0,0,
5454918,1,1523940120,0x922c5aee21ea963071b1de3bca2300bb2955baa09e5e7925b30fd0d6e2fe16ac,0x57b116da40f21f91aec57329ecb763d29c1b2355,0x1f4b10ffb832581ae5a975ed38eeac9f4e960bdf,733105984060381,,,call,2300,0,0,0,
5455262,2,1523945152,0x488a2935dd42b7d661742c93de433608f493f6513ec6f85da0660f288f5b89d8,0xb1690c08e213a35ed9bab7b318de14420fb57d8c,0x1f4b10ffb832581ae5a975ed38eeac9f4e960bdf,429461250363,,,call,2300,0,1,0,
5455791,2,1523953062,0x2ec6902df391ea60b705a27cb924f600070b94d3e9c148cdc83a77ea12ab98b2,0xb1690c08e213a35ed9bab7b318de14420fb57d8c,0x1f4b10ffb832581ae5a975ed38eeac9f4e960bdf,20016674265724,,,call,2300,0,1,0,
5457966,1,1523986078,0xc2d7df86a32f377d6864df6bc257f7313bffa309c4c945885554bde7c5db3076,0xb1690c08e213a35ed9bab7b318de14420fb57d8c,0x1f4b10ffb832581ae5a975ed38eeac9f4e960bdf,2665100115740742,,,call,2300,0,0,0,
5460007,1,1524015560,0xfd6d783520867223c1a809a1fc6c6d609d781cb00d4c7ca900d20038dabd6e2b,0x57b116da40f21f91aec57329ecb763d29c1b2355,0x1f4b10ffb832581ae5a975ed38eeac9f4e960bdf,464745674134954,,,call,2300,0,0,0,
5463778,1,1524072405,0x877e3bb7993c1bc7c61cdd10c0b01778e07c61b97b8a3b3590f5360f601003e0,0xb1690c08e213a35ed9bab7b318de14420fb57d8c,0x1f4b10ffb832581ae5a975ed38eeac9f4e960bdf,12306186342592594,,,call,2300,0,0,0,
5465539,1,1524098058,0x055e78d7c3e3eb02760055e78d1a3ddd9aa66fa5d79371194bf728d614c3cbd8,0xb1690c08e213a35ed9bab7b318de14420fb57d8c,0x1f4b10ffb832581ae5a975ed38eeac9f4e960bdf,1925000000000000,,,call,2300,0,0,0,
5469476,1,1524157618,0x8008c81db26055acbadae633f20af72d308cf892d6bc30d4276c17a0469b1786,0xb1690c08e213a35ed9bab7b318de14420fb57d8c,0x1f4b10ffb832581ae5a975ed38eeac9f4e960bdf,8443137635030866,,,call,2300,0,0,0,
5473110,1,1524211861,0xb14e24f7e79fda9b3d2e5092cc57d54ad4bf3ebde331a86dd6840f6e73e1f555,0xb1690c08e213a35ed9bab7b318de14420fb57d8c,0x1f4b10ffb832581ae5a975ed38eeac9f4e960bdf,6551394386574075,,,call,2300,0,0,0,
5473298,2,1524214867,0x86a7c735181f7ed16809802b4722d7a8821077c6a7be20cf1614351e7e0b4f4d,0xb1690c08e213a35ed9bab7b318de14420fb57d8c,0x1f4b10ffb832581ae5a975ed38eeac9f4e960bdf,36171691323287,,,call,2300,0,1,0,
5477481,2,1524276898,0xa76e135627db4a4adadf7e7c7f017db331a2d622ec237b57beec2fd40d4c7d03,0xb1690c08e213a35ed9bab7b318de14420fb57d8c,0x1f4b10ffb832581ae5a975ed38eeac9f4e960bdf,56445604849320,,,call,2300,0,1,0,
5477650,2,1524279352,0x5d7810de9c61a7bdfc2d35fd710dc5209301f59b15f2a483cfd22589d7fa5c65,0xb1690c08e213a35ed9bab7b318de14420fb57d8c,0x1f4b10ffb832581ae5a975ed38eeac9f4e960bdf,55603555110034,,,call,2300,0,1,0,
5477684,2,1524279827,0x05e9ee90ccb5991a297b428123887f091d9cab865352c7d2af1af8cc594ef7dc,0xb1690c08e213a35ed9bab7b318de14420fb57d8c,0x1f4b10ffb832581ae5a975ed38eeac9f4e960bdf,1027169272721,,,call,2300,0,1,0,
5477734,2,1524280618,0xd93a26fca4485384b5311e786f8d5e16cc223b33a131b987d64ff194d65cf739,0xb1690c08e213a35ed9bab7b318de14420fb57d8c,0x1f4b10ffb832581ae5a975ed38eeac9f4e960bdf,89435262110418,,,call,2300,0,1,0,
5477749,2,1524280866,0x50d08e659d68a61540fbfd58372493d2c26ab2c8e90564055eef747ed8a2cd36,0xb1690c08e213a35ed9bab7b318de14420fb57d8c,0x1f4b10ffb832581ae5a975ed38eeac9f4e960bdf,894481102979,,,call,2300,0,1,0,
5477857,2,1524282398,0x5085b575d92e0a193747ae7d6759ef194bad56c7150918e2e9c41f9df90d5371,0xb1690c08e213a35ed9bab7b318de14420fb57d8c,0x1f4b10ffb832581ae5a975ed38eeac9f4e960bdf,457217988105,,,call,2300,0,1,0,
5478059,2,1524285490,0x1483f2fcf2f474f9b3b154821212ba28129426966c56122539ef5a699eb85ee8,0xb1690c08e213a35ed9bab7b318de14420fb57d8c,0x1f4b10ffb832581ae5a975ed38eeac9f4e960bdf,6354504200,,,call,2300,0,1,0,
5480697,1,1524324216,0xe38c5eaf9a3c42b787ab347b664c0a810e32213732ae4a63f43de20910c47b2d,0x57b116da40f21f91aec57329ecb763d29c1b2355,0x1f4b10ffb832581ae5a975ed38eeac9f4e960bdf,679825625976224,,,call,2300,0,0,0,
5480705,2,1524324390,0x9eae81d4efa03150d03dae3867d556a7ec4a4ec631dded0f473f7e4071dd0517,0xb1690c08e213a35ed9bab7b318de14420fb57d8c,0x1f4b10ffb832581ae5a975ed38eeac9f4e960bdf,8220154036650,,,call,2300,0,1,0,
5480816,2,1524325980,0xa66f50c0b887be798ea0dcd01b17a9738a48324c8a8c5fbf571eeb52d15f21c1,0xb1690c08e213a35ed9bab7b318de14420fb57d8c,0x1f4b10ffb832581ae5a975ed38eeac9f4e960bdf,74570396240301,,,call,2300,0,1,0,
5481024,2,1524329018,0x688931771f4a7d253ef731256e1d7a84c834a428a83413effed92650e66e1544,0xb1690c08e213a35ed9bab7b318de14420fb57d8c,0x1f4b10ffb832581ae5a975ed38eeac9f4e960bdf,2764200780531,,,call,2300,0,1,0,
5481132,2,1524330785,0x996be4476f7b195da014bac983fcfa053945d48d07e5169221354d207cc801a9,0xb1690c08e213a35ed9bab7b318de14420fb57d8c,0x1f4b10ffb832581ae5a975ed38eeac9f4e960bdf,51069564734,,,call,2300,0,1,0,
5482450,1,1524350040,0x552df5711853f6f3cbe82910b9d66c4fb9679025577bf67d15311d267d2a54c3,0xb1690c08e213a35ed9bab7b318de14420fb57d8c,0x1f4b10ffb832581ae5a975ed38eeac9f4e960bdf,4812500000000000,,,call,2300,0,0,0,
5482600,1,1524352348,0x0d1bac06f2e8a2ac1a635594154446164ff48f1d74fb2d775510667c1e8aad2d,0xb1690c08e213a35ed9bab7b318de14420fb57d8c,0x1f4b10ffb832581ae5a975ed38eeac9f4e960bdf,1925000000000000,,,call,2300,0,0,0,
5483986,1,1524372580,0xb0401df01aa0b1d4b1edaf52a8224ade0734d196a55ccbe6e7181c01e0bee933,0xb1690c08e213a35ed9bab7b318de14420fb57d8c,0x1f4b10ffb832581ae5a975ed38eeac9f4e960bdf,154000000000000000,,,call,2300,0,0,0,
5484228,2,1524376477,0x2b08a718033e6d8fd7c5beff30f3acaa2aa121ecefd1631906cf17636425ef5d,0xb1690c08e213a35ed9bab7b318de14420fb57d8c,0x1f4b10ffb832581ae5a975ed38eeac9f4e960bdf,554089333822675,,,call,2300,0,1,0,
5484322,2,1524377860,0x4041ccc95c48793717fffde7f5ee0ee6a91b0892f669e4ca089dbed75912023b,0xb1690c08e213a35ed9bab7b318de14420fb57d8c,0x1f4b10ffb832581ae5a975ed38eeac9f4e960bdf,37460367501043,,,call,2300,0,1,0,
5484873,2,1524386508,0xc95e5b4412e63a9aa2a510569064af4c5f41fb5e59312724104e544d36cf6a81,0xb1690c08e213a35ed9bab7b318de14420fb57d8c,0x1f4b10ffb832581ae5a975ed38eeac9f4e960bdf,3033126325106,,,call,2300,0,1,0,
5487109,1,1524418372,0x5554627c3f0fac8df6e86d056e0da9cd7611d5e622e01cc0d9b5d8ba73972ab1,0xc6b5756b2ac3c4c3176ca4b768ae2689ff8b9cee,0x1f4b10ffb832581ae5a975ed38eeac9f4e960bdf,2475993343571814,,,call,2300,0,0,0,
5488641,1,1524440762,0x1b967114ab0ffed0d210efc7fbc188b2cab344a9d473ff55e019a7b919c50aca,0xb1690c08e213a35ed9bab7b318de14420fb57d8c,0x1f4b10ffb832581ae5a975ed38eeac9f4e960bdf,991776041666667,,,call,2300,0,0,0,
5488975,1,1524445874,0x8689e1994d5c8ce352aeaa274d55a9c0840a9d5028744c75972ae836b5d1b3fc,0x57b116da40f21f91aec57329ecb763d29c1b2355,0x1f4b10ffb832581ae5a975ed38eeac9f4e960bdf,349297260413352,,,call,2300,0,0,0,
5493417,1,1524512342,0xd023c36f3d263e6ee3a600a776d533fb5941ce96897af4008c4bba6ee787c7f0,0xb1690c08e213a35ed9bab7b318de14420fb57d8c,0x1f4b10ffb832581ae5a975ed38eeac9f4e960bdf,178454258294753087,,,call,2300,0,0,0,
5493968,2,1524520493,0x0abc9eb10c10126ad80e58c8d63450a5f9a7d1425b493e25764fbe300abdaf19,0xb1690c08e213a35ed9bab7b318de14420fb57d8c,0x1f4b10ffb832581ae5a975ed38eeac9f4e960bdf,636810072369880,,,call,2300,0,1,0,
5494238,1,1524524653,0x39be2b9b7a163ff19b5634950a2fe52e86fbaefbc091bbde44eeab41b0106313,0xb1690c08e213a35ed9bab7b318de14420fb57d8c,0x1f4b10ffb832581ae5a975ed38eeac9f4e960bdf,2578303240740741,,,call,2300,0,0,0,
5494782,2,1524532549,0xc1dd66446f71a39a58d44d9667125decacd8dfef8b88a3741065bef6f2af230c,0xb1690c08e213a35ed9bab7b318de14420fb57d8c,0x1f4b10ffb832581ae5a975ed38eeac9f4e960bdf,68420577449515,,,call,2300,0,1,0,
5494809,2,1524532949,0x2e437cc3c735b72116857e90211050dfcf94df91a2bc475996e89c14bbe6d8e0,0xb1690c08e213a35ed9bab7b318de14420fb57d8c,0x1f4b10ffb832581ae5a975ed38eeac9f4e960bdf,44665633238052,,,call,2300,0,1,0,
5501690,1,1524636827,0x71e3597c7902c3dac6440483ace372bfe13cc465af1440f511ebfca5a7840e3c,0xb1690c08e213a35ed9bab7b318de14420fb57d8c,0x1f4b10ffb832581ae5a975ed38eeac9f4e960bdf,144375000000000000,,,call,2300,0,0,0,
5505513,2,1524693533,0x3d525ab375ce0740c50fed94098005ff8f4ef0c756bb045bcde204f8e2c4b436,0xb1690c08e213a35ed9bab7b318de14420fb57d8c,0x1f4b10ffb832581ae5a975ed38eeac9f4e960bdf,348288403584309,,,call,2300,0,1,0,
5506606,2,1524709838,0xa7598366692d73b43a14106b370ce817e71ff289863b257659939e39c45a11a9,0xb1690c08e213a35ed9bab7b318de14420fb57d8c,0x1f4b10ffb832581ae5a975ed38eeac9f4e960bdf,23030695903161,,,call,2300,0,1,0,
5506684,2,1524710770,0xde7318610f5bfebe1c5da5c0dd56bbea5b3b6a68284bd34077dd736ffb1bb712,0xb1690c08e213a35ed9bab7b318de14420fb57d8c,0x1f4b10ffb832581ae5a975ed38eeac9f4e960bdf,1514116888732,,,call,2300,0,1,0,
5506873,1,1524713481,0x9e6ba4545c07c4fc94b0cba30ab281c60349d36ecf80a0d4e2bb2e01269a087f,0xb1690c08e213a35ed9bab7b318de14420fb57d8c,0x1f4b10ffb832581ae5a975ed38eeac9f4e960bdf,142549146412037038,,,call,2300,0,0,0,
5509476,2,1524751928,0x94ab609ce5e8564a17aceef7ac95b84e1d0eb59ce0b87c8c915c31bebb369f6a,0xb1690c08e213a35ed9bab7b318de14420fb57d8c,0x1f4b10ffb832581ae5a975ed38eeac9f4e960bdf,5666833632087,,,call,2300,0,1,0,
5509519,2,1524752416,0x780c3a45f0b53aaae924abfee63c16219d638099437936c6df1cacbff6e289d8,0xb1690c08e213a35ed9bab7b318de14420fb57d8c,0x1f4b10ffb832581ae5a975ed38eeac9f4e960bdf,1661382186721,,,call,2300,0,1,0,
5509624,2,1524753835,0x0930cccb0c55a6eead2b8fc02917f549ce8c88c7f697871242505caf95c2033f,0xb1690c08e213a35ed9bab7b318de14420fb57d8c,0x1f4b10ffb832581ae5a975ed38eeac9f4e960bdf,217035919747444,,,call,2300,0,1,0,
5509885,1,1524757752,0xaf19af81749a4ac8ed8407bc0effaccf3a5ff308ea270b94711a25e01585f1f3,0xb1690c08e213a35ed9bab7b318de14420fb57d8c,0x1f4b10ffb832581ae5a975ed38eeac9f4e960bdf,27974735725308643,,,call,2300,0,0,0,
5510724,2,1524770405,0xb3b8f24bd86ee3a53d75c5564f6c34e43e9868792bfee02e68997cd2537aeaa4,0xb1690c08e213a35ed9bab7b318de14420fb57d8c,0x1f4b10ffb832581ae5a975ed38eeac9f4e960bdf,83805628915367,,,call,2300,0,1,0,
5510797,2,1524771450,0x2875f216216f48bd7aa0af1f1f306e78bd018aa2b2f9a6f3badada9c777e95a1,0xb1690c08e213a35ed9bab7b318de14420fb57d8c,0x1f4b10ffb832581ae5a975ed38eeac9f4e960bdf,107139182193525,,,call,2300,0,1,0,
5514166,1,1524822476,0xe186c455e69dad4a40b31021cf40609ab53dccef84f3f5b9e221b4f9edf01307,0xb1690c08e213a35ed9bab7b318de14420fb57d8c,0x1f4b10ffb832581ae5a975ed38eeac9f4e960bdf,141605083188657408,,,call,2300,0,0,0,
5514703,2,1524830743,0x7e7c9ea87de162f4dc3214ae6e8f9e81f95fb5833a376a5c45b50a63ba699f26,0xb1690c08e213a35ed9bab7b318de14420fb57d8c,0x1f4b10ffb832581ae5a975ed38eeac9f4e960bdf,1164234680040,,,call,2300,0,1,0,
5515096,1,1524836624,0xbfdc31c2d74ae53bd51e02efc7c6b734c24b0de10bc67b2cc7c7409231de46f8,0xb1690c08e213a35ed9bab7b318de14420fb57d8c,0x1f4b10ffb832581ae5a975ed38eeac9f4e960bdf,14437500000000000,,,call,2300,0,0,0,
5515378,2,1524840785,0xbd5ff2407ffe9b71940be5cf4cf93e1994166a2b473bbd8d8ac74efb007087e2,0xb1690c08e213a35ed9bab7b318de14420fb57d8c,0x1f4b10ffb832581ae5a975ed38eeac9f4e960bdf,2071800635992,,,call,2300,0,1,0,
5515403,2,1524841164,0x66d36e8ca34dcd3fa717005ff27b74a3901054cbe087fa645ffa47df4ea73a88,0xb1690c08e213a35ed9bab7b318de14420fb57d8c,0x1f4b10ffb832581ae5a975ed38eeac9f4e960bdf,774247810141,,,call,2300,0,1,0,
5516548,2,1524858283,0xd5abe94247def5aeff4600815e28f95993a86c6a3c8f20134413bb09c89fa1d1,0xb1690c08e213a35ed9bab7b318de14420fb57d8c,0x1f4b10ffb832581ae5a975ed38eeac9f4e960bdf,197570956944367,,,call,2300,0,1,0,
5516561,2,1524858464,0x02823a907b9fec5e3625fc90c5cacf8dfa383ca92360854d6112d427b8b76294,0xb1690c08e213a35ed9bab7b318de14420fb57d8c,0x1f4b10ffb832581ae5a975ed38eeac9f4e960bdf,14932926603,,,call,2300,0,1,0,
5519165,1,1524897376,0x3200c2edbd08af6ca14d005a1b2120862cceabf83216a9f4aa1fa875a9b015ea,0xb1690c08e213a35ed9bab7b318de14420fb57d8c,0x1f4b10ffb832581ae5a975ed38eeac9f4e960bdf,4812500000000000,,,call,2300,0,0,0,
5521319,1,1524929897,0x30333fd249e2f851c7a284b8d3d959e480eac9330f7c3c2c0bb0c849f0511b06,0xb1690c08e213a35ed9bab7b318de14420fb57d8c,0x1f4b10ffb832581ae5a975ed38eeac9f4e960bdf,8397358431712964,,,call,2300,0,0,0,
5521469,2,1524932247,0xd34724fe7a7540bf3cef3f5980a36d4096720e0d26fc27274756ba127c3322d5,0xb1690c08e213a35ed9bab7b318de14420fb57d8c,0x1f4b10ffb832581ae5a975ed38eeac9f4e960bdf,813279944772,,,call,2300,0,1,0,
5522022,2,1524941210,0xb58e054307f25421d01e30a1616db115d9c9e57d69b75cefbe5e6e1b821217b0,0xb1690c08e213a35ed9bab7b318de14420fb57d8c,0x1f4b10ffb832581ae5a975ed38eeac9f4e960bdf,173880049658,,,call,2300,0,1,0,
5523698,1,1524965489,0xf975021ac5f1e8750148521790302b366065fd3037fe774642618b290e05a802,0xb1690c08e213a35ed9bab7b318de14420fb57d8c,0x1f4b10ffb832581ae5a975ed38eeac9f4e960bdf,1925000000000000,,,call,2300,0,0,0,
5525663,1,1524994543,0x331526cf2303d3259cd32159d6e929e363126f2e12f2c9548b9c88e35045a0e9,0xb1690c08e213a35ed9bab7b318de14420fb57d8c,0x1f4b10ffb832581ae5a975ed38eeac9f4e960bdf,33687500000000000,,,call,2300,0,0,0,
5525979,1,1524999274,0x0056aac537893bbe63d034bd1a6d0c7a9d86fd55ed96ff30c9206bb09fff6d9c,0xb1690c08e213a35ed9bab7b318de14420fb57d8c,0x1f4b10ffb832581ae5a975ed38eeac9f4e960bdf,57486264973958334,,,call,2300,0,0,0,
5527059,2,1525015437,0xa37baf6e1d279a1532ab06b0d9e91a2f39ec53844bdb92aaea5f70511c4f1c5b,0xb1690c08e213a35ed9bab7b318de14420fb57d8c,0x1f4b10ffb832581ae5a975ed38eeac9f4e960bdf,1593140625000,,,call,2300,0,1,0,
5527178,1,1525017288,0x963eb46f2e324af9aefd086a5d9cb991faf6c0195500751ed7ccc12cebe7018a,0xb1690c08e213a35ed9bab7b318de14420fb57d8c,0x1f4b10ffb832581ae5a975ed38eeac9f4e960bdf,36575000000000000,,,call,2300,0,0,0,
5527903,2,1525028200,0x3742b13ca66fcda97463dab41fe2ef1c8ad6b62fe003ad5ab5c1f9ab449a85b1,0xb1690c08e213a35ed9bab7b318de14420fb57d8c,0x1f4b10ffb832581ae5a975ed38eeac9f4e960bdf,38646184295044,,,call,2300,0,1,0,
5531550,2,1525082829,0xf6b4cd64dee09ce8b4058d0c26f9ec84e86ae08755f3457b580011c179154160,0xb1690c08e213a35ed9bab7b318de14420fb57d8c,0x1f4b10ffb832581ae5a975ed38eeac9f4e960bdf,518695377721591,,,call,2300,0,1,0,
5532426,1,1525096053,0xb71c84d280823278c56cfac028468b496e6512a321e928c953923ffd2146b83e,0xf39729a98d936199c8260af86018ebf21ed8f846,0x1f4b10ffb832581ae5a975ed38eeac9f4e960bdf,10169432875387040,,,call,2300,0,0,0,
5543323,1,1525262090,0x1cb293c053e110b2a245206ba2edc703b124090df27000cb820186184a5b6405,0x57b116da40f21f91aec57329ecb763d29c1b2355,0x1f4b10ffb832581ae5a975ed38eeac9f4e960bdf,1039905265410121,,,call,2300,0,0,0,
5548301,1,1525338018,0x06007f8ac178c88073911091f1eef313745838107d772833220959cc01811ed8,0xb1690c08e213a35ed9bab7b318de14420fb57d8c,0x1f4b10ffb832581ae5a975ed38eeac9f4e960bdf,128786658950617284,,,call,2300,0,0,0,
5549452,2,1525355821,0x5480f7935fb5e1269b1178e1cd250db553397225e64af9134a87c476c4cc7ea6,0x23b45c658737b12f1748ce56e9b6784b5e9f3ff8,0x1f4b10ffb832581ae5a975ed38eeac9f4e960bdf,19184027777778,,,call,2300,0,1,0,
5549466,2,1525356008,0xe14358619b7a1c68e35cbdc12a07483dac22dce6dd3ca97c1c0e90e493924839,0x23b45c658737b12f1748ce56e9b6784b5e9f3ff8,0x1f4b10ffb832581ae5a975ed38eeac9f4e960bdf,21643518518518,,,call,2300,0,1,0,
5550207,1,1525367248,0xa96f4e238d57259e048db63713add3ba77c7f5cd9243a1d3132fa8f63093a1e6,0xb1690c08e213a35ed9bab7b318de14420fb57d8c,0x1f4b10ffb832581ae5a975ed38eeac9f4e960bdf,6737500000000000,,,call,2300,0,0,0,
5550703,2,1525374528,0xef6c59486d9ddfb77ee781b7c9e859395419dc1d90696319999f69dcd832f13c,0x23b45c658737b12f1748ce56e9b6784b5e9f3ff8,0x1f4b10ffb832581ae5a975ed38eeac9f4e960bdf,66782407407407,,,call,2300,0,1,0,
5555888,1,1525453768,0x972549abdaef79e52cb3ec4b001381486a5d2a9cf3d49c35dee08609fec590bc,0xb1690c08e213a35ed9bab7b318de14420fb57d8c,0x1f4b10ffb832581ae5a975ed38eeac9f4e960bdf,8759400578703704,,,call,2300,0,0,0,
5557365,1,1525476130,0x72dda46d144fb1993d8428fce83053dae733d9a6befb0b6e595480e685b80e04,0xb1690c08e213a35ed9bab7b318de14420fb57d8c,0x1f4b10ffb832581ae5a975ed38eeac9f4e960bdf,28875000000000000,,,call,2300,0,0,0,
5561143,2,1525533528,0x8f01276dba085cee694cd97f8cc8154aad2bf5dc648c96f022df94ec4bca0551,0xb1690c08e213a35ed9bab7b318de14420fb57d8c,0x1f4b10ffb832581ae5a975ed38eeac9f4e960bdf,4930819872943,,,call,2300,0,1,0,
5561154,2,1525533647,0xb83282dbdd55da607d11a191c43f930b766024c3947d80e517eab3eee7c85ce0,0xb1690c08e213a35ed9bab7b318de14420fb57d8c,0x1f4b10ffb832581ae5a975ed38eeac9f4e960bdf,136573868397,,,call,2300,0,1,0,
5568956,2,1525650148,0x68b37303af0b2f93b4d97faea99cb79c099d7f60dced953a843941231fd74ad1,0xb1690c08e213a35ed9bab7b318de14420fb57d8c,0x1f4b10ffb832581ae5a975ed38eeac9f4e960bdf,77464691594173,,,call,2300,0,1,0,
5580623,2,1525824677,0x98e33b9c66c026414ac8279f5c03d259649ae488795780fe6fd4171186f6da80,0x23b45c658737b12f1748ce56e9b6784b5e9f3ff8,0x1f4b10ffb832581ae5a975ed38eeac9f4e960bdf,1041666666667,,,call,2300,0,1,0,
5580829,2,1525827618,0x7a2c4703860d207b8e5763d6d1e91553813abc6998fff336bcadbc5e843358cf,0xb1690c08e213a35ed9bab7b318de14420fb57d8c,0x1f4b10ffb832581ae5a975ed38eeac9f4e960bdf,45939999344445,,,call,2300,0,1,0,
5580833,2,1525827658,0x2e0baecbf443cdd743dba0d5587e171bf847cdd4529f5ae3a3d4e38a8bb1226b,0xb1690c08e213a35ed9bab7b318de14420fb57d8c,0x1f4b10ffb832581ae5a975ed38eeac9f4e960bdf,117255009002058,,,call,2300,0,1,0,
5580843,2,1525827820,0xf492ed0128f5bcc8a4aefa3d1da53922423def6d0da05ff68da5ff7b127efc59,0xb1690c08e213a35ed9bab7b318de14420fb57d8c,0x1f4b10ffb832581ae5a975ed38eeac9f4e960bdf,29924352339197,,,call,2300,0,1,0,
5592866,1,1526009460,0xd87e3c572a821e539620c36ff9605e5e411f73a0b116c6837d72d794f69253b3,0xb1690c08e213a35ed9bab7b318de14420fb57d8c,0x1f4b10ffb832581ae5a975ed38eeac9f4e960bdf,62562500000000000,,,call,2300,0,0,0,
5603859,2,1526174650,0x0cf3cffb0d189a494920df4acb52f130b11075de80c44197c730ab1f4cd08b61,0xb1690c08e213a35ed9bab7b318de14420fb57d8c,0x1f4b10ffb832581ae5a975ed38eeac9f4e960bdf,231804379529514,,,call,2300,0,1,0,
5603903,2,1526175295,0x13f9e5a5afdb91d16c5c5e7eaef778eda5516040754a761a94ef7950b9813417,0xb1690c08e213a35ed9bab7b318de14420fb57d8c,0x1f4b10ffb832581ae5a975ed38eeac9f4e960bdf,224329563876933,,,call,2300,0,1,0,
5604080,1,1526178159,0x47acc0633aa93f8aa06c0f89498acfa95defa8b7c2580c3c0579d0b97229ad24,0xb1690c08e213a35ed9bab7b318de14420fb57d8c,0x1f4b10ffb832581ae5a975ed38eeac9f4e960bdf,3850000000000000,,,call,2300,0,0,0,
5605089,1,1526193819,0xf3de59fd0f86578c1985a5de423de6a2a258d7deadb5726fb29d94db2cea22b2,0xb1690c08e213a35ed9bab7b318de14420fb57d8c,0x1f4b10ffb832581ae5a975ed38eeac9f4e960bdf,76013734567901235,,,call,2300,0,0,0,
5611375,1,1526288182,0x9253e8d0c961782ae11534ddd086e1e84368731f151b32fed21ab5fa79238c33,0xb1690c08e213a35ed9bab7b318de14420fb57d8c,0x1f4b10ffb832581ae5a975ed38eeac9f4e960bdf,24062500000000000,,,call,2300,0,0,0,
5620636,1,1526428864,0xdf98437ed97787d767582bebdef52335700633f0c17ba3edb0965573690f370e,0xb1690c08e213a35ed9bab7b318de14420fb57d8c,0x1f4b10ffb832581ae5a975ed38eeac9f4e960bdf,106856735146604939,,,call,2300,0,0,0,
5650611,1,1526887113,0x60c0db1d82675d8f461609b81a0a3b0030003e12be086cbc390a316b62e4a0c6,0xb1690c08e213a35ed9bab7b318de14420fb57d8c,0x1f4b10ffb832581ae5a975ed38eeac9f4e960bdf,105875000000000000,,,call,2300,0,0,0,
5651286,1,1526897038,0x5567898079cd09c6b7f14d56c40c22bae5b72696b0b8633e70f2187df8f105b4,0xb1690c08e213a35ed9bab7b318de14420fb57d8c,0x1f4b10ffb832581ae5a975ed38eeac9f4e960bdf,9625000000000000,,,call,2300,0,0,0,
5653821,1,1526936042,0x118815e0fc2a542476cec2e8199ead3cf46f75a979e1bfd38551a72ca510917b,0xb1690c08e213a35ed9bab7b318de14420fb57d8c,0x1f4b10ffb832581ae5a975ed38eeac9f4e960bdf,28875000000000000,,,call,2300,0,0,0,
5654905,1,1526952423,0xb201ef88389cbb91b00d121d31cb81cda8af7515b7ee8d81dd50452364988d4d,0xb1690c08e213a35ed9bab7b318de14420fb57d8c,0x1f4b10ffb832581ae5a975ed38eeac9f4e960bdf,28875000000000000,,,call,2300,0,0,0,
5671267,1,1527204817,0x977cd56428dacbe8d6406d79ad5bfa29a7d979281110dc6554c74453700d1239,0xb1690c08e213a35ed9bab7b318de14420fb57d8c,0x1f4b10ffb832581ae5a975ed38eeac9f4e960bdf,7700000000000000,,,call,2300,0,0,0,
5672571,1,1527224436,0x9d6243da63b47ad5f0e3c3943d638f86f87d7fe88de5d6de7ba71d0206f57f7e,0xb1690c08e213a35ed9bab7b318de14420fb57d8c,0x1f4b10ffb832581ae5a975ed38eeac9f4e960bdf,28733240125868056,,,call,2300,0,0,0,
5682194,2,1527371335,0xc22c94e30974e081f3792c516cbfacdcc759598a943ba62854391a25a37b3887,0xb1690c08e213a35ed9bab7b318de14420fb57d8c,0x1f4b10ffb832581ae5a975ed38eeac9f4e960bdf,211904733726276,,,call,2300,0,1,0,
5682198,1,1527371368,0x66f5066d0933a3ccc00f32f5bb0d2c4155644c59cdcafb4d24402be77188a0c8,0xb1690c08e213a35ed9bab7b318de14420fb57d8c,0x1f4b10ffb832581ae5a975ed38eeac9f4e960bdf,19250000000000000,,,call,2300,0,0,0,
5682203,2,1527371441,0x9e6c1fdf32178bde502c4af6133fe337a65fdf829093d0cfd15b8902e0a8edc0,0xb1690c08e213a35ed9bab7b318de14420fb57d8c,0x1f4b10ffb832581ae5a975ed38eeac9f4e960bdf,207337141483872,,,call,2300,0,1,0,
5686089,1,1527431300,0x049928c3b92e8854e95fa4f7ca6f619927d69a3a7cdc233be050bae6d133ae90,0xb1690c08e213a35ed9bab7b318de14420fb57d8c,0x1f4b10ffb832581ae5a975ed38eeac9f4e960bdf,24062500000000000,,,call,2300,0,0,0,
5693764,1,1527547225,0xa6760b7151f6ae6b43a48718966f5d3ff1028ca9552f1eb3980ce0aac61ec3e4,0xb1690c08e213a35ed9bab7b318de14420fb57d8c,0x1f4b10ffb832581ae5a975ed38eeac9f4e960bdf,110748909505208334,,,call,2300,0,0,0,
5697830,1,1527609791,0xd02ae6c7a083fffc955e557af114b9b387803c529cc2a99d8124ae6775d6a799,0xb1690c08e213a35ed9bab7b318de14420fb57d8c,0x1f4b10ffb832581ae5a975ed38eeac9f4e960bdf,158812500000000000,,,call,2300,0,0,0,
5700636,2,1527652547,0x5e10b64ceda89cf68131343a56af24da2c46798879f43f158f529e238bf1fa74,0xb1690c08e213a35ed9bab7b318de14420fb57d8c,0x1f4b10ffb832581ae5a975ed38eeac9f4e960bdf,181341449638489,,,call,2300,0,1,0,
5705391,1,1527725926,0x6d3077de0bc421423da38968eeedc9b9c3fe9298986685f7a639ab8524f6d54a,0xb1690c08e213a35ed9bab7b318de14420fb57d8c,0x1f4b10ffb832581ae5a975ed38eeac9f4e960bdf,41260713541666668,,,call,2300,0,0,0,
5710970,1,1527811377,0x3f8c05bb973e4252ba0a59780c13aefc96d69b1aa03b178be1f1274eb4ff1a3c,0xb1690c08e213a35ed9bab7b318de14420fb57d8c,0x1f4b10ffb832581ae5a975ed38eeac9f4e960bdf,25987500000000000,,,call,2300,0,0,0,
5711214,1,1527815060,0xf252ad56f8a42619e65e66a61b114b77000eb1f013bf1e672a80a5aa2a441c8f,0xb1690c08e213a35ed9bab7b318de14420fb57d8c,0x1f4b10ffb832581ae5a975ed38eeac9f4e960bdf,28875000000000000,,,call,2300,0,0,0,
5711543,2,1527820490,0x392c9a643f202f92d67f905322d66ab3fa342e0599d91845b254aa7a000db70f,0xb1690c08e213a35ed9bab7b318de14420fb57d8c,0x1f4b10ffb832581ae5a975ed38eeac9f4e960bdf,1377558732072,,,call,2300,0,1,0,
5737894,1,1528224370,0x67c011d99bde07ae2c8a871500b6acb5a72381d6f19f2c22ba47e933336161dd,0xb1690c08e213a35ed9bab7b318de14420fb57d8c,0x1f4b10ffb832581ae5a975ed38eeac9f4e960bdf,7700000000000000,,,call,2300,0,0,0,
5739162,1,1528244265,0x011decaa458ec4c965aebf0a2622ccca5de55b4256c1769582a5b901488ff773,0xb1690c08e213a35ed9bab7b318de14420fb57d8c,0x1f4b10ffb832581ae5a975ed38eeac9f4e960bdf,50530533854166668,,,call,2300,0,0,0,
5763966,1,1528624169,0xeab7178b1132d27252e5bfea6375eba91e3b3f3f1f8c64711cc5c14d507339be,0xb1690c08e213a35ed9bab7b318de14420fb57d8c,0x1f4b10ffb832581ae5a975ed38eeac9f4e960bdf,90605366391782408,,,call,2300,0,0,0,
5790949,1,1529031852,0x3b573a8e7fb5c8cc323ede327fd7da0189f27853d9c905e20aab574602e4fc8b,0xb1690c08e213a35ed9bab7b318de14420fb57d8c,0x1f4b10ffb832581ae5a975ed38eeac9f4e960bdf,28875000000000000,,,call,2300,0,0,0,
5796434,2,1529114037,0xb946c3fc28429cbff2243fd568ae07b2061b685074a26f29896c656b8fe906f7,0x78997e9e939daffe7eb9ed114fbf7128d0cfcd39,0x1f4b10ffb832581ae5a975ed38eeac9f4e960bdf,9859664351852,,,call,2300,0,1,0,
5810071,2,1529313847,0xd1e6c6a190c11e0c07ce8fbe73f7ffc4d57cb3079c0bdd72878d624af32c2ee1,0xb1690c08e213a35ed9bab7b318de14420fb57d8c,0x1f4b10ffb832581ae5a975ed38eeac9f4e960bdf,194411468758321,,,call,2300,0,1,0,
5810080,2,1529313958,0xd88b366ec8d8572849bc51c1a4ec2950f8d0be8570fc834ebcd8b2ae97a47424,0xb1690c08e213a35ed9bab7b318de14420fb57d8c,0x1f4b10ffb832581ae5a975ed38eeac9f4e960bdf,287542518795621,,,call,2300,0,1,0,
5819686,1,1529455290,0x3b4b4b25859b82da3865a7982aac60ae23aac637e369a9397278e24690e9df12,0xb1690c08e213a35ed9bab7b318de14420fb57d8c,0x1f4b10ffb832581ae5a975ed38eeac9f4e960bdf,73949142361111112,,,call,2300,0,0,0,
5820299,1,1529464379,0x03e8fc3cebcd08022899e03b95cf641c990ba5d30f5c1d8ed8ddf850cf2ba54e,0xb1690c08e213a35ed9bab7b318de14420fb57d8c,0x1f4b10ffb832581ae5a975ed38eeac9f4e960bdf,75043050347222223,,,call,2300,0,0,0,
5822473,2,1529497381,0xcd15e3ea4b6e3897f0a78329577070c16e7dfdb3f32dc72c3d64d7b6a05543f7,0xb1690c08e213a35ed9bab7b318de14420fb57d8c,0x1f4b10ffb832581ae5a975ed38eeac9f4e960bdf,120172493659411,,,call,2300,0,1,0,
5822507,2,1529497886,0xd42e52db98d34532d35b35c435e1f2b95438ca8e5a1347703af1588341804e82,0xb1690c08e213a35ed9bab7b318de14420fb57d8c,0x1f4b10ffb832581ae5a975ed38eeac9f4e960bdf,4048617570646,,,call,2300,0,1,0,
5847489,1,1529865375,0x95bd46c0b076df9f69ff2f0737f2256d3b03b3be105716b318f39123046b3d5a,0xb1690c08e213a35ed9bab7b318de14420fb57d8c,0x1f4b10ffb832581ae5a975ed38eeac9f4e960bdf,69026422743055556,,,call,2300,0,0,0,
5918640,1,1530922881,0x3b24cc226b8668dc3c76f1b9925be917c70ad3810f76a67ee4d5dc3d82ce8f68,0xb1690c08e213a35ed9bab7b318de14420fb57d8c,0x1f4b10ffb832581ae5a975ed38eeac9f4e960bdf,4812500000000000,,,call,2300,0,0,0,
6026605,1,1532509183,0x76cc4ae1321a4fa52809efefbaa7c6b17b91462d29bfdb80b3a2b282823cf9bc,0x23b45c658737b12f1748ce56e9b6784b5e9f3ff8,0x1f4b10ffb832581ae5a975ed38eeac9f4e960bdf,197500000000000000,,,call,2300,0,0,0,
6065058,5,1533068417,0x63145e3daf26d20187a36440d44e3e959dbbe0ad3a04c276553b9c1ab8e2979b,0x71c118b00759b0851785642541ceb0f4ceea0bd5,0x1f4b10ffb832581ae5a975ed38eeac9f4e960bdf,8500000000000000,,,call,2300,0,4,0,
6065220,5,1533070770,0xf9397d75f857ad40a9c6a31e6a2b2a6f9f337be6aa52ec294e6eb18942e41cab,0x71c118b00759b0851785642541ceb0f4ceea0bd5,0x1f4b10ffb832581ae5a975ed38eeac9f4e960bdf,8500000000000000,,,call,2300,0,4,0,
6081582,1,1533311536,0x32b190879d55f9d90b6d19dffb9e78057229fa5f47b78b7820b385b656a66722,0x23109458cfd469b98c07ef8d27f1f418806f27bb,0x1f4b10ffb832581ae5a975ed38eeac9f4e960bdf,761888888888888,,,call,2300,0,0,0,
6082003,2,1533317554,0x3ca049dd8a602993513d5c881562fc515d67c577c89fae3afb122fe5467411e8,0xb1690c08e213a35ed9bab7b318de14420fb57d8c,0x1f4b10ffb832581ae5a975ed38eeac9f4e960bdf,188018528407569,,,call,2300,0,1,0,
6082333,1,1533322462,0x01518506ce7ab940b7e60cc425c5cdc66936f7179907f8f1618b628b457387cb,0xa2c5718723161f48fe1be09bee40a8fa347df520,0x1f4b10ffb832581ae5a975ed38eeac9f4e960bdf,4500000000000000,,,call,2300,0,0,0,
6083088,17,1533333830,0x16ecd33ac37bfdabc39d09545c27f597f763646ee34e58f18f2a6cbd66cca682,0x024be6824fe397521179503c3bd2d9feb4ab05b4,0x1f4b10ffb832581ae5a975ed38eeac9f4e960bdf,66733537500000000,,,call,2300,0,16,0,
6083088,19,1533333830,0x16ecd33ac37bfdabc39d09545c27f597f763646ee34e58f18f2a6cbd66cca682,0x024be6824fe397521179503c3bd2d9feb4ab05b4,0x1f4b10ffb832581ae5a975ed38eeac9f4e960bdf,20020061250000000,,,call,2300,0,18,0,
6086875,1,1533387046,0x600a911be5478a6b2020dcd0d16858d1257e6fa8615ac901aad4bd42f2198d24,0x23109458cfd469b98c07ef8d27f1f418806f27bb,0x1f4b10ffb832581ae5a975ed38eeac9f4e960bdf,46987500000000000,,,call,2300,0,0,0,
6089157,15,1533420817,0xd7aad29f2cc6e583731e54ca9ed7e569fcdae70e8e859e97363e56184a0118b6,0x024be6824fe397521179503c3bd2d9feb4ab05b4,0x1f4b10ffb832581ae5a975ed38eeac9f4e960bdf,89775000000000000,,,call,2300,0,14,0,
6091935,1,1533461421,0x32e334c5eeb5d1074a4546be4f015f7e60273c7f65aca47e6708afac75e39faa,0xb1690c08e213a35ed9bab7b318de14420fb57d8c,0x1f4b10ffb832581ae5a975ed38eeac9f4e960bdf,79693685474537038,,,call,2300,0,0,0,
6093849,19,1533489444,0x650315848e48966fb112c180a89a77965a325816f3e224a768331eada6bc9006,0x024be6824fe397521179503c3bd2d9feb4ab05b4,0x1f4b10ffb832581ae5a975ed38eeac9f4e960bdf,3402000000000000,,,call,2300,0,18,0,
6095677,4,1533515462,0x06d8f8326b64b3fbfa25c8678f8829522efe169a61c15fa3e3913df18df1492c,0x7be8076f4ea4a4ad08075c2508e481d6c946d12b,0x1f4b10ffb832581ae5a975ed38eeac9f4e960bdf,95218557950315922,,,call,2300,0,3,0,
6096242,17,1533524160,0x2a0c6a2741824da87bedd294e10434d685da92c4974bbb7c043c41ec50bcc239,0x024be6824fe397521179503c3bd2d9feb4ab05b4,0x1f4b10ffb832581ae5a975ed38eeac9f4e960bdf,1417500000000000,,,call,2300,0,16,0,
6096242,18,1533524160,0x2a0c6a2741824da87bedd294e10434d685da92c4974bbb7c043c41ec50bcc239,0x024be6824fe397521179503c3bd2d9feb4ab05b4,0x1f4b10ffb832581ae5a975ed38eeac9f4e960bdf,992250000000000,,,call,2300,0,17,0,
6096242,19,1533524160,0x2a0c6a2741824da87bedd294e10434d685da92c4974bbb7c043c41ec50bcc239,0x024be6824fe397521179503c3bd2d9feb4ab05b4,0x1f4b10ffb832581ae5a975ed38eeac9f4e960bdf,425250000000000,,,call,2300,0,18,0,
6096623,18,1533529823,0x2b8568bbb4e6e54697d45313f53de0eadfcf66c2e643e559e2405b82d0b7b3a8,0x024be6824fe397521179503c3bd2d9feb4ab05b4,0x1f4b10ffb832581ae5a975ed38eeac9f4e960bdf,1842750000000000,,,call,2300,0,17,0,
6108130,1,1533697356,0x1482371aa79acf4b6cfd9ca06d5fe8c75151707d8d056062ddf7da8818632402,0x23109458cfd469b98c07ef8d27f1f418806f27bb,0x1f4b10ffb832581ae5a975ed38eeac9f4e960bdf,50000000000000000,,,call,2300,0,0,0,
6112790,4,1533765325,0xe19891ce22d2cadb91468ebe111bd73ee2b7f9dafd8b73d675c9ced53024a0ec,0x7be8076f4ea4a4ad08075c2508e481d6c946d12b,0x1f4b10ffb832581ae5a975ed38eeac9f4e960bdf,74000000000000000,,,call,2300,0,3,0,
6119301,1,1533860099,0xb0a1e289b1738ac403b39952ad026515c4facc898cd983b022f80b300d360142,0xc02aaa39b223fe8d0a0e5c4f27ead9083c756cc2,0x1f4b10ffb832581ae5a975ed38eeac9f4e960bdf,10000000000000000,,,call,2300,0,0,0,
6125614,4,1533952207,0xef1a5cab1583536e4da3908fb813d6a87d590316f4bd185f6d0a32f531a67cb2,0x7be8076f4ea4a4ad08075c2508e481d6c946d12b,0x1f4b10ffb832581ae5a975ed38eeac9f4e960bdf,90344970000000010,,,call,2300,0,3,0,
6128942,1,1534000605,0xf5e5db15e3026cd29de5674d5e0a7a914be7b600da00fc0b2d69e4ee030627cf,0xd48b633045af65ff636f3c6edd744748351e020d,0x1f4b10ffb832581ae5a975ed38eeac9f4e960bdf,10521856101,,,call,2300,0,0,0,
6128992,1,1534001296,0x5687f0b0ca372f5a96d6f1fe72877d3304d7d53b8ab30964b95e8d921b2c6401,0xd48b633045af65ff636f3c6edd744748351e020d,0x1f4b10ffb832581ae5a975ed38eeac9f4e960bdf,6848202309,,,call,2300,0,0,0,
6129154,1,1534003641,0xcbe8697cab9aa678ce8a667bf7584859618f28834054c7d0a134659789ae44ae,0x8d12a197cb00d4747a1fe03395095ce2a5cc6819,0x1f4b10ffb832581ae5a975ed38eeac9f4e960bdf,75000000000000000,,,call,190000,0,0,0,
6130554,1,1534024341,0x9f9b3538548fe471008476d189d22748ca1b2f2166c0d743f40cdfc3a987162c,0x8d12a197cb00d4747a1fe03395095ce2a5cc6819,0x1f4b10ffb832581ae5a975ed38eeac9f4e960bdf,75000000000000000,,,call,190000,0,0,0,
6130624,1,1534025192,0x67ef5c48798a2a2ed405ea9738e25ff8f5960006e6a2a6b3f70498b373c07eb8,0x4ced73edbb326de8f7d9c5694b00da7b75506d96,0x1f4b10ffb832581ae5a975ed38eeac9f4e960bdf,10603768731941593,,,call,2300,0,0,0,
6130971,18,1534030079,0xa717f28c60b85ace55027bfaa0c40eed54a093b0a6f2f0ece90d168044bc6d20,0x024be6824fe397521179503c3bd2d9feb4ab05b4,0x1f4b10ffb832581ae5a975ed38eeac9f4e960bdf,10773000000000000,,,call,2300,0,17,0,
6131297,1,1534034902,0x018b3e57e2c0f9b8af255ad26e075c4d365027dde7c336bf2b16793311e7e7d8,0xd48b633045af65ff636f3c6edd744748351e020d,0x1f4b10ffb832581ae5a975ed38eeac9f4e960bdf,801859023297,,,call,2300,0,0,0,
6131330,1,1534035347,0x747824ec15b669dd2add25cbf7f9b504da288ecae8337799f91e62ec3746382e,0xd48b633045af65ff636f3c6edd744748351e020d,0x1f4b10ffb832581ae5a975ed38eeac9f4e960bdf,55657632908,,,call,2300,0,0,0,
6131488,1,1534038045,0x5ae5d5707008e7dab81d22e148a729a1af9ac3564cc75d70a1076b5b8b0337ff,0x57b116da40f21f91aec57329ecb763d29c1b2355,0x1f4b10ffb832581ae5a975ed38eeac9f4e960bdf,709814189197782,,,call,2300,0,0,0,
6131528,1,1534038645,0xab09fdd8f4bb8e91286db14b9f35ae46a81b182cde481b1390646338c858450c,0xd48b633045af65ff636f3c6edd744748351e020d,0x1f4b10ffb832581ae5a975ed38eeac9f4e960bdf,1986222449978,,,call,2300,0,0,0,
6131540,1,1534038838,0xac7256955b74e1f54fdccddca03525fd128e8b0d555637dce56937f22af92375,0xd48b633045af65ff636f3c6edd744748351e020d,0x1f4b10ffb832581ae5a975ed38eeac9f4e960bdf,1249889687,,,call,2300,0,0,0,
6131594,1,1534039492,0xc676c01d4870c22b57958f6165dba6309f4201f6f704e4100604e22a06115ce2,0xd48b633045af65ff636f3c6edd744748351e020d,0x1f4b10ffb832581ae5a975ed38eeac9f4e960bdf,5516861359380,,,call,2300,0,0,0,
6131658,1,1534040325,0x53084b64cf6dbcbb537e12b0a028ea1781fd13ce0411c2b3976b2b52b919c331,0xd48b633045af65ff636f3c6edd744748351e020d,0x1f4b10ffb832581ae5a975ed38eeac9f4e960bdf,9646740015011,,,call,2300,0,0,0,
6131713,1,1534041228,0x16bf5a470b39c68f537efcff4cdb7e57ccc89a2bac07990c7823cfd53a89263c,0xd48b633045af65ff636f3c6edd744748351e020d,0x1f4b10ffb832581ae5a975ed38eeac9f4e960bdf,1099985156385,,,call,2300,0,0,0,
6131719,1,1534041362,0x652b229f678ebb0c0003947187a97d664d4e50d3ae548c10a06f5f7902fb0bb3,0xd48b633045af65ff636f3c6edd744748351e020d,0x1f4b10ffb832581ae5a975ed38eeac9f4e960bdf,149427361723,,,call,2300,0,0,0,
6131757,1,1534042016,0xe42d1119e4f93f1da0f82a918e262c2ab87ce2edd88ccd9c90adb464bd62910d,0xd48b633045af65ff636f3c6edd744748351e020d,0x1f4b10ffb832581ae5a975ed38eeac9f4e960bdf,46051802005774595,,,call,2300,0,0,0,
6132276,17,1534050068,0x6655a158f82b1c3206b39146a3e84a0f3ac8c3218b6fecc9eb1fdca093700e76,0x024be6824fe397521179503c3bd2d9feb4ab05b4,0x1f4b10ffb832581ae5a975ed38eeac9f4e960bdf,31657500000000000,,,call,2300,0,16,0,
6134747,4,1534086945,0xbccaf31bcf98baa36038f760f4a16170c17467e5f6f44a29e8ae42c0f6666517,0x7be8076f4ea4a4ad08075c2508e481d6c946d12b,0x1f4b10ffb832581ae5a975ed38eeac9f4e960bdf,16118896748529923,,,call,2300,0,3,0,
6135126,4,1534092652,0xb64da1800e2c7bdb7805d047b26219b3ce32d6535113b06492590549c8964739,0x7be8076f4ea4a4ad08075c2508e481d6c946d12b,0x1f4b10ffb832581ae5a975ed38eeac9f4e960bdf,15500000000000000,,,call,2300,0,3,0,
6135138,4,1534092808,0xf5305baf1754155cb0512c8c2ac3d8449bfdd70c6e5a6077c181e211cee046e9,0x7be8076f4ea4a4ad08075c2508e481d6c946d12b,0x1f4b10ffb832581ae5a975ed38eeac9f4e960bdf,12676349920182916,,,call,2300,0,3,0,
6135467,4,1534097279,0xc173cc5e6d89c0bae38bc706ceb87920a820c7ff58e5c7100045a1a74054dae7,0x7be8076f4ea4a4ad08075c2508e481d6c946d12b,0x1f4b10ffb832581ae5a975ed38eeac9f4e960bdf,11607660049963007,,,call,2300,0,3,0,
6137275,18,1534123299,0x0d3067f4685685db5a3f4dbdefaab8196198e1a77d56152d9b0251786f626684,0x024be6824fe397521179503c3bd2d9feb4ab05b4,0x1f4b10ffb832581ae5a975ed38eeac9f4e960bdf,1647000000000000,,,call,2300,0,17,0,
6138374,4,1534139839,0x84dc30912a3a4f7aa1dfc2939957e3e842d01d838b3126d395a533e95b274d02,0x7be8076f4ea4a4ad08075c2508e481d6c946d12b,0x1f4b10ffb832581ae5a975ed38eeac9f4e960bdf,17000000000000000,,,call,2300,0,3,0,
6139406,4,1534154638,0x38c6fdc0657174df3556630c5977ce1a8d9d83e1ef05a8df194cf8c400e50ef1,0x7be8076f4ea4a4ad08075c2508e481d6c946d12b,0x1f4b10ffb832581ae5a975ed38eeac9f4e960bdf,15500000000000000,,,call,2300,0,3,0,
6140325,4,1534168549,0x68de25687c2a00545e92a0b9bb357437662dc5c4fadc8520e88849c4fbd9de6d,0x7be8076f4ea4a4ad08075c2508e481d6c946d12b,0x1f4b10ffb832581ae5a975ed38eeac9f4e960bdf,13161463107683973,,,call,2300,0,3,0,
6140924,4,1534177611,0xb7f3fe2be5dfea755297140a199b50a495e60b48ac900408b5e12296ecddf16f,0x7be8076f4ea4a4ad08075c2508e481d6c946d12b,0x1f4b10ffb832581ae5a975ed38eeac9f4e960bdf,12960000000000001,,,call,2300,0,3,0,
6141590,4,1534187428,0x65aac3950b3e9c858cf0132d70b60f0343d8a30f8bb3b1eac3186a3da0446891,0x7be8076f4ea4a4ad08075c2508e481d6c946d12b,0x1f4b10ffb832581ae5a975ed38eeac9f4e960bdf,13950000000000000,,,call,2300,0,3,0,
6143962,2,1534221515,0xca0eb5175bd1eed2d2987846376e3719f470376d29b32cf54aec38b51e3c91b9,0xc19b4b5f76d8148bcc78329bd37a0ea2513440bc,0x1f4b10ffb832581ae5a975ed38eeac9f4e960bdf,30787037037037,,,call,2300,0,1,0,
6145671,1,1534246324,0x3a6287415b75cdce25e970efaecc342fa4fc8ccaaae411627cf2b2809d2bb45f,0xc19b4b5f76d8148bcc78329bd37a0ea2513440bc,0x1f4b10ffb832581ae5a975ed38eeac9f4e960bdf,325777314814814815,,,call,2300,0,0,0,
6146047,1,1534251765,0xfa65f7165c84f0ffdbdf3de869c9fb432c365715dc0b202c0c48231650ade507,0xb2ed45ac861371e35202c483b2f17524b3cce554,0x1f4b10ffb832581ae5a975ed38eeac9f4e960bdf,9509783149884666,,,call,2300,0,0,0,
6147836,1,1534277508,0x193d2dc8a56e1feb05463dba3ffed50ef0baacd90fac7ae407b49ddec83c9047,0x8d12a197cb00d4747a1fe03395095ce2a5cc6819,0x1f4b10ffb832581ae5a975ed38eeac9f4e960bdf,108000000000000000,,,call,190064,0,0,0,
6148018,14,1534280028,0x3dd770a6b6b166646e9586827a36f8b5552916e8e5193540c25f2882672877e9,0x024be6824fe397521179503c3bd2d9feb4ab05b4,0x1f4b10ffb832581ae5a975ed38eeac9f4e960bdf,10065000000000000,,,call,2300,0,13,0,
6148018,15,1534280028,0x3dd770a6b6b166646e9586827a36f8b5552916e8e5193540c25f2882672877e9,0x024be6824fe397521179503c3bd2d9feb4ab05b4,0x1f4b10ffb832581ae5a975ed38eeac9f4e960bdf,7045500000000000,,,call,2300,0,14,0,
6148859,1,1534292638,0x36c58d13ea6cf6e0521f02f9ba5fefb3f7699886099258488c730a83272cd7b6,0xd48b633045af65ff636f3c6edd744748351e020d,0x1f4b10ffb832581ae5a975ed38eeac9f4e960bdf,2460761740303,,,call,2300,0,0,0,
6148870,1,1534292805,0x8d60b9213475a3ea41bd8224a913b13f276d36ba48b74185c01bc6eb81dba7ed,0xd48b633045af65ff636f3c6edd744748351e020d,0x1f4b10ffb832581ae5a975ed38eeac9f4e960bdf,3797365626,,,call,2300,0,0,0,
6148891,1,1534293116,0x75f0ccef03d424cfb3d6028ca5d9d9a1a4a5063e397f9c2207aae2f72551c7c2,0xd48b633045af65ff636f3c6edd744748351e020d,0x1f4b10ffb832581ae5a975ed38eeac9f4e960bdf,14881200088,,,call,2300,0,0,0,
6148937,1,1534293674,0x536fc4788b55e987ebd1f9549da8c8ee4f95ddc48fe01350c8039390da78feac,0xd48b633045af65ff636f3c6edd744748351e020d,0x1f4b10ffb832581ae5a975ed38eeac9f4e960bdf,78483644750,,,call,2300,0,0,0,
6148961,1,1534294045,0xb4c4237c28e640425295c0cb011bd825286f22224946b3463390e70fcefa27cf,0xd48b633045af65ff636f3c6edd744748351e020d,0x1f4b10ffb832581ae5a975ed38eeac9f4e960bdf,167695336670061614,,,call,2300,0,0,0,
6151478,2,1534330590,0x3a798a97006a147bcf10a0060f12a2ea6bc90daf415fb9b442674395e894fb74,0xc19b4b5f76d8148bcc78329bd37a0ea2513440bc,0x1f4b10ffb832581ae5a975ed38eeac9f4e960bdf,1042746393005331,,,call,2300,0,1,0,
6151517,2,1534331110,0x883d7abc8b1aa36d77e64775513305a69239e0df8157f657a5ccc717fef05a6a,0xc19b4b5f76d8148bcc78329bd37a0ea2513440bc,0x1f4b10ffb832581ae5a975ed38eeac9f4e960bdf,2409270123397887,,,call,2300,0,1,0,
6151532,2,1534331306,0x9ea773d9fb2da53d2033ffff9bfc820a34edce433be74d45fdc5d14cbccd1bd2,0xc19b4b5f76d8148bcc78329bd37a0ea2513440bc,0x1f4b10ffb832581ae5a975ed38eeac9f4e960bdf,318312056812153,,,call,2300,0,1,0,
6151548,2,1534331499,0xe4ef93e169557a8f600a165c31a9b587b59d8513b3cb48b71f1ebfcc875bdd9a,0xc19b4b5f76d8148bcc78329bd37a0ea2513440bc,0x1f4b10ffb832581ae5a975ed38eeac9f4e960bdf,470515915937361,,,call,2300,0,1,0,
6151559,2,1534331773,0x6446fad43293745035d5e8be1482839c6b45e69f4c4b8b9eb35f9f9bbb6f9f6b,0xc19b4b5f76d8148bcc78329bd37a0ea2513440bc,0x1f4b10ffb832581ae5a975ed38eeac9f4e960bdf,932983614794243,,,call,2300,0,1,0,
6151678,2,1534333479,0xfa21294619665647eba7541253ea660ec3eb65c3cba9f3b4580cf3843bbbb531,0xc19b4b5f76d8148bcc78329bd37a0ea2513440bc,0x1f4b10ffb832581ae5a975ed38eeac9f4e960bdf,3738066284096706,,,call,2300,0,1,0,
6151712,1,1534334000,0x7b0ec4a90959cbea1d22f7be57bc61a59279e55d974d178546e2dafe17d85c1b,0xc19b4b5f76d8148bcc78329bd37a0ea2513440bc,0x1f4b10ffb832581ae5a975ed38eeac9f4e960bdf,349820138888888889,,,call,2300,0,0,0,
6151967,2,1534337772,0xb7596770e890b3754ed0673143f8da691729ba01d0cdcac62c23649c4810e998,0xc19b4b5f76d8148bcc78329bd37a0ea2513440bc,0x1f4b10ffb832581ae5a975ed38eeac9f4e960bdf,1216537302667168,,,call,2300,0,1,0,
6152069,2,1534339303,0x60c97d4fd2d18e80b8df9643c5cca24f6c14576fad690eea0f290682e2830b3e,0xc19b4b5f76d8148bcc78329bd37a0ea2513440bc,0x1f4b10ffb832581ae5a975ed38eeac9f4e960bdf,851528612979558,,,call,2300,0,1,0,
6152084,2,1534339547,0xe63b459f0f510df089efc3fb288c94160a5f40d6d84b13cb57c004aa774b49c5,0xc19b4b5f76d8148bcc78329bd37a0ea2513440bc,0x1f4b10ffb832581ae5a975ed38eeac9f4e960bdf,1261330498858075,,,call,2300,0,1,0,
6152094,2,1534339690,0xedbdd63323e945bec4153826c50441ebe51d598770f0835a0f1c8041c7586b82,0xc19b4b5f76d8148bcc78329bd37a0ea2513440bc,0x1f4b10ffb832581ae5a975ed38eeac9f4e960bdf,1604165899753225,,,call,2300,0,1,0,
6152530,1,1534346011,0xcdf084030f11f1fa8d159b0887109d8765df469ba17e2d7b99c885b0ceb86cc0,0xc19b4b5f76d8148bcc78329bd37a0ea2513440bc,0x1f4b10ffb832581ae5a975ed38eeac9f4e960bdf,124018518518518519,,,call,2300,0,0,0,
6152583,1,1534346725,0xe61cfaa93636f445bf3e75a10900ddae2d09be9df99e5640e3842b50915889b5,0xc19b4b5f76d8148bcc78329bd37a0ea2513440bc,0x1f4b10ffb832581ae5a975ed38eeac9f4e960bdf,51988194444444445,,,call,2300,0,0,0,
6152734,2,1534349077,0xbc624f5dd7a6bcb11effc951844d875aa18cbd89ea0ff970edc1ef03256ec2b4,0xc19b4b5f76d8148bcc78329bd37a0ea2513440bc,0x1f4b10ffb832581ae5a975ed38eeac9f4e960bdf,1593517105791349,,,call,2300,0,1,0,
6152741,2,1534349229,0x51f0ad182feb0ca2e7928c9d7168d448dcb3b31efe06ad683a9d1c3894412ee2,0xc19b4b5f76d8148bcc78329bd37a0ea2513440bc,0x1f4b10ffb832581ae5a975ed38eeac9f4e960bdf,271787996621074,,,call,2300,0,1,0,
6152786,2,1534349834,0xd2708456734bcbc7bcb92a30f4364a53f3c96e40ec27ce79af6983d3d384b1b9,0xc19b4b5f76d8148bcc78329bd37a0ea2513440bc,0x1f4b10ffb832581ae5a975ed38eeac9f4e960bdf,2044803964895398,,,call,2300,0,1,0,
6152842,2,1534350670,0x20c7a2bb77bb8db311bc9826c910fcb1abb10eabdd477389664f0e62a7b2303e,0xc19b4b5f76d8148bcc78329bd37a0ea2513440bc,0x1f4b10ffb832581ae5a975ed38eeac9f4e960bdf,1079549157817241,,,call,2300,0,1,0,
6153209,1,1534355504,0xac4013628a2f8332f8dda744ecf5515b371f8229978683e5491cb8daf272409d,0xc19b4b5f76d8148bcc78329bd37a0ea2513440bc,0x1f4b10ffb832581ae5a975ed38eeac9f4e960bdf,58000000000000000,,,call,2300,0,0,0,
6153385,1,1534358213,0xc0bc695c92a84a9812ff291bd9024b40adbe882c766048f8ffc64546be042894,0xc19b4b5f76d8148bcc78329bd37a0ea2513440bc,0x1f4b10ffb832581ae5a975ed38eeac9f4e960bdf,249362500000000000,,,call,2300,0,0,0,
6153770,1,1534363666,0xdbd2bb45569f89555143d90e6807abda58fbb03ec14f727a05453f310f28b800,0xc19b4b5f76d8148bcc78329bd37a0ea2513440bc,0x1f4b10ffb832581ae5a975ed38eeac9f4e960bdf,70000000000000000,,,call,2300,0,0,0,
6153840,1,1534364826,0xc6d6a18f8e6d6991996e7e35209e63d51217e537e812e724a5bccbe53a48c3fd,0xc19b4b5f76d8148bcc78329bd37a0ea2513440bc,0x1f4b10ffb832581ae5a975ed38eeac9f4e960bdf,99000000000000000,,,call,2300,0,0,0,
6153876,2,1534365394,0x9bf26c956e6670237a9fbdf1f26739b19f5d3402b4e1874afd0094670614e4c7,0xc19b4b5f76d8148bcc78329bd37a0ea2513440bc,0x1f4b10ffb832581ae5a975ed38eeac9f4e960bdf,800042583827368,,,call,2300,0,1,0,
6153889,2,1534365573,0xbd0355d23a694a750f393ed598a1b93d83e35ac1fb813b3fe99d07ac1351bda4,0xc19b4b5f76d8148bcc78329bd37a0ea2513440bc,0x1f4b10ffb832581ae5a975ed38eeac9f4e960bdf,499988882216380,,,call,2300,0,1,0,
6154696,1,1534377238,0x9c4b7dcca46ef2a235f61f6caa56fed149bb08d5f33ad896aa6957501d9e4010,0xc19b4b5f76d8148bcc78329bd37a0ea2513440bc,0x1f4b10ffb832581ae5a975ed38eeac9f4e960bdf,91282638888888889,,,call,2300,0,0,0,
6154999,2,1534381966,0x406dd660192f68ba93ddaa3196f1c0b28a807aea17d689ad7153683e9a060bab,0xc19b4b5f76d8148bcc78329bd37a0ea2513440bc,0x1f4b10ffb832581ae5a975ed38eeac9f4e960bdf,1845337949007097,,,call,2300,0,1,0,
6155233,1,1534385711,0xcd796d484bf8b9004c4e2cca6b6393820f861725fba4a95cd3e948b123f13a27,0xc19b4b5f76d8148bcc78329bd37a0ea2513440bc,0x1f4b10ffb832581ae5a975ed38eeac9f4e960bdf,209749652777777778,,,call,2300,0,0,0,
6155247,1,1534385867,0x209d91c28c09d0928cc12983d4b63881a1a04958b9d851eaef821a410a864fd4,0xc19b4b5f76d8148bcc78329bd37a0ea2513440bc,0x1f4b10ffb832581ae5a975ed38eeac9f4e960bdf,79000000000000000,,,call,2300,0,0,0,
6157591,1,1534420057,0x971b5e2645809a90d7df605a2c100a38eb1559b15731dd767d8552edf2723d58,0xc19b4b5f76d8148bcc78329bd37a0ea2513440bc,0x1f4b10ffb832581ae5a975ed38eeac9f4e960bdf,79000000000000000,,,call,2300,0,0,0,
6157724,1,1534421868,0xacc7a5a394b001fff4059faef7235fc606c72554be6a1a9dd53f929b835fae19,0xc19b4b5f76d8148bcc78329bd37a0ea2513440bc,0x1f4b10ffb832581ae5a975ed38eeac9f4e960bdf,79000000000000000,,,call,2300,0,0,0,
6157778,2,1534422759,0x2153cb5e25f67bc34108fe0b3dc7291ee62ec1f717bb23bfe3a7df0c89b6f6e0,0xc19b4b5f76d8148bcc78329bd37a0ea2513440bc,0x1f4b10ffb832581ae5a975ed38eeac9f4e960bdf,1233378363729025,,,call,2300,0,1,0,
6158090,1,1534427353,0xb65ec67072646b8f239d987c0ee08e04058da4e80bda15e7857e71e3339e3557,0xc19b4b5f76d8148bcc78329bd37a0ea2513440bc,0x1f4b10ffb832581ae5a975ed38eeac9f4e960bdf,100000000000000000,,,call,2300,0,0,0,
6158409,2,1534431809,0x65b2d95b00e3a847fe49f9dbcc1f086faf3b941ad477918a315ad1886ffd1d32,0xc19b4b5f76d8148bcc78329bd37a0ea2513440bc,0x1f4b10ffb832581ae5a975ed38eeac9f4e960bdf,183584750184475,,,call,2300,0,1,0,
6158593,2,1534434653,0x85374218ffcc904dac275596249519d17bd9586a272b33a36393b6a33daa711d,0xc19b4b5f76d8148bcc78329bd37a0ea2513440bc,0x1f4b10ffb832581ae5a975ed38eeac9f4e960bdf,780059435052826,,,call,2300,0,1,0,
6158732,2,1534436709,0xde28edd72cb470856f3e5990074609ea98c558fbac04b3fdd3744225b07fdc6d,0xc19b4b5f76d8148bcc78329bd37a0ea2513440bc,0x1f4b10ffb832581ae5a975ed38eeac9f4e960bdf,1944097222222224,,,call,2300,0,1,0,
6158959,2,1534439917,0x67f1e6b577a4590d3d21fe7932f69d8cb990fb7ecf94e202d3f3b6fc6305d25f,0xc19b4b5f76d8148bcc78329bd37a0ea2513440bc,0x1f4b10ffb832581ae5a975ed38eeac9f4e960bdf,998766624543052,,,call,2300,0,1,0,
6159017,2,1534440722,0x3fc60a5d2e7a5c6969e55aab30c49454cc4ebefdab7c257cb487c7c89a9061b3,0xc19b4b5f76d8148bcc78329bd37a0ea2513440bc,0x1f4b10ffb832581ae5a975ed38eeac9f4e960bdf,282077432822665,,,call,2300,0,1,0,
6159134,2,1534442217,0x533f80350c3bf9ea786230001779f251d21a00dca6020f43f5e9881308e87278,0xc19b4b5f76d8148bcc78329bd37a0ea2513440bc,0x1f4b10ffb832581ae5a975ed38eeac9f4e960bdf,505610492795343,,,call,2300,0,1,0,
6159349,1,1534445330,0x264bd29a59fa8cd0c793534e428760fb566490534a9da4684b809a34dc1aba16,0xc19b4b5f76d8148bcc78329bd37a0ea2513440bc,0x1f4b10ffb832581ae5a975ed38eeac9f4e960bdf,89000000000000000,,,call,2300,0,0,0,
6159463,2,1534447096,0x348d7e3a6deb94b8c30056960017dc3793c3989631c0ac0bcace5336b40b0061,0xc19b4b5f76d8148bcc78329bd37a0ea2513440bc,0x1f4b10ffb832581ae5a975ed38eeac9f4e960bdf,466145046119852,,,call,2300,0,1,0,
6159507,2,1534447754,0xcd7d173f19d474ee1645de98f88167183145fec409dc498ec6d425d1f4bd9e24,0xc19b4b5f76d8148bcc78329bd37a0ea2513440bc,0x1f4b10ffb832581ae5a975ed38eeac9f4e960bdf,544967449502325,,,call,2300,0,1,0,
6160667,1,1534464031,0x5dd19cac77ac42a24ef3ff4101126cf24af794288a10c9ebf92c11ea3e65ce05,0xc19b4b5f76d8148bcc78329bd37a0ea2513440bc,0x1f4b10ffb832581ae5a975ed38eeac9f4e960bdf,80000000000000000,,,call,2300,0,0,0,
6160733,2,1534464884,0x8274c127bdfe9d1c5d08a51955bce152636bad84cd9288fd421873b8d6bf7a32,0xc19b4b5f76d8148bcc78329bd37a0ea2513440bc,0x1f4b10ffb832581ae5a975ed38eeac9f4e960bdf,657215985090463,,,call,2300,0,1,0,
6160750,2,1534465099,0xd6e560a1a0b8c70338005f33a3eaaac512706352c83f7517f4ab4e7b3e125bdf,0xc19b4b5f76d8148bcc78329bd37a0ea2513440bc,0x1f4b10ffb832581ae5a975ed38eeac9f4e960bdf,249393253002016,,,call,2300,0,1,0,
6161333,1,1534473837,0x4761ccaf355a255e3bc34391021974fe6e5a398826a9220513cc17cf27207608,0xc19b4b5f76d8148bcc78329bd37a0ea2513440bc,0x1f4b10ffb832581ae5a975ed38eeac9f4e960bdf,189000000000000000,,,call,2300,0,0,0,
6163905,1,1534511939,0x1e81f5b84c81f5579cfd9c13b0517272eaf14d6c9838717ef8f2e5e9ca451989,0xc19b4b5f76d8148bcc78329bd37a0ea2513440bc,0x1f4b10ffb832581ae5a975ed38eeac9f4e960bdf,179000000000000000,,,call,2300,0,0,0,
6163954,1,1534512687,0x7cb97731e2cd3cd5b35c75da5f0f0706e19f22c32ad594acfb1129f85de488c8,0xc19b4b5f76d8148bcc78329bd37a0ea2513440bc,0x1f4b10ffb832581ae5a975ed38eeac9f4e960bdf,239000000000000000,,,call,2300,0,0,0,
6164202,2,1534516564,0xac9f58d66530d81cb90c54ea504bce1ba96a389ff91e95612e68b99f09e8105e,0xc19b4b5f76d8148bcc78329bd37a0ea2513440bc,0x1f4b10ffb832581ae5a975ed38eeac9f4e960bdf,298032407407407,,,call,2300,0,1,0,
6164247,2,1534517124,0xfd06046faee88e163077d558a82d1f76f75b2da33aabeaa8a26ca8b50259813c,0xc19b4b5f76d8148bcc78329bd37a0ea2513440bc,0x1f4b10ffb832581ae5a975ed38eeac9f4e960bdf,179398148148148,,,call,2300,0,1,0,
6164814,1,1534525354,0xd5c029ca1e105b0b659fed16b02250d146af0881780a8481bd428e0b650ac0fd,0xc19b4b5f76d8148bcc78329bd37a0ea2513440bc,0x1f4b10ffb832581ae5a975ed38eeac9f4e960bdf,90000000000000000,,,call,2300,0,0,0,
6164924,1,1534526781,0xd7de36f997f200d79a47140ce45728ae06f861c8180dc9bcfb59d09984158605,0xc19b4b5f76d8148bcc78329bd37a0ea2513440bc,0x1f4b10ffb832581ae5a975ed38eeac9f4e960bdf,320000000000000000,,,call,2300,0,0,0,
6164966,1,1534527255,0x3251b8de218642ce66fe115eb64c4656e84c772112db16e5ad6d61a3c3a6d989,0xc19b4b5f76d8148bcc78329bd37a0ea2513440bc,0x1f4b10ffb832581ae5a975ed38eeac9f4e960bdf,189000000000000000,,,call,2300,0,0,0,
6165400,1,1534533778,0x18556aee059168ad1c4f71632af258cf325f5ad6157947270404d8aa279b2880,0xc19b4b5f76d8148bcc78329bd37a0ea2513440bc,0x1f4b10ffb832581ae5a975ed38eeac9f4e960bdf,109000000000000000,,,call,2300,0,0,0,
6165560,1,1534536283,0x793f1e69ccc0d5f0d76c82eeb98bbe7b049011a388700ae99307e6f212e8d4da,0xc19b4b5f76d8148bcc78329bd37a0ea2513440bc,0x1f4b10ffb832581ae5a975ed38eeac9f4e960bdf,75000000000000000,,,call,2300,0,0,0,
6166110,1,1534544433,0x9ce4795d830170441d5c92d0f5c396a9194b1368c43a8fbf8c483443ee28f722,0xc19b4b5f76d8148bcc78329bd37a0ea2513440bc,0x1f4b10ffb832581ae5a975ed38eeac9f4e960bdf,79000000000000000,,,call,2300,0,0,0,
6166546,2,1534551091,0xac3c8563aef4477b5136dff8a0ad2a7e83f9a86388e080f08390132e1af8a50e,0xc19b4b5f76d8148bcc78329bd37a0ea2513440bc,0x1f4b10ffb832581ae5a975ed38eeac9f4e960bdf,219907407407407,,,call,2300,0,1,0,
6166824,1,1534555385,0x48aa620809fda357c1bf036dafa2d130cc4b9ab9b5b4a0255b939386eb6be3f3,0xc19b4b5f76d8148bcc78329bd37a0ea2513440bc,0x1f4b10ffb832581ae5a975ed38eeac9f4e960bdf,130000000000000000,,,call,2300,0,0,0,
6166975,1,1534557545,0x294d685e875796b8bd62556e2f8e88dd733645eec5079b35178e8a41750688ab,0xc19b4b5f76d8148bcc78329bd37a0ea2513440bc,0x1f4b10ffb832581ae5a975ed38eeac9f4e960bdf,68000000000000000,,,call,2300,0,0,0,
6167031,1,1534558414,0x6e26ac9e1dfd2f577c1589c032d59db0c6748cc0b072d4e881b54348274a69b6,0xc19b4b5f76d8148bcc78329bd37a0ea2513440bc,0x1f4b10ffb832581ae5a975ed38eeac9f4e960bdf,79000000000000000,,,call,2300,0,0,0,
6167258,1,1534561941,0xcb229552b8d6ab08a9fa1d80e09ee9c119cfd97446acede5a31db2422a2d4bb9,0xc19b4b5f76d8148bcc78329bd37a0ea2513440bc,0x1f4b10ffb832581ae5a975ed38eeac9f4e960bdf,120000000000000000,,,call,2300,0,0,0,
6168358,1,1534578057,0x35aa871d4e50dfe1c08f6854fb868e5df984722005be6064c7ed10027279706f,0xc19b4b5f76d8148bcc78329bd37a0ea2513440bc,0x1f4b10ffb832581ae5a975ed38eeac9f4e960bdf,199000000000000000,,,call,2300,0,0,0,
6168714,1,1534583240,0x9676cdc22c0e796fb4348348641c59ce790cc3b98d02152392e5943220475625,0xc19b4b5f76d8148bcc78329bd37a0ea2513440bc,0x1f4b10ffb832581ae5a975ed38eeac9f4e960bdf,64000000000000000,,,call,2300,0,0,0,
6169930,2,1534601457,0xefd342b03e5f25ab381309ea30a43893ec996a787ae684af73f3795723301153,0xc19b4b5f76d8148bcc78329bd37a0ea2513440bc,0x1f4b10ffb832581ae5a975ed38eeac9f4e960bdf,104758951822917,,,call,2300,0,1,0,
6170032,2,1534603113,0x7b4ff05ee10937bbcd344d6537f3f07d7282661a66b0604d3b7720c1806bc7b2,0xc19b4b5f76d8148bcc78329bd37a0ea2513440bc,0x1f4b10ffb832581ae5a975ed38eeac9f4e960bdf,72337962962963,,,call,2300,0,1,0,
6170037,2,1534603182,0x6f9c11d9b2186b59f578ed30e2a2f72f867012d8dadacf6c05d5d57216fded0b,0xc19b4b5f76d8148bcc78329bd37a0ea2513440bc,0x1f4b10ffb832581ae5a975ed38eeac9f4e960bdf,109350911458333,,,call,2300,0,1,0,
6170062,1,1534603518,0x6dc9aed4a13a1fd933d70621f9056923c2a248bd288b41de40593d9b44bf8ebd,0xc19b4b5f76d8148bcc78329bd37a0ea2513440bc,0x1f4b10ffb832581ae5a975ed38eeac9f4e960bdf,262916666666666667,,,call,2300,0,0,0,
6170870,1,1534614827,0x0a4dfd2221bf19aac2b68772ebf0df9cab3b9df4b396076417e422c965248730,0xc19b4b5f76d8148bcc78329bd37a0ea2513440bc,0x1f4b10ffb832581ae5a975ed38eeac9f4e960bdf,189000000000000000,,,call,2300,0,0,0,
6171805,1,1534628302,0x43dd0d790b172b15daea72277a50bfb7229f321c981e3cd788b98248031d408f,0xc19b4b5f76d8148bcc78329bd37a0ea2513440bc,0x1f4b10ffb832581ae5a975ed38eeac9f4e960bdf,99000000000000000,,,call,2300,0,0,0,
6172666,1,1534640922,0x8f5f8e20793c3a219f0f68e3b58382fbe993b05ad663a0ed47cdbbea76a3eaaf,0xc19b4b5f76d8148bcc78329bd37a0ea2513440bc,0x1f4b10ffb832581ae5a975ed38eeac9f4e960bdf,269000000000000000,,,call,2300,0,0,0,
6173415,2,1534651973,0xd3baa0cd94947ad35b7e884f6f95f003469cee4b8b85da321aac583356aa17d7,0xc19b4b5f76d8148bcc78329bd37a0ea2513440bc,0x1f4b10ffb832581ae5a975ed38eeac9f4e960bdf,347222222222222,,,call,2300,0,1,0,
6174102,2,1534662034,0x446a2a695dfbcc2baa76c28ba484233cd81474ea92a8e3158ffbe918ef16bc9e,0xc19b4b5f76d8148bcc78329bd37a0ea2513440bc,0x1f4b10ffb832581ae5a975ed38eeac9f4e960bdf,364583333333333,,,call,2300,0,1,0,
6174107,2,1534662110,0x4c736319b8c767ecdf49e073ef8f23c9b0eabe8a3f9468b484b90f48604a4146,0xc19b4b5f76d8148bcc78329bd37a0ea2513440bc,0x1f4b10ffb832581ae5a975ed38eeac9f4e960bdf,318287037037037,,,call,2300,0,1,0,
6174489,1,1534667696,0x8ac003a6a058dc3ac2423a215475f4372fde8328d1b1c0927cba87d914fd9326,0xc19b4b5f76d8148bcc78329bd37a0ea2513440bc,0x1f4b10ffb832581ae5a975ed38eeac9f4e960bdf,99000000000000000,,,call,2300,0,0,0,
6175918,2,1534688168,0xa8712878304159fdedd399e4eb8499bfd8fd5daf6d9c829dc1457a88d18a2b89,0xc19b4b5f76d8148bcc78329bd37a0ea2513440bc,0x1f4b10ffb832581ae5a975ed38eeac9f4e960bdf,491898148148148,,,call,2300,0,1,0,
6176775,2,1534700642,0xbd81f97c950d4006d6295c86474e9041cb1f1579cdac50562dffb5f08a893d29,0xc19b4b5f76d8148bcc78329bd37a0ea2513440bc,0x1f4b10ffb832581ae5a975ed38eeac9f4e960bdf,682870370370371,,,call,2300,0,1,0,
6177500,2,1534710959,0xc5ffbd9ad7f01cabdbca493be3fb42b91ba097806997c7abf0fbc1b3e392ca00,0xc19b4b5f76d8148bcc78329bd37a0ea2513440bc,0x1f4b10ffb832581ae5a975ed38eeac9f4e960bdf,34722222222223,,,call,2300,0,1,0,
6177508,2,1534711075,0xd0a91eeca8d7d11fc8d192ceeb79a4d9106d0ef240a26670a5dc53703c42f245,0xc19b4b5f76d8148bcc78329bd37a0ea2513440bc,0x1f4b10ffb832581ae5a975ed38eeac9f4e960bdf,775462962962963,,,call,2300,0,1,0,
6178002,1,1534718287,0xb14feda1d880616f72a22c22f3adfc4be1abad7a22e67786406ecd49fffa8f44,0xc19b4b5f76d8148bcc78329bd37a0ea2513440bc,0x1f4b10ffb832581ae5a975ed38eeac9f4e960bdf,579659722222222223,,,call,2300,0,0,0,
6178339,1,1534723511,0xac080c0999f6749370e8377a12c3aee2ca064c71c61172fa77f1a7b1c8007c54,0xc19b4b5f76d8148bcc78329bd37a0ea2513440bc,0x1f4b10ffb832581ae5a975ed38eeac9f4e960bdf,199000000000000000,,,call,2300,0,0,0,
6178376,1,1534724062,0x74e469d7465cc6c32dd968ab296fb5e7d96bcce6df2a10bcae1eb25505ac55da,0xc19b4b5f76d8148bcc78329bd37a0ea2513440bc,0x1f4b10ffb832581ae5a975ed38eeac9f4e960bdf,175000000000000000,,,call,2300,0,0,0,
6178406,2,1534724433,0x2259e25cd7a6ae23933110c9bbef232bbaa7ed032f14ff93780cb17970832037,0xc19b4b5f76d8148bcc78329bd37a0ea2513440bc,0x1f4b10ffb832581ae5a975ed38eeac9f4e960bdf,69444444444444,,,call,2300,0,1,0,
6179939,1,1534746788,0xd20e28c37f92fbc963e638478282ea2ac9af6f2144a1be593b19f2d54ce47081,0xc19b4b5f76d8148bcc78329bd37a0ea2513440bc,0x1f4b10ffb832581ae5a975ed38eeac9f4e960bdf,195798611111111112,,,call,2300,0,0,0,
6180402,1,1534753974,0x39ed8beb319d7238f858443aa46dddf561ca63c36f0206f763fd9789c1be2c7b,0xc19b4b5f76d8148bcc78329bd37a0ea2513440bc,0x1f4b10ffb832581ae5a975ed38eeac9f4e960bdf,102810069444444445,,,call,2300,0,0,0,
6181201,2,1534765725,0xf39396d384ff358af539a70e642c5b2096ebe8ca2ceff521ca096fda06767241,0xc19b4b5f76d8148bcc78329bd37a0ea2513440bc,0x1f4b10ffb832581ae5a975ed38eeac9f4e960bdf,405092592592592,,,call,2300,0,1,0,
6181221,2,1534765973,0xbe129773da330898cfab3a5068668a7f550abf6b6db6392264dd619f4caaa096,0xc19b4b5f76d8148bcc78329bd37a0ea2513440bc,0x1f4b10ffb832581ae5a975ed38eeac9f4e960bdf,1597222222222222,,,call,2300,0,1,0,
6183347,2,1534796917,0x39390b0c98d6589bb6d77b83ca69ec605a45506e407a39fc30211cf5d63a7bfa,0xc19b4b5f76d8148bcc78329bd37a0ea2513440bc,0x1f4b10ffb832581ae5a975ed38eeac9f4e960bdf,428240740740740,,,call,2300,0,1,0,
6183644,1,1534800903,0x8c180c2490e750ed2a1ad52386aeabd96f41264e83e9761d5fa6edff5aeb0b46,0xc19b4b5f76d8148bcc78329bd37a0ea2513440bc,0x1f4b10ffb832581ae5a975ed38eeac9f4e960bdf,389000000000000000,,,call,2300,0,0,0,
6183893,2,1534804635,0xfee4550b1c770b7cedb67e6d226fce962d956e3551d947125b6f6c8c09045fa3,0xc19b4b5f76d8148bcc78329bd37a0ea2513440bc,0x1f4b10ffb832581ae5a975ed38eeac9f4e960bdf,1921296296296296,,,call,2300,0,1,0,
6184051,1,1534806647,0x322cc8167a05864a6f8180378590f42229bb631c268fd86581801f1f3f3b8f8e,0xc19b4b5f76d8148bcc78329bd37a0ea2513440bc,0x1f4b10ffb832581ae5a975ed38eeac9f4e960bdf,89000000000000000,,,call,2300,0,0,0,
6184670,1,1534815972,0xfff9b9e863c11cbad1a2cab343bae9cec9054db4d16d35bf4392e03acc52a24d,0xc19b4b5f76d8148bcc78329bd37a0ea2513440bc,0x1f4b10ffb832581ae5a975ed38eeac9f4e960bdf,89000000000000000,,,call,2300,0,0,0,
6184804,1,1534817814,0x93de9a2485371b21f6fdd66f3f8a523490f40d2b9d22d4f9d4a3a8feb1243649,0xc19b4b5f76d8148bcc78329bd37a0ea2513440bc,0x1f4b10ffb832581ae5a975ed38eeac9f4e960bdf,269000000000000000,,,call,2300,0,0,0,
6184810,2,1534817891,0xbe2abd1267be7b29305beb2a715d1d155b84d19a664813038f7b747f030efeb9,0xc19b4b5f76d8148bcc78329bd37a0ea2513440bc,0x1f4b10ffb832581ae5a975ed38eeac9f4e960bdf,578703703703704,,,call,2300,0,1,0,
6185405,1,1534826700,0x20b92d553a36ce70896c0917b62a9c179e0ee42d27a960e5e1e3a07ab66fcfd1,0xc19b4b5f76d8148bcc78329bd37a0ea2513440bc,0x1f4b10ffb832581ae5a975ed38eeac9f4e960bdf,199000000000000000,,,call,2300,0,0,0,
6187368,2,1534854994,0xedbabe86840c7e61d71ffd845aa78b349b3c206d49669bbffd505972f7bb5594,0xc19b4b5f76d8148bcc78329bd37a0ea2513440bc,0x1f4b10ffb832581ae5a975ed38eeac9f4e960bdf,787037037037037,,,call,2300,0,1,0,
6187378,2,1534855108,0xb80fb85caec271026dfef6888fd9dfea03c3d228eef1d97bc07b8fe70ec4226c,0xc19b4b5f76d8148bcc78329bd37a0ea2513440bc,0x1f4b10ffb832581ae5a975ed38eeac9f4e960bdf,775462962962963,,,call,2300,0,1,0,
6187449,1,1534856000,0x7987b1e1c084ae796fb15ce029cb5aa13200673cf97e51ccbb4f92a5ec7622e6,0xc19b4b5f76d8148bcc78329bd37a0ea2513440bc,0x1f4b10ffb832581ae5a975ed38eeac9f4e960bdf,189000000000000000,,,call,2300,0,0,0,
6188733,2,1534874841,0xb26f412fc6bbfa4850bd17b7930f6dd72daa973de13fa6a666825f88630f152c,0xc19b4b5f76d8148bcc78329bd37a0ea2513440bc,0x1f4b10ffb832581ae5a975ed38eeac9f4e960bdf,1018518518518519,,,call,2300,0,1,0,
6189341,1,1534883719,0x949af7f5c38e78b21cb730e8787aae033fc3d39a636ca06777688078a84e9c11,0xc19b4b5f76d8148bcc78329bd37a0ea2513440bc,0x1f4b10ffb832581ae5a975ed38eeac9f4e960bdf,179000000000000000,,,call,2300,0,0,0,
6190130,2,1534894754,0x6496453fd2ddef8e64f9c82057d01e6316f1e7c05cac73ca4416f10cd20f2816,0xc19b4b5f76d8148bcc78329bd37a0ea2513440bc,0x1f4b10ffb832581ae5a975ed38eeac9f4e960bdf,439814814814814,,,call,2300,0,1,0,
6191857,1,1534919995,0x5c31faf91b64c2bac0f9d167f89f70b8042ee9cd53c6e92fd9ec77f87d7dabb0,0xc19b4b5f76d8148bcc78329bd37a0ea2513440bc,0x1f4b10ffb832581ae5a975ed38eeac9f4e960bdf,259000000000000000,,,call,2300,0,0,0,
6193372,4,1534941868,0xb6856e8f7b1b81e11302feb23c32a8b5abe3ec431d0e0ded8f76da7355f697b6,0xe272fddbd056240149c771f9fd917fa040dceb39,0x1f4b10ffb832581ae5a975ed38eeac9f4e960bdf,250000000299997,,,call,2300,0,1,0,
6193380,4,1534942052,0xbf14ab681a048432580ecb142488acfb64294d09f0384e52ae176261736da746,0xe272fddbd056240149c771f9fd917fa040dceb39,0x1f4b10ffb832581ae5a975ed38eeac9f4e960bdf,250000000299998,,,call,2300,0,1,0,
6193611,1,1534945339,0xf4995754e578b4eb0bf46a21398354188b3d44b712238fca8230a4b8e8952784,0xd48b633045af65ff636f3c6edd744748351e020d,0x1f4b10ffb832581ae5a975ed38eeac9f4e960bdf,4084449635156,,,call,2300,0,0,0,
6193895,2,1534949704,0x9b2c8ea66ea25ee048bf958842b6aa49864a224d6b9faf49fc69d82d387a99b1,0xc19b4b5f76d8148bcc78329bd37a0ea2513440bc,0x1f4b10ffb832581ae5a975ed38eeac9f4e960bdf,76388888888889,,,call,2300,0,1,0,
6196918,1,1534993345,0x320746b316171b9724417391d5960c3b6a17b81368f1f86574b47d42e285d59e,0xd48b633045af65ff636f3c6edd744748351e020d,0x1f4b10ffb832581ae5a975ed38eeac9f4e960bdf,572354429980,,,call,2300,0,0,0,
6196946,1,1534993771,0x8cb8fea8d577a6f4e7130feee5abca2aa831e5cdfc747163060705935ce6ae19,0xd48b633045af65ff636f3c6edd744748351e020d,0x1f4b10ffb832581ae5a975ed38eeac9f4e960bdf,1571457443,,,call,2300,0,0,0,
6196971,1,1534994069,0x28571798c96f2329dafc8d0e3f2dd50da8441ea55a54e389c4e42a336890c84a,0xd48b633045af65ff636f3c6edd744748351e020d,0x1f4b10ffb832581ae5a975ed38eeac9f4e960bdf,88709151,,,call,2300,0,0,0,
6201540,1,1535062364,0x4b1c8b894efaab7f64f02ddb0255c709eca811d6c0398faa0b52a41e7fa4070f,0xb1690c08e213a35ed9bab7b318de14420fb57d8c,0x1f4b10ffb832581ae5a975ed38eeac9f4e960bdf,9625000000000000,,,call,2300,0,0,0,
6204672,1,1535108159,0x08a9bc8a5770f5cbd90d7c8f92e8f611c60f0bc608b38de7c7ea32c5cfbe039a,0xe7232a9fd8bf427aa41918bc008d32290e22990e,0x1f4b10ffb832581ae5a975ed38eeac9f4e960bdf,156750000000000000,,,call,2300,0,0,0,
6204953,1,1535112051,0x5a71b218a62cb980e913ab701df0a367657f333eeeb2ef8599ba520754103701,0xc19b4b5f76d8148bcc78329bd37a0ea2513440bc,0x1f4b10ffb832581ae5a975ed38eeac9f4e960bdf,179000000000000000,,,call,2300,0,0,0,
6206162,2,1535129714,0xc066a60b5563dd09aa4406bc770d1da8b00a6e262b5d1d36a00a4c539317abf0,0xe7232a9fd8bf427aa41918bc008d32290e22990e,0x1f4b10ffb832581ae5a975ed38eeac9f4e960bdf,231481481481482,,,call,2300,0,1,0,
6206166,2,1535129847,0x9188c1736124cd8ea66828a4a5526f1c88fecf32d03112eb02c62f397836d18c,0xe7232a9fd8bf427aa41918bc008d32290e22990e,0x1f4b10ffb832581ae5a975ed38eeac9f4e960bdf,590277777777778,,,call,2300,0,1,0,
6206189,2,1535130200,0x27c10f79dec67097412b526a4c2c70c4b0cd5f1e583137e14ab3da835027379b,0xe7232a9fd8bf427aa41918bc008d32290e22990e,0x1f4b10ffb832581ae5a975ed38eeac9f4e960bdf,520833333333333,,,call,2300,0,1,0,
6206193,2,1535130255,0x8d3835ed86277fc2de6b703d31f13bdf06d8390b8e235b815f47c611bc2318d3,0xe7232a9fd8bf427aa41918bc008d32290e22990e,0x1f4b10ffb832581ae5a975ed38eeac9f4e960bdf,266203703703703,,,call,2300,0,1,0,
6206200,2,1535130318,0x93cee8b6d42ea0a39be41bbb16d2f29f34d3eb54e620ca1d73d0947ad012bd63,0xe7232a9fd8bf427aa41918bc008d32290e22990e,0x1f4b10ffb832581ae5a975ed38eeac9f4e960bdf,208333333333334,,,call,2300,0,1,0,
6206331,2,1535132192,0x7c435d376470fc999d772e1d3b4a77ea08d5fc48eff1fc739750187fd0669891,0xe7232a9fd8bf427aa41918bc008d32290e22990e,0x1f4b10ffb832581ae5a975ed38eeac9f4e960bdf,451388888888889,,,call,2300,0,1,0,
6206932,1,1535140753,0x40f39c05841ff9215721dd0f11ccc22b295455a89f009b5f9a5c1673e4da2a35,0xb1690c08e213a35ed9bab7b318de14420fb57d8c,0x1f4b10ffb832581ae5a975ed38eeac9f4e960bdf,48125000000000000,,,call,2300,0,0,0,
6207171,18,1535144296,0x93254f409d2983db5fbbfa4637f6356c17a2e4b4f2c56fa9cc05f8bc2ec59f61,0x024be6824fe397521179503c3bd2d9feb4ab05b4,0x1f4b10ffb832581ae5a975ed38eeac9f4e960bdf,95917500000000000,,,call,2300,0,17,0,
6207310,2,1535146256,0x2ebfffe322c4251befb7ae51f547676a0329c4dca585c94c0b7f6da2ffd117a6,0xe7232a9fd8bf427aa41918bc008d32290e22990e,0x1f4b10ffb832581ae5a975ed38eeac9f4e960bdf,824908207154642,,,call,2300,0,1,0,
6207320,2,1535146376,0xad7a17d55fe02c008c772115e3d87b85b2f0bbd76708d151a57bc55e968a0049,0xe7232a9fd8bf427aa41918bc008d32290e22990e,0x1f4b10ffb832581ae5a975ed38eeac9f4e960bdf,1696509331695394,,,call,2300,0,1,0,
6207332,2,1535146516,0x468da13d5054f8b28de40a5d7a2549fe3feb566f0bf2c55b9696ca51fcc81077,0xe7232a9fd8bf427aa41918bc008d32290e22990e,0x1f4b10ffb832581ae5a975ed38eeac9f4e960bdf,1169762191741426,,,call,2300,0,1,0,
6207367,2,1535146931,0xd8817845fe9300d5882fb810c5228ba742e78dfd8ad42ae8a43f9fedca510399,0xe7232a9fd8bf427aa41918bc008d32290e22990e,0x1f4b10ffb832581ae5a975ed38eeac9f4e960bdf,428363619510945,,,call,2300,0,1,0,
6207472,1,1535148324,0xe0a5b6bdd0869f840f0f04fd3d4fbb8a6ea6eab00a1bc5ec7c7f77259a56fc72,0xe7232a9fd8bf427aa41918bc008d32290e22990e,0x1f4b10ffb832581ae5a975ed38eeac9f4e960bdf,246050000000000000,,,call,2300,0,0,0,
6207511,2,1535148952,0x29c0841c86036694f437052f85d6aadf93a7e460c2f6cce8957021c064523d2a,0xe7232a9fd8bf427aa41918bc008d32290e22990e,0x1f4b10ffb832581ae5a975ed38eeac9f4e960bdf,1417123073254645,,,call,2300,0,1,0,
6207867,1,1535154236,0x35a5a45dc957a6d699215cbec811b3a8fc1d8d1f2c76ccbdc03f6425f8d8d838,0xe7232a9fd8bf427aa41918bc008d32290e22990e,0x1f4b10ffb832581ae5a975ed38eeac9f4e960bdf,133000000000000000,,,call,2300,0,0,0,
6208001,2,1535156064,0x9fa16bfe03451f6817e7345979f11173e6ac801f9f955d5fba686fbca9dbab40,0xe7232a9fd8bf427aa41918bc008d32290e22990e,0x1f4b10ffb832581ae5a975ed38eeac9f4e960bdf,565120360627132,,,call,2300,0,1,0,
6208010,2,1535156164,0xcb74c9ff1a949a7200f76922a8eb51203a8e086f3d1e2ad983dd7dec1ff98ffe,0xe7232a9fd8bf427aa41918bc008d32290e22990e,0x1f4b10ffb832581ae5a975ed38eeac9f4e960bdf,452336398802181,,,call,2300,0,1,0,
6208014,2,1535156234,0xa6ac1ef45d2f5f71955224e04826f2b25609a964767d965d9719fc6692605464,0xe7232a9fd8bf427aa41918bc008d32290e22990e,0x1f4b10ffb832581ae5a975ed38eeac9f4e960bdf,693582478163344,,,call,2300,0,1,0,
6208020,2,1535156325,0x7e16439854965860e0ce791169406b7170dd5f108e176c916dbdec02ce429546,0xe7232a9fd8bf427aa41918bc008d32290e22990e,0x1f4b10ffb832581ae5a975ed38eeac9f4e960bdf,829283397803998,,,call,2300,0,1,0,
6208119,2,1535157711,0xe0105f9a1fa627eb1dd4ec99f107a3f0d4fcdd56b16a577f4c0a8f84e1b4562f,0xe7232a9fd8bf427aa41918bc008d32290e22990e,0x1f4b10ffb832581ae5a975ed38eeac9f4e960bdf,1707544217475129,,,call,2300,0,1,0,
6208124,2,1535157784,0x19647f8a899d9036801f40ee21e615727ed92bca9b531c774614dd779c5c1dda,0xe7232a9fd8bf427aa41918bc008d32290e22990e,0x1f4b10ffb832581ae5a975ed38eeac9f4e960bdf,694291899257975,,,call,2300,0,1,0,
6208256,2,1535159867,0xf9b60525bc84e70c2bcdc34d5c190defa7beb46d4601cffa97bee58a7fe2e243,0xe7232a9fd8bf427aa41918bc008d32290e22990e,0x1f4b10ffb832581ae5a975ed38eeac9f4e960bdf,1137528397432937,,,call,2300,0,1,0,
6208263,2,1535159961,0x45ebcb0eaf87f0a3696634443c8ff14b4e02867673b2d243e379d183cc37a17f,0xe7232a9fd8bf427aa41918bc008d32290e22990e,0x1f4b10ffb832581ae5a975ed38eeac9f4e960bdf,2853268759676846,,,call,2300,0,1,0,
6208298,2,1535160581,0x96c3e8ce43f80ce877874fd1a9192b8d6add36cbee5fbafd266c63717e1a77c0,0xe7232a9fd8bf427aa41918bc008d32290e22990e,0x1f4b10ffb832581ae5a975ed38eeac9f4e960bdf,130755542121054,,,call,2300,0,1,0,
6208410,2,1535162135,0x7c23a403fe1980ae86b6dc5935ad7991d69ef3a3e7de6d362a2e49132233a482,0xe7232a9fd8bf427aa41918bc008d32290e22990e,0x1f4b10ffb832581ae5a975ed38eeac9f4e960bdf,434067478578247,,,call,2300,0,1,0,
6208414,2,1535162202,0x96ce7a13c679b4562bad6885a02e6cff51f01e98e45b23867834d4085e94f658,0xe7232a9fd8bf427aa41918bc008d32290e22990e,0x1f4b10ffb832581ae5a975ed38eeac9f4e960bdf,849262458087874,,,call,2300,0,1,0,
6208722,2,1535166582,0x5760bd1e0adbc78eae935926515435a0c7e0268d6404d5a978ff3916f687583c,0xe7232a9fd8bf427aa41918bc008d32290e22990e,0x1f4b10ffb832581ae5a975ed38eeac9f4e960bdf,832103506434097,,,call,2300,0,1,0,
6208732,2,1535166776,0x67d121587413019803ae77ea203690b0c09e7edef5fbe02b7b59f718b68d82d7,0xe7232a9fd8bf427aa41918bc008d32290e22990e,0x1f4b10ffb832581ae5a975ed38eeac9f4e960bdf,1646143388431437,,,call,2300,0,1,0,
6208743,2,1535166923,0x37ab13a26a5b83fdbb77d00d550c8c49ef8d8326ecf1e7611d2e7f2a5557fde0,0xe7232a9fd8bf427aa41918bc008d32290e22990e,0x1f4b10ffb832581ae5a975ed38eeac9f4e960bdf,672083601350617,,,call,2300,0,1,0,
6208761,2,1535167154,0xebe466119956c499d59ed4a22309218a91770f3b1020aa0302cc84692a9d3bea,0xe7232a9fd8bf427aa41918bc008d32290e22990e,0x1f4b10ffb832581ae5a975ed38eeac9f4e960bdf,509259259259259,,,call,2300,0,1,0,
6210454,2,1535192445,0x5b57487c4bca292145d86d6189d5238e61d1f143eee66933960ef550161d7654,0xe7232a9fd8bf427aa41918bc008d32290e22990e,0x1f4b10ffb832581ae5a975ed38eeac9f4e960bdf,474537037037037,,,call,2300,0,1,0,
6210463,2,1535192592,0xed7755efb3eb30a06566194818f836ac0bf8f126e896c223789c428576c46f42,0xe7232a9fd8bf427aa41918bc008d32290e22990e,0x1f4b10ffb832581ae5a975ed38eeac9f4e960bdf,914351851851852,,,call,2300,0,1,0,
6210608,2,1535194762,0xfd26f0de75f1ba83ca8efa43eb6a1bd6a8d008fa86401ee023681fb46cb65df0,0xe7232a9fd8bf427aa41918bc008d32290e22990e,0x1f4b10ffb832581ae5a975ed38eeac9f4e960bdf,381944444444445,,,call,2300,0,1,0,
6210615,2,1535194873,0x5384bd901605d281087ca2e7c94d77646993eea885e8c4c6a4866c3f8ec2e81c,0xe7232a9fd8bf427aa41918bc008d32290e22990e,0x1f4b10ffb832581ae5a975ed38eeac9f4e960bdf,300925925925925,,,call,2300,0,1,0,
6210692,2,1535196079,0x9a21f47ad32062f1221f3f079c6626076d97a0096e40976fff0387750facbb35,0xe7232a9fd8bf427aa41918bc008d32290e22990e,0x1f4b10ffb832581ae5a975ed38eeac9f4e960bdf,1076388888888889,,,call,2300,0,1,0,
6210720,2,1535196445,0x1b744df7bc5b5fa0d7f79ce20a146bca0b7e59f9f43ab38ea20faa12c58616d6,0xe7232a9fd8bf427aa41918bc008d32290e22990e,0x1f4b10ffb832581ae5a975ed38eeac9f4e960bdf,1241667467951323,,,call,2300,0,1,0,
6210810,2,1535197725,0x529f444404bdeb4c1b4d18aed4bf788f90f3b106c2f6954ecc934cedcb2c96c8,0xe7232a9fd8bf427aa41918bc008d32290e22990e,0x1f4b10ffb832581ae5a975ed38eeac9f4e960bdf,277777777777777,,,call,2300,0,1,0,
6210876,2,1535198562,0x7710844693561dc486c4be4ea96b62d8ec6ab550eb8c53dca4d58c031d77bdfb,0xe7232a9fd8bf427aa41918bc008d32290e22990e,0x1f4b10ffb832581ae5a975ed38eeac9f4e960bdf,486111111111111,,,call,2300,0,1,0,
6210881,2,1535198630,0xb5e6cd65439b828878fa5d21d41fe5f268d7773732eff28c2f7ec1ad2d03ddb0,0xe7232a9fd8bf427aa41918bc008d32290e22990e,0x1f4b10ffb832581ae5a975ed38eeac9f4e960bdf,578703703703703,,,call,2300,0,1,0,
6210901,2,1535198884,0x53560e38b5f5f454f3219c4785f819e088d37023231540356273c831a5026521,0xe7232a9fd8bf427aa41918bc008d32290e22990e,0x1f4b10ffb832581ae5a975ed38eeac9f4e960bdf,1030092592592593,,,call,2300,0,1,0,
6211041,2,1535200890,0x79f428ceb2e8e8f9209a0e7392486a93e0ad65604d4859f19ff318b426f6ab7a,0xe7232a9fd8bf427aa41918bc008d32290e22990e,0x1f4b10ffb832581ae5a975ed38eeac9f4e960bdf,613425925925926,,,call,2300,0,1,0,
6211046,2,1535200977,0x23ab729829047d63594deb041162a69909f5653a54a6d0c663ef72762f73583a,0xe7232a9fd8bf427aa41918bc008d32290e22990e,0x1f4b10ffb832581ae5a975ed38eeac9f4e960bdf,740740740740741,,,call,2300,0,1,0,
6211247,1,1535204035,0x9acf93b753addba5c2eacf53d082b0d87364147a5efef23064b7e79e08ca333d,0xe7232a9fd8bf427aa41918bc008d32290e22990e,0x1f4b10ffb832581ae5a975ed38eeac9f4e960bdf,229590480324074075,,,call,2300,0,0,0,
6211340,1,1535205578,0x03d15ae5724f0436272c3de82dd8b2ca70ba2c07bec80673f4f9e4092f796ea0,0xe7232a9fd8bf427aa41918bc008d32290e22990e,0x1f4b10ffb832581ae5a975ed38eeac9f4e960bdf,179550000000000000,,,call,2300,0,0,0,
6211486,2,1535207869,0xaa98cf93a5c215647ce72d7d4fa575894f29fd7c32a8204890cef9ec836c682e,0xe7232a9fd8bf427aa41918bc008d32290e22990e,0x1f4b10ffb832581ae5a975ed38eeac9f4e960bdf,1273148148148148,,,call,2300,0,1,0,
6211911,2,1535214146,0x8ce8bf7326361f96c335e728080e97e45201be68feeef64515fcb63add7b4566,0xe7232a9fd8bf427aa41918bc008d32290e22990e,0x1f4b10ffb832581ae5a975ed38eeac9f4e960bdf,706018518518519,,,call,2300,0,1,0,
6211917,2,1535214230,0x0c083c5f4d80a5508ef9f9048e1671e12949cbe2214e681d2ca629ba946171c7,0xe7232a9fd8bf427aa41918bc008d32290e22990e,0x1f4b10ffb832581ae5a975ed38eeac9f4e960bdf,416666666666666,,,call,2300,0,1,0,
6212094,1,1535216763,0xd0252275c421dd0f231640d3adb86c222327f2952668bc66ed61dad08d56ee7b,0xe7232a9fd8bf427aa41918bc008d32290e22990e,0x1f4b10ffb832581ae5a975ed38eeac9f4e960bdf,151050000000000000,,,call,2300,0,0,0,
6212181,2,1535217833,0x212cd6966842d4a77e9bc514e6704b3015a63c9c88387c8c022312a203842816,0xe7232a9fd8bf427aa41918bc008d32290e22990e,0x1f4b10ffb832581ae5a975ed38eeac9f4e960bdf,451388888888889,,,call,2300,0,1,0,
6212188,1,1535217921,0x370387c98738817d2bc3a1f70f6780485b7282fe95b9b398da7dcb2819b4f3c1,0xe7232a9fd8bf427aa41918bc008d32290e22990e,0x1f4b10ffb832581ae5a975ed38eeac9f4e960bdf,66500000000000000,,,call,2300,0,0,0,
6212279,1,1535219282,0xa504b1b618a2072f65210d20df375305745d369803435b95cc8ba48b5eec3523,0xe7232a9fd8bf427aa41918bc008d32290e22990e,0x1f4b10ffb832581ae5a975ed38eeac9f4e960bdf,65550000000000000,,,call,2300,0,0,0,
6213001,2,1535229149,0xe67d7dbabba4ffeb2b1811478d366ae32a48237b24e171b8265b60275985f141,0xe7232a9fd8bf427aa41918bc008d32290e22990e,0x1f4b10ffb832581ae5a975ed38eeac9f4e960bdf,636574074074074,,,call,2300,0,1,0,
6213003,2,1535229255,0xeafb04b465a0c0caede608e1c56c0af8bf03e879d61bee6829318bdeda3253ea,0xe7232a9fd8bf427aa41918bc008d32290e22990e,0x1f4b10ffb832581ae5a975ed38eeac9f4e960bdf,1597222222222222,,,call,2300,0,1,0,
6213013,2,1535229346,0x4a447ec08b3c7105ffcba36fb0fea1fc797d859be8462dd05e2ecfa811a8a173,0xe7232a9fd8bf427aa41918bc008d32290e22990e,0x1f4b10ffb832581ae5a975ed38eeac9f4e960bdf,358796296296297,,,call,2300,0,1,0,
6213023,2,1535229521,0xd73d3543cd39d3bec378b923b0a208482f29c64570e61c368fd031553ab7d402,0xe7232a9fd8bf427aa41918bc008d32290e22990e,0x1f4b10ffb832581ae5a975ed38eeac9f4e960bdf,335648148148149,,,call,2300,0,1,0,
6213055,2,1535230007,0x035996f3fcac315845acf8960ffbd17b5b271dfef3cab6fbef2270dbb6f1c933,0xe7232a9fd8bf427aa41918bc008d32290e22990e,0x1f4b10ffb832581ae5a975ed38eeac9f4e960bdf,740740740740741,,,call,2300,0,1,0,
6213072,2,1535230206,0xb59026893af4e8f880d7f9a1b042121f1e5c947bb3cab3a2919ca9de635d1f0f,0xe7232a9fd8bf427aa41918bc008d32290e22990e,0x1f4b10ffb832581ae5a975ed38eeac9f4e960bdf,833333333333334,,,call,2300,0,1,0,
6213082,2,1535230482,0x8b6aafa1de0bf2fa4c96a03520c9bfcac2e10eb2a06d6ceccddd6c896cd8be25,0xe7232a9fd8bf427aa41918bc008d32290e22990e,0x1f4b10ffb832581ae5a975ed38eeac9f4e960bdf,567129629629630,,,call,2300,0,1,0,
6213291,2,1535233498,0x9de95d2af0980ec31e5b4826d2e10f15fd0bc167474b8b603dc904ec3bf0e5d0,0xe7232a9fd8bf427aa41918bc008d32290e22990e,0x1f4b10ffb832581ae5a975ed38eeac9f4e960bdf,497685185185185,,,call,2300,0,1,0,
6213296,2,1535233553,0x20f876b9249d892c8ea3c3d96a7ff9e228f665a26c5ff880e9d57a520be78492,0xe7232a9fd8bf427aa41918bc008d32290e22990e,0x1f4b10ffb832581ae5a975ed38eeac9f4e960bdf,636574074074074,,,call,2300,0,1,0,
6213321,2,1535233916,0x2b9a1413747c22d3ae4118a73310fc588e9883b71857f6184166f2792ead85a7,0xe7232a9fd8bf427aa41918bc008d32290e22990e,0x1f4b10ffb832581ae5a975ed38eeac9f4e960bdf,1076388888888889,,,call,2300,0,1,0,
6213333,2,1535234082,0x52d249f95bacdbffa906ac3775b6c819c18b3b09370192a2c2e8cb6007ea3fda,0xe7232a9fd8bf427aa41918bc008d32290e22990e,0x1f4b10ffb832581ae5a975ed38eeac9f4e960bdf,787037037037037,,,call,2300,0,1,0,
6213812,2,1535241056,0x9b77f4dbdbe172d134b37bbd9faa42162c05a4e140fe6226efe5c16dfe46d932,0xe7232a9fd8bf427aa41918bc008d32290e22990e,0x1f4b10ffb832581ae5a975ed38eeac9f4e960bdf,902777777777777,,,call,2300,0,1,0,
6216529,2,1535280505,0x3a9bc96dd907fad7c864876d98ad87ff02fd80a697a73c004c54f42d61cc1492,0xe7232a9fd8bf427aa41918bc008d32290e22990e,0x1f4b10ffb832581ae5a975ed38eeac9f4e960bdf,578703703703704,,,call,2300,0,1,0,
6217816,2,1535299156,0x4846f24cef510f02fe73e9bf1fd50d386220bb15c85a70b1944b14fa8b4a2f8f,0xe7232a9fd8bf427aa41918bc008d32290e22990e,0x1f4b10ffb832581ae5a975ed38eeac9f4e960bdf,1944444444444444,,,call,2300,0,1,1,
6217834,2,1535299406,0x736536b098c13ff7a93300f318591fd719bca66923da4c99b427e56f1d55dc27,0xe7232a9fd8bf427aa41918bc008d32290e22990e,0x1f4b10ffb832581ae5a975ed38eeac9f4e960bdf,578703703703704,,,call,2300,0,1,0,
6218438,1,1535307606,0xae0c8f51f198d039a65e1df778c5b946011f1c5cf40f863294a286cdabf8aa4c,0xe7232a9fd8bf427aa41918bc008d32290e22990e,0x1f4b10ffb832581ae5a975ed38eeac9f4e960bdf,303050000000000000,,,call,2300,0,0,0,
6218485,1,1535308336,0xd069666ad1cbf4b8e3bca21d5b04931b0924f974cc6d635be3aae7d2a07e85ae,0xe7232a9fd8bf427aa41918bc008d32290e22990e,0x1f4b10ffb832581ae5a975ed38eeac9f4e960bdf,331550000000000000,,,call,2300,0,0,0,
6218487,1,1535308362,0x9585c664c34bb87dfb24cf7606a8cc55429a6a7c0306211ceb491b85a2ee748e,0xe7232a9fd8bf427aa41918bc008d32290e22990e,0x1f4b10ffb832581ae5a975ed38eeac9f4e960bdf,379050000000000000,,,call,2300,0,0,0,
6218777,2,1535312649,0x26c697c12f6b93d88e9beeb2f8514d578bc2ae5ee728d6ee51e7e9ebbde63044,0xe7232a9fd8bf427aa41918bc008d32290e22990e,0x1f4b10ffb832581ae5a975ed38eeac9f4e960bdf,1053240740740741,,,call,2300,0,1,0,
6218779,2,1535312680,0x626edadff274fd8286b1813b2d8b8ff8e908c1ab3cea28d94fda9d83012141b7,0xe7232a9fd8bf427aa41918bc008d32290e22990e,0x1f4b10ffb832581ae5a975ed38eeac9f4e960bdf,1122685185185185,,,call,2300,0,1,0,
6218785,2,1535312766,0x1254d555628468a860583949b1273b9e3f0ee4a8122e7213d125e9d49b432739,0xe7232a9fd8bf427aa41918bc008d32290e22990e,0x1f4b10ffb832581ae5a975ed38eeac9f4e960bdf,277777777777778,,,call,2300,0,1,0,
6218971,2,1535315553,0xb1034e7c041493084e9fe154b2714551d193be14ffe572b88e8eaf831a01a337,0xe7232a9fd8bf427aa41918bc008d32290e22990e,0x1f4b10ffb832581ae5a975ed38eeac9f4e960bdf,879629629629629,,,call,2300,0,1,0,
6219989,2,1535330936,0x9f3cc8547d7cd0f24eeb71e5eeff1cbca91011941e75fb735f1caf6104cdd2e8,0xe7232a9fd8bf427aa41918bc008d32290e22990e,0x1f4b10ffb832581ae5a975ed38eeac9f4e960bdf,577777777777778,,,call,2300,0,1,0,
6220609,2,1535339829,0xff38a4c0fb62276f62a3c3eabf7f365facbeb890f13887899308c4d05ab88cb0,0xe7232a9fd8bf427aa41918bc008d32290e22990e,0x1f4b10ffb832581ae5a975ed38eeac9f4e960bdf,763888888888889,,,call,2300,0,1,0,
6220703,2,1535341271,0x8c16ced37cf366254c94250c75ce67f68f24aebd37c0023e877b0f1d48af3a96,0xe7232a9fd8bf427aa41918bc008d32290e22990e,0x1f4b10ffb832581ae5a975ed38eeac9f4e960bdf,302083333333333,,,call,2300,0,1,0,
6220732,2,1535341719,0x6371baca3d4d31d6ffc3ab29005a018e2edfb7b2ecd39bc687c3224d46da3c65,0xe7232a9fd8bf427aa41918bc008d32290e22990e,0x1f4b10ffb832581ae5a975ed38eeac9f4e960bdf,601851851851852,,,call,2300,0,1,0,
6220837,1,1535343302,0x6e666f3f2d90fe1ebee90197b0634ac8f0e8e5a3df90520b996ed143a90eed2c,0xe7232a9fd8bf427aa41918bc008d32290e22990e,0x1f4b10ffb832581ae5a975ed38eeac9f4e960bdf,399000000000000000,,,call,2300,0,0,0,
6221025,2,1535346005,0xd9d55cf2c96fed5f1772638dffc35a7962b16b66b6857609b6e45f676b564905,0xe7232a9fd8bf427aa41918bc008d32290e22990e,0x1f4b10ffb832581ae5a975ed38eeac9f4e960bdf,277777777777778,,,call,2300,0,1,0,
6221030,2,1535346080,0xc7a22af9bf55927988382330b7eedafc725c73e92eba9ba805d5906d3a2379d1,0xe7232a9fd8bf427aa41918bc008d32290e22990e,0x1f4b10ffb832581ae5a975ed38eeac9f4e960bdf,868055555555555,,,call,2300,0,1,0,
6221250,2,1535349471,0xe4633a52e9a693af44db0b07ce34e3fb1076b993678c688c1f3c291a2c07df7c,0xe7232a9fd8bf427aa41918bc008d32290e22990e,0x1f4b10ffb832581ae5a975ed38eeac9f4e960bdf,740740740740741,,,call,2300,0,1,0,
6221351,2,1535351027,0xff75380addc5d01e5bde2703604299558cad53d62bf662d40f56e9b3bfb3db0a,0xe7232a9fd8bf427aa41918bc008d32290e22990e,0x1f4b10ffb832581ae5a975ed38eeac9f4e960bdf,717592592592593,,,call,2300,0,1,0,
6221454,1,1535352352,0xec2870ac76cbc6922a9e854f261628a6a0f2ec1d1bca777a7580f29b4082e503,0xe7232a9fd8bf427aa41918bc008d32290e22990e,0x1f4b10ffb832581ae5a975ed38eeac9f4e960bdf,114000000000000000,,,call,2300,0,0,0,
6221454,1,1535352352,0x252f787fd8d3a4dd323c8d1d1ff8bf36ef3d58b090bd5a7ce859283872e863fc,0xe7232a9fd8bf427aa41918bc008d32290e22990e,0x1f4b10ffb832581ae5a975ed38eeac9f4e960bdf,175750000000000000,,,call,2300,0,0,0,
6222546,1,1535368134,0x5784249844e1b029f3348da88821d2c088a9a5104aa68cfb14192599efadae53,0xe7232a9fd8bf427aa41918bc008d32290e22990e,0x1f4b10ffb832581ae5a975ed38eeac9f4e960bdf,133000000000000000,,,call,2300,0,0,0,
6222845,2,1535372530,0x5314d66731dfbd803e096644e70e2de6d7c49787c5969f759e434f3df1829286,0xe7232a9fd8bf427aa41918bc008d32290e22990e,0x1f4b10ffb832581ae5a975ed38eeac9f4e960bdf,625000000000000,,,call,2300,0,1,0,
6222856,2,1535372642,0x2d78b85167050c9c3ddeaf61eef1de3d16eac0a0439d8298523193f9a59952be,0xe7232a9fd8bf427aa41918bc008d32290e22990e,0x1f4b10ffb832581ae5a975ed38eeac9f4e960bdf,474537037037037,,,call,2300,0,1,0,
6222864,2,1535372759,0xac718654c3319a7e682f4646f51701d3b8711f3c023b87a5146cde81d97a5ba4,0xe7232a9fd8bf427aa41918bc008d32290e22990e,0x1f4b10ffb832581ae5a975ed38eeac9f4e960bdf,752314814814815,,,call,2300,0,1,0,
6222867,2,1535372803,0x654d72b5b4f65f172c975f8a25fa50d5888b5241b400d62edb07aaec743fb9b6,0xe7232a9fd8bf427aa41918bc008d32290e22990e,0x1f4b10ffb832581ae5a975ed38eeac9f4e960bdf,497685185185185,,,call,2300,0,1,0,
6223129,2,1535376772,0x3829fd0795eca03816034f58e53e91253a5e18b37c586842da8e4064145f6b99,0xe7232a9fd8bf427aa41918bc008d32290e22990e,0x1f4b10ffb832581ae5a975ed38eeac9f4e960bdf,706018518518518,,,call,2300,0,1,0,
6223443,2,1535381038,0x5bd476b5e582847c4cb85cad04be56a3b2c8e5e5df33907505974d250eea9177,0xe7232a9fd8bf427aa41918bc008d32290e22990e,0x1f4b10ffb832581ae5a975ed38eeac9f4e960bdf,520833333333333,,,call,2300,0,1,0,
6223724,2,1535385296,0x48769a89f1842659d77b470cbc7e6bd2780536b86fb2e4b6854d518f9550dea2,0xe7232a9fd8bf427aa41918bc008d32290e22990e,0x1f4b10ffb832581ae5a975ed38eeac9f4e960bdf,428240740740741,,,call,2300,0,1,0,
6224233,1,1535392976,0x67259471ab4fd972dd2efd3b7200a43812011ade4b72267d579403b48691e4c5,0xe7232a9fd8bf427aa41918bc008d32290e22990e,0x1f4b10ffb832581ae5a975ed38eeac9f4e960bdf,52855844907407408,,,call,2300,0,0,0,
6224240,2,1535393079,0x7502a571e5418e1b3f382e31cb4efd9cd887555434f9768495595deb2ce8e918,0xe7232a9fd8bf427aa41918bc008d32290e22990e,0x1f4b10ffb832581ae5a975ed38eeac9f4e960bdf,868055555555556,,,call,2300,0,1,0,
6224694,2,1535399768,0x6297a546363d03cf1a58298d12ad37c7eb47b0bca410f1c9dc802c9156c1bbcc,0xe7232a9fd8bf427aa41918bc008d32290e22990e,0x1f4b10ffb832581ae5a975ed38eeac9f4e960bdf,1712962962962963,,,call,2300,0,1,0,
6224714,2,1535400055,0x853a51a1056e854206abd77a49bbf6850b8d8d6d096130d50fb8c5215f68cf99,0xe7232a9fd8bf427aa41918bc008d32290e22990e,0x1f4b10ffb832581ae5a975ed38eeac9f4e960bdf,1018518518518518,,,call,2300,0,1,0,
6224896,1,1535402238,0xcb8f5a7a4d7a57d0b1360f39c485472fced8aa6ef5bc569598b38316eabceb07,0xe7232a9fd8bf427aa41918bc008d32290e22990e,0x1f4b10ffb832581ae5a975ed38eeac9f4e960bdf,174800000000000000,,,call,2300,0,0,0,
6225186,2,1535406273,0x52b906708a8351112065bb9274b20aff0bafeb1dd9318b273cb6d34a4af234d5,0xe7232a9fd8bf427aa41918bc008d32290e22990e,0x1f4b10ffb832581ae5a975ed38eeac9f4e960bdf,451388888888889,,,call,2300,0,1,0,
6225358,1,1535408535,0x092934b0f0f69115836406e123991b2daf047668449c93d33c2b1db762772ce9,0xe7232a9fd8bf427aa41918bc008d32290e22990e,0x1f4b10ffb832581ae5a975ed38eeac9f4e960bdf,172900000000000000,,,call,2300,0,0,0,
6225646,2,1535412967,0xdac4d3b6ddbb92fc33cee9e3856f32909071d087268f27f88cb9de81fa69ea66,0xe7232a9fd8bf427aa41918bc008d32290e22990e,0x1f4b10ffb832581ae5a975ed38eeac9f4e960bdf,393518518518518,,,call,2300,0,1,0,
6225664,2,1535413139,0xd4fa5d54b2f3ef102a2b1955dd473bddfbeb8ba792fd6f885894dffc31ab235e,0xe7232a9fd8bf427aa41918bc008d32290e22990e,0x1f4b10ffb832581ae5a975ed38eeac9f4e960bdf,83912037037037,,,call,2300,0,1,0,
6225687,2,1535413497,0xd9d2e3111f13b77fd351e60a439348aead5ea0d0ea0f68bda2743fede2b5b997,0xe7232a9fd8bf427aa41918bc008d32290e22990e,0x1f4b10ffb832581ae5a975ed38eeac9f4e960bdf,509259259259259,,,call,2300,0,1,0,
6225761,1,1535414680,0xb81b3012b010b6b2e224afd22e3695584b5a7959d5c3c9c5d755dc9cd73541a3,0xe7232a9fd8bf427aa41918bc008d32290e22990e,0x1f4b10ffb832581ae5a975ed38eeac9f4e960bdf,56050000000000000,,,call,2300,0,0,0,
6227750,2,1535443622,0xc14e4fc49896275163c3c273a80293595e1c6ff26e866df9b9a1bea3af3817d3,0xe7232a9fd8bf427aa41918bc008d32290e22990e,0x1f4b10ffb832581ae5a975ed38eeac9f4e960bdf,358796296296296,,,call,2300,0,1,0,
6227873,1,1535445622,0x41b6a39d3e9af98ab49dac22af7b8b1184ef7ca2037ca0422e9b1ed21157f18d,0xe7232a9fd8bf427aa41918bc008d32290e22990e,0x1f4b10ffb832581ae5a975ed38eeac9f4e960bdf,133000000000000000,,,call,2300,0,0,0,
6227918,2,1535446236,0x05d75340303528a1f1c911e275191fdbc481f965b1cee0fe3eec3397b40d65b6,0xe7232a9fd8bf427aa41918bc008d32290e22990e,0x1f4b10ffb832581ae5a975ed38eeac9f4e960bdf,659722222222223,,,call,2300,0,1,0,
6228469,2,1535454729,0x7f4a8fe95e62b179af8d56d2692b8ac13e85d61209fe2f59f1397dd22ae1b0e7,0xe7232a9fd8bf427aa41918bc008d32290e22990e,0x1f4b10ffb832581ae5a975ed38eeac9f4e960bdf,648148148148148,,,call,2300,0,1,0,
6228640,2,1535457343,0xbe7b7ad601f17b809a69773acf64d6d3954560bdcf492eee9f4cc1504c9c1041,0xe7232a9fd8bf427aa41918bc008d32290e22990e,0x1f4b10ffb832581ae5a975ed38eeac9f4e960bdf,856481481481481,,,call,2300,0,1,0,
6230990,1,1535491506,0x1374f97814c66d5fd93f5473ce433f06543f9bdd11cc3c6f51a6f6f364a2a25e,0xe7232a9fd8bf427aa41918bc008d32290e22990e,0x1f4b10ffb832581ae5a975ed38eeac9f4e960bdf,171000000000000000,,,call,2300,0,0,0,
6233686,2,1535531147,0xaf48732efadfa29a5ea7c0ac4c1e700f151226e164ac9cae8191460940a43620,0xe7232a9fd8bf427aa41918bc008d32290e22990e,0x1f4b10ffb832581ae5a975ed38eeac9f4e960bdf,1423611111111112,,,call,2300,0,1,0,
6233940,2,1535535011,0x06b3839c27e23f0f1c06e5f1956f0627522028cc731b1071a381c826a4a4c248,0xe7232a9fd8bf427aa41918bc008d32290e22990e,0x1f4b10ffb832581ae5a975ed38eeac9f4e960bdf,567129629629629,,,call,2300,0,1,0,
6234084,1,1535537286,0xcc1ce47e93b20e6e50176ad8fa8fcf663c56b3c2fdea85f1ddd468f9ea206a74,0xe7232a9fd8bf427aa41918bc008d32290e22990e,0x1f4b10ffb832581ae5a975ed38eeac9f4e960bdf,74100000000000000,,,call,2300,0,0,0,
6235328,5,1535555485,0x4ef20f776913b4b66f8980031c4405e9c7c828b82f0e46014902877b0122815b,0x7be8076f4ea4a4ad08075c2508e481d6c946d12b,0x1f4b10ffb832581ae5a975ed38eeac9f4e960bdf,55413721092892530,,,call,2300,0,4,0,
6235803,1,1535562365,0xb110fb2414e8c340714d308361212ea0d4500ecec4264bbc60307dc0fb0cd98d,0xe7232a9fd8bf427aa41918bc008d32290e22990e,0x1f4b10ffb832581ae5a975ed38eeac9f4e960bdf,64600000000000000,,,call,2300,0,0,0,
6237265,1,1535583050,0xabebcdbc3f3262050ead320e70beefc149fef588aa5f3ec78d75f3d5539e7cae,0xe7232a9fd8bf427aa41918bc008d32290e22990e,0x1f4b10ffb832581ae5a975ed38eeac9f4e960bdf,151050000000000000,,,call,2300,0,0,0,
6237471,1,1535586308,0xbe13fe9aeb18e961516e5fa7fb136c081d73e12168e4d9eb432489419f196608,0xe7232a9fd8bf427aa41918bc008d32290e22990e,0x1f4b10ffb832581ae5a975ed38eeac9f4e960bdf,114000000000000000,,,call,2300,0,0,0,
6237800,2,1535590803,0x453bf56859bd613a3e2b031b7159f02c03edfadd4fc55a9fb85a90a30e07d074,0xe7232a9fd8bf427aa41918bc008d32290e22990e,0x1f4b10ffb832581ae5a975ed38eeac9f4e960bdf,1319444444444444,,,call,2300,0,1,0,
6237805,2,1535590873,0x941242d5a7fd09a9be09f79db142019a178e07c6258079a733a83d9f399ae7a6,0xe7232a9fd8bf427aa41918bc008d32290e22990e,0x1f4b10ffb832581ae5a975ed38eeac9f4e960bdf,810185185185186,,,call,2300,0,1,0,
6237923,2,1535592497,0xfc95d0be31b68b7c24145fcf04075e7f77d0af1d15dee5c0c93eaad99e429fb9,0xe7232a9fd8bf427aa41918bc008d32290e22990e,0x1f4b10ffb832581ae5a975ed38eeac9f4e960bdf,362991898148148,,,call,2300,0,1,0,
6238622,2,1535602724,0x9a9e41b876ea1bdfcde20280fdc76a2bbd7ea11c7fe442e95f7355036516755e,0xe7232a9fd8bf427aa41918bc008d32290e22990e,0x1f4b10ffb832581ae5a975ed38eeac9f4e960bdf,833333333333334,,,call,2300,0,1,0,
6239152,1,1535610360,0xdac3c1260a9536eb3f709bf698e71b75a6786d811906dc8a9ef142740457b3d3,0xe7232a9fd8bf427aa41918bc008d32290e22990e,0x1f4b10ffb832581ae5a975ed38eeac9f4e960bdf,171000000000000000,,,call,2300,0,0,0,
6240081,2,1535624351,0xf95775e7382ac4023c1aaedcf69988a0e6f0b476fb0f62e35f57fee4779beffc,0xe7232a9fd8bf427aa41918bc008d32290e22990e,0x1f4b10ffb832581ae5a975ed38eeac9f4e960bdf,648148148148148,,,call,2300,0,1,0,
6240626,2,1535632360,0x3c56f31162f29c9c4da17a184f3436189426fb1d552a91b1ba02b1118f211b1d,0xe7232a9fd8bf427aa41918bc008d32290e22990e,0x1f4b10ffb832581ae5a975ed38eeac9f4e960bdf,1180555555555555,,,call,2300,0,1,0,
6240730,2,1535634195,0xa8158499363967a3a07041c3bc9b7b0fa3513e6c62ef1b5bcf0150f79f0768ac,0xe7232a9fd8bf427aa41918bc008d32290e22990e,0x1f4b10ffb832581ae5a975ed38eeac9f4e960bdf,1527777777777778,,,call,2300,0,1,0,
6241173,2,1535641144,0xd5a078bff65113160e54e4df747c7242a2c1fd1b64c213b34bb1767797e5cc67,0xe7232a9fd8bf427aa41918bc008d32290e22990e,0x1f4b10ffb832581ae5a975ed38eeac9f4e960bdf,1770833333333333,,,call,2300,0,1,0,
6241193,2,1535641460,0x20dcbe4208ea75d03eda109dbf69c464869abf475f6f04989c0ae1b722b31b69,0xe7232a9fd8bf427aa41918bc008d32290e22990e,0x1f4b10ffb832581ae5a975ed38eeac9f4e960bdf,1643518518518518,,,call,2300,0,1,0,
6241208,2,1535641634,0xc89e74683fe06c2ae4d946b78c3a5619d157d7915d219b65c0431b86471095fc,0xe7232a9fd8bf427aa41918bc008d32290e22990e,0x1f4b10ffb832581ae5a975ed38eeac9f4e960bdf,1944444444444445,,,call,2300,0,1,0,
6241281,2,1535642569,0xaa77161f7814d0ef5eae4cf7fd712579f7c47f558352e5c46024767a9c9cdbe3,0xe7232a9fd8bf427aa41918bc008d32290e22990e,0x1f4b10ffb832581ae5a975ed38eeac9f4e960bdf,2569444444444445,,,call,2300,0,1,0,
6241474,2,1535645251,0xde74aee0432a71b5a37af66058b355b7b0416ad2ab2c964ab2297041dfdf1a72,0xe7232a9fd8bf427aa41918bc008d32290e22990e,0x1f4b10ffb832581ae5a975ed38eeac9f4e960bdf,1192129629629630,,,call,2300,0,1,0,
6241549,2,1535646376,0x1279e04f99ba594e82f0b02fef72f1722537c15915e19848b6af36eda834e39d,0xe7232a9fd8bf427aa41918bc008d32290e22990e,0x1f4b10ffb832581ae5a975ed38eeac9f4e960bdf,1481481481481482,,,call,2300,0,1,0,
6241699,2,1535648450,0x390c6cc91fa6eb19698a7cad75b50c76faf07dc75351b9f3e0309ce7f3f2b148,0xe7232a9fd8bf427aa41918bc008d32290e22990e,0x1f4b10ffb832581ae5a975ed38eeac9f4e960bdf,1064814814814815,,,call,2300,0,1,0,
6242009,2,1535652972,0x272cc94ddb55586aeeefbdeffd662ad723751c6e5fe4dab5cb0292016132facc,0xe7232a9fd8bf427aa41918bc008d32290e22990e,0x1f4b10ffb832581ae5a975ed38eeac9f4e960bdf,1307870370370371,,,call,2300,0,1,0,
6244563,2,1535689422,0xf73f506e07911783d512f817e206f6c6db89f3abf714c5137e78985b9d16e299,0xe7232a9fd8bf427aa41918bc008d32290e22990e,0x1f4b10ffb832581ae5a975ed38eeac9f4e960bdf,81250000000000,,,call,2300,0,1,0,
6256320,1,1535861969,0x9e277bb80766b75fecda11cd447f4f8f8783534c154384ef550c5e499207417d,0xe7232a9fd8bf427aa41918bc008d32290e22990e,0x1f4b10ffb832581ae5a975ed38eeac9f4e960bdf,274550000000000000,,,call,2300,0,0,0,
6258235,2,1535889309,0x245022d811e80fc9a87433c347c6c4c3ed1be6aa872b4ee6584f08537115718c,0xe7232a9fd8bf427aa41918bc008d32290e22990e,0x1f4b10ffb832581ae5a975ed38eeac9f4e960bdf,5543981481481482,,,call,2300,0,1,0,
6258276,2,1535890014,0x3d8212e6ccc72e838d476a0e17ef52a8321d60625c8421a203b8abb3137b2b6a,0xe7232a9fd8bf427aa41918bc008d32290e22990e,0x1f4b10ffb832581ae5a975ed38eeac9f4e960bdf,1226851851851852,,,call,2300,0,1,0,
6258314,2,1535890571,0x24e6ddeaa716510b04361a7a1934096b547fe90a11f05f059e7554c87238f4ba,0xe7232a9fd8bf427aa41918bc008d32290e22990e,0x1f4b10ffb832581ae5a975ed38eeac9f4e960bdf,1435185185185185,,,call,2300,0,1,0,
6258678,2,1535895901,0x24d7fb6b1d394c81c463c041f66b57391cb573de1371f67cc03d91fad0fbf4f6,0xe7232a9fd8bf427aa41918bc008d32290e22990e,0x1f4b10ffb832581ae5a975ed38eeac9f4e960bdf,243055555555555,,,call,2300,0,1,0,
6258741,2,1535896646,0x77a9a0fb8f6562b64e735d0ad044b7fb5aa94cb78b7c15ce245fa454faa7b2c6,0xe7232a9fd8bf427aa41918bc008d32290e22990e,0x1f4b10ffb832581ae5a975ed38eeac9f4e960bdf,775462962962963,,,call,2300,0,1,0,
6258964,1,1535899836,0x0aa906bc5e02fd46ec8bb113b76f715b7c9268f12aacb181f011853a5321c316,0xb1690c08e213a35ed9bab7b318de14420fb57d8c,0x1f4b10ffb832581ae5a975ed38eeac9f4e960bdf,77000000000000000,,,call,2300,0,0,0,
6259697,2,1535909857,0x68a9af3e7707bf4ee1b31f24b7ac6397612bd8a27bf80aaf9696f3c19b124808,0xe7232a9fd8bf427aa41918bc008d32290e22990e,0x1f4b10ffb832581ae5a975ed38eeac9f4e960bdf,844907407407407,,,call,2300,0,1,0,
6259869,1,1535912532,0x072ce0a327be65e9b402e80c096abafdb685c3ab63d57d7e8a8565dd8b5d4211,0xe7232a9fd8bf427aa41918bc008d32290e22990e,0x1f4b10ffb832581ae5a975ed38eeac9f4e960bdf,64600000000000000,,,call,2300,0,0,0,
6260062,2,1535915330,0x824c34a735d8d84e611230f7f187e305e3e5ff8b239845fc33a11fdfcc120d14,0xe7232a9fd8bf427aa41918bc008d32290e22990e,0x1f4b10ffb832581ae5a975ed38eeac9f4e960bdf,370370370370371,,,call,2300,0,1,0,
6260111,1,1535916127,0xa07ac2452b56186475df2fb0022eacf0ac891975d47ecba4d598d5c85b13e0d2,0xe7232a9fd8bf427aa41918bc008d32290e22990e,0x1f4b10ffb832581ae5a975ed38eeac9f4e960bdf,182400000000000000,,,call,2300,0,0,0,
6260195,1,1535917328,0xfd594c9061b018129a48900172b7e2ba6ccf4f4a8d4d1dd75ea016177b66beff,0xe7232a9fd8bf427aa41918bc008d32290e22990e,0x1f4b10ffb832581ae5a975ed38eeac9f4e960bdf,152000000000000000,,,call,2300,0,0,0,
6260215,2,1535917623,0xd8b911d950d4cd041478c4b603c0ac0deae36ed1022cba197a97713cc4b20672,0xe7232a9fd8bf427aa41918bc008d32290e22990e,0x1f4b10ffb832581ae5a975ed38eeac9f4e960bdf,798611111111111,,,call,2300,0,1,0,
6260232,2,1535917816,0x186d9ab2a97153119ac703033f019431a3d0bede386aca8e272e26764500dfdf,0xe7232a9fd8bf427aa41918bc008d32290e22990e,0x1f4b10ffb832581ae5a975ed38eeac9f4e960bdf,671296296296296,,,call,2300,0,1,0,
6264457,2,1535979452,0x3bba88738ad9205d64aaddf8d3f7ef942d077499006b587daeba85c2b64cfcb5,0xe7232a9fd8bf427aa41918bc008d32290e22990e,0x1f4b10ffb832581ae5a975ed38eeac9f4e960bdf,1076388888888888,,,call,2300,0,1,0,
6266746,1,1536012651,0xf0485a7c6c348779b86998d95c46f8a0adf246b8012ab77fd0ee9b31a0d8ee63,0xe7232a9fd8bf427aa41918bc008d32290e22990e,0x1f4b10ffb832581ae5a975ed38eeac9f4e960bdf,94050000000000000,,,call,2300,0,0,0,
6266993,2,1536016160,0x67ef14d89cfc62a0e2c2a83aa15cdfb6e80d222048a7306f9c8903a787801c34,0xe7232a9fd8bf427aa41918bc008d32290e22990e,0x1f4b10ffb832581ae5a975ed38eeac9f4e960bdf,1354166666666666,,,call,2300,0,1,0,
6267363,2,1536021652,0xf348bbd9a38273dbeec4fa59c0a5f57a289d6c789b9ae315568605ddbd51728f,0xe7232a9fd8bf427aa41918bc008d32290e22990e,0x1f4b10ffb832581ae5a975ed38eeac9f4e960bdf,798611111111111,,,call,2300,0,1,0,
6267623,1,1536025308,0x1b860271deef72db92faeac24d75e869425db88bba7d22aa12e62c3d8a569f91,0xe7232a9fd8bf427aa41918bc008d32290e22990e,0x1f4b10ffb832581ae5a975ed38eeac9f4e960bdf,170050000000000000,,,call,2300,0,0,0,
6270361,2,1536065184,0x80cc2ae901c4f9d372cef65881ef5d0e6787e3b2dc1f7e3ba4c6b711fdc0434f,0xe7232a9fd8bf427aa41918bc008d32290e22990e,0x1f4b10ffb832581ae5a975ed38eeac9f4e960bdf,717592592592593,,,call,2300,0,1,0,
6273212,1,1536106262,0xb560eeadba4870f1eda998b3b35b6ee27b709d70fff6305bbaac54437b703e0b,0xe7232a9fd8bf427aa41918bc008d32290e22990e,0x1f4b10ffb832581ae5a975ed38eeac9f4e960bdf,560500000000000000,,,call,2300,0,0,0,
6281759,2,1536229753,0x7d9f8367fe36aabc95d9f809b8b3e98f865cd27aa0669a45d1f62d9fcad58ad7,0xe7232a9fd8bf427aa41918bc008d32290e22990e,0x1f4b10ffb832581ae5a975ed38eeac9f4e960bdf,810185185185185,,,call,2300,0,1,0,
6282406,2,1536239252,0x55ba0e9c54673373306593ef44a0b6ecc5278ccd220754666b499642d6262835,0xe7232a9fd8bf427aa41918bc008d32290e22990e,0x1f4b10ffb832581ae5a975ed38eeac9f4e960bdf,1041666666666667,,,call,2300,0,1,0,
6284043,1,1536262892,0x7e454cb9b5268dccbd5d54dc3740d1126a14c35205fee784dd9984276b4d7639,0xe7232a9fd8bf427aa41918bc008d32290e22990e,0x1f4b10ffb832581ae5a975ed38eeac9f4e960bdf,63650000000000000,,,call,2300,0,0,0,
6285169,2,1536278564,0x45f19550bd822ec9890d62cada57c3e1fc5adf1fe13a64212730005cf65644f4,0xe7232a9fd8bf427aa41918bc008d32290e22990e,0x1f4b10ffb832581ae5a975ed38eeac9f4e960bdf,2662037037037037,,,call,2300,0,1,0,
6285183,2,1536278796,0xa4307de350e12c82a6fec31c64f535776267772a9809e670cfda62749f2d05bf,0xe7232a9fd8bf427aa41918bc008d32290e22990e,0x1f4b10ffb832581ae5a975ed38eeac9f4e960bdf,3032407407407408,,,call,2300,0,1,0,
6285603,2,1536285111,0xe1cebd400b9fe710ef885cb0b3cc438b2440956840de2cf5583488c69f262892,0xe7232a9fd8bf427aa41918bc008d32290e22990e,0x1f4b10ffb832581ae5a975ed38eeac9f4e960bdf,1319444444444444,,,call,2300,0,1,0,
6287004,2,1536305247,0x971adba87943b9b3fb837cadd3c3f9041e5c724b9216097939d47d5203dfdb6d,0xe7232a9fd8bf427aa41918bc008d32290e22990e,0x1f4b10ffb832581ae5a975ed38eeac9f4e960bdf,925925925925926,,,call,2300,0,1,0,
6287636,1,1536314016,0x6970f5a37b13d82c148aaec06e623379e5cc2848a88c42dd0b715f1281e6e575,0xb1690c08e213a35ed9bab7b318de14420fb57d8c,0x1f4b10ffb832581ae5a975ed38eeac9f4e960bdf,9625000000000000,,,call,2300,0,0,0,
6290349,2,1536354266,0xd6163f29d42d000dc2ba440f658870b24dae002df0ba976ed31f17a5327c2beb,0xe7232a9fd8bf427aa41918bc008d32290e22990e,0x1f4b10ffb832581ae5a975ed38eeac9f4e960bdf,1585648148148148,,,call,2300,0,1,0,
6291191,1,1536366369,0x436ea044f2d4f4f20a713a69cbc1d3d47225bef15b7157f0d778d6b35dc63277,0xe7232a9fd8bf427aa41918bc008d32290e22990e,0x1f4b10ffb832581ae5a975ed38eeac9f4e960bdf,274550000000000000,,,call,2300,0,0,0,
6291315,2,1536368192,0xae52bc4356e3a8faf1ffe82cf3e430829efe4701a94203b1cca8c60d4a842534,0xe7232a9fd8bf427aa41918bc008d32290e22990e,0x1f4b10ffb832581ae5a975ed38eeac9f4e960bdf,763888888888889,,,call,2300,0,1,0,
6296163,1,1536438628,0x0cca13494adceecbe16af14698b660b2275a9cc29aca26bceac1b4f19648b1eb,0xe7232a9fd8bf427aa41918bc008d32290e22990e,0x1f4b10ffb832581ae5a975ed38eeac9f4e960bdf,30400000000000000,,,call,2300,0,0,0,
6296379,1,1536441925,0x3e14ee509a0bf9d05e6a26f6f6a30523826b492904cde525013de078c9841b7e,0xe7232a9fd8bf427aa41918bc008d32290e22990e,0x1f4b10ffb832581ae5a975ed38eeac9f4e960bdf,27550000000000000,,,call,2300,0,0,0,
6296386,1,1536441979,0x0568769decaaf12577c84804c6e282baec1a64143246b4a58ba65472678345fd,0xe7232a9fd8bf427aa41918bc008d32290e22990e,0x1f4b10ffb832581ae5a975ed38eeac9f4e960bdf,30400000000000000,,,call,2300,0,0,0,
6298298,1,1536470690,0x85009879d60ba3220ae9f98fe5df13acebfe7b8a6747f07fd7861eea1974b95b,0xe7232a9fd8bf427aa41918bc008d32290e22990e,0x1f4b10ffb832581ae5a975ed38eeac9f4e960bdf,122550000000000000,,,call,2300,0,0,0,
6298319,1,1536470996,0x220de841a66d7573b054497de027c7d3bfb9b6224737368ee17c8296e376b77c,0xe7232a9fd8bf427aa41918bc008d32290e22990e,0x1f4b10ffb832581ae5a975ed38eeac9f4e960bdf,84550000000000000,,,call,2300,0,0,0,
6298460,1,1536473183,0x7937f70967ccbfd4a9b55585ef404d66087179eff16a2ec0838cb9071168332b,0xb1690c08e213a35ed9bab7b318de14420fb57d8c,0x1f4b10ffb832581ae5a975ed38eeac9f4e960bdf,19250000000000000,,,call,2300,0,0,0,
6300368,1,1536500896,0x3dd06e6a9ab544dc268b0b0b4141d436e37e705139177295878e4edb1be5dc4a,0xe7232a9fd8bf427aa41918bc008d32290e22990e,0x1f4b10ffb832581ae5a975ed38eeac9f4e960bdf,57000000000000000,,,call,2300,0,0,0,
6300581,1,1536504342,0xdf10b1c72f62e7c1d579414ee89f1deb31006a99f86f049aafdff0cad3eb9bd0,0xe7232a9fd8bf427aa41918bc008d32290e22990e,0x1f4b10ffb832581ae5a975ed38eeac9f4e960bdf,76000000000000000,,,call,2300,0,0,0,
6300923,1,1536509406,0xa74928a47de20e7fc4f86013836b9b3b2d89b9c94820fcf37bdfa3dec2ea32d9,0xe7232a9fd8bf427aa41918bc008d32290e22990e,0x1f4b10ffb832581ae5a975ed38eeac9f4e960bdf,101080000000000000,,,call,2300,0,0,0,
6301038,1,1536511145,0x8d4b2561161cd4f3240ab832b2637bc91f84abaa8e2454e2053ed9bd80d9baa5,0xe7232a9fd8bf427aa41918bc008d32290e22990e,0x1f4b10ffb832581ae5a975ed38eeac9f4e960bdf,40533333333333334,,,call,2300,0,0,0,
6301042,1,1536511229,0xf4eaf9d167d443855f82b05ff126ccaa2f2b45b0f178163bd2182953fffd34e7,0xe7232a9fd8bf427aa41918bc008d32290e22990e,0x1f4b10ffb832581ae5a975ed38eeac9f4e960bdf,34307204861111112,,,call,2300,0,0,0,
6301155,1,1536513007,0x0091d9bf46bb6a88b1688de57354185b32b673b487c8aa5676335577291e0243,0xe7232a9fd8bf427aa41918bc008d32290e22990e,0x1f4b10ffb832581ae5a975ed38eeac9f4e960bdf,27550000000000000,,,call,2300,0,0,0,
6301170,1,1536513156,0x6d496fd148927ebca35a7ca632db32223cc95ccfc06d23b32b3c08efb2f0e071,0xe7232a9fd8bf427aa41918bc008d32290e22990e,0x1f4b10ffb832581ae5a975ed38eeac9f4e960bdf,27550000000000000,,,call,2300,0,0,0,
6302671,1,1536534226,0x193d8f9bdbaa532e1558b0c8516de1b0322f3d536c123f9d43a7e0e8d5a71c53,0xe7232a9fd8bf427aa41918bc008d32290e22990e,0x1f4b10ffb832581ae5a975ed38eeac9f4e960bdf,37050000000000000,,,call,2300,0,0,0,
6302862,2,1536536872,0x59209b67acfd69b733fcc737b1af375d31856c8dc7b0249b2a692ea07e3219a8,0xe7232a9fd8bf427aa41918bc008d32290e22990e,0x1f4b10ffb832581ae5a975ed38eeac9f4e960bdf,403146043771043,,,call,2300,0,1,0,
6303110,1,1536540496,0x7fc410013d64222d4b0e3e63004f3a02aea8ac70f8f2937569cac022da8c1f15,0xe7232a9fd8bf427aa41918bc008d32290e22990e,0x1f4b10ffb832581ae5a975ed38eeac9f4e960bdf,37050000000000000,,,call,2300,0,0,0,
6303238,1,1536542481,0xe42b8d6b87f80ba25e7d183a88402827685cae474a23974711ee93a0d4f3b1a4,0xe7232a9fd8bf427aa41918bc008d32290e22990e,0x1f4b10ffb832581ae5a975ed38eeac9f4e960bdf,30400000000000000,,,call,2300,0,0,0,
6303312,1,1536543484,0x2aeb9f5ff09e44ec2f1edb559d071f64a078822458a56d4386d9a2924c629663,0xe7232a9fd8bf427aa41918bc008d32290e22990e,0x1f4b10ffb832581ae5a975ed38eeac9f4e960bdf,84550000000000000,,,call,2300,0,0,0,
6303393,1,1536544538,0xb1bb464cb76e36b9237d9034577ce52cd18723d26c8136a6bdae690190e67a17,0xe7232a9fd8bf427aa41918bc008d32290e22990e,0x1f4b10ffb832581ae5a975ed38eeac9f4e960bdf,27550000000000000,,,call,2300,0,0,0,
6303505,1,1536546296,0xce97e5c7577712375959fbe27a9d116bb7fb22e70f9ec2d6f6a047e52ce3ddd7,0xe7232a9fd8bf427aa41918bc008d32290e22990e,0x1f4b10ffb832581ae5a975ed38eeac9f4e960bdf,81605000000000000,,,call,2300,0,0,0,
6304014,1,1536553484,0x3d04783524f437a9e53fe622abaa111574f003829547c233f25b2fb2e34694d8,0xe7232a9fd8bf427aa41918bc008d32290e22990e,0x1f4b10ffb832581ae5a975ed38eeac9f4e960bdf,66500000000000000,,,call,2300,0,0,0,
6304091,1,1536554856,0x851db6d8d6fa78415d109b039e133e27377c3d5eb022a0b127feb83788a507f0,0xe7232a9fd8bf427aa41918bc008d32290e22990e,0x1f4b10ffb832581ae5a975ed38eeac9f4e960bdf,152000000000000000,,,call,2300,0,0,0,
6304338,1,1536558122,0xd255f63fff70387c851f565f60a3c14d0e31c7a7b644ad2fcca1422716026543,0xe7232a9fd8bf427aa41918bc008d32290e22990e,0x1f4b10ffb832581ae5a975ed38eeac9f4e960bdf,104500000000000000,,,call,2300,0,0,0,
6305890,1,1536580729,0x92b7a6de2306b6aa8524635623bb52e5cc92adbb662dbdfaf48c4ec7a1906deb,0xe7232a9fd8bf427aa41918bc008d32290e22990e,0x1f4b10ffb832581ae5a975ed38eeac9f4e960bdf,453212673611111112,,,call,2300,0,0,0,
6307231,1,1536600017,0x65e11421b3ba9e8e82b76273eac86ceb199ab977aba370acb4331d1835f72f93,0xe7232a9fd8bf427aa41918bc008d32290e22990e,0x1f4b10ffb832581ae5a975ed38eeac9f4e960bdf,52250000000000000,,,call,2300,0,0,0,
6307625,1,1536605970,0xac8577f4c17997b1fb06f57368e295559cc1bcd016e407dd539db5f75ab6a138,0xe7232a9fd8bf427aa41918bc008d32290e22990e,0x1f4b10ffb832581ae5a975ed38eeac9f4e960bdf,37050000000000000,,,call,2300,0,0,0,
6308016,1,1536611248,0xf69699528874c8e13d1f9898c99f432122559c40fa88ef3ca0185fe8056ebdfc,0xe7232a9fd8bf427aa41918bc008d32290e22990e,0x1f4b10ffb832581ae5a975ed38eeac9f4e960bdf,61750000000000000,,,call,2300,0,0,0,
6308105,1,1536612329,0x1af1072542751b3c1e2459d2855e46dcf89358521ff53fc572f423b77b47a2af,0xe7232a9fd8bf427aa41918bc008d32290e22990e,0x1f4b10ffb832581ae5a975ed38eeac9f4e960bdf,23750000000000000,,,call,2300,0,0,0,
6308118,1,1536612491,0x85111621770215ddb32909765db9950d1254b3b6541b3c5f37a67428df529e86,0xe7232a9fd8bf427aa41918bc008d32290e22990e,0x1f4b10ffb832581ae5a975ed38eeac9f4e960bdf,27550000000000000,,,call,2300,0,0,0,
6308126,1,1536612593,0xa29bc804e7544a53e12cf9c925be70ede11efd23d79649cd3dda8174f9210066,0xe7232a9fd8bf427aa41918bc008d32290e22990e,0x1f4b10ffb832581ae5a975ed38eeac9f4e960bdf,141550000000000000,,,call,2300,0,0,0,
6308302,1,1536615100,0x18813b25f081521941ce19164004aaff8b20bb5afdd5ac47ae3ceffabb8b7a67,0xe7232a9fd8bf427aa41918bc008d32290e22990e,0x1f4b10ffb832581ae5a975ed38eeac9f4e960bdf,59185000000000000,,,call,2300,0,0,0,
6308333,1,1536615694,0xc2228c725fc90692af4301c477f4eb24bc081356815c2568c622ad482e619678,0xe7232a9fd8bf427aa41918bc008d32290e22990e,0x1f4b10ffb832581ae5a975ed38eeac9f4e960bdf,37050000000000000,,,call,2300,0,0,0,
6308340,1,1536615879,0xc177b7e8479718a21c90ed6e8e4ad4e2a0c8e78748fbc6081ce5985135bb6cd4,0xe7232a9fd8bf427aa41918bc008d32290e22990e,0x1f4b10ffb832581ae5a975ed38eeac9f4e960bdf,94050000000000000,,,call,2300,0,0,0,
6308473,1,1536617828,0x429279120466887e25ba5a6816811afade8a44169cc44b143767eae4554801cb,0xe7232a9fd8bf427aa41918bc008d32290e22990e,0x1f4b10ffb832581ae5a975ed38eeac9f4e960bdf,24605000000000000,,,call,2300,0,0,0,
6308477,1,1536617904,0x93e827fb3026eb58299067c0dd624a4e36e0f275c56450f3f038ada6f06f5abb,0xe7232a9fd8bf427aa41918bc008d32290e22990e,0x1f4b10ffb832581ae5a975ed38eeac9f4e960bdf,27550000000000000,,,call,2300,0,0,0,
6308979,1,1536624984,0x06f00106072521fad0e454597a3a2412ce4746f2d85670605ba3641efd91f2fe,0xe7232a9fd8bf427aa41918bc008d32290e22990e,0x1f4b10ffb832581ae5a975ed38eeac9f4e960bdf,37050000000000000,,,call,2300,0,0,0,
6309985,1,1536639266,0xa217cc9f1a87e41cc21fed4e101a3848d2e081cf822d1ec9d67220968cfeea3c,0xe7232a9fd8bf427aa41918bc008d32290e22990e,0x1f4b10ffb832581ae5a975ed38eeac9f4e960bdf,30400000000000000,,,call,2300,0,0,0,
6313355,1,1536688484,0xc94218548ce1884fba62660efdbb0c296d329f5a826a2d35396b90ddc8398c3f,0xe7232a9fd8bf427aa41918bc008d32290e22990e,0x1f4b10ffb832581ae5a975ed38eeac9f4e960bdf,25650000000000000,,,call,2300,0,0,0,
6313365,1,1536688703,0x52458e4887caaab114eec8ae42309f5623ac7d365f893b83919f34a3abac814b,0xe7232a9fd8bf427aa41918bc008d32290e22990e,0x1f4b10ffb832581ae5a975ed38eeac9f4e960bdf,217550000000000000,,,call,2300,0,0,0,
6313687,1,1536693163,0xa2c134f7c3cea90a75a893d7495517482a36c254aa32a84afbc2c6bf051e1ccd,0xe7232a9fd8bf427aa41918bc008d32290e22990e,0x1f4b10ffb832581ae5a975ed38eeac9f4e960bdf,137750000000000000,,,call,2300,0,0,0,
6315059,1,1536712307,0xe3f175aa3bc3a0cfddaf02e294b2e89cfa7217d05b1172341f8575884447ad82,0xe7232a9fd8bf427aa41918bc008d32290e22990e,0x1f4b10ffb832581ae5a975ed38eeac9f4e960bdf,37050000000000000,,,call,2300,0,0,0,
6316197,1,1536728593,0xbee616b1e8dc0ef02b997d12a9ab20aa7289e9defce6c15fdb631e986118d7f4,0xe7232a9fd8bf427aa41918bc008d32290e22990e,0x1f4b10ffb832581ae5a975ed38eeac9f4e960bdf,132050000000000000,,,call,2300,0,0,0,
6316662,1,1536735354,0xd061bf1c6bcaf0c91c910ee736eef296ab7e0dd185e4abb69a41618ca94ed56d,0xe7232a9fd8bf427aa41918bc008d32290e22990e,0x1f4b10ffb832581ae5a975ed38eeac9f4e960bdf,123500000000000000,,,call,2300,0,0,0,
6316683,1,1536735679,0xee7db0bf650632ce530d03f6ea7600de9fd6e6f4792cf72f6e32613d689cf71d,0xe7232a9fd8bf427aa41918bc008d32290e22990e,0x1f4b10ffb832581ae5a975ed38eeac9f4e960bdf,61750000000000000,,,call,2300,0,0,0,
6320322,1,1536787569,0xfc51801b88cd13d383e4e0221c178e1db13d599a0542d0c1d954485bbd85662e,0xd48b633045af65ff636f3c6edd744748351e020d,0x1f4b10ffb832581ae5a975ed38eeac9f4e960bdf,8944846858941,,,call,2300,0,0,0,
6320350,1,1536787858,0x4d7347d8faaa3c01708b3d770c517371b73a1e65cb442f531df6210f01bd91d4,0xe7232a9fd8bf427aa41918bc008d32290e22990e,0x1f4b10ffb832581ae5a975ed38eeac9f4e960bdf,37050000000000000,,,call,2300,0,0,0,
6320821,1,1536794708,0x48b84f34aa9c1ce3053e92c89abc1232a6dd73fbd69df52afa07eda86bb8b574,0xe7232a9fd8bf427aa41918bc008d32290e22990e,0x1f4b10ffb832581ae5a975ed38eeac9f4e960bdf,171000000000000000,,,call,2300,0,0,0,
6321423,1,1536803490,0x7f1ecd33cc8dfc318b71d5f6658b5bb6f98b62b113ade22462537239d3552126,0xe7232a9fd8bf427aa41918bc008d32290e22990e,0x1f4b10ffb832581ae5a975ed38eeac9f4e960bdf,114000000000000000,,,call,2300,0,0,0,
6322226,1,1536815195,0xa8744979ed67999e5b582c741074dece0e3c431ad61607f7ea6be2b8f35e2c18,0xe7232a9fd8bf427aa41918bc008d32290e22990e,0x1f4b10ffb832581ae5a975ed38eeac9f4e960bdf,75050000000000000,,,call,2300,0,0,0,
6322336,1,1536816703,0xd110945383d857c516d5731b513161a144dc3fe63d8ed1dcbee15857bd4d1cae,0xe7232a9fd8bf427aa41918bc008d32290e22990e,0x1f4b10ffb832581ae5a975ed38eeac9f4e960bdf,217550000000000000,,,call,2300,0,0,0,
6330157,1,1536928179,0x809856e60c1c873bd995427f2d91109c5cf9fb5995297acb4e785ec88068af64,0xe7232a9fd8bf427aa41918bc008d32290e22990e,0x1f4b10ffb832581ae5a975ed38eeac9f4e960bdf,103550000000000000,,,call,2300,0,0,0,
6330257,1,1536929535,0x50f08280c4de9bad84a1359525c35d15327151fe1b15bebe56c7f18363400f78,0xe7232a9fd8bf427aa41918bc008d32290e22990e,0x1f4b10ffb832581ae5a975ed38eeac9f4e960bdf,62605000000000000,,,call,2300,0,0,0,
6330324,1,1536930572,0xe3fbbb549f4256d41dbddaf50d6392633f41007068bc43e911d99fa34802ed1d,0xe7232a9fd8bf427aa41918bc008d32290e22990e,0x1f4b10ffb832581ae5a975ed38eeac9f4e960bdf,75050000000000000,,,call,2300,0,0,0,
6337528,1,1537033212,0x74bf14830f12f107bcaf6fd724489b930ce83160770adaf4663adedc911232f5,0xe7232a9fd8bf427aa41918bc008d32290e22990e,0x1f4b10ffb832581ae5a975ed38eeac9f4e960bdf,151050000000000000,,,call,2300,0,0,0,
6339319,1,1537059137,0xd9d37bf732180dd0039ccb517594e72ee2b67bf0468f444a5ee67b591fa7f0ec,0xe7232a9fd8bf427aa41918bc008d32290e22990e,0x1f4b10ffb832581ae5a975ed38eeac9f4e960bdf,122550000000000000,,,call,2300,0,0,0,
6339488,1,1537061573,0x1ae979770b6787f5ea8aa66d785a6705523837a118c89617c1f40930d3757f13,0xe7232a9fd8bf427aa41918bc008d32290e22990e,0x1f4b10ffb832581ae5a975ed38eeac9f4e960bdf,27550000000000000,,,call,2300,0,0,0,
6340933,1,1537081864,0xc2177c5f86498efdb3bcf773d69b0cda40336b75b35c1b9a57ac549609619505,0xe7232a9fd8bf427aa41918bc008d32290e22990e,0x1f4b10ffb832581ae5a975ed38eeac9f4e960bdf,37050000000000000,,,call,2300,0,0,0,
6342988,1,1537111061,0xa14a1939c60c3cbac1f26d2725767d4a76709d2d5a3bba4646fd0c865c4f1407,0xe658e6eb4b478da2cf36d9e3712ba0c1b33786a1,0x1f4b10ffb832581ae5a975ed38eeac9f4e960bdf,49398295717592594,,,call,2300,0,0,0,
6343495,1,1537118231,0x939d96f3967e727e29ca3c57a047f0735601ddb136c5465de52e222ab2050ad7,0xe7232a9fd8bf427aa41918bc008d32290e22990e,0x1f4b10ffb832581ae5a975ed38eeac9f4e960bdf,18050000000000000,,,call,2300,0,0,0,
6343664,1,1537120837,0xf5bde69c3f323bc804405e8b9e96a7c23fab58b6d7ae68c9a47aea5ab2669bd7,0xe658e6eb4b478da2cf36d9e3712ba0c1b33786a1,0x1f4b10ffb832581ae5a975ed38eeac9f4e960bdf,23734757275132276,,,call,2300,0,0,0,
6344296,1,1537129304,0xff6d2bb4892c6ec1d0050c18199fc08ba49884245392adc3be6c593c87c5ebf1,0xe7232a9fd8bf427aa41918bc008d32290e22990e,0x1f4b10ffb832581ae5a975ed38eeac9f4e960bdf,37050000000000000,,,call,2300,0,0,0,
6344313,1,1537129485,0x9e819a94af0d59a09ba89b405f0d441bac30fb48ab661af11d9bfa608ccf25f5,0xe658e6eb4b478da2cf36d9e3712ba0c1b33786a1,0x1f4b10ffb832581ae5a975ed38eeac9f4e960bdf,26585412075617285,,,call,2300,0,0,0,
6344350,1,1537129912,0xaf3a2aa1e8e841e0e25f6ebb95aa47b22240cd3e6abe5add0ff4825d0a0f2bba,0xe7232a9fd8bf427aa41918bc008d32290e22990e,0x1f4b10ffb832581ae5a975ed38eeac9f4e960bdf,94050000000000000,,,call,2300,0,0,0,
6346303,1,1537158323,0x027a13bdc280ec8b474a3b06313a09f8f0b6b41ff4d6b6511c67645b49407834,0xe658e6eb4b478da2cf36d9e3712ba0c1b33786a1,0x1f4b10ffb832581ae5a975ed38eeac9f4e960bdf,24623165922619048,,,call,2300,0,0,0,
6346454,1,1537160571,0x5148ae8ecc844e2a90a1d03de82c4ad4bff86ee0ee4fbc49c9f7b94b5409d094,0xe658e6eb4b478da2cf36d9e3712ba0c1b33786a1,0x1f4b10ffb832581ae5a975ed38eeac9f4e960bdf,24673724206349207,,,call,2300,0,0,0,
6348232,1,1537186294,0x96f9744ad9de4b2dd2150f8da4455c5eadf04ca017f7844e8ec654cc46411efd,0xe7232a9fd8bf427aa41918bc008d32290e22990e,0x1f4b10ffb832581ae5a975ed38eeac9f4e960bdf,46550000000000000,,,call,2300,0,0,0,
6348564,1,1537191191,0xfa26035fc67b23892ea7a0b9802c2dd49967fde4550eb6923b9f8dccf7b2683e,0xe658e6eb4b478da2cf36d9e3712ba0c1b33786a1,0x1f4b10ffb832581ae5a975ed38eeac9f4e960bdf,51914974206349207,,,call,2300,0,0,0,
6348588,1,1537191483,0x4fda31a504d2deb6abb459470a614210d99e3af2410e358e69d8f77a94813825,0xe7232a9fd8bf427aa41918bc008d32290e22990e,0x1f4b10ffb832581ae5a975ed38eeac9f4e960bdf,524759878472222223,,,call,2300,0,0,0,
6349130,1,1537198854,0x4e8d03634c9e510a76146c1a30ac94e6c6ab4c8922280167846deb8030df98fd,0xe7232a9fd8bf427aa41918bc008d32290e22990e,0x1f4b10ffb832581ae5a975ed38eeac9f4e960bdf,166250000000000000,,,call,2300,0,0,0,
6350928,1,1537223962,0x4e8239a6076a12084d0b93d4da414513f94dbe1c00f888d0a36e9e89d9dff0b8,0xe7232a9fd8bf427aa41918bc008d32290e22990e,0x1f4b10ffb832581ae5a975ed38eeac9f4e960bdf,65550000000000000,,,call,2300,0,0,0,
6352570,1,1537247450,0xdbe6d713243b4ffb296113a0c8882adf4b05256827fa3e1bc130e309a9652a92,0xb1690c08e213a35ed9bab7b318de14420fb57d8c,0x1f4b10ffb832581ae5a975ed38eeac9f4e960bdf,4812500000000000,,,call,2300,0,0,0,
6352718,1,1537249469,0x9d6835863a3ac9ba735bcd5f1f4bbc4844a782d91196e69d92549406c0da3dfc,0xe7232a9fd8bf427aa41918bc008d32290e22990e,0x1f4b10ffb832581ae5a975ed38eeac9f4e960bdf,44555000000000000,,,call,2300,0,0,0,
6354880,1,1537280929,0xb774e3e177ccd832cdf30a3f308de79105c26e64514d0dd3832c5cf763104ef3,0xe658e6eb4b478da2cf36d9e3712ba0c1b33786a1,0x1f4b10ffb832581ae5a975ed38eeac9f4e960bdf,72654933449074075,,,call,2300,0,0,0,
6354886,1,1537281007,0x4bd60ef0b4fa627f662f88bf200911e8d27a94d26c53445baec5ce5e32e814f4,0xb1690c08e213a35ed9bab7b318de14420fb57d8c,0x1f4b10ffb832581ae5a975ed38eeac9f4e960bdf,57750000000000000,,,call,2300,0,0,0,
6356257,1,1537300771,0xb2bc282fba3a985f00867fc35d161dd5195d0bbf864ce6b90bed9f1a7f64fa9a,0xe7232a9fd8bf427aa41918bc008d32290e22990e,0x1f4b10ffb832581ae5a975ed38eeac9f4e960bdf,55955000000000000,,,call,2300,0,0,0,
6368615,1,1537476823,0x6729f1792cc1bc01d89d3e182e59a3ef9dc6247a75be6fa764227e58883ab9b9,0xe7232a9fd8bf427aa41918bc008d32290e22990e,0x1f4b10ffb832581ae5a975ed38eeac9f4e960bdf,27550000000000000,,,call,2300,0,0,0,
6369209,1,1537485454,0x1b8dcb39b0e2babec9aef22727189d526ed92d193317efd9bb30a2412b351aec,0xf4985070ce32b6b1994329df787d1acc9a2dd9e2,0x1f4b10ffb832581ae5a975ed38eeac9f4e960bdf,306400000000000000,,,call,2300,0,0,0,
6375369,1,1537572924,0x827755b5874de672a6fb411010c6047b470fb9422c224d03742bdc45aa068c63,0xe7232a9fd8bf427aa41918bc008d32290e22990e,0x1f4b10ffb832581ae5a975ed38eeac9f4e960bdf,151050000000000000,,,call,2300,0,0,0,
6386835,1,1537736354,0x5308737ebc4518f9722fa602f0efbf8ff34d5616bd613094a783cdceadf14c45,0xe658e6eb4b478da2cf36d9e3712ba0c1b33786a1,0x1f4b10ffb832581ae5a975ed38eeac9f4e960bdf,21825689236111112,,,call,2300,0,0,0,
6389072,1,1537768043,0x88fdd84abbadff8fa02d22fabbc8fe507bda1b01d5dcaa7eef2ca48326cf7b54,0xe658e6eb4b478da2cf36d9e3712ba0c1b33786a1,0x1f4b10ffb832581ae5a975ed38eeac9f4e960bdf,21800922949735451,,,call,2300,0,0,0,
6404620,1,1537988521,0xd54a6c557d9aa4c9555b2c211dd6b71cc745576eece6ea15b2039bafec58eca9,0xe658e6eb4b478da2cf36d9e3712ba0c1b33786a1,0x1f4b10ffb832581ae5a975ed38eeac9f4e960bdf,46327861317791007,,,call,2300,0,0,0,
6411562,1,1538087175,0x632f5d7b069073ca88beb1e757d3fe3d1a884ab13d3f55b21d19b312ac742330,0xf4985070ce32b6b1994329df787d1acc9a2dd9e2,0x1f4b10ffb832581ae5a975ed38eeac9f4e960bdf,247035000000000000,,,call,2300,0,0,0,
6420022,1,1538207243,0x92d78518e5ed51dbf0ad20dea4b2791cee7af249755af94f65d08c7d0c5a6502,0xe7232a9fd8bf427aa41918bc008d32290e22990e,0x1f4b10ffb832581ae5a975ed38eeac9f4e960bdf,94050000000000000,,,call,2300,0,0,0,
6421612,1,1538229129,0xa4fb01846d2a1fefb2c537ba023ad682d363f3fbe5e43bb8341c0b1f56f30b8d,0xe7232a9fd8bf427aa41918bc008d32290e22990e,0x1f4b10ffb832581ae5a975ed38eeac9f4e960bdf,46550000000000000,,,call,2300,0,0,0,
6421703,1,1538230505,0xe6206222b784e94d2de0cc51866f908a9c3e75a591a0abcc1741c098a29baadb,0xe7232a9fd8bf427aa41918bc008d32290e22990e,0x1f4b10ffb832581ae5a975ed38eeac9f4e960bdf,21850000000000000,,,call,2300,0,0,0,
6422978,1,1538248417,0xd1675067d29a915c150dc672d5d94998ca382e11c4aefc10c12133feba73bb0c,0xe7232a9fd8bf427aa41918bc008d32290e22990e,0x1f4b10ffb832581ae5a975ed38eeac9f4e960bdf,33250000000000000,,,call,2300,0,0,0,
6423323,1,1538253249,0x10003068daedd9b7d66f8f18e685f6126627bb5a5990d7d421212bb5c344a724,0xe7232a9fd8bf427aa41918bc008d32290e22990e,0x1f4b10ffb832581ae5a975ed38eeac9f4e960bdf,190000000000000000,,,call,2300,0,0,0,
6424297,1,1538267678,0xb48e1453672001f0c06111c327abf4babf22c766d5609c69fc938190b0750280,0xe7232a9fd8bf427aa41918bc008d32290e22990e,0x1f4b10ffb832581ae5a975ed38eeac9f4e960bdf,37050000000000000,,,call,2300,0,0,0,
6425240,1,1538280178,0x99723e08ca8fa04ce297c45ff284ff5b718e5ed2a074749198ef1cd56cf6bdda,0xe7232a9fd8bf427aa41918bc008d32290e22990e,0x1f4b10ffb832581ae5a975ed38eeac9f4e960bdf,126166069444444445,,,call,2300,0,0,0,
6425722,1,1538287020,0x44622d7b1ada1a3629fdd0172b4e67a3ed99596f118e82015a0df0d2ad848141,0xe7232a9fd8bf427aa41918bc008d32290e22990e,0x1f4b10ffb832581ae5a975ed38eeac9f4e960bdf,36100000000000000,,,call,2300,0,0,0,
6426410,1,1538297743,0x4b5658f7db7704be71e8f3d6df5856a0640f9af04cf15071dc0d907456ec63e1,0xe7232a9fd8bf427aa41918bc008d32290e22990e,0x1f4b10ffb832581ae5a975ed38eeac9f4e960bdf,36955000000000000,,,call,2300,0,0,0,
6429171,2,1538336714,0x7a7451af801c5819c19fe0619c6beeee26f9cea657596d7a23c6214b93a9ddbc,0xe7232a9fd8bf427aa41918bc008d32290e22990e,0x1f4b10ffb832581ae5a975ed38eeac9f4e960bdf,15432098765433,,,call,2300,0,1,0,
6433177,2,1538393351,0x95430608ca25678bfb6b522755ef21df2c9f6fedfc543081aae6ec5ef844d8f4,0xe7232a9fd8bf427aa41918bc008d32290e22990e,0x1f4b10ffb832581ae5a975ed38eeac9f4e960bdf,8680555555556,,,call,2300,0,1,0,
6434093,1,1538406699,0x60d5eb9d995c9b9c7914be18331533b08207941f576202b1a2102ffd64863c0f,0xc02aaa39b223fe8d0a0e5c4f27ead9083c756cc2,0x1f4b10ffb832581ae5a975ed38eeac9f4e960bdf,75000000000000000,,,call,2300,0,0,0,
6439865,5,1538487667,0x5ad7abbc1af8bae3165901be2a83c29098782d60d6000ba7792ceb052933e1a8,0x7be8076f4ea4a4ad08075c2508e481d6c946d12b,0x1f4b10ffb832581ae5a975ed38eeac9f4e960bdf,166671358935814249,,,call,2300,0,4,0,
6448143,1,1538604925,0x8b9119367b0e3b574aff2979edfc1ae505d4e7a49aae0cbf300eadbfdc3e77dd,0xb1690c08e213a35ed9bab7b318de14420fb57d8c,0x1f4b10ffb832581ae5a975ed38eeac9f4e960bdf,9625000000000000,,,call,2300,0,0,0,
6459918,1,1538770653,0x62792c26e5930192dc3d2351e760936f4a5dc133b199e3daefda0716b33531da,0xe658e6eb4b478da2cf36d9e3712ba0c1b33786a1,0x1f4b10ffb832581ae5a975ed38eeac9f4e960bdf,102598350694444445,,,call,2300,0,0,0,
6466927,1,1538867780,0xfc37eb0fa715502b2c38b3f6a73fb9fe1fb98f4fff8c9e9518cc313bd60f03b7,0xb1690c08e213a35ed9bab7b318de14420fb57d8c,0x1f4b10ffb832581ae5a975ed38eeac9f4e960bdf,24062500000000000,,,call,2300,0,0,0,
6473522,1,1538959326,0x136fb20bd818cfae1bc8581150bab40f9a9503fcc37d8b70b27eab6329280752,0xe7232a9fd8bf427aa41918bc008d32290e22990e,0x1f4b10ffb832581ae5a975ed38eeac9f4e960bdf,65550000000000000,,,call,2300,0,0,0,
6476021,1,1538994273,0xb1dfdc811127eb417fa58bf6df2da3211c9baea6a8ed9badeb5ba1561d704f65,0xe7232a9fd8bf427aa41918bc008d32290e22990e,0x1f4b10ffb832581ae5a975ed38eeac9f4e960bdf,170629829861111112,,,call,2300,0,0,0,
6492436,1,1539224352,0xdf53205bf19eace4a314d3efbe9a89c32a670de25a5ea4afe7fbf8f736582015,0xe7232a9fd8bf427aa41918bc008d32290e22990e,0x1f4b10ffb832581ae5a975ed38eeac9f4e960bdf,46550000000000000,,,call,2300,0,0,0,
6505891,1,1539413643,0xd3b5fc0c09bda9b6ac52c99eee0699dd3178bb8a95dc340a203bd40c4e7ead33,0xe7232a9fd8bf427aa41918bc008d32290e22990e,0x1f4b10ffb832581ae5a975ed38eeac9f4e960bdf,84550000000000000,,,call,2300,0,0,0,
6517392,1,1539574422,0x045913e4ff0eea8777c5d0d6e98d186d716c49cc1ff169102acf01bfb1bd8979,0xe7232a9fd8bf427aa41918bc008d32290e22990e,0x1f4b10ffb832581ae5a975ed38eeac9f4e960bdf,20900000000000000,,,call,2300,0,0,0,
6518917,5,1539595862,0x40ad08320e12c9dfd933790c3b29a8bc66242a86edaa7a36da926aa04cb2162a,0x7be8076f4ea4a4ad08075c2508e481d6c946d12b,0x1f4b10ffb832581ae5a975ed38eeac9f4e960bdf,77025000000000000,,,call,2300,0,4,0,
6530460,1,1539759211,0xda2aaa118c90e17d778a9f2575cf9c29a58b7b5fd6d6e58c5ce6fb029e15534b,0xf4985070ce32b6b1994329df787d1acc9a2dd9e2,0x1f4b10ffb832581ae5a975ed38eeac9f4e960bdf,229800000000000000,,,call,2300,0,0,0,
6627950,4,1541137580,0xc4c8906c6cf4e2e0c13819e15de9f305ff9c16d28365043314d44903cf91d550,0x7be8076f4ea4a4ad08075c2508e481d6c946d12b,0x1f4b10ffb832581ae5a975ed38eeac9f4e960bdf,184000000000000000,,,call,2300,0,3,0,
6630843,5,1541178192,0x43c17a6f8d847bd9baf48791e19a3bb1b8cd6f79a7d91bbf200640f3590208df,0x7be8076f4ea4a4ad08075c2508e481d6c946d12b,0x1f4b10ffb832581ae5a975ed38eeac9f4e960bdf,14625000000000000,,,call,2300,0,4,0,
6635591,2,1541245646,0x4f1e7a7379a6f9782f36e63b11ba97cca3ee567a9adc20d3738bb564d1358017,0xe7232a9fd8bf427aa41918bc008d32290e22990e,0x1f4b10ffb832581ae5a975ed38eeac9f4e960bdf,8688888888889,,,call,2300,0,1,0,
6649160,1,1541438085,0x86895347b03c0467768bc4f210c96e0fe3bc535c9526f05c5f2c4853e5c4f3dc,0xe7232a9fd8bf427aa41918bc008d32290e22990e,0x1f4b10ffb832581ae5a975ed38eeac9f4e960bdf,37050000000000000,,,call,2300,0,0,0,
6649517,1,1541443268,0x0f213af4fc612750ebea1385c225cd7dc56f3715633c00a8041538bb6d6c2043,0xe7232a9fd8bf427aa41918bc008d32290e22990e,0x1f4b10ffb832581ae5a975ed38eeac9f4e960bdf,43605000000000000,,,call,2300,0,0,0,
6650282,1,1541453483,0xf754acb7afa90b71eb84df49a944c46b513ba7e6fc348d298ecac7985371553b,0xe7232a9fd8bf427aa41918bc008d32290e22990e,0x1f4b10ffb832581ae5a975ed38eeac9f4e960bdf,122550000000000000,,,call,2300,0,0,0,
6668664,3,1541713996,0x0ac32b22d0670cb2ecd657e733aaf62ce78959dd7aa7318ee0353bc401467a70,0xc7af99fe5513eb6710e6d5f44f9989da40f27f26,0x1f4b10ffb832581ae5a975ed38eeac9f4e960bdf,14351030960648150,,,call,2300,0,1_0,0,
6672531,5,1541768804,0xdad71b81d32fbe0391e0f8d99136120e4e4e3589d26f684c9ff25432cf355daa,0x7be8076f4ea4a4ad08075c2508e481d6c946d12b,0x1f4b10ffb832581ae5a975ed38eeac9f4e960bdf,112125000000000000,,,call,2300,0,4,0,
6673796,3,1541786819,0x48eaa1d6bec078cc6c38a8418aabd1bbb39736d4baa6812a8b63a3a9f04dc0fd,0xc7af99fe5513eb6710e6d5f44f9989da40f27f26,0x1f4b10ffb832581ae5a975ed38eeac9f4e960bdf,9625000000000000,,,call,2300,0,1_0,0,
6674923,1,1541802888,0x7acb62e6ee7b1ceef917e99199e3b22e783667f5b0ca5ac043cafa16e4c2fe14,0xb1690c08e213a35ed9bab7b318de14420fb57d8c,0x1f4b10ffb832581ae5a975ed38eeac9f4e960bdf,28422625000000000,,,call,2300,0,0,0,
6675019,1,1541804268,0x22b285de89e578427e4cde77fa0786dd129ec5424fd4dfb7c773dc6b35c8be84,0xc02aaa39b223fe8d0a0e5c4f27ead9083c756cc2,0x1f4b10ffb832581ae5a975ed38eeac9f4e960bdf,19300000000000000,,,call,2300,0,0,0,
6680944,1,1541887856,0x1e014f650c31af5144b9cb3fce7471608d7a5f484faafed805156a0bb6eaaf18,0xb1690c08e213a35ed9bab7b318de14420fb57d8c,0x1f4b10ffb832581ae5a975ed38eeac9f4e960bdf,187542790798611111,,,call,2300,0,0,0,
6683542,3,1541924762,0xdec3051a90c23b2aefe9e1d7b4d92b8f027deebb5fc5eae102610e6826e7df69,0xc7af99fe5513eb6710e6d5f44f9989da40f27f26,0x1f4b10ffb832581ae5a975ed38eeac9f4e960bdf,5156638310185186,,,call,2300,0,1_0,0,
6685040,3,1541945762,0xc34830842ba4f74aa01189fb112d650d1f9265e226e7a92f1ca5c5564a775f7a,0xc7af99fe5513eb6710e6d5f44f9989da40f27f26,0x1f4b10ffb832581ae5a975ed38eeac9f4e960bdf,4770546585648150,,,call,2300,0,1_0,0,
6686470,3,1541965963,0x4468327019c10cc29e45155998b563321747da2c7e9c55d692feaeaeafbd6a7c,0xc7af99fe5513eb6710e6d5f44f9989da40f27f26,0x1f4b10ffb832581ae5a975ed38eeac9f4e960bdf,15936148148148150,,,call,2300,0,1_0,0,
6686568,1,1541967079,0xeb981ffb477f3bcdfbf3d321403956770f79974265f0b87815a4e7892b974152,0xb1690c08e213a35ed9bab7b318de14420fb57d8c,0x1f4b10ffb832581ae5a975ed38eeac9f4e960bdf,19841335937500000,,,call,2300,0,0,0,
6686689,3,1541968806,0x3a3f6b8e79c82730540adf1c10c2bad6e4750f5d0d8341908544751414a907c2,0xc7af99fe5513eb6710e6d5f44f9989da40f27f26,0x1f4b10ffb832581ae5a975ed38eeac9f4e960bdf,4809273174189816,,,call,2300,0,1_0,0,
6686691,3,1541968830,0xbeba8e8b37d5080c691cdf5aa1ac4cde9a65c4f4d9839639edc82433be310c7b,0xc7af99fe5513eb6710e6d5f44f9989da40f27f26,0x1f4b10ffb832581ae5a975ed38eeac9f4e960bdf,4809301469907408,,,call,2300,0,1_0,0,
6686694,1,1541968874,0x8d69f801079109ca4ff98ae95616a9bede49ff9229898347057c2f06cc9bce0e,0xb1690c08e213a35ed9bab7b318de14420fb57d8c,0x1f4b10ffb832581ae5a975ed38eeac9f4e960bdf,95917670138888890,,,call,2300,0,0,0,
6686704,1,1541969040,0xdff9505d30a1f864f8b3364a87ce2e4aac5779c08b5af8bb82dc7969806b499e,0xb1690c08e213a35ed9bab7b318de14420fb57d8c,0x1f4b10ffb832581ae5a975ed38eeac9f4e960bdf,3850000000000000,,,call,2300,0,0,0,
6686713,3,1541969237,0x6989bc44910fc1d3496587e65b2a3a92b5bed8c0d3e5cb8a125f4a3883285bb9,0xc7af99fe5513eb6710e6d5f44f9989da40f27f26,0x1f4b10ffb832581ae5a975ed38eeac9f4e960bdf,47128411458333334,,,call,2300,0,1_0,0,
6686734,1,1541969507,0x288815c210841a4ff0b599a16a9ca6f6301aef89fbac1d78bb406a34c98da9d9,0xb1690c08e213a35ed9bab7b318de14420fb57d8c,0x1f4b10ffb832581ae5a975ed38eeac9f4e960bdf,13919421006944446,,,call,2300,0,0,0,
6687311,2,1541977835,0x57379e85815acab79776dd817a35d1af4cf3d502a7c18fd3ce9cfdcd780b2405,0xe7232a9fd8bf427aa41918bc008d32290e22990e,0x1f4b10ffb832581ae5a975ed38eeac9f4e960bdf,22916666666666,,,call,2300,0,1,0,
6688098,3,1541988624,0x887866b722c5e115a2e346ecfd44e990712a18dc61523531efe314bbc4fd1f93,0xc7af99fe5513eb6710e6d5f44f9989da40f27f26,0x1f4b10ffb832581ae5a975ed38eeac9f4e960bdf,18287500000000000,,,call,2300,0,1_0,0,
6689436,1,1542007965,0x05325040fdc3ff3e109dd46a53296d71d64b178e905ccbbda4eefa94079d6385,0xb1690c08e213a35ed9bab7b318de14420fb57d8c,0x1f4b10ffb832581ae5a975ed38eeac9f4e960bdf,27912500000000000,,,call,2300,0,0,0,
6689436,3,1542007965,0x9f5a032614d6b7acca2799f75558d36bfc511e9a8a8d459f01dfd4618851023e,0xc7af99fe5513eb6710e6d5f44f9989da40f27f26,0x1f4b10ffb832581ae5a975ed38eeac9f4e960bdf,3842028461371529,,,call,2300,0,1_0,0,
6691352,1,1542035312,0xd89000e76953a98c4d11afcdb9cdeeb4acc84dee5b6ef048cfc483482d11ed29,0xb1690c08e213a35ed9bab7b318de14420fb57d8c,0x1f4b10ffb832581ae5a975ed38eeac9f4e960bdf,25179066840277779,,,call,2300,0,0,0,
6692494,1,1542050991,0x6c47631f00bf2112272fbd2d777a134cc7c6e2ba2562892b1ec14bd0aef70ea2,0xb1690c08e213a35ed9bab7b318de14420fb57d8c,0x1f4b10ffb832581ae5a975ed38eeac9f4e960bdf,17537641203703704,,,call,2300,0,0,0,
6692584,3,1542052209,0x6547ed897136c26b165a1cd87b8a4163b1c295f8db1e7c0983248754441a0aae,0xc7af99fe5513eb6710e6d5f44f9989da40f27f26,0x1f4b10ffb832581ae5a975ed38eeac9f4e960bdf,4796875862268519,,,call,2300,0,1_0,0,
6693007,3,1542057766,0x09ca9b478c1e45b8d860e3f83a5442ac9e454149510c5361e1d1884eb967bd4a,0xc7af99fe5513eb6710e6d5f44f9989da40f27f26,0x1f4b10ffb832581ae5a975ed38eeac9f4e960bdf,16362500000000000,,,call,2300,0,1_0,0,
6694793,3,1542082800,0x625a0c6a12a6049b9c1198fb9f6a1756510571677ff267b3ef14ed31d30c1eb1,0xc7af99fe5513eb6710e6d5f44f9989da40f27f26,0x1f4b10ffb832581ae5a975ed38eeac9f4e960bdf,5775000000000000,,,call,2300,0,1_0,0,
6694990,3,1542085532,0x5e0be08e7a29148804dfcccce9369c83b9d700ce3579cd5ed8d59f5e3e65845a,0xc7af99fe5513eb6710e6d5f44f9989da40f27f26,0x1f4b10ffb832581ae5a975ed38eeac9f4e960bdf,4753761655092594,,,call,2300,0,1_0,0,
6695280,3,1542089842,0x22c6db1efd1d602d6e4698c519f77d6e9365cc32834a0fdb3b45a081372a6dc8,0xc7af99fe5513eb6710e6d5f44f9989da40f27f26,0x1f4b10ffb832581ae5a975ed38eeac9f4e960bdf,4653412181712964,,,call,2300,0,1_0,0,
6695310,1,1542090329,0x285726d1ba712d417982dac2cf36cae3314aa8eaffddc0c4ab6ac52aa8714508,0xb1690c08e213a35ed9bab7b318de14420fb57d8c,0x1f4b10ffb832581ae5a975ed38eeac9f4e960bdf,11449160300925927,,,call,2300,0,0,0,
6696327,3,1542104846,0x15d639e762a3e5340da22e6a9bb87599e18b5cfb8dbf74a087e0ff64443624d4,0xc7af99fe5513eb6710e6d5f44f9989da40f27f26,0x1f4b10ffb832581ae5a975ed38eeac9f4e960bdf,4778836339699075,,,call,2300,0,1_0,0,
6696971,1,1542114156,0xe6cc9d192db82059afc701984bd11171806dc1f96cc196750bc608bf4835f99e,0xb1690c08e213a35ed9bab7b318de14420fb57d8c,0x1f4b10ffb832581ae5a975ed38eeac9f4e960bdf,122211655092592594,,,call,2300,0,0,0,
6699087,1,1542144563,0x7323bdecca8edd0b2948d9fc8812ce42ca33c944d05a2a8dd3da7d1cdc6e18af,0xb1690c08e213a35ed9bab7b318de14420fb57d8c,0x1f4b10ffb832581ae5a975ed38eeac9f4e960bdf,8662500000000000,,,call,2300,0,0,0,
6699594,1,1542151056,0x5ce10546bc5338f88a50ec92c62a6cab90115dd5e3b5f43896ea78ad46394eb4,0xb1690c08e213a35ed9bab7b318de14420fb57d8c,0x1f4b10ffb832581ae5a975ed38eeac9f4e960bdf,38500000000000000,,,call,2300,0,0,0,
6700567,1,1542164696,0x946214f3f3e0960b0d83764213f9fd2908c1161cd56572944b193ff127a27af6,0xb1690c08e213a35ed9bab7b318de14420fb57d8c,0x1f4b10ffb832581ae5a975ed38eeac9f4e960bdf,14216570601851851,,,call,2300,0,0,0,
6704521,1,1542221652,0xac5c0282ef8e11cb6db3a095bd038a5207f0f3c1107c0080e86d64d078353965,0xb1690c08e213a35ed9bab7b318de14420fb57d8c,0x1f4b10ffb832581ae5a975ed38eeac9f4e960bdf,33687500000000000,,,call,2300,0,0,0,
6704553,1,1542221997,0x0e5a15b1af694bdf34cf7a7fe62feca16247ef168826971a9bee78cb16700a33,0xb1690c08e213a35ed9bab7b318de14420fb57d8c,0x1f4b10ffb832581ae5a975ed38eeac9f4e960bdf,13244534722222223,,,call,2300,0,0,0,
6704791,1,1542225288,0xb2758bc81519151237fc1f736575a47321c3715847e786f8857b4c4bd88d0367,0xb1690c08e213a35ed9bab7b318de14420fb57d8c,0x1f4b10ffb832581ae5a975ed38eeac9f4e960bdf,98303667534722223,,,call,2300,0,0,0,
6705497,2,1542234767,0xeffe96f15521008406c7c10289c0b7da9d5d8522772cff58a482b78c08b9ef5a,0xb1690c08e213a35ed9bab7b318de14420fb57d8c,0x1f4b10ffb832581ae5a975ed38eeac9f4e960bdf,10719468669173,,,call,2300,0,1,0,
6705846,2,1542239913,0x8c2e304c8b554ee035e77b23cb9d17be0ba22d52b3962764874cca80dbc368e9,0xb1690c08e213a35ed9bab7b318de14420fb57d8c,0x1f4b10ffb832581ae5a975ed38eeac9f4e960bdf,3195694644621,,,call,2300,0,1,0,
6706683,3,1542252105,0xeff2093e6aad8d1d25473d00dd49eaf6076ae847ff15ad6ae7d82389177beeeb,0xc7af99fe5513eb6710e6d5f44f9989da40f27f26,0x1f4b10ffb832581ae5a975ed38eeac9f4e960bdf,8638615740740742,,,call,2300,0,1_0,0,
6706693,3,1542252288,0xb980d5654a80d3fdfbef722b5e3aed7780f90ceb503c631a3ebbdc38b9791b78,0xc7af99fe5513eb6710e6d5f44f9989da40f27f26,0x1f4b10ffb832581ae5a975ed38eeac9f4e960bdf,30800000000000000,,,call,2300,0,1_0,0,
6706847,3,1542254366,0x114232e770989cd5f4ffe0439b155149f1a944960390068e1171af8e57e43ec5,0xc7af99fe5513eb6710e6d5f44f9989da40f27f26,0x1f4b10ffb832581ae5a975ed38eeac9f4e960bdf,33687500000000000,,,call,2300,0,1_0,0,
6707577,1,1542264894,0xe3e26e9bb33a17aa6c6065454ff910b71a2907de6c547cf8c6929ab1cac64564,0xb1690c08e213a35ed9bab7b318de14420fb57d8c,0x1f4b10ffb832581ae5a975ed38eeac9f4e960bdf,115500000000000000,,,call,2300,0,0,0,
6707696,1,1542266593,0x0c23572495d296c144c90a9fc259beb9add1c76477e6f98c48cf5e55d7c8dd8f,0xb1690c08e213a35ed9bab7b318de14420fb57d8c,0x1f4b10ffb832581ae5a975ed38eeac9f4e960bdf,41627122395833334,,,call,2300,0,0,0,
6708331,2,1542275395,0x23b1b20c781e9391483c78339125abc35f22324b1214fbd2a6a71f9769924fd0,0xb1690c08e213a35ed9bab7b318de14420fb57d8c,0x1f4b10ffb832581ae5a975ed38eeac9f4e960bdf,4085887958850,,,call,2300,0,1,0,
6708964,1,1542284247,0xfd6c603a135fee0975106bacd1d2d24ac54520d1d0ad2393f27f0fa5fbbdd08b,0xb1690c08e213a35ed9bab7b318de14420fb57d8c,0x1f4b10ffb832581ae5a975ed38eeac9f4e960bdf,36126724537037038,,,call,2300,0,0,0,
6709167,3,1542287315,0x9bcca951e751cd4e531e2d38beb5ec2f41ddb006b6fbb664f5880d8183f70e8a,0xc7af99fe5513eb6710e6d5f44f9989da40f27f26,0x1f4b10ffb832581ae5a975ed38eeac9f4e960bdf,95294852430555555,,,call,2300,0,1_0,0,
6709240,3,1542288294,0x1039c186d3f6e6033ee6e56a692d84988c523a6e8ece109d192f63c9f72b56e8,0xc7af99fe5513eb6710e6d5f44f9989da40f27f26,0x1f4b10ffb832581ae5a975ed38eeac9f4e960bdf,5659076678240742,,,call,2300,0,1_0,0,
6709636,3,1542293648,0x17a9dea49d7e7dadfb25b21d61c5a6b07fbbb029b1ecc40cf7468d30ef9a707a,0xc7af99fe5513eb6710e6d5f44f9989da40f27f26,0x1f4b10ffb832581ae5a975ed38eeac9f4e960bdf,85662500000000000,,,call,2300,0,1_0,0,
6709807,1,1542296281,0xb1a99f4018e794582e4148db08ac9f1233f9f8ca8f395a53534c25ffa0c34a26,0xb1690c08e213a35ed9bab7b318de14420fb57d8c,0x1f4b10ffb832581ae5a975ed38eeac9f4e960bdf,282930885416666667,,,call,2300,0,0,0,
6709912,1,1542297610,0x1b24d68395366204f07dc566389cb37198b81e47ba001f9792a2ada4f8d1ff8c,0xb1690c08e213a35ed9bab7b318de14420fb57d8c,0x1f4b10ffb832581ae5a975ed38eeac9f4e960bdf,57750000000000000,,,call,2300,0,0,0,
6710383,1,1542304503,0x9573ad981a2a9d8801defcf94e3607a644953dcf4d78e2e2d063c95ef30bf27b,0xb1690c08e213a35ed9bab7b318de14420fb57d8c,0x1f4b10ffb832581ae5a975ed38eeac9f4e960bdf,33687500000000000,,,call,2300,0,0,0,
6710885,2,1542311685,0x6831b57de38bb1c3be4f0f84e8356845fbbbb14d1b68d0e63fbd282e79720881,0xb1690c08e213a35ed9bab7b318de14420fb57d8c,0x1f4b10ffb832581ae5a975ed38eeac9f4e960bdf,3807882844370,,,call,2300,0,1,0,
6710954,1,1542312545,0xc59864f6b3a37e00df277af8f4ceba5487ab91fc7474b55e2070d09fce46bfed,0xb1690c08e213a35ed9bab7b318de14420fb57d8c,0x1f4b10ffb832581ae5a975ed38eeac9f4e960bdf,65850150462962964,,,call,2300,0,0,0,
6711495,1,1542320013,0x1f942fd80ed618562ed8d3984bb877e5e005bf9d1649cd09604b932111f3ad8a,0xb1690c08e213a35ed9bab7b318de14420fb57d8c,0x1f4b10ffb832581ae5a975ed38eeac9f4e960bdf,4812331413966051,,,call,2300,0,0,0,
6711667,3,1542322769,0xae707ae164e8d539b86c4179ecd487b24f8d1e9de29cc1c45704df368cdfb566,0xc7af99fe5513eb6710e6d5f44f9989da40f27f26,0x1f4b10ffb832581ae5a975ed38eeac9f4e960bdf,5592748842592594,,,call,2300,0,1_0,0,
6711871,1,1542325575,0xe4cc63cbdeb5d4ad992897e90d547a48348e3a75b9b01cd4f5d7b343aa2b8092,0xb1690c08e213a35ed9bab7b318de14420fb57d8c,0x1f4b10ffb832581ae5a975ed38eeac9f4e960bdf,38083585069444446,,,call,2300,0,0,0,
6712228,3,1542330498,0x0a1c71b5a2cd98f1b8acc0f864ba61dabf54b0af383a5d03a8332be678191d8d,0xc7af99fe5513eb6710e6d5f44f9989da40f27f26,0x1f4b10ffb832581ae5a975ed38eeac9f4e960bdf,4812139062500000,,,call,2300,0,1_0,0,
6712278,3,1542331290,0xd3c7aeabd38087d0419c1b46f2606d8f14acc590ca18dfeaa55008f8989c8373,0xc7af99fe5513eb6710e6d5f44f9989da40f27f26,0x1f4b10ffb832581ae5a975ed38eeac9f4e960bdf,56787500000000000,,,call,2300,0,1_0,0,
6712424,1,1542333406,0x9014f0b7eadf2841a9f53b7bc1a85439353572a49c4ebb86eb40723dc7a03e42,0xb1690c08e213a35ed9bab7b318de14420fb57d8c,0x1f4b10ffb832581ae5a975ed38eeac9f4e960bdf,47162500000000000,,,call,2300,0,0,0,
6712475,3,1542334118,0xfd8df5d21ed63fe701dc7f0f43421be22964a1f4a88fad667e4add0592d801b1,0xc7af99fe5513eb6710e6d5f44f9989da40f27f26,0x1f4b10ffb832581ae5a975ed38eeac9f4e960bdf,118165590277777779,,,call,2300,0,1_0,0,
6712500,2,1542334458,0x38e857140e3644a3e57a7645afb58d5d9380850ba995baa0e520f4818df703ef,0xb1690c08e213a35ed9bab7b318de14420fb57d8c,0x1f4b10ffb832581ae5a975ed38eeac9f4e960bdf,2792266800573,,,call,2300,0,1,0,
6712514,1,1542334641,0x4e90f860f2d79271eda86cdaac4192377dbc96aaa88f4484b918ac757d6b1f27,0xb1690c08e213a35ed9bab7b318de14420fb57d8c,0x1f4b10ffb832581ae5a975ed38eeac9f4e960bdf,95206957465277779,,,call,2300,0,0,0,
6712518,3,1542334709,0x847a5f8f363cdfc694116579cd01df9f7b64228bfe7a13ccf1eb1816c765142e,0xc7af99fe5513eb6710e6d5f44f9989da40f27f26,0x1f4b10ffb832581ae5a975ed38eeac9f4e960bdf,4808772540509260,,,call,2300,0,1_0,0,
6712541,3,1542335040,0x827ae36ea94758b8c2e0229dc03b3fdb896ba83827d5accc402f6c8e210b425c,0xc7af99fe5513eb6710e6d5f44f9989da40f27f26,0x1f4b10ffb832581ae5a975ed38eeac9f4e960bdf,4805185445601852,,,call,2300,0,1_0,0,
6712775,3,1542338165,0x9922d1a04390f4961787c92a0d68532ff13cc86ba14a04290a81206749c2244e,0xc7af99fe5513eb6710e6d5f44f9989da40f27f26,0x1f4b10ffb832581ae5a975ed38eeac9f4e960bdf,3875208333333334,,,call,2300,0,1_0,0,
6713228,1,1542344418,0x95f867ed845aabd2b581e3b19bc5d29bab25931cbc33a3376ea860e56a9b0264,0xb1690c08e213a35ed9bab7b318de14420fb57d8c,0x1f4b10ffb832581ae5a975ed38eeac9f4e960bdf,11373185185185186,,,call,2300,0,0,0,
6714001,1,1542355066,0x1b8d8d458d5cd3824fb32e700b24756d0de6e9bccbd56b54e0509a9ad5a3b43c,0xb1690c08e213a35ed9bab7b318de14420fb57d8c,0x1f4b10ffb832581ae5a975ed38eeac9f4e960bdf,12666366319444445,,,call,2300,0,0,0,
6714142,1,1542356853,0xf8d06bc5b5bd6405917fe15cf287588e43b3b04c612d438eb05cc92406f888ed,0xb1690c08e213a35ed9bab7b318de14420fb57d8c,0x1f4b10ffb832581ae5a975ed38eeac9f4e960bdf,135986545138888890,,,call,2300,0,0,0,
6714309,1,1542359105,0x20dbc53358ecfeff0ea95646dbf7b641e3e5cf629795cdda36fa4862a749ece9,0xb1690c08e213a35ed9bab7b318de14420fb57d8c,0x1f4b10ffb832581ae5a975ed38eeac9f4e960bdf,33623778935185186,,,call,2300,0,0,0,
6714411,3,1542360322,0x189877078035bc261cc4a0055dbe9c2b67777c89b1c8f064ec7d3df239438b6c,0xc7af99fe5513eb6710e6d5f44f9989da40f27f26,0x1f4b10ffb832581ae5a975ed38eeac9f4e960bdf,95287500000000000,,,call,2300,0,1_0,0,
6715081,2,1542369796,0xf2ed7ce1342ba9070fe19dd4d678c368e90b0476b58f71168e3d424b54456aa7,0xb1690c08e213a35ed9bab7b318de14420fb57d8c,0x1f4b10ffb832581ae5a975ed38eeac9f4e960bdf,2261229895528,,,call,2300,0,1,0,
6715116,2,1542370106,0xf8f0f800d81064687442159bb1e06f7004084b67b4694776d8ed234bc08b8241,0xb1690c08e213a35ed9bab7b318de14420fb57d8c,0x1f4b10ffb832581ae5a975ed38eeac9f4e960bdf,282349178048,,,call,2300,0,1,0,
6716462,3,1542389740,0x94ce3eb32d55472ecb7929b5e2a9ff44d3020b00105730d998cdc78c3a4f3de0,0xc7af99fe5513eb6710e6d5f44f9989da40f27f26,0x1f4b10ffb832581ae5a975ed38eeac9f4e960bdf,62891799768518519,,,call,2300,0,1_0,0,
6716540,1,1542390842,0x9e1e15cb75fee70fd030a0a7848399b19e6b179f782cf385bf88deaa5b239678,0xb1690c08e213a35ed9bab7b318de14420fb57d8c,0x1f4b10ffb832581ae5a975ed38eeac9f4e960bdf,4812500000000000,,,call,2300,0,0,0,
6716594,3,1542391658,0x016794bcb9c9d0b753c2a81997fede053ffcb4b7ce406564f924443c210920f7,0xc7af99fe5513eb6710e6d5f44f9989da40f27f26,0x1f4b10ffb832581ae5a975ed38eeac9f4e960bdf,19336892361111112,,,call,2300,0,1_0,0,
6717017,1,1542397854,0x1e9999b47302c0e8d3f8f3fc47ea1adbcee09c3e2bdf70b9d16b60e37c51bf95,0x23b45c658737b12f1748ce56e9b6784b5e9f3ff8,0x1f4b10ffb832581ae5a975ed38eeac9f4e960bdf,59250000000000000,,,call,2300,0,0,0,
6717070,1,1542398659,0xa726b46c0e13943db31b42a3bcec84522bf870ab2dc1cb8c3a9e3404cd8f9fb6,0xb1690c08e213a35ed9bab7b318de14420fb57d8c,0x1f4b10ffb832581ae5a975ed38eeac9f4e960bdf,77724994212962964,,,call,2300,0,0,0,
6717417,1,1542403434,0xad99150db28eccf0f69f98b28d0fce6677a7c0bcf4f79bec7c75f15ac476d8c9,0xb1690c08e213a35ed9bab7b318de14420fb57d8c,0x1f4b10ffb832581ae5a975ed38eeac9f4e960bdf,269500000000000000,,,call,2300,0,0,0,
6717742,3,1542408062,0x6d78b203fa304b78fa4a9d8298202e89bee8a6f2695f4fb6a2e35cedbaabb1d3,0xc7af99fe5513eb6710e6d5f44f9989da40f27f26,0x1f4b10ffb832581ae5a975ed38eeac9f4e960bdf,8662500000000000,,,call,2300,0,1_0,0,
6717771,1,1542408381,0xd21fd41a0e40e9c55739b51ad38a8be3bec39db835bfce2e16dcac26c9427d58,0xb1690c08e213a35ed9bab7b318de14420fb57d8c,0x1f4b10ffb832581ae5a975ed38eeac9f4e960bdf,6736764756944446,,,call,2300,0,0,0,
6718140,3,1542413261,0x6905220dc9bf88ca77cbaacd04b032540958c5cdaf1a4eb176233ecce24d6f0f,0xc7af99fe5513eb6710e6d5f44f9989da40f27f26,0x1f4b10ffb832581ae5a975ed38eeac9f4e960bdf,3026126736111112,,,call,2300,0,1_0,0,
6718407,1,1542417215,0x62c60bec730876759d51616618775186b8918ba74586745ea7aaaf4054fc4236,0xb1690c08e213a35ed9bab7b318de14420fb57d8c,0x1f4b10ffb832581ae5a975ed38eeac9f4e960bdf,85662500000000000,,,call,2300,0,0,0,
6718737,1,1542421940,0x12afa0641a1e237979d67da913793a060fcf001d6a2268eeb982ad72516e56b9,0xb1690c08e213a35ed9bab7b318de14420fb57d8c,0x1f4b10ffb832581ae5a975ed38eeac9f4e960bdf,6737500000000000,,,call,2300,0,0,0,
6719766,3,1542436653,0x37a0d7dabcf872cd8e062c370f0e76286218a82ffc2face3406349607ea02ca5,0xc7af99fe5513eb6710e6d5f44f9989da40f27f26,0x1f4b10ffb832581ae5a975ed38eeac9f4e960bdf,2887500000000000,,,call,2300,0,1_0,0,
6719929,3,1542438873,0x6a037ebc46ba08d75f086c969a11cbd680b9b1487434cb8bbfdf5999d437917a,0xc7af99fe5513eb6710e6d5f44f9989da40f27f26,0x1f4b10ffb832581ae5a975ed38eeac9f4e960bdf,2885182034866900,,,call,2300,0,1_0,0,
6720100,3,1542441406,0xc48c62be71b88848aef7311f87eb845f413a308bd277ff2cc8f332bf8dcf1497,0xc7af99fe5513eb6710e6d5f44f9989da40f27f26,0x1f4b10ffb832581ae5a975ed38eeac9f4e960bdf,3812186226851852,,,call,2300,0,1_0,0,
6720111,3,1542441526,0xd75fcee95387e06ca465664ccb1b0a5100b0dc69663a53a37fb636c2690dfeef,0xc7af99fe5513eb6710e6d5f44f9989da40f27f26,0x1f4b10ffb832581ae5a975ed38eeac9f4e960bdf,4682455873842593,,,call,2300,0,1_0,0,
6720894,3,1542452670,0x893e829120c76bf2f07152896adfa51d6542c79ab8d08032aa3d0bf95151c4bd,0xc7af99fe5513eb6710e6d5f44f9989da40f27f26,0x1f4b10ffb832581ae5a975ed38eeac9f4e960bdf,6737500000000000,,,call,2300,0,1_0,0,
6720917,3,1542452979,0xf0fd465b7c9325463b55942410ee2a8048cf86f3ecf9195a501e8d88bff5ae23,0xc7af99fe5513eb6710e6d5f44f9989da40f27f26,0x1f4b10ffb832581ae5a975ed38eeac9f4e960bdf,8507536385995371,,,call,2300,0,1_0,0,
6721197,3,1542456890,0x94daf2cd16b59c48dedad47aaf19228bc1aac5fc52aa54e48cb241fa6346b92e,0xc7af99fe5513eb6710e6d5f44f9989da40f27f26,0x1f4b10ffb832581ae5a975ed38eeac9f4e960bdf,6656868344907408,,,call,2300,0,1_0,0,
6722242,3,1542471792,0xae07c0bf79b3e80a6578a6779c8eeae5dd72b8744640b1432b7490f32e2ab8cc,0xc7af99fe5513eb6710e6d5f44f9989da40f27f26,0x1f4b10ffb832581ae5a975ed38eeac9f4e960bdf,4787462745949075,,,call,2300,0,1_0,0,
6722592,3,1542476753,0x2c5a2562c34ec874e7392ce122a28844bec0707e0d2b4111fc02fb814622ce8b,0xc7af99fe5513eb6710e6d5f44f9989da40f27f26,0x1f4b10ffb832581ae5a975ed38eeac9f4e960bdf,5775000000000000,,,call,2300,0,1_0,0,
6722595,3,1542476829,0xc23e5ad137da2c55d2fd8f7c0e7e8052c6c986f6af9ffb376179be08676ccd76,0xc7af99fe5513eb6710e6d5f44f9989da40f27f26,0x1f4b10ffb832581ae5a975ed38eeac9f4e960bdf,5775000000000000,,,call,2300,0,1_0,0,
6722940,1,1542481868,0x0868196a5f92e0e49567faaefa2024d5bcd9a330cc647a9c857def29671006b3,0xb1690c08e213a35ed9bab7b318de14420fb57d8c,0x1f4b10ffb832581ae5a975ed38eeac9f4e960bdf,57750000000000000,,,call,2300,0,0,0,
6723272,3,1542486527,0xd4e7328abd1c27b68ea626c18c7b2bca23d93c32e97e78530b89b451031e6897,0xc7af99fe5513eb6710e6d5f44f9989da40f27f26,0x1f4b10ffb832581ae5a975ed38eeac9f4e960bdf,37854144675925927,,,call,2300,0,1_0,0,
6724190,1,1542498760,0xd8175174e05cae8dcec8a1dbff0f924c532b1127d252e7d1e696dd90dc3b55a1,0xb1690c08e213a35ed9bab7b318de14420fb57d8c,0x1f4b10ffb832581ae5a975ed38eeac9f4e960bdf,7700000000000000,,,call,2300,0,0,0,
6725335,3,1542515468,0x5c4143b7679a6179151eef7ecff99e5d7197962793bef128c15069b1d213b8a6,0xc7af99fe5513eb6710e6d5f44f9989da40f27f26,0x1f4b10ffb832581ae5a975ed38eeac9f4e960bdf,7359560185185186,,,call,2300,0,1_0,0,
6726267,3,1542528501,0x6b9ef04d70bd66b1fd31f6c4513b60599b126de435fead86512ac660be276f42,0xc7af99fe5513eb6710e6d5f44f9989da40f27f26,0x1f4b10ffb832581ae5a975ed38eeac9f4e960bdf,6937151909722223,,,call,2300,0,1_0,0,
6726821,2,1542536032,0x0fc78199b5dedd33169f9427b18acf445288ce2cee8ad9767e2dcc80b0f28ac4,0xb1690c08e213a35ed9bab7b318de14420fb57d8c,0x1f4b10ffb832581ae5a975ed38eeac9f4e960bdf,15096585354657,,,call,2300,0,1,0,
6727126,3,1542540406,0x8d205edb0cb1ee9d1ac407a8947821f4da85552b9c8374daf32c2432a14de9b7,0xc7af99fe5513eb6710e6d5f44f9989da40f27f26,0x1f4b10ffb832581ae5a975ed38eeac9f4e960bdf,6691547309027779,,,call,2300,0,1_0,0,
6727473,3,1542545201,0xcee2ca6b5c52cc89273388964e42ba7e64b6866c3f308d290e3b890e2fb61740,0xc7af99fe5513eb6710e6d5f44f9989da40f27f26,0x1f4b10ffb832581ae5a975ed38eeac9f4e960bdf,5582856481481483,,,call,2300,0,1_0,0,
6728664,1,1542561847,0xb48bffa9468f0baf0520a529aba6f5756769f1451be45c23c1ef8bd3aca64764,0xb1690c08e213a35ed9bab7b318de14420fb57d8c,0x1f4b10ffb832581ae5a975ed38eeac9f4e960bdf,32725000000000000,,,call,2300,0,0,0,
6728708,2,1542562546,0xd756a62aa3b8e7e6a3444a1deb12553f4610ee8954adc00d6f541dc68e67b7a5,0xb1690c08e213a35ed9bab7b318de14420fb57d8c,0x1f4b10ffb832581ae5a975ed38eeac9f4e960bdf,345233286932,,,call,2300,0,1,0,
6728904,1,1542565169,0x22f14914e4de2da97d88bdf81317438461b5503377f9f7a393246fcecfc98a57,0xb1690c08e213a35ed9bab7b318de14420fb57d8c,0x1f4b10ffb832581ae5a975ed38eeac9f4e960bdf,36280568576388890,,,call,2300,0,0,0,
6729669,3,1542575457,0xbc90a779e0baeef03946028ef025cdb0e908a6895c070f7ea0c5f487685cbde2,0xc7af99fe5513eb6710e6d5f44f9989da40f27f26,0x1f4b10ffb832581ae5a975ed38eeac9f4e960bdf,962500000000000,,,call,2300,0,1_0,0,
6733008,3,1542623407,0xa03212acd2d4f9e9f0e1ce4bc0562be2ef67ed2ac49c0aeb3b97a14e9bddcc08,0xc7af99fe5513eb6710e6d5f44f9989da40f27f26,0x1f4b10ffb832581ae5a975ed38eeac9f4e960bdf,3892967158564816,,,call,2300,0,1_0,0,
6735373,1,1542657642,0xbd5a453f3d9c0c810697b3f938dd3e41c91131ed0d0e9ac7cc958f0d97e384a4,0xb1690c08e213a35ed9bab7b318de14420fb57d8c,0x1f4b10ffb832581ae5a975ed38eeac9f4e960bdf,8625916087962964,,,call,2300,0,0,0,
6735617,3,1542661317,0x5bd1a4b789c4f869604f32faf9d25b77f628831529a4c0ae117c1e8d64c32fe0,0xc7af99fe5513eb6710e6d5f44f9989da40f27f26,0x1f4b10ffb832581ae5a975ed38eeac9f4e960bdf,7636345775462964,,,call,2300,0,1_0,0,
6736551,1,1542674632,0xf9796790b46751c38173f02bc297be4d3459d140279261ef615db4466d05e726,0xb1690c08e213a35ed9bab7b318de14420fb57d8c,0x1f4b10ffb832581ae5a975ed38eeac9f4e960bdf,23732910590277779,,,call,2300,0,0,0,
6739348,1,1542714561,0xfe373700a67b8cc31a30648a16b2215da5d9f078a4d40fe16b4f5c036b41525d,0xe7232a9fd8bf427aa41918bc008d32290e22990e,0x1f4b10ffb832581ae5a975ed38eeac9f4e960bdf,141550000000000000,,,call,2300,0,0,0,
6739363,1,1542714809,0xfceba51175fbde3f74820aff6d43d218804db9d5cf39744c62438e20db35b6f2,0xe7232a9fd8bf427aa41918bc008d32290e22990e,0x1f4b10ffb832581ae5a975ed38eeac9f4e960bdf,179550000000000000,,,call,2300,0,0,0,
6740468,3,1542730585,0x0fca082df21888df5ca010bf73d8440c8bfe73be874e3c51b7c33282ccbac055,0xc7af99fe5513eb6710e6d5f44f9989da40f27f26,0x1f4b10ffb832581ae5a975ed38eeac9f4e960bdf,2887500000000000,,,call,2300,0,1_0,0,
6740873,1,1542736480,0x5d5ae948adda7701a51dd78ad1da455b8862a5d54c85ed0933668933821dd109,0xb1690c08e213a35ed9bab7b318de14420fb57d8c,0x1f4b10ffb832581ae5a975ed38eeac9f4e960bdf,7700000000000000,,,call,2300,0,0,0,
6744304,3,1542784986,0x81dda85326f3a433436269cfa97778cc4c38bae53e47702887d60a79928d9ca7,0xc7af99fe5513eb6710e6d5f44f9989da40f27f26,0x1f4b10ffb832581ae5a975ed38eeac9f4e960bdf,5775000000000000,,,call,2300,0,1_0,0,
6746524,2,1542816785,0x3d0b861453fce77acee33dd1e998aac78056af9ad8c814042a8a96c29bb5696f,0xb1690c08e213a35ed9bab7b318de14420fb57d8c,0x1f4b10ffb832581ae5a975ed38eeac9f4e960bdf,2979288429043,,,call,2300,0,1,0,
6747628,3,1542832353,0x1fe98fad505e511a4bb691ebdf493f985cc7d1cef19fd27318d613d6c5cc0b92,0xc7af99fe5513eb6710e6d5f44f9989da40f27f26,0x1f4b10ffb832581ae5a975ed38eeac9f4e960bdf,8799578269675927,,,call,2300,0,1_0,0,
6747635,1,1542832502,0x0d7b2c529abd97759d114f77b55c9656af893a0323663252863e8a16ac689fb1,0xb1690c08e213a35ed9bab7b318de14420fb57d8c,0x1f4b10ffb832581ae5a975ed38eeac9f4e960bdf,25987500000000000,,,call,2300,0,0,0,
6756170,1,1542953072,0x2a5279269fc3af81973b8b5616991f05f2517d4ae4d275b8867efcbc243dbc2a,0xb1690c08e213a35ed9bab7b318de14420fb57d8c,0x1f4b10ffb832581ae5a975ed38eeac9f4e960bdf,35070124565972223,,,call,2300,0,0,0,
6756175,1,1542953142,0x79bc5a581d51d6944bd9ac3beca36f3d03872b3bcd9a88d5e76cfdcdd9e1dcea,0xb1690c08e213a35ed9bab7b318de14420fb57d8c,0x1f4b10ffb832581ae5a975ed38eeac9f4e960bdf,47162500000000000,,,call,2300,0,0,0,
6757427,1,1542971016,0x7bb396347a7b8cfd9183226f0df204100ffe5ccf4d90dadd6a442103737d47f4,0xb1690c08e213a35ed9bab7b318de14420fb57d8c,0x1f4b10ffb832581ae5a975ed38eeac9f4e960bdf,86625000000000000,,,call,2300,0,0,0,
6759771,2,1543004220,0xc138b16ebc91eba2632d6c840c19128963d250b3cf4289eb5385605704809b48,0xb1690c08e213a35ed9bab7b318de14420fb57d8c,0x1f4b10ffb832581ae5a975ed38eeac9f4e960bdf,9234044394235,,,call,2300,0,1,0,
6760125,2,1543009035,0x964c821f715dbb33d969afa18804cbe64b966aa695571913fc081861e7422a87,0xb1690c08e213a35ed9bab7b318de14420fb57d8c,0x1f4b10ffb832581ae5a975ed38eeac9f4e960bdf,76257720862,,,call,2300,0,1,0,
6760974,1,1543021068,0x2fb24d1397a13ecf38aab2a863e7f423e56ce4462d8a8971fd5631bfe9878f7e,0xb1690c08e213a35ed9bab7b318de14420fb57d8c,0x1f4b10ffb832581ae5a975ed38eeac9f4e960bdf,14851107638888890,,,call,2300,0,0,0,
6761247,1,1543024701,0x22c13db406fc3ef78d8c5453b61b4bf3653b81961db2ddb171d65168c277c2ea,0xb1690c08e213a35ed9bab7b318de14420fb57d8c,0x1f4b10ffb832581ae5a975ed38eeac9f4e960bdf,76732505208333334,,,call,2300,0,0,0,
6761420,2,1543027277,0x53fbc206ea1acb612961d728b32d3e810b912612ef87cf3376493a1f99f800cd,0xb1690c08e213a35ed9bab7b318de14420fb57d8c,0x1f4b10ffb832581ae5a975ed38eeac9f4e960bdf,1930006676722,,,call,2300,0,1,0,
6762581,1,1543044121,0x0570663a4c3c82a613bbceb749a14e67d7dd5d30c0957b195cde7fc86c3ea353,0xb1690c08e213a35ed9bab7b318de14420fb57d8c,0x1f4b10ffb832581ae5a975ed38eeac9f4e960bdf,6666286140046298,,,call,2300,0,0,0,
6763058,1,1543050738,0x735c096d0873f5a7a10e3f48f7ba670ef49ba660ce176089c11e29738694859e,0xb1690c08e213a35ed9bab7b318de14420fb57d8c,0x1f4b10ffb832581ae5a975ed38eeac9f4e960bdf,6629789677372686,,,call,2300,0,0,0,
6763388,1,1543055283,0xfb8ab4ae3cd1779e307b063e845b07740680b81bea75e477c66881820b0e028e,0xb1690c08e213a35ed9bab7b318de14420fb57d8c,0x1f4b10ffb832581ae5a975ed38eeac9f4e960bdf,17321891927083334,,,call,2300,0,0,0,
6764653,2,1543073017,0xdee95458de09da930611fdcdab13586a0b52fa252084568f8282f58478859725,0xb1690c08e213a35ed9bab7b318de14420fb57d8c,0x1f4b10ffb832581ae5a975ed38eeac9f4e960bdf,20903939978186,,,call,2300,0,1,0,
6765094,3,1543079340,0xb8cf4241e3e5efd7e037c7b7e8a541f1e20fbfc3b4f20a2adf3fe3821698e362,0xc7af99fe5513eb6710e6d5f44f9989da40f27f26,0x1f4b10ffb832581ae5a975ed38eeac9f4e960bdf,19015925347222223,,,call,2300,0,1_0,0,
6771208,1,1543165489,0xff7d56a53b29dac7fdc79aaa697425d0351b4727a0271d1c1a9b3dbcf73fdae0,0xb1690c08e213a35ed9bab7b318de14420fb57d8c,0x1f4b10ffb832581ae5a975ed38eeac9f4e960bdf,33687500000000000,,,call,2300,0,0,0,
6771333,1,1543167220,0xd84639534726a7e12600bd120863e66beeac186a3123194d9a735e863d268286,0xb1690c08e213a35ed9bab7b318de14420fb57d8c,0x1f4b10ffb832581ae5a975ed38eeac9f4e960bdf,27325508680555556,,,call,2300,0,0,0,
6773653,1,1543199581,0x81c2296f0b54f247b813aef799463905d58608970491e7cdd1d450993c16107b,0xb1690c08e213a35ed9bab7b318de14420fb57d8c,0x1f4b10ffb832581ae5a975ed38eeac9f4e960bdf,26950000000000000,,,call,2300,0,0,0,
6775360,1,1543223704,0xe51b51f3b4c8b8b919d93f5f811a6673e64cd73d82dc39952c5c6289c4978ddd,0xb1690c08e213a35ed9bab7b318de14420fb57d8c,0x1f4b10ffb832581ae5a975ed38eeac9f4e960bdf,15875657696759260,,,call,2300,0,0,0,
6775362,1,1543223714,0xce8a9fc53e43f0b1aabe43994ea9a26b26c3f2317e7d703e3d13451c5776f68c,0xb1690c08e213a35ed9bab7b318de14420fb57d8c,0x1f4b10ffb832581ae5a975ed38eeac9f4e960bdf,15875891637731483,,,call,2300,0,0,0,
6775845,1,1543230844,0x6ef0cebf8d10ba31b9fd572a470d9db7aa48da6d5acc6871502ff7ced83994d9,0xb1690c08e213a35ed9bab7b318de14420fb57d8c,0x1f4b10ffb832581ae5a975ed38eeac9f4e960bdf,13475000000000000,,,call,2300,0,0,0,
6775884,1,1543231367,0x27bcb85b0f1aa571705239e956c5c9a4e03625e643c890ee3ebbf8c613339796,0xb1690c08e213a35ed9bab7b318de14420fb57d8c,0x1f4b10ffb832581ae5a975ed38eeac9f4e960bdf,26421527343750000,,,call,2300,0,0,0,
6776944,1,1543246809,0xff223a2cb16c27b78a6f374b72eb28c137c34a38df4f1725e3ba974edea1825d,0xb1690c08e213a35ed9bab7b318de14420fb57d8c,0x1f4b10ffb832581ae5a975ed38eeac9f4e960bdf,28875000000000000,,,call,2300,0,0,0,
6777224,1,1543250729,0xc2e65dc53073544d75a712a08a981a3fbc9d65b200c52fb8df00286789a1e7e5,0xb1690c08e213a35ed9bab7b318de14420fb57d8c,0x1f4b10ffb832581ae5a975ed38eeac9f4e960bdf,25335940972222223,,,call,2300,0,0,0,
6778027,1,1543261822,0x3fe7aa9209e14d3a28f3377ad7b3e78810e55da5ce782aa3e082a7b071769e52,0xb1690c08e213a35ed9bab7b318de14420fb57d8c,0x1f4b10ffb832581ae5a975ed38eeac9f4e960bdf,48125000000000000,,,call,2300,0,0,0,
6778214,1,1543264591,0x51fe358b082dc36bd1e20e83681d9c61b5774168e53df95959a84ad7e2c534cb,0xb1690c08e213a35ed9bab7b318de14420fb57d8c,0x1f4b10ffb832581ae5a975ed38eeac9f4e960bdf,7700000000000000,,,call,2300,0,0,0,
6778214,1,1543264591,0xf00480d0819139fb8c188181de687560ca576a8b91f369795076590224306b89,0xb1690c08e213a35ed9bab7b318de14420fb57d8c,0x1f4b10ffb832581ae5a975ed38eeac9f4e960bdf,6737500000000000,,,call,2300,0,0,0,
6778218,1,1543264635,0xd62be0b1565913de01a22a77737e0c846577ae9183467bb5929b35e0fe4322ef,0xb1690c08e213a35ed9bab7b318de14420fb57d8c,0x1f4b10ffb832581ae5a975ed38eeac9f4e960bdf,5775000000000000,,,call,2300,0,0,0,
6778801,1,1543273048,0xd834fcd9b2f737f59d722211315c4828828577dd8701ac9c06d8a697c569cd47,0xb1690c08e213a35ed9bab7b318de14420fb57d8c,0x1f4b10ffb832581ae5a975ed38eeac9f4e960bdf,22156037037037038,,,call,2300,0,0,0,
6778803,1,1543273068,0x00bf109b71987db91794c2a4dabc76b713af9e29d1390a6879f26016df822145,0xb1690c08e213a35ed9bab7b318de14420fb57d8c,0x1f4b10ffb832581ae5a975ed38eeac9f4e960bdf,25713488281250000,,,call,2300,0,0,0,
6778891,1,1543274216,0x3cd8810cec74a824da9e3e3f203a6aeffda870d2545cd0f384786561daa3b3b2,0xb1690c08e213a35ed9bab7b318de14420fb57d8c,0x1f4b10ffb832581ae5a975ed38eeac9f4e960bdf,25491300057870371,,,call,2300,0,0,0,
6780003,1,1543290019,0x6b2799396544e0b7dcd80b9af7254be06d716902a8d0e055acde9182ea10bb16,0xb1690c08e213a35ed9bab7b318de14420fb57d8c,0x1f4b10ffb832581ae5a975ed38eeac9f4e960bdf,21804122974537038,,,call,2300,0,0,0,
6780371,1,1543295215,0x83d184fd23e0c7e40873779c107a14bcbd6362902db9eda41a21bebb3d15e002,0xb1690c08e213a35ed9bab7b318de14420fb57d8c,0x1f4b10ffb832581ae5a975ed38eeac9f4e960bdf,22200552662037038,,,call,2300,0,0,0,
6780433,1,1543296126,0x917e3b4a96ba2ab051bf05c9a1f1bf723c127ca0996c3981e50d070e71397cc5,0xb1690c08e213a35ed9bab7b318de14420fb57d8c,0x1f4b10ffb832581ae5a975ed38eeac9f4e960bdf,22866994791666667,,,call,2300,0,0,0,
6789760,2,1543430729,0xdd4cb7cc851a6ccc39f18b49c34e79cc38f70ab8cf2ccda1bd05c0c0dbd78ad1,0xb1690c08e213a35ed9bab7b318de14420fb57d8c,0x1f4b10ffb832581ae5a975ed38eeac9f4e960bdf,7769201415865,,,call,2300,0,1,0,
6794963,1,1543504135,0x35fd7c851e13190861d953b3aec6cca911bfb440694b33306f9e8ce78e10ca38,0xb1690c08e213a35ed9bab7b318de14420fb57d8c,0x1f4b10ffb832581ae5a975ed38eeac9f4e960bdf,24024796513310186,,,call,2300,0,0,0,
6795181,1,1543507559,0xcfe91b1cc0d6a0d9cfffd338f414c29f47a1003ca29c9df09c9dd878626b00fa,0xb1690c08e213a35ed9bab7b318de14420fb57d8c,0x1f4b10ffb832581ae5a975ed38eeac9f4e960bdf,26718732638888890,,,call,2300,0,0,0,
6796746,1,1543529525,0x926da10fe1cd188e4e1dad2cf5f930d575dfc906893a8730c42666329c5ceb30,0xb1690c08e213a35ed9bab7b318de14420fb57d8c,0x1f4b10ffb832581ae5a975ed38eeac9f4e960bdf,4812500000000000,,,call,2300,0,0,0,
6797328,1,1543538071,0x6509017feb3efe47c5cab9276d803642ee02c1127ce0988d1105dab3b01dc282,0xb1690c08e213a35ed9bab7b318de14420fb57d8c,0x1f4b10ffb832581ae5a975ed38eeac9f4e960bdf,24873209442515434,,,call,2300,0,0,0,
6801370,4,1543595578,0xfb2664ccc747e162e417caf7516533eac455b1ac58a4f8785df51c945585a8e0,0x7be8076f4ea4a4ad08075c2508e481d6c946d12b,0x1f4b10ffb832581ae5a975ed38eeac9f4e960bdf,30000000000000000,,,call,2300,0,3,0,
6802667,1,1543613661,0xdde1f2df126b93586fbc838e9759ffcb7b6a5c70dce8990ce777d45cf13bc891,0xe7232a9fd8bf427aa41918bc008d32290e22990e,0x1f4b10ffb832581ae5a975ed38eeac9f4e960bdf,16055000000000000,,,call,2300,0,0,0,
6802682,4,1543613866,0x86c357e4bbc767628d132cdd4754c68681102f785766db11701e18f93f50736f,0x7be8076f4ea4a4ad08075c2508e481d6c946d12b,0x1f4b10ffb832581ae5a975ed38eeac9f4e960bdf,27000000000000000,,,call,2300,0,3,0,
6803643,1,1543627492,0x8f7999e3f2d165ba276675ddc0717d7515796bf9891586a7d58ac4a77460af8d,0xb1690c08e213a35ed9bab7b318de14420fb57d8c,0x1f4b10ffb832581ae5a975ed38eeac9f4e960bdf,43312500000000000,,,call,2300,0,0,0,
6804768,1,1543643765,0xea33e7bd948558693621e4acc995f2dc3ccfb30e6e7e2cdbb1050c47b3411a23,0xb1690c08e213a35ed9bab7b318de14420fb57d8c,0x1f4b10ffb832581ae5a975ed38eeac9f4e960bdf,11550000000000000,,,call,2300,0,0,0,
6811287,1,1543737502,0x11610c752281a9506f71937300582ee0790c120f9b9913d6247a8381bc331123,0xb1690c08e213a35ed9bab7b318de14420fb57d8c,0x1f4b10ffb832581ae5a975ed38eeac9f4e960bdf,43312500000000000,,,call,2300,0,0,0,
6811395,2,1543739005,0x67ddffb4e4d3efb9cbe1f0619cc8f7b045df64638528e618da5c58e95a06b2bf,0xb1690c08e213a35ed9bab7b318de14420fb57d8c,0x1f4b10ffb832581ae5a975ed38eeac9f4e960bdf,3261834663939,,,call,2300,0,1,0,
6811708,1,1543743214,0xa55e309c84cfc7015ed1c1cef5c73e8d4a2cff72cad28b60b6c35b5ff05df597,0xb1690c08e213a35ed9bab7b318de14420fb57d8c,0x1f4b10ffb832581ae5a975ed38eeac9f4e960bdf,4812500000000000,,,call,2300,0,0,0,
6812783,1,1543759725,0x4cb4d289471aaafe70014fa24db3428441625837dbcdf2853b27bb8989938506,0xb1690c08e213a35ed9bab7b318de14420fb57d8c,0x1f4b10ffb832581ae5a975ed38eeac9f4e960bdf,14429133825231483,,,call,2300,0,0,0,
6813977,2,1543775869,0x14b24fc3b9f67b5cc13a9d63c3f814ee53f6ccbe7674f803561295718f28c562,0xb1690c08e213a35ed9bab7b318de14420fb57d8c,0x1f4b10ffb832581ae5a975ed38eeac9f4e960bdf,79770847294599,,,call,2300,0,1,0,
6816668,1,1543814328,0xeb7126369eb225cd1c1273d3be298e3afa810caf84d4415ad316a2c96cebe534,0xb1690c08e213a35ed9bab7b318de14420fb57d8c,0x1f4b10ffb832581ae5a975ed38eeac9f4e960bdf,25987500000000000,,,call,2300,0,0,0,
6818358,1,1543838689,0x17579a6ba18afe0d46687fbcbb38c8396398e3b895119ea546fd02b7fe9694bd,0xb1690c08e213a35ed9bab7b318de14420fb57d8c,0x1f4b10ffb832581ae5a975ed38eeac9f4e960bdf,5775000000000000,,,call,2300,0,0,0,
6819709,2,1543858120,0x7a6806a9eaf9d484fca3284a235739bcab34a3001c01caed75c5a8287fe8a64a,0xb1690c08e213a35ed9bab7b318de14420fb57d8c,0x1f4b10ffb832581ae5a975ed38eeac9f4e960bdf,12935380116066,,,call,2300,0,1,0,
6819930,2,1543861291,0x270545319cd4118e3ebb8f9427e8a9c2ea22fc20a95e8fddcf21dc8b8c6c1000,0xb1690c08e213a35ed9bab7b318de14420fb57d8c,0x1f4b10ffb832581ae5a975ed38eeac9f4e960bdf,43492505923150,,,call,2300,0,1,0,
6819954,2,1543861668,0x44d515166be673e23ea43205d21dcef4e00291b0e57483c39da5744c24327dfb,0xb1690c08e213a35ed9bab7b318de14420fb57d8c,0x1f4b10ffb832581ae5a975ed38eeac9f4e960bdf,1983745187674,,,call,2300,0,1,0,
6820077,2,1543863474,0x7f36d8823220d3036d2317bff41048630ee7b3f35767e2acc249df363d0d9d77,0xb1690c08e213a35ed9bab7b318de14420fb57d8c,0x1f4b10ffb832581ae5a975ed38eeac9f4e960bdf,7867494345944,,,call,2300,0,1,0,
6820908,4,1543874674,0xe0e4cb53f81f589e92a5fa5ba93980d667efb022bd98bb58fbb0b5c8da636bd2,0x7be8076f4ea4a4ad08075c2508e481d6c946d12b,0x1f4b10ffb832581ae5a975ed38eeac9f4e960bdf,40000000000000000,,,call,2300,0,3,0,
6822050,1,1543890977,0xe04dc05c8c30f115dc651ebd599acbbc0bf1217a35cfea9b5f93d8f99271b351,0xb1690c08e213a35ed9bab7b318de14420fb57d8c,0x1f4b10ffb832581ae5a975ed38eeac9f4e960bdf,16066041087962964,,,call,2300,0,0,0,
6823312,1,1543909051,0x2bb96e29abfb10b2805a688452caa607c12596081bad3d9dcdbd09b8a57efef1,0xe7232a9fd8bf427aa41918bc008d32290e22990e,0x1f4b10ffb832581ae5a975ed38eeac9f4e960bdf,142500000000000000,,,call,2300,0,0,0,
6824468,2,1543925594,0xde1474af82bee51fad9ca805828dfeb4d71214fcfe683941fc9660480c32d014,0xb1690c08e213a35ed9bab7b318de14420fb57d8c,0x1f4b10ffb832581ae5a975ed38eeac9f4e960bdf,170832467895767,,,call,2300,0,1,0,
6825732,1,1543943504,0x24ae945b05969ef3ce342fba2010979eb3867b220d129000bbc743751207c9d4,0xb1690c08e213a35ed9bab7b318de14420fb57d8c,0x1f4b10ffb832581ae5a975ed38eeac9f4e960bdf,4812500000000000,,,call,2300,0,0,0,
6825871,1,1543945520,0x51c84e6b6f49dd19bbd486c92e3eb62a1c6e4ec753b85d811c59dd4bf8a91f5a,0xb2ed45ac861371e35202c483b2f17524b3cce554,0x1f4b10ffb832581ae5a975ed38eeac9f4e960bdf,12665019814498634,,,call,2300,0,0,0,
6825881,1,1543945633,0xa60072a6e6a49d1500958071ec65442418461383bc22c90037c1386f37348045,0x0be3e6e3d9e99036ccce4fd0b692016de860aa62,0x1f4b10ffb832581ae5a975ed38eeac9f4e960bdf,13968000000000000,,,call,2300,0,0,0,
6825898,1,1543945836,0x7c3b6fea707aad4d4475df0618ba21196216fd4681d5faba988e2c5e362c8483,0x0be3e6e3d9e99036ccce4fd0b692016de860aa62,0x1f4b10ffb832581ae5a975ed38eeac9f4e960bdf,1,,,call,2300,0,0,0,
6826058,1,1543948325,0xe25fd58a3953c7358d7f5200ba2736e55d968a5399f3fae2c32cc4ccc0e0fc11,0x0be3e6e3d9e99036ccce4fd0b692016de860aa62,0x1f4b10ffb832581ae5a975ed38eeac9f4e960bdf,29550000000000000,,,call,2300,0,0,0,
6826208,2,1543950427,0xa1f2b96203e088379ba1e380dcc100aafa271d24ce0cd6952e6a6b529bf56094,0xe658e6eb4b478da2cf36d9e3712ba0c1b33786a1,0x1f4b10ffb832581ae5a975ed38eeac9f4e960bdf,1001918749999988,,,call,2300,0,1,0,
6826568,1,1543955020,0x6af27b3d73edace5404cb4afc94e4bd78ba8abc5b88855ce7d0dcadfb06eaf63,0xb1690c08e213a35ed9bab7b318de14420fb57d8c,0x1f4b10ffb832581ae5a975ed38eeac9f4e960bdf,29309640046296298,,,call,2300,0,0,0,
6826629,1,1543955724,0xab0658a9ebf5bb272507b4add38e48c317f72034308d9df020bcb223c2496e23,0xb1690c08e213a35ed9bab7b318de14420fb57d8c,0x1f4b10ffb832581ae5a975ed38eeac9f4e960bdf,4812500000000000,,,call,2300,0,0,0,
6826776,1,1543957599,0xa22dd13f48991ebeea62b28b5da7fc6c7af1d1753c8782606e563f60bbb17284,0xb1690c08e213a35ed9bab7b318de14420fb57d8c,0x1f4b10ffb832581ae5a975ed38eeac9f4e960bdf,4812500000000000,,,call,2300,0,0,0,
6826899,2,1543959449,0x32dee4c102e4c2ad508df98871689eda5340f4cdb53183e9fbebf29ff9615842,0xb1690c08e213a35ed9bab7b318de14420fb57d8c,0x1f4b10ffb832581ae5a975ed38eeac9f4e960bdf,48117851994213,,,call,2300,0,1,0,
6827564,2,1543970024,0xfd8049933593f369fffe8685ef09a4b28e860a3f436f56824e2737d6c6a3d74a,0x9db37d15fefbf42dc390c3c81fee453465841038,0x1f4b10ffb832581ae5a975ed38eeac9f4e960bdf,304000000000000000,,,call,2300,0,0_0,0,
6827759,5,1543972811,0x153c517c2e0f7f580f72bc2b9d1e8a1a509aa66e61276c1337b004ab6f173ae3,0x7be8076f4ea4a4ad08075c2508e481d6c946d12b,0x1f4b10ffb832581ae5a975ed38eeac9f4e960bdf,28275000000000000,,,call,2300,0,4,0,
6827832,2,1543973907,0x747d259084f2b0c11e3f1ffa17d966fa9e7939c617b83e87a295600d8a817534,0xe658e6eb4b478da2cf36d9e3712ba0c1b33786a1,0x1f4b10ffb832581ae5a975ed38eeac9f4e960bdf,1004217485119032,,,call,2300,0,1,0,
6828494,1,1543984064,0x9fa12d204d0bb7cfa98e36bf29ed7eaad8f280afcdd994addf3ee565edaf8d9f,0xb1690c08e213a35ed9bab7b318de14420fb57d8c,0x1f4b10ffb832581ae5a975ed38eeac9f4e960bdf,3850000000000000,,,call,2300,0,0,0,
6829270,1,1543995002,0x8ec04ec037a56270b4c855b2c8e9e491f62e904be600deef7ea3bcf3908f6235,0xb1690c08e213a35ed9bab7b318de14420fb57d8c,0x1f4b10ffb832581ae5a975ed38eeac9f4e960bdf,23100000000000000,,,call,2300,0,0,0,
6829925,1,1544004135,0xe1b5c2000a6f2994119d5f695ae4874be3703873e014c6c35d14d53ad98475d0,0xb1690c08e213a35ed9bab7b318de14420fb57d8c,0x1f4b10ffb832581ae5a975ed38eeac9f4e960bdf,5775000000000000,,,call,2300,0,0,0,
6830493,1,1544012438,0xa1cf1ae527caae3a28652e0d579a0fd2a3e28a94dbcd1dbc3513e1ae81d0bc88,0xe658e6eb4b478da2cf36d9e3712ba0c1b33786a1,0x1f4b10ffb832581ae5a975ed38eeac9f4e960bdf,16133109540343916,,,call,2300,0,0,0,
6831802,3,1544030369,0x8551b1364db7d998a3e0298f2b147a425954cc6f5444eb6f3d8d3b02e2eb577f,0xc7af99fe5513eb6710e6d5f44f9989da40f27f26,0x1f4b10ffb832581ae5a975ed38eeac9f4e960bdf,2567527569444446,,,call,2300,0,1_0,0,
6831911,3,1544032145,0x20e813b53fc8f44984b0d286ac4209cf60aab3f45d454beba7117cef9f681204,0xc7af99fe5513eb6710e6d5f44f9989da40f27f26,0x1f4b10ffb832581ae5a975ed38eeac9f4e960bdf,2887500000000000,,,call,2300,0,1_0,0,
6838591,1,1544127933,0xaad5e2f290e77a234364c3415001f16aa4433188c27b2210b79a36da423d6083,0xb1690c08e213a35ed9bab7b318de14420fb57d8c,0x1f4b10ffb832581ae5a975ed38eeac9f4e960bdf,93226591435185186,,,call,2300,0,0,0,
6840224,1,1544151391,0x3fb252696452ddb06f0000f46e66824ae1ed1189f7b478f972c544ba98ff84f1,0xe7232a9fd8bf427aa41918bc008d32290e22990e,0x1f4b10ffb832581ae5a975ed38eeac9f4e960bdf,180500000000000000,,,call,2300,0,0,0,
6840519,1,1544155673,0x80bbdb3f91c97e2e82e0391ba3b644b36ba8093832e2255e6d95e96366285099,0xb1690c08e213a35ed9bab7b318de14420fb57d8c,0x1f4b10ffb832581ae5a975ed38eeac9f4e960bdf,4812500000000000,,,call,2300,0,0,0,
6840519,1,1544155673,0xf9c6b20b9956c026cf31026ac8d050aaea7935bf754ab80579ff1194f9f9afe8,0xb1690c08e213a35ed9bab7b318de14420fb57d8c,0x1f4b10ffb832581ae5a975ed38eeac9f4e960bdf,4812500000000000,,,call,2300,0,0,0,
6840520,1,1544155684,0x4226ccbdac9cf356e200783911176a9795198036c99dbb7fa317479acd69cb9c,0xb1690c08e213a35ed9bab7b318de14420fb57d8c,0x1f4b10ffb832581ae5a975ed38eeac9f4e960bdf,4812500000000000,,,call,2300,0,0,0,
6840520,1,1544155684,0x467dba120d35e723cc6b139f9649979e258cc80fdf820c9176075bd356c6ac31,0xb1690c08e213a35ed9bab7b318de14420fb57d8c,0x1f4b10ffb832581ae5a975ed38eeac9f4e960bdf,4812500000000000,,,call,2300,0,0,0,
6840520,1,1544155684,0xf43c175e7a9767d157be9ce46e88ce87f94da7cb77314d8e62b1bde56ca3bf00,0xb1690c08e213a35ed9bab7b318de14420fb57d8c,0x1f4b10ffb832581ae5a975ed38eeac9f4e960bdf,4812500000000000,,,call,2300,0,0,0,
6841916,2,1544175855,0x5f342bde9065dd465e4fc9a8b4e3458fbd9ad2304a5dd7a735313ebdb064f57a,0xb1690c08e213a35ed9bab7b318de14420fb57d8c,0x1f4b10ffb832581ae5a975ed38eeac9f4e960bdf,2254422021032,,,call,2300,0,1,0,
6844726,1,1544216659,0x26e88ff2d063c0ddbf8429bd6cc84a699fb6939f9ac1d1f7d7a774d6eb451ddd,0xb1690c08e213a35ed9bab7b318de14420fb57d8c,0x1f4b10ffb832581ae5a975ed38eeac9f4e960bdf,84135600694444446,,,call,2300,0,0,0,
6845147,1,1544222465,0xa4891c2d04376083a39b37df02aef25bc0fca6da8b98387663d1d61753b2c9a0,0xb1690c08e213a35ed9bab7b318de14420fb57d8c,0x1f4b10ffb832581ae5a975ed38eeac9f4e960bdf,75665132812500000,,,call,2300,0,0,0,
6845198,1,1544223200,0xd87697039d33923d62022acb8d794a5755345c2c618344affb390b86d0aacebf,0xb1690c08e213a35ed9bab7b318de14420fb57d8c,0x1f4b10ffb832581ae5a975ed38eeac9f4e960bdf,3955429398148150,,,call,2300,0,0,0,
6846123,1,1544236361,0xeae8086d12ac883776987675f50e6f150cf8a6c0bc4543538c21ce371f02e68b,0xe658e6eb4b478da2cf36d9e3712ba0c1b33786a1,0x1f4b10ffb832581ae5a975ed38eeac9f4e960bdf,284039554398148149,,,call,2300,0,0,0,
6846459,1,1544241293,0x34479694419144ccdfc5eceed193ffc3a363688d545a6b2fcd279687028d95c8,0xb1690c08e213a35ed9bab7b318de14420fb57d8c,0x1f4b10ffb832581ae5a975ed38eeac9f4e960bdf,53791273148148150,,,call,2300,0,0,0,
6847826,1,1544260894,0xcf676592c954e25e01d923e082029ae2ffd4584cd165238b2494b06ab12e057c,0xb1690c08e213a35ed9bab7b318de14420fb57d8c,0x1f4b10ffb832581ae5a975ed38eeac9f4e960bdf,3850000000000000,,,call,2300,0,0,0,
6848298,2,1544267596,0x8494c6a23dc4de8c4faf7178183c4cfe2f8b959efbf2b75b9934b30204289d1b,0xb1690c08e213a35ed9bab7b318de14420fb57d8c,0x1f4b10ffb832581ae5a975ed38eeac9f4e960bdf,2664281884040,,,call,2300,0,1,0,
6855819,1,1544374794,0x419c4a9746f2fffa8f6016eab1223d5c4c0eb1b403f8012d4273c21c058dcc1c,0xe7232a9fd8bf427aa41918bc008d32290e22990e,0x1f4b10ffb832581ae5a975ed38eeac9f4e960bdf,66500000000000000,,,call,2300,0,0,0,
6856038,2,1544377591,0x1ca8ac235c612a20edb8e4cd861e2c86f7e962d45923e8f8b2b63f8c4104ddc4,0xe658e6eb4b478da2cf36d9e3712ba0c1b33786a1,0x1f4b10ffb832581ae5a975ed38eeac9f4e960bdf,1000504626322710,,,call,2300,0,1,0,
6856529,1,1544384647,0xc110401e3d048e698e33b6ad53cd08ee52b6d37bf1bcfbf324b6f25804593eb4,0xe7232a9fd8bf427aa41918bc008d32290e22990e,0x1f4b10ffb832581ae5a975ed38eeac9f4e960bdf,142500000000000000,,,call,2300,0,0,0,
6858115,4,1544406513,0x23d9728a6d779ccce3c249eca45410ccc1e96ad1a9b2993f25241d72d2c9f14c,0x7be8076f4ea4a4ad08075c2508e481d6c946d12b,0x1f4b10ffb832581ae5a975ed38eeac9f4e960bdf,60000000000000000,,,call,2300,0,3,0,
6858149,4,1544406969,0x5a65323d778954ba47aea000194d6bcb905efd21a58fcede1b7df46f4e8655e8,0x7be8076f4ea4a4ad08075c2508e481d6c946d12b,0x1f4b10ffb832581ae5a975ed38eeac9f4e960bdf,60000000000000000,,,call,2300,0,3,0,
6860116,1,1544434786,0xd78f5e1d2db91fb38b616dda01068f0a3d89c575807604b0dadcc00d0076e91a,0xb1690c08e213a35ed9bab7b318de14420fb57d8c,0x1f4b10ffb832581ae5a975ed38eeac9f4e960bdf,96250000000000000,,,call,2300,0,0,0,
6860607,1,1544441935,0xa429e64edb5f54eca823fcb39b72ca94bc744e42ab9c9c9ba51e69ce8121cb23,0xb1690c08e213a35ed9bab7b318de14420fb57d8c,0x1f4b10ffb832581ae5a975ed38eeac9f4e960bdf,57750000000000000,,,call,2300,0,0,0,
6860777,1,1544444528,0x9420a33ab3ba706fba30a921293713cc2562b6a6cfd11f30d07fbf6328a8c9a0,0xe7232a9fd8bf427aa41918bc008d32290e22990e,0x1f4b10ffb832581ae5a975ed38eeac9f4e960bdf,65550000000000000,,,call,2300,0,0,0,
6864493,1,1544496522,0x1439c4f4ebc5378d4e479b63d0380a7a5942ae47dadf13064c68757e81df0e81,0xb1690c08e213a35ed9bab7b318de14420fb57d8c,0x1f4b10ffb832581ae5a975ed38eeac9f4e960bdf,4812500000000000,,,call,2300,0,0,0,
6865042,1,1544504543,0x80808c74e94ac1fc6d2bb1a9231453717466437456f639516974d296ee3feece,0xe658e6eb4b478da2cf36d9e3712ba0c1b33786a1,0x1f4b10ffb832581ae5a975ed38eeac9f4e960bdf,15675000000000000,,,call,2300,0,0,0,
6865044,1,1544504557,0x0155c72e10c6598e2ad16ea95648a52427ee979365aba9cbe94fd5ee3c08c8e2,0xe658e6eb4b478da2cf36d9e3712ba0c1b33786a1,0x1f4b10ffb832581ae5a975ed38eeac9f4e960bdf,15183136243386245,,,call,2300,0,0,0,
6865048,1,1544504576,0x778fd9e308ce557152a200634d926008d0fb99d3439303e669aaf5f44ca742ca,0xe658e6eb4b478da2cf36d9e3712ba0c1b33786a1,0x1f4b10ffb832581ae5a975ed38eeac9f4e960bdf,15183037285052911,,,call,2300,0,0,0,
6865576,3,1544512624,0x094d81d249734ddbd1356c4a091b0e0db3d7519e001bed61645a57b23e38e4c5,0xc7af99fe5513eb6710e6d5f44f9989da40f27f26,0x1f4b10ffb832581ae5a975ed38eeac9f4e960bdf,3448760653211806,,,call,2300,0,1_0,0,
6867879,1,1544545988,0x8d6d156f132a7ff998c0bf3678e97622209e3e16768935d0c7a2c70e03d83ded,0xb1690c08e213a35ed9bab7b318de14420fb57d8c,0x1f4b10ffb832581ae5a975ed38eeac9f4e960bdf,43312500000000000,,,call,2300,0,0,0,
6870985,1,1544590452,0xc74943c629784c8753831af6c0aaed45705428d68f1079d88fcd625c6b207bcc,0xb1690c08e213a35ed9bab7b318de14420fb57d8c,0x1f4b10ffb832581ae5a975ed38eeac9f4e960bdf,408673712384259260,,,call,2300,0,0,0,
6872211,1,1544608014,0x4b646a655f31dc2e9b85b076507d987c5170f2e77f7b1011b355ecc02c7f1b32,0xb1690c08e213a35ed9bab7b318de14420fb57d8c,0x1f4b10ffb832581ae5a975ed38eeac9f4e960bdf,5775000000000000,,,call,2300,0,0,0,
6873339,2,1544623333,0x5dede4efd211b474a06d384ca92c10a56dc15ca89f6909e268bc04b40d78692d,0xb1690c08e213a35ed9bab7b318de14420fb57d8c,0x1f4b10ffb832581ae5a975ed38eeac9f4e960bdf,420707247371,,,call,2300,0,1,0,
6873350,2,1544623465,0x3ba0c9225d66a452e8adc435c4c22a1740787f6f14a6230115cd13c4766f8abe,0xb1690c08e213a35ed9bab7b318de14420fb57d8c,0x1f4b10ffb832581ae5a975ed38eeac9f4e960bdf,154615258095,,,call,2300,0,1,0,
6873357,2,1544623522,0x0af9a9b2a90c3f2ffa864a7ec861ddfd9b4d990be94a20ea731e5143320c0962,0xb1690c08e213a35ed9bab7b318de14420fb57d8c,0x1f4b10ffb832581ae5a975ed38eeac9f4e960bdf,12578489396505,,,call,2300,0,1,0,
6873384,2,1544623780,0x4fe06340459e59d12d1a779682f72e5b5196f0149b1c826b6166ed2d470f42d2,0xb1690c08e213a35ed9bab7b318de14420fb57d8c,0x1f4b10ffb832581ae5a975ed38eeac9f4e960bdf,16795373389686,,,call,2300,0,1,0,
6874165,1,1544635110,0x7f2576e1a22a6c0bac85af2e10aafed82ea833486e1d510c4fda77388ae5d8fb,0xe7232a9fd8bf427aa41918bc008d32290e22990e,0x1f4b10ffb832581ae5a975ed38eeac9f4e960bdf,22800000000000000,,,call,2300,0,0,0,
6874237,1,1544636239,0x6f801434e225dc27367b9c324c902a60859df80deb7cfe8603d48616f247d7c0,0xb1690c08e213a35ed9bab7b318de14420fb57d8c,0x1f4b10ffb832581ae5a975ed38eeac9f4e960bdf,26947335300925927,,,call,2300,0,0,0,
6875671,2,1544656792,0xda5e6d20cb3902d94ce7cb05afb85925c7006725b0d1751be00016e10ddeafda,0xe658e6eb4b478da2cf36d9e3712ba0c1b33786a1,0x1f4b10ffb832581ae5a975ed38eeac9f4e960bdf,1000547486772444,,,call,2300,0,1,0,
6875751,2,1544658054,0xe0b72fc3482ee3d95219ef5630bf016e7385ebe6f150e4037299e3e2627e0e8a,0xe658e6eb4b478da2cf36d9e3712ba0c1b33786a1,0x1f4b10ffb832581ae5a975ed38eeac9f4e960bdf,1000084414682586,,,call,2300,0,1,0,
6877796,1,1544687207,0x8a66f2a422891778b32bbbbff4441f82e4ac29a184339dc2a0cad7c565f7f1bd,0xb1690c08e213a35ed9bab7b318de14420fb57d8c,0x1f4b10ffb832581ae5a975ed38eeac9f4e960bdf,7700000000000000,,,call,2300,0,0,0,
6879769,2,1544715084,0x06286b095192aa8a6bd7ce8cb78738a1a0fe2e2b56ec5f61d6195a46deb906db,0xe658e6eb4b478da2cf36d9e3712ba0c1b33786a1,0x1f4b10ffb832581ae5a975ed38eeac9f4e960bdf,1001989897486800,,,call,2300,0,1,0,
6879832,2,1544715941,0x8cef96619357567360d5595d3715fff49f5f71fafcbe697cf80959338790c380,0xe658e6eb4b478da2cf36d9e3712ba0c1b33786a1,0x1f4b10ffb832581ae5a975ed38eeac9f4e960bdf,1000000000000000,,,call,2300,0,1,0,
6880102,3,1544719843,0xc09b60d402d13a52f1f3fd0869e0ce88dfa26cca7a4fcf71e82665e14616a8e4,0xc7af99fe5513eb6710e6d5f44f9989da40f27f26,0x1f4b10ffb832581ae5a975ed38eeac9f4e960bdf,19379803819444445,,,call,2300,0,1_0,0,
6880890,1,1544730634,0x700107a119ecb185a6a73d527ae45f6e0cc31cc94beab5ca2242fd29fac19833,0xe658e6eb4b478da2cf36d9e3712ba0c1b33786a1,0x1f4b10ffb832581ae5a975ed38eeac9f4e960bdf,24698101727843916,,,call,2300,0,0,0,
6880905,1,1544731004,0xa8404cb0b620580494bbbc7285eb33ec7cb4ec406eff12ac2f70fd7ad15e32e8,0xe658e6eb4b478da2cf36d9e3712ba0c1b33786a1,0x1f4b10ffb832581ae5a975ed38eeac9f4e960bdf,24697928472222223,,,call,2300,0,0,0,
6881247,1,1544736072,0x73970aab18be818d2b30286b968ccde9f401925b9c3bb838611942850a802400,0xe658e6eb4b478da2cf36d9e3712ba0c1b33786a1,0x1f4b10ffb832581ae5a975ed38eeac9f4e960bdf,15197106646825398,,,call,2300,0,0,0,
6881388,1,1544737796,0x200447fbbb0b50163d37ca5ec5e74d4bac0a13b0dcade75fe8add94ac8f24722,0xe658e6eb4b478da2cf36d9e3712ba0c1b33786a1,0x1f4b10ffb832581ae5a975ed38eeac9f4e960bdf,76941768865740742,,,call,2300,0,0,0,
6881696,1,1544742290,0xd22e29c9c71d36c63d1d758fd400910cda24f21cf16280178715e654e881eea6,0xe658e6eb4b478da2cf36d9e3712ba0c1b33786a1,0x1f4b10ffb832581ae5a975ed38eeac9f4e960bdf,15188359567901235,,,call,2300,0,0,0,
6881845,3,1544744310,0x298f9b7b49e6e83b0a6fd404b4ae478596ab48d624ca5ac35a53abf4d622e3b1,0xc7af99fe5513eb6710e6d5f44f9989da40f27f26,0x1f4b10ffb832581ae5a975ed38eeac9f4e960bdf,17931820601851852,,,call,2300,0,1_0,0,
6881975,3,1544745954,0x7b49c3958578458a2dcbf9d33ce2bea54dc5867a7141dd4e8460f27c523959cf,0xc7af99fe5513eb6710e6d5f44f9989da40f27f26,0x1f4b10ffb832581ae5a975ed38eeac9f4e960bdf,23072372685185186,,,call,2300,0,1_0,0,
6885422,1,1544795758,0xd156f8956da08490e9c9b97b401889da399497f7b7221f4d372881bbe7590c25,0xe658e6eb4b478da2cf36d9e3712ba0c1b33786a1,0x1f4b10ffb832581ae5a975ed38eeac9f4e960bdf,25608365663580248,,,call,2300,0,0,0,
6886969,1,1544817564,0x513be3241722ada08a59e4b1f0784c639bcaf72ec630c9e47796d996bf114473,0xe658e6eb4b478da2cf36d9e3712ba0c1b33786a1,0x1f4b10ffb832581ae5a975ed38eeac9f4e960bdf,23746840663580248,,,call,2300,0,0,0,
6887772,1,1544829340,0xbeb49618cddd272f78464c8c5f41b2dfd7775b77e3fd4df11021681fc936305d,0xb1690c08e213a35ed9bab7b318de14420fb57d8c,0x1f4b10ffb832581ae5a975ed38eeac9f4e960bdf,21175000000000000,,,call,2300,0,0,0,
6888203,1,1544835296,0x566df630e85b63319aff52164fa21eb12cfc5c084e82b9b922d28fa9ca3d9273,0xe658e6eb4b478da2cf36d9e3712ba0c1b33786a1,0x1f4b10ffb832581ae5a975ed38eeac9f4e960bdf,25501776543209878,,,call,2300,0,0,0,
6890510,1,1544868258,0x56adcdebe54aaabf0245912a4be47c06f30bf5d950584fdf9c42589ded1d89af,0xb1690c08e213a35ed9bab7b318de14420fb57d8c,0x1f4b10ffb832581ae5a975ed38eeac9f4e960bdf,25025000000000000,,,call,2300,0,0,0,
6890541,1,1544868937,0x3518c29b79e41fef5cc0e1d9773c4a2237975657842af261c69f8a14ff5c035c,0xb1690c08e213a35ed9bab7b318de14420fb57d8c,0x1f4b10ffb832581ae5a975ed38eeac9f4e960bdf,28875000000000000,,,call,2300,0,0,0,
6891063,1,1544876368,0x30d3f6b41d3134167f04052fa0fe159a0b62ad027206528332b5ca149e81c3cf,0xe658e6eb4b478da2cf36d9e3712ba0c1b33786a1,0x1f4b10ffb832581ae5a975ed38eeac9f4e960bdf,25343022453703704,,,call,2300,0,0,0,
6892597,2,1544897704,0x4d19956d470d29470aefa538105133b91379c6c357e0b7e13f14fa8af3c221a8,0xb1690c08e213a35ed9bab7b318de14420fb57d8c,0x1f4b10ffb832581ae5a975ed38eeac9f4e960bdf,716709862017,,,call,2300,0,1,0,
6892947,3,1544902564,0x9c62a38cf9ebd07e25e469704ff6adf15f742632d7b053ba327013735ec5fbb1,0xc7af99fe5513eb6710e6d5f44f9989da40f27f26,0x1f4b10ffb832581ae5a975ed38eeac9f4e960bdf,2887500000000000,,,call,2300,0,1_0,0,
6896442,1,1544952611,0x5d3419d4f7b1535a4f9ad8d61a4ebb4337b5c1cefc3c6d26be1b9fca0e24a0b7,0xb1690c08e213a35ed9bab7b318de14420fb57d8c,0x1f4b10ffb832581ae5a975ed38eeac9f4e960bdf,157011154513888890,,,call,2300,0,0,0,
6897181,3,1544963253,0x0a20c013aabf53cf32b95e41b001990fcc5b037a829cacb9744eb78f3c65a9ac,0xc7af99fe5513eb6710e6d5f44f9989da40f27f26,0x1f4b10ffb832581ae5a975ed38eeac9f4e960bdf,7700000000000000,,,call,2300,0,1_0,0,
6898421,2,1544980531,0x5dc3a8ac01815875b3469e69c6f9aa43bc22445594239fe7e76275fb74abb467,0xb1690c08e213a35ed9bab7b318de14420fb57d8c,0x1f4b10ffb832581ae5a975ed38eeac9f4e960bdf,195096314988322,,,call,2300,0,1,0,
6898488,2,1544981447,0xebccb1ae9e3c9d40c6cc509a27c137fe5162e8696c186e7e40192df7b67264f3,0xb1690c08e213a35ed9bab7b318de14420fb57d8c,0x1f4b10ffb832581ae5a975ed38eeac9f4e960bdf,12238218445279,,,call,2300,0,1,0,
6898522,2,1544981937,0x31f0291178acea3edec8dca58f95e06b52f099bd74e0a440f7ee1c660a3a88c7,0xb1690c08e213a35ed9bab7b318de14420fb57d8c,0x1f4b10ffb832581ae5a975ed38eeac9f4e960bdf,1830003500380,,,call,2300,0,1,0,
6898562,2,1544982523,0xe9f52f6f234c923189f95efa60c06c9b372cf28e89bd43ceab5f57fbe37ae02a,0xb1690c08e213a35ed9bab7b318de14420fb57d8c,0x1f4b10ffb832581ae5a975ed38eeac9f4e960bdf,5188023609563,,,call,2300,0,1,0,
6899189,2,1544991793,0x172b32955839cf9c8ce98a22fae223f725fc6f34199843f1cfac02c869cae3e6,0xb1690c08e213a35ed9bab7b318de14420fb57d8c,0x1f4b10ffb832581ae5a975ed38eeac9f4e960bdf,1396468344765652,,,call,2300,0,1,0,
6899498,1,1544996170,0x50a1600e8d6a64ff97a061a8cc1e70a4f058f4639553f6fe315f49a3f238cceb,0xf4985070ce32b6b1994329df787d1acc9a2dd9e2,0x1f4b10ffb832581ae5a975ed38eeac9f4e960bdf,132534482361937832,,,call,2300,0,0,0,
6899590,1,1544997552,0x089a044cb6b184d7dc6770427a048201d0aabd5b166cb0ce41a1604855fa9b6b,0xb1690c08e213a35ed9bab7b318de14420fb57d8c,0x1f4b10ffb832581ae5a975ed38eeac9f4e960bdf,31762500000000000,,,call,2300,0,0,0,
6899933,1,1545002099,0x03f2bd2aa10d0670a4e3fe2413f84cc62256c0183112edf3a3cda5102d456b8a,0xe658e6eb4b478da2cf36d9e3712ba0c1b33786a1,0x1f4b10ffb832581ae5a975ed38eeac9f4e960bdf,34069428406084657,,,call,2300,0,0,0,
6900770,1,1545014112,0xd523e4033fdf71d69c67b302ff37fede08055d220e85e1bf3fd380b8a7aa92f0,0xb1690c08e213a35ed9bab7b318de14420fb57d8c,0x1f4b10ffb832581ae5a975ed38eeac9f4e960bdf,43520707465277779,,,call,2300,0,0,0,
6900859,1,1545015330,0xe09f7bc58c4dc77ee4a8ecf374556df79633dff6e9a49e0ae276ee217347dc27,0xb1690c08e213a35ed9bab7b318de14420fb57d8c,0x1f4b10ffb832581ae5a975ed38eeac9f4e960bdf,25025000000000000,,,call,2300,0,0,0,
6901236,1,1545021062,0x06677f270d4d6564477a4add43612fc9be44ca8fb14e3a53c8045e9b62a933d8,0xb1690c08e213a35ed9bab7b318de14420fb57d8c,0x1f4b10ffb832581ae5a975ed38eeac9f4e960bdf,27647491666666667,,,call,2300,0,0,0,
6903283,1,1545051665,0xa8185acc6649858d8305541f7aef9e6e707ce09c67b32da36b5046eda44a8b7b,0xb1690c08e213a35ed9bab7b318de14420fb57d8c,0x1f4b10ffb832581ae5a975ed38eeac9f4e960bdf,12512500000000000,,,call,2300,0,0,0,
6903769,2,1545058911,0x63feb6dc5d54273f887b7f31bceb0c0e9a0f760b566276b4318be290f7d518bd,0xb1690c08e213a35ed9bab7b318de14420fb57d8c,0x1f4b10ffb832581ae5a975ed38eeac9f4e960bdf,52759882605533,,,call,2300,0,1,0,
6905062,4,1545077412,0x50f4e444d4e1d7f98f5011b9c8dc74e398e6e0989cf5a32d14da29356bc2772d,0x7be8076f4ea4a4ad08075c2508e481d6c946d12b,0x1f4b10ffb832581ae5a975ed38eeac9f4e960bdf,60000000000000000,,,call,2300,0,3,0,
6905449,1,1545083025,0x6fe178659ea0eacd0a38e639c75a5372f0918132d2db41e331ddb85f97e3c110,0xb1690c08e213a35ed9bab7b318de14420fb57d8c,0x1f4b10ffb832581ae5a975ed38eeac9f4e960bdf,5774966579861112,,,call,2300,0,0,0,
6907605,1,1545114981,0xfc990bf12e1061bbea0bc091620b3332c67f51a5cde19f04cb801364589d199f,0xe7232a9fd8bf427aa41918bc008d32290e22990e,0x1f4b10ffb832581ae5a975ed38eeac9f4e960bdf,94050000000000000,,,call,2300,0,0,0,
6909612,2,1545145574,0xafd5f58665e1f170c958094529959ae16f3e8c97673371032091a861ffbdd059,0xf4985070ce32b6b1994329df787d1acc9a2dd9e2,0x1f4b10ffb832581ae5a975ed38eeac9f4e960bdf,52579365079365,,,call,2300,0,1,0,
6915987,1,1545238870,0x3a442a2059d6f4bcdcc38a60ea9f491d98c80f5bae4627a7a1ed50642896b0e5,0xf4985070ce32b6b1994329df787d1acc9a2dd9e2,0x1f4b10ffb832581ae5a975ed38eeac9f4e960bdf,126012541087962963,,,call,2300,0,0,0,
6916008,4,1545239134,0x039245b07ffa2b145b5205873aab44e3e3d218a383697bfc2a618b932a242df7,0x7be8076f4ea4a4ad08075c2508e481d6c946d12b,0x1f4b10ffb832581ae5a975ed38eeac9f4e960bdf,69987538084114113,,,call,2300,0,3,0,
6918336,3,1545273571,0x175297072e5eb63d0f09a55c2cbf3dc55e852d505766115aeb8400ba5f63cec8,0xc7af99fe5513eb6710e6d5f44f9989da40f27f26,0x1f4b10ffb832581ae5a975ed38eeac9f4e960bdf,6737500000000000,,,call,2300,0,1_0,0,
6918563,1,1545276608,0x42c8ae2f7760288f9a19bf6861280c1143da0d287d5db705a8ec34ae4c306f17,0xf4985070ce32b6b1994329df787d1acc9a2dd9e2,0x1f4b10ffb832581ae5a975ed38eeac9f4e960bdf,203912591145833334,,,call,2300,0,0,0,
6919834,3,1545295870,0xee8f3692922552b9c04594d676dd1164c9cc268bfc830efe49ff2ffd457e8790,0xc7af99fe5513eb6710e6d5f44f9989da40f27f26,0x1f4b10ffb832581ae5a975ed38eeac9f4e960bdf,10587500000000000,,,call,2300,0,1_0,0,
6921187,1,1545315639,0xff152695ed70b5bcbbb86cb6e5424649c7d5179d62e6e359188a79aa52f675b0,0xf4985070ce32b6b1994329df787d1acc9a2dd9e2,0x1f4b10ffb832581ae5a975ed38eeac9f4e960bdf,158449460503472223,,,call,2300,0,0,0,
6921210,1,1545315998,0xec3ca28964a785a8c78941e4a55e424507a5a43645a25a1b8ffa76ec848076fe,0xf4985070ce32b6b1994329df787d1acc9a2dd9e2,0x1f4b10ffb832581ae5a975ed38eeac9f4e960bdf,87139814236111112,,,call,2300,0,0,0,
6921263,1,1545316667,0x7848ed21e27e2c8b548c985323d265011f67b86c7d3385aed2c9d040ac375cf2,0xf4985070ce32b6b1994329df787d1acc9a2dd9e2,0x1f4b10ffb832581ae5a975ed38eeac9f4e960bdf,91784725419560186,,,call,2300,0,0,0,
6921297,2,1545317388,0x47c28a82d4f3e592cbfee02d7b7b0f0b6c77b80155966f07a7e14ac6a8f04d4e,0xf4985070ce32b6b1994329df787d1acc9a2dd9e2,0x1f4b10ffb832581ae5a975ed38eeac9f4e960bdf,173611111111111,,,call,2300,0,1,0,
6921301,2,1545317458,0xbdeb92c143cda7593891ba785ce7ba8c1208d76c0e5232e44f383ea96f5852ca,0xf4985070ce32b6b1994329df787d1acc9a2dd9e2,0x1f4b10ffb832581ae5a975ed38eeac9f4e960bdf,260416666666666,,,call,2300,0,1,0,
6921356,1,1545318385,0x7b86677a7811a32ee45b4aef6990fe646a5ce0e08d40de2f88adec2cfb2b7d77,0xf4985070ce32b6b1994329df787d1acc9a2dd9e2,0x1f4b10ffb832581ae5a975ed38eeac9f4e960bdf,185675577739197532,,,call,2300,0,0,0,
6924596,1,1545365892,0xfe3cdb38d460268bf1fa2bdc99b9ae228dbf34764a7e53eff34c5c7fd1176eaf,0xf4985070ce32b6b1994329df787d1acc9a2dd9e2,0x1f4b10ffb832581ae5a975ed38eeac9f4e960bdf,248950000000000000,,,call,2300,0,0,0,
6926025,2,1545386423,0xd43b7f62178898e0c2d3ddaa442b8b069b1956335bba674090dd9e1fd967567a,0xf4985070ce32b6b1994329df787d1acc9a2dd9e2,0x1f4b10ffb832581ae5a975ed38eeac9f4e960bdf,657291666666666,,,call,2300,0,1,0,
6926030,2,1545386463,0x4616394ac3da2a06ebd25d10f2c45be0f8ffeca5be34578cc29a6942501f047a,0xf4985070ce32b6b1994329df787d1acc9a2dd9e2,0x1f4b10ffb832581ae5a975ed38eeac9f4e960bdf,289814814814814,,,call,2300,0,1,0,
6926030,2,1545386463,0x8c66b461d86177e1877138878b219539cd202aaec3fc81210906e0940bdbac42,0xb1690c08e213a35ed9bab7b318de14420fb57d8c,0x1f4b10ffb832581ae5a975ed38eeac9f4e960bdf,44544957571949,,,call,2300,0,1,0,
6926034,2,1545386539,0x642fc753d35dbb7f445f007b540506a9b3650b0e2380de4d655b3f4f1b3a0992,0xb1690c08e213a35ed9bab7b318de14420fb57d8c,0x1f4b10ffb832581ae5a975ed38eeac9f4e960bdf,39274153235867,,,call,2300,0,1,0,
6926432,2,1545392443,0xb6437d319e09f48cac58ecfad98f9e949998ac74d541906ed9acbc6c218e8fa7,0xf4985070ce32b6b1994329df787d1acc9a2dd9e2,0x1f4b10ffb832581ae5a975ed38eeac9f4e960bdf,74768518518517,,,call,2300,0,1,0,
6928173,2,1545418506,0xb9ca441003566c8d3c84381e1ebbe0688526d0fc2773018b3a7be9a09d6250d2,0xf4985070ce32b6b1994329df787d1acc9a2dd9e2,0x1f4b10ffb832581ae5a975ed38eeac9f4e960bdf,607407407407406,,,call,2300,0,1,0,
6931132,1,1545462547,0xab8c8563c4a4bb6978be84d4d6fa327549aabc434258fb1ed63f741bedf7ae17,0xb1690c08e213a35ed9bab7b318de14420fb57d8c,0x1f4b10ffb832581ae5a975ed38eeac9f4e960bdf,4812500000000000,,,call,2300,0,0,0,
6934001,2,1545504120,0x0468325c4c9993b8ad6b1258091bedcb02aebd679f71dc70d05454d34f0f36d1,0xf4985070ce32b6b1994329df787d1acc9a2dd9e2,0x1f4b10ffb832581ae5a975ed38eeac9f4e960bdf,214236111111110,,,call,2300,0,1,0,
6934920,1,1545517383,0x750a1c647bc6c0849c17f6fa214767216e58191c50a24c82b4450740b3c3f8f1,0xf4985070ce32b6b1994329df787d1acc9a2dd9e2,0x1f4b10ffb832581ae5a975ed38eeac9f4e960bdf,278496189236111112,,,call,2300,0,0,0,
6935685,1,1545528856,0x737286464d9accc360fa964c54baaa78241380792935e87ac500d153a3906af8,0xb1690c08e213a35ed9bab7b318de14420fb57d8c,0x1f4b10ffb832581ae5a975ed38eeac9f4e960bdf,4812500000000000,,,call,2300,0,0,0,
6938508,2,1545570456,0x7b84e8ab5f322d0bbe11309a1d04ed78effaefe15292e64649f9a54fe64d4870,0xf4985070ce32b6b1994329df787d1acc9a2dd9e2,0x1f4b10ffb832581ae5a975ed38eeac9f4e960bdf,104166666666666,,,call,2300,0,1,0,
6941066,1,1545607720,0x3935c7c93f3020a221fbe08cf5f343276153f24fc8cc8f02aa186796e7f5a423,0xe7232a9fd8bf427aa41918bc008d32290e22990e,0x1f4b10ffb832581ae5a975ed38eeac9f4e960bdf,65550000000000000,,,call,2300,0,0,0,
6941160,4,1545609176,0xd0e6b020a7504466c3fa6c0ccdb98484edc6f5b671c1e4d84c19cc47395ac5e1,0x7be8076f4ea4a4ad08075c2508e481d6c946d12b,0x1f4b10ffb832581ae5a975ed38eeac9f4e960bdf,43593576760604133,,,call,2300,0,3,0,
6941195,4,1545609628,0xdc243aebb6ef27641b7a2a566eef23fbb3563246b5d9cbc6c416260a248976d6,0x7be8076f4ea4a4ad08075c2508e481d6c946d12b,0x1f4b10ffb832581ae5a975ed38eeac9f4e960bdf,68377351397945834,,,call,2300,0,3,0,
6945707,2,1545675040,0x7b6adb95e3b0de51b1737057db432e5cd80be5255ab25f74dd53bb9ef5264509,0xb1690c08e213a35ed9bab7b318de14420fb57d8c,0x1f4b10ffb832581ae5a975ed38eeac9f4e960bdf,373552819310,,,call,2300,0,1,0,
6950118,2,1545739113,0x135db6f6451fab75385c413723bd4ec06f329a8b5c9ef9bf6c13703680b48e67,0xf4985070ce32b6b1994329df787d1acc9a2dd9e2,0x1f4b10ffb832581ae5a975ed38eeac9f4e960bdf,75578703703703,,,call,2300,0,1,0,
6950136,2,1545739402,0x1146bbacaee68ba611bf6aadf597eeb713de49ee6e3bb6f563451c080b1df2a6,0xf4985070ce32b6b1994329df787d1acc9a2dd9e2,0x1f4b10ffb832581ae5a975ed38eeac9f4e960bdf,297569444444443,,,call,2300,0,1,0,
6950293,2,1545741633,0xd9bf61622839212dff61a094e27d3594c9e143d1863e3b7be1b97b183da8b3ea,0xf4985070ce32b6b1994329df787d1acc9a2dd9e2,0x1f4b10ffb832581ae5a975ed38eeac9f4e960bdf,6628009259260,,,call,2300,0,1,0,
6950318,2,1545741985,0x7ac65394411842ab37870658cc2b1b2ecac46655a85c208f0e0dafd7d7beda6e,0xf4985070ce32b6b1994329df787d1acc9a2dd9e2,0x1f4b10ffb832581ae5a975ed38eeac9f4e960bdf,31349206349205,,,call,2300,0,1,0,
6950668,4,1545747441,0xf61ab22266cbde6f0231c224e78ea7ca3d6f11490b1b7b1107e0a19f7cf852dd,0x60ce035dc589c3fd185b224a7ca03c598948973b,0x1f4b10ffb832581ae5a975ed38eeac9f4e960bdf,243055555555555,,,call,2300,0,3,0,
6950678,4,1545747589,0x58dd66229a8ae24425f9f3e7e9d879e564219da784efe6201b1c94e95bc69b08,0x60ce035dc589c3fd185b224a7ca03c598948973b,0x1f4b10ffb832581ae5a975ed38eeac9f4e960bdf,173611111111111,,,call,2300,0,3,0,
6955618,3,1545819329,0xb1e5daa0bda8f23fa70005b38787150e8093dc80a7c1fa6e328add52c4175ba5,0xc7af99fe5513eb6710e6d5f44f9989da40f27f26,0x1f4b10ffb832581ae5a975ed38eeac9f4e960bdf,962500000000000,,,call,2300,0,1_0,0,
6956328,1,1545830068,0x7082b2f5dabc9d3b06587745eea6b9be436ee0b220f7ba99f4d6139d880d70fa,0xf4985070ce32b6b1994329df787d1acc9a2dd9e2,0x1f4b10ffb832581ae5a975ed38eeac9f4e960bdf,246935814525462964,,,call,2300,0,0,0,
6957329,4,1545843596,0x9086f7bd8c470ec9d31133bf8d04687ffa603fa94c799325f0c9e1d3f760d22d,0x7be8076f4ea4a4ad08075c2508e481d6c946d12b,0x1f4b10ffb832581ae5a975ed38eeac9f4e960bdf,79000000000000000,,,call,2300,0,3,0,
6958373,1,1545858578,0xd533dac9e82924412fc9f112cd8fd2bd87f22dc222a109fa1cfb851b7926ece5,0xf4985070ce32b6b1994329df787d1acc9a2dd9e2,0x1f4b10ffb832581ae5a975ed38eeac9f4e960bdf,108764759645061730,,,call,2300,0,0,0,
6958748,1,1545864483,0x54a75d4903120e532b621208a6e9b45f0cf759614dd81e140a5483a4989250e5,0xe7232a9fd8bf427aa41918bc008d32290e22990e,0x1f4b10ffb832581ae5a975ed38eeac9f4e960bdf,47405000000000000,,,call,2300,0,0,0,
6962906,2,1545926121,0x72de6484b6bc8850c7262e2899d4e78082d87d7df491bd1245744cd6b9e8cdce,0xf4985070ce32b6b1994329df787d1acc9a2dd9e2,0x1f4b10ffb832581ae5a975ed38eeac9f4e960bdf,73495370370370,,,call,2300,0,1,0,
6962989,1,1545927268,0x8df5a3c0e4fabe1f5bafc5b2ac754020622e951b04221b7f7b82cf771cbda675,0xb1690c08e213a35ed9bab7b318de14420fb57d8c,0x1f4b10ffb832581ae5a975ed38eeac9f4e960bdf,48125000000000000,,,call,2300,0,0,0,
6964776,2,1545952849,0x0b6505a711f63fa3005f672e044c7ffaba8b07dd962b436594114e890b1e4215,0xf4985070ce32b6b1994329df787d1acc9a2dd9e2,0x1f4b10ffb832581ae5a975ed38eeac9f4e960bdf,347222222222222,,,call,2300,0,1,0,
6967388,2,1545991491,0x2a9990227439a2200f5b66ed5918f60e3512baabe3d148ed004506630d3e619b,0xf4985070ce32b6b1994329df787d1acc9a2dd9e2,0x1f4b10ffb832581ae5a975ed38eeac9f4e960bdf,73379629629629,,,call,2300,0,1,0,
6967462,2,1545992368,0xe098b35a935e63f25cbe45ebd13ae94cc4c61adbcd58936480b8cdb529188254,0xf4985070ce32b6b1994329df787d1acc9a2dd9e2,0x1f4b10ffb832581ae5a975ed38eeac9f4e960bdf,102678571428570,,,call,2300,0,1,0,
6975685,1,1546112286,0x0d0146ad0e2f7fac92ce063191dd1846981c41166e7fddc144f71861217a1dd0,0xb1690c08e213a35ed9bab7b318de14420fb57d8c,0x1f4b10ffb832581ae5a975ed38eeac9f4e960bdf,23100000000000000,,,call,2300,0,0,0,
6982413,2,1546210460,0x80c8e5632f3b11f87f431f95e6e7520bb9d37be8d2acb41c9cbeea3b84e874a1,0xb1690c08e213a35ed9bab7b318de14420fb57d8c,0x1f4b10ffb832581ae5a975ed38eeac9f4e960bdf,14865977054263,,,call,2300,0,1,0,
6983212,1,1546221490,0x0585e0324a4bc9969305d8d75c0cf95becc227cf640b5466f12395c7295014e9,0xe7232a9fd8bf427aa41918bc008d32290e22990e,0x1f4b10ffb832581ae5a975ed38eeac9f4e960bdf,95000000000000000,,,call,2300,0,0,0,
6991689,1,1546347266,0xbfb2939fd2b38c81646635248fbd2ad79ef731fa8f553ebcb7cb270c0ae70c51,0xf4985070ce32b6b1994329df787d1acc9a2dd9e2,0x1f4b10ffb832581ae5a975ed38eeac9f4e960bdf,86175000000000000,,,call,2300,0,0,0,
6998440,4,1546445120,0x2969caf93d29fa7f791a369a360830e6618dab78e430c3b96c1f54c018407316,0x7be8076f4ea4a4ad08075c2508e481d6c946d12b,0x1f4b10ffb832581ae5a975ed38eeac9f4e960bdf,25000000000000000,,,call,2300,0,3,1,
6998551,3,1546446829,0x5f92bf37edfa88d2f5b74b21b067228e3c6982357864dcaa42b33832ac9d23cf,0xc7af99fe5513eb6710e6d5f44f9989da40f27f26,0x1f4b10ffb832581ae5a975ed38eeac9f4e960bdf,7700000000000000,,,call,2300,0,1_0,0,
7009689,1,1546617496,0x2c020de207ebdb01cb769a4e2aaef580d0a94af5c8485b6fea2510b16fbd8baf,0xb1690c08e213a35ed9bab7b318de14420fb57d8c,0x1f4b10ffb832581ae5a975ed38eeac9f4e960bdf,15400000000000000,,,call,2300,0,0,0,
7010786,2,1546634785,0x9078786eae84afecf2e43c80b307ae5c132ea16b0a9c7644dde5c483f33f6597,0xf4985070ce32b6b1994329df787d1acc9a2dd9e2,0x1f4b10ffb832581ae5a975ed38eeac9f4e960bdf,4140211640210,,,call,2300,0,1,0,
7013245,1,1546672825,0x14f9e4ef77ba5deb3b4ed055c8a9f7c7f29107f0857f5592d33562a48b8d52d4,0xb1690c08e213a35ed9bab7b318de14420fb57d8c,0x1f4b10ffb832581ae5a975ed38eeac9f4e960bdf,8171649508101852,,,call,2300,0,0,0,
7017149,4,1546732372,0xc36acec23882d9dafee2cc2b72db24c63a810d63d165cef7ad6a371307b5261e,0x7be8076f4ea4a4ad08075c2508e481d6c946d12b,0x1f4b10ffb832581ae5a975ed38eeac9f4e960bdf,45000000000000000,,,call,2300,0,3,0,
7019499,2,1546768684,0x06eef3fb769e8e7138ad8b0969ac037c633c3e3d657c570fa93f473bf9d0f2b4,0xb1690c08e213a35ed9bab7b318de14420fb57d8c,0x1f4b10ffb832581ae5a975ed38eeac9f4e960bdf,4270437481695,,,call,2300,0,1,0,
7020005,2,1546776485,0xe62ab0983a224245a0b2d26682d3516d56faa5ae29cf18d924495aa0201154cf,0xb1690c08e213a35ed9bab7b318de14420fb57d8c,0x1f4b10ffb832581ae5a975ed38eeac9f4e960bdf,492709926778,,,call,2300,0,1,0,
7022989,1,1546822925,0x8b0e5fed3f63b6460ad52ac29346d4e5f588e56f5eb35c5f2986ad41ac2f4c54,0xb1690c08e213a35ed9bab7b318de14420fb57d8c,0x1f4b10ffb832581ae5a975ed38eeac9f4e960bdf,2252497309027779,,,call,2300,0,0,0,
7024711,3,1546849987,0x32607df0ecabfdff1fad2b380a4dc5c8e3818e29a51050a446e07974cdb846c4,0x57831a0c76ba6b4fdcbadd6cb48cb26e8fc15e93,0x1f4b10ffb832581ae5a975ed38eeac9f4e960bdf,100000000000000000,,,call,2300,0,2,0,
7024781,2,1546850960,0xfe1d5736ae91db335f4510d592c78fa415e7adc1a8f6fe0ed533459badd97046,0xf4985070ce32b6b1994329df787d1acc9a2dd9e2,0x1f4b10ffb832581ae5a975ed38eeac9f4e960bdf,208333333333333,,,call,2300,0,1,0,
7024869,2,1546852313,0xc1a81ac04afd226b38e5e72a099a05f163b16b01ce4a50303dd6723f3ac36460,0xb1690c08e213a35ed9bab7b318de14420fb57d8c,0x1f4b10ffb832581ae5a975ed38eeac9f4e960bdf,1029047888111,,,call,2300,0,1,0,
7025848,1,1546866616,0xa8eeab73008bc28c7352dcfe2344f719b2ec2ac8f05611fac1946bbbeba3cf2d,0xb1690c08e213a35ed9bab7b318de14420fb57d8c,0x1f4b10ffb832581ae5a975ed38eeac9f4e960bdf,14437500000000000,,,call,2300,0,0,0,
7027741,1,1546895584,0x9630ca9c29ace02d91e10dd52a8e6f95a9364e8bee7956667e752df2605aced5,0xb1690c08e213a35ed9bab7b318de14420fb57d8c,0x1f4b10ffb832581ae5a975ed38eeac9f4e960bdf,1714185763888890,,,call,2300,0,0,0,
7028506,1,1546907494,0x35b7d35c19eff0c23fe689fa20feb9e1b997d5668bf8388ea946aa8674a33dca,0xb1690c08e213a35ed9bab7b318de14420fb57d8c,0x1f4b10ffb832581ae5a975ed38eeac9f4e960bdf,962500000000000,,,call,2300,0,0,0,
7030597,1,1546940681,0x961f6becef699c68e12aa8582ca13968097e3b70c578cecf246401540dea5739,0xf4985070ce32b6b1994329df787d1acc9a2dd9e2,0x1f4b10ffb832581ae5a975ed38eeac9f4e960bdf,132051440393518520,,,call,2300,0,0,0,
7031685,1,1546957126,0x385d143287c53ac4a3694548155884f2af3336d650fbe101d3219561fc28742b,0xb1690c08e213a35ed9bab7b318de14420fb57d8c,0x1f4b10ffb832581ae5a975ed38eeac9f4e960bdf,14437500000000000,,,call,2300,0,0,0,
7031805,1,1546958944,0x2522aa07d2db2886fd316a6b54922993a79a37981cfa691055cceb95fbc0d728,0xb1690c08e213a35ed9bab7b318de14420fb57d8c,0x1f4b10ffb832581ae5a975ed38eeac9f4e960bdf,14521947120949075,,,call,2300,0,0,0,
7033604,1,1546987167,0xc73f461a12737898c44b527f6ba1c296726061b91855f99d4b86c57f1f84ae7d,0xb1690c08e213a35ed9bab7b318de14420fb57d8c,0x1f4b10ffb832581ae5a975ed38eeac9f4e960bdf,3850000000000000,,,call,2300,0,0,0,
7034222,1,1546996791,0x16f04a0c6323016b40af823353fcf52d74c4fb14249e953216d000f0fe77e487,0xb1690c08e213a35ed9bab7b318de14420fb57d8c,0x1f4b10ffb832581ae5a975ed38eeac9f4e960bdf,13240613425925927,,,call,2300,0,0,0,
7038913,1,1547068817,0xcd9bac741848bc0a9b447b1c54104595093cd1e0698f7eb144ade5d24ad2d4f1,0xf4985070ce32b6b1994329df787d1acc9a2dd9e2,0x1f4b10ffb832581ae5a975ed38eeac9f4e960bdf,124475000000000000,,,call,2300,0,0,0,
7045693,2,1547173862,0x5ce05a99df8e698e4322cb01ce95cb1bab66727e986dc9d7bf7ef6ef00376e76,0xb1690c08e213a35ed9bab7b318de14420fb57d8c,0x1f4b10ffb832581ae5a975ed38eeac9f4e960bdf,707126881335,,,call,2300,0,1,0,
7045803,1,1547175603,0xcd8dfce958f417bc6acde3f21ed25224a2b84d48c1f2a024dd2ae617198c701a,0xb1690c08e213a35ed9bab7b318de14420fb57d8c,0x1f4b10ffb832581ae5a975ed38eeac9f4e960bdf,19250000000000000,,,call,2300,0,0,0,
7045878,2,1547176666,0x222a5b3b2a9ce8cb11001837b7864b52df88ba2621a5676cedd7a67442094239,0xb1690c08e213a35ed9bab7b318de14420fb57d8c,0x1f4b10ffb832581ae5a975ed38eeac9f4e960bdf,9783333406423,,,call,2300,0,1,0,
7046351,1,1547184156,0xfae9fa09d39fc1656a233c08fae8adb16c47bf913cf76809dab31fd386b01b1a,0xb1690c08e213a35ed9bab7b318de14420fb57d8c,0x1f4b10ffb832581ae5a975ed38eeac9f4e960bdf,17186239583333334,,,call,2300,0,0,0,
7046367,3,1547184613,0xc7bc517a990ba0eb2e740d2cb75ad3bcca63c6f5e04aa0684e19273062e557ef,0xc7af99fe5513eb6710e6d5f44f9989da40f27f26,0x1f4b10ffb832581ae5a975ed38eeac9f4e960bdf,81812500000000000,,,call,2300,0,1_0,0,
7046572,3,1547187819,0x4102ad8e687ba66d5efdacb46d9286c5ee88b40a8fa29df6f1a49f51edfccce7,0xc7af99fe5513eb6710e6d5f44f9989da40f27f26,0x1f4b10ffb832581ae5a975ed38eeac9f4e960bdf,81744239366319446,,,call,2300,0,1_0,0,
7046639,1,1547188684,0xbd65b3ca4e2400f25d628002837be843469c8520c964c62b9bac451b194fbbe3,0xb1690c08e213a35ed9bab7b318de14420fb57d8c,0x1f4b10ffb832581ae5a975ed38eeac9f4e960bdf,57460915798611112,,,call,2300,0,0,0,
7046781,2,1547190984,0x6903893f2b670dbb0ae07b222b90b67dee7479d1a988a8b142b6807fff2f290e,0xb1690c08e213a35ed9bab7b318de14420fb57d8c,0x1f4b10ffb832581ae5a975ed38eeac9f4e960bdf,3047310464275,,,call,2300,0,1,0,
7047893,3,1547208281,0x91955843b4924e547c4fbdf747fdba17399c427543d892f6b25dbf5c99afefb7,0xc7af99fe5513eb6710e6d5f44f9989da40f27f26,0x1f4b10ffb832581ae5a975ed38eeac9f4e960bdf,71400010127314816,,,call,2300,0,1_0,0,
7047977,1,1547209711,0x51f3bcb473dc25c8780d157312523ec9b03d87427f3b32cd1eeb973a2f62e067,0xf4985070ce32b6b1994329df787d1acc9a2dd9e2,0x1f4b10ffb832581ae5a975ed38eeac9f4e960bdf,436775981626157407,,,call,2300,0,0,0,
7048014,2,1547210426,0xc5f6e8f38708e32d27da8fe4b1bac628055a7b1a63addf660319173d0291b76b,0xb1690c08e213a35ed9bab7b318de14420fb57d8c,0x1f4b10ffb832581ae5a975ed38eeac9f4e960bdf,2701823749560,,,call,2300,0,1,0,
7048387,1,1547216172,0xb296e870548c9d52bfc39b2ed43f897e2fbe53b737fc5b9226fe4abd296353f6,0xb1690c08e213a35ed9bab7b318de14420fb57d8c,0x1f4b10ffb832581ae5a975ed38eeac9f4e960bdf,230433640046296298,,,call,2300,0,0,0,
7048529,2,1547218107,0x3004c2fa9cd3eaddf8351c55dc4d60a82ce5aef7fd2945890eac2102785fc550,0xb1690c08e213a35ed9bab7b318de14420fb57d8c,0x1f4b10ffb832581ae5a975ed38eeac9f4e960bdf,79203630879566,,,call,2300,0,1,0,
7048632,2,1547219799,0x0c63e4c2367a55d97eae4418ce32a0d74e579d27ed15f7399967a61bbe650a46,0xb1690c08e213a35ed9bab7b318de14420fb57d8c,0x1f4b10ffb832581ae5a975ed38eeac9f4e960bdf,60847190416578,,,call,2300,0,1,0,
7048696,1,1547220727,0x8008ce87b585443a3259ce5a41a7cfb635ee4bee15f21b3b404b438abc6e197c,0xb1690c08e213a35ed9bab7b318de14420fb57d8c,0x1f4b10ffb832581ae5a975ed38eeac9f4e960bdf,9567250000000000,,,call,2300,0,0,0,
7049400,1,1547231736,0xa8c8fc2b13737c31d0c4bd8c931370574b3283ab722cb89e68650929b83093d2,0xb1690c08e213a35ed9bab7b318de14420fb57d8c,0x1f4b10ffb832581ae5a975ed38eeac9f4e960bdf,61125434027777779,,,call,2300,0,0,0,
7049632,3,1547235217,0x8f268e223b78cb10c1a1eaef698f656fee16e80513b841c8a1443dec584e23c8,0xc7af99fe5513eb6710e6d5f44f9989da40f27f26,0x1f4b10ffb832581ae5a975ed38eeac9f4e960bdf,62562500000000000,,,call,2300,0,1_0,0,
7049649,1,1547235468,0x901f7796d7844c6504e443d314c9edcc75750daf0c64d37e4627846784cc572f,0xb1690c08e213a35ed9bab7b318de14420fb57d8c,0x1f4b10ffb832581ae5a975ed38eeac9f4e960bdf,36368352141203704,,,call,2300,0,0,0,
7049841,3,1547238652,0x151de77b19110597166d73f72b46d9db768444b8a31063f645e347e42dfce725,0xc7af99fe5513eb6710e6d5f44f9989da40f27f26,0x1f4b10ffb832581ae5a975ed38eeac9f4e960bdf,62441017795138890,,,call,2300,0,1_0,0,
7049983,1,1547240623,0x0f934a3e932fd55d6c0a9b6be6e3f362860383936d1d36b5ccb5d8f7fa8c7a10,0xb1690c08e213a35ed9bab7b318de14420fb57d8c,0x1f4b10ffb832581ae5a975ed38eeac9f4e960bdf,43048213541666667,,,call,2300,0,0,0,
7050079,1,1547242226,0x05f9a8aa234a3a40366c2fb99819b8de2748d941db433457e3ebfda6aea9ab53,0xb1690c08e213a35ed9bab7b318de14420fb57d8c,0x1f4b10ffb832581ae5a975ed38eeac9f4e960bdf,19148402777777779,,,call,2300,0,0,0,
7050361,1,1547246680,0x6662d8741018d460d1713963874e5dfff095e6027b8429c8114a1f0ab722c973,0xb1690c08e213a35ed9bab7b318de14420fb57d8c,0x1f4b10ffb832581ae5a975ed38eeac9f4e960bdf,2887500000000000,,,call,2300,0,0,0,
7050662,3,1547251045,0x1fd051e4d7449c907a8d543d3db36fbabd51f663b558ca0d60c3d700819a4af4,0xc7af99fe5513eb6710e6d5f44f9989da40f27f26,0x1f4b10ffb832581ae5a975ed38eeac9f4e960bdf,33547469618055556,,,call,2300,0,1_0,0,
7050796,3,1547253203,0x49e87402948eecb0686b972aa6f0bd36fe3de35967c05cca160e55afee07fa0d,0xc7af99fe5513eb6710e6d5f44f9989da40f27f26,0x1f4b10ffb832581ae5a975ed38eeac9f4e960bdf,45936248263888890,,,call,2300,0,1_0,0,
7050925,2,1547255311,0xd0074fb790588cca7138f3071a35aae6148dec75e0bd5bdf31ec47528b9f4db1,0xb1690c08e213a35ed9bab7b318de14420fb57d8c,0x1f4b10ffb832581ae5a975ed38eeac9f4e960bdf,755358804017,,,call,2300,0,1,0,
7051103,3,1547257963,0xcb31b4226459163d6d2ca8691c3eb0426e07fd9fba7a4f93fe7f70746a3b8a2a,0xc7af99fe5513eb6710e6d5f44f9989da40f27f26,0x1f4b10ffb832581ae5a975ed38eeac9f4e960bdf,44383682291666667,,,call,2300,0,1_0,0,
7052976,1,1547286939,0xe5560da8c8d6fe268ee0f48d0dd2fb3bbeebdb6d32112f3cc1276f38fcb92434,0xb1690c08e213a35ed9bab7b318de14420fb57d8c,0x1f4b10ffb832581ae5a975ed38eeac9f4e960bdf,8726586458333334,,,call,2300,0,0,0,
7053195,1,1547289878,0x7b091409c041a48731b80a1b83224d791d20999269ce3ca3320e546b1847aa59,0xb1690c08e213a35ed9bab7b318de14420fb57d8c,0x1f4b10ffb832581ae5a975ed38eeac9f4e960bdf,7389593750000000,,,call,2300,0,0,0,
7053333,2,1547292171,0x221cfd8f7b89f8ce22e389c6bd976405c9d08f8aab586e9300ba5e5b1a5974a2,0xf4985070ce32b6b1994329df787d1acc9a2dd9e2,0x1f4b10ffb832581ae5a975ed38eeac9f4e960bdf,143379629629628,,,call,2300,0,1,0,
7053899,3,1547301039,0x62f0479ba59af18e4030bdc8926f30bf6485fb9d4c8d14608ee874a2c0a94d3a,0xc7af99fe5513eb6710e6d5f44f9989da40f27f26,0x1f4b10ffb832581ae5a975ed38eeac9f4e960bdf,43643181134259260,,,call,2300,0,1_0,0,
7054166,3,1547305370,0x255ee050735ac25870bd10dad48200f75cd325af8df4acfa37fc6aa51e7b70b2,0xc7af99fe5513eb6710e6d5f44f9989da40f27f26,0x1f4b10ffb832581ae5a975ed38eeac9f4e960bdf,7560251832561730,,,call,2300,0,1_0,0,
7054279,1,1547307392,0xd86f05a0aef9e630ff979d20918d21bae843b82925ceb09de97b40876a6f49d2,0xb1690c08e213a35ed9bab7b318de14420fb57d8c,0x1f4b10ffb832581ae5a975ed38eeac9f4e960bdf,10091433738425927,,,call,2300,0,0,0,
7054296,2,1547307639,0xb7b60948b7d9ca2e330e9bbd38612d114aa50a5ac3e6fe74dbcbf2f69972bc79,0xb1690c08e213a35ed9bab7b318de14420fb57d8c,0x1f4b10ffb832581ae5a975ed38eeac9f4e960bdf,704756524873,,,call,2300,0,1,0,
7054608,2,1547312533,0x0cff806409c2c8f522e69f8f9a64df86b55c16dfc93a44b6a186b810d83e4f2c,0xb1690c08e213a35ed9bab7b318de14420fb57d8c,0x1f4b10ffb832581ae5a975ed38eeac9f4e960bdf,5783684730984,,,call,2300,0,1,0,
7054935,1,1547317399,0x06a435d66ac7a75ec668d5d63dc4594a14c25bcceaa47e2bf171f152d2b44051,0xb1690c08e213a35ed9bab7b318de14420fb57d8c,0x1f4b10ffb832581ae5a975ed38eeac9f4e960bdf,20212500000000000,,,call,2300,0,0,0,
7055971,1,1547333638,0x25a29e1032a30f6c169fe158dc0b5eaffba81658ceb02fb03766bb6f8df36114,0xb1690c08e213a35ed9bab7b318de14420fb57d8c,0x1f4b10ffb832581ae5a975ed38eeac9f4e960bdf,4812500000000000,,,call,2300,0,0,0,
7056250,1,1547338107,0x25d58d82349bcb63df95063542894c9e66701a8d1acb399f46c13f115473be3a,0xb1690c08e213a35ed9bab7b318de14420fb57d8c,0x1f4b10ffb832581ae5a975ed38eeac9f4e960bdf,17325000000000000,,,call,2300,0,0,0,
7056389,1,1547340198,0xaf368cfaadda8aae6dc6089aee7cb00d17fa2c9d127954624d699613ed076885,0xb1690c08e213a35ed9bab7b318de14420fb57d8c,0x1f4b10ffb832581ae5a975ed38eeac9f4e960bdf,7533099826388890,,,call,2300,0,0,0,
7056425,1,1547340644,0xe575d26b0de5cb87bbb26278fff56ba7809b7e4d12b64c53bf3495c48be0ba59,0xb1690c08e213a35ed9bab7b318de14420fb57d8c,0x1f4b10ffb832581ae5a975ed38eeac9f4e960bdf,41890807291666667,,,call,2300,0,0,0,
7056669,3,1547343915,0xf659686deb5a066e0e50bdece62bd8f87a5631d1aabe39cfcb946387ef6d7ee9,0xc7af99fe5513eb6710e6d5f44f9989da40f27f26,0x1f4b10ffb832581ae5a975ed38eeac9f4e960bdf,28761817129629631,,,call,2300,0,1_0,0,
7056671,1,1547343943,0xf87816e95979c32842a4abcc39ed16cc452fde7be3db5c9c9d91e834ab06e0ea,0xb1690c08e213a35ed9bab7b318de14420fb57d8c,0x1f4b10ffb832581ae5a975ed38eeac9f4e960bdf,7467418113425927,,,call,2300,0,0,0,
7056699,2,1547344270,0xb0a7964c8b37860ff885bc430e073e45c00cf07176549cfa94742d413e4d1d45,0xb1690c08e213a35ed9bab7b318de14420fb57d8c,0x1f4b10ffb832581ae5a975ed38eeac9f4e960bdf,167349800056,,,call,2300,0,1,0,
7056833,2,1547346360,0x50c2d40214c21634ae6249cbfedad9c0e9b2e7b75a9a2a6939f34406b9a7a4e3,0xb1690c08e213a35ed9bab7b318de14420fb57d8c,0x1f4b10ffb832581ae5a975ed38eeac9f4e960bdf,498024757477,,,call,2300,0,1,0,
7056932,2,1547347919,0xce172887abc0d180e303a76bfa4339ab3a2264a23b5120da6300e2fad1bfaa4a,0xb1690c08e213a35ed9bab7b318de14420fb57d8c,0x1f4b10ffb832581ae5a975ed38eeac9f4e960bdf,141211422643745,,,call,2300,0,1,0,
7056960,2,1547348623,0xc25f81b4c52811935f1837efee95929601b098281dc4c18d8c910bd02a34e16e,0xb1690c08e213a35ed9bab7b318de14420fb57d8c,0x1f4b10ffb832581ae5a975ed38eeac9f4e960bdf,38333680887244,,,call,2300,0,1,0,
7057161,2,1547351405,0x2bc2868b3d344e3da786df4d7a10463a32485d25acd16bb47c639cb1a050e45d,0xb1690c08e213a35ed9bab7b318de14420fb57d8c,0x1f4b10ffb832581ae5a975ed38eeac9f4e960bdf,23184222568091,,,call,2300,0,1,0,
7057200,1,1547351925,0xaed547ac15c1e56079858eeacd818b4a0b157ba6237ac7e57bfbf4fa8ce7d9ec,0xf4985070ce32b6b1994329df787d1acc9a2dd9e2,0x1f4b10ffb832581ae5a975ed38eeac9f4e960bdf,64006686270254631,,,call,2300,0,0,0,
7057213,3,1547352270,0x57b824d55b98ffa76ec5f0995ae5da53f0cb31bb01a6a6e231b5ed75ddb99a36,0xc7af99fe5513eb6710e6d5f44f9989da40f27f26,0x1f4b10ffb832581ae5a975ed38eeac9f4e960bdf,15363594328703704,,,call,2300,0,1_0,0,
7058599,2,1547373939,0xf0173ad86096d278583308baa5ce2799ed3abd93d21a0fcdb7dda5db206e0446,0xb1690c08e213a35ed9bab7b318de14420fb57d8c,0x1f4b10ffb832581ae5a975ed38eeac9f4e960bdf,252714621520012,,,call,2300,0,1,0,
7058606,2,1547374069,0x437593c7eff5fda1331fc1550881fc42afbe7b06b4b161902ea364bca3767309,0xb1690c08e213a35ed9bab7b318de14420fb57d8c,0x1f4b10ffb832581ae5a975ed38eeac9f4e960bdf,164393157276558,,,call,2300,0,1,0,
7059080,1,1547381555,0x424bf64ae39a75d3dc0f51689dfa06e6bcb6859fc76f7b17689548d0156a27d7,0xb1690c08e213a35ed9bab7b318de14420fb57d8c,0x1f4b10ffb832581ae5a975ed38eeac9f4e960bdf,1925000000000000,,,call,2300,0,0,0,
7059138,1,1547382594,0x0cdc887198045a494fc54301f1e0a271aab0750117172b1dc47facf2d6d9dbd2,0xb1690c08e213a35ed9bab7b318de14420fb57d8c,0x1f4b10ffb832581ae5a975ed38eeac9f4e960bdf,2887500000000000,,,call,2300,0,0,0,
7060568,3,1547405164,0x09ca857dc7d6acecf6e0cd2ce410d734ba35c70455c213126e4e1bd14c275247,0xc7af99fe5513eb6710e6d5f44f9989da40f27f26,0x1f4b10ffb832581ae5a975ed38eeac9f4e960bdf,7474302662037037,,,call,2300,0,1_0,0,
7060590,3,1547405467,0x0c7eedf3d31fd514e8b4db88d283b97a2475c3a74a38fb83fd91466ca7b83510,0xc7af99fe5513eb6710e6d5f44f9989da40f27f26,0x1f4b10ffb832581ae5a975ed38eeac9f4e960bdf,13680266493055556,,,call,2300,0,1_0,0,
7060811,1,1547408664,0x84f20efae88bc5f9b2cbf6b0daf842a9e57a12474faaa09754ab110c28ea067a,0xb1690c08e213a35ed9bab7b318de14420fb57d8c,0x1f4b10ffb832581ae5a975ed38eeac9f4e960bdf,79028379629629631,,,call,2300,0,0,0,
