blockNumber,timeStamp,hash,nonce,blockHash,transactionIndex,from,to,value,gas,gasPrice,isError,txreceipt_status,input,contractAddress,cumulativeGasUsed,gasUsed,confirmations,methodId,functionName
5356925,1522528775,0xb21fa25cc2bebd3069abb4192f16588ca2a778f04887c88cd2997a85773dd41d,280612,0x8f4fbcea844116fc0f604bb4917e3b8f81f12cc5d1d089aa93ca29917f216552,21,0x3b0bc51ab9de1e5b7b6e34e5b960285805c41736,0x1f4b10ffb832581ae5a975ed38eeac9f4e960bdf,2467910000000000,30000,22000000000,0,1,0x,,964194,21000,20151111,0x,
5357410,1522535622,0x1afdbd18912850d37c743859e0f3161669d12c8e4e10895866a7d971691996ff,60,0x19998f09cfc89942461eee7ce5c34bec507795c71eb452ebb6c0e19d405921fb,70,0xd56fe59072bb6917bc0ec4b37b1bcf6d1a0a76f1,0x1f4b10ffb832581ae5a975ed38eeac9f4e960bdf,20000000000000000,21000,1000000000,0,1,0x,,7981325,21000,20150626,0x,
5357721,1522540012,0xffb3f92785862818af7aaa9fa808fb5a8fc438fad5d3c9bfd3facae6f00a5a6a,0,0x43e4e83e5150b713af610b1c75816f4744d0418599fc53c9ea31699f5f6435a3,15,0x1f4b10ffb832581ae5a975ed38eeac9f4e960bdf,0x06012c8cf97bead5deae237070f9587f8e7a266d,8000000000000000,119977,3000000000,0,1,0xf7d8c88300000000000000000000000000000000000000000000000000000000000a030c00000000000000000000000000000000000000000000000000000000000a0338,,1034775,79985,20150315,0xf7d8c883,"breedWithAuto(uint256 _matronId, uint256 _sireId)"
5357826,1522541229,0x0ec2e87aba355e77c58154d3e8e241dab86dd121d26525f7c0e536cc1a5d4f38,1,0x62c4ffa6f110bca0bd0a7311543301dc477dd3735bd0644ef57f5a7cfd4e3f7f,36,0x1f4b10ffb832581ae5a975ed38eeac9f4e960bdf,0x06012c8cf97bead5deae237070f9587f8e7a266d,8000000000000000,119977,3000000000,0,1,0xf7d8c88300000000000000000000000000000000000000000000000000000000000a030c00000000000000000000000000000000000000000000000000000000000a0338,,2928021,79985,20150210,0xf7d8c883,"breedWithAuto(uint256 _matronId, uint256 _sireId)"
5357998,1522543776,0xb0780f1a463aae157a88d9827b44737b7abd41bf1bd6dd33dc6b70290f3f345f,2,0xde659b501ec252c342e09624e13f84ca96ea3854ca68784e6e41e6701205c2ea,74,0x1f4b10ffb832581ae5a975ed38eeac9f4e960bdf,0x06012c8cf97bead5deae237070f9587f8e7a266d,0,235603,3000000000,0,1,0x3d7d3f5a00000000000000000000000000000000000000000000000000000000000a0ec10000000000000000000000000000000000000000000000000de0b6b3a76400000000000000000000000000000000000000000000000000000d32a1761d658000000000000000000000000000000000000000000000000000000000000002a300,,2755634,140404,20150038,0x3d7d3f5a,"createSaleAuction(uint256 _kittyId, uint256 _startingPrice, uint256 _endingPrice, uint256 _duration)"
5358335,1522548573,0xd7163e6f808bbb6391faafbb04b9e1bb48a58026126953827e87b8734b0cf434,3,0xea17c0215de01cf5b5283378360bf69d30d64e2d6d80b344f0f128d7545dd861,50,0x1f4b10ffb832581ae5a975ed38eeac9f4e960bdf,0xb1690c08e213a35ed9bab7b318de14420fb57d8c,3447868300224027,135963,3000000000,0,1,0x454a2ab3000000000000000000000000000000000000000000000000000000000008d5df,,1922610,45508,20149701,0x454a2ab3,bid(uint256 _tokenId)
5358470,1522550314,0x06ea984dbc277a6f71f7c9a3b1257df472a91488f22fd1ad98067d1fb909bff4,4,0x43a709518d77dc5d860dd1c598918035ed1f352eaeb041439ad239f52ff62a5e,72,0x1f4b10ffb832581ae5a975ed38eeac9f4e960bdf,0x06012c8cf97bead5deae237070f9587f8e7a266d,0,235411,1000100001,0,1,0x3d7d3f5a00000000000000000000000000000000000000000000000000000000000a0ede0000000000000000000000000000000000000000000000000078cad1e25d000000000000000000000000000000000000000000000000000000670758aa7c80000000000000000000000000000000000000000000000000000000000000151800,,3746921,140276,20149566,0x3d7d3f5a,"createSaleAuction(uint256 _kittyId, uint256 _startingPrice, uint256 _endingPrice, uint256 _duration)"
5358844,1522555428,0x164c1206a50ca206c5c54aa83bcbef6a05b3253c375c971d6343208236be5164,48,0x6f6eb05410100ca8190661204e3e24610a7a2215525e892ae9ade4524f78a02d,86,0x018edc98b3190dbb261e6ff3858c4ba59c71ba94,0x1f4b10ffb832581ae5a975ed38eeac9f4e960bdf,1600000000000000,21000,2000000000,0,1,0x,,2466139,21000,20149192,0x,
5358986,1522557575,0x31d3fc9d46a0eeea99be80ef0cc2899c5f20c5c494148c88aa32d880e96357e5,529,0x86610b841f2d59a091c0ef5ee0fd9e371a7f107836696a3d98961d0af8043662,15,0xd6049b48173636ba928eb8ffb31a23674383903a,0x1f4b10ffb832581ae5a975ed38eeac9f4e960bdf,5000000000000000,21000,5000000000,0,1,0x,,531857,21000,20149050,0x,
5358994,1522557739,0xb23362f9b27af0a66fadfd608a7037feaf87a6ec8ea1e7d07087bd20119c5c17,5,0xe957787367f58490e52b8f281aedead93099a0bf5a8f0c6bf2407e32b1b96d5f,47,0x1f4b10ffb832581ae5a975ed38eeac9f4e960bdf,0x06012c8cf97bead5deae237070f9587f8e7a266d,8000000000000000,119977,2000000000,0,1,0xf7d8c883000000000000000000000000000000000000000000000000000000000008d5df000000000000000000000000000000000000000000000000000000000007d24a,,2196392,79985,20149042,0xf7d8c883,"breedWithAuto(uint256 _matronId, uint256 _sireId)"
5359051,1522558541,0x2e188c2280d78a4de2290763d74e6d4d2e364f87f6dffd558612a10cd889acca,2609,0x5e91ef610d2f3f54238fb482d00b986b7753ee746e4656735d8ca1630204a1e7,97,0xc43c1c4523ef357fd47121c1fa3c3255a1587afc,0x1f4b10ffb832581ae5a975ed38eeac9f4e960bdf,1000000000000000,21000,2000000000,0,1,0x,,3372971,21000,20148985,0x,
5360502,1522579693,0x024c0f47b2c93e64f347fd7de1b34cde244e2df461b4c4a4f3c68b7ffb0506a1,6,0x7033da8dada11add7dde7a2ffffedbb0a1428e1154907db72a2638ea3d7732cf,102,0x1f4b10ffb832581ae5a975ed38eeac9f4e960bdf,0x06012c8cf97bead5deae237070f9587f8e7a266d,0,235507,100000000,0,1,0x3d7d3f5a00000000000000000000000000000000000000000000000000000000000a0fee000000000000000000000000000000000000000000000000006a94d74f43000000000000000000000000000000000000000000000000000000271471148780000000000000000000000000000000000000000000000000000000000000015180,,7434920,140340,20147534,0x3d7d3f5a,"createSaleAuction(uint256 _kittyId, uint256 _startingPrice, uint256 _endingPrice, uint256 _duration)"
5360506,1522579735,0xd559a5cf34ac21f4bf10fd44a6e481b88cd84d3729cd21b0f39161eb8e22df3f,7,0x8452b390d55bcea354bb20589eeea9d83db09a5cde790e780fe362eba0b105c9,0,0x1f4b10ffb832581ae5a975ed38eeac9f4e960bdf,0x06012c8cf97bead5deae237070f9587f8e7a266d,0,235411,2100000000,0,1,0x3d7d3f5a00000000000000000000000000000000000000000000000000000000000975b3000000000000000000000000000000000000000000000000001ff973cafa8000000000000000000000000000000000000000000000000000001550f7dca70000000000000000000000000000000000000000000000000000000000000002a300,,140276,140276,20147530,0x3d7d3f5a,"createSaleAuction(uint256 _kittyId, uint256 _startingPrice, uint256 _endingPrice, uint256 _duration)"
5360506,1522579735,0x2f6aa07def565e83a414e4f43914a0db5668ac50f34bcfaa829b526bff82a2c2,8,0x8452b390d55bcea354bb20589eeea9d83db09a5cde790e780fe362eba0b105c9,1,0x1f4b10ffb832581ae5a975ed38eeac9f4e960bdf,0x06012c8cf97bead5deae237070f9587f8e7a266d,0,236916,3000000000,0,1,0x4ad8c93800000000000000000000000000000000000000000000000000000000000a05eb000000000000000000000000000000000000000000000000001ff973cafa80000000000000000000000000000000000000000000000000000011c37937e08000000000000000000000000000000000000000000000000000000000000002a300,,281555,141279,20147530,0x4ad8c938,"createSiringAuction(uint256 _kittyId, uint256 _startingPrice, uint256 _endingPrice, uint256 _duration)"
5361117,1522588287,0xa257b16e47005300cf61729e79189fb92d9dfea372312e641c3b03a8a9e8daf1,9,0x14b5591d28c15780a7b0acd431b6e7de0b673f4156f79e60a95a8d6ac246bcb3,81,0x1f4b10ffb832581ae5a975ed38eeac9f4e960bdf,0xd40a0d7d24aaa94cf60b487e656dfa0f09dde00f,100000000000000,21000,5000000000,0,1,0x,,2610284,21000,20146919,0x,
5361792,1522597656,0x4efd4ef218c59cba878bac8e6dd87fab89aef132fd575b9454ae4f2d13c52c3b,10,0x334a48287f60a4dbf334abab8a69a0045b3f1c7f94d1378e08dd8d5666106444,98,0x1f4b10ffb832581ae5a975ed38eeac9f4e960bdf,0xd56fe59072bb6917bc0ec4b37b1bcf6d1a0a76f1,10000000000000,21000,1000000000,0,1,0x,,7056512,21000,20146244,0x,
5363528,1522623119,0xe324a43d60e4bc3b017b79a079aa524ce77aebda5979b7fc94ec6258f40c9ae5,11,0xc61fa8037b7b95d686bc3de1846d67b2f75ce2445fd91562c492869e52c3fb8b,71,0x1f4b10ffb832581ae5a975ed38eeac9f4e960bdf,0xb1690c08e213a35ed9bab7b318de14420fb57d8c,0,109165,1100000000,0,1,0x96b5a75500000000000000000000000000000000000000000000000000000000000a0ec1,,7897416,36389,20144508,0x96b5a755,cancelAuction(uint256 _tokenId)
5363676,1522625485,0x13c622cad1662eb6039e1d7c3d97d942ee994b005a0169fa3d4f7c6c7aea1468,12,0x44621fd4541b8fe45206072b037c10b796d8e0de6ba67908014c96ee973eedfe,41,0x1f4b10ffb832581ae5a975ed38eeac9f4e960bdf,0x06012c8cf97bead5deae237070f9587f8e7a266d,0,235507,1000000000,0,1,0x3d7d3f5a00000000000000000000000000000000000000000000000000000000000a0ec100000000000000000000000000000000000000000000000004db7325476300000000000000000000000000000000000000000000000000000429d069189e0000000000000000000000000000000000000000000000000000000000000002a300,,3872369,140340,20144360,0x3d7d3f5a,"createSaleAuction(uint256 _kittyId, uint256 _startingPrice, uint256 _endingPrice, uint256 _duration)"
5363802,1522627013,0x6dd040916d25efa0b156dd01879c445dbcad669c5c4ff3d785a37a1a4c8f12b6,13,0x01e2436859b0cd8d99f168307a23b99c3ec7339fdce561cb6bf051257e099557,59,0x1f4b10ffb832581ae5a975ed38eeac9f4e960bdf,0x012a3ee958a5d474acfbe3ad20bc6fa49715f2db,100000000000000,21000,1000000000,0,1,0x,,3600445,21000,20144234,0x,
5364240,1522633060,0xeac001ced9431ccb8d3c42d368d02839e9e466d997f0d4539ca4003247fa8bbe,303330,0xb8c931b8d9940ec2d292f73c218895056e4262fb697315ff5035febec8868c4d,20,0xeed16856d551569d134530ee3967ec79995e2051,0x1f4b10ffb832581ae5a975ed38eeac9f4e960bdf,28824280000000000,30000,23000000000,0,1,0x,,1458934,21000,20143796,0x,
5364251,1522633257,0x17b9b26d6a39f7185ec90e0c8f43546311ce4ed0c53b51b9aaeb77985346a712,14,0xc21db1e453dac50e78c5e855c637d4fa736a3657088f167ffca48b6c3d3f9094,67,0x1f4b10ffb832581ae5a975ed38eeac9f4e960bdf,0x781901682d3e9341a6c195ee6fe58047a9235f07,8000000000000000,21000,7100000000,0,1,0x,,2393924,21000,20143785,0x,
5364262,1522633360,0xc4ca49663ff2ff90463408de5af38962dde1c3e84f5994a1b3456163fe45cb3e,15,0x3c546df65acd1962a95e4db6e235f55f5e1807bc492f6309119cdd6e3069affb,13,0x1f4b10ffb832581ae5a975ed38eeac9f4e960bdf,0xc7af99fe5513eb6710e6d5f44f9989da40f27f26,0,109099,2000000005,0,1,0x96b5a75500000000000000000000000000000000000000000000000000000000000a05eb,,655083,36367,20143774,0x96b5a755,cancelAuction(uint256 _tokenId)
5364267,1522633396,0x2e7b12ac6cc249073c2af2512849c10cce0bb45a71dfa591a9aa3a1641cf1d7c,16,0x69d5e7c3d0baa6d4a3293d28c69fc8996fcb014286489c6c45b94e5d9b35a71a,31,0x1f4b10ffb832581ae5a975ed38eeac9f4e960bdf,0xb1690c08e213a35ed9bab7b318de14420fb57d8c,0,109165,3000000000,0,1,0x96b5a75500000000000000000000000000000000000000000000000000000000000a0fee,,1328466,36389,20143769,0x96b5a755,cancelAuction(uint256 _tokenId)
5364271,1522633423,0x8b30dc990fe0418c5c31a5a3b9062e4d3bf8283fa100e22a78ac6fb0e5371555,17,0xf9d6eaa1b213d7e688079da3604c5514ff4c13f43750ac0f77ed554bf2c6f638,24,0x1f4b10ffb832581ae5a975ed38eeac9f4e960bdf,0xb1690c08e213a35ed9bab7b318de14420fb57d8c,0,109165,3000000000,0,1,0x96b5a75500000000000000000000000000000000000000000000000000000000000a0ec1,,961664,36389,20143765,0x96b5a755,cancelAuction(uint256 _tokenId)
5364284,1522633581,0x0c0582ad29ef80881564325e62e4f8c2b5b1878424e33dab793c9f89ee1866ff,18,0x110ab3e22f0ac503a575ac525903783c7e97d20077d2d3a1a026f8b3220a663b,2,0x1f4b10ffb832581ae5a975ed38eeac9f4e960bdf,0x06012c8cf97bead5deae237070f9587f8e7a266d,8000000000000000,119977,4100000000,0,1,0xf7d8c88300000000000000000000000000000000000000000000000000000000000a0fee00000000000000000000000000000000000000000000000000000000000a0ec1,,184398,79985,20143752,0xf7d8c883,"breedWithAuto(uint256 _matronId, uint256 _sireId)"
5364339,1522634271,0x803df90e0fa6c2e8e1f34c839119a645edf10d2e05f5a9b5aa98b8834a27146e,19,0x2308d2c19383f811b859969884b30f6eb8db23ee28a7bcfe975266f1b9494404,24,0x1f4b10ffb832581ae5a975ed38eeac9f4e960bdf,0x06012c8cf97bead5deae237070f9587f8e7a266d,8000000000000000,119977,3000000000,0,1,0xf7d8c883000000000000000000000000000000000000000000000000000000000008d5df000000000000000000000000000000000000000000000000000000000007d24a,,1225953,79985,20143697,0xf7d8c883,"breedWithAuto(uint256 _matronId, uint256 _sireId)"
5364417,1522635241,0x7c7f790fda04fa925340e97c72cfca2c1d565c33d439126d894c2d4d4532339a,303340,0xb44af89a2c931cc1dfc150e0e34c461ab20ffc203c0cc9a7c08a5c085ee8b270,17,0xeed16856d551569d134530ee3967ec79995e2051,0x1f4b10ffb832581ae5a975ed38eeac9f4e960bdf,12437400000000000,30000,23000000000,0,1,0x,,507501,21000,20143619,0x,
5364422,1522635305,0x4dfa9d40506751337d50e4d8ca0d664b10dfef543dad5ecaa636071c6b91f58b,20,0x0c89b87f69cd266d6718305fb6d4e2fa1af03126f85459b286082de0a3c4a1f1,47,0x1f4b10ffb832581ae5a975ed38eeac9f4e960bdf,0x06012c8cf97bead5deae237070f9587f8e7a266d,8000000000000000,119977,3000000000,0,1,0xf7d8c88300000000000000000000000000000000000000000000000000000000000a05eb000000000000000000000000000000000000000000000000000000000008d5df,,2139671,79985,20143614,0xf7d8c883,"breedWithAuto(uint256 _matronId, uint256 _sireId)"
5364445,1522635670,0xd5d8f1cdf0711d52b4a789afe325e92def1ffbfe5f74daa5823950a6b171db08,21,0x3d4d9f121a84a49844a9f27c67ff3e344846260afdd12dca8695fdb149350551,151,0x1f4b10ffb832581ae5a975ed38eeac9f4e960bdf,0x06012c8cf97bead5deae237070f9587f8e7a266d,8000000000000000,119977,210000000,0,1,0xf7d8c883000000000000000000000000000000000000000000000000000000000007d24a00000000000000000000000000000000000000000000000000000000000a030c,,7467550,79985,20143591,0xf7d8c883,"breedWithAuto(uint256 _matronId, uint256 _sireId)"
5364616,1522638135,0x8c7c436810dd556ff36964dc2abc1ea4649e247c4a7eb6515512dc8e2eb64fe1,2610,0x31a24270cca66ea1aefb8e47785750c7d27a55415688619e5c2754ffac8ce924,150,0xc43c1c4523ef357fd47121c1fa3c3255a1587afc,0x1f4b10ffb832581ae5a975ed38eeac9f4e960bdf,8300000000000000,21000,2000000000,0,1,0x,,7331131,21000,20143420,0x,
5364679,1522639083,0xbd7d18407eaffa2b0c8a8fed02bdde5add9b66d54c8c013415cf9ce0fa047a1e,22,0x811bd707e8220525cb63cef5d0cc3924c7acfe60d427ccc4c776b6892b22a58e,91,0x1f4b10ffb832581ae5a975ed38eeac9f4e960bdf,0x06012c8cf97bead5deae237070f9587f8e7a266d,8000000000000000,119977,1000000000,0,1,0xf7d8c883000000000000000000000000000000000000000000000000000000000007d24a000000000000000000000000000000000000000000000000000000000008d5df,,7579938,79985,20143357,0xf7d8c883,"breedWithAuto(uint256 _matronId, uint256 _sireId)"
5367651,1522681547,0xd506376055a20901f83b289489cfc50dbea7bd6525fa35c118331d21d05e448f,23,0x9069e2a08409830cc41f4c71c99025e9d03bdd22c263749f65d5c36371690715,101,0x1f4b10ffb832581ae5a975ed38eeac9f4e960bdf,0x06012c8cf97bead5deae237070f9587f8e7a266d,0,90000,2550000000,1,0,0x3d7d3f5a00000000000000000000000000000000000000000000000000000000000a1524000000000000000000000000000000000000000000000000001ff973cafa80000000000000000000000000000000000000000000000000000011c37937e08000000000000000000000000000000000000000000000000000000000000002a300,,5185572,89364,20140385,0x3d7d3f5a,"createSaleAuction(uint256 _kittyId, uint256 _startingPrice, uint256 _endingPrice, uint256 _duration)"
5369883,1522713295,0x73cb1a9dc6d3620e0170ff690eece973416574069952524a8849e36d1c13480a,2,0x29297d52ed40b44ad65b587a94dcf85e773e7aca8b28575d550d60051acd2048,117,0x012a3ee958a5d474acfbe3ad20bc6fa49715f2db,0x1f4b10ffb832581ae5a975ed38eeac9f4e960bdf,613444000000000,35000,4000000000,0,1,0x,,7696544,21000,20138153,0x,
5369912,1522713636,0xefc9f47989226ba79d0eb2dc9eb60f58ed954369f42df8558eefe7d59044a484,24,0x3db428c9a3e25486c1a11002e619a2d5c430a9cc1523952cfe675597cd8b74ff,29,0x1f4b10ffb832581ae5a975ed38eeac9f4e960bdf,0x06012c8cf97bead5deae237070f9587f8e7a266d,0,235507,1400000000,0,1,0x3d7d3f5a00000000000000000000000000000000000000000000000000000000000a0ec100000000000000000000000000000000000000000000000002c68af0bb140000000000000000000000000000000000000000000000000000016345785d8a0000000000000000000000000000000000000000000000000000000000000002a300,,2276221,140340,20138124,0x3d7d3f5a,"createSaleAuction(uint256 _kittyId, uint256 _startingPrice, uint256 _endingPrice, uint256 _duration)"
5369931,1522713827,0xd9565dd7488f7d3694fae7722cb6ff43377c24763c0d988021a422ff778e0473,25,0xcb590aeed6af45fa12360c494a21d27345ffca4398562e2e04a4af0cf3eddafb,74,0x1f4b10ffb832581ae5a975ed38eeac9f4e960bdf,0x06012c8cf97bead5deae237070f9587f8e7a266d,0,235411,1500000000,0,1,0x3d7d3f5a00000000000000000000000000000000000000000000000000000000000a14a8000000000000000000000000000000000000000000000000011c37937e08000000000000000000000000000000000000000000000000000000b1a2bc2ec50000000000000000000000000000000000000000000000000000000000000002a300,,3570149,140276,20138105,0x3d7d3f5a,"createSaleAuction(uint256 _kittyId, uint256 _startingPrice, uint256 _endingPrice, uint256 _duration)"
5369939,1522714001,0xebf23f8980649e8c7e724d91c35064da6c573020c9c02c9bfb3786c1b7da6502,26,0xd2f3a8c94b81ddf8e81e12c40d2080e8385cb6353a4a5f71cf26ca5e6f23992f,24,0x1f4b10ffb832581ae5a975ed38eeac9f4e960bdf,0x06012c8cf97bead5deae237070f9587f8e7a266d,0,50005,4000000000,1,0,0x3d7d3f5a00000000000000000000000000000000000000000000000000000000000a14b7000000000000000000000000000000000000000000000000008e1bc9bf0400000000000000000000000000000000000000000000000000000058d15e17628000000000000000000000000000000000000000000000000000000000000002a300,,1729980,49993,20138097,0x3d7d3f5a,"createSaleAuction(uint256 _kittyId, uint256 _startingPrice, uint256 _endingPrice, uint256 _duration)"
5375526,1522794670,0x1c55794804b7da265fa2fd954f7f9669a60abae15de8be9416328586bf85da50,27,0xf5580c11a87d0e759ec58ae93d0bd185d8a4b369ed3c3d75dcae73c64907eed6,77,0x1f4b10ffb832581ae5a975ed38eeac9f4e960bdf,0x0d36ae1a55df83ce573860e36b329b934827536e,0,62290,100000000,0,1,0x,,7997020,62290,20132510,0x,
5382482,1522894473,0x13bcf081f32e4d2c3e649d9286d43a8b104cfb3cd6e84184a22cc8a5b85b350c,1555,0x572375b0f4a972ac9a18014ac58599757cfb443f274a2c2607c4f4f1eb099983,54,0xa6518bee322af13ba71c471b3527416ed08ad2a4,0x1f4b10ffb832581ae5a975ed38eeac9f4e960bdf,17000000000000000,21000,1100000000,0,1,0x,,3725263,21000,20125554,0x,
5382636,1522896654,0x035c9eae06b20011b11c0039e86a55a3e5cefdcd121115b677e5b80f0661a632,28,0x2f2fd2d4731d9426166208aa0fcc3a66da03df314e1e982479b05fd6ccdb263b,41,0x1f4b10ffb832581ae5a975ed38eeac9f4e960bdf,0xa6518bee322af13ba71c471b3527416ed08ad2a4,16000000000000000,100000,6000000000,0,1,0x,,1761445,21000,20125400,0x,
5382680,1522897162,0x71a023d02c5bc4bb5b6fdacf61927c2bb52b98d85f715348a3c060bffa1d499c,29,0xc9270536a9409b63795e004f8fe6c28ec465fa55c89fcbf470864b1d9da4723b,23,0x1f4b10ffb832581ae5a975ed38eeac9f4e960bdf,0xb1690c08e213a35ed9bab7b318de14420fb57d8c,0,60000,2000000000,1,0,0x96b5a75500000000000000000000000000000000000000000000000000000000000a0ec1,,1739656,59717,20125356,0x96b5a755,cancelAuction(uint256 _tokenId)
5382704,1522897414,0xf3fc77b24c6e1ca69475f5a004e471392f8d8214b9a60afa23b9101554314768,30,0x1bf448bb7aad44736006642d2b9dcaa2a413ed40321c0bea0ffee7dbd0742d31,43,0x1f4b10ffb832581ae5a975ed38eeac9f4e960bdf,0x06012c8cf97bead5deae237070f9587f8e7a266d,0,65000,2000000000,1,0,0x4ad8c93800000000000000000000000000000000000000000000000000000000000a0fee000000000000000000000000000000000000000000000000000e35fa931a00000000000000000000000000000000000000000000000000000011c37937e08000000000000000000000000000000000000000000000000000000000000002a300,,1656420,64587,20125332,0x4ad8c938,"createSiringAuction(uint256 _kittyId, uint256 _startingPrice, uint256 _endingPrice, uint256 _duration)"
5382734,1522897727,0xe54079833f22cd62fbf2a5b0d3ab28f5ffc0eb4b5b2c91297e7d1cd3b49cf6c8,31,0xafafeb1d4585cd3678ab6654d97b351465d805442a7c8a141d3dfbd42cf4142a,27,0x1f4b10ffb832581ae5a975ed38eeac9f4e960bdf,0x06012c8cf97bead5deae237070f9587f8e7a266d,0,70000,6000000000,1,0,0x3d7d3f5a00000000000000000000000000000000000000000000000000000000000a1524000000000000000000000000000000000000000000000000002386f26fc10000000000000000000000000000000000000000000000000000013c310749028000000000000000000000000000000000000000000000000000000000000003f480,,984050,69406,20125302,0x3d7d3f5a,"createSaleAuction(uint256 _kittyId, uint256 _startingPrice, uint256 _endingPrice, uint256 _duration)"
5382745,1522897928,0xac37663bff8679edaa657e680d1263871048b223b425bfbabb21f0cb40bc0e68,32,0x97b56af0d4f9520b268b1bf5fae3bb503e33831f33a411240f8977f33592c83c,28,0x1f4b10ffb832581ae5a975ed38eeac9f4e960bdf,0x06012c8cf97bead5deae237070f9587f8e7a266d,0,100000,2000000000,1,0,0x3d7d3f5a00000000000000000000000000000000000000000000000000000000000a14b70000000000000000000000000000000000000000000000000027147114878000000000000000000000000000000000000000000000000000001ff973cafa8000000000000000000000000000000000000000000000000000000000000002a300,,1344552,99208,20125291,0x3d7d3f5a,"createSaleAuction(uint256 _kittyId, uint256 _startingPrice, uint256 _endingPrice, uint256 _duration)"
5386216,1522948948,0x082444c475916cbd763fe0eadced202e4d6a4e2baf3413b759b20862ac01c19a,33,0xa9665f16f5a944901ae6a8389ab7c06b40168b5450a78bddfdff7473dbb51387,55,0x1f4b10ffb832581ae5a975ed38eeac9f4e960bdf,0x4b72acc43c984da449e79fa960e8efd3ef104e05,0,62290,1000000000,0,1,0x,,2643540,62290,20121820,0x,
5386280,1522949888,0x68123742cbaf8ff759df4d5ed035b21394551c95064d910bae61e24db28d22ba,34,0x4bd07a83ec7681aa87e3d721414ede8c8a46ece17fe85a0be360d74f4b5f1d68,111,0x1f4b10ffb832581ae5a975ed38eeac9f4e960bdf,0x06012c8cf97bead5deae237070f9587f8e7a266d,8371005316132004,241395,5000000000,0,1,0xed60ade60000000000000000000000000000000000000000000000000000000000095265000000000000000000000000000000000000000000000000000000000008c2ee,,4415077,115930,20121756,0xed60ade6,"bidOnSiringAuction(uint256 _sireId, uint256 _matronId)"
5386298,1522950132,0x6dfefcdd6fce2243ed803344146b74abc01fc9abeff6f2c535c5c8f1ed98e874,35,0xac2f574e0be7c5d595e848ed01a0c481d0f263043134da5db979baf7e85f70b1,151,0x1f4b10ffb832581ae5a975ed38eeac9f4e960bdf,0xb1690c08e213a35ed9bab7b318de14420fb57d8c,0,109165,2100000000,0,1,0x96b5a75500000000000000000000000000000000000000000000000000000000000a14a8,,7644045,36389,20121738,0x96b5a755,cancelAuction(uint256 _tokenId)
5386310,1522950260,0x2f0b393eb2a54ce1a55370c75a39f04a6a8aa0adb051dfdbff31ebd8b8b4d8af,36,0x832f64a580474988009eae7f3a92d1a7aa2e644d1c446802461b7ba7ada61e05,90,0x1f4b10ffb832581ae5a975ed38eeac9f4e960bdf,0x06012c8cf97bead5deae237070f9587f8e7a266d,8399405670717111,241395,2000000000,0,1,0xed60ade6000000000000000000000000000000000000000000000000000000000008aeab00000000000000000000000000000000000000000000000000000000000a14a8,,3411811,115930,20121726,0xed60ade6,"bidOnSiringAuction(uint256 _sireId, uint256 _matronId)"
5386516,1522953207,0x38cafb0436d12b5aa2738d9a3f8fa908a98ecdb304e91daa66c0d83704829094,37,0x8a90395961da375c3a8a4e9f1a04ccd70015635ceb0d813d2b25111fcd7c4bdb,61,0x1f4b10ffb832581ae5a975ed38eeac9f4e960bdf,0xb1690c08e213a35ed9bab7b318de14420fb57d8c,11000000000000000,125815,4000000000,0,1,0x454a2ab300000000000000000000000000000000000000000000000000000000000a131f,,2162168,41872,20121520,0x454a2ab3,bid(uint256 _tokenId)
5386601,1522954382,0xa6a5739570fa764ec57a68dcfc9258b147ac7fa88637fd3f73fcd68206ac0beb,38,0xc7796fce18f7e53b8d04f3d3b7feafd8223de7a669d2fae14456db17bdd35183,20,0x1f4b10ffb832581ae5a975ed38eeac9f4e960bdf,0xb1690c08e213a35ed9bab7b318de14420fb57d8c,10514666882682315,100000,5000000000,0,1,0x454a2ab3000000000000000000000000000000000000000000000000000000000008ff82,,936244,45508,20121435,0x454a2ab3,bid(uint256 _tokenId)
5386734,1522956224,0x5892c3a8bec4b76ecacbb63560fb15089bbc3327260c8ab7bd0d4e028b74f311,39,0x03194b30453bee18c2a15e4e22e70b15e0d382f78c533f55189e4d4065ae8ef2,15,0x1f4b10ffb832581ae5a975ed38eeac9f4e960bdf,0x06012c8cf97bead5deae237070f9587f8e7a266d,8897976467765375,100000,4000000000,1,0,0xed60ade6000000000000000000000000000000000000000000000000000000000007c98c000000000000000000000000000000000000000000000000000000000008ff82,,530476,98931,20121302,0xed60ade6,"bidOnSiringAuction(uint256 _sireId, uint256 _matronId)"
5386750,1522956403,0x61a11196dda87900d2aa62fdbb522685dc9155cf69dcd67f1cedf1067543d89a,40,0xc6fb33bce45296e9d3959594c77705a17d6db51683ccae69eb1ee9974143e120,10,0x1f4b10ffb832581ae5a975ed38eeac9f4e960bdf,0x06012c8cf97bead5deae237070f9587f8e7a266d,8897829237092500,233368,4000000000,0,1,0xed60ade6000000000000000000000000000000000000000000000000000000000007c98c000000000000000000000000000000000000000000000000000000000008ff82,,365284,110579,20121286,0xed60ade6,"bidOnSiringAuction(uint256 _sireId, uint256 _matronId)"
5386799,1522957152,0x4e00a0b5ea9e9fdd0a7ce0f825f8425d110b2366b0f592eb43bf7fa3ae2c7748,41,0x63561a8c83ec0440a83012b0a855f7116999527664ef791731876dcd460995b1,90,0x1f4b10ffb832581ae5a975ed38eeac9f4e960bdf,0x06012c8cf97bead5deae237070f9587f8e7a266d,0,235507,1100000000,0,1,0x3d7d3f5a00000000000000000000000000000000000000000000000000000000000a293d000000000000000000000000000000000000000000000000008e1bc9bf04000000000000000000000000000000000000000000000000000000670758aa7c80000000000000000000000000000000000000000000000000000000000000074040,,5439004,140340,20121237,0x3d7d3f5a,"createSaleAuction(uint256 _kittyId, uint256 _startingPrice, uint256 _endingPrice, uint256 _duration)"
5386817,1522957372,0xc9784fa0885070938773cacf1a427a4ff98619aa8cfbf594949d90fe9a7b925d,42,0x9655a8b43e9f46bb485542540099544596b39bf9c42b618ee211c86fdf2c8e9f,48,0x1f4b10ffb832581ae5a975ed38eeac9f4e960bdf,0x06012c8cf97bead5deae237070f9587f8e7a266d,8000000000000000,119902,2000000000,0,1,0xf7d8c88300000000000000000000000000000000000000000000000000000000000a131f000000000000000000000000000000000000000000000000000000000008ff82,,2171982,79935,20121219,0xf7d8c883,"breedWithAuto(uint256 _matronId, uint256 _sireId)"
5386875,1522958117,0x6a7daf7ce20aef2c38ab5024fc5b27f019c601f03750e9101db19b8c49349d9c,43,0xcb361b3f72f7a7cc728694a48ac35d266d28289e7d22a4e3fa6563343ba32fdd,26,0x1f4b10ffb832581ae5a975ed38eeac9f4e960bdf,0x06012c8cf97bead5deae237070f9587f8e7a266d,8000000000000000,119902,1100000000,0,1,0xf7d8c883000000000000000000000000000000000000000000000000000000000009df6600000000000000000000000000000000000000000000000000000000000a131f,,1598728,79935,20121161,0xf7d8c883,"breedWithAuto(uint256 _matronId, uint256 _sireId)"
5386915,1522958552,0x57148de16150bc70d33bdfd856d5ccc09f15d28cd3b6cf3e1731c8244bdbbdfe,44,0x7aecfebb0d51796b10564216df573bb91fb415197cc2fbd5fc0ab9b80db08e23,22,0x1f4b10ffb832581ae5a975ed38eeac9f4e960bdf,0x06012c8cf97bead5deae237070f9587f8e7a266d,8000000000000000,119977,4000000000,0,1,0xf7d8c88300000000000000000000000000000000000000000000000000000000000a131f000000000000000000000000000000000000000000000000000000000009df66,,938623,79985,20121121,0xf7d8c883,"breedWithAuto(uint256 _matronId, uint256 _sireId)"
5386985,1522959591,0xfc0964f27f0398d4fd73c030dada32ecac13870e1ece50358eabad326023261c,45,0x0490e0dbdecf78e670141c4a3cd12f881889524226c8e31c3616193919087387,35,0x1f4b10ffb832581ae5a975ed38eeac9f4e960bdf,0x06012c8cf97bead5deae237070f9587f8e7a266d,8000000000000000,119977,2000000000,0,1,0xf7d8c883000000000000000000000000000000000000000000000000000000000009df66000000000000000000000000000000000000000000000000000000000008ff82,,1617639,79985,20121051,0xf7d8c883,"breedWithAuto(uint256 _matronId, uint256 _sireId)"
5386999,1522959747,0xed933563a0d7a26c068f69c4c69a416f018764b05a9de276bce802092280d7d3,46,0xe2ffa926aec54f5dd5febe25352dbd30cf57be13c3a9403338e1d03e034d3f46,38,0x1f4b10ffb832581ae5a975ed38eeac9f4e960bdf,0x06012c8cf97bead5deae237070f9587f8e7a266d,8000000000000000,119977,2000000000,0,1,0xf7d8c88300000000000000000000000000000000000000000000000000000000000a296900000000000000000000000000000000000000000000000000000000000a1261,,1693796,79985,20121037,0xf7d8c883,"breedWithAuto(uint256 _matronId, uint256 _sireId)"
5387037,1522960421,0x7ca60c1422d8ddbac85140033083d49b0a74a59c0720acc94bfe3e6900e5c034,47,0x39565be01fbc9bad0403ccf903ebf441465ff92f73f335d6df6455e6dfd170e5,173,0x1f4b10ffb832581ae5a975ed38eeac9f4e960bdf,0x06012c8cf97bead5deae237070f9587f8e7a266d,0,235411,2000000000,0,1,0x3d7d3f5a00000000000000000000000000000000000000000000000000000000000a298500000000000000000000000000000000000000000000000000b1a2bc2ec50000000000000000000000000000000000000000000000000000006a94d74f430000000000000000000000000000000000000000000000000000000000000009e340,,6536336,140276,20120999,0x3d7d3f5a,"createSaleAuction(uint256 _kittyId, uint256 _startingPrice, uint256 _endingPrice, uint256 _duration)"
5387043,1522960497,0x0b119ee531359d86e07e0635df83b8c28a6fd3597f493162b73f8a11b796a60f,48,0x22608971d3d55b271df88f32b95e12de659d8d03cd1eaa7630a36eb574f34dc7,44,0x1f4b10ffb832581ae5a975ed38eeac9f4e960bdf,0x06012c8cf97bead5deae237070f9587f8e7a266d,0,235411,2000000000,0,1,0x3d7d3f5a00000000000000000000000000000000000000000000000000000000000a2983000000000000000000000000000000000000000000000000006a94d74f4300000000000000000000000000000000000000000000000000000058d15e1762800000000000000000000000000000000000000000000000000000000000000d2f00,,2625324,140276,20120993,0x3d7d3f5a,"createSaleAuction(uint256 _kittyId, uint256 _startingPrice, uint256 _endingPrice, uint256 _duration)"
5387048,1522960537,0x04e15ed5d3669f91fa652836fafba5d6bd83edc8a8069fcf71dd3b0be52f86d5,49,0x4d60c3c5b81edf51b6b50ff3262557250f905b6725911b43e5a5293aa2dba077,61,0x1f4b10ffb832581ae5a975ed38eeac9f4e960bdf,0x06012c8cf97bead5deae237070f9587f8e7a266d,0,235507,2000000000,0,1,0x3d7d3f5a00000000000000000000000000000000000000000000000000000000000a2946000000000000000000000000000000000000000000000000013fbe85edc9000000000000000000000000000000000000000000000000000000d529ae9e860000000000000000000000000000000000000000000000000000000000000013c680,,2528906,140340,20120988,0x3d7d3f5a,"createSaleAuction(uint256 _kittyId, uint256 _startingPrice, uint256 _endingPrice, uint256 _duration)"
5387065,1522960866,0x09eb4e92791d1779a2aa58002dde8c3ffe98822c17ed8b1e7541f1ba04fe39c6,50,0x85326fd9434c4193c6171a440baa173fb5e9178a200f16724bb4a15a8d3b3a41,83,0x1f4b10ffb832581ae5a975ed38eeac9f4e960bdf,0x06012c8cf97bead5deae237070f9587f8e7a266d,0,150000,3000000000,1,0,0x4ad8c93800000000000000000000000000000000000000000000000000000000000a14a8000000000000000000000000000000000000000000000000011c37937e08000000000000000000000000000000000000000000000000000000e6ed27d66680000000000000000000000000000000000000000000000000000000000000127500,,4453133,148441,20120971,0x4ad8c938,"createSiringAuction(uint256 _kittyId, uint256 _startingPrice, uint256 _endingPrice, uint256 _duration)"
5387083,1522961143,0x29bc8fb6bb674efe91f2015d5c22fe94b1308076a9b6c72f4694ce0da2cc6054,51,0x78afec0f4915bef0c1d809b2d6afc306e45d75ec3208599952563d87e9d4ed8b,118,0x1f4b10ffb832581ae5a975ed38eeac9f4e960bdf,0x06012c8cf97bead5deae237070f9587f8e7a266d,0,81568,1010108000,0,1,0xa9059cbb000000000000000000000000018edc98b3190dbb261e6ff3858c4ba59c71ba94000000000000000000000000000000000000000000000000000000000009df66,,6242224,54379,20120953,0xa9059cbb,"transfer(address _to, uint256 _value)"
5387097,1522961361,0x72ab306c03f57dff835828de5170e15461ffe8bfade0c03a6e8e63960ad08e9b,52,0x680ac56480f1c47f4184d71f7ecbd8d1b9b3e0efaa57bc15a23d016e3f1fe167,176,0x1f4b10ffb832581ae5a975ed38eeac9f4e960bdf,0x06012c8cf97bead5deae237070f9587f8e7a266d,0,237012,2000000000,0,1,0x4ad8c93800000000000000000000000000000000000000000000000000000000000a295a000000000000000000000000000000000000000000000000002e2f6e5e148000000000000000000000000000000000000000000000000000002e2f6e5e1480000000000000000000000000000000000000000000000000000000000000093a80,,6737170,141343,20120939,0x4ad8c938,"createSiringAuction(uint256 _kittyId, uint256 _startingPrice, uint256 _endingPrice, uint256 _duration)"
5387103,1522961399,0x2c63aa374ed3dd5a81a5ffb93fc692c0fa8766520452ec5cd59c9de6db2083af,53,0xfc747fc00d40c2799fe527a52dc56a3e1b6ab5228224d9c37414f99eea3e1455,29,0x1f4b10ffb832581ae5a975ed38eeac9f4e960bdf,0x06012c8cf97bead5deae237070f9587f8e7a266d,0,150000,4200000000,1,0,0x3d7d3f5a00000000000000000000000000000000000000000000000000000000000a28d1000000000000000000000000000000000000000000000000016345785d8a0000000000000000000000000000000000000000000000000000010a741a46278000000000000000000000000000000000000000000000000000000000000013c680,,1087310,148428,20120933,0x3d7d3f5a,"createSaleAuction(uint256 _kittyId, uint256 _startingPrice, uint256 _endingPrice, uint256 _duration)"
5387107,1522961452,0xb33c8ad51a1eb3196b9b748bb7a27dd6f5e16520db32e2aaf2bf0b8caf67c30e,54,0xf3ff8327c780e71b35ed28baadfc5a40e32b70da3263532d3e32a0cbaa7d55ba,19,0x1f4b10ffb832581ae5a975ed38eeac9f4e960bdf,0x06012c8cf97bead5deae237070f9587f8e7a266d,0,150000,2000000000,1,0,0x3d7d3f5a00000000000000000000000000000000000000000000000000000000000a2938000000000000000000000000000000000000000000000000006a94d74f4300000000000000000000000000000000000000000000000000000058d15e176280000000000000000000000000000000000000000000000000000000000000127500,,961922,148425,20120929,0x3d7d3f5a,"createSaleAuction(uint256 _kittyId, uint256 _startingPrice, uint256 _endingPrice, uint256 _duration)"
5387119,1522961577,0x391a56f71442aba182a8d6111337d8b8ac6adf099ded3fc55f1f39c084dd8620,55,0x98293b2eb4c9e520fc7a6b3d5dcdcb43ab59140c3106bd947691a6bbdffb72d4,99,0x1f4b10ffb832581ae5a975ed38eeac9f4e960bdf,0x06012c8cf97bead5deae237070f9587f8e7a266d,0,236820,2000000000,0,1,0x4ad8c93800000000000000000000000000000000000000000000000000000000000a293800000000000000000000000000000000000000000000000000071afd498d000000000000000000000000000000000000000000000000000000038d7ea4c680000000000000000000000000000000000000000000000000000000000000127500,,4427086,141215,20120917,0x4ad8c938,"createSiringAuction(uint256 _kittyId, uint256 _startingPrice, uint256 _endingPrice, uint256 _duration)"
5387144,1522961953,0x78fcdad175b9d40394d6b90c4639e99d9026d0c5ed45944370e016e410536445,56,0x02c5360e91b3b3dcda2b769ffeffbf86d329f950279cb2f9f6cc0b964c70aab1,26,0x1f4b10ffb832581ae5a975ed38eeac9f4e960bdf,0x06012c8cf97bead5deae237070f9587f8e7a266d,0,235507,4000000000,0,1,0x3d7d3f5a00000000000000000000000000000000000000000000000000000000000a28d100000000000000000000000000000000000000000000000000b1a2bc2ec50000000000000000000000000000000000000000000000000000009fdf42f6e48000000000000000000000000000000000000000000000000000000000000013c680,,1175591,140340,20120892,0x3d7d3f5a,"createSaleAuction(uint256 _kittyId, uint256 _startingPrice, uint256 _endingPrice, uint256 _duration)"
5387154,1522962047,0x4bc8b30ba6821b2362d983afaa097ef9318a727e640e0a2707d633130f52845e,57,0x3c66c26807b43879981f870b136d20f51657a8279be96b51a5ef21d5dcfb1ba9,59,0x1f4b10ffb832581ae5a975ed38eeac9f4e960bdf,0x06012c8cf97bead5deae237070f9587f8e7a266d,0,235411,3000000000,0,1,0x3d7d3f5a000000000000000000000000000000000000000000000000000000000008ff82000000000000000000000000000000000000000000000000008e1bc9bf040000000000000000000000000000000000000000000000000000009fdf42f6e480000000000000000000000000000000000000000000000000000000000000127500,,2855098,140276,20120882,0x3d7d3f5a,"createSaleAuction(uint256 _kittyId, uint256 _startingPrice, uint256 _endingPrice, uint256 _duration)"
5387164,1522962152,0x877b2488af8f790d5245395c7a62d44b3f01a645f8aaade147884e43ebe200d2,58,0x04b2188fe5588a7e0ce19ac2b4170d11c255f0a1f71f52adabb7495909b7415b,5,0x1f4b10ffb832581ae5a975ed38eeac9f4e960bdf,0x06012c8cf97bead5deae237070f9587f8e7a266d,0,235507,2000000000,0,1,0x3d7d3f5a00000000000000000000000000000000000000000000000000000000000a030c000000000000000000000000000000000000000000000000008e1bc9bf040000000000000000000000000000000000000000000000000000007c585087238000000000000000000000000000000000000000000000000000000000000013c680,,314038,140340,20120872,0x3d7d3f5a,"createSaleAuction(uint256 _kittyId, uint256 _startingPrice, uint256 _endingPrice, uint256 _duration)"
5387168,1522962217,0x9ba4d00ec19b07969c7125f4ccc3cf3752695ca4cd295c170d05fde7210f6cf9,59,0x195c254a8baa2ee54c360570c11707de091440c6d17cd68c2e22ef62bed2cc94,22,0x1f4b10ffb832581ae5a975ed38eeac9f4e960bdf,0x06012c8cf97bead5deae237070f9587f8e7a266d,0,235507,2010108000,0,1,0x3d7d3f5a00000000000000000000000000000000000000000000000000000000000a15240000000000000000000000000000000000000000000000000058d15e1762800000000000000000000000000000000000000000000000000000354a6ba7a180000000000000000000000000000000000000000000000000000000000000127500,,866425,140340,20120868,0x3d7d3f5a,"createSaleAuction(uint256 _kittyId, uint256 _startingPrice, uint256 _endingPrice, uint256 _duration)"
5387173,1522962288,0xb98f77d8d2fa8589bb800c3d8bc1fd70acec9577299a2407ecaad5ae30a37829,60,0x30b97025b03f1259d0e68aa3f10a996535ba9b24744b7f3511042e2d65e2bb50,42,0x1f4b10ffb832581ae5a975ed38eeac9f4e960bdf,0x06012c8cf97bead5deae237070f9587f8e7a266d,0,235411,2000000000,0,1,0x3d7d3f5a00000000000000000000000000000000000000000000000000000000000a0fee000000000000000000000000000000000000000000000000006a94d74f4300000000000000000000000000000000000000000000000000000058d15e176280000000000000000000000000000000000000000000000000000000000000127500,,2360769,140276,20120863,0x3d7d3f5a,"createSaleAuction(uint256 _kittyId, uint256 _startingPrice, uint256 _endingPrice, uint256 _duration)"
5387185,1522962415,0x774691b570933a91f5130ea78cd31b35ea716209811bd7953006f69680ecdf1e,61,0x20ff383d6c7a76906faf84dcc46c822c8782d9472310df73a76a29842454c896,20,0x1f4b10ffb832581ae5a975ed38eeac9f4e960bdf,0x06012c8cf97bead5deae237070f9587f8e7a266d,0,235411,1000000000,0,1,0x3d7d3f5a000000000000000000000000000000000000000000000000000000000008c2ee00000000000000000000000000000000000000000000000000354a6ba7a18000000000000000000000000000000000000000000000000000001c6bf5263400000000000000000000000000000000000000000000000000000000000000127500,,1065713,140276,20120851,0x3d7d3f5a,"createSaleAuction(uint256 _kittyId, uint256 _startingPrice, uint256 _endingPrice, uint256 _duration)"
5387193,1522962578,0xe6bc9c268add843130ab2ffa9e90beb4566a89f2959386cfd1dd4b4068fa760b,62,0xcdc258bba06fe07ac1c04588ad058e53608d782a4f06d4c25c28dd8e3cfc482a,138,0x1f4b10ffb832581ae5a975ed38eeac9f4e960bdf,0x06012c8cf97bead5deae237070f9587f8e7a266d,0,235411,1500000000,0,1,0x3d7d3f5a00000000000000000000000000000000000000000000000000000000000a14c90000000000000000000000000000000000000000000000000058d15e17628000000000000000000000000000000000000000000000000000002386f26fc100000000000000000000000000000000000000000000000000000000000000127500,,7001632,140276,20120843,0x3d7d3f5a,"createSaleAuction(uint256 _kittyId, uint256 _startingPrice, uint256 _endingPrice, uint256 _duration)"
5387202,1522962649,0x9e8d8ce584cb157981ee3aea37220ce5a49c88d9b9409c84cbbadff5dfb57590,63,0x334faa99dd6f90e5977227081d891d3c7bd1eee4508c8ee45f2cc096bf5d24b3,29,0x1f4b10ffb832581ae5a975ed38eeac9f4e960bdf,0x06012c8cf97bead5deae237070f9587f8e7a266d,0,235507,2000000000,0,1,0x3d7d3f5a00000000000000000000000000000000000000000000000000000000000a14a8000000000000000000000000000000000000000000000000008e1bc9bf04000000000000000000000000000000000000000000000000000000e6ed27d6668000000000000000000000000000000000000000000000000000000000000013c680,,1703243,140340,20120834,0x3d7d3f5a,"createSaleAuction(uint256 _kittyId, uint256 _startingPrice, uint256 _endingPrice, uint256 _duration)"
5387265,1522963564,0x028170c4b326dc452af56e7a71ade224b50536ba3c2c63af50df049d8b59b8e5,64,0xd2dbb3f4a8812b02feebdaab140b1fa6b4655a4df4e014a4eb29ff48245f8fb7,93,0x1f4b10ffb832581ae5a975ed38eeac9f4e960bdf,0x06012c8cf97bead5deae237070f9587f8e7a266d,0,235507,1100000000,0,1,0x3d7d3f5a00000000000000000000000000000000000000000000000000000000000a1261000000000000000000000000000000000000000000000000003c6568f12e800000000000000000000000000000000000000000000000000000354a6ba7a180000000000000000000000000000000000000000000000000000000000000127500,,5613198,140340,20120771,0x3d7d3f5a,"createSaleAuction(uint256 _kittyId, uint256 _startingPrice, uint256 _endingPrice, uint256 _duration)"
5387450,1522966103,0xc740c15bf9baa6bd446511665412d7092c2de0654c2c5984c9e5fb7b44393370,65,0x5d9318da2636e81903c3ea7fe7590f91bd18a309ad7459212a50cdbc98f39f70,198,0x1f4b10ffb832581ae5a975ed38eeac9f4e960bdf,0x06012c8cf97bead5deae237070f9587f8e7a266d,0,236916,1100000000,0,1,0x4ad8c93800000000000000000000000000000000000000000000000000000000000a296900000000000000000000000000000000000000000000000000038d7ea4c6800000000000000000000000000000000000000000000000000000038d7ea4c68000000000000000000000000000000000000000000000000000000000000002a300,,7793889,141279,20120586,0x4ad8c938,"createSiringAuction(uint256 _kittyId, uint256 _startingPrice, uint256 _endingPrice, uint256 _duration)"
5388181,1522975831,0x47821ec19a7902b54e3d973a818d5ac079cb2c5b8e89c82a963e43eececceef0,66,0x0c93b8053641e6555d89b06d2c103a49207f436179a5604e79dd82ea94e0d532,69,0x1f4b10ffb832581ae5a975ed38eeac9f4e960bdf,0x06012c8cf97bead5deae237070f9587f8e7a266d,9000000000000000,223123,3090000000,0,1,0xed60ade6000000000000000000000000000000000000000000000000000000000006be6100000000000000000000000000000000000000000000000000000000000a131f,,2964108,103749,20119855,0xed60ade6,"bidOnSiringAuction(uint256 _sireId, uint256 _matronId)"
5388213,1522976279,0xcbec41c8828bfefdb42c5dba6d87da1b70121d691ea2a2e26d24acad640d706d,67,0x8e9b7808e238c511bb33951976bbf217daa8f95126ab897566a595eecee3556c,48,0x1f4b10ffb832581ae5a975ed38eeac9f4e960bdf,0xb1690c08e213a35ed9bab7b318de14420fb57d8c,0,109165,2000000000,0,1,0x96b5a755000000000000000000000000000000000000000000000000000000000008ff82,,1733324,36389,20119823,0x96b5a755,cancelAuction(uint256 _tokenId)
5388233,1522976559,0x2cfe22223f50e1effb2a3c29346e1053776001347245902d40e2ce4554e474fa,68,0x47913e12efef916436e5b97dac89c49e848380e01b273c3b0a019d3a2ebe733f,28,0x1f4b10ffb832581ae5a975ed38eeac9f4e960bdf,0x06012c8cf97bead5deae237070f9587f8e7a266d,17894086141596630,241395,2200000000,0,1,0xed60ade6000000000000000000000000000000000000000000000000000000000009bd67000000000000000000000000000000000000000000000000000000000008ff82,,1321141,115930,20119803,0xed60ade6,"bidOnSiringAuction(uint256 _sireId, uint256 _matronId)"
5388246,1522976787,0x99e04b3455767cb2a2622f6399eec509c255fb8c34c9b1bee97284a450be598e,69,0xdda29f20e47105e048c81f6b0b1b81e17dbc2d4a7d2385d6cdfe5cc961abef3d,66,0x1f4b10ffb832581ae5a975ed38eeac9f4e960bdf,0x06012c8cf97bead5deae237070f9587f8e7a266d,10000000000000000,200000,3000000000,0,1,0xed60ade600000000000000000000000000000000000000000000000000000000000965ef00000000000000000000000000000000000000000000000000000000000a131f,,3078417,109100,20119790,0xed60ade6,"bidOnSiringAuction(uint256 _sireId, uint256 _matronId)"
5388515,1522980670,0x44cdb13df30f9c2e3f96c733bdf792c328d3b660cd8372e8ef41b269b9ad3557,70,0xa37384a937849d85a4c1ff48f615528f7b520b5174a13f107e8300842d74d367,108,0x1f4b10ffb832581ae5a975ed38eeac9f4e960bdf,0x06012c8cf97bead5deae237070f9587f8e7a266d,0,125000,1100000000,1,0,0x3d7d3f5a00000000000000000000000000000000000000000000000000000000000a2b0400000000000000000000000000000000000000000000000000c3663566a58000000000000000000000000000000000000000000000000000009fdf42f6e4800000000000000000000000000000000000000000000000000000000000000d2f00,,5294392,123817,20119521,0x3d7d3f5a,"createSaleAuction(uint256 _kittyId, uint256 _startingPrice, uint256 _endingPrice, uint256 _duration)"
5388563,1522981349,0xe3cc103fc4bd01f1da0d21a9613640dbed511f911162973c0357a94775215d4c,71,0x7c0227ca00c2a2bbf1122c61aaf726e701ffbf76712fa22216165dba67bdfebb,32,0x1f4b10ffb832581ae5a975ed38eeac9f4e960bdf,0x06012c8cf97bead5deae237070f9587f8e7a266d,0,200000,1800000000,0,1,0x3d7d3f5a00000000000000000000000000000000000000000000000000000000000a2b04000000000000000000000000000000000000000000000000007c58508723800000000000000000000000000000000000000000000000000000c3663566a580000000000000000000000000000000000000000000000000000000000000093a80,,1981250,140404,20119473,0x3d7d3f5a,"createSaleAuction(uint256 _kittyId, uint256 _startingPrice, uint256 _endingPrice, uint256 _duration)"
5388587,1522981619,0x866a2ecdb08d86e9d44a81365a154a13a2baede52603150394fb8e2449fea6cd,72,0x67843c427815d96c30ccc355bab3c1713c0fc85b3edba2c6bee62adaca35833c,83,0x1f4b10ffb832581ae5a975ed38eeac9f4e960bdf,0x06012c8cf97bead5deae237070f9587f8e7a266d,0,235411,400000000,0,1,0x3d7d3f5a00000000000000000000000000000000000000000000000000000000000a2ae300000000000000000000000000000000000000000000000000b1a2bc2ec50000000000000000000000000000000000000000000000000000007c58508723800000000000000000000000000000000000000000000000000000000000000d2f00,,4490026,140276,20119449,0x3d7d3f5a,"createSaleAuction(uint256 _kittyId, uint256 _startingPrice, uint256 _endingPrice, uint256 _duration)"
5388616,1522982011,0x02f643e162a1a7e458c1f44ad0fde86c744b9b766e6850ac55284af085e4120c,73,0x95bfa15ac1e53744c5049a603e52e0891172e7d70057d9cde8c7d4a16b93737c,42,0x1f4b10ffb832581ae5a975ed38eeac9f4e960bdf,0x06012c8cf97bead5deae237070f9587f8e7a266d,0,125000,500000000,1,0,0x3d7d3f5a00000000000000000000000000000000000000000000000000000000000a2ab2000000000000000000000000000000000000000000000000008e1bc9bf040000000000000000000000000000000000000000000000000000006a94d74f43000000000000000000000000000000000000000000000000000000000000000a8c00,,3340912,123815,20119420,0x3d7d3f5a,"createSaleAuction(uint256 _kittyId, uint256 _startingPrice, uint256 _endingPrice, uint256 _duration)"
5391383,1523022219,0x9959f84325505319989314e3bd4af80afc166ed870cf52d601fa73111adaa03a,0,0xc3a6088ddf286a5c1233944e2ea952c788154f4ba41653b21ce30265742b0db7,96,0xe7e2b74d1565bc906c9788cbb04dd0d329c3bf5a,0x1f4b10ffb832581ae5a975ed38eeac9f4e960bdf,10839810000000000,21000,3000000000,0,1,0x,,4391206,21000,20116653,0x,
5391497,1523023865,0xb00e1fb43a5d06c82404bd703fc7202f5d5ffe1f4c9a3f6c1a0baa7e1b179412,74,0xb645b1845c21e3b8a0c9bff5772184a69d41ab5075b4d752806c4c7cf7a97d8d,121,0x1f4b10ffb832581ae5a975ed38eeac9f4e960bdf,0x06012c8cf97bead5deae237070f9587f8e7a266d,8998684655923400,241395,1000000000,0,1,0xed60ade600000000000000000000000000000000000000000000000000000000000a1c7600000000000000000000000000000000000000000000000000000000000a131f,,5632948,115930,20116539,0xed60ade6,"bidOnSiringAuction(uint256 _sireId, uint256 _matronId)"
5391537,1523024439,0x77e4e0c34022c98c8d182649c26739b0fe8d5871030e2c428d7e5cc66906c97a,75,0x42c1b715c64a2a22cd35331b98db04177f835527b23fa79c45855982fd5fbdb4,35,0x1f4b10ffb832581ae5a975ed38eeac9f4e960bdf,0x06012c8cf97bead5deae237070f9587f8e7a266d,0,235507,1100000000,0,1,0x3d7d3f5a00000000000000000000000000000000000000000000000000000000000a2ab200000000000000000000000000000000000000000000000000354a6ba7a18000000000000000000000000000000000000000000000000000001ff973cafa800000000000000000000000000000000000000000000000000000000000000d2f00,,2361806,140340,20116499,0x3d7d3f5a,"createSaleAuction(uint256 _kittyId, uint256 _startingPrice, uint256 _endingPrice, uint256 _duration)"
5391607,1523025515,0xfe9eca1b2357c081e6e83abae6215b5c8a28c23e3a7a8ba7d908f7d946f312af,76,0xe0d856cfee7fed2c659cf88226cb3184159b07b6c0ffe9c82ff194a61061f523,109,0x1f4b10ffb832581ae5a975ed38eeac9f4e960bdf,0x06012c8cf97bead5deae237070f9587f8e7a266d,0,235411,1100000000,0,1,0x3d7d3f5a00000000000000000000000000000000000000000000000000000000000a14b700000000000000000000000000000000000000000000000000470de4df820000000000000000000000000000000000000000000000000000007c58508723800000000000000000000000000000000000000000000000000000000000000a8c00,,5336497,140276,20116429,0x3d7d3f5a,"createSaleAuction(uint256 _kittyId, uint256 _startingPrice, uint256 _endingPrice, uint256 _duration)"
5391779,1523027836,0xcc8afaefae3d9ef97a5a265f9c1759431819927c330fceab8f20149d738ddce9,77,0xc63f28191041e189f8446ee637316d158a38b6425599a738c3cc17e17dbff86d,64,0x1f4b10ffb832581ae5a975ed38eeac9f4e960bdf,0x06012c8cf97bead5deae237070f9587f8e7a266d,0,236916,550000000,0,1,0x4ad8c93800000000000000000000000000000000000000000000000000000000000a2f2b000000000000000000000000000000000000000000000000001ff973cafa80000000000000000000000000000000000000000000000000000018de76816d8000000000000000000000000000000000000000000000000000000000000002a300,,7045492,141279,20116257,0x4ad8c938,"createSiringAuction(uint256 _kittyId, uint256 _startingPrice, uint256 _endingPrice, uint256 _duration)"
5391804,1523028253,0xebd95f56103b8b00b4f3111c8f2e19be02b689a72fcf05f1d71700eab0fd6e96,78,0xa31c7c4ac09f3a2c57b7dcfe52ea0891d6eb42ecc10e78eceddafa4e82e42696,219,0x1f4b10ffb832581ae5a975ed38eeac9f4e960bdf,0x06012c8cf97bead5deae237070f9587f8e7a266d,0,235315,1100000000,0,1,0x3d7d3f5a000000000000000000000000000000000000000000000000000000000008ff82000000000000000000000000000000000000000000000000006a94d74f430000000000000000000000000000000000000000000000000000002386f26fc1000000000000000000000000000000000000000000000000000000000000000d2f00,,7579658,140212,20116232,0x3d7d3f5a,"createSaleAuction(uint256 _kittyId, uint256 _startingPrice, uint256 _endingPrice, uint256 _duration)"
5392007,1523031043,0x58b55f196897f4d90e78a312aed74ecc339fdabd36506e5a3a059bbcf1c8e4db,79,0xbdad1ca0e5bfc55a59746177fbf8524e980594914f179fe722969b577f9ad787,35,0x1f4b10ffb832581ae5a975ed38eeac9f4e960bdf,0xb1690c08e213a35ed9bab7b318de14420fb57d8c,0,109165,1000000000,0,1,0x96b5a75500000000000000000000000000000000000000000000000000000000000a28d1,,2260776,36389,20116029,0x96b5a755,cancelAuction(uint256 _tokenId)
5392050,1523031517,0xf60cd0c638baf9183ff2c1117dea0a147b661ba1b07ace0a1b431a44d8818cfe,80,0x0b32736306a5ec6ac07836b888265a5dcabe814444128fb5388ba40d8d5d096a,55,0x1f4b10ffb832581ae5a975ed38eeac9f4e960bdf,0xcc57b61f380e5b90f2118aeaf22aa444a6e34a4a,500000000000000,150000,1100000000,0,1,0x,,2318847,21000,20115986,0x,
5392060,1523031695,0xadbc31e1b345b02c47077d7755b7cf246f79f740bca90cd79da49365af7a98db,81,0x72741a936be1a9986239d9194d7016d02c9061f367cbcd1c705a54881313c1b5,93,0x1f4b10ffb832581ae5a975ed38eeac9f4e960bdf,0x06012c8cf97bead5deae237070f9587f8e7a266d,0,81472,2320000000,0,1,0xa9059cbb0000000000000000000000004eb395c9c5829a6e87fc5facfc00ccd8ab4a91ad00000000000000000000000000000000000000000000000000000000000a28d1,,6153376,54315,20115976,0xa9059cbb,"transfer(address _to, uint256 _value)"
5392208,1523033706,0xd1bfa93ceb62fe0e491b8cdbbc5dfb6306b84041c0097eba16dcd47b8b20dd20,82,0xa08818a36101a2a2645e1d47aa3271db9d6db0c4aa97d0a4427501049c7fc072,31,0x1f4b10ffb832581ae5a975ed38eeac9f4e960bdf,0xdaedb83f24811bf585aaa01e714f6d46951ed6ff,0,62290,1000000000,0,1,0x,,1377489,62290,20115828,0x,
5392210,1523033733,0xae39fae281b2318f02ebb996182204b1f3f4d6d1c488b21dd2385ecf5b5c3c0e,83,0x65b09ae5a00761b9916df1090a574ebe29b6e07e867f7deb7ad979883a6ed7e1,80,0x1f4b10ffb832581ae5a975ed38eeac9f4e960bdf,0x4b72acc43c984da449e79fa960e8efd3ef104e05,0,47290,1000000000,0,1,0x,,3103425,47290,20115826,0x,
5392213,1523033762,0x4ec5330a7edeae1cf637d9090b0be644c9a8d8bfa1456201287d54de393c8c4e,84,0x5d7e66ff02167075d8408ca330dbebe8aed90edda9efb38102309423270bb5e7,109,0x1f4b10ffb832581ae5a975ed38eeac9f4e960bdf,0xea37cfd9f93555910157ffa9b0e707f1597087e1,0,62290,1000000000,0,1,0x,,7335830,62290,20115823,0x,
5392236,1523034240,0x8734fb441b63171f75dafc11ab620e4cb2f9b260b090ef679845a8adb42b7812,85,0x52a71ec75673e67d74f9ae11a343d8e8466f4b08e0fa9f1a7cd93f1c10f268dd,25,0x1f4b10ffb832581ae5a975ed38eeac9f4e960bdf,0xea37cfd9f93555910157ffa9b0e707f1597087e1,0,47290,1000000000,0,1,0x,,2012956,47290,20115800,0x,
5392239,1523034288,0x6591c18d8cc378faebcd1b930ff6f85c99f2af109fff4d673248f994c9de6ff7,86,0xd7b6355b08597a7441d36059bbd5ca8de39705c7327d078dd77f3f52a6ad869e,65,0x1f4b10ffb832581ae5a975ed38eeac9f4e960bdf,0xea37cfd9f93555910157ffa9b0e707f1597087e1,0,47290,1000000000,0,1,0x,,4031011,47290,20115797,0x,
5392241,1523034337,0xb471b74e94ff0e09b2a02366a5d276a81990245727243bb6245b38f7dff6dc4e,87,0x8f321811c12b9709627842d30719b1b8da127cbbf62d3d7e560912639d4b745c,115,0x1f4b10ffb832581ae5a975ed38eeac9f4e960bdf,0xea37cfd9f93555910157ffa9b0e707f1597087e1,0,47290,1000000000,0,1,0x,,7347007,47290,20115795,0x,
5392264,1523034628,0xde031255f0c60bef7a12e2aa81c68aa38ca0629db05cc9c195fcca385aea2a03,88,0xb5741d92bc4f774985f17ae96268db7994674c74b9bf46c11386fc88e6261b1f,111,0x1f4b10ffb832581ae5a975ed38eeac9f4e960bdf,0xdaedb83f24811bf585aaa01e714f6d46951ed6ff,0,47290,100000000,0,1,0x,,7979372,47290,20115772,0x,
5392357,1523036036,0x491555a65909cd3bb47b6511a78cb913a2e20d89f0674fb824ef072f80266137,89,0x3d20a30d8bc8233e67d9f8bf9f49de53368d05c5b7d5ee4162072294d9012c80,115,0x1f4b10ffb832581ae5a975ed38eeac9f4e960bdf,0xdaedb83f24811bf585aaa01e714f6d46951ed6ff,0,47290,100000000,0,1,0x,,7985479,47290,20115679,0x,
5392413,1523036757,0x8948c0ad6bbd4fbc338edae27cc9367f61c19dab283ba72317ffe90ea97ac9e2,90,0x2f21b783d98530c67a5828516915c498449b14043502e6f7d26bbafbc109c465,39,0x1f4b10ffb832581ae5a975ed38eeac9f4e960bdf,0xdaedb83f24811bf585aaa01e714f6d46951ed6ff,0,47290,100000000,0,1,0x,,7992860,47290,20115623,0x,
5392439,1523037102,0x84019ac4aa57467eced396aee689886754a43fc54dba9ce1de635223b2ced5a5,91,0x69f1a850b4cde4b7870a20e7502db98a3b91a11f62859e30e71131dcbf1a1947,46,0x1f4b10ffb832581ae5a975ed38eeac9f4e960bdf,0xdaedb83f24811bf585aaa01e714f6d46951ed6ff,0,47290,100000000,0,1,0x,,7992634,47290,20115597,0x,
5392497,1523037860,0x87b3b22bae6a6c666b9ae59c19c4bc1dedda2eb959066dd7e32c130ce37ae63d,92,0xf8dd28da920069ea83c791693aeb7a57e4c59076118fbdcca809dfa985f7f09e,159,0x1f4b10ffb832581ae5a975ed38eeac9f4e960bdf,0xdaedb83f24811bf585aaa01e714f6d46951ed6ff,0,47290,100000000,0,1,0x,,7986404,47290,20115539,0x,
5392606,1523039300,0xd1096b8327c7ead49f12f541e945d67501b3efbc057fd0ea45b98d57806a6228,93,0xebcc995332070aea479192c1c35478d58f134fc0dfc43bd9b1cde84ea8b075ce,95,0x1f4b10ffb832581ae5a975ed38eeac9f4e960bdf,0xdaedb83f24811bf585aaa01e714f6d46951ed6ff,0,47290,100000000,0,1,0x,,7980538,47290,20115430,0x,
5392646,1523039901,0x9d57e7b5c7c325f667a5238d0ec1bb8a1219e4ce519c5795504dae0ffb7056b4,94,0x9d180e5a990b18d2803ad482348b1d723b1e036df4d94fcd91201d193427cc79,82,0x1f4b10ffb832581ae5a975ed38eeac9f4e960bdf,0xdaedb83f24811bf585aaa01e714f6d46951ed6ff,0,47290,100000000,0,1,0x,,7988774,47290,20115390,0x,
5392654,1523040029,0xa9adfa968cb0ff538f2143c0c3d50bf9c99513e489ac08222be5da8238ba208e,95,0x45258510320a750c9b261a2913c84982cbed163c84aef1f6b6e9dc3e63e86728,77,0x1f4b10ffb832581ae5a975ed38eeac9f4e960bdf,0xdaedb83f24811bf585aaa01e714f6d46951ed6ff,0,47290,100000000,0,1,0x,,7991450,47290,20115382,0x,
5392863,1523043166,0xf1c1a8e88b393f81e6f5eedc8f5aa9ec315e46d1f1666bbc0fd711ed06cb6c33,96,0x515593af38cd5c9dd0450695fb7af91ab767544ca1a5b75c32d8bd8d0ebb49f6,36,0x1f4b10ffb832581ae5a975ed38eeac9f4e960bdf,0xdaedb83f24811bf585aaa01e714f6d46951ed6ff,0,47290,100000000,0,1,0x,,7989744,47290,20115173,0x,
5392944,1523044222,0x0005ceec28d3640b1296eff5237612a36326c7f6bef69c321f2de468753d05e7,97,0x0365df0a9c6f1efeb26fd7dc32d3ec43cf2e1595a0131823a6bd1372f73f16bd,90,0x1f4b10ffb832581ae5a975ed38eeac9f4e960bdf,0xdaedb83f24811bf585aaa01e714f6d46951ed6ff,0,47290,100000000,0,1,0x,,7984939,47290,20115092,0x,
5393061,1523046100,0x4d04584bfa3b34ea943f7c355307b124bd0487cf2e91fccdfd5941953592ffcd,98,0x41fbfaa7cd4928eb9af29dd5d794e781e2f180432d91185b9bec892cd0174842,136,0x1f4b10ffb832581ae5a975ed38eeac9f4e960bdf,0xdaedb83f24811bf585aaa01e714f6d46951ed6ff,0,47290,100000000,0,1,0x,,7999997,47290,20114975,0x,
5393079,1523046308,0xb10a999d769b03a0b75eaa8a37bac78388c651459b0c62d87fd405a1299abc24,99,0xa88a4648897fa229e36d86f198a881352bedcfd5a8c1e299e7221f5526518cbb,127,0x1f4b10ffb832581ae5a975ed38eeac9f4e960bdf,0xdaedb83f24811bf585aaa01e714f6d46951ed6ff,0,47290,100000000,0,1,0x,,7999688,47290,20114957,0x,
5393085,1523046371,0x24eed0cb2ef08588ffbbb617e6e55b6635ad2ec435d54424d2195202fe875979,100,0x0f7727a4c42d35476dc1ea2192d82086a38eb77b2fe76616d840b6d359fd78a6,39,0x1f4b10ffb832581ae5a975ed38eeac9f4e960bdf,0xdaedb83f24811bf585aaa01e714f6d46951ed6ff,0,47290,100000000,0,1,0x,,7959858,47290,20114951,0x,
5393090,1523046488,0x0287924e52552ac191ed026ef2002d5dce0f80e0b08e83718634002fc1d47fae,101,0x5c6367b577955add2c0c455a8dce6c581e196b80d11a560ba5fa76c3bc2a2b30,104,0x1f4b10ffb832581ae5a975ed38eeac9f4e960bdf,0xdaedb83f24811bf585aaa01e714f6d46951ed6ff,0,47290,100000000,0,1,0x,,7983597,47290,20114946,0x,
5393091,1523046503,0x3a739de13c2aef4e8e716b19ef86c0b159f950184839c08f41f77bba64738882,102,0x9cf6f479789a40d27038a3bfa7d2ee7e623ccc9e17bc8e9bb5ffa0ab1c2888c5,59,0x1f4b10ffb832581ae5a975ed38eeac9f4e960bdf,0xdaedb83f24811bf585aaa01e714f6d46951ed6ff,0,47290,1000000000,0,1,0x,,3519385,47290,20114945,0x,
5393111,1523046727,0x957b8e9324fc69ecb6509ceeda0ff009a1e19b4193faf71db75dd581dbdd2530,103,0x788a942691b96d78dc4889e9a128c8f7096873c9ae0db2f41587b29a09b2834f,130,0x1f4b10ffb832581ae5a975ed38eeac9f4e960bdf,0xdaedb83f24811bf585aaa01e714f6d46951ed6ff,0,47290,100000000,0,1,0x,,7993228,47290,20114925,0x,
5393224,1523048568,0xdad87cae9f0c4fcda90517d292cb2fca694179d37174acc1decd9dcfefd590e2,104,0x78e029fb271c9b17b3db81d493a450b6c9103c169e5c78bbcdd684c511823f24,52,0x1f4b10ffb832581ae5a975ed38eeac9f4e960bdf,0xdaedb83f24811bf585aaa01e714f6d46951ed6ff,0,47290,100000000,0,1,0x,,7997741,47290,20114812,0x,
5393271,1523049270,0x053e90eabb493025091f0ce17c22f7aae2718752049b59e7526df2b4e9187f42,105,0xe134c634ef3b3a59c47174c28cc5c8a483763bc5e61deef8a4c035d53dc8f1de,63,0x1f4b10ffb832581ae5a975ed38eeac9f4e960bdf,0xdaedb83f24811bf585aaa01e714f6d46951ed6ff,0,47290,100000000,0,1,0x,,8005855,47290,20114765,0x,
5393296,1523049523,0xc868bf16eda604385727139a41efaf6ea8a65735a9c0526acd3c806e083d43a7,106,0xc612a9a5994662914e7553820ce76f0081497d8b62cfc2958735c4b9c677f860,49,0x1f4b10ffb832581ae5a975ed38eeac9f4e960bdf,0xdaedb83f24811bf585aaa01e714f6d46951ed6ff,0,47290,100000000,0,1,0x,,7975984,47290,20114740,0x,
5393304,1523049621,0x32047419350b9d67ccb7d359b76ffd7aed6aa7e728cfd5f1f4a6c06a2fe11187,107,0x16c89a80a740ce1fef7e4dce5cad0a3e67ffc7060349583093e7215c932a59f1,46,0x1f4b10ffb832581ae5a975ed38eeac9f4e960bdf,0xdaedb83f24811bf585aaa01e714f6d46951ed6ff,0,47290,100000000,0,1,0x,,7996605,47290,20114732,0x,
5393612,1523053923,0xa120c653e8ff3953e77b93d5156478d0ef27b7c82625536d51de513aca366b33,108,0x9de1a78d5f7f7a3a1501fb14a7e8011e5ed5da2271a2e19fb20a72586441e6d1,113,0x1f4b10ffb832581ae5a975ed38eeac9f4e960bdf,0xb1690c08e213a35ed9bab7b318de14420fb57d8c,0,109165,300000000,0,1,0x96b5a75500000000000000000000000000000000000000000000000000000000000a2ae3,,7919181,36389,20114424,0x96b5a755,cancelAuction(uint256 _tokenId)
5393783,1523056122,0xdf9439893c6068ce88fb7657ac36e2e9e88de8fbcfadf490f224544bfa2ecca0,109,0xae146c749c8770f27083f4ebede897c8b2175c461434264dceeeaae0a9f43585,15,0x1f4b10ffb832581ae5a975ed38eeac9f4e960bdf,0x06012c8cf97bead5deae237070f9587f8e7a266d,0,100000,300000000,1,0,0x3d7d3f5a00000000000000000000000000000000000000000000000000000000000a131f000000000000000000000000000000000000000000000000001ff973cafa8000000000000000000000000000000000000000000000000000001c6bf526340000000000000000000000000000000000000000000000000000000000000002a300,,1393875,99207,20114253,0x3d7d3f5a,"createSaleAuction(uint256 _kittyId, uint256 _startingPrice, uint256 _endingPrice, uint256 _duration)"
5397651,1523111086,0x8b59c11bc3ccd9f8f74adf6159ba5536acb4622f1b8e4afe5327cad97657fa5b,0,0xc8459494f51e2743c8f3ed74947a00691d29bb33cf07e7ad32419a0e3dce71b5,25,0xed38586832477671a3a98d9edcfd0a5adbd66441,0x1f4b10ffb832581ae5a975ed38eeac9f4e960bdf,7886230000000000,21000,3000000000,0,1,0x,,1188936,21000,20110385,0x,
5397681,1523111672,0xa48341d9477ee6f21b4ce0463ea20e1cc8b6ac3a328ac2c162916ad3e7fefe61,110,0x162f0c9d5ba822f2cad6936a7ba2df6cf5c88f84ebf8f797dbac4b9bd760a5e4,154,0x1f4b10ffb832581ae5a975ed38eeac9f4e960bdf,0x06012c8cf97bead5deae237070f9587f8e7a266d,0,80000,1000000000,1,0,0x4ad8c93800000000000000000000000000000000000000000000000000000000000a131f00000000000000000000000000000000000000000000000000038d7ea4c6800000000000000000000000000000000000000000000000000000000000000000000000000000000000000000000000000000000000000000000000000000015180,,6303052,79114,20110355,0x4ad8c938,"createSiringAuction(uint256 _kittyId, uint256 _startingPrice, uint256 _endingPrice, uint256 _duration)"
5397713,1523112026,0xe3d6f18827b125fe007bb62968d2fac4a5fb3bf415c64cc8a1a081404673a509,111,0x1238968ae4c85b1d11c3b8ba7cc5b33f1ed72f8474825560cf8bb9498e4fe805,103,0x1f4b10ffb832581ae5a975ed38eeac9f4e960bdf,0x06012c8cf97bead5deae237070f9587f8e7a266d,0,235027,1110000000,0,1,0x3d7d3f5a00000000000000000000000000000000000000000000000000000000000a131f00000000000000000000000000000000000000000000000000038d7ea4c680000000000000000000000000000000000000000000000000000000000000000000000000000000000000000000000000000000000000000000000000000003f480,,4400357,140020,20110323,0x3d7d3f5a,"createSaleAuction(uint256 _kittyId, uint256 _startingPrice, uint256 _endingPrice, uint256 _duration)"
5397733,1523112289,0xdd83fad61c71b8b91d7b537d98ea8afa82647bdf50e17ebe40698786db4b6594,112,0x006b6e2122c611d46f0234388f31fbd1f52a9d178d925171f3b9a61f8d459095,83,0x1f4b10ffb832581ae5a975ed38eeac9f4e960bdf,0x11277f538111ec441783f30d3c98f2648af689bc,1000000000000,21000,1000000000,0,1,0x,,3428742,21000,20110303,0x,
5397774,1523112817,0x203a9c7f527692028237b2f60d4deca3bc90724372a711da6d65ccb47e0a5711,113,0xc35e8fb936a20ef6f1a1984f9493d75e48dff9e6d7420282a3de739fe4beb997,8,0x1f4b10ffb832581ae5a975ed38eeac9f4e960bdf,0xb1690c08e213a35ed9bab7b318de14420fb57d8c,0,109165,1100000000,0,1,0x96b5a75500000000000000000000000000000000000000000000000000000000000a14a8,,821565,36389,20110262,0x96b5a755,cancelAuction(uint256 _tokenId)
5397835,1523113719,0x48dcc0cc0f055a74be8e75d678ccf8a93aeed5a67ce6c99e69db40c304495b8a,114,0x6484164057c789f9d130ef1c8821ff5e268d8f06741ecb76e02bde5ee490c3a2,54,0x1f4b10ffb832581ae5a975ed38eeac9f4e960bdf,0xb1690c08e213a35ed9bab7b318de14420fb57d8c,0,109165,1000000000,0,1,0x96b5a75500000000000000000000000000000000000000000000000000000000000a2946,,6684457,36389,20110201,0x96b5a755,cancelAuction(uint256 _tokenId)
5397859,1523114075,0x7c937869f4d4cf44971e72420eb4290c68d5da3e65a2211910aded79eb84601f,115,0x3552e114fe7d8d1730221d8a7fcffb4bfd5e6c652985647310c7fce7bcfcd934,65,0x1f4b10ffb832581ae5a975ed38eeac9f4e960bdf,0x06012c8cf97bead5deae237070f9587f8e7a266d,8232448741711242,150001,1500000000,1,0,0xed60ade6000000000000000000000000000000000000000000000000000000000004296900000000000000000000000000000000000000000000000000000000000a2ae3,,2605734,150001,20110177,0xed60ade6,"bidOnSiringAuction(uint256 _sireId, uint256 _matronId)"
5398132,1523117855,0x0449dc5d3d40713ebe10b8d17f69734c85c3337dc6047586c62391e1dc9b09da,116,0xafa8dabb876643b069f48c49ddeba132f2f0977661d50d8698f27e57be97f046,56,0x1f4b10ffb832581ae5a975ed38eeac9f4e960bdf,0x06012c8cf97bead5deae237070f9587f8e7a266d,0,237012,500000000,0,1,0x4ad8c93800000000000000000000000000000000000000000000000000000000000a2ae300000000000000000000000000000000000000000000000000038d7ea4c6800000000000000000000000000000000000000000000000000000038d7ea4c680000000000000000000000000000000000000000000000000000000000000069780,,7422162,141343,20109904,0x4ad8c938,"createSiringAuction(uint256 _kittyId, uint256 _startingPrice, uint256 _endingPrice, uint256 _duration)"
5398134,1523117881,0x4ee8e7e054fa1620025d9c78c72b13e0f2ada7c5973a214b6900445deeb89cdc,117,0xf451bab2b9af18493761259bad462f68023b9231139267d2e208e7a9cdc6e359,111,0x1f4b10ffb832581ae5a975ed38eeac9f4e960bdf,0x06012c8cf97bead5deae237070f9587f8e7a266d,0,237012,500000000,0,1,0x4ad8c93800000000000000000000000000000000000000000000000000000000000a294600000000000000000000000000000000000000000000000000038d7ea4c6800000000000000000000000000000000000000000000000000000038d7ea4c68000000000000000000000000000000000000000000000000000000000000013c680,,7769053,141343,20109902,0x4ad8c938,"createSiringAuction(uint256 _kittyId, uint256 _startingPrice, uint256 _endingPrice, uint256 _duration)"
5398137,1523117901,0x0c9b94e5d780b485f3cc66d11af7f916e064a6835dfe9c4e4ff275a8fad53f20,118,0x2f4540e8effa7d1ea0deadc3f095bc99589a4d2072c0292e592f5848c5cf3326,68,0x1f4b10ffb832581ae5a975ed38eeac9f4e960bdf,0x06012c8cf97bead5deae237070f9587f8e7a266d,8000000000000000,119977,1000000000,0,1,0xf7d8c88300000000000000000000000000000000000000000000000000000000000a14a80000000000000000000000000000000000000000000000000000000000086a44,,4236636,79985,20109899,0xf7d8c883,"breedWithAuto(uint256 _matronId, uint256 _sireId)"
5398237,1523119347,0x2515de26637d3f3656fcd13b3080d9aa9ff676cb2e099f6ac342f0939baa92c1,119,0x3e10ba50843a13c431213dbfbdc627f63f860f600d69be9a312de97e9f36bd00,61,0x1f4b10ffb832581ae5a975ed38eeac9f4e960bdf,0x06012c8cf97bead5deae237070f9587f8e7a266d,0,100000,700000000,1,0,0x3d7d3f5a00000000000000000000000000000000000000000000000000000000000a341b00000000000000000000000000000000000000000000000001cdda4faccd0000000000000000000000000000000000000000000000000000008e1bc9bf040000000000000000000000000000000000000000000000000000000000000002a300,,5358311,99207,20109799,0x3d7d3f5a,"createSaleAuction(uint256 _kittyId, uint256 _startingPrice, uint256 _endingPrice, uint256 _duration)"
5399843,1523142273,0xffdaf693c01e3625a20fa9e5a561cd2c3977c08a742292f4bb3b6187cb02a5dc,0,0xc0dfcaa884315116402b142794eb3dc6365a998de24d2d5c174e174252db74e1,22,0x504d29dd4b3516fc09093ab6a8764c6e904c0e48,0x1f4b10ffb832581ae5a975ed38eeac9f4e960bdf,2593630000000000,21000,4000000000,0,1,0x,,940863,21000,20108193,0x,
5399908,1523143178,0x721798ef7442dcd57712247c4f24f7847698ff8f5e6771a50d1cf48930f4855d,120,0x6536adf84c763f9872e9be2fe466be1639805b3d0d6c0a04befb4c18f81fcb8e,16,0x1f4b10ffb832581ae5a975ed38eeac9f4e960bdf,0xb1690c08e213a35ed9bab7b318de14420fb57d8c,0,109165,500000000,0,1,0x96b5a75500000000000000000000000000000000000000000000000000000000000a1261,,5643125,36389,20108128,0x96b5a755,cancelAuction(uint256 _tokenId)
5399927,1523143469,0x10766604ca1051a9e89107e2bb6db20de72a915cfbba971030166ddbd24931b8,121,0x021e7781534cc96121f600f64fa469e98b4b9ca678e982c45bf2545607855cbe,27,0x1f4b10ffb832581ae5a975ed38eeac9f4e960bdf,0x06012c8cf97bead5deae237070f9587f8e7a266d,0,104068,1000000000,0,1,0xa9059cbb000000000000000000000000973593c3a304f5bd54e3eb7a7416977dca7acbef00000000000000000000000000000000000000000000000000000000000a1261,,1225357,69379,20108109,0xa9059cbb,"transfer(address _to, uint256 _value)"
5399958,1523143914,0xfddd62324cfcc220900346db26e9d32506ee90f608b35f1317f94f0aaca41328,122,0x60ef5cb2490a51c086582ed48283bf66e3c5daac2b71899ad1874a593b1c9e9a,20,0x1f4b10ffb832581ae5a975ed38eeac9f4e960bdf,0x06012c8cf97bead5deae237070f9587f8e7a266d,0,81568,1500000000,0,1,0xa9059cbb000000000000000000000000973593c3a304f5bd54e3eb7a7416977dca7acbef000000000000000000000000000000000000000000000000000000000008d5df,,746426,54379,20108078,0xa9059cbb,"transfer(address _to, uint256 _value)"
5400016,1523144966,0xd7c7b749b2a365687bfd00e929a6a8df883e59e2fb174ecf417612dc18cd7121,123,0xd9b716347445a55371ab39a7476fe3f3b0137e300cfb71806b2cfde8410768a0,15,0x1f4b10ffb832581ae5a975ed38eeac9f4e960bdf,0x06012c8cf97bead5deae237070f9587f8e7a266d,0,81568,1200000000,0,1,0xa9059cbb000000000000000000000000d56fe59072bb6917bc0ec4b37b1bcf6d1a0a76f100000000000000000000000000000000000000000000000000000000000a14d3,,764416,54379,20108020,0xa9059cbb,"transfer(address _to, uint256 _value)"
5400021,1523145075,0xa62a72cc1642f3e8bb5ab7c5321c993f7da89840f1c85279e7d52ea1a7d4efe9,124,0x6cdec22c99760042c8576085ef5f4a1ac0ea3142eff7ccbd090bd1cc2dc86f7c,166,0x1f4b10ffb832581ae5a975ed38eeac9f4e960bdf,0xb1690c08e213a35ed9bab7b318de14420fb57d8c,0,109165,800000000,0,1,0x96b5a75500000000000000000000000000000000000000000000000000000000000a2983,,6235723,36389,20108015,0x96b5a755,cancelAuction(uint256 _tokenId)
5400024,1523145129,0x3d99707c8b40bd97bdd10c96a29a994ec697439b3e6655f471d75a27035c2e81,125,0xdfafeb1d65c574b873382f9acacfc96b00c7cefb6eaca1573c3af80ceea2e716,44,0x1f4b10ffb832581ae5a975ed38eeac9f4e960bdf,0xc7af99fe5513eb6710e6d5f44f9989da40f27f26,0,109099,1200000000,0,1,0x96b5a75500000000000000000000000000000000000000000000000000000000000a2938,,7624437,36367,20108012,0x96b5a755,cancelAuction(uint256 _tokenId)
5400039,1523145252,0xf92fe299ed15760ee71508b804b7abdc46c3adad054cadcbd2024b931d291b1e,126,0x0016d3bb0b8242588afb4f783b004ab5b7635c28ca56f7b09b3ee574657c606f,42,0x1f4b10ffb832581ae5a975ed38eeac9f4e960bdf,0x06012c8cf97bead5deae237070f9587f8e7a266d,0,81568,1000000000,0,1,0xa9059cbb000000000000000000000000d56fe59072bb6917bc0ec4b37b1bcf6d1a0a76f100000000000000000000000000000000000000000000000000000000000a2938,,1955228,54379,20107997,0xa9059cbb,"transfer(address _to, uint256 _value)"
5400045,1523145290,0x12aa9ca0c7c266b5a7f4c521024626b5ea5c93ff998b47a88d56f33c806a3468,127,0x4ec93d944fe8a6f1a468d8a4490b41324868abd054dc55ab3178e7d67a48145e,11,0x1f4b10ffb832581ae5a975ed38eeac9f4e960bdf,0x06012c8cf97bead5deae237070f9587f8e7a266d,0,81568,2100000000,0,1,0xa9059cbb000000000000000000000000bc2b15e5e105ecb3f2398e541607ab85530274c300000000000000000000000000000000000000000000000000000000000a2983,,463490,54379,20107991,0xa9059cbb,"transfer(address _to, uint256 _value)"
5400049,1523145428,0x201e00cf53e068c24f83cd353458eec4e84b5b38f430916eddfb661653e7fa16,128,0x631ea903bff18ad3ef9f04ddcbfb0ee8c8389d4c9a9ccd390c944bed2fb773ed,95,0x1f4b10ffb832581ae5a975ed38eeac9f4e960bdf,0xb1690c08e213a35ed9bab7b318de14420fb57d8c,0,109165,1000000000,0,1,0x96b5a75500000000000000000000000000000000000000000000000000000000000a0ede,,5921002,36389,20107987,0x96b5a755,cancelAuction(uint256 _tokenId)
5400055,1523145574,0x40d41d141bba63d65e23bf12a6b5d42bbf5860c39fe3ab1598c73330bdbcaac2,129,0xeaa9149d8e28040572c6ea3077448624d72a897774f193ca16c11fc3d4428778,163,0x1f4b10ffb832581ae5a975ed38eeac9f4e960bdf,0x06012c8cf97bead5deae237070f9587f8e7a266d,0,81568,2000000000,0,1,0xa9059cbb000000000000000000000000bc2b15e5e105ecb3f2398e541607ab85530274c300000000000000000000000000000000000000000000000000000000000a0ede,,5983594,54379,20107981,0xa9059cbb,"transfer(address _to, uint256 _value)"
5400063,1523145634,0x9485a24d4d6dfa6020b47361b01a5c6a36ad3926edbcd2209f1b3e22f37950af,130,0x45f925e0a22c427ccf7ca84fdb8681d22d88e727b46e4832a9048f837920ae33,170,0x1f4b10ffb832581ae5a975ed38eeac9f4e960bdf,0xb1690c08e213a35ed9bab7b318de14420fb57d8c,0,109165,1000000000,0,1,0x96b5a75500000000000000000000000000000000000000000000000000000000000a14b7,,6870606,36389,20107973,0x96b5a755,cancelAuction(uint256 _tokenId)
5400082,1523145897,0x216776dc711f363c56052a207f60f1f4304beabdc9b110e35ef770656df2da02,131,0x0da78ea895e264993eeaf0a79bbc4e27d64f1ae1711a6393dd3eb577d34fd242,38,0x1f4b10ffb832581ae5a975ed38eeac9f4e960bdf,0x06012c8cf97bead5deae237070f9587f8e7a266d,0,81568,2000000000,0,1,0xa9059cbb000000000000000000000000d3321eab160b18ce8540934dc6180354bdeaa6d900000000000000000000000000000000000000000000000000000000000a14b7,,7836648,54379,20107954,0xa9059cbb,"transfer(address _to, uint256 _value)"
5400087,1523146006,0xf0e4f16ca06857627eddd64d3aa737300f38a1c76d5324b65f92ec9d451111ba,132,0x0660c8d3d03df756755ab8ddb59086de1159bbed2deb65e26dce9e02e347cfe9,68,0x1f4b10ffb832581ae5a975ed38eeac9f4e960bdf,0x06012c8cf97bead5deae237070f9587f8e7a266d,0,81568,2000000000,0,1,0xa9059cbb00000000000000000000000082d598e883dd7282a4c9fd342638a5df71406e3d00000000000000000000000000000000000000000000000000000000000a05eb,,3184348,54379,20107949,0xa9059cbb,"transfer(address _to, uint256 _value)"
5400118,1523146505,0xe064bf6a12d337a25a8194552312d3704c1a80f1bfeec678215ebd889b9280c1,133,0x1f30bf961fc31554f994715cded814f15b40bb578a4d39cccf2afe77e5a7f4e4,37,0x1f4b10ffb832581ae5a975ed38eeac9f4e960bdf,0x06012c8cf97bead5deae237070f9587f8e7a266d,0,235603,1000000000,0,1,0x3d7d3f5a00000000000000000000000000000000000000000000000000000000000a341b00000000000000000000000000000000000000000000000002c68af0bb1400000000000000000000000000000000000000000000000000000214e8348c4f0000000000000000000000000000000000000000000000000000000000000020f580,,2034534,140404,20107918,0x3d7d3f5a,"createSaleAuction(uint256 _kittyId, uint256 _startingPrice, uint256 _endingPrice, uint256 _duration)"
5400135,1523146689,0xf96866df6973dd1717422d4fbf844729ab66f73a517dcea5667bb48213fe7d16,134,0x692bac072f446b3491206165da8ac23d6d6475acac64fe2f3a80c85844dd8192,35,0x1f4b10ffb832581ae5a975ed38eeac9f4e960bdf,0x06012c8cf97bead5deae237070f9587f8e7a266d,0,81568,2000000000,0,1,0xa9059cbb000000000000000000000000e307c2d3236be4706e5d7601ee39f16d796d819500000000000000000000000000000000000000000000000000000000000a0338,,1926218,54379,20107901,0xa9059cbb,"transfer(address _to, uint256 _value)"
5400150,1523147072,0x343b75fd16f0d7202e551de3ff6c615e30bc60c1decbf5113bdc04d2660a2781,135,0xf5304aaaa87e4ba8f48e4d1e18d584685a828aa6177eb4dd996a02adf4355950,20,0x1f4b10ffb832581ae5a975ed38eeac9f4e960bdf,0xc7af99fe5513eb6710e6d5f44f9989da40f27f26,0,109099,1200000000,0,1,0x96b5a75500000000000000000000000000000000000000000000000000000000000a295a,,666304,36367,20107886,0x96b5a755,cancelAuction(uint256 _tokenId)
5400164,1523147265,0x0550c35498e6952a97347f14b6999608c82864d6d247614b586d819f99893405,136,0xc4f0cd4f39965a57dba3e8af0ca22d248458b6c9d0bc18e2a20e51ed4bc9c280,78,0x1f4b10ffb832581ae5a975ed38eeac9f4e960bdf,0x06012c8cf97bead5deae237070f9587f8e7a266d,0,81568,2100000000,0,1,0xa9059cbb000000000000000000000000781901682d3e9341a6c195ee6fe58047a9235f0700000000000000000000000000000000000000000000000000000000000a295a,,3285134,54379,20107872,0xa9059cbb,"transfer(address _to, uint256 _value)"
5400199,1523147678,0xd0dad59836befb97b62e3f896d5cf5483c77a561b4eca057a73b489974a1ff48,137,0xceff3bec3117b08ba04f9992214234b16b8128db42b5cc895ce1411677be4cd3,59,0x1f4b10ffb832581ae5a975ed38eeac9f4e960bdf,0x06012c8cf97bead5deae237070f9587f8e7a266d,0,81568,2000000000,0,1,0xa9059cbb000000000000000000000000d56fe59072bb6917bc0ec4b37b1bcf6d1a0a76f1000000000000000000000000000000000000000000000000000000000007d24a,,4160079,54379,20107837,0xa9059cbb,"transfer(address _to, uint256 _value)"
5400215,1523147907,0xb241ce75afa027a93520ca4aed0233e84f577043ec79aea9322d7776cba478bc,138,0x843639b40f5e6ec9836658cd7978f09fcf942e5188a2c5129e5e96b77b558097,188,0x1f4b10ffb832581ae5a975ed38eeac9f4e960bdf,0xb1690c08e213a35ed9bab7b318de14420fb57d8c,0,109165,2000000000,0,1,0x96b5a75500000000000000000000000000000000000000000000000000000000000a1524,,4695959,36389,20107821,0x96b5a755,cancelAuction(uint256 _tokenId)
5400231,1523148077,0xf4ff4097d44333ed317867b9c5d0049096c0d64efa60ff3fa0471b97ff0ff6df,139,0x672d70aabc01388144e8d3f0a201d001dcf1907d360c817ca8c61982dc018255,15,0x1f4b10ffb832581ae5a975ed38eeac9f4e960bdf,0x06012c8cf97bead5deae237070f9587f8e7a266d,0,81568,3000000000,0,1,0xa9059cbb000000000000000000000000d56fe59072bb6917bc0ec4b37b1bcf6d1a0a76f100000000000000000000000000000000000000000000000000000000000a1524,,654375,54379,20107805,0xa9059cbb,"transfer(address _to, uint256 _value)"
5400238,1523148163,0xd1faf5a3ee602f178df943f943634b1be2fb143b36b6c18f0e140b2e7de78dd6,140,0x362416fbe4e4d83300e071ccfc080350a4f09fd9a1919b027518148f3e7f7377,22,0x1f4b10ffb832581ae5a975ed38eeac9f4e960bdf,0x06012c8cf97bead5deae237070f9587f8e7a266d,0,235507,2000000000,0,1,0x3d7d3f5a00000000000000000000000000000000000000000000000000000000000a14a80000000000000000000000000000000000000000000000008ac7230489e8000000000000000000000000000000000000000000000000000001aa535d3d0c000000000000000000000000000000000000000000000000000000000000000d2f00,,1224752,140340,20107798,0x3d7d3f5a,"createSaleAuction(uint256 _kittyId, uint256 _startingPrice, uint256 _endingPrice, uint256 _duration)"
5404349,1523206769,0x7138dc0d6584f2660b66c3c2847b263f2be4a45c833b98f8b9f02387c3604474,141,0x23c5f130650bd3b744c357bf8575b0019a10e0578d08195fc17e0e9b592332d4,9,0x1f4b10ffb832581ae5a975ed38eeac9f4e960bdf,0xa72cad07d7ada6124564147ec65fd0f7bbde327c,0,40000,1100000000,1,0,0x,,521551,39854,20103687,0x,
5404353,1523206849,0x2e9d6e98ca478104d9fc27d1e718c14833f7053ce22870b1ac29b97f7b5423f0,142,0x13b1a4f5401bef7117a8b86f941f30e9a8099e1d5fb43a3376686a3edcd66b19,104,0x1f4b10ffb832581ae5a975ed38eeac9f4e960bdf,0xa72cad07d7ada6124564147ec65fd0f7bbde327c,0,62290,1000000000,0,1,0x,,5286516,62290,20103683,0x,
5404353,1523206849,0xa40f30e942102ac8d1b57ad9dbbbab90f17887b158d5d3c9135efe46f022c58d,143,0x13b1a4f5401bef7117a8b86f941f30e9a8099e1d5fb43a3376686a3edcd66b19,105,0x1f4b10ffb832581ae5a975ed38eeac9f4e960bdf,0xa72cad07d7ada6124564147ec65fd0f7bbde327c,0,62290,1000000000,0,1,0x,,5333806,47290,20103683,0x,
5404353,1523206849,0xd1f0c558d2194cb6f7ce25cdc36b0fe4baa8b09f42fbe6433e2767a71e0567ee,144,0x13b1a4f5401bef7117a8b86f941f30e9a8099e1d5fb43a3376686a3edcd66b19,106,0x1f4b10ffb832581ae5a975ed38eeac9f4e960bdf,0xa72cad07d7ada6124564147ec65fd0f7bbde327c,0,62290,1000000000,0,1,0x,,5381096,47290,20103683,0x,
5404353,1523206849,0xe660abb20534c11ee004799c57e1143759f9a1d07ac9f85458221f3b5b24f8c1,145,0x13b1a4f5401bef7117a8b86f941f30e9a8099e1d5fb43a3376686a3edcd66b19,107,0x1f4b10ffb832581ae5a975ed38eeac9f4e960bdf,0xa72cad07d7ada6124564147ec65fd0f7bbde327c,0,62290,1000000000,0,1,0x,,5428386,47290,20103683,0x,
5404356,1523206906,0xef3899fc0d8b76c842030c8f043a46700f497d5a7efa23cebdc2bffbc720e334,146,0xc9b8dfc7e6fb2b6b2310633659c8681633e802df82cf06a48155f03c2498e708,97,0x1f4b10ffb832581ae5a975ed38eeac9f4e960bdf,0xe0d5ef9dbd7147e2d133aa8cb6d6c53778228e4f,0,40000,500000000,1,0,0x,,6607238,39854,20103680,0x,
5404356,1523206906,0x2f6442a52cc11ea065226e8e664efa523c5789167691b5dc91ff1a763edde3d4,147,0xc9b8dfc7e6fb2b6b2310633659c8681633e802df82cf06a48155f03c2498e708,106,0x1f4b10ffb832581ae5a975ed38eeac9f4e960bdf,0xe0d5ef9dbd7147e2d133aa8cb6d6c53778228e4f,0,62290,500000000,0,1,0x,,7611589,62290,20103680,0x,
5404356,1523206906,0x87f747588374b27daafac1d2ca6e304bf9fe602339f7f7ba01c9f72548204e70,148,0xc9b8dfc7e6fb2b6b2310633659c8681633e802df82cf06a48155f03c2498e708,111,0x1f4b10ffb832581ae5a975ed38eeac9f4e960bdf,0xe0d5ef9dbd7147e2d133aa8cb6d6c53778228e4f,0,62290,500000000,0,1,0x,,7742879,47290,20103680,0x,
5404356,1523206906,0xb9a5d1b5bd4fa8648c8147bc60c2df83ff05174cdd02316d3dbf73b1a8c0745b,149,0xc9b8dfc7e6fb2b6b2310633659c8681633e802df82cf06a48155f03c2498e708,116,0x1f4b10ffb832581ae5a975ed38eeac9f4e960bdf,0xe0d5ef9dbd7147e2d133aa8cb6d6c53778228e4f,0,62290,500000000,0,1,0x,,7874169,47290,20103680,0x,
5404358,1523206928,0x93bd66f80e25dd154a905995e9632292b260071bc300d6a0168f5835500b6bae,150,0xf93e678e5c5aba1d5aa23b6f7a92523460daff63f65e2d91d4afe3948f71f98a,29,0x1f4b10ffb832581ae5a975ed38eeac9f4e960bdf,0xe0d5ef9dbd7147e2d133aa8cb6d6c53778228e4f,0,62290,500000000,0,1,0x,,7246476,47290,20103678,0x,
5404358,1523206928,0x3edc8e97d62bcb26bc5793d15ee5454a19ccda839b62e92b9d9a1be839cd82cd,151,0xf93e678e5c5aba1d5aa23b6f7a92523460daff63f65e2d91d4afe3948f71f98a,30,0x1f4b10ffb832581ae5a975ed38eeac9f4e960bdf,0xe0d5ef9dbd7147e2d133aa8cb6d6c53778228e4f,0,62290,500000000,0,1,0x,,7293766,47290,20103678,0x,
5404358,1523206928,0x6f6c0733cd34fb225574e3f8cfe70c689fd8bae9645bd5d4ca74266fbcdad33f,152,0xf93e678e5c5aba1d5aa23b6f7a92523460daff63f65e2d91d4afe3948f71f98a,31,0x1f4b10ffb832581ae5a975ed38eeac9f4e960bdf,0xe0d5ef9dbd7147e2d133aa8cb6d6c53778228e4f,0,62290,500000000,0,1,0x,,7341056,47290,20103678,0x,
5404358,1523206928,0xfcae9c7f5ccb07580f5ec92547d955eef7a4e45e44f78ed5d9c624236443206a,153,0xf93e678e5c5aba1d5aa23b6f7a92523460daff63f65e2d91d4afe3948f71f98a,32,0x1f4b10ffb832581ae5a975ed38eeac9f4e960bdf,0xe0d5ef9dbd7147e2d133aa8cb6d6c53778228e4f,0,62290,500000000,0,1,0x,,7388346,47290,20103678,0x,
5404358,1523206928,0xb7626247d026fc1fb5b9deee7c3d7365b731590a5679e4e877cce379ab497daa,154,0xf93e678e5c5aba1d5aa23b6f7a92523460daff63f65e2d91d4afe3948f71f98a,33,0x1f4b10ffb832581ae5a975ed38eeac9f4e960bdf,0xe0d5ef9dbd7147e2d133aa8cb6d6c53778228e4f,0,62290,1000000000,0,1,0x,,7435636,47290,20103678,0x,
5404358,1523206928,0xeb5da7ef3dfb3c1521f258aad6279881c845ae68fa7c4c20f5802fbd539dc5b3,155,0xf93e678e5c5aba1d5aa23b6f7a92523460daff63f65e2d91d4afe3948f71f98a,34,0x1f4b10ffb832581ae5a975ed38eeac9f4e960bdf,0xe0d5ef9dbd7147e2d133aa8cb6d6c53778228e4f,0,62290,1000000000,0,1,0x,,7482926,47290,20103678,0x,
5404359,1523206960,0xf8294f94fc58f0678bd67758068471419f23e1a9791241721da6c3133526f699,156,0x4bfdd9a9f11abab90b811cc0013fec1899ec7bac72267eda65e22e6abb7eeb32,62,0x1f4b10ffb832581ae5a975ed38eeac9f4e960bdf,0xe0d5ef9dbd7147e2d133aa8cb6d6c53778228e4f,0,62290,1000000000,0,1,0x,,3099745,47290,20103677,0x,
5404829,1523213527,0x95bc934adb98b919c96d0e58b8430d2af8749ba75b738bd4030cbf0d4f33be8f,157,0x7a394ba4fe18069838fb6307e394ec0d0f760d0a727a997e4cc9d2039be62f71,83,0x1f4b10ffb832581ae5a975ed38eeac9f4e960bdf,0xe0d5ef9dbd7147e2d133aa8cb6d6c53778228e4f,0,47290,100000000,0,1,0x,,7978248,47290,20103207,0x,
5405038,1523216465,0x496cf01272683067da750ceacaf9063e27085fb02dab9d8dc48e6bf6f7aab883,158,0xae313c4c742350d00d5ecd326a9034b6631c302f320a0fec5fc5fae814210096,66,0x1f4b10ffb832581ae5a975ed38eeac9f4e960bdf,0xb1690c08e213a35ed9bab7b318de14420fb57d8c,0,85000,1000000000,0,1,0x96b5a75500000000000000000000000000000000000000000000000000000000000a14c9,,3043694,36389,20102998,0x96b5a755,cancelAuction(uint256 _tokenId)
5405087,1523217113,0x26f3ba0c6f05c4f1d648e223dfc47e0fa6c96c86f0111a2d4d37ae82e31ed4b8,159,0xf91158b868adbce8acb3ceb3ef717b0070674e44eccb3721b8ae8bd5cefddee7,49,0x1f4b10ffb832581ae5a975ed38eeac9f4e960bdf,0xb1690c08e213a35ed9bab7b318de14420fb57d8c,0,80000,600000000,0,1,0x96b5a755000000000000000000000000000000000000000000000000000000000008ff82,,6353083,36389,20102949,0x96b5a755,cancelAuction(uint256 _tokenId)
5405117,1523217508,0x1210c1886920b6f21b89558bb29838dc7d38be3dfc9772946a503694abdfa234,160,0x2138832646e0ba1a08efc6f2dc13672c99f21500a408699d068f1988378c68f7,51,0x1f4b10ffb832581ae5a975ed38eeac9f4e960bdf,0x06012c8cf97bead5deae237070f9587f8e7a266d,0,100000,400000000,1,0,0x3d7d3f5a000000000000000000000000000000000000000000000000000000000008ff82000000000000000000000000000000000000000000000000001ff973cafa8000000000000000000000000000000000000000000000000000001c6bf526340000000000000000000000000000000000000000000000000000000000000002a300,,6604848,99207,20102919,0x3d7d3f5a,"createSaleAuction(uint256 _kittyId, uint256 _startingPrice, uint256 _endingPrice, uint256 _duration)"
5405122,1523217524,0x5c9f5b34eac9e0551992c375da3167bd10ada780eb3d1f97d1603015cf6e1dab,161,0x29e57aedb31b9e96276a84404f6a02845e96ab2771661081ac854ed5fb4a2489,32,0x1f4b10ffb832581ae5a975ed38eeac9f4e960bdf,0xe0d5ef9dbd7147e2d133aa8cb6d6c53778228e4f,0,47290,100000000,0,1,0x,,8001427,47290,20102914,0x,
5405752,1523226750,0x6f9096de050cf1352fcf96889d4b542ae82e88b501366f821fe9b83f3394e2a8,1377,0xcf42a67a6b815be9d46c062fa954de6ca35ec8397960513a3c402c2266197e30,100,0xee84e9f45d7f16e1215ccbac8095f9e1c6b039c9,0x1f4b10ffb832581ae5a975ed38eeac9f4e960bdf,5500000000000000,21000,1000000000,0,1,0x,,7090747,21000,20102284,0x,
5405764,1523226877,0x237a49f1c25ecd572b69dcc284a36e71c05047cec7388cf9a68eb577d68b7038,162,0xefef646384ba379d15585daec80b29e0825a0b5ea09cf8ef53a1e6b45890b835,99,0x1f4b10ffb832581ae5a975ed38eeac9f4e960bdf,0xe0d5ef9dbd7147e2d133aa8cb6d6c53778228e4f,0,55000,100000000,0,1,0x,,7970769,47290,20102272,0x,
5405767,1523226901,0x5783eb8faec420176549ba99570ebd6eed3455550eef0cc4b69e0d62b821daaf,163,0x5455d885e52e92650adbfc7461cfcb818312f24e6ea380ae4b0be2f64fbd7044,62,0x1f4b10ffb832581ae5a975ed38eeac9f4e960bdf,0xe0d5ef9dbd7147e2d133aa8cb6d6c53778228e4f,0,47290,100000000,0,1,0x,,7994007,47290,20102269,0x,
5405769,1523226928,0xf8842f631bfdc4b3b3e171a106597df6279e184d365389a72c33a9e82c8484d8,164,0xc0f554068ceddd5dd172b9870bbaaab09d24c3bab6c43dd9d082ba7dc3ca76f8,66,0x1f4b10ffb832581ae5a975ed38eeac9f4e960bdf,0x6b6220677b93e8fc9dc3ffe582e481b7a56c79a9,5000000000000000,160000,1000000000,0,1,0x44dc4dec00000000000000000000000000000000000000000000000000000000000a1668,,4653495,143230,20102267,0x44dc4dec,registerForRace(uint256 _kittyId)
5405777,1523227030,0xaf8ecd8e438d9820e83a3dcc3bda59f5687f5aa55cc2dd8d0c3e5befb6428ea9,165,0x98d0e4d761e4e9f9b507af90fa4ce61f8fad071fa812b8a0212dfb9966ec4c35,77,0x1f4b10ffb832581ae5a975ed38eeac9f4e960bdf,0xe0d5ef9dbd7147e2d133aa8cb6d6c53778228e4f,0,47290,400000000,0,1,0x,,6621997,47290,20102259,0x,
5405777,1523227030,0x3e70e22dd0243c49545afd31e46337fea3eb4a37b4bfa706c6774c5c025f8889,166,0x98d0e4d761e4e9f9b507af90fa4ce61f8fad071fa812b8a0212dfb9966ec4c35,89,0x1f4b10ffb832581ae5a975ed38eeac9f4e960bdf,0xe0d5ef9dbd7147e2d133aa8cb6d6c53778228e4f,0,47290,400000000,0,1,0x,,7545835,47290,20102259,0x,
5405777,1523227030,0x8d0d120a1e8ab9c57b502bf06c6f48507bd0390553d0bbf05dc0fba7b07cc7d6,167,0x98d0e4d761e4e9f9b507af90fa4ce61f8fad071fa812b8a0212dfb9966ec4c35,97,0x1f4b10ffb832581ae5a975ed38eeac9f4e960bdf,0xe0d5ef9dbd7147e2d133aa8cb6d6c53778228e4f,0,47290,400000000,0,1,0x,,7979207,47290,20102259,0x,
5405805,1523227426,0xd5b03ccbfd389cee65201b11aa0b2249959c5385f8f85e9ea6d9abc84df29552,168,0xb4a19f56c991b516dca4511728f79ee7cddd39124831cea694da2d6962279349,10,0x1f4b10ffb832581ae5a975ed38eeac9f4e960bdf,0xe0d5ef9dbd7147e2d133aa8cb6d6c53778228e4f,0,47290,500000000,0,1,0x,,7026356,47290,20102231,0x,
5405805,1523227426,0x8ee040f8efb341ecbfa826a4ce34a2e4052e89563a7bc1fb802227b5761db5ee,169,0xb4a19f56c991b516dca4511728f79ee7cddd39124831cea694da2d6962279349,12,0x1f4b10ffb832581ae5a975ed38eeac9f4e960bdf,0xe0d5ef9dbd7147e2d133aa8cb6d6c53778228e4f,0,47290,500000000,0,1,0x,,7816790,47290,20102231,0x,
5405806,1523227437,0x35c0ce00be80e0db7ad2c13f32c64109c99bf0739346223e73e2f87f15c8391a,170,0xe45329dd777a626b67fec91ff24b124fcf0ded6d07fbcc30805d78829d1c2a45,111,0x1f4b10ffb832581ae5a975ed38eeac9f4e960bdf,0xe0d5ef9dbd7147e2d133aa8cb6d6c53778228e4f,0,47290,1000000000,0,1,0x,,3629931,47290,20102230,0x,
5405837,1523227820,0xf6cf1703c0d07467457d4ea26d3d6c4d9656bce477aacffd3bda86326b665672,171,0x4d2f19de0346a85af48f4a8ebbcff9ad21625df40a1635f49fd0bd1c7e88948a,32,0x1f4b10ffb832581ae5a975ed38eeac9f4e960bdf,0x6b6220677b93e8fc9dc3ffe582e481b7a56c79a9,5000000000000000,160000,4000000000,0,1,0x44dc4dec00000000000000000000000000000000000000000000000000000000000a1668,,1221748,102483,20102199,0x44dc4dec,registerForRace(uint256 _kittyId)
5405859,1523228123,0xa6a1b289435bf1b59101856955cb2517771fe600ac486b2a71d7e1a2e8ff799f,172,0x0c351110c2be733f7e950ee4ad3883b434b603ca43787d51540ff2c13bee10bc,56,0x1f4b10ffb832581ae5a975ed38eeac9f4e960bdf,0x06012c8cf97bead5deae237070f9587f8e7a266d,0,235411,1000000000,0,1,0x3d7d3f5a000000000000000000000000000000000000000000000000000000000008ff8200000000000000000000000000000000000000000000000000354a6ba7a18000000000000000000000000000000000000000000000000000002386f26fc10000000000000000000000000000000000000000000000000000000000000002a300,,2508981,140276,20102177,0x3d7d3f5a,"createSaleAuction(uint256 _kittyId, uint256 _startingPrice, uint256 _endingPrice, uint256 _duration)"
5405900,1523228756,0xe9aba67970982ee14db8b00a104b7cbd3b97e906bc8fc72b0ebe91f086664fee,173,0x6af97f8e9bc95e25599237e41bb38e1642536e5626bd987e4354d6f8472d360e,44,0x1f4b10ffb832581ae5a975ed38eeac9f4e960bdf,0xb1690c08e213a35ed9bab7b318de14420fb57d8c,2022555606611200,135963,1600000000,0,1,0x454a2ab300000000000000000000000000000000000000000000000000000000000a2ffc,,1632337,45508,20102136,0x454a2ab3,bid(uint256 _tokenId)
5405929,1523229268,0x1f8ba8d374a6cc3919b707c1fb799623513eac18cf7c28b3e281b2c5b7b6d9d8,174,0x6fc7252e2bd2542fc4dd6f584b6ddced63f89b47d2ab7b7daa59353c8fcdef38,62,0x1f4b10ffb832581ae5a975ed38eeac9f4e960bdf,0x06012c8cf97bead5deae237070f9587f8e7a266d,0,235315,1002000000,0,1,0x3d7d3f5a00000000000000000000000000000000000000000000000000000000000a2ffc000000000000000000000000000000000000000000000000000e35fa931a000000000000000000000000000000000000000000000000000000071afd498d00000000000000000000000000000000000000000000000000000000000000054600,,1922448,140212,20102107,0x3d7d3f5a,"createSaleAuction(uint256 _kittyId, uint256 _startingPrice, uint256 _endingPrice, uint256 _duration)"
5405933,1523229317,0xe86ffbff74ab9f2a698387e5121c2a1d7e0d6a2a50a29007b8647d3f9bfb65da,175,0xc8c6c21fc6b5cc578eb6ac6fe72007f5446a7f6a05a7314630e8393dabe70b86,48,0x1f4b10ffb832581ae5a975ed38eeac9f4e960bdf,0x06012c8cf97bead5deae237070f9587f8e7a266d,0,150000,1000000000,1,0,0x3d7d3f5a0000000000000000000000000000000000000000000000000000000000083e98000000000000000000000000000000000000000000000000008e1bc9bf040000000000000000000000000000000000000000000000000000006a94d74f430000000000000000000000000000000000000000000000000000000000000002a300,,1666827,148424,20102103,0x3d7d3f5a,"createSaleAuction(uint256 _kittyId, uint256 _startingPrice, uint256 _endingPrice, uint256 _duration)"
5405964,1523229719,0xade47528e4895360168009f46dd7ca3618ababca5ae3eb9af884213cae56e18b,176,0x56624b8e473b0278cc3d93468b1c443583f72c2a916f1e1b773a69bfb06e5d2b,47,0x1f4b10ffb832581ae5a975ed38eeac9f4e960bdf,0xb1690c08e213a35ed9bab7b318de14420fb57d8c,2000000000000000,125913,1000000000,0,1,0x454a2ab300000000000000000000000000000000000000000000000000000000000958d9,,1691406,41904,20102072,0x454a2ab3,bid(uint256 _tokenId)
5405983,1523229954,0xf81f860cd5e2afd00059f4cd9194410cfe8eacc7a0c9673b32637ba1dafd8480,177,0x920bd6df94e2cb06c8118fd99c6b5ca444cc6a3cf71073db2c2065967effce84,105,0x1f4b10ffb832581ae5a975ed38eeac9f4e960bdf,0x06012c8cf97bead5deae237070f9587f8e7a266d,0,235411,600000000,0,1,0x3d7d3f5a00000000000000000000000000000000000000000000000000000000000958d9000000000000000000000000000000000000000000000000000aa87bee53800000000000000000000000000000000000000000000000000000071afd498d00000000000000000000000000000000000000000000000000000000000000054600,,6788139,140276,20102053,0x3d7d3f5a,"createSaleAuction(uint256 _kittyId, uint256 _startingPrice, uint256 _endingPrice, uint256 _duration)"
5406005,1523230280,0xb696dd4ac349239908daebb9b87c65ad2413f9252cb8644e4513403b7a1bcfb6,178,0x9da2d4d1af0ccfc2e0094c582e46efd5789d140e5bc32a39095688727187eb69,29,0x1f4b10ffb832581ae5a975ed38eeac9f4e960bdf,0x06012c8cf97bead5deae237070f9587f8e7a266d,0,235507,600000000,0,1,0x3d7d3f5a0000000000000000000000000000000000000000000000000000000000083e98000000000000000000000000000000000000000000000000009fdf42f6e48000000000000000000000000000000000000000000000000000006a94d74f4300000000000000000000000000000000000000000000000000000000000000093a80,,2830838,140340,20102031,0x3d7d3f5a,"createSaleAuction(uint256 _kittyId, uint256 _startingPrice, uint256 _endingPrice, uint256 _duration)"
5406012,1523230383,0x9940baef17c0450c63369fb6a98bc99b11bc2de24c77f7721de8e6cc74c72cd7,179,0x09b5aae18189fe8a53cff5ddd66d76000d575872b9b7b581e55f57c25735caa2,49,0x1f4b10ffb832581ae5a975ed38eeac9f4e960bdf,0x06012c8cf97bead5deae237070f9587f8e7a266d,0,81568,600000000,0,1,0xa9059cbb0000000000000000000000009b9dc094864ac3af072a85e0b4fd61895538ef4100000000000000000000000000000000000000000000000000000000000a1668,,4132815,54379,20102024,0xa9059cbb,"transfer(address _to, uint256 _value)"
5406026,1523230563,0x29b24184d2f5f020c451cf10586e9031b7dd63e22eb0024227dfd2f2684f38ee,180,0x23d12d74eff5c3523fe3797f8acd8fe8f11c69090ae7af39b9ec5d2b22db0bf2,93,0x1f4b10ffb832581ae5a975ed38eeac9f4e960bdf,0xb1690c08e213a35ed9bab7b318de14420fb57d8c,2000000000000000,125913,1000000000,0,1,0x454a2ab300000000000000000000000000000000000000000000000000000000000982d5,,3455290,41904,20102010,0x454a2ab3,bid(uint256 _tokenId)
5406035,1523230688,0xc00d6dc66492344ce08b2db3757b0e64c1c875c314263865b046ebcfb8dc8305,181,0xdbb1ef511b57eec4dc23e3684a073db3ae2f4603f15b0243f3a03994695abd2f,35,0x1f4b10ffb832581ae5a975ed38eeac9f4e960bdf,0x06012c8cf97bead5deae237070f9587f8e7a266d,0,125000,600000000,1,0,0x3d7d3f5a00000000000000000000000000000000000000000000000000000000000982d5000000000000000000000000000000000000000000000000000aa87bee53800000000000000000000000000000000000000000000000000000071afd498d00000000000000000000000000000000000000000000000000000000000000054600,,2891626,123816,20102001,0x3d7d3f5a,"createSaleAuction(uint256 _kittyId, uint256 _startingPrice, uint256 _endingPrice, uint256 _duration)"
5406037,1523230758,0x2f05d879cbe7a600e6567ce734ea4e2bbb00584a6c2573468293cc64d8b5b761,1587,0x60f72ae792130ffad6187482bf098665eea9851a639734660c2e057b5fa7203e,92,0xa6518bee322af13ba71c471b3527416ed08ad2a4,0x1f4b10ffb832581ae5a975ed38eeac9f4e960bdf,2000000000000000,21000,1000000000,0,1,0x,,3848265,21000,20101999,0x,
5406049,1523230975,0x641aa9c2a95f3d3a4df859012fb753597ef58bd64ed6148d562f6c381960febe,182,0x7266647dd5300b94d1db9faa2ed398fbf23245bda2e49bbc7f3274cd360a416d,26,0x1f4b10ffb832581ae5a975ed38eeac9f4e960bdf,0x06012c8cf97bead5deae237070f9587f8e7a266d,0,150000,700000000,1,0,0x3d7d3f5a00000000000000000000000000000000000000000000000000000000000a14c9000000000000000000000000000000000000000000000000001c6bf5263400000000000000000000000000000000000000000000000000000011c37937e080000000000000000000000000000000000000000000000000000000000000054600,,4069818,148425,20101987,0x3d7d3f5a,"createSaleAuction(uint256 _kittyId, uint256 _startingPrice, uint256 _endingPrice, uint256 _duration)"
5406050,1523230985,0xba55bb3dfd28ab22b34dd76176b77d689a985d984ede642a6a0116f25d7a9126,183,0xb28d365e7f9737716e4a8ae3f0bd0625c2fafaa988242629562ffb4f873f7704,47,0x1f4b10ffb832581ae5a975ed38eeac9f4e960bdf,0xb1690c08e213a35ed9bab7b318de14420fb57d8c,2000000000000000,125913,800000000,0,1,0x454a2ab300000000000000000000000000000000000000000000000000000000000955f5,,1535001,41904,20101986,0x454a2ab3,bid(uint256 _tokenId)
5406065,1523231254,0x1df080832fcb820768eeec5fa9b684bae36818e5b1b67e31dc6acd8cf525abfd,184,0x488858274d6f56f7c527b38008913d92bbe93ec67fb25a9fdf21ca50816c6af7,21,0x1f4b10ffb832581ae5a975ed38eeac9f4e960bdf,0x06012c8cf97bead5deae237070f9587f8e7a266d,0,150000,700000000,1,0,0x3d7d3f5a00000000000000000000000000000000000000000000000000000000000955f5000000000000000000000000000000000000000000000000000aa87bee53800000000000000000000000000000000000000000000000000000071afd498d00000000000000000000000000000000000000000000000000000000000000054600,,3536979,148425,20101971,0x3d7d3f5a,"createSaleAuction(uint256 _kittyId, uint256 _startingPrice, uint256 _endingPrice, uint256 _duration)"
5406074,1523231395,0x8015aa29041171c054a6a6cbb4c40bef36c0c3eb3e436644cf02ba126e776d1b,185,0x6fcbdb92c3c56238f84e70836948695000b43776dbb2a0114b1b36a31cd9d599,47,0x1f4b10ffb832581ae5a975ed38eeac9f4e960bdf,0x06012c8cf97bead5deae237070f9587f8e7a266d,0,200000,500000000,0,1,0x3d7d3f5a00000000000000000000000000000000000000000000000000000000000955f5000000000000000000000000000000000000000000000000000aa87bee53800000000000000000000000000000000000000000000000000000071afd498d00000000000000000000000000000000000000000000000000000000000000054600,,6149864,140276,20101962,0x3d7d3f5a,"createSaleAuction(uint256 _kittyId, uint256 _startingPrice, uint256 _endingPrice, uint256 _duration)"
5406095,1523231678,0x38133018cb210bb491a6db6a676651ea3e0c150dd29b7080c657ac75481e73b0,186,0x0a219c010d528b68f166b889acab2db591b0f003fc40c874add28f2c3077f992,40,0x1f4b10ffb832581ae5a975ed38eeac9f4e960bdf,0x06012c8cf97bead5deae237070f9587f8e7a266d,0,200000,800000000,0,1,0x3d7d3f5a00000000000000000000000000000000000000000000000000000000000982d5000000000000000000000000000000000000000000000000000e35fa931a000000000000000000000000000000000000000000000000000000071afd498d00000000000000000000000000000000000000000000000000000000000000054600,,2253974,140212,20101941,0x3d7d3f5a,"createSaleAuction(uint256 _kittyId, uint256 _startingPrice, uint256 _endingPrice, uint256 _duration)"
5406109,1523231863,0x351560f582a7c72c2aaf1a406a449917077302b9efaf36e84f1bf14ec158a5a0,187,0x8a6d4f393f74f2995f397b342b71637f98bdd897d4ba7f30123303ef6258fa85,22,0x1f4b10ffb832581ae5a975ed38eeac9f4e960bdf,0x06012c8cf97bead5deae237070f9587f8e7a266d,0,200000,900000000,0,1,0x3d7d3f5a00000000000000000000000000000000000000000000000000000000000a14c90000000000000000000000000000000000000000000000000018de76816d8000000000000000000000000000000000000000000000000000000e35fa931a00000000000000000000000000000000000000000000000000000000000000069780,,1910752,140340,20101927,0x3d7d3f5a,"createSaleAuction(uint256 _kittyId, uint256 _startingPrice, uint256 _endingPrice, uint256 _duration)"
5406121,1523232049,0x34b7d851a6009dafec3009cfa6ee96507f1ef46c75afdd5af84cb65c46399d45,188,0xfc3ca7b77bb42a1cb0f63f4f2b816332953efadfd0acf2b168c2c1f28471c887,42,0x1f4b10ffb832581ae5a975ed38eeac9f4e960bdf,0x06012c8cf97bead5deae237070f9587f8e7a266d,0,235507,1000000000,0,1,0x3d7d3f5a000000000000000000000000000000000000000000000000000000000001de990000000000000000000000000000000000000000000000000de0b6b3a764000000000000000000000000000000000000000000000000000010a741a46278000000000000000000000000000000000000000000000000000000000000000d2f00,,2039559,140340,20101915,0x3d7d3f5a,"createSaleAuction(uint256 _kittyId, uint256 _startingPrice, uint256 _endingPrice, uint256 _duration)"
5406130,1523232304,0x1563288d76da70f502ff51970852c6d3c828a4cfb2e062fb5a9face24943a887,8,0x4f2d6b70e486b1086aafc612baa57a1919ba9782125fc9387170479b73158e94,63,0x973593c3a304f5bd54e3eb7a7416977dca7acbef,0x1f4b10ffb832581ae5a975ed38eeac9f4e960bdf,9000000000000000,21000,2100000000,0,1,0x,,2181279,21000,20101906,0x,
5406135,1523232375,0x70f6b5c95260668ece35d6b83c8831cf7b07930c5765e461f3aaa14193b696da,189,0x97a950b1235eeb09f41db3006257d242e4116ccb8dcaf5f082c2db17385db32c,122,0x1f4b10ffb832581ae5a975ed38eeac9f4e960bdf,0xb1690c08e213a35ed9bab7b318de14420fb57d8c,0,109165,1000000000,0,1,0x96b5a755000000000000000000000000000000000000000000000000000000000008ff82,,6207217,36389,20101901,0x96b5a755,cancelAuction(uint256 _tokenId)
5406140,1523232471,0xbbf82bd078c598c5b9c2a2e79c588aca8cd56352ba71881eafde4edf1fc8952e,190,0xb31704a29b8965be5163d6d6d7d244601afe30f392387c3b0efdc83f4a90c38c,113,0x1f4b10ffb832581ae5a975ed38eeac9f4e960bdf,0xb1690c08e213a35ed9bab7b318de14420fb57d8c,0,109165,1000000000,0,1,0x96b5a755000000000000000000000000000000000000000000000000000000000008c2ee,,4858003,36389,20101896,0x96b5a755,cancelAuction(uint256 _tokenId)
5406143,1523232523,0x4bb4c991fe072c959a6cef7fc1e10cab8cda3b588c1e527e8e1d1773254a4b6c,191,0x96ff56a86c3bf60f283b73f5bf04e1f88f42b18997a05f0660dc4646b017f663,90,0x1f4b10ffb832581ae5a975ed38eeac9f4e960bdf,0x06012c8cf97bead5deae237070f9587f8e7a266d,0,81568,1000000000,0,1,0xa9059cbb000000000000000000000000973593c3a304f5bd54e3eb7a7416977dca7acbef000000000000000000000000000000000000000000000000000000000008ff82,,6612816,54379,20101893,0xa9059cbb,"transfer(address _to, uint256 _value)"
5406155,1523232635,0x8ed9a18d44bb8072728cf4477b4d3dd327900f442f4ef98398147a8d01ba2b40,192,0x386903f9cc661494b9b26d27671702a1348e161adf5d33e3c3a100bd9e5286cc,45,0x1f4b10ffb832581ae5a975ed38eeac9f4e960bdf,0x06012c8cf97bead5deae237070f9587f8e7a266d,0,81568,1000000000,0,1,0xa9059cbb000000000000000000000000973593c3a304f5bd54e3eb7a7416977dca7acbef000000000000000000000000000000000000000000000000000000000008c2ee,,2645400,54379,20101881,0xa9059cbb,"transfer(address _to, uint256 _value)"
5406176,1523233009,0xf7382aa3d18769dfc9b4d25da3043f50b0be4534464430ec16bd0647210189d7,193,0x0f9f9e0d9c4abf7c85b0c814fcb4eec14602f63573ce3101f93929a5f2253005,25,0x1f4b10ffb832581ae5a975ed38eeac9f4e960bdf,0xb1690c08e213a35ed9bab7b318de14420fb57d8c,2000000000000000,125913,3000000000,0,1,0x454a2ab3000000000000000000000000000000000000000000000000000000000009518b,,901302,41904,20101860,0x454a2ab3,bid(uint256 _tokenId)
5406188,1523233183,0xecc0657098a8c88d75ea26a60e908e2c4e3dc5d67cb05eed6847ecdf02ff29e6,194,0x9a23277a4fbe03c6126cde95f532362a072c543997c7468be209779f2a8c0697,26,0x1f4b10ffb832581ae5a975ed38eeac9f4e960bdf,0x06012c8cf97bead5deae237070f9587f8e7a266d,0,180000,1000000000,0,1,0x3d7d3f5a000000000000000000000000000000000000000000000000000000000009518b000000000000000000000000000000000000000000000000000aa87bee53800000000000000000000000000000000000000000000000000000071afd498d00000000000000000000000000000000000000000000000000000000000000054600,,2300099,140276,20101848,0x3d7d3f5a,"createSaleAuction(uint256 _kittyId, uint256 _startingPrice, uint256 _endingPrice, uint256 _duration)"
5406276,1523234585,0x40ed723c443b28d1ed075d2275e3ccd14720e94f890906010ebee3f9686265e0,195,0xc30468a6824cc6a90953c878dea947e751dfb14b8bcedb8ca89b8a51bf018243,168,0x1f4b10ffb832581ae5a975ed38eeac9f4e960bdf,0xb1690c08e213a35ed9bab7b318de14420fb57d8c,3000000000000000,125815,1000000000,0,1,0x454a2ab3000000000000000000000000000000000000000000000000000000000008a4db,,6325698,41872,20101760,0x454a2ab3,bid(uint256 _tokenId)
5406290,1523234797,0x9264ad944ff56b5613e7c36ddb1de85fc641cb0d824286b2b92a510b08facebb,196,0x2455c8ce61e81881da942969a2709749e19be2a23d7f126639c5189583ff2643,66,0x1f4b10ffb832581ae5a975ed38eeac9f4e960bdf,0xb1690c08e213a35ed9bab7b318de14420fb57d8c,2000000000000000,125913,1000000000,0,1,0x454a2ab30000000000000000000000000000000000000000000000000000000000095b55,,3278150,41904,20101746,0x454a2ab3,bid(uint256 _tokenId)
5406291,1523234807,0x4dbc5140f13de4a25157adc02a320670a94de96a0dd571387ee702623afda6f0,197,0x3efff7d748aac410cec9f91ff18a029fa6011513403fccaa33c27db08fbb6ed1,39,0x1f4b10ffb832581ae5a975ed38eeac9f4e960bdf,0xb1690c08e213a35ed9bab7b318de14420fb57d8c,2000000000000000,125913,1000000000,0,1,0x454a2ab300000000000000000000000000000000000000000000000000000000000a177b,,2426657,41904,20101745,0x454a2ab3,bid(uint256 _tokenId)
5406612,1523239284,0x55d199931989b85ffaa780a03291bf3b257b67c4f2e65d695b8ceb638c5ee85e,198,0xb65e26552d12aed6db8f16699780a2d22ff5a1606cfbea49b04c61b3babff0c9,18,0x1f4b10ffb832581ae5a975ed38eeac9f4e960bdf,0x06012c8cf97bead5deae237070f9587f8e7a266d,0,235315,800000000,0,1,0x3d7d3f5a00000000000000000000000000000000000000000000000000000000000a177b000000000000000000000000000000000000000000000000000e35fa931a000000000000000000000000000000000000000000000000000000071afd498d00000000000000000000000000000000000000000000000000000000000000054600,,2952034,140212,20101424,0x3d7d3f5a,"createSaleAuction(uint256 _kittyId, uint256 _startingPrice, uint256 _endingPrice, uint256 _duration)"
5406622,1523239435,0x4068cd3464f0e55f1cbaa845c101469f222f905225c8c248fae28b68c1a7f1ed,199,0x204b39949019590826486c4bfc79031d03f47287e8b4eca8ee69425d09d40897,63,0x1f4b10ffb832581ae5a975ed38eeac9f4e960bdf,0x06012c8cf97bead5deae237070f9587f8e7a266d,0,235411,800000000,0,1,0x3d7d3f5a0000000000000000000000000000000000000000000000000000000000095b55000000000000000000000000000000000000000000000000000aa87bee53800000000000000000000000000000000000000000000000000000071afd498d00000000000000000000000000000000000000000000000000000000000000054600,,3097021,140276,20101414,0x3d7d3f5a,"createSaleAuction(uint256 _kittyId, uint256 _startingPrice, uint256 _endingPrice, uint256 _duration)"
5406628,1523239534,0x91790582fa6c440534c5b7d3bd1210eb6b4ee94f3d4eb5c8dc5bb0b7d6b51071,200,0x1c4a50d4bf6d64bd4758a57605a30af9e5c9d8e4a916fc9515b36a9dbaec8002,133,0x1f4b10ffb832581ae5a975ed38eeac9f4e960bdf,0x06012c8cf97bead5deae237070f9587f8e7a266d,0,235315,1000000000,1,0,0x3d7d3f5a0000000000000000000000000000000000000000000000000000000000095b55000000000000000000000000000000000000000000000000000e35fa931a000000000000000000000000000000000000000000000000000000071afd498d00000000000000000000000000000000000000000000000000000000000000054600,,6891184,24059,20101408,0x3d7d3f5a,"createSaleAuction(uint256 _kittyId, uint256 _startingPrice, uint256 _endingPrice, uint256 _duration)"
5406633,1523239595,0x4a663240492a67fcab078622e9b46141ba8329caa89b7a3bcaa18b38f3926651,201,0x64cca4493de9c3f889e9f465a6d285295a089473bdc94e943261d596fd90d333,83,0x1f4b10ffb832581ae5a975ed38eeac9f4e960bdf,0x06012c8cf97bead5deae237070f9587f8e7a266d,0,235603,1000000000,0,1,0x3d7d3f5a000000000000000000000000000000000000000000000000000000000008a4db0000000000000000000000000000000000000000000000000011c37937e080000000000000000000000000000000000000000000000000000011c37937e080000000000000000000000000000000000000000000000000000000000000093a80,,5449095,140404,20101403,0x3d7d3f5a,"createSaleAuction(uint256 _kittyId, uint256 _startingPrice, uint256 _endingPrice, uint256 _duration)"
5406663,1523240063,0x0e7d6d2331f5c933b02c24591eaed639405c9e67a11c08bcd528dcfb343946c1,202,0xe3987669debb09b7d56f4677ef6c8a0c43aac7e2bcfd0f0bf3b0cc37d246bba9,90,0x1f4b10ffb832581ae5a975ed38eeac9f4e960bdf,0xb1690c08e213a35ed9bab7b318de14420fb57d8c,2022966944297456,135963,1000000000,0,1,0x454a2ab3000000000000000000000000000000000000000000000000000000000008e19b,,6036604,45508,20101373,0x454a2ab3,bid(uint256 _tokenId)
5406685,1523240458,0x62d2e940f2249790c4fbacda537817781678d98e5bf0f5a3dcb6e5006dc7b915,203,0xadd86e379eccd700f973b2e7e36c7fb562cc1ffd2daac484be37490ac073ed5a,65,0x1f4b10ffb832581ae5a975ed38eeac9f4e960bdf,0x06012c8cf97bead5deae237070f9587f8e7a266d,0,235411,800000000,0,1,0x3d7d3f5a000000000000000000000000000000000000000000000000000000000008e19b000000000000000000000000000000000000000000000000000aa87bee53800000000000000000000000000000000000000000000000000000071afd498d00000000000000000000000000000000000000000000000000000000000000054600,,2828204,140276,20101351,0x3d7d3f5a,"createSaleAuction(uint256 _kittyId, uint256 _startingPrice, uint256 _endingPrice, uint256 _duration)"
5406703,1523240793,0x0cb57de9c6042d45975127094bbfc96871da9604f7f49ec79344da0744905647,204,0xb37260312aab3bb9e2d92660d465c2ce1a36b49bf13b601ceb3486a6b4d6b955,66,0x1f4b10ffb832581ae5a975ed38eeac9f4e960bdf,0xb1690c08e213a35ed9bab7b318de14420fb57d8c,0,109165,1100000000,0,1,0x96b5a755000000000000000000000000000000000000000000000000000000000001de99,,2297409,36389,20101333,0x96b5a755,cancelAuction(uint256 _tokenId)
5406713,1523240889,0xa9aa0733aed450ce004ce531233c244737b57967225230a13a2c78146480bc37,205,0x1b6f0dc770b368aca29d49ad23233050a9fbba94837c538e876c24c525f59d2e,172,0x1f4b10ffb832581ae5a975ed38eeac9f4e960bdf,0x06012c8cf97bead5deae237070f9587f8e7a266d,0,150000,1000000000,1,0,0x3d7d3f5a000000000000000000000000000000000000000000000000000000000001de99000000000000000000000000000000000000000000000000002386f26fc10000000000000000000000000000000000000000000000000000002386f26fc1000000000000000000000000000000000000000000000000000000000000000d2f00,,6802673,148424,20101323,0x3d7d3f5a,"createSaleAuction(uint256 _kittyId, uint256 _startingPrice, uint256 _endingPrice, uint256 _duration)"
5409149,1523275880,0xf014b28c0e99355d2a7e79c75e45e0f04b08bd50fac2d27b6d36843781a5a69d,206,0x0d275f78a30d437029c48195ba8eef9c8f292ead4fec8a555918833e542eee03,87,0x1f4b10ffb832581ae5a975ed38eeac9f4e960bdf,0x06012c8cf97bead5deae237070f9587f8e7a266d,0,150000,1000000000,1,0,0x4ad8c938000000000000000000000000000000000000000000000000000000000001de99000000000000000000000000000000000000000000000000000aa87bee53800000000000000000000000000000000000000000000000000000071afd498d00000000000000000000000000000000000000000000000000000000000000054600,,6283750,148440,20098887,0x4ad8c938,"createSiringAuction(uint256 _kittyId, uint256 _startingPrice, uint256 _endingPrice, uint256 _duration)"
5409168,1523276194,0xf59931d01f38bda5f7a7459a2d3a04256f0dcc9fc8a3071772e77379313b274d,207,0x4810c17ae269734546b855e9f6fde2a4292cfdff7a631193675d86fc3f8a376b,189,0x1f4b10ffb832581ae5a975ed38eeac9f4e960bdf,0x06012c8cf97bead5deae237070f9587f8e7a266d,0,200000,1000000000,0,1,0x3d7d3f5a000000000000000000000000000000000000000000000000000000000001de99000000000000000000000000000000000000000000000000000e35fa931a000000000000000000000000000000000000000000000000000000071afd498d0000000000000000000000000000000000000000000000000000000000000001fa40,,7838473,140276,20098868,0x3d7d3f5a,"createSaleAuction(uint256 _kittyId, uint256 _startingPrice, uint256 _endingPrice, uint256 _duration)"
5409284,1523277823,0xaee7e79c9846ba5071ad4da22582e72b6a48d2ac38a0a7c9bb76300d35fca2a1,208,0x03d7e172259cec44465953838f42f648aeeee3659665acc9601d0119fb34075b,68,0x1f4b10ffb832581ae5a975ed38eeac9f4e960bdf,0xb1690c08e213a35ed9bab7b318de14420fb57d8c,3164493982880572,135963,1000000000,0,1,0x454a2ab300000000000000000000000000000000000000000000000000000000000a33a7,,2235482,45508,20098752,0x454a2ab3,bid(uint256 _tokenId)
5409306,1523278237,0xe841edf0ed83c5ef058da2cae98c7d4ca522d1266d2bc50a70c87d63bca36c85,209,0x68ec64d72d1497cd4e801ddf36fbdc2292f3489b126d0ae23d61307ef9a4a1cd,66,0x1f4b10ffb832581ae5a975ed38eeac9f4e960bdf,0x06012c8cf97bead5deae237070f9587f8e7a266d,0,150000,1000000000,1,0,0x3d7d3f5a00000000000000000000000000000000000000000000000000000000000a33a7000000000000000000000000000000000000000000000000001550f7dca700000000000000000000000000000000000000000000000000000011c37937e080000000000000000000000000000000000000000000000000000000000000054600,,4346342,148425,20098730,0x3d7d3f5a,"createSaleAuction(uint256 _kittyId, uint256 _startingPrice, uint256 _endingPrice, uint256 _duration)"
5409335,1523278708,0x2ebbbe2141f867218d348945ee302ce5f57f617db464e0fd0312bd8652c59d70,210,0x8e73807e7282773b63b5606240cfc58e5f196da2f61bd11767cf4b768dac74b1,42,0x1f4b10ffb832581ae5a975ed38eeac9f4e960bdf,0xb1690c08e213a35ed9bab7b318de14420fb57d8c,5000000000000000,125815,1000000000,0,1,0x454a2ab30000000000000000000000000000000000000000000000000000000000090598,,2655430,41872,20098701,0x454a2ab3,bid(uint256 _tokenId)
5409376,1523279327,0xa7794138b71781ce257e79a8e029aac671ba78f3590a90ac68f303eb4695ad7f,211,0xb2910e395d2bd177c51c919721c3d43296c3399957447d66a36d347a36f4b7e6,69,0x1f4b10ffb832581ae5a975ed38eeac9f4e960bdf,0x06012c8cf97bead5deae237070f9587f8e7a266d,0,235507,1000000000,0,1,0x3d7d3f5a00000000000000000000000000000000000000000000000000000000000905980000000000000000000000000000000000000000000000000018de76816d8000000000000000000000000000000000000000000000000000001550f7dca700000000000000000000000000000000000000000000000000000000000000069780,,3748782,140340,20098660,0x3d7d3f5a,"createSaleAuction(uint256 _kittyId, uint256 _startingPrice, uint256 _endingPrice, uint256 _duration)"
5409385,1523279453,0xd872ed9bfbb1466ec32286e59e95d3832d947976b0cd40a62f21ecbc5ec360c5,212,0xcd927b215f155fae04efde5fd4b0b256a9139b57dabe5fc51d3ed2a2f3d64ce2,113,0x1f4b10ffb832581ae5a975ed38eeac9f4e960bdf,0x06012c8cf97bead5deae237070f9587f8e7a266d,0,235603,1000000000,0,1,0x3d7d3f5a00000000000000000000000000000000000000000000000000000000000a33a70000000000000000000000000000000000000000000000000018de76816d80000000000000000000000000000000000000000000000000000011c37937e080000000000000000000000000000000000000000000000000000000000000069780,,5203781,140404,20098651,0x3d7d3f5a,"createSaleAuction(uint256 _kittyId, uint256 _startingPrice, uint256 _endingPrice, uint256 _duration)"
5409920,1523287582,0x60e0724551e13f690168a1494f41f191d457cec4c12c052310f65e0177ebdff3,213,0x9d5d34c6a636a42c08456c80cd69bc36e7cc490f4e47527f25b908a5a84f0725,55,0x1f4b10ffb832581ae5a975ed38eeac9f4e960bdf,0xb1690c08e213a35ed9bab7b318de14420fb57d8c,0,109165,500000000,0,1,0x96b5a7550000000000000000000000000000000000000000000000000000000000083e98,,6896084,36389,20098116,0x96b5a755,cancelAuction(uint256 _tokenId)
5409928,1523287664,0x0b17cf9bddce8d9e579644042c7fd16a715a7fedf27d2c08b51fe8fb7e79a8e0,214,0xea7908592729710b65144a9d3339a2cde92aafd365c01de66e27b32422d6b2fa,52,0x1f4b10ffb832581ae5a975ed38eeac9f4e960bdf,0x06012c8cf97bead5deae237070f9587f8e7a266d,0,235411,1000000000,0,1,0x3d7d3f5a0000000000000000000000000000000000000000000000000000000000083e98000000000000000000000000000000000000000000000000002aa1efb94e00000000000000000000000000000000000000000000000000000031bced02db00000000000000000000000000000000000000000000000000000000000000069780,,3212670,140276,20098108,0x3d7d3f5a,"createSaleAuction(uint256 _kittyId, uint256 _startingPrice, uint256 _endingPrice, uint256 _duration)"
5415363,1523364335,0xcb15aeeba01711f03ba696a05ba47b39bc255b6ee17a646ac9d65303683065a8,215,0x3bb5d84f623e9c8cd412af30a8c2c7c1c0ec0c8cf9d16e4b6bb2452c9bb956eb,24,0x1f4b10ffb832581ae5a975ed38eeac9f4e960bdf,0xb1690c08e213a35ed9bab7b318de14420fb57d8c,2079413277136200,135963,1000000000,0,1,0x454a2ab3000000000000000000000000000000000000000000000000000000000006f452,,832885,45508,20092673,0x454a2ab3,bid(uint256 _tokenId)
5415397,1523364723,0xf0b5fe66367f9f0d1b7b231f17bdef2f1c7d149090cb7481bf208951e690d5f8,216,0x5cd3ee8370bf1ce6c648bcc6e235d7994a18f8a30b63bdcd01d29d7065c592d1,132,0x1f4b10ffb832581ae5a975ed38eeac9f4e960bdf,0x06012c8cf97bead5deae237070f9587f8e7a266d,0,235411,600000000,0,1,0x3d7d3f5a000000000000000000000000000000000000000000000000000000000006f452000000000000000000000000000000000000000000000000000aa87bee53800000000000000000000000000000000000000000000000000000071afd498d00000000000000000000000000000000000000000000000000000000000000054600,,7115112,140276,20092639,0x3d7d3f5a,"createSaleAuction(uint256 _kittyId, uint256 _startingPrice, uint256 _endingPrice, uint256 _duration)"
5415488,1523366114,0x44280ecc88f04796f1914b7296738e0bab5a744918bf9144fb0f370b4dfd6243,217,0x9b25f8451d10602a9d4c8cc86a5148ddbcb7c29f8f18caace9e383dca4597a6c,136,0x1f4b10ffb832581ae5a975ed38eeac9f4e960bdf,0xb1690c08e213a35ed9bab7b318de14420fb57d8c,0,109165,1000000000,0,1,0x96b5a75500000000000000000000000000000000000000000000000000000000000a33a7,,7841002,36389,20092548,0x96b5a755,cancelAuction(uint256 _tokenId)
5415511,1523366515,0x86036119018fe186fb2ff541a6e98d7d7585e0d70b0e9a4d235ae3af54158d57,218,0x28e66bcd973acfa15031e01ce5a816a500c2350e791bdae6814dc5605462ef3a,77,0x1f4b10ffb832581ae5a975ed38eeac9f4e960bdf,0x06012c8cf97bead5deae237070f9587f8e7a266d,0,175000,1000000000,0,1,0x3d7d3f5a00000000000000000000000000000000000000000000000000000000000a33a700000000000000000000000000000000000000000000000000354a6ba7a18000000000000000000000000000000000000000000000000000002386f26fc100000000000000000000000000000000000000000000000000000000000000015180,,3425177,140340,20092525,0x3d7d3f5a,"createSaleAuction(uint256 _kittyId, uint256 _startingPrice, uint256 _endingPrice, uint256 _duration)"
5415530,1523366852,0xc094924b26a4fad98cd9a168cb075972149edd1b7ec9a1484c519027ec5c6b42,219,0xa2fa7af66896c0a4a8f1b11a482bdc191069afddd465c27f42a5be4c4064c31e,186,0x1f4b10ffb832581ae5a975ed38eeac9f4e960bdf,0x5e74769adfa75961ceb05dbc9611b18adc8b673d,25000000000000,21000,500000000,0,1,0x,,7923969,21000,20092506,0x,
5419362,1523421641,0x82a8d97471f3e974c2b30dd734abe5e5e99cfb13de5b5e1e53a994cbd54b6920,220,0xeb33b3407c6717b8abd98fb8d3410445834ecaf5105c8f6c8e22d8443c388b05,16,0x1f4b10ffb832581ae5a975ed38eeac9f4e960bdf,0xb1690c08e213a35ed9bab7b318de14420fb57d8c,0,109165,1000000000,0,1,0x96b5a7550000000000000000000000000000000000000000000000000000000000083e98,,1063260,36389,20088674,0x96b5a755,cancelAuction(uint256 _tokenId)
5419374,1523421768,0x4f328cd2011e6161ee1698427e4e202569fbf347779ab2d388178e362d41aa54,221,0x40190a45b4b1210aacca84a39f09f24d04a96ae6bcc24c85c8143f586310137e,83,0x1f4b10ffb832581ae5a975ed38eeac9f4e960bdf,0x06012c8cf97bead5deae237070f9587f8e7a266d,9000000000000000,231075,1000000000,0,1,0xed60ade6000000000000000000000000000000000000000000000000000000000009b8680000000000000000000000000000000000000000000000000000000000083e98,,3043379,109050,20088662,0xed60ade6,"bidOnSiringAuction(uint256 _sireId, uint256 _matronId)"
5419478,1523423357,0x93611b0d34fc97ca0bc6bb3fd945e937bb8fcb8f6b7031317df00c2b5918adbf,222,0x84a673ce29bfc29205b9142dfce5d5677450f8499a51c84e444badc42808a323,148,0x1f4b10ffb832581ae5a975ed38eeac9f4e960bdf,0x06012c8cf97bead5deae237070f9587f8e7a266d,0,235507,1550000000,0,1,0x3d7d3f5a0000000000000000000000000000000000000000000000000000000000083e98000000000000000000000000000000000000000000000000001ff973cafa8000000000000000000000000000000000000000000000000000002386f26fc100000000000000000000000000000000000000000000000000000000000000015180,,5100648,140340,20088558,0x3d7d3f5a,"createSaleAuction(uint256 _kittyId, uint256 _startingPrice, uint256 _endingPrice, uint256 _duration)"
5419484,1523423491,0x02ff67dd08e07c60bf2202f4d459f1757eb89441e4c81d3e44ae71a547433281,223,0xec209a00ca1ab88abae3574b4be5a6135f0f8621d210d5368d40736a47b1b516,129,0x1f4b10ffb832581ae5a975ed38eeac9f4e960bdf,0xb1690c08e213a35ed9bab7b318de14420fb57d8c,0,109165,1100000000,0,1,0x96b5a7550000000000000000000000000000000000000000000000000000000000083e98,,5502602,36389,20088552,0x96b5a755,cancelAuction(uint256 _tokenId)
5419488,1523423516,0x0c961411e8c8299ed0d0cc4626913efa8a3149c9f1a419675240eeaefed72d15,224,0x5c5fa699640e85029d9a74ea05c4e6636b1aaac9864d15ade58e836f8e07daa2,184,0x1f4b10ffb832581ae5a975ed38eeac9f4e960bdf,0x06012c8cf97bead5deae237070f9587f8e7a266d,0,235603,1100000000,0,1,0x3d7d3f5a00000000000000000000000000000000000000000000000000000000000a64a2000000000000000000000000000000000000000000000000011c37937e0800000000000000000000000000000000000000000000000000000214e8348c4f00000000000000000000000000000000000000000000000000000000000000069780,,6642522,140404,20088548,0x3d7d3f5a,"createSaleAuction(uint256 _kittyId, uint256 _startingPrice, uint256 _endingPrice, uint256 _duration)"
5419521,1523424078,0x2e67580a85d20f42fdc98af374f92093c4c10075a5b045f10260526cd505e404,225,0xf18213e0f248b68aa249fe9104fab858176af38a7a4e837ce2fd6fbc5583b8f7,69,0x1f4b10ffb832581ae5a975ed38eeac9f4e960bdf,0xb1690c08e213a35ed9bab7b318de14420fb57d8c,0,109165,1100000000,0,1,0x96b5a75500000000000000000000000000000000000000000000000000000000000975b3,,3062344,36389,20088515,0x96b5a755,cancelAuction(uint256 _tokenId)
5419540,1523424298,0x53dc767f2415dc5296cbfd518517fca4b73ad6e12bc5e455ab4352c525ee4245,226,0x9855f24b2142f47cd1e726c5476bccac7438bff4f4bf383ab74b8fe8dcc08b98,94,0x1f4b10ffb832581ae5a975ed38eeac9f4e960bdf,0x06012c8cf97bead5deae237070f9587f8e7a266d,0,235411,500000000,0,1,0x3d7d3f5a00000000000000000000000000000000000000000000000000000000000975b3000000000000000000000000000000000000000000000000000aa87bee53800000000000000000000000000000000000000000000000000000071afd498d00000000000000000000000000000000000000000000000000000000000000054600,,6708625,140276,20088496,0x3d7d3f5a,"createSaleAuction(uint256 _kittyId, uint256 _startingPrice, uint256 _endingPrice, uint256 _duration)"
5421819,1523457181,0xa492b603ab8e9badb99be532a9a0a6926ba87f5ab86c2dfc5ea4abee660ade9b,227,0x660f12b330d054b67a75329d56bfbd662ebb248dc504829cee841811ce05c7b2,53,0x1f4b10ffb832581ae5a975ed38eeac9f4e960bdf,0xb1690c08e213a35ed9bab7b318de14420fb57d8c,0,109165,1000000000,0,1,0x96b5a755000000000000000000000000000000000000000000000000000000000008a4db,,6729549,36389,20086217,0x96b5a755,cancelAuction(uint256 _tokenId)
5421859,1523457791,0xa07dccd50c7b5c805f8a52514050babb0c5923a454b74578f1a27f79d9a1c8b2,228,0xdb99d26cad97185c74914617a54e9ef925db769ca2ced0afb1c3829240ca5bcc,177,0x1f4b10ffb832581ae5a975ed38eeac9f4e960bdf,0x06012c8cf97bead5deae237070f9587f8e7a266d,0,235411,500000000,0,1,0x3d7d3f5a000000000000000000000000000000000000000000000000000000000008a4db000000000000000000000000000000000000000000000000000aa87bee53800000000000000000000000000000000000000000000000000000071afd498d0000000000000000000000000000000000000000000000000000000000000002a300,,7765846,140276,20086177,0x3d7d3f5a,"createSaleAuction(uint256 _kittyId, uint256 _startingPrice, uint256 _endingPrice, uint256 _duration)"
5422000,1523459907,0xe7076e8f89087f95beb7b333c852b4570dcb2c48ddc5fc20e31e602b8d87f9d2,229,0x9a3e82d36665610a36273956d19144bb22ca0eb6e26cbe28ab2e736e8af7a29d,138,0x1f4b10ffb832581ae5a975ed38eeac9f4e960bdf,0x06012c8cf97bead5deae237070f9587f8e7a266d,0,236916,600000000,0,1,0x4ad8c9380000000000000000000000000000000000000000000000000000000000086a4400000000000000000000000000000000000000000000000000038d7ea4c6800000000000000000000000000000000000000000000000000000038d7ea4c68000000000000000000000000000000000000000000000000000000000000002a300,,7510360,141279,20086036,0x4ad8c938,"createSiringAuction(uint256 _kittyId, uint256 _startingPrice, uint256 _endingPrice, uint256 _duration)"
5422081,1523460970,0x30088ab9dd45b5fd13b30d8c7625c808da9a35c12f65ff93f958a71302e688a3,230,0xa4bf08a70b6f5a7c1343fe3fc67fe564557aa5697f187e3ebe699e237ec38768,125,0x1f4b10ffb832581ae5a975ed38eeac9f4e960bdf,0xb1690c08e213a35ed9bab7b318de14420fb57d8c,2005832121629498,135963,2000000000,0,1,0x454a2ab30000000000000000000000000000000000000000000000000000000000095e54,,4378736,45508,20085955,0x454a2ab3,bid(uint256 _tokenId)
5422140,1523461795,0xbe0a9f044f5397c5a1886a39d3f57caf0412752375d6135728388c36eaeb1965,231,0x7c3a4cc3c5e71b215f6149c91a83f322641fe813930336c4ae9184d1d9f53c49,51,0x1f4b10ffb832581ae5a975ed38eeac9f4e960bdf,0x06012c8cf97bead5deae237070f9587f8e7a266d,0,235315,1000000000,0,1,0x3d7d3f5a0000000000000000000000000000000000000000000000000000000000083e98000000000000000000000000000000000000000000000000001c6bf526340000000000000000000000000000000000000000000000000000001c6bf526340000000000000000000000000000000000000000000000000000000000000000a8c0,,2569439,140212,20085896,0x3d7d3f5a,"createSaleAuction(uint256 _kittyId, uint256 _startingPrice, uint256 _endingPrice, uint256 _duration)"
5422156,1523462141,0x8f12d73e465c61dbb2dccce2b02ca0e88c930b2591b3a768fa8bfeb4adf71fdd,232,0xe341bf553385a87ba5c544cb23d594687222b1e99aed1db629a0a9f9d51ea39b,131,0x1f4b10ffb832581ae5a975ed38eeac9f4e960bdf,0xb1690c08e213a35ed9bab7b318de14420fb57d8c,0,109165,1000000000,0,1,0x96b5a7550000000000000000000000000000000000000000000000000000000000083e98,,6824175,36389,20085880,0x96b5a755,cancelAuction(uint256 _tokenId)
5422169,1523462376,0xf7a489efe00b21f00e678e5c9d1bdde8b29a8e4061f47c7543c50830d788420f,233,0x27392d207f881b7e6221c0448abee3688d13c7fe863656f53d81d00c5029b72d,64,0x1f4b10ffb832581ae5a975ed38eeac9f4e960bdf,0x06012c8cf97bead5deae237070f9587f8e7a266d,0,235507,900000000,0,1,0x3d7d3f5a0000000000000000000000000000000000000000000000000000000000083e98000000000000000000000000000000000000000000000000001ff973cafa8000000000000000000000000000000000000000000000000000001ff973cafa8000000000000000000000000000000000000000000000000000000000000002a300,,6152071,140340,20085867,0x3d7d3f5a,"createSaleAuction(uint256 _kittyId, uint256 _startingPrice, uint256 _endingPrice, uint256 _duration)"
5422226,1523463213,0x57a87c4fa99945454d32c5f44728e6959e973d6aad38c56e741bdbe5a6a27e19,234,0x534aaee8a5c3e6dfdf4e41d5e51c9624e90a3d74ab7cfce090bb173e8744bdc6,71,0x1f4b10ffb832581ae5a975ed38eeac9f4e960bdf,0x781901682d3e9341a6c195ee6fe58047a9235f07,7200000000000000,21000,1000000000,0,1,0x,,3270444,21000,20085810,0x,
5422302,1523464575,0xe1b2c0de8e4e458ae202eb80afb12e41d5e7fa27b3c6ef20a631ffec552ad698,235,0x1958f423903a5da431a7acf9117c1ba62175c7b37b616864a2973b8206bc0e48,90,0x1f4b10ffb832581ae5a975ed38eeac9f4e960bdf,0x06012c8cf97bead5deae237070f9587f8e7a266d,0,150000,920000000,1,0,0x3d7d3f5a000000000000000000000000000000000000000000000000000000000007d32f0000000000000000000000000000000000000000000000000de0b6b3a764000000000000000000000000000000000000000000000000000006f05b59d3b200000000000000000000000000000000000000000000000000000000000000015180,,3441442,148427,20085734,0x3d7d3f5a,"createSaleAuction(uint256 _kittyId, uint256 _startingPrice, uint256 _endingPrice, uint256 _duration)"
5425303,1523507653,0x547819151a70ee555c535b3b95076265971397e89de05d4eb99aea4ff78ee349,236,0xc6ac509567d9e5cd401007aa71af975e75328e04c330370012cf9834274ce02b,58,0x1f4b10ffb832581ae5a975ed38eeac9f4e960bdf,0xb1690c08e213a35ed9bab7b318de14420fb57d8c,2117591203459114,135963,5000000000,1,0,0x454a2ab300000000000000000000000000000000000000000000000000000000000a6b27,,2881569,23800,20082733,0x454a2ab3,bid(uint256 _tokenId)
5425312,1523507732,0xd037170738a7d002e5de26a28b7070ef01e9077f53f43032459557acb66d2528,237,0x2c72c73bb299d28744f740ea1a902d06ea51983de2c4d53c68e3df29685707a9,26,0x1f4b10ffb832581ae5a975ed38eeac9f4e960bdf,0xb1690c08e213a35ed9bab7b318de14420fb57d8c,2150295601539237,135963,1000000000,0,1,0x454a2ab300000000000000000000000000000000000000000000000000000000000a6b27,,2010132,45508,20082724,0x454a2ab3,bid(uint256 _tokenId)
5425331,1523508039,0x017e488b78f84dca28fa049aa85f8ad98f3820194108bcb62aad86559286cbcd,238,0x4e021c4e57f936c4f22d9df10e9325efad5a2e56700c9aa12be6c04d163a848b,85,0x1f4b10ffb832581ae5a975ed38eeac9f4e960bdf,0x06012c8cf97bead5deae237070f9587f8e7a266d,0,236820,1000000000,0,1,0x4ad8c93800000000000000000000000000000000000000000000000000000000000a6b27000000000000000000000000000000000000000000000000000aa87bee53800000000000000000000000000000000000000000000000000000071afd498d0000000000000000000000000000000000000000000000000000000000000002a300,,4917140,141215,20082705,0x4ad8c938,"createSiringAuction(uint256 _kittyId, uint256 _startingPrice, uint256 _endingPrice, uint256 _duration)"
5425333,1523508066,0x4c529e2ae3e8b9ac9cf4adb82db96109cc7c3001dd4b58a320aa1d07fa707de5,239,0x6aff0c5c3f7905b498f44a9230373df74554fc3cc913e97f61799c129556db0e,98,0x1f4b10ffb832581ae5a975ed38eeac9f4e960bdf,0x06012c8cf97bead5deae237070f9587f8e7a266d,0,236820,1000000000,0,1,0x4ad8c938000000000000000000000000000000000000000000000000000000000007d32f0000000000000000000000000000000000000000000000000011c37937e08000000000000000000000000000000000000000000000000000000e35fa931a0000000000000000000000000000000000000000000000000000000000000002a300,,5014354,141215,20082703,0x4ad8c938,"createSiringAuction(uint256 _kittyId, uint256 _startingPrice, uint256 _endingPrice, uint256 _duration)"
5425342,1523508146,0x7f1161b5b10eea492dc6e6728698fa08ba83c54f30678f0ebe99bdbae2315569,240,0xe1e3961caf406e7f9205eb11a4667e8aed7ef5ff2da5568f171cf7d23058b0cc,25,0x1f4b10ffb832581ae5a975ed38eeac9f4e960bdf,0x06012c8cf97bead5deae237070f9587f8e7a266d,0,236179,1000000000,0,1,0x3d7d3f5a0000000000000000000000000000000000000000000000000000000000095e54000000000000000000000000000000004b3b4ca85a86c47a098a2240000000000000000000000000000000000000000000000000000000004563918244f400000000000000000000000000000000000000000000000000000000000000015180,,1432794,140788,20082694,0x3d7d3f5a,"createSaleAuction(uint256 _kittyId, uint256 _startingPrice, uint256 _endingPrice, uint256 _duration)"
5425367,1523508429,0x8fe2493ed64cb619760a8f7e59451c9b10f1daed7e011c2f32c9d57275891cf7,241,0x0eec80c81e22a7839c0da5fe5ea57e4f2518bc9ea58701b144b0bdd62d68b3c6,144,0x1f4b10ffb832581ae5a975ed38eeac9f4e960bdf,0xb1690c08e213a35ed9bab7b318de14420fb57d8c,2408179401935800,135963,1000000000,0,1,0x454a2ab300000000000000000000000000000000000000000000000000000000000357cb,,6129880,45508,20082669,0x454a2ab3,bid(uint256 _tokenId)
5425384,1523508601,0x17991fc20505532261ed109d48250ecce8870ccbdc45f5d290c0231b9467411d,242,0x59e6e17e4ebb720c8f74eb8fbefd8de4f4616d576a74d026853d41d299e6d706,36,0x1f4b10ffb832581ae5a975ed38eeac9f4e960bdf,0x06012c8cf97bead5deae237070f9587f8e7a266d,0,236244,1000000000,0,1,0x4ad8c93800000000000000000000000000000000000000000000000000000000000357cb00000000000000000000000000000000000000000000000000071afd498d00000000000000000000000000000000000000000000000000000000000000000000000000000000000000000000000000000000000000000000000000000002a300,,2935161,140831,20082652,0x4ad8c938,"createSiringAuction(uint256 _kittyId, uint256 _startingPrice, uint256 _endingPrice, uint256 _duration)"
5425395,1523508773,0xc829fbb7180c4c1d3723cf22c3f177a36c36c18e7ee34f57e3ae7426f6821836,243,0xe53afc497ae54e4b5a9a081e3e755a9b244acd365a071267f56504f00e50a5ae,111,0x1f4b10ffb832581ae5a975ed38eeac9f4e960bdf,0xb1690c08e213a35ed9bab7b318de14420fb57d8c,3000000000000000,125913,1000000000,0,1,0x454a2ab300000000000000000000000000000000000000000000000000000000000a6821,,5487764,41904,20082641,0x454a2ab3,bid(uint256 _tokenId)
5425411,1523509118,0xb6641658c286991b64a27134421fa205f108a145d4af833a4680f932b60899f5,244,0x24ca24c181e5cd58d20eb9c3807a29031172c0ec6134dc27d287c8ab5a0699d3,164,0x1f4b10ffb832581ae5a975ed38eeac9f4e960bdf,0x06012c8cf97bead5deae237070f9587f8e7a266d,0,236340,1000000000,0,1,0x4ad8c93800000000000000000000000000000000000000000000000000000000000a6821000000000000000000000000000000000000000000000000000aa87bee5380000000000000000000000000000000000000000000000000000000000000000000000000000000000000000000000000000000000000000000000000000000a8c0,,6743793,140895,20082625,0x4ad8c938,"createSiringAuction(uint256 _kittyId, uint256 _startingPrice, uint256 _endingPrice, uint256 _duration)"
5429898,1523575499,0xd2527eb88bd3c9ed79ce96694de2d5dd253e87704f19e0ac717d0962732e16d8,245,0x434ee790a8546227c8efe0a8d001414b4f60aff1c3fde318109852fc7e9259fa,96,0x1f4b10ffb832581ae5a975ed38eeac9f4e960bdf,0xb1690c08e213a35ed9bab7b318de14420fb57d8c,0,109165,800000000,0,1,0x96b5a75500000000000000000000000000000000000000000000000000000000000a64a2,,6558336,36389,20078138,0x96b5a755,cancelAuction(uint256 _tokenId)
5429904,1523575615,0xfd83e8490b5ebfdb136dbcd4ff5c8c5f829e80a13e4fcba2b302d1db8c123791,246,0x5fdd8fe1217556d624acdd23b4ebd5252009b8469b7bf6106d162d32d1ca6fbd,114,0x1f4b10ffb832581ae5a975ed38eeac9f4e960bdf,0xc7af99fe5513eb6710e6d5f44f9989da40f27f26,0,109099,400000000,0,1,0x96b5a75500000000000000000000000000000000000000000000000000000000000a6b27,,6621916,36367,20078132,0x96b5a755,cancelAuction(uint256 _tokenId)
5429914,1523575811,0x35ccf8b949fd75aaa26e8c7fa3cb6ffa3fc4d1cdbfd611a6d2d9b390a0e44e5c,247,0x33a6f9ced900e016b80a72e6bcfe292b00e8bf1eabacdd6b7f9e1ccf06c38fc8,82,0x1f4b10ffb832581ae5a975ed38eeac9f4e960bdf,0x06012c8cf97bead5deae237070f9587f8e7a266d,0,235507,500000000,0,1,0x3d7d3f5a00000000000000000000000000000000000000000000000000000000000a6b27000000000000000000000000000000000000000000000000000aa87bee53800000000000000000000000000000000000000000000000000000071afd498d00000000000000000000000000000000000000000000000000000000000000049d40,,5505348,140340,20078122,0x3d7d3f5a,"createSaleAuction(uint256 _kittyId, uint256 _startingPrice, uint256 _endingPrice, uint256 _duration)"
5429951,1523576269,0x704574ffed38faed028aa9b73a56f6dee7937f42e9d5eea2f9c8566a11089bf7,248,0xae71cfaa01105b31eef9ae0d138ad5c29fb499d66ea9f1f2a52d119bb2504ae3,145,0x1f4b10ffb832581ae5a975ed38eeac9f4e960bdf,0x06012c8cf97bead5deae237070f9587f8e7a266d,0,235411,800000000,0,1,0x3d7d3f5a00000000000000000000000000000000000000000000000000000000000a68210000000000000000000000000000000000000000000000000011c37937e08000000000000000000000000000000000000000000000000000000e35fa931a00000000000000000000000000000000000000000000000000000000000000054600,,5131871,140276,20078085,0x3d7d3f5a,"createSaleAuction(uint256 _kittyId, uint256 _startingPrice, uint256 _endingPrice, uint256 _duration)"
5429969,1523576484,0xeb0c66644d178b9f285f4d59baf6f6961f79e90d42a12e3fe1cbe00c3d7ec884,249,0x282d29d140b78aa6d9f9ce7230a63a0318db414fecd3a1bc419160a17af46191,98,0x1f4b10ffb832581ae5a975ed38eeac9f4e960bdf,0x06012c8cf97bead5deae237070f9587f8e7a266d,0,235411,800000000,0,1,0x3d7d3f5a00000000000000000000000000000000000000000000000000000000000a64a2000000000000000000000000000000000000000000000000002386f26fc10000000000000000000000000000000000000000000000000000013fbe85edc90000000000000000000000000000000000000000000000000000000000000002a300,,4521834,140276,20078067,0x3d7d3f5a,"createSaleAuction(uint256 _kittyId, uint256 _startingPrice, uint256 _endingPrice, uint256 _duration)"
5429974,1523576614,0xb0e17e6a2fe7a893fcef0b6da6cc684befcc5250b25c6df28abef949a9817375,250,0x558a2216f835b0b478e6b09cde59af58bdedef6e9e8d237c5a925edded5f4c5e,76,0x1f4b10ffb832581ae5a975ed38eeac9f4e960bdf,0xc7af99fe5513eb6710e6d5f44f9989da40f27f26,0,109099,1000000000,0,1,0x96b5a75500000000000000000000000000000000000000000000000000000000000357cb,,4699271,36367,20078062,0x96b5a755,cancelAuction(uint256 _tokenId)
5429993,1523576922,0x9ac848bbab2f65feb7691ee350c3f5c4876fc2137f2df137252e321f9458c4c1,251,0x4d97eca888c0c24c03f03ed5e2a602d89cb941776e69d1302d8cfdd1c2102dcd,86,0x1f4b10ffb832581ae5a975ed38eeac9f4e960bdf,0x06012c8cf97bead5deae237070f9587f8e7a266d,0,235507,1000000000,0,1,0x3d7d3f5a00000000000000000000000000000000000000000000000000000000000357cb000000000000000000000000000000000000000000000000000aa87bee53800000000000000000000000000000000000000000000000000000071afd498d00000000000000000000000000000000000000000000000000000000000000034bc0,,6431328,140340,20078043,0x3d7d3f5a,"createSaleAuction(uint256 _kittyId, uint256 _startingPrice, uint256 _endingPrice, uint256 _duration)"
5430013,1523577200,0x4b3385dbfe33e055a9d8d143afee37f590c53b75dbf907aa83161f42d4d74745,252,0x910341de9ec1a640cdc519986f65b0f4d4d8e8aacc8e57373b4889c16cde5ee5,47,0x1f4b10ffb832581ae5a975ed38eeac9f4e960bdf,0xb1690c08e213a35ed9bab7b318de14420fb57d8c,2004035648122320,135963,2000000000,1,0,0x454a2ab3000000000000000000000000000000000000000000000000000000000009380b,,2095106,23800,20078023,0x454a2ab3,bid(uint256 _tokenId)
5430219,1523579972,0x6a64908d7bb53ede93c6a7f0ceae032a3bd56dc72464db889f54e90172b28e13,253,0x8c2f92fcead4cf6532883db46d30270db50cfda5be8e19e240755e73b29f09bb,50,0x1f4b10ffb832581ae5a975ed38eeac9f4e960bdf,0xb1690c08e213a35ed9bab7b318de14420fb57d8c,1999816950232653,135963,3000000000,0,1,0x454a2ab300000000000000000000000000000000000000000000000000000000000a708f,,1865499,45508,20077817,0x454a2ab3,bid(uint256 _tokenId)
5430237,1523580315,0xa22a5c66f5f1e8b88956e5b9d018ba9b1e84b8e6cdd90e0f7671a1f5dece5053,254,0x67f411df3a059871f72ef344e62c5f6bfb2d90955f6fe40923707cc5c787c262,94,0x1f4b10ffb832581ae5a975ed38eeac9f4e960bdf,0x06012c8cf97bead5deae237070f9587f8e7a266d,0,235507,800000000,0,1,0x3d7d3f5a00000000000000000000000000000000000000000000000000000000000a708f000000000000000000000000000000000000000000000000000aa87bee53800000000000000000000000000000000000000000000000000000071afd498d0000000000000000000000000000000000000000000000000000000000000003f480,,3504752,140340,20077799,0x3d7d3f5a,"createSaleAuction(uint256 _kittyId, uint256 _startingPrice, uint256 _endingPrice, uint256 _duration)"
5430432,1523583054,0x7ad65d37c2a20a355368e346b8ecd344376cbe786da0009f9a624e2768acd97e,255,0xfd827fbb72ae1468cf016eff724de4983ef3ba15624d9cccb3d3d1aa1a0b5f0f,68,0x1f4b10ffb832581ae5a975ed38eeac9f4e960bdf,0xb1690c08e213a35ed9bab7b318de14420fb57d8c,0,109165,1000000000,0,1,0x96b5a75500000000000000000000000000000000000000000000000000000000000a14a8,,2902167,36389,20077604,0x96b5a755,cancelAuction(uint256 _tokenId)
5430449,1523583247,0x3bf9dc01a4e84b585219c95474ca8afcfeb909cfbafea96be0063bbe43c9cc54,256,0x1376bd98f84910421072950ea6e4ef4e9139933e9dac6226f01bc56b58cfd108,121,0x1f4b10ffb832581ae5a975ed38eeac9f4e960bdf,0x06012c8cf97bead5deae237070f9587f8e7a266d,0,235315,1000000000,0,1,0x3d7d3f5a00000000000000000000000000000000000000000000000000000000000a14a8000000000000000000000000000000000000000000000000008e1bc9bf040000000000000000000000000000000000000000000000000000006a94d74f430000000000000000000000000000000000000000000000000000000000000002a300,,5432302,140212,20077587,0x3d7d3f5a,"createSaleAuction(uint256 _kittyId, uint256 _startingPrice, uint256 _endingPrice, uint256 _duration)"
5430471,1523583497,0x4bb50c78b6e1b57f154d08c65d867e1f17a1f0366cd4cb2934dbfb3a013be9ab,257,0x0c20a85e716076406309f232e7242302ecf7f16d09a32a1f17811f0c3569c781,108,0x1f4b10ffb832581ae5a975ed38eeac9f4e960bdf,0xb1690c08e213a35ed9bab7b318de14420fb57d8c,0,109165,700000000,0,1,0x96b5a75500000000000000000000000000000000000000000000000000000000000a341b,,4145602,36389,20077565,0x96b5a755,cancelAuction(uint256 _tokenId)
5430488,1523583714,0x1469ecc864ff8963691ef487890886255a051199771cc3eb0db7ea70d41a8bc2,258,0xf57cb7851046ad8fe6b5c86b8169300731ef6fced9426911373aa1937c6ed340,99,0x1f4b10ffb832581ae5a975ed38eeac9f4e960bdf,0x06012c8cf97bead5deae237070f9587f8e7a266d,0,236724,1000000000,0,1,0x4ad8c93800000000000000000000000000000000000000000000000000000000000a341b00000000000000000000000000000000000000000000000000071afd498d000000000000000000000000000000000000000000000000000000071afd498d0000000000000000000000000000000000000000000000000000000000000000a8c0,,4841268,141151,20077548,0x4ad8c938,"createSiringAuction(uint256 _kittyId, uint256 _startingPrice, uint256 _endingPrice, uint256 _duration)"
5430511,1523584045,0x36e0df49fc7e63c648ee02548b8b0a90c1747d1e9688700c2d400795729ad524,259,0x14bb496f3374656aa5f7f63c1748bcabc11cb1066aebf1893d6f1065fdf4fd84,59,0x1f4b10ffb832581ae5a975ed38eeac9f4e960bdf,0xb1690c08e213a35ed9bab7b318de14420fb57d8c,0,109165,1000000000,0,1,0x96b5a75500000000000000000000000000000000000000000000000000000000000a14a8,,3289035,36389,20077525,0x96b5a755,cancelAuction(uint256 _tokenId)
5430529,1523584340,0x7f31cc7a2c052bd90f555f0977ef769ba7f51829a367205835bfc1b4fb5eef78,260,0x59850dc9200e3541c4f3c6f7a969f122d72e4f86cc7979b67288774019d942f7,73,0x1f4b10ffb832581ae5a975ed38eeac9f4e960bdf,0x06012c8cf97bead5deae237070f9587f8e7a266d,0,235411,800000000,0,1,0x3d7d3f5a00000000000000000000000000000000000000000000000000000000000a14a8000000000000000000000000000000000000000000000000009fdf42f6e48000000000000000000000000000000000000000000000000000008e1bc9bf040000000000000000000000000000000000000000000000000000000000000000a8c0,,3331686,140276,20077507,0x3d7d3f5a,"createSaleAuction(uint256 _kittyId, uint256 _startingPrice, uint256 _endingPrice, uint256 _duration)"
5430557,1523584873,0x19285be6439a73f5cbb3cf6786db05424710dc2f7b0e46baaa78c2d3c670df45,261,0x42e2dcec1f53eebb8242e6bfcd02894f1c3ed6436f6cb018bad55c8cea69a876,198,0x1f4b10ffb832581ae5a975ed38eeac9f4e960bdf,0xc7af99fe5513eb6710e6d5f44f9989da40f27f26,0,109099,1000000000,0,1,0x96b5a75500000000000000000000000000000000000000000000000000000000000a341b,,7916706,36367,20077479,0x96b5a755,cancelAuction(uint256 _tokenId)
5430571,1523585054,0x2f8abaaf1c65d4ed55bcf683847946da5c65c68496ddae7ad992c1270cfcf64b,262,0x2f4b881aad4373292c6ff0885dafeb7ab0b95b3c6bd924bb648db883e87c4f7f,58,0x1f4b10ffb832581ae5a975ed38eeac9f4e960bdf,0x06012c8cf97bead5deae237070f9587f8e7a266d,0,235507,1000000000,0,1,0x3d7d3f5a00000000000000000000000000000000000000000000000000000000000a341b0000000000000000000000000000000000000000000000000058d15e1762800000000000000000000000000000000000000000000000000000470de4df8200000000000000000000000000000000000000000000000000000000000000015180,,3060626,140340,20077465,0x3d7d3f5a,"createSaleAuction(uint256 _kittyId, uint256 _startingPrice, uint256 _endingPrice, uint256 _duration)"
5430794,1523588326,0xbb59631545c1caf7127487e6dd7014e8d5484c45085f7579fdc26fa1c7ac6f38,263,0xaddfa91af850f79fe5d5cdb98f957d70636e3a69d07b6ac099abd294ec2090a0,85,0x1f4b10ffb832581ae5a975ed38eeac9f4e960bdf,0xb1690c08e213a35ed9bab7b318de14420fb57d8c,2223647318273717,135963,2000000000,1,0,0x454a2ab30000000000000000000000000000000000000000000000000000000000092d30,,3802844,22540,20077242,0x454a2ab3,bid(uint256 _tokenId)
5430974,1523590849,0xc27fa2612965b89ddd32bbcf8142d531ba7455c8bed3be93a93fe088a5e960c8,264,0x61f0aa6cba7cf7b318a32ba516987d74ae1854795ac268bfd0d90e188a4b5a3d,62,0x1f4b10ffb832581ae5a975ed38eeac9f4e960bdf,0xb1690c08e213a35ed9bab7b318de14420fb57d8c,1041696573807216,135963,8000000000,1,0,0x454a2ab3000000000000000000000000000000000000000000000000000000000005fa11,,1639442,22540,20077062,0x454a2ab3,bid(uint256 _tokenId)
5431078,1523592157,0xd493a1af564faddaefd053bc81a69706a7fe5afe19739cc5458c1b1d4d5261f4,265,0xaba99f1083ef1b53652d6b6656021dec8568f0e05f170cf5c61299b403b21570,160,0x1f4b10ffb832581ae5a975ed38eeac9f4e960bdf,0xb1690c08e213a35ed9bab7b318de14420fb57d8c,3167535698680793,135963,1000000000,0,1,0x454a2ab30000000000000000000000000000000000000000000000000000000000089342,,6844947,45508,20076958,0x454a2ab3,bid(uint256 _tokenId)
5431152,1523593191,0x193dff066cb0c7f0f2e03cccab303fe2d7d822e866babec4ba4228ef27d5f1f3,266,0xf24d6f882d48c8f7988add83a5787c7c1f337f690c0126447f78f34ab1219bf8,115,0x1f4b10ffb832581ae5a975ed38eeac9f4e960bdf,0x06012c8cf97bead5deae237070f9587f8e7a266d,0,235315,600000000,0,1,0x3d7d3f5a000000000000000000000000000000000000000000000000000000000008934200000000000000000000000000000000000000000000000000b1a2bc2ec5000000000000000000000000000000000000000000000000000000b1a2bc2ec50000000000000000000000000000000000000000000000000000000000000083d600,,5622240,140212,20076884,0x3d7d3f5a,"createSaleAuction(uint256 _kittyId, uint256 _startingPrice, uint256 _endingPrice, uint256 _duration)"
5431275,1523595066,0x0f01900a01cc8c136b9b39eadd41301e9573a3fb4ea717d4d5b34eba0a0490aa,267,0x30a34c2e55603321554b1044169f207db18d36d17d1bdb0150cc75dcf4dfb5b3,52,0x1f4b10ffb832581ae5a975ed38eeac9f4e960bdf,0xb1690c08e213a35ed9bab7b318de14420fb57d8c,0,109165,1500000000,0,1,0x96b5a7550000000000000000000000000000000000000000000000000000000000095e54,,2472014,36389,20076761,0x96b5a755,cancelAuction(uint256 _tokenId)
5431300,1523595496,0xef6ebe5ec32c56a06cf89e59274ba58f1cd1b22553928693bf7c40ecd2a62af1,268,0xd3013c486f994051e2b94e65738da39a2eec0e871304f646033d5b9d0dabc725,167,0x1f4b10ffb832581ae5a975ed38eeac9f4e960bdf,0x06012c8cf97bead5deae237070f9587f8e7a266d,0,25000,1000000000,1,0,0x3d7d3f5a0000000000000000000000000000000000000000000000000000000000095e5400000003b58e88c75313ec9d329eaaa18fb92f75215b170ff21f494c589c0000000000000000000000000000000000000000000000000000016345785d8a00000000000000000000000000000000000000000000000000000000000000015180,,6262493,25000,20076736,0x3d7d3f5a,"createSaleAuction(uint256 _kittyId, uint256 _startingPrice, uint256 _endingPrice, uint256 _duration)"
5435993,1523664316,0x4b6fc65a5bd7370493e2189a906a08e5217bcc01e2e3f0c4e81f580f031834ab,269,0xc804ab67f8dc1e802c6afe0dae95e0c4313fe09a4ad52ca23f5e64b7042b56be,107,0x1f4b10ffb832581ae5a975ed38eeac9f4e960bdf,0xb1690c08e213a35ed9bab7b318de14420fb57d8c,0,109165,1000000000,0,1,0x96b5a75500000000000000000000000000000000000000000000000000000000000a64a2,,5943123,36389,20072043,0x96b5a755,cancelAuction(uint256 _tokenId)
5436472,1523671386,0x49ba698daa8524b5b121d4ce694d6a7e1125030b425395f30ba5cc82bc0d8eee,270,0x00d8b243c322ec66c08da453df82a44960939637e99d421cd6c826d606af0229,130,0x1f4b10ffb832581ae5a975ed38eeac9f4e960bdf,0x06012c8cf97bead5deae237070f9587f8e7a266d,0,235507,1000000000,0,1,0x3d7d3f5a00000000000000000000000000000000000000000000000000000000000a64a20000000000000000000000000000000000000000000000000018de76816d80000000000000000000000000000000000000000000000000000018de76816d8000000000000000000000000000000000000000000000000000000000000002a300,,6620740,140340,20071564,0x3d7d3f5a,"createSaleAuction(uint256 _kittyId, uint256 _startingPrice, uint256 _endingPrice, uint256 _duration)"
5436487,1523671599,0x7cbed0ac0dcc484a64bd504dd8ea49b2fa42205d6b1edd94bedda05384e4c2a8,271,0x77e09422e9a98bed7962a34b022219a5ce4bf3692c3851a45bd2af03de3399a7,80,0x1f4b10ffb832581ae5a975ed38eeac9f4e960bdf,0xb1690c08e213a35ed9bab7b318de14420fb57d8c,0,109165,1000000000,0,1,0x96b5a75500000000000000000000000000000000000000000000000000000000000a030c,,7633339,36389,20071549,0x96b5a755,cancelAuction(uint256 _tokenId)
5436503,1523671852,0xb8d80a33955447b6046f064de9533c132a33176a3f7c9365cc1d63f6b46d6eab,272,0x18c61d01c8214996ac6050360009adf502b342f2c620914746819242b0452ee4,71,0x1f4b10ffb832581ae5a975ed38eeac9f4e960bdf,0x06012c8cf97bead5deae237070f9587f8e7a266d,0,235603,1000000000,0,1,0x3d7d3f5a00000000000000000000000000000000000000000000000000000000000a030c0000000000000000000000000000000000000000000000000011c37937e080000000000000000000000000000000000000000000000000000011c37937e08000000000000000000000000000000000000000000000000000000000000003f480,,3277200,140404,20071533,0x3d7d3f5a,"createSaleAuction(uint256 _kittyId, uint256 _startingPrice, uint256 _endingPrice, uint256 _duration)"
5436515,1523672026,0xda1dc5effce00787ddf1f4c10ad4c51ad599bee1d977da793e0f5a35f6c3553c,273,0x8320e162990f6b1610195c7b433eba6bc0c33a6c1d7666caea0ad209df89137d,48,0x1f4b10ffb832581ae5a975ed38eeac9f4e960bdf,0x06012c8cf97bead5deae237070f9587f8e7a266d,0,235603,1000000000,0,1,0x3d7d3f5a0000000000000000000000000000000000000000000000000000000000074ebe00000000000000000000000000000000000000000000000006f05b59d3b2000000000000000000000000000000000000000000000000000006f05b59d3b20000000000000000000000000000000000000000000000000000000000000013c680,,3302500,140404,20071521,0x3d7d3f5a,"createSaleAuction(uint256 _kittyId, uint256 _startingPrice, uint256 _endingPrice, uint256 _duration)"
5436564,1523672660,0x05367357eba8f182a77e68b924e6fa113b11033206100eae33f01a31b5414205,274,0x9e5fcbe5d70b4fffba07a7c5ec212ed644d9b34d505d2566fdf5f987f12664c4,103,0x1f4b10ffb832581ae5a975ed38eeac9f4e960bdf,0xb1690c08e213a35ed9bab7b318de14420fb57d8c,0,109165,1000000000,0,1,0x96b5a7550000000000000000000000000000000000000000000000000000000000089342,,5801485,36389,20071472,0x96b5a755,cancelAuction(uint256 _tokenId)
5436590,1523673106,0x0714a1d609a10b99f78e835b47e4e084e5adc133f123217de47179354c268d35,275,0xc0bb7b6d481effbfd1e94e2d3d515ecd9ab03168e86445e7c941d90adabcb41d,32,0x1f4b10ffb832581ae5a975ed38eeac9f4e960bdf,0xb1690c08e213a35ed9bab7b318de14420fb57d8c,2014828611016208,135963,1000000000,1,0,0x454a2ab3000000000000000000000000000000000000000000000000000000000008457d,,1322277,23800,20071446,0x454a2ab3,bid(uint256 _tokenId)
5436595,1523673194,0x5b3a4306243ef9f509e425c1de407a6d43c1006ecd355da099893b7c06e0fb6a,276,0x1d0c8e75298e3bde5b4fe49bd55122d7f8d9f9d345821077d2b736f14e84d0c4,102,0x1f4b10ffb832581ae5a975ed38eeac9f4e960bdf,0x06012c8cf97bead5deae237070f9587f8e7a266d,0,235603,1000000000,0,1,0x3d7d3f5a00000000000000000000000000000000000000000000000000000000000893420000000000000000000000000000000000000000000000000018de76816d80000000000000000000000000000000000000000000000000000018de76816d80000000000000000000000000000000000000000000000000000000000000093a80,,4961330,140404,20071441,0x3d7d3f5a,"createSaleAuction(uint256 _kittyId, uint256 _startingPrice, uint256 _endingPrice, uint256 _duration)"
5436616,1523673440,0xadf125ef35f146eec237f0b337158593690f62ff1c82d367d18ad033ab359604,277,0x274c9c9e5bb3ae9b8c3a0d95e4012b75fb41ba512ec25f969c37a204e8cb0b62,53,0x1f4b10ffb832581ae5a975ed38eeac9f4e960bdf,0x06012c8cf97bead5deae237070f9587f8e7a266d,0,235411,1000000000,1,0,0x3d7d3f5a0000000000000000000000000000000000000000000000000000000000089342000000000000000000000000000000000000000000000000001c6bf526340000000000000000000000000000000000000000000000000000001c6bf5263400000000000000000000000000000000000000000000000000000000000000093a80,,2110348,24123,20071420,0x3d7d3f5a,"createSaleAuction(uint256 _kittyId, uint256 _startingPrice, uint256 _endingPrice, uint256 _duration)"
5436709,1523674689,0x5fb0505692d3b3b4254968807d9a2dd67798eda71ef59741559c6d5e037397b5,278,0xe93ac6dc4d59a07ed6442f19f878bd0c73ca23e7771c3a9319f3b4debac1d3f4,119,0x1f4b10ffb832581ae5a975ed38eeac9f4e960bdf,0xb1690c08e213a35ed9bab7b318de14420fb57d8c,0,109165,1000000000,0,1,0x96b5a75500000000000000000000000000000000000000000000000000000000000a341b,,7038803,36389,20071327,0x96b5a755,cancelAuction(uint256 _tokenId)
5436722,1523674894,0x565f6e31fd7cc3807ad7b2eacf220e5b87f1f60d3da434eba945a47648f035ac,279,0x19570ea45f6bf906b0419104b8a62d1973d03fb21934d32f64a3f057b33fd200,106,0x1f4b10ffb832581ae5a975ed38eeac9f4e960bdf,0x06012c8cf97bead5deae237070f9587f8e7a266d,0,235315,1000000000,0,1,0x3d7d3f5a00000000000000000000000000000000000000000000000000000000000a341b00000000000000000000000000000000000000000000000000f8b0a10e470000000000000000000000000000000000000000000000000000001550f7dca700000000000000000000000000000000000000000000000000000000000000054600,,5819978,140212,20071314,0x3d7d3f5a,"createSaleAuction(uint256 _kittyId, uint256 _startingPrice, uint256 _endingPrice, uint256 _duration)"
5436787,1523675853,0xd6b22a0177fefda21733f4d68eb81bb32d099d96518ca33b2a4b1c56d4430f27,280,0x86884437e9634c80a9f95335fcf451df4e7a1793cf2adcdcd7577f375d870ae7,43,0x1f4b10ffb832581ae5a975ed38eeac9f4e960bdf,0xb1690c08e213a35ed9bab7b318de14420fb57d8c,0,109165,1000000000,0,1,0x96b5a75500000000000000000000000000000000000000000000000000000000000a341b,,5870338,36389,20071249,0x96b5a755,cancelAuction(uint256 _tokenId)
5436802,1523676088,0x464436a4ab305cbdbc3809fb441a907e07bca751753292804bd007dcfc591fa4,281,0xbcb85cf839b11984db93dbdf074b1091ea8dc85e5dd7bcf87640f0529e20f36e,56,0x1f4b10ffb832581ae5a975ed38eeac9f4e960bdf,0x06012c8cf97bead5deae237070f9587f8e7a266d,0,235411,1000000000,0,1,0x3d7d3f5a00000000000000000000000000000000000000000000000000000000000a341b0000000000000000000000000000000000000000000000000018de76816d8000000000000000000000000000000000000000000000000000001550f7dca70000000000000000000000000000000000000000000000000000000000000002a300,,5682609,140276,20071234,0x3d7d3f5a,"createSaleAuction(uint256 _kittyId, uint256 _startingPrice, uint256 _endingPrice, uint256 _duration)"
5436909,1523677548,0xf3eea86677300185c68fd6d7a5a4d3c8732f8523f40d60fd482bd3378e39a3cd,282,0x1bc41d3ac0d7b4bc4c5a81aa453d85216d7400d726fe3bcae0ae6bceef4385eb,143,0x1f4b10ffb832581ae5a975ed38eeac9f4e960bdf,0xb1690c08e213a35ed9bab7b318de14420fb57d8c,2000494867881362,135963,1000000000,1,0,0x454a2ab30000000000000000000000000000000000000000000000000000000000099bf2,,7243868,23800,20071127,0x454a2ab3,bid(uint256 _tokenId)
5436927,1523677835,0x17b18fc6e858b2e84113fbbc24eba3500686d56236ce84a1a57264e618907365,283,0x0b38eef5efe8185d8f63510ace29cbe09a81c2617b1d5f052528a8ede766cb3e,161,0x1f4b10ffb832581ae5a975ed38eeac9f4e960bdf,0xb1690c08e213a35ed9bab7b318de14420fb57d8c,2000834483502558,135963,2000000000,1,0,0x454a2ab30000000000000000000000000000000000000000000000000000000000099bf2,,7093025,23800,20071109,0x454a2ab3,bid(uint256 _tokenId)
5436954,1523678245,0x7bbc4340489ab7410b80e4142cdb394734b2b86addc7f3274a2f236875cd995d,284,0x210183181be7fadbe4560f4813c1164ed01e06012b465e9980b1d8e3ce9c8156,135,0x1f4b10ffb832581ae5a975ed38eeac9f4e960bdf,0xb1690c08e213a35ed9bab7b318de14420fb57d8c,2001270077099229,135963,3000000000,1,0,0x454a2ab30000000000000000000000000000000000000000000000000000000000099bf2,,5658360,23800,20071082,0x454a2ab3,bid(uint256 _tokenId)
5437071,1523679901,0x3b9eab2be0b0cf4132274932700fe34c7ff7411b4411262a51cd84c7d995c785,285,0xa2125c93820cd3e5d0524d7dabf8c7524647c64b5a5d9f79e313c6d1f19e2985,48,0x1f4b10ffb832581ae5a975ed38eeac9f4e960bdf,0xb1690c08e213a35ed9bab7b318de14420fb57d8c,2003294739580992,135963,1000000000,0,1,0x454a2ab30000000000000000000000000000000000000000000000000000000000099bf2,,6225564,45508,20070965,0x454a2ab3,bid(uint256 _tokenId)
5437091,1523680304,0xfb1ef545facd068bf54f3befb2bee85f06c8b4d4eb657c9f8d83907cad75d220,286,0x01fe44e3190f583a998945b47c26dbc52b44c9253ecb40cbbab7eb491087e0ce,84,0x1f4b10ffb832581ae5a975ed38eeac9f4e960bdf,0x06012c8cf97bead5deae237070f9587f8e7a266d,0,235411,700000000,0,1,0x3d7d3f5a0000000000000000000000000000000000000000000000000000000000099bf2000000000000000000000000000000000000000000000000000aa87bee53800000000000000000000000000000000000000000000000000000071afd498d00000000000000000000000000000000000000000000000000000000000000054600,,7713335,140276,20070945,0x3d7d3f5a,"createSaleAuction(uint256 _kittyId, uint256 _startingPrice, uint256 _endingPrice, uint256 _duration)"
5437314,1523683538,0x1a2ecab965b12a0e575a1baffb2afb1a44233ab0412dbfec8a6a6373a29dce38,287,0xf82fbc5978837505579d8ff279d1264f5720a9f9b89b652e0048f2a8f470753a,162,0x1f4b10ffb832581ae5a975ed38eeac9f4e960bdf,0xb1690c08e213a35ed9bab7b318de14420fb57d8c,6610900282106905,110000,1000000000,0,1,0x454a2ab300000000000000000000000000000000000000000000000000000000000a6ee5,,6411780,45508,20070722,0x454a2ab3,bid(uint256 _tokenId)
5437329,1523683690,0x3a29c83c08512fa9188a6d2734d55fbcb7ce19b9bc85d8922a4aedc2dd12a568,288,0xe4015a9ceace506fa93b5891c1f82574cf667b4f2aad5dfe11732047c6cd627a,46,0x1f4b10ffb832581ae5a975ed38eeac9f4e960bdf,0xb1690c08e213a35ed9bab7b318de14420fb57d8c,0,75000,700000000,0,1,0x96b5a75500000000000000000000000000000000000000000000000000000000000a64a2,,1962831,36389,20070707,0x96b5a755,cancelAuction(uint256 _tokenId)
5441605,1523746316,0xe1d1e74d7274d46fdd65aeeebd225bd5a958e2225f3d78b689a35ec113346ff5,289,0xcafce2ce700fa65599f56e734ca0ac1792a34f4cf61ef179d6f16b2593239f2c,24,0x1f4b10ffb832581ae5a975ed38eeac9f4e960bdf,0x06012c8cf97bead5deae237070f9587f8e7a266d,0,235507,1000000000,0,1,0x3d7d3f5a00000000000000000000000000000000000000000000000000000000000a6ee5000000000000000000000000000000000000000000000000001c6bf5263400000000000000000000000000000000000000000000000000000018de76816d80000000000000000000000000000000000000000000000000000000000000069780,,1373100,140340,20066431,0x3d7d3f5a,"createSaleAuction(uint256 _kittyId, uint256 _startingPrice, uint256 _endingPrice, uint256 _duration)"
5441608,1523746353,0x74e64a495d587e5c147a38df9592192d3affb8b184aadf3440036746993b0b1c,290,0xe2e033ef6f0856cd4fd04afc839fd79ed73719109f20b61bd2676ce09908c48a,20,0x1f4b10ffb832581ae5a975ed38eeac9f4e960bdf,0x06012c8cf97bead5deae237070f9587f8e7a266d,0,235507,1000000000,0,1,0x3d7d3f5a00000000000000000000000000000000000000000000000000000000000a64a20000000000000000000000000000000000000000000000000018de76816d80000000000000000000000000000000000000000000000000000018de76816d80000000000000000000000000000000000000000000000000000000000000054600,,2037648,140340,20066428,0x3d7d3f5a,"createSaleAuction(uint256 _kittyId, uint256 _startingPrice, uint256 _endingPrice, uint256 _duration)"
5441824,1523749418,0x5ca027b1edd376a4ed735038453d9c6cb0179bdd7719292e32f8de4fcbbfa116,291,0xb275e196be33fc028801dee63e97a0939e53a42d3d92b4945b3efce13bcf620e,82,0x1f4b10ffb832581ae5a975ed38eeac9f4e960bdf,0xe0d5ef9dbd7147e2d133aa8cb6d6c53778228e4f,0,47290,1000000000,0,1,0x,,3550125,47290,20066212,0x,
5441827,1523749460,0xf2f013d93c80269b3ad1ef361869872fb8223e5207701e68bb207350cdd566d5,292,0x91039b58c4a3242605c15c2d7cdc3d6100550af770fafaee3d6852ebbd596a9f,41,0x1f4b10ffb832581ae5a975ed38eeac9f4e960bdf,0xe0d5ef9dbd7147e2d133aa8cb6d6c53778228e4f,0,47290,600000000,0,1,0x,,1959789,47290,20066209,0x,
5441827,1523749460,0x11a74facdebe1aef4311d16c2f287487968a36c126ea50a4b9337d4b842b6b15,293,0x91039b58c4a3242605c15c2d7cdc3d6100550af770fafaee3d6852ebbd596a9f,42,0x1f4b10ffb832581ae5a975ed38eeac9f4e960bdf,0xe0d5ef9dbd7147e2d133aa8cb6d6c53778228e4f,0,47290,600000000,0,1,0x,,2007079,47290,20066209,0x,
5441829,1523749498,0x21064c68fdcc3d570b05625a87e713da19990def8ece9d2006959f156f061fcf,294,0x2d11225e5489b1a7d3c2846556dfb651871824e458e8a337b107f3764aba1be0,91,0x1f4b10ffb832581ae5a975ed38eeac9f4e960bdf,0xe0d5ef9dbd7147e2d133aa8cb6d6c53778228e4f,0,47290,600000000,0,1,0x,,5533174,47290,20066207,0x,
5441831,1523749531,0xcef3640dc8d1cced81bfbf80ad6ccb16f67828bf61a17bb75626fd68d4368a71,295,0xae7436112fa2d10236f6ab5d4ce02e719dd37f91c81fa46a09b06f553238ccd1,121,0x1f4b10ffb832581ae5a975ed38eeac9f4e960bdf,0xe0d5ef9dbd7147e2d133aa8cb6d6c53778228e4f,0,47290,600000000,0,1,0x,,6225593,47290,20066205,0x,
5441831,1523749531,0xf115934ebd2bb7de6a9d427098b22d4f1b4ea2e968258584e4ca166b38bfa8de,296,0xae7436112fa2d10236f6ab5d4ce02e719dd37f91c81fa46a09b06f553238ccd1,122,0x1f4b10ffb832581ae5a975ed38eeac9f4e960bdf,0xe0d5ef9dbd7147e2d133aa8cb6d6c53778228e4f,0,47290,600000000,0,1,0x,,6272883,47290,20066205,0x,
5441831,1523749531,0x95ca06bf82c6e779033eb30e6008aeed6a90f108577b9e6ea65679fbe13c585c,297,0xae7436112fa2d10236f6ab5d4ce02e719dd37f91c81fa46a09b06f553238ccd1,123,0x1f4b10ffb832581ae5a975ed38eeac9f4e960bdf,0xe0d5ef9dbd7147e2d133aa8cb6d6c53778228e4f,0,47290,600000000,0,1,0x,,6320173,47290,20066205,0x,
5441831,1523749531,0x5e651e0d25f537624370cef8bdc978974cba0ca8f2f101c175381308bb685202,298,0xae7436112fa2d10236f6ab5d4ce02e719dd37f91c81fa46a09b06f553238ccd1,124,0x1f4b10ffb832581ae5a975ed38eeac9f4e960bdf,0xe0d5ef9dbd7147e2d133aa8cb6d6c53778228e4f,0,47290,600000000,0,1,0x,,6367463,47290,20066205,0x,
5441831,1523749531,0x1b4ecba2b17d111fad24d0502ee0ec1dd94b938f254056618c1432a9e8f0437e,299,0xae7436112fa2d10236f6ab5d4ce02e719dd37f91c81fa46a09b06f553238ccd1,125,0x1f4b10ffb832581ae5a975ed38eeac9f4e960bdf,0xe0d5ef9dbd7147e2d133aa8cb6d6c53778228e4f,0,47290,600000000,0,1,0x,,6414753,47290,20066205,0x,
5441831,1523749531,0xb8832ed4fe7834182865362629787e6e344f5b83d28f84545173024f7882e39a,300,0xae7436112fa2d10236f6ab5d4ce02e719dd37f91c81fa46a09b06f553238ccd1,126,0x1f4b10ffb832581ae5a975ed38eeac9f4e960bdf,0xe0d5ef9dbd7147e2d133aa8cb6d6c53778228e4f,0,47290,600000000,0,1,0x,,6462043,47290,20066205,0x,
5441831,1523749531,0xd9c99876c1b8f2b151b0ca73a6f301faaaeac8d9b8bf2ba8d0ad2896af7ef8e4,301,0xae7436112fa2d10236f6ab5d4ce02e719dd37f91c81fa46a09b06f553238ccd1,127,0x1f4b10ffb832581ae5a975ed38eeac9f4e960bdf,0xe0d5ef9dbd7147e2d133aa8cb6d6c53778228e4f,0,47290,600000000,0,1,0x,,6509333,47290,20066205,0x,
5441831,1523749531,0x42d3100c4d280c47abeda0a431901d3b1f4089d7b2e78a6a3d5f0f538adf7e6b,302,0xae7436112fa2d10236f6ab5d4ce02e719dd37f91c81fa46a09b06f553238ccd1,128,0x1f4b10ffb832581ae5a975ed38eeac9f4e960bdf,0xe0d5ef9dbd7147e2d133aa8cb6d6c53778228e4f,0,47290,600000000,0,1,0x,,6556623,47290,20066205,0x,
5441831,1523749531,0x6011e65f6ec5cc9ae8f4529e7bdc5f2ae7d2d6dd49bed5a9baacf5f7f1972d44,303,0xae7436112fa2d10236f6ab5d4ce02e719dd37f91c81fa46a09b06f553238ccd1,129,0x1f4b10ffb832581ae5a975ed38eeac9f4e960bdf,0xe0d5ef9dbd7147e2d133aa8cb6d6c53778228e4f,0,47290,600000000,0,1,0x,,6603913,47290,20066205,0x,
5441831,1523749531,0x08ac79c4da67bdfbc5871f4cec5795d46037d11e6d3e437a45a85884d2619020,304,0xae7436112fa2d10236f6ab5d4ce02e719dd37f91c81fa46a09b06f553238ccd1,130,0x1f4b10ffb832581ae5a975ed38eeac9f4e960bdf,0xe0d5ef9dbd7147e2d133aa8cb6d6c53778228e4f,0,47290,600000000,0,1,0x,,6651203,47290,20066205,0x,
5441831,1523749531,0x90b5d4cb0496056c20094cf4ed38b6e8a46457244222b068df0546fce334b696,305,0xae7436112fa2d10236f6ab5d4ce02e719dd37f91c81fa46a09b06f553238ccd1,131,0x1f4b10ffb832581ae5a975ed38eeac9f4e960bdf,0xe0d5ef9dbd7147e2d133aa8cb6d6c53778228e4f,0,47290,600000000,0,1,0x,,6698493,47290,20066205,0x,
5441831,1523749531,0x36e2451d07587ae1d843140d536d5c0ebef9eb3a76a773c3ba90e104cdc19883,306,0xae7436112fa2d10236f6ab5d4ce02e719dd37f91c81fa46a09b06f553238ccd1,132,0x1f4b10ffb832581ae5a975ed38eeac9f4e960bdf,0xe0d5ef9dbd7147e2d133aa8cb6d6c53778228e4f,0,47290,600000000,0,1,0x,,6745783,47290,20066205,0x,
5441831,1523749531,0xf06bfe2d5752a843e2a117d8bcfa6da45e6ac6300a2e331591731863317d8f88,307,0xae7436112fa2d10236f6ab5d4ce02e719dd37f91c81fa46a09b06f553238ccd1,133,0x1f4b10ffb832581ae5a975ed38eeac9f4e960bdf,0xe0d5ef9dbd7147e2d133aa8cb6d6c53778228e4f,0,47290,600000000,0,1,0x,,6793073,47290,20066205,0x,
5441831,1523749531,0x791ce1559346a760cb43d236847000c02fb536c71b9409fcc100464463dc82bd,308,0xae7436112fa2d10236f6ab5d4ce02e719dd37f91c81fa46a09b06f553238ccd1,134,0x1f4b10ffb832581ae5a975ed38eeac9f4e960bdf,0xe0d5ef9dbd7147e2d133aa8cb6d6c53778228e4f,0,47290,600000000,0,1,0x,,6840363,47290,20066205,0x,
5441831,1523749531,0x72c8eecac4155c5d5c1c16a8d37546a43b4c691761d74c3bbe93f3651b421bb1,309,0xae7436112fa2d10236f6ab5d4ce02e719dd37f91c81fa46a09b06f553238ccd1,135,0x1f4b10ffb832581ae5a975ed38eeac9f4e960bdf,0xe0d5ef9dbd7147e2d133aa8cb6d6c53778228e4f,0,47290,600000000,0,1,0x,,6887653,47290,20066205,0x,
5441831,1523749531,0x4aee04ecfb63c82a525c70d0dd713e4225502a3a1dccdf685fce9808fc13b1fe,310,0xae7436112fa2d10236f6ab5d4ce02e719dd37f91c81fa46a09b06f553238ccd1,136,0x1f4b10ffb832581ae5a975ed38eeac9f4e960bdf,0xe0d5ef9dbd7147e2d133aa8cb6d6c53778228e4f,0,47290,600000000,0,1,0x,,6934943,47290,20066205,0x,
5441854,1523749845,0x73e29d6262951fc7b5d77f7f8ffc85af779dd1fca182ec693cd67cdf6b53ce25,311,0x57528e484e50ee255597d8fa000341e060372138147887064d522a192c3ed5eb,121,0x1f4b10ffb832581ae5a975ed38eeac9f4e960bdf,0xe0d5ef9dbd7147e2d133aa8cb6d6c53778228e4f,0,47290,600000000,0,1,0x,,7595082,47290,20066182,0x,
5441854,1523749845,0xa9403c036d8bedeb4c4922b46e2c481963db91e061c3d883f86a2588f08b8710,312,0x57528e484e50ee255597d8fa000341e060372138147887064d522a192c3ed5eb,122,0x1f4b10ffb832581ae5a975ed38eeac9f4e960bdf,0xe0d5ef9dbd7147e2d133aa8cb6d6c53778228e4f,0,47290,600000000,0,1,0x,,7642372,47290,20066182,0x,
5441854,1523749845,0xf7869139fddf3f9019cf12c14e8c2c5e6d0dfb969f6bfdafc2999e56f5bafcd5,313,0x57528e484e50ee255597d8fa000341e060372138147887064d522a192c3ed5eb,123,0x1f4b10ffb832581ae5a975ed38eeac9f4e960bdf,0xe0d5ef9dbd7147e2d133aa8cb6d6c53778228e4f,0,47290,600000000,0,1,0x,,7689662,47290,20066182,0x,
5441854,1523749845,0x3cd8208af1926613a3226dbf1495a11150cce7a3f1d3b89073e060456605e54b,314,0x57528e484e50ee255597d8fa000341e060372138147887064d522a192c3ed5eb,124,0x1f4b10ffb832581ae5a975ed38eeac9f4e960bdf,0xe0d5ef9dbd7147e2d133aa8cb6d6c53778228e4f,0,47290,600000000,0,1,0x,,7736952,47290,20066182,0x,
5441854,1523749845,0x2f83310269548e0ea1cf02f9f183ed9e81769a6f3dff0ffe000f35aa816c7bda,315,0x57528e484e50ee255597d8fa000341e060372138147887064d522a192c3ed5eb,125,0x1f4b10ffb832581ae5a975ed38eeac9f4e960bdf,0xe0d5ef9dbd7147e2d133aa8cb6d6c53778228e4f,0,47290,600000000,0,1,0x,,7784242,47290,20066182,0x,
5441854,1523749845,0xaaf0f285e1adf530ada7bf037cb0b96c6970f6b264b7da76bafe4ca548fbd23f,316,0x57528e484e50ee255597d8fa000341e060372138147887064d522a192c3ed5eb,126,0x1f4b10ffb832581ae5a975ed38eeac9f4e960bdf,0xe0d5ef9dbd7147e2d133aa8cb6d6c53778228e4f,0,47290,600000000,0,1,0x,,7831532,47290,20066182,0x,
5441854,1523749845,0xe817cd66fa2351e426fb1e2f68777dc098119f102fafdb1adaf81abee1983f52,317,0x57528e484e50ee255597d8fa000341e060372138147887064d522a192c3ed5eb,127,0x1f4b10ffb832581ae5a975ed38eeac9f4e960bdf,0xe0d5ef9dbd7147e2d133aa8cb6d6c53778228e4f,0,47290,600000000,0,1,0x,,7878822,47290,20066182,0x,
5441854,1523749845,0x72c87108b7529699255e9249a73075ef8855e985239a25c502c2e868cf113cbb,318,0x57528e484e50ee255597d8fa000341e060372138147887064d522a192c3ed5eb,128,0x1f4b10ffb832581ae5a975ed38eeac9f4e960bdf,0xe0d5ef9dbd7147e2d133aa8cb6d6c53778228e4f,0,47290,600000000,0,1,0x,,7926112,47290,20066182,0x,
5441856,1523749892,0xb6ee2f8d6a0d23bbd5e687fe156cfcd311b3a03172c57e257b52d1f0bc08c97a,319,0x7dc8cb68e854caf8ae8c91d33aa91e8c6c1ea3f8bfb1d1082e151ff001ff08ca,142,0x1f4b10ffb832581ae5a975ed38eeac9f4e960bdf,0xe0d5ef9dbd7147e2d133aa8cb6d6c53778228e4f,0,47290,400000000,0,1,0x,,7938142,47290,20066180,0x,
5441866,1523750022,0x9b5fd024b981af09289039ad59310c427865110af903422bb2becd2dedb5812b,320,0xdd06e96db65757c0ad22aa1fd3a466934be0445a247025034889e32e4726c8a3,145,0x1f4b10ffb832581ae5a975ed38eeac9f4e960bdf,0xe0d5ef9dbd7147e2d133aa8cb6d6c53778228e4f,0,47290,400000000,0,1,0x,,7947620,47290,20066170,0x,
5441866,1523750022,0xf5c9a854ad728f2a74d567c0fb751bf4aea9f432d16f7b4d8a032a856f5d3674,321,0xdd06e96db65757c0ad22aa1fd3a466934be0445a247025034889e32e4726c8a3,146,0x1f4b10ffb832581ae5a975ed38eeac9f4e960bdf,0xe0d5ef9dbd7147e2d133aa8cb6d6c53778228e4f,0,47290,400000000,0,1,0x,,7994910,47290,20066170,0x,
5441873,1523750192,0x276ce337a34034916cd86c9fac2d95dcec0d8a75e6bf7c72bd1955cd65267662,322,0x8155a54957914694f557315078cf79b3a61d5ce491477241d63640e1def2f660,94,0x1f4b10ffb832581ae5a975ed38eeac9f4e960bdf,0xe0d5ef9dbd7147e2d133aa8cb6d6c53778228e4f,0,47290,400000000,0,1,0x,,7845455,47290,20066163,0x,
5441876,1523750242,0xbbeb64801a5f1e0cd88e244db04396034c41849045f5287751f9579ed1da0f5a,323,0xad91030b1c79f457e0bcf4e0ae38ecbe3cd5a995687487a8d3354ea97ca63ed2,77,0x1f4b10ffb832581ae5a975ed38eeac9f4e960bdf,0xe0d5ef9dbd7147e2d133aa8cb6d6c53778228e4f,0,47290,400000000,0,1,0x,,7639351,47290,20066160,0x,
5441879,1523750284,0xd8f7f68299fb500e0331e6dc26d5146a579081fa886af1543e2658cad46733d0,324,0xbf186af9c17eb41dcd8d0b18823ab5ccfda7f51862856c50d227bdf7b97c9aec,80,0x1f4b10ffb832581ae5a975ed38eeac9f4e960bdf,0xe0d5ef9dbd7147e2d133aa8cb6d6c53778228e4f,0,47290,400000000,0,1,0x,,7628686,47290,20066157,0x,
5441879,1523750284,0x76a78d2b164ff90a107bbd6d12b265e68b6b84418359040b6c3b036b166dc5a7,325,0xbf186af9c17eb41dcd8d0b18823ab5ccfda7f51862856c50d227bdf7b97c9aec,81,0x1f4b10ffb832581ae5a975ed38eeac9f4e960bdf,0xe0d5ef9dbd7147e2d133aa8cb6d6c53778228e4f,0,47290,400000000,0,1,0x,,7675976,47290,20066157,0x,
5441879,1523750284,0x32ca8150c3c6aae2e84e41debdcd8d20e09798882dadce06edbcc58ebe79e5ca,326,0xbf186af9c17eb41dcd8d0b18823ab5ccfda7f51862856c50d227bdf7b97c9aec,82,0x1f4b10ffb832581ae5a975ed38eeac9f4e960bdf,0xe0d5ef9dbd7147e2d133aa8cb6d6c53778228e4f,0,47290,400000000,0,1,0x,,7723266,47290,20066157,0x,
5441879,1523750284,0xa822332ee8fbcdcd16d95b9fb9096e576c14c091ca834b98451331f42e3846ff,327,0xbf186af9c17eb41dcd8d0b18823ab5ccfda7f51862856c50d227bdf7b97c9aec,83,0x1f4b10ffb832581ae5a975ed38eeac9f4e960bdf,0xe0d5ef9dbd7147e2d133aa8cb6d6c53778228e4f,0,47290,400000000,0,1,0x,,7770556,47290,20066157,0x,
5441879,1523750284,0xf9135e539c1139653a76e504e45ee9fb311f30ef564be88b19da55c5bb478854,328,0xbf186af9c17eb41dcd8d0b18823ab5ccfda7f51862856c50d227bdf7b97c9aec,84,0x1f4b10ffb832581ae5a975ed38eeac9f4e960bdf,0xe0d5ef9dbd7147e2d133aa8cb6d6c53778228e4f,0,47290,400000000,0,1,0x,,7817846,47290,20066157,0x,
5441879,1523750284,0xaac2c0c35fea3218353bca321ded1032e0e4a10508baafb4bb00f3ce5aef5be5,329,0xbf186af9c17eb41dcd8d0b18823ab5ccfda7f51862856c50d227bdf7b97c9aec,85,0x1f4b10ffb832581ae5a975ed38eeac9f4e960bdf,0xe0d5ef9dbd7147e2d133aa8cb6d6c53778228e4f,0,47290,400000000,0,1,0x,,7865136,47290,20066157,0x,
5441879,1523750284,0xcf77e75f5b63aefa9d9416c921f62a56114d990f6f79f4305d236965e9a6f29a,330,0xbf186af9c17eb41dcd8d0b18823ab5ccfda7f51862856c50d227bdf7b97c9aec,86,0x1f4b10ffb832581ae5a975ed38eeac9f4e960bdf,0xe0d5ef9dbd7147e2d133aa8cb6d6c53778228e4f,0,47290,400000000,0,1,0x,,7912426,47290,20066157,0x,
5441879,1523750284,0x879ea07f011c23580d880026c892ddc54da00af5e421259844a6075452e2b115,331,0xbf186af9c17eb41dcd8d0b18823ab5ccfda7f51862856c50d227bdf7b97c9aec,87,0x1f4b10ffb832581ae5a975ed38eeac9f4e960bdf,0xe0d5ef9dbd7147e2d133aa8cb6d6c53778228e4f,0,47290,400000000,0,1,0x,,7959716,47290,20066157,0x,
5441880,1523750287,0xed9660409539c37069a6126fb186f3598a7163a1b55f7bb556f3846ef2d68441,332,0xaa7b2c27f04e71015386234f8ac9e020fc946341253acc5a7e6ca39e79f52fb6,24,0x1f4b10ffb832581ae5a975ed38eeac9f4e960bdf,0xe0d5ef9dbd7147e2d133aa8cb6d6c53778228e4f,0,47290,400000000,0,1,0x,,4298339,47290,20066156,0x,
5441880,1523750287,0xfa63c274090be1843ecc3bc3fbcedbfc67bde1c7b53783ced8f150099dcd238d,333,0xaa7b2c27f04e71015386234f8ac9e020fc946341253acc5a7e6ca39e79f52fb6,25,0x1f4b10ffb832581ae5a975ed38eeac9f4e960bdf,0xe0d5ef9dbd7147e2d133aa8cb6d6c53778228e4f,0,47290,400000000,0,1,0x,,4345629,47290,20066156,0x,
5441880,1523750287,0xbe6c4f58e638a13c3f285b28e238f8975a1306572963e7dc50bd0fdbf0e7aaa3,334,0xaa7b2c27f04e71015386234f8ac9e020fc946341253acc5a7e6ca39e79f52fb6,26,0x1f4b10ffb832581ae5a975ed38eeac9f4e960bdf,0xe0d5ef9dbd7147e2d133aa8cb6d6c53778228e4f,0,47290,400000000,0,1,0x,,4392919,47290,20066156,0x,
5441880,1523750287,0x24eabde82318cdd37eed3b8a4c51e3ff859e2034035a257a02ad79c2f3bd8c6a,335,0xaa7b2c27f04e71015386234f8ac9e020fc946341253acc5a7e6ca39e79f52fb6,27,0x1f4b10ffb832581ae5a975ed38eeac9f4e960bdf,0xe0d5ef9dbd7147e2d133aa8cb6d6c53778228e4f,0,47290,400000000,0,1,0x,,4440209,47290,20066156,0x,
5441880,1523750287,0x0b86a764b1f105d07bb6cc4fd0816e97cd0445c930961c11938ed1e97bc1b7f0,336,0xaa7b2c27f04e71015386234f8ac9e020fc946341253acc5a7e6ca39e79f52fb6,28,0x1f4b10ffb832581ae5a975ed38eeac9f4e960bdf,0xe0d5ef9dbd7147e2d133aa8cb6d6c53778228e4f,0,47290,400000000,0,1,0x,,4487499,47290,20066156,0x,
5441880,1523750287,0x9b5359f6d43981187dbd8310a0a4238e400df366e8c2115782665dba041c5e21,337,0xaa7b2c27f04e71015386234f8ac9e020fc946341253acc5a7e6ca39e79f52fb6,29,0x1f4b10ffb832581ae5a975ed38eeac9f4e960bdf,0xe0d5ef9dbd7147e2d133aa8cb6d6c53778228e4f,0,47290,400000000,0,1,0x,,4534789,47290,20066156,0x,
5441880,1523750287,0xa036aa721e2c9c45622ff48256481f176b0d0e832bd46b86689dad0358fd32c8,338,0xaa7b2c27f04e71015386234f8ac9e020fc946341253acc5a7e6ca39e79f52fb6,30,0x1f4b10ffb832581ae5a975ed38eeac9f4e960bdf,0xe0d5ef9dbd7147e2d133aa8cb6d6c53778228e4f,0,47290,400000000,0,1,0x,,4582079,47290,20066156,0x,
5441880,1523750287,0xd1d2d422802d425408bdcc1cbfbd3a8bb719bcee1d858109c35c5af1453fc96a,339,0xaa7b2c27f04e71015386234f8ac9e020fc946341253acc5a7e6ca39e79f52fb6,31,0x1f4b10ffb832581ae5a975ed38eeac9f4e960bdf,0xe0d5ef9dbd7147e2d133aa8cb6d6c53778228e4f,0,47290,400000000,0,1,0x,,4629369,47290,20066156,0x,
5441880,1523750287,0x9ddd4c34c3378f69f4b1645d5451c52bb5216742a8cafab96260fdb65cfa6370,340,0xaa7b2c27f04e71015386234f8ac9e020fc946341253acc5a7e6ca39e79f52fb6,32,0x1f4b10ffb832581ae5a975ed38eeac9f4e960bdf,0xe0d5ef9dbd7147e2d133aa8cb6d6c53778228e4f,0,47290,400000000,0,1,0x,,4676659,47290,20066156,0x,
5441880,1523750287,0x0f76958a231a15a4b2798a8bd6842b5a6600b86f735462bdc22fee1470e16da7,341,0xaa7b2c27f04e71015386234f8ac9e020fc946341253acc5a7e6ca39e79f52fb6,33,0x1f4b10ffb832581ae5a975ed38eeac9f4e960bdf,0xe0d5ef9dbd7147e2d133aa8cb6d6c53778228e4f,0,47290,400000000,0,1,0x,,4723949,47290,20066156,0x,
5441880,1523750287,0x693efc1ea6486ff65a75c84838a79280cf85b96dcba9df48f0308b62c8ac2b5c,342,0xaa7b2c27f04e71015386234f8ac9e020fc946341253acc5a7e6ca39e79f52fb6,34,0x1f4b10ffb832581ae5a975ed38eeac9f4e960bdf,0xe0d5ef9dbd7147e2d133aa8cb6d6c53778228e4f,0,47290,400000000,0,1,0x,,4771239,47290,20066156,0x,
5441880,1523750287,0x9e5c21c01e8f0d1d6f856d650f79ec6800771b5887d2a455ac456faa21807847,343,0xaa7b2c27f04e71015386234f8ac9e020fc946341253acc5a7e6ca39e79f52fb6,35,0x1f4b10ffb832581ae5a975ed38eeac9f4e960bdf,0xe0d5ef9dbd7147e2d133aa8cb6d6c53778228e4f,0,47290,400000000,0,1,0x,,4818529,47290,20066156,0x,
5441880,1523750287,0xb58a5ccf726522b73c624fdfd6c17a86a2d52a418fdeb21573238cc7996eb561,344,0xaa7b2c27f04e71015386234f8ac9e020fc946341253acc5a7e6ca39e79f52fb6,36,0x1f4b10ffb832581ae5a975ed38eeac9f4e960bdf,0xe0d5ef9dbd7147e2d133aa8cb6d6c53778228e4f,0,47290,400000000,0,1,0x,,4865819,47290,20066156,0x,
5441880,1523750287,0x7c28e82542c69a22eae7d60f2454811104341b8f8ba08999c3d8d501040ab8b8,345,0xaa7b2c27f04e71015386234f8ac9e020fc946341253acc5a7e6ca39e79f52fb6,37,0x1f4b10ffb832581ae5a975ed38eeac9f4e960bdf,0xe0d5ef9dbd7147e2d133aa8cb6d6c53778228e4f,0,47290,1000000000,0,1,0x,,4913109,47290,20066156,0x,
5441880,1523750287,0x30015804dacfd40afd883d3affba7cc2930588461abeaf7557a6e2788a78b7b9,346,0xaa7b2c27f04e71015386234f8ac9e020fc946341253acc5a7e6ca39e79f52fb6,38,0x1f4b10ffb832581ae5a975ed38eeac9f4e960bdf,0xe0d5ef9dbd7147e2d133aa8cb6d6c53778228e4f,0,47290,1000000000,0,1,0x,,4960399,47290,20066156,0x,
5442440,1523758444,0xf775958757c2f903f3581db851b8739f62f7416f0dd9aa81cf3a76d363511116,347,0x9069d224b09dcafd48b566d3e1b36265fc001147663cb20281200c916e04beba,148,0x1f4b10ffb832581ae5a975ed38eeac9f4e960bdf,0xb1690c08e213a35ed9bab7b318de14420fb57d8c,1000000000000000,125815,1000000000,0,1,0x454a2ab3000000000000000000000000000000000000000000000000000000000004989b,,7904034,41872,20065596,0x454a2ab3,bid(uint256 _tokenId)
5442460,1523758577,0x0e3c4e79a7d6a36500111689d7b7f3dca5f0dd3bfcfacda49342fe5227ee9079,348,0x08f6cdeb540ca22192c468a86474f4825b4fb7b78351cf62a17dc28f751ed8b7,51,0x1f4b10ffb832581ae5a975ed38eeac9f4e960bdf,0x06012c8cf97bead5deae237070f9587f8e7a266d,0,235507,600000000,0,1,0x3d7d3f5a000000000000000000000000000000000000000000000000000000000004989b000000000000000000000000000000000000000000000000000aa87bee53800000000000000000000000000000000000000000000000000000071afd498d0000000000000000000000000000000000000000000000000000000000000003f480,,2698839,140340,20065576,0x3d7d3f5a,"createSaleAuction(uint256 _kittyId, uint256 _startingPrice, uint256 _endingPrice, uint256 _duration)"
5442812,1523763366,0x5b0eaa15972fe8eed979dfe655ffb393dd4b82feac3b2bf244c8da2b0c278169,424,0x71dd6a4e82751d7d6212a40021ce104f260136b3f014faeffba6a54915e9db13,189,0x73b459244985898b1cca4698bc9dfc14f354eb07,0x1f4b10ffb832581ae5a975ed38eeac9f4e960bdf,10000000000000000,21000,1000000000,0,1,0x,,7604668,21000,20065224,0x,
5442827,1523763555,0xef4cc4a447aa99d797a33cec1bffef792108f5362a0734a03d2873f1dd44ee28,349,0xa38ea6466577e7c025490d372a7f3ba82a7d6f0da1357d9b3aa21d86c32be5e1,129,0x1f4b10ffb832581ae5a975ed38eeac9f4e960bdf,0x06012c8cf97bead5deae237070f9587f8e7a266d,8000000000000000,119977,1000000000,0,1,0xf7d8c88300000000000000000000000000000000000000000000000000000000000a757600000000000000000000000000000000000000000000000000000000000a7849,,5426596,79985,20065209,0xf7d8c883,"breedWithAuto(uint256 _matronId, uint256 _sireId)"
5442890,1523764408,0x62289435f90512412307faad06aed5af21fbca5ee742761464165c17be9db3f6,350,0x76306af61bc8d5cd8e96be9787c16ecf007a5933dd95a7eab1fc1d0fbd3b669d,58,0x1f4b10ffb832581ae5a975ed38eeac9f4e960bdf,0x06012c8cf97bead5deae237070f9587f8e7a266d,0,235603,1000000000,0,1,0x3d7d3f5a00000000000000000000000000000000000000000000000000000000000a8ef80000000000000000000000000000000000000000000000000018de76816d80000000000000000000000000000000000000000000000000000018de76816d8000000000000000000000000000000000000000000000000000000000000003f480,,2328702,140404,20065146,0x3d7d3f5a,"createSaleAuction(uint256 _kittyId, uint256 _startingPrice, uint256 _endingPrice, uint256 _duration)"
5445273,1523799842,0xf085b84418577af542c1bb592eb7738ff2ebc84b103ec74866977a3e735025ce,351,0x3dd9857cec94f4c0384d7c1ad0838ade7309ef372d2ef6798eba672c1585566e,198,0x1f4b10ffb832581ae5a975ed38eeac9f4e960bdf,0xb1690c08e213a35ed9bab7b318de14420fb57d8c,2247567059826682,135963,600000000,1,0,0x454a2ab300000000000000000000000000000000000000000000000000000000000a8cf1,,7823058,22540,20062763,0x454a2ab3,bid(uint256 _tokenId)
5445273,1523799842,0xfc33d7db433f0af636d40642995808ab64f3411f7d7ed14cdae640e679b61013,352,0x3dd9857cec94f4c0384d7c1ad0838ade7309ef372d2ef6798eba672c1585566e,199,0x1f4b10ffb832581ae5a975ed38eeac9f4e960bdf,0xb1690c08e213a35ed9bab7b318de14420fb57d8c,0,109165,1000000000,0,1,0x96b5a7550000000000000000000000000000000000000000000000000000000000089342,,7859447,36389,20062763,0x96b5a755,cancelAuction(uint256 _tokenId)
5445367,1523801117,0xededd8e04cec6d4be8e6dfbee72d0e4b523d927ea3ae2459ea1b94cb4d6690ad,353,0x7b4d276a87fa4d3332a732d06f404057abe63fbcd53196933a25833f0dd41eb8,73,0x1f4b10ffb832581ae5a975ed38eeac9f4e960bdf,0xb3775fb83f7d12a36e0475abdd1fca35c091efbe,2500000000000000,147867,1000000000,0,1,0xf088d5470000000000000000000000000000000000000000000000000000000000000000,,4022860,98578,20062669,0xf088d547,buy(address recipient)
5445447,1523802394,0xb9a8446fa7d9434d9ffc18e165ec45815b6885b5feaa910bb45d7aa966ee1a88,354,0xec509f461f32d09d881400166a36d1bca76d3f78f7669ef738e3684eb729ca3c,90,0x1f4b10ffb832581ae5a975ed38eeac9f4e960bdf,0x57b116da40f21f91aec57329ecb763d29c1b2355,0,195361,1000000000,0,1,0x2bfd2e0600000000000000000000000000000000000000000000000000000000000000010000000000000000000000000000000000000000000000000000000000000001,,4524671,130241,20062589,0x2bfd2e06,"buyBasicUnit(uint256 unitId, uint256 amount)"
5445466,1523802719,0xe5e0572cad51b90bf224eea36a34e0fc53fb26917cbe008d64f5cf734f311b56,355,0xb7280d2acbaf01896606838252a140627ee4d1c835d7b5c2baacbafaac8aa03e,38,0x1f4b10ffb832581ae5a975ed38eeac9f4e960bdf,0x57b116da40f21f91aec57329ecb763d29c1b2355,0,129346,1000000000,0,1,0x2bfd2e0600000000000000000000000000000000000000000000000000000000000000010000000000000000000000000000000000000000000000000000000000000001,,4777173,86231,20062570,0x2bfd2e06,"buyBasicUnit(uint256 unitId, uint256 amount)"
5445472,1523802801,0x21ffdd96ac22697c2ddc97db8d1bcef64144dc2f1cf28b4b5241d600c23cd2a5,356,0x501281af39d464929c2d659b33bc9133fe0b5f8415320aed4e8af6b4feb324f6,122,0x1f4b10ffb832581ae5a975ed38eeac9f4e960bdf,0x57b116da40f21f91aec57329ecb763d29c1b2355,0,99087,1000000000,0,1,0x2bfd2e0600000000000000000000000000000000000000000000000000000000000000280000000000000000000000000000000000000000000000000000000000000001,,5252820,66058,20062564,0x2bfd2e06,"buyBasicUnit(uint256 unitId, uint256 amount)"
5445479,1523802869,0x4e4bf510354d3149228cbec7e6763b26bb844c590ad472c6e6170df1abd9b76d,357,0x328c15604e20ef66e172f03d742e10bfd4130874c6bd7eeaff1d673ae22c1a24,80,0x1f4b10ffb832581ae5a975ed38eeac9f4e960bdf,0x57b116da40f21f91aec57329ecb763d29c1b2355,0,99087,1000000000,1,0,0x2bfd2e0600000000000000000000000000000000000000000000000000000000000000280000000000000000000000000000000000000000000000000000000000000001,,5219503,28487,20062557,0x2bfd2e06,"buyBasicUnit(uint256 unitId, uint256 amount)"
5445481,1523802885,0xeb0ed942ea7216f0a6107488aa2781d3bfe7011b26fc5304956c8cdfce0cd391,358,0x538f66a2be6f981e922f4c5039b6aa70e93d283346994aecbb50416c296aee77,55,0x1f4b10ffb832581ae5a975ed38eeac9f4e960bdf,0x57b116da40f21f91aec57329ecb763d29c1b2355,0,99087,1000000000,1,0,0x2bfd2e0600000000000000000000000000000000000000000000000000000000000000280000000000000000000000000000000000000000000000000000000000000001,,3152862,28487,20062555,0x2bfd2e06,"buyBasicUnit(uint256 unitId, uint256 amount)"
5445481,1523802885,0x31a434dc313e1615ecd8f28fdf7f0140545a7212171ad284c9c2f7dc72431bac,359,0x538f66a2be6f981e922f4c5039b6aa70e93d283346994aecbb50416c296aee77,93,0x1f4b10ffb832581ae5a975ed38eeac9f4e960bdf,0x57b116da40f21f91aec57329ecb763d29c1b2355,0,99087,1000000000,1,0,0x2bfd2e0600000000000000000000000000000000000000000000000000000000000000280000000000000000000000000000000000000000000000000000000000000001,,6557143,28487,20062555,0x2bfd2e06,"buyBasicUnit(uint256 unitId, uint256 amount)"
5445481,1523802885,0x54d47312883c4b2be9984ff80a88bef3447ceb337ab51decdd6d93246e30519e,360,0x538f66a2be6f981e922f4c5039b6aa70e93d283346994aecbb50416c296aee77,97,0x1f4b10ffb832581ae5a975ed38eeac9f4e960bdf,0x57b116da40f21f91aec57329ecb763d29c1b2355,0,99087,1000000000,1,0,0x2bfd2e0600000000000000000000000000000000000000000000000000000000000000280000000000000000000000000000000000000000000000000000000000000001,,6871360,28487,20062555,0x2bfd2e06,"buyBasicUnit(uint256 unitId, uint256 amount)"
5445481,1523802885,0xfdb5247e494c901cf23c5fc9a4948d3bc39f8a9b1f7855c13c26276bd0660a14,361,0x538f66a2be6f981e922f4c5039b6aa70e93d283346994aecbb50416c296aee77,101,0x1f4b10ffb832581ae5a975ed38eeac9f4e960bdf,0x57b116da40f21f91aec57329ecb763d29c1b2355,0,208668,1000000000,0,1,0x5dc22cce00000000000000000000000082f45b68d11762499d2542c30a7ad3a05074a9ad,,7258196,139112,20062555,0x5dc22cce,attackPlayer(address target)
5445495,1523803041,0x9b58f7ffa535cfaa75f36de5a95e6abc4f648426b222ee95d8231b51bbcd6e93,362,0x39a66f172c104a1b8a5bda133dc902a0b76d5db0e8fc438da31ec0ea38bf2af5,62,0x1f4b10ffb832581ae5a975ed38eeac9f4e960bdf,0x57b116da40f21f91aec57329ecb763d29c1b2355,0,270936,700000000,0,1,0x60f61a4c0000000000000000000000000000000000000000000000000000000000000001,,5171461,180624,20062541,0x60f61a4c,buyUnitRaffleTicket(uint256 amount)
5445498,1523803062,0xd75f0fd02b4e5290ad4b048aff0b4caf02363eaaec0210ce4d7c689460664f51,363,0xce61513f4886afe3134a2069f340532726d4284af0dea4ec592d68240e06139f,179,0x1f4b10ffb832581ae5a975ed38eeac9f4e960bdf,0x57b116da40f21f91aec57329ecb763d29c1b2355,0,270936,700000000,0,1,0x60f61a4c0000000000000000000000000000000000000000000000000000000000000001,,7122121,99328,20062538,0x60f61a4c,buyUnitRaffleTicket(uint256 amount)
5445500,1523803107,0x28748fbfce3d73a2c1ed4d3ce8a45f016908fa4594c8c3a5963abda53349ccf5,364,0x6033f15feb3725f15b2ba9998dd950ff57dd69cc88d16047081492fcd0b48770,70,0x1f4b10ffb832581ae5a975ed38eeac9f4e960bdf,0x57b116da40f21f91aec57329ecb763d29c1b2355,0,270936,1000000000,1,0,0x60f61a4c0000000000000000000000000000000000000000000000000000000000000001,,6805886,24209,20062536,0x60f61a4c,buyUnitRaffleTicket(uint256 amount)
5445512,1523803240,0x7c1067aac99ee4de509109589ec82a406ce4ec3baf2cba798388d61d1deae12f,365,0x368a4b04f9568e5955eb631c18a7fbce33021e595b8f3040005d8054c03ce703,72,0x1f4b10ffb832581ae5a975ed38eeac9f4e960bdf,0x57b116da40f21f91aec57329ecb763d29c1b2355,0,76930,1000000000,0,1,0x2bfd2e0600000000000000000000000000000000000000000000000000000000000000280000000000000000000000000000000000000000000000000000000000000001,,3518472,51287,20062524,0x2bfd2e06,"buyBasicUnit(uint256 unitId, uint256 amount)"
5445527,1523803486,0x51cf061832a2562d5dd70e3aadd92a0efb8b12c10cefeee120ea5240b9569810,366,0x5ee3c0eb307f3dd4b28e460a4f261ea3e2e6d43b55a3d0f25cf2dc69c6b443ab,86,0x1f4b10ffb832581ae5a975ed38eeac9f4e960bdf,0x57b116da40f21f91aec57329ecb763d29c1b2355,0,129582,1000000000,0,1,0x2bfd2e0600000000000000000000000000000000000000000000000000000000000000020000000000000000000000000000000000000000000000000000000000000001,,5640939,86388,20062509,0x2bfd2e06,"buyBasicUnit(uint256 unitId, uint256 amount)"
5445597,1523804601,0x3f881bbfa1260ccd4a991a74e00696b3abee6e6ef5d10c710d2dde75c9eb5bad,367,0xc61a098b170adf03ac045969e82b93b8faad6b845ad7efb6220795fd2fad929a,53,0x1f4b10ffb832581ae5a975ed38eeac9f4e960bdf,0x57b116da40f21f91aec57329ecb763d29c1b2355,0,99781,1000000000,0,1,0x2bfd2e06000000000000000000000000000000000000000000000000000000000000002b0000000000000000000000000000000000000000000000000000000000000002,,7953776,66521,20062439,0x2bfd2e06,"buyBasicUnit(uint256 unitId, uint256 amount)"
5445612,1523804878,0x8daa3155bab9ac1c980726cdabc8ba10df75a9b9d430f08bcf96a64617948dc9,368,0x3189f66a9cdbcba1a4111698b6a0169f6e0903c2fbea2867bd0366d1c91264e5,115,0x1f4b10ffb832581ae5a975ed38eeac9f4e960bdf,0x57b116da40f21f91aec57329ecb763d29c1b2355,0,155590,1000000000,0,1,0x5dc22cce000000000000000000000000070bc477777bddf27de88962ac9912c36fd0b068,,5831953,103727,20062424,0x5dc22cce,attackPlayer(address target)
5445647,1523805367,0x90ce2eec8f73eebcee7c126cb9e8e41848204d4d37a7b5d1232a5ca69f33ce96,369,0x0061287d1a2b7e20dd739801ac9afef71fb2ec4b907b7841b1544a868f25ecc6,82,0x1f4b10ffb832581ae5a975ed38eeac9f4e960bdf,0x57b116da40f21f91aec57329ecb763d29c1b2355,0,108954,1000000000,0,1,0x2bfd2e0600000000000000000000000000000000000000000000000000000000000000010000000000000000000000000000000000000000000000000000000000000061,,4715976,72636,20062389,0x2bfd2e06,"buyBasicUnit(uint256 unitId, uint256 amount)"
5445653,1523805425,0xe9369884c9e955c95fff267feb01d87cff51dd11e4acf53fbde29d6da4e940ea,370,0x973ff4ff35fa4b0986bc808888b0d32d1ad861021d1643da1331bcd7882a4cc6,87,0x1f4b10ffb832581ae5a975ed38eeac9f4e960bdf,0x57b116da40f21f91aec57329ecb763d29c1b2355,0,109039,700000000,0,1,0x2bfd2e0600000000000000000000000000000000000000000000000000000000000000020000000000000000000000000000000000000000000000000000000000000062,,7919701,72693,20062383,0x2bfd2e06,"buyBasicUnit(uint256 unitId, uint256 amount)"
5445669,1523805722,0x5aba7865e6a52f515447721267c21e1644b2c77c8fbb68cc743d013be28f5307,371,0xcce7643a1001084adf9a76f95218a3d8d2717fd9063ebd7177803593d54ffd35,91,0x1f4b10ffb832581ae5a975ed38eeac9f4e960bdf,0x57b116da40f21f91aec57329ecb763d29c1b2355,0,130855,1000000000,0,1,0x2bfd2e0600000000000000000000000000000000000000000000000000000000000000060000000000000000000000000000000000000000000000000000000000000063,,7910127,87237,20062367,0x2bfd2e06,"buyBasicUnit(uint256 unitId, uint256 amount)"
5445670,1523805726,0xab0c58336dff7ec2775ce4b0993835cd63cedb4f537826c74cc909b6d3f8e9d4,372,0x0b11c24c2b5e70c8996bb415d49383aa80e5bdb44aca59e7e131e7070798c59e,124,0x1f4b10ffb832581ae5a975ed38eeac9f4e960bdf,0x57b116da40f21f91aec57329ecb763d29c1b2355,0,130855,2000000000,1,0,0x2bfd2e0600000000000000000000000000000000000000000000000000000000000000060000000000000000000000000000000000000000000000000000000000000063,,3282791,28357,20062366,0x2bfd2e06,"buyBasicUnit(uint256 unitId, uint256 amount)"
5445672,1523805763,0x316f88da82ad189825788aaf73ab3b49a40d2d97f6ce87054c5931f69c934f39,373,0xdc1d0b4297c2b4bae312496e1f43dbd8786cf699d022f740d04f9bfc6443e094,36,0x1f4b10ffb832581ae5a975ed38eeac9f4e960bdf,0x57b116da40f21f91aec57329ecb763d29c1b2355,0,100360,1000000000,0,1,0x2bfd2e06000000000000000000000000000000000000000000000000000000000000002c0000000000000000000000000000000000000000000000000000000000000063,,2405096,66907,20062364,0x2bfd2e06,"buyBasicUnit(uint256 unitId, uint256 amount)"
5445685,1523805919,0x3c1f04d2736cdda30baa67fbe3ff737b14d78365c65422754452de0a97c4992e,374,0x184638712558348a7a9a4d4cc82102af44176476ae99c6c69542d243a1386617,55,0x1f4b10ffb832581ae5a975ed38eeac9f4e960bdf,0x57b116da40f21f91aec57329ecb763d29c1b2355,0,191559,1000000000,0,1,0x5dc22cce0000000000000000000000003825654c5e20e541b9dd3e883b1c9c1271a4fffc,,4183209,127706,20062351,0x5dc22cce,attackPlayer(address target)
5445706,1523806108,0x6dadd93635c0aef641083fe97be355a636ca8ca4702b7a9b4caa286270a33402,375,0x1d932e0351868f8c79552747255939174ae434b6fc8760137377614a241f0743,52,0x1f4b10ffb832581ae5a975ed38eeac9f4e960bdf,0x57b116da40f21f91aec57329ecb763d29c1b2355,0,130855,500000000,0,1,0x2bfd2e0600000000000000000000000000000000000000000000000000000000000000080000000000000000000000000000000000000000000000000000000000000063,,6238680,87237,20062330,0x2bfd2e06,"buyBasicUnit(uint256 unitId, uint256 amount)"
5445726,1523806347,0xcd422ae30a89f0cdff6670b5ac235603a0421aed17e62b4ff501912a043b5eb1,376,0x35d1c4adf4e6840c1dd188aeba88ecf61d6f12746fbde981e2fcc39ee7aebba4,39,0x1f4b10ffb832581ae5a975ed38eeac9f4e960bdf,0x57b116da40f21f91aec57329ecb763d29c1b2355,0,158925,500000000,0,1,0xa5a2cb190000000000000000000000000000000000000000000000000000000000000070,,7425799,105564,20062310,0xa5a2cb19,buyUpgrade(uint256 upgradeId)
5445730,1523806462,0xc2c160c732fd6ad6b5c9e72df05df6c0ac293fdef03fdc4bd9ad8e1cc38ef607,377,0x9e3140206af0d616ad6279e31ac2c2b2d24b35b7a5b8267fe0536bad23026067,100,0x1f4b10ffb832581ae5a975ed38eeac9f4e960bdf,0x57b116da40f21f91aec57329ecb763d29c1b2355,0,78544,1000000000,0,1,0x2bfd2e06000000000000000000000000000000000000000000000000000000000000002b0000000000000000000000000000000000000000000000000000000000000061,,5797741,52363,20062306,0x2bfd2e06,"buyBasicUnit(uint256 unitId, uint256 amount)"
5445750,1523806757,0x9f332a02454704e2c0f8f7ccec39aa04a14df5f9df636d11c1d603612b3df53b,378,0x2fe61060042d63fa5799f8fa678bd20ccd8e5f1bff6f1cb0400b271eab2adb35,43,0x1f4b10ffb832581ae5a975ed38eeac9f4e960bdf,0x57b116da40f21f91aec57329ecb763d29c1b2355,0,100360,1000000000,0,1,0x2bfd2e0600000000000000000000000000000000000000000000000000000000000000290000000000000000000000000000000000000000000000000000000000000063,,4769281,66907,20062286,0x2bfd2e06,"buyBasicUnit(uint256 unitId, uint256 amount)"
5445754,1523806828,0xa06b6a95d614b542984ba4dc4a3d49453b8273e4fcc6ab93ef4a9b9c1a564747,379,0xe258228b6b9bcae4bd2b11752b260368cd3b94935c3904323e5e33597277cb11,169,0x1f4b10ffb832581ae5a975ed38eeac9f4e960bdf,0x57b116da40f21f91aec57329ecb763d29c1b2355,0,128454,1000000000,0,1,0xa5a2cb1900000000000000000000000000000000000000000000000000000000000000d0,,7433641,85636,20062282,0xa5a2cb19,buyUpgrade(uint256 upgradeId)
5445760,1523806943,0x8e02070cdd0dc6e904cb896211258d5182505ff845d2670656c818d3d84795ae,380,0xe5897a14a5b886e4278b8d1ce3598297161122a4e4137076b5cc1935ddea64d6,113,0x1f4b10ffb832581ae5a975ed38eeac9f4e960bdf,0x57b116da40f21f91aec57329ecb763d29c1b2355,0,130855,1000000000,0,1,0x2bfd2e0600000000000000000000000000000000000000000000000000000000000000050000000000000000000000000000000000000000000000000000000000000061,,4799409,87237,20062276,0x2bfd2e06,"buyBasicUnit(uint256 unitId, uint256 amount)"
5445929,1523809493,0x6c55464c76e3472cc6ca8ecb2595ea2b4ee325ca54cbc045735ef73124e8f7bb,381,0xf9b1aa915d2a044880b35d759981f61b3ab80adae41ddda29aac01c63f70b168,68,0x1f4b10ffb832581ae5a975ed38eeac9f4e960bdf,0x57b116da40f21f91aec57329ecb763d29c1b2355,0,100000,1000000000,1,0,0x5dc22cce0000000000000000000000001534060de1791911056222f347d1bdc9ac8142bd,,5454769,100000,20062107,0x5dc22cce,attackPlayer(address target)
5446010,1523810413,0x1370527f41fe76d118379dff57fc9c886583e14104885d7b4f94e7a65184e514,1683,0x552601535d8a69e0e73f5d4c02d58219e4da3d24b39644cc83d98ef283566d40,84,0xa6518bee322af13ba71c471b3527416ed08ad2a4,0x1f4b10ffb832581ae5a975ed38eeac9f4e960bdf,500000000000000,21000,2000000000,0,1,0x,,3557706,21000,20062026,0x,
5446022,1523810604,0x5be660f3802da15473fe929fffba6d655b49f3bae523bc4f532678bc33017806,382,0x692ac3fb72e3b070b429161f838c5bcc7ef4b7b370dcf6dc807164967d9faa81,58,0x1f4b10ffb832581ae5a975ed38eeac9f4e960bdf,0x57b116da40f21f91aec57329ecb763d29c1b2355,0,77965,600000000,0,1,0x2bfd2e0600000000000000000000000000000000000000000000000000000000000000280000000000000000000000000000000000000000000000000000000000000061,,4550626,51977,20062014,0x2bfd2e06,"buyBasicUnit(uint256 unitId, uint256 amount)"
5446073,1523811273,0xa74235800fc776c40b5d5517a2f1fcb1b2b148305781e48ece994c34bddf5deb,383,0xa13bd70309025c2d479b15e67df4393d7b616c4fe66be2f7d2ba166275627b0c,88,0x1f4b10ffb832581ae5a975ed38eeac9f4e960bdf,0x57b116da40f21f91aec57329ecb763d29c1b2355,0,191559,500000000,0,1,0x5dc22cce0000000000000000000000002c376b6104894e18631f8a36b4b686a65f208cb5,,7176642,127706,20061963,0x5dc22cce,attackPlayer(address target)
5446124,1523811982,0xc311aee370def6aa6791deedf52f4a5736564ec702adb0fa4a3fa4fadb5e4a05,384,0xb73b36c61b73562b050f928cb62ca7632bde521db64df607ae2d9bc49f8d1e1c,59,0x1f4b10ffb832581ae5a975ed38eeac9f4e960bdf,0x57b116da40f21f91aec57329ecb763d29c1b2355,0,99348,600000000,0,1,0xa21f74b800000000000000000000000000000000000000000000000000000000009eb100,,2595534,66232,20061912,0xa21f74b8,fundGooResearch(uint256 amount)
5446218,1523813530,0x230d3a14ad53cc2838ea4d51c9dfeb305579490252c8098e5609311babd26728,385,0x9d9c260ce7943e805a25e148e3e795bb994ad5d52499de21c8e76a34b660aaca,143,0x1f4b10ffb832581ae5a975ed38eeac9f4e960bdf,0x57b116da40f21f91aec57329ecb763d29c1b2355,0,191559,600000000,0,1,0x5dc22cce0000000000000000000000002c376b6104894e18631f8a36b4b686a65f208cb5,,7415177,127706,20061818,0x5dc22cce,attackPlayer(address target)
5446228,1523813634,0xb0626f5bdecf0ead02fef754bbbfb98d84094f3d2a99cb0459cd08d405d35c9c,386,0x2f5ce96d402c56fc064c89c3830b0a1ce304cbddd293abd0d5e69c29b9e9b0d7,71,0x1f4b10ffb832581ae5a975ed38eeac9f4e960bdf,0x57b116da40f21f91aec57329ecb763d29c1b2355,0,153928,700000000,0,1,0xa5a2cb19000000000000000000000000000000000000000000000000000000000000006a,,3718558,102619,20061808,0xa5a2cb19,buyUpgrade(uint256 upgradeId)
5446235,1523813789,0x48d6e895ae995adb07436877c0c0a64895d6b67f3ef6eb03c756183485b1fd07,387,0x42ced9364928d6b4f4ed032f55052ccfb0850aefdcdc4602a7e2b85c17e3ce55,61,0x1f4b10ffb832581ae5a975ed38eeac9f4e960bdf,0x57b116da40f21f91aec57329ecb763d29c1b2355,0,130855,700000000,0,1,0x2bfd2e0600000000000000000000000000000000000000000000000000000000000000040000000000000000000000000000000000000000000000000000000000000063,,4957226,87237,20061801,0x2bfd2e06,"buyBasicUnit(uint256 unitId, uint256 amount)"
5446254,1523814095,0xc6164749cc75953d52f63a0ef0fcb6a163af4356f0dd16228ae825e3bc32e281,388,0x24d1895f54e7e015be33a8fca1566dcb25952f9db619a9f14b9adc81312ee5c9,46,0x1f4b10ffb832581ae5a975ed38eeac9f4e960bdf,0x57b116da40f21f91aec57329ecb763d29c1b2355,0,158346,605000000,0,1,0xa5a2cb190000000000000000000000000000000000000000000000000000000000000052,,5371284,105564,20061782,0xa5a2cb19,buyUpgrade(uint256 upgradeId)
5446275,1523814378,0xdc704e0fdff2f58ec0272d7d61eaa2deca6beb735796c48e8a76fe93175c67a2,389,0xf5cd488599184af87f816892de0db461f352940cac1a49472a748ef7cba59908,94,0x1f4b10ffb832581ae5a975ed38eeac9f4e960bdf,0xb3775fb83f7d12a36e0475abdd1fca35c091efbe,0,66661,500000000,0,1,0x3ccfd60b,,7503090,43692,20061761,0x3ccfd60b,withdraw()
5446289,1523814557,0xaf4a8a23d2e779aa5ced10c6cc13fcba1b0412013a6de7924abd2b7ac1ebf270,390,0x387148376ef2fd42676506fe28cfdd1551bbd05494eba31330067fb63fa24a12,116,0x1f4b10ffb832581ae5a975ed38eeac9f4e960bdf,0xb3775fb83f7d12a36e0475abdd1fca35c091efbe,0,72114,1000000000,0,1,0xe4849b32000000000000000000000000000000000000000000000000027adeb4055cc000,,5966124,48076,20061747,0xe4849b32,sell(uint256 amount)
5446303,1523814722,0x347a17b7e8b16ebe66d35f17f7d284ccf925798b8ae5fad59895db7ed7ffb2a5,391,0x9881aed2d541472cf5290329b6004256e6b4bceeddacb8ad6ed58717b31c1e69,47,0x1f4b10ffb832581ae5a975ed38eeac9f4e960bdf,0xb3775fb83f7d12a36e0475abdd1fca35c091efbe,0,50000,700000000,0,1,0x3ccfd60b,,3545456,43692,20061733,0x3ccfd60b,withdraw()
5446326,1523815033,0x956fd66013f28b9242cb279a91f6e0321f176188f304a0d63a4864682064fd50,392,0xa16f26ff391d7ed1965c959d7fb274f51ad8c762b299663a6021128f41dc6058,74,0x1f4b10ffb832581ae5a975ed38eeac9f4e960bdf,0x57b116da40f21f91aec57329ecb763d29c1b2355,0,153928,700000000,0,1,0xa5a2cb19000000000000000000000000000000000000000000000000000000000000004c,,6749647,102619,20061710,0xa5a2cb19,buyUpgrade(uint256 upgradeId)
5446342,1523815286,0x6d1700f99127464df83a138d05f383ed0ab26ac38ff96ddc3fce57f1484e0827,393,0x9bcfac2facee8714227659eddf8e8df41d9468632935a4f5775476704edf004f,144,0x1f4b10ffb832581ae5a975ed38eeac9f4e960bdf,0x57b116da40f21f91aec57329ecb763d29c1b2355,0,153928,700000000,0,1,0xa5a2cb19000000000000000000000000000000000000000000000000000000000000003d,,5782693,102619,20061694,0xa5a2cb19,buyUpgrade(uint256 upgradeId)
5446362,1523815623,0x3e27e13abfa55052d836fb27b7cba2ecaa708d611cd74e66b09cd1f0dfccf7b1,394,0x105eca74a68fde564db66695e4d5c15b08b80435e786ca62ceed4a379e1740ad,2,0x1f4b10ffb832581ae5a975ed38eeac9f4e960bdf,0x57b116da40f21f91aec57329ecb763d29c1b2355,0,158346,800000000,0,1,0xa5a2cb190000000000000000000000000000000000000000000000000000000000000043,,207448,105564,20061674,0xa5a2cb19,buyUpgrade(uint256 upgradeId)
5446433,1523816599,0x4354d619cfca66e0a0528ae6f07250b2648ddf08f001ed16e905eda2488fbcd7,395,0xacac00ea198d09b8e9f4ae73bb5677fe67f040e9191fb9f2ba23a6e6c44f5cc7,104,0x1f4b10ffb832581ae5a975ed38eeac9f4e960bdf,0x57b116da40f21f91aec57329ecb763d29c1b2355,0,158346,800000000,0,1,0xa5a2cb190000000000000000000000000000000000000000000000000000000000000034,,5467580,105564,20061603,0xa5a2cb19,buyUpgrade(uint256 upgradeId)
5446433,1523816599,0x7801aa2ee01a9f3c889460589fd591c076979f7e745965aca29c0adb451e63d2,396,0xacac00ea198d09b8e9f4ae73bb5677fe67f040e9191fb9f2ba23a6e6c44f5cc7,105,0x1f4b10ffb832581ae5a975ed38eeac9f4e960bdf,0x57b116da40f21f91aec57329ecb763d29c1b2355,0,158346,800000000,1,0,0xa5a2cb190000000000000000000000000000000000000000000000000000000000000034,,5494799,27219,20061603,0xa5a2cb19,buyUpgrade(uint256 upgradeId)
5446433,1523816599,0x2b2ca0a455d60405a7f86afff09262e183df4ed92905b0bf29dc539cc9c22a40,397,0xacac00ea198d09b8e9f4ae73bb5677fe67f040e9191fb9f2ba23a6e6c44f5cc7,106,0x1f4b10ffb832581ae5a975ed38eeac9f4e960bdf,0x57b116da40f21f91aec57329ecb763d29c1b2355,0,158346,800000000,1,0,0xa5a2cb190000000000000000000000000000000000000000000000000000000000000034,,5522018,27219,20061603,0xa5a2cb19,buyUpgrade(uint256 upgradeId)
5446540,1523818022,0xb4436dcaa4dc83e1ec01e7f6d2569d38db7b9ddda6a5bae882e37f93c8c7221b,398,0x2e2a1e581a92f28c6c55c1dee7dea530ba548ff147d17f9aad6860203e946dcf,102,0x1f4b10ffb832581ae5a975ed38eeac9f4e960bdf,0x57b116da40f21f91aec57329ecb763d29c1b2355,0,191559,1000000000,0,1,0x5dc22cce000000000000000000000000aeaa7999239165b9f42b4c19464b0fffd04b9d02,,5320165,127706,20061496,0x5dc22cce,attackPlayer(address target)
5446590,1523818621,0xa98428740d9f6733448061fd1305db9af9826c8d4be8a347f0094981e7abbfe5,399,0x466637a49ea0bb09399e5bc51c0975122ddeb5a2c00a66e30f6aa02260d44e7c,51,0x1f4b10ffb832581ae5a975ed38eeac9f4e960bdf,0x57b116da40f21f91aec57329ecb763d29c1b2355,0,153928,500000000,0,1,0xa5a2cb19000000000000000000000000000000000000000000000000000000000000002e,,6067308,102619,20061446,0xa5a2cb19,buyUpgrade(uint256 upgradeId)
5446597,1523818724,0xdfcbf0525ef4b9f582c5456e8f66b77b4ebf1def291f9c4e71e1b054bfd3d78d,400,0x2dd4a63e4de5bfbead508a221f01aa85d12c56a0afaaddcc1c191f8e044574ac,85,0x1f4b10ffb832581ae5a975ed38eeac9f4e960bdf,0x57b116da40f21f91aec57329ecb763d29c1b2355,0,191559,880000000,1,0,0x5dc22cce0000000000000000000000004dfe201fef5f5eab21c5561cc3652c4efa8dcd32,,3968546,23827,20061439,0x5dc22cce,attackPlayer(address target)
5446602,1523818829,0x28092369e0a296f186643e906abde7b92682c05f081c5187a03ce2fb5033b913,401,0x1f017d7e7d42cefd5303cd554c1b98fc4ca321896f864c15091b36af2ad8dfe8,159,0x1f4b10ffb832581ae5a975ed38eeac9f4e960bdf,0x57b116da40f21f91aec57329ecb763d29c1b2355,0,153928,500000000,1,0,0xa5a2cb19000000000000000000000000000000000000000000000000000000000000002e,,6672839,27219,20061434,0xa5a2cb19,buyUpgrade(uint256 upgradeId)
5446608,1523818997,0x6ab190c6db5810176cbae252463518678daf94687db3b4342a29c92f249309e2,402,0x624282c7c2d3311fdb0e11e9478e855f0510c79c7940d24215b531f615f0824c,82,0x1f4b10ffb832581ae5a975ed38eeac9f4e960bdf,0x57b116da40f21f91aec57329ecb763d29c1b2355,0,191559,1000000000,1,0,0x5dc22cce0000000000000000000000000aaaa59124654904583a4a58b1bac0409ac358ce,,2564963,23827,20061428,0x5dc22cce,attackPlayer(address target)
5446655,1523819625,0x53c1903fdea805296640084a2c0f3b70f526334452972e8fb925494969e0e47b,403,0xc9a31342512a8ec93f10a5a91482f45f42f128328a63dc889632d26bd459fe22,83,0x1f4b10ffb832581ae5a975ed38eeac9f4e960bdf,0x57b116da40f21f91aec57329ecb763d29c1b2355,0,250000,1000000000,1,0,0xa21f74b80000000000000000000000000000000000000000000000000000000002faf080,,5377471,24438,20061381,0xa21f74b8,fundGooResearch(uint256 amount)
5446667,1523819875,0xca75d40e064276b1829bea0e06e5f9e669c40e5b38b551972476b16d9f910757,404,0x03cca14618414e6269faf268c3480a62c54d2d6450ccd3aa2950f564fe3df8b7,132,0x1f4b10ffb832581ae5a975ed38eeac9f4e960bdf,0x57b116da40f21f91aec57329ecb763d29c1b2355,0,106846,600000000,0,1,0x2bfd2e0600000000000000000000000000000000000000000000000000000000000000050000000000000000000000000000000000000000000000000000000000000001,,6402892,71231,20061369,0x2bfd2e06,"buyBasicUnit(uint256 unitId, uint256 amount)"
5446669,1523819910,0x4088b3989b4b6976d3a0c22d0cf1eeca113986d3f7e1412ede97dbe94c213a01,405,0x744db22bab900b7dcbe7a0983ba89911ce2960927a65d32e5f329f6ab336cf1b,19,0x1f4b10ffb832581ae5a975ed38eeac9f4e960bdf,0x57b116da40f21f91aec57329ecb763d29c1b2355,0,100000,3000000000,1,0,0xa21f74b80000000000000000000000000000000000000000000000000000000002faf080,,1192106,24438,20061367,0xa21f74b8,fundGooResearch(uint256 amount)
5446739,1523820906,0x974960f49f9d3e2ede58ce054020174adc890c8733ffe29bbe536e3656f631df,406,0x5a92974a90ab8508852f2daa31bae039a98da0ed76e5b069bd668183115e34e4,42,0x1f4b10ffb832581ae5a975ed38eeac9f4e960bdf,0x57b116da40f21f91aec57329ecb763d29c1b2355,0,191559,800000000,0,1,0x5dc22cce0000000000000000000000006589cba4520104c8f4f26d40f925a2bbb840c51b,,2087987,127706,20061297,0x5dc22cce,attackPlayer(address target)
5446876,1523822826,0xe0907c49fcdecdde805cc458282fad255164962d09bd07379bcac7b361655dac,407,0xf844988fcdf153b4a70dd7ffbbf3fe1adeae8046cc7bf12961964606cb03abbe,48,0x1f4b10ffb832581ae5a975ed38eeac9f4e960bdf,0x57b116da40f21f91aec57329ecb763d29c1b2355,0,128122,500000000,0,1,0xa5a2cb1900000000000000000000000000000000000000000000000000000000000000ac,,7929397,85415,20061160,0xa5a2cb19,buyUpgrade(uint256 upgradeId)
5446922,1523823463,0xff7250c0b32a7c44753744d3f46acf3ee32752ef6b719fabedaaf36b5b2345e3,408,0x079028c1aeab4399edd70b647bedc3513761779f97fbea6769b63a878ec0857f,86,0x1f4b10ffb832581ae5a975ed38eeac9f4e960bdf,0x57b116da40f21f91aec57329ecb763d29c1b2355,0,191559,500000000,0,1,0x5dc22cce00000000000000000000000099d04c8c20e8eb55a0b004fd9dd0a2d1f9ae5c56,,7845095,127725,20061114,0x5dc22cce,attackPlayer(address target)
5447103,1523826045,0x3c4ea122ab39d7075eb9ff1869e2d67db34cc79175302b86149e915e333c38ba,409,0xf334a3e355be3766f2fb9ac60d5ead0c875e1576f48ec0f571d2e1faa52c6c84,68,0x1f4b10ffb832581ae5a975ed38eeac9f4e960bdf,0x57b116da40f21f91aec57329ecb763d29c1b2355,0,191559,220000000,0,1,0x5dc22cce00000000000000000000000040c23bd9d01cf0de46e0190593e8c3814608e318,,7294091,127706,20060933,0x5dc22cce,attackPlayer(address target)
5447175,1523827242,0xfba61059405b8cc647f250655fce30181d68dde29377996d72a2a1b18af9a2f8,410,0x071b68d38dae5efcd4d7a4c0067cdec6444130ee4533b37403eee73295109851,85,0x1f4b10ffb832581ae5a975ed38eeac9f4e960bdf,0x57b116da40f21f91aec57329ecb763d29c1b2355,0,158346,300000000,0,1,0xa5a2cb190000000000000000000000000000000000000000000000000000000000000016,,7664955,105564,20060861,0xa5a2cb19,buyUpgrade(uint256 upgradeId)
5447178,1523827293,0xf2723f63330c05e431feb7170d56a29d56b765fba7e0a77733d9419f413e5501,411,0x452fed008a5d6254ee23d5f17b96ec073a2d396772a5a99a49aac9e65a2de224,66,0x1f4b10ffb832581ae5a975ed38eeac9f4e960bdf,0x57b116da40f21f91aec57329ecb763d29c1b2355,0,153381,300000000,0,1,0xa5a2cb190000000000000000000000000000000000000000000000000000000000000010,,6697745,102619,20060858,0xa5a2cb19,buyUpgrade(uint256 upgradeId)
5447189,1523827475,0x708cd02a6e86a2786eb8d0fae06045afd3b8af0dce106c3994f3fbaf9b741389,412,0x69f3c5659a3ea3f0dde7a81402399d4a221e305fd493e6b267f227d0c4dca8e3,42,0x1f4b10ffb832581ae5a975ed38eeac9f4e960bdf,0x57b116da40f21f91aec57329ecb763d29c1b2355,0,158346,300000000,0,1,0xa5a2cb190000000000000000000000000000000000000000000000000000000000000007,,7038756,105564,20060847,0xa5a2cb19,buyUpgrade(uint256 upgradeId)
5447198,1523827615,0xcce51dfa7a1fc45e56405ebcbe58fcd33bae5160912c5368f563f60f28cdc43f,413,0x96ae80193c9f20ad03ea0502519d32060a286f067728ff0f4d939ecc730e02c8,75,0x1f4b10ffb832581ae5a975ed38eeac9f4e960bdf,0x57b116da40f21f91aec57329ecb763d29c1b2355,0,153928,300000000,0,1,0xa5a2cb190000000000000000000000000000000000000000000000000000000000000001,,7009782,102619,20060838,0xa5a2cb19,buyUpgrade(uint256 upgradeId)
5447217,1523827870,0x6c6da91a09956674cca44cdf3bedd9e37fb21d738b32b6451f7f76316451702a,414,0x179843655849c0bdcedbf5ded7a6b98ab3ab5d400d85d95cfb6791e6f3d563e8,80,0x1f4b10ffb832581ae5a975ed38eeac9f4e960bdf,0x57b116da40f21f91aec57329ecb763d29c1b2355,0,128454,300000000,0,1,0xa5a2cb1900000000000000000000000000000000000000000000000000000000000000b2,,5284797,85636,20060819,0xa5a2cb19,buyUpgrade(uint256 upgradeId)
5447233,1523828012,0xc9ca3ca07d4cba34c2f6829a43ef7a026ce23a619b23c46ad243515acf6b5ae5,415,0xa043614f8b265eb5da126b3abc3975fa6df51a8db8f5d5ccc581950c97fdc9fe,43,0x1f4b10ffb832581ae5a975ed38eeac9f4e960bdf,0x57b116da40f21f91aec57329ecb763d29c1b2355,0,191587,300000000,0,1,0x5dc22cce000000000000000000000000c9af6d2dc76c7d88b9b236f307837a7cff270858,,2259274,127725,20060803,0x5dc22cce,attackPlayer(address target)
5447262,1523828532,0x4fe0d32a33101a9591cfc2d655ec9c97bdb4a7a611dd1dff0c43a09e39396bff,416,0xcd1269decb4f43e0bc7fd48e5859b9e887a4af8c783d4444daf491601c6598db,48,0x1f4b10ffb832581ae5a975ed38eeac9f4e960bdf,0x57b116da40f21f91aec57329ecb763d29c1b2355,0,128083,300000000,0,1,0xa5a2cb19000000000000000000000000000000000000000000000000000000000000008e,,7284199,85389,20060774,0xa5a2cb19,buyUpgrade(uint256 upgradeId)
5447265,1523828555,0x0b5de89c9fd48e3a962bd7b5363cb5a32ea6036ec811342aba66fccd8eb66e76,417,0x69ed21de1e2b7ef2cd9b9e34e394616cfde5b0c62251e883fe6572743963f0c9,37,0x1f4b10ffb832581ae5a975ed38eeac9f4e960bdf,0x57b116da40f21f91aec57329ecb763d29c1b2355,0,128044,300000000,0,1,0xa5a2cb190000000000000000000000000000000000000000000000000000000000000088,,5660453,85363,20060771,0xa5a2cb19,buyUpgrade(uint256 upgradeId)
5447276,1523828699,0x3265b711ec10e7065e87a0e71c564408d558ad6d2b52df215cca22bc7c1fbd51,418,0x1b0acc82cf9994d48493a1887f8ef9782777392a4c763668fab1a65e4225457b,85,0x1f4b10ffb832581ae5a975ed38eeac9f4e960bdf,0x57b116da40f21f91aec57329ecb763d29c1b2355,0,127966,300000000,0,1,0xa5a2cb1900000000000000000000000000000000000000000000000000000000000000a6,,7610057,85311,20060760,0xa5a2cb19,buyUpgrade(uint256 upgradeId)
5447276,1523828699,0x98eb74bf56bdb94d07363c3b62818a43de638e77175d0eaa5fcc4ed04c2031b7,419,0x1b0acc82cf9994d48493a1887f8ef9782777392a4c763668fab1a65e4225457b,86,0x1f4b10ffb832581ae5a975ed38eeac9f4e960bdf,0x57b116da40f21f91aec57329ecb763d29c1b2355,0,128083,300000000,0,1,0xa5a2cb1900000000000000000000000000000000000000000000000000000000000000bb,,7695081,85024,20060760,0xa5a2cb19,buyUpgrade(uint256 upgradeId)
5447276,1523828699,0x7677299a85dc6def8db6f18fa0ad4bac3a0d2c5d81f5ffd7cc625cd072b52ecd,420,0x1b0acc82cf9994d48493a1887f8ef9782777392a4c763668fab1a65e4225457b,87,0x1f4b10ffb832581ae5a975ed38eeac9f4e960bdf,0x57b116da40f21f91aec57329ecb763d29c1b2355,0,127458,300000000,0,1,0xa5a2cb1900000000000000000000000000000000000000000000000000000000000000b5,,7780053,84972,20060760,0xa5a2cb19,buyUpgrade(uint256 upgradeId)
5447300,1523828960,0x4676f4e7b61dd639cd902ce30a99c1cce4fa4151fd893f734c1ce0c6194f1bcd,421,0x1f1faf2107d23004e5be83ae0fd864c5b59626acf3b3e7f55ab8a879de28c9df,33,0x1f4b10ffb832581ae5a975ed38eeac9f4e960bdf,0x57b116da40f21f91aec57329ecb763d29c1b2355,0,127966,300000000,0,1,0xa5a2cb190000000000000000000000000000000000000000000000000000000000000079,,6700548,85311,20060736,0xa5a2cb19,buyUpgrade(uint256 upgradeId)
5447300,1523828960,0xaa0bc681d856ebd37cbb06478731d4f51432b43ddbaa651b34d272c7e4637df9,422,0x1f1faf2107d23004e5be83ae0fd864c5b59626acf3b3e7f55ab8a879de28c9df,34,0x1f4b10ffb832581ae5a975ed38eeac9f4e960bdf,0xc7f4d49eb0cdddb1170152c987260ff22b0caac2,100000000000000,21000,1000000000,0,1,0x,,6721548,21000,20060736,0x,
5447332,1523829555,0x38a7d2842dda09097a864912cb229f2c6972c5d73039302a0c4e331d1f468826,423,0x1f61e7fb737b084654823ba9197f2dd6d7c890f63cd8e84d1be47456e95f280f,70,0x1f4b10ffb832581ae5a975ed38eeac9f4e960bdf,0x57b116da40f21f91aec57329ecb763d29c1b2355,0,128044,300000000,0,1,0xa5a2cb19000000000000000000000000000000000000000000000000000000000000007f,,6535777,85363,20060704,0xa5a2cb19,buyUpgrade(uint256 upgradeId)
5447353,1523829832,0x0b9da3bae859cbab7287ba431707660d4951bc481d4d635529af6f8ca55bbffd,424,0x7e746c90a4bd96a34ef4c6dbec2e00045ee9aeaae759c41794d0b8e57d6f52ba,108,0x1f4b10ffb832581ae5a975ed38eeac9f4e960bdf,0x57b116da40f21f91aec57329ecb763d29c1b2355,0,79204,300000000,0,1,0x2bfd2e06000000000000000000000000000000000000000000000000000000000000002b00000000000000000000000000000000000000000000000000000000000000ae,,7782236,52803,20060683,0x2bfd2e06,"buyBasicUnit(uint256 unitId, uint256 amount)"
5447370,1523830044,0x3e5b084a5fed4928cfe0ddbf2ea3f5e2c27be86452182321eaec981c91f5fbd6,425,0x838221e24d5e1d19531d82d7a6df7238e1fad456e56e530651c50faf2724a03e,14,0x1f4b10ffb832581ae5a975ed38eeac9f4e960bdf,0x57b116da40f21f91aec57329ecb763d29c1b2355,0,191463,300000000,0,1,0x5dc22cce00000000000000000000000000622d09771301fc04a717856b75dd4e2523d94a,,1561743,127642,20060666,0x5dc22cce,attackPlayer(address target)
5447409,1523830706,0x13b9b524084141cdb45a6dd53a9de64021ab9b1ce9b7d0f966b38cece18d4d7f,426,0x86ab44686db6ca796cc4b00afe5849f9a116da7106ba9a070960460620b41cb6,66,0x1f4b10ffb832581ae5a975ed38eeac9f4e960bdf,0x57b116da40f21f91aec57329ecb763d29c1b2355,0,79204,1550000000,0,1,0x2bfd2e06000000000000000000000000000000000000000000000000000000000000002b0000000000000000000000000000000000000000000000000000000000000056,,3484596,52803,20060627,0x2bfd2e06,"buyBasicUnit(uint256 unitId, uint256 amount)"
5447411,1523830741,0x642f0c1c78351d293a237e120d68d982659b44203365fab9258ac735adddac47,427,0x54f5a6f38a8ff3878791c1e525fd3c01551f2af28bdf653d9387d9e1ae5b9e22,79,0x1f4b10ffb832581ae5a975ed38eeac9f4e960bdf,0x57b116da40f21f91aec57329ecb763d29c1b2355,0,106846,300000000,0,1,0x2bfd2e0600000000000000000000000000000000000000000000000000000000000000050000000000000000000000000000000000000000000000000000000000000001,,7791926,71231,20060625,0x2bfd2e06,"buyBasicUnit(uint256 unitId, uint256 amount)"
5447455,1523831330,0x7857aca964e23db0c5663f14d0562567bf52c934f8abf6ce341e5ecd069f196e,428,0x20e181d0dac5dafcdd0f57040993caa8c753b5e852a4d61d9549a6a1f9dc63a8,29,0x1f4b10ffb832581ae5a975ed38eeac9f4e960bdf,0x57b116da40f21f91aec57329ecb763d29c1b2355,0,79204,400000000,0,1,0x2bfd2e06000000000000000000000000000000000000000000000000000000000000002b000000000000000000000000000000000000000000000000000000000000001b,,2490998,52803,20060581,0x2bfd2e06,"buyBasicUnit(uint256 unitId, uint256 amount)"
5447557,1523832939,0x6ddd8a67ed8723743029d1349f65eee4b5ccd64c2f92a7e89ded631549b205c4,429,0x344268bd6a3ce050c63162d86ab2b6190674e16a283d361db1780c1a42a12dc2,108,0x1f4b10ffb832581ae5a975ed38eeac9f4e960bdf,0x57b116da40f21f91aec57329ecb763d29c1b2355,0,79204,1000000000,0,1,0x2bfd2e06000000000000000000000000000000000000000000000000000000000000002b0000000000000000000000000000000000000000000000000000000000000028,,7954999,52803,20060479,0x2bfd2e06,"buyBasicUnit(uint256 unitId, uint256 amount)"
5447614,1523833759,0x9b3f49c404c05737dad4cba3c12b81f550f9ad9b01ba3a41ec8c49aac2e1c2c4,430,0xe48a5bb797e03a24b4eb7dabac184e282f19e2c0952892102283a78fb7bc79ce,36,0x1f4b10ffb832581ae5a975ed38eeac9f4e960bdf,0x57b116da40f21f91aec57329ecb763d29c1b2355,0,79204,1000000000,0,1,0x2bfd2e06000000000000000000000000000000000000000000000000000000000000002b000000000000000000000000000000000000000000000000000000000000008b,,3941310,52803,20060422,0x2bfd2e06,"buyBasicUnit(uint256 unitId, uint256 amount)"
5447616,1523833783,0x57d612d06fb410441c12bac136bcdebcbb9d827a0036ccd2785e3c353a77ed48,431,0xadab5385e3be52209478eb4bc9adbebd6c70d53f771303d107b62042a2d01078,116,0x1f4b10ffb832581ae5a975ed38eeac9f4e960bdf,0x57b116da40f21f91aec57329ecb763d29c1b2355,0,79204,600000000,1,0,0x2bfd2e06000000000000000000000000000000000000000000000000000000000000002b0000000000000000000000000000000000000000000000000000000000000088,,7897564,30003,20060420,0x2bfd2e06,"buyBasicUnit(uint256 unitId, uint256 amount)"
5447631,1523833997,0x200c0548a1fb8da5737f8be7e622b775aa061426f6e1b1511f9aea89d1f79a72,432,0xeab547f676816f9e187ce5b54f852ee6d3a35c676e595db31c476c1077876bd2,42,0x1f4b10ffb832581ae5a975ed38eeac9f4e960bdf,0x57b116da40f21f91aec57329ecb763d29c1b2355,0,191463,600000000,0,1,0x5dc22cce000000000000000000000000a27db0ceccfcfd909de756ae883b409d6d94001a,,6536561,127642,20060405,0x5dc22cce,attackPlayer(address target)
5447678,1523834471,0x8f4a9926fd8a98dbb3625e67fedd62a53581322f5ad04ae60f7f97a9736c143f,433,0x725d4bee0bdee27a073220ab03dcd78edc4a5fd2002f9d08a462ab7d98662f83,35,0x1f4b10ffb832581ae5a975ed38eeac9f4e960bdf,0x57b116da40f21f91aec57329ecb763d29c1b2355,0,79204,400000000,0,1,0x2bfd2e06000000000000000000000000000000000000000000000000000000000000002b0000000000000000000000000000000000000000000000000000000000000050,,6598518,52803,20060358,0x2bfd2e06,"buyBasicUnit(uint256 unitId, uint256 amount)"
5447727,1523835124,0x10b67259dc6f2ce24fb7e260af724be4f2700b4e607c8c4b16966ef13e5e5412,434,0xe2d0cefb0588d1bc5170e0b2aaff08a29c9d2188df6925376a02adae8c5fb356,75,0x1f4b10ffb832581ae5a975ed38eeac9f4e960bdf,0xfe8bed8cdcacf279398677d59d95dda9543abdd1,53000000000000,21000,1000000000,0,1,0x,,5853810,21000,20060309,0x,
5447747,1523835461,0xb2e27ed04fc84d8d722d0398fe4de34967ed5fb05e3b8919d892ba687b84b2d3,435,0x2907a36693e11f1a2c8d8f0eb81a813208ddc2264fa89a04b0eacc487db2008b,67,0x1f4b10ffb832581ae5a975ed38eeac9f4e960bdf,0xfe8bed8cdcacf279398677d59d95dda9543abdd1,60000000000000,21000,500000000,0,1,0x,,7982834,21000,20060289,0x,
5447867,1523837380,0x4e3d8a95d5c716dafd7cea059638d0085b3fba68accb51b6c36b110cfc925e81,3030,0xd6f4f152309b33ec8c05401e120996e736bdf6b8b5c1234904690d968e1bbc30,19,0x673bc7c492faac5f88547da13a3ae4a9c8152c81,0x1f4b10ffb832581ae5a975ed38eeac9f4e960bdf,475000000000000,21000,711111410,0,1,0x,,3725913,21000,20060169,0x,
5447871,1523837416,0x7aee90eb2384d7c1da4e45d5136815f33ada273642ead7e03de0dca0a23f47cf,436,0x9b9678d3712b18e03e22cb920fe1f730b6c65754a689453ac87428563ff41de0,61,0x1f4b10ffb832581ae5a975ed38eeac9f4e960bdf,0x57b116da40f21f91aec57329ecb763d29c1b2355,0,141807,600000000,0,1,0x8fafb286000000000000000000000000673bc7c492faac5f88547da13a3ae4a9c8152c8100000000000000000000000000000000000000000000000000000000000000000000000000000000000000000000000000000000000000000000000000000002,,7677617,94538,20060165,0x8fafb286,"claimResearchDividends(address referer, uint256 startSnapshot, uint256 endSnapShot)"
5447890,1523837730,0xc73e811b4440218ae0ce482778db2bb597e2d3fcf0a055b5f611c444b7b49b9d,437,0x7734635fbcfe8e3dca29f0c50d2b75ea792bcef931d2e1dc35fab691dbc6d254,109,0x1f4b10ffb832581ae5a975ed38eeac9f4e960bdf,0x57b116da40f21f91aec57329ecb763d29c1b2355,0,56848,1000000000,0,1,0x3bed33ce00000000000000000000000000000000000000000000000000042bf51906c849,,6537365,20641,20060146,0x3bed33ce,withdrawEther(uint256 amount)
5447936,1523838348,0xbbf39c19606285bb82602a108d7c122dfc2ae981a6d959eee031a9bba1faa75f,438,0x6d6b9337ce5cde6b12c299acadea7cefcc17a6874a2e3176a039c349e9556c2f,19,0x1f4b10ffb832581ae5a975ed38eeac9f4e960bdf,0xfe8bed8cdcacf279398677d59d95dda9543abdd1,1100000000000000,21000,8000000000,0,1,0x,,805472,21000,20060100,0x,
5448042,1523840093,0x985b1490be1d21981c19afbc48f491f7d4ba12ecfbf4af652be6dd395509b690,7057,0xe3c40643057751f95967bb369261f3e8056733db4c8283cf9181993034ca1009,68,0x30a9ef0904c807c53f189737741e3f9145a6b792,0x1f4b10ffb832581ae5a975ed38eeac9f4e960bdf,2937000000000000,90000,3000000000,0,1,0x,,3822157,21000,20059994,0x,
5448045,1523840152,0x500a007a2f150a06c179c133ae1836c29162f54223db1d689c012f37a41e0221,439,0x4fe01b69b8c2df75e35be21717093f1419e12e54a015599664b6e91e9a8dce43,50,0x1f4b10ffb832581ae5a975ed38eeac9f4e960bdf,0xfe8bed8cdcacf279398677d59d95dda9543abdd1,1000000000000000,21000,1000000000,0,1,0x,,6875293,21000,20059991,0x,
5448089,1523840675,0x71ff7945bbade9dcc7dcafed62c6e14ac3df12c139deaee10c5873a281c5147d,440,0xf70bfaaf447827cae8679b1bf2f3162c52ac70bc4bb6d0e763f923f9723af26a,43,0x1f4b10ffb832581ae5a975ed38eeac9f4e960bdf,0x06012c8cf97bead5deae237070f9587f8e7a266d,0,235507,500000000,0,1,0x3d7d3f5a0000000000000000000000000000000000000000000000000000000000089342000000000000000000000000000000000000000000000000001550f7dca700000000000000000000000000000000000000000000000000000011c37937e08000000000000000000000000000000000000000000000000000000000000003f480,,7588548,140340,20059947,0x3d7d3f5a,"createSaleAuction(uint256 _kittyId, uint256 _startingPrice, uint256 _endingPrice, uint256 _duration)"
5448136,1523841451,0xb1d93087a4be9754cb461c9e418a1720d77fc798fc3c2f8db8e323ed1dd45415,441,0xfeb19f629f080a348f9b44454c9c1b0a6827796821be22ef7e9771d1aabf2db5,227,0x1f4b10ffb832581ae5a975ed38eeac9f4e960bdf,0xfe8bed8cdcacf279398677d59d95dda9543abdd1,2100000000000000,21000,2100000000,0,1,0x,,7471739,21000,20059900,0x,
5448777,1523850580,0xd4f9a5661b51dbbb57456bc2408ce5ca77ec915b3fc36563a335605f7ffb9cb2,442,0xfb91a0b4563b8f27c8c8e5eabcfaa1bba0e6881b16651529e2598adb999be5c7,63,0x1f4b10ffb832581ae5a975ed38eeac9f4e960bdf,0x06012c8cf97bead5deae237070f9587f8e7a266d,0,50000,300000000,1,0,0x3d7d3f5a0000000000000000000000000000000000000000000000000000000000095e5400000000000000000000000000000000000000000000000000071afd498d000000000000000000000000000000000000000000000000000000071afd498d0000000000000000000000000000000000000000000000000000000000000002a300,,5929290,49987,20059259,0x3d7d3f5a,"createSaleAuction(uint256 _kittyId, uint256 _startingPrice, uint256 _endingPrice, uint256 _duration)"
5448826,1523851213,0x9cd8b45601df53e35a433d9acbb825a745de8601bd54e68ec6e14b00d207c6f5,11,0x6cd51a40bfc26b677dc7ef33d33c675890bf6563491d1f564a3c0805a94d26ec,152,0x42b2c6e7e394019890b06b470fd1c3f3b83b0e83,0x1f4b10ffb832581ae5a975ed38eeac9f4e960bdf,1950000000000000,21000,1000000000,0,1,0x,,7778581,21000,20059210,0x,
5448851,1523851721,0x969fe185dd9dfeef6d1f0f5c6ce00c6b11a5a55fef69355f86909653fdfe0469,443,0xe177522913f233dfbbcdddd90f10e11c2b8529f8eacc7afe38b628708d3be02f,78,0x1f4b10ffb832581ae5a975ed38eeac9f4e960bdf,0x06012c8cf97bead5deae237070f9587f8e7a266d,0,235315,600000000,0,1,0x3d7d3f5a0000000000000000000000000000000000000000000000000000000000095e5400000000000000000000000000000000000000000000000000071afd498d000000000000000000000000000000000000000000000000000000071afd498d0000000000000000000000000000000000000000000000000000000000000002a300,,6889586,140212,20059185,0x3d7d3f5a,"createSaleAuction(uint256 _kittyId, uint256 _startingPrice, uint256 _endingPrice, uint256 _duration)"
5448852,1523851735,0x6f3308775ee57d35da00c5662273d55dc085160904f70258cdb3bf3bf346a055,444,0x91ed2c3c2e38ae5e16820b76136fb331ab720c4183793eb221d3873aafc05068,47,0x1f4b10ffb832581ae5a975ed38eeac9f4e960bdf,0x57b116da40f21f91aec57329ecb763d29c1b2355,0,81217,2000000000,0,1,0xa9059cbb00000000000000000000000042b2c6e7e394019890b06b470fd1c3f3b83b0e8300000000000000000000000000000000000000000000000000000000029020c0,,2947152,54145,20059184,0xa9059cbb,"transfer(address _to, uint256 _value)"
5448875,1523852100,0xe99fc7d02f906e1c1a9f109da39bd97be4ef6003075a6c9f4494e98b0d71fa38,445,0x7828cf39e4660c7a1036070b6f6ce17eee533f024623af280fbdf721721d59e0,130,0x1f4b10ffb832581ae5a975ed38eeac9f4e960bdf,0xfe8bed8cdcacf279398677d59d95dda9543abdd1,3600000000000000,21000,1000000000,0,1,0x,,5409355,21000,20059161,0x,
5448953,1523853072,0x0e9d535656b77ced5f1eb6ad9e530d8fddbb1f1aa930baa79076bb269f4baf3a,446,0xa9e065872060224ef39cb7ae350d34fa7bf42fcc477b54ff0ec6f295b763dbd3,10,0x1f4b10ffb832581ae5a975ed38eeac9f4e960bdf,0xfe8bed8cdcacf279398677d59d95dda9543abdd1,6700000000000000,21000,2000000000,0,1,0x,,327563,21000,20059083,0x,
5449405,1523859726,0x8c3e0085c22c3b040348e9e894d77093227519be97ecb941047a2a2a076f06a1,447,0xd51b715bee12c3f5b8057d5ba71f4b819a8813274ea0e0dc0048964fde7cd12a,157,0x1f4b10ffb832581ae5a975ed38eeac9f4e960bdf,0xb1690c08e213a35ed9bab7b318de14420fb57d8c,0,109165,500000000,0,1,0x96b5a75500000000000000000000000000000000000000000000000000000000000a6ee5,,7869989,36389,20058631,0x96b5a755,cancelAuction(uint256 _tokenId)
5449430,1523859948,0xbc3085b90e67044e30c7fc86a629c059851d18f7df0f6c1511511ea826fe3705,448,0x47ef03b37207ee5a8b404064ebb224face0ce6295c8925b42c38e2aacdaac9e3,38,0x1f4b10ffb832581ae5a975ed38eeac9f4e960bdf,0x06012c8cf97bead5deae237070f9587f8e7a266d,0,81568,800000000,0,1,0xa9059cbb000000000000000000000000781901682d3e9341a6c195ee6fe58047a9235f0700000000000000000000000000000000000000000000000000000000000a6ee5,,7390809,54379,20058606,0xa9059cbb,"transfer(address _to, uint256 _value)"
5449449,1523860275,0x081f7d09be6a2be432596b62070971b007fa7195e7ba0f717f02977b7fd481ed,423,0xd33cfdb46265a8ee763d808c8ffa99d03fe84cfcec016cf0f052dbfecdbdceab,172,0x781901682d3e9341a6c195ee6fe58047a9235f07,0x1f4b10ffb832581ae5a975ed38eeac9f4e960bdf,4000000000000000,250000,1000000000,0,1,0x,,7174061,21000,20058587,0x,
5449466,1523860551,0x690eec751d4219833a70009c7e8be50a3518d213888b8292ed0d28ec67673338,449,0x63ecda659806df5609c91fd10a566ee5dd5efc7ad3c18292cdb9a4f27f36cddb,66,0x1f4b10ffb832581ae5a975ed38eeac9f4e960bdf,0xfe8bed8cdcacf279398677d59d95dda9543abdd1,10400000000000000,21000,1000000000,0,1,0x,,6072614,21000,20058570,0x,
5451434,1523889861,0x89a0491200602622800e5be0a07f085c7d6d6a09ac97cf94cbd08c20e4b5ea42,450,0xbe7dae416775725710e72923c7f350b4c87804ccff334240ff53ab191e017cf3,89,0x1f4b10ffb832581ae5a975ed38eeac9f4e960bdf,0xfe8bed8cdcacf279398677d59d95dda9543abdd1,6000000000000000,21000,2210000000,0,1,0x,,3949490,21000,20056602,0x,
5452565,1523906617,0x52a0880afbfb46ef881569b94baa967ca3881bb79f920284ee5c58a76b45bfc9,451,0xdedcdee997a5f58a549e3fdb8fb6d23c39ba1433649b22b6a4382905937b281d,87,0x1f4b10ffb832581ae5a975ed38eeac9f4e960bdf,0xb1690c08e213a35ed9bab7b318de14420fb57d8c,0,109165,300000000,0,1,0x96b5a7550000000000000000000000000000000000000000000000000000000000074ebe,,7711226,36389,20055471,0x96b5a755,cancelAuction(uint256 _tokenId)
5454858,1523939337,0x69dbbbf0a0f44c9818a810d89fc29181e7504a094c376ad1be3e837b9006705c,1992,0x8b00ed529fdeffab2b32a44ed072549badaf3edfcbf5090ae79361082044a3f1,78,0x8da4f82dc4d03c5421bb2087f858750c650d8571,0x1f4b10ffb832581ae5a975ed38eeac9f4e960bdf,25000000000000000,21000,1100000000,0,1,0x,,3933783,21000,20053178,0x,
5454868,1523939471,0x652785c4cf401d27a537076a90967600bedd6d8dfe3b52d1ed5034406cac8398,452,0x4b85e191d967b3188eff1091b20d4257ff3a4b57effd739dbf28c28f561c04c1,134,0x1f4b10ffb832581ae5a975ed38eeac9f4e960bdf,0x06012c8cf97bead5deae237070f9587f8e7a266d,8000000000000000,119977,1000000000,0,1,0xf7d8c88300000000000000000000000000000000000000000000000000000000000a757600000000000000000000000000000000000000000000000000000000000a7849,,6238622,79985,20053168,0xf7d8c883,"breedWithAuto(uint256 _matronId, uint256 _sireId)"
5454906,1523939957,0x9f7a229ecc0c51e989f4bae941eaaeaac81632b8d685ae97e9bb59d1e7e1552c,453,0x66ac8f8e62e8c73f7b810fee6683f19a973f732582ac391241c77526720ee8eb,104,0x1f4b10ffb832581ae5a975ed38eeac9f4e960bdf,0x57b116da40f21f91aec57329ecb763d29c1b2355,0,122175,660000000,0,1,0x8fafb286000000000000000000000000673bc7c492faac5f88547da13a3ae4a9c8152c8100000000000000000000000000000000000000000000000000000000000000030000000000000000000000000000000000000000000000000000000000000003,,4892738,81450,20053130,0x8fafb286,"claimResearchDividends(address referer, uint256 startSnapshot, uint256 endSnapShot)"
5454908,1523939970,0x342d3121ad524a92959416630df034b57b214d8664fc4e0b0690b7c49caf5e4c,454,0x2b5b92f6a6d41ce74fb7c2d8f11d8fd8a8b1e22ccc756749cb326fb576c22a13,13,0x1f4b10ffb832581ae5a975ed38eeac9f4e960bdf,0xfe8bed8cdcacf279398677d59d95dda9543abdd1,14000000000000000,21000,4100000000,0,1,0x,,512444,21000,20053128,0x,
5454918,1523940120,0x922c5aee21ea963071b1de3bca2300bb2955baa09e5e7925b30fd0d6e2fe16ac,455,0x27b3d2e7932badd28fe78712af63a8c884a917e65bab4679fda64a07e9dd3292,43,0x1f4b10ffb832581ae5a975ed38eeac9f4e960bdf,0x57b116da40f21f91aec57329ecb763d29c1b2355,0,56848,1100000000,0,1,0x3bed33ce00000000000000000000000000000000000000000000000000029ac189c33bdd,,1952975,20641,20053118,0x3bed33ce,withdrawEther(uint256 amount)
5455255,1523945032,0xce3e80eeb4051ef47b9e844a85becaa5346638afeb2246d9b78cdf1aab0110b9,456,0xced30880cfb5e2acaf108c7cc50f7180d3ace3e98dc0d5b0f6379e6f6fa334e1,108,0x1f4b10ffb832581ae5a975ed38eeac9f4e960bdf,0xb1690c08e213a35ed9bab7b318de14420fb57d8c,2045026076100722,135963,1000000000,1,0,0x454a2ab30000000000000000000000000000000000000000000000000000000000090a21,,5914423,23800,20052781,0x454a2ab3,bid(uint256 _tokenId)
5455262,1523945152,0x488a2935dd42b7d661742c93de433608f493f6513ec6f85da0660f288f5b89d8,457,0x1869757ce581e8ed9de6efa46a7071179197d68e0e0f768a5e8442fe324d6996,104,0x1f4b10ffb832581ae5a975ed38eeac9f4e960bdf,0xb1690c08e213a35ed9bab7b318de14420fb57d8c,2086748905694807,135963,1500000000,0,1,0x454a2ab30000000000000000000000000000000000000000000000000000000000066cb7,,4628341,45508,20052774,0x454a2ab3,bid(uint256 _tokenId)
5455330,1523946150,0x934e4f06ae3b5af8ecdc6a0b32a2a3fd96114e5d7d9c5f52d519c640e3d6fe28,458,0x97eb78ce9a33b609ab65b772402d2ee1e70f80d38225c14cc2e1b5f4e59841d5,107,0x1f4b10ffb832581ae5a975ed38eeac9f4e960bdf,0x06012c8cf97bead5deae237070f9587f8e7a266d,0,235411,600000000,0,1,0x3d7d3f5a0000000000000000000000000000000000000000000000000000000000066cb7000000000000000000000000000000000000000000000000000aa87bee53800000000000000000000000000000000000000000000000000000071afd498d0000000000000000000000000000000000000000000000000000000000000002a300,,5974721,140276,20052706,0x3d7d3f5a,"createSaleAuction(uint256 _kittyId, uint256 _startingPrice, uint256 _endingPrice, uint256 _duration)"
5455355,1523946463,0x715eba4a1713065b6c2f3e12ba69c46cdebf5d719db81d563bcc9600fe071210,7174,0x87ffcf79f081ad195dd1df3fe36a6fd2d8dc231c16eafb52f5eb26e3b848d31a,67,0x30a9ef0904c807c53f189737741e3f9145a6b792,0x1f4b10ffb832581ae5a975ed38eeac9f4e960bdf,19937000000000000,90000,3000000000,0,1,0x,,2620170,21000,20052681,0x,
5455380,1523946782,0xe70f3c359915723afef684ecad11397a204b5f0c799666dba90033ee07046ac8,459,0xe8334b180eba030b0545def66c1952081026117e2c92533668d535866cb4149d,213,0x1f4b10ffb832581ae5a975ed38eeac9f4e960bdf,0x06012c8cf97bead5deae237070f9587f8e7a266d,0,235603,900000000,0,1,0x3d7d3f5a00000000000000000000000000000000000000000000000000000000000aa34300000000000000000000000000000000000000000000000002c68af0bb140000000000000000000000000000000000000000000000000000016345785d8a00000000000000000000000000000000000000000000000000000000000000069780,,6735940,140404,20052656,0x3d7d3f5a,"createSaleAuction(uint256 _kittyId, uint256 _startingPrice, uint256 _endingPrice, uint256 _duration)"
5455394,1523947034,0x5274656e88d06871fa4bed6aefa5825bc170505e01462cbb2af098760224b8ca,460,0x35a61baa6bcf380d2764640b155695d38ec35a063bce115f03a7b6cbd908c1f4,82,0x1f4b10ffb832581ae5a975ed38eeac9f4e960bdf,0xad5fbf5de2fad5fbf3b782acfeb0722ab93f7044,4000000000000000,21000,4000000000,0,1,0x,,4275801,21000,20052642,0x,
5455404,1523947198,0x515cc66e7c5c2f7ff1c8b098e58c10e16b6472d75da1bb859b4f8934082dead3,461,0xebac66afa723d0b25b36aee255d23a96cf77225cda780a27f530ffdd277d58a0,105,0x1f4b10ffb832581ae5a975ed38eeac9f4e960bdf,0xb1690c08e213a35ed9bab7b318de14420fb57d8c,2061050051692613,135963,770000000,1,0,0x454a2ab300000000000000000000000000000000000000000000000000000000000aa3ce,,6077810,23800,20052632,0x454a2ab3,bid(uint256 _tokenId)
5455405,1523947214,0x5323f92840f245d93de963a39be99bc85c7d00314bc57f4f55b886a865768487,462,0x25145fb090952b7ef13993ed1f58c72a295778b82e1f2af68d3cc530cdf3c43b,112,0x1f4b10ffb832581ae5a975ed38eeac9f4e960bdf,0xb1690c08e213a35ed9bab7b318de14420fb57d8c,2004275190944861,135963,2000000000,1,0,0x454a2ab300000000000000000000000000000000000000000000000000000000000aa46d,,3136944,23800,20052631,0x454a2ab3,bid(uint256 _tokenId)
5455449,1523947868,0x79c0090f7875221d0f88026a4e61f5732e08a38348912db73800f28e7fde02b1,463,0x44ff0db645fa3827a49c6dbab1cbd30a92b82f99424a26629a1a7bf8b399db74,53,0x1f4b10ffb832581ae5a975ed38eeac9f4e960bdf,0xb1690c08e213a35ed9bab7b318de14420fb57d8c,2007100312454558,135963,1000000000,1,0,0x454a2ab300000000000000000000000000000000000000000000000000000000000aa49f,,7184242,23800,20052587,0x454a2ab3,bid(uint256 _tokenId)
5455450,1523947871,0xa20579eb3f368d05f52e518103b4b42ec2af3346e6092b1cf0b6503e9a459b06,464,0x7728404e222473a2a57ece38e796bc702bdbae9fbaa3d8027b072860d2c9887d,30,0x1f4b10ffb832581ae5a975ed38eeac9f4e960bdf,0xb1690c08e213a35ed9bab7b318de14420fb57d8c,2003674409698706,135963,1000000000,1,0,0x454a2ab300000000000000000000000000000000000000000000000000000000000aa49f,,1625926,23800,20052586,0x454a2ab3,bid(uint256 _tokenId)
5455468,1523948100,0xdee9e6bf2d157012d8c6369b192dcff18d036e6afeeb6c063e3178ac2d31e350,465,0x002745f52c567f690da3daf23b9c7afe64081013d28dadbd9069123394c07ca7,40,0x1f4b10ffb832581ae5a975ed38eeac9f4e960bdf,0xb1690c08e213a35ed9bab7b318de14420fb57d8c,2020418558897099,135963,2000000000,1,0,0x454a2ab300000000000000000000000000000000000000000000000000000000000aa46d,,1999681,23800,20052568,0x454a2ab3,bid(uint256 _tokenId)
5455481,1523948282,0x57afe2ecbd72b7cc23990669849fa83c4779daa3a51604dc1271b65923c8ba8e,466,0x8e84afcd18d2de56dc3dc5778382d89e130bd678bf0eda7953a3ffb773609185,15,0x1f4b10ffb832581ae5a975ed38eeac9f4e960bdf,0xb1690c08e213a35ed9bab7b318de14420fb57d8c,1000000000000000,125815,10000000000,0,1,0x454a2ab300000000000000000000000000000000000000000000000000000000000767a1,,658162,41872,20052555,0x454a2ab3,bid(uint256 _tokenId)
5455496,1523948471,0x9cc706844f2543b2f4a6f6408092ee3f1b3b68a034345ebadcdb220b5c25b29c,467,0xf5851a0d2023b5a37bf98524f54ff7b7e1b4c53af4647d26d04cf3e661f61438,72,0x1f4b10ffb832581ae5a975ed38eeac9f4e960bdf,0xb1690c08e213a35ed9bab7b318de14420fb57d8c,2027813211627551,135963,1000000000,1,0,0x454a2ab300000000000000000000000000000000000000000000000000000000000aa46d,,4427407,23800,20052540,0x454a2ab3,bid(uint256 _tokenId)
5455508,1523948814,0x3f586a7db3e2b872d25e69463f9c66e678dc29935c09def9cb63df51a620feb3,468,0x11ad12fc1ccbed093d127df2a2184aefa87fbad8e9ebc359ebcb3856f2cf13d1,106,0x1f4b10ffb832581ae5a975ed38eeac9f4e960bdf,0xb1690c08e213a35ed9bab7b318de14420fb57d8c,2021086301948381,250000,1500000000,1,0,0x454a2ab300000000000000000000000000000000000000000000000000000000000aa49f,,7122613,23800,20052528,0x454a2ab3,bid(uint256 _tokenId)
5455529,1523949147,0x2abc2eb9babff5ca546bd6b91cdc8ad812b9dd0273835a3d16cc9082f0948075,469,0x1cb3f4586b5f36f3e4d7cb955c6ec1962f6b7a9eb339ad5c077ab32c2c2e7f4f,38,0x1f4b10ffb832581ae5a975ed38eeac9f4e960bdf,0xb1690c08e213a35ed9bab7b318de14420fb57d8c,2038590242808578,135963,1000000000,1,0,0x454a2ab300000000000000000000000000000000000000000000000000000000000aa46d,,1800977,23800,20052507,0x454a2ab3,bid(uint256 _tokenId)
5455530,1523949161,0xf14a741f70d045a580489ce2675878297bc618aba30110cc51bb1ba7bc56232c,470,0x7c6be29940c8ec0149b2e9426a38dd346b3a49d97752574b2db3d814c357afe7,37,0x1f4b10ffb832581ae5a975ed38eeac9f4e960bdf,0xb1690c08e213a35ed9bab7b318de14420fb57d8c,2019738801957005,135963,1000000000,1,0,0x454a2ab300000000000000000000000000000000000000000000000000000000000aa4eb,,7269052,23800,20052506,0x454a2ab3,bid(uint256 _tokenId)
5455536,1523949247,0x6b0775e8f21b2ee0a5f684ad9ccad7a12679b300464257746e3ce2674952a92f,471,0x7a9610feedb67bee227132de62d245ff456dff264bf0e366b107f06d8c7342ad,27,0x1f4b10ffb832581ae5a975ed38eeac9f4e960bdf,0xb1690c08e213a35ed9bab7b318de14420fb57d8c,2117509773553493,135963,1000000000,1,0,0x454a2ab300000000000000000000000000000000000000000000000000000000000a5752,,1207821,23800,20052500,0x454a2ab3,bid(uint256 _tokenId)
5455576,1523949860,0x89dac7400167e4a879104ccca97ad62522f38bd1af8b42e138694f83bc6d8fb8,472,0xed5fcb074a8ae9feaadc3815828a53ba1fbb73747f1ea7dc89d5f14bf9a2d240,86,0x1f4b10ffb832581ae5a975ed38eeac9f4e960bdf,0x06012c8cf97bead5deae237070f9587f8e7a266d,0,235603,600000000,0,1,0x3d7d3f5a00000000000000000000000000000000000000000000000000000000000767a1000000000000000000000000000000000000000000000000016345785d8a0000000000000000000000000000000000000000000000000000016345785d8a00000000000000000000000000000000000000000000000000000000000000069780,,4701144,140404,20052460,0x3d7d3f5a,"createSaleAuction(uint256 _kittyId, uint256 _startingPrice, uint256 _endingPrice, uint256 _duration)"
5455591,1523950078,0xef923e4ecb275491b43c10e2b2b8609cb99aa32d80a1605530ffa118404f94b0,473,0xb3e9731d192cd3b0d4e8162b9a46c3fa99ae6d10c3bef6af82d2184693526751,57,0x1f4b10ffb832581ae5a975ed38eeac9f4e960bdf,0x06012c8cf97bead5deae237070f9587f8e7a266d,8000000000000000,119977,800000000,0,1,0xf7d8c88300000000000000000000000000000000000000000000000000000000000a757600000000000000000000000000000000000000000000000000000000000a7849,,2802194,79985,20052445,0xf7d8c883,"breedWithAuto(uint256 _matronId, uint256 _sireId)"
5455593,1523950100,0xc201dbb3c266c1849bfcbda566fe98fc2594e8ac73d15d93a0f92f73d043c33f,474,0x2b0931137fbba89b629236dac77d5b2ee89fc9f67668573d3fa15142de28c2e5,11,0x1f4b10ffb832581ae5a975ed38eeac9f4e960bdf,0xb1690c08e213a35ed9bab7b318de14420fb57d8c,2089873333214912,135963,1000000000,1,0,0x454a2ab30000000000000000000000000000000000000000000000000000000000073464,,1115466,23800,20052443,0x454a2ab3,bid(uint256 _tokenId)
5455626,1523950628,0xb75067850b07f66854d3aaa2bbf63d72c1ea93e3519cb4c891b7b293060486c1,475,0xc52020fcabaca8402b392f2b3044976323137c3bedb4f8416298223e5cb0de80,57,0x1f4b10ffb832581ae5a975ed38eeac9f4e960bdf,0xb1690c08e213a35ed9bab7b318de14420fb57d8c,2203821342324028,135963,1000000000,1,0,0x454a2ab30000000000000000000000000000000000000000000000000000000000073464,,3633608,23800,20052410,0x454a2ab3,bid(uint256 _tokenId)
5455645,1523950865,0xa4ee90b7746459f247d6561626dfa526e63142b68ffcb939effe4422f6b83c53,476,0xddeaf89eb5185a64ed1b5088f132f9a93bf61931d20b07fab88af6620b4bd611,39,0x1f4b10ffb832581ae5a975ed38eeac9f4e960bdf,0xad5fbf5de2fad5fbf3b782acfeb0722ab93f7044,4000000000000000,21000,5000000000,0,1,0x,,1231578,21000,20052391,0x,
5455662,1523951121,0xc9a128be7bd05e27cd3d6d94e1743a0fe6bfef2730ee7e24e236392a77d2f0d5,7190,0x44449d2f160377b2884d0cebf8eb9ceaddbcbd0bc7f8201a123c1ad423115a65,80,0x30a9ef0904c807c53f189737741e3f9145a6b792,0x1f4b10ffb832581ae5a975ed38eeac9f4e960bdf,34937000000000000,90000,3000000000,0,1,0x,,3273738,21000,20052374,0x,
5455674,1523951301,0x9c2348e66009bf67c9cff3f54159c81b8a992ddc1d36ea13ccd21d55ddf73cb4,477,0xf80b801fb3c3112fdc26f4046610adfbacdf17d09227d8760eaa14d479d06b9a,34,0x1f4b10ffb832581ae5a975ed38eeac9f4e960bdf,0xb1690c08e213a35ed9bab7b318de14420fb57d8c,8000000000000000,125913,2000000000,0,1,0x454a2ab300000000000000000000000000000000000000000000000000000000000a0485,,2156940,41904,20052362,0x454a2ab3,bid(uint256 _tokenId)
5455702,1523951688,0x06011bddab2c8e8bf9a406edad909f1798ee484dc865e7d16be9461445b78b53,478,0x6fb95919bb4b66c5039fe0a77d2e30e376269384e4f147fccc5ae09859e3d63d,33,0x1f4b10ffb832581ae5a975ed38eeac9f4e960bdf,0xb1690c08e213a35ed9bab7b318de14420fb57d8c,2007112812454478,135963,3000000000,1,0,0x454a2ab300000000000000000000000000000000000000000000000000000000000aa554,,1669585,23800,20052334,0x454a2ab3,bid(uint256 _tokenId)
5455781,1523952805,0x23e89c15d41a4c3c4a0811848c3ddfb6d4de92a054e59ea3cda2cb123a90c718,479,0x7448eec137e091489b39cc1f66b252072480222cb586944e883f4cdfe0d63604,145,0x1f4b10ffb832581ae5a975ed38eeac9f4e960bdf,0xb1690c08e213a35ed9bab7b318de14420fb57d8c,2024619409564658,135963,1100000000,1,0,0x454a2ab300000000000000000000000000000000000000000000000000000000000aa554,,3891395,23800,20052255,0x454a2ab3,bid(uint256 _tokenId)
5455791,1523953062,0x2ec6902df391ea60b705a27cb924f600070b94d3e9c148cdc83a77ea12ab98b2,480,0x9750e025dd7d7f3ce51220ad853568eff5d822ed9cf96febe6cf9dc1d9094249,142,0x1f4b10ffb832581ae5a975ed38eeac9f4e960bdf,0xb1690c08e213a35ed9bab7b318de14420fb57d8c,2400942600191650,135963,2000000000,0,1,0x454a2ab30000000000000000000000000000000000000000000000000000000000089ec9,,7568654,45508,20052245,0x454a2ab3,bid(uint256 _tokenId)
5455816,1523953539,0x39a3d84ff60d47b18cf9c94f95e6bf714e98bafb228b097ef6ff1181799bbc74,481,0x6be56db57dc49306a96b8adf89b424c40f822117af229a90a9d3cd39a370f9e6,95,0x1f4b10ffb832581ae5a975ed38eeac9f4e960bdf,0xb1690c08e213a35ed9bab7b318de14420fb57d8c,2172364669035755,135963,2100000000,1,0,0x454a2ab300000000000000000000000000000000000000000000000000000000000aa3ce,,6290235,23800,20052220,0x454a2ab3,bid(uint256 _tokenId)
5456032,1523956907,0x5e9dcbc88da11d040fd79920de8710d9c4d993574d56462f04417c3a7956e8f9,482,0xc5a6822ad03675011b75b426958ddb2a0a4ec07fba22690bb2c7e3e17535be7c,38,0x1f4b10ffb832581ae5a975ed38eeac9f4e960bdf,0xfe8bed8cdcacf279398677d59d95dda9543abdd1,21000000000000000,21000,5000000000,0,1,0x,,2569177,21000,20052004,0x,
5456035,1523956935,0xd638a0150e1bb8bc4c6c8250a8d63cc599dafebb046e6f50ada27269d66cf9c0,483,0x6b87416350abffa966e07dacedb52ddfcb1014dcc6d40e5167581560b910afe3,70,0x1f4b10ffb832581ae5a975ed38eeac9f4e960bdf,0xb1690c08e213a35ed9bab7b318de14420fb57d8c,2168599822646215,200000,2000000000,1,0,0x454a2ab30000000000000000000000000000000000000000000000000000000000098b7f,,5036698,22540,20052001,0x454a2ab3,bid(uint256 _tokenId)
5456036,1523956944,0x8968a526b4d2b790aafee4b2d0a3bc2187786443af03223c6d3e85a4d25454aa,484,0x380596bfc8c145c2cfcebfdc16bae8e1740d9947729792cdc994ea57b3fe0e67,52,0x1f4b10ffb832581ae5a975ed38eeac9f4e960bdf,0x06012c8cf97bead5deae237070f9587f8e7a266d,0,235603,2500000000,0,1,0x3d7d3f5a00000000000000000000000000000000000000000000000000000000000aa55a0000000000000000000000000000000000000000000000000429d069189e000000000000000000000000000000000000000000000000000003782dace9d90000000000000000000000000000000000000000000000000000000000000005eec0,,3248681,140404,20052000,0x3d7d3f5a,"createSaleAuction(uint256 _kittyId, uint256 _startingPrice, uint256 _endingPrice, uint256 _duration)"
5456073,1523957498,0xe27f46d79f2be72308ecdb842165157ab4bd47bb1dde6518533679fff5cb3753,485,0xd7b77ca6021337e541db134d565e133c1ddbbd6997dcf8abd71e21699b6212d5,55,0x1f4b10ffb832581ae5a975ed38eeac9f4e960bdf,0xfe8bed8cdcacf279398677d59d95dda9543abdd1,5000000000000000,21000,4000000000,0,1,0x,,3020391,21000,20051963,0x,
5456086,1523957613,0xbeb85c0c6539ec86e9542a6f4767f3068b22daa0d5838b82cc2782157aa50d3d,486,0xe9bae57f13dcf27430c262840ee2b97d330a476487f6df32878ab6e6c093a3d7,96,0x1f4b10ffb832581ae5a975ed38eeac9f4e960bdf,0x06012c8cf97bead5deae237070f9587f8e7a266d,0,235507,1000000000,0,1,0x3d7d3f5a00000000000000000000000000000000000000000000000000000000000a048500000000000000000000000000000000000000000000000000354a6ba7a18000000000000000000000000000000000000000000000000000002386f26fc10000000000000000000000000000000000000000000000000000000000000003f480,,7458130,140340,20051950,0x3d7d3f5a,"createSaleAuction(uint256 _kittyId, uint256 _startingPrice, uint256 _endingPrice, uint256 _duration)"
5457697,1523982326,0x36f7cefbfc40aee0cdfa73dd078473f31a8c1f14b282b71beb2c3c148f04e9cd,487,0x725a37e72ca3ab4dc75f0573e04ed467d3128ab1080f778b8a81ae3e24ae5df3,183,0x1f4b10ffb832581ae5a975ed38eeac9f4e960bdf,0x7ec1bf33aa5f43c613e00c75166c38c5383c46e8,250000000000000,21000,3000000000,0,1,0x,,7321888,21000,20050339,0x,
5457730,1523982769,0x99849d101a9d6fdf591f386cc70dfe3f8ca12f8d54e54df96b59414f40ae3516,488,0x5a2959d19a308108b60f66537b5b9798bf658f164e4a60a0425c0a1f13f2672e,157,0x1f4b10ffb832581ae5a975ed38eeac9f4e960bdf,0x57b116da40f21f91aec57329ecb763d29c1b2355,0,43320,2000000000,1,0,0xa9059cbb0000000000000000000000007ec1bf33aa5f43c613e00c75166c38c5383c46e80000000000000000000000000000000000000000000000000000000011e1a300,,5412040,43320,20050306,0xa9059cbb,"transfer(address _to, uint256 _value)"
5457777,1523983419,0x077cff5b507eb4f4369f657a412d46e6a8cbf892bfd357a59dd6e19e054b94d6,489,0xc484c201dec6214699701e35f95de9837293a5ed89364275efc75d96069f3b0a,144,0x1f4b10ffb832581ae5a975ed38eeac9f4e960bdf,0x57b116da40f21f91aec57329ecb763d29c1b2355,0,37740,2000000000,1,0,0xa9059cbb0000000000000000000000007ec1bf33aa5f43c613e00c75166c38c5383c46e8000000000000000000000000000000000000000000000000000000000bebc200,,5019890,37740,20050259,0xa9059cbb,"transfer(address _to, uint256 _value)"
5457792,1523983651,0x6971574be4a4321410c02ba02c4120c10bb9acf643d260bfc86d9460577fabfc,0,0x1908b447fe9b3e38426756e01a4e93b6a0322f897d97fb0c7b782fd28757bfa8,115,0x7ec1bf33aa5f43c613e00c75166c38c5383c46e8,0x1f4b10ffb832581ae5a975ed38eeac9f4e960bdf,140000000000000,21000,3000000000,0,1,0x,,4251493,21000,20050244,0x,
5457849,1523984496,0x3847a6e9bb83e0095a5d7f976b7dd1d3119f1978fef0b23dd1de1b03452643f0,490,0x0b0e32ffcc29607c695d9337326f707c52ebc6f94275a0e100ef06cc61ab4d89,30,0x1f4b10ffb832581ae5a975ed38eeac9f4e960bdf,0x57b116da40f21f91aec57329ecb763d29c1b2355,0,29370,3100000000,1,0,0x2bfd2e06000000000000000000000000000000000000000000000000000000000000002e0000000000000000000000000000000000000000000000000000000000000063,,1617554,29370,20050187,0x2bfd2e06,"buyBasicUnit(uint256 unitId, uint256 amount)"
5458000,1523986704,0x49c23e1afb6c16dc557b9018f347bc035989032ed05b36fa07ee423ac46d5ba0,491,0x6c1e4e5ebe4dc0f5304158e2ea0def2b5889f7e035874ad28ba36375bc3348c4,125,0x1f4b10ffb832581ae5a975ed38eeac9f4e960bdf,0x57b116da40f21f91aec57329ecb763d29c1b2355,0,99120,1000000000,0,1,0xa9059cbb0000000000000000000000007ec1bf33aa5f43c613e00c75166c38c5383c46e800000000000000000000000000000000000000000000000000000000047868c0,,5516838,69145,20050036,0xa9059cbb,"transfer(address _to, uint256 _value)"
5458016,1523986895,0x7c7b4a8a57c1567c44e68e86e39979b66c3699801173089616b9e05d4dbf4e42,492,0xddd67e4ca0d0d09884a98dec9277961b381d6bc098c858c7267923bc24c80add,99,0x1f4b10ffb832581ae5a975ed38eeac9f4e960bdf,0x7ec1bf33aa5f43c613e00c75166c38c5383c46e8,1500000000000000,21000,1000000000,0,1,0x,,7916597,21000,20050020,0x,
5458160,1523989008,0x84f1335cb8daee319f73c20ce6706a64323d27afda1ce785190c1d855937ba20,493,0xe86fa3096ed2074e67b522aa25bd755a3392b67f22f154ed1b06c5a98f694a70,40,0x1f4b10ffb832581ae5a975ed38eeac9f4e960bdf,0x89d36a79f146c3e4053d79ea9b2660a89f1e577f,600000000000000,21000,1000000000,0,1,0x,,3028854,21000,20049876,0x,
5458173,1523989221,0x455066eee2c1259064440a312d9645744cfa4415d7c9c1300a8ccd84768d36ee,494,0xe3826e0480c8d581c27fbceffb881d657a5a1632a4c3271008c850e7f65f79fc,121,0x1f4b10ffb832581ae5a975ed38eeac9f4e960bdf,0x57b116da40f21f91aec57329ecb763d29c1b2355,0,252570,1000000000,0,1,0xa9059cbb00000000000000000000000089d36a79f146c3e4053d79ea9b2660a89f1e577f0000000000000000000000000000000000000000000000000000000002faf080,,6388098,69145,20049863,0xa9059cbb,"transfer(address _to, uint256 _value)"
5458310,1523991248,0x6012fa4727153c7e3a5d27a7b81b7435c077854b3d6a2af533b1a184fd592020,495,0xc91d9ff912288d6a378087182d2d3cd54e341f8f3af51b9b2803ae74dffc11a7,152,0x1f4b10ffb832581ae5a975ed38eeac9f4e960bdf,0xfe8bed8cdcacf279398677d59d95dda9543abdd1,300000000000000,26580,3000000000,0,1,0x,,4775486,21000,20049726,0x,
5459775,1524012190,0xb8a8bbccf72a6ec9736edb4f439bd0123f576e735b1dc0b789ebfcfc0bcc2d22,496,0xfc7fdb035d4959e373012c3bfaab6087a09bcb9e67a63d28a832dbe98bb5deb1,64,0x1f4b10ffb832581ae5a975ed38eeac9f4e960bdf,0x57b116da40f21f91aec57329ecb763d29c1b2355,0,50000,1000000000,1,0,0x8fafb286000000000000000000000000673bc7c492faac5f88547da13a3ae4a9c8152c8100000000000000000000000000000000000000000000000000000000000000040000000000000000000000000000000000000000000000000000000000000004,,4239567,50000,20048261,0x8fafb286,"claimResearchDividends(address referer, uint256 startSnapshot, uint256 endSnapShot)"
5459980,1524015185,0xef9f47d26af35e5fbfc39145c2c9352b522913c6d8f761a71c36b7e237b9a84a,1456,0xe7bfa74f8dfe0968586d1e0afbea7e5df8558c0309d00de4ca80bcd3b6d63a99,21,0xee84e9f45d7f16e1215ccbac8095f9e1c6b039c9,0x1f4b10ffb832581ae5a975ed38eeac9f4e960bdf,400000000000000,21000,2100000000,0,1,0x,,4430672,21000,20048056,0x,
5459993,1524015348,0x4ba2426cb9220c021216cc942a8d87b97a9c7339002f387da77504256d9fe71d,497,0xabf24b49b356db5f2783cc7553dc81e203fa6aedb25a72db5274a333522cdd67,118,0x1f4b10ffb832581ae5a975ed38eeac9f4e960bdf,0x57b116da40f21f91aec57329ecb763d29c1b2355,0,100000,1100000000,0,1,0x8fafb286000000000000000000000000673bc7c492faac5f88547da13a3ae4a9c8152c8100000000000000000000000000000000000000000000000000000000000000040000000000000000000000000000000000000000000000000000000000000004,,3143395,81450,20048043,0x8fafb286,"claimResearchDividends(address referer, uint256 startSnapshot, uint256 endSnapShot)"
5460002,1524015478,0x964014339cf73e276ca883b530df5bfcae914582a28a093538630bca362ba693,498,0xb14c4cad13ffe363227531701ae7855ff269d90f0dd06e99fad05fae7c137819,91,0x1f4b10ffb832581ae5a975ed38eeac9f4e960bdf,0x57b116da40f21f91aec57329ecb763d29c1b2355,0,122175,1000000000,1,0,0x8fafb286000000000000000000000000673bc7c492faac5f88547da13a3ae4a9c8152c8100000000000000000000000000000000000000000000000000000000000000040000000000000000000000000000000000000000000000000000000000000004,,4181628,24590,20048034,0x8fafb286,"claimResearchDividends(address referer, uint256 startSnapshot, uint256 endSnapShot)"
5460007,1524015560,0xfd6d783520867223c1a809a1fc6c6d609d781cb00d4c7ca900d20038dabd6e2b,499,0x044404548e752697da29647bd11f144c213b28341bd7e4e802ba9699695af4d6,55,0x1f4b10ffb832581ae5a975ed38eeac9f4e960bdf,0x57b116da40f21f91aec57329ecb763d29c1b2355,0,56848,1000000000,0,1,0x3bed33ce0000000000000000000000000000000000000000000000000001a6af08d155aa,,4314142,20641,20048029,0x3bed33ce,withdrawEther(uint256 amount)
5460008,1524015574,0x5f1c9984a5cedb0d0a92776b4bfde5d572fe34e924286e0c477da460d25f9725,500,0x7f1fee08149459844bddc4e7991e33ccd0ac82367a6468b36237d44a76d43490,76,0x1f4b10ffb832581ae5a975ed38eeac9f4e960bdf,0x57b116da40f21f91aec57329ecb763d29c1b2355,0,56848,1000000000,1,0,0x3bed33ce0000000000000000000000000000000000000000000000000001a6af08d155aa,,3913538,22781,20048028,0x3bed33ce,withdrawEther(uint256 amount)
5460024,1524015784,0x756ad718627ec22a5134529091b6ca7981bbd4ab5e04ad22f0ca40aaa92417f4,501,0x9c2e3336430bdabbc3fd5aaf63f9308d3063aa17b851eff068a7f89dd70923d6,56,0x1f4b10ffb832581ae5a975ed38eeac9f4e960bdf,0xfe8bed8cdcacf279398677d59d95dda9543abdd1,555000000000000,21000,1000000000,0,1,0x,,2529315,21000,20048012,0x,
5460038,1524015959,0xe3efad1eb242d41c9f042da07b430c11f22c8ffb22c6c8b5487fe2c5629d759c,502,0x3fb911c5ea387ab4b08592af0aeeee60262f7c61b3a771959893cfb2271d7781,22,0x1f4b10ffb832581ae5a975ed38eeac9f4e960bdf,0x06012c8cf97bead5deae237070f9587f8e7a266d,0,150000,500000000,1,0,0x3d7d3f5a0000000000000000000000000000000000000000000000000000000000089ec9000000000000000000000000000000000000000000000000000aa87bee53800000000000000000000000000000000000000000000000000000071afd498d00000000000000000000000000000000000000000000000000000000000000034bc0,,7122716,148426,20047998,0x3d7d3f5a,"createSaleAuction(uint256 _kittyId, uint256 _startingPrice, uint256 _endingPrice, uint256 _duration)"
5460306,1524019743,0x19e94854aeb0d488f463faa55816e9bd27a8dd2506362f22217c07e2a226cf43,503,0xe5f8200021876e82eb48b118027aedb09cb6f9996d30f388baaf4a8a849a8e73,98,0x1f4b10ffb832581ae5a975ed38eeac9f4e960bdf,0x06012c8cf97bead5deae237070f9587f8e7a266d,0,90000,900000000,1,0,0x3d7d3f5a0000000000000000000000000000000000000000000000000000000000089ec9000000000000000000000000000000000000000000000000000aa87bee53800000000000000000000000000000000000000000000000000000071afd498d0000000000000000000000000000000000000000000000000000000000000005eec0,,5225603,89364,20047730,0x3d7d3f5a,"createSaleAuction(uint256 _kittyId, uint256 _startingPrice, uint256 _endingPrice, uint256 _duration)"
5463790,1524072610,0xd0ecb513ae253e750a689f8295065e473e7ba896fdc9f9e4fe35d88430ddb626,504,0x258443e887e6a052e1df3cddc19e8aa468abbd9224d0492e1890d5879c55d750,61,0x1f4b10ffb832581ae5a975ed38eeac9f4e960bdf,0xfe8bed8cdcacf279398677d59d95dda9543abdd1,12200000000000000,21000,1000000000,0,1,0x,,3147740,21000,20044246,0x,
5464779,1524087206,0xc9db9f6b3f1ec88f554f9ed74efe0fcbc2e8d80e65b9c3c948dd5601f1015cf0,15,0x9ae3d472c930b3beebaf4b435a42f0a5499e41bbeca63eab01b8614a0974208f,116,0x973593c3a304f5bd54e3eb7a7416977dca7acbef,0x1f4b10ffb832581ae5a975ed38eeac9f4e960bdf,42000000000000000,21000,1000000000,0,1,0x,,6894196,21000,20043257,0x,
5464796,1524087503,0xd45900ed4e7f4ea53d0dbcea5cd4affc9cc27013b415f9ac6b6ca972f5d91563,505,0xafa4d58d088d62ef51a42b5a8d129a5698858247733cdd7fb402ee5730513456,49,0x1f4b10ffb832581ae5a975ed38eeac9f4e960bdf,0xfe8bed8cdcacf279398677d59d95dda9543abdd1,42000000000000000,21000,1000000000,0,1,0x,,3260728,21000,20043240,0x,
5465131,1524092702,0x8f2fb475fc32bf5a27ef85368d4e9cf2a867fad45619cf2a36ffd12344217dfd,506,0xb8ed99bdc3e23b8d916ac9a697aa0a9cfa99e33879a7b5ff517c251f9c70c83b,24,0x1f4b10ffb832581ae5a975ed38eeac9f4e960bdf,0x06012c8cf97bead5deae237070f9587f8e7a266d,0,100000,600000000,1,0,0x3d7d3f5a0000000000000000000000000000000000000000000000000000000000074ebe00000000000000000000000000000000000000000000000000071afd498d000000000000000000000000000000000000000000000000000000071afd498d00000000000000000000000000000000000000000000000000000000000000034bc0,,3803355,99207,20042905,0x3d7d3f5a,"createSaleAuction(uint256 _kittyId, uint256 _startingPrice, uint256 _endingPrice, uint256 _duration)"
5465465,1524096956,0x51e68def54cdf665db7b1817568fe4be6c7007a3bddc1d26cc88ca1d3c6c01ea,1474,0x1690e614e4671b88885ed4c148796ee37980e397555af36a61308f237a742685,73,0xee84e9f45d7f16e1215ccbac8095f9e1c6b039c9,0x1f4b10ffb832581ae5a975ed38eeac9f4e960bdf,200000000000000,21000,1000000000,0,1,0x,,5103145,21000,20042571,0x,
5465491,1524097477,0xe80f67dae87274d3a6f817932aa8a6a78bdc0428e64f6140e6587b41db29f93a,507,0x24ea1ec4c6886666b77eceec85a287ed1ec1a24f0a2e569ca192d94ee0bc713d,126,0x1f4b10ffb832581ae5a975ed38eeac9f4e960bdf,0x06012c8cf97bead5deae237070f9587f8e7a266d,0,235315,870000000,0,1,0x3d7d3f5a0000000000000000000000000000000000000000000000000000000000089ec900000000000000000000000000000000000000000000000000071afd498d000000000000000000000000000000000000000000000000000000071afd498d0000000000000000000000000000000000000000000000000000000000000002a300,,5702273,140212,20042545,0x3d7d3f5a,"createSaleAuction(uint256 _kittyId, uint256 _startingPrice, uint256 _endingPrice, uint256 _duration)"
5465563,1524098367,0xcc71374c3a061ff748ead2d3b44d3c2d05f7a81127601024faebe933ba06f76a,508,0x1a2b41eb29142b97065813c3594923817f32f4d83dd92fe68d08d00edecbb537,62,0x1f4b10ffb832581ae5a975ed38eeac9f4e960bdf,0xb1690c08e213a35ed9bab7b318de14420fb57d8c,0,109165,660000000,0,1,0x96b5a75500000000000000000000000000000000000000000000000000000000000aa343,,3892101,36389,20042473,0x96b5a755,cancelAuction(uint256 _tokenId)
5465572,1524098544,0xd50d774fd9ffe72c773977429f7cf77e479c8218bdcd234bc8c1c53d199ebda9,509,0xdb9fa52e4f706ecc652bf0eef622d9e43835c4f74c80baa2fc691fb17c5f537b,56,0x1f4b10ffb832581ae5a975ed38eeac9f4e960bdf,0x06012c8cf97bead5deae237070f9587f8e7a266d,0,235507,600000000,0,1,0x3d7d3f5a0000000000000000000000000000000000000000000000000000000000087dee000000000000000000000000000000000000000000000000001ff973cafa8000000000000000000000000000000000000000000000000000001c6bf526340000000000000000000000000000000000000000000000000000000000000003f480,,2392057,140340,20042464,0x3d7d3f5a,"createSaleAuction(uint256 _kittyId, uint256 _startingPrice, uint256 _endingPrice, uint256 _duration)"
5465595,1524098949,0xa9df165ab7144075d2b9234018f7494cd0479ca7c5ef7d30144f9e0402d9fd6d,510,0x26f8d8e82b30bf639e5f589a0a8d0345c58d2d94bffe34d211783dc2ed8533f0,19,0x1f4b10ffb832581ae5a975ed38eeac9f4e960bdf,0x06012c8cf97bead5deae237070f9587f8e7a266d,0,235507,500000000,0,1,0x3d7d3f5a00000000000000000000000000000000000000000000000000000000000aa34300000000000000000000000000000000000000000000000000354a6ba7a180000000000000000000000000000000000000000000000000000031bced02db00000000000000000000000000000000000000000000000000000000000000069780,,5459397,140340,20042441,0x3d7d3f5a,"createSaleAuction(uint256 _kittyId, uint256 _startingPrice, uint256 _endingPrice, uint256 _duration)"
5465601,1524098996,0x4790f25eb675c8911d37ad0eedf69bea73e15bf471407d7a48a152690f80d3fd,511,0xa5bf4d9e5324e44baf96a0945146087f5c33117d0803f5a3fcc4521f521d8d80,49,0x1f4b10ffb832581ae5a975ed38eeac9f4e960bdf,0xc7af99fe5513eb6710e6d5f44f9989da40f27f26,0,109099,600000000,0,1,0x96b5a755000000000000000000000000000000000000000000000000000000000007d32f,,2644223,36367,20042435,0x96b5a755,cancelAuction(uint256 _tokenId)
5465610,1524099066,0xe8b6841cf9591b39ecd15a6392a912d7eacda1b761e5fea7b30d916326d13e06,512,0x9c55904ef17ef380140f3b1a372342ec1fff3a3ba2dfee73a4f7aee306e082e7,43,0x1f4b10ffb832581ae5a975ed38eeac9f4e960bdf,0x57b116da40f21f91aec57329ecb763d29c1b2355,0,271953,800000000,0,1,0xb912950e000000000000000000000000000000000000000000000000000000000004d73b,,1611321,181302,20042426,0xb912950e,buyItemRaffleTicket(uint256 amount)
5465626,1524099285,0xc9e77b3d8d2391a8c7f36eb4ed8fd6c3b96bb04fcba6bc6a66af9cc91369b085,513,0x042cbdf7fbce51629a04752e26edfeadfc3fffb75cbb3feface8d33b1da4ce1b,68,0x1f4b10ffb832581ae5a975ed38eeac9f4e960bdf,0xb1690c08e213a35ed9bab7b318de14420fb57d8c,0,109165,600000000,0,1,0x96b5a75500000000000000000000000000000000000000000000000000000000000aa55a,,6001745,36389,20042410,0x96b5a755,cancelAuction(uint256 _tokenId)
5465636,1524099371,0x9213ca729c35ff35b2ee175af3b5b402dd8df7f6afb23f2379733fe142e6733b,514,0xafb9c21c2c0c0bdc44121d6609c79728c46b7f669fb70fd1c2fc1e8c321d8f3d,21,0x1f4b10ffb832581ae5a975ed38eeac9f4e960bdf,0x06012c8cf97bead5deae237070f9587f8e7a266d,0,235507,700000000,0,1,0x3d7d3f5a000000000000000000000000000000000000000000000000000000000007d32f000000000000000000000000000000000000000000000000001ff973cafa8000000000000000000000000000000000000000000000000000001ff973cafa8000000000000000000000000000000000000000000000000000000000000002a300,,1100856,140340,20042400,0x3d7d3f5a,"createSaleAuction(uint256 _kittyId, uint256 _startingPrice, uint256 _endingPrice, uint256 _duration)"
5465710,1524100312,0x5661556b562e586281eaf65b4afae8c5bf170d3d816aaf27261ff4b29d96abe4,515,0x71eaf3013a321f195f086d9c89f7d790afe53bcc63192d65e418f81568de71f9,39,0x1f4b10ffb832581ae5a975ed38eeac9f4e960bdf,0xfe8bed8cdcacf279398677d59d95dda9543abdd1,1300000000000000,21000,8000000000,0,1,0x,,1274893,21000,20042326,0x,
5467873,1524133193,0xe01af183be6b97c1aef84f512d92d24f69b50ec0d969808c85d0b2d6cef2a3b0,516,0x06ccd10f6aa23f55f4ad428b0354abc30dfb123d811b7a601097851f833f8322,103,0x1f4b10ffb832581ae5a975ed38eeac9f4e960bdf,0xfe8bed8cdcacf279398677d59d95dda9543abdd1,10000000000000,21000,3000000000,0,1,0x,,5143900,21000,20040163,0x,
5469513,1524158239,0x2d96019af21995b0a30e5f992e735302ad08f52c935b6b82b6062bd111c6c6d4,517,0xb67f14d8b08b9f44f979ef0317bf75277c4715a53c4417aed333843836279adb,104,0x1f4b10ffb832581ae5a975ed38eeac9f4e960bdf,0xfe8bed8cdcacf279398677d59d95dda9543abdd1,8400000000000000,21000,2000000000,0,1,0x,,4208437,21000,20038523,0x,
5471908,1524193290,0x8dd455810b6d5222bccb0647f4aca364b75d73b2acd464428b1713814208a496,0,0x7836e8766765fd82e9941281f51a3c4d53dc6b546d103a8898e805d287033a43,86,0x1ae2696be6e677e72177a6ef466188b652b504e0,0x1f4b10ffb832581ae5a975ed38eeac9f4e960bdf,1741370000000000,21000,4000000000,0,1,0x,,7013313,21000,20036128,0x,
5471947,1524193961,0xfc686bff475c51d4f7f745fd8189f62b29941f619306a1f8e645ce58b9a448d7,518,0x4cdec7c2c668fdcc80972f3a2d18eb11fdeb23ea588d2f39733665dea012bf01,60,0x1f4b10ffb832581ae5a975ed38eeac9f4e960bdf,0xb1690c08e213a35ed9bab7b318de14420fb57d8c,0,109165,1000000000,0,1,0x96b5a755000000000000000000000000000000000000000000000000000000000007d32f,,5082905,36389,20036089,0x96b5a755,cancelAuction(uint256 _tokenId)
5471948,1524193971,0x1c64e2649e4beb537e9cfd476c8b402c067fa9af8a806726a0d1ae082bb7b9d9,519,0x2d55f6fe4c07a869414ed2216c79f4f826cedf849fc030225fcf677229d707c4,91,0x1f4b10ffb832581ae5a975ed38eeac9f4e960bdf,0x06012c8cf97bead5deae237070f9587f8e7a266d,0,235411,1000000000,0,1,0x3d7d3f5a00000000000000000000000000000000000000000000000000000000000aa55a000000000000000000000000000000000000000000000000001550f7dca700000000000000000000000000000000000000000000000000000011c37937e08000000000000000000000000000000000000000000000000000000000000000a8c0,,4492665,140276,20036088,0x3d7d3f5a,"createSaleAuction(uint256 _kittyId, uint256 _startingPrice, uint256 _endingPrice, uint256 _duration)"
5472001,1524194726,0xeab0cc2b88e74c1c8c85fd31f3b412a517c4564426718dadb52389c74d58a210,520,0x45e21101329bdb7e9ba55e9f5b86c655a6dc8a370571514542e047578d73b6f3,97,0x1f4b10ffb832581ae5a975ed38eeac9f4e960bdf,0x7ec1bf33aa5f43c613e00c75166c38c5383c46e8,500000000000000,21000,1000000000,0,1,0x,,7331574,21000,20036035,0x,
5472024,1524195155,0xea524908fcc73b9bc14127bb57d9fbc324b7daaf9e06bf3439a8c78ad3b627c6,521,0x91d8aff513aa0f78798ba0bea41e1687ebc84434022687ccd670e8b4ee239dfe,136,0x1f4b10ffb832581ae5a975ed38eeac9f4e960bdf,0x06012c8cf97bead5deae237070f9587f8e7a266d,0,235507,2000000000,0,1,0x3d7d3f5a000000000000000000000000000000000000000000000000000000000007d32f0000000000000000000000000000000000000000000000000018de76816d8000000000000000000000000000000000000000000000000000001550f7dca700000000000000000000000000000000000000000000000000000000000000015180,,5620494,140340,20036012,0x3d7d3f5a,"createSaleAuction(uint256 _kittyId, uint256 _startingPrice, uint256 _endingPrice, uint256 _duration)"
5472031,1524195258,0xb28a0c4efd3cad0c7e539d09e18bc776abce2ea9dc4027d40731008a075c9b30,522,0xc5c1630fac866722250526b58374c116614aef88d8726f29e92a60709e6bc2e0,80,0x1f4b10ffb832581ae5a975ed38eeac9f4e960bdf,0x06012c8cf97bead5deae237070f9587f8e7a266d,0,120000,2000000000,1,0,0x3d7d3f5a000000000000000000000000000000000000000000000000000000000008b855000000000000000000000000000000000000000000000000001ff973cafa8000000000000000000000000000000000000000000000000000001c6bf526340000000000000000000000000000000000000000000000000000000000000009e340,,3502082,118895,20036005,0x3d7d3f5a,"createSaleAuction(uint256 _kittyId, uint256 _startingPrice, uint256 _endingPrice, uint256 _duration)"
5472060,1524195913,0x9c405caada8449d4b841d0afb751b3499c93a2b2208d4dabef32ac00df384ce6,523,0x265e3d45c19e13164707aa2ccc813d8cf27478f2bb72364194c1c061639e591c,113,0x1f4b10ffb832581ae5a975ed38eeac9f4e960bdf,0x06012c8cf97bead5deae237070f9587f8e7a266d,0,135555,2000000000,1,0,0x3d7d3f5a000000000000000000000000000000000000000000000000000000000008b855000000000000000000000000000000000000000000000000001c6bf5263400000000000000000000000000000000000000000000000000000018de76816d80000000000000000000000000000000000000000000000000000000000000015180,,5642955,134207,20035976,0x3d7d3f5a,"createSaleAuction(uint256 _kittyId, uint256 _startingPrice, uint256 _endingPrice, uint256 _duration)"
5473276,1524214516,0x5f33d55c535114c0c2ae66cb9a8a5544830b29662e61fb101902b8cede5f8372,524,0x88159ee00ac33a6773dc2a4974e13c168ff59d49491606ef5e9d13064a0b3e1e,152,0x1f4b10ffb832581ae5a975ed38eeac9f4e960bdf,0xee84e9f45d7f16e1215ccbac8095f9e1c6b039c9,3523732337291659,21000,4000000000,0,1,0x,,7156918,21000,20034760,0x,
5473298,1524214867,0x86a7c735181f7ed16809802b4722d7a8821077c6a7be20cf1614351e7e0b4f4d,525,0x255f1d303da1c047e4f899dd1d31e1351c9d05eba7a7c02a7e3633d24fda44e4,73,0x1f4b10ffb832581ae5a975ed38eeac9f4e960bdf,0xb1690c08e213a35ed9bab7b318de14420fb57d8c,1400430950582547,135963,1800000000,0,1,0x454a2ab300000000000000000000000000000000000000000000000000000000000ac3cd,,4583072,45508,20034738,0x454a2ab3,bid(uint256 _tokenId)
5477431,1524276173,0x4e64a41dbb82c0fa4a5489aba11e94289aae7be8b07f49ffe670dfc0bed32ad9,7759,0x496aa7a631774cb68f5c3ba46837fb9c91d408c1622ea231b5efe4f1c7dac062,44,0x30a9ef0904c807c53f189737741e3f9145a6b792,0x1f4b10ffb832581ae5a975ed38eeac9f4e960bdf,409937000000000000,90000,3000000000,0,1,0x,,2743287,21000,20030605,0x,
5477481,1524276898,0xa76e135627db4a4adadf7e7c7f017db331a2d622ec237b57beec2fd40d4c7d03,526,0x84180569277ea4713e8de5adcaec3eaf63de471180ff137c36f0daf0675c598a,135,0x1f4b10ffb832581ae5a975ed38eeac9f4e960bdf,0xb1690c08e213a35ed9bab7b318de14420fb57d8c,1886075234478950,135963,1000000000,0,1,0x454a2ab300000000000000000000000000000000000000000000000000000000000ac51d,,5592764,45508,20030555,0x454a2ab3,bid(uint256 _tokenId)
5477504,1524277193,0x40fec85cc910c48a89da2d7e1812605f1c63b960881360ada5dc6eb9f5507f4d,448,0xde04ac25f936b799b8460c624b962f57a0b221b125a24ae4ea698d7bbcd3c393,73,0x3d2084d65cd56583aaf306e38db432a399b34b63,0x1f4b10ffb832581ae5a975ed38eeac9f4e960bdf,20000000000000000,21000,1000000000,0,1,0x,,2921574,21000,20030532,0x,
5477581,1524278413,0xb58c66e6fd3ef9c74d01b6a4c0a843c947363fe373300f2052fd4bfdcf3f7dbf,527,0x65a9983286185f99a5a9a865fdde3f2c7a3c41fba44ef6a1ef4d22076f8789d3,152,0x1f4b10ffb832581ae5a975ed38eeac9f4e960bdf,0xb896963a0cd1ae976356162c84d07d0dcf8ae219,1000000000000000,21000,1000000000,0,1,0x,,6691878,21000,20030455,0x,
5477650,1524279352,0x5d7810de9c61a7bdfc2d35fd710dc5209301f59b15f2a483cfd22589d7fa5c65,528,0x37f735bf8bff9c0610341007e179db73b15864e6876777033e56dfe27f9412f2,90,0x1f4b10ffb832581ae5a975ed38eeac9f4e960bdf,0xb1690c08e213a35ed9bab7b318de14420fb57d8c,1597895221776701,135963,1000000000,0,1,0x454a2ab300000000000000000000000000000000000000000000000000000000000abd66,,6292265,45508,20030386,0x454a2ab3,bid(uint256 _tokenId)
5477660,1524279449,0x88b1886ba2e01bf4fecf7154f6c95013fec8c174090b2fb10e738336d409c6ea,529,0xb583c819d5684ed7d1d066878c60dd57da443faa113cac9d57c6f479ea90d87b,38,0x1f4b10ffb832581ae5a975ed38eeac9f4e960bdf,0xb1690c08e213a35ed9bab7b318de14420fb57d8c,2000000000000000,125815,3000000000,0,1,0x454a2ab300000000000000000000000000000000000000000000000000000000000acbb9,,2245510,41872,20030376,0x454a2ab3,bid(uint256 _tokenId)
5477684,1524279827,0x05e9ee90ccb5991a297b428123887f091d9cab865352c7d2af1af8cc594ef7dc,530,0xe111f298d83517dc8fc8646445c2fb32de420737a9b38c39f3f974d337f552e1,153,0x1f4b10ffb832581ae5a975ed38eeac9f4e960bdf,0xb1690c08e213a35ed9bab7b318de14420fb57d8c,4469754911437964,135963,1000000000,0,1,0x454a2ab3000000000000000000000000000000000000000000000000000000000006c05c,,6825153,45508,20030352,0x454a2ab3,bid(uint256 _tokenId)
5477734,1524280618,0xd93a26fca4485384b5311e786f8d5e16cc223b33a131b987d64ff194d65cf739,531,0x6dfe6aa8d4444a5c2c4cb486fc3f6e045d3a3a5a4d5985cfe8bb9db6ed087fc9,67,0x1f4b10ffb832581ae5a975ed38eeac9f4e960bdf,0xb1690c08e213a35ed9bab7b318de14420fb57d8c,1913393595443752,135963,3000000000,0,1,0x454a2ab30000000000000000000000000000000000000000000000000000000000078bda,,2594440,45508,20030302,0x454a2ab3,bid(uint256 _tokenId)
5477749,1524280866,0x50d08e659d68a61540fbfd58372493d2c26ab2c8e90564055eef747ed8a2cd36,532,0xb7294d61c7f9c4f406ae05e396247d9471a5bd67c4ba9b1c2fa5ce16b5a5ce63,67,0x1f4b10ffb832581ae5a975ed38eeac9f4e960bdf,0xb1690c08e213a35ed9bab7b318de14420fb57d8c,9697451194065942,135963,1781250000,0,1,0x454a2ab300000000000000000000000000000000000000000000000000000000000a8c54,,6200872,45508,20030287,0x454a2ab3,bid(uint256 _tokenId)
5477756,1524280962,0xb3ed77298aff56ffb260dce7d2ff9b05157edca359dcbf51a12293a5af023e65,533,0x6131125c30948be1e5386cceb78249fb88932c333fb55bc9eb916b3b4caa0086,151,0x1f4b10ffb832581ae5a975ed38eeac9f4e960bdf,0xb1690c08e213a35ed9bab7b318de14420fb57d8c,0,109165,1000000000,0,1,0x96b5a75500000000000000000000000000000000000000000000000000000000000aa343,,7545825,36389,20030280,0x96b5a755,cancelAuction(uint256 _tokenId)
5477767,1524281195,0xbecf1f01e74f9ca43e6db4d7a8fbb08181efb57170f225a9f6d236575d690c13,534,0x7b43e302c7203bd9a80f5c26f63ddf989866bd49dc40b3c0013a75d588dbc2cd,21,0x1f4b10ffb832581ae5a975ed38eeac9f4e960bdf,0x06012c8cf97bead5deae237070f9587f8e7a266d,8000000000000000,119977,3000000000,0,1,0xf7d8c88300000000000000000000000000000000000000000000000000000000000aa34300000000000000000000000000000000000000000000000000000000000a8c54,,1021132,79985,20030269,0xf7d8c883,"breedWithAuto(uint256 _matronId, uint256 _sireId)"
5477857,1524282398,0x5085b575d92e0a193747ae7d6759ef194bad56c7150918e2e9c41f9df90d5371,535,0x96f7cec07978be1d02f5fddbd5ed153b0d8a4359bf4755497cb200720d4af253,20,0x1f4b10ffb832581ae5a975ed38eeac9f4e960bdf,0xb1690c08e213a35ed9bab7b318de14420fb57d8c,7549986538975760,135963,3000000000,0,1,0x454a2ab300000000000000000000000000000000000000000000000000000000000a9afa,,837412,45508,20030179,0x454a2ab3,bid(uint256 _tokenId)
5477888,1524282893,0x4f607b501ed45e05064bed773481a571a1b3abd7532da322afa5334e54df87ce,536,0x8edba54db31e276cbcb5ba062213f841bed455e19e5becac2da01cf0b8f7ca8d,53,0x1f4b10ffb832581ae5a975ed38eeac9f4e960bdf,0xb1690c08e213a35ed9bab7b318de14420fb57d8c,9000000000000000,125913,3000000000,0,1,0x454a2ab300000000000000000000000000000000000000000000000000000000000a9008,,2178631,41904,20030148,0x454a2ab3,bid(uint256 _tokenId)
5477925,1524283456,0x2a3768beff866ca03281c4e678ab1ccf98896aed154bc5b69d2067f07861b945,537,0x12de4c3328369e0bda00627f2d68ba7c0876ed5dd1c1641d9e96bc409ccffa6c,73,0x1f4b10ffb832581ae5a975ed38eeac9f4e960bdf,0x06012c8cf97bead5deae237070f9587f8e7a266d,8000000000000000,119977,3000000000,0,1,0xf7d8c88300000000000000000000000000000000000000000000000000000000000a900800000000000000000000000000000000000000000000000000000000000aa343,,4018626,79985,20030111,0xf7d8c883,"breedWithAuto(uint256 _matronId, uint256 _sireId)"
5477995,1524284474,0xfd02b4c6667924701dd6066a78b270e09358721ff3a91c00b039e95af24a830c,538,0xb88e670fac0a01fe8566223cb5c56ddf26194a99c06a7c0327cd4e747a65ca03,52,0x1f4b10ffb832581ae5a975ed38eeac9f4e960bdf,0x213cd324a5382e22f4aece9a15e15bbd653f3509,5000000000000000,21000,1781250000,0,1,0x,,2088000,21000,20030041,0x,
5478036,1524285034,0xa23505b3824179226529bc0d1bf02943d564f4517ec7539b01c2f46e12a6dd63,539,0xf6f774d5104ad449e3b474a070627322ea463cc01ec144fa4d0a16c1d3d78ec3,253,0x1f4b10ffb832581ae5a975ed38eeac9f4e960bdf,0x06012c8cf97bead5deae237070f9587f8e7a266d,8000000000000000,119977,4000000000,0,1,0xf7d8c88300000000000000000000000000000000000000000000000000000000000aa34300000000000000000000000000000000000000000000000000000000000a9afa,,7958749,79985,20030000,0xf7d8c883,"breedWithAuto(uint256 _matronId, uint256 _sireId)"
5478059,1524285490,0x1483f2fcf2f474f9b3b154821212ba28129426966c56122539ef5a699eb85ee8,540,0x45a4f6dc1e69ecd7225dcfacc80093f1b1791f2d042d60247326653ee73d2e79,64,0x1f4b10ffb832581ae5a975ed38eeac9f4e960bdf,0xb1690c08e213a35ed9bab7b318de14420fb57d8c,4965470568718415,135963,2000000000,0,1,0x454a2ab300000000000000000000000000000000000000000000000000000000000a232e,,2739117,45508,20029977,0x454a2ab3,bid(uint256 _tokenId)
5478082,1524285840,0x02a9839d6fd1f8a7c9ee7a6f921c0e610f047c36c6deb961fa63109e56ae8a5f,541,0xccefaf20fa34c3eeefb88cda276db98f12204e9e73cbe320fb0cfbeaacc9771b,128,0x1f4b10ffb832581ae5a975ed38eeac9f4e960bdf,0x06012c8cf97bead5deae237070f9587f8e7a266d,8000000000000000,119977,1000000000,0,1,0xf7d8c88300000000000000000000000000000000000000000000000000000000000a232e00000000000000000000000000000000000000000000000000000000000acbb9,,6853750,79985,20029954,0xf7d8c883,"breedWithAuto(uint256 _matronId, uint256 _sireId)"
5478092,1524286021,0x26a934db199b083562ef23917d779f4f8981e5c27501fa7415481788de4dfed7,542,0xada660f34663fab3a7dc95a5a517bee14056092261e632e247b152092529de66,155,0x1f4b10ffb832581ae5a975ed38eeac9f4e960bdf,0xb1690c08e213a35ed9bab7b318de14420fb57d8c,1775990083678108,135963,1000000000,1,0,0x454a2ab300000000000000000000000000000000000000000000000000000000000a9e98,,5895807,22540,20029944,0x454a2ab3,bid(uint256 _tokenId)
5478128,1524286492,0x5e5f9872af52f74e8fb777c476818d2fc45da6b4f150fe0fb65379eb8138eac6,543,0xbb9126efb47da18d820705bf6d52ad5ecbe2e40e15d57d856dbbe341c522fe81,97,0x1f4b10ffb832581ae5a975ed38eeac9f4e960bdf,0xb1690c08e213a35ed9bab7b318de14420fb57d8c,10000000000000000,125815,1000000000,0,1,0x454a2ab300000000000000000000000000000000000000000000000000000000000a1801,,3948932,41872,20029908,0x454a2ab3,bid(uint256 _tokenId)
5478129,1524286502,0x381c0d26d18bad49547fd6f27d7722eb4711ced0fa82317de7add3879a6d414d,544,0x33093ef4c521bdef7520472620329a9eca6f7df11fa597d014996635020c81b6,35,0x1f4b10ffb832581ae5a975ed38eeac9f4e960bdf,0x06012c8cf97bead5deae237070f9587f8e7a266d,8000000000000000,119977,2000000000,0,1,0xf7d8c88300000000000000000000000000000000000000000000000000000000000acbb900000000000000000000000000000000000000000000000000000000000a232e,,1961930,79985,20029907,0xf7d8c883,"breedWithAuto(uint256 _matronId, uint256 _sireId)"
5478155,1524286974,0x736007f0426652977f21b56914eb002b0586d8bba600a822d96c15bc1ab44541,545,0x565687d5a5d8b3b0950a38d9e67a2258eb8cb44fb15e59cd6949bfc38b12218d,177,0x1f4b10ffb832581ae5a975ed38eeac9f4e960bdf,0xb1690c08e213a35ed9bab7b318de14420fb57d8c,15000000000000000,125815,1000000000,0,1,0x454a2ab300000000000000000000000000000000000000000000000000000000000775cf,,7490649,41872,20029881,0x454a2ab3,bid(uint256 _tokenId)
5478174,1524287289,0x59bf3959541c12d283559e81460b8cff59f1c537f9fd88ad4f7a14fa27c315b0,546,0x0cf0b141d43a551e88bb2f89595cd04dd99dcd717ffc3fe1b59881789ee5f41d,132,0x1f4b10ffb832581ae5a975ed38eeac9f4e960bdf,0x06012c8cf97bead5deae237070f9587f8e7a266d,8000000000000000,111951,1000000000,0,1,0xf7d8c88300000000000000000000000000000000000000000000000000000000000a180100000000000000000000000000000000000000000000000000000000000775cf,,5666716,74634,20029862,0xf7d8c883,"breedWithAuto(uint256 _matronId, uint256 _sireId)"
5478203,1524287696,0x717cef3fedf0768bf8b22c217f2acefa555f68b2e6550f7fd99dc6880b651db7,547,0x1807eabebe84f0724664901ca937f5b09421580da4cfdd631031c2937ddb7029,62,0x1f4b10ffb832581ae5a975ed38eeac9f4e960bdf,0x06012c8cf97bead5deae237070f9587f8e7a266d,0,235411,1000000000,0,1,0x3d7d3f5a00000000000000000000000000000000000000000000000000000000000ad23e000000000000000000000000000000000000000000000000008e1bc9bf040000000000000000000000000000000000000000000000000000008e1bc9bf040000000000000000000000000000000000000000000000000000000000000013c680,,3256405,140276,20029833,0x3d7d3f5a,"createSaleAuction(uint256 _kittyId, uint256 _startingPrice, uint256 _endingPrice, uint256 _duration)"
5478242,1524288244,0xfaba7b8fb8d0cd6cff64030fad13ddba17a5882988d27642e4da149f2ead34f4,548,0x5b6925f9d3ceddb1c4943f5eb3e7cdec029fc10b0155b7bb2e2b491d3b2fa9db,137,0x1f4b10ffb832581ae5a975ed38eeac9f4e960bdf,0x06012c8cf97bead5deae237070f9587f8e7a266d,0,235507,1000000000,0,1,0x3d7d3f5a000000000000000000000000000000000000000000000000000000000006c05c000000000000000000000000000000000000000000000000002386f26fc10000000000000000000000000000000000000000000000000000001ff973cafa8000000000000000000000000000000000000000000000000000000000000013c680,,6835158,140340,20029794,0x3d7d3f5a,"createSaleAuction(uint256 _kittyId, uint256 _startingPrice, uint256 _endingPrice, uint256 _duration)"
5478289,1524288810,0x975f6f217eab32454f80b248d0f706a056f0a3d2ac595f14bd3d0906b18f3a79,549,0x7ae8753802691f7abf478929c9293b678213e116c46a4e24b5603185025730ec,58,0x1f4b10ffb832581ae5a975ed38eeac9f4e960bdf,0xfe8bed8cdcacf279398677d59d95dda9543abdd1,10000000000000000,21000,1000000000,0,1,0x,,4465388,21000,20029747,0x,
5478305,1524289051,0xef0ca0483dac31f80664ec46f842e037e03f1d1e072ce8797c625bc2273a0af2,550,0x4a06c037b6f904df85ae9abd6a5609f4a93605afccd048f41496ee24bb192bae,137,0x1f4b10ffb832581ae5a975ed38eeac9f4e960bdf,0x57b116da40f21f91aec57329ecb763d29c1b2355,0,89805,1000000000,0,1,0xa9059cbb0000000000000000000000005edbc75b992c2c39e5c5b860740140dacace66e50000000000000000000000000000000000000000000000000000000001312d00,,5299340,69081,20029731,0xa9059cbb,"transfer(address _to, uint256 _value)"
5478343,1524289656,0xe279be835998212231b27fdb49c859b25a20f29833d96db98bc442b75f2212e6,551,0x06a934e37c00d4a8e4a9e8c8308ec0f4994cee81ef4de70f63c89a162898ed9c,121,0x1f4b10ffb832581ae5a975ed38eeac9f4e960bdf,0xfe8bed8cdcacf279398677d59d95dda9543abdd1,2000000000000000,21000,1000000000,0,1,0x,,7821741,21000,20029693,0x,
5478356,1524289801,0xda08a126bf790b9110181dddb3b2780fa4d5e475d10fe07274216997ed53b93e,552,0x96da350c28b72fdacf81dc0f2f729a1a476633f6c9715ea27fbb4431320cb34c,130,0x1f4b10ffb832581ae5a975ed38eeac9f4e960bdf,0xfe8bed8cdcacf279398677d59d95dda9543abdd1,4000000000000000,21000,1000000000,0,1,0x,,5989261,21000,20029680,0x,
5478361,1524289894,0xcf7b53d0167bf87a3660680c8d457b89fe33565e9eb189a3f1343ce61e59d7e4,553,0x8b150a5dcdf6979cdba5e253bd07d1f91c71d483ed8fc7934cf6b011fc8948f5,114,0x1f4b10ffb832581ae5a975ed38eeac9f4e960bdf,0x57b116da40f21f91aec57329ecb763d29c1b2355,0,101910,2000000000,0,1,0xa9059cbb000000000000000000000000868f60cdd76a61fa7cfc268f1419610be05787fb0000000000000000000000000000000000000000000000000000000000b71b00,,5187248,69017,20029675,0xa9059cbb,"transfer(address _to, uint256 _value)"
5478375,1524290158,0x2b7df47778cbb00af40e36d4a9b7c410010e73a7e9b6824ac4cfaeaf3ba384e7,554,0x3bd9cb406a38961f3923719a73f33dcbce17a7c1318d1ee385d03681f33b5524,95,0x1f4b10ffb832581ae5a975ed38eeac9f4e960bdf,0x57b116da40f21f91aec57329ecb763d29c1b2355,0,89722,1000000000,0,1,0xa9059cbb000000000000000000000000e09c43f31e7585d716c5fb0674b30c631681adf60000000000000000000000000000000000000000000000000000000000b71b00,,5607695,69017,20029661,0xa9059cbb,"transfer(address _to, uint256 _value)"
5478387,1524290284,0x9bf609c010d61d08787e46b7c51e2d0a5a6418a5ce9791d1c0c64f0538622d59,555,0x3157e78faaf6ce024812a153103f3a1b52f9e7c6b46b5f018e43c8babd28e446,309,0x1f4b10ffb832581ae5a975ed38eeac9f4e960bdf,0x868f60cdd76a61fa7cfc268f1419610be05787fb,2000000000000000,21000,1000000000,0,1,0x,,7967730,21000,20029649,0x,
5478395,1524290401,0x4cfeaf984b8937a80065656666a357011a0e334f68c102596f24f1ff1612ed45,556,0x361f165fcf196cf1cab67dc36fd9efa1186dab350b52b9763e18adcf960b5710,46,0x1f4b10ffb832581ae5a975ed38eeac9f4e960bdf,0x57b116da40f21f91aec57329ecb763d29c1b2355,0,70305,1000000000,0,1,0xa9059cbb000000000000000000000000213cd324a5382e22f4aece9a15e15bbd653f35090000000000000000000000000000000000000000000000000000000000c65d40,,2602923,54081,20029641,0xa9059cbb,"transfer(address _to, uint256 _value)"
5478426,1524290854,0x75641ac64a032c3f671f772def0e170bd06f2ab9997c12d8d5ce5b871b5c2bd4,557,0x3636b9e2c5c38f0d522dcb0931c8f6cf7ff349af923ab6cc0f156eeae6240c58,91,0x1f4b10ffb832581ae5a975ed38eeac9f4e960bdf,0x5edbc75b992c2c39e5c5b860740140dacace66e5,2000000000000000,21000,1000000000,0,1,0x,,7200567,21000,20029610,0x,
5480664,1524323686,0x2ef8a4264fc21f0cf5e1a57a7976ca9fb63390b1f280765d494642d0e35ae17c,558,0x942f8522d64a961c938c87f2d38f3d6439c8e9b6a9004a76f5bbb17108fe0302,184,0x1f4b10ffb832581ae5a975ed38eeac9f4e960bdf,0x57b116da40f21f91aec57329ecb763d29c1b2355,0,105426,1000000000,0,1,0x8fafb286000000000000000000000000673bc7c492faac5f88547da13a3ae4a9c8152c8100000000000000000000000000000000000000000000000000000000000000050000000000000000000000000000000000000000000000000000000000000007,,6392947,70284,20027372,0x8fafb286,"claimResearchDividends(address referer, uint256 startSnapshot, uint256 endSnapShot)"
5480697,1524324216,0xe38c5eaf9a3c42b787ab347b664c0a810e32213732ae4a63f43de20910c47b2d,559,0xb2f63a64befde7a75fc17cf60a043ec668a63a7bb0bf1b7293b009f8384f398b,68,0x1f4b10ffb832581ae5a975ed38eeac9f4e960bdf,0x57b116da40f21f91aec57329ecb763d29c1b2355,0,56848,1000000000,0,1,0x3bed33ce00000000000000000000000000000000000000000000000000026a4c3cf20da0,,3947478,20641,20027339,0x3bed33ce,withdrawEther(uint256 amount)
5480705,1524324390,0x9eae81d4efa03150d03dae3867d556a7ec4a4ec631dded0f473f7e4071dd0517,560,0x448b7ba91fdf5f5249c54e920b28a1625e7a2c608e0b1676abd9beb54a8d6749,35,0x1f4b10ffb832581ae5a975ed38eeac9f4e960bdf,0xb1690c08e213a35ed9bab7b318de14420fb57d8c,7633162283666280,135963,1000000000,0,1,0x454a2ab300000000000000000000000000000000000000000000000000000000000a6b1d,,1472446,45508,20027331,0x454a2ab3,bid(uint256 _tokenId)
5480738,1524324881,0xbdd8d8c05d71c188c14754caf34e93642a76e0a3159b2dc1852eee464d572d65,561,0x9748b30708ae5b3a4778b40fd142d80d1107c0fcd0fdb06ce2e266251a0f6bb6,79,0x1f4b10ffb832581ae5a975ed38eeac9f4e960bdf,0x06012c8cf97bead5deae237070f9587f8e7a266d,0,235411,1000000000,0,1,0x3d7d3f5a00000000000000000000000000000000000000000000000000000000000ac3cd000000000000000000000000000000000000000000000000000e35fa931a000000000000000000000000000000000000000000000000000000071afd498d00000000000000000000000000000000000000000000000000000000000000049d40,,3498190,140276,20027298,0x3d7d3f5a,"createSaleAuction(uint256 _kittyId, uint256 _startingPrice, uint256 _endingPrice, uint256 _duration)"
5480743,1524324935,0xbc8ff71565f64907d39e5bb8dc7dc31f3acfc3ee8f24c58acc96eb4f6d3c2cf4,562,0x33c4531a15ee2ef4ee0479088feabf00740e93fc58091f3918dcefbea68bb11b,195,0x1f4b10ffb832581ae5a975ed38eeac9f4e960bdf,0x06012c8cf97bead5deae237070f9587f8e7a266d,0,235411,1000000000,0,1,0x3d7d3f5a00000000000000000000000000000000000000000000000000000000000ad24800000000000000000000000000000000000000000000000000b1a2bc2ec50000000000000000000000000000000000000000000000000000008e1bc9bf040000000000000000000000000000000000000000000000000000000000000013c680,,6567930,140276,20027293,0x3d7d3f5a,"createSaleAuction(uint256 _kittyId, uint256 _startingPrice, uint256 _endingPrice, uint256 _duration)"
5480749,1524325020,0x1cf8146c789a5f9b5b7ece3dec9b982c2cf2dd724d71732ee33200545ceb9ecc,563,0x6817875d3b5ffbb9ed868210c54b6ed3f7d8a77f00827fa0e5a5eb2be709f3cc,63,0x1f4b10ffb832581ae5a975ed38eeac9f4e960bdf,0x06012c8cf97bead5deae237070f9587f8e7a266d,0,235411,1000000000,0,1,0x3d7d3f5a00000000000000000000000000000000000000000000000000000000000ad23b000000000000000000000000000000000000000000000000008e1bc9bf040000000000000000000000000000000000000000000000000000006a94d74f430000000000000000000000000000000000000000000000000000000000000013c680,,2684682,140276,20027287,0x3d7d3f5a,"createSaleAuction(uint256 _kittyId, uint256 _startingPrice, uint256 _endingPrice, uint256 _duration)"
5480771,1524325399,0x2136cdf972ce5178f697ff54ec2ae87a03b9fd7a6b6ef5b85dc0b7187e3e83dc,564,0xa51b51b25d3920bd595445022ec5b8698879b1e739d7054d56e97bc0ad5956a1,188,0x1f4b10ffb832581ae5a975ed38eeac9f4e960bdf,0x06012c8cf97bead5deae237070f9587f8e7a266d,0,235315,700000000,0,1,0x3d7d3f5a00000000000000000000000000000000000000000000000000000000000ad22300000000000000000000000000000000000000000000000000b1a2bc2ec5000000000000000000000000000000000000000000000000000000470de4df82000000000000000000000000000000000000000000000000000000000000000fd200,,7869467,140212,20027265,0x3d7d3f5a,"createSaleAuction(uint256 _kittyId, uint256 _startingPrice, uint256 _endingPrice, uint256 _duration)"
5480776,1524325472,0x7d8cdc81ddcf864527960ea2638429d32282ef29b56742d0bb500f04e5c08334,565,0xf1a563d1238e5810d61352bcd88abbf60776901c164a510dce57e7b78bc7f226,22,0x1f4b10ffb832581ae5a975ed38eeac9f4e960bdf,0x06012c8cf97bead5deae237070f9587f8e7a266d,0,235315,1000000000,0,1,0x3d7d3f5a00000000000000000000000000000000000000000000000000000000000abd66000000000000000000000000000000000000000000000000001550f7dca70000000000000000000000000000000000000000000000000000000e35fa931a000000000000000000000000000000000000000000000000000000000000000d2f00,,1373415,140212,20027260,0x3d7d3f5a,"createSaleAuction(uint256 _kittyId, uint256 _startingPrice, uint256 _endingPrice, uint256 _duration)"
5480776,1524325472,0x909ff5335295bc4e19c087a221f351e17e3268f4fe4b2b1f5f210bc3ed6239dd,566,0xf1a563d1238e5810d61352bcd88abbf60776901c164a510dce57e7b78bc7f226,67,0x1f4b10ffb832581ae5a975ed38eeac9f4e960bdf,0x06012c8cf97bead5deae237070f9587f8e7a266d,0,235411,1000000000,0,1,0x3d7d3f5a00000000000000000000000000000000000000000000000000000000000ad1d1000000000000000000000000000000000000000000000000016345785d8a000000000000000000000000000000000000000000000000000000b1a2bc2ec5000000000000000000000000000000000000000000000000000000000000000fd200,,4622779,140276,20027260,0x3d7d3f5a,"createSaleAuction(uint256 _kittyId, uint256 _startingPrice, uint256 _endingPrice, uint256 _duration)"
5480792,1524325676,0x03aa86a453cdb14bf437e9de88224d9ef5758817f0005247b002f2cf1b5b366e,567,0x40a5e30a20d7351bc6a9e1c2d0ca1bd3d62b7bf9156fc1d24e23ae0075d36666,99,0x1f4b10ffb832581ae5a975ed38eeac9f4e960bdf,0x06012c8cf97bead5deae237070f9587f8e7a266d,0,235315,1000000000,0,1,0x3d7d3f5a00000000000000000000000000000000000000000000000000000000000775cf00000000000000000000000000000000000000000000000000b1a2bc2ec50000000000000000000000000000000000000000000000000000008e1bc9bf0400000000000000000000000000000000000000000000000000000000000000151800,,4462053,140212,20027244,0x3d7d3f5a,"createSaleAuction(uint256 _kittyId, uint256 _startingPrice, uint256 _endingPrice, uint256 _duration)"
5480805,1524325820,0x89934c4d11b178ccaa9f94c4351639ff8027e1945ba81d23d3e798267da965b0,568,0x84e7d21794e9e4aa0fc8213ef648d403faccd86fed8105bfea8546a1dd24976a,14,0x1f4b10ffb832581ae5a975ed38eeac9f4e960bdf,0x06012c8cf97bead5deae237070f9587f8e7a266d,0,235411,1000000000,0,1,0x3d7d3f5a00000000000000000000000000000000000000000000000000000000000a232e000000000000000000000000000000000000000000000000008e1bc9bf040000000000000000000000000000000000000000000000000000006a94d74f430000000000000000000000000000000000000000000000000000000000000013c680,,958065,140276,20027231,0x3d7d3f5a,"createSaleAuction(uint256 _kittyId, uint256 _startingPrice, uint256 _endingPrice, uint256 _duration)"
5480807,1524325851,0xdba9072f56b6fc06d20c1aabd8e8183d396fb9326af5a659795901f995b623ae,569,0xccb3905eb0ce64429efaefda525bb5f363b130b9dfd0e8d81836e919d4d56911,211,0x1f4b10ffb832581ae5a975ed38eeac9f4e960bdf,0x06012c8cf97bead5deae237070f9587f8e7a266d,0,235507,1000000000,0,1,0x3d7d3f5a00000000000000000000000000000000000000000000000000000000000a9008000000000000000000000000000000000000000000000000016345785d8a000000000000000000000000000000000000000000000000000000b1a2bc2ec500000000000000000000000000000000000000000000000000000000000000093a80,,7345342,140340,20027229,0x3d7d3f5a,"createSaleAuction(uint256 _kittyId, uint256 _startingPrice, uint256 _endingPrice, uint256 _duration)"
5480816,1524325980,0xa66f50c0b887be798ea0dcd01b17a9738a48324c8a8c5fbf571eeb52d15f21c1,570,0xcd4aaea32cf5f8d23e4dc069aab39dcda4c2088ea56312a784bfda6da4c9be32,127,0x1f4b10ffb832581ae5a975ed38eeac9f4e960bdf,0xb1690c08e213a35ed9bab7b318de14420fb57d8c,187562533359203264,135963,2000000000,0,1,0x454a2ab300000000000000000000000000000000000000000000000000000000000a9a41,,5130241,45508,20027220,0x454a2ab3,bid(uint256 _tokenId)
5480857,1524326686,0x82f2e65afb6582dc3cff433c749d389b987797dcf8cb0ef73b1195811c5f53b7,571,0x027e529fe05ce3187cc50afa4756127d6091c87865da790dc34f52549c4855aa,96,0x1f4b10ffb832581ae5a975ed38eeac9f4e960bdf,0x06012c8cf97bead5deae237070f9587f8e7a266d,0,235603,1000000000,0,1,0x3d7d3f5a00000000000000000000000000000000000000000000000000000000000a9a4100000000000000000000000000000000000000000000000004064976a8dd000000000000000000000000000000000000000000000000000003bf3b91c95b0000000000000000000000000000000000000000000000000000000000000001fa40,,5015300,140404,20027179,0x3d7d3f5a,"createSaleAuction(uint256 _kittyId, uint256 _startingPrice, uint256 _endingPrice, uint256 _duration)"
5480859,1524326706,0x6658663a2286f698feebf172f80d3ef48772523b116c58e9e4607f2af5f776fd,572,0xcd1797281982e7457fe72fa780135836c8f4f8c5c243f6d7b62a3059b88c7ca4,101,0x1f4b10ffb832581ae5a975ed38eeac9f4e960bdf,0x06012c8cf97bead5deae237070f9587f8e7a266d,0,235507,1000000000,0,1,0x3d7d3f5a00000000000000000000000000000000000000000000000000000000000ad1fa000000000000000000000000000000000000000000000000011c37937e08000000000000000000000000000000000000000000000000000000b1a2bc2ec50000000000000000000000000000000000000000000000000000000000000013c680,,4948048,140340,20027177,0x3d7d3f5a,"createSaleAuction(uint256 _kittyId, uint256 _startingPrice, uint256 _endingPrice, uint256 _duration)"
5480861,1524326721,0x8204c8998374e9932522da72878ad2582a1ed499a2886ded1abbc1280349091f,573,0xe39a523bf498e99ae8eac305a85c2fd852c36feefcd35bfdfd0bda5f5ffc9b42,193,0x1f4b10ffb832581ae5a975ed38eeac9f4e960bdf,0xb1690c08e213a35ed9bab7b318de14420fb57d8c,9804936875000000,135963,1000000000,1,0,0x454a2ab300000000000000000000000000000000000000000000000000000000000aa71c,,6700563,22540,20027175,0x454a2ab3,bid(uint256 _tokenId)
5480863,1524326749,0xa619bfda00a3d26d3d54ed2fb98e9bbd51caf871332164d42cf1b1a9f8229ec8,574,0xc1f99ff19503240c27b5a6f9df9045bcad165e44671cfd5a4bc010ed42da7a65,76,0x1f4b10ffb832581ae5a975ed38eeac9f4e960bdf,0x06012c8cf97bead5deae237070f9587f8e7a266d,0,235411,1000000000,0,1,0x3d7d3f5a00000000000000000000000000000000000000000000000000000000000aa34300000000000000000000000000000000000000000000000000354a6ba7a18000000000000000000000000000000000000000000000000000001c6bf526340000000000000000000000000000000000000000000000000000000000000002a300,,6421828,140276,20027173,0x3d7d3f5a,"createSaleAuction(uint256 _kittyId, uint256 _startingPrice, uint256 _endingPrice, uint256 _duration)"
5480939,1524327877,0x026a384aba411bb82e1a561996a54c74618184d1c6894ac51324e603248f2ae2,575,0x171363b724aa8e0dfc0a089c2a1940c54ae865619196aa870dddeeb8076b76b4,185,0x1f4b10ffb832581ae5a975ed38eeac9f4e960bdf,0x57b116da40f21f91aec57329ecb763d29c1b2355,0,89722,1000000000,0,1,0xa9059cbb0000000000000000000000009e93f715a24d1f52a473aa2fbe20432d272c4daa0000000000000000000000000000000000000000000000000000000000b71b00,,7652726,69017,20027097,0xa9059cbb,"transfer(address _to, uint256 _value)"
5480948,1524328006,0x66d1b6f44738c2b28a5c19337eb8530122e6d5fccee2afbdb36538d2d20739d3,576,0xfb9f9d7d58fa96da63acc9fdc0f1a78f126e1d5a002b4f5f63ae84e2ead38950,72,0x1f4b10ffb832581ae5a975ed38eeac9f4e960bdf,0xe3f4b38553e2d1ef93aeb7ab25981b36e0330573,2000000000000000,21000,1000000000,0,1,0x,,2923557,21000,20027088,0x,
5480957,1524328115,0x374a709c034586545e1af2d5e0202f18bf42ba52ac3b5152b78ed392e454e69d,577,0x47eabfa44ce79844c407e7f02e09e9056e6ff1662058219c86314ca77fa68a93,118,0x1f4b10ffb832581ae5a975ed38eeac9f4e960bdf,0x57b116da40f21f91aec57329ecb763d29c1b2355,0,89722,1000000000,0,1,0xa9059cbb000000000000000000000000e3f4b38553e2d1ef93aeb7ab25981b36e03305730000000000000000000000000000000000000000000000000000000000b71b00,,5677552,69017,20027079,0xa9059cbb,"transfer(address _to, uint256 _value)"
5481009,1524328802,0x256203a82683820edf0f16f3278e1c8f6ceed6611c5634f58829af681cae63f7,578,0xdecf79bfc7f9951845b1876d2ce4f4a933c1fab9af844b64c937704f57624285,106,0x1f4b10ffb832581ae5a975ed38eeac9f4e960bdf,0x06012c8cf97bead5deae237070f9587f8e7a266d,0,235411,1000000000,0,1,0x3d7d3f5a00000000000000000000000000000000000000000000000000000000000acbb9000000000000000000000000000000000000000000000000008e1bc9bf040000000000000000000000000000000000000000000000000000008e1bc9bf040000000000000000000000000000000000000000000000000000000000000013c680,,5669670,140276,20027027,0x3d7d3f5a,"createSaleAuction(uint256 _kittyId, uint256 _startingPrice, uint256 _endingPrice, uint256 _duration)"
5481015,1524328925,0x33025278a0b580d599d9131ca391724a952eaff91fb31882c51eb53aa0a7b30a,579,0xc150881daca47d8e4bea0b094769928a9c474d50c7dde2a8ece19defca0af834,111,0x1f4b10ffb832581ae5a975ed38eeac9f4e960bdf,0xb1690c08e213a35ed9bab7b318de14420fb57d8c,2000000000000000,125815,1000000000,0,1,0x454a2ab30000000000000000000000000000000000000000000000000000000000088393,,5605994,41872,20027021,0x454a2ab3,bid(uint256 _tokenId)
5481015,1524328925,0x62374bbca038597e9450f7cd648e096acda13010793b43d070b72a499b8be1cd,580,0xc150881daca47d8e4bea0b094769928a9c474d50c7dde2a8ece19defca0af834,140,0x1f4b10ffb832581ae5a975ed38eeac9f4e960bdf,0xb1690c08e213a35ed9bab7b318de14420fb57d8c,2000000000000000,125815,1000000000,0,1,0x454a2ab30000000000000000000000000000000000000000000000000000000000087f0e,,6876156,41872,20027021,0x454a2ab3,bid(uint256 _tokenId)
5481024,1524329018,0x688931771f4a7d253ef731256e1d7a84c834a428a83413effed92650e66e1544,581,0x55aaa1adf67e06ff47cb50864974a9ed4098d1431bdf3d262557a94f4c5fd5ac,88,0x1f4b10ffb832581ae5a975ed38eeac9f4e960bdf,0xb1690c08e213a35ed9bab7b318de14420fb57d8c,2382382256336087,135963,1000000000,0,1,0x454a2ab3000000000000000000000000000000000000000000000000000000000009aa2b,,3222233,45508,20027012,0x454a2ab3,bid(uint256 _tokenId)
5481074,1524329845,0x12d406b62303281256a8695e5276f7c3e1f492f562305eb156049bffd0b3867d,582,0xb2e92d2fad797034e5a1c1737441142ef2e01b5ac3940b3ed9758c7d19467820,118,0x1f4b10ffb832581ae5a975ed38eeac9f4e960bdf,0x06012c8cf97bead5deae237070f9587f8e7a266d,0,235411,1000000000,0,1,0x3d7d3f5a00000000000000000000000000000000000000000000000000000000000ac51d0000000000000000000000000000000000000000000000000011c37937e08000000000000000000000000000000000000000000000000000000e35fa931a0000000000000000000000000000000000000000000000000000000000000007e900,,7795118,140276,20026962,0x3d7d3f5a,"createSaleAuction(uint256 _kittyId, uint256 _startingPrice, uint256 _endingPrice, uint256 _duration)"
5481088,1524330022,0xdc244beb1fe48cb064af963dae0066077fbfb4428cbcf4fa4626ef52e8ce9633,7843,0xbd0825f08822c785fe8e4d104476580be6533ea8a794eb42d2e5d5e088c16f28,165,0x30a9ef0904c807c53f189737741e3f9145a6b792,0x1f4b10ffb832581ae5a975ed38eeac9f4e960bdf,14937000000000000,90000,3000000000,0,1,0x,,6039725,21000,20026948,0x,
5481104,1524330352,0x82a794d0ce2cf928eaee63586ebc2f6653460f38622d4ac06a8826213de7fe5b,583,0x1154a2c24358870f16283902b6901a234a9c5a6f9bce3bff171aacb71ddf3b14,80,0x1f4b10ffb832581ae5a975ed38eeac9f4e960bdf,0x06012c8cf97bead5deae237070f9587f8e7a266d,0,235603,1000000000,0,1,0x3d7d3f5a00000000000000000000000000000000000000000000000000000000000a6b1d00000000000000000000000000000000000000000000000000354a6ba7a18000000000000000000000000000000000000000000000000000002e2f6e5e1480000000000000000000000000000000000000000000000000000000000000093a80,,3839003,140404,20026932,0x3d7d3f5a,"createSaleAuction(uint256 _kittyId, uint256 _startingPrice, uint256 _endingPrice, uint256 _duration)"
5481110,1524330450,0x7d67ccd2dadff9b2a64fd9f94d15613aa7dc9010fd5726850150cea685d1abb2,584,0x623729eea092e685a980e8c2f2b0b23ff2b9c508d5e413595e4fda225357a383,181,0x1f4b10ffb832581ae5a975ed38eeac9f4e960bdf,0x06012c8cf97bead5deae237070f9587f8e7a266d,0,235507,1000200000,0,1,0x3d7d3f5a000000000000000000000000000000000000000000000000000000000009aa2b0000000000000000000000000000000000000000000000000011c37937e08000000000000000000000000000000000000000000000000000000aa87bee5380000000000000000000000000000000000000000000000000000000000000054600,,7563992,140340,20026926,0x3d7d3f5a,"createSaleAuction(uint256 _kittyId, uint256 _startingPrice, uint256 _endingPrice, uint256 _duration)"
5481120,1524330626,0xe92889c63623a9d234d5cc9ffe9fe8f1a725455ec176715d4e7b930f37ac42be,585,0x3f9b5d7274ed1567ad33a32770660f17b192f3085d840c308d87a9d9181aa6d3,123,0x1f4b10ffb832581ae5a975ed38eeac9f4e960bdf,0x06012c8cf97bead5deae237070f9587f8e7a266d,10135655712776248,100000,1000000000,1,0,0xed60ade600000000000000000000000000000000000000000000000000000000000a55a600000000000000000000000000000000000000000000000000000000000a6b1d,,7299516,24016,20026916,0xed60ade6,"bidOnSiringAuction(uint256 _sireId, uint256 _matronId)"
5481132,1524330785,0x996be4476f7b195da014bac983fcfa053945d48d07e5169221354d207cc801a9,586,0x3dec030c8ac85fb7616edf8ec3b948f64f720e8dfc8ceb4a1419608bb3238314,60,0x1f4b10ffb832581ae5a975ed38eeac9f4e960bdf,0xb1690c08e213a35ed9bab7b318de14420fb57d8c,2999599423474200,135963,1000000000,0,1,0x454a2ab30000000000000000000000000000000000000000000000000000000000090b87,,5410037,45508,20026904,0x454a2ab3,bid(uint256 _tokenId)
5481134,1524330829,0x0b9d5f61c64ffac3e8616407ac63f5d28c9e9a899533646e4337ec370e0ae0a4,587,0xe6cc29f29aaf7d00c1dc1eb85fa500283d4ac26450b3ed54ca0e812ef64e7494,95,0x1f4b10ffb832581ae5a975ed38eeac9f4e960bdf,0xb1690c08e213a35ed9bab7b318de14420fb57d8c,0,109165,2000000000,0,1,0x96b5a75500000000000000000000000000000000000000000000000000000000000a6b1d,,4106830,36389,20026902,0x96b5a755,cancelAuction(uint256 _tokenId)
5481161,1524331214,0x5a6fbe76d5e0a9a1e87b41cf2fc48c9ba75aa2b519a36b555acbf04912cf2013,588,0x62cf80dec1a573cc3e9eb1c187e5da371eaa1fee31b81d94f2392f4bca1bc719,55,0x1f4b10ffb832581ae5a975ed38eeac9f4e960bdf,0x06012c8cf97bead5deae237070f9587f8e7a266d,10106965805552456,241320,1000000000,0,1,0xed60ade600000000000000000000000000000000000000000000000000000000000a55a600000000000000000000000000000000000000000000000000000000000a6b1d,,3463889,115880,20026875,0xed60ade6,"bidOnSiringAuction(uint256 _sireId, uint256 _matronId)"
5481165,1524331288,0xf2d14ad4499427f12a63ceefd9e3ece22660001b1104f8b32b899244b6ee0f08,589,0x1a6e8439d2cf70d706ebf550067234b28a4f98da50f3bba47d36644eb88f5f0a,150,0x1f4b10ffb832581ae5a975ed38eeac9f4e960bdf,0x57b116da40f21f91aec57329ecb763d29c1b2355,5000000000000000,170830,1000000000,0,1,0xa5a2cb190000000000000000000000000000000000000000000000000000000000000113,,7626300,113887,20026871,0xa5a2cb19,buyUpgrade(uint256 upgradeId)
5481170,1524331380,0xf46aa195bb9b22103c3cfe56bc57c95f828f0b2032892f8952d9549dacc6c49c,590,0x50dbe3c0445d673d73d5c680e27ab085d81b45f99fea82641f53cb463a2992db,121,0x1f4b10ffb832581ae5a975ed38eeac9f4e960bdf,0x57b116da40f21f91aec57329ecb763d29c1b2355,0,100008,2000000000,0,1,0x2bfd2e06000000000000000000000000000000000000000000000000000000000000002e0000000000000000000000000000000000000000000000000000000000000063,,5648848,67058,20026866,0x2bfd2e06,"buyBasicUnit(uint256 unitId, uint256 amount)"
5481173,1524331400,0x2fa5d1cfa16855403b896faf8d9dd3d3a0cfe27dec5760099e48af4746ff7b21,591,0x1618e30f6f50c2a28699a6304d323b748711b7f55289339a862c4f88d341a110,67,0x1f4b10ffb832581ae5a975ed38eeac9f4e960bdf,0x57b116da40f21f91aec57329ecb763d29c1b2355,0,128454,2000000000,0,1,0xa5a2cb1900000000000000000000000000000000000000000000000000000000000000c1,,4568329,85636,20026863,0xa5a2cb19,buyUpgrade(uint256 upgradeId)
5481173,1524331400,0x78e5dbedb2d4b14b8f860297ae455ff663e916bb48b98d30b80f3a3ddfe75a9a,592,0x1618e30f6f50c2a28699a6304d323b748711b7f55289339a862c4f88d341a110,68,0x1f4b10ffb832581ae5a975ed38eeac9f4e960bdf,0x57b116da40f21f91aec57329ecb763d29c1b2355,0,127327,3000000000,0,1,0xa5a2cb190000000000000000000000000000000000000000000000000000000000000085,,4653214,84885,20026863,0xa5a2cb19,buyUpgrade(uint256 upgradeId)
5481178,1524331446,0x4d7f86f62533d9fe02051691a02029945ea8c59cf5c7d8fb8125ef2aee788c06,593,0x33f445e29beefaf100a29f001c921a4e3d89f4df315f682d51667b381b5c1043,2,0x1f4b10ffb832581ae5a975ed38eeac9f4e960bdf,0x06012c8cf97bead5deae237070f9587f8e7a266d,0,235411,1050000000,0,1,0x3d7d3f5a00000000000000000000000000000000000000000000000000000000000a8c5400000000000000000000000000000000000000000000000000b1a2bc2ec50000000000000000000000000000000000000000000000000000008e1bc9bf040000000000000000000000000000000000000000000000000000000000000003f480,,358794,140276,20026858,0x3d7d3f5a,"createSaleAuction(uint256 _kittyId, uint256 _startingPrice, uint256 _endingPrice, uint256 _duration)"
5481187,1524331564,0xb59677145561ea4b3a620e4a9cade552eba6b6a79763fb54861348133d43d24a,594,0x054a224f4a70e4b94639ae238f271fd770a1d6a1d2fdc65ff8f80e180753bb4c,98,0x1f4b10ffb832581ae5a975ed38eeac9f4e960bdf,0x57b116da40f21f91aec57329ecb763d29c1b2355,5000000000000000,152748,1000000000,0,1,0xa5a2cb190000000000000000000000000000000000000000000000000000000000000114,,4344580,101832,20026849,0xa5a2cb19,buyUpgrade(uint256 upgradeId)
5481193,1524331655,0x6e422dbde2d7010143269fd950e97feb6dcdd3b86558f73595c4c02048cc98f6,595,0x14ffb5e082365a30e8f6869780ba2a34bf56f4b8a6c4757802c3b8f6e64f04eb,147,0x1f4b10ffb832581ae5a975ed38eeac9f4e960bdf,0x57b116da40f21f91aec57329ecb763d29c1b2355,0,128454,2000000000,0,1,0xa5a2cb1900000000000000000000000000000000000000000000000000000000000000df,,6427823,85636,20026843,0xa5a2cb19,buyUpgrade(uint256 upgradeId)
5481205,1524331819,0x0b8d6fa7588f4b091767e50ac56cc9b771b389f55c6e86c8c2af8736a44a622c,596,0x8edd439de5f283970d2c569cf9117bbc6f154d1e36abd0a908e74d3cc60c548a,101,0x1f4b10ffb832581ae5a975ed38eeac9f4e960bdf,0x57b116da40f21f91aec57329ecb763d29c1b2355,0,79527,3000000000,0,1,0x2bfd2e06000000000000000000000000000000000000000000000000000000000000002b0000000000000000000000000000000000000000000000000000000000000162,,3717181,53018,20026831,0x2bfd2e06,"buyBasicUnit(uint256 unitId, uint256 amount)"
5481217,1524331989,0xa1591cec445c65951d7231c75e4c191b46687ad4ed3ac7d39cbd2ae79621a53a,597,0xbdc44b828768831b9137984e94afa3b256a4b555d1783965121f46330d208561,92,0x1f4b10ffb832581ae5a975ed38eeac9f4e960bdf,0x57b116da40f21f91aec57329ecb763d29c1b2355,0,79527,4000000000,0,1,0x2bfd2e06000000000000000000000000000000000000000000000000000000000000002e00000000000000000000000000000000000000000000000000000000000002f9,,4756154,53018,20026819,0x2bfd2e06,"buyBasicUnit(uint256 unitId, uint256 amount)"
5481242,1524332357,0x24ef35464df7753fce9a4b16a3ad23bf9f6e3d1961081a6bc4a8a063c185bf3e,598,0x743db4c6ce39b5533d933e055f11ad6f9d166d404fec618448873fc3302cee57,185,0x1f4b10ffb832581ae5a975ed38eeac9f4e960bdf,0x57b116da40f21f91aec57329ecb763d29c1b2355,0,226173,1000000000,0,1,0x5dc22cce0000000000000000000000007f2937b27fc233a5c303e83606f0ca3ddb46a1e7,,6391699,150782,20026794,0x5dc22cce,attackPlayer(address target)
5481386,1524334541,0xf0d56270955f7c0bd5ad1cba817c4c59b3fd41e3cd60f03a604dc8991527812a,599,0x82e3f5e4c36ba09cccb7a3381f35ecb50de9b4ed3d5e14fef7c50abc59d2462e,100,0x1f4b10ffb832581ae5a975ed38eeac9f4e960bdf,0xb1690c08e213a35ed9bab7b318de14420fb57d8c,21000000000000000,125815,1000000000,0,1,0x454a2ab3000000000000000000000000000000000000000000000000000000000009f774,,4174978,41872,20026650,0x454a2ab3,bid(uint256 _tokenId)
5481388,1524334561,0x2ae1fd20f89758502549e6e52dc7ee92143e9a33937c9cdc2af7bb750f540f0c,600,0xb29601bc7f2f62a546884bce873622e6843ca01adc5385d722df599a3b7d2c41,82,0x1f4b10ffb832581ae5a975ed38eeac9f4e960bdf,0x06012c8cf97bead5deae237070f9587f8e7a266d,0,235315,1000000000,0,1,0x3d7d3f5a00000000000000000000000000000000000000000000000000000000000ad4fe000000000000000000000000000000000000000000000000008e1bc9bf04000000000000000000000000000000000000000000000000000000470de4df82000000000000000000000000000000000000000000000000000000000000000a8c00,,7576113,140212,20026648,0x3d7d3f5a,"createSaleAuction(uint256 _kittyId, uint256 _startingPrice, uint256 _endingPrice, uint256 _duration)"
5481396,1524334689,0x4c9c75c4519c47a6fcbf6a4c667a81980404532faf43657856d76dec74c23273,601,0x86b655bb3caebcf170f624df9f029afc502164ead7b3c621411210e6da762f7d,25,0x1f4b10ffb832581ae5a975ed38eeac9f4e960bdf,0x06012c8cf97bead5deae237070f9587f8e7a266d,0,235507,1000000000,0,1,0x3d7d3f5a0000000000000000000000000000000000000000000000000000000000090b87000000000000000000000000000000000000000000000000002386f26fc100000000000000000000000000000000000000000000000000000011c37937e080000000000000000000000000000000000000000000000000000000000000074040,,4985808,140340,20026640,0x3d7d3f5a,"createSaleAuction(uint256 _kittyId, uint256 _startingPrice, uint256 _endingPrice, uint256 _duration)"
5481407,1524334864,0x9885c02dd2616f3c0e798b6c9ea2718a6d211aa60763cdf7f6fd19d9ce8052b2,602,0x8415180e5bb1ac57be3b071ccf6c319e0a0e279c7d5bf815b830fc8bf73e2caa,109,0x1f4b10ffb832581ae5a975ed38eeac9f4e960bdf,0x06012c8cf97bead5deae237070f9587f8e7a266d,0,235507,1000000000,0,1,0x3d7d3f5a00000000000000000000000000000000000000000000000000000000000a6b1d000000000000000000000000000000000000000000000000002e2f6e5e1480000000000000000000000000000000000000000000000000000027147114878000000000000000000000000000000000000000000000000000000000000007e900,,5969625,140340,20026629,0x3d7d3f5a,"createSaleAuction(uint256 _kittyId, uint256 _startingPrice, uint256 _endingPrice, uint256 _duration)"
5481409,1524334878,0x90128a6bc53216217b2dc5f810987364c445e6b03075306976fd94c90b9805d8,603,0x11bd772d806ceed8596ea7f993a7bb83753d5f8462f2c7deea44da18247a2a58,23,0x1f4b10ffb832581ae5a975ed38eeac9f4e960bdf,0x06012c8cf97bead5deae237070f9587f8e7a266d,0,235507,1000000000,0,1,0x3d7d3f5a000000000000000000000000000000000000000000000000000000000008b855000000000000000000000000000000000000000000000000001ff973cafa8000000000000000000000000000000000000000000000000000001c6bf526340000000000000000000000000000000000000000000000000000000000000020f580,,1369214,140340,20026627,0x3d7d3f5a,"createSaleAuction(uint256 _kittyId, uint256 _startingPrice, uint256 _endingPrice, uint256 _duration)"
5481414,1524334905,0x0164f7a22a2592d638ec9e1d510705f4a112c96d12588207815f9aa9b027f670,604,0x07cae20cf405a43dada67cf6609ca5cf41ff322e41817b537f4f7cde16cc3322,30,0x1f4b10ffb832581ae5a975ed38eeac9f4e960bdf,0x06012c8cf97bead5deae237070f9587f8e7a266d,0,235411,1000000000,0,1,0x3d7d3f5a00000000000000000000000000000000000000000000000000000000000883930000000000000000000000000000000000000000000000000031bced02db0000000000000000000000000000000000000000000000000000002386f26fc10000000000000000000000000000000000000000000000000000000000000020f580,,1665427,140276,20026622,0x3d7d3f5a,"createSaleAuction(uint256 _kittyId, uint256 _startingPrice, uint256 _endingPrice, uint256 _duration)"
5481417,1524334917,0x78cdcaa5b441e009bb48396830312a69d583092bd091615caab82b0c22000eb4,605,0x2c8244c2d6a975425b0e418113701f91e3d211f73b3ea64aebe063d6e7cb581b,25,0x1f4b10ffb832581ae5a975ed38eeac9f4e960bdf,0x06012c8cf97bead5deae237070f9587f8e7a266d,0,235411,1000000000,1,0,0x3d7d3f5a000000000000000000000000000000000000000000000000000000000008839300000000000000000000000000000000000000000000000000470de4df82000000000000000000000000000000000000000000000000000000354a6ba7a1800000000000000000000000000000000000000000000000000000000000000fd200,,1504969,24123,20026619,0x3d7d3f5a,"createSaleAuction(uint256 _kittyId, uint256 _startingPrice, uint256 _endingPrice, uint256 _duration)"
5481421,1524334970,0xeb031cf3f8b5ba471634b6ddfe8d7d3726dce2b3291c94e48565aae79cd7645d,606,0x42f3131f010a2597a9c895630f63f84c5c6dd2140ae24ed8feba8459df8c6c98,58,0x1f4b10ffb832581ae5a975ed38eeac9f4e960bdf,0xb1690c08e213a35ed9bab7b318de14420fb57d8c,2000000000000000,125815,1000000000,1,0,0x454a2ab300000000000000000000000000000000000000000000000000000000000ab44e,,3436990,22540,20026615,0x454a2ab3,bid(uint256 _tokenId)
5481423,1524335021,0x4c11b503335676a24bc5fb4c7016d5662c586b6e4d386dd3febd873a6d5c7519,607,0xb8fd86a65be6622f9c18670ed3ba4922f3143bda0dee8df4759afd4d61fbe5a3,119,0x1f4b10ffb832581ae5a975ed38eeac9f4e960bdf,0xb1690c08e213a35ed9bab7b318de14420fb57d8c,0,109165,1000000000,0,1,0x96b5a75500000000000000000000000000000000000000000000000000000000000a6b1d,,5539391,36389,20026613,0x96b5a755,cancelAuction(uint256 _tokenId)
5481435,1524335167,0xa1567dae6785eebb3464e9a38445811fc3d9982622433846d42cc6fbb5a0c2ad,608,0x48ab55091514baf1622f7bc8117bfca17a4e47e4acf02733039bb563921f5a21,21,0x1f4b10ffb832581ae5a975ed38eeac9f4e960bdf,0x06012c8cf97bead5deae237070f9587f8e7a266d,8000000000000000,119902,1000000000,0,1,0xf7d8c883000000000000000000000000000000000000000000000000000000000009f77400000000000000000000000000000000000000000000000000000000000a6b1d,,1148200,79935,20026601,0xf7d8c883,"breedWithAuto(uint256 _matronId, uint256 _sireId)"
5481501,1524336063,0xcd5eab713caa86ba14944b17da0d6f9625e78c3cd4f68beedc7d634cdc920d75,609,0xa09f55a6480fa1003d19a6e24649cbabbcec0f149006b5ed66dfe1b5be89bb06,33,0x1f4b10ffb832581ae5a975ed38eeac9f4e960bdf,0x06012c8cf97bead5deae237070f9587f8e7a266d,8000000000000000,119977,1000000000,0,1,0xf7d8c883000000000000000000000000000000000000000000000000000000000009f77400000000000000000000000000000000000000000000000000000000000a6b1d,,3129526,79985,20026535,0xf7d8c883,"breedWithAuto(uint256 _matronId, uint256 _sireId)"
5481520,1524336336,0x91ce653cf80b4029a7cee42f4b099cadb7290addebb16009ea680839935b698b,610,0xa9d72f7a47d1295579d647e813e8cdaced6ca54660cdc2dea89eccf472a4dac0,144,0x1f4b10ffb832581ae5a975ed38eeac9f4e960bdf,0xb1690c08e213a35ed9bab7b318de14420fb57d8c,0,109165,1000000000,0,1,0x96b5a75500000000000000000000000000000000000000000000000000000000000a9a41,,3545453,36389,20026516,0x96b5a755,cancelAuction(uint256 _tokenId)
5481535,1524336608,0x0a224bf4ddfe0399c30587c555272e802bdbfd4bdee254e752eaef29d9b01286,611,0x2d6541a917654ecc7c3fe2c31c74ee9d385987cce2a5ab9d366326afbf8e16e7,83,0x1f4b10ffb832581ae5a975ed38eeac9f4e960bdf,0x06012c8cf97bead5deae237070f9587f8e7a266d,18000000000000000,227172,1000000000,0,1,0xed60ade600000000000000000000000000000000000000000000000000000000000a2d6900000000000000000000000000000000000000000000000000000000000a9a41,,2850781,106448,20026501,0xed60ade6,"bidOnSiringAuction(uint256 _sireId, uint256 _matronId)"
5481544,1524336777,0x1844e938c943f0ce1f79644034e07c2094d5579359e877cbdcf2b3085684b5ce,612,0x9cd93f169a219d52007fee5a7b885ab706a778865be75498f53a503190d22e42,52,0x1f4b10ffb832581ae5a975ed38eeac9f4e960bdf,0x06012c8cf97bead5deae237070f9587f8e7a266d,0,235507,1000000000,0,1,0x3d7d3f5a0000000000000000000000000000000000000000000000000000000000087f0e000000000000000000000000000000000000000000000000001ff973cafa8000000000000000000000000000000000000000000000000000001550f7dca70000000000000000000000000000000000000000000000000000000000000013c680,,4845400,140340,20026492,0x3d7d3f5a,"createSaleAuction(uint256 _kittyId, uint256 _startingPrice, uint256 _endingPrice, uint256 _duration)"
5481553,1524336864,0xe21e86c1505f6ff7ab43ad06085862fac097bfcb4aaaf9f73c9a2d9a5b4f32cf,613,0x0777641666534477d8b01bb21d1297f5e23c286fd21581a7b7f4ea4eed265b1e,85,0x1f4b10ffb832581ae5a975ed38eeac9f4e960bdf,0x06012c8cf97bead5deae237070f9587f8e7a266d,0,235603,1000000000,0,1,0x3d7d3f5a00000000000000000000000000000000000000000000000000000000000a18010000000000000000000000000000000000000000000000000429d069189e0000000000000000000000000000000000000000000000000000016345785d8a00000000000000000000000000000000000000000000000000000000000000093a80,,7199559,140404,20026483,0x3d7d3f5a,"createSaleAuction(uint256 _kittyId, uint256 _startingPrice, uint256 _endingPrice, uint256 _duration)"
5481575,1524337311,0x80e5ee76e526da113f0330f57b2fc3d2c8676c71409020ab80a6876cf9d111c4,614,0x8379a71802ac9f9254878d59a1e4d5a2ffe03247b47eb2c02d31dd26607a1bc2,63,0x1f4b10ffb832581ae5a975ed38eeac9f4e960bdf,0x06012c8cf97bead5deae237070f9587f8e7a266d,12948951881726708,237492,1000000000,0,1,0xed60ade600000000000000000000000000000000000000000000000000000000000aa0e900000000000000000000000000000000000000000000000000000000000a9a41,,7154515,113328,20026461,0xed60ade6,"bidOnSiringAuction(uint256 _sireId, uint256 _matronId)"
5481606,1524337865,0xf4a577627a1bd8e32cc1074efee99f71ff3e77af688abd20212a6bf1993bdcec,615,0x21a50eca6c549c1e8342ee73f0b96d409878c886ade5d37bd28c60eee8b95685,88,0x1f4b10ffb832581ae5a975ed38eeac9f4e960bdf,0x06012c8cf97bead5deae237070f9587f8e7a266d,0,235603,1000000000,0,1,0x3d7d3f5a00000000000000000000000000000000000000000000000000000000000a9a4100000000000000000000000000000000000000000000000003782dace9d90000000000000000000000000000000000000000000000000000030d98d59a9600000000000000000000000000000000000000000000000000000000000000069780,,4924602,140404,20026430,0x3d7d3f5a,"createSaleAuction(uint256 _kittyId, uint256 _startingPrice, uint256 _endingPrice, uint256 _duration)"
5481635,1524338332,0x19ea141e48c4b32731c2e9ba236ddcf5e733658b1a0d3f0bf5367d39eeaf2d1e,616,0xd906616431503ad601335b8455680deaf4590103d01c802d77eb1f865905e0dc,153,0x1f4b10ffb832581ae5a975ed38eeac9f4e960bdf,0x06012c8cf97bead5deae237070f9587f8e7a266d,0,235315,1000000000,0,1,0x3d7d3f5a00000000000000000000000000000000000000000000000000000000000a6b1d00000000000000000000000000000000000000000000000000d529ae9e860000000000000000000000000000000000000000000000000000008e1bc9bf04000000000000000000000000000000000000000000000000000000000000000a8c00,,6717086,140212,20026401,0x3d7d3f5a,"createSaleAuction(uint256 _kittyId, uint256 _startingPrice, uint256 _endingPrice, uint256 _duration)"
5481637,1524338351,0x2e2b573b127d235050532014800eb624d479a9006abd4d7c509f650352ac0317,617,0xee1a824d937e34628b212a7f062ea360aaa8c0ebb7016db602c77bdc24af9bd7,27,0x1f4b10ffb832581ae5a975ed38eeac9f4e960bdf,0x06012c8cf97bead5deae237070f9587f8e7a266d,0,235603,1000000000,0,1,0x3d7d3f5a00000000000000000000000000000000000000000000000000000000000ad55c000000000000000000000000000000000000000000000000058d15e17628000000000000000000000000000000000000000000000000000002c68af0bb1400000000000000000000000000000000000000000000000000000000000000069780,,5653388,140404,20026399,0x3d7d3f5a,"createSaleAuction(uint256 _kittyId, uint256 _startingPrice, uint256 _endingPrice, uint256 _duration)"
5481650,1524338506,0x1c2a681fa2ecce2aede1b1c2be64fd37f6f1b1b96584e5a1fde258bc18418bc6,618,0x080051c0095165c739d102b393c60ae059d34023a7d05878202abbeee12a79a2,113,0x1f4b10ffb832581ae5a975ed38eeac9f4e960bdf,0x06012c8cf97bead5deae237070f9587f8e7a266d,0,235603,1000000000,0,1,0x3d7d3f5a00000000000000000000000000000000000000000000000000000000000ad5450000000000000000000000000000000000000000000000000de0b6b3a76400000000000000000000000000000000000000000000000000000b1a2bc2ec5000000000000000000000000000000000000000000000000000000000000000069780,,5904384,140404,20026386,0x3d7d3f5a,"createSaleAuction(uint256 _kittyId, uint256 _startingPrice, uint256 _endingPrice, uint256 _duration)"
5481650,1524338506,0x80cd933800b519bd1314965bbe81410806fe7096958c760a11db418112c100e3,619,0x080051c0095165c739d102b393c60ae059d34023a7d05878202abbeee12a79a2,145,0x1f4b10ffb832581ae5a975ed38eeac9f4e960bdf,0x06012c8cf97bead5deae237070f9587f8e7a266d,0,235411,1000000000,0,1,0x3d7d3f5a0000000000000000000000000000000000000000000000000000000000078bda00000000000000000000000000000000000000000000000000f8b0a10e470000000000000000000000000000000000000000000000000000008e1bc9bf0400000000000000000000000000000000000000000000000000000000000000112380,,7875828,140276,20026386,0x3d7d3f5a,"createSaleAuction(uint256 _kittyId, uint256 _startingPrice, uint256 _endingPrice, uint256 _duration)"
5481655,1524338592,0x07f3246dde77aa7ce87c6596dc1d212089003a0d296870cb93ab4e316ab614bd,620,0x2a3c5216abbd16467952ccac3b72c08f925d6a26022add4fdbd8cc94f93cedc6,44,0x1f4b10ffb832581ae5a975ed38eeac9f4e960bdf,0x06012c8cf97bead5deae237070f9587f8e7a266d,0,235411,1000000000,1,0,0x3d7d3f5a0000000000000000000000000000000000000000000000000000000000078bda000000000000000000000000000000000000000000000000008e1bc9bf04000000000000000000000000000000000000000000000000000000470de4df8200000000000000000000000000000000000000000000000000000000000000112380,,2884339,24123,20026381,0x3d7d3f5a,"createSaleAuction(uint256 _kittyId, uint256 _startingPrice, uint256 _endingPrice, uint256 _duration)"
5481702,1524339245,0x0c2d75f7c21676072d62d942c9f8cb76226952a102cb89a059a55f36233fc5d5,621,0x1cf3077f9a298085765f2cec01bc4be2d02eb800f07dcda99da389a8d814f18e,57,0x1f4b10ffb832581ae5a975ed38eeac9f4e960bdf,0x06012c8cf97bead5deae237070f9587f8e7a266d,0,235507,1000000000,0,1,0x3d7d3f5a00000000000000000000000000000000000000000000000000000000000ad56a0000000000000000000000000000000000000000000000001bc16d674ec800000000000000000000000000000000000000000000000000000853a0d2313c00000000000000000000000000000000000000000000000000000000000000054600,,6472863,140340,20026334,0x3d7d3f5a,"createSaleAuction(uint256 _kittyId, uint256 _startingPrice, uint256 _endingPrice, uint256 _duration)"
5481727,1524339603,0x7ca89e6ba26cb2f4743eb264af0f022252707b6f4abfd4a8df22c10cd0eb2fdd,622,0xb5cb2c1102cf68be618213dafb64e6ab565d660579169d5bfe7e6e2147974d97,53,0x1f4b10ffb832581ae5a975ed38eeac9f4e960bdf,0x06012c8cf97bead5deae237070f9587f8e7a266d,0,235411,1000000000,0,1,0x3d7d3f5a0000000000000000000000000000000000000000000000000000000000074ebe00000000000000000000000000000000000000000000000000470de4df82000000000000000000000000000000000000000000000000000000f8b0a10e4700000000000000000000000000000000000000000000000000000000000000069780,,3438297,140276,20026309,0x3d7d3f5a,"createSaleAuction(uint256 _kittyId, uint256 _startingPrice, uint256 _endingPrice, uint256 _duration)"
5481735,1524339788,0xe681fc80c4ecb434bfc7bd0a908a190336c0e76deebb7ee48bae34db0e98b8a2,623,0x04c20b3cab16e3f3ffa000110032d05831dc5da734be99d0efa4655d0a75ff90,78,0x1f4b10ffb832581ae5a975ed38eeac9f4e960bdf,0x57b116da40f21f91aec57329ecb763d29c1b2355,0,79431,1000000000,0,1,0x2bfd2e06000000000000000000000000000000000000000000000000000000000000002e000000000000000000000000000000000000000000000000000000000000008b,,6892774,52954,20026301,0x2bfd2e06,"buyBasicUnit(uint256 unitId, uint256 amount)"
5481736,1524339813,0x2977cfad0d20e250232fb5f0608bddecd57e3319f7b6a248885e4706e6fdc236,624,0xe87c8de69a917074c7682090b0a0e4d91d8fb898a444a5c8f62494d9fb8196b1,276,0x1f4b10ffb832581ae5a975ed38eeac9f4e960bdf,0x57b116da40f21f91aec57329ecb763d29c1b2355,0,128083,1000000000,0,1,0xa5a2cb1900000000000000000000000000000000000000000000000000000000000000d9,,7913394,85389,20026300,0xa5a2cb19,buyUpgrade(uint256 upgradeId)
5481742,1524339910,0x9e0ec5e0e0dbaf500f6b91e13e07da4a4777318ea5bb3e1ed16aea34416d124c,625,0xe1041595ba8b2528b3ad40a11e0d18ef7914f4db95bcb97a39d5b5829926dbfc,33,0x1f4b10ffb832581ae5a975ed38eeac9f4e960bdf,0x57b116da40f21f91aec57329ecb763d29c1b2355,0,226173,1000000000,0,1,0x5dc22cce000000000000000000000000c04bf701643daec797c67a018a16892f3dbed102,,5972492,150782,20026294,0x5dc22cce,attackPlayer(address target)
5481753,1524340037,0x1283b7bb4aea05773f2582591e5894e33918a496eccaae0a063fbb33c69df06e,626,0x719652a1586bcebc191d1750ac8c2602a8dca1e72d662472099554d6d67f5db2,33,0x1f4b10ffb832581ae5a975ed38eeac9f4e960bdf,0x57b116da40f21f91aec57329ecb763d29c1b2355,0,172654,1000000000,0,1,0x60f61a4c000000000000000000000000000000000000000000000000000000000001381c,,2473985,100103,20026283,0x60f61a4c,buyUnitRaffleTicket(uint256 amount)
5482383,1524349012,0xeade67d8fc510fee2952f80b1dcd3254b25d68ded63b248a7b659e35b7149a54,627,0x9824a6417e2d963d3957486a413c02f91769d517c04b78f53e358e768f6d161d,66,0x1f4b10ffb832581ae5a975ed38eeac9f4e960bdf,0xb1690c08e213a35ed9bab7b318de14420fb57d8c,0,109165,1000000000,0,1,0x96b5a75500000000000000000000000000000000000000000000000000000000000ad545,,3807927,36389,20025653,0x96b5a755,cancelAuction(uint256 _tokenId)
5482433,1524349772,0xf5931528ab27757fd41434205a107e3179027e28c09ab51127abf17c530a8d74,628,0x8f56ce67e500d0aa784ea4ee4e927edb146d3612c0bac0e52b9e3b4ea39261bd,10,0x1f4b10ffb832581ae5a975ed38eeac9f4e960bdf,0x06012c8cf97bead5deae237070f9587f8e7a266d,0,235411,1000000000,0,1,0x3d7d3f5a00000000000000000000000000000000000000000000000000000000000ad54500000000000000000000000000000000000000000000000000f8b0a10e47000000000000000000000000000000000000000000000000000000b1a2bc2ec500000000000000000000000000000000000000000000000000000000000000069780,,4500991,140276,20025603,0x3d7d3f5a,"createSaleAuction(uint256 _kittyId, uint256 _startingPrice, uint256 _endingPrice, uint256 _duration)"
5482497,1524350778,0xdf584c6d596b702d57f9b21c0c7118dc4a1c006801e14447742163b0618a759c,629,0x0664deb2ac1fb71b6a355a564cdc142e1ec2d266085a187d5bf3ea1ce03436c6,40,0x1f4b10ffb832581ae5a975ed38eeac9f4e960bdf,0x06012c8cf97bead5deae237070f9587f8e7a266d,0,235315,500000000,0,1,0x3d7d3f5a00000000000000000000000000000000000000000000000000000000000ad555000000000000000000000000000000000000000000000000008e1bc9bf040000000000000000000000000000000000000000000000000000006a94d74f43000000000000000000000000000000000000000000000000000000000000000d2f00,,5189017,140212,20025539,0x3d7d3f5a,"createSaleAuction(uint256 _kittyId, uint256 _startingPrice, uint256 _endingPrice, uint256 _duration)"
5482504,1524350946,0x9b6693ea8cbb2aa832404694fb9e8130f7d5ad41fcafeccb20b6e90c22b62ab4,630,0x937bf86f8d707fe121cf63d83fa7610d749df1dd4403465cbfb1cdd6fab2ab26,38,0x1f4b10ffb832581ae5a975ed38eeac9f4e960bdf,0xb1690c08e213a35ed9bab7b318de14420fb57d8c,0,109165,1000000000,0,1,0x96b5a75500000000000000000000000000000000000000000000000000000000000ad1fa,,1902815,36389,20025532,0x96b5a755,cancelAuction(uint256 _tokenId)
5482531,1524351299,0x3177ef6dbe13704c962ae389bf1858f6667453997f412695e8c65e4aa9654d5c,631,0x186f3e54aa3261cd20919c64619ff118b2bf54e0e1b59ca3d169201e2f61f1ab,80,0x1f4b10ffb832581ae5a975ed38eeac9f4e960bdf,0x06012c8cf97bead5deae237070f9587f8e7a266d,0,235411,1000000000,0,1,0x3d7d3f5a00000000000000000000000000000000000000000000000000000000000ad1fa00000000000000000000000000000000000000000000000000470de4df820000000000000000000000000000000000000000000000000000002386f26fc100000000000000000000000000000000000000000000000000000000000000069780,,4975649,140276,20025505,0x3d7d3f5a,"createSaleAuction(uint256 _kittyId, uint256 _startingPrice, uint256 _endingPrice, uint256 _duration)"
5482536,1524351396,0x16b8f7505c203389b902962566fed0c4f5b48137033d1db646ff01921ba4e4a4,632,0x7866edc9a816c52da9be670e652891fc75d3af81cb2176c09592e3fb4e0eb856,39,0x1f4b10ffb832581ae5a975ed38eeac9f4e960bdf,0xb1690c08e213a35ed9bab7b318de14420fb57d8c,0,109165,1000000000,0,1,0x96b5a75500000000000000000000000000000000000000000000000000000000000ad55c,,2514208,36389,20025500,0x96b5a755,cancelAuction(uint256 _tokenId)
5482559,1524351686,0xa5ffdf9870424a89db12b302da0ca61192f9d4a82e1a419018196de43c24e761,633,0x760c409476e2839b2e406a40f3006ec2ec942ffe71dc3dd448b46668c1920c74,113,0x1f4b10ffb832581ae5a975ed38eeac9f4e960bdf,0x06012c8cf97bead5deae237070f9587f8e7a266d,0,235507,1000000000,0,1,0x3d7d3f5a00000000000000000000000000000000000000000000000000000000000ad55c000000000000000000000000000000000000000000000000016345785d8a00000000000000000000000000000000000000000000000000000429d069189e0000000000000000000000000000000000000000000000000000000000000002a300,,5366809,140340,20025477,0x3d7d3f5a,"createSaleAuction(uint256 _kittyId, uint256 _startingPrice, uint256 _endingPrice, uint256 _duration)"
5482564,1524351788,0x7ce86d48046e551d54e76546385305865b8b692324cb202141f2fd585542e07e,634,0x78a64e1527fb5d38fe76b8e5296c9db3b9fc389b22e1f0618f985abcb00765a4,48,0x1f4b10ffb832581ae5a975ed38eeac9f4e960bdf,0xb1690c08e213a35ed9bab7b318de14420fb57d8c,0,109165,1000000000,0,1,0x96b5a755000000000000000000000000000000000000000000000000000000000009aa2b,,1974432,36389,20025472,0x96b5a755,cancelAuction(uint256 _tokenId)
5482573,1524351929,0xd811999e6b6d1a1a94d4e8d96435fc0bc4aa0630a9020246a4348f7642054281,635,0x40dd60599494e41e628fce6db377e485e6ba00c1d3865c8497fa22ca83717a9c,44,0x1f4b10ffb832581ae5a975ed38eeac9f4e960bdf,0x06012c8cf97bead5deae237070f9587f8e7a266d,0,235315,1000000000,0,1,0x3d7d3f5a000000000000000000000000000000000000000000000000000000000009aa2b00000000000000000000000000000000000000000000000000071afd498d000000000000000000000000000000000000000000000000000000071afd498d0000000000000000000000000000000000000000000000000000000000000002a300,,2922347,140212,20025463,0x3d7d3f5a,"createSaleAuction(uint256 _kittyId, uint256 _startingPrice, uint256 _endingPrice, uint256 _duration)"
5482871,1524356230,0xfad5f809b3281810ff057373eaa9e903cb44bcedd5537b42a59694a7d4f1f35a,636,0x284ad62ba88fdba4bcb2badc40ed40699d6dc9e205d4cda7d7c930e8bc7bb415,30,0x1f4b10ffb832581ae5a975ed38eeac9f4e960bdf,0xc6b5756b2ac3c4c3176ca4b768ae2689ff8b9cee,3000000000000000,133231,1000000000,0,1,0xb60d4288,,1273541,88821,20025165,0xb60d4288,fund()
5482924,1524356913,0x29b5bc4f9194de8f222c1ad7db90c2d271039105e8e6769fdfe9d6b7aa0ce828,637,0xa277fa41d9079d8cabd7ff7a37703a895869ab80c27f6ed56a441212fa85ba2c,79,0x1f4b10ffb832581ae5a975ed38eeac9f4e960bdf,0xb1690c08e213a35ed9bab7b318de14420fb57d8c,0,109165,1000000000,0,1,0x96b5a75500000000000000000000000000000000000000000000000000000000000a9a41,,3563877,36389,20025112,0x96b5a755,cancelAuction(uint256 _tokenId)
5482945,1524357218,0x5adc9b345e0efcb53b4beee09a88aede39396d652e4c4a4690e5c310b45bf6c6,638,0xdc07dc06663f4bdd11e30fe70729da08999ee5d4b895bf7ddcb7b1c94927423e,71,0x1f4b10ffb832581ae5a975ed38eeac9f4e960bdf,0x06012c8cf97bead5deae237070f9587f8e7a266d,0,235507,1000000000,0,1,0x3d7d3f5a00000000000000000000000000000000000000000000000000000000000a9a4100000000000000000000000000000000000000000000000003311fc80a57000000000000000000000000000000000000000000000000000002c68af0bb140000000000000000000000000000000000000000000000000000000000000002a300,,2523767,140340,20025091,0x3d7d3f5a,"createSaleAuction(uint256 _kittyId, uint256 _startingPrice, uint256 _endingPrice, uint256 _duration)"
5482961,1524357386,0x5e031a5cfc77ef16f62d176207a8bc53a0d1522d316315085584b51a9b98064f,639,0x3b7b918cf07374f6568eb58d6ec4c9938267eac84d0a44e7351402e72fa005ce,224,0x1f4b10ffb832581ae5a975ed38eeac9f4e960bdf,0x06012c8cf97bead5deae237070f9587f8e7a266d,0,235411,1000000000,0,1,0x3d7d3f5a00000000000000000000000000000000000000000000000000000000000a9afa0000000000000000000000000000000000000000000000000091a94863ca800000000000000000000000000000000000000000000000000000470de4df820000000000000000000000000000000000000000000000000000000000000002a300,,6562801,140276,20025075,0x3d7d3f5a,"createSaleAuction(uint256 _kittyId, uint256 _startingPrice, uint256 _endingPrice, uint256 _duration)"
5482961,1524357386,0xd006a21158ee60c549b3a814d06c7acf39380a0f1aa6e42136b4c191f8279276,640,0x3b7b918cf07374f6568eb58d6ec4c9938267eac84d0a44e7351402e72fa005ce,242,0x1f4b10ffb832581ae5a975ed38eeac9f4e960bdf,0xb1690c08e213a35ed9bab7b318de14420fb57d8c,0,109165,1000000000,0,1,0x96b5a75500000000000000000000000000000000000000000000000000000000000ad223,,7217420,36389,20025075,0x96b5a755,cancelAuction(uint256 _tokenId)
5483059,1524358640,0x654cc4b48bee5d8a002ca4d091146039f963f1b1736eb9abeeab301a9d13fb33,641,0x3a603506935ba6a81d676b4e8b868e841d52d17ad1049b4024a31848ca69a253,126,0x1f4b10ffb832581ae5a975ed38eeac9f4e960bdf,0x06012c8cf97bead5deae237070f9587f8e7a266d,0,235507,1000000000,0,1,0x3d7d3f5a00000000000000000000000000000000000000000000000000000000000ad223000000000000000000000000000000000000000000000000002386f26fc100000000000000000000000000000000000000000000000000000018de76816d8000000000000000000000000000000000000000000000000000000000000003f480,,5939682,140340,20024977,0x3d7d3f5a,"createSaleAuction(uint256 _kittyId, uint256 _startingPrice, uint256 _endingPrice, uint256 _duration)"
5483061,1524358706,0xfbc956121b51fed10b11b42a409dbfe2e32a162237b5030ab95a30ed9f5d922e,642,0x4bd6d2fe3a1dd757e834223cc0cbdad88064a770c8c5aa16e9291fd0705d29fe,148,0x1f4b10ffb832581ae5a975ed38eeac9f4e960bdf,0x57b116da40f21f91aec57329ecb763d29c1b2355,0,226077,1000000000,0,1,0x5dc22cce0000000000000000000000005efe326e003b63e0f25adee8a2e8d5e0a778b9e5,,5303967,150718,20024975,0x5dc22cce,attackPlayer(address target)
5483087,1524359134,0xcae58e046d9db3b7ce7f137e67b06b3d9eb0498ea00d3135e882bc723edf5858,643,0x4aa5765a17dde40a169588e01fdc85677403541ef4584834409e407d65d05320,80,0x1f4b10ffb832581ae5a975ed38eeac9f4e960bdf,0xb1690c08e213a35ed9bab7b318de14420fb57d8c,0,109165,1000000000,0,1,0x96b5a75500000000000000000000000000000000000000000000000000000000000767a1,,3713321,36389,20024949,0x96b5a755,cancelAuction(uint256 _tokenId)
5483089,1524359165,0x771b3f6d5831bfe12114b0cadaf4f7042bb48fbd625dbcb21871621a463d2a5e,644,0xea3f44c2f644201051e9c2bc45025eec7658c8ea0cf083cc03523b863f10bfa6,62,0x1f4b10ffb832581ae5a975ed38eeac9f4e960bdf,0xb1690c08e213a35ed9bab7b318de14420fb57d8c,0,109165,1000000000,0,1,0x96b5a75500000000000000000000000000000000000000000000000000000000000ad248,,3244358,36389,20024947,0x96b5a755,cancelAuction(uint256 _tokenId)
5483097,1524359306,0x8e16e4a7b068a0d3a9b0a00edaf88cf49ea6ca6e64d313724f756994ecdac647,645,0x1db19243bc947b3160cfc902c505ba0317ae273f31d8961ed470a8ae8c477d7b,124,0x1f4b10ffb832581ae5a975ed38eeac9f4e960bdf,0x06012c8cf97bead5deae237070f9587f8e7a266d,0,235411,1000000000,0,1,0x3d7d3f5a00000000000000000000000000000000000000000000000000000000000767a1000000000000000000000000000000000000000000000000006a94d74f43000000000000000000000000000000000000000000000000000000470de4df820000000000000000000000000000000000000000000000000000000000000013c680,,4178341,140276,20024939,0x3d7d3f5a,"createSaleAuction(uint256 _kittyId, uint256 _startingPrice, uint256 _endingPrice, uint256 _duration)"
5483104,1524359407,0x6f330b7f2ae58c6d47724f0dcb27c6eefb01c69693044a22d348a62d1b9eb854,646,0x3c47ccb25e1962df98043b0483d1dc4afa4c5b856b34a55cb41a3f22f31498b2,104,0x1f4b10ffb832581ae5a975ed38eeac9f4e960bdf,0x06012c8cf97bead5deae237070f9587f8e7a266d,0,235507,1000000000,0,1,0x3d7d3f5a00000000000000000000000000000000000000000000000000000000000ad2480000000000000000000000000000000000000000000000000058d15e176280000000000000000000000000000000000000000000000000000058d15e17628000000000000000000000000000000000000000000000000000000000000007e900,,4785355,140340,20024932,0x3d7d3f5a,"createSaleAuction(uint256 _kittyId, uint256 _startingPrice, uint256 _endingPrice, uint256 _duration)"
5483114,1524359555,0x6dbf34558e0973df506c0b2d7aa02e1f5c0a7d6c47328bab53e73199340c7226,647,0x4320ab1f43270d240dec3ac8fb91e7af153e987b7537f08a58c68cc45f4eacce,26,0x1f4b10ffb832581ae5a975ed38eeac9f4e960bdf,0xb1690c08e213a35ed9bab7b318de14420fb57d8c,0,109165,1000000000,0,1,0x96b5a75500000000000000000000000000000000000000000000000000000000000a1801,,1960668,36389,20024922,0x96b5a755,cancelAuction(uint256 _tokenId)
5483125,1524359794,0xe16d1f8a0868826c03b943a483c7cbff946fca0249277f5f7b28d8aaba694bae,648,0xde1a5d11cd0dd4a56c99beec3f49453abffb82b4042d0281dda198ab9036b69c,200,0x1f4b10ffb832581ae5a975ed38eeac9f4e960bdf,0x06012c8cf97bead5deae237070f9587f8e7a266d,0,235411,1000000000,0,1,0x3d7d3f5a00000000000000000000000000000000000000000000000000000000000a1801000000000000000000000000000000000000000000000000006a94d74f43000000000000000000000000000000000000000000000000000000470de4df8200000000000000000000000000000000000000000000000000000000000000074040,,7878428,140276,20024911,0x3d7d3f5a,"createSaleAuction(uint256 _kittyId, uint256 _startingPrice, uint256 _endingPrice, uint256 _duration)"
5483159,1524360243,0xc085c23481d048ef90d2abc0c0663eb590104ebc86cc9a8e25fd246dd0924295,649,0x0f2520c73caed4dfc244a40a373a03c65999e946b45d0c7701387f0e0c3a20b9,77,0x1f4b10ffb832581ae5a975ed38eeac9f4e960bdf,0xb1690c08e213a35ed9bab7b318de14420fb57d8c,0,109165,1000000000,0,1,0x96b5a75500000000000000000000000000000000000000000000000000000000000ad23e,,3051301,36389,20024877,0x96b5a755,cancelAuction(uint256 _tokenId)
5483178,1524360478,0xe05c7ff70adcfaa6485196bc1a8ae56a227d391a23fb50b675429214a3774120,650,0xe94def02a95a353652592d204aede7813ec6761a59e2828b713ccea5857267cb,47,0x1f4b10ffb832581ae5a975ed38eeac9f4e960bdf,0x06012c8cf97bead5deae237070f9587f8e7a266d,0,235411,500000000,0,1,0x3d7d3f5a00000000000000000000000000000000000000000000000000000000000ad23e000000000000000000000000000000000000000000000000002386f26fc1000000000000000000000000000000000000000000000000000000d529ae9e8600000000000000000000000000000000000000000000000000000000000000093a80,,2523843,140276,20024858,0x3d7d3f5a,"createSaleAuction(uint256 _kittyId, uint256 _startingPrice, uint256 _endingPrice, uint256 _duration)"
5483229,1524361463,0xb94b3d6a430d453ada89445aec0819f5603d76f9bdeabf7f4394df76250778f3,651,0xd23145a601ba3b77d24de9127a01e6740447a7b5f47dec11319ed3fe031e4196,122,0x1f4b10ffb832581ae5a975ed38eeac9f4e960bdf,0x57b116da40f21f91aec57329ecb763d29c1b2355,0,226173,1000000000,0,1,0x5dc22cce000000000000000000000000a9ceaad46431cf48c7153611e044c24a4b765629,,4410044,150782,20024807,0x5dc22cce,attackPlayer(address target)
5483293,1524362719,0x0aeb8e8aeaa8d597ee661d2c2ba685b8c428a43fdd731276b1ac6d0d32aa909c,652,0x0ffe4d580bb019c64be137ac98d0b2d2d29171663a932f03f4ff5c45e6fa3730,107,0x1f4b10ffb832581ae5a975ed38eeac9f4e960bdf,0x57b116da40f21f91aec57329ecb763d29c1b2355,0,168870,2000000000,0,1,0xa9059cbb00000000000000000000000085abe8e3bed0d4891ba201af1e212fe50bb65a26000000000000000000000000000000000000000000000000000000000791ddc0,,4040924,54145,20024743,0xa9059cbb,"transfer(address _to, uint256 _value)"
5483310,1524362880,0x11c80600cd5c457054c0d94f4c6d4489cad31607a6ced5c6668d297bc77f1ad6,653,0x7551ce719bf7a688c4abd11b34eeb0f248715792e6aed9b964a346d09e68dee3,57,0x1f4b10ffb832581ae5a975ed38eeac9f4e960bdf,0x57b116da40f21f91aec57329ecb763d29c1b2355,0,154920,4000000000,0,1,0xa9059cbb00000000000000000000000085abe8e3bed0d4891ba201af1e212fe50bb65a270000000000000000000000000000000000000000000000000000000005f5e100,,2964022,69081,20024726,0xa9059cbb,"transfer(address _to, uint256 _value)"
5483349,1524363457,0xa75ff76026b1c51ebc2c244b6ede0054a3ba28a3c053d899d840925cb7c496b6,654,0xa812f222694803d3540ac390381e8183363f9071fb6c1726d4c711d6b74e4529,18,0x1f4b10ffb832581ae5a975ed38eeac9f4e960bdf,0x57b116da40f21f91aec57329ecb763d29c1b2355,0,226173,1000000000,0,1,0x5dc22cce000000000000000000000000820b7e12868334f7f534812be218369fba3b8ca0,,945703,150782,20024687,0x5dc22cce,attackPlayer(address target)
5483450,1524364859,0x0946fccfb4434ba1b6c421b9383771888eecdf2b8d4b8eb5976d088590d2572a,655,0x817143a7b4bf594734507f9c2c74677617cdd8f53fc905cdfd50ef1fb41df5a1,169,0x1f4b10ffb832581ae5a975ed38eeac9f4e960bdf,0x57b116da40f21f91aec57329ecb763d29c1b2355,0,87960,1000000000,0,1,0xa9059cbb00000000000000000000000085abe8e3bed0d4891ba201af1e212fe50bb65a2700000000000000000000000000000000000000000000000000000000055d4a80,,7292478,54145,20024586,0xa9059cbb,"transfer(address _to, uint256 _value)"
5483670,1524368147,0xfefac0eee6310f3f659f549b4359c7a5fc34d50e085e8c66cda34cee470e5969,656,0xb770bc469ea29bfc53887416c77d1efe608e86333f64844a3fdd78e4e7046869,151,0x1f4b10ffb832581ae5a975ed38eeac9f4e960bdf,0xfe8bed8cdcacf279398677d59d95dda9543abdd1,1000000000000000,21000,1000000000,0,1,0x,,5477210,21000,20024366,0x,
5483947,1524371873,0x59cffc98691cdf0633e99b398f99e7afdf907a1b2d815ed0b8162cde0a32ddf4,657,0xa5c64850f1fd797c4cb269e48571a9bf0a7496178deaa4606cc548a5107852ee,68,0x1f4b10ffb832581ae5a975ed38eeac9f4e960bdf,0xb1690c08e213a35ed9bab7b318de14420fb57d8c,0,109165,1100000000,0,1,0x96b5a75500000000000000000000000000000000000000000000000000000000000a9a41,,3382128,36389,20024089,0x96b5a755,cancelAuction(uint256 _tokenId)
5483967,1524372221,0xde3a081d68fbfd0f7fc1a86f559e9098e519c82637e76dee212b25b91156bb7d,658,0xf3f12e6326fbfbe54bb84123f61b9da97e33ff88156105c4546656d6de53edba,149,0x1f4b10ffb832581ae5a975ed38eeac9f4e960bdf,0x06012c8cf97bead5deae237070f9587f8e7a266d,0,235507,1000000000,0,1,0x3d7d3f5a00000000000000000000000000000000000000000000000000000000000a9a4100000000000000000000000000000000000000000000000002386f26fc10000000000000000000000000000000000000000000000000000002386f26fc100000000000000000000000000000000000000000000000000000000000000000a8c0,,7041399,140340,20024069,0x3d7d3f5a,"createSaleAuction(uint256 _kittyId, uint256 _startingPrice, uint256 _endingPrice, uint256 _duration)"
5484000,1524372719,0x379d61e595fcb1866f4c549911dd7fcee1eb20f548251738b5954c35390129a8,659,0x7302072167dc5235b89bbdcfcfb31461bab1e9564b2aa8b007f136a9763e92e3,38,0x1f4b10ffb832581ae5a975ed38eeac9f4e960bdf,0xfe8bed8cdcacf279398677d59d95dda9543abdd1,152000000000000000,21000,10000000000,0,1,0x,,1466039,21000,20024036,0x,
5484129,1524374785,0xd45121346b3433e4d669d4caab71d670b55d7115dc2a46d84ec970877360a5de,7916,0x0376a45c2bc4a2eab02b369676d5b1dc47ec455f9f718808712d218016223ce9,116,0x30a9ef0904c807c53f189737741e3f9145a6b792,0x1f4b10ffb832581ae5a975ed38eeac9f4e960bdf,203937000000000000,90000,3000000000,0,1,0x,,3938033,21000,20023907,0x,
5484173,1524375588,0x62b757c9fb85065ff7adc8d533d17a0aeba5eeb80b7cfd3fe93b788b405bd42d,660,0x17d4662174a003cf719484a05811cc9d929a584553c72fa4ba54658a7f42d2ea,183,0x1f4b10ffb832581ae5a975ed38eeac9f4e960bdf,0xb1690c08e213a35ed9bab7b318de14420fb57d8c,2000000000000000,125913,1000000000,0,1,0x454a2ab30000000000000000000000000000000000000000000000000000000000086752,,7160942,41904,20023863,0x454a2ab3,bid(uint256 _tokenId)
5484228,1524376477,0x2b08a718033e6d8fd7c5beff30f3acaa2aa121ecefd1631906cf17636425ef5d,661,0xa8ebcf9ea306e7cc924b3625b28c81783b1169cd5272c2f8d78ea276e4858ff8,94,0x1f4b10ffb832581ae5a975ed38eeac9f4e960bdf,0xb1690c08e213a35ed9bab7b318de14420fb57d8c,177775286902015808,152016,3200220000,0,1,0x454a2ab300000000000000000000000000000000000000000000000000000000000ad5ea,,3766742,56344,20023808,0x454a2ab3,bid(uint256 _tokenId)
5484322,1524377860,0x4041ccc95c48793717fffde7f5ee0ee6a91b0892f669e4ca089dbed75912023b,662,0x8740c19cf26e528e410ec27daa53845b9f1839d83a6f1c67fe6a9a7ad1290b89,30,0x1f4b10ffb832581ae5a975ed38eeac9f4e960bdf,0xb1690c08e213a35ed9bab7b318de14420fb57d8c,22898849256389932,135963,2000200000,0,1,0x454a2ab300000000000000000000000000000000000000000000000000000000000acc5b,,1489416,45508,20023714,0x454a2ab3,bid(uint256 _tokenId)
5484366,1524378588,0x879292322200843013fae2c48d662578174dc2f6358624e9b5f54ceba9fb01a3,663,0xed74972081c67c6ae546f40f94139c45ce432a210ac9bf3de78a0adb766072d1,102,0x1f4b10ffb832581ae5a975ed38eeac9f4e960bdf,0x06012c8cf97bead5deae237070f9587f8e7a266d,0,235507,1100000000,0,1,0x3d7d3f5a00000000000000000000000000000000000000000000000000000000000ad5ea00000000000000000000000000000000000000000000000003bf3b91c95b000000000000000000000000000000000000000000000000000003782dace9d90000000000000000000000000000000000000000000000000000000000000002a300,,3113675,140340,20023670,0x3d7d3f5a,"createSaleAuction(uint256 _kittyId, uint256 _startingPrice, uint256 _endingPrice, uint256 _duration)"
5484371,1524378645,0x502f3730b8b9813639410e317c02563d32ad2cd6303abebfd93f98d4f3e4fa55,664,0xfaba995f352e15be9fe1fd77c40faead1faaeed08d3bcd28f781e6a3cc0a9dc7,73,0x1f4b10ffb832581ae5a975ed38eeac9f4e960bdf,0x06012c8cf97bead5deae237070f9587f8e7a266d,0,235411,1000000000,0,1,0x3d7d3f5a00000000000000000000000000000000000000000000000000000000000acc5b000000000000000000000000000000000000000000000000016345785d8a000000000000000000000000000000000000000000000000000000d529ae9e860000000000000000000000000000000000000000000000000000000000000000a8c0,,2645030,140276,20023665,0x3d7d3f5a,"createSaleAuction(uint256 _kittyId, uint256 _startingPrice, uint256 _endingPrice, uint256 _duration)"
5484408,1524379210,0x27acb465f385dd74366d5024a027695d68e965a4786722c18f57b2fccfa242ac,665,0x1dbbab6d0b178e37ac3ec735c7fe56fdfd3cb8e26d3de033a09d154afc51d583,77,0x1f4b10ffb832581ae5a975ed38eeac9f4e960bdf,0xe81f180def378ee583e23713f87b1e10831ce3ac,2000000000000000,21000,10000000000,0,1,0x,,2099834,21000,20023628,0x,
5484410,1524379242,0x2269e512b58bc24e67dd727c0502488fa8151791ece01369e97a8a0b633fcdf3,666,0x1fff658e62c782c109ee23605931a7e159ed209f9746bf181e80e043f0447a87,88,0x1f4b10ffb832581ae5a975ed38eeac9f4e960bdf,0xb1690c08e213a35ed9bab7b318de14420fb57d8c,0,109165,2000200000,0,1,0x96b5a75500000000000000000000000000000000000000000000000000000000000ad56a,,4129887,36389,20023626,0x96b5a755,cancelAuction(uint256 _tokenId)
5484601,1524382152,0x69d1f28767f32aafd08f5562c1923732ad12f037a682dad19ce0e1ecff7e8635,667,0x0bdc810b6bf48ab1795a5404962ea3cf15d13af93cda9be8f5e9fa48d811b00c,137,0x1f4b10ffb832581ae5a975ed38eeac9f4e960bdf,0xe81f180def378ee583e23713f87b1e10831ce3ac,650000000000000,21000,3000000000,0,1,0x,,5368211,21000,20023435,0x,
5484612,1524382332,0xb47e072e68c73153984f6e80332fb8f0a3a824039508427aee9974138bbedb75,668,0x96c34bc277ae1af06192f890f42fe66ddf247dae8e234fae654b1b13d7892847,192,0x1f4b10ffb832581ae5a975ed38eeac9f4e960bdf,0xc6b5756b2ac3c4c3176ca4b768ae2689ff8b9cee,0,79440,1000000000,0,1,0xe555c1a3,,7820411,37960,20023424,0xe555c1a3,sellMyTokens()
5484658,1524383333,0x04bb7e7ceb6381e9e50da60714974288369491e54639ca838a16093ab99896a2,6588,0x31a3778e69e4326c96f47484e2c7c94fdef4d5a071bb55949537b02b3e325384,43,0x44f14099b8b9c60515e83a0cb1a85e14982bb091,0x1f4b10ffb832581ae5a975ed38eeac9f4e960bdf,29000000000000000,21000,30000000000,0,1,0x,,1211540,21000,20023378,0x,
5484678,1524383551,0xad3e634c2adb605c84fd5ffdfdd20241142f85e08042fb18825aff547a8a9dbf,669,0x488df0e5d247d0ae9df15d8b9e3f7e9a8d7ad963875318a12f89ba46c5482ae2,85,0x1f4b10ffb832581ae5a975ed38eeac9f4e960bdf,0xe81f180def378ee583e23713f87b1e10831ce3ac,600000000000000,21000,6000000000,0,1,0x,,2921083,21000,20023358,0x,
5484703,1524383789,0x74558c4e05cb6547b6045aca3fbc2a52e36996af4cb2065da346bb03cc219cae,670,0x1461965388c411f9fd7fc314348815e6d7a6b6325b5795129526585f4cf57123,60,0x1f4b10ffb832581ae5a975ed38eeac9f4e960bdf,0xfe8bed8cdcacf279398677d59d95dda9543abdd1,27000000000000000,21000,3000000000,0,1,0x,,1943267,21000,20023333,0x,
5484761,1524384602,0x88a81c41a28257e9d284322128e2aac92aa4a28ddc0dc0cb0033eb1b71020944,671,0x9d4e6dfbd8b2a443692739ce257cdc713883d09cde76193e9cdc1ddf9b77f997,71,0x1f4b10ffb832581ae5a975ed38eeac9f4e960bdf,0xe81f180def378ee583e23713f87b1e10831ce3ac,1300000000000000,21000,2000000000,0,1,0x,,3011169,21000,20023275,0x,
5484825,1524385835,0x4dd28408849fd9345a607f06411a7b1cb8b6f748899f1ca9ab0ab4265d38ce25,7928,0x80f3af3bf4789047fda4b0bb50efabfaf967cbc9f784161287cb02af10421625,4,0x30a9ef0904c807c53f189737741e3f9145a6b792,0x1f4b10ffb832581ae5a975ed38eeac9f4e960bdf,28937000000000000,90000,3000000000,0,1,0x,,167935,21000,20023211,0x,
5484864,1524386399,0xa35b164c8a4d1a75daf6610eb334646e2fd3b227afcb8f3e51493aeeaef5be3a,672,0x063bcf2eb1cad79208342dd2f2f437f2aa9d4501dbd9154d8d818c4f7ad67950,142,0x1f4b10ffb832581ae5a975ed38eeac9f4e960bdf,0xb1690c08e213a35ed9bab7b318de14420fb57d8c,0,109165,1000000000,0,1,0x96b5a75500000000000000000000000000000000000000000000000000000000000acc5b,,6742817,36389,20023172,0x96b5a755,cancelAuction(uint256 _tokenId)
5484870,1524386482,0x11cfaf0c7785186873992dd9812f7ced9cbce1e86aee009aef7631b65f6ae9e1,673,0x81c966d5d54017426804fe0606c124ef9141a9924d8fc986e8d7cad0ae8adb62,151,0x1f4b10ffb832581ae5a975ed38eeac9f4e960bdf,0x06012c8cf97bead5deae237070f9587f8e7a266d,8000000000000000,119902,4000000000,0,1,0xf7d8c88300000000000000000000000000000000000000000000000000000000000ad56a000000000000000000000000000000000000000000000000000000000009f774,,5444393,79935,20023166,0xf7d8c883,"breedWithAuto(uint256 _matronId, uint256 _sireId)"
5484873,1524386508,0xc95e5b4412e63a9aa2a510569064af4c5f41fb5e59312724104e544d36cf6a81,674,0x768e270a3d3a0d82ac38755156e13173282dc6d3417ae9b6b53cc041247756c9,156,0x1f4b10ffb832581ae5a975ed38eeac9f4e960bdf,0xb1690c08e213a35ed9bab7b318de14420fb57d8c,1792952107806588,135963,1500000000,0,1,0x454a2ab3000000000000000000000000000000000000000000000000000000000002cca8,,7290106,45508,20023163,0x454a2ab3,bid(uint256 _tokenId)
5484886,1524386760,0x121e8fa142f0b1180aa752836ef629c836c59dfe299271c89138aaa9c1efac63,675,0x1cf9dc33555691d3cd5ffa7029bf0af987935f9d78ae66224701c9432a4db190,41,0x1f4b10ffb832581ae5a975ed38eeac9f4e960bdf,0xe81f180def378ee583e23713f87b1e10831ce3ac,5000000000000000,21000,20000000000,0,1,0x,,1416240,21000,20023150,0x,
5484897,1524386928,0x43ce4498c99b2f0e2484a6b33c52013a7ad06f5612df090755c52e85124b82ae,676,0x4482ab5c16ab6001df96d1169c50c536c7b21ddd03968262a13016982c60b5e6,114,0x1f4b10ffb832581ae5a975ed38eeac9f4e960bdf,0x06012c8cf97bead5deae237070f9587f8e7a266d,8000000000000000,119902,4000000000,0,1,0xf7d8c88300000000000000000000000000000000000000000000000000000000000ad56a00000000000000000000000000000000000000000000000000000000000acc5b,,3679459,79935,20023139,0xf7d8c883,"breedWithAuto(uint256 _matronId, uint256 _sireId)"
5484908,1524387080,0xafb02170fa8231085124598c7308dfe8d4ae5d84115de16b207717658348e172,677,0x59bb104f286a117e5b9bf9fed29e2cdd156c657ce33971c6a8ab4c3fd4d39a32,107,0x1f4b10ffb832581ae5a975ed38eeac9f4e960bdf,0xe81f180def378ee583e23713f87b1e10831ce3ac,4000000000000000,21000,3000000000,0,1,0x,,7162629,21000,20023128,0x,
5484949,1524387765,0x8ccb671c55a46659844dba0e2a885c193af7ac7fbaf6a1785264620d93f136fb,6589,0xc9b24f983f9dd013e752d757e3721f68936d5197e08daff675ab864a1e130d0d,167,0x44f14099b8b9c60515e83a0cb1a85e14982bb091,0x1f4b10ffb832581ae5a975ed38eeac9f4e960bdf,30000000000000000,21000,30000000000,0,1,0x,,3667207,21000,20023087,0x,
5484975,1524388164,0x6ade3a19e6284669f01f319e4b49f1a33f0683aafb064f6d15bdefb6bf1e49c9,678,0xdec9639368bbe65708ec30aa85df932a19ace31e5fdc75575144329030866af6,105,0x1f4b10ffb832581ae5a975ed38eeac9f4e960bdf,0xe81f180def378ee583e23713f87b1e10831ce3ac,5000000000000000,21000,5000000000,0,1,0x,,5805959,21000,20023061,0x,
5485030,1524388958,0xa39bed97900e541708b770768302cb89cd73af3893522a66e5fd25ee53032754,679,0xbb855dbe30fb3ee18838602645180dab984e36a50d4cef330ae69654307842a1,49,0x1f4b10ffb832581ae5a975ed38eeac9f4e960bdf,0xe81f180def378ee583e23713f87b1e10831ce3ac,8000000000000000,21000,50000000000,0,1,0x,,1161849,21000,20023006,0x,
5485033,1524388986,0x2266170898bb094c809c1cd4df0e65b44ab9ab059af20a7e2ec0ead86593ea08,680,0x89339045943365eafa0f00e7928333911b9cbfcb87147d17985d1418288da12a,18,0x1f4b10ffb832581ae5a975ed38eeac9f4e960bdf,0xe81f180def378ee583e23713f87b1e10831ce3ac,8000000000000000,21000,18500000000,0,1,0x,,647388,21000,20023003,0x,
5485107,1524389986,0x64fc853c187472bac90d697038f6d2e92d7f0eb10ac26ec6371f0052af190383,681,0x760768693b9e55d0067e08fbebe0db6d4dd8f7a16cf95290940ef4eef92a4fa8,81,0x1f4b10ffb832581ae5a975ed38eeac9f4e960bdf,0x06012c8cf97bead5deae237070f9587f8e7a266d,0,235411,1000000000,0,1,0x3d7d3f5a00000000000000000000000000000000000000000000000000000000000ad7a9000000000000000000000000000000000000000000000000006a94d74f43000000000000000000000000000000000000000000000000000000470de4df8200000000000000000000000000000000000000000000000000000000000000069780,,6761690,140276,20022929,0x3d7d3f5a,"createSaleAuction(uint256 _kittyId, uint256 _startingPrice, uint256 _endingPrice, uint256 _duration)"
5485142,1524390432,0x20764c5eda275edd96e07d7972a8e66129b5ecc55229fd075368b7f4e774d955,682,0xd86c3fef4241aebba2a4a38d24552334fd2b3e6e1ccc1840ca99730d2f7dd9c9,119,0x1f4b10ffb832581ae5a975ed38eeac9f4e960bdf,0xe81f180def378ee583e23713f87b1e10831ce3ac,8000000000000000,21000,5000000000,0,1,0x,,3381500,21000,20022894,0x,
5486689,1524412616,0x482174adba2551e25399bd4452ef4fbf2a00f893b423b3d4a33da176d405ee50,3,0x39d1fdb87012728cf5ff468b2bd606ec72ab0b1be08e637f254903a844c95f00,116,0xe3f4b38553e2d1ef93aeb7ab25981b36e0330573,0x1f4b10ffb832581ae5a975ed38eeac9f4e960bdf,1500000000000000,21000,1000000000,0,1,0x,,7995945,21000,20021347,0x,
5486717,1524412939,0xa3c9335b166e43a2507582c225b9dc0d694c99a512149a1241a7568c0509b674,5,0xf7a50ebf4fe4575e8eefbc784d576a426d3d6992132edea5ee0c23000f03eeb8,92,0x868f60cdd76a61fa7cfc268f1419610be05787fb,0x1f4b10ffb832581ae5a975ed38eeac9f4e960bdf,1300000000000000,21000,1000000000,0,1,0x,,3113911,21000,20021319,0x,
5486807,1524414228,0xb90f1b5360bb690920b6d514e5a5113c181878643ef4f4b7b7b9d64b152a7ec0,683,0x766e9970d1b02e21f2ab6d3a9de5a2602a58bfcaba6d50ad2204725bb4f8f63a,139,0x1f4b10ffb832581ae5a975ed38eeac9f4e960bdf,0x669b690f73955c97aa6e5667c5d11a0314bff0ac,2800000000000000,21000,3000000000,0,1,0x,,6291457,21000,20021229,0x,
5486878,1524415222,0x1c83d92b4aae3103bd16266e0e2151ddb687902e477bb90cb1d1749d75bfdc0a,684,0xeb70881d8752f72279fcd18f2bc4639e8243dfe3b80f0cfd8ad1c515032dae70,211,0x1f4b10ffb832581ae5a975ed38eeac9f4e960bdf,0xc6b5756b2ac3c4c3176ca4b768ae2689ff8b9cee,0,79440,1000000000,0,1,0xe555c1a3,,7157155,52960,20021158,0xe555c1a3,sellMyTokens()
5487098,1524418170,0x5ebe1cfd62c36d6803772fa7190e175885a145d7e4b5fc553cf2638780cfb37a,1524,0x7b445205beddd8a292a12f4ea1a4f608570f9034d6828af3c2113f3580891b9a,58,0xee84e9f45d7f16e1215ccbac8095f9e1c6b039c9,0x1f4b10ffb832581ae5a975ed38eeac9f4e960bdf,400000000000000,21000,1000000000,0,1,0x,,2168447,21000,20020938,0x,
5487109,1524418372,0x5554627c3f0fac8df6e86d056e0da9cd7611d5e622e01cc0d9b5d8ba73972ab1,685,0xbaae0ab1219c89a5111076c9460b4ebde286ec40a1fac42705a702898ba21a35,167,0x1f4b10ffb832581ae5a975ed38eeac9f4e960bdf,0xc6b5756b2ac3c4c3176ca4b768ae2689ff8b9cee,0,72277,1100000000,0,1,0x3ccfd60b,,7145481,45927,20020927,0x3ccfd60b,withdraw()
5487145,1524419036,0x5540ce0d545969452e539815eb1998c3ae8da18b853824bbe255b97f4ff5a607,686,0x92ab86c7a8e30ba950632d23f0eb72355ea56bf9e70ab01b911c30248fb812ed,93,0x1f4b10ffb832581ae5a975ed38eeac9f4e960bdf,0x669b690f73955c97aa6e5667c5d11a0314bff0ac,2300000000000000,21000,15000000000,0,1,0x,,2941831,21000,20020891,0x,
5487193,1524419632,0xa3b13a2163be165633b7ef1c29e73e6a31d507c0bacb060732b496f817dea038,687,0x8c5d0ffc4ffc30c818874c27fb9a7f80c754000a71d2f44be0580c47b5e71a5f,127,0x1f4b10ffb832581ae5a975ed38eeac9f4e960bdf,0xb1690c08e213a35ed9bab7b318de14420fb57d8c,0,109165,1000000000,0,1,0x96b5a75500000000000000000000000000000000000000000000000000000000000ad5ea,,4658671,36389,20020843,0x96b5a755,cancelAuction(uint256 _tokenId)
5487253,1524420437,0x99cfcae4260c63d62bd7210ce9448185fca89a9495c9c7df7886458f12aaeeba,688,0x6070a2d0c4c50ef9ddfbc10af7abe48fdf4ee69163184b20e0d484b0cbe18537,101,0x1f4b10ffb832581ae5a975ed38eeac9f4e960bdf,0x06012c8cf97bead5deae237070f9587f8e7a266d,0,235603,300000000,0,1,0x3d7d3f5a00000000000000000000000000000000000000000000000000000000000ad5ea00000000000000000000000000000000000000000000000002ea11e32ad5000000000000000000000000000000000000000000000000000002c68af0bb140000000000000000000000000000000000000000000000000000000000000013c680,,7176341,140404,20020783,0x3d7d3f5a,"createSaleAuction(uint256 _kittyId, uint256 _startingPrice, uint256 _endingPrice, uint256 _duration)"
5487443,1524423689,0xd78f41e41c533b02cbf31cb217833c17a1dcd54bdd1cff61adfaaa4b8d237ee7,689,0x38739d4930f83be21c4ddb13bf8000a0f76d5c0c00526259d92791f12f5842d3,217,0x1f4b10ffb832581ae5a975ed38eeac9f4e960bdf,0x57b116da40f21f91aec57329ecb763d29c1b2355,0,121440,1000000000,0,1,0x60f61a4c000000000000000000000000000000000000000000000000000000000007a2c0,,6722991,100103,20020593,0x60f61a4c,buyUnitRaffleTicket(uint256 amount)
5488517,1524439107,0xb16640b0a1d669feaa54075f7925c06528ba8f1aec6dd2150e58f626c08af429,3,0xdf0939f3c7db1a39d2470df72cf990e79ae0ddf026e55807bc9b10ad961e8f7a,127,0x012a3ee958a5d474acfbe3ad20bc6fa49715f2db,0x1f4b10ffb832581ae5a975ed38eeac9f4e960bdf,172000000000000,21000,4000000000,0,1,0x,,6063232,21000,20019519,0x,
5488551,1524439448,0x616c7999991834e59c892331019787a119ab0b4e2b898dd2105cc4e7809b53f0,690,0x17e62f3a352ff5707a0196962f8db2445166125b8e42b49d33bcbf45270c0e72,95,0x1f4b10ffb832581ae5a975ed38eeac9f4e960bdf,0x06012c8cf97bead5deae237070f9587f8e7a266d,0,235411,800000000,0,1,0x3d7d3f5a000000000000000000000000000000000000000000000000000000000002cca800000000000000000000000000000000000000000000000000038d7ea4c6800000000000000000000000000000000000000000000000000000071afd498d0000000000000000000000000000000000000000000000000000000000000000a8c0,,5854020,140276,20019485,0x3d7d3f5a,"createSaleAuction(uint256 _kittyId, uint256 _startingPrice, uint256 _endingPrice, uint256 _duration)"
5488559,1524439554,0x99e5bdeec75038c8bf20235e96088de1b63e4c5dba86bbbf2a027c4294897367,691,0x05807e0835fd398b1fdc4b79c57af8991a5b14059bc9d846dbe25b86acc055cc,106,0x1f4b10ffb832581ae5a975ed38eeac9f4e960bdf,0x9b2b16f9a9a65425ee9a117aa6ba9f0603d973f7,10000000000000,153606,300000000,0,1,0xd0e30db0,,7849857,102404,20019477,0xd0e30db0,deposit()
5488577,1524439770,0x4533d8f40e8858bde778d496329d4f10a128a6ace87373f49e3ffed6b95ff0aa,692,0x79724efac9b2036b37c5bad49ce074011403afa449d470c031dfcd591693d497,19,0x1f4b10ffb832581ae5a975ed38eeac9f4e960bdf,0x7d10f213d9f3dba3dc70af0a8557edb50675e452,7000000000000,163935,300000000,0,1,0xd0e30db0,,6406657,109290,20019459,0xd0e30db0,deposit()
5488937,1524445299,0x4c93f31165a40b87560bc6134c28a9581e5a2e473c598918951bfc5455f01e57,693,0x150ea1ec20f2fdceaa8343393e4e0a67da017ed7e3f13422bc7209c57ddafd78,72,0x1f4b10ffb832581ae5a975ed38eeac9f4e960bdf,0x57b116da40f21f91aec57329ecb763d29c1b2355,0,147523,400000000,0,1,0x8fafb286000000000000000000000000673bc7c492faac5f88547da13a3ae4a9c8152c8100000000000000000000000000000000000000000000000000000000000000080000000000000000000000000000000000000000000000000000000000000009,,7298738,98349,20019099,0x8fafb286,"claimResearchDividends(address referer, uint256 startSnapshot, uint256 endSnapShot)"
5488975,1524445874,0x8689e1994d5c8ce352aeaa274d55a9c0840a9d5028744c75972ae836b5d1b3fc,694,0x9a5c536f55b0d6eef4a42cb03202436717b724785bd858a75ee1e2772b4ef90d,43,0x1f4b10ffb832581ae5a975ed38eeac9f4e960bdf,0x57b116da40f21f91aec57329ecb763d29c1b2355,0,56848,1500000000,0,1,0x3bed33ce00000000000000000000000000000000000000000000000000013daf1b20c1a8,,2613616,20641,20019061,0x3bed33ce,withdrawEther(uint256 amount)
5489008,1524446340,0x2147f43156f5b13eaaee28fb76c1a46ed41f1b88a999f032ea30f3f5975291d9,695,0x431f8753af10ad2937102fb15e09207035d28b21b322a3fcaf9e5722d8083013,34,0x1f4b10ffb832581ae5a975ed38eeac9f4e960bdf,0x669b690f73955c97aa6e5667c5d11a0314bff0ac,1000000000000000,21000,2000000000,0,1,0x,,920800,21000,20019028,0x,
5489173,1524448478,0xef2f2fc154ac4487e262e6f1b91bf9a0798693d143a28de58a65b1d445930912,696,0x309161e171fac8125b303bb9c66636faf32a46c3660630ddc53fa4ecedded708,74,0x1f4b10ffb832581ae5a975ed38eeac9f4e960bdf,0x06012c8cf97bead5deae237070f9587f8e7a266d,0,235603,300000000,0,1,0x3d7d3f5a00000000000000000000000000000000000000000000000000000000000acc5b000000000000000000000000000000000000000000000000007c585087238000000000000000000000000000000000000000000000000000007c5850872380000000000000000000000000000000000000000000000000000000000000093a80,,7384603,140404,20018863,0x3d7d3f5a,"createSaleAuction(uint256 _kittyId, uint256 _startingPrice, uint256 _endingPrice, uint256 _duration)"
5489343,1524451145,0xe5312ea7b7e1216a6d5917c19d2ac0f439c55a1b6dd3a1a641817b17f33944c9,697,0x0279688d2ed2902d2ffedeadd43e21ae9818358195ad77538c5071f0216fe189,218,0x1f4b10ffb832581ae5a975ed38eeac9f4e960bdf,0xb1690c08e213a35ed9bab7b318de14420fb57d8c,0,109165,600000000,0,1,0x96b5a75500000000000000000000000000000000000000000000000000000000000ad5ea,,7901601,36389,20018693,0x96b5a755,cancelAuction(uint256 _tokenId)
5489401,1524451978,0xc9174400e5453532580d7e29bf755934c1d124bfced84302b5ff648d4d88169d,453,0x83f99f50abaefc9065defc280460277ed044ea6ce3f56b21aa3d85a6fa3dedf1,64,0x3d2084d65cd56583aaf306e38db432a399b34b63,0x1f4b10ffb832581ae5a975ed38eeac9f4e960bdf,25000000000000000,21000,3000000000,0,1,0x,,2523786,21000,20018635,0x,
5489451,1524452759,0x5a441383e2e609a5c21e7258cf65291ba5b9c89e47b1a88a0a98bc0edd553455,698,0x1a0258b2108907a9f5c67861d9635348099edd051d10facb2e016bb03b3ad8da,77,0x1f4b10ffb832581ae5a975ed38eeac9f4e960bdf,0xfe8bed8cdcacf279398677d59d95dda9543abdd1,24200000000000000,21000,7000000000,0,1,0x,,3027268,21000,20018585,0x,
5489457,1524452817,0xa46ad7f2842c670e30874c0e760fdaccb018dabba8cb2b4a5ce48f61c6590fc7,699,0x7402e15cd678011b743f4ce87c0d0fb94aa5852cffcf2713e236afe640b6f424,91,0x1f4b10ffb832581ae5a975ed38eeac9f4e960bdf,0x06012c8cf97bead5deae237070f9587f8e7a266d,0,235603,660000000,0,1,0x3d7d3f5a00000000000000000000000000000000000000000000000000000000000ad5ea00000000000000000000000000000000000000000000000002a303fe4b530000000000000000000000000000000000000000000000000000027f7d0bdb920000000000000000000000000000000000000000000000000000000000000001fa40,,6276490,140404,20018579,0x3d7d3f5a,"createSaleAuction(uint256 _kittyId, uint256 _startingPrice, uint256 _endingPrice, uint256 _duration)"
5489458,1524452834,0x5b7bf0be5ef508e74b3c701b13f67e4d63340294bfed0ba3ddd258dcb58ddaec,700,0xa1335d692ba541a1933ed0e6ed3c45945abc5d8edfa6b1e25af47264d296a455,116,0x1f4b10ffb832581ae5a975ed38eeac9f4e960bdf,0x06012c8cf97bead5deae237070f9587f8e7a266d,0,150000,1000000000,1,0,0x3d7d3f5a00000000000000000000000000000000000000000000000000000000000ad5ea00000000000000000000000000000000000000000000000002c68af0bb140000000000000000000000000000000000000000000000000000027f7d0bdb920000000000000000000000000000000000000000000000000000000000000000a8c0,,4828346,24187,20018578,0x3d7d3f5a,"createSaleAuction(uint256 _kittyId, uint256 _startingPrice, uint256 _endingPrice, uint256 _duration)"
5489614,1524454998,0x1ab62f306d969b9634a182ded16e73534d9b0471639565982671e477d30e0121,8130,0x85a8525f305b78597eb322c830426cee9f28856cc0ddbf91bb0b046896bea0e5,67,0x30a9ef0904c807c53f189737741e3f9145a6b792,0x1f4b10ffb832581ae5a975ed38eeac9f4e960bdf,6123000000000000,90000,3000000000,0,1,0x,,2511604,21000,20018422,0x,
5489650,1524455533,0xa6c3b8aacafef8a71c8cc1a1a4282441f39673794e79b72cb4107ae608c7b026,701,0xa0f660f96573a3bdfee9521a968ef21fb5f3691abd05e5ad27bc378cdb413164,139,0x1f4b10ffb832581ae5a975ed38eeac9f4e960bdf,0x669b690f73955c97aa6e5667c5d11a0314bff0ac,6700000000000000,21000,1000000000,0,1,0x,,6993773,21000,20018386,0x,
5492535,1524498706,0x4d24be47406ff6c2c77202dc5db7b0e287f457452f08bb7dee34742486f6ef29,702,0x00ce6d9056d15c4e9d608272d10b3a0456db8933ba3add9fbe1bb2b7f44ab960,53,0x1f4b10ffb832581ae5a975ed38eeac9f4e960bdf,0x89d36a79f146c3e4053d79ea9b2660a89f1e577f,50000000000000,21000,1000000000,0,1,0x,,4439463,21000,20015501,0x,
5493425,1524512527,0x605c8f39fab34ebc4407cc144841a82cb0c3087873b73315ad744ca2470ac11d,703,0x0e9fc06fe299b03ca653370198c57b1efae77a049319829f7d85cddc52be5d91,112,0x1f4b10ffb832581ae5a975ed38eeac9f4e960bdf,0xb1690c08e213a35ed9bab7b318de14420fb57d8c,0,109165,860000000,1,0,0x96b5a75500000000000000000000000000000000000000000000000000000000000ad5ea,,6143000,22422,20014611,0x96b5a755,cancelAuction(uint256 _tokenId)
5493437,1524512777,0x8f57073a6596ad0a9e9a8be7ae5e1a9d0d838dfb339c1e2e76e32814fc702e16,704,0x07f8d59c286c99102ffccf18445b9bfc1c7bdbf66fb9ae51eeb76bb5298ab70f,85,0x1f4b10ffb832581ae5a975ed38eeac9f4e960bdf,0xcdb53255c44889631b554e507cb4feec2bdf015c,20000000000000000,21000,5000000000,0,1,0x,,3833387,21000,20014599,0x,
5493453,1524512985,0x02b01e23bca71a6d0f6f918fceb8469c73125720488bfc8cee386be50f990839,6613,0x0ee10aa0fd669298dfb81a0565cd3a94a04b1da89a77df7a99ce38b63cf25745,13,0x44f14099b8b9c60515e83a0cb1a85e14982bb091,0x1f4b10ffb832581ae5a975ed38eeac9f4e960bdf,31500000000000000,21000,30000000000,0,1,0x,,532884,21000,20014583,0x,
5493465,1524513127,0x4fc14890ec86d474920f1ac0ab605f467da1c144facd88553719da8487d30154,705,0xd7878ee83ff04e4737e6a6dc62cd8b9860769b6ce97ed496500cfbe7bed63212,54,0x1f4b10ffb832581ae5a975ed38eeac9f4e960bdf,0x06012c8cf97bead5deae237070f9587f8e7a266d,0,235507,600000000,0,1,0x3d7d3f5a00000000000000000000000000000000000000000000000000000000000ad79e0000000000000000000000000000000000000000000000000011c37937e080000000000000000000000000000000000000000000000000000011c37937e08000000000000000000000000000000000000000000000000000000000000002a300,,3353674,140340,20014571,0x3d7d3f5a,"createSaleAuction(uint256 _kittyId, uint256 _startingPrice, uint256 _endingPrice, uint256 _duration)"
5493532,1524514009,0x5cc7570ca3335e9b063e7a3618de2ef83c27d53e553dfae987f3041a357e138c,706,0x345dd0f4e867260b5baea933a7aeac2f80cd7afd25399dcd5d3e2bb42ed43263,95,0x1f4b10ffb832581ae5a975ed38eeac9f4e960bdf,0xa7d41d5d2568c08dabe7e60da214a208c9bab988,35000000000000000,74010,1000000000,0,1,0x,,6382752,21000,20014504,0x,
5493547,1524514274,0xd8e745dfcb05911c743835c877fd486d28a72bc7d4a799811c1bf28b27f60820,707,0x596394e53fa6fdadb35c0ee9ceb103bc355fbca577745e914f23b7db2da105b5,39,0x1f4b10ffb832581ae5a975ed38eeac9f4e960bdf,0xcdb53255c44889631b554e507cb4feec2bdf015c,20000000000000000,21000,15000000000,0,1,0x,,1323257,21000,20014489,0x,
5493587,1524514814,0x313362d1cec7cf4a0b792706b1836a0914f487d9e77f1279f63c4070d992fc40,708,0xa9370966df5519f99fab04e86ca944b9aa9a6bf9a71ed440549242ada8549d9f,100,0x1f4b10ffb832581ae5a975ed38eeac9f4e960bdf,0xcdb53255c44889631b554e507cb4feec2bdf015c,65000000000000000,21000,5000000000,0,1,0x,,3680997,21000,20014449,0x,
5493624,1524515359,0xefeee4e8d0ca30720b4c1a3faf27aefa54ee351c6a91b41d64305f010624e1d3,6614,0x409c5d3806faab37e7e59046b6819f098b0b5d08f41931ebe7e94002128a80d8,39,0x44f14099b8b9c60515e83a0cb1a85e14982bb091,0x1f4b10ffb832581ae5a975ed38eeac9f4e960bdf,95704370000000000,21000,30000000000,0,1,0x,,908700,21000,20014412,0x,
5493640,1524515582,0x2b6b61ba58f5807408f9c77c70a577b806d5f631aecf49676af1473730999e17,709,0x0a30ac619290a4d9ff67ba071da19eaef9bdf167103b552288824108f2175af8,4,0x1f4b10ffb832581ae5a975ed38eeac9f4e960bdf,0xcdb53255c44889631b554e507cb4feec2bdf015c,8000000000000000,21000,25000000000,0,1,0x,,123214,21000,20014396,0x,
5493678,1524516358,0x93ea11340a7146d0821ac0d95f01059693595a793a13a2a4cc646fda243d1393,6615,0x7835640cd6c7b5920eedfa7964011bb2270a8d612f7e4fa388b44bd069779437,19,0x44f14099b8b9c60515e83a0cb1a85e14982bb091,0x1f4b10ffb832581ae5a975ed38eeac9f4e960bdf,28411750000000000,21000,30000000000,0,1,0x,,619314,21000,20014358,0x,
5493694,1524516569,0x06ec08924cd4dbb3b063fbb6959179192a5f2afd559195212e5a19070a302623,710,0x1bea94ad13f6be198d68c1702631b73fd7ca0ac27d88eb72bfa1a1891dfe5f5d,5,0x1f4b10ffb832581ae5a975ed38eeac9f4e960bdf,0xcdb53255c44889631b554e507cb4feec2bdf015c,8000000000000000,21000,25000000000,0,1,0x,,279475,21000,20014342,0x,
5493723,1524517010,0xf205747bf90110aa82bdcdbf57d7a383188f88d7c84b7ceca97ab0088b536e3c,711,0x369711a729b73303b32abb5aaaea79ee4de32e4a05043abfaa3a6f8adb2d6ee6,26,0x1f4b10ffb832581ae5a975ed38eeac9f4e960bdf,0xfe8bed8cdcacf279398677d59d95dda9543abdd1,173000000000000000,21000,15000000000,0,1,0x,,1120453,21000,20014313,0x,
5493879,1524519207,0x4201c3bf77f0a184091ad74ee0c2af91c3fcc07d478ac10ab4493a7d7fefe7c9,8308,0x3436fb351f02b7b647461a64991ab91baac2e5fbcc0dafe3ad2a2a3896aad4d8,100,0x30a9ef0904c807c53f189737741e3f9145a6b792,0x1f4b10ffb832581ae5a975ed38eeac9f4e960bdf,194937000000000000,90000,3000000000,0,1,0x,,5208468,21000,20014157,0x,
5493968,1524520493,0x0abc9eb10c10126ad80e58c8d63450a5f9a7d1425b493e25764fbe300abdaf19,712,0x282bee4406083acc4af71f4ba49d9546b7165bd02d02253446a37a0587e549e7,51,0x1f4b10ffb832581ae5a975ed38eeac9f4e960bdf,0xb1690c08e213a35ed9bab7b318de14420fb57d8c,137230756055613856,152016,5000000000,0,1,0x454a2ab300000000000000000000000000000000000000000000000000000000000adb5d,,2464609,56344,20014068,0x454a2ab3,bid(uint256 _tokenId)
5494103,1524522629,0x7b58c12c4ff14fe0961f8ffbe5732503b0e105b71a61eaf3daf3e40aae2e6d2d,713,0x5d4224ae84ff02d6e6606d86abf481f27a9ced97e6dd17c3a8b3a2b1079f187a,109,0x1f4b10ffb832581ae5a975ed38eeac9f4e960bdf,0xb1690c08e213a35ed9bab7b318de14420fb57d8c,0,109165,1000000000,0,1,0x96b5a75500000000000000000000000000000000000000000000000000000000000acc5b,,4074790,36389,20013933,0x96b5a755,cancelAuction(uint256 _tokenId)
5494130,1524522918,0x148b4dd7b66f69baedea09c3c4295798f5374bf3ec36b5cca8f396dcba1cb5fa,714,0xbb22cd035be0f265a3598ec94c003ba62b136b265292c5567cd7ee34c277d44d,132,0x1f4b10ffb832581ae5a975ed38eeac9f4e960bdf,0x06012c8cf97bead5deae237070f9587f8e7a266d,8000000000000000,119977,1000000000,0,1,0xf7d8c88300000000000000000000000000000000000000000000000000000000000acc5b00000000000000000000000000000000000000000000000000000000000ad56a,,7214153,79985,20013906,0xf7d8c883,"breedWithAuto(uint256 _matronId, uint256 _sireId)"
5494201,1524523953,0xef895b01828b9030430fa336de3188e6fd83a55b5d781a96d0fe8d0d27bac343,715,0x5c8921d42d4e960db4d2cf74de91e7d1dad33d15914b820664c49e493635f5ac,97,0x1f4b10ffb832581ae5a975ed38eeac9f4e960bdf,0x06012c8cf97bead5deae237070f9587f8e7a266d,8000000000000000,119977,4000000000,0,1,0xf7d8c88300000000000000000000000000000000000000000000000000000000000acc5b00000000000000000000000000000000000000000000000000000000000ad56a,,4351013,79985,20013835,0xf7d8c883,"breedWithAuto(uint256 _matronId, uint256 _sireId)"
5494225,1524524334,0x9c8da1aedce283318647b3a7993e3eec58f226a6866cb94605242983a7409f42,716,0xbc8cc8b6c6fb5fadec933c24425db2428bdbc8be77294611fcea81154c6a4764,152,0x1f4b10ffb832581ae5a975ed38eeac9f4e960bdf,0x669b690f73955c97aa6e5667c5d11a0314bff0ac,3000000000000000,21000,5000000000,0,1,0x,,4544790,21000,20013811,0x,
5494276,1524525257,0x2749074b3336bd6e66d3dafd9b1ac13efe7b4aefb09fc441a5130094a719e698,717,0x7896c0d2fcc7045d81e5449badc62311a63b4fba17aca8283865e38d72a39c80,51,0x1f4b10ffb832581ae5a975ed38eeac9f4e960bdf,0x669b690f73955c97aa6e5667c5d11a0314bff0ac,10000000000000000,21000,5000000000,0,1,0x,,1926139,21000,20013760,0x,
5494300,1524525613,0x2af890813bddb1ba87086fb38c314869d0e40708027c00bbd84693e5f1b4f086,718,0x7abfb6c4dee7abc0377e917e58ae4918abb60e7d7c31603335910a5d9fe76774,17,0x1f4b10ffb832581ae5a975ed38eeac9f4e960bdf,0x06012c8cf97bead5deae237070f9587f8e7a266d,0,235315,600000000,0,1,0x3d7d3f5a00000000000000000000000000000000000000000000000000000000000adcd6000000000000000000000000000000000000000000000000008e1bc9bf040000000000000000000000000000000000000000000000000000006a94d74f43000000000000000000000000000000000000000000000000000000000000000a8c00,,1464528,140212,20013736,0x3d7d3f5a,"createSaleAuction(uint256 _kittyId, uint256 _startingPrice, uint256 _endingPrice, uint256 _duration)"
5494319,1524525786,0x781ec442bd462cce7c86570af02b3864d485775e5e25e6e7638710147eed3e0b,719,0x61c8f03ed075264e572454bb732b22a9a59090059491afdf70392d0a65edb742,7,0x1f4b10ffb832581ae5a975ed38eeac9f4e960bdf,0x669b690f73955c97aa6e5667c5d11a0314bff0ac,31000000000000000,21000,27500000000,0,1,0x,,240902,21000,20013717,0x,
5494332,1524525956,0x12c91c673a70252ce21ed8326e6faaa59488707be94023a443dc97d2a25d54e3,720,0x42fc11aef5dba2a77442dd3cb1ea06c2581b3190fc3f275bf15b6b60bcbb724d,39,0x1f4b10ffb832581ae5a975ed38eeac9f4e960bdf,0x06012c8cf97bead5deae237070f9587f8e7a266d,0,235315,700000000,0,1,0x3d7d3f5a00000000000000000000000000000000000000000000000000000000000adcef000000000000000000000000000000000000000000000000002386f26fc1000000000000000000000000000000000000000000000000000000d529ae9e860000000000000000000000000000000000000000000000000000000000000002a300,,2125682,140212,20013704,0x3d7d3f5a,"createSaleAuction(uint256 _kittyId, uint256 _startingPrice, uint256 _endingPrice, uint256 _duration)"
5494472,1524527981,0x2662866ef392aea8586d7bc68c8002c31c92780bb2660e93dd82aa6091c8c1c1,6625,0x5d2bac5e2d17c51b1f420560deffb0b54bfed9e43cf18dd61ee262e225f65a95,17,0x44f14099b8b9c60515e83a0cb1a85e14982bb091,0x1f4b10ffb832581ae5a975ed38eeac9f4e960bdf,57997480000000000,21000,30000000000,0,1,0x,,550626,21000,20013564,0x,
5494491,1524528181,0xebe25deefcb47408b5a93f83d9bf6cbb0a57834c74bb884a37e9bc552d57bbc6,721,0x7c1611c3213503d86355a2275cb7c93359519049823819adf6c15a52614296cb,24,0x1f4b10ffb832581ae5a975ed38eeac9f4e960bdf,0x669b690f73955c97aa6e5667c5d11a0314bff0ac,3000000000000000,21000,5000000000,0,1,0x,,1215923,21000,20013545,0x,
5494566,1524529104,0x4eb4613374902381d73132ebb0a80735ad2a57df7f7f7008764f6ef9be5d9692,722,0xef96ebc5be694836ae062012021f8e329eec0212d30706173cad26d0efbc5d6e,30,0x1f4b10ffb832581ae5a975ed38eeac9f4e960bdf,0xfe8bed8cdcacf279398677d59d95dda9543abdd1,55000000000000000,21000,5000000000,0,1,0x,,1068355,21000,20013470,0x,
5494584,1524529377,0x7a6b13e9e4924c1ed468da0f7aebb6f7fecbbf6eebaa7c39930ad42aaf598c02,723,0xf91382419a1bdb9385dd6762a8e316e45c8f99263e8a6fa4e564c15272f1e974,29,0x1f4b10ffb832581ae5a975ed38eeac9f4e960bdf,0x06012c8cf97bead5deae237070f9587f8e7a266d,0,235507,600000000,0,1,0x3d7d3f5a00000000000000000000000000000000000000000000000000000000000adb5d000000000000000000000000000000000000000000000000025bf6196bd1000000000000000000000000000000000000000000000000000002386f26fc100000000000000000000000000000000000000000000000000000000000000000a8c0,,5888513,140340,20013452,0x3d7d3f5a,"createSaleAuction(uint256 _kittyId, uint256 _startingPrice, uint256 _endingPrice, uint256 _duration)"
5494739,1524531658,0x10f36728d4afce6f5f1a69fa0127314df9b145822351b5c513816115aee0cc93,8328,0x4e2dd16946683e5abe14fe9f1454c205ad6bcf9580dd46ac07d814a011dd0261,159,0x30a9ef0904c807c53f189737741e3f9145a6b792,0x1f4b10ffb832581ae5a975ed38eeac9f4e960bdf,68037000000000000,90000,3000000000,0,1,0x,,6293378,21000,20013297,0x,
5494752,1524531793,0x6dc3cc24e9a8c957051e46c823a6f30ea69ef7a2df19e10eb46e1333e29ab2d3,724,0x130c028c606675c350e29630a1e6c434fbeae8c302e727a307eac0979f55ce9d,107,0x1f4b10ffb832581ae5a975ed38eeac9f4e960bdf,0xb1690c08e213a35ed9bab7b318de14420fb57d8c,1000000000000000,125913,1100000000,0,1,0x454a2ab3000000000000000000000000000000000000000000000000000000000008f2c8,,5531299,41904,20013284,0x454a2ab3,bid(uint256 _tokenId)
5494782,1524532549,0xc1dd66446f71a39a58d44d9667125decacd8dfef8b88a3741065bef6f2af230c,725,0x3b48ead046993d4fdaedb5b67a26c11aad9a647090c1356a09a7cad0698a0503,71,0x1f4b10ffb832581ae5a975ed38eeac9f4e960bdf,0xb1690c08e213a35ed9bab7b318de14420fb57d8c,1579068725597664,135963,1000000000,0,1,0x454a2ab300000000000000000000000000000000000000000000000000000000000ac2df,,4581719,45508,20013254,0x454a2ab3,bid(uint256 _tokenId)
5494784,1524532572,0xfdf424ba3ec562712024af25c055b73e3ea202f4159570a3bfb091a3d493f560,726,0xdc9d8df670d116937becfc00ed6787d1144adaae3bd6857c8298e509f2b70fae,59,0x1f4b10ffb832581ae5a975ed38eeac9f4e960bdf,0xb1690c08e213a35ed9bab7b318de14420fb57d8c,0,109165,1000000000,0,1,0x96b5a75500000000000000000000000000000000000000000000000000000000000adb5d,,3807647,36389,20013252,0x96b5a755,cancelAuction(uint256 _tokenId)
5494809,1524532949,0x2e437cc3c735b72116857e90211050dfcf94df91a2bc475996e89c14bbe6d8e0,727,0x23baefade1d2ea3da7b63a6c9ffd725ae84e8817eee390295cf2c23a5e7687cd,30,0x1f4b10ffb832581ae5a975ed38eeac9f4e960bdf,0xb1690c08e213a35ed9bab7b318de14420fb57d8c,1879182829005248,135963,1000000000,0,1,0x454a2ab3000000000000000000000000000000000000000000000000000000000009555b,,1540055,45508,20013227,0x454a2ab3,bid(uint256 _tokenId)
5494819,1524533098,0xaaa5efffa385dd2bbc39d343509dcd4921c1ea5232d3aba7ba21b41b108716d2,728,0x0733c0ff3e2877a3e2249e7d77a0154ebb6b065908162486ac69a977becda10e,28,0x1f4b10ffb832581ae5a975ed38eeac9f4e960bdf,0x06012c8cf97bead5deae237070f9587f8e7a266d,10647644684581000,237417,1000000000,0,1,0xed60ade6000000000000000000000000000000000000000000000000000000000008e36800000000000000000000000000000000000000000000000000000000000adb5d,,1459474,113278,20013217,0xed60ade6,"bidOnSiringAuction(uint256 _sireId, uint256 _matronId)"
5494847,1524533536,0xd3b134d7b445ab2b26110b2aaa4ed912c760d11e8b293a1a09fe4ba893aa2360,729,0x7bda73a802e29f100fe16263f0d9b628bd58690ad16a1f37790e1412268289b5,34,0x1f4b10ffb832581ae5a975ed38eeac9f4e960bdf,0x06012c8cf97bead5deae237070f9587f8e7a266d,11000000000000000,219220,1000000000,0,1,0xed60ade6000000000000000000000000000000000000000000000000000000000007b0c600000000000000000000000000000000000000000000000000000000000adb5d,,2102513,101147,20013189,0xed60ade6,"bidOnSiringAuction(uint256 _sireId, uint256 _matronId)"
5494865,1524533934,0x0de4238531316fc295f8913d2d9491d1edc8d71457b00a22866b2ab344879674,730,0x36995114e8d125eb07a025929ed5b3f961037d6fdd9b2ddb9333350e5a852ded,112,0x1f4b10ffb832581ae5a975ed38eeac9f4e960bdf,0x57b116da40f21f91aec57329ecb763d29c1b2355,0,106416,1000000000,0,1,0xa5a2cb19000000000000000000000000000000000000000000000000000000000000011e,,6292062,70944,20013171,0xa5a2cb19,buyUpgrade(uint256 upgradeId)
5494885,1524534185,0x48fb5d7f90950807543769ff7f609f7c825f74158e9bd5d276f90203472b6be4,731,0x4635733e0fa90e39af257a23a42acb2a334381b7d607b95a51672215e1ded1ba,137,0x1f4b10ffb832581ae5a975ed38eeac9f4e960bdf,0x57b116da40f21f91aec57329ecb763d29c1b2355,0,128950,1000000000,0,1,0xa5a2cb190000000000000000000000000000000000000000000000000000000000000120,,5800538,86353,20013151,0xa5a2cb19,buyUpgrade(uint256 upgradeId)
5494912,1524534619,0xe3f394b941a0dea2fff06f0de6f4ec5497a9d16f7b8d16f36b0cf039ecceaf6e,732,0xc7585f753886ed84d20465f895780efbf03d8d0080ac9393b3ed55ddd93e94fc,126,0x1f4b10ffb832581ae5a975ed38eeac9f4e960bdf,0x57b116da40f21f91aec57329ecb763d29c1b2355,0,128950,1000000000,0,1,0xa5a2cb190000000000000000000000000000000000000000000000000000000000000124,,7585269,86353,20013124,0xa5a2cb19,buyUpgrade(uint256 upgradeId)
5494937,1524534889,0x1d34d5fa2c058fb46984987199262d60e2d4324002587fe751ffc26d5e2b22b0,733,0xc13a284b2d3df01be78b668afd54c0d1a10f514e47eefd6610736be2504e855d,72,0x1f4b10ffb832581ae5a975ed38eeac9f4e960bdf,0x06012c8cf97bead5deae237070f9587f8e7a266d,0,235315,700000000,0,1,0x3d7d3f5a00000000000000000000000000000000000000000000000000000000000add7c000000000000000000000000000000000000000000000000006a94d74f43000000000000000000000000000000000000000000000000000000470de4df820000000000000000000000000000000000000000000000000000000000000000a8c0,,4363746,140212,20013099,0x3d7d3f5a,"createSaleAuction(uint256 _kittyId, uint256 _startingPrice, uint256 _endingPrice, uint256 _duration)"
5494956,1524535181,0x3530311e4dc64d6ad141ac86ebabe50bb605e0bd75b896620b5dcca0250835f3,734,0x9c9264fb6f0b727f31814583b5918e3145ba00332cffe01d9d96f8f60b3edd2f,6,0x1f4b10ffb832581ae5a975ed38eeac9f4e960bdf,0x06012c8cf97bead5deae237070f9587f8e7a266d,0,235603,1000000000,0,1,0x3d7d3f5a00000000000000000000000000000000000000000000000000000000000adb5d00000000000000000000000000000000000000000000000002386f26fc10000000000000000000000000000000000000000000000000000002386f26fc1000000000000000000000000000000000000000000000000000000000000000034bc0,,541830,140404,20013080,0x3d7d3f5a,"createSaleAuction(uint256 _kittyId, uint256 _startingPrice, uint256 _endingPrice, uint256 _duration)"
5494967,1524535333,0x3d8e72684c5f49ff4ab26e6580b71cc14b7753a7873cec8e93b586dbfdeb976f,735,0x2a89333bdd213b1213026554f7f60e02d2244156e8fe68b9c704f3937def07d8,99,0x1f4b10ffb832581ae5a975ed38eeac9f4e960bdf,0x06012c8cf97bead5deae237070f9587f8e7a266d,0,235315,1300000000,0,1,0x3d7d3f5a00000000000000000000000000000000000000000000000000000000000add7000000000000000000000000000000000000000000000000000470de4df82000000000000000000000000000000000000000000000000000000470de4df820000000000000000000000000000000000000000000000000000000000000007e900,,7675409,140212,20013069,0x3d7d3f5a,"createSaleAuction(uint256 _kittyId, uint256 _startingPrice, uint256 _endingPrice, uint256 _duration)"
5494976,1524535437,0x7326a7f92d03e0c30a6960f5b0355db89eac6ede0632001ef7ab6f7f9ee0adf1,736,0xd2b6229966a17361e2f1364c2fbfd24b615c7d2dce69d95427b2ff212366fc14,119,0x1f4b10ffb832581ae5a975ed38eeac9f4e960bdf,0x669b690f73955c97aa6e5667c5d11a0314bff0ac,10000000000000000,21000,10000000000,0,1,0x,,4436917,21000,20013060,0x,
5495029,1524536217,0x080eafba1a1c2bf3d5166631133703065b566ced22f21cae4a6354a3716ffcbd,737,0xc09d5c43cada168ff6a19fcdcee1f657b83e8d85a9d69bff6edffbe13658d3dd,83,0x1f4b10ffb832581ae5a975ed38eeac9f4e960bdf,0x669b690f73955c97aa6e5667c5d11a0314bff0ac,31000000000000000,21000,15000000000,0,1,0x,,3347804,21000,20013007,0x,
5495059,1524536738,0x996529ecd978b3a786715a4a234530d97202cfc9de184aad8f23b29fb60894f1,6632,0x85393e65bc2543bf11fbeecd5766a77abae87d48c1f6b6792766fbdad071e097,29,0x44f14099b8b9c60515e83a0cb1a85e14982bb091,0x1f4b10ffb832581ae5a975ed38eeac9f4e960bdf,65432600000000000,21000,30000000000,0,1,0x,,835841,21000,20012977,0x,
5495070,1524536901,0x597aaac4652eab509f335922d95805cf77af46af3b8a22961b4b795e14f2f134,738,0x669b3f3eb93450533afa99095b34b18830af43f317a7e266434924ded2e15cba,26,0x1f4b10ffb832581ae5a975ed38eeac9f4e960bdf,0x669b690f73955c97aa6e5667c5d11a0314bff0ac,5000000000000000,21000,15000000000,0,1,0x,,1128546,21000,20012966,0x,
5495100,1524537423,0x5cf647f6384960d7466a0b09d2478b4032892f89e8e0f68509d9ee7487696a5a,739,0xc2b9e12edeb88725787a0278991928b1692a1d40bb23caebb5b01e928cb4dcb0,7,0x1f4b10ffb832581ae5a975ed38eeac9f4e960bdf,0xfe8bed8cdcacf279398677d59d95dda9543abdd1,61000000000000000,21000,15200000000,0,1,0x,,233522,21000,20012936,0x,
5495207,1524539066,0xceb13d8bc61629065363d7fa923f084d20ba366fc2fb58d31173a2df45894034,8352,0x87d6603d603714c59abc14802032f7a64d4527af2ba5d0d1b307b33ab7b190fa,80,0x30a9ef0904c807c53f189737741e3f9145a6b792,0x1f4b10ffb832581ae5a975ed38eeac9f4e960bdf,89937000000000000,90000,3000000000,0,1,0x,,3480748,21000,20012829,0x,
5495284,1524540267,0x907d52f85bdae73fac51ae74f0e0fb81389d6fed0541a971b6c5fc278cace08b,740,0x51f5250f9eda5baf72b6e12a21162c165910e1c4456d657097e2c2c7015dbdae,131,0x1f4b10ffb832581ae5a975ed38eeac9f4e960bdf,0x669b690f73955c97aa6e5667c5d11a0314bff0ac,40000000000000000,21000,1000000000,0,1,0x,,6481474,21000,20012752,0x,
5495377,1524541477,0xa943d7464a2e71e6b6882bc0953a2166ebc2287e85fd3b7bfc3042a33a43cfea,741,0xecfdf0e11b049e2fce1dbd7d934e2d350a40f040b37534ab6047a15f2891a082,26,0x1f4b10ffb832581ae5a975ed38eeac9f4e960bdf,0x669b690f73955c97aa6e5667c5d11a0314bff0ac,48000000000000000,21000,10000000000,0,1,0x,,905187,21000,20012659,0x,
5495483,1524543165,0x4948fc1a034ac3c91fe57e500a468ae98a25da84f71bd2b805303fdb7ca9d695,8370,0x74693e47142f94d4a74f4a67a336e6ee2f103ad1a4ba089ac202ce99b649990e,160,0x30a9ef0904c807c53f189737741e3f9145a6b792,0x1f4b10ffb832581ae5a975ed38eeac9f4e960bdf,9937000000000000,90000,3000000000,0,1,0x,,6234933,21000,20012553,0x,
5497126,1524568754,0xfe597e16384f6f4ec619182ec2901d1b22721e2939eb370928b02552846b0fcb,742,0xed494315c31a2dc8a855cb1d6f412ae9c10d84fe7617a037a8da9c4a3daf2385,132,0x1f4b10ffb832581ae5a975ed38eeac9f4e960bdf,0x669b690f73955c97aa6e5667c5d11a0314bff0ac,11000000000000000,21000,10000000000,0,1,0x,,4292685,21000,20010910,0x,
5499376,1524602109,0x8480dc128e0987561cca89bdc2b949d9effb33d5ce8256d0706cd143c8c62a91,743,0xb00895eeb61469c6c4a6d05eff7c30f8d76a7e5dd54daf62f930e8be7ab105b9,94,0x1f4b10ffb832581ae5a975ed38eeac9f4e960bdf,0x06012c8cf97bead5deae237070f9587f8e7a266d,0,235411,700000000,0,1,0x3d7d3f5a00000000000000000000000000000000000000000000000000000000000ac2df000000000000000000000000000000000000000000000000000aa87bee53800000000000000000000000000000000000000000000000000000071afd498d00000000000000000000000000000000000000000000000000000000000000054600,,7368078,140276,20008660,0x3d7d3f5a,"createSaleAuction(uint256 _kittyId, uint256 _startingPrice, uint256 _endingPrice, uint256 _duration)"
5499611,1524605593,0xb5cbc6cd6729b94a1a7ff88cdb92822b0c4b5a3bfbe2299f3d6bc503149c96d9,744,0xa25bd3494a2846f1a230313f4beef7ff7f913d2ededa33cf3492ef17ca4f7f18,13,0x1f4b10ffb832581ae5a975ed38eeac9f4e960bdf,0x06012c8cf97bead5deae237070f9587f8e7a266d,0,235411,2000000000,0,1,0x3d7d3f5a000000000000000000000000000000000000000000000000000000000009f7740000000000000000000000000000000000000000000000000018de76816d8000000000000000000000000000000000000000000000000000001550f7dca70000000000000000000000000000000000000000000000000000000000000000a8c0,,7124317,140276,20008425,0x3d7d3f5a,"createSaleAuction(uint256 _kittyId, uint256 _startingPrice, uint256 _endingPrice, uint256 _duration)"
5499678,1524606361,0x3543cb4acaa2a5c4a31c8672c68fd170826ea7afd85b97cb1bcc0d86f41bb45b,745,0xea4eebdad92c9e8b7e99073bee009b4dc1f00e50299209b8c0847e1dde22d527,39,0x1f4b10ffb832581ae5a975ed38eeac9f4e960bdf,0xb1690c08e213a35ed9bab7b318de14420fb57d8c,0,109165,1010000000,0,1,0x96b5a75500000000000000000000000000000000000000000000000000000000000adb5d,,2367558,36389,20008358,0x96b5a755,cancelAuction(uint256 _tokenId)
5499692,1524606604,0x50239314392186ad85b4c63874895041798f17e49cce129832931be6bf84b2b7,746,0xe9838d7dcc10c44262a91c3006eab2a895b012d6d19eb6619f5321652384e37d,70,0x1f4b10ffb832581ae5a975ed38eeac9f4e960bdf,0x06012c8cf97bead5deae237070f9587f8e7a266d,0,235507,1000000000,0,1,0x3d7d3f5a00000000000000000000000000000000000000000000000000000000000adb5d0000000000000000000000000000000000000000000000000214e8348c4f00000000000000000000000000000000000000000000000000000214e8348c4f0000000000000000000000000000000000000000000000000000000000000002a300,,5122629,140340,20008344,0x3d7d3f5a,"createSaleAuction(uint256 _kittyId, uint256 _startingPrice, uint256 _endingPrice, uint256 _duration)"
5499823,1524608563,0x42d4d75ddf5854114a1109dcd176fa687408456467e30dcae734807096042212,747,0x81ad413baacbfcb48d3c1023638939437f5b02af0c09d8e84e5a72c898ac1d02,33,0x1f4b10ffb832581ae5a975ed38eeac9f4e960bdf,0x89d36a79f146c3e4053d79ea9b2660a89f1e577f,150000000000000,21000,2000000000,0,1,0x,,2311277,21000,20008213,0x,
5500941,1524625487,0x0ead4da865e8d6588afc989c9c5797db249d7d8c5e953712ec823b9f76bc3149,461,0x49b7e6898535c4dd9c94c418635c2770c33223289987f9f4079ab27d839dc7b0,176,0x3d2084d65cd56583aaf306e38db432a399b34b63,0x1f4b10ffb832581ae5a975ed38eeac9f4e960bdf,15000000000000000,21000,2000000000,0,1,0x,,7952090,21000,20007095,0x,
5500981,1524626174,0x9b24feb2b274de41ef4c0507d2c44706fbb142fd337719226cfe0869080a703d,748,0x335952bec4636029b7b4a2712284e6c945afab455ca81adaad1fa85942a6a94d,61,0x1f4b10ffb832581ae5a975ed38eeac9f4e960bdf,0x57b116da40f21f91aec57329ecb763d29c1b2355,0,99540,1700000000,0,1,0xa21f74b80000000000000000000000000000000000000000000000000000000027ef6380,,3362036,66360,20007055,0xa21f74b8,fundGooResearch(uint256 amount)
5500984,1524626212,0x0954c1c05b4772e565d6f5d31593f44035209cb23575021823d80e2bdb576d9e,749,0x846f6319bcf67941f5f928a944c90a3194e89b0f1b972823be039aad215c3f99,71,0x1f4b10ffb832581ae5a975ed38eeac9f4e960bdf,0xb1690c08e213a35ed9bab7b318de14420fb57d8c,0,109165,2002000000,0,1,0x96b5a755000000000000000000000000000000000000000000000000000000000009f774,,4546758,36389,20007052,0x96b5a755,cancelAuction(uint256 _tokenId)
5500986,1524626257,0x9bff32c65077a435a7af8ebadb3525ed612baa5147d460555e67a253fb80264f,750,0x03ae979da85062d0639055595231226b09b252fbcc52edb229aa2f17b908408f,167,0x1f4b10ffb832581ae5a975ed38eeac9f4e960bdf,0x57b116da40f21f91aec57329ecb763d29c1b2355,0,99540,2000000000,1,0,0xa21f74b80000000000000000000000000000000000000000000000000000000027ef6380,,7839960,24438,20007050,0xa21f74b8,fundGooResearch(uint256 amount)
5501270,1524630329,0x57b12c3f638310534f9166e273639616a4d3c3be16b947cb8db3e2e6536bbb92,751,0xf572a46131a2bbcfd8df9f165f31de5b3e7414d529bdd854eb01cfc4e09090b7,67,0x1f4b10ffb832581ae5a975ed38eeac9f4e960bdf,0xfe8bed8cdcacf279398677d59d95dda9543abdd1,13900000000000000,21000,20000000000,0,1,0x,,2166203,21000,20006766,0x,
5501695,1524636962,0xa6aa3086d67e1ab5d1534c08576446c4269a353e24348c1417a8ec4852dd0d51,752,0x9e20aad52322ad277cca89071d98be0f12e3b4866f87b54013f21299f7e76256,23,0x1f4b10ffb832581ae5a975ed38eeac9f4e960bdf,0xfe8bed8cdcacf279398677d59d95dda9543abdd1,14000000000000000,21000,5000000000,0,1,0x,,1465543,21000,20006341,0x,
5503384,1524661345,0xc769962433fa88ff9a4ead6661b7d6655aa5a1d527828d9b9cfe2a6c869322c4,8610,0x0c6f11ad2ac63d25192ece657f6f40c10d85bb364bd1feb14ec20ec67b15b61a,135,0x30a9ef0904c807c53f189737741e3f9145a6b792,0x1f4b10ffb832581ae5a975ed38eeac9f4e960bdf,42937000000000000,90000,3000000000,0,1,0x,,7754045,21000,20004652,0x,
5503453,1524662291,0x3c4650c323e9c7d13947ccc5e891e02b93b255c8cdf08daaefb03ef4427dd5df,753,0x5a7d9df1c98ae094ac8f20be94477313028ab1805a420d86f09e8d98e9d8cf42,16,0x1f4b10ffb832581ae5a975ed38eeac9f4e960bdf,0x669b690f73955c97aa6e5667c5d11a0314bff0ac,5000000000000000,21000,20000000000,0,1,0x,,690437,21000,20004583,0x,
5503502,1524662918,0xec335714a98721b293f833ab7cfdc9961c48242323062841c1d27f7cc63d8b46,6670,0x5f89ae6e973dde6b529c8924b9f9391b889275e9e69c0a74f98e26350b973452,56,0x44f14099b8b9c60515e83a0cb1a85e14982bb091,0x1f4b10ffb832581ae5a975ed38eeac9f4e960bdf,32419230000000000,21000,30000000000,0,1,0x,,2948652,21000,20004534,0x,
5503510,1524663009,0x3ce2b80d3ca299b3e7f0cb651ed75c92e62ad82da86274721569f900c2b73677,754,0x607926f2dfc9842a55fda56c2b2c386b05e8e07fd8cf1c01505e47d0b5ab0533,269,0x1f4b10ffb832581ae5a975ed38eeac9f4e960bdf,0x669b690f73955c97aa6e5667c5d11a0314bff0ac,5000000000000000,21000,5000000000,0,1,0x,,6601163,21000,20004526,0x,
5503514,1524663087,0xe812d29e565d1e6808d6256c729d90756bfcfdaba178fd86475dbb1c6e92b644,755,0x868b01e945e356ee071000feb4add2bfa892ed6193d57e9a311eab34b0834e49,236,0x1f4b10ffb832581ae5a975ed38eeac9f4e960bdf,0x669b690f73955c97aa6e5667c5d11a0314bff0ac,3000000000000000,21000,4300000000,0,1,0x,,7728181,21000,20004522,0x,
5503612,1524664352,0x620dde72b63f11278bdd8b34d8b2564b8c1f788e39d91aa993a05ddf25db0360,6671,0xbee49cc99c586facf7ec63aa9a0e187bc32580a2a107e6d834bf899410e6ead1,31,0x44f14099b8b9c60515e83a0cb1a85e14982bb091,0x1f4b10ffb832581ae5a975ed38eeac9f4e960bdf,34596850000000000,21000,30000000000,0,1,0x,,1330288,21000,20004424,0x,
5503617,1524664478,0x1a24e783a3a3ca4f4bd9aa373ed39d883c250cc7ddbba9d0d42cf5feaa03e6a0,756,0xa29973891d01c506dc3887378d6c1ec3e06e2c2e3834937ebbeb64efee17d8a7,59,0x1f4b10ffb832581ae5a975ed38eeac9f4e960bdf,0x669b690f73955c97aa6e5667c5d11a0314bff0ac,5000000000000000,21000,13000000000,0,1,0x,,1985132,21000,20004419,0x,
5503775,1524667021,0xe99998ad5062b92ea17b234a32b258aba53441a9fa3827f67fc89e1c21a292f3,757,0x65dfd91d5dd5b8b2d28c397261833d96ef787aa20f993361c0ad31730f5618fc,86,0x1f4b10ffb832581ae5a975ed38eeac9f4e960bdf,0xfe8bed8cdcacf279398677d59d95dda9543abdd1,221000000000000000,21000,6400000000,0,1,0x,,3655194,21000,20004261,0x,
5504015,1524670291,0x62948783b716ff6129af2371b685cf9682f9d45dd3df1f1f1a882a447085b2c2,8629,0xce26f39d3d50a4fbbd13304018c82511685259a5ddd388bdbf373c067a012dfb,135,0x30a9ef0904c807c53f189737741e3f9145a6b792,0x1f4b10ffb832581ae5a975ed38eeac9f4e960bdf,231937000000000000,90000,3000000000,0,1,0x,,7886758,21000,20004021,0x,
5504017,1524670334,0x3838d6360075e74932fab2d80e6fe2afe6df51b6f7e0f16f4cc2abca6f6e5a15,758,0xaf5edb1bf7e2c98a8c2ba637423d77c3a7e880fb8811461e7c04aff3ba0a93d3,43,0x1f4b10ffb832581ae5a975ed38eeac9f4e960bdf,0xfe8bed8cdcacf279398677d59d95dda9543abdd1,221000000000000000,21000,15000000000,0,1,0x,,1547398,21000,20004019,0x,
5504057,1524671011,0x15a6e11b1665ab3bc12fff66054fed969599494295ab32f4564c3f4551306ff5,8631,0x7bbb017b0f86d59ff9180295613e12387bd53a823dd2091792afe489c963b888,141,0x30a9ef0904c807c53f189737741e3f9145a6b792,0x1f4b10ffb832581ae5a975ed38eeac9f4e960bdf,222437000000000000,90000,3000000000,0,1,0x,,7898867,21000,20003979,0x,
5504099,1524671777,0x8401504cc367aa9cd1676da88d38b818cd789eba6ae78023dd3c086f403c10ff,759,0x36753d6ab3dc92041df281db43053237fc9adf17ee89bc1ef2d441c4d3baaecf,145,0x1f4b10ffb832581ae5a975ed38eeac9f4e960bdf,0xb1690c08e213a35ed9bab7b318de14420fb57d8c,2000000000000000,125815,2200000000,0,1,0x454a2ab300000000000000000000000000000000000000000000000000000000000ab52d,,7894199,41872,20003937,0x454a2ab3,bid(uint256 _tokenId)
5504101,1524671816,0x1479f6bb1624cf0c7388b4b4ba03ba7c0c6a2d621ddeb8625acc43710f9fcd78,760,0xc9da5aa272499da53118f4318aa46f1c2735466a19689fd293ad00234dc20952,47,0x1f4b10ffb832581ae5a975ed38eeac9f4e960bdf,0x669b690f73955c97aa6e5667c5d11a0314bff0ac,5000000000000000,21000,6500000000,0,1,0x,,2534337,21000,20003935,0x,
5504170,1524672906,0x808b3abca8415254dd221be613360dc19a39a07686b6efbb5ad4c4e563fd1abe,761,0x9a59bc5752c97f7c80d6946ad4393d368569647c571b5807c7bdb8eda25d4003,16,0x1f4b10ffb832581ae5a975ed38eeac9f4e960bdf,0x669b690f73955c97aa6e5667c5d11a0314bff0ac,5000000000000000,21000,10000000000,0,1,0x,,1126080,21000,20003866,0x,
5504204,1524673509,0x8c48492a3cf672181a0ff7901904df6bbd21f5815dbb379bd109d3c3b2fbc71b,762,0xe966b4c04556ed8bab7fd39754eb6e25e72f935ef03d401a707f34d5707598ea,76,0x1f4b10ffb832581ae5a975ed38eeac9f4e960bdf,0x06012c8cf97bead5deae237070f9587f8e7a266d,8000000000000000,119977,3200000000,0,1,0xf7d8c88300000000000000000000000000000000000000000000000000000000000ae18000000000000000000000000000000000000000000000000000000000000ae342,,4147311,79985,20003832,0xf7d8c883,"breedWithAuto(uint256 _matronId, uint256 _sireId)"
5504215,1524673671,0xa1bcd65bc0de1b35689b661c38d776f2822cd88a597d0382740eb9da93eda242,763,0xcdce778025393f1800755914364c7271f8a250618dd1960bdf7ecac93dd7022e,107,0x1f4b10ffb832581ae5a975ed38eeac9f4e960bdf,0x669b690f73955c97aa6e5667c5d11a0314bff0ac,5000000000000000,21000,3000000000,0,1,0x,,7373837,21000,20003821,0x,
5504233,1524673958,0x01542d7830ffdab327ad194c1f56f67f6ec721ef14439f44f3b21a76902f0894,764,0xfcc1c8e8b39f2fa954c8c20eb4c5815d2a0057465d9b5667484cb0250bf8e0dd,99,0x1f4b10ffb832581ae5a975ed38eeac9f4e960bdf,0x06012c8cf97bead5deae237070f9587f8e7a266d,8000000000000000,119977,4000000000,0,1,0xf7d8c88300000000000000000000000000000000000000000000000000000000000ae18000000000000000000000000000000000000000000000000000000000000ae342,,4200656,79985,20003803,0xf7d8c883,"breedWithAuto(uint256 _matronId, uint256 _sireId)"
5504273,1524674568,0x77fa3c947fceb3f6b96aea8a74b1979ef9c9a71115babf8664a516301fcd61dd,765,0xa54dda4c38492b0cf947e39e108f5d14e5e75911a2d94d56708036b25f28a91d,95,0x1f4b10ffb832581ae5a975ed38eeac9f4e960bdf,0x669b690f73955c97aa6e5667c5d11a0314bff0ac,4000000000000000,21000,5000000000,0,1,0x,,3042855,21000,20003763,0x,
5504279,1524674688,0x3619eb1ad9e8bb708be539a661c1466959a55505074b246e46d3815ab03aecf8,766,0x3436e26cef22ca84ded9c8106f02252d0dc211e439f5435b78eb98d45ef2caa3,152,0x1f4b10ffb832581ae5a975ed38eeac9f4e960bdf,0x06012c8cf97bead5deae237070f9587f8e7a266d,8000000000000000,119977,3000000000,0,1,0xf7d8c88300000000000000000000000000000000000000000000000000000000000ae18000000000000000000000000000000000000000000000000000000000000ae342,,7209651,79985,20003757,0xf7d8c883,"breedWithAuto(uint256 _matronId, uint256 _sireId)"
5504280,1524674714,0xecf064448c6dfe4cbd0b4e01fc937f342ce1e9346aecaaa231bc74f826781231,6677,0xed1eb0ac983af73175efcbea1b2415f021df71bcfdf0ff56884f7b2acf32b5fa,44,0x44f14099b8b9c60515e83a0cb1a85e14982bb091,0x1f4b10ffb832581ae5a975ed38eeac9f4e960bdf,29646760000000000,21000,30000000000,0,1,0x,,1576002,21000,20003756,0x,
5504292,1524674847,0xb06100832488e1f9b4c2f56337e6be7f67b70ce0026252be7e572c5f1be01819,767,0x01b39cfcd2694da795b0cd0bd48145d0a3485b6aba959657b64b9fdcf2147834,87,0x1f4b10ffb832581ae5a975ed38eeac9f4e960bdf,0x669b690f73955c97aa6e5667c5d11a0314bff0ac,5000000000000000,21000,4000000000,0,1,0x,,4514282,21000,20003744,0x,
5504341,1524675509,0x8ee7191d2a37e41f52c5027d1d3e987e07bd2482952a1bd72103736b9eb4321d,768,0x2511009f5bc9bf776a42864f2ae9eee6c74c0add668d7b0c0bf5a40756589aef,101,0x1f4b10ffb832581ae5a975ed38eeac9f4e960bdf,0x669b690f73955c97aa6e5667c5d11a0314bff0ac,6000000000000000,21000,4000000000,0,1,0x,,6374039,21000,20003695,0x,
5504355,1524675731,0xd07f5e5630fdf7b836e48a5d57be449d98ebc8175d683add55e2bc6a6e115693,769,0xa92ebd06ec8d734b2e7d924c4fbb997228e9f83ea5f4dd8c65e0cf33c0a7749f,87,0x1f4b10ffb832581ae5a975ed38eeac9f4e960bdf,0x06012c8cf97bead5deae237070f9587f8e7a266d,8000000000000000,119977,4080000000,0,1,0xf7d8c88300000000000000000000000000000000000000000000000000000000000ae18000000000000000000000000000000000000000000000000000000000000ae342,,4937714,79985,20003681,0xf7d8c883,"breedWithAuto(uint256 _matronId, uint256 _sireId)"
5504528,1524678481,0x2580363e038ca061f7a41cd6be5b91c2cbcca5ea2fbee09e0b099ab8cb2d0f5b,770,0x8becb1154a0ef74686a4f84a729d291782c3a5a9e9a1a82f8ab1bb217d23a858,117,0x1f4b10ffb832581ae5a975ed38eeac9f4e960bdf,0xb1690c08e213a35ed9bab7b318de14420fb57d8c,8000000000000000,125815,3000000000,0,1,0x454a2ab300000000000000000000000000000000000000000000000000000000000a1d94,,7109431,41872,20003508,0x454a2ab3,bid(uint256 _tokenId)
5504572,1524679111,0x039939af9639b5e78b3cdf208c485e90b43f4ca84e0aa5030eb02bd7a215e1d3,771,0x6fa5767dad1bb3704086b05273737d70d24508cdb6eecbda1ce88328c0c3df1c,52,0x1f4b10ffb832581ae5a975ed38eeac9f4e960bdf,0xfe8bed8cdcacf279398677d59d95dda9543abdd1,188000000000000000,21000,4200000000,0,1,0x,,1774774,21000,20003464,0x,
5504690,1524680927,0x09e6df5b5a0a98cfa21bdda15da76dc04d5b50c37cea36cc9e221a5805138332,8641,0x6b938edba5813668105f205012295ae4e79b9662f27e25c0ae9e1b001cfbfa42,85,0x30a9ef0904c807c53f189737741e3f9145a6b792,0x1f4b10ffb832581ae5a975ed38eeac9f4e960bdf,192937000000000000,90000,3000000000,0,1,0x,,5518574,21000,20003346,0x,
5504782,1524682267,0x2dcb99649cb3952b1720c131725b01b02335f64cdcab6466bdcf24d144ce897e,772,0xda5a0693a208a54ebf007e12f9cb564e2486d69b6da97c8813552e94a90e4366,34,0x1f4b10ffb832581ae5a975ed38eeac9f4e960bdf,0x669b690f73955c97aa6e5667c5d11a0314bff0ac,4000000000000000,21000,12000000000,0,1,0x,,1201683,21000,20003254,0x,
5504784,1524682330,0x4a96e52fafca650379e8c34d56bd6a4562a7e3ef9debedc563393e6973a106c4,773,0xd5598d3311e95c0d0ac59cc2c7896845c54cc640b3bac4dfbc91397a7ef505dd,130,0x1f4b10ffb832581ae5a975ed38eeac9f4e960bdf,0x669b690f73955c97aa6e5667c5d11a0314bff0ac,5000000000000000,21000,3200000000,0,1,0x,,7434000,21000,20003252,0x,
5505237,1524689269,0x4c943584180a9e289b55e5ed4417aa43c03d2a149fddb473f263816b83f92223,774,0x9cc830d667f850d476af1bcfc4d2e2d2f7984c895b39a883e9917d03420410f0,79,0x1f4b10ffb832581ae5a975ed38eeac9f4e960bdf,0xfe8bed8cdcacf279398677d59d95dda9543abdd1,184000000000000000,101910,3000000000,0,1,0x,,3605854,21000,20002799,0x,
5505241,1524689329,0xba76527353279ef9d3246534dd8737c340247876287adcea36a04e95f74bf854,775,0x0f1ef0cf408680fafea0f0e23d26047739f4a33785c2bc471982d552549eb057,99,0x1f4b10ffb832581ae5a975ed38eeac9f4e960bdf,0x06012c8cf97bead5deae237070f9587f8e7a266d,0,235315,2100000000,0,1,0x3d7d3f5a00000000000000000000000000000000000000000000000000000000000ae3f3000000000000000000000000000000000000000000000000002386f26fc10000000000000000000000000000000000000000000000000000002386f26fc10000000000000000000000000000000000000000000000000000000000000002a300,,5682001,140212,20002795,0x3d7d3f5a,"createSaleAuction(uint256 _kittyId, uint256 _startingPrice, uint256 _endingPrice, uint256 _duration)"
5505384,1524691473,0x11de48b2827b7eee6beba2d477435e79bed13eca97ee756edef4e62c8e377215,8649,0xf760ebade1da948de6ef0479cf804d0f7a186e384ef2dc6b8d3688e3ed4224b5,102,0x30a9ef0904c807c53f189737741e3f9145a6b792,0x1f4b10ffb832581ae5a975ed38eeac9f4e960bdf,201737000000000000,90000,3000000000,0,1,0x,,6694488,21000,20002652,0x,
5505394,1524691637,0x6364d60a3bbd72d4c6ebddf80f40091fc77c8def3ae29bd0573a1f856ebeb478,776,0xd70747d1aff89903ff1ae4b217dc77cee8a4e367fe9de125559a48248cc88d79,127,0x1f4b10ffb832581ae5a975ed38eeac9f4e960bdf,0x06012c8cf97bead5deae237070f9587f8e7a266d,0,235603,2100000000,0,1,0x3d7d3f5a00000000000000000000000000000000000000000000000000000000000ae3d800000000000000000000000000000000000000000000000000354a6ba7a1800000000000000000000000000000000000000000000000000000354a6ba7a180000000000000000000000000000000000000000000000000000000000000069780,,7319841,140404,20002642,0x3d7d3f5a,"createSaleAuction(uint256 _kittyId, uint256 _startingPrice, uint256 _endingPrice, uint256 _duration)"
5505398,1524691696,0xe488c7f2796b9321fa86023910c37742f9ee4fe6425fed57827eb1b289b56f5b,777,0x3b521ef262901d68033817b7c46e4f6d03b187c683ba72bb4c62c8c7f814e43d,12,0x1f4b10ffb832581ae5a975ed38eeac9f4e960bdf,0x06012c8cf97bead5deae237070f9587f8e7a266d,0,235507,2100000000,0,1,0x3d7d3f5a00000000000000000000000000000000000000000000000000000000000ae3cb00000000000000000000000000000000000000000000000000354a6ba7a1800000000000000000000000000000000000000000000000000000354a6ba7a1800000000000000000000000000000000000000000000000000000000000000a8c00,,728700,140340,20002638,0x3d7d3f5a,"createSaleAuction(uint256 _kittyId, uint256 _startingPrice, uint256 _endingPrice, uint256 _duration)"
5505444,1524692262,0x3ed16609d9b880c2753caa9c22d172998a8fad96fbc5fdf88a34adbb587858b1,778,0x50a127e252fc8965455605350e013300513bc0b5eb69dc7bf582fc05c2925bd7,45,0x1f4b10ffb832581ae5a975ed38eeac9f4e960bdf,0x57b116da40f21f91aec57329ecb763d29c1b2355,0,227854,2000000000,0,1,0x5dc22cce0000000000000000000000007b475445dc62bc86f33b04aebac83b815fe88b09,,7524541,151903,20002592,0x5dc22cce,attackPlayer(address target)
5505513,1524693533,0x3d525ab375ce0740c50fed94098005ff8f4ef0c756bb045bcde204f8e2c4b436,779,0x3ec2f0c59b4d59ce7487fbc59656c454b71ca82861827a3b861d40ea453a0e90,132,0x1f4b10ffb832581ae5a975ed38eeac9f4e960bdf,0xb1690c08e213a35ed9bab7b318de14420fb57d8c,131984944645836367,152016,6000000000,0,1,0x454a2ab300000000000000000000000000000000000000000000000000000000000ae2dc,,7276889,56344,20002523,0x454a2ab3,bid(uint256 _tokenId)
5505567,1524694320,0xcfc884bdbb239d1472a54f25455bccb4a42b81f8cebb51dbf57c041d7eb6d283,780,0x8fce76f07cba7f2ffa6b1da2955fe72218d584a2518d98c6b3bc3a8ee33689f2,95,0x1f4b10ffb832581ae5a975ed38eeac9f4e960bdf,0x06012c8cf97bead5deae237070f9587f8e7a266d,13000000000000000,219145,4000000000,0,1,0xed60ade6000000000000000000000000000000000000000000000000000000000006291a00000000000000000000000000000000000000000000000000000000000ae2dc,,4316786,101097,20002469,0xed60ade6,"bidOnSiringAuction(uint256 _sireId, uint256 _matronId)"
5505629,1524695125,0xade89cd72d55da0948eb6c0dec8150e96996fc8cfd957836bae9a0c6a87ca5cf,781,0x463a56f9305437d0ee8736aae261b31fb10221c6ab587a7ad011c20335336ade,46,0x1f4b10ffb832581ae5a975ed38eeac9f4e960bdf,0x06012c8cf97bead5deae237070f9587f8e7a266d,15000000000000000,219220,2000000000,0,1,0xed60ade6000000000000000000000000000000000000000000000000000000000006824300000000000000000000000000000000000000000000000000000000000ae2dc,,2657005,101147,20002407,0xed60ade6,"bidOnSiringAuction(uint256 _sireId, uint256 _matronId)"
5505719,1524696322,0xe932a4eee81092878e1928986df47659e724630d5c8509c7b7b3adfe1dcf56f4,782,0x197f22973985387ad57754b0cece695902e355263f936f5223661af554cae34a,40,0x1f4b10ffb832581ae5a975ed38eeac9f4e960bdf,0x06012c8cf97bead5deae237070f9587f8e7a266d,18000000000000000,227151,2000000000,0,1,0xed60ade6000000000000000000000000000000000000000000000000000000000000098000000000000000000000000000000000000000000000000000000000000ae2dc,,2030219,106434,20002317,0xed60ade6,"bidOnSiringAuction(uint256 _sireId, uint256 _matronId)"
5505721,1524696389,0x0539747e32e75943863d249aeec195650ac4dd3caadcc6c6ada06450e866e678,783,0x3ecf71e7359d6ba75a990df7afb25e31cec7031102cdfce22228912ede0f314a,68,0x1f4b10ffb832581ae5a975ed38eeac9f4e960bdf,0x06012c8cf97bead5deae237070f9587f8e7a266d,0,235603,2000000000,0,1,0x3d7d3f5a00000000000000000000000000000000000000000000000000000000000ae4d80000000000000000000000000000000000000000000000000214e8348c4f00000000000000000000000000000000000000000000000000000214e8348c4f0000000000000000000000000000000000000000000000000000000000000013c680,,3743376,140404,20002315,0x3d7d3f5a,"createSaleAuction(uint256 _kittyId, uint256 _startingPrice, uint256 _endingPrice, uint256 _duration)"
5505732,1524696500,0xc4d8893690883d46eca2dbb71004c5a4a6284b862c6530ea62488595fe25b071,784,0xe02909cae0bbb0f0739993a8fa98d2f2a085195abc01ffbd996d061e201bddcf,83,0x1f4b10ffb832581ae5a975ed38eeac9f4e960bdf,0x06012c8cf97bead5deae237070f9587f8e7a266d,0,235603,2000000000,0,1,0x3d7d3f5a00000000000000000000000000000000000000000000000000000000000ae4cc0000000000000000000000000000000000000000000000000429d069189e000000000000000000000000000000000000000000000000000002c68af0bb1400000000000000000000000000000000000000000000000000000000000000074040,,5447985,140404,20002304,0x3d7d3f5a,"createSaleAuction(uint256 _kittyId, uint256 _startingPrice, uint256 _endingPrice, uint256 _duration)"
5505780,1524697091,0xf1bf065f91df6b55c07e18399500e932c1eff2ea94d5f7788d40583e93d0308c,785,0x02a7a029d53c3b9791d119d7475dd7d7ca80d772b21c6997044bd62aa47f8fd2,28,0x1f4b10ffb832581ae5a975ed38eeac9f4e960bdf,0x06012c8cf97bead5deae237070f9587f8e7a266d,0,235603,2000000000,0,1,0x3d7d3f5a00000000000000000000000000000000000000000000000000000000000ae2dc0000000000000000000000000000000000000000000000000214e8348c4f000000000000000000000000000000000000000000000000000001f161421c8e00000000000000000000000000000000000000000000000000000000000000015180,,5441474,140404,20002256,0x3d7d3f5a,"createSaleAuction(uint256 _kittyId, uint256 _startingPrice, uint256 _endingPrice, uint256 _duration)"
5505785,1524697142,0x6feb86ddca9ddf5f51b49f27b2543ce9312101fb17fe23690d990de2a057175a,786,0x357e48ae22bfb871ac8252ff01eb2696ed2c044cf2b4f2b7339ede4d02037cf8,115,0x1f4b10ffb832581ae5a975ed38eeac9f4e960bdf,0x06012c8cf97bead5deae237070f9587f8e7a266d,0,235411,2000000000,0,1,0x3d7d3f5a00000000000000000000000000000000000000000000000000000000000ae4ec000000000000000000000000000000000000000000000000006a94d74f43000000000000000000000000000000000000000000000000000000470de4df820000000000000000000000000000000000000000000000000000000000000009e340,,7762949,140276,20002251,0x3d7d3f5a,"createSaleAuction(uint256 _kittyId, uint256 _startingPrice, uint256 _endingPrice, uint256 _duration)"
5505812,1524697613,0x23581a81e1f96bdd996726207071ab526db011ece73c6096798f108176864773,787,0x44ae35a4a8eb8b6f42254dd3de36f4d88bed778fbf6537fd3a680856093aede2,39,0x1f4b10ffb832581ae5a975ed38eeac9f4e960bdf,0x669b690f73955c97aa6e5667c5d11a0314bff0ac,4000000000000000,21000,7000000000,0,1,0x,,1240083,21000,20002224,0x,
5505835,1524698055,0x1d821aed3772172ef16c5abf30bc30d1b9cf58187c3101a4d130d432ca11634a,788,0x19a7eec8494b88bc7a431ee28e0e47b749dabf86288449426730049c6220f7f2,30,0x1f4b10ffb832581ae5a975ed38eeac9f4e960bdf,0x669b690f73955c97aa6e5667c5d11a0314bff0ac,17000000000000000,21000,7000000000,0,1,0x,,838763,21000,20002201,0x,
5505858,1524698448,0x355be38e967a91b74c3ac170e00d2c99b9357335a330e5985166c26597e3d03b,6683,0xc398f3d9309ab168c67c096ed5d4eff8b1e6810f9dcf02a594c3ad734637c1df,36,0x44f14099b8b9c60515e83a0cb1a85e14982bb091,0x1f4b10ffb832581ae5a975ed38eeac9f4e960bdf,30817910000000000,21000,30000000000,0,1,0x,,1244442,21000,20002178,0x,
5505866,1524698560,0x4df022297d6da55c661debdcae768126f8f2b84078ed508a3a4b146dc6976a78,789,0xa9f2c192838ddfe4f53b4e14a943ab8479063c41321844f55afb782bbe54ead8,63,0x1f4b10ffb832581ae5a975ed38eeac9f4e960bdf,0x669b690f73955c97aa6e5667c5d11a0314bff0ac,5000000000000000,21000,2000000000,0,1,0x,,4753053,21000,20002170,0x,
5505897,1524699115,0xec3ee2f8234cbd378ad640d769e553d7eafdb7079af502160c7834b7e173bda4,790,0x4f02b6950ad49931d98d84dca4fbdc864917c1d671e119da16d8673bc4d2d5b6,19,0x1f4b10ffb832581ae5a975ed38eeac9f4e960bdf,0xfe8bed8cdcacf279398677d59d95dda9543abdd1,22000000000000000,21000,15000000000,0,1,0x,,821471,21000,20002139,0x,
5505901,1524699175,0x0dbd13a40e4b6e249d00a6a5cdb421628ac4a52ed71d1cea5a4fae95ac6e5d40,791,0xbecab294f76842554a094a20a2b3fcdd67627cac351739b8e70442fedd7db2c7,47,0x1f4b10ffb832581ae5a975ed38eeac9f4e960bdf,0xb1690c08e213a35ed9bab7b318de14420fb57d8c,0,109165,2000000000,0,1,0x96b5a75500000000000000000000000000000000000000000000000000000000000ae4cc,,3944724,36389,20002135,0x96b5a755,cancelAuction(uint256 _tokenId)
5505939,1524699736,0x5692e647dfe2cef2adbf21a5c3867bb776beb239bb3b3c1a6125a02db4b519e5,792,0xaea9c8e0187fa0e60125e852bc5d9ea0d39949102b1bb50b5e6c93c352e3a5ae,83,0x1f4b10ffb832581ae5a975ed38eeac9f4e960bdf,0x06012c8cf97bead5deae237070f9587f8e7a266d,0,235507,1000000000,0,1,0x3d7d3f5a00000000000000000000000000000000000000000000000000000000000ae180000000000000000000000000000000000000000000000000011c37937e080000000000000000000000000000000000000000000000000000011c37937e080000000000000000000000000000000000000000000000000000000000000002a300,,4091963,140340,20002097,0x3d7d3f5a,"createSaleAuction(uint256 _kittyId, uint256 _startingPrice, uint256 _endingPrice, uint256 _duration)"
5505955,1524699969,0xc01ad183f883830b058c446cb9d330db074c1aa103dd840be0a20d97aef937c3,793,0x2171bd2d83f00ab4377dcd3ff5ca356c74f57b391e3451286837809eb601bdc7,73,0x1f4b10ffb832581ae5a975ed38eeac9f4e960bdf,0x06012c8cf97bead5deae237070f9587f8e7a266d,0,235411,1000000000,0,1,0x3d7d3f5a00000000000000000000000000000000000000000000000000000000000ae342000000000000000000000000000000000000000000000000006a94d74f430000000000000000000000000000000000000000000000000000006a94d74f4300000000000000000000000000000000000000000000000000000000000000049d40,,6777272,140276,20002081,0x3d7d3f5a,"createSaleAuction(uint256 _kittyId, uint256 _startingPrice, uint256 _endingPrice, uint256 _duration)"
5505959,1524700044,0x405268d4d1cd2e9be60b6fcce0b3146c4a40f823439a0fd9742b4b65526aab5a,794,0xd4d4c9ee7bf8d134726954cc68900077e64fe1e67c9c48b024eaf4ee8d0dba7c,109,0x1f4b10ffb832581ae5a975ed38eeac9f4e960bdf,0x06012c8cf97bead5deae237070f9587f8e7a266d,0,235603,2000000000,0,1,0x3d7d3f5a00000000000000000000000000000000000000000000000000000000000ae4cc000000000000000000000000000000000000000000000000016345785d8a00000000000000000000000000000000000000000000000000000b1a2bc2ec50000000000000000000000000000000000000000000000000000000000000000891c0,,5923636,140404,20002077,0x3d7d3f5a,"createSaleAuction(uint256 _kittyId, uint256 _startingPrice, uint256 _endingPrice, uint256 _duration)"
5505960,1524700050,0x10e5eb2e459d0d8652d90b7f045415e89f20a832188f8007bcd2f39b1bb7bc26,795,0xceb4418685eee9bb47390fd710fb59c78f58e0387e2e9f4074e9acdac90e3649,70,0x1f4b10ffb832581ae5a975ed38eeac9f4e960bdf,0x06012c8cf97bead5deae237070f9587f8e7a266d,0,235507,3300000000,1,0,0x3d7d3f5a00000000000000000000000000000000000000000000000000000000000ae4cc000000000000000000000000000000000000000000000000016345785d8a0000000000000000000000000000000000000000000000000000011c37937e0800000000000000000000000000000000000000000000000000000000000000054600,,4076210,24187,20002076,0x3d7d3f5a,"createSaleAuction(uint256 _kittyId, uint256 _startingPrice, uint256 _endingPrice, uint256 _duration)"
5506436,1524707212,0x9b8ee34add9f9e236d07554c271ab70fad5f50d79de6b6b474e3a262c23be1e6,8672,0x28394c3610fbcbf089ef5c0c88eb4ee063f6e7e7402d10ffe803337a1e7470f8,140,0x30a9ef0904c807c53f189737741e3f9145a6b792,0x1f4b10ffb832581ae5a975ed38eeac9f4e960bdf,33937000000000000,90000,3000000000,0,1,0x,,7760891,21000,20001600,0x,
5506474,1524707671,0xfb5f1cedc76799632284e218b4e2d232ff5c78cd854b8357bd34494af57f0ebe,796,0xc99d3ee618e6ae68a151bad69c3b373a44d8a167221a69dcf26f0d9757c50aa6,81,0x1f4b10ffb832581ae5a975ed38eeac9f4e960bdf,0x57b116da40f21f91aec57329ecb763d29c1b2355,0,62850,1000000000,1,0,0xa21f74b80000000000000000000000000000000000000000000000000000000002cd29c0,,7852958,62850,20001562,0xa21f74b8,fundGooResearch(uint256 amount)
5506576,1524709417,0x6ff90f185930af0b61bb00804cac87f9532bda63b6cc4e900c3a465f88dafb5c,797,0x0f364bdd7713f413bf971dc577507bcc4cccbb6db16b0f65ae52a98018f8aac0,17,0x1f4b10ffb832581ae5a975ed38eeac9f4e960bdf,0x669b690f73955c97aa6e5667c5d11a0314bff0ac,5000000000000000,21000,15000000000,0,1,0x,,585392,21000,20001460,0x,
5506606,1524709838,0xa7598366692d73b43a14106b370ce817e71ff289863b257659939e39c45a11a9,798,0x92fd3d81de50f8f48bc349dc74330ac57dbf62afe833d6a813c8de86d69dd6c3,178,0x1f4b10ffb832581ae5a975ed38eeac9f4e960bdf,0xb1690c08e213a35ed9bab7b318de14420fb57d8c,1564113698548664,135963,2000000000,0,1,0x454a2ab3000000000000000000000000000000000000000000000000000000000008f93a,,6882114,45508,20001430,0x454a2ab3,bid(uint256 _tokenId)
5506684,1524710770,0xde7318610f5bfebe1c5da5c0dd56bbea5b3b6a68284bd34077dd736ffb1bb712,799,0xcdd75e4c8211a57792d8734aa0eaf802062885944562bd9c1fb1bb9e23bb5aca,145,0x1f4b10ffb832581ae5a975ed38eeac9f4e960bdf,0xb1690c08e213a35ed9bab7b318de14420fb57d8c,7385145069269685,135963,2000000000,0,1,0x454a2ab30000000000000000000000000000000000000000000000000000000000073b04,,7462266,45508,20001352,0x454a2ab3,bid(uint256 _tokenId)
5506696,1524710883,0x91668c348e271b7593eaedf6aa98df1b6ae83556432745fc5cf8a38d2481c7b9,800,0x652f37396583e7c93228091f4bf0df76dcab5c14a187ff360e1a95f94b96e7b4,68,0x1f4b10ffb832581ae5a975ed38eeac9f4e960bdf,0x06012c8cf97bead5deae237070f9587f8e7a266d,0,235507,2000000000,0,1,0x3d7d3f5a00000000000000000000000000000000000000000000000000000000000acc5b000000000000000000000000000000000000000000000000007c585087238000000000000000000000000000000000000000000000000000007c58508723800000000000000000000000000000000000000000000000000000000000001fa400,,7506597,140340,20001340,0x3d7d3f5a,"createSaleAuction(uint256 _kittyId, uint256 _startingPrice, uint256 _endingPrice, uint256 _duration)"
5506923,1524714221,0x5b7c9d2964a598f6c85162235c50b3b3655d0014929eb0a0785d10ede57c4624,801,0xe0eb1028282c80c027973804cb4b685349b2afd2539cb81b7e3128b8b901e2f0,108,0x1f4b10ffb832581ae5a975ed38eeac9f4e960bdf,0xfe8bed8cdcacf279398677d59d95dda9543abdd1,164000000000000000,46110,3000000000,0,1,0x,,5188441,21000,20001113,0x,
5506938,1524714447,0x99aa9f893f183a66c72ecccabe7f416bd08a049dc9dc9962d84c985ea9dd1ffe,802,0xb457dfdd82791f0ee2660dbe91fd0878afc3830363c71f8c484ff2561d78c217,152,0x1f4b10ffb832581ae5a975ed38eeac9f4e960bdf,0x57b116da40f21f91aec57329ecb763d29c1b2355,0,99540,1300000000,0,1,0xa21f74b8000000000000000000000000000000000000000000000000000000001dea62e0,,7205733,66360,20001098,0xa21f74b8,fundGooResearch(uint256 amount)
5507016,1524715530,0x30f5c95b1ac7a489a4de326d4f6a18db7481cdc713d88a7aa2f8ce9605668939,803,0xe47e91a049b4aa0a6cf1af96168854e75600e7b637f17bee7c111c96a222adb8,72,0x1f4b10ffb832581ae5a975ed38eeac9f4e960bdf,0x57b116da40f21f91aec57329ecb763d29c1b2355,0,173479,1000000000,1,0,0xb912950e000000000000000000000000000000000000000000000000000000000007ad55,,7830832,24887,20001020,0xb912950e,buyItemRaffleTicket(uint256 amount)
5507017,1524715545,0x247f6661540da53ee421a26e67af91ee205a829584e9f43acfae020e434234fc,804,0xb2d0ea282b06e093b553e006e8c2a655c2182f969eda9dad12f70179218111f6,65,0x1f4b10ffb832581ae5a975ed38eeac9f4e960bdf,0xb1690c08e213a35ed9bab7b318de14420fb57d8c,0,123000,3420000000,0,1,0x96b5a75500000000000000000000000000000000000000000000000000000000000ae4cc,,4493114,36389,20001019,0x96b5a755,cancelAuction(uint256 _tokenId)
5507021,1524715609,0x2e6c235cf8089f4c8e5e90a4a05ecb9720029b78da0c0e2db19ea2c1fbd30fa1,805,0x8fab882a436b722bff29269a1cadd841f537ce5bf88436001e2aea112a6edfc8,82,0x1f4b10ffb832581ae5a975ed38eeac9f4e960bdf,0xb1690c08e213a35ed9bab7b318de14420fb57d8c,0,109165,2000000000,1,0,0x96b5a75500000000000000000000000000000000000000000000000000000000000ae4cc,,5045476,22422,20001015,0x96b5a755,cancelAuction(uint256 _tokenId)
5509396,1524750791,0x4cae9d15c6d712891d935f614563afbed37e61b3ccbd318b5c3f04161feab375,8758,0x7ee455691595410740d77303995d7f11886b42080191072f5a60646f12213379,147,0x30a9ef0904c807c53f189737741e3f9145a6b792,0x1f4b10ffb832581ae5a975ed38eeac9f4e960bdf,142437000000000000,90000,3000000000,0,1,0x,,7837511,21000,19998640,0x,
5509476,1524751928,0x94ab609ce5e8564a17aceef7ac95b84e1d0eb59ce0b87c8c915c31bebb369f6a,806,0x3a8e89e94c09ff94d1b7adb21158a4dfac49e5a4406f79643bf33c044f951d07,130,0x1f4b10ffb832581ae5a975ed38eeac9f4e960bdf,0xb1690c08e213a35ed9bab7b318de14420fb57d8c,2385140907706162,135963,3000000000,0,1,0x454a2ab300000000000000000000000000000000000000000000000000000000000a8668,,7346065,45508,19998560,0x454a2ab3,bid(uint256 _tokenId)
5509477,1524751937,0x9568849bd2f594e6c049667fdb3bd50876832400d8b4ae6715ddf8bd96effd1f,807,0xc6cada3cadfff6215c515af3fe91da891b1b531e60cbb96fd40bcee649085a0b,177,0x1f4b10ffb832581ae5a975ed38eeac9f4e960bdf,0xb1690c08e213a35ed9bab7b318de14420fb57d8c,2381161478295401,135963,4000000000,1,0,0x454a2ab300000000000000000000000000000000000000000000000000000000000a8668,,6458185,22540,19998559,0x454a2ab3,bid(uint256 _tokenId)
5509519,1524752416,0x780c3a45f0b53aaae924abfee63c16219d638099437936c6df1cacbff6e289d8,808,0xacea725e86cef4595c3e14455c6eafeba4a79394fa6a2099d67d5c01e612f050,77,0x1f4b10ffb832581ae5a975ed38eeac9f4e960bdf,0xb1690c08e213a35ed9bab7b318de14420fb57d8c,2377750271075610,135963,2000000000,0,1,0x454a2ab300000000000000000000000000000000000000000000000000000000000a866c,,6395269,45508,19998517,0x454a2ab3,bid(uint256 _tokenId)
5509535,1524752620,0x70cd9d98224a5e4888701525cfaf0427c21751b86420c827fc17d91c49865044,809,0xb3941b1acffbb05855ff118a184c343c22b42ef7e40e8bc88b90a0678572d6d1,138,0x1f4b10ffb832581ae5a975ed38eeac9f4e960bdf,0xb1690c08e213a35ed9bab7b318de14420fb57d8c,4000000000000000,125815,2000000000,0,1,0x454a2ab30000000000000000000000000000000000000000000000000000000000064cd5,,7872578,41872,19998501,0x454a2ab3,bid(uint256 _tokenId)
5509624,1524753835,0x0930cccb0c55a6eead2b8fc02917f549ce8c88c7f697871242505caf95c2033f,810,0xab8b38062fd9ee7cbe0705901d530c964063370275ff3a542dee83fe83d75c87,36,0x1f4b10ffb832581ae5a975ed38eeac9f4e960bdf,0xb1690c08e213a35ed9bab7b318de14420fb57d8c,132368267904324911,200000,5800000000,0,1,0x454a2ab300000000000000000000000000000000000000000000000000000000000ae5d9,,1279775,56344,19998412,0x454a2ab3,bid(uint256 _tokenId)
5509721,1524755260,0xba8961db0bab4116e95343486b6ef6a86395c66d17b04a73c7f938f23ded9e42,811,0x533788b846d7064c5152a999176bb5d8ffcf578145a8f87609c558021c3a3bdb,113,0x1f4b10ffb832581ae5a975ed38eeac9f4e960bdf,0xfe8bed8cdcacf279398677d59d95dda9543abdd1,1000000000000000,21000,2000000000,0,1,0x,,7285768,21000,19998315,0x,
5509943,1524758676,0x81f1b43a3f4126571eb2e03497ab2ce215b239219df5554b1f6ada95c2008f4e,812,0x7db9c54271aebf3924338b8a623c1fe8fa10b2628ebf28ff0d588969ad1f99e7,80,0x1f4b10ffb832581ae5a975ed38eeac9f4e960bdf,0x06012c8cf97bead5deae237070f9587f8e7a266d,0,235411,3000000000,0,1,0x3d7d3f5a00000000000000000000000000000000000000000000000000000000000ae4cc000000000000000000000000000000000000000000000000016345785d8a000000000000000000000000000000000000000000000000000000f8b0a10e47000000000000000000000000000000000000000000000000000000000000000fd200,,5786451,140276,19998093,0x3d7d3f5a,"createSaleAuction(uint256 _kittyId, uint256 _startingPrice, uint256 _endingPrice, uint256 _duration)"
5510125,1524761421,0xdb3a111ae50bad79c2c7694ad3e77c6b0a9cd3c3fb51f2d79e45d0a9343c593a,813,0xe45589c762b796cd00a9216b84594f34425d952a0c242f0c3e9e3faeebc5f50a,71,0x1f4b10ffb832581ae5a975ed38eeac9f4e960bdf,0xb1690c08e213a35ed9bab7b318de14420fb57d8c,0,109165,2000200000,0,1,0x96b5a75500000000000000000000000000000000000000000000000000000000000ae4d8,,3095824,36389,19997911,0x96b5a755,cancelAuction(uint256 _tokenId)
5510149,1524761795,0x113e249125627e04506297a72f4619c8e71df4bf0ffdae4c8d8d995ac94de699,814,0xc49cc7db3ef4b326f6abd258d101e8e9a2524f72d8858fe0c2763b79c7f59997,159,0x1f4b10ffb832581ae5a975ed38eeac9f4e960bdf,0x06012c8cf97bead5deae237070f9587f8e7a266d,16000000000000000,285555,2200000000,0,1,0xed60ade600000000000000000000000000000000000000000000000000000000000a446900000000000000000000000000000000000000000000000000000000000ae5d9,,6297691,106448,19997887,0xed60ade6,"bidOnSiringAuction(uint256 _sireId, uint256 _matronId)"
5510183,1524762236,0x5f1e68907f69dfd3c90ca3d006c92c0367eaf1f8ea7196ec656e8318dfdbbf8f,815,0x7e037271d14cb6262b43f616b63a437cd38f9987ab00a5a4b5b7bbe2aa935da2,152,0x1f4b10ffb832581ae5a975ed38eeac9f4e960bdf,0x06012c8cf97bead5deae237070f9587f8e7a266d,0,235315,2000200000,0,1,0x3d7d3f5a00000000000000000000000000000000000000000000000000000000000ae74b000000000000000000000000000000000000000000000000008e1bc9bf040000000000000000000000000000000000000000000000000000006a94d74f4300000000000000000000000000000000000000000000000000000000000000054600,,7145949,140212,19997853,0x3d7d3f5a,"createSaleAuction(uint256 _kittyId, uint256 _startingPrice, uint256 _endingPrice, uint256 _duration)"
5510204,1524762529,0x8aa6b631aee15372e413b6bd9687b0764d82f603cf20a1941db0bfca0a2a9f3c,816,0x8b51d7f267a49809a8325492e37145b1a975664a69077c940ee1eb038a7f16a8,70,0x1f4b10ffb832581ae5a975ed38eeac9f4e960bdf,0x06012c8cf97bead5deae237070f9587f8e7a266d,8000000000000000,115999,2000000000,0,1,0xf7d8c88300000000000000000000000000000000000000000000000000000000000ae4d800000000000000000000000000000000000000000000000000000000000ae5d9,,5688792,77333,19997832,0xf7d8c883,"breedWithAuto(uint256 _matronId, uint256 _sireId)"
5510239,1524763091,0x878246e97bdc1a9278dc24b950f2f29e2bcdb7873fe187f71af740eb54663c00,817,0x17a7c0b398e0cf3cc902c33a6485177c7e5dbaa6d613e357e98acf045e64d317,126,0x1f4b10ffb832581ae5a975ed38eeac9f4e960bdf,0x06012c8cf97bead5deae237070f9587f8e7a266d,0,235603,2200000000,0,1,0x3d7d3f5a00000000000000000000000000000000000000000000000000000000000ae4d800000000000000000000000000000000000000000000000001cdda4faccd0000000000000000000000000000000000000000000000000000013fbe85edc900000000000000000000000000000000000000000000000000000000000000015180,,5719898,140404,19997797,0x3d7d3f5a,"createSaleAuction(uint256 _kittyId, uint256 _startingPrice, uint256 _endingPrice, uint256 _duration)"
5510263,1524763381,0x3f89771c3dea8cbdf01493e74f32e2f2abea5b1a2378eea98edf87300b9b00ec,818,0x471e517698b24f8311fde6f46f0497396f6eb0d398234f00ab9e6869fd6e6dbb,41,0x1f4b10ffb832581ae5a975ed38eeac9f4e960bdf,0x06012c8cf97bead5deae237070f9587f8e7a266d,0,235603,2210000000,0,1,0x3d7d3f5a00000000000000000000000000000000000000000000000000000000000ae5d900000000000000000000000000000000000000000000000002c68af0bb14000000000000000000000000000000000000000000000000000002386f26fc1000000000000000000000000000000000000000000000000000000000000000015180,,4319401,140404,19997773,0x3d7d3f5a,"createSaleAuction(uint256 _kittyId, uint256 _startingPrice, uint256 _endingPrice, uint256 _duration)"
5510264,1524763391,0x495d7cae7d5f4ad7555a4f079ef2e449800c9b6c721e353934789f9cb507e0a5,819,0x8f4a34388faad94f15d998862b45441ccbcbe77bdbf218cc63ad91df6b46c608,65,0x1f4b10ffb832581ae5a975ed38eeac9f4e960bdf,0x06012c8cf97bead5deae237070f9587f8e7a266d,0,235603,3200000000,0,1,0x3d7d3f5a00000000000000000000000000000000000000000000000000000000000ae757000000000000000000000000000000000000000000000000007c585087238000000000000000000000000000000000000000000000000000007c585087238000000000000000000000000000000000000000000000000000000000000013c680,,2870270,140404,19997772,0x3d7d3f5a,"createSaleAuction(uint256 _kittyId, uint256 _startingPrice, uint256 _endingPrice, uint256 _duration)"
5510264,1524763391,0x836769b9c12accd3f7203797298454c090d7a24a077228e5e86f537e64dd0600,8794,0x8f4a34388faad94f15d998862b45441ccbcbe77bdbf218cc63ad91df6b46c608,67,0x30a9ef0904c807c53f189737741e3f9145a6b792,0x1f4b10ffb832581ae5a975ed38eeac9f4e960bdf,3937000000000000,90000,3000000000,0,1,0x,,5046284,21000,19997772,0x,
5510280,1524763717,0x6da2e9c8e01863c28985f83b4db386bfb33efb437e78b5e90a3a4d4c41d08e02,820,0x6515ace16e13754b4ebcc8329423ad7a2338dc149d2407959a4c6337e2527e99,106,0x1f4b10ffb832581ae5a975ed38eeac9f4e960bdf,0x669b690f73955c97aa6e5667c5d11a0314bff0ac,5500000000000000,21000,8500000000,0,1,0x,,4122864,21000,19997756,0x,
5510370,1524765088,0x81cefd6e7d224458b71af25ffa76320202ae7c874d37fa9348db45774b683daf,6700,0xe919a7311bccd38ef073a63c451aa4baf7504ff567f75a62f5711651df3bd4b5,12,0x44f14099b8b9c60515e83a0cb1a85e14982bb091,0x1f4b10ffb832581ae5a975ed38eeac9f4e960bdf,28705090000000000,21000,30000000000,0,1,0x,,469473,21000,19997666,0x,
5510390,1524765338,0xbf083be355f168bea90f21eaa908cad8a49a1d38ac2984e12895e392e525ce59,821,0x6005bc2ec14294b3903051875cd829b675949e341d8e9d8d475e4ede2f99f7cd,104,0x1f4b10ffb832581ae5a975ed38eeac9f4e960bdf,0x669b690f73955c97aa6e5667c5d11a0314bff0ac,5000000000000000,21000,5000000000,0,1,0x,,4128056,21000,19997646,0x,
5510477,1524766749,0x397d10970ad798d125cc9ce41e7d28e5e5ccc025a4c72b1e00734fef1ab0dc4e,6703,0x697a2fe9e36c9c9d7f5e21b84725239882e445eed116159b49ff684baafa511c,48,0x44f14099b8b9c60515e83a0cb1a85e14982bb091,0x1f4b10ffb832581ae5a975ed38eeac9f4e960bdf,30629710000000000,21000,30000000000,0,1,0x,,1565505,21000,19997559,0x,
5510485,1524766846,0xee1ca619e351a56b6bdcb52ec9241f0454de6bae11ce597cdf034add370661c1,822,0xf3da341f2a44aaa7312917837780f6615cced8f19c3c1dbb933e050dbee4303c,220,0x1f4b10ffb832581ae5a975ed38eeac9f4e960bdf,0x669b690f73955c97aa6e5667c5d11a0314bff0ac,5000000000000000,21000,2000000000,0,1,0x,,7743237,21000,19997551,0x,
5510527,1524767490,0x6739e0fa143c84526c8e1cd082d4280e4a1b7c2cc851092f32fd76a1b57cd0be,823,0x70fb16f5ec9cdba04932b3ae7ac708234f4d19d7eca2c26182e0cee6354b9337,84,0x1f4b10ffb832581ae5a975ed38eeac9f4e960bdf,0xb1690c08e213a35ed9bab7b318de14420fb57d8c,0,109165,2000200000,0,1,0x96b5a75500000000000000000000000000000000000000000000000000000000000ae5d9,,2561430,36389,19997509,0x96b5a755,cancelAuction(uint256 _tokenId)
5510668,1524769481,0x0400faf51a9c0b4f865be876a332c8c0024e8fc44369dbcbfd5c923d8ab93124,824,0x43da82fb07a66062af52564f956cbf30f5527fb3b7c1dedbb7dc74f962b1486a,83,0x1f4b10ffb832581ae5a975ed38eeac9f4e960bdf,0xb1690c08e213a35ed9bab7b318de14420fb57d8c,1607345308568356,135963,2200220000,1,0,0x454a2ab300000000000000000000000000000000000000000000000000000000000853d5,,4708262,22540,19997368,0x454a2ab3,bid(uint256 _tokenId)
5510695,1524769934,0xc16de1d35fea658b9d587b5137c63e8c5ae14a7e542673d0f793287580370cac,825,0x7cbee2abdc4883ee485f7184f9675e6bcd70f5794977f3c30834795d6e3cb878,148,0x1f4b10ffb832581ae5a975ed38eeac9f4e960bdf,0xb1690c08e213a35ed9bab7b318de14420fb57d8c,3000000000000000,125815,2000200000,0,1,0x454a2ab300000000000000000000000000000000000000000000000000000000000629ca,,6020405,41872,19997341,0x454a2ab3,bid(uint256 _tokenId)
5510724,1524770405,0xb3b8f24bd86ee3a53d75c5564f6c34e43e9868792bfee02e68997cd2537aeaa4,826,0xc87c06b1228a2ff3068b0e1a53efdb0e76cbc29627c62248430be299b399294b,122,0x1f4b10ffb832581ae5a975ed38eeac9f4e960bdf,0xb1690c08e213a35ed9bab7b318de14420fb57d8c,1359384332619071,135867,2000200000,0,1,0x454a2ab30000000000000000000000000000000000000000000000000000000000003d8a,,5710781,45444,19997312,0x454a2ab3,bid(uint256 _tokenId)
5510744,1524770644,0x1c48f03e0f6b33be8552ba07645ed58036a314f9cbf0473a672bddfc089e7d61,827,0x12a666cae60a907d775e9a6b454efba75d9b9ff5bd9f419e4ed4e90536960b29,46,0x1f4b10ffb832581ae5a975ed38eeac9f4e960bdf,0xb1690c08e213a35ed9bab7b318de14420fb57d8c,2000000000000000,125815,1500000000,0,1,0x454a2ab300000000000000000000000000000000000000000000000000000000000ae5cf,,5773644,41872,19997292,0x454a2ab3,bid(uint256 _tokenId)
5510752,1524770714,0x6968a18f2c09b424643060822636200c895566a80383600f67496a9677bc0224,828,0x1a45a22b86a5b8f673a6307bcec02893e0a000d0d139e9c72edb9cad49cf59cd,87,0x1f4b10ffb832581ae5a975ed38eeac9f4e960bdf,0xb1690c08e213a35ed9bab7b318de14420fb57d8c,0,109165,2000000000,0,1,0x96b5a75500000000000000000000000000000000000000000000000000000000000ae757,,7674406,36389,19997284,0x96b5a755,cancelAuction(uint256 _tokenId)
5510779,1524771192,0xd5d8a96d2102babb0abf56819c8d3639a32a018932ecac9b47046211ffcf0b86,829,0xbc1c28f152c5a665912d7f3a0718c7dc273f66b3b6c98cb62892f0c2df3846dc,92,0x1f4b10ffb832581ae5a975ed38eeac9f4e960bdf,0xb1690c08e213a35ed9bab7b318de14420fb57d8c,5000000000000000,125815,3200000000,0,1,0x454a2ab300000000000000000000000000000000000000000000000000000000000a979d,,4528901,41872,19997257,0x454a2ab3,bid(uint256 _tokenId)
5510794,1524771374,0x6c62c6e42da383bb3e66bcea9d5e36fe4bc0eef752394b86dcb55dc13a8c08d4,830,0xbc3a0146efc3cdcf91ac4cef342a2b1394570b39a97524b879cdacb7090f614c,47,0x1f4b10ffb832581ae5a975ed38eeac9f4e960bdf,0x06012c8cf97bead5deae237070f9587f8e7a266d,16000000000000000,227247,3000000000,0,1,0xed60ade6000000000000000000000000000000000000000000000000000000000007b84000000000000000000000000000000000000000000000000000000000000ae5d9,,4197313,106498,19997242,0xed60ade6,"bidOnSiringAuction(uint256 _sireId, uint256 _matronId)"
5510795,1524771379,0xdb3b3dae67b40ad0bfb725e78e31fe9a85b525a036a3b0a0924c87e3c75d0c0c,831,0x722959d7588aee95afc17a076991f39ff4f91e304d1b8e6c6cfee9fb7603e743,18,0x1f4b10ffb832581ae5a975ed38eeac9f4e960bdf,0x06012c8cf97bead5deae237070f9587f8e7a266d,8000000000000000,119977,5000000000,0,1,0xf7d8c88300000000000000000000000000000000000000000000000000000000000ae75700000000000000000000000000000000000000000000000000000000000a979d,,941253,79985,19997241,0xf7d8c883,"breedWithAuto(uint256 _matronId, uint256 _sireId)"
5510797,1524771450,0x2875f216216f48bd7aa0af1f1f306e78bd018aa2b2f9a6f3badada9c777e95a1,832,0xfc458bb6e393afe4853007a581abf1c95e952b803679d7781883c5d8ce424188,104,0x1f4b10ffb832581ae5a975ed38eeac9f4e960bdf,0xb1690c08e213a35ed9bab7b318de14420fb57d8c,1288539645156488,135963,3000000000,0,1,0x454a2ab3000000000000000000000000000000000000000000000000000000000004747a,,4882130,45508,19997239,0x454a2ab3,bid(uint256 _tokenId)
5510811,1524771702,0xf1329931dd94390da9e34addcf011a1daa2fe8d60d15bbaba098f45fbc5a2499,833,0x9c396b79fcb42887e815126ddcd838579ffdb830048a34fe45681e6fed980fb7,99,0x1f4b10ffb832581ae5a975ed38eeac9f4e960bdf,0xb1690c08e213a35ed9bab7b318de14420fb57d8c,10000000000000000,125815,2000000000,0,1,0x454a2ab300000000000000000000000000000000000000000000000000000000000a8823,,7255559,41872,19997225,0x454a2ab3,bid(uint256 _tokenId)
5510859,1524772535,0x57141c44af66394e54a707f9e1e66cda9ccb0f073d947f8ab4892a9b778559e4,834,0x8179aaa3fd3c77b39f9a2ff671b6618ccd39d5741a9f04e29f82894aa3f1b11a,114,0x1f4b10ffb832581ae5a975ed38eeac9f4e960bdf,0x06012c8cf97bead5deae237070f9587f8e7a266d,0,235603,2000000000,0,1,0x3d7d3f5a00000000000000000000000000000000000000000000000000000000000ae7b6000000000000000000000000000000000000000000000000007c585087238000000000000000000000000000000000000000000000000000007c585087238000000000000000000000000000000000000000000000000000000000000013c680,,7430332,140404,19997177,0x3d7d3f5a,"createSaleAuction(uint256 _kittyId, uint256 _startingPrice, uint256 _endingPrice, uint256 _duration)"
5510861,1524772545,0x3dba79593c5ad31a0778b366229d3f475250c30d5f2498ea30ce78d9cc0e952c,835,0xe9e6eb0e28946b9139efc2498d6f2144bfd15522e12ec9fc019aa2b427881b0d,43,0x1f4b10ffb832581ae5a975ed38eeac9f4e960bdf,0x06012c8cf97bead5deae237070f9587f8e7a266d,0,235603,2100100000,0,1,0x3d7d3f5a00000000000000000000000000000000000000000000000000000000000ae7b9000000000000000000000000000000000000000000000000011c37937e080000000000000000000000000000000000000000000000000000011c37937e0800000000000000000000000000000000000000000000000000000000000000069780,,2555518,140404,19997175,0x3d7d3f5a,"createSaleAuction(uint256 _kittyId, uint256 _startingPrice, uint256 _endingPrice, uint256 _duration)"
5510876,1524772747,0xf44d89272c3b76efffb88d59f2a2785d154f667b3fd5ba1621b69dd9948d4f17,836,0x4757465038fc32b5d5f5379d8d4687779aa05f8cfac97439d9828cc84f386c6a,96,0x1f4b10ffb832581ae5a975ed38eeac9f4e960bdf,0x06012c8cf97bead5deae237070f9587f8e7a266d,0,235507,2000000000,0,1,0x3d7d3f5a00000000000000000000000000000000000000000000000000000000000ae5d90000000000000000000000000000000000000000000000000214e8348c4f000000000000000000000000000000000000000000000000000001f161421c8e0000000000000000000000000000000000000000000000000000000000000002a300,,7262790,140340,19997160,0x3d7d3f5a,"createSaleAuction(uint256 _kittyId, uint256 _startingPrice, uint256 _endingPrice, uint256 _duration)"
5510917,1524773365,0xc78e02042914d9c2ac3d7f5812a31fab847a894bdeb4fbdbf9b7e4044b08ade8,837,0x31664e7ae360f3f475aa09cb01210d329c35e15c05d9907ceb74c3596c434f1b,154,0x1f4b10ffb832581ae5a975ed38eeac9f4e960bdf,0x06012c8cf97bead5deae237070f9587f8e7a266d,0,235603,1600000000,0,1,0x3d7d3f5a000000000000000000000000000000000000000000000000000000000009f774000000000000000000000000000000000000000000000000007c585087238000000000000000000000000000000000000000000000000000007c585087238000000000000000000000000000000000000000000000000000000000000013c680,,7114124,140404,19997119,0x3d7d3f5a,"createSaleAuction(uint256 _kittyId, uint256 _startingPrice, uint256 _endingPrice, uint256 _duration)"
5511615,1524783602,0xdfcfdf3b521e899c0f22a549ba1da1b38e9d6acea3cf4faddf11637ab104bc6a,838,0x469cdfed3a1ce4320b2fcf214012eed00d69960e8d4402f2c58ed9acac9706f8,40,0x1f4b10ffb832581ae5a975ed38eeac9f4e960bdf,0x57b116da40f21f91aec57329ecb763d29c1b2355,0,70000,1532400000,1,0,0x8d4777c8000000000000000000000000673bc7c492faac5f88547da13a3ae4a9c8152c810000000000000000000000000000000000000000000000000000000000000000000000000000000000000000000000000000000000000000000000000000000c,,2432191,70000,19996421,0x8d4777c8,"claimGooDepositDividends(address referer, uint256 startSnapshot, uint256 endSnapShot)"
5514393,1524826309,0xec711c29087a3e084f0eb48395897b907d9fe28e5e0dfa050bd0df068621fa1d,839,0x376e843cb12446e408df3ec10762783651cd18c76c546e5f76e6e035161bf510,87,0x1f4b10ffb832581ae5a975ed38eeac9f4e960bdf,0xfe8bed8cdcacf279398677d59d95dda9543abdd1,141000000000000000,29370,4000000000,0,1,0x,,4631381,21000,19993643,0x,
5514417,1524826675,0xf83f471b3d307fd052f0ddf1539cea5ea331b772fa64f832e4876d0f74eabc89,840,0x929075dd779d2020cb724f6ae9e420b7b1d41da886dacdd94d548fce144727a4,98,0x1f4b10ffb832581ae5a975ed38eeac9f4e960bdf,0x57b116da40f21f91aec57329ecb763d29c1b2355,0,79590,4000000000,1,0,0x8d4777c8000000000000000000000000868f60cdd76a61fa7cfc268f1419610be05787fb0000000000000000000000000000000000000000000000000000000000000000000000000000000000000000000000000000000000000000000000000000000c,,4729059,79590,19993619,0x8d4777c8,"claimGooDepositDividends(address referer, uint256 startSnapshot, uint256 endSnapShot)"
5514447,1524827056,0x59000247754444ce40c436913ce8f58a2513a40b0b642758763171a0413c8624,8940,0xfcf2f2f077b21292aeba4ea3eaa043b5d172bb9eb73ac1937a2b7dee406e3493,121,0x30a9ef0904c807c53f189737741e3f9145a6b792,0x1f4b10ffb832581ae5a975ed38eeac9f4e960bdf,167737000000000000,90000,3000000000,0,1,0x,,4934901,21000,19993589,0x,
5514518,1524828177,0xfee2bc4122ba89b262df8dbfe53ca578a9d68e58aab4546ac77dc2218bb5989e,841,0x3cbfc2c2b4e7ba58938e802a1c84df1df2c51b5423aade7789523ecebeb552f9,196,0x1f4b10ffb832581ae5a975ed38eeac9f4e960bdf,0x669b690f73955c97aa6e5667c5d11a0314bff0ac,4000000000000000,21000,2000200000,0,1,0x,,7945096,21000,19993518,0x,
5514591,1524829213,0x2d69c6151d58cc44939294b04ed5a39c48a699c691b17086a817432b8a5cd278,842,0x1323055c15fbad98c5853ff7374ba71e2a9a3e43a25a2d5ba6b85463221e4ac2,184,0x1f4b10ffb832581ae5a975ed38eeac9f4e960bdf,0xb1690c08e213a35ed9bab7b318de14420fb57d8c,0,109165,2000000000,0,1,0x96b5a75500000000000000000000000000000000000000000000000000000000000ae7b6,,7805911,36389,19993445,0x96b5a755,cancelAuction(uint256 _tokenId)
5514593,1524829227,0x08885f563588736c2bbc736689c693e5f74fb3773248ed77188d7991c6acd7eb,843,0xe796ba7c829485b136ac99150fbf5d848a03a611addd7b0c36f9b7b57456159c,67,0x1f4b10ffb832581ae5a975ed38eeac9f4e960bdf,0xb1690c08e213a35ed9bab7b318de14420fb57d8c,5000000000000000,125815,2000000000,0,1,0x454a2ab300000000000000000000000000000000000000000000000000000000000adba6,,3052996,41872,19993443,0x454a2ab3,bid(uint256 _tokenId)
5514613,1524829500,0x0fac8a2cb4d03624add5d5bada4f61355f689fcfefaf28612d677d3448ebde60,844,0x96eab1c51229573cea680acdd6dc80f37f091a698902da1734f8c35383714488,133,0x1f4b10ffb832581ae5a975ed38eeac9f4e960bdf,0x06012c8cf97bead5deae237070f9587f8e7a266d,8000000000000000,119977,2000000000,0,1,0xf7d8c88300000000000000000000000000000000000000000000000000000000000ae7b600000000000000000000000000000000000000000000000000000000000adba6,,7581762,79985,19993423,0xf7d8c883,"breedWithAuto(uint256 _matronId, uint256 _sireId)"
5514646,1524829920,0x5f77fec16c767775bf923f565efa921ad9f0b362b1f2013985a40adf4f645287,845,0xc7421a55bab9546e8cdfd5cb376c2d274ba2192d73580fbccad08e4ca6cbba54,66,0x1f4b10ffb832581ae5a975ed38eeac9f4e960bdf,0x06012c8cf97bead5deae237070f9587f8e7a266d,11172741850666225,231150,2000000000,0,1,0xed60ade6000000000000000000000000000000000000000000000000000000000008589900000000000000000000000000000000000000000000000000000000000ae757,,6617084,109100,19993390,0xed60ade6,"bidOnSiringAuction(uint256 _sireId, uint256 _matronId)"
5514665,1524830185,0x483fee05878be78e017ad6937d6154fe33c6ab7350e73d1f7e5574bebc8c8391,846,0xb6116202b26e98c7847be5248db49a4fc85d780049245f3dc4ce83b3df560dea,9,0x1f4b10ffb832581ae5a975ed38eeac9f4e960bdf,0xb1690c08e213a35ed9bab7b318de14420fb57d8c,5000000000000000,125815,1682226302,0,1,0x454a2ab300000000000000000000000000000000000000000000000000000000000aaadc,,455819,41872,19993371,0x454a2ab3,bid(uint256 _tokenId)
5514703,1524830743,0x7e7c9ea87de162f4dc3214ae6e8f9e81f95fb5833a376a5c45b50a63ba699f26,847,0xfdc2f539683dad6d7f4986d47951df86016433eb8cd40efc667d3b7c1d6d8b89,88,0x1f4b10ffb832581ae5a975ed38eeac9f4e960bdf,0xb1690c08e213a35ed9bab7b318de14420fb57d8c,14846517243939300,135963,4520000000,0,1,0x454a2ab300000000000000000000000000000000000000000000000000000000000ae7c2,,6744041,45508,19993333,0x454a2ab3,bid(uint256 _tokenId)
5514706,1524830767,0x61815d32c057fcf4fc7f0bc2527ba9af383e2738613eb9f2352add9cc151c174,848,0x1c6650b1effcec745503e0a53ed3df61c16c338e2d8e3a562b86ebb7d2746ec0,175,0x1f4b10ffb832581ae5a975ed38eeac9f4e960bdf,0xb1690c08e213a35ed9bab7b318de14420fb57d8c,14845514998748532,135963,7155000000,1,0,0x454a2ab300000000000000000000000000000000000000000000000000000000000ae7c2,,4039000,22540,19993330,0x454a2ab3,bid(uint256 _tokenId)
5514722,1524830940,0xebd80d45d81dff3bd9043b5f35410c58a46ea9adb23937c3889b09675e7adb46,849,0xdca0aead4a10b15fa920c062d352c01dbccfa41040b04080edd7e05d3ee414bd,43,0x1f4b10ffb832581ae5a975ed38eeac9f4e960bdf,0xb1690c08e213a35ed9bab7b318de14420fb57d8c,0,109165,4125000000,0,1,0x96b5a75500000000000000000000000000000000000000000000000000000000000ae4d8,,1921917,36389,19993314,0x96b5a755,cancelAuction(uint256 _tokenId)
5514759,1524831610,0x7cbc5249e39275963f2423f8e1a02f1f98bf3d53a3a4ebd1e9bf7f121cd0d422,850,0x085c7159baec39d8bb92412b432315c95cfdd13e030be99e1a9e04fec8221574,142,0x1f4b10ffb832581ae5a975ed38eeac9f4e960bdf,0x06012c8cf97bead5deae237070f9587f8e7a266d,8000000000000000,119902,3630000000,0,1,0xf7d8c88300000000000000000000000000000000000000000000000000000000000ae7c200000000000000000000000000000000000000000000000000000000000ae4d8,,6123742,79935,19993277,0xf7d8c883,"breedWithAuto(uint256 _matronId, uint256 _sireId)"
5514776,1524831807,0x773ca3dee052f23184a33eecc7f8c3a09919a5eb50341f418fe71b3e9f8d4f06,851,0x8d20d5649dd62013736b218722d3ce4d8284079397d077ce6da13c55caa1f962,74,0x1f4b10ffb832581ae5a975ed38eeac9f4e960bdf,0x06012c8cf97bead5deae237070f9587f8e7a266d,8000000000000000,119977,4000000000,0,1,0xf7d8c88300000000000000000000000000000000000000000000000000000000000ae7c200000000000000000000000000000000000000000000000000000000000ae757,,3480957,79985,19993260,0xf7d8c883,"breedWithAuto(uint256 _matronId, uint256 _sireId)"
5514842,1524832657,0x8a21479866ab91a8d3ce204bdd6dcfbaa8797dc05e3c5a6261cdfb65e875baba,852,0x75c72ab9522ac5ae99bae1dabad5a2f9ae2dfb398c3b26e59902e2ef7c913584,102,0x1f4b10ffb832581ae5a975ed38eeac9f4e960bdf,0x06012c8cf97bead5deae237070f9587f8e7a266d,8000000000000000,119977,3000000000,0,1,0xf7d8c88300000000000000000000000000000000000000000000000000000000000aaadc00000000000000000000000000000000000000000000000000000000000aec14,,4635420,79985,19993194,0xf7d8c883,"breedWithAuto(uint256 _matronId, uint256 _sireId)"
5514862,1524833072,0x6b91f930a99d6eb374f1109ca138bf7676a34f8b99ade548fcd1f39befa4e8b3,11,0xdaf7eb35413db0dc401ad2f642c3b8bb74eee3b7dcb7dddc81fbb4ba7dca8f36,198,0xd477104699fb687a81bb2dd607b0bb0d1c729cd3,0x1f4b10ffb832581ae5a975ed38eeac9f4e960bdf,20000000000000000,21000,4000000000,0,1,0x,,7438130,21000,19993174,0x,
5514888,1524833441,0x43d6141467cd87a0daed3549717fa9378a9bd716b40499dc47db6b3a463dbd19,853,0x66c907a61a867e296a4cad255b29454643f82aff92179d5b6b5958b26ba18308,197,0x1f4b10ffb832581ae5a975ed38eeac9f4e960bdf,0x06012c8cf97bead5deae237070f9587f8e7a266d,8000000000000000,119977,3000000000,0,1,0xf7d8c88300000000000000000000000000000000000000000000000000000000000ae4d800000000000000000000000000000000000000000000000000000000000ae7c2,,7744584,79985,19993148,0xf7d8c883,"breedWithAuto(uint256 _matronId, uint256 _sireId)"
5514953,1524834635,0x71f9642d9597dfa6d7ce81813d5cdc705422e6ed03aec5996deec9b6c281e345,854,0x51008a1ecc31de22326dbeb90c5554e401f2f68a348ca0090e3c64ab3fd7102a,205,0x1f4b10ffb832581ae5a975ed38eeac9f4e960bdf,0x06012c8cf97bead5deae237070f9587f8e7a266d,8000000000000000,119977,6400000000,0,1,0xf7d8c88300000000000000000000000000000000000000000000000000000000000aec2600000000000000000000000000000000000000000000000000000000000ae7b6,,6903370,79985,19993083,0xf7d8c883,"breedWithAuto(uint256 _matronId, uint256 _sireId)"
5514983,1524835010,0x307aa5ddab0c3168bdd5e28daf9c4ca75db82acca43c3c6ce3660fe650811f0e,855,0x7bb608d513d9a5617d7e62de7794eaef5813f1f5d541b3130a2b5d5028bfdd9e,120,0x1f4b10ffb832581ae5a975ed38eeac9f4e960bdf,0x06012c8cf97bead5deae237070f9587f8e7a266d,0,235411,3000000000,0,1,0x3d7d3f5a00000000000000000000000000000000000000000000000000000000000aec26000000000000000000000000000000000000000000000000011c37937e08000000000000000000000000000000000000000000000000000000b1a2bc2ec50000000000000000000000000000000000000000000000000000000000000000a8c0,,7092393,140276,19993053,0x3d7d3f5a,"createSaleAuction(uint256 _kittyId, uint256 _startingPrice, uint256 _endingPrice, uint256 _duration)"
5514992,1524835117,0xa992d0241205f8cb4622bdc9fac76cccc38c5fcda8caffabc75e6544bced46e9,856,0xdc780603f3b623b34c638d6e8108e8b4cf0b3dea7f1a82bcf7c3612e095ec2b7,126,0x1f4b10ffb832581ae5a975ed38eeac9f4e960bdf,0x06012c8cf97bead5deae237070f9587f8e7a266d,0,235507,2379101440,0,1,0x3d7d3f5a00000000000000000000000000000000000000000000000000000000000aec3900000000000000000000000000000000000000000000000000354a6ba7a1800000000000000000000000000000000000000000000000000000354a6ba7a18000000000000000000000000000000000000000000000000000000000000007e900,,4348563,140340,19993044,0x3d7d3f5a,"createSaleAuction(uint256 _kittyId, uint256 _startingPrice, uint256 _endingPrice, uint256 _duration)"
5515084,1524836480,0xc355cd17192b54ada10ded2117484f067a3fc1ee0ccf934d3cddef6f3ec15a1d,857,0x69d2ba6f2a44c903065aa0395b324fe08dfeaecc26a797a1fb8df450f289cc0d,83,0x1f4b10ffb832581ae5a975ed38eeac9f4e960bdf,0xb1690c08e213a35ed9bab7b318de14420fb57d8c,0,109165,4009999999,0,1,0x96b5a75500000000000000000000000000000000000000000000000000000000000aec26,,4086541,36389,19992952,0x96b5a755,cancelAuction(uint256 _tokenId)
5515098,1524836666,0xeddc6769b312ecf21185228c80a74d353342ef05da1e1525d075d85230738e87,858,0x4ef08fca243863314441be644843df9bb64b3f3a4debde75e3eea0fbf439db4c,50,0x1f4b10ffb832581ae5a975ed38eeac9f4e960bdf,0x06012c8cf97bead5deae237070f9587f8e7a266d,20000000000000000,231345,7000000000,0,1,0xed60ade600000000000000000000000000000000000000000000000000000000000ae77c00000000000000000000000000000000000000000000000000000000000aec26,,1612018,109230,19992938,0xed60ade6,"bidOnSiringAuction(uint256 _sireId, uint256 _matronId)"
5515221,1524838444,0x607900412c631544d58ee59d61602f7448907c6e8668d37d41a0d6b7752cf86f,859,0x9c58478df75e8f51ba11e60539f68d013b6d9b3f8ce11023351d1ef901c52586,134,0x1f4b10ffb832581ae5a975ed38eeac9f4e960bdf,0x06012c8cf97bead5deae237070f9587f8e7a266d,9000000000000000,231150,5202200000,0,1,0xed60ade600000000000000000000000000000000000000000000000000000000000ac50e00000000000000000000000000000000000000000000000000000000000aec57,,4219054,109100,19992815,0xed60ade6,"bidOnSiringAuction(uint256 _sireId, uint256 _matronId)"
5515223,1524838472,0x0c0bee174546976866eb2d3b030367a105590710528b0c058a829f7f508007da,860,0x017bff3401399b9d995a387e71a11dd9b926656daa073291506fb074d1c81477,113,0x1f4b10ffb832581ae5a975ed38eeac9f4e960bdf,0x06012c8cf97bead5deae237070f9587f8e7a266d,9000000000000000,231150,3100625000,1,0,0xed60ade600000000000000000000000000000000000000000000000000000000000ac50e00000000000000000000000000000000000000000000000000000000000aec57,,6103613,25494,19992813,0xed60ade6,"bidOnSiringAuction(uint256 _sireId, uint256 _matronId)"
5515273,1524839152,0x27a1d344fd3a9ad1d4bbc3d388cc9dad02894557b0bfab53dae03ce407b864b1,861,0xad78b6f68f4573426fe1b09325493e6f727a9e6e75ce5399b809f56b5ee7e2a4,119,0x1f4b10ffb832581ae5a975ed38eeac9f4e960bdf,0x06012c8cf97bead5deae237070f9587f8e7a266d,0,235315,3511940352,0,1,0x3d7d3f5a00000000000000000000000000000000000000000000000000000000000aec2600000000000000000000000000000000000000000000000000d529ae9e86000000000000000000000000000000000000000000000000000000b1a2bc2ec50000000000000000000000000000000000000000000000000000000000000000a8c0,,4859378,140212,19992763,0x3d7d3f5a,"createSaleAuction(uint256 _kittyId, uint256 _startingPrice, uint256 _endingPrice, uint256 _duration)"
5515278,1524839240,0x2869436b9e0bb51b5faa85f8db545570077fe2f814ba8ca7a60ac6c53d42cb54,862,0x185b10dbcf06401402def3dfe0c52cdcc97237ca3439917b5add474c8918468b,97,0x1f4b10ffb832581ae5a975ed38eeac9f4e960bdf,0x06012c8cf97bead5deae237070f9587f8e7a266d,0,81568,4000000000,0,1,0xa9059cbb0000000000000000000000003665dd9233a78d42a12d841c0c81a02257d7798900000000000000000000000000000000000000000000000000000000000ae3c7,,4157566,54379,19992758,0xa9059cbb,"transfer(address _to, uint256 _value)"
5515287,1524839349,0x3c6eac154a81121f52167e4765b6b66f997de6e78cdd0503af73441f2fbd3185,863,0xef5bf3ecbcf411fb8cb53e6d3c8a0ee923d4c86e88fa379bcff4e3145d05caf8,77,0x1f4b10ffb832581ae5a975ed38eeac9f4e960bdf,0x06012c8cf97bead5deae237070f9587f8e7a266d,0,235315,3000000000,0,1,0x3d7d3f5a00000000000000000000000000000000000000000000000000000000000aec5700000000000000000000000000000000000000000000000000f8b0a10e47000000000000000000000000000000000000000000000000000000d529ae9e860000000000000000000000000000000000000000000000000000000000000002a300,,4465677,140212,19992749,0x3d7d3f5a,"createSaleAuction(uint256 _kittyId, uint256 _startingPrice, uint256 _endingPrice, uint256 _duration)"
5515312,1524839786,0x96fb3b17b104771312ada2ca1968bb3c29279290be0cfae6c70be13232f317bc,864,0xd0bb45c93309e1b2cf04ba973136d8fb6a4b61ff2652c4692ef54d52fdc46f24,129,0x1f4b10ffb832581ae5a975ed38eeac9f4e960bdf,0x06012c8cf97bead5deae237070f9587f8e7a266d,0,235507,3000000000,0,1,0x3d7d3f5a00000000000000000000000000000000000000000000000000000000000aec1c0000000000000000000000000000000000000000000000000058d15e176280000000000000000000000000000000000000000000000000000058d15e1762800000000000000000000000000000000000000000000000000000000000000fd200,,7193204,140340,19992724,0x3d7d3f5a,"createSaleAuction(uint256 _kittyId, uint256 _startingPrice, uint256 _endingPrice, uint256 _duration)"
5515313,1524839794,0x9032cecc76422395a74fc3db859b2ce771f9b4b5dd6443ab2f209066be94bddf,865,0x30a08b01491ac7d712426c9e73d14a7354c9f5aa8785dc23f763045a37ddbfdd,80,0x1f4b10ffb832581ae5a975ed38eeac9f4e960bdf,0x06012c8cf97bead5deae237070f9587f8e7a266d,0,235603,3000000000,0,1,0x3d7d3f5a00000000000000000000000000000000000000000000000000000000000ae7c2000000000000000000000000000000000000000000000000016345785d8a0000000000000000000000000000000000000000000000000000011c37937e0800000000000000000000000000000000000000000000000000000000000000015180,,3716083,140404,19992723,0x3d7d3f5a,"createSaleAuction(uint256 _kittyId, uint256 _startingPrice, uint256 _endingPrice, uint256 _duration)"
5515322,1524839904,0x5a7c5371fb5c57d34854e5b6b2056365b65d87f15eb4b18e6466dee2adc7987a,866,0xca68cf184ccde0928e09b8abd5c2f9def98c5abd85aab39558478fd19a674780,102,0x1f4b10ffb832581ae5a975ed38eeac9f4e960bdf,0xb1690c08e213a35ed9bab7b318de14420fb57d8c,15000000000000000,125815,4000000000,0,1,0x454a2ab300000000000000000000000000000000000000000000000000000000000a1af8,,5013592,41872,19992714,0x454a2ab3,bid(uint256 _tokenId)
5515378,1524840785,0xbd5ff2407ffe9b71940be5cf4cf93e1994166a2b473bbd8d8ac74efb007087e2,867,0xbda711c95d4fc37176f81e741a7cef28ed95a4368bfbdec586cc2a00b93e6d65,190,0x1f4b10ffb832581ae5a975ed38eeac9f4e960bdf,0xb1690c08e213a35ed9bab7b318de14420fb57d8c,15976613797990490,135963,4000000000,0,1,0x454a2ab300000000000000000000000000000000000000000000000000000000000ac812,,7004813,45508,19992658,0x454a2ab3,bid(uint256 _tokenId)
5515403,1524841164,0x66d36e8ca34dcd3fa717005ff27b74a3901054cbe087fa645ffa47df4ea73a88,868,0x696e250351ba6ed9917ba4b79419ca2895c907408d116bc8192087ed7f9810c2,84,0x1f4b10ffb832581ae5a975ed38eeac9f4e960bdf,0xb1690c08e213a35ed9bab7b318de14420fb57d8c,13723866840402734,135963,4000000000,0,1,0x454a2ab300000000000000000000000000000000000000000000000000000000000ad16f,,7077362,45508,19992633,0x454a2ab3,bid(uint256 _tokenId)
5515426,1524841441,0x120cbac08139f6d71612be83cef627bed9f4932b3e05ffa33bba67ac1687515b,869,0x4110e25c64a178d8309735331ac031f04710483fd10fe3552bfd672a7b1c1070,142,0x1f4b10ffb832581ae5a975ed38eeac9f4e960bdf,0x06012c8cf97bead5deae237070f9587f8e7a266d,0,235507,6000000000,0,1,0x3d7d3f5a00000000000000000000000000000000000000000000000000000000000aebf10000000000000000000000000000000000000000000000000058d15e1762800000000000000000000000000000000000000000000000000000470de4df8200000000000000000000000000000000000000000000000000000000000000034bc0,,6800716,140340,19992610,0x3d7d3f5a,"createSaleAuction(uint256 _kittyId, uint256 _startingPrice, uint256 _endingPrice, uint256 _duration)"
5515499,1524842622,0x5850596e51365a692bfa9a0a20ebf88a00c54ba7c8cf26c9d8d7546f95ef1627,870,0x907845d99dfeb943125a81c2f4c771cd647da65c9635709484c56afbe4b778d8,45,0x1f4b10ffb832581ae5a975ed38eeac9f4e960bdf,0xfe8bed8cdcacf279398677d59d95dda9543abdd1,32100000000000000,21000,4000000000,0,1,0x,,4093794,21000,19992537,0x,
5516325,1524855012,0x250e43b504feb8983f0e16d94ac4b7e800c58e11f85fefac78239032b759900a,8986,0x93ffe7cc4aa0cdc58e709e9e55cfac717697b985b1ee57fb25fceb56e755015a,74,0x30a9ef0904c807c53f189737741e3f9145a6b792,0x1f4b10ffb832581ae5a975ed38eeac9f4e960bdf,47437000000000000,90000,3000000000,0,1,0x,,3964170,21000,19991711,0x,
5516338,1524855152,0x9349c213f67b93ed26ef07d264d849d5e8c10449d0efb688bfc149436f823113,871,0xa45287628993ed15bc95c2958777c1b21a51d6e403b9bfc4d2522f1892550450,96,0x1f4b10ffb832581ae5a975ed38eeac9f4e960bdf,0x06012c8cf97bead5deae237070f9587f8e7a266d,0,235411,2100000000,0,1,0x3d7d3f5a00000000000000000000000000000000000000000000000000000000000ae7b600000000000000000000000000000000000000000000000000b1a2bc2ec5000000000000000000000000000000000000000000000000000000b1a2bc2ec50000000000000000000000000000000000000000000000000000000000000013c680,,7255247,140276,19991698,0x3d7d3f5a,"createSaleAuction(uint256 _kittyId, uint256 _startingPrice, uint256 _endingPrice, uint256 _duration)"
5516340,1524855185,0x2c7c118d0b16b93184256c9b648701e8c218f80686937315fdb2adf3bf64c84d,872,0x8eff7b7874cff87bb5a68f3e488a4829918743cfc0434c446bd8d4b9724890a7,89,0x1f4b10ffb832581ae5a975ed38eeac9f4e960bdf,0xb1690c08e213a35ed9bab7b318de14420fb57d8c,1666736384645662,135963,4000000000,1,0,0x454a2ab30000000000000000000000000000000000000000000000000000000000087d87,,4068192,22540,19991696,0x454a2ab3,bid(uint256 _tokenId)
5516360,1524855499,0xb8bc5644d0ffecf91f58c8a862e31ddad26fccbfbc380f3314de7ec254280a11,873,0xc47dba34987470f50288e63094a984745c1a0e1bdab86c1025fde1117a26cc8a,76,0x1f4b10ffb832581ae5a975ed38eeac9f4e960bdf,0x669b690f73955c97aa6e5667c5d11a0314bff0ac,5000000000000000,21000,4000000000,0,1,0x,,4297831,21000,19991676,0x,
5516372,1524855685,0x96c33072596379ee799c6b71dd5f2c83eb11e5119f0920f698f0ea538cbaf83e,874,0x87a60d134acfb0e8c720c4f9cd3932e01e56a33f7e1caa2e082ad180e0370c87,134,0x1f4b10ffb832581ae5a975ed38eeac9f4e960bdf,0x669b690f73955c97aa6e5667c5d11a0314bff0ac,8000000000000000,21000,4000000000,0,1,0x,,6201726,21000,19991664,0x,
5516392,1524856054,0xd19c05b852b544177246b2740b8afcdaee1e632372d290f5450fbb74c120727e,875,0xe3494248cd6d63d98ae304b5bbb0b031fe368d816b0b5693bec3f8de3d406570,38,0x1f4b10ffb832581ae5a975ed38eeac9f4e960bdf,0x669b690f73955c97aa6e5667c5d11a0314bff0ac,33900000000000000,21000,3000000000,0,1,0x,,2373289,21000,19991644,0x,
5516470,1524857048,0x82fb6477683fc60d81802db0fb219bfa7c9fdd1aac9c7b2b90dfa8bf0eda7aa8,6730,0x569a2c857135f16ba7fea0219cb023eca733d961d2e5d8621356ed38e3f2b75a,26,0x44f14099b8b9c60515e83a0cb1a85e14982bb091,0x1f4b10ffb832581ae5a975ed38eeac9f4e960bdf,52509730000000000,21000,30000000000,0,1,0x,,1286267,21000,19991566,0x,
5516487,1524857285,0x6f9ee71816280e742db10771c7256f65cfc9ee8691a597805727aea41ce2a4d0,876,0xc2449f8e25942a2fad744947dfa537a1bd1030fff39d757369f8096c49b22b30,99,0x1f4b10ffb832581ae5a975ed38eeac9f4e960bdf,0x669b690f73955c97aa6e5667c5d11a0314bff0ac,4000000000000000,21000,3420000000,0,1,0x,,7396717,21000,19991549,0x,
5516510,1524857675,0xe14036f21d66d2b7091827ac75b47cbd2d08a5a5c200c6d28041972286c0c7ce,877,0x1221904fb601460fa2108bcf563532361c6647616362bda7e59ed544548f9be4,81,0x1f4b10ffb832581ae5a975ed38eeac9f4e960bdf,0x06012c8cf97bead5deae237070f9587f8e7a266d,8000000000000000,119977,4000000000,0,1,0xf7d8c88300000000000000000000000000000000000000000000000000000000000629ca00000000000000000000000000000000000000000000000000000000000aec14,,4472757,79985,19991526,0xf7d8c883,"breedWithAuto(uint256 _matronId, uint256 _sireId)"
5516527,1524858017,0xac05bf4c5cac02fd9fa15c6b5912a16de23d3fe29f40b1712836e72f15cb38f7,878,0x95e4233ee256c5bec4361bf3382ed4d28ed94a2f0638a5e29c0952d11d6ca792,45,0x1f4b10ffb832581ae5a975ed38eeac9f4e960bdf,0x06012c8cf97bead5deae237070f9587f8e7a266d,8000000000000000,119977,4000000000,0,1,0xf7d8c88300000000000000000000000000000000000000000000000000000000000aebfc00000000000000000000000000000000000000000000000000000000000a8823,,3721604,79985,19991509,0xf7d8c883,"breedWithAuto(uint256 _matronId, uint256 _sireId)"
5516548,1524858283,0xd5abe94247def5aeff4600815e28f95993a86c6a3c8f20134413bb09c89fa1d1,879,0x60fb1f2e37d4af50b84b819278c40ab6dd22b27a3069c187df10d182cbbe4bc3,82,0x1f4b10ffb832581ae5a975ed38eeac9f4e960bdf,0xb1690c08e213a35ed9bab7b318de14420fb57d8c,1175912006327084,135963,3300000000,0,1,0x454a2ab30000000000000000000000000000000000000000000000000000000000047cfa,,7260514,45508,19991488,0x454a2ab3,bid(uint256 _tokenId)
5516561,1524858464,0x02823a907b9fec5e3625fc90c5cacf8dfa383ca92360854d6112d427b8b76294,880,0x2eb4b491b8b42705e7aa26cb25be085e2636aa0ca6ea5db470d4423d56b146ee,90,0x1f4b10ffb832581ae5a975ed38eeac9f4e960bdf,0xb1690c08e213a35ed9bab7b318de14420fb57d8c,2389665417365904,135963,4001000000,0,1,0x454a2ab3000000000000000000000000000000000000000000000000000000000008e040,,4020965,45508,19991475,0x454a2ab3,bid(uint256 _tokenId)
5516590,1524858814,0x90a2c4f7aa06f0a99bcc55e6f78128026d9f21da3a02af2ec7202457de91f213,881,0xcf37365a610f31e21ad8653a61e8375b0a554b31b194390015db6684b4d6db57,106,0x1f4b10ffb832581ae5a975ed38eeac9f4e960bdf,0x06012c8cf97bead5deae237070f9587f8e7a266d,10000000000000000,231150,3001000000,0,1,0xed60ade6000000000000000000000000000000000000000000000000000000000007df760000000000000000000000000000000000000000000000000000000000064cd5,,7322448,109100,19991446,0xed60ade6,"bidOnSiringAuction(uint256 _sireId, uint256 _matronId)"
5516605,1524859031,0x7c14a804357aa93b11304421f3be3d88f0b8d424482f2ba1d1efad22e2d77ed2,882,0xf49409d2c64fd0f79e8d1800fc0ca05f7a3cb3ba4b8cd04c38c60430ed53f27d,98,0x1f4b10ffb832581ae5a975ed38eeac9f4e960bdf,0x06012c8cf97bead5deae237070f9587f8e7a266d,0,235315,3001000000,0,1,0x3d7d3f5a00000000000000000000000000000000000000000000000000000000000aebfc00000000000000000000000000000000000000000000000000b1a2bc2ec50000000000000000000000000000000000000000000000000000006a94d74f430000000000000000000000000000000000000000000000000000000000000000a8c0,,6841561,140212,19991431,0x3d7d3f5a,"createSaleAuction(uint256 _kittyId, uint256 _startingPrice, uint256 _endingPrice, uint256 _duration)"
5516610,1524859099,0xedfd24cf06fc776051c92983854192935767c7c9028c2640fbda1713bab359fa,883,0xdb13d7bf958538da2c16058fd41119bb7cd4dde2461d50440a446f8154156057,82,0x1f4b10ffb832581ae5a975ed38eeac9f4e960bdf,0x06012c8cf97bead5deae237070f9587f8e7a266d,0,235507,1100000000,0,1,0x3d7d3f5a00000000000000000000000000000000000000000000000000000000000ae4d8000000000000000000000000000000000000000000000000011c37937e08000000000000000000000000000000000000000000000000000000d529ae9e8600000000000000000000000000000000000000000000000000000000000000069780,,5437563,140340,19991426,0x3d7d3f5a,"createSaleAuction(uint256 _kittyId, uint256 _startingPrice, uint256 _endingPrice, uint256 _duration)"
5516710,1524860548,0x3a0c1de4199bdb1b415e8ed90ce746bbf0081cc31162a451608cfad0ebc400b0,884,0xf3f50cdfc12a27cc6609d8244713b95494e45a6a480a1fd051cbd1b7a1aae720,134,0x1f4b10ffb832581ae5a975ed38eeac9f4e960bdf,0xb1690c08e213a35ed9bab7b318de14420fb57d8c,0,109165,3200000000,0,1,0x96b5a75500000000000000000000000000000000000000000000000000000000000aec57,,7322880,36389,19991326,0x96b5a755,cancelAuction(uint256 _tokenId)
5516713,1524860593,0xeae15bdc16f42aa664ebc4f62683bba930206d6ed144bc1439cb157b620cd7df,885,0xc955ca9ae4e9dfbf9df1bc75f29f555691fb657247fcf723bec41fbb9579bc84,73,0x1f4b10ffb832581ae5a975ed38eeac9f4e960bdf,0xb1690c08e213a35ed9bab7b318de14420fb57d8c,0,109165,3300000000,1,0,0x96b5a75500000000000000000000000000000000000000000000000000000000000aec57,,7162984,22422,19991323,0x96b5a755,cancelAuction(uint256 _tokenId)
5516767,1524861394,0xba2bda601eddd768d8aff9944bc09cfb958ad45cd4340f32b1af65b0eccc2db0,886,0xa4e2d3084777440195645fc2a143dd7fd152693973f3f03cbda3beb77e050ba5,124,0x1f4b10ffb832581ae5a975ed38eeac9f4e960bdf,0xb1690c08e213a35ed9bab7b318de14420fb57d8c,0,109165,4000000000,0,1,0x96b5a75500000000000000000000000000000000000000000000000000000000000ae180,,7319748,36389,19991269,0x96b5a755,cancelAuction(uint256 _tokenId)
5516770,1524861411,0x674040db46522476049606e98f74b09c8b7857177b107f19ca00803990d6a993,887,0xd28d142b5014fbc08052b216f13f89704232da6b2c2d0105cee843aed0371247,83,0x1f4b10ffb832581ae5a975ed38eeac9f4e960bdf,0xb1690c08e213a35ed9bab7b318de14420fb57d8c,0,109165,3000000000,1,0,0x96b5a75500000000000000000000000000000000000000000000000000000000000ae180,,4399855,22422,19991266,0x96b5a755,cancelAuction(uint256 _tokenId)
5516789,1524861689,0xa8bd7a63852e7c5b01d9079558e178ff028bb31e4f57c3b8a8d4ff312caa2f25,888,0xdcf5c520e896365944140a677e4bff81cc08a65645bb75e380e70e2258a8848b,148,0x1f4b10ffb832581ae5a975ed38eeac9f4e960bdf,0x06012c8cf97bead5deae237070f9587f8e7a266d,8000000000000000,119977,3000000000,0,1,0xf7d8c88300000000000000000000000000000000000000000000000000000000000aec5700000000000000000000000000000000000000000000000000000000000ae180,,4408450,79985,19991247,0xf7d8c883,"breedWithAuto(uint256 _matronId, uint256 _sireId)"
5516811,1524861946,0xd4c6d4adf75dd12bef57fcb4021604026b4c696dacd453db33db76b23d30dcd0,889,0xbbd4e10dd10bb1dcc9005e133536c074ded68df0d5fea0aa86ab8f8a86515cab,104,0x1f4b10ffb832581ae5a975ed38eeac9f4e960bdf,0xfe8bed8cdcacf279398677d59d95dda9543abdd1,8200000000000000,21000,3200000000,0,1,0x,,7324536,21000,19991225,0x,
5517544,1524872762,0xc680c214dfd8d17280348c4a2c54b00eca9b5fa74297f8cbc3f4817a13b905d8,9057,0xb39ac000f21e8b2bef9619e17b44ff3ea93db47139a7f6249077f3e1b98adb40,126,0x30a9ef0904c807c53f189737741e3f9145a6b792,0x1f4b10ffb832581ae5a975ed38eeac9f4e960bdf,16690000000000000,90000,10000000000,0,1,0x,,7473569,21000,19990492,0x,
5517559,1524873055,0x65da607e4b2690e26854e0809294dac37f1e0c12bb18d2ddec8f73bb2ee9aa01,890,0x95fe5e416d68ecc72e3d2dc1cfebda00f6b9bd178a451b1aaa7e45ce7d0875fe,124,0x1f4b10ffb832581ae5a975ed38eeac9f4e960bdf,0xf39729a98d936199c8260af86018ebf21ed8f846,10000000000000000,133339,2000000000,0,1,0xb60d4288,,6855967,88893,19990477,0xb60d4288,fund()
5517560,1524873060,0x7704095f09d81119954be3b780d7e8e8e5c5918ab8d385cd95ea030497181ff1,891,0x3696cc4168d939e4b767d045437c896a99930aacea1cae37af8ff759f2977e72,84,0x1f4b10ffb832581ae5a975ed38eeac9f4e960bdf,0x06012c8cf97bead5deae237070f9587f8e7a266d,0,235507,1300000000,0,1,0x3d7d3f5a00000000000000000000000000000000000000000000000000000000000aec5700000000000000000000000000000000000000000000000000f8b0a10e470000000000000000000000000000000000000000000000000000009fdf42f6e480000000000000000000000000000000000000000000000000000000000000015180,,4549149,140340,19990476,0x3d7d3f5a,"createSaleAuction(uint256 _kittyId, uint256 _startingPrice, uint256 _endingPrice, uint256 _duration)"
5517597,1524873667,0x1b1c1fb8dd27f4dc9fb7815aa7b5b050b73d29ac488ba0aee6e91e5df96ddf58,892,0x68290705804c6e88478488ff916f472b53b352c086759eb2448a0ee14217d70a,137,0x1f4b10ffb832581ae5a975ed38eeac9f4e960bdf,0xb1690c08e213a35ed9bab7b318de14420fb57d8c,1000000000000000,125913,2000000000,0,1,0x454a2ab3000000000000000000000000000000000000000000000000000000000001db86,,7717731,41904,19990439,0x454a2ab3,bid(uint256 _tokenId)
5517607,1524873835,0xf2b9737a6bbe266f952855f22466ce9d7888791a16c8cb78bfffb74542d25150,893,0xecce6ad9d2972f334de718d5433fec65c53b70119b1f420302c77f1e45092809,147,0x1f4b10ffb832581ae5a975ed38eeac9f4e960bdf,0x57b116da40f21f91aec57329ecb763d29c1b2355,0,128950,2000000000,0,1,0xa5a2cb19000000000000000000000000000000000000000000000000000000000000011d,,7629823,85967,19990429,0xa5a2cb19,buyUpgrade(uint256 upgradeId)
5517614,1524873965,0x0ae56c9242148e0eab0d1773f7431e54c505c393ac816eb88e22d4190d1e4893,894,0x2460ffee83d065a333cba8239b2c04ce5f683eb74662b7182b13d1749d1cba49,150,0x1f4b10ffb832581ae5a975ed38eeac9f4e960bdf,0x57b116da40f21f91aec57329ecb763d29c1b2355,0,250354,2000000000,0,1,0x5dc22cce0000000000000000000000008463538039a771942728d8afa334a51e7225fb5b,,7220290,166903,19990422,0x5dc22cce,attackPlayer(address target)
5517619,1524874093,0x17f072d3d37bd4207fc7e509e49b795efa84c72b71299612b5ba5447af2e3acf,895,0xdaaa87a4559d354811ea03f2135bed1ffd82807c5e98593c69e1556962012732,125,0x1f4b10ffb832581ae5a975ed38eeac9f4e960bdf,0x57b116da40f21f91aec57329ecb763d29c1b2355,0,99444,4000000000,0,1,0xa21f74b8000000000000000000000000000000000000000000000000000000002aea5400,,4810743,66296,19990417,0xa21f74b8,fundGooResearch(uint256 amount)
5517622,1524874134,0xcbc71742279cb3bf77554f70d3c39bf7e5c69cb35ece79ab4bdc7f671a99907c,896,0xf1832cb75ff8720061a6f604deb552f0ec8d27f7eafc6e15d05c9bb76b15831e,143,0x1f4b10ffb832581ae5a975ed38eeac9f4e960bdf,0x06012c8cf97bead5deae237070f9587f8e7a266d,0,235315,2000000000,0,1,0x3d7d3f5a00000000000000000000000000000000000000000000000000000000000ae75700000000000000000000000000000000000000000000000000470de4df82000000000000000000000000000000000000000000000000000000470de4df820000000000000000000000000000000000000000000000000000000000000007e900,,7670985,140212,19990414,0x3d7d3f5a,"createSaleAuction(uint256 _kittyId, uint256 _startingPrice, uint256 _endingPrice, uint256 _duration)"
5517691,1524875240,0xf612ff1ea703504bfac569958e2b06734e54ae06029c8750de73923a2d4eaf06,897,0x16a7fe274cefa744dc1889638df59fef927cfa463ab83fa3731d4bd16ac65bd2,38,0x1f4b10ffb832581ae5a975ed38eeac9f4e960bdf,0x6cd27520559fcfadbd496b46a396767172c4ab15,100000000000000,21000,5000000000,0,1,0x,,1401542,21000,19990345,0x,
5517692,1524875251,0x833349ab6b03df35e2da47549bd433ba5f212e3b6e0569f945b1ff05b2ff08df,898,0x6adab29c64e1345e2746365216de3e711358673b8afced0b105d84d038c9ed7f,20,0x1f4b10ffb832581ae5a975ed38eeac9f4e960bdf,0x6cd27520559fcfadbd496b46a396767172c4ab15,100000000000000,21000,4400000000,0,1,0x,,871584,21000,19990344,0x,
5517700,1524875413,0x278a82b82d39ea5cf0dd471847368f166c3221e691431fa0ac7c9646e606a422,899,0xbe169a802f82675da89404a764141517e3956ae3b21c330d4a19b0a68830b186,178,0x1f4b10ffb832581ae5a975ed38eeac9f4e960bdf,0x669b690f73955c97aa6e5667c5d11a0314bff0ac,3950000000000000,21000,4000000000,0,1,0x,,5892294,21000,19990336,0x,
5520722,1524920924,0xf752d9b94edbbce91e62df41817d14297aedf032eb0f58047030c930dc76a5d1,900,0x36e2a75c009f57d86195079ffe73d204909349ba1c25fe2acbbfc33f4e468df6,84,0x1f4b10ffb832581ae5a975ed38eeac9f4e960bdf,0xfe8bed8cdcacf279398677d59d95dda9543abdd1,4600000000000000,21000,6000000000,0,1,0x,,5562296,21000,19987314,0x,
5520936,1524924118,0xec9a1452f52c36be29784bc0298bb22b84d584b61b48647da743bbf1d493f65b,9193,0x2e3b6ab72568142c3b5087a7adb420a843e086924bcd89d6319a9a10e6fa1a52,29,0x30a9ef0904c807c53f189737741e3f9145a6b792,0x1f4b10ffb832581ae5a975ed38eeac9f4e960bdf,6690000000000000,90000,10000000000,0,1,0x,,1150570,21000,19987100,0x,
5521038,1524925485,0x4d70dedf6b64fc1fce860b3683ed4c66e45be087699cd72605111ad47a4bf106,901,0x660aaea065df679b941d4f413137349cec6b8843b2b590b3b1275a0cb8579a7f,38,0x1f4b10ffb832581ae5a975ed38eeac9f4e960bdf,0x89d36a79f146c3e4053d79ea9b2660a89f1e577f,500000000000000,90000,16000000000,0,1,0x,,1445655,21000,19986998,0x,
5521082,1524926209,0x0d10ff260cbff2bed48aaa4bc3c9bb34182e0174d02ffbb11c473d9a758efce3,902,0x8915a3fc4c2c574d86befa6aa0fc6c5c144d25fbb191f735629142b32421eba9,36,0x1f4b10ffb832581ae5a975ed38eeac9f4e960bdf,0x669b690f73955c97aa6e5667c5d11a0314bff0ac,5300000000000000,21000,10000000000,0,1,0x,,1907058,21000,19986954,0x,
5521133,1524926966,0x9ae319ac3631aafbb8d2747220093cad689e2f2292938b1674b2dbd1117079d3,12,0xeabd7d1cb564024b86daef888d3a2e9155e09ac3849d49c693ffc95481778004,157,0x89d36a79f146c3e4053d79ea9b2660a89f1e577f,0x1f4b10ffb832581ae5a975ed38eeac9f4e960bdf,1200000000000000,21000,4000000000,0,1,0x,,7990247,21000,19986903,0x,
5521154,1524927369,0x89eeaf5ba978ade40ddffa6bd88207cb169a6c953c89be14a647046d3fd742cc,903,0x276ad8d2d739c6e1fab321720fb3fd32cb5d926e860acc36d57c145927672893,87,0x1f4b10ffb832581ae5a975ed38eeac9f4e960bdf,0x57b116da40f21f91aec57329ecb763d29c1b2355,0,48900,3000000000,1,0,0x8d4777c8000000000000000000000000868f60cdd76a61fa7cfc268f1419610be05787fb0000000000000000000000000000000000000000000000000000000000000000000000000000000000000000000000000000000000000000000000000000000e,,4498060,48900,19986882,0x8d4777c8,"claimGooDepositDividends(address referer, uint256 startSnapshot, uint256 endSnapShot)"
5521292,1524929548,0x7e03220a8aa1591d13ee98b5a51ad3713d580ce0f08be2fc168925f8d0797341,904,0x3d9d8b6ff0dbaaade079a22d2526ba3a22824dfe53488794d0482426037e39f4,157,0x1f4b10ffb832581ae5a975ed38eeac9f4e960bdf,0x57b116da40f21f91aec57329ecb763d29c1b2355,0,68430,4000000000,1,0,0x8d4777c8000000000000000000000000868f60cdd76a61fa7cfc268f1419610be05787fb0000000000000000000000000000000000000000000000000000000000000000000000000000000000000000000000000000000000000000000000000000000e,,7978843,68430,19986744,0x8d4777c8,"claimGooDepositDividends(address referer, uint256 startSnapshot, uint256 endSnapShot)"
5521469,1524932247,0xd34724fe7a7540bf3cef3f5980a36d4096720e0d26fc27274756ba127c3322d5,905,0x51e2edb1353fd5dafacc74cbe223b32e121f82ad5328be5fe13d5ff406c3ba79,92,0x1f4b10ffb832581ae5a975ed38eeac9f4e960bdf,0xb1690c08e213a35ed9bab7b318de14420fb57d8c,2148396293993304,135963,4000000000,0,1,0x454a2ab3000000000000000000000000000000000000000000000000000000000008c9e2,,4522746,45508,19986567,0x454a2ab3,bid(uint256 _tokenId)
5521480,1524932449,0x04e467a16860781a02749700697545f0bee7f0bb25b29fc90c1e3b0872163438,0,0x81d468f8cd84751316d99f9e5f0e1f703a5741d03ba1168875cceaee9467da02,80,0x4b213ba75b86f9dc3cc0e8034d0fc09696b8e1d7,0x1f4b10ffb832581ae5a975ed38eeac9f4e960bdf,75336140000000000,21000,7000000000,0,1,0x,,2386526,21000,19986556,0x,
5521532,1524933193,0xa3ecf59021f8a7ed1c335e19a54b58a2d7b18e5248a1242e222b0c315922a113,906,0xa8dcafbd9241a79eaa22a891c2656d9a06c3582d28d2b1cd95079276eaa102b6,22,0x1f4b10ffb832581ae5a975ed38eeac9f4e960bdf,0x669b690f73955c97aa6e5667c5d11a0314bff0ac,6000000000000000,21000,4300000000,0,1,0x,,823135,21000,19986504,0x,
5521577,1524933957,0xb001da233fd785761486fc9709b7e0f542e6abedce5f56a088bf3c917b473924,907,0x7bb7bb9b989a1628d0698f4719326c15a6146577a84aacd21f14c59731f25429,71,0x1f4b10ffb832581ae5a975ed38eeac9f4e960bdf,0x669b690f73955c97aa6e5667c5d11a0314bff0ac,10000000000000000,21000,7203000000,0,1,0x,,3479003,21000,19986459,0x,
5521584,1524934049,0x6dfa70f19b5568c089224a0500e08616be046fd7511299167cdb66d9556d115d,6755,0xfd28e21550a72bc3f9c48df1813e267d6a86625b31be65d6bbc5902d0b14251a,6,0x44f14099b8b9c60515e83a0cb1a85e14982bb091,0x1f4b10ffb832581ae5a975ed38eeac9f4e960bdf,33674390000000000,21000,30000000000,0,1,0x,,351095,21000,19986452,0x,
5521600,1524934328,0x06d4c51d31f21784e5b68a492102bba77c6e0d274ce715c279fc6b5fa6caaa2d,908,0x92f16341e894de618130bdf54e317d846ddc9af17bed9cd3b5bc9ae5d07d2829,144,0x1f4b10ffb832581ae5a975ed38eeac9f4e960bdf,0x669b690f73955c97aa6e5667c5d11a0314bff0ac,4000000000000000,21000,5300000000,0,1,0x,,7005393,21000,19986436,0x,
5521629,1524934755,0x8f4fa87e5a7147338ccb774957f401cdc7516f7b648c2b875469948201f7da72,909,0xc1369f8f0441311fd6b7e5a475e2ca0972d2d753a4d7900c74b3f48f2d30b559,213,0x1f4b10ffb832581ae5a975ed38eeac9f4e960bdf,0xfe8bed8cdcacf279398677d59d95dda9543abdd1,94000000000000000,21000,4000000000,0,1,0x,,7735915,21000,19986407,0x,
5521659,1524935294,0xda2809fcfbbcf1c53390088d45c6a7cdb6162c5876b864c91e1a69d6a4b0c21b,9240,0xe0437f6dcd1376dabc476b0fd334ef375b04beba531828aae85a4fb518001c53,93,0x30a9ef0904c807c53f189737741e3f9145a6b792,0x1f4b10ffb832581ae5a975ed38eeac9f4e960bdf,102790000000000000,90000,10000000000,0,1,0x,,3823598,21000,19986377,0x,
5521715,1524936151,0x3949f09ba38b24bbd824d3ea4ffb71f74ea37bd354ca3fb82fb816434f11e767,910,0xb68dbdaacbd7ae7671186edcc6ecf26dd15d8f790f435dfab7b5261c0f01ce23,141,0x1f4b10ffb832581ae5a975ed38eeac9f4e960bdf,0x669b690f73955c97aa6e5667c5d11a0314bff0ac,3000000000000000,21000,4300000000,0,1,0x,,5339326,21000,19986321,0x,
5521742,1524936578,0xd2ba6d9c326acfe33288e74158a185627214b903891b0c8733739ae461165c80,911,0x7817ce797f6d8cb989d6211d00967bd53a6323c1dbea1d9d03e12f887aa3f0a1,59,0x1f4b10ffb832581ae5a975ed38eeac9f4e960bdf,0x06012c8cf97bead5deae237070f9587f8e7a266d,0,235315,3000000000,0,1,0x3d7d3f5a00000000000000000000000000000000000000000000000000000000000aec14000000000000000000000000000000000000000000000000008e1bc9bf040000000000000000000000000000000000000000000000000000006a94d74f43000000000000000000000000000000000000000000000000000000000000000fd200,,2954882,140212,19986294,0x3d7d3f5a,"createSaleAuction(uint256 _kittyId, uint256 _startingPrice, uint256 _endingPrice, uint256 _duration)"
5521798,1524937591,0x51f1ca4039c0a5bcb17b1c2848e2be489bdc327c48df899f1cedf9466829dbd5,912,0xa0139e928d07575b326d7f763ae79b26d81bb4fa39ecdeb647e5ded7c3ead195,111,0x1f4b10ffb832581ae5a975ed38eeac9f4e960bdf,0x06012c8cf97bead5deae237070f9587f8e7a266d,0,235603,3000000000,0,1,0x3d7d3f5a00000000000000000000000000000000000000000000000000000000000ac8120000000000000000000000000000000000000000000000000058d15e176280000000000000000000000000000000000000000000000000000058d15e17628000000000000000000000000000000000000000000000000000000000000013c680,,7682435,140404,19986238,0x3d7d3f5a,"createSaleAuction(uint256 _kittyId, uint256 _startingPrice, uint256 _endingPrice, uint256 _duration)"
5521802,1524937665,0x6be845636963eee5f9818fecd6c44897b88e3ba6d0622a8bebfb8915a6d7884c,913,0x1ecdcdf2386e25e90d94fa3c4e412505f7f6ec2dacf3cfada3797a149b367026,92,0x1f4b10ffb832581ae5a975ed38eeac9f4e960bdf,0x669b690f73955c97aa6e5667c5d11a0314bff0ac,100300000000000000,21000,8100000000,0,1,0x,,2900879,21000,19986234,0x,
5521877,1524938856,0x8d5b060c15b8d1f8263f6f7ac6d0da3a892a9fe18aaee8e01392a014065bc104,6761,0x7c13fc9822abb0b779730c7dfa4e4a0d99b0505f54e08a98ab3502fd6ab92d22,12,0x44f14099b8b9c60515e83a0cb1a85e14982bb091,0x1f4b10ffb832581ae5a975ed38eeac9f4e960bdf,132996000000000000,21000,30000000000,0,1,0x,,348298,21000,19986159,0x,
5522022,1524941210,0xb58e054307f25421d01e30a1616db115d9c9e57d69b75cefbe5e6e1b821217b0,914,0x25a532caad311f1392d4dc930b1e6be78afa73123ab1fa4382a46b0ddbe31ae6,32,0x1f4b10ffb832581ae5a975ed38eeac9f4e960bdf,0xb1690c08e213a35ed9bab7b318de14420fb57d8c,13597659991160770,135963,6000000000,0,1,0x454a2ab300000000000000000000000000000000000000000000000000000000000ae771,,1317091,45508,19986014,0x454a2ab3,bid(uint256 _tokenId)
5522025,1524941230,0xe8535840e04a36d323e950202a49293ca69f9daaa4765d35eb8273706aa779d6,915,0x7cf6433922d883a5461504fccea584613822816ab4c50379812029e8a2b5ef9f,167,0x1f4b10ffb832581ae5a975ed38eeac9f4e960bdf,0xb1690c08e213a35ed9bab7b318de14420fb57d8c,13598993967543062,135963,4678125000,1,0,0x454a2ab300000000000000000000000000000000000000000000000000000000000ae771,,4478241,22540,19986011,0x454a2ab3,bid(uint256 _tokenId)
5522057,1524941753,0x9d9f5378b9e46e99856266d8aa8a1c8a753c09fb8c8dabc1e30d107a6a4f2cdb,916,0xc700195eb58412ff878e287e6767ba3cbe5b57681504696a87ca63590dc75773,109,0x1f4b10ffb832581ae5a975ed38eeac9f4e960bdf,0x06012c8cf97bead5deae237070f9587f8e7a266d,18000000000000000,231000,3300000000,0,1,0xed60ade600000000000000000000000000000000000000000000000000000000000ae74e00000000000000000000000000000000000000000000000000000000000ae771,,7611934,109000,19985979,0xed60ade6,"bidOnSiringAuction(uint256 _sireId, uint256 _matronId)"
5522244,1524944614,0x5f7ffb5730d990c3ef844213a91c3d5f289e9f3704f71d099b7976dbc286e1cc,917,0x58569642cce84ae28313f6bf382d5315ad35a7736a0da796d8bfe61eafc86993,149,0x1f4b10ffb832581ae5a975ed38eeac9f4e960bdf,0xb1690c08e213a35ed9bab7b318de14420fb57d8c,0,300000,3000000000,0,1,0x96b5a75500000000000000000000000000000000000000000000000000000000000aec57,,7446919,36389,19985792,0x96b5a755,cancelAuction(uint256 _tokenId)
5522256,1524944812,0xe408f3ffe1341dffd2d9c3fd3251299f8facc98a0242885f305e3c01acb4c2ce,918,0xc38ca871c9129c785f58794f5d216cc8709eaad19d0c744faa5de9532ac62d7e,47,0x1f4b10ffb832581ae5a975ed38eeac9f4e960bdf,0x06012c8cf97bead5deae237070f9587f8e7a266d,0,300000,3000000000,0,1,0x3d7d3f5a00000000000000000000000000000000000000000000000000000000000afa5c0000000000000000000000000000000000000000000000000058d15e176280000000000000000000000000000000000000000000000000000058d15e1762800000000000000000000000000000000000000000000000000000000000000fd200,,6459223,140340,19985780,0x3d7d3f5a,"createSaleAuction(uint256 _kittyId, uint256 _startingPrice, uint256 _endingPrice, uint256 _duration)"
5522258,1524944868,0x15c1f637ca05c83040660f77bcfc867c6848e0a851f663c0ba947cbfbf480129,919,0xf7238a1ff805b8cbb4acfde6e288ada6cd03c8db49398a1d3781fd8830badd48,59,0x1f4b10ffb832581ae5a975ed38eeac9f4e960bdf,0xb1690c08e213a35ed9bab7b318de14420fb57d8c,0,109165,7500000000,1,0,0x96b5a75500000000000000000000000000000000000000000000000000000000000aec57,,1651184,22422,19985778,0x96b5a755,cancelAuction(uint256 _tokenId)
5522259,1524944878,0x03ff66ea20ce69e9544d787c62a217df0ef194106867d1f5226b64dfc25eca4c,920,0x06964b3ce4deb1037567a35fca7bd659f91c1b6c48cf7e33afa13b9516bf7a2f,32,0x1f4b10ffb832581ae5a975ed38eeac9f4e960bdf,0x06012c8cf97bead5deae237070f9587f8e7a266d,0,235507,5000000000,1,0,0x3d7d3f5a00000000000000000000000000000000000000000000000000000000000afa5c0000000000000000000000000000000000000000000000000058d15e176280000000000000000000000000000000000000000000000000000058d15e17628000000000000000000000000000000000000000000000000000000000000007e900,,1635743,24187,19985777,0x3d7d3f5a,"createSaleAuction(uint256 _kittyId, uint256 _startingPrice, uint256 _endingPrice, uint256 _duration)"
5522272,1524945119,0x39428f92413b35f126df24a0126086fa7e5ffae5e220d51991bb9f784ec9ff3b,921,0x8383a30a0da22fe4ffd4da38f6464bedaafadc63e375f31cdcda9e731783da91,165,0x1f4b10ffb832581ae5a975ed38eeac9f4e960bdf,0x06012c8cf97bead5deae237070f9587f8e7a266d,0,235603,2200000000,0,1,0x3d7d3f5a00000000000000000000000000000000000000000000000000000000000aec57000000000000000000000000000000000000000000000000007c585087238000000000000000000000000000000000000000000000000000007c5850872380000000000000000000000000000000000000000000000000000000000000093a80,,7741173,140404,19985764,0x3d7d3f5a,"createSaleAuction(uint256 _kittyId, uint256 _startingPrice, uint256 _endingPrice, uint256 _duration)"
