blockNumber,transactionIndex,timeStamp,hash,from,to,value,contractAddress,input,type,gas,gasUsed,traceId,isError,errCode
9117808,2,1576538037,0x38739268e95694b59bc0694ce7623479338937cd3baddf00729e38011af67725,0x47ce0c6ed5b0ce3d3a51fdb1c52dc66a7c3c2936,0x0039f22efb07a647557c7c5d17854cfd6d489ef3,967000000000000000,,,call,59594,0,1,0,
9117808,3,1576538037,0x38739268e95694b59bc0694ce7623479338937cd3baddf00729e38011af67725,0x47ce0c6ed5b0ce3d3a51fdb1c52dc66a7c3c2936,0x0f416bc2d310a1c32bc1081cf354c15fd10d4802,33000000000000000,,,call,52165,0,2,0,
9120453,2,1576583639,0x866bb4a0402e88e54a3a79dae34358bde3ea776d0593983810479de946dd1297,0x47ce0c6ed5b0ce3d3a51fdb1c52dc66a7c3c2936,0x95b1bb34f5cfd96e73dc935bdbbba0583b9f053b,965000000000000000,,,call,59594,0,1,0,
9120453,3,1576583639,0x866bb4a0402e88e54a3a79dae34358bde3ea776d0593983810479de946dd1297,0x47ce0c6ed5b0ce3d3a51fdb1c52dc66a7c3c2936,0xe0f87651d3b65641c0fe1b71c5fbe88236d4b2e6,35000000000000000,,,call,52165,0,2,0,
9122228,2,1576614010,0x0fc9a3d360681fd5e8872e8bbd7d9d90ad7a25f2d6573891a33c2c368c45bc5d,0x47ce0c6ed5b0ce3d3a51fdb1c52dc66a7c3c2936,0x9f2fa9d413030086d45b3dec659005fa397ccde3,972500000000000000,,,call,59594,0,1,0,
9122228,3,1576614010,0x0fc9a3d360681fd5e8872e8bbd7d9d90ad7a25f2d6573891a33c2c368c45bc5d,0x47ce0c6ed5b0ce3d3a51fdb1c52dc66a7c3c2936,0xe0f87651d3b65641c0fe1b71c5fbe88236d4b2e6,27500000000000000,,,call,52165,0,2,0,
9124734,2,1576657541,0xa776b92658c84a7b702bea75c7ab695500597bffffc19ccbaec24240973a17ba,0x47ce0c6ed5b0ce3d3a51fdb1c52dc66a7c3c2936,0x3409e6883b3cb6ddc9aea58f24593f7218b830c7,972000000000000000,,,call,59594,0,1,0,
9124734,3,1576657541,0xa776b92658c84a7b702bea75c7ab695500597bffffc19ccbaec24240973a17ba,0x47ce0c6ed5b0ce3d3a51fdb1c52dc66a7c3c2936,0x7d3bb46c78b0c4949639ce34896bfd875b97ad08,28000000000000000,,,call,52165,0,2,0,
9126632,2,1576690104,0x032c0e7acf15cd3c85739cc0a3e418af1225039c8f75a27241bf25f80e8ffe69,0x47ce0c6ed5b0ce3d3a51fdb1c52dc66a7c3c2936,0x9999999e2f76ed42e6b1a4eefd0fd472790fa1a5,1000000000000000000,,,call,101399,0,1,0,
9126806,2,1576693146,0x074de0faf3d53a69e6a8dc99e539403a9873213976ef2c334940f0a9faf24029,0x47ce0c6ed5b0ce3d3a51fdb1c52dc66a7c3c2936,0x5ebe5635e03f6f2ef7ff2e3dc433ca5fdef2f9cf,973500000000000000,,,call,59594,0,1,0,
9126806,3,1576693146,0x074de0faf3d53a69e6a8dc99e539403a9873213976ef2c334940f0a9faf24029,0x47ce0c6ed5b0ce3d3a51fdb1c52dc66a7c3c2936,0xefab18983029d2ba840e34698efb67fdf8120711,26500000000000000,,,call,52165,0,2,0,
9126896,2,1576694731,0xc3b3ff31ebfa9384953588d002df0a51b936c66b7294b0e321f70fcd49b02810,0x47ce0c6ed5b0ce3d3a51fdb1c52dc66a7c3c2936,0x770c13284eb073f07d7c88fb787c319d533f785a,973500000000000000,,,call,59594,0,1,0,
9126896,3,1576694731,0xc3b3ff31ebfa9384953588d002df0a51b936c66b7294b0e321f70fcd49b02810,0x47ce0c6ed5b0ce3d3a51fdb1c52dc66a7c3c2936,0xefab18983029d2ba840e34698efb67fdf8120711,26500000000000000,,,call,52165,0,2,0,
9127762,2,1576709694,0x6bbdc4a4aac765167a20f0e43a319d728c7fc05e5a0bff408bceae532ef022d6,0x47ce0c6ed5b0ce3d3a51fdb1c52dc66a7c3c2936,0xde61987c844bbbfd3267a44bed7c2a0ba9793a34,1000000000000000000,,,call,101399,0,1,0,
9128184,2,1576716491,0x19e9e52107575ba3617941809b0d182d028e00491e8f0c522f0d63601b79420a,0x47ce0c6ed5b0ce3d3a51fdb1c52dc66a7c3c2936,0x90203dab360ccf254d5b127202f2d110b21f616d,974500000000000000,,,call,59594,0,1,0,
9128184,3,1576716491,0x19e9e52107575ba3617941809b0d182d028e00491e8f0c522f0d63601b79420a,0x47ce0c6ed5b0ce3d3a51fdb1c52dc66a7c3c2936,0x0f416bc2d310a1c32bc1081cf354c15fd10d4802,25500000000000000,,,call,52165,0,2,0,
9128250,2,1576717528,0x6c80273ea7fca4dc45694ebad71006be241a47e1a51ce6c4d7f66baf3347f184,0x47ce0c6ed5b0ce3d3a51fdb1c52dc66a7c3c2936,0x855328ee5e94924cb83b267f25a513c2a2fc3e5e,974500000000000000,,,call,59594,0,1,0,
9128250,3,1576717528,0x6c80273ea7fca4dc45694ebad71006be241a47e1a51ce6c4d7f66baf3347f184,0x47ce0c6ed5b0ce3d3a51fdb1c52dc66a7c3c2936,0xe0f87651d3b65641c0fe1b71c5fbe88236d4b2e6,25500000000000000,,,call,52165,0,2,0,
9128262,2,1576717680,0x1258e50b6b55f18191ca3de0921f25cde7da71694a2ed6a17ec0c07bf40ff899,0x47ce0c6ed5b0ce3d3a51fdb1c52dc66a7c3c2936,0x855328ee5e94924cb83b267f25a513c2a2fc3e5e,974500000000000000,,,call,59594,0,1,0,
9128262,3,1576717680,0x1258e50b6b55f18191ca3de0921f25cde7da71694a2ed6a17ec0c07bf40ff899,0x47ce0c6ed5b0ce3d3a51fdb1c52dc66a7c3c2936,0xefab18983029d2ba840e34698efb67fdf8120711,25500000000000000,,,call,52165,0,2,0,
9128270,2,1576717828,0x22d15624f1ce9b7f6fc7e0fb8c1c1d9c3eb6787cfb46ca3e8bec5d32e7a2af4f,0x47ce0c6ed5b0ce3d3a51fdb1c52dc66a7c3c2936,0x855328ee5e94924cb83b267f25a513c2a2fc3e5e,974500000000000000,,,call,59594,0,1,0,
9128270,3,1576717828,0x22d15624f1ce9b7f6fc7e0fb8c1c1d9c3eb6787cfb46ca3e8bec5d32e7a2af4f,0x47ce0c6ed5b0ce3d3a51fdb1c52dc66a7c3c2936,0xe0f87651d3b65641c0fe1b71c5fbe88236d4b2e6,25500000000000000,,,call,52165,0,2,0,
9128275,2,1576717919,0x78e7bae387f45580175a2d3c13dec5973b8eae761159d2dffffb8dcece2a18b1,0x47ce0c6ed5b0ce3d3a51fdb1c52dc66a7c3c2936,0x855328ee5e94924cb83b267f25a513c2a2fc3e5e,974500000000000000,,,call,59594,0,1,0,
9128275,3,1576717919,0x78e7bae387f45580175a2d3c13dec5973b8eae761159d2dffffb8dcece2a18b1,0x47ce0c6ed5b0ce3d3a51fdb1c52dc66a7c3c2936,0xe0f87651d3b65641c0fe1b71c5fbe88236d4b2e6,25500000000000000,,,call,52165,0,2,0,
9128586,2,1576723290,0x320dbbb4aca034775fd0ad71efd6479d194db393710002d35f8493538213432c,0x47ce0c6ed5b0ce3d3a51fdb1c52dc66a7c3c2936,0xf08a9de0a4d9218ff4c0e82fa9dc3ea6f25f2594,974000000000000000,,,call,59594,0,1,0,
9128586,3,1576723290,0x320dbbb4aca034775fd0ad71efd6479d194db393710002d35f8493538213432c,0x47ce0c6ed5b0ce3d3a51fdb1c52dc66a7c3c2936,0x0f416bc2d310a1c32bc1081cf354c15fd10d4802,26000000000000000,,,call,52165,0,2,0,
9129820,2,1576744753,0xe063ea8f95bf138fc4700c39a8f6ef73f23564bae71fc14d553dd0a187801751,0x47ce0c6ed5b0ce3d3a51fdb1c52dc66a7c3c2936,0x2de0fd6fd6cd28e12390059c085188b9f1a33af7,973500000000000000,,,call,59594,0,1,0,
9129820,3,1576744753,0xe063ea8f95bf138fc4700c39a8f6ef73f23564bae71fc14d553dd0a187801751,0x47ce0c6ed5b0ce3d3a51fdb1c52dc66a7c3c2936,0xefab18983029d2ba840e34698efb67fdf8120711,26500000000000000,,,call,52165,0,2,0,
9131623,2,1576775846,0x849b65bc08202580946c9fc06c82b8d27ec2d059abb5d2dd26afc4fa20405163,0x47ce0c6ed5b0ce3d3a51fdb1c52dc66a7c3c2936,0xf45643d9a87e70e8019bb43eee05d8fa6799ebe5,1000000000000000000,,,call,101399,0,1,0,
9133621,2,1576810075,0x7c60e21412ccd8bed9aadbf220ec534d074fcedc96c36254739936966711efb7,0x47ce0c6ed5b0ce3d3a51fdb1c52dc66a7c3c2936,0x2d457f18842b23b86cc0b1af7c09e9c23f043c20,1000000000000000000,,,call,101399,0,1,0,
9135210,2,1576838428,0x021046f0510ad860182ade59a48a59ddf91b46fbca4ba0ba375ce879ac7cd2aa,0x47ce0c6ed5b0ce3d3a51fdb1c52dc66a7c3c2936,0xf5cadbaf94f512aa1fdb6e5662e31b94504316fa,969500000000000000,,,call,59594,0,1,0,
9135210,3,1576838428,0x021046f0510ad860182ade59a48a59ddf91b46fbca4ba0ba375ce879ac7cd2aa,0x47ce0c6ed5b0ce3d3a51fdb1c52dc66a7c3c2936,0x7d3bb46c78b0c4949639ce34896bfd875b97ad08,30500000000000000,,,call,52165,0,2,0,
9136748,2,1576864663,0x4b252a2744ca1267be60ec61cb159266329098251e85ec74c1fbd139ebb39102,0x47ce0c6ed5b0ce3d3a51fdb1c52dc66a7c3c2936,0xe2e70cd952333782d1b0bf77d3a8955b332ebc95,974850000000000000,,,call,59594,0,1,0,
9136748,3,1576864663,0x4b252a2744ca1267be60ec61cb159266329098251e85ec74c1fbd139ebb39102,0x47ce0c6ed5b0ce3d3a51fdb1c52dc66a7c3c2936,0x0f416bc2d310a1c32bc1081cf354c15fd10d4802,25150000000000000,,,call,52165,0,2,0,
9140017,2,1576920255,0x779171b1a6892d0b1ee6021b91f304d6a4db992150a55cd8ff3fc4595677e9e1,0x47ce0c6ed5b0ce3d3a51fdb1c52dc66a7c3c2936,0xf45643d9a87e70e8019bb43eee05d8fa6799ebe5,1000000000000000000,,,call,101399,0,1,0,
9140763,2,1576933135,0xcc510b45e7665856ab2485e38bb997fd3ec5e51aecfdc8b791272f951cc72817,0x47ce0c6ed5b0ce3d3a51fdb1c52dc66a7c3c2936,0xea1f6a2a89d7179edca42bb9e2380cb7873b9814,974500000000000000,,,call,59594,0,1,0,
9140763,3,1576933135,0xcc510b45e7665856ab2485e38bb997fd3ec5e51aecfdc8b791272f951cc72817,0x47ce0c6ed5b0ce3d3a51fdb1c52dc66a7c3c2936,0x7d3bb46c78b0c4949639ce34896bfd875b97ad08,25500000000000000,,,call,52165,0,2,0,
9141444,2,1576944668,0x36b6ea47c8cfc961f48a7eb1500d104208903ed2c16731ab259afdf54cafd81e,0x47ce0c6ed5b0ce3d3a51fdb1c52dc66a7c3c2936,0x0978800656f7d3c86432c470a747bf494b3fe6a3,974000000000000000,,,call,59594,0,1,0,
9141444,3,1576944668,0x36b6ea47c8cfc961f48a7eb1500d104208903ed2c16731ab259afdf54cafd81e,0x47ce0c6ed5b0ce3d3a51fdb1c52dc66a7c3c2936,0xefab18983029d2ba840e34698efb67fdf8120711,26000000000000000,,,call,52165,0,2,0,
9149567,2,1577084578,0xc9b3aa208f2cbb5fad42d22a5339cc7eb2f1dcae15eaf1c4531b7c7c0872e6b9,0x47ce0c6ed5b0ce3d3a51fdb1c52dc66a7c3c2936,0x4dada9f1b5e0db15128b2b53dc4f7c64068f47d2,973500000000000000,,,call,59594,0,1,0,
9149567,3,1577084578,0xc9b3aa208f2cbb5fad42d22a5339cc7eb2f1dcae15eaf1c4531b7c7c0872e6b9,0x47ce0c6ed5b0ce3d3a51fdb1c52dc66a7c3c2936,0x0f416bc2d310a1c32bc1081cf354c15fd10d4802,26500000000000000,,,call,52165,0,2,0,
9152124,2,1577128609,0x00590c56958d1f80612b315445fa046f7bc9f25bcadfa0bc6e87b4b2f3ff1953,0x47ce0c6ed5b0ce3d3a51fdb1c52dc66a7c3c2936,0x31108494f9b52a6f75e74ed54888706b23de9f85,974500000000000000,,,call,59594,0,1,0,
9152124,3,1577128609,0x00590c56958d1f80612b315445fa046f7bc9f25bcadfa0bc6e87b4b2f3ff1953,0x47ce0c6ed5b0ce3d3a51fdb1c52dc66a7c3c2936,0x0f416bc2d310a1c32bc1081cf354c15fd10d4802,25500000000000000,,,call,52165,0,2,0,
9152459,2,1577134531,0x0198c3135e5998183cdcec27d021658cc6bf3c5c9ff76f173793f881fc4fc3b9,0x47ce0c6ed5b0ce3d3a51fdb1c52dc66a7c3c2936,0x31108494f9b52a6f75e74ed54888706b23de9f85,974500000000000000,,,call,59594,0,1,0,
9152459,3,1577134531,0x0198c3135e5998183cdcec27d021658cc6bf3c5c9ff76f173793f881fc4fc3b9,0x47ce0c6ed5b0ce3d3a51fdb1c52dc66a7c3c2936,0x7d3bb46c78b0c4949639ce34896bfd875b97ad08,25500000000000000,,,call,52165,0,2,0,
9156760,2,1577207773,0xcd9e9f5408c437df039b2b4f75f5f7793762a0d2b35990b7400c8b76b01872c9,0x47ce0c6ed5b0ce3d3a51fdb1c52dc66a7c3c2936,0xc3cfd6b28dd5f4b7755dd4dcd2fa703fd601d831,973500000000000000,,,call,59594,0,1,0,
9156760,3,1577207773,0xcd9e9f5408c437df039b2b4f75f5f7793762a0d2b35990b7400c8b76b01872c9,0x47ce0c6ed5b0ce3d3a51fdb1c52dc66a7c3c2936,0x7d3bb46c78b0c4949639ce34896bfd875b97ad08,26500000000000000,,,call,52165,0,2,0,
9156761,2,1577207798,0x5ef793e3af3efb0f12b83119e6ef99ce5de62219483f4b26b68aa6293d60c0ea,0x47ce0c6ed5b0ce3d3a51fdb1c52dc66a7c3c2936,0xc3cfd6b28dd5f4b7755dd4dcd2fa703fd601d831,973500000000000000,,,call,59594,0,1,0,
9156761,3,1577207798,0x5ef793e3af3efb0f12b83119e6ef99ce5de62219483f4b26b68aa6293d60c0ea,0x47ce0c6ed5b0ce3d3a51fdb1c52dc66a7c3c2936,0x0f416bc2d310a1c32bc1081cf354c15fd10d4802,26500000000000000,,,call,52165,0,2,0,
9156766,2,1577208019,0x7dc8d1421bef0cba1aa472f0c7dc8e4b75ac677f521e955bae9007bff9ac0f64,0x47ce0c6ed5b0ce3d3a51fdb1c52dc66a7c3c2936,0xd50be9fe0d6bb93208c2151a038ce0b127b7bb88,984500000000000000,,,call,59594,0,1,0,
9156766,3,1577208019,0x7dc8d1421bef0cba1aa472f0c7dc8e4b75ac677f521e955bae9007bff9ac0f64,0x47ce0c6ed5b0ce3d3a51fdb1c52dc66a7c3c2936,0xe0f87651d3b65641c0fe1b71c5fbe88236d4b2e6,15500000000000000,,,call,52165,0,2,0,
9156931,2,1577210885,0xcb2061a094ba006bb6844d582f4c1c0dc739c44079337561c0573e58b8aad6f7,0x47ce0c6ed5b0ce3d3a51fdb1c52dc66a7c3c2936,0x9d2099bf2d8647a9199b1d725a46845537bed774,1000000000000000000,,,call,101399,0,1,0,
9157040,2,1577212908,0xfc4bb5116611ebe4a9da30a35bb2044d9478002e25c2d6721ef46b3dc6af17c6,0x47ce0c6ed5b0ce3d3a51fdb1c52dc66a7c3c2936,0x31108494f9b52a6f75e74ed54888706b23de9f85,969500000000000000,,,call,59594,0,1,0,
9157040,3,1577212908,0xfc4bb5116611ebe4a9da30a35bb2044d9478002e25c2d6721ef46b3dc6af17c6,0x47ce0c6ed5b0ce3d3a51fdb1c52dc66a7c3c2936,0xefab18983029d2ba840e34698efb67fdf8120711,30500000000000000,,,call,52165,0,2,0,
9157049,2,1577213090,0x83ae11f2399da463a9a2ec7909279fed63abb46ee1c1752e7836a7c4b2805325,0x47ce0c6ed5b0ce3d3a51fdb1c52dc66a7c3c2936,0x31108494f9b52a6f75e74ed54888706b23de9f85,984500000000000000,,,call,59594,0,1,0,
9157049,3,1577213090,0x83ae11f2399da463a9a2ec7909279fed63abb46ee1c1752e7836a7c4b2805325,0x47ce0c6ed5b0ce3d3a51fdb1c52dc66a7c3c2936,0xe0f87651d3b65641c0fe1b71c5fbe88236d4b2e6,15500000000000000,,,call,52165,0,2,0,
9157051,2,1577213139,0x929ffd13f36beec32baf863d9d5777a2cc1bbf915335e9edd2e626d2c53296e2,0x47ce0c6ed5b0ce3d3a51fdb1c52dc66a7c3c2936,0x31108494f9b52a6f75e74ed54888706b23de9f85,984500000000000000,,,call,59594,0,1,0,
9157051,3,1577213139,0x929ffd13f36beec32baf863d9d5777a2cc1bbf915335e9edd2e626d2c53296e2,0x47ce0c6ed5b0ce3d3a51fdb1c52dc66a7c3c2936,0xe0f87651d3b65641c0fe1b71c5fbe88236d4b2e6,15500000000000000,,,call,52165,0,2,0,
9159892,2,1577262892,0xbc9e9598571c4d144bcfce68d728961a5cc6803eca33a8d0c29350587ce3ab5a,0x47ce0c6ed5b0ce3d3a51fdb1c52dc66a7c3c2936,0xfc1bd509a9ca1d123d146b04fb99daf12250ce10,973000000000000000,,,call,59594,0,1,0,
9159892,3,1577262892,0xbc9e9598571c4d144bcfce68d728961a5cc6803eca33a8d0c29350587ce3ab5a,0x47ce0c6ed5b0ce3d3a51fdb1c52dc66a7c3c2936,0xefab18983029d2ba840e34698efb67fdf8120711,27000000000000000,,,call,52165,0,2,0,
9160897,2,1577280171,0xe3d11a3c5197bd163600cb59f1caddb76fdf045fe38142d9a7814f872bacf849,0x47ce0c6ed5b0ce3d3a51fdb1c52dc66a7c3c2936,0x0bcefc33d44ee27e1ee3ad5f680cc08207d44fa2,980500000000000000,,,call,59594,0,1,0,
9160897,3,1577280171,0xe3d11a3c5197bd163600cb59f1caddb76fdf045fe38142d9a7814f872bacf849,0x47ce0c6ed5b0ce3d3a51fdb1c52dc66a7c3c2936,0xe0f87651d3b65641c0fe1b71c5fbe88236d4b2e6,19500000000000000,,,call,52165,0,2,0,
9161044,2,1577282714,0x93555ef6242569d63686bc400c24e9f75753ed764c41e9bbef9a91ddbd85371e,0x47ce0c6ed5b0ce3d3a51fdb1c52dc66a7c3c2936,0x24dd6d1fb7a6103d22999c281ec5672038761f26,980500000000000000,,,call,59594,0,1,0,
9161044,3,1577282714,0x93555ef6242569d63686bc400c24e9f75753ed764c41e9bbef9a91ddbd85371e,0x47ce0c6ed5b0ce3d3a51fdb1c52dc66a7c3c2936,0xe0f87651d3b65641c0fe1b71c5fbe88236d4b2e6,19500000000000000,,,call,52165,0,2,0,
9161048,2,1577282798,0xd70dfa3a21bbbe22092aba5595b30ee5e9f4295ad4b9f0cf0d7c7a688b364d81,0x47ce0c6ed5b0ce3d3a51fdb1c52dc66a7c3c2936,0x0412acdb9f7042c34f54d26d174938cd116b59e3,980500000000000000,,,call,59594,0,1,0,
9161048,3,1577282798,0xd70dfa3a21bbbe22092aba5595b30ee5e9f4295ad4b9f0cf0d7c7a688b364d81,0x47ce0c6ed5b0ce3d3a51fdb1c52dc66a7c3c2936,0xe0f87651d3b65641c0fe1b71c5fbe88236d4b2e6,19500000000000000,,,call,52165,0,2,0,
9161060,2,1577283083,0x6891bbfdea46bc62aef7cb79927f1bb816fa6af5941e16e18c90b0c9ec00e7bf,0x47ce0c6ed5b0ce3d3a51fdb1c52dc66a7c3c2936,0x985d9e5c45a4969d4a84d5819c4cf881c66fa956,980500000000000000,,,call,59594,0,1,0,
9161060,3,1577283083,0x6891bbfdea46bc62aef7cb79927f1bb816fa6af5941e16e18c90b0c9ec00e7bf,0x47ce0c6ed5b0ce3d3a51fdb1c52dc66a7c3c2936,0xe0f87651d3b65641c0fe1b71c5fbe88236d4b2e6,19500000000000000,,,call,52165,0,2,0,
9164975,2,1577350294,0x74b1838b3ced898b34b4cb4d67824b1a5efcbb6091e19e564a30e8314fe4f55a,0x47ce0c6ed5b0ce3d3a51fdb1c52dc66a7c3c2936,0xf4133f3a2aa70fe18b3fcce7bb7ff58dc310da2a,973500000000000000,,,call,59594,0,1,0,
9164975,3,1577350294,0x74b1838b3ced898b34b4cb4d67824b1a5efcbb6091e19e564a30e8314fe4f55a,0x47ce0c6ed5b0ce3d3a51fdb1c52dc66a7c3c2936,0x0f416bc2d310a1c32bc1081cf354c15fd10d4802,26500000000000000,,,call,52165,0,2,0,
9165147,2,1577353543,0xa7b3166429066bfa8d55d89376ac3bd9aaf4b21559bf721ae9711b9141188f05,0x47ce0c6ed5b0ce3d3a51fdb1c52dc66a7c3c2936,0xd3a8a759330d9a9d1e4d1f3e484d567b8f020e01,984000000000000000,,,call,59594,0,1,0,
9165147,3,1577353543,0xa7b3166429066bfa8d55d89376ac3bd9aaf4b21559bf721ae9711b9141188f05,0x47ce0c6ed5b0ce3d3a51fdb1c52dc66a7c3c2936,0xe0f87651d3b65641c0fe1b71c5fbe88236d4b2e6,16000000000000000,,,call,52165,0,2,0,
9166907,2,1577383726,0x63190d88e4d1de362bc7f0e21794dfaacc742428383add55d15abe7ca7dd15f2,0x47ce0c6ed5b0ce3d3a51fdb1c52dc66a7c3c2936,0xf553a10c7318c8636080509d42d758a95bbe18d9,969500000000000000,,,call,59594,0,1,0,
9166907,3,1577383726,0x63190d88e4d1de362bc7f0e21794dfaacc742428383add55d15abe7ca7dd15f2,0x47ce0c6ed5b0ce3d3a51fdb1c52dc66a7c3c2936,0x7d3bb46c78b0c4949639ce34896bfd875b97ad08,30500000000000000,,,call,52165,0,2,0,
9170004,2,1577436783,0xaa64996638a353a24eb9aeaeb0dbd2654334f6555f73e4311d485b41c3972b3d,0x47ce0c6ed5b0ce3d3a51fdb1c52dc66a7c3c2936,0x82335f6a04a39da587bf7b85df3afb2a5c9a5d8e,969500000000000000,,,call,59594,0,1,0,
9170004,3,1577436783,0xaa64996638a353a24eb9aeaeb0dbd2654334f6555f73e4311d485b41c3972b3d,0x47ce0c6ed5b0ce3d3a51fdb1c52dc66a7c3c2936,0x7d3bb46c78b0c4949639ce34896bfd875b97ad08,30500000000000000,,,call,52165,0,2,0,
9171614,2,1577464395,0x6664cbb5bef3a46b89c286fd7e04a6fc3d6484068bb69b9a8edd9dce34eda9b0,0x47ce0c6ed5b0ce3d3a51fdb1c52dc66a7c3c2936,0xe52c76bedec95b261586a9f6c918304b7fc6ed25,974000000000000000,,,call,59594,0,1,0,
9171614,3,1577464395,0x6664cbb5bef3a46b89c286fd7e04a6fc3d6484068bb69b9a8edd9dce34eda9b0,0x47ce0c6ed5b0ce3d3a51fdb1c52dc66a7c3c2936,0x0f416bc2d310a1c32bc1081cf354c15fd10d4802,26000000000000000,,,call,52165,0,2,0,
9171684,2,1577465830,0x6680b22e953cd734ff91e1840191974ca15575f0f768b7122c483acddc49238b,0x47ce0c6ed5b0ce3d3a51fdb1c52dc66a7c3c2936,0xd4e64db18d32c81158906c9b108423a748b8182a,985000000000000000,,,call,59594,0,1,0,
9171684,3,1577465830,0x6680b22e953cd734ff91e1840191974ca15575f0f768b7122c483acddc49238b,0x47ce0c6ed5b0ce3d3a51fdb1c52dc66a7c3c2936,0xe0f87651d3b65641c0fe1b71c5fbe88236d4b2e6,15000000000000000,,,call,52165,0,2,0,
9172359,2,1577477778,0x3e83d412dbe95134c7ba98e57ac2ccf7e3d99cfbf40de969e6c7b9c7ae4ad5b7,0x47ce0c6ed5b0ce3d3a51fdb1c52dc66a7c3c2936,0x88eddc8b38caabc481f24819057938337d1ec1d2,975000000000000000,,,call,59594,0,1,0,
9172359,3,1577477778,0x3e83d412dbe95134c7ba98e57ac2ccf7e3d99cfbf40de969e6c7b9c7ae4ad5b7,0x47ce0c6ed5b0ce3d3a51fdb1c52dc66a7c3c2936,0x0f416bc2d310a1c32bc1081cf354c15fd10d4802,25000000000000000,,,call,52165,0,2,0,
9176679,2,1577551333,0x99a83f2ae89d8d0a03ef5c8ab252ab2f0f398ff0ac5f27fbde690290a23a6ef8,0x47ce0c6ed5b0ce3d3a51fdb1c52dc66a7c3c2936,0x9859c1d81d3e652d3b6f26cd02875e840a55ac61,984500000000000000,,,call,59594,0,1,0,
9176679,3,1577551333,0x99a83f2ae89d8d0a03ef5c8ab252ab2f0f398ff0ac5f27fbde690290a23a6ef8,0x47ce0c6ed5b0ce3d3a51fdb1c52dc66a7c3c2936,0xe0f87651d3b65641c0fe1b71c5fbe88236d4b2e6,15500000000000000,,,call,52165,0,2,0,
9177333,2,1577562851,0xea99615d033b905c911be96aba4b6cb46ddf3c5dd7630412a5e6ed381d5821c9,0x47ce0c6ed5b0ce3d3a51fdb1c52dc66a7c3c2936,0xf3e4397d10b46b396f113c94908af9b88cc65ff4,969500000000000000,,,call,59594,0,1,0,
9177333,3,1577562851,0xea99615d033b905c911be96aba4b6cb46ddf3c5dd7630412a5e6ed381d5821c9,0x47ce0c6ed5b0ce3d3a51fdb1c52dc66a7c3c2936,0xefab18983029d2ba840e34698efb67fdf8120711,30500000000000000,,,call,52165,0,2,0,
9178952,2,1577589937,0xb667476b2b9afb0646f484ee9386454acbafd63bf60671ea9000657e4a284d0b,0x47ce0c6ed5b0ce3d3a51fdb1c52dc66a7c3c2936,0xa0d9d8065ecf7e20585a1b6294d5d74b6d3dc61a,1000000000000000000,,,call,103598,2234,1,0,
9181063,2,1577626667,0x4682f3af157d14329f19618867ee1361e5140db48f56c448aee59f89f93894cb,0x47ce0c6ed5b0ce3d3a51fdb1c52dc66a7c3c2936,0x33a316107f71909b7d638f7dd40713c8bbe2d684,980500000000000000,,,call,59594,0,1,0,
9181063,3,1577626667,0x4682f3af157d14329f19618867ee1361e5140db48f56c448aee59f89f93894cb,0x47ce0c6ed5b0ce3d3a51fdb1c52dc66a7c3c2936,0xe0f87651d3b65641c0fe1b71c5fbe88236d4b2e6,19500000000000000,,,call,52165,0,2,0,
9181375,2,1577632085,0xf3c95497d8568179a5931f902f8468f3b8b5a742c60e77c06b4ca563f86c91ac,0x47ce0c6ed5b0ce3d3a51fdb1c52dc66a7c3c2936,0x33a316107f71909b7d638f7dd40713c8bbe2d684,985000000000000000,,,call,59594,0,1,0,
9181375,3,1577632085,0xf3c95497d8568179a5931f902f8468f3b8b5a742c60e77c06b4ca563f86c91ac,0x47ce0c6ed5b0ce3d3a51fdb1c52dc66a7c3c2936,0xe0f87651d3b65641c0fe1b71c5fbe88236d4b2e6,15000000000000000,,,call,52165,0,2,0,
9182185,2,1577645798,0x5dadcc7ff4fb190f52bc7ec9cad10b9952089f9b05e9eea0184c2cdb2b690b03,0x47ce0c6ed5b0ce3d3a51fdb1c52dc66a7c3c2936,0x708c7afae3e56003460be5f44fc29dd2945c1bb0,973500000000000000,,,call,59594,0,1,0,
9182185,3,1577645798,0x5dadcc7ff4fb190f52bc7ec9cad10b9952089f9b05e9eea0184c2cdb2b690b03,0x47ce0c6ed5b0ce3d3a51fdb1c52dc66a7c3c2936,0x7d3bb46c78b0c4949639ce34896bfd875b97ad08,26500000000000000,,,call,52165,0,2,0,
9182371,2,1577648779,0x8f0e09743a9d37f6e6535fe3855b89baded162850efdb5e1216dcbc7c54d54c8,0x47ce0c6ed5b0ce3d3a51fdb1c52dc66a7c3c2936,0xd91f932a186adfa7c011e0a428563af1817c2e5a,973500000000000000,,,call,59594,0,1,0,
9182371,3,1577648779,0x8f0e09743a9d37f6e6535fe3855b89baded162850efdb5e1216dcbc7c54d54c8,0x47ce0c6ed5b0ce3d3a51fdb1c52dc66a7c3c2936,0xefab18983029d2ba840e34698efb67fdf8120711,26500000000000000,,,call,52165,0,2,0,
9182594,2,1577652787,0xf5e18a2442cd69077d2da2b930074f384c3ec000715b2b3a98b312c38045e0a9,0x47ce0c6ed5b0ce3d3a51fdb1c52dc66a7c3c2936,0x5f835468acb7a18b46918b9f0b5668356834d4a4,973500000000000000,,,call,59594,0,1,0,
9182594,3,1577652787,0xf5e18a2442cd69077d2da2b930074f384c3ec000715b2b3a98b312c38045e0a9,0x47ce0c6ed5b0ce3d3a51fdb1c52dc66a7c3c2936,0x7d3bb46c78b0c4949639ce34896bfd875b97ad08,26500000000000000,,,call,52165,0,2,0,
9182875,2,1577657949,0xd899e57309ba9340b2fadc40899d93baaa380950a89f02d9af2ea2f2e10b8538,0x47ce0c6ed5b0ce3d3a51fdb1c52dc66a7c3c2936,0x666132cd7fc8c2611225163f85e7b45d7c9ddbdd,973500000000000000,,,call,59594,0,1,0,
9182875,3,1577657949,0xd899e57309ba9340b2fadc40899d93baaa380950a89f02d9af2ea2f2e10b8538,0x47ce0c6ed5b0ce3d3a51fdb1c52dc66a7c3c2936,0x0f416bc2d310a1c32bc1081cf354c15fd10d4802,26500000000000000,,,call,52165,0,2,0,
9183497,2,1577667877,0xa8092804565187740cea4d56b0f53c63594ca25b3c550f84d2c1f72eefb376da,0x47ce0c6ed5b0ce3d3a51fdb1c52dc66a7c3c2936,0x9d2099bf2d8647a9199b1d725a46845537bed774,1000000000000000000,,,call,101399,0,1,0,
9183514,2,1577668340,0x6d6b4f2eb3451ec4de6b1cd0ce376cbbb141e985bab07e5815ecddb211deea2b,0x47ce0c6ed5b0ce3d3a51fdb1c52dc66a7c3c2936,0xd4e64db18d32c81158906c9b108423a748b8182a,973500000000000000,,,call,59594,0,1,0,
9183514,3,1577668340,0x6d6b4f2eb3451ec4de6b1cd0ce376cbbb141e985bab07e5815ecddb211deea2b,0x47ce0c6ed5b0ce3d3a51fdb1c52dc66a7c3c2936,0xefab18983029d2ba840e34698efb67fdf8120711,26500000000000000,,,call,52165,0,2,0,
9183823,2,1577673709,0xc065353903093aba3a47d2a354082056f34f49fe7c6555df52ded15406899ffe,0x47ce0c6ed5b0ce3d3a51fdb1c52dc66a7c3c2936,0xa9f063ca03bff258db008ed4ca72347cf1cf48f7,969500000000000000,,,call,59594,0,1,0,
9183823,3,1577673709,0xc065353903093aba3a47d2a354082056f34f49fe7c6555df52ded15406899ffe,0x47ce0c6ed5b0ce3d3a51fdb1c52dc66a7c3c2936,0x0f416bc2d310a1c32bc1081cf354c15fd10d4802,30500000000000000,,,call,52165,0,2,0,
9184117,2,1577678925,0x8f4dac0b5b267f22194c86b753aaaf3ab270e24baa142fd5b652a592c0e129be,0x47ce0c6ed5b0ce3d3a51fdb1c52dc66a7c3c2936,0xdcbcc7c0e9fb570077966747b5bbda77609bafea,969500000000000000,,,call,59594,0,1,0,
9184117,3,1577678925,0x8f4dac0b5b267f22194c86b753aaaf3ab270e24baa142fd5b652a592c0e129be,0x47ce0c6ed5b0ce3d3a51fdb1c52dc66a7c3c2936,0xefab18983029d2ba840e34698efb67fdf8120711,30500000000000000,,,call,52165,0,2,0,
9184149,2,1577679568,0x06c2089f81947b1fe55e2d4ab36f7d2e7e7bf64199099082dde478242c7a9597,0x47ce0c6ed5b0ce3d3a51fdb1c52dc66a7c3c2936,0x360e0138459033d9dd41234145519ca8af876088,973500000000000000,,,call,59594,0,1,0,
9184149,3,1577679568,0x06c2089f81947b1fe55e2d4ab36f7d2e7e7bf64199099082dde478242c7a9597,0x47ce0c6ed5b0ce3d3a51fdb1c52dc66a7c3c2936,0xefab18983029d2ba840e34698efb67fdf8120711,26500000000000000,,,call,52165,0,2,0,
9184269,2,1577681554,0x365bed06ec49b90fde6c2625edd9476fda1660a567e0bd2a94d162eafcd05ac7,0x47ce0c6ed5b0ce3d3a51fdb1c52dc66a7c3c2936,0x6b7d6afad7316dd427fd8475053fe6c49161362c,984500000000000000,,,call,59594,0,1,0,
9184269,3,1577681554,0x365bed06ec49b90fde6c2625edd9476fda1660a567e0bd2a94d162eafcd05ac7,0x47ce0c6ed5b0ce3d3a51fdb1c52dc66a7c3c2936,0xe0f87651d3b65641c0fe1b71c5fbe88236d4b2e6,15500000000000000,,,call,52165,0,2,0,
9186476,2,1577719667,0xea6c93568341ffd1319d32972faa34110baf7de0ec6afbd5b517d6ff4d9c5fce,0x47ce0c6ed5b0ce3d3a51fdb1c52dc66a7c3c2936,0x3b2572f562413f79f19d19ca5d535b5b7d55c2a5,984500000000000000,,,call,59594,0,1,0,
9186476,3,1577719667,0xea6c93568341ffd1319d32972faa34110baf7de0ec6afbd5b517d6ff4d9c5fce,0x47ce0c6ed5b0ce3d3a51fdb1c52dc66a7c3c2936,0xe0f87651d3b65641c0fe1b71c5fbe88236d4b2e6,15500000000000000,,,call,52165,0,2,0,
9188387,2,1577752176,0x0494a819fbea9672af31cfc1f4eda9417a9f02706f504eff5e0238d47f139182,0x47ce0c6ed5b0ce3d3a51fdb1c52dc66a7c3c2936,0x82c0acfd7c6d76397e69fcc1e4c9ab673d3947e4,1000000000000000000,,,call,101399,0,1,0,
9188774,2,1577759091,0x93c8afa633cbac242afe32c6b9b575a86634e00e62862a79bc757a698a1ef7b6,0x47ce0c6ed5b0ce3d3a51fdb1c52dc66a7c3c2936,0xb4b79424eb8c1cc401fc56f99a3083fe7f76fa84,985850000000000000,,,call,59594,0,1,0,
9188774,3,1577759091,0x93c8afa633cbac242afe32c6b9b575a86634e00e62862a79bc757a698a1ef7b6,0x47ce0c6ed5b0ce3d3a51fdb1c52dc66a7c3c2936,0xe0f87651d3b65641c0fe1b71c5fbe88236d4b2e6,14150000000000000,,,call,52165,0,2,0,
9188787,2,1577759398,0xd0730045bc9933f0ffcf1b3b925449f678a59d5696bf9b2a3583a2e5c0d50007,0x47ce0c6ed5b0ce3d3a51fdb1c52dc66a7c3c2936,0xb4b79424eb8c1cc401fc56f99a3083fe7f76fa84,985500000000000000,,,call,59594,0,1,0,
9188787,3,1577759398,0xd0730045bc9933f0ffcf1b3b925449f678a59d5696bf9b2a3583a2e5c0d50007,0x47ce0c6ed5b0ce3d3a51fdb1c52dc66a7c3c2936,0xe0f87651d3b65641c0fe1b71c5fbe88236d4b2e6,14500000000000000,,,call,52165,0,2,0,
9189053,2,1577763769,0x5ae5405ff9510a243f8f5bf39a12f554c0157bb6f3847473320a00a3d079de35,0x47ce0c6ed5b0ce3d3a51fdb1c52dc66a7c3c2936,0x50a1da25bf9e93e5f0eefbeba0db8dda160222a4,984500000000000000,,,call,59594,0,1,0,
9189053,3,1577763769,0x5ae5405ff9510a243f8f5bf39a12f554c0157bb6f3847473320a00a3d079de35,0x47ce0c6ed5b0ce3d3a51fdb1c52dc66a7c3c2936,0xe0f87651d3b65641c0fe1b71c5fbe88236d4b2e6,15500000000000000,,,call,52165,0,2,0,
9189589,2,1577773857,0x13d544057a03ee6f9c9358a237f0124c7a636cbcce90b4282024539992f0dae7,0x47ce0c6ed5b0ce3d3a51fdb1c52dc66a7c3c2936,0x83eedc77dd4f8879aa4cc50678df30a0d2f8e171,984500000000000000,,,call,59594,0,1,0,
9189589,3,1577773857,0x13d544057a03ee6f9c9358a237f0124c7a636cbcce90b4282024539992f0dae7,0x47ce0c6ed5b0ce3d3a51fdb1c52dc66a7c3c2936,0xe0f87651d3b65641c0fe1b71c5fbe88236d4b2e6,15500000000000000,,,call,52165,0,2,0,
9189597,2,1577774113,0xf38b4dd173bcface085694d51df7f508c6e6e8c0ab71bcd867061e3b90a2427e,0x47ce0c6ed5b0ce3d3a51fdb1c52dc66a7c3c2936,0x6b8cc11d53aa3e8180cf2d41e9074d8c431d51c5,973500000000000000,,,call,59594,0,1,0,
9189597,3,1577774113,0xf38b4dd173bcface085694d51df7f508c6e6e8c0ab71bcd867061e3b90a2427e,0x47ce0c6ed5b0ce3d3a51fdb1c52dc66a7c3c2936,0xefab18983029d2ba840e34698efb67fdf8120711,26500000000000000,,,call,52165,0,2,0,
9189650,2,1577774903,0x28fca1add64c88b8e20312ea46841edfccd9633c699973cb8423b76048bf9fa7,0x47ce0c6ed5b0ce3d3a51fdb1c52dc66a7c3c2936,0x83eedc77dd4f8879aa4cc50678df30a0d2f8e171,973500000000000000,,,call,59594,0,1,0,
9189650,3,1577774903,0x28fca1add64c88b8e20312ea46841edfccd9633c699973cb8423b76048bf9fa7,0x47ce0c6ed5b0ce3d3a51fdb1c52dc66a7c3c2936,0xefab18983029d2ba840e34698efb67fdf8120711,26500000000000000,,,call,52165,0,2,0,
9189690,2,1577775571,0xce0685347be5123bac8ee9efa7acbe7731758ae856bfefb7cee9e1473d4ec7cb,0x47ce0c6ed5b0ce3d3a51fdb1c52dc66a7c3c2936,0xd4e64db18d32c81158906c9b108423a748b8182a,973500000000000000,,,call,59594,0,1,0,
9189690,3,1577775571,0xce0685347be5123bac8ee9efa7acbe7731758ae856bfefb7cee9e1473d4ec7cb,0x47ce0c6ed5b0ce3d3a51fdb1c52dc66a7c3c2936,0x0f416bc2d310a1c32bc1081cf354c15fd10d4802,26500000000000000,,,call,52165,0,2,0,
9190021,2,1577781112,0x955b803a348a292493d02a6b646d8d6d5a9e98e4251c7f16ed626a7aee1e4af2,0x47ce0c6ed5b0ce3d3a51fdb1c52dc66a7c3c2936,0x2b926a9d72859fdafc063bf004c3d90b241d6bd9,985250000000000000,,,call,59594,0,1,0,
9190021,3,1577781112,0x955b803a348a292493d02a6b646d8d6d5a9e98e4251c7f16ed626a7aee1e4af2,0x47ce0c6ed5b0ce3d3a51fdb1c52dc66a7c3c2936,0xe0f87651d3b65641c0fe1b71c5fbe88236d4b2e6,14750000000000000,,,call,52165,0,2,0,
9190499,2,1577789698,0xb342a2f6bd2654108fae6fe269d45db8eceaf9ecea1be12e5908337ef5791ccf,0x47ce0c6ed5b0ce3d3a51fdb1c52dc66a7c3c2936,0x9a2799e514a369834c2999245f9a6038330a8ce3,980500000000000000,,,call,59594,0,1,0,
9190499,3,1577789698,0xb342a2f6bd2654108fae6fe269d45db8eceaf9ecea1be12e5908337ef5791ccf,0x47ce0c6ed5b0ce3d3a51fdb1c52dc66a7c3c2936,0xe0f87651d3b65641c0fe1b71c5fbe88236d4b2e6,19500000000000000,,,call,52165,0,2,0,
9190510,2,1577789928,0x88bb5431e95f6e3fbeb37baa3746becd378a1e60e670475366eb1e962de27519,0x47ce0c6ed5b0ce3d3a51fdb1c52dc66a7c3c2936,0xc4eed6c960678c7f0e582cc48725892378524484,969500000000000000,,,call,59594,0,1,0,
9190510,3,1577789928,0x88bb5431e95f6e3fbeb37baa3746becd378a1e60e670475366eb1e962de27519,0x47ce0c6ed5b0ce3d3a51fdb1c52dc66a7c3c2936,0x0f416bc2d310a1c32bc1081cf354c15fd10d4802,30500000000000000,,,call,52165,0,2,0,
9190521,2,1577790108,0x1a4168ddeff161125925a5ef4fd0d70682d3eb6a3f985e6ed57307bcc3db3d2d,0x47ce0c6ed5b0ce3d3a51fdb1c52dc66a7c3c2936,0xb2fc012af715caef688397e71b0aa680327092b8,980500000000000000,,,call,59594,0,1,0,
9190521,3,1577790108,0x1a4168ddeff161125925a5ef4fd0d70682d3eb6a3f985e6ed57307bcc3db3d2d,0x47ce0c6ed5b0ce3d3a51fdb1c52dc66a7c3c2936,0xe0f87651d3b65641c0fe1b71c5fbe88236d4b2e6,19500000000000000,,,call,52165,0,2,0,
9190607,2,1577791141,0x60110a05a72ca6c50a26405d27949860c3bfbd05f1b08c7e38ade92b933100e6,0x47ce0c6ed5b0ce3d3a51fdb1c52dc66a7c3c2936,0xd41867747142745b8f3fc447371df7f2b1ef35dc,980500000000000000,,,call,59594,0,1,0,
9190607,3,1577791141,0x60110a05a72ca6c50a26405d27949860c3bfbd05f1b08c7e38ade92b933100e6,0x47ce0c6ed5b0ce3d3a51fdb1c52dc66a7c3c2936,0xe0f87651d3b65641c0fe1b71c5fbe88236d4b2e6,19500000000000000,,,call,52165,0,2,0,
9190629,2,1577791455,0xca397c9ae2d3c7902bfc513ca917342f28a7e75e80e1cd2c6c0701a7f8581068,0x47ce0c6ed5b0ce3d3a51fdb1c52dc66a7c3c2936,0x6f2b31254b9d793899c0fd833e3d544ee7148a4e,969500000000000000,,,call,59594,0,1,0,
9190629,3,1577791455,0xca397c9ae2d3c7902bfc513ca917342f28a7e75e80e1cd2c6c0701a7f8581068,0x47ce0c6ed5b0ce3d3a51fdb1c52dc66a7c3c2936,0xefab18983029d2ba840e34698efb67fdf8120711,30500000000000000,,,call,52165,0,2,0,
9191444,2,1577805234,0xbaa24a3037c02fdba8144b71f79596c35228e71e5f16ccbb129a4fe792df4fab,0x47ce0c6ed5b0ce3d3a51fdb1c52dc66a7c3c2936,0x0b157ac0a65319b0a18aa46b0b0d4497e1074456,984500000000000000,,,call,59594,0,1,0,
9191444,3,1577805234,0xbaa24a3037c02fdba8144b71f79596c35228e71e5f16ccbb129a4fe792df4fab,0x47ce0c6ed5b0ce3d3a51fdb1c52dc66a7c3c2936,0xe0f87651d3b65641c0fe1b71c5fbe88236d4b2e6,15500000000000000,,,call,52165,0,2,0,
9192044,2,1577815723,0x004aa11ed8d9bdac77f395696a994d12a4d0988006ab5f9eaee77bf1ae8bda77,0x47ce0c6ed5b0ce3d3a51fdb1c52dc66a7c3c2936,0xd1373dfb5ff412291c06e5dfe6b25be239dbcf3e,975000000000000000,,,call,59594,0,1,0,
9192044,3,1577815723,0x004aa11ed8d9bdac77f395696a994d12a4d0988006ab5f9eaee77bf1ae8bda77,0x47ce0c6ed5b0ce3d3a51fdb1c52dc66a7c3c2936,0x0f416bc2d310a1c32bc1081cf354c15fd10d4802,25000000000000000,,,call,52165,0,2,0,
9192916,2,1577830612,0xbf9a12bd1b5aa52a4212dc6f45c19ffe6cca1dc9d3084cd8f3b3340cbf574dd7,0x47ce0c6ed5b0ce3d3a51fdb1c52dc66a7c3c2936,0xc6ee47385c205139612a4f847a067bfcdc59df54,984000000000000000,,,call,61205,1636,1,0,
9192916,4,1577830612,0xbf9a12bd1b5aa52a4212dc6f45c19ffe6cca1dc9d3084cd8f3b3340cbf574dd7,0x47ce0c6ed5b0ce3d3a51fdb1c52dc66a7c3c2936,0xe0f87651d3b65641c0fe1b71c5fbe88236d4b2e6,16000000000000000,,,call,52165,0,2,0,
9193154,2,1577835022,0x6d12a884239cc34612ffead57fae2eed4ba1820e712c39c8a3dc3bbb60c0aae9,0x47ce0c6ed5b0ce3d3a51fdb1c52dc66a7c3c2936,0x90185c2e2a0bb7cad15b9fd0599941b469dc0099,973050000000000000,,,call,59594,0,1,0,
9193154,3,1577835022,0x6d12a884239cc34612ffead57fae2eed4ba1820e712c39c8a3dc3bbb60c0aae9,0x47ce0c6ed5b0ce3d3a51fdb1c52dc66a7c3c2936,0xefab18983029d2ba840e34698efb67fdf8120711,26950000000000000,,,call,52165,0,2,0,
9193223,2,1577836103,0x5327b3593e665a1bc6f43041b542100a67cd4c6c07a17ab4aa26e1e2f3e79290,0x47ce0c6ed5b0ce3d3a51fdb1c52dc66a7c3c2936,0xb4b79424eb8c1cc401fc56f99a3083fe7f76fa84,984050000000000000,,,call,59594,0,1,0,
9193223,3,1577836103,0x5327b3593e665a1bc6f43041b542100a67cd4c6c07a17ab4aa26e1e2f3e79290,0x47ce0c6ed5b0ce3d3a51fdb1c52dc66a7c3c2936,0xe0f87651d3b65641c0fe1b71c5fbe88236d4b2e6,15950000000000000,,,call,52165,0,2,0,
9197173,2,1577905307,0x03ed24c3c59afd8131a988c87b6c0af5c39ce6a81b3c7a487927c8aa3a8b9563,0x47ce0c6ed5b0ce3d3a51fdb1c52dc66a7c3c2936,0xadb0f270f367c905d8d2c5f32d4dd5abb58319d2,985450000000000000,,,call,59594,0,1,0,
9197173,3,1577905307,0x03ed24c3c59afd8131a988c87b6c0af5c39ce6a81b3c7a487927c8aa3a8b9563,0x47ce0c6ed5b0ce3d3a51fdb1c52dc66a7c3c2936,0xe0f87651d3b65641c0fe1b71c5fbe88236d4b2e6,14550000000000000,,,call,52165,0,2,0,
9197189,2,1577905566,0x02103f51d0968765a88b3a96f935322ea53bb69c52da6682e7bdda9475a7bea1,0x47ce0c6ed5b0ce3d3a51fdb1c52dc66a7c3c2936,0x31d1a38eb37b1136c2ed413c49bcbf18f16f1245,974000000000000000,,,call,59594,0,1,0,
9197189,3,1577905566,0x02103f51d0968765a88b3a96f935322ea53bb69c52da6682e7bdda9475a7bea1,0x47ce0c6ed5b0ce3d3a51fdb1c52dc66a7c3c2936,0x7d3bb46c78b0c4949639ce34896bfd875b97ad08,26000000000000000,,,call,52165,0,2,0,
9197195,2,1577905652,0xb19c151900acadea4582a91b8fdb5095f6695445a30d5bfb9e9c590f595c2ed1,0x47ce0c6ed5b0ce3d3a51fdb1c52dc66a7c3c2936,0x0fb6312becc2909f13178e6285c84098233bda50,974000000000000000,,,call,59594,0,1,0,
9197195,3,1577905652,0xb19c151900acadea4582a91b8fdb5095f6695445a30d5bfb9e9c590f595c2ed1,0x47ce0c6ed5b0ce3d3a51fdb1c52dc66a7c3c2936,0xefab18983029d2ba840e34698efb67fdf8120711,26000000000000000,,,call,52165,0,2,0,
9197279,2,1577906839,0xb0fff77541e0c327b05fe4bdf669444bc239a14ef87cc23bfa9f42b077e6f5e2,0x47ce0c6ed5b0ce3d3a51fdb1c52dc66a7c3c2936,0x0fb6312becc2909f13178e6285c84098233bda50,969500000000000000,,,call,59594,0,1,0,
9197279,3,1577906839,0xb0fff77541e0c327b05fe4bdf669444bc239a14ef87cc23bfa9f42b077e6f5e2,0x47ce0c6ed5b0ce3d3a51fdb1c52dc66a7c3c2936,0xefab18983029d2ba840e34698efb67fdf8120711,30500000000000000,,,call,52165,0,2,0,
9198800,2,1577932641,0x5034315e286ce42436bf9628942ffc70987847c7c7e84d71be334665601ddf7b,0x47ce0c6ed5b0ce3d3a51fdb1c52dc66a7c3c2936,0xe476ef097ed0dfb6d96a31052eb219a4ce1cad1f,973500000000000000,,,call,59594,0,1,0,
9198800,3,1577932641,0x5034315e286ce42436bf9628942ffc70987847c7c7e84d71be334665601ddf7b,0x47ce0c6ed5b0ce3d3a51fdb1c52dc66a7c3c2936,0xefab18983029d2ba840e34698efb67fdf8120711,26500000000000000,,,call,52165,0,2,0,
9201635,2,1577978514,0x86ba84ffb6240458fa5799984c0a1dfe3c98d609b392f24f955c8866bc9f1c0f,0x47ce0c6ed5b0ce3d3a51fdb1c52dc66a7c3c2936,0xfd275dbf37ad0b6f40e6b51c22716994532551d5,984500000000000000,,,call,59594,0,1,0,
9201635,3,1577978514,0x86ba84ffb6240458fa5799984c0a1dfe3c98d609b392f24f955c8866bc9f1c0f,0x47ce0c6ed5b0ce3d3a51fdb1c52dc66a7c3c2936,0xe0f87651d3b65641c0fe1b71c5fbe88236d4b2e6,15500000000000000,,,call,52165,0,2,0,
9201742,2,1577979845,0xa9323706866993928402e5c30ce67aa940929430d25415d92ace2cff0cf3e2ca,0x47ce0c6ed5b0ce3d3a51fdb1c52dc66a7c3c2936,0xfd275dbf37ad0b6f40e6b51c22716994532551d5,974500000000000000,,,call,59594,0,1,0,
9201742,3,1577979845,0xa9323706866993928402e5c30ce67aa940929430d25415d92ace2cff0cf3e2ca,0x47ce0c6ed5b0ce3d3a51fdb1c52dc66a7c3c2936,0x0f416bc2d310a1c32bc1081cf354c15fd10d4802,25500000000000000,,,call,52165,0,2,0,
9203886,2,1578009125,0x2d29b33f21ba461f2145a501e83a828bedc3f617d3f9611f53b46afeeebd11dd,0x47ce0c6ed5b0ce3d3a51fdb1c52dc66a7c3c2936,0x8d8d66d86589c72124d407807e2b511de697a27a,980500000000000000,,,call,59594,0,1,0,
9203886,3,1578009125,0x2d29b33f21ba461f2145a501e83a828bedc3f617d3f9611f53b46afeeebd11dd,0x47ce0c6ed5b0ce3d3a51fdb1c52dc66a7c3c2936,0xe0f87651d3b65641c0fe1b71c5fbe88236d4b2e6,19500000000000000,,,call,52165,0,2,0,
9205376,2,1578029575,0xa36b393fdad27893ff309b361163675471abe8f0bac4e8832e96be7a0e4b64d7,0x47ce0c6ed5b0ce3d3a51fdb1c52dc66a7c3c2936,0xd982337aaef0937950154ab69ab041f8fd5d9153,974500000000000000,,,call,59594,0,1,0,
9205376,3,1578029575,0xa36b393fdad27893ff309b361163675471abe8f0bac4e8832e96be7a0e4b64d7,0x47ce0c6ed5b0ce3d3a51fdb1c52dc66a7c3c2936,0x0f416bc2d310a1c32bc1081cf354c15fd10d4802,25500000000000000,,,call,52165,0,2,0,
9207709,2,1578060054,0xdf32e1eaa2882d5c8310e6852a0aca8f31c121667deb8a567248c35d9fbf5094,0x47ce0c6ed5b0ce3d3a51fdb1c52dc66a7c3c2936,0x1a0e2a24fb52ef82fb3e0ff1313aea7b9bb1f5cf,973500000000000000,,,call,59594,0,1,0,
9207709,3,1578060054,0xdf32e1eaa2882d5c8310e6852a0aca8f31c121667deb8a567248c35d9fbf5094,0x47ce0c6ed5b0ce3d3a51fdb1c52dc66a7c3c2936,0x7d3bb46c78b0c4949639ce34896bfd875b97ad08,26500000000000000,,,call,52165,0,2,0,
9207715,2,1578060108,0xdc455297c3b41902cc5467613b5f806629337e0604b764d7fcbcecbd5de4da2a,0x47ce0c6ed5b0ce3d3a51fdb1c52dc66a7c3c2936,0x1a0e2a24fb52ef82fb3e0ff1313aea7b9bb1f5cf,974500000000000000,,,call,59594,0,1,0,
9207715,3,1578060108,0xdc455297c3b41902cc5467613b5f806629337e0604b764d7fcbcecbd5de4da2a,0x47ce0c6ed5b0ce3d3a51fdb1c52dc66a7c3c2936,0x0f416bc2d310a1c32bc1081cf354c15fd10d4802,25500000000000000,,,call,52165,0,2,0,
9209404,2,1578081895,0x700977d01228cfef9a40b8493dbe218e298f4e185fde18bd3973388550f7ce98,0x47ce0c6ed5b0ce3d3a51fdb1c52dc66a7c3c2936,0xa57425eb808327def4312d5419e0282569378b33,986000000000000000,,,call,59594,0,1,0,
9209404,3,1578081895,0x700977d01228cfef9a40b8493dbe218e298f4e185fde18bd3973388550f7ce98,0x47ce0c6ed5b0ce3d3a51fdb1c52dc66a7c3c2936,0xe0f87651d3b65641c0fe1b71c5fbe88236d4b2e6,14000000000000000,,,call,52165,0,2,0,
9210604,2,1578098236,0xdec433bf36716e302a2dc689d1d8c08cc0f5076c2ff8ffe59138ae9618df6af5,0x47ce0c6ed5b0ce3d3a51fdb1c52dc66a7c3c2936,0x47376dbab0a842fe5a988cdcd12033261e597928,975000000000000000,,,call,59594,0,1,0,
9210604,3,1578098236,0xdec433bf36716e302a2dc689d1d8c08cc0f5076c2ff8ffe59138ae9618df6af5,0x47ce0c6ed5b0ce3d3a51fdb1c52dc66a7c3c2936,0x7d3bb46c78b0c4949639ce34896bfd875b97ad08,25000000000000000,,,call,52165,0,2,0,
9210837,2,1578101093,0x785ddbdcc947998e6a83f1bed842beaeb001533bd7a6460c0c4ead336148edd0,0x47ce0c6ed5b0ce3d3a51fdb1c52dc66a7c3c2936,0x5f93055929aa39aabbd5d690132d3f263566545a,985000000000000000,,,call,59594,0,1,0,
9210837,3,1578101093,0x785ddbdcc947998e6a83f1bed842beaeb001533bd7a6460c0c4ead336148edd0,0x47ce0c6ed5b0ce3d3a51fdb1c52dc66a7c3c2936,0xe0f87651d3b65641c0fe1b71c5fbe88236d4b2e6,15000000000000000,,,call,52165,0,2,0,
9211165,2,1578105395,0x24f356d74007439214dd77fd7611030c529bff76a26cd72f631e94cc28ac4ae8,0x47ce0c6ed5b0ce3d3a51fdb1c52dc66a7c3c2936,0x4cd73e826ba2e1cc0088e9fcc50f0ef7346ccf96,984500000000000000,,,call,59594,0,1,0,
9211165,3,1578105395,0x24f356d74007439214dd77fd7611030c529bff76a26cd72f631e94cc28ac4ae8,0x47ce0c6ed5b0ce3d3a51fdb1c52dc66a7c3c2936,0xe0f87651d3b65641c0fe1b71c5fbe88236d4b2e6,15500000000000000,,,call,52165,0,2,0,
9211400,2,1578108390,0x7afab553b27f38dff886e5ee810ee2ab94964c0daccea7bfeda10b458b7f7450,0x47ce0c6ed5b0ce3d3a51fdb1c52dc66a7c3c2936,0x33382b1295f8b7b934d637aebf54d32853fa5d7f,973500000000000000,,,call,59594,0,1,0,
9211400,3,1578108390,0x7afab553b27f38dff886e5ee810ee2ab94964c0daccea7bfeda10b458b7f7450,0x47ce0c6ed5b0ce3d3a51fdb1c52dc66a7c3c2936,0xefab18983029d2ba840e34698efb67fdf8120711,26500000000000000,,,call,52165,0,2,0,
9212472,2,1578122799,0x28cef9e726169590d155fdf1815dd088b8345639f232c9ed505b55a26c5a2d95,0x47ce0c6ed5b0ce3d3a51fdb1c52dc66a7c3c2936,0x90008d7727173a6d6656d0009b4928ab3a0c3128,985500000000000000,,,call,59594,0,1,0,
9212472,3,1578122799,0x28cef9e726169590d155fdf1815dd088b8345639f232c9ed505b55a26c5a2d95,0x47ce0c6ed5b0ce3d3a51fdb1c52dc66a7c3c2936,0xe0f87651d3b65641c0fe1b71c5fbe88236d4b2e6,14500000000000000,,,call,52165,0,2,0,
9212959,2,1578129015,0x5820da57c50a2669769cef55dff2ddbb579fcb03fe4754b29e8cb80333806349,0x47ce0c6ed5b0ce3d3a51fdb1c52dc66a7c3c2936,0x90203dab360ccf254d5b127202f2d110b21f616d,984500000000000000,,,call,59594,0,1,0,
9212959,3,1578129015,0x5820da57c50a2669769cef55dff2ddbb579fcb03fe4754b29e8cb80333806349,0x47ce0c6ed5b0ce3d3a51fdb1c52dc66a7c3c2936,0xe0f87651d3b65641c0fe1b71c5fbe88236d4b2e6,15500000000000000,,,call,52165,0,2,0,
9213214,2,1578132480,0xaf519242c19302278a44dc578b86052abea86c6019e2bfc822a871ea8e41b6d3,0x47ce0c6ed5b0ce3d3a51fdb1c52dc66a7c3c2936,0x980f2e2e840446f9ffc00d4c697747f41cd45ac6,970500000000000000,,,call,59594,0,1,0,
9213214,3,1578132480,0xaf519242c19302278a44dc578b86052abea86c6019e2bfc822a871ea8e41b6d3,0x47ce0c6ed5b0ce3d3a51fdb1c52dc66a7c3c2936,0x0f416bc2d310a1c32bc1081cf354c15fd10d4802,29500000000000000,,,call,52165,0,2,0,
9214021,2,1578142695,0x4a0b6e6427d34e046d97cf6675daacd5962d3f19ed05c691c2e8398923eb5951,0x47ce0c6ed5b0ce3d3a51fdb1c52dc66a7c3c2936,0xc4fa3dc6c21a0d8468f119470294c145ba7b55e9,969500000000000000,,,call,59594,0,1,0,
9214021,3,1578142695,0x4a0b6e6427d34e046d97cf6675daacd5962d3f19ed05c691c2e8398923eb5951,0x47ce0c6ed5b0ce3d3a51fdb1c52dc66a7c3c2936,0xefab18983029d2ba840e34698efb67fdf8120711,30500000000000000,,,call,52165,0,2,0,
9214028,2,1578142938,0xaf02f5b54f2d737b1179b90393c776dfd089e33c27e4f7e41b25f381baf9afa5,0x47ce0c6ed5b0ce3d3a51fdb1c52dc66a7c3c2936,0xc4fa3dc6c21a0d8468f119470294c145ba7b55e9,969500000000000000,,,call,59594,0,1,0,
9214028,3,1578142938,0xaf02f5b54f2d737b1179b90393c776dfd089e33c27e4f7e41b25f381baf9afa5,0x47ce0c6ed5b0ce3d3a51fdb1c52dc66a7c3c2936,0xefab18983029d2ba840e34698efb67fdf8120711,30500000000000000,,,call,52165,0,2,0,
9214902,2,1578154330,0xfdd9b3255a2fb3d263a6e7e8e2b1094def90630e0ede2e2db988c7f912a65155,0x47ce0c6ed5b0ce3d3a51fdb1c52dc66a7c3c2936,0x42afcd485933726f602de5b0aa4da45b17a61013,984500000000000000,,,call,59594,0,1,0,
9214902,3,1578154330,0xfdd9b3255a2fb3d263a6e7e8e2b1094def90630e0ede2e2db988c7f912a65155,0x47ce0c6ed5b0ce3d3a51fdb1c52dc66a7c3c2936,0xe0f87651d3b65641c0fe1b71c5fbe88236d4b2e6,15500000000000000,,,call,52165,0,2,0,
9214913,2,1578154551,0xf2b61d721acb33d9163fa02dec76393de0537f511195f03355496382eeb22a23,0x47ce0c6ed5b0ce3d3a51fdb1c52dc66a7c3c2936,0x42afcd485933726f602de5b0aa4da45b17a61013,973500000000000000,,,call,59594,0,1,0,
9214913,3,1578154551,0xf2b61d721acb33d9163fa02dec76393de0537f511195f03355496382eeb22a23,0x47ce0c6ed5b0ce3d3a51fdb1c52dc66a7c3c2936,0x7d3bb46c78b0c4949639ce34896bfd875b97ad08,26500000000000000,,,call,52165,0,2,0,
9216323,2,1578172892,0x033a1d128c4cba2996e0294244769e87f93e1dd6951977e663f96ec79a374c78,0x47ce0c6ed5b0ce3d3a51fdb1c52dc66a7c3c2936,0x24ac11ecf2aa3bcfbd9f3d68fadd88be13e70513,973500000000000000,,,call,59594,0,1,0,
9216323,3,1578172892,0x033a1d128c4cba2996e0294244769e87f93e1dd6951977e663f96ec79a374c78,0x47ce0c6ed5b0ce3d3a51fdb1c52dc66a7c3c2936,0x7d3bb46c78b0c4949639ce34896bfd875b97ad08,26500000000000000,,,call,52165,0,2,0,
9218561,2,1578203216,0xdcff05f2c1a079d938a7a146736c74b323c16169c1edb5172efe6da46cb4627c,0x47ce0c6ed5b0ce3d3a51fdb1c52dc66a7c3c2936,0xa74e42209e23f8bc1acc324ebefdf7a46964dd9b,1000000000000000000,,,call,103598,2234,1,0,
9218674,2,1578204704,0xc0200e657a37fc02cf3de8c37654d62a49d1456b67c07c6e578f8d98de3f3fa6,0x47ce0c6ed5b0ce3d3a51fdb1c52dc66a7c3c2936,0xbcb77ac55027677b3118848b158ad731dd811e65,1000000000000000000,,,call,101399,0,1,0,
9218712,2,1578205179,0x06a75e74a13e5309ae4314196273fc3edd131a97ba1db3095c83e898f4119e53,0x47ce0c6ed5b0ce3d3a51fdb1c52dc66a7c3c2936,0xa49e0fe87ce0835fac09c3a883e103a658bc9efb,1000000000000000000,,,call,101399,0,1,0,
9219362,2,1578213714,0xb5672dff477916e271a8309f600ea8843504b8f98c0f159eff9f1785d3b43ab3,0x47ce0c6ed5b0ce3d3a51fdb1c52dc66a7c3c2936,0x82f21195009a691523488a02c892f30c218bcf0d,985500000000000000,,,call,59594,0,1,0,
9219362,3,1578213714,0xb5672dff477916e271a8309f600ea8843504b8f98c0f159eff9f1785d3b43ab3,0x47ce0c6ed5b0ce3d3a51fdb1c52dc66a7c3c2936,0xe0f87651d3b65641c0fe1b71c5fbe88236d4b2e6,14500000000000000,,,call,52165,0,2,0,
9221569,2,1578243186,0xb19ad59b2541f82b565997a0430ab22ce4c68cf783ad528ca9c15bccb0b96e6f,0x47ce0c6ed5b0ce3d3a51fdb1c52dc66a7c3c2936,0xc809b90cc00b4e13ab6b3cdc0f453e57f46d29e4,969500000000000000,,,call,59594,0,1,0,
9221569,3,1578243186,0xb19ad59b2541f82b565997a0430ab22ce4c68cf783ad528ca9c15bccb0b96e6f,0x47ce0c6ed5b0ce3d3a51fdb1c52dc66a7c3c2936,0x7d3bb46c78b0c4949639ce34896bfd875b97ad08,30500000000000000,,,call,52165,0,2,0,
9221718,2,1578245032,0x7ac179c4d440b1bada87a297edf28629f250b2df4fc0d37a6247abf3b6f2ddb7,0x47ce0c6ed5b0ce3d3a51fdb1c52dc66a7c3c2936,0xa68779fe4db8904d30518a29b6fde26ee1dea547,980500000000000000,,,call,59594,0,1,0,
9221718,3,1578245032,0x7ac179c4d440b1bada87a297edf28629f250b2df4fc0d37a6247abf3b6f2ddb7,0x47ce0c6ed5b0ce3d3a51fdb1c52dc66a7c3c2936,0xe0f87651d3b65641c0fe1b71c5fbe88236d4b2e6,19500000000000000,,,call,52165,0,2,0,
9221797,2,1578246084,0xc2d0517d49f851bdb9e67030213b8a539c00ad84e4efb1533af2849391d4f847,0x47ce0c6ed5b0ce3d3a51fdb1c52dc66a7c3c2936,0xdce52ff71a87f968b2aca01a8ea1f073a73dcbf9,970500000000000000,,,call,59594,0,1,0,
9221797,3,1578246084,0xc2d0517d49f851bdb9e67030213b8a539c00ad84e4efb1533af2849391d4f847,0x47ce0c6ed5b0ce3d3a51fdb1c52dc66a7c3c2936,0x0f416bc2d310a1c32bc1081cf354c15fd10d4802,29500000000000000,,,call,52165,0,2,0,
9222061,2,1578249395,0x586ab94cd6cabd85e237d5b98db796e956d0dbedc1af0c61248c6a5e10109bcc,0x47ce0c6ed5b0ce3d3a51fdb1c52dc66a7c3c2936,0xce91fddab3c544b59ebac665a7635561043a7def,973500000000000000,,,call,59594,0,1,0,
9222061,3,1578249395,0x586ab94cd6cabd85e237d5b98db796e956d0dbedc1af0c61248c6a5e10109bcc,0x47ce0c6ed5b0ce3d3a51fdb1c52dc66a7c3c2936,0xefab18983029d2ba840e34698efb67fdf8120711,26500000000000000,,,call,52165,0,2,0,
9222092,2,1578249806,0x2064afd8b7ba6a247bd1a23bdbc78dc7a19381edc5d28ca8870dbbdcc1bd2acb,0x47ce0c6ed5b0ce3d3a51fdb1c52dc66a7c3c2936,0x6823ac935f2fb01d41ac5936dd3f38092514c98b,974400000000000000,,,call,59594,0,1,0,
9222092,3,1578249806,0x2064afd8b7ba6a247bd1a23bdbc78dc7a19381edc5d28ca8870dbbdcc1bd2acb,0x47ce0c6ed5b0ce3d3a51fdb1c52dc66a7c3c2936,0xefab18983029d2ba840e34698efb67fdf8120711,25600000000000000,,,call,52165,0,2,0,
9222486,2,1578255303,0x1188a6c5f20c10001341ef104ddaad35f1de6ba24cfa7633202cf8e198e0882c,0x47ce0c6ed5b0ce3d3a51fdb1c52dc66a7c3c2936,0x8651a6e1ddf1a596abb83e858bc3ce988f9a0548,969500000000000000,,,call,59594,0,1,0,
9222486,3,1578255303,0x1188a6c5f20c10001341ef104ddaad35f1de6ba24cfa7633202cf8e198e0882c,0x47ce0c6ed5b0ce3d3a51fdb1c52dc66a7c3c2936,0x7d3bb46c78b0c4949639ce34896bfd875b97ad08,30500000000000000,,,call,52165,0,2,0,
9222728,2,1578258261,0x2bc1d878691268cae92420be914cb4f5e9aacfb38c312799c23b77417a9833bb,0x47ce0c6ed5b0ce3d3a51fdb1c52dc66a7c3c2936,0x109ef9547510438ce7fa04886bcff0e3bd16a108,1000000000000000000,,,call,101399,0,1,0,
9223246,2,1578265303,0x697741d137e84fbf622cf09a393e4b7b93faeced96c76de94b5ac210d70520da,0x47ce0c6ed5b0ce3d3a51fdb1c52dc66a7c3c2936,0x109ef9547510438ce7fa04886bcff0e3bd16a108,1000000000000000000,,,call,101399,0,1,0,
9226878,2,1578313252,0xc3359f72b612169733a93d487417920761f16970ce2cdfa56ed97740974d62f4,0x47ce0c6ed5b0ce3d3a51fdb1c52dc66a7c3c2936,0x282d09f9bf13785a40b7d2af2b4dfb95a46ebe5b,973500000000000000,,,call,59594,0,1,0,
9226878,3,1578313252,0xc3359f72b612169733a93d487417920761f16970ce2cdfa56ed97740974d62f4,0x47ce0c6ed5b0ce3d3a51fdb1c52dc66a7c3c2936,0xefab18983029d2ba840e34698efb67fdf8120711,26500000000000000,,,call,52165,0,2,0,
9227931,2,1578327016,0xbf8b598920d15716c6c1f0b8f8e82b13d50b903723fcf6ebede6d58ecd64a83a,0x47ce0c6ed5b0ce3d3a51fdb1c52dc66a7c3c2936,0xf2872e8265b88f997b0d889db1a12568e579f295,973500000000000000,,,call,59594,0,1,0,
9227931,3,1578327016,0xbf8b598920d15716c6c1f0b8f8e82b13d50b903723fcf6ebede6d58ecd64a83a,0x47ce0c6ed5b0ce3d3a51fdb1c52dc66a7c3c2936,0x7d3bb46c78b0c4949639ce34896bfd875b97ad08,26500000000000000,,,call,52165,0,2,0,
9227932,2,1578327021,0x6090d3e64cb1d29f412da7cb19fa9782308c3fd9473b1d9ddd5e36675a9d85cb,0x47ce0c6ed5b0ce3d3a51fdb1c52dc66a7c3c2936,0xf2872e8265b88f997b0d889db1a12568e579f295,974500000000000000,,,call,59594,0,1,0,
9227932,3,1578327021,0x6090d3e64cb1d29f412da7cb19fa9782308c3fd9473b1d9ddd5e36675a9d85cb,0x47ce0c6ed5b0ce3d3a51fdb1c52dc66a7c3c2936,0x0f416bc2d310a1c32bc1081cf354c15fd10d4802,25500000000000000,,,call,52165,0,2,0,
9228296,2,1578331679,0xf1ad48b14079ab86bb57673395bd8dfca774185e89db64034ea16878eabca744,0x47ce0c6ed5b0ce3d3a51fdb1c52dc66a7c3c2936,0x109ef9547510438ce7fa04886bcff0e3bd16a108,1000000000000000000,,,call,101399,0,1,0,
9229027,2,1578341507,0xa6ae3fccda91a8dc5bac3f2a6684dce4bc41122687915ed43321b1363e4eb388,0x47ce0c6ed5b0ce3d3a51fdb1c52dc66a7c3c2936,0x27ef329a9c22257762607f62753dad1c11e1a380,980500000000000000,,,call,59594,0,1,0,
9229027,3,1578341507,0xa6ae3fccda91a8dc5bac3f2a6684dce4bc41122687915ed43321b1363e4eb388,0x47ce0c6ed5b0ce3d3a51fdb1c52dc66a7c3c2936,0xe0f87651d3b65641c0fe1b71c5fbe88236d4b2e6,19500000000000000,,,call,52165,0,2,0,
9229645,2,1578349421,0x50a6da62b5019681bb8512e2cf3b4092f0560f1cb5ba3e58b784a534849853cb,0x47ce0c6ed5b0ce3d3a51fdb1c52dc66a7c3c2936,0xb266cd162f544c970aa91f800a2dfbb921a5352b,976000000000000000,,,call,59594,0,1,0,
9229645,3,1578349421,0x50a6da62b5019681bb8512e2cf3b4092f0560f1cb5ba3e58b784a534849853cb,0x47ce0c6ed5b0ce3d3a51fdb1c52dc66a7c3c2936,0x0f416bc2d310a1c32bc1081cf354c15fd10d4802,24000000000000000,,,call,52165,0,2,0,
9229902,2,1578352724,0x8a996f93e2196895725602e9fec661456ef98cd75bf991ef9c69e017ea762dd6,0x47ce0c6ed5b0ce3d3a51fdb1c52dc66a7c3c2936,0xdcd44e713bdc830b72e9f90df96af97ee6ca64fb,984500000000000000,,,call,59594,0,1,0,
9229902,3,1578352724,0x8a996f93e2196895725602e9fec661456ef98cd75bf991ef9c69e017ea762dd6,0x47ce0c6ed5b0ce3d3a51fdb1c52dc66a7c3c2936,0xe0f87651d3b65641c0fe1b71c5fbe88236d4b2e6,15500000000000000,,,call,52165,0,2,0,
9231991,2,1578380347,0x88f797403e500ba65d3a5e9a2090b0b6051d97e8207dd952f4c9cc803aeb45df,0x47ce0c6ed5b0ce3d3a51fdb1c52dc66a7c3c2936,0x1232f23eb075905f3901a8b85687b1d5fb8e7e76,985000000000000000,,,call,59594,0,1,0,
9231991,3,1578380347,0x88f797403e500ba65d3a5e9a2090b0b6051d97e8207dd952f4c9cc803aeb45df,0x47ce0c6ed5b0ce3d3a51fdb1c52dc66a7c3c2936,0xe0f87651d3b65641c0fe1b71c5fbe88236d4b2e6,15000000000000000,,,call,52165,0,2,0,
9232491,2,1578387141,0xaf6ae697deed0864ae961ffa7c71084744d1cd789d420747e2b430ab963ec1e5,0x47ce0c6ed5b0ce3d3a51fdb1c52dc66a7c3c2936,0xbe9511d989d0033c0f4bac954a661bb1ef463fbb,980500000000000000,,,call,59594,0,1,0,
9232491,3,1578387141,0xaf6ae697deed0864ae961ffa7c71084744d1cd789d420747e2b430ab963ec1e5,0x47ce0c6ed5b0ce3d3a51fdb1c52dc66a7c3c2936,0xe0f87651d3b65641c0fe1b71c5fbe88236d4b2e6,19500000000000000,,,call,52165,0,2,0,
9234028,2,1578407356,0x04dc5cbc3a5d79a523187b54b404df89192004335affd30f1c78aff58d6ff043,0x47ce0c6ed5b0ce3d3a51fdb1c52dc66a7c3c2936,0x1161b70d1ddc964785189ab7cff5006cbbefab4e,974500000000000000,,,call,59594,0,1,0,
9234028,3,1578407356,0x04dc5cbc3a5d79a523187b54b404df89192004335affd30f1c78aff58d6ff043,0x47ce0c6ed5b0ce3d3a51fdb1c52dc66a7c3c2936,0x7d3bb46c78b0c4949639ce34896bfd875b97ad08,25500000000000000,,,call,52165,0,2,0,
9235313,2,1578424039,0x375cd72316c6aa8e1823556b49ff8b609a55496e962f4f6b447b3f4762bd03ee,0x47ce0c6ed5b0ce3d3a51fdb1c52dc66a7c3c2936,0x109ef9547510438ce7fa04886bcff0e3bd16a108,1000000000000000000,,,call,101399,0,1,0,
9235492,2,1578426697,0x11433e682afafac501deeee151148e7bdf8eef8d6061ece124271035e22a949c,0x47ce0c6ed5b0ce3d3a51fdb1c52dc66a7c3c2936,0xae5731629922672a15ab2a79c66baae56aeeb160,980500000000000000,,,call,59594,0,1,0,
9235492,3,1578426697,0x11433e682afafac501deeee151148e7bdf8eef8d6061ece124271035e22a949c,0x47ce0c6ed5b0ce3d3a51fdb1c52dc66a7c3c2936,0xe0f87651d3b65641c0fe1b71c5fbe88236d4b2e6,19500000000000000,,,call,52165,0,2,0,
9236165,2,1578435554,0x5f5be79608cff08c650b9b3fa68837d70aff2f5f449d7f60bbf29efe29d9cbbb,0x47ce0c6ed5b0ce3d3a51fdb1c52dc66a7c3c2936,0x7ab423f63b6d79d185ccc465d18d81f27f594bc0,984500000000000000,,,call,59594,0,1,0,
9236165,3,1578435554,0x5f5be79608cff08c650b9b3fa68837d70aff2f5f449d7f60bbf29efe29d9cbbb,0x47ce0c6ed5b0ce3d3a51fdb1c52dc66a7c3c2936,0xe0f87651d3b65641c0fe1b71c5fbe88236d4b2e6,15500000000000000,,,call,52165,0,2,0,
9236333,2,1578437725,0x41f8d74736f940a85747655350056c91f59f9e2903d9b05a6f2f96e723136b42,0x47ce0c6ed5b0ce3d3a51fdb1c52dc66a7c3c2936,0xf07bcc4deafbe984eb6e52935a7c3f4ad718d42c,973500000000000000,,,call,59594,0,1,0,
9236333,3,1578437725,0x41f8d74736f940a85747655350056c91f59f9e2903d9b05a6f2f96e723136b42,0x47ce0c6ed5b0ce3d3a51fdb1c52dc66a7c3c2936,0x7d3bb46c78b0c4949639ce34896bfd875b97ad08,26500000000000000,,,call,52165,0,2,0,
9239809,2,1578483776,0x776bc377d6a49d5a373bae1a77ffd17c8a7cfa22f7c1382bb95f6f9cf7eb7489,0x47ce0c6ed5b0ce3d3a51fdb1c52dc66a7c3c2936,0x24121c7c002bf776871b4254c064debfd531bead,975000000000000000,,,call,59594,0,1,0,
9239809,3,1578483776,0x776bc377d6a49d5a373bae1a77ffd17c8a7cfa22f7c1382bb95f6f9cf7eb7489,0x47ce0c6ed5b0ce3d3a51fdb1c52dc66a7c3c2936,0x0f416bc2d310a1c32bc1081cf354c15fd10d4802,25000000000000000,,,call,52165,0,2,0,
9241624,2,1578508400,0x1e8cdfb431ce3476050f5d5d269a484125bee317c28853d548a477d8e51929f2,0x47ce0c6ed5b0ce3d3a51fdb1c52dc66a7c3c2936,0x17c98bf921f5bc6a3f0c27c8a5de4dc44dfb08ac,980500000000000000,,,call,59594,0,1,0,
9241624,3,1578508400,0x1e8cdfb431ce3476050f5d5d269a484125bee317c28853d548a477d8e51929f2,0x47ce0c6ed5b0ce3d3a51fdb1c52dc66a7c3c2936,0xe0f87651d3b65641c0fe1b71c5fbe88236d4b2e6,19500000000000000,,,call,52165,0,2,0,
9243135,2,1578528267,0x0e961274ae15a400894f4138e5c9c0be698543eb3668b99aa89e2826e21d39ab,0x47ce0c6ed5b0ce3d3a51fdb1c52dc66a7c3c2936,0x3ceef5a287a4ebf7c8c290ea0f681939dd79cdf8,984500000000000000,,,call,59594,0,1,0,
9243135,3,1578528267,0x0e961274ae15a400894f4138e5c9c0be698543eb3668b99aa89e2826e21d39ab,0x47ce0c6ed5b0ce3d3a51fdb1c52dc66a7c3c2936,0xe0f87651d3b65641c0fe1b71c5fbe88236d4b2e6,15500000000000000,,,call,52165,0,2,0,
9243165,2,1578528607,0xd36c3a97f6939998e4495e8a43dfc0310c470c4347ed09531d46e02b000fa76d,0x47ce0c6ed5b0ce3d3a51fdb1c52dc66a7c3c2936,0x327f9227b74a29e20a8eb1c8dd3999b32caf900c,1000000000000000000,,,call,101399,0,1,0,
9243173,2,1578528725,0xda909bcaea623f1edb550d639bc3ad73a39b0a91e09ccf801042141045eda513,0x47ce0c6ed5b0ce3d3a51fdb1c52dc66a7c3c2936,0x327f9227b74a29e20a8eb1c8dd3999b32caf900c,1000000000000000000,,,call,101399,0,1,0,
9243176,2,1578528798,0x2b54e24e8d8638e3ce31a59ff9c5c923f838704e4e6a33b53b4ea70178c5eb4d,0x47ce0c6ed5b0ce3d3a51fdb1c52dc66a7c3c2936,0x327f9227b74a29e20a8eb1c8dd3999b32caf900c,1000000000000000000,,,call,101399,0,1,0,
9243184,2,1578528880,0xf0481b5bf9d06a823c3c322d33dce383d244ac2d185eacd071c93882fc913029,0x47ce0c6ed5b0ce3d3a51fdb1c52dc66a7c3c2936,0x327f9227b74a29e20a8eb1c8dd3999b32caf900c,1000000000000000000,,,call,101399,0,1,0,
9244234,2,1578542990,0x8ec10acb397d0791410671edaf716f45fcca622847be51d608261fe027c64167,0x47ce0c6ed5b0ce3d3a51fdb1c52dc66a7c3c2936,0xe4be858a85844e6eb10dc5d63236d97722f1847c,974500000000000000,,,call,59594,0,1,0,
9244234,3,1578542990,0x8ec10acb397d0791410671edaf716f45fcca622847be51d608261fe027c64167,0x47ce0c6ed5b0ce3d3a51fdb1c52dc66a7c3c2936,0x0f416bc2d310a1c32bc1081cf354c15fd10d4802,25500000000000000,,,call,52165,0,2,0,
9244265,2,1578543274,0x9415ba153ef5b8c0e8dc0f5e6044c9dc9b03338b93cac7cf130fcf92345557e9,0x47ce0c6ed5b0ce3d3a51fdb1c52dc66a7c3c2936,0xe4be858a85844e6eb10dc5d63236d97722f1847c,974500000000000000,,,call,59594,0,1,0,
9244265,3,1578543274,0x9415ba153ef5b8c0e8dc0f5e6044c9dc9b03338b93cac7cf130fcf92345557e9,0x47ce0c6ed5b0ce3d3a51fdb1c52dc66a7c3c2936,0x0f416bc2d310a1c32bc1081cf354c15fd10d4802,25500000000000000,,,call,52165,0,2,0,
9244273,2,1578543397,0x19008c96925fef068fcf118ee75f60f58d7c630735b43db26b74c16919bc3efa,0x47ce0c6ed5b0ce3d3a51fdb1c52dc66a7c3c2936,0xe4be858a85844e6eb10dc5d63236d97722f1847c,973500000000000000,,,call,59594,0,1,0,
9244273,3,1578543397,0x19008c96925fef068fcf118ee75f60f58d7c630735b43db26b74c16919bc3efa,0x47ce0c6ed5b0ce3d3a51fdb1c52dc66a7c3c2936,0xefab18983029d2ba840e34698efb67fdf8120711,26500000000000000,,,call,52165,0,2,0,
9246136,2,1578568432,0x904806e972dc7751fa704b966dfb5c185609e3ed09ffedea0159d1f4715123ed,0x47ce0c6ed5b0ce3d3a51fdb1c52dc66a7c3c2936,0xd3a8a759330d9a9d1e4d1f3e484d567b8f020e01,985450000000000000,,,call,59594,0,1,0,
9246136,3,1578568432,0x904806e972dc7751fa704b966dfb5c185609e3ed09ffedea0159d1f4715123ed,0x47ce0c6ed5b0ce3d3a51fdb1c52dc66a7c3c2936,0xe0f87651d3b65641c0fe1b71c5fbe88236d4b2e6,14550000000000000,,,call,52165,0,2,0,
9247230,2,1578583033,0x3ea48267091a96296b672c514ae03795cd1a33474e526e80cae62f8c7df9f5e0,0x47ce0c6ed5b0ce3d3a51fdb1c52dc66a7c3c2936,0xbfd34e404b4da0bbf72d85cda1c466538f9ef705,984500000000000000,,,call,59594,0,1,0,
9247230,3,1578583033,0x3ea48267091a96296b672c514ae03795cd1a33474e526e80cae62f8c7df9f5e0,0x47ce0c6ed5b0ce3d3a51fdb1c52dc66a7c3c2936,0xe0f87651d3b65641c0fe1b71c5fbe88236d4b2e6,15500000000000000,,,call,52165,0,2,0,
9247233,2,1578583116,0xa88966e2bd95a925d098b11ba35926311a69686de09d074e4a727aa98efe09f6,0x47ce0c6ed5b0ce3d3a51fdb1c52dc66a7c3c2936,0xbfd34e404b4da0bbf72d85cda1c466538f9ef705,973500000000000000,,,call,59594,0,1,0,
9247233,3,1578583116,0xa88966e2bd95a925d098b11ba35926311a69686de09d074e4a727aa98efe09f6,0x47ce0c6ed5b0ce3d3a51fdb1c52dc66a7c3c2936,0xefab18983029d2ba840e34698efb67fdf8120711,26500000000000000,,,call,52165,0,2,0,
9248149,2,1578594691,0x533d4bf237c2e4b8c7ba1c966ddf3a6b85ceed7611968d8c75068a41755d0fd9,0x47ce0c6ed5b0ce3d3a51fdb1c52dc66a7c3c2936,0xfbfa17d4cf6117c142cff2e191ac1aa0bb369fd7,975500000000000000,,,call,59594,0,1,0,
9248149,3,1578594691,0x533d4bf237c2e4b8c7ba1c966ddf3a6b85ceed7611968d8c75068a41755d0fd9,0x47ce0c6ed5b0ce3d3a51fdb1c52dc66a7c3c2936,0x0f416bc2d310a1c32bc1081cf354c15fd10d4802,24500000000000000,,,call,52165,0,2,0,
9248709,2,1578602154,0x94d3c0b2db04d5bb7160aede789fe2cd0c8333e0f79483d5aea9a47f007c653d,0x47ce0c6ed5b0ce3d3a51fdb1c52dc66a7c3c2936,0x0ea1e9ac50ec4d8db153580c2aec1c5ee13c0961,985500000000000000,,,call,59594,0,1,0,
9248709,3,1578602154,0x94d3c0b2db04d5bb7160aede789fe2cd0c8333e0f79483d5aea9a47f007c653d,0x47ce0c6ed5b0ce3d3a51fdb1c52dc66a7c3c2936,0xe0f87651d3b65641c0fe1b71c5fbe88236d4b2e6,14500000000000000,,,call,52165,0,2,0,
9250003,2,1578619316,0x6aa7c04c5f4c0c222afd22467f170b25996a3f12d5313bdc02cb1e0c958c2258,0x47ce0c6ed5b0ce3d3a51fdb1c52dc66a7c3c2936,0x327f9227b74a29e20a8eb1c8dd3999b32caf900c,1000000000000000000,,,call,101399,0,1,0,
9251348,2,1578636779,0xdf5132323f618e174bbe7205af6a0792b817e1f732315966f0ee5122b7cb4322,0x47ce0c6ed5b0ce3d3a51fdb1c52dc66a7c3c2936,0xf37ea78c0c4c44cbfd2e117c76fbae49fde289e6,984500000000000000,,,call,59594,0,1,0,
9251348,3,1578636779,0xdf5132323f618e174bbe7205af6a0792b817e1f732315966f0ee5122b7cb4322,0x47ce0c6ed5b0ce3d3a51fdb1c52dc66a7c3c2936,0xe0f87651d3b65641c0fe1b71c5fbe88236d4b2e6,15500000000000000,,,call,52165,0,2,0,
9251608,2,1578640286,0xfb53b8b8e08bfde258e7c83facf31441a64885cdbb0d4dd4dabead016c9735ec,0x47ce0c6ed5b0ce3d3a51fdb1c52dc66a7c3c2936,0xf37ea78c0c4c44cbfd2e117c76fbae49fde289e6,984500000000000000,,,call,59594,0,1,0,
9251608,3,1578640286,0xfb53b8b8e08bfde258e7c83facf31441a64885cdbb0d4dd4dabead016c9735ec,0x47ce0c6ed5b0ce3d3a51fdb1c52dc66a7c3c2936,0xe0f87651d3b65641c0fe1b71c5fbe88236d4b2e6,15500000000000000,,,call,52165,0,2,0,
9256174,2,1578700449,0x63b276abfd3113285d8987323ae167cbf4aef89a137abd9bf469ed73e60ebc61,0x47ce0c6ed5b0ce3d3a51fdb1c52dc66a7c3c2936,0x925e46b0078225b4a36d760f93d2bea2252b1927,980500000000000000,,,call,59594,0,1,0,
9256174,3,1578700449,0x63b276abfd3113285d8987323ae167cbf4aef89a137abd9bf469ed73e60ebc61,0x47ce0c6ed5b0ce3d3a51fdb1c52dc66a7c3c2936,0xe0f87651d3b65641c0fe1b71c5fbe88236d4b2e6,19500000000000000,,,call,52165,0,2,0,
9256580,2,1578705520,0xb92571e2078722a4b926f238764852393f7e2a3f68d2643a878595826b9033c4,0x47ce0c6ed5b0ce3d3a51fdb1c52dc66a7c3c2936,0xd23468c715502b3d3bbabc718898b742cefe27a5,984500000000000000,,,call,59594,0,1,0,
9256580,3,1578705520,0xb92571e2078722a4b926f238764852393f7e2a3f68d2643a878595826b9033c4,0x47ce0c6ed5b0ce3d3a51fdb1c52dc66a7c3c2936,0xe0f87651d3b65641c0fe1b71c5fbe88236d4b2e6,15500000000000000,,,call,52165,0,2,0,
9257779,2,1578721451,0x757a1f0ce738959881890988f19e44196366954b58f04c3ffff5f6fb6b460141,0x47ce0c6ed5b0ce3d3a51fdb1c52dc66a7c3c2936,0xd9545864e669c8517082232a465a5dca57adaa87,973500000000000000,,,call,59594,0,1,0,
9257779,3,1578721451,0x757a1f0ce738959881890988f19e44196366954b58f04c3ffff5f6fb6b460141,0x47ce0c6ed5b0ce3d3a51fdb1c52dc66a7c3c2936,0x7d3bb46c78b0c4949639ce34896bfd875b97ad08,26500000000000000,,,call,52165,0,2,0,
9261059,2,1578765091,0xfd94e03be65e387586598fb8a1e3b8483deab0e0be9197d3d9c92c7dfc70762b,0x47ce0c6ed5b0ce3d3a51fdb1c52dc66a7c3c2936,0xe640dc718d5b9711c852aaaf76600aca4add7261,984500000000000000,,,call,59594,0,1,0,
9261059,3,1578765091,0xfd94e03be65e387586598fb8a1e3b8483deab0e0be9197d3d9c92c7dfc70762b,0x47ce0c6ed5b0ce3d3a51fdb1c52dc66a7c3c2936,0xe0f87651d3b65641c0fe1b71c5fbe88236d4b2e6,15500000000000000,,,call,52165,0,2,0,
9263064,2,1578791920,0x4fedc45781733b2a3e203cfc557f934924e922c8287df2b02c9b4066e4640c96,0x47ce0c6ed5b0ce3d3a51fdb1c52dc66a7c3c2936,0x925e46b0078225b4a36d760f93d2bea2252b1927,1000000000000000000,,,call,101399,0,1,0,
9263854,2,1578802115,0x28476c70ac994ccfa4ec0741ab482b50fba6d147f11c4acd8ea9a677f105d530,0x47ce0c6ed5b0ce3d3a51fdb1c52dc66a7c3c2936,0xecb51187a813795cde6029d9e357571a283d596e,974500000000000000,,,call,59594,0,1,0,
9263854,3,1578802115,0x28476c70ac994ccfa4ec0741ab482b50fba6d147f11c4acd8ea9a677f105d530,0x47ce0c6ed5b0ce3d3a51fdb1c52dc66a7c3c2936,0x0f416bc2d310a1c32bc1081cf354c15fd10d4802,25500000000000000,,,call,52165,0,2,0,
9264070,2,1578805051,0x3ecb1ea297962cbc63b5e91029f8a1be638e6aaf9dab41ff4033dfe3f40627df,0x47ce0c6ed5b0ce3d3a51fdb1c52dc66a7c3c2936,0x297bf847dcb01f3e870515628b36eabad491e5e8,970500000000000000,,,call,59594,0,1,0,
9264070,3,1578805051,0x3ecb1ea297962cbc63b5e91029f8a1be638e6aaf9dab41ff4033dfe3f40627df,0x47ce0c6ed5b0ce3d3a51fdb1c52dc66a7c3c2936,0x0f416bc2d310a1c32bc1081cf354c15fd10d4802,29500000000000000,,,call,52165,0,2,0,
9264899,2,1578815653,0x1f9416602d033d3cce718d7418a5d56a6ed3c5c62c167d2eb9998d63664c6831,0x47ce0c6ed5b0ce3d3a51fdb1c52dc66a7c3c2936,0x10cb408e1285d840caced4d730df2359e3d56444,984500000000000000,,,call,59594,0,1,0,
9264899,3,1578815653,0x1f9416602d033d3cce718d7418a5d56a6ed3c5c62c167d2eb9998d63664c6831,0x47ce0c6ed5b0ce3d3a51fdb1c52dc66a7c3c2936,0xe0f87651d3b65641c0fe1b71c5fbe88236d4b2e6,15500000000000000,,,call,52165,0,2,0,
9264904,2,1578815700,0x2b63d7636b94792fbabbdfaef0c405864fb7688d8254dcb1c686799b0ae9d2c2,0x47ce0c6ed5b0ce3d3a51fdb1c52dc66a7c3c2936,0x10cb408e1285d840caced4d730df2359e3d56444,984500000000000000,,,call,59594,0,1,0,
9264904,3,1578815700,0x2b63d7636b94792fbabbdfaef0c405864fb7688d8254dcb1c686799b0ae9d2c2,0x47ce0c6ed5b0ce3d3a51fdb1c52dc66a7c3c2936,0xe0f87651d3b65641c0fe1b71c5fbe88236d4b2e6,15500000000000000,,,call,52165,0,2,0,
9264907,2,1578815781,0x96f6816f311e0b66bcd598a5cc8cdcb336460bf861ebd3293fae20cb40e9b4e9,0x47ce0c6ed5b0ce3d3a51fdb1c52dc66a7c3c2936,0x10cb408e1285d840caced4d730df2359e3d56444,984500000000000000,,,call,59594,0,1,0,
9264907,3,1578815781,0x96f6816f311e0b66bcd598a5cc8cdcb336460bf861ebd3293fae20cb40e9b4e9,0x47ce0c6ed5b0ce3d3a51fdb1c52dc66a7c3c2936,0xe0f87651d3b65641c0fe1b71c5fbe88236d4b2e6,15500000000000000,,,call,52165,0,2,0,
9264915,2,1578815866,0xf1fff568957631ec30770b64dbfa54cf257765f0faa1378a236d4b750128869c,0x47ce0c6ed5b0ce3d3a51fdb1c52dc66a7c3c2936,0x10cb408e1285d840caced4d730df2359e3d56444,984500000000000000,,,call,59594,0,1,0,
9264915,3,1578815866,0xf1fff568957631ec30770b64dbfa54cf257765f0faa1378a236d4b750128869c,0x47ce0c6ed5b0ce3d3a51fdb1c52dc66a7c3c2936,0xe0f87651d3b65641c0fe1b71c5fbe88236d4b2e6,15500000000000000,,,call,52165,0,2,0,
9265921,2,1578829447,0xe7d11c3a3efbbb9a2cc79bf16a08ff8ccffe3cb6a0ad6f967de75a3e13486275,0x47ce0c6ed5b0ce3d3a51fdb1c52dc66a7c3c2936,0xb1d0e62102adb70452bdd98fc23ed07a4509d5e6,980500000000000000,,,call,59594,0,1,0,
9265921,3,1578829447,0xe7d11c3a3efbbb9a2cc79bf16a08ff8ccffe3cb6a0ad6f967de75a3e13486275,0x47ce0c6ed5b0ce3d3a51fdb1c52dc66a7c3c2936,0xe0f87651d3b65641c0fe1b71c5fbe88236d4b2e6,19500000000000000,,,call,52165,0,2,0,
9266341,2,1578835138,0xcf51f3ed4345b226106a1f6d4e749f11d08bfc22e20802be3627bb380d1da92f,0x47ce0c6ed5b0ce3d3a51fdb1c52dc66a7c3c2936,0x9436919ca872e70f217d58e5c7116d1c6d951bd1,969500000000000000,,,call,59594,0,1,0,
9266341,3,1578835138,0xcf51f3ed4345b226106a1f6d4e749f11d08bfc22e20802be3627bb380d1da92f,0x47ce0c6ed5b0ce3d3a51fdb1c52dc66a7c3c2936,0xefab18983029d2ba840e34698efb67fdf8120711,30500000000000000,,,call,52165,0,2,0,
9267582,2,1578851713,0xc87f72d618a372f3bfa2bd84417a5da206a7ce2212549f570dac6ae47412fbf4,0x47ce0c6ed5b0ce3d3a51fdb1c52dc66a7c3c2936,0xb53b0255895c4f9e3a185e484e5b674bccfbc076,984500000000000000,,,call,59594,0,1,0,
9267582,3,1578851713,0xc87f72d618a372f3bfa2bd84417a5da206a7ce2212549f570dac6ae47412fbf4,0x47ce0c6ed5b0ce3d3a51fdb1c52dc66a7c3c2936,0xe0f87651d3b65641c0fe1b71c5fbe88236d4b2e6,15500000000000000,,,call,52165,0,2,0,
9268421,2,1578862763,0xee9980281533112641e942a0682588804ced2ff0ce392e0b9e4f49a29004c692,0x47ce0c6ed5b0ce3d3a51fdb1c52dc66a7c3c2936,0x1c889b9cce774d3245c4a276941a9f34ae33c725,980500000000000000,,,call,59594,0,1,0,
9268421,3,1578862763,0xee9980281533112641e942a0682588804ced2ff0ce392e0b9e4f49a29004c692,0x47ce0c6ed5b0ce3d3a51fdb1c52dc66a7c3c2936,0xe0f87651d3b65641c0fe1b71c5fbe88236d4b2e6,19500000000000000,,,call,52165,0,2,0,
9269164,2,1578872509,0x1773944b194e8bd6dc2a6a4e6e3f5edc514f0f1aa21e1b8f78ebf0898d13dca4,0x47ce0c6ed5b0ce3d3a51fdb1c52dc66a7c3c2936,0xbebcc29fde9fb396d1d8e05fab9092590306570e,980500000000000000,,,call,59594,0,1,0,
9269164,3,1578872509,0x1773944b194e8bd6dc2a6a4e6e3f5edc514f0f1aa21e1b8f78ebf0898d13dca4,0x47ce0c6ed5b0ce3d3a51fdb1c52dc66a7c3c2936,0xe0f87651d3b65641c0fe1b71c5fbe88236d4b2e6,19500000000000000,,,call,52165,0,2,0,
9270124,2,1578885241,0x173499defd0ee27ad492ed0fd1e76383206b01fa30ba5f2f4b8a06c72ea033de,0x47ce0c6ed5b0ce3d3a51fdb1c52dc66a7c3c2936,0xe61897bcb9262bbefe0e49aa5ef2a25668a0f39b,973500000000000000,,,call,59594,0,1,0,
9270124,3,1578885241,0x173499defd0ee27ad492ed0fd1e76383206b01fa30ba5f2f4b8a06c72ea033de,0x47ce0c6ed5b0ce3d3a51fdb1c52dc66a7c3c2936,0x7d3bb46c78b0c4949639ce34896bfd875b97ad08,26500000000000000,,,call,52165,0,2,0,
9270643,2,1578892106,0x6cd6820679c6c7077c7eeba9635e0d8ba795ffce43bd436b7dc677d9dea4524d,0x47ce0c6ed5b0ce3d3a51fdb1c52dc66a7c3c2936,0xe80a07c3765c923175a29e324ca9509c4e21080b,969500000000000000,,,call,59594,0,1,0,
9270643,3,1578892106,0x6cd6820679c6c7077c7eeba9635e0d8ba795ffce43bd436b7dc677d9dea4524d,0x47ce0c6ed5b0ce3d3a51fdb1c52dc66a7c3c2936,0x7d3bb46c78b0c4949639ce34896bfd875b97ad08,30500000000000000,,,call,52165,0,2,0,
9270662,2,1578892470,0x018f9108a777faf98435ca5e711f4a49a6cb27cb478bee674789c12622069009,0x47ce0c6ed5b0ce3d3a51fdb1c52dc66a7c3c2936,0xe80a07c3765c923175a29e324ca9509c4e21080b,969500000000000000,,,call,59594,0,1,0,
9270662,3,1578892470,0x018f9108a777faf98435ca5e711f4a49a6cb27cb478bee674789c12622069009,0x47ce0c6ed5b0ce3d3a51fdb1c52dc66a7c3c2936,0x7d3bb46c78b0c4949639ce34896bfd875b97ad08,30500000000000000,,,call,52165,0,2,0,
9271924,2,1578909199,0xc06484cc5352ff5495c8b410be4cb4c31d00e2d931bd283fe1be97940882c28e,0x47ce0c6ed5b0ce3d3a51fdb1c52dc66a7c3c2936,0x10cb408e1285d840caced4d730df2359e3d56444,984500000000000000,,,call,59594,0,1,0,
9271924,3,1578909199,0xc06484cc5352ff5495c8b410be4cb4c31d00e2d931bd283fe1be97940882c28e,0x47ce0c6ed5b0ce3d3a51fdb1c52dc66a7c3c2936,0xe0f87651d3b65641c0fe1b71c5fbe88236d4b2e6,15500000000000000,,,call,52165,0,2,0,
9273295,2,1578927032,0x60361bba012ee2eba136ce8f7a084319b04d53698b7a477ae493eebda370e54c,0x47ce0c6ed5b0ce3d3a51fdb1c52dc66a7c3c2936,0x95221ae6a2fe9800899b0f387800e8c02d84e529,969500000000000000,,,call,59594,0,1,0,
9273295,3,1578927032,0x60361bba012ee2eba136ce8f7a084319b04d53698b7a477ae493eebda370e54c,0x47ce0c6ed5b0ce3d3a51fdb1c52dc66a7c3c2936,0x7d3bb46c78b0c4949639ce34896bfd875b97ad08,30500000000000000,,,call,52165,0,2,0,
9274234,2,1578939514,0x38035380023552bcec10d4aadcc51437f9b22e625023f15cfd054723782709f1,0x47ce0c6ed5b0ce3d3a51fdb1c52dc66a7c3c2936,0xe80a07c3765c923175a29e324ca9509c4e21080b,980500000000000000,,,call,59594,0,1,0,
9274234,3,1578939514,0x38035380023552bcec10d4aadcc51437f9b22e625023f15cfd054723782709f1,0x47ce0c6ed5b0ce3d3a51fdb1c52dc66a7c3c2936,0xe0f87651d3b65641c0fe1b71c5fbe88236d4b2e6,19500000000000000,,,call,52165,0,2,0,
9274464,2,1578942579,0xc74d6529b632fb9a4f6f338ea1043247ebb3189b719ae1c10c0a4f1e2401fa33,0x47ce0c6ed5b0ce3d3a51fdb1c52dc66a7c3c2936,0xf3fe2e3540a357bd65ac297665452bd1afcce4f4,974500000000000000,,,call,59594,0,1,0,
9274464,3,1578942579,0xc74d6529b632fb9a4f6f338ea1043247ebb3189b719ae1c10c0a4f1e2401fa33,0x47ce0c6ed5b0ce3d3a51fdb1c52dc66a7c3c2936,0x0f416bc2d310a1c32bc1081cf354c15fd10d4802,25500000000000000,,,call,52165,0,2,0,
9274468,2,1578942625,0x4b0d466dc32acfe8a616ecb0fe85056ecbd61a1437779af24ef5b48a53c565c3,0x47ce0c6ed5b0ce3d3a51fdb1c52dc66a7c3c2936,0xdf21cad71fc2fed321835b5b0b10038d8dc1f644,980500000000000000,,,call,59594,0,1,0,
9274468,3,1578942625,0x4b0d466dc32acfe8a616ecb0fe85056ecbd61a1437779af24ef5b48a53c565c3,0x47ce0c6ed5b0ce3d3a51fdb1c52dc66a7c3c2936,0xe0f87651d3b65641c0fe1b71c5fbe88236d4b2e6,19500000000000000,,,call,52165,0,2,0,
9274757,2,1578946554,0x5a7433b84a83b5daf14c17450e77268dcf1b6a86c7c6cae38f5d60ad8c8a7a81,0x47ce0c6ed5b0ce3d3a51fdb1c52dc66a7c3c2936,0xd45f2c2466beab21e217e9dfaaf1ede0efa6b243,1000000000000000000,,,call,101399,0,1,0,
9274763,2,1578946621,0x054592727c3e0d0489fcc214c4e9f0b39cf948f18477111b502c0b18a8b978e6,0x47ce0c6ed5b0ce3d3a51fdb1c52dc66a7c3c2936,0xd45f2c2466beab21e217e9dfaaf1ede0efa6b243,1000000000000000000,,,call,101399,0,1,0,
9275022,2,1578950227,0x175d4092ad3fdaccd76f315ed8a836fc3933653a9f07a693a9182effc2591983,0x47ce0c6ed5b0ce3d3a51fdb1c52dc66a7c3c2936,0x3e108429946ed6aa24841a65a31bea41298dfba1,980500000000000000,,,call,59594,0,1,0,
9275022,3,1578950227,0x175d4092ad3fdaccd76f315ed8a836fc3933653a9f07a693a9182effc2591983,0x47ce0c6ed5b0ce3d3a51fdb1c52dc66a7c3c2936,0xe0f87651d3b65641c0fe1b71c5fbe88236d4b2e6,19500000000000000,,,call,52165,0,2,0,
9275620,2,1578957952,0x80bf7bc835f41342f459c40c0b989ae27c327d8fc74c95250d73d27016fd2a75,0x47ce0c6ed5b0ce3d3a51fdb1c52dc66a7c3c2936,0x53c5c044c3c7c076aa54b19f759755602914085f,984500000000000000,,,call,59594,0,1,0,
9275620,3,1578957952,0x80bf7bc835f41342f459c40c0b989ae27c327d8fc74c95250d73d27016fd2a75,0x47ce0c6ed5b0ce3d3a51fdb1c52dc66a7c3c2936,0xe0f87651d3b65641c0fe1b71c5fbe88236d4b2e6,15500000000000000,,,call,52165,0,2,0,
9276241,2,1578965839,0x832252ce8a04a89f1c4b6cc9a07be508fd34647c092e5f6bf03937fa9d8ab76c,0x47ce0c6ed5b0ce3d3a51fdb1c52dc66a7c3c2936,0x493af1b7fa3a6fe7a8e16537666e1e8e7546def1,986000000000000000,,,call,59594,0,1,0,
9276241,3,1578965839,0x832252ce8a04a89f1c4b6cc9a07be508fd34647c092e5f6bf03937fa9d8ab76c,0x47ce0c6ed5b0ce3d3a51fdb1c52dc66a7c3c2936,0xe0f87651d3b65641c0fe1b71c5fbe88236d4b2e6,14000000000000000,,,call,52165,0,2,0,
9278940,2,1579001312,0x809574287a09265bc0e78c06a93890bf68ca32ad2c0c47a1813b39e5fe5f8c80,0x47ce0c6ed5b0ce3d3a51fdb1c52dc66a7c3c2936,0x54b729155520693b5c1b5860b7900b22d243a5ef,969500000000000000,,,call,59594,0,1,0,
9278940,3,1579001312,0x809574287a09265bc0e78c06a93890bf68ca32ad2c0c47a1813b39e5fe5f8c80,0x47ce0c6ed5b0ce3d3a51fdb1c52dc66a7c3c2936,0x7d3bb46c78b0c4949639ce34896bfd875b97ad08,30500000000000000,,,call,52165,0,2,0,
9279747,2,1579012621,0x3b02e653b0e510475b707775a757037e94378af73e632b3f42f35be702df71a2,0x47ce0c6ed5b0ce3d3a51fdb1c52dc66a7c3c2936,0x52d2852cf7a8e4ec7937127d3cc934ad219063f6,1000000000000000000,,,call,101399,0,1,0,
9281146,2,1579031633,0xf62a7553f8fdc60c2ce7884c43f90084cdeb516350026dc2a12ba340937ae7b5,0x47ce0c6ed5b0ce3d3a51fdb1c52dc66a7c3c2936,0x6c1c4f642ab5611a46ee6f3ed95bbf2e3caf4d1c,1000000000000000000,,,call,101399,0,1,0,
9281148,2,1579031711,0xbf789474a3a03bdc6ac52f6c1a51ce45308b947ff085c23b7f798b4b723ed812,0x47ce0c6ed5b0ce3d3a51fdb1c52dc66a7c3c2936,0x6c1c4f642ab5611a46ee6f3ed95bbf2e3caf4d1c,1000000000000000000,,,call,101399,0,1,0,
9281579,2,1579037076,0x3d1422fd6470f2ae51e0ad581daf3e9351586fa703f2757a81bea7ca19fd5828,0x47ce0c6ed5b0ce3d3a51fdb1c52dc66a7c3c2936,0xa1381b40e0a6b91814f77de19a7ad2cb21753184,975000000000000000,,,call,59594,0,1,0,
9281579,3,1579037076,0x3d1422fd6470f2ae51e0ad581daf3e9351586fa703f2757a81bea7ca19fd5828,0x47ce0c6ed5b0ce3d3a51fdb1c52dc66a7c3c2936,0x0f416bc2d310a1c32bc1081cf354c15fd10d4802,25000000000000000,,,call,52165,0,2,0,
9283703,2,1579064800,0x80d3287a0886275dfb8033ff72ec57390fe517bfdfcb73c064911a9700f28529,0x47ce0c6ed5b0ce3d3a51fdb1c52dc66a7c3c2936,0xeb2cb317b23f0640357022bd33ed273ac0af4ef7,970500000000000000,,,call,59594,0,1,0,
9283703,3,1579064800,0x80d3287a0886275dfb8033ff72ec57390fe517bfdfcb73c064911a9700f28529,0x47ce0c6ed5b0ce3d3a51fdb1c52dc66a7c3c2936,0x0f416bc2d310a1c32bc1081cf354c15fd10d4802,29500000000000000,,,call,52165,0,2,0,
9285503,2,1579088835,0xfc9af0096a58a12e5a7ede6fb767ea4243aa888a8b21e239d77085526a4c3c2a,0x47ce0c6ed5b0ce3d3a51fdb1c52dc66a7c3c2936,0xff70ac142a9d359bde8391d10cc017c77e6e397c,973500000000000000,,,call,59594,0,1,0,
9285503,3,1579088835,0xfc9af0096a58a12e5a7ede6fb767ea4243aa888a8b21e239d77085526a4c3c2a,0x47ce0c6ed5b0ce3d3a51fdb1c52dc66a7c3c2936,0x7d3bb46c78b0c4949639ce34896bfd875b97ad08,26500000000000000,,,call,52165,0,2,0,
9285508,2,1579088956,0xedf5c3a2c0da1ef3a8dc031daec50dc2e297572e3582206374bc852209a55281,0x47ce0c6ed5b0ce3d3a51fdb1c52dc66a7c3c2936,0x4b8d9b2f01048fa9b41c0679f83ac39bcfe8de4c,973500000000000000,,,call,59594,0,1,0,
9285508,3,1579088956,0xedf5c3a2c0da1ef3a8dc031daec50dc2e297572e3582206374bc852209a55281,0x47ce0c6ed5b0ce3d3a51fdb1c52dc66a7c3c2936,0xefab18983029d2ba840e34698efb67fdf8120711,26500000000000000,,,call,52165,0,2,0,
9286461,2,1579101484,0xa6912a880c23f0fc999935e683293f1843bd65df452ec776588ed2c4eed814ad,0x47ce0c6ed5b0ce3d3a51fdb1c52dc66a7c3c2936,0x8f5906963ae276e1631efa8ff1a9cae6499ec5e3,1000000000000000000,,,call,101399,0,1,0,
9287580,2,1579116009,0x8737454d7bfe329dce7c2717733505e842a6e2979f2cdae68dae22e531355dc0,0x47ce0c6ed5b0ce3d3a51fdb1c52dc66a7c3c2936,0xdbad1d6ca426559d453e999f42812598c47a3681,985000000000000000,,,call,59594,0,1,0,
9287580,3,1579116009,0x8737454d7bfe329dce7c2717733505e842a6e2979f2cdae68dae22e531355dc0,0x47ce0c6ed5b0ce3d3a51fdb1c52dc66a7c3c2936,0xe0f87651d3b65641c0fe1b71c5fbe88236d4b2e6,15000000000000000,,,call,52165,0,2,0,
9288204,2,1579124886,0xe3feda1afc76392693b1fef6826e4a96aa54b2408f10ca27c938d1f25315cd95,0x47ce0c6ed5b0ce3d3a51fdb1c52dc66a7c3c2936,0xbdea05d73e285d5c6432d0d310ae3bad8ab8fbac,980500000000000000,,,call,59594,0,1,0,
9288204,3,1579124886,0xe3feda1afc76392693b1fef6826e4a96aa54b2408f10ca27c938d1f25315cd95,0x47ce0c6ed5b0ce3d3a51fdb1c52dc66a7c3c2936,0xe0f87651d3b65641c0fe1b71c5fbe88236d4b2e6,19500000000000000,,,call,52165,0,2,0,
9290287,2,1579152217,0x75c883b2144b909dbabd2a7731309b68062fe32572524660fb17474cb12d1386,0x47ce0c6ed5b0ce3d3a51fdb1c52dc66a7c3c2936,0x3fdbeedcbfd67cbc00fc169fcf557f77ea4ad4ed,973500000000000000,,,call,59594,0,1,0,
9290287,3,1579152217,0x75c883b2144b909dbabd2a7731309b68062fe32572524660fb17474cb12d1386,0x47ce0c6ed5b0ce3d3a51fdb1c52dc66a7c3c2936,0x7d3bb46c78b0c4949639ce34896bfd875b97ad08,26500000000000000,,,call,52165,0,2,0,
9291270,2,1579165326,0x6657887d1cbda9c69adc8454475a187776e66e33fc2e9e3165514c23a540cc7d,0x47ce0c6ed5b0ce3d3a51fdb1c52dc66a7c3c2936,0x059c117a26d4cfa213b9037635c38378d96a58dc,975500000000000000,,,call,59594,0,1,0,
9291270,3,1579165326,0x6657887d1cbda9c69adc8454475a187776e66e33fc2e9e3165514c23a540cc7d,0x47ce0c6ed5b0ce3d3a51fdb1c52dc66a7c3c2936,0x0f416bc2d310a1c32bc1081cf354c15fd10d4802,24500000000000000,,,call,52165,0,2,0,
9291633,2,1579170166,0xac281103116c741ce12a031b30135fcd6a62e2afcee4a480e4a338ee1db3f985,0x47ce0c6ed5b0ce3d3a51fdb1c52dc66a7c3c2936,0x584c94dfb8ebed0eb01063f4c0d569fe04e9c479,980500000000000000,,,call,59594,0,1,0,
9291633,3,1579170166,0xac281103116c741ce12a031b30135fcd6a62e2afcee4a480e4a338ee1db3f985,0x47ce0c6ed5b0ce3d3a51fdb1c52dc66a7c3c2936,0xe0f87651d3b65641c0fe1b71c5fbe88236d4b2e6,19500000000000000,,,call,52165,0,2,0,
9292974,2,1579188226,0x69e080742ded34c8fa464c2df26539401f2332a702e1de0cbcc89348ed879994,0x47ce0c6ed5b0ce3d3a51fdb1c52dc66a7c3c2936,0x3584ca77ba08bd8b3fe4762e60eb284e37696829,985000000000000000,,,call,59594,0,1,0,
9292974,3,1579188226,0x69e080742ded34c8fa464c2df26539401f2332a702e1de0cbcc89348ed879994,0x47ce0c6ed5b0ce3d3a51fdb1c52dc66a7c3c2936,0xe0f87651d3b65641c0fe1b71c5fbe88236d4b2e6,15000000000000000,,,call,52165,0,2,0,
9293050,2,1579189264,0x380d9396fd11b33fee10e96ab83ddc2a3b3d569cb2daa6ce64c6b9a3c123f717,0x47ce0c6ed5b0ce3d3a51fdb1c52dc66a7c3c2936,0x42d49086d884202b8f5c52a5bfe96eb3893354bb,969500000000000000,,,call,59594,0,1,0,
9293050,3,1579189264,0x380d9396fd11b33fee10e96ab83ddc2a3b3d569cb2daa6ce64c6b9a3c123f717,0x47ce0c6ed5b0ce3d3a51fdb1c52dc66a7c3c2936,0xefab18983029d2ba840e34698efb67fdf8120711,30500000000000000,,,call,52165,0,2,0,
9293523,2,1579195304,0xfd72008bf0780d9de1939de976d2803ba5cbd813504805c6452d7aa3fe57ecd4,0x47ce0c6ed5b0ce3d3a51fdb1c52dc66a7c3c2936,0xb632089b3f34ae3f0b1c2038c381ff1a6ec04ab4,973500000000000000,,,call,59594,0,1,0,
9293523,3,1579195304,0xfd72008bf0780d9de1939de976d2803ba5cbd813504805c6452d7aa3fe57ecd4,0x47ce0c6ed5b0ce3d3a51fdb1c52dc66a7c3c2936,0xefab18983029d2ba840e34698efb67fdf8120711,26500000000000000,,,call,52165,0,2,0,
9293528,2,1579195398,0xdc964506dd2e76b4250b38665a870d4d6ec3b44cd35e5d25ddb1a811b4eb6e41,0x47ce0c6ed5b0ce3d3a51fdb1c52dc66a7c3c2936,0xb632089b3f34ae3f0b1c2038c381ff1a6ec04ab4,1000000000000000000,,,call,101399,0,1,0,
9293531,2,1579195472,0x1c66364d94ae2934b01fa9ef1b3f1cf45eb2c2ea064eb7ffc0d9603e71e9d298,0x47ce0c6ed5b0ce3d3a51fdb1c52dc66a7c3c2936,0xb632089b3f34ae3f0b1c2038c381ff1a6ec04ab4,1000000000000000000,,,call,101399,0,1,0,
9293531,2,1579195472,0xfd7ccd73ea7d93012dad636caaee8955a160a1399fca9cddf3ddbc2090893192,0x47ce0c6ed5b0ce3d3a51fdb1c52dc66a7c3c2936,0xb632089b3f34ae3f0b1c2038c381ff1a6ec04ab4,1000000000000000000,,,call,101399,0,1,0,
9294267,2,1579205072,0x869e6ec272c1665a12a0d8e3479b5b45ef16686c51d4ffe12134d36d97852881,0x47ce0c6ed5b0ce3d3a51fdb1c52dc66a7c3c2936,0x391d6cdc80d91c83eccc1f14175ade5f15d1faf9,985850000000000000,,,call,59594,0,1,0,
9294267,3,1579205072,0x869e6ec272c1665a12a0d8e3479b5b45ef16686c51d4ffe12134d36d97852881,0x47ce0c6ed5b0ce3d3a51fdb1c52dc66a7c3c2936,0xe0f87651d3b65641c0fe1b71c5fbe88236d4b2e6,14150000000000000,,,call,52165,0,2,0,
9294459,2,1579207753,0xb424c0af16b03fc7a434d2bcbbdf5363b2a7b4060318d9c20e00ace636a64669,0x47ce0c6ed5b0ce3d3a51fdb1c52dc66a7c3c2936,0x6c4e3217ea3f955a58b6f7bc8fddb37df05579bd,986000000000000000,,,call,59594,0,1,0,
9294459,3,1579207753,0xb424c0af16b03fc7a434d2bcbbdf5363b2a7b4060318d9c20e00ace636a64669,0x47ce0c6ed5b0ce3d3a51fdb1c52dc66a7c3c2936,0xe0f87651d3b65641c0fe1b71c5fbe88236d4b2e6,14000000000000000,,,call,52165,0,2,0,
9294777,2,1579212041,0x51515869b56d2c35eb85798ce069a9ef023ad3aa408f78cd6def69777ccc872a,0x47ce0c6ed5b0ce3d3a51fdb1c52dc66a7c3c2936,0xf9ebd8d480690ac7d570afcc0cc7b097423bb19a,974000000000000000,,,call,59594,0,1,0,
9294777,3,1579212041,0x51515869b56d2c35eb85798ce069a9ef023ad3aa408f78cd6def69777ccc872a,0x47ce0c6ed5b0ce3d3a51fdb1c52dc66a7c3c2936,0xefab18983029d2ba840e34698efb67fdf8120711,26000000000000000,,,call,52165,0,2,0,
9295405,2,1579220331,0x4ce965d02d7bfcfdf50ed5d3dbfcb35f1dc48508f045e54b5d04e485e07140f9,0x47ce0c6ed5b0ce3d3a51fdb1c52dc66a7c3c2936,0x92645481c049934ed5b5f2bf7eecb59ea750703b,984500000000000000,,,call,59594,0,1,0,
9295405,3,1579220331,0x4ce965d02d7bfcfdf50ed5d3dbfcb35f1dc48508f045e54b5d04e485e07140f9,0x47ce0c6ed5b0ce3d3a51fdb1c52dc66a7c3c2936,0xe0f87651d3b65641c0fe1b71c5fbe88236d4b2e6,15500000000000000,,,call,52165,0,2,0,
9295966,2,1579227430,0x7168aadc2b3e2201d941ad04a854f4f17be4ba30ccc6d5575857f14210e0e6b3,0x47ce0c6ed5b0ce3d3a51fdb1c52dc66a7c3c2936,0xf0a58c186a1c1fd3234eee57c927315aa35f1ee1,986000000000000000,,,call,59594,0,1,0,
9295966,3,1579227430,0x7168aadc2b3e2201d941ad04a854f4f17be4ba30ccc6d5575857f14210e0e6b3,0x47ce0c6ed5b0ce3d3a51fdb1c52dc66a7c3c2936,0xe0f87651d3b65641c0fe1b71c5fbe88236d4b2e6,14000000000000000,,,call,52165,0,2,0,
9295998,2,1579227796,0x24554633e5f8d49d8e280fe80acdf0e0ed4035f9bd2eb165d5aded8e6d1a77b5,0x47ce0c6ed5b0ce3d3a51fdb1c52dc66a7c3c2936,0xf0a58c186a1c1fd3234eee57c927315aa35f1ee1,969500000000000000,,,call,59594,0,1,0,
9295998,3,1579227796,0x24554633e5f8d49d8e280fe80acdf0e0ed4035f9bd2eb165d5aded8e6d1a77b5,0x47ce0c6ed5b0ce3d3a51fdb1c52dc66a7c3c2936,0x7d3bb46c78b0c4949639ce34896bfd875b97ad08,30500000000000000,,,call,52165,0,2,0,
9301109,2,1579295524,0x4c8b22ef5883cc29dcf1fe7df4ffbd1a0b498420425df4c91592a304758b4810,0x47ce0c6ed5b0ce3d3a51fdb1c52dc66a7c3c2936,0x9d54072c64c2271a9fdd25e45a20400ce4a47207,1000000000000000000,,,call,101399,0,1,0,
9301145,2,1579295930,0x7a8c98c670446355d4ec3e96bbf86ea021bcde4941feaf9d7a0e622b522f5ae5,0x47ce0c6ed5b0ce3d3a51fdb1c52dc66a7c3c2936,0x9d54072c64c2271a9fdd25e45a20400ce4a47207,1000000000000000000,,,call,101399,0,1,0,
9304558,2,1579341598,0x1b617f312b509e8e12502e10317d9129e77929f09d2adbdf79e859c63a645ee2,0x47ce0c6ed5b0ce3d3a51fdb1c52dc66a7c3c2936,0xb7ddaba243659e42d2813fcb9f30aca983478b5c,974500000000000000,,,call,59594,0,1,0,
9304558,3,1579341598,0x1b617f312b509e8e12502e10317d9129e77929f09d2adbdf79e859c63a645ee2,0x47ce0c6ed5b0ce3d3a51fdb1c52dc66a7c3c2936,0x7d3bb46c78b0c4949639ce34896bfd875b97ad08,25500000000000000,,,call,52165,0,2,0,
9304982,2,1579347152,0xa9fa35306793e31992cc170e94014c8005ebfd0c7e04c14f8c74a5fdb744f886,0x47ce0c6ed5b0ce3d3a51fdb1c52dc66a7c3c2936,0x88120c651b586bb0e2c645bb906d9cc66c823aba,980500000000000000,,,call,59594,0,1,0,
9304982,3,1579347152,0xa9fa35306793e31992cc170e94014c8005ebfd0c7e04c14f8c74a5fdb744f886,0x47ce0c6ed5b0ce3d3a51fdb1c52dc66a7c3c2936,0xe0f87651d3b65641c0fe1b71c5fbe88236d4b2e6,19500000000000000,,,call,52165,0,2,0,
9305423,2,1579353074,0x5f5d67a300a848d3be034271a68cfec886da80535ca33f09cf88a568b4e9b2b5,0x47ce0c6ed5b0ce3d3a51fdb1c52dc66a7c3c2936,0x7ab423f63b6d79d185ccc465d18d81f27f594bc0,975500000000000000,,,call,59594,0,1,0,
9305423,3,1579353074,0x5f5d67a300a848d3be034271a68cfec886da80535ca33f09cf88a568b4e9b2b5,0x47ce0c6ed5b0ce3d3a51fdb1c52dc66a7c3c2936,0x0f416bc2d310a1c32bc1081cf354c15fd10d4802,24500000000000000,,,call,52165,0,2,0,
9305426,2,1579353164,0xccb18f92199ba90cb61a53a4fa6049064f7a726d2b607acdf9d1790ab1563fdf,0x47ce0c6ed5b0ce3d3a51fdb1c52dc66a7c3c2936,0x7ab423f63b6d79d185ccc465d18d81f27f594bc0,985500000000000000,,,call,59594,0,1,0,
9305426,3,1579353164,0xccb18f92199ba90cb61a53a4fa6049064f7a726d2b607acdf9d1790ab1563fdf,0x47ce0c6ed5b0ce3d3a51fdb1c52dc66a7c3c2936,0xe0f87651d3b65641c0fe1b71c5fbe88236d4b2e6,14500000000000000,,,call,52165,0,2,0,
9305467,2,1579353680,0xd6a6e5cf4fa0a1862be815734262fa6158896429b8ce6f6d94d5b76c4360492c,0x47ce0c6ed5b0ce3d3a51fdb1c52dc66a7c3c2936,0xa31fb1c29555d05001424aa5ef6514acd341cdfa,980500000000000000,,,call,59594,0,1,0,
9305467,3,1579353680,0xd6a6e5cf4fa0a1862be815734262fa6158896429b8ce6f6d94d5b76c4360492c,0x47ce0c6ed5b0ce3d3a51fdb1c52dc66a7c3c2936,0xe0f87651d3b65641c0fe1b71c5fbe88236d4b2e6,19500000000000000,,,call,52165,0,2,0,
9305878,2,1579359015,0x1ec2a6dc2542d891ec22c1e21c2b51a8e67000b8c04066795a9ddff7ee9d8d39,0x47ce0c6ed5b0ce3d3a51fdb1c52dc66a7c3c2936,0x1eef6eca3a7430fd1911f58ff1f596663e6f6248,980500000000000000,,,call,59594,0,1,0,
9305878,3,1579359015,0x1ec2a6dc2542d891ec22c1e21c2b51a8e67000b8c04066795a9ddff7ee9d8d39,0x47ce0c6ed5b0ce3d3a51fdb1c52dc66a7c3c2936,0xe0f87651d3b65641c0fe1b71c5fbe88236d4b2e6,19500000000000000,,,call,52165,0,2,0,
9307234,2,1579376526,0x5f1ff3c7b6969c5c2824fbb964d19b1e20396f5c3ae04030be41f3e82d12f8d4,0x47ce0c6ed5b0ce3d3a51fdb1c52dc66a7c3c2936,0xf9963dbe9438a5ecb62e5e7c2c081c3d12d48dd5,974000000000000000,,,call,59594,0,1,0,
9307234,3,1579376526,0x5f1ff3c7b6969c5c2824fbb964d19b1e20396f5c3ae04030be41f3e82d12f8d4,0x47ce0c6ed5b0ce3d3a51fdb1c52dc66a7c3c2936,0x7d3bb46c78b0c4949639ce34896bfd875b97ad08,26000000000000000,,,call,52165,0,2,0,
9307336,2,1579377847,0xa6ba28b312fba18067aa802c4dc42fe91975b99b98f85190ab3b0d4221443e39,0x47ce0c6ed5b0ce3d3a51fdb1c52dc66a7c3c2936,0x8b7fb0dda3ae26426ff8839d6a963a99b09eec80,986000000000000000,,,call,59594,0,1,0,
9307336,3,1579377847,0xa6ba28b312fba18067aa802c4dc42fe91975b99b98f85190ab3b0d4221443e39,0x47ce0c6ed5b0ce3d3a51fdb1c52dc66a7c3c2936,0xe0f87651d3b65641c0fe1b71c5fbe88236d4b2e6,14000000000000000,,,call,52165,0,2,0,
9309348,2,1579404563,0xd5eb15fd82ad57c78b5b7c09b343834900495eb7be523c0f8493080e26cc233b,0x47ce0c6ed5b0ce3d3a51fdb1c52dc66a7c3c2936,0x3d3c2dd1b36acf85f511fc5bdb9f80fa22db72ec,970500000000000000,,,call,59594,0,1,0,
9309348,3,1579404563,0xd5eb15fd82ad57c78b5b7c09b343834900495eb7be523c0f8493080e26cc233b,0x47ce0c6ed5b0ce3d3a51fdb1c52dc66a7c3c2936,0x0f416bc2d310a1c32bc1081cf354c15fd10d4802,29500000000000000,,,call,52165,0,2,0,
9311686,2,1579435930,0x5b729f31a2a9a0b5be3c1ad524cce66cc67ea02ecdc073dfb005b1f44c4d4109,0x47ce0c6ed5b0ce3d3a51fdb1c52dc66a7c3c2936,0x00a78b13233caf7750483ada217d8c16ecf4e7bf,1000000000000000000,,,call,101399,0,1,0,
9311710,2,1579436244,0xbdca21dc328297227597ee9d5ad057585899a5c412ee88985ad8bef2a74dc55a,0x47ce0c6ed5b0ce3d3a51fdb1c52dc66a7c3c2936,0x00a78b13233caf7750483ada217d8c16ecf4e7bf,1000000000000000000,,,call,101399,0,1,0,
9311724,2,1579436463,0x5d3556d9d200ae597368bad83f0f029f52ca76077d9c76354a8fabd5d4b4324a,0x47ce0c6ed5b0ce3d3a51fdb1c52dc66a7c3c2936,0x00a78b13233caf7750483ada217d8c16ecf4e7bf,1000000000000000000,,,call,101399,0,1,0,
9311742,2,1579436633,0x2708ff9854543a52bdd203aa94b3131bbdd7c268b34d17378f6ba5a63a3b6370,0x47ce0c6ed5b0ce3d3a51fdb1c52dc66a7c3c2936,0x00a78b13233caf7750483ada217d8c16ecf4e7bf,1000000000000000000,,,call,101399,0,1,0,
9311767,2,1579436968,0xd5b99ae086d951184cfb21847f5cc550890783c7dafdc2c581f0236bcbe99105,0x47ce0c6ed5b0ce3d3a51fdb1c52dc66a7c3c2936,0x00a78b13233caf7750483ada217d8c16ecf4e7bf,1000000000000000000,,,call,101399,0,1,0,
9311794,2,1579437336,0x68fa0c5cf2962a2f78413e6cf9ec5d5093c862fb532fabecb127c7121bf14455,0x47ce0c6ed5b0ce3d3a51fdb1c52dc66a7c3c2936,0x7f9a62c2239dbce70d85a5dadf016119b709cb3c,980500000000000000,,,call,59594,0,1,0,
9311794,3,1579437336,0x68fa0c5cf2962a2f78413e6cf9ec5d5093c862fb532fabecb127c7121bf14455,0x47ce0c6ed5b0ce3d3a51fdb1c52dc66a7c3c2936,0xe0f87651d3b65641c0fe1b71c5fbe88236d4b2e6,19500000000000000,,,call,52165,0,2,0,
9312537,2,1579447376,0xeb510ad733b212bc59ee58473d73629ccd267b8f2086eecd202ae067dd24591b,0x47ce0c6ed5b0ce3d3a51fdb1c52dc66a7c3c2936,0x568c23f31f73af85bfb1c2adffb682d5766ad909,969500000000000000,,,call,59594,0,1,0,
9312537,3,1579447376,0xeb510ad733b212bc59ee58473d73629ccd267b8f2086eecd202ae067dd24591b,0x47ce0c6ed5b0ce3d3a51fdb1c52dc66a7c3c2936,0x7d3bb46c78b0c4949639ce34896bfd875b97ad08,30500000000000000,,,call,52165,0,2,0,
9313646,2,1579461219,0x7fa58826a5ed3f7601817367aff6500c03abc3888ff765aa7636153b3aeb7731,0x47ce0c6ed5b0ce3d3a51fdb1c52dc66a7c3c2936,0x6f215da39f5c836063dc9faad9e87159edf09e96,984500000000000000,,,call,59594,0,1,0,
9313646,3,1579461219,0x7fa58826a5ed3f7601817367aff6500c03abc3888ff765aa7636153b3aeb7731,0x47ce0c6ed5b0ce3d3a51fdb1c52dc66a7c3c2936,0xe0f87651d3b65641c0fe1b71c5fbe88236d4b2e6,15500000000000000,,,call,52165,0,2,0,
9313892,2,1579464478,0xbf543278b95c5553627c7d05a1c005a21a0ccf7bc1fe8473bca6eaea5f1d3f27,0x47ce0c6ed5b0ce3d3a51fdb1c52dc66a7c3c2936,0x638683279cf2b960b1f88f00e32eea7c261a4356,980500000000000000,,,call,59594,0,1,0,
9313892,3,1579464478,0xbf543278b95c5553627c7d05a1c005a21a0ccf7bc1fe8473bca6eaea5f1d3f27,0x47ce0c6ed5b0ce3d3a51fdb1c52dc66a7c3c2936,0xe0f87651d3b65641c0fe1b71c5fbe88236d4b2e6,19500000000000000,,,call,52165,0,2,0,
9317460,2,1579511751,0x149500fb6e549e0a623a8caa0125d665c11c76221e20a69b07aca97cf22a85d7,0x47ce0c6ed5b0ce3d3a51fdb1c52dc66a7c3c2936,0x1be4e3f0497abb6786e5efdde64b6c0d6225c62f,985500000000000000,,,call,59594,0,1,0,
9317460,3,1579511751,0x149500fb6e549e0a623a8caa0125d665c11c76221e20a69b07aca97cf22a85d7,0x47ce0c6ed5b0ce3d3a51fdb1c52dc66a7c3c2936,0xe0f87651d3b65641c0fe1b71c5fbe88236d4b2e6,14500000000000000,,,call,52165,0,2,0,
9317851,2,1579517101,0x13ace709f8230dd28d3d35ab39c9be6bf269f04be9e8fda058d9bf286844b134,0x47ce0c6ed5b0ce3d3a51fdb1c52dc66a7c3c2936,0x1c6640089c6af02e11f04f0ee44b2cc6ef924057,985500000000000000,,,call,59594,0,1,0,
9317851,3,1579517101,0x13ace709f8230dd28d3d35ab39c9be6bf269f04be9e8fda058d9bf286844b134,0x47ce0c6ed5b0ce3d3a51fdb1c52dc66a7c3c2936,0xe0f87651d3b65641c0fe1b71c5fbe88236d4b2e6,14500000000000000,,,call,52165,0,2,0,
9318897,2,1579530622,0xa28e75a5972749ab98c5e316ce2d0d0140fe15fe4ced6da77a1b690b39aa7207,0x47ce0c6ed5b0ce3d3a51fdb1c52dc66a7c3c2936,0x39306a4554702c21d5d235d2d00900fa28142776,969500000000000000,,,call,59594,0,1,0,
9318897,3,1579530622,0xa28e75a5972749ab98c5e316ce2d0d0140fe15fe4ced6da77a1b690b39aa7207,0x47ce0c6ed5b0ce3d3a51fdb1c52dc66a7c3c2936,0xefab18983029d2ba840e34698efb67fdf8120711,30500000000000000,,,call,52165,0,2,0,
9321872,2,1579569608,0xd9898337718b6f08312a67894e835445620cd5867ac719dc2d2d196537c72074,0x47ce0c6ed5b0ce3d3a51fdb1c52dc66a7c3c2936,0xc455ded28e8f750fc9b9e6bcfd5b305a393a0271,980500000000000000,,,call,59594,0,1,0,
9321872,3,1579569608,0xd9898337718b6f08312a67894e835445620cd5867ac719dc2d2d196537c72074,0x47ce0c6ed5b0ce3d3a51fdb1c52dc66a7c3c2936,0xe0f87651d3b65641c0fe1b71c5fbe88236d4b2e6,19500000000000000,,,call,52165,0,2,0,
9322103,2,1579573078,0x0eb13a4f0e40339fefaa1026f782e25913f1168a3f0ba340ae59f3664c1ae946,0x47ce0c6ed5b0ce3d3a51fdb1c52dc66a7c3c2936,0x3fdbeedcbfd67cbc00fc169fcf557f77ea4ad4ed,973500000000000000,,,call,59594,0,1,0,
9322103,3,1579573078,0x0eb13a4f0e40339fefaa1026f782e25913f1168a3f0ba340ae59f3664c1ae946,0x47ce0c6ed5b0ce3d3a51fdb1c52dc66a7c3c2936,0xefab18983029d2ba840e34698efb67fdf8120711,26500000000000000,,,call,52165,0,2,0,
9322126,2,1579573367,0x7732ec5c61a8d9d25e4e1718101a46fd6537e1ea61f4a4fe554f612173b53d33,0x47ce0c6ed5b0ce3d3a51fdb1c52dc66a7c3c2936,0x3fdbeedcbfd67cbc00fc169fcf557f77ea4ad4ed,973500000000000000,,,call,59594,0,1,0,
9322126,3,1579573367,0x7732ec5c61a8d9d25e4e1718101a46fd6537e1ea61f4a4fe554f612173b53d33,0x47ce0c6ed5b0ce3d3a51fdb1c52dc66a7c3c2936,0xefab18983029d2ba840e34698efb67fdf8120711,26500000000000000,,,call,52165,0,2,0,
9322540,2,1579578731,0xd85daf9715eeaeb4e3d6f35a207705eaebf6c4bdb6de5de48c0a2c24d31b06b3,0x47ce0c6ed5b0ce3d3a51fdb1c52dc66a7c3c2936,0xe1ab58b29e5ec4796c8d8de188339f3221585725,970500000000000000,,,call,59594,0,1,0,
9322540,3,1579578731,0xd85daf9715eeaeb4e3d6f35a207705eaebf6c4bdb6de5de48c0a2c24d31b06b3,0x47ce0c6ed5b0ce3d3a51fdb1c52dc66a7c3c2936,0x0f416bc2d310a1c32bc1081cf354c15fd10d4802,29500000000000000,,,call,52165,0,2,0,
9322728,2,1579581577,0x407797d8146435c99780e83612035be0a0ddaef7a615bcfbb6b8aef74c00d1ec,0x47ce0c6ed5b0ce3d3a51fdb1c52dc66a7c3c2936,0x8f90edc95aa2d520826ef7156771888d7e71dba5,969500000000000000,,,call,59594,0,1,0,
9322728,3,1579581577,0x407797d8146435c99780e83612035be0a0ddaef7a615bcfbb6b8aef74c00d1ec,0x47ce0c6ed5b0ce3d3a51fdb1c52dc66a7c3c2936,0xefab18983029d2ba840e34698efb67fdf8120711,30500000000000000,,,call,52165,0,2,0,
9325204,2,1579614433,0x8f29a0c05520897a6b17883d928e8a4fb30ebfc5f594dd3139d5ed126520c995,0x47ce0c6ed5b0ce3d3a51fdb1c52dc66a7c3c2936,0xc455ded28e8f750fc9b9e6bcfd5b305a393a0271,969500000000000000,,,call,59594,0,1,0,
9325204,3,1579614433,0x8f29a0c05520897a6b17883d928e8a4fb30ebfc5f594dd3139d5ed126520c995,0x47ce0c6ed5b0ce3d3a51fdb1c52dc66a7c3c2936,0x7d3bb46c78b0c4949639ce34896bfd875b97ad08,30500000000000000,,,call,52165,0,2,0,
9327294,2,1579641736,0x63724b9fab404ee9ffacadd8eca6dc6c637184d11ac4ddeae376c53cca010104,0x47ce0c6ed5b0ce3d3a51fdb1c52dc66a7c3c2936,0x9bfc4a3ef49f85c11964b729602f127aac1406d7,1000000000000000000,,,call,101399,0,1,0,
9328666,2,1579659768,0x8fb74f8692ae2f70ba4cc7fa465ad015450508e7bf08f22ed14d6d1a5cf28b92,0x47ce0c6ed5b0ce3d3a51fdb1c52dc66a7c3c2936,0xa4c21aaf21f03b9f090b6b7456deabdad6369556,1000000000000000000,,,call,97967,0,1,0,
9328782,2,1579661338,0xb6a0c0e5227953c20742226417055e0edbff51f2b1ba12ac9552108b3e9fb0a5,0x47ce0c6ed5b0ce3d3a51fdb1c52dc66a7c3c2936,0x9c3a55891a77beb462609929cccda980f2d378f5,969500000000000000,,,call,59594,0,1,0,
9328782,3,1579661338,0xb6a0c0e5227953c20742226417055e0edbff51f2b1ba12ac9552108b3e9fb0a5,0x47ce0c6ed5b0ce3d3a51fdb1c52dc66a7c3c2936,0xefab18983029d2ba840e34698efb67fdf8120711,30500000000000000,,,call,52165,0,2,0,
9328783,2,1579661362,0x2fd2832d6d0bd8513918a5753d08701c29659036dfd9a87d7efb8ac78529b6cc,0x47ce0c6ed5b0ce3d3a51fdb1c52dc66a7c3c2936,0x9c3a55891a77beb462609929cccda980f2d378f5,970500000000000000,,,call,84203,0,1,0,
9328783,3,1579661362,0x2fd2832d6d0bd8513918a5753d08701c29659036dfd9a87d7efb8ac78529b6cc,0x47ce0c6ed5b0ce3d3a51fdb1c52dc66a7c3c2936,0x0f416bc2d310a1c32bc1081cf354c15fd10d4802,29500000000000000,,,call,76774,0,2,0,
9328788,2,1579661458,0xfaf18e5bc663427cbbac4783074b3c8fe15badb246d8cc0c891bacd5b3642f00,0x47ce0c6ed5b0ce3d3a51fdb1c52dc66a7c3c2936,0x9c3a55891a77beb462609929cccda980f2d378f5,970500000000000000,,,call,59594,0,1,0,
9328788,3,1579661458,0xfaf18e5bc663427cbbac4783074b3c8fe15badb246d8cc0c891bacd5b3642f00,0x47ce0c6ed5b0ce3d3a51fdb1c52dc66a7c3c2936,0x0f416bc2d310a1c32bc1081cf354c15fd10d4802,29500000000000000,,,call,52165,0,2,0,
9328788,2,1579661458,0x60b2f5c66feeafcece962e365baaea19895bf7fefd643c5bb34eac1cb48f1961,0x47ce0c6ed5b0ce3d3a51fdb1c52dc66a7c3c2936,0x9c3a55891a77beb462609929cccda980f2d378f5,969500000000000000,,,call,59594,0,1,0,
9328788,3,1579661458,0x60b2f5c66feeafcece962e365baaea19895bf7fefd643c5bb34eac1cb48f1961,0x47ce0c6ed5b0ce3d3a51fdb1c52dc66a7c3c2936,0xefab18983029d2ba840e34698efb67fdf8120711,30500000000000000,,,call,52165,0,2,0,
9328788,2,1579661458,0x7089e80296d483a82830aa11c4701b59df407de53ef27120f705ec0f899792f2,0x47ce0c6ed5b0ce3d3a51fdb1c52dc66a7c3c2936,0x9c3a55891a77beb462609929cccda980f2d378f5,969500000000000000,,,call,59594,0,1,0,
9328788,3,1579661458,0x7089e80296d483a82830aa11c4701b59df407de53ef27120f705ec0f899792f2,0x47ce0c6ed5b0ce3d3a51fdb1c52dc66a7c3c2936,0xefab18983029d2ba840e34698efb67fdf8120711,30500000000000000,,,call,52165,0,2,0,
9330072,2,1579679021,0x73e830fd9a8b7c6ddf31acc56f3527e3c711513c52375ce5f41c421a7be06300,0x47ce0c6ed5b0ce3d3a51fdb1c52dc66a7c3c2936,0x21d3914c5f44655bfe8f4e134223916665a7761e,974000000000000000,,,call,59594,0,1,0,
9330072,3,1579679021,0x73e830fd9a8b7c6ddf31acc56f3527e3c711513c52375ce5f41c421a7be06300,0x47ce0c6ed5b0ce3d3a51fdb1c52dc66a7c3c2936,0xefab18983029d2ba840e34698efb67fdf8120711,26000000000000000,,,call,52165,0,2,0,
9331599,2,1579698464,0x78044fab5ea6c5a9566b3adbff5fb67b22355b3be4cea84b68f057a583f8b863,0x47ce0c6ed5b0ce3d3a51fdb1c52dc66a7c3c2936,0xc228bb436527e88111e8ee7ed128fe17afc54848,973500000000000000,,,call,59594,0,1,0,
9331599,3,1579698464,0x78044fab5ea6c5a9566b3adbff5fb67b22355b3be4cea84b68f057a583f8b863,0x47ce0c6ed5b0ce3d3a51fdb1c52dc66a7c3c2936,0xefab18983029d2ba840e34698efb67fdf8120711,26500000000000000,,,call,52165,0,2,0,
9332695,2,1579713389,0xe0e3c3d3104a1b41e99bd2d9790270cf2ef1f58fb3a473b2abcc4d3c41cae29e,0x47ce0c6ed5b0ce3d3a51fdb1c52dc66a7c3c2936,0xc21d347efa34b5dfc079d7f0cc28f4d987a36879,970500000000000000,,,call,59594,0,1,0,
9332695,3,1579713389,0xe0e3c3d3104a1b41e99bd2d9790270cf2ef1f58fb3a473b2abcc4d3c41cae29e,0x47ce0c6ed5b0ce3d3a51fdb1c52dc66a7c3c2936,0x0f416bc2d310a1c32bc1081cf354c15fd10d4802,29500000000000000,,,call,52165,0,2,0,
9332725,2,1579713777,0xad86e47fee02a8876d5f966259452ddcc4ac1cfd5c3b8a975449e29e2d90b32b,0x47ce0c6ed5b0ce3d3a51fdb1c52dc66a7c3c2936,0x17f6dcf2831fa50713680763bdaefcdab642f0db,969500000000000000,,,call,59594,0,1,0,
9332725,3,1579713777,0xad86e47fee02a8876d5f966259452ddcc4ac1cfd5c3b8a975449e29e2d90b32b,0x47ce0c6ed5b0ce3d3a51fdb1c52dc66a7c3c2936,0xefab18983029d2ba840e34698efb67fdf8120711,30500000000000000,,,call,52165,0,2,0,
9333919,2,1579729874,0x2bb0fc3fc750860c953c88899119233d431d131c5dff85610b8aac7ed2ecd389,0x47ce0c6ed5b0ce3d3a51fdb1c52dc66a7c3c2936,0x11fd748caa1d57b7399cbb3b36f9085e93f915ac,1000000000000000000,,,call,101399,0,1,0,
9339384,2,1579801370,0x01b24fe379d8bc4c66731fc0bb44fc644ed8e41e129bc53cb9953678f7861582,0x47ce0c6ed5b0ce3d3a51fdb1c52dc66a7c3c2936,0x5441e329a3c852bfccdf4010fc66e7cc64e0b052,1000000000000000000,,,call,101399,0,1,0,
9339388,2,1579801434,0x413a62261c2f38b43966e44b8e3fb58a8b37f3311c489494095b4e44bf1cf90a,0x47ce0c6ed5b0ce3d3a51fdb1c52dc66a7c3c2936,0x5441e329a3c852bfccdf4010fc66e7cc64e0b052,1000000000000000000,,,call,101399,0,1,0,
9339392,2,1579801538,0xd37eb296bdfa1e0084559bffcd7a0d63e2d96a97c6a2660678447c6859a4dc96,0x47ce0c6ed5b0ce3d3a51fdb1c52dc66a7c3c2936,0x12f296ddeba613942bd9660759580d540375a2ef,969500000000000000,,,call,59594,0,1,0,
9339392,3,1579801538,0xd37eb296bdfa1e0084559bffcd7a0d63e2d96a97c6a2660678447c6859a4dc96,0x47ce0c6ed5b0ce3d3a51fdb1c52dc66a7c3c2936,0xefab18983029d2ba840e34698efb67fdf8120711,30500000000000000,,,call,52165,0,2,0,
9339546,2,1579803619,0x5d61b7a58cd0282278abc8ac9f371b1714268828ad12bf13c164656b27ba9546,0x47ce0c6ed5b0ce3d3a51fdb1c52dc66a7c3c2936,0x5441e329a3c852bfccdf4010fc66e7cc64e0b052,1000000000000000000,,,call,101399,0,1,0,
9339925,2,1579808567,0x85b11b98e4030ef06380876c373557889bd6042a1924716e39d4e85a7a5eb0a7,0x47ce0c6ed5b0ce3d3a51fdb1c52dc66a7c3c2936,0xb632089b3f34ae3f0b1c2038c381ff1a6ec04ab4,1000000000000000000,,,call,101399,0,1,0,
9340285,2,1579813525,0x5b0528b9788bc87c06dfaf6b23e0be41b2d08d6f62c65e4f0e79fe417cdd0cd4,0x47ce0c6ed5b0ce3d3a51fdb1c52dc66a7c3c2936,0xfe1fbc3b187df0eebd601a04f700dccd1aa5006a,975900000000000000,,,call,59594,0,1,0,
9340285,3,1579813525,0x5b0528b9788bc87c06dfaf6b23e0be41b2d08d6f62c65e4f0e79fe417cdd0cd4,0x47ce0c6ed5b0ce3d3a51fdb1c52dc66a7c3c2936,0x0f416bc2d310a1c32bc1081cf354c15fd10d4802,24100000000000000,,,call,52165,0,2,0,
9341227,2,1579825817,0xc5cbcbdb06f816e3ca7c9001f68bc8b812bc43f7d52c671e2a94f476b0250916,0x47ce0c6ed5b0ce3d3a51fdb1c52dc66a7c3c2936,0x3ffbf94ed08f583593b25939f6b5a56bf3dd749a,969500000000000000,,,call,59594,0,1,0,
9341227,3,1579825817,0xc5cbcbdb06f816e3ca7c9001f68bc8b812bc43f7d52c671e2a94f476b0250916,0x47ce0c6ed5b0ce3d3a51fdb1c52dc66a7c3c2936,0x7d3bb46c78b0c4949639ce34896bfd875b97ad08,30500000000000000,,,call,52165,0,2,0,
9342672,2,1579844622,0x5fbf78e66e264dac9e4bf727aa3794270d6ef6e7850afd6097891baa35f9963e,0x47ce0c6ed5b0ce3d3a51fdb1c52dc66a7c3c2936,0x0fcd75506899380f23e0884ced5700b5d4cb5bcd,969500000000000000,,,call,59594,0,1,0,
9342672,3,1579844622,0x5fbf78e66e264dac9e4bf727aa3794270d6ef6e7850afd6097891baa35f9963e,0x47ce0c6ed5b0ce3d3a51fdb1c52dc66a7c3c2936,0x7d3bb46c78b0c4949639ce34896bfd875b97ad08,30500000000000000,,,call,52165,0,2,0,
9342679,2,1579844736,0x69e2d45bbff38f328ef050643a264bcfd89da2e42e4b7488497c40d22b1d67b5,0x47ce0c6ed5b0ce3d3a51fdb1c52dc66a7c3c2936,0x0fcd75506899380f23e0884ced5700b5d4cb5bcd,969500000000000000,,,call,59594,0,1,0,
9342679,3,1579844736,0x69e2d45bbff38f328ef050643a264bcfd89da2e42e4b7488497c40d22b1d67b5,0x47ce0c6ed5b0ce3d3a51fdb1c52dc66a7c3c2936,0x7d3bb46c78b0c4949639ce34896bfd875b97ad08,30500000000000000,,,call,52165,0,2,0,
9345225,2,1579878660,0xf10c2136f21cca100c2059db924979a1f353c1019cb3a45bf403643a16ce3530,0x47ce0c6ed5b0ce3d3a51fdb1c52dc66a7c3c2936,0x1f3a0d7ba82a06379bdfa979b9b4e64e8e0699d5,973500000000000000,,,call,84203,0,1,0,
9345225,3,1579878660,0xf10c2136f21cca100c2059db924979a1f353c1019cb3a45bf403643a16ce3530,0x47ce0c6ed5b0ce3d3a51fdb1c52dc66a7c3c2936,0xefab18983029d2ba840e34698efb67fdf8120711,26500000000000000,,,call,76774,0,2,0,
9345754,2,1579885478,0x0b72fce9ce5ed7462e338595596c45b9d1037f7e012795ce6f16c0181dcb8604,0x47ce0c6ed5b0ce3d3a51fdb1c52dc66a7c3c2936,0x96379aa5e547f14459c894b634eabae71c8009ba,975000000000000000,,,call,59594,0,1,0,
9345754,3,1579885478,0x0b72fce9ce5ed7462e338595596c45b9d1037f7e012795ce6f16c0181dcb8604,0x47ce0c6ed5b0ce3d3a51fdb1c52dc66a7c3c2936,0x0f416bc2d310a1c32bc1081cf354c15fd10d4802,25000000000000000,,,call,52165,0,2,0,
9345920,2,1579887751,0xbfcf8a6e684b558dda698a375084b69ebe3dec50b5f2509e59055370632baae4,0x47ce0c6ed5b0ce3d3a51fdb1c52dc66a7c3c2936,0x121dce5583fe0950fe59fa68f35ea5690efba25f,973500000000000000,,,call,59594,0,1,0,
9345920,3,1579887751,0xbfcf8a6e684b558dda698a375084b69ebe3dec50b5f2509e59055370632baae4,0x47ce0c6ed5b0ce3d3a51fdb1c52dc66a7c3c2936,0xefab18983029d2ba840e34698efb67fdf8120711,26500000000000000,,,call,52165,0,2,0,
9346387,2,1579894338,0xf87916ef05b817fa9bbc3c47658f641f8d99236cb4c07068d295ad14f1a97a5b,0x47ce0c6ed5b0ce3d3a51fdb1c52dc66a7c3c2936,0x4639ff89dd82c97d93ce3a76a4331b09b5943dd4,1000000000000000000,,,call,101399,0,1,0,
9347035,2,1579903075,0x2aec8f59a5e2a64612328fd79e808d749dfd5a0732c506d29c233320dfb645c8,0x47ce0c6ed5b0ce3d3a51fdb1c52dc66a7c3c2936,0xd26938af7c678e288ad457b2df624a1ebdd8137b,969500000000000000,,,call,59594,0,1,0,
9347035,3,1579903075,0x2aec8f59a5e2a64612328fd79e808d749dfd5a0732c506d29c233320dfb645c8,0x47ce0c6ed5b0ce3d3a51fdb1c52dc66a7c3c2936,0x7d3bb46c78b0c4949639ce34896bfd875b97ad08,30500000000000000,,,call,52165,0,2,0,
9349733,2,1579938893,0x26958663b5426248772d55131eae35af09cf5119f48f7946280a98f08680cd68,0x47ce0c6ed5b0ce3d3a51fdb1c52dc66a7c3c2936,0x03d15ec11110dda27df907e12e7ac996841d95e4,1000000000000000000,,,call,101399,0,1,0,
9351203,2,1579958726,0x0425c5f06c8ce3865dec1b3841087c2250a53b5e288d9797ec651b83d1dbeefa,0x47ce0c6ed5b0ce3d3a51fdb1c52dc66a7c3c2936,0xd26938af7c678e288ad457b2df624a1ebdd8137b,969500000000000000,,,call,59594,0,1,0,
9351203,3,1579958726,0x0425c5f06c8ce3865dec1b3841087c2250a53b5e288d9797ec651b83d1dbeefa,0x47ce0c6ed5b0ce3d3a51fdb1c52dc66a7c3c2936,0x7d3bb46c78b0c4949639ce34896bfd875b97ad08,30500000000000000,,,call,52165,0,2,0,
9351208,2,1579958819,0x1d8344b3a1ee4e75c40ba6d0721c4517bbe16d2921f49a324170bd8ce132f4b0,0x47ce0c6ed5b0ce3d3a51fdb1c52dc66a7c3c2936,0x1a12ffe0363300f58c7db3f40f52519068356dee,984500000000000000,,,call,59594,0,1,0,
9351208,3,1579958819,0x1d8344b3a1ee4e75c40ba6d0721c4517bbe16d2921f49a324170bd8ce132f4b0,0x47ce0c6ed5b0ce3d3a51fdb1c52dc66a7c3c2936,0xe0f87651d3b65641c0fe1b71c5fbe88236d4b2e6,15500000000000000,,,call,52165,0,2,0,
9351598,2,1579964004,0xe6005a4306434636e92ff22ae5116b54f1f33caa605035241729304764735c00,0x47ce0c6ed5b0ce3d3a51fdb1c52dc66a7c3c2936,0x6bc4945f1667349fa0daf22c784f2c03df40f69b,988500000000000000,,,call,84203,0,1,0,
9351598,3,1579964004,0xe6005a4306434636e92ff22ae5116b54f1f33caa605035241729304764735c00,0x47ce0c6ed5b0ce3d3a51fdb1c52dc66a7c3c2936,0x3c38892b78d6461543967d6f3cb7c5f2922b5910,11500000000000000,,,call,76774,0,2,0,
9351603,2,1579964101,0x564ad17fec3fc814b9fec9966fa988e59d2ef07157bc98a4e6b662bc40ac5168,0x47ce0c6ed5b0ce3d3a51fdb1c52dc66a7c3c2936,0x6bc4945f1667349fa0daf22c784f2c03df40f69b,988500000000000000,,,call,59594,0,1,0,
9351603,3,1579964101,0x564ad17fec3fc814b9fec9966fa988e59d2ef07157bc98a4e6b662bc40ac5168,0x47ce0c6ed5b0ce3d3a51fdb1c52dc66a7c3c2936,0x3c38892b78d6461543967d6f3cb7c5f2922b5910,11500000000000000,,,call,52165,0,2,0,
9351864,2,1579967446,0xd88f8e4bf670f0f48c4b1334327861a1b968eb7536340aea29ed958c12a4c452,0x47ce0c6ed5b0ce3d3a51fdb1c52dc66a7c3c2936,0x0165bafbfc4ed00894d35258ce9a7512b1ceec8b,973500000000000000,,,call,59594,0,1,0,
9351864,3,1579967446,0xd88f8e4bf670f0f48c4b1334327861a1b968eb7536340aea29ed958c12a4c452,0x47ce0c6ed5b0ce3d3a51fdb1c52dc66a7c3c2936,0x7d3bb46c78b0c4949639ce34896bfd875b97ad08,26500000000000000,,,call,52165,0,2,0,
9351878,2,1579967715,0xe2c9653cbb494a98368704a9addaf40a2f98cebab098549b5b3db0589b1b7a6f,0x47ce0c6ed5b0ce3d3a51fdb1c52dc66a7c3c2936,0x9093b407bb6b45f4abb8d23e7e58b54aad9d3e9e,973500000000000000,,,call,59594,0,1,0,
9351878,3,1579967715,0xe2c9653cbb494a98368704a9addaf40a2f98cebab098549b5b3db0589b1b7a6f,0x47ce0c6ed5b0ce3d3a51fdb1c52dc66a7c3c2936,0xefab18983029d2ba840e34698efb67fdf8120711,26500000000000000,,,call,52165,0,2,0,
9352710,2,1579978894,0x14b3d3ce559999f89de08e92358ce01c68217dcadc72ea6f8da4b277878a5d12,0x47ce0c6ed5b0ce3d3a51fdb1c52dc66a7c3c2936,0xca166f12aca0aa95939b398f67cec43fcc4ccc2b,969500000000000000,,,call,59594,0,1,0,
9352710,3,1579978894,0x14b3d3ce559999f89de08e92358ce01c68217dcadc72ea6f8da4b277878a5d12,0x47ce0c6ed5b0ce3d3a51fdb1c52dc66a7c3c2936,0x7d3bb46c78b0c4949639ce34896bfd875b97ad08,30500000000000000,,,call,52165,0,2,0,
9355232,2,1580011770,0x398ae1f7898b2b86142a1208944abb60eb221a9f87159cb899073e41759b1a03,0x47ce0c6ed5b0ce3d3a51fdb1c52dc66a7c3c2936,0x3201c78979067ceaefd955ce7cae969bf6af3d8d,992500000000000000,,,call,59594,0,1,0,
9355232,3,1580011770,0x398ae1f7898b2b86142a1208944abb60eb221a9f87159cb899073e41759b1a03,0x47ce0c6ed5b0ce3d3a51fdb1c52dc66a7c3c2936,0x41a28335c5075c81502a97cebad597f28728a815,7500000000000000,,,call,52165,0,2,0,
9356996,2,1580035868,0x38b9696e158b2d088df4a20883480a1990b9ec29dd60b4ff1afbae288efbb89f,0x47ce0c6ed5b0ce3d3a51fdb1c52dc66a7c3c2936,0x1bae7c38903ebe73d55675a19241d6193ba8aebd,1000000000000000000,,,call,101399,0,1,0,
9357013,2,1580036130,0xe8a34429dce2e4568400fc19bda5b136aed1a4dcdd64271dddb8b62a432e20c5,0x47ce0c6ed5b0ce3d3a51fdb1c52dc66a7c3c2936,0x1bae7c38903ebe73d55675a19241d6193ba8aebd,1000000000000000000,,,call,101399,0,1,0,
9357035,2,1580036362,0x8d09649f33408fde8a75a50d2ee2ac4ed1cdd5b13d043cfc38a7afebd371e965,0x47ce0c6ed5b0ce3d3a51fdb1c52dc66a7c3c2936,0x1bae7c38903ebe73d55675a19241d6193ba8aebd,1000000000000000000,,,call,101399,0,1,0,
9357051,2,1580036553,0x1ab8d78733350e3acccf1bf6dc986a21bb6e4b28a891955ebc90a5399be14915,0x47ce0c6ed5b0ce3d3a51fdb1c52dc66a7c3c2936,0x1bae7c38903ebe73d55675a19241d6193ba8aebd,1000000000000000000,,,call,101399,0,1,0,
9357990,2,1580049074,0x5346ebd60bac548d1da54575c756e4ce5e15e11d0fd0609c02006b91d0ed94fe,0x47ce0c6ed5b0ce3d3a51fdb1c52dc66a7c3c2936,0xa490ec64536c59d188f75926738387046665266f,970500000000000000,,,call,59594,0,1,0,
9357990,3,1580049074,0x5346ebd60bac548d1da54575c756e4ce5e15e11d0fd0609c02006b91d0ed94fe,0x47ce0c6ed5b0ce3d3a51fdb1c52dc66a7c3c2936,0x0f416bc2d310a1c32bc1081cf354c15fd10d4802,29500000000000000,,,call,52165,0,2,0,
9361175,2,1580090506,0x25ae69f4c041c9aec87c60fb1e865e92c45b9a79344fcacf1047824ec80a1f8b,0x47ce0c6ed5b0ce3d3a51fdb1c52dc66a7c3c2936,0x71e4c686756a2d6ba1eb028b29292ef30b91d936,969500000000000000,,,call,59594,0,1,0,
9361175,3,1580090506,0x25ae69f4c041c9aec87c60fb1e865e92c45b9a79344fcacf1047824ec80a1f8b,0x47ce0c6ed5b0ce3d3a51fdb1c52dc66a7c3c2936,0x7d3bb46c78b0c4949639ce34896bfd875b97ad08,30500000000000000,,,call,52165,0,2,0,
9363735,2,1580124238,0x81f7e621ae2abd87d944ba02b79f556c9a7b2776321ddba8546d6166a131a6fc,0x47ce0c6ed5b0ce3d3a51fdb1c52dc66a7c3c2936,0xe6ac5629b9ade2132f42887fbbc3a3860afbd07b,992500000000000000,,,call,59594,0,1,0,
9363735,3,1580124238,0x81f7e621ae2abd87d944ba02b79f556c9a7b2776321ddba8546d6166a131a6fc,0x47ce0c6ed5b0ce3d3a51fdb1c52dc66a7c3c2936,0x41a28335c5075c81502a97cebad597f28728a815,7500000000000000,,,call,52165,0,2,0,
9363971,2,1580127647,0xc827b3926846c4a1250b4568012283f713e5ad1bf384f406e5ffd73b132ab5cf,0x47ce0c6ed5b0ce3d3a51fdb1c52dc66a7c3c2936,0x994b01031f89a1eb724a0a4408f3a9388ff96113,992500000000000000,,,call,59594,0,1,0,
9363971,3,1580127647,0xc827b3926846c4a1250b4568012283f713e5ad1bf384f406e5ffd73b132ab5cf,0x47ce0c6ed5b0ce3d3a51fdb1c52dc66a7c3c2936,0x0b157ac0a65319b0a18aa46b0b0d4497e1074456,7500000000000000,,,call,52165,0,2,0,
9364367,2,1580133026,0x4b849d227b2f7f9369a67002f472efc43745b3b622b49862de5017d9c06ae655,0x47ce0c6ed5b0ce3d3a51fdb1c52dc66a7c3c2936,0xfd1b6099c59375b6cc82ca389401da13e46f7f2f,984500000000000000,,,call,59594,0,1,0,
9364367,3,1580133026,0x4b849d227b2f7f9369a67002f472efc43745b3b622b49862de5017d9c06ae655,0x47ce0c6ed5b0ce3d3a51fdb1c52dc66a7c3c2936,0xe0f87651d3b65641c0fe1b71c5fbe88236d4b2e6,15500000000000000,,,call,52165,0,2,0,
9364612,2,1580136233,0x483ed3d33ea75a6b5c0ee3975802fcd20dd0b6fb9b4ec95daa710c2e1daabc4e,0x47ce0c6ed5b0ce3d3a51fdb1c52dc66a7c3c2936,0x361d77f81bb3ca0d64594bf2089130fd42b7a96b,1000000000000000000,,,call,101399,0,1,0,
9366332,2,1580158875,0xbc120364dbb514ac50829c3287e8b96f04650342a5468d81998e83b130bd6e31,0x47ce0c6ed5b0ce3d3a51fdb1c52dc66a7c3c2936,0x143e2461d0102a6cccf3527e6306a7822226f227,970500000000000000,,,call,59594,0,1,0,
9366332,3,1580158875,0xbc120364dbb514ac50829c3287e8b96f04650342a5468d81998e83b130bd6e31,0x47ce0c6ed5b0ce3d3a51fdb1c52dc66a7c3c2936,0x0f416bc2d310a1c32bc1081cf354c15fd10d4802,29500000000000000,,,call,52165,0,2,0,
9366788,2,1580164741,0xefe48622c2e9ea9ead16d2bac8310578d7e1577f1ab73f4a2b5de57546ff8fcf,0x47ce0c6ed5b0ce3d3a51fdb1c52dc66a7c3c2936,0x8dcafd4a3e2dbc67e3b65e10a03163af5c104181,969500000000000000,,,call,59594,0,1,0,
9366788,3,1580164741,0xefe48622c2e9ea9ead16d2bac8310578d7e1577f1ab73f4a2b5de57546ff8fcf,0x47ce0c6ed5b0ce3d3a51fdb1c52dc66a7c3c2936,0xefab18983029d2ba840e34698efb67fdf8120711,30500000000000000,,,call,52165,0,2,0,
9369556,2,1580201618,0x6ea83509f2772aeefd4475e057f698ac9bc99f19844366121e89d87505e06ef7,0x47ce0c6ed5b0ce3d3a51fdb1c52dc66a7c3c2936,0x9c270ca43f88f5b6240db211e863375ff272073e,969500000000000000,,,call,59594,0,1,0,
9369556,3,1580201618,0x6ea83509f2772aeefd4475e057f698ac9bc99f19844366121e89d87505e06ef7,0x47ce0c6ed5b0ce3d3a51fdb1c52dc66a7c3c2936,0xefab18983029d2ba840e34698efb67fdf8120711,30500000000000000,,,call,52165,0,2,0,
9370420,2,1580212895,0x6f004cf52decd5bb27b9b32af4fdc3b0488cf2113700acd844991f26a24bc182,0x47ce0c6ed5b0ce3d3a51fdb1c52dc66a7c3c2936,0x55b3452a82ca9b4f4370bc50d6218949f444a2d4,1000000000000000000,,,call,101399,0,1,0,
9371251,2,1580224277,0x93208d21ce7fb1b4c9c11fc79a03b514383fac1f0c2fd022df9b2b1e530e226f,0x47ce0c6ed5b0ce3d3a51fdb1c52dc66a7c3c2936,0xb7ddaba243659e42d2813fcb9f30aca983478b5c,975000000000000000,,,call,59594,0,1,0,
9371251,3,1580224277,0x93208d21ce7fb1b4c9c11fc79a03b514383fac1f0c2fd022df9b2b1e530e226f,0x47ce0c6ed5b0ce3d3a51fdb1c52dc66a7c3c2936,0xefab18983029d2ba840e34698efb67fdf8120711,25000000000000000,,,call,52165,0,2,0,
9371278,2,1580224670,0xea19c22c874007f63f36215d0262040df06ca14a8f3e4fe2b3a7d1781f6580fa,0x47ce0c6ed5b0ce3d3a51fdb1c52dc66a7c3c2936,0x8eb447147d79cb060cc042c2fa68fd1950567848,975000000000000000,,,call,59594,0,1,0,
9371278,3,1580224670,0xea19c22c874007f63f36215d0262040df06ca14a8f3e4fe2b3a7d1781f6580fa,0x47ce0c6ed5b0ce3d3a51fdb1c52dc66a7c3c2936,0x7d3bb46c78b0c4949639ce34896bfd875b97ad08,25000000000000000,,,call,52165,0,2,0,
9371298,2,1580224908,0x540f5ed93ea6028a5fc22743f7d496c602ec036f8faa0acbcc649ea5f307ffa6,0x47ce0c6ed5b0ce3d3a51fdb1c52dc66a7c3c2936,0xb7ddaba243659e42d2813fcb9f30aca983478b5c,976000000000000000,,,call,59594,0,1,0,
9371298,3,1580224908,0x540f5ed93ea6028a5fc22743f7d496c602ec036f8faa0acbcc649ea5f307ffa6,0x47ce0c6ed5b0ce3d3a51fdb1c52dc66a7c3c2936,0x0f416bc2d310a1c32bc1081cf354c15fd10d4802,24000000000000000,,,call,52165,0,2,0,
9371325,2,1580225217,0x54bbb5d421235f5f501651eb8c74016d148525c984be6c1d76f3eca96f623d0a,0x47ce0c6ed5b0ce3d3a51fdb1c52dc66a7c3c2936,0x8eb447147d79cb060cc042c2fa68fd1950567848,975000000000000000,,,call,59594,0,1,0,
9371325,3,1580225217,0x54bbb5d421235f5f501651eb8c74016d148525c984be6c1d76f3eca96f623d0a,0x47ce0c6ed5b0ce3d3a51fdb1c52dc66a7c3c2936,0x7d3bb46c78b0c4949639ce34896bfd875b97ad08,25000000000000000,,,call,52165,0,2,0,
9371742,2,1580230775,0xd6d41a855972af884d0035dc4055066cbec9ffb70c075daf13c6adfafbb6b8d7,0x47ce0c6ed5b0ce3d3a51fdb1c52dc66a7c3c2936,0x16342c73310841b7ded9a79aab8f19df35da02cf,988500000000000000,,,call,61793,2234,1,0,
9371742,3,1580230775,0xd6d41a855972af884d0035dc4055066cbec9ffb70c075daf13c6adfafbb6b8d7,0x47ce0c6ed5b0ce3d3a51fdb1c52dc66a7c3c2936,0xc05fc30c16f9d2af0e9fe6afa166d2288a92221c,11500000000000000,,,call,52165,0,2,0,
9371957,2,1580233823,0x12adb98c49de26f90dce296ef6d16e44562d1901663c59d429cff9ad3d277cf4,0x47ce0c6ed5b0ce3d3a51fdb1c52dc66a7c3c2936,0x7ab423f63b6d79d185ccc465d18d81f27f594bc0,988500000000000000,,,call,59594,0,1,0,
9371957,3,1580233823,0x12adb98c49de26f90dce296ef6d16e44562d1901663c59d429cff9ad3d277cf4,0x47ce0c6ed5b0ce3d3a51fdb1c52dc66a7c3c2936,0x5a3992044a131c2f633394065c13ba1b33cdffd9,11500000000000000,,,call,52165,0,2,0,
9371971,2,1580233996,0x70040a196536181eb9ef33c3c3f7310371515540ea24c61e20cc2e7771716e10,0x47ce0c6ed5b0ce3d3a51fdb1c52dc66a7c3c2936,0x7ab423f63b6d79d185ccc465d18d81f27f594bc0,988500000000000000,,,call,59594,0,1,0,
9371971,3,1580233996,0x70040a196536181eb9ef33c3c3f7310371515540ea24c61e20cc2e7771716e10,0x47ce0c6ed5b0ce3d3a51fdb1c52dc66a7c3c2936,0x5a3992044a131c2f633394065c13ba1b33cdffd9,11500000000000000,,,call,52165,0,2,0,
9372057,2,1580235111,0xc0b4d1b332951f1a722cbb304e33c1513dd94ddf595ef2fd41c9fe3ec281b171,0x47ce0c6ed5b0ce3d3a51fdb1c52dc66a7c3c2936,0x7c76a95568861b68a1c42bb1538566ba394b3344,988500000000000000,,,call,59594,0,1,0,
9372057,3,1580235111,0xc0b4d1b332951f1a722cbb304e33c1513dd94ddf595ef2fd41c9fe3ec281b171,0x47ce0c6ed5b0ce3d3a51fdb1c52dc66a7c3c2936,0x5a3992044a131c2f633394065c13ba1b33cdffd9,11500000000000000,,,call,52165,0,2,0,
9372070,2,1580235288,0x3c4f98d59e9dbc4650fbfea7e3d2ddd107611f787d0a09fd050204460d86287e,0x47ce0c6ed5b0ce3d3a51fdb1c52dc66a7c3c2936,0x7c76a95568861b68a1c42bb1538566ba394b3344,988500000000000000,,,call,59594,0,1,0,
9372070,3,1580235288,0x3c4f98d59e9dbc4650fbfea7e3d2ddd107611f787d0a09fd050204460d86287e,0x47ce0c6ed5b0ce3d3a51fdb1c52dc66a7c3c2936,0x5a3992044a131c2f633394065c13ba1b33cdffd9,11500000000000000,,,call,52165,0,2,0,
9374716,2,1580270298,0x5cb2c40e50be1eefc669999ff4aa24f50694c03f8116540beb6d67d79d26aa3c,0x47ce0c6ed5b0ce3d3a51fdb1c52dc66a7c3c2936,0x003bbce1eac59b406dd0e143e856542df3659075,992500000000000000,,,call,59594,0,1,0,
9374716,3,1580270298,0x5cb2c40e50be1eefc669999ff4aa24f50694c03f8116540beb6d67d79d26aa3c,0x47ce0c6ed5b0ce3d3a51fdb1c52dc66a7c3c2936,0x0b157ac0a65319b0a18aa46b0b0d4497e1074456,7500000000000000,,,call,52165,0,2,0,
9375150,2,1580276004,0xae1d7d9ea02cdcc7ad71969ebd83abf08c357cc27790cfdd4ec0d0d7527c17c5,0x47ce0c6ed5b0ce3d3a51fdb1c52dc66a7c3c2936,0x605e80195622ccfa43dafafd40d77ae7a98e6995,970500000000000000,,,call,59594,0,1,0,
9375150,3,1580276004,0xae1d7d9ea02cdcc7ad71969ebd83abf08c357cc27790cfdd4ec0d0d7527c17c5,0x47ce0c6ed5b0ce3d3a51fdb1c52dc66a7c3c2936,0x0f416bc2d310a1c32bc1081cf354c15fd10d4802,29500000000000000,,,call,52165,0,2,0,
9376187,2,1580289844,0xcf94926b362e3f3c3d6c6e4a1610dfe33daa76519d12a0da9640ff554d8f200f,0x47ce0c6ed5b0ce3d3a51fdb1c52dc66a7c3c2936,0xcf8143ab2f38e49f806303a0570cddc6a8f33268,974500000000000000,,,call,59594,0,1,0,
9376187,3,1580289844,0xcf94926b362e3f3c3d6c6e4a1610dfe33daa76519d12a0da9640ff554d8f200f,0x47ce0c6ed5b0ce3d3a51fdb1c52dc66a7c3c2936,0x7d3bb46c78b0c4949639ce34896bfd875b97ad08,25500000000000000,,,call,52165,0,2,0,
9379161,2,1580328159,0x8858709250e17011e384e1fa042ea73cc7a315652e181f32e7abb46818993e25,0x47ce0c6ed5b0ce3d3a51fdb1c52dc66a7c3c2936,0x30d4f0396080b44e24be1353277fec6dd931756c,976000000000000000,,,call,59594,0,1,0,
9379161,3,1580328159,0x8858709250e17011e384e1fa042ea73cc7a315652e181f32e7abb46818993e25,0x47ce0c6ed5b0ce3d3a51fdb1c52dc66a7c3c2936,0x0f416bc2d310a1c32bc1081cf354c15fd10d4802,24000000000000000,,,call,52165,0,2,0,
9379998,2,1580339514,0xfc77b25fbd4b7048cb0739ce768b6e46bc72e1ad1f691c5e0e7d8f7491c4f4dc,0x47ce0c6ed5b0ce3d3a51fdb1c52dc66a7c3c2936,0x6f1bc0edd28c72bb6bb484cfbc9befa02e79a545,986000000000000000,,,call,59594,0,1,0,
9379998,3,1580339514,0xfc77b25fbd4b7048cb0739ce768b6e46bc72e1ad1f691c5e0e7d8f7491c4f4dc,0x47ce0c6ed5b0ce3d3a51fdb1c52dc66a7c3c2936,0xe0f87651d3b65641c0fe1b71c5fbe88236d4b2e6,14000000000000000,,,call,52165,0,2,0,
9381501,2,1580360261,0x427ffff346a3639f91f9dbf900e1d9f8cbff1aab37d9c574242c7c7228901bc5,0x47ce0c6ed5b0ce3d3a51fdb1c52dc66a7c3c2936,0x32e7f8804da6c07a7db66168cc388df335d82163,975000000000000000,,,call,59594,0,1,0,
9381501,3,1580360261,0x427ffff346a3639f91f9dbf900e1d9f8cbff1aab37d9c574242c7c7228901bc5,0x47ce0c6ed5b0ce3d3a51fdb1c52dc66a7c3c2936,0xefab18983029d2ba840e34698efb67fdf8120711,25000000000000000,,,call,52165,0,2,0,
9381598,2,1580361525,0xeeaf98c88a123a045fcf9f112dd60bae9dd5be391d7d85749ec371bda3a8a862,0x47ce0c6ed5b0ce3d3a51fdb1c52dc66a7c3c2936,0xfe98395be28efa0c482488ba984e5be3cedc630d,1000000000000000000,,,call,101399,0,1,0,
9381661,2,1580362336,0xac1930f63b2fc0514ee242220305e9a176b15b353bd5f75d4e96af3a6a0eaea2,0x47ce0c6ed5b0ce3d3a51fdb1c52dc66a7c3c2936,0xfe98395be28efa0c482488ba984e5be3cedc630d,1000000000000000000,,,call,101399,0,1,0,
9381661,2,1580362336,0x7a9a0a157fa199d88ff825004e397027bcd1f5632f53a74ddf99d1e20772be65,0x47ce0c6ed5b0ce3d3a51fdb1c52dc66a7c3c2936,0xfe98395be28efa0c482488ba984e5be3cedc630d,1000000000000000000,,,call,101399,0,1,0,
9383613,2,1580388442,0x448049aa2d97fc302a05b3ea4084e635fa7ac0c24ab16b2d444a2809454d2aaf,0x47ce0c6ed5b0ce3d3a51fdb1c52dc66a7c3c2936,0x38c656bdcee9f505e6421b4079b8004192e42e74,1000000000000000000,,,call,298274,0,1,0,
9386193,2,1580422615,0xccd671a68b45b098fa21d8df835dd4b4b12a7f058e81b910caaf4ed9fbbd21e4,0x47ce0c6ed5b0ce3d3a51fdb1c52dc66a7c3c2936,0x69b6e5a1059cc761c8516404a434cbae23addc4d,1000000000000000000,,,call,101399,0,1,0,
9386201,2,1580422663,0x42c43a647a8bb44c54204258320f283ce1a515bf177e298261e48b04ea6ea1ba,0x47ce0c6ed5b0ce3d3a51fdb1c52dc66a7c3c2936,0x69b6e5a1059cc761c8516404a434cbae23addc4d,1000000000000000000,,,call,101399,0,1,0,
9386207,2,1580422755,0x9a4ecc835f49af12b6b8fc81e146ef12c1be81771d7b44a02ec3e738df0bf20d,0x47ce0c6ed5b0ce3d3a51fdb1c52dc66a7c3c2936,0x69b6e5a1059cc761c8516404a434cbae23addc4d,1000000000000000000,,,call,101399,0,1,0,
9386215,2,1580422917,0xe83d70f1556dc998d8e992851dfb3c457be64fa7223edf5ba70f2757539c3736,0x47ce0c6ed5b0ce3d3a51fdb1c52dc66a7c3c2936,0x69b6e5a1059cc761c8516404a434cbae23addc4d,1000000000000000000,,,call,101399,0,1,0,
9386215,2,1580422917,0x79f2bee1f6a21764a3861d0fc5dbc3788533fd118ca94535aaad74d867c919cc,0x47ce0c6ed5b0ce3d3a51fdb1c52dc66a7c3c2936,0x69b6e5a1059cc761c8516404a434cbae23addc4d,1000000000000000000,,,call,101399,0,1,0,
9386927,2,1580432268,0xd2133a87a12f82f80412876251f59a7d170325807c35f854eda051bf8e982c25,0x47ce0c6ed5b0ce3d3a51fdb1c52dc66a7c3c2936,0x37535bf69c362cc0a4ded743aef76b213a78157d,969500000000000000,,,call,59594,0,1,0,
9386927,3,1580432268,0xd2133a87a12f82f80412876251f59a7d170325807c35f854eda051bf8e982c25,0x47ce0c6ed5b0ce3d3a51fdb1c52dc66a7c3c2936,0x7d3bb46c78b0c4949639ce34896bfd875b97ad08,30500000000000000,,,call,52165,0,2,0,
9387093,2,1580434590,0xa6565ac41547a415104584bd707422f481778c0fd68e5dcb486ab0b2f6d3c101,0x47ce0c6ed5b0ce3d3a51fdb1c52dc66a7c3c2936,0xdd1c9f44b4de34102a03a07a0bd5ae0bdb5c930c,975000000000000000,,,call,59594,0,1,0,
9387093,3,1580434590,0xa6565ac41547a415104584bd707422f481778c0fd68e5dcb486ab0b2f6d3c101,0x47ce0c6ed5b0ce3d3a51fdb1c52dc66a7c3c2936,0xefab18983029d2ba840e34698efb67fdf8120711,25000000000000000,,,call,52165,0,2,0,
9389672,2,1580468928,0x523951d35bdc631cd56ebeefbe78d0de28991cb987feb4f9dfa92baada062817,0x47ce0c6ed5b0ce3d3a51fdb1c52dc66a7c3c2936,0xe3803f71f4533250f3481863f7bab6dcd640bba7,980500000000000000,,,call,59594,0,1,0,
9389672,3,1580468928,0x523951d35bdc631cd56ebeefbe78d0de28991cb987feb4f9dfa92baada062817,0x47ce0c6ed5b0ce3d3a51fdb1c52dc66a7c3c2936,0xe0f87651d3b65641c0fe1b71c5fbe88236d4b2e6,19500000000000000,,,call,52165,0,2,0,
9390903,2,1580485502,0xdeebf8b67016abb0ff4e2be05bdb54fc9b099ef4c39d020f241c97b9f8017964,0x47ce0c6ed5b0ce3d3a51fdb1c52dc66a7c3c2936,0xcbfcfbf262dc936bd211e5a0f16737a9544c6031,988500000000000000,,,call,59594,0,1,0,
9390903,3,1580485502,0xdeebf8b67016abb0ff4e2be05bdb54fc9b099ef4c39d020f241c97b9f8017964,0x47ce0c6ed5b0ce3d3a51fdb1c52dc66a7c3c2936,0x56ade75750b3b0f7629e77869b178e2edd360f29,11500000000000000,,,call,52165,0,2,0,
9390936,2,1580485922,0x38a676ab4dcb5a3eac07b002dcd0fd378f0eef479e8b76607286e403e6cc6355,0x47ce0c6ed5b0ce3d3a51fdb1c52dc66a7c3c2936,0x3b68f637c65d6db40810dda080e197a20aff0bbb,988500000000000000,,,call,59594,0,1,0,
9390936,3,1580485922,0x38a676ab4dcb5a3eac07b002dcd0fd378f0eef479e8b76607286e403e6cc6355,0x47ce0c6ed5b0ce3d3a51fdb1c52dc66a7c3c2936,0xc05fc30c16f9d2af0e9fe6afa166d2288a92221c,11500000000000000,,,call,52165,0,2,0,
9390942,2,1580486022,0x01ba1f30d3894d21d8561625fcba0900374f6116b40feeabdb3beab04962a453,0x47ce0c6ed5b0ce3d3a51fdb1c52dc66a7c3c2936,0x1138805184aae58d82c5ba4a47b7fd386e9f2a9e,984500000000000000,,,call,59594,0,1,0,
9390942,3,1580486022,0x01ba1f30d3894d21d8561625fcba0900374f6116b40feeabdb3beab04962a453,0x47ce0c6ed5b0ce3d3a51fdb1c52dc66a7c3c2936,0xe0f87651d3b65641c0fe1b71c5fbe88236d4b2e6,15500000000000000,,,call,52165,0,2,0,
9390970,2,1580486527,0xb0e87c298af703b87cf19244ee3e24d94d6400892f66f26f6b814d15981b1fd6,0x47ce0c6ed5b0ce3d3a51fdb1c52dc66a7c3c2936,0x8efea4475ded9a1b41f862cbfc9956a428507315,1000000000000000000,,,call,101399,0,1,0,
9390984,2,1580486657,0xdf0e7e90bd129f3761a4caa8ee40d2a56de2b776248954477e153e5987f3937f,0x47ce0c6ed5b0ce3d3a51fdb1c52dc66a7c3c2936,0x8efea4475ded9a1b41f862cbfc9956a428507315,1000000000000000000,,,call,101399,0,1,0,
9391448,2,1580492638,0xa5fc9cd59981004ae6ccaea6983e582a7f6a66fbb0b7b572121480a0caed2a69,0x47ce0c6ed5b0ce3d3a51fdb1c52dc66a7c3c2936,0xcf8143ab2f38e49f806303a0570cddc6a8f33268,973500000000000000,,,call,59594,0,1,0,
9391448,3,1580492638,0xa5fc9cd59981004ae6ccaea6983e582a7f6a66fbb0b7b572121480a0caed2a69,0x47ce0c6ed5b0ce3d3a51fdb1c52dc66a7c3c2936,0xefab18983029d2ba840e34698efb67fdf8120711,26500000000000000,,,call,52165,0,2,0,
9392224,2,1580502838,0xab879b1874a7463e18a6c02d3ecdfedce09c97ad887860d7181a56ab430c2b7c,0x47ce0c6ed5b0ce3d3a51fdb1c52dc66a7c3c2936,0x80658e3657882cfa73fff0eb20c92aa5e948230c,1000000000000000000,,,call,101399,0,1,0,
9392297,2,1580503872,0x5e37158544e2a94eac9567274d4cbcae01cc23a6ea990b4eddddd3c8da126956,0x47ce0c6ed5b0ce3d3a51fdb1c52dc66a7c3c2936,0x8e2dd16d0457554c199b90c865fbdfdde30a7770,984500000000000000,,,call,59594,0,1,0,
9392297,3,1580503872,0x5e37158544e2a94eac9567274d4cbcae01cc23a6ea990b4eddddd3c8da126956,0x47ce0c6ed5b0ce3d3a51fdb1c52dc66a7c3c2936,0xe0f87651d3b65641c0fe1b71c5fbe88236d4b2e6,15500000000000000,,,call,52165,0,2,0,
9395006,2,1580539504,0xab7c52ff471e8a5d9ace4c1a5217d2c3e20ff9d837ac68905f8bbc925be1c31e,0x47ce0c6ed5b0ce3d3a51fdb1c52dc66a7c3c2936,0x616e19fd3945df5fcb7ec653dab41b7ce89cd522,974500000000000000,,,call,59594,0,1,0,
9395006,3,1580539504,0xab7c52ff471e8a5d9ace4c1a5217d2c3e20ff9d837ac68905f8bbc925be1c31e,0x47ce0c6ed5b0ce3d3a51fdb1c52dc66a7c3c2936,0x0f416bc2d310a1c32bc1081cf354c15fd10d4802,25500000000000000,,,call,52165,0,2,0,
9396104,2,1580554247,0x365db716f0a57e66d0144585f85ce8e7f83447a19e518d0157962cee872dcf30,0x47ce0c6ed5b0ce3d3a51fdb1c52dc66a7c3c2936,0x95221ae6a2fe9800899b0f387800e8c02d84e529,988500000000000000,,,call,59594,0,1,0,
9396104,3,1580554247,0x365db716f0a57e66d0144585f85ce8e7f83447a19e518d0157962cee872dcf30,0x47ce0c6ed5b0ce3d3a51fdb1c52dc66a7c3c2936,0x41a28335c5075c81502a97cebad597f28728a815,11500000000000000,,,call,52165,0,2,0,
9396479,2,1580559727,0x4582f5310ed3b2dcb54d9fe314956b849cf7b86aa0bb0a5955c5382bfbfbd27b,0x47ce0c6ed5b0ce3d3a51fdb1c52dc66a7c3c2936,0x5b49c855a23ccecf5c39bfc3e37891dcbf94e86d,976000000000000000,,,call,59594,0,1,0,
9396479,3,1580559727,0x4582f5310ed3b2dcb54d9fe314956b849cf7b86aa0bb0a5955c5382bfbfbd27b,0x47ce0c6ed5b0ce3d3a51fdb1c52dc66a7c3c2936,0x0f416bc2d310a1c32bc1081cf354c15fd10d4802,24000000000000000,,,call,52165,0,2,0,
9397573,2,1580573951,0xfe8442805a230bd08a81a1322b836cfac2898ed41ebd2e08a1557ad4146ca57b,0x47ce0c6ed5b0ce3d3a51fdb1c52dc66a7c3c2936,0xd56238e538d028dfcf1259b77c766c95da78dde1,988500000000000000,,,call,59594,0,1,0,
9397573,3,1580573951,0xfe8442805a230bd08a81a1322b836cfac2898ed41ebd2e08a1557ad4146ca57b,0x47ce0c6ed5b0ce3d3a51fdb1c52dc66a7c3c2936,0x91299962ece435071129a6f19475cd701ea9eac9,11500000000000000,,,call,52165,0,2,0,
9398362,2,1580584445,0x694b6e73f78dd19d284c24729b50b5ff160714db2d323d079fddf896e6a925e7,0x47ce0c6ed5b0ce3d3a51fdb1c52dc66a7c3c2936,0xfc431329401bd46a7bc67994d37b8bf0e043097f,970500000000000000,,,call,59594,0,1,0,
9398362,3,1580584445,0x694b6e73f78dd19d284c24729b50b5ff160714db2d323d079fddf896e6a925e7,0x47ce0c6ed5b0ce3d3a51fdb1c52dc66a7c3c2936,0x0f416bc2d310a1c32bc1081cf354c15fd10d4802,29500000000000000,,,call,52165,0,2,0,
9398376,2,1580584655,0x370c9d9a7410deb43e6f6efcc349058a23e827efeb7d4a4c2e7918964a4ce945,0x47ce0c6ed5b0ce3d3a51fdb1c52dc66a7c3c2936,0x61dfaed4bf33cf844aca0d3af6a5833b3042d2e6,980500000000000000,,,call,59594,0,1,0,
9398376,3,1580584655,0x370c9d9a7410deb43e6f6efcc349058a23e827efeb7d4a4c2e7918964a4ce945,0x47ce0c6ed5b0ce3d3a51fdb1c52dc66a7c3c2936,0xe0f87651d3b65641c0fe1b71c5fbe88236d4b2e6,19500000000000000,,,call,52165,0,2,0,
9399519,2,1580600059,0x188cf4b2ef385b41134c976ce905c55494e5a020efb00898c553ba9dc24547f5,0x47ce0c6ed5b0ce3d3a51fdb1c52dc66a7c3c2936,0x301b1b7ad486f04ed4839ef414652b7a4d78e7ed,1000000000000000000,,,call,101399,0,1,0,
9399599,2,1580600947,0xb1493b6c17d5c376e20286b18e56ac5f9e156aab24c63b02e3b7ba4891ea868a,0x47ce0c6ed5b0ce3d3a51fdb1c52dc66a7c3c2936,0x301b1b7ad486f04ed4839ef414652b7a4d78e7ed,1000000000000000000,,,call,101399,0,1,0,
9400495,2,1580612467,0xb3a3e34353d0d04ac198139d1e1ff97efd4f5be9c979029e2be4b34a6844be00,0x47ce0c6ed5b0ce3d3a51fdb1c52dc66a7c3c2936,0x9575907d6fa0c65f3a0fc68ad67850c9cd7b7130,1000000000000000000,,,call,101399,0,1,0,
9405502,2,1580678431,0xfb462a519911b2a7de01e5ea40d8a5c9dab2b540f49477062a66ffc0dc553afc,0x47ce0c6ed5b0ce3d3a51fdb1c52dc66a7c3c2936,0xa6ea73b62e88b016d66d947eca36d7fc0025da9c,973500000000000000,,,call,59594,0,1,0,
9405502,3,1580678431,0xfb462a519911b2a7de01e5ea40d8a5c9dab2b540f49477062a66ffc0dc553afc,0x47ce0c6ed5b0ce3d3a51fdb1c52dc66a7c3c2936,0xefab18983029d2ba840e34698efb67fdf8120711,26500000000000000,,,call,52165,0,2,0,
9406965,2,1580698828,0xfacb5639f957a9ea6dacc6f8ee92be34af6d89da76cc8de1b93c18b0eee39340,0x47ce0c6ed5b0ce3d3a51fdb1c52dc66a7c3c2936,0x092c2a580f6e0704cbb96dcb37ca360d8be256a2,1000000000000000000,,,call,112327,11102,1,0,
9406983,2,1580699103,0x9337b1c23f40f59dff8a7204677c78068585d330b2da9691619821f68eb77bb3,0x47ce0c6ed5b0ce3d3a51fdb1c52dc66a7c3c2936,0x092c2a580f6e0704cbb96dcb37ca360d8be256a2,1000000000000000000,,,call,112327,11102,1,0,
9407050,2,1580699823,0x48fb36480f5cdac54d7c53d15b9e842779e5e1d2018550bca2df4a6fd59bd65c,0x47ce0c6ed5b0ce3d3a51fdb1c52dc66a7c3c2936,0x092c2a580f6e0704cbb96dcb37ca360d8be256a2,1000000000000000000,,,call,112327,11102,1,0,
9409771,2,1580735546,0x04ca8ca1519be8787f2d77f1597e68977406406a6dec60df077770e378f4ecd1,0x47ce0c6ed5b0ce3d3a51fdb1c52dc66a7c3c2936,0x476e63c9b16f277341c158443e54b09969b1ecec,988500000000000000,,,call,59594,0,1,0,
9409771,3,1580735546,0x04ca8ca1519be8787f2d77f1597e68977406406a6dec60df077770e378f4ecd1,0x47ce0c6ed5b0ce3d3a51fdb1c52dc66a7c3c2936,0x0b157ac0a65319b0a18aa46b0b0d4497e1074456,11500000000000000,,,call,52165,0,2,0,
9409856,2,1580736585,0x8ae2ddf65414a1b2c18b7708a249acbf4cdb916105593085f8b2788775195290,0x47ce0c6ed5b0ce3d3a51fdb1c52dc66a7c3c2936,0x476e63c9b16f277341c158443e54b09969b1ecec,988500000000000000,,,call,59594,0,1,0,
9409856,3,1580736585,0x8ae2ddf65414a1b2c18b7708a249acbf4cdb916105593085f8b2788775195290,0x47ce0c6ed5b0ce3d3a51fdb1c52dc66a7c3c2936,0x0b157ac0a65319b0a18aa46b0b0d4497e1074456,11500000000000000,,,call,52165,0,2,0,
9409875,2,1580736778,0x2c9962d29c93574821d55c427c8ed0952c4ebdaff75bc764a8257daf6ede2e28,0x47ce0c6ed5b0ce3d3a51fdb1c52dc66a7c3c2936,0x476e63c9b16f277341c158443e54b09969b1ecec,988500000000000000,,,call,59594,0,1,0,
9409875,3,1580736778,0x2c9962d29c93574821d55c427c8ed0952c4ebdaff75bc764a8257daf6ede2e28,0x47ce0c6ed5b0ce3d3a51fdb1c52dc66a7c3c2936,0x0b157ac0a65319b0a18aa46b0b0d4497e1074456,11500000000000000,,,call,52165,0,2,0,
9410195,2,1580740959,0x9716e33a2326b57abdd94a974d0ed90ff355a4c95e8e634744f0864e2eec083d,0x47ce0c6ed5b0ce3d3a51fdb1c52dc66a7c3c2936,0x401bb6d258bebda7f2ff9fe0b880475ec0245c6d,974500000000000000,,,call,59594,0,1,0,
9410195,3,1580740959,0x9716e33a2326b57abdd94a974d0ed90ff355a4c95e8e634744f0864e2eec083d,0x47ce0c6ed5b0ce3d3a51fdb1c52dc66a7c3c2936,0x7d3bb46c78b0c4949639ce34896bfd875b97ad08,25500000000000000,,,call,52165,0,2,0,
9410298,2,1580742305,0x2e56554905eba1461668ea2bf73e698728387598864ac42011135e75b8d75b0f,0x47ce0c6ed5b0ce3d3a51fdb1c52dc66a7c3c2936,0x84a3e24bb1a4a7def4c1d0597aa4a41458759cab,969500000000000000,,,call,59594,0,1,0,
9410298,3,1580742305,0x2e56554905eba1461668ea2bf73e698728387598864ac42011135e75b8d75b0f,0x47ce0c6ed5b0ce3d3a51fdb1c52dc66a7c3c2936,0x7d3bb46c78b0c4949639ce34896bfd875b97ad08,30500000000000000,,,call,52165,0,2,0,
9410831,2,1580749177,0x48f0dcd87d3aa4521ce51ec4cebf7d8e3540097b9c47b6818c0cbd6b386167e2,0x47ce0c6ed5b0ce3d3a51fdb1c52dc66a7c3c2936,0x2a8c52afe7000997fcf5a14d08781893c903e852,1000000000000000000,,,call,101399,0,1,0,
9411336,2,1580755976,0x9042a747ac8d4b824245fc4c4439e6ae17184c60592142a1395e25e84b2df442,0x47ce0c6ed5b0ce3d3a51fdb1c52dc66a7c3c2936,0x0e103321362fa75495b43f3e60a32c2194cdce25,974500000000000000,,,call,59594,0,1,0,
9411336,3,1580755976,0x9042a747ac8d4b824245fc4c4439e6ae17184c60592142a1395e25e84b2df442,0x47ce0c6ed5b0ce3d3a51fdb1c52dc66a7c3c2936,0x7d3bb46c78b0c4949639ce34896bfd875b97ad08,25500000000000000,,,call,52165,0,2,0,
9411588,2,1580759333,0x90fee4edbfe6a271ea39c9b9506a0127a30d6ec7cf9a2248bf667e3f91a1ed90,0x47ce0c6ed5b0ce3d3a51fdb1c52dc66a7c3c2936,0x46d9ba77567b1f30586111425085550c3bd09003,1000000000000000000,,,call,101399,0,1,0,
9411597,2,1580759402,0xd248419c496f02597e2b823ccc786ea38b7083bd2bd59cd4b75ca5f2899418f0,0x47ce0c6ed5b0ce3d3a51fdb1c52dc66a7c3c2936,0x46d9ba77567b1f30586111425085550c3bd09003,1000000000000000000,,,call,101399,0,1,0,
9411620,2,1580759689,0x84a83a3ef5bf0096114957fa7081c6fa561fd56fca267ab131b5d03c26e9ac07,0x47ce0c6ed5b0ce3d3a51fdb1c52dc66a7c3c2936,0x3bdee83bf626e6e525437a6a6868ee58b32414cd,985500000000000000,,,call,59594,0,1,0,
9411620,3,1580759689,0x84a83a3ef5bf0096114957fa7081c6fa561fd56fca267ab131b5d03c26e9ac07,0x47ce0c6ed5b0ce3d3a51fdb1c52dc66a7c3c2936,0xe0f87651d3b65641c0fe1b71c5fbe88236d4b2e6,14500000000000000,,,call,52165,0,2,0,
9411644,2,1580759989,0x4c49041c6f811516af2a02a7d72e8b715eae6d09b615c0123cee8ba4dffb139d,0x47ce0c6ed5b0ce3d3a51fdb1c52dc66a7c3c2936,0x46d9ba77567b1f30586111425085550c3bd09003,1000000000000000000,,,call,101399,0,1,0,
9411844,2,1580762646,0x92a291518ee16836daa728fdf0481650346f2877fb4aeb9dff9896ea4bd3e145,0x47ce0c6ed5b0ce3d3a51fdb1c52dc66a7c3c2936,0xcaf5376fe9560f0f7188c02a5e964cc042209e86,969500000000000000,,,call,59594,0,1,0,
9411844,3,1580762646,0x92a291518ee16836daa728fdf0481650346f2877fb4aeb9dff9896ea4bd3e145,0x47ce0c6ed5b0ce3d3a51fdb1c52dc66a7c3c2936,0x7d3bb46c78b0c4949639ce34896bfd875b97ad08,30500000000000000,,,call,52165,0,2,0,
9412468,2,1580771159,0x67376b0ca3df89b5c109f576b80075b0ad96e45ae0dcf1aaec1e57a0e45ad0a7,0x47ce0c6ed5b0ce3d3a51fdb1c52dc66a7c3c2936,0x753cb2cfb62d4d7c5e12c67e7bfc9b5e134def47,976000000000000000,,,call,59594,0,1,0,
9412468,3,1580771159,0x67376b0ca3df89b5c109f576b80075b0ad96e45ae0dcf1aaec1e57a0e45ad0a7,0x47ce0c6ed5b0ce3d3a51fdb1c52dc66a7c3c2936,0x0f416bc2d310a1c32bc1081cf354c15fd10d4802,24000000000000000,,,call,52165,0,2,0,
9412691,2,1580774216,0x1a125ad1215642dae5ee0e42cab0b79840169b6baadb969a0e6a25f0a03e213f,0x47ce0c6ed5b0ce3d3a51fdb1c52dc66a7c3c2936,0xa5e35fdbfdd8da2377f0fe927f087d76b4e92b6f,975500000000000000,,,call,59594,0,1,0,
9412691,3,1580774216,0x1a125ad1215642dae5ee0e42cab0b79840169b6baadb969a0e6a25f0a03e213f,0x47ce0c6ed5b0ce3d3a51fdb1c52dc66a7c3c2936,0x0f416bc2d310a1c32bc1081cf354c15fd10d4802,24500000000000000,,,call,52165,0,2,0,
9412910,2,1580777361,0xf8f117aefe25efafd3be79678a79f7b16b8f6c28ffc4718f7249db51460b596a,0x47ce0c6ed5b0ce3d3a51fdb1c52dc66a7c3c2936,0xd7456c61b9cb35e91f4a21beeb92081a70b15a7c,975000000000000000,,,call,59594,0,1,0,
9412910,3,1580777361,0xf8f117aefe25efafd3be79678a79f7b16b8f6c28ffc4718f7249db51460b596a,0x47ce0c6ed5b0ce3d3a51fdb1c52dc66a7c3c2936,0xefab18983029d2ba840e34698efb67fdf8120711,25000000000000000,,,call,52165,0,2,0,
9412911,2,1580777408,0xd71a0ea70683afe942d889bd330de0e9f31e389fd162f7fc520ffbab6b8a912a,0x47ce0c6ed5b0ce3d3a51fdb1c52dc66a7c3c2936,0xd7456c61b9cb35e91f4a21beeb92081a70b15a7c,986000000000000000,,,call,59594,0,1,0,
9412911,3,1580777408,0xd71a0ea70683afe942d889bd330de0e9f31e389fd162f7fc520ffbab6b8a912a,0x47ce0c6ed5b0ce3d3a51fdb1c52dc66a7c3c2936,0xe0f87651d3b65641c0fe1b71c5fbe88236d4b2e6,14000000000000000,,,call,52165,0,2,0,
9412924,2,1580777579,0x4ad54c0fdd5e993ca2dace7991252bfc3d97e36c24bf1c5c3684019658e9d9d7,0x47ce0c6ed5b0ce3d3a51fdb1c52dc66a7c3c2936,0xd7456c61b9cb35e91f4a21beeb92081a70b15a7c,975000000000000000,,,call,59594,0,1,0,
9412924,3,1580777579,0x4ad54c0fdd5e993ca2dace7991252bfc3d97e36c24bf1c5c3684019658e9d9d7,0x47ce0c6ed5b0ce3d3a51fdb1c52dc66a7c3c2936,0xefab18983029d2ba840e34698efb67fdf8120711,25000000000000000,,,call,52165,0,2,0,
9412935,2,1580777680,0x439fe8859f26d625e2548c4cd565ba6cc0fb857a0ebd1a120f42a26edd5f98c4,0x47ce0c6ed5b0ce3d3a51fdb1c52dc66a7c3c2936,0xd7456c61b9cb35e91f4a21beeb92081a70b15a7c,984500000000000000,,,call,59594,0,1,0,
9412935,3,1580777680,0x439fe8859f26d625e2548c4cd565ba6cc0fb857a0ebd1a120f42a26edd5f98c4,0x47ce0c6ed5b0ce3d3a51fdb1c52dc66a7c3c2936,0xe0f87651d3b65641c0fe1b71c5fbe88236d4b2e6,15500000000000000,,,call,52165,0,2,0,
9413508,2,1580785391,0x8d68c781af7c81855ac374d10c9290d76908474a17f59dd92efab2a825aaa58d,0x47ce0c6ed5b0ce3d3a51fdb1c52dc66a7c3c2936,0xae2c785fb9c18f556676e10213d9c29877ea7bb6,974500000000000000,,,call,59594,0,1,0,
9413508,3,1580785391,0x8d68c781af7c81855ac374d10c9290d76908474a17f59dd92efab2a825aaa58d,0x47ce0c6ed5b0ce3d3a51fdb1c52dc66a7c3c2936,0x0f416bc2d310a1c32bc1081cf354c15fd10d4802,25500000000000000,,,call,52165,0,2,0,
9413512,2,1580785485,0xbbf6cd93e77c5e756468564c6dcdb9ccad8515975541bf353f8ae039c5675cd1,0x47ce0c6ed5b0ce3d3a51fdb1c52dc66a7c3c2936,0xae2c785fb9c18f556676e10213d9c29877ea7bb6,975000000000000000,,,call,59594,0,1,0,
9413512,3,1580785485,0xbbf6cd93e77c5e756468564c6dcdb9ccad8515975541bf353f8ae039c5675cd1,0x47ce0c6ed5b0ce3d3a51fdb1c52dc66a7c3c2936,0x0f416bc2d310a1c32bc1081cf354c15fd10d4802,25000000000000000,,,call,52165,0,2,0,
9413515,2,1580785552,0x14eeea47a75886007d64fd8b3edb431481aba0097847cf612720a4b484cec8bc,0x47ce0c6ed5b0ce3d3a51fdb1c52dc66a7c3c2936,0xae2c785fb9c18f556676e10213d9c29877ea7bb6,985000000000000000,,,call,59594,0,1,0,
9413515,3,1580785552,0x14eeea47a75886007d64fd8b3edb431481aba0097847cf612720a4b484cec8bc,0x47ce0c6ed5b0ce3d3a51fdb1c52dc66a7c3c2936,0xe0f87651d3b65641c0fe1b71c5fbe88236d4b2e6,15000000000000000,,,call,52165,0,2,0,
9413519,2,1580785568,0xaa629f58424b6b16b2e4dbb577799db8f2153984f2dcd5b7a0f61d3de8262875,0x47ce0c6ed5b0ce3d3a51fdb1c52dc66a7c3c2936,0xae2c785fb9c18f556676e10213d9c29877ea7bb6,974000000000000000,,,call,59594,0,1,0,
9413519,3,1580785568,0xaa629f58424b6b16b2e4dbb577799db8f2153984f2dcd5b7a0f61d3de8262875,0x47ce0c6ed5b0ce3d3a51fdb1c52dc66a7c3c2936,0xefab18983029d2ba840e34698efb67fdf8120711,26000000000000000,,,call,52165,0,2,0,
9413522,2,1580785590,0x6d23a6cc9c114b927d340aeed72ca9e05410755c0d7a9635677c1d5c5211e58d,0x47ce0c6ed5b0ce3d3a51fdb1c52dc66a7c3c2936,0xae2c785fb9c18f556676e10213d9c29877ea7bb6,974000000000000000,,,call,59594,0,1,0,
9413522,3,1580785590,0x6d23a6cc9c114b927d340aeed72ca9e05410755c0d7a9635677c1d5c5211e58d,0x47ce0c6ed5b0ce3d3a51fdb1c52dc66a7c3c2936,0xefab18983029d2ba840e34698efb67fdf8120711,26000000000000000,,,call,52165,0,2,0,
9414154,2,1580793611,0x9dd729d2dd5c1963e3e8e06bb23a01519c2aa0b0d896023c7178c96b444f4241,0x47ce0c6ed5b0ce3d3a51fdb1c52dc66a7c3c2936,0xae2c785fb9c18f556676e10213d9c29877ea7bb6,974000000000000000,,,call,59594,0,1,0,
9414154,3,1580793611,0x9dd729d2dd5c1963e3e8e06bb23a01519c2aa0b0d896023c7178c96b444f4241,0x47ce0c6ed5b0ce3d3a51fdb1c52dc66a7c3c2936,0x7d3bb46c78b0c4949639ce34896bfd875b97ad08,26000000000000000,,,call,52165,0,2,0,
9414160,2,1580793658,0x00c21e5792e4e43929e942b79fa0fae0cafb99a6b3371250992f5e1c12661ba4,0x47ce0c6ed5b0ce3d3a51fdb1c52dc66a7c3c2936,0xae2c785fb9c18f556676e10213d9c29877ea7bb6,974000000000000000,,,call,59594,0,1,0,
9414160,3,1580793658,0x00c21e5792e4e43929e942b79fa0fae0cafb99a6b3371250992f5e1c12661ba4,0x47ce0c6ed5b0ce3d3a51fdb1c52dc66a7c3c2936,0xefab18983029d2ba840e34698efb67fdf8120711,26000000000000000,,,call,52165,0,2,0,
9416938,2,1580830256,0x015443abb2cbdf551095e7051c7127a29614a68c173661ec0394eacdc160c67d,0x47ce0c6ed5b0ce3d3a51fdb1c52dc66a7c3c2936,0xe2a765632c34c3bebf75984140121e9623edb806,974500000000000000,,,call,59594,0,1,0,
9416938,3,1580830256,0x015443abb2cbdf551095e7051c7127a29614a68c173661ec0394eacdc160c67d,0x47ce0c6ed5b0ce3d3a51fdb1c52dc66a7c3c2936,0x0f416bc2d310a1c32bc1081cf354c15fd10d4802,25500000000000000,,,call,52165,0,2,0,
9417002,2,1580830945,0xbc67c75bc5a036f45d2e06cef1df3fe0b7162e15c489c3fb0a3e6a77b2a48d15,0x47ce0c6ed5b0ce3d3a51fdb1c52dc66a7c3c2936,0xf47cdb7b099e2b5feb5403fc3236eb6baeca9a1f,985450000000000000,,,call,59594,0,1,0,
9417002,3,1580830945,0xbc67c75bc5a036f45d2e06cef1df3fe0b7162e15c489c3fb0a3e6a77b2a48d15,0x47ce0c6ed5b0ce3d3a51fdb1c52dc66a7c3c2936,0xe0f87651d3b65641c0fe1b71c5fbe88236d4b2e6,14550000000000000,,,call,52165,0,2,0,
9417866,2,1580842390,0xcd716045da69e32dbc05c75c78463594ff94dfecff5c9f6ff152e84b7d4f902a,0x47ce0c6ed5b0ce3d3a51fdb1c52dc66a7c3c2936,0x447ddf4ab199549b3ddb70abeba2d51652825d41,985400000000000000,,,call,59594,0,1,0,
9417866,3,1580842390,0xcd716045da69e32dbc05c75c78463594ff94dfecff5c9f6ff152e84b7d4f902a,0x47ce0c6ed5b0ce3d3a51fdb1c52dc66a7c3c2936,0xe0f87651d3b65641c0fe1b71c5fbe88236d4b2e6,14600000000000000,,,call,52165,0,2,0,
9418068,2,1580845155,0x909afcfb108e75a3492d77f80d0d964e17404abc8c721a81dfa983e428b09610,0x47ce0c6ed5b0ce3d3a51fdb1c52dc66a7c3c2936,0x447ddf4ab199549b3ddb70abeba2d51652825d41,973500000000000000,,,call,59594,0,1,0,
9418068,3,1580845155,0x909afcfb108e75a3492d77f80d0d964e17404abc8c721a81dfa983e428b09610,0x47ce0c6ed5b0ce3d3a51fdb1c52dc66a7c3c2936,0xefab18983029d2ba840e34698efb67fdf8120711,26500000000000000,,,call,52165,0,2,0,
9418180,2,1580846712,0x5161c71366d888566ee6c0624cb28eb30d656e3ff839a4f7b12ed2566faefba2,0x47ce0c6ed5b0ce3d3a51fdb1c52dc66a7c3c2936,0x11cce6d2bf65d496cd326a06e2ff2c7206073bb0,973500000000000000,,,call,59594,0,1,0,
9418180,3,1580846712,0x5161c71366d888566ee6c0624cb28eb30d656e3ff839a4f7b12ed2566faefba2,0x47ce0c6ed5b0ce3d3a51fdb1c52dc66a7c3c2936,0x7d3bb46c78b0c4949639ce34896bfd875b97ad08,26500000000000000,,,call,52165,0,2,0,
9419076,2,1580858288,0x9e3ebf9b336135b48fc864ea46ed3b24949fcc9fed23dc0fbfced4514602b499,0x47ce0c6ed5b0ce3d3a51fdb1c52dc66a7c3c2936,0x0f2437ff38e032596f2226873038230dcb22c485,1000000000000000000,,,call,101399,0,1,0,
9419081,2,1580858332,0x5d27b3155335e026498312d7666f6ec9b8e8956f860654d8a77f192defdc80ba,0x47ce0c6ed5b0ce3d3a51fdb1c52dc66a7c3c2936,0x0f2437ff38e032596f2226873038230dcb22c485,1000000000000000000,,,call,101399,0,1,0,
9419085,2,1580858435,0x852b6b8a85ae5c8f7816d84968f620af2a0519371f0a178f5f7467b2d8307f7c,0x47ce0c6ed5b0ce3d3a51fdb1c52dc66a7c3c2936,0x0f2437ff38e032596f2226873038230dcb22c485,1000000000000000000,,,call,101399,0,1,0,
9419089,2,1580858494,0xaa1adbebb28a26db40acae787f80f4ffea1278eb55d6644a406f5745955c1944,0x47ce0c6ed5b0ce3d3a51fdb1c52dc66a7c3c2936,0x0f2437ff38e032596f2226873038230dcb22c485,1000000000000000000,,,call,101399,0,1,0,
9419094,2,1580858579,0xf5a940adcdc33b699d98784e211c5f847e4cc03a2e485ad6511dbf8fc482f49b,0x47ce0c6ed5b0ce3d3a51fdb1c52dc66a7c3c2936,0x0f2437ff38e032596f2226873038230dcb22c485,1000000000000000000,,,call,101399,0,1,0,
9419096,2,1580858645,0xb07d06c8ca80ce4052954393d79b2f95d83034607d1598da1d8ebd8ba459527f,0x47ce0c6ed5b0ce3d3a51fdb1c52dc66a7c3c2936,0x0f2437ff38e032596f2226873038230dcb22c485,1000000000000000000,,,call,101399,0,1,0,
9421408,2,1580889766,0x9ce80cbb28db5a42994f4efb6bee905a8fc9d2526c3a049fbf36caca34463c9b,0x47ce0c6ed5b0ce3d3a51fdb1c52dc66a7c3c2936,0x994b01031f89a1eb724a0a4408f3a9388ff96113,993500000000000000,,,call,59594,0,1,0,
9421408,3,1580889766,0x9ce80cbb28db5a42994f4efb6bee905a8fc9d2526c3a049fbf36caca34463c9b,0x47ce0c6ed5b0ce3d3a51fdb1c52dc66a7c3c2936,0xc05fc30c16f9d2af0e9fe6afa166d2288a92221c,6500000000000000,,,call,52165,0,2,0,
9423218,2,1580913453,0x5beca2b781797d80f4486c115eca1d723704260113be2c3d190a838d829049a2,0x47ce0c6ed5b0ce3d3a51fdb1c52dc66a7c3c2936,0x19fe70e8746538748030b56a6020e144a1ff295e,974500000000000000,,,call,59594,0,1,0,
9423218,3,1580913453,0x5beca2b781797d80f4486c115eca1d723704260113be2c3d190a838d829049a2,0x47ce0c6ed5b0ce3d3a51fdb1c52dc66a7c3c2936,0x0f416bc2d310a1c32bc1081cf354c15fd10d4802,25500000000000000,,,call,52165,0,2,0,
9423636,2,1580919238,0x3af72b131bb6ea590c29231629e5d8d547b0b7f950c15b29c6e652c206c2465d,0x47ce0c6ed5b0ce3d3a51fdb1c52dc66a7c3c2936,0xa1d496c8efdf869c982f8803c0c4f9b8ac947104,984500000000000000,,,call,59594,0,1,0,
9423636,3,1580919238,0x3af72b131bb6ea590c29231629e5d8d547b0b7f950c15b29c6e652c206c2465d,0x47ce0c6ed5b0ce3d3a51fdb1c52dc66a7c3c2936,0xe0f87651d3b65641c0fe1b71c5fbe88236d4b2e6,15500000000000000,,,call,52165,0,2,0,
9424213,2,1580927212,0x14f4e106985e555be95a67d1fc57fa237e9e8cec49f58b2685444485f6b5a2e8,0x47ce0c6ed5b0ce3d3a51fdb1c52dc66a7c3c2936,0xdd1e85eeedf828cc025753865db67e979cb97044,1000000000000000000,,,call,101399,0,1,0,
9424388,2,1580929474,0xad7856c834ddd69cdadd709fc7285d30f2a79c1f5c13c84f91f12a9c94183fa4,0x47ce0c6ed5b0ce3d3a51fdb1c52dc66a7c3c2936,0xdd1e85eeedf828cc025753865db67e979cb97044,1000000000000000000,,,call,101399,0,1,0,
9424420,2,1580929906,0xfdbd3465096c5571e74a33797dc8647ddf0715c7cdb2d2f00163e63b6012ced5,0x47ce0c6ed5b0ce3d3a51fdb1c52dc66a7c3c2936,0xdd1e85eeedf828cc025753865db67e979cb97044,1000000000000000000,,,call,101399,0,1,0,
9424733,2,1580934078,0x6402d4a30ea0044dd76a38b6e9fb4e052e6172e5a2596dcaab343da3f9e96c32,0x47ce0c6ed5b0ce3d3a51fdb1c52dc66a7c3c2936,0x62aca4ba01a73c7daaf82cc1f8afbccc489293b3,988500000000000000,,,call,59594,0,1,0,
9424733,3,1580934078,0x6402d4a30ea0044dd76a38b6e9fb4e052e6172e5a2596dcaab343da3f9e96c32,0x47ce0c6ed5b0ce3d3a51fdb1c52dc66a7c3c2936,0x0b157ac0a65319b0a18aa46b0b0d4497e1074456,11500000000000000,,,call,52165,0,2,0,
9424736,2,1580934127,0x8eb8b56439a6156f766a0df840252f0db645eac636ddbb8dfbc6d8877046e5eb,0x47ce0c6ed5b0ce3d3a51fdb1c52dc66a7c3c2936,0x62aca4ba01a73c7daaf82cc1f8afbccc489293b3,988500000000000000,,,call,59594,0,1,0,
9424736,3,1580934127,0x8eb8b56439a6156f766a0df840252f0db645eac636ddbb8dfbc6d8877046e5eb,0x47ce0c6ed5b0ce3d3a51fdb1c52dc66a7c3c2936,0x0b157ac0a65319b0a18aa46b0b0d4497e1074456,11500000000000000,,,call,52165,0,2,0,
9424756,2,1580934321,0x8d77764bc411de78e2e17be45d91da7c4dfe7b46b7818f1fe5242242156b2d3a,0x47ce0c6ed5b0ce3d3a51fdb1c52dc66a7c3c2936,0x62aca4ba01a73c7daaf82cc1f8afbccc489293b3,988500000000000000,,,call,59594,0,1,0,
9424756,3,1580934321,0x8d77764bc411de78e2e17be45d91da7c4dfe7b46b7818f1fe5242242156b2d3a,0x47ce0c6ed5b0ce3d3a51fdb1c52dc66a7c3c2936,0x0b157ac0a65319b0a18aa46b0b0d4497e1074456,11500000000000000,,,call,52165,0,2,0,
9425845,2,1580948825,0x96eeec699ef261ff043a60c72a6ae0e0480d8548c3160846dd7561dd6e625269,0x47ce0c6ed5b0ce3d3a51fdb1c52dc66a7c3c2936,0x5bf50e8bc4d8fe94575697693c7edb21c4e7b505,988500000000000000,,,call,59594,0,1,0,
9425845,3,1580948825,0x96eeec699ef261ff043a60c72a6ae0e0480d8548c3160846dd7561dd6e625269,0x47ce0c6ed5b0ce3d3a51fdb1c52dc66a7c3c2936,0x5a3992044a131c2f633394065c13ba1b33cdffd9,11500000000000000,,,call,52165,0,2,0,
9427344,2,1580968524,0xac984bb04b1c1fa84afc04aeea8ad2911faeb648470de79d908895a372cfe0d0,0x47ce0c6ed5b0ce3d3a51fdb1c52dc66a7c3c2936,0x03d15ec11110dda27df907e12e7ac996841d95e4,1000000000000000000,,,call,101399,0,1,0,
9428376,2,1580982624,0x5384f5d03c267b814bddcf38443b3bc579810c383977e0d52d364afb553a3c62,0x47ce0c6ed5b0ce3d3a51fdb1c52dc66a7c3c2936,0x290c4987d173fb2a02d3354b4eab70078c17d2ba,988500000000000000,,,call,59594,0,1,0,
9428376,3,1580982624,0x5384f5d03c267b814bddcf38443b3bc579810c383977e0d52d364afb553a3c62,0x47ce0c6ed5b0ce3d3a51fdb1c52dc66a7c3c2936,0x0b157ac0a65319b0a18aa46b0b0d4497e1074456,11500000000000000,,,call,52165,0,2,0,
9428385,2,1580982763,0xf8d725884d3298139146e4a4a819e424e9bb03f4ea33b4d35243bd63aff67c0f,0x47ce0c6ed5b0ce3d3a51fdb1c52dc66a7c3c2936,0x290c4987d173fb2a02d3354b4eab70078c17d2ba,988500000000000000,,,call,59594,0,1,0,
9428385,3,1580982763,0xf8d725884d3298139146e4a4a819e424e9bb03f4ea33b4d35243bd63aff67c0f,0x47ce0c6ed5b0ce3d3a51fdb1c52dc66a7c3c2936,0x0b157ac0a65319b0a18aa46b0b0d4497e1074456,11500000000000000,,,call,52165,0,2,0,
9429111,2,1580992762,0x7c8e6b2bffe4195a5768797fe175837f69829a9dae99bde6d56d6edb551795ae,0x47ce0c6ed5b0ce3d3a51fdb1c52dc66a7c3c2936,0x82fa07dad4faf514d4c0fc6dbafde8882cb27a32,1000000000000000000,,,call,101399,0,1,0,
9430170,2,1581006227,0xea0e90221f4808bcbd1086a55ae3823069f227eb097d929645197f5274828720,0x47ce0c6ed5b0ce3d3a51fdb1c52dc66a7c3c2936,0x77db1b43c58dcca2f7fa5b55268017676ce9a32b,974500000000000000,,,call,59594,0,1,0,
9430170,3,1581006227,0xea0e90221f4808bcbd1086a55ae3823069f227eb097d929645197f5274828720,0x47ce0c6ed5b0ce3d3a51fdb1c52dc66a7c3c2936,0x0f416bc2d310a1c32bc1081cf354c15fd10d4802,25500000000000000,,,call,52165,0,2,0,
9430310,2,1581008047,0xc758058f1ffcf4291b9c140cf8592f50e664c467916dc26c3c1f262c94b6d592,0x47ce0c6ed5b0ce3d3a51fdb1c52dc66a7c3c2936,0x7ec24873660e61b915f2fe2040ec272d3c91c7c9,973500000000000000,,,call,59594,0,1,0,
9430310,3,1581008047,0xc758058f1ffcf4291b9c140cf8592f50e664c467916dc26c3c1f262c94b6d592,0x47ce0c6ed5b0ce3d3a51fdb1c52dc66a7c3c2936,0x7d3bb46c78b0c4949639ce34896bfd875b97ad08,26500000000000000,,,call,52165,0,2,0,
9430383,2,1581009123,0x70c6fe49ff833e14534cb04fd618e61570798f62acedff9b1ec45c9b11adce2c,0x47ce0c6ed5b0ce3d3a51fdb1c52dc66a7c3c2936,0x7ec24873660e61b915f2fe2040ec272d3c91c7c9,973500000000000000,,,call,61285,1718,1,0,
9430383,4,1581009123,0x70c6fe49ff833e14534cb04fd618e61570798f62acedff9b1ec45c9b11adce2c,0x47ce0c6ed5b0ce3d3a51fdb1c52dc66a7c3c2936,0xefab18983029d2ba840e34698efb67fdf8120711,26500000000000000,,,call,52165,0,2,0,
9430469,2,1581010346,0x16661479181236076160a1589890d3b14bb6b7a51a8f628761a6d48bde5304da,0x47ce0c6ed5b0ce3d3a51fdb1c52dc66a7c3c2936,0xd26e2457e82faae2689d1db58883b7472669cd63,988500000000000000,,,call,59594,0,1,0,
9430469,3,1581010346,0x16661479181236076160a1589890d3b14bb6b7a51a8f628761a6d48bde5304da,0x47ce0c6ed5b0ce3d3a51fdb1c52dc66a7c3c2936,0x0b157ac0a65319b0a18aa46b0b0d4497e1074456,11500000000000000,,,call,52165,0,2,0,
9432929,2,1581042878,0xfe4d2ce44b90166d68659b5721717fccd28939a98af8bec324c4c990a1730dd1,0x47ce0c6ed5b0ce3d3a51fdb1c52dc66a7c3c2936,0x7d30277c774525f734f2b4f64fe825391c34cbbb,985000000000000000,,,call,59594,0,1,0,
9432929,3,1581042878,0xfe4d2ce44b90166d68659b5721717fccd28939a98af8bec324c4c990a1730dd1,0x47ce0c6ed5b0ce3d3a51fdb1c52dc66a7c3c2936,0xe0f87651d3b65641c0fe1b71c5fbe88236d4b2e6,15000000000000000,,,call,52165,0,2,0,
9432929,2,1581042878,0x7d5d5943d3e1a1c4d3889ecd41cdc5da2b806ac39776ab37714c93195a8ca323,0x47ce0c6ed5b0ce3d3a51fdb1c52dc66a7c3c2936,0x7d30277c774525f734f2b4f64fe825391c34cbbb,975000000000000000,,,call,84203,0,1,0,
9432929,3,1581042878,0x7d5d5943d3e1a1c4d3889ecd41cdc5da2b806ac39776ab37714c93195a8ca323,0x47ce0c6ed5b0ce3d3a51fdb1c52dc66a7c3c2936,0x0f416bc2d310a1c32bc1081cf354c15fd10d4802,25000000000000000,,,call,76774,0,2,0,
9433417,2,1581049370,0x551a9a844b03590712b0c60ff6b7149b4302a6956065ec075c733aefed686ae6,0x47ce0c6ed5b0ce3d3a51fdb1c52dc66a7c3c2936,0x9287b4c9dc461dc4c863a10aaa708c10897de32f,1000000000000000000,,,call,101399,0,1,0,
9436261,2,1581088158,0x1f6dd492fb446389dbb44e27a0b9227cd110c3b4d36aafb485b36aa039c291e4,0x47ce0c6ed5b0ce3d3a51fdb1c52dc66a7c3c2936,0x8dc412f723d82f8617055a3cbede414fe35b731f,988500000000000000,,,call,59594,0,1,0,
9436261,3,1581088158,0x1f6dd492fb446389dbb44e27a0b9227cd110c3b4d36aafb485b36aa039c291e4,0x47ce0c6ed5b0ce3d3a51fdb1c52dc66a7c3c2936,0x91299962ece435071129a6f19475cd701ea9eac9,11500000000000000,,,call,52165,0,2,0,
9436304,2,1581088761,0xb0109aec41a27dceb0e7d2ba52c63a6e7d67d6f4c0312a2f8163f7fe9773d50a,0x47ce0c6ed5b0ce3d3a51fdb1c52dc66a7c3c2936,0x8c42af40eefca2c8573e5b8cb3a630dfc03801e7,988500000000000000,,,call,59594,0,1,0,
9436304,3,1581088761,0xb0109aec41a27dceb0e7d2ba52c63a6e7d67d6f4c0312a2f8163f7fe9773d50a,0x47ce0c6ed5b0ce3d3a51fdb1c52dc66a7c3c2936,0x41a28335c5075c81502a97cebad597f28728a815,11500000000000000,,,call,52165,0,2,0,
9437000,2,1581097486,0x0bde2b55056ab9ac6e5bb2704a6a3e9cde926cc107445215873b68ee64a564da,0x47ce0c6ed5b0ce3d3a51fdb1c52dc66a7c3c2936,0x2e1f1037d816ce5bbf2f61c281bd409574895853,980500000000000000,,,call,59594,0,1,0,
9437000,3,1581097486,0x0bde2b55056ab9ac6e5bb2704a6a3e9cde926cc107445215873b68ee64a564da,0x47ce0c6ed5b0ce3d3a51fdb1c52dc66a7c3c2936,0xe0f87651d3b65641c0fe1b71c5fbe88236d4b2e6,19500000000000000,,,call,52165,0,2,0,
9441370,2,1581155687,0x53b28907d739e54da701cdd59e7510d95251652532ee0d4ef933ef41abdd4095,0x47ce0c6ed5b0ce3d3a51fdb1c52dc66a7c3c2936,0x9287b4c9dc461dc4c863a10aaa708c10897de32f,1000000000000000000,,,call,101399,0,1,0,
9441999,2,1581163611,0x9a4333f5f23ab7c148ea487e5454872c8d031809236182edc8cd87369eddf146,0x47ce0c6ed5b0ce3d3a51fdb1c52dc66a7c3c2936,0x4cb522e6f25731b183115aac8d9767e045402e80,983500000000000000,,,call,59594,0,1,0,
9441999,3,1581163611,0x9a4333f5f23ab7c148ea487e5454872c8d031809236182edc8cd87369eddf146,0x47ce0c6ed5b0ce3d3a51fdb1c52dc66a7c3c2936,0x7add93ae1a0cb236ef3247823cbf955c1ab6c763,16500000000000000,,,call,52165,0,2,0,
9442021,2,1581163934,0x4615f8b79595396671ae182aa0a8022dc70cc320e8eca3db4a5b36b7c4f2105f,0x47ce0c6ed5b0ce3d3a51fdb1c52dc66a7c3c2936,0x4cb522e6f25731b183115aac8d9767e045402e80,983500000000000000,,,call,59594,0,1,0,
9442021,3,1581163934,0x4615f8b79595396671ae182aa0a8022dc70cc320e8eca3db4a5b36b7c4f2105f,0x47ce0c6ed5b0ce3d3a51fdb1c52dc66a7c3c2936,0x7add93ae1a0cb236ef3247823cbf955c1ab6c763,16500000000000000,,,call,52165,0,2,0,
9442031,2,1581164044,0x7a426a8e724cbd45e5e2ddbc803238a50171c4fe15e344abe028c605f8feb703,0x47ce0c6ed5b0ce3d3a51fdb1c52dc66a7c3c2936,0x4cb522e6f25731b183115aac8d9767e045402e80,983500000000000000,,,call,59594,0,1,0,
9442031,3,1581164044,0x7a426a8e724cbd45e5e2ddbc803238a50171c4fe15e344abe028c605f8feb703,0x47ce0c6ed5b0ce3d3a51fdb1c52dc66a7c3c2936,0x7add93ae1a0cb236ef3247823cbf955c1ab6c763,16500000000000000,,,call,52165,0,2,0,
9442049,2,1581164361,0xa385d781cfa0817637d86df6e45892904f4f2c2be84ee4b9f3942588d66ebb43,0x47ce0c6ed5b0ce3d3a51fdb1c52dc66a7c3c2936,0x4cb522e6f25731b183115aac8d9767e045402e80,983500000000000000,,,call,59594,0,1,0,
9442049,3,1581164361,0xa385d781cfa0817637d86df6e45892904f4f2c2be84ee4b9f3942588d66ebb43,0x47ce0c6ed5b0ce3d3a51fdb1c52dc66a7c3c2936,0x7add93ae1a0cb236ef3247823cbf955c1ab6c763,16500000000000000,,,call,52165,0,2,0,
9444091,2,1581191465,0x43b7da9141098f1fc6dba71fd17162d87d9ea6f92a4576f32a4703eeb11db424,0x47ce0c6ed5b0ce3d3a51fdb1c52dc66a7c3c2936,0x63835cd541723bf305050ed5346a458051a36c0f,1000000000000000000,,,call,101399,0,1,0,
9444414,2,1581195912,0x5700adf185e8fe5723b21ae605b225fc39c2084851b6149d0781d54788773faf,0x47ce0c6ed5b0ce3d3a51fdb1c52dc66a7c3c2936,0xbc328af2f73542a75e63d4be83b63ef240e39c54,975000000000000000,,,call,59594,0,1,0,
9444414,3,1581195912,0x5700adf185e8fe5723b21ae605b225fc39c2084851b6149d0781d54788773faf,0x47ce0c6ed5b0ce3d3a51fdb1c52dc66a7c3c2936,0x7d3bb46c78b0c4949639ce34896bfd875b97ad08,25000000000000000,,,call,52165,0,2,0,
9444662,2,1581199272,0x5b90eb13f8ad66350dede1855815cf8770cd1d50ad0fc068e1a5d448288058f1,0x47ce0c6ed5b0ce3d3a51fdb1c52dc66a7c3c2936,0xb85141af6e497a508e60763a68560f2f710f83b2,980500000000000000,,,call,73206,13828,1,0,
9444662,6,1581199272,0x5b90eb13f8ad66350dede1855815cf8770cd1d50ad0fc068e1a5d448288058f1,0x47ce0c6ed5b0ce3d3a51fdb1c52dc66a7c3c2936,0xe0f87651d3b65641c0fe1b71c5fbe88236d4b2e6,19500000000000000,,,call,52165,0,2,0,
9445869,2,1581215110,0xa0e14aaed7998d8c3ea94d522d7a1f7ca13891ad2195f72b74648245db0c6b83,0x47ce0c6ed5b0ce3d3a51fdb1c52dc66a7c3c2936,0x4cb522e6f25731b183115aac8d9767e045402e80,974400000000000000,,,call,59594,0,1,0,
9445869,3,1581215110,0xa0e14aaed7998d8c3ea94d522d7a1f7ca13891ad2195f72b74648245db0c6b83,0x47ce0c6ed5b0ce3d3a51fdb1c52dc66a7c3c2936,0xefab18983029d2ba840e34698efb67fdf8120711,25600000000000000,,,call,52165,0,2,0,
9445911,2,1581215527,0x92d542bfe13449b877115875693aaebce9f9ceda5b0770ef824349267b0f87bd,0x47ce0c6ed5b0ce3d3a51fdb1c52dc66a7c3c2936,0x4cb522e6f25731b183115aac8d9767e045402e80,985400000000000000,,,call,59594,0,1,0,
9445911,3,1581215527,0x92d542bfe13449b877115875693aaebce9f9ceda5b0770ef824349267b0f87bd,0x47ce0c6ed5b0ce3d3a51fdb1c52dc66a7c3c2936,0xe0f87651d3b65641c0fe1b71c5fbe88236d4b2e6,14600000000000000,,,call,52165,0,2,0,
9446548,2,1581224342,0xaa07d04e018846996db515b3d24b8febefe3869b059e0e20408044f9e883e68d,0x47ce0c6ed5b0ce3d3a51fdb1c52dc66a7c3c2936,0x9287b4c9dc461dc4c863a10aaa708c10897de32f,1000000000000000000,,,call,101399,0,1,0,
9446820,2,1581227902,0x72f7791158e99ca4b011fdc1d41ce6a1b1116fc6615ead5ac0b3fb7ceba38830,0x47ce0c6ed5b0ce3d3a51fdb1c52dc66a7c3c2936,0x8efea4475ded9a1b41f862cbfc9956a428507315,1000000000000000000,,,call,101399,0,1,0,
9447847,2,1581241550,0x10827d3d02512a098ae737db2e711522ac652c16546d7d1871dbc834ec58fa0d,0x47ce0c6ed5b0ce3d3a51fdb1c52dc66a7c3c2936,0x57dd2e91b4c408ef8a9714a1a188605a670f3b11,974350000000000000,,,call,59594,0,1,0,
9447847,3,1581241550,0x10827d3d02512a098ae737db2e711522ac652c16546d7d1871dbc834ec58fa0d,0x47ce0c6ed5b0ce3d3a51fdb1c52dc66a7c3c2936,0x7d3bb46c78b0c4949639ce34896bfd875b97ad08,25650000000000000,,,call,52165,0,2,0,
9447860,2,1581241714,0x60bd987f24c03d889efeb6c0adc7ccea325d9237b8890f66623732515743c997,0x47ce0c6ed5b0ce3d3a51fdb1c52dc66a7c3c2936,0x57dd2e91b4c408ef8a9714a1a188605a670f3b11,974350000000000000,,,call,59594,0,1,0,
9447860,3,1581241714,0x60bd987f24c03d889efeb6c0adc7ccea325d9237b8890f66623732515743c997,0x47ce0c6ed5b0ce3d3a51fdb1c52dc66a7c3c2936,0xefab18983029d2ba840e34698efb67fdf8120711,25650000000000000,,,call,52165,0,2,0,
9448275,2,1581247220,0x9885e24048dffc20eff8f9338c2d3401145567797218f89eea8c01183a246c73,0x47ce0c6ed5b0ce3d3a51fdb1c52dc66a7c3c2936,0x4cb522e6f25731b183115aac8d9767e045402e80,985000000000000000,,,call,59594,0,1,0,
9448275,3,1581247220,0x9885e24048dffc20eff8f9338c2d3401145567797218f89eea8c01183a246c73,0x47ce0c6ed5b0ce3d3a51fdb1c52dc66a7c3c2936,0xe0f87651d3b65641c0fe1b71c5fbe88236d4b2e6,15000000000000000,,,call,52165,0,2,0,
9448284,2,1581247345,0x4b748e6e71b7c2bd89493bbedae8152e8f7a066ff7c982390603ff8c944bee52,0x47ce0c6ed5b0ce3d3a51fdb1c52dc66a7c3c2936,0x4cb522e6f25731b183115aac8d9767e045402e80,985000000000000000,,,call,59594,0,1,0,
9448284,3,1581247345,0x4b748e6e71b7c2bd89493bbedae8152e8f7a066ff7c982390603ff8c944bee52,0x47ce0c6ed5b0ce3d3a51fdb1c52dc66a7c3c2936,0xe0f87651d3b65641c0fe1b71c5fbe88236d4b2e6,15000000000000000,,,call,52165,0,2,0,
9448299,2,1581247526,0xba1c2378fb23fbede07d4e99e29ea62c7aab0fea695009b75a1839bd82299dde,0x47ce0c6ed5b0ce3d3a51fdb1c52dc66a7c3c2936,0x4cb522e6f25731b183115aac8d9767e045402e80,985000000000000000,,,call,59594,0,1,0,
9448299,3,1581247526,0xba1c2378fb23fbede07d4e99e29ea62c7aab0fea695009b75a1839bd82299dde,0x47ce0c6ed5b0ce3d3a51fdb1c52dc66a7c3c2936,0xe0f87651d3b65641c0fe1b71c5fbe88236d4b2e6,15000000000000000,,,call,52165,0,2,0,
9448313,2,1581247740,0x9aa373f175ba9f7c1e19026523b247a25a650632f1cf1dfe43a85abb40b919d4,0x47ce0c6ed5b0ce3d3a51fdb1c52dc66a7c3c2936,0x4cb522e6f25731b183115aac8d9767e045402e80,985000000000000000,,,call,59594,0,1,0,
9448313,3,1581247740,0x9aa373f175ba9f7c1e19026523b247a25a650632f1cf1dfe43a85abb40b919d4,0x47ce0c6ed5b0ce3d3a51fdb1c52dc66a7c3c2936,0xe0f87651d3b65641c0fe1b71c5fbe88236d4b2e6,15000000000000000,,,call,52165,0,2,0,
9448325,2,1581247856,0x4010d06c8179135b4c90281655a142f5daed57a1b4a0869f6d13c4c32e238fb7,0x47ce0c6ed5b0ce3d3a51fdb1c52dc66a7c3c2936,0x4cb522e6f25731b183115aac8d9767e045402e80,985000000000000000,,,call,59594,0,1,0,
9448325,3,1581247856,0x4010d06c8179135b4c90281655a142f5daed57a1b4a0869f6d13c4c32e238fb7,0x47ce0c6ed5b0ce3d3a51fdb1c52dc66a7c3c2936,0xe0f87651d3b65641c0fe1b71c5fbe88236d4b2e6,15000000000000000,,,call,52165,0,2,0,
9448440,2,1581249192,0x77427f11cf1a7d84fae7d985cb6db7a0de756f074de8880c9c7ab80cf015dc3f,0x47ce0c6ed5b0ce3d3a51fdb1c52dc66a7c3c2936,0x894f66ceebe8ca50d4687c5ba68b236bb76702c0,992500000000000000,,,call,59594,0,1,0,
9448440,3,1581249192,0x77427f11cf1a7d84fae7d985cb6db7a0de756f074de8880c9c7ab80cf015dc3f,0x47ce0c6ed5b0ce3d3a51fdb1c52dc66a7c3c2936,0x5a3992044a131c2f633394065c13ba1b33cdffd9,7500000000000000,,,call,52165,0,2,0,
9451723,2,1581293001,0x2b59951527191a63278696774a0f7e89b012f1d7d1a502b7543fedf253be2a67,0x47ce0c6ed5b0ce3d3a51fdb1c52dc66a7c3c2936,0x4cb522e6f25731b183115aac8d9767e045402e80,984000000000000000,,,call,57878,0,1,0,
9451723,3,1581293001,0x2b59951527191a63278696774a0f7e89b012f1d7d1a502b7543fedf253be2a67,0x47ce0c6ed5b0ce3d3a51fdb1c52dc66a7c3c2936,0x7add93ae1a0cb236ef3247823cbf955c1ab6c763,16000000000000000,,,call,50449,0,2,0,
9451731,2,1581293133,0x697d0e352f0cce123d0464bc2d2bd815f54c937e21e5773e580a6d40aef4e6e1,0x47ce0c6ed5b0ce3d3a51fdb1c52dc66a7c3c2936,0x4cb522e6f25731b183115aac8d9767e045402e80,983950000000000000,,,call,59594,0,1,0,
9451731,3,1581293133,0x697d0e352f0cce123d0464bc2d2bd815f54c937e21e5773e580a6d40aef4e6e1,0x47ce0c6ed5b0ce3d3a51fdb1c52dc66a7c3c2936,0x7add93ae1a0cb236ef3247823cbf955c1ab6c763,16050000000000000,,,call,52165,0,2,0,
9451746,2,1581293286,0xca139f48deaa74cff8d1391fc0968cb95e9857e0452bc173e83b3deaf651aac0,0x47ce0c6ed5b0ce3d3a51fdb1c52dc66a7c3c2936,0x4cb522e6f25731b183115aac8d9767e045402e80,983950000000000000,,,call,57878,0,1,0,
9451746,3,1581293286,0xca139f48deaa74cff8d1391fc0968cb95e9857e0452bc173e83b3deaf651aac0,0x47ce0c6ed5b0ce3d3a51fdb1c52dc66a7c3c2936,0x7add93ae1a0cb236ef3247823cbf955c1ab6c763,16050000000000000,,,call,50449,0,2,0,
9451754,2,1581293367,0x7577e6d5c6c7809d4f3f446f7c10a71917d8af1b8fe98c932ec4ce712289b9ae,0x47ce0c6ed5b0ce3d3a51fdb1c52dc66a7c3c2936,0x4cb522e6f25731b183115aac8d9767e045402e80,984000000000000000,,,call,59594,0,1,0,
9451754,3,1581293367,0x7577e6d5c6c7809d4f3f446f7c10a71917d8af1b8fe98c932ec4ce712289b9ae,0x47ce0c6ed5b0ce3d3a51fdb1c52dc66a7c3c2936,0x7add93ae1a0cb236ef3247823cbf955c1ab6c763,16000000000000000,,,call,52165,0,2,0,
9451776,2,1581293662,0xc50dfcbd12bb85c205ab744bb54d5f953db1c61e41fd7bae684d3999e190c548,0x47ce0c6ed5b0ce3d3a51fdb1c52dc66a7c3c2936,0x4cb522e6f25731b183115aac8d9767e045402e80,983950000000000000,,,call,59594,0,1,0,
9451776,3,1581293662,0xc50dfcbd12bb85c205ab744bb54d5f953db1c61e41fd7bae684d3999e190c548,0x47ce0c6ed5b0ce3d3a51fdb1c52dc66a7c3c2936,0x7add93ae1a0cb236ef3247823cbf955c1ab6c763,16050000000000000,,,call,52165,0,2,0,
9453884,2,1581321949,0x09c5ddd41d8fd0ad88d04a23be134d8c7e009463ce33ae62ccc17f17ef8b66fd,0x47ce0c6ed5b0ce3d3a51fdb1c52dc66a7c3c2936,0x2e1f1037d816ce5bbf2f61c281bd409574895853,984500000000000000,,,call,59594,0,1,0,
9453884,3,1581321949,0x09c5ddd41d8fd0ad88d04a23be134d8c7e009463ce33ae62ccc17f17ef8b66fd,0x47ce0c6ed5b0ce3d3a51fdb1c52dc66a7c3c2936,0xe0f87651d3b65641c0fe1b71c5fbe88236d4b2e6,15500000000000000,,,call,52165,0,2,0,
9455582,2,1581343806,0xc81adf5c098941e2fab6629213bba4c22256a5cdb4a18754de6c9a37d7c8f8f9,0x47ce0c6ed5b0ce3d3a51fdb1c52dc66a7c3c2936,0xb72d812dc957091463844d3b4b50dd1529398345,984500000000000000,,,call,59594,0,1,0,
9455582,3,1581343806,0xc81adf5c098941e2fab6629213bba4c22256a5cdb4a18754de6c9a37d7c8f8f9,0x47ce0c6ed5b0ce3d3a51fdb1c52dc66a7c3c2936,0x584c94dfb8ebed0eb01063f4c0d569fe04e9c479,15500000000000000,,,call,52165,0,2,0,
9455588,2,1581343967,0xa485d2df3d733913eb05f362117004f86f156c030ad80ef095be391df4be46ca,0x47ce0c6ed5b0ce3d3a51fdb1c52dc66a7c3c2936,0xb72d812dc957091463844d3b4b50dd1529398345,984500000000000000,,,call,59594,0,1,0,
9455588,3,1581343967,0xa485d2df3d733913eb05f362117004f86f156c030ad80ef095be391df4be46ca,0x47ce0c6ed5b0ce3d3a51fdb1c52dc66a7c3c2936,0x584c94dfb8ebed0eb01063f4c0d569fe04e9c479,15500000000000000,,,call,52165,0,2,0,
9455605,2,1581344250,0x07605a262b41ae7d6abdfe625f05a0b0a320f7d38f5d87ff89d41c13564c6165,0x47ce0c6ed5b0ce3d3a51fdb1c52dc66a7c3c2936,0xe609ec4faf8aa608b23c194d12f810a8c87193b4,974500000000000000,,,call,59594,0,1,0,
9455605,3,1581344250,0x07605a262b41ae7d6abdfe625f05a0b0a320f7d38f5d87ff89d41c13564c6165,0x47ce0c6ed5b0ce3d3a51fdb1c52dc66a7c3c2936,0x0f416bc2d310a1c32bc1081cf354c15fd10d4802,25500000000000000,,,call,52165,0,2,0,
9455606,2,1581344294,0x7e04abece043472f5d817af2f98eb424e06afa4870f48d2327b84213a50b2b8c,0x47ce0c6ed5b0ce3d3a51fdb1c52dc66a7c3c2936,0xb72d812dc957091463844d3b4b50dd1529398345,984500000000000000,,,call,59594,0,1,0,
9455606,3,1581344294,0x7e04abece043472f5d817af2f98eb424e06afa4870f48d2327b84213a50b2b8c,0x47ce0c6ed5b0ce3d3a51fdb1c52dc66a7c3c2936,0x584c94dfb8ebed0eb01063f4c0d569fe04e9c479,15500000000000000,,,call,52165,0,2,0,
9455719,2,1581345785,0x1449f30824c0075880b96370f91565d4b5c9d08fa0ad5e90647b9fc1f39bce08,0x47ce0c6ed5b0ce3d3a51fdb1c52dc66a7c3c2936,0xe609ec4faf8aa608b23c194d12f810a8c87193b4,984500000000000000,,,call,59594,0,1,0,
9455719,3,1581345785,0x1449f30824c0075880b96370f91565d4b5c9d08fa0ad5e90647b9fc1f39bce08,0x47ce0c6ed5b0ce3d3a51fdb1c52dc66a7c3c2936,0xe0f87651d3b65641c0fe1b71c5fbe88236d4b2e6,15500000000000000,,,call,52165,0,2,0,
9455744,2,1581346077,0x400eaa9437dcc3e52ee4b0c34ea841d3da780b48c393fe5f5c4deb201d51d89c,0x47ce0c6ed5b0ce3d3a51fdb1c52dc66a7c3c2936,0x059610b8856901a0de415c7a81c1f98b8858ff20,973500000000000000,,,call,59594,0,1,0,
9455744,3,1581346077,0x400eaa9437dcc3e52ee4b0c34ea841d3da780b48c393fe5f5c4deb201d51d89c,0x47ce0c6ed5b0ce3d3a51fdb1c52dc66a7c3c2936,0x7d3bb46c78b0c4949639ce34896bfd875b97ad08,26500000000000000,,,call,52165,0,2,0,
9456431,2,1581354978,0x0f742f92162f7a30c07d314a891acebae3baf229a667ae571dd501d25fa61528,0x47ce0c6ed5b0ce3d3a51fdb1c52dc66a7c3c2936,0x19fe70e8746538748030b56a6020e144a1ff295e,973500000000000000,,,call,59594,0,1,0,
9456431,3,1581354978,0x0f742f92162f7a30c07d314a891acebae3baf229a667ae571dd501d25fa61528,0x47ce0c6ed5b0ce3d3a51fdb1c52dc66a7c3c2936,0xefab18983029d2ba840e34698efb67fdf8120711,26500000000000000,,,call,52165,0,2,0,
9456818,2,1581359679,0x2e772e476850c5f6c8889f868ef07a4013553a903c678488d9c7c6f4dcd4fec9,0x47ce0c6ed5b0ce3d3a51fdb1c52dc66a7c3c2936,0x1976faba215d9cc9a0491f408bcc46c8a7b9836e,975000000000000000,,,call,59594,0,1,0,
9456818,3,1581359679,0x2e772e476850c5f6c8889f868ef07a4013553a903c678488d9c7c6f4dcd4fec9,0x47ce0c6ed5b0ce3d3a51fdb1c52dc66a7c3c2936,0xefab18983029d2ba840e34698efb67fdf8120711,25000000000000000,,,call,52165,0,2,0,
9457250,2,1581365644,0x1824f02bff0aeb42fa0f07dd08503ec2e3ae34016f74e114d013cbc9e742404e,0x47ce0c6ed5b0ce3d3a51fdb1c52dc66a7c3c2936,0xb2cf10655ede86af26bf44c19b7447823995ac60,980500000000000000,,,call,59594,0,1,0,
9457250,3,1581365644,0x1824f02bff0aeb42fa0f07dd08503ec2e3ae34016f74e114d013cbc9e742404e,0x47ce0c6ed5b0ce3d3a51fdb1c52dc66a7c3c2936,0xe0f87651d3b65641c0fe1b71c5fbe88236d4b2e6,19500000000000000,,,call,52165,0,2,0,
9459773,2,1581398901,0x3f8351d2f2d8e945140ad02ce52922a1bae11290201bf20afc9a9452c48b0f18,0x47ce0c6ed5b0ce3d3a51fdb1c52dc66a7c3c2936,0x869371a4e48796e5f1794e0a889bd916873f4edf,970500000000000000,,,call,59594,0,1,0,
9459773,3,1581398901,0x3f8351d2f2d8e945140ad02ce52922a1bae11290201bf20afc9a9452c48b0f18,0x47ce0c6ed5b0ce3d3a51fdb1c52dc66a7c3c2936,0x0f416bc2d310a1c32bc1081cf354c15fd10d4802,29500000000000000,,,call,52165,0,2,0,
9460010,2,1581402050,0xc637737aa044d0fd8a3fbcc3a0011c3fe5f4825043ef97d8dde398f475184581,0x47ce0c6ed5b0ce3d3a51fdb1c52dc66a7c3c2936,0x3c661cac24e82c9c76f3259dbe73f63085fbd3bc,980500000000000000,,,call,59594,0,1,0,
9460010,3,1581402050,0xc637737aa044d0fd8a3fbcc3a0011c3fe5f4825043ef97d8dde398f475184581,0x47ce0c6ed5b0ce3d3a51fdb1c52dc66a7c3c2936,0xe0f87651d3b65641c0fe1b71c5fbe88236d4b2e6,19500000000000000,,,call,52165,0,2,0,
9460025,2,1581402217,0x86d558f91a87758592fa71f8500e9e1e4d9bc60b1cc81f0959153a6eb394700c,0x47ce0c6ed5b0ce3d3a51fdb1c52dc66a7c3c2936,0x3c661cac24e82c9c76f3259dbe73f63085fbd3bc,980500000000000000,,,call,59594,0,1,0,
9460025,3,1581402217,0x86d558f91a87758592fa71f8500e9e1e4d9bc60b1cc81f0959153a6eb394700c,0x47ce0c6ed5b0ce3d3a51fdb1c52dc66a7c3c2936,0xe0f87651d3b65641c0fe1b71c5fbe88236d4b2e6,19500000000000000,,,call,52165,0,2,0,
9460031,2,1581402305,0x36a4adf5ce6b9ba88969a9968eddc89bc9804eea1933ddc38b2549d7920e0e17,0x47ce0c6ed5b0ce3d3a51fdb1c52dc66a7c3c2936,0x3c661cac24e82c9c76f3259dbe73f63085fbd3bc,980500000000000000,,,call,59594,0,1,0,
9460031,3,1581402305,0x36a4adf5ce6b9ba88969a9968eddc89bc9804eea1933ddc38b2549d7920e0e17,0x47ce0c6ed5b0ce3d3a51fdb1c52dc66a7c3c2936,0xe0f87651d3b65641c0fe1b71c5fbe88236d4b2e6,19500000000000000,,,call,52165,0,2,0,
9460857,2,1581413308,0x71a976b924f733797f050358011ea0974d9db718621e697ec39127fe89a79ab0,0x47ce0c6ed5b0ce3d3a51fdb1c52dc66a7c3c2936,0x4cb522e6f25731b183115aac8d9767e045402e80,988500000000000000,,,call,59594,0,1,0,
9460857,3,1581413308,0x71a976b924f733797f050358011ea0974d9db718621e697ec39127fe89a79ab0,0x47ce0c6ed5b0ce3d3a51fdb1c52dc66a7c3c2936,0x7add93ae1a0cb236ef3247823cbf955c1ab6c763,11500000000000000,,,call,52165,0,2,0,
9460868,2,1581413560,0xdbaa83935c5fc93822c0bd0b976d69f42eaac6637295bc2f8050f3963cde5489,0x47ce0c6ed5b0ce3d3a51fdb1c52dc66a7c3c2936,0x4cb522e6f25731b183115aac8d9767e045402e80,988500000000000000,,,call,59594,0,1,0,
9460868,3,1581413560,0xdbaa83935c5fc93822c0bd0b976d69f42eaac6637295bc2f8050f3963cde5489,0x47ce0c6ed5b0ce3d3a51fdb1c52dc66a7c3c2936,0x7add93ae1a0cb236ef3247823cbf955c1ab6c763,11500000000000000,,,call,52165,0,2,0,
9462143,2,1581430326,0xf02bc5b3882dafbe8544ddaaf0f39b766c756ac55cce7954d87725bedf78ac36,0x47ce0c6ed5b0ce3d3a51fdb1c52dc66a7c3c2936,0x5d34620b5aa55e798b80f91775a730b023885b41,980500000000000000,,,call,59594,0,1,0,
9462143,3,1581430326,0xf02bc5b3882dafbe8544ddaaf0f39b766c756ac55cce7954d87725bedf78ac36,0x47ce0c6ed5b0ce3d3a51fdb1c52dc66a7c3c2936,0xe0f87651d3b65641c0fe1b71c5fbe88236d4b2e6,19500000000000000,,,call,52165,0,2,0,
9463438,2,1581447388,0x60e0e0f80acebb9ca99017135efed4f2190b75a2356d9b4c1b009719936814be,0x47ce0c6ed5b0ce3d3a51fdb1c52dc66a7c3c2936,0xcbdf472aa87904ee49c41baaff7f0aa567c5d32e,1000000000000000000,,,call,101399,0,1,0,
9463553,2,1581448911,0xf9fa9bee1d3ec9c12aa89e587572d126f8a577f466105d6ee9b97ad3188af9dd,0x47ce0c6ed5b0ce3d3a51fdb1c52dc66a7c3c2936,0xe6a66ebf93c5fb287753b894a53e2de77124cbac,970500000000000000,,,call,59594,0,1,0,
9463553,3,1581448911,0xf9fa9bee1d3ec9c12aa89e587572d126f8a577f466105d6ee9b97ad3188af9dd,0x47ce0c6ed5b0ce3d3a51fdb1c52dc66a7c3c2936,0x0f416bc2d310a1c32bc1081cf354c15fd10d4802,29500000000000000,,,call,52165,0,2,0,
9465894,2,1581479840,0xce72a2609f9a23de5f160370baa4010af2cc32bba93997241a84d3e59a9f91c8,0x47ce0c6ed5b0ce3d3a51fdb1c52dc66a7c3c2936,0xe610624b3c91a4d402dc2618ed047a4874e037e0,969500000000000000,,,call,59594,0,1,0,
9465894,3,1581479840,0xce72a2609f9a23de5f160370baa4010af2cc32bba93997241a84d3e59a9f91c8,0x47ce0c6ed5b0ce3d3a51fdb1c52dc66a7c3c2936,0xefab18983029d2ba840e34698efb67fdf8120711,30500000000000000,,,call,52165,0,2,0,
9467617,2,1581503262,0x7cca11d456d5d135b49619f17c08f8b21d9c4680dee99886d4a794dba1731fc5,0x47ce0c6ed5b0ce3d3a51fdb1c52dc66a7c3c2936,0x2a4de8a61cb7882c06c9c45ea187adbdf7ccc286,972500000000000000,,,call,59594,0,1,0,
9467617,3,1581503262,0x7cca11d456d5d135b49619f17c08f8b21d9c4680dee99886d4a794dba1731fc5,0x47ce0c6ed5b0ce3d3a51fdb1c52dc66a7c3c2936,0x7d3bb46c78b0c4949639ce34896bfd875b97ad08,27500000000000000,,,call,52165,0,2,0,
9467885,2,1581507266,0x17c59bb9134d87e0de46074d64ff70d10e3fba1a7fba57f6394ed018ea7baab1,0x47ce0c6ed5b0ce3d3a51fdb1c52dc66a7c3c2936,0xc7d9b0ca931966d93bcbe43d48d5e7f7af7bddd2,987500000000000000,,,call,59594,0,1,0,
9467885,3,1581507266,0x17c59bb9134d87e0de46074d64ff70d10e3fba1a7fba57f6394ed018ea7baab1,0x47ce0c6ed5b0ce3d3a51fdb1c52dc66a7c3c2936,0x7add93ae1a0cb236ef3247823cbf955c1ab6c763,12500000000000000,,,call,52165,0,2,0,
9468809,2,1581519331,0xd67f44f49bfd6c61061c0e8e217bf015a2242a519e0f0e4649df0f9e9018d789,0x47ce0c6ed5b0ce3d3a51fdb1c52dc66a7c3c2936,0x4989f63310f602228ef917f39856cbb0d5340f26,973350000000000000,,,call,59594,0,1,0,
9468809,3,1581519331,0xd67f44f49bfd6c61061c0e8e217bf015a2242a519e0f0e4649df0f9e9018d789,0x47ce0c6ed5b0ce3d3a51fdb1c52dc66a7c3c2936,0xefab18983029d2ba840e34698efb67fdf8120711,26650000000000000,,,call,52165,0,2,0,
9468813,2,1581519403,0x2e39ab6fb7609d17f79e886766a29b17401cdd3836ba01885b4ba8486e33fdc3,0x47ce0c6ed5b0ce3d3a51fdb1c52dc66a7c3c2936,0x4989f63310f602228ef917f39856cbb0d5340f26,973350000000000000,,,call,59594,0,1,0,
9468813,3,1581519403,0x2e39ab6fb7609d17f79e886766a29b17401cdd3836ba01885b4ba8486e33fdc3,0x47ce0c6ed5b0ce3d3a51fdb1c52dc66a7c3c2936,0xefab18983029d2ba840e34698efb67fdf8120711,26650000000000000,,,call,52165,0,2,0,
9468818,2,1581519458,0x8b20657a5aee653d54ba130aee03d1abc92eb213ecd436e329e1df221e2f8b16,0x47ce0c6ed5b0ce3d3a51fdb1c52dc66a7c3c2936,0x4989f63310f602228ef917f39856cbb0d5340f26,984350000000000000,,,call,59594,0,1,0,
9468818,3,1581519458,0x8b20657a5aee653d54ba130aee03d1abc92eb213ecd436e329e1df221e2f8b16,0x47ce0c6ed5b0ce3d3a51fdb1c52dc66a7c3c2936,0xe0f87651d3b65641c0fe1b71c5fbe88236d4b2e6,15650000000000000,,,call,52165,0,2,0,
9468822,2,1581519496,0x994c5539cbce6ca17fd14cd0aa64e299a0a6ce35a5e4b4d742ec329ee021080f,0x47ce0c6ed5b0ce3d3a51fdb1c52dc66a7c3c2936,0x4989f63310f602228ef917f39856cbb0d5340f26,984350000000000000,,,call,59594,0,1,0,
9468822,3,1581519496,0x994c5539cbce6ca17fd14cd0aa64e299a0a6ce35a5e4b4d742ec329ee021080f,0x47ce0c6ed5b0ce3d3a51fdb1c52dc66a7c3c2936,0xe0f87651d3b65641c0fe1b71c5fbe88236d4b2e6,15650000000000000,,,call,52165,0,2,0,
9468843,2,1581519788,0x7b4e4539920f99ad37e77dd24f7cc648c4f13757bf376cde01ad79b7ace95fe9,0x47ce0c6ed5b0ce3d3a51fdb1c52dc66a7c3c2936,0x4989f63310f602228ef917f39856cbb0d5340f26,973350000000000000,,,call,59594,0,1,0,
9468843,3,1581519788,0x7b4e4539920f99ad37e77dd24f7cc648c4f13757bf376cde01ad79b7ace95fe9,0x47ce0c6ed5b0ce3d3a51fdb1c52dc66a7c3c2936,0xefab18983029d2ba840e34698efb67fdf8120711,26650000000000000,,,call,52165,0,2,0,
9468845,2,1581519803,0xa319cd72ecc10b680640d2521c545e473600d598d59a02e25b6598f01575728e,0x47ce0c6ed5b0ce3d3a51fdb1c52dc66a7c3c2936,0x4989f63310f602228ef917f39856cbb0d5340f26,974350000000000000,,,call,59594,0,1,0,
9468845,3,1581519803,0xa319cd72ecc10b680640d2521c545e473600d598d59a02e25b6598f01575728e,0x47ce0c6ed5b0ce3d3a51fdb1c52dc66a7c3c2936,0x0f416bc2d310a1c32bc1081cf354c15fd10d4802,25650000000000000,,,call,52165,0,2,0,
9468849,2,1581519866,0xf83768f02a2930bc8a0042604b6154c46522d184710e19bd9f2f49f03ec3b6f7,0x47ce0c6ed5b0ce3d3a51fdb1c52dc66a7c3c2936,0x4989f63310f602228ef917f39856cbb0d5340f26,974350000000000000,,,call,59594,0,1,0,
9468849,3,1581519866,0xf83768f02a2930bc8a0042604b6154c46522d184710e19bd9f2f49f03ec3b6f7,0x47ce0c6ed5b0ce3d3a51fdb1c52dc66a7c3c2936,0x0f416bc2d310a1c32bc1081cf354c15fd10d4802,25650000000000000,,,call,52165,0,2,0,
9468854,2,1581519887,0xd35030455d56e421e6401ac1e9daf3ec5d90781c2319dc72d71cf534845c6aa8,0x47ce0c6ed5b0ce3d3a51fdb1c52dc66a7c3c2936,0x4989f63310f602228ef917f39856cbb0d5340f26,974200000000000000,,,call,59594,0,1,0,
9468854,3,1581519887,0xd35030455d56e421e6401ac1e9daf3ec5d90781c2319dc72d71cf534845c6aa8,0x47ce0c6ed5b0ce3d3a51fdb1c52dc66a7c3c2936,0x0f416bc2d310a1c32bc1081cf354c15fd10d4802,25800000000000000,,,call,52165,0,2,0,
9469443,2,1581527565,0x5628c4df950b8ae5a264162adb0b40ba40c418f29bb7d43a53ac75cf55b5619f,0x47ce0c6ed5b0ce3d3a51fdb1c52dc66a7c3c2936,0x146bdd6553f2eb1fe8ad2304ea9e5fa4c9208f4b,973350000000000000,,,call,59594,0,1,0,
9469443,3,1581527565,0x5628c4df950b8ae5a264162adb0b40ba40c418f29bb7d43a53ac75cf55b5619f,0x47ce0c6ed5b0ce3d3a51fdb1c52dc66a7c3c2936,0xefab18983029d2ba840e34698efb67fdf8120711,26650000000000000,,,call,52165,0,2,0,
9470033,2,1581535248,0x7a1691cb7476cb29ca868697e77ce5d9c831a0803b6959431c216e204179ce0d,0x47ce0c6ed5b0ce3d3a51fdb1c52dc66a7c3c2936,0xd31b671f1a398b519222fdaba5ab5464b9f2a3fa,985800000000000000,,,call,59594,0,1,0,
9470033,3,1581535248,0x7a1691cb7476cb29ca868697e77ce5d9c831a0803b6959431c216e204179ce0d,0x47ce0c6ed5b0ce3d3a51fdb1c52dc66a7c3c2936,0xe0f87651d3b65641c0fe1b71c5fbe88236d4b2e6,14200000000000000,,,call,52165,0,2,0,
9470133,2,1581536587,0xc6697bc9ddf33da9d12434f4f550087da519c270b0e217a5245f80471dd6a176,0x47ce0c6ed5b0ce3d3a51fdb1c52dc66a7c3c2936,0x84f4b7a1e35a71cfc7c54ee67138bfd955781fc7,1000000000000000000,,,call,99683,0,1,0,
9470134,2,1581536591,0x0f6191c9e8fa5e43d3eabe61a06059fe15422986b766a1398afbb663c3dcafdd,0x47ce0c6ed5b0ce3d3a51fdb1c52dc66a7c3c2936,0x84f4b7a1e35a71cfc7c54ee67138bfd955781fc7,1000000000000000000,,,call,99683,0,1,0,
9470755,2,1581544634,0x79044950e37da2951b5a1d3c122e154f35339d3b90ef5d3824c58c052398ee35,0x47ce0c6ed5b0ce3d3a51fdb1c52dc66a7c3c2936,0x0b6448d827a70488b3543e2fa39094ec4ddd1623,1000000000000000000,,,call,101399,0,1,0,
9470874,2,1581546518,0x2d874aea83b0b2c4dde5aaf366692e95ec87f873d59c09f5ca3d37b0688a8023,0x47ce0c6ed5b0ce3d3a51fdb1c52dc66a7c3c2936,0x0a69c08c7b03f5e647d72f78ac008428fac94e37,974500000000000000,,,call,59594,0,1,0,
9470874,3,1581546518,0x2d874aea83b0b2c4dde5aaf366692e95ec87f873d59c09f5ca3d37b0688a8023,0x47ce0c6ed5b0ce3d3a51fdb1c52dc66a7c3c2936,0x0f416bc2d310a1c32bc1081cf354c15fd10d4802,25500000000000000,,,call,52165,0,2,0,
9471676,2,1581557380,0x47f0c6bf5f978624f8dd6e431df8fecef78622e2add15a9d1bc8ea47b21ba4db,0x47ce0c6ed5b0ce3d3a51fdb1c52dc66a7c3c2936,0x092c2a580f6e0704cbb96dcb37ca360d8be256a2,1000000000000000000,,,call,112327,11102,1,0,
9473742,2,1581584360,0xa9fd25f42e683a00fc8a9f8f860487610f2b8cf14d81aaca8e23c557889e3edb,0x47ce0c6ed5b0ce3d3a51fdb1c52dc66a7c3c2936,0x4cb522e6f25731b183115aac8d9767e045402e80,987500000000000000,,,call,59594,0,1,0,
9473742,3,1581584360,0xa9fd25f42e683a00fc8a9f8f860487610f2b8cf14d81aaca8e23c557889e3edb,0x47ce0c6ed5b0ce3d3a51fdb1c52dc66a7c3c2936,0x7add93ae1a0cb236ef3247823cbf955c1ab6c763,12500000000000000,,,call,52165,0,2,0,
9475350,2,1581605766,0xcf61daf186d4d3f81a0e6537cc0e6294e123452bc8d4d178e1ff1ac65fac6c8c,0x47ce0c6ed5b0ce3d3a51fdb1c52dc66a7c3c2936,0x6ea17cbf58bb92adff6cbaa93529f90f255a7654,972500000000000000,,,call,59594,0,1,0,
9475350,3,1581605766,0xcf61daf186d4d3f81a0e6537cc0e6294e123452bc8d4d178e1ff1ac65fac6c8c,0x47ce0c6ed5b0ce3d3a51fdb1c52dc66a7c3c2936,0xefab18983029d2ba840e34698efb67fdf8120711,27500000000000000,,,call,52165,0,2,0,
9476763,2,1581624803,0x887a54e0f0b87ea0334aa9ecbf9a18da826e95666221f974f11fdd432db19e64,0x47ce0c6ed5b0ce3d3a51fdb1c52dc66a7c3c2936,0x51b55efede7bf9c5aee48501621d14ecaa90c1ac,975500000000000000,,,call,59594,0,1,0,
9476763,3,1581624803,0x887a54e0f0b87ea0334aa9ecbf9a18da826e95666221f974f11fdd432db19e64,0x47ce0c6ed5b0ce3d3a51fdb1c52dc66a7c3c2936,0x0f416bc2d310a1c32bc1081cf354c15fd10d4802,24500000000000000,,,call,52165,0,2,0,
9477014,2,1581628065,0x3b3818462ada2acfbfc39298628b849808f1d393f0dd0b4c016b85269a8f2e48,0x47ce0c6ed5b0ce3d3a51fdb1c52dc66a7c3c2936,0x8f5906963ae276e1631efa8ff1a9cae6499ec5e3,1000000000000000000,,,call,101399,0,1,0,
9477073,2,1581628929,0x55e0e42cf35ca6b784bf783e41afb5da738ed29aef9ecb900049489ba05b815e,0x47ce0c6ed5b0ce3d3a51fdb1c52dc66a7c3c2936,0xf26cd36202083d171f3dd20a29a7acbcad8c6810,1000000000000000000,,,call,101399,0,1,0,
9477235,2,1581631013,0x30eb9b5a2197d810892d4189d46909f1aca76512d708def732701993d2172958,0x47ce0c6ed5b0ce3d3a51fdb1c52dc66a7c3c2936,0xd5b04cbe833e4dacdad4cdef26699b6b7349db84,973500000000000000,,,call,59594,0,1,0,
9477235,3,1581631013,0x30eb9b5a2197d810892d4189d46909f1aca76512d708def732701993d2172958,0x47ce0c6ed5b0ce3d3a51fdb1c52dc66a7c3c2936,0xefab18983029d2ba840e34698efb67fdf8120711,26500000000000000,,,call,52165,0,2,0,
9477370,2,1581633070,0xe9c648d11be8c583b38adf06f34aa32463a0b6f009ea56914ed782d095d8ae9c,0x47ce0c6ed5b0ce3d3a51fdb1c52dc66a7c3c2936,0x296e3345e3da85181ff279dd36e6054d73da3717,985500000000000000,,,call,59594,0,1,0,
9477370,3,1581633070,0xe9c648d11be8c583b38adf06f34aa32463a0b6f009ea56914ed782d095d8ae9c,0x47ce0c6ed5b0ce3d3a51fdb1c52dc66a7c3c2936,0xe0f87651d3b65641c0fe1b71c5fbe88236d4b2e6,14500000000000000,,,call,52165,0,2,0,
9478697,2,1581650545,0x577baa3463e8f8572c541b5e6be8b185811167a82934001993b42eadf4f2116a,0x47ce0c6ed5b0ce3d3a51fdb1c52dc66a7c3c2936,0x256e1fa64c39379d690b6352bed4ba215bdd304b,984500000000000000,,,call,59594,0,1,0,
9478697,3,1581650545,0x577baa3463e8f8572c541b5e6be8b185811167a82934001993b42eadf4f2116a,0x47ce0c6ed5b0ce3d3a51fdb1c52dc66a7c3c2936,0xe0f87651d3b65641c0fe1b71c5fbe88236d4b2e6,15500000000000000,,,call,52165,0,2,0,
9480535,2,1581675212,0x7814fe78b8f2cb679148cab3ec7a269171ca62ac86923f5e37ac3721d1f4db59,0x47ce0c6ed5b0ce3d3a51fdb1c52dc66a7c3c2936,0xad316f40008ef2d866244036726f98d89fab93de,983500000000000000,,,call,59594,0,1,0,
9480535,3,1581675212,0x7814fe78b8f2cb679148cab3ec7a269171ca62ac86923f5e37ac3721d1f4db59,0x47ce0c6ed5b0ce3d3a51fdb1c52dc66a7c3c2936,0xe0f87651d3b65641c0fe1b71c5fbe88236d4b2e6,16500000000000000,,,call,52165,0,2,0,
9481278,2,1581685411,0x69503a921a919be709efab31b2a695c5b49383f3f4966e81dbe3dbdb82124769,0x47ce0c6ed5b0ce3d3a51fdb1c52dc66a7c3c2936,0x762beed7bd861db73e8bf3228f4f288e279a9e2a,1000000000000000000,,,call,101399,0,1,0,
9481281,2,1581685463,0x556d949e95c91ea74b00337ed814d9b6db6ea2bdcb632669a07b8a79e15c6c2e,0x47ce0c6ed5b0ce3d3a51fdb1c52dc66a7c3c2936,0x762beed7bd861db73e8bf3228f4f288e279a9e2a,1000000000000000000,,,call,101399,0,1,0,
9481946,2,1581694117,0x417e5dc6cb3cf2e642e4ac1ad1e82d3650f02f20cab5807d6aa48f33b59caf98,0x47ce0c6ed5b0ce3d3a51fdb1c52dc66a7c3c2936,0x03d15ec11110dda27df907e12e7ac996841d95e4,1000000000000000000,,,call,101399,0,1,0,
9482143,2,1581696634,0x54b94f2cc6b96cf1b84b24e9e58d5f2ab9ae6207bdaf6447aad9f171603b6098,0x47ce0c6ed5b0ce3d3a51fdb1c52dc66a7c3c2936,0x88e555ffa6777bda56aa7dce0bc58e3a197992cc,969500000000000000,,,call,59594,0,1,0,
9482143,3,1581696634,0x54b94f2cc6b96cf1b84b24e9e58d5f2ab9ae6207bdaf6447aad9f171603b6098,0x47ce0c6ed5b0ce3d3a51fdb1c52dc66a7c3c2936,0xefab18983029d2ba840e34698efb67fdf8120711,30500000000000000,,,call,52165,0,2,0,
9483485,2,1581714087,0xa2cf6697e8d304e1bcf8a40723515cb63a140fb998d9764e4d23298543d44781,0x47ce0c6ed5b0ce3d3a51fdb1c52dc66a7c3c2936,0x57883aee3996af38372ba93bea3cd8a7d6e0db3a,975000000000000000,,,call,59594,0,1,0,
9483485,3,1581714087,0xa2cf6697e8d304e1bcf8a40723515cb63a140fb998d9764e4d23298543d44781,0x47ce0c6ed5b0ce3d3a51fdb1c52dc66a7c3c2936,0xefab18983029d2ba840e34698efb67fdf8120711,25000000000000000,,,call,52165,0,2,0,
9486047,2,1581748828,0x0d278737cdbadab34098d35026dd5aded2b2e6a6607e4e4af603fc77e2e0616b,0x47ce0c6ed5b0ce3d3a51fdb1c52dc66a7c3c2936,0xa9f7dfcdd51facbb631eee98697678d4eac1fb40,1000000000000000000,,,call,101399,0,1,0,
9486794,2,1581758258,0x37ade2a092c87e41a2a4cabf51b67a73fda307ab14e9bb2ee2ec530d862228b3,0x47ce0c6ed5b0ce3d3a51fdb1c52dc66a7c3c2936,0x4cb522e6f25731b183115aac8d9767e045402e80,989500000000000000,,,call,59594,0,1,0,
9486794,3,1581758258,0x37ade2a092c87e41a2a4cabf51b67a73fda307ab14e9bb2ee2ec530d862228b3,0x47ce0c6ed5b0ce3d3a51fdb1c52dc66a7c3c2936,0x7add93ae1a0cb236ef3247823cbf955c1ab6c763,10500000000000000,,,call,52165,0,2,0,
9486808,2,1581758526,0x6e7f1910c212e2cfb3d68294d89f262e6f0f787986d9fc1d56bb636b904551cc,0x47ce0c6ed5b0ce3d3a51fdb1c52dc66a7c3c2936,0x4cb522e6f25731b183115aac8d9767e045402e80,989500000000000000,,,call,57878,0,1,0,
9486808,3,1581758526,0x6e7f1910c212e2cfb3d68294d89f262e6f0f787986d9fc1d56bb636b904551cc,0x47ce0c6ed5b0ce3d3a51fdb1c52dc66a7c3c2936,0x7add93ae1a0cb236ef3247823cbf955c1ab6c763,10500000000000000,,,call,50449,0,2,0,
9486814,2,1581758586,0x5eb5570971eeb24e340e9f1e4193deeb4fc78c1c5e74e3d57f70261f2ab1fd0a,0x47ce0c6ed5b0ce3d3a51fdb1c52dc66a7c3c2936,0x4cb522e6f25731b183115aac8d9767e045402e80,989050000000000000,,,call,59594,0,1,0,
9486814,3,1581758586,0x5eb5570971eeb24e340e9f1e4193deeb4fc78c1c5e74e3d57f70261f2ab1fd0a,0x47ce0c6ed5b0ce3d3a51fdb1c52dc66a7c3c2936,0x7add93ae1a0cb236ef3247823cbf955c1ab6c763,10950000000000000,,,call,52165,0,2,0,
9486939,2,1581760128,0x7038d32364e5d37ff0a6bed7eced9494d9d6d5c6d0cbf81f66d71f171820aa92,0x47ce0c6ed5b0ce3d3a51fdb1c52dc66a7c3c2936,0xbea7a604df972564026e0bd1d11285803b360ee0,970500000000000000,,,call,59594,0,1,0,
9486939,3,1581760128,0x7038d32364e5d37ff0a6bed7eced9494d9d6d5c6d0cbf81f66d71f171820aa92,0x47ce0c6ed5b0ce3d3a51fdb1c52dc66a7c3c2936,0x0f416bc2d310a1c32bc1081cf354c15fd10d4802,29500000000000000,,,call,52165,0,2,0,
9487004,2,1581761125,0x6c01d189143614b5cacee0383f44a26a6c05f557500652cb59e2806c322f10ce,0x47ce0c6ed5b0ce3d3a51fdb1c52dc66a7c3c2936,0xfa3a4a6d504687ec39e28bc8344c655affcfe6ee,970500000000000000,,,call,59594,0,1,0,
9487004,3,1581761125,0x6c01d189143614b5cacee0383f44a26a6c05f557500652cb59e2806c322f10ce,0x47ce0c6ed5b0ce3d3a51fdb1c52dc66a7c3c2936,0x0f416bc2d310a1c32bc1081cf354c15fd10d4802,29500000000000000,,,call,52165,0,2,0,
9487013,2,1581761228,0x6d5c1e21bf18e72e60ac61a79cbfda5f878a6ba6c452b6c73b3a4b4aee34d30f,0x47ce0c6ed5b0ce3d3a51fdb1c52dc66a7c3c2936,0xfa3a4a6d504687ec39e28bc8344c655affcfe6ee,970500000000000000,,,call,59594,0,1,0,
9487013,3,1581761228,0x6d5c1e21bf18e72e60ac61a79cbfda5f878a6ba6c452b6c73b3a4b4aee34d30f,0x47ce0c6ed5b0ce3d3a51fdb1c52dc66a7c3c2936,0x0f416bc2d310a1c32bc1081cf354c15fd10d4802,29500000000000000,,,call,52165,0,2,0,
9488302,2,1581778291,0x8b7a832576c1697ac2f2ce8f9357956d530e30911c36514d56c202651085e0ae,0x47ce0c6ed5b0ce3d3a51fdb1c52dc66a7c3c2936,0xb2cf10655ede86af26bf44c19b7447823995ac60,1000000000000000000,,,call,101399,0,1,0,
9488727,2,1581783756,0xe59b1eb7170ead2a36fcd5298bd32733014da5e135b58d21b7ba2c491ee70218,0x47ce0c6ed5b0ce3d3a51fdb1c52dc66a7c3c2936,0x8ed25dc85c582da07e5e078598d08f59fb5fa9e5,1000000000000000000,,,call,101399,0,1,0,
9489975,2,1581800708,0x916cd66d0e6158192d6dd4c731f90e068ee1f92c12df2fffaf899a977ecc961b,0x47ce0c6ed5b0ce3d3a51fdb1c52dc66a7c3c2936,0x4d755f592a8e06c286a96931824a28390cbd4a19,969500000000000000,,,call,59594,0,1,0,
9489975,3,1581800708,0x916cd66d0e6158192d6dd4c731f90e068ee1f92c12df2fffaf899a977ecc961b,0x47ce0c6ed5b0ce3d3a51fdb1c52dc66a7c3c2936,0xefab18983029d2ba840e34698efb67fdf8120711,30500000000000000,,,call,52165,0,2,0,
9491538,2,1581822265,0xa450517adca78ac0ea434e3c1ff06fbf2c1d5d9603b123bbb7614dc298183dca,0x47ce0c6ed5b0ce3d3a51fdb1c52dc66a7c3c2936,0xc14a6aeec328c0690d0387584b3f92348629917f,974500000000000000,,,call,59594,0,1,0,
9491538,3,1581822265,0xa450517adca78ac0ea434e3c1ff06fbf2c1d5d9603b123bbb7614dc298183dca,0x47ce0c6ed5b0ce3d3a51fdb1c52dc66a7c3c2936,0x0f416bc2d310a1c32bc1081cf354c15fd10d4802,25500000000000000,,,call,52165,0,2,0,
9494119,2,1581855682,0xdf3f137c2b16efd6e03195c195cd3170ba5b1ab569d8f765a23309ade436ec35,0x47ce0c6ed5b0ce3d3a51fdb1c52dc66a7c3c2936,0x05be410bfcc55509e2c4728127643b90748a6912,1000000000000000000,,,call,101399,0,1,0,
9494302,2,1581858170,0xd408a3a0086aff910260981d42cb495e6de307e1f336faf3ca771ecc08f461fc,0x47ce0c6ed5b0ce3d3a51fdb1c52dc66a7c3c2936,0x3cc662c80dde9b9cadeee16645ad2a1b405c9be7,970500000000000000,,,call,71943,12545,1,0,
9494302,4,1581858170,0xd408a3a0086aff910260981d42cb495e6de307e1f336faf3ca771ecc08f461fc,0x47ce0c6ed5b0ce3d3a51fdb1c52dc66a7c3c2936,0x0f416bc2d310a1c32bc1081cf354c15fd10d4802,29500000000000000,,,call,52165,0,2,0,
9494585,2,1581861770,0x1d687ef1c05201edd54d269207c28b894e7c6ed71c12a277a9cf8fd3f2b829f3,0x47ce0c6ed5b0ce3d3a51fdb1c52dc66a7c3c2936,0xe9cc930d375224ee85e04c9f175d979e4c595d76,984500000000000000,,,call,59594,0,1,0,
9494585,3,1581861770,0x1d687ef1c05201edd54d269207c28b894e7c6ed71c12a277a9cf8fd3f2b829f3,0x47ce0c6ed5b0ce3d3a51fdb1c52dc66a7c3c2936,0xe0f87651d3b65641c0fe1b71c5fbe88236d4b2e6,15500000000000000,,,call,52165,0,2,0,
9495195,2,1581869888,0xf601168294506d2059790d8bf0a33ae5410a7dc96d94d270a05e381028483f90,0x47ce0c6ed5b0ce3d3a51fdb1c52dc66a7c3c2936,0x52803f0201a3e8189c7cae30d1355d44a46ac637,1000000000000000000,,,call,101399,0,1,0,
9495897,2,1581879110,0x391c6a2450d1f253f7536dc3637d731c5cf4573b47522430f8fc5fa403894b39,0x47ce0c6ed5b0ce3d3a51fdb1c52dc66a7c3c2936,0xde7637a31ecb0f351973514d6a4bbc6c73e73086,971900000000000000,,,call,56163,0,1,0,
9495897,3,1581879110,0x391c6a2450d1f253f7536dc3637d731c5cf4573b47522430f8fc5fa403894b39,0x47ce0c6ed5b0ce3d3a51fdb1c52dc66a7c3c2936,0x0f416bc2d310a1c32bc1081cf354c15fd10d4802,28100000000000000,,,call,48733,0,2,0,
9496063,2,1581881304,0x7a5fe2e51a76442cba69d5c66c2ed7467adf253e26bfc82107fc662be91b6458,0x47ce0c6ed5b0ce3d3a51fdb1c52dc66a7c3c2936,0x05be410bfcc55509e2c4728127643b90748a6912,1000000000000000000,,,call,101399,0,1,0,
9500078,2,1581935136,0x4c8979462f1f7f19c5a3d2b63261552ac88b9b5054a382ec20ef80b8f9c9364b,0x47ce0c6ed5b0ce3d3a51fdb1c52dc66a7c3c2936,0x6ea17cbf58bb92adff6cbaa93529f90f255a7654,974500000000000000,,,call,59594,0,1,0,
9500078,3,1581935136,0x4c8979462f1f7f19c5a3d2b63261552ac88b9b5054a382ec20ef80b8f9c9364b,0x47ce0c6ed5b0ce3d3a51fdb1c52dc66a7c3c2936,0x0f416bc2d310a1c32bc1081cf354c15fd10d4802,25500000000000000,,,call,52165,0,2,0,
9501268,2,1581951429,0x528f4c9ef21809936e8940615f8b1c9dceabfc30be054b5978220059142924f0,0x47ce0c6ed5b0ce3d3a51fdb1c52dc66a7c3c2936,0x58c86e2eef4c7c90b567c3fb2e210c69977e260a,980500000000000000,,,call,59594,0,1,0,
9501268,3,1581951429,0x528f4c9ef21809936e8940615f8b1c9dceabfc30be054b5978220059142924f0,0x47ce0c6ed5b0ce3d3a51fdb1c52dc66a7c3c2936,0xe0f87651d3b65641c0fe1b71c5fbe88236d4b2e6,19500000000000000,,,call,52165,0,2,0,
9505013,2,1582000676,0x35f720f59c3ba2dcb2551a129328efd37a6d1237c187cded8110a40991be5e72,0x47ce0c6ed5b0ce3d3a51fdb1c52dc66a7c3c2936,0x8b6640bad4ae1545eefcb17ab9340072cf95dddc,985000000000000000,,,call,59594,0,1,0,
9505013,3,1582000676,0x35f720f59c3ba2dcb2551a129328efd37a6d1237c187cded8110a40991be5e72,0x47ce0c6ed5b0ce3d3a51fdb1c52dc66a7c3c2936,0x4cd73e826ba2e1cc0088e9fcc50f0ef7346ccf96,15000000000000000,,,call,52165,0,2,0,
9505758,2,1582011013,0x4735d33be6be0bb9d93b655aecc08a7e635f04e62de45c276fd0fee486e3bdee,0x47ce0c6ed5b0ce3d3a51fdb1c52dc66a7c3c2936,0x05be410bfcc55509e2c4728127643b90748a6912,1000000000000000000,,,call,101399,0,1,0,
9506592,2,1582022180,0xcee676624e77cf936d26fa189d646812f50b75de5aea64314e02e86b33c3345a,0x47ce0c6ed5b0ce3d3a51fdb1c52dc66a7c3c2936,0xe126b3e5d052f1f575828f61feba4f4f2603652a,973500000000000000,,,call,59594,0,1,0,
9506592,3,1582022180,0xcee676624e77cf936d26fa189d646812f50b75de5aea64314e02e86b33c3345a,0x47ce0c6ed5b0ce3d3a51fdb1c52dc66a7c3c2936,0x7d3bb46c78b0c4949639ce34896bfd875b97ad08,26500000000000000,,,call,52165,0,2,0,
9506820,2,1582025104,0x3f9308fe1592611cb3d97c677fbe0b24c829b59ee16be005574a0a25c9b6324a,0x47ce0c6ed5b0ce3d3a51fdb1c52dc66a7c3c2936,0x31480a706dde41097a07b4748c8ab5627ad367c9,1000000000000000000,,,call,101399,0,1,0,
9507463,2,1582033454,0x777692600d2bba54e16339b119563fbfcc6932a9ad73d147c9c56b2042efd450,0x47ce0c6ed5b0ce3d3a51fdb1c52dc66a7c3c2936,0x61d80c36d50f9249f674f73feba29163115e6c24,973500000000000000,,,call,59594,0,1,0,
9507463,3,1582033454,0x777692600d2bba54e16339b119563fbfcc6932a9ad73d147c9c56b2042efd450,0x47ce0c6ed5b0ce3d3a51fdb1c52dc66a7c3c2936,0x7d3bb46c78b0c4949639ce34896bfd875b97ad08,26500000000000000,,,call,52165,0,2,0,
9508306,2,1582044916,0x467b9392defe03be23c1db93f562d92ef4e9a3bd67d91c69a7be28b221186448,0x47ce0c6ed5b0ce3d3a51fdb1c52dc66a7c3c2936,0xe26f0f7fda0dee762b415e9cbe88bcf6c1dd91ee,984000000000000000,,,call,59594,0,1,0,
9508306,3,1582044916,0x467b9392defe03be23c1db93f562d92ef4e9a3bd67d91c69a7be28b221186448,0x47ce0c6ed5b0ce3d3a51fdb1c52dc66a7c3c2936,0xe0f87651d3b65641c0fe1b71c5fbe88236d4b2e6,16000000000000000,,,call,52165,0,2,0,
9509450,2,1582060047,0xd214597c4955239e2b3379be0a696a05dde8d27742df02a76b88ad646bdace5b,0x47ce0c6ed5b0ce3d3a51fdb1c52dc66a7c3c2936,0x527da5e88ebd85540948cbb857ba85949e970f51,970500000000000000,,,call,59594,0,1,0,
9509450,3,1582060047,0xd214597c4955239e2b3379be0a696a05dde8d27742df02a76b88ad646bdace5b,0x47ce0c6ed5b0ce3d3a51fdb1c52dc66a7c3c2936,0x0f416bc2d310a1c32bc1081cf354c15fd10d4802,29500000000000000,,,call,52165,0,2,0,
9509461,2,1582060141,0xf449ad373481e68678108e3ede4d765daf3c8b1aec4d4b637a3317cc368f62c6,0x47ce0c6ed5b0ce3d3a51fdb1c52dc66a7c3c2936,0x527da5e88ebd85540948cbb857ba85949e970f51,969500000000000000,,,call,59594,0,1,0,
9509461,3,1582060141,0xf449ad373481e68678108e3ede4d765daf3c8b1aec4d4b637a3317cc368f62c6,0x47ce0c6ed5b0ce3d3a51fdb1c52dc66a7c3c2936,0xefab18983029d2ba840e34698efb67fdf8120711,30500000000000000,,,call,52165,0,2,0,
9509479,2,1582060350,0xee385bae8ed8aae2fbbd1b66320b183b8ac3c68364b7371073d6bf7df5cb463a,0x47ce0c6ed5b0ce3d3a51fdb1c52dc66a7c3c2936,0x527da5e88ebd85540948cbb857ba85949e970f51,980500000000000000,,,call,59594,0,1,0,
9509479,3,1582060350,0xee385bae8ed8aae2fbbd1b66320b183b8ac3c68364b7371073d6bf7df5cb463a,0x47ce0c6ed5b0ce3d3a51fdb1c52dc66a7c3c2936,0xe0f87651d3b65641c0fe1b71c5fbe88236d4b2e6,19500000000000000,,,call,52165,0,2,0,
9509482,2,1582060407,0x0917ae3f4156cbfed271e9bfd69d938aab37cf7a51f4ac10f47d5260d0111b53,0x47ce0c6ed5b0ce3d3a51fdb1c52dc66a7c3c2936,0x527da5e88ebd85540948cbb857ba85949e970f51,970500000000000000,,,call,59594,0,1,0,
9509482,3,1582060407,0x0917ae3f4156cbfed271e9bfd69d938aab37cf7a51f4ac10f47d5260d0111b53,0x47ce0c6ed5b0ce3d3a51fdb1c52dc66a7c3c2936,0x0f416bc2d310a1c32bc1081cf354c15fd10d4802,29500000000000000,,,call,52165,0,2,0,
9509484,2,1582060471,0xacf259a92447314da690563707d49aa2d0a37624cfc0ece77f2940987a32818f,0x47ce0c6ed5b0ce3d3a51fdb1c52dc66a7c3c2936,0x527da5e88ebd85540948cbb857ba85949e970f51,969500000000000000,,,call,59594,0,1,0,
9509484,3,1582060471,0xacf259a92447314da690563707d49aa2d0a37624cfc0ece77f2940987a32818f,0x47ce0c6ed5b0ce3d3a51fdb1c52dc66a7c3c2936,0xefab18983029d2ba840e34698efb67fdf8120711,30500000000000000,,,call,52165,0,2,0,
9515031,2,1582133506,0x135f367db2467d3bf4397b0626369df7de90cbe5054219034ca72a6c95d7c0c9,0x47ce0c6ed5b0ce3d3a51fdb1c52dc66a7c3c2936,0x4d712089718ead30c57c892e29925b34baa10cdd,974500000000000000,,,call,59594,0,1,0,
9515031,3,1582133506,0x135f367db2467d3bf4397b0626369df7de90cbe5054219034ca72a6c95d7c0c9,0x47ce0c6ed5b0ce3d3a51fdb1c52dc66a7c3c2936,0x7d3bb46c78b0c4949639ce34896bfd875b97ad08,25500000000000000,,,call,52165,0,2,0,
9515111,2,1582134537,0x1bcd43f897dcbda68ba7050e8b2156b39c32b1410463096ee78a4757efabc820,0x47ce0c6ed5b0ce3d3a51fdb1c52dc66a7c3c2936,0x9bf1c9363e3b0e0e4e53dd13c8473c0094c2ac0f,974500000000000000,,,call,59594,0,1,0,
9515111,3,1582134537,0x1bcd43f897dcbda68ba7050e8b2156b39c32b1410463096ee78a4757efabc820,0x47ce0c6ed5b0ce3d3a51fdb1c52dc66a7c3c2936,0xefab18983029d2ba840e34698efb67fdf8120711,25500000000000000,,,call,52165,0,2,0,
9515203,2,1582135732,0x1eeec745ca78b9dd28fb8ecd938a056ac41988bc6c242b574018d1ec582ba328,0x47ce0c6ed5b0ce3d3a51fdb1c52dc66a7c3c2936,0x9bf1c9363e3b0e0e4e53dd13c8473c0094c2ac0f,975300000000000000,,,call,59594,0,1,0,
9515203,3,1582135732,0x1eeec745ca78b9dd28fb8ecd938a056ac41988bc6c242b574018d1ec582ba328,0x47ce0c6ed5b0ce3d3a51fdb1c52dc66a7c3c2936,0x0f416bc2d310a1c32bc1081cf354c15fd10d4802,24700000000000000,,,call,52165,0,2,0,
9515239,2,1582136154,0x6bd1ee9e41669635eca91fef94a778a21ce18970dfa7eb0670f3ed171f32f4ec,0x47ce0c6ed5b0ce3d3a51fdb1c52dc66a7c3c2936,0x9bf1c9363e3b0e0e4e53dd13c8473c0094c2ac0f,985500000000000000,,,call,59594,0,1,0,
9515239,3,1582136154,0x6bd1ee9e41669635eca91fef94a778a21ce18970dfa7eb0670f3ed171f32f4ec,0x47ce0c6ed5b0ce3d3a51fdb1c52dc66a7c3c2936,0xe0f87651d3b65641c0fe1b71c5fbe88236d4b2e6,14500000000000000,,,call,52165,0,2,0,
9515241,2,1582136242,0x985f8a0c06b47208453a7f50f0399b15225c6ee0aa33226dabe3f2e8b6265c30,0x47ce0c6ed5b0ce3d3a51fdb1c52dc66a7c3c2936,0x9bf1c9363e3b0e0e4e53dd13c8473c0094c2ac0f,974500000000000000,,,call,59594,0,1,0,
9515241,3,1582136242,0x985f8a0c06b47208453a7f50f0399b15225c6ee0aa33226dabe3f2e8b6265c30,0x47ce0c6ed5b0ce3d3a51fdb1c52dc66a7c3c2936,0x7d3bb46c78b0c4949639ce34896bfd875b97ad08,25500000000000000,,,call,52165,0,2,0,
9515246,2,1582136312,0x8f5bb5a34aa3c091e3dc38eb476562c466d5bfbcf0aa2828e0675dbc0bb78040,0x47ce0c6ed5b0ce3d3a51fdb1c52dc66a7c3c2936,0x9bf1c9363e3b0e0e4e53dd13c8473c0094c2ac0f,974500000000000000,,,call,59594,0,1,0,
9515246,3,1582136312,0x8f5bb5a34aa3c091e3dc38eb476562c466d5bfbcf0aa2828e0675dbc0bb78040,0x47ce0c6ed5b0ce3d3a51fdb1c52dc66a7c3c2936,0xefab18983029d2ba840e34698efb67fdf8120711,25500000000000000,,,call,52165,0,2,0,
9515253,2,1582136388,0xf67312d320354f508ffa0c452c0d9de09d1afbee5e00029c00efddc6e4b70e7e,0x47ce0c6ed5b0ce3d3a51fdb1c52dc66a7c3c2936,0x9bf1c9363e3b0e0e4e53dd13c8473c0094c2ac0f,975500000000000000,,,call,59594,0,1,0,
9515253,3,1582136388,0xf67312d320354f508ffa0c452c0d9de09d1afbee5e00029c00efddc6e4b70e7e,0x47ce0c6ed5b0ce3d3a51fdb1c52dc66a7c3c2936,0x0f416bc2d310a1c32bc1081cf354c15fd10d4802,24500000000000000,,,call,52165,0,2,0,
9515258,2,1582136452,0x30a3efad9d60d24b2c3f4a4caa037c92434b729107e271d56579e170e7c28ac9,0x47ce0c6ed5b0ce3d3a51fdb1c52dc66a7c3c2936,0x9bf1c9363e3b0e0e4e53dd13c8473c0094c2ac0f,985500000000000000,,,call,59594,0,1,0,
9515258,3,1582136452,0x30a3efad9d60d24b2c3f4a4caa037c92434b729107e271d56579e170e7c28ac9,0x47ce0c6ed5b0ce3d3a51fdb1c52dc66a7c3c2936,0xe0f87651d3b65641c0fe1b71c5fbe88236d4b2e6,14500000000000000,,,call,52165,0,2,0,
9515264,2,1582136506,0x7152936638c5c65fd0552423dc0756653bb15e3453721e6c088eec7b1c29d798,0x47ce0c6ed5b0ce3d3a51fdb1c52dc66a7c3c2936,0x9bf1c9363e3b0e0e4e53dd13c8473c0094c2ac0f,985500000000000000,,,call,59594,0,1,0,
9515264,3,1582136506,0x7152936638c5c65fd0552423dc0756653bb15e3453721e6c088eec7b1c29d798,0x47ce0c6ed5b0ce3d3a51fdb1c52dc66a7c3c2936,0xe0f87651d3b65641c0fe1b71c5fbe88236d4b2e6,14500000000000000,,,call,52165,0,2,0,
9515294,2,1582136989,0x9ee439b96bede94a6ea44e573c2baa304b4bb911ae6d2cbb129205350105d92c,0x47ce0c6ed5b0ce3d3a51fdb1c52dc66a7c3c2936,0x9bf1c9363e3b0e0e4e53dd13c8473c0094c2ac0f,980500000000000000,,,call,59594,0,1,0,
9515294,3,1582136989,0x9ee439b96bede94a6ea44e573c2baa304b4bb911ae6d2cbb129205350105d92c,0x47ce0c6ed5b0ce3d3a51fdb1c52dc66a7c3c2936,0xe0f87651d3b65641c0fe1b71c5fbe88236d4b2e6,19500000000000000,,,call,52165,0,2,0,
9515602,2,1582141165,0x1c56064933642e723786cab49df78df2a73b3444f9df5c1286b6787ea0f72d5b,0x47ce0c6ed5b0ce3d3a51fdb1c52dc66a7c3c2936,0x46131f5cef22974000d52aa780ddca6563c2c932,969500000000000000,,,call,59594,0,1,0,
9515602,3,1582141165,0x1c56064933642e723786cab49df78df2a73b3444f9df5c1286b6787ea0f72d5b,0x47ce0c6ed5b0ce3d3a51fdb1c52dc66a7c3c2936,0x7d3bb46c78b0c4949639ce34896bfd875b97ad08,30500000000000000,,,call,52165,0,2,0,
9515611,2,1582141207,0xe3040b9a32ac7e1da944c30126df164d6e09969ee96bdd99db30db571e9a8852,0x47ce0c6ed5b0ce3d3a51fdb1c52dc66a7c3c2936,0xf26cd36202083d171f3dd20a29a7acbcad8c6810,1000000000000000000,,,call,101399,0,1,0,
9516307,2,1582150659,0xf823409719b851dbc0c900f62ad311d6dd601c067564e0d3810fd5526cc95975,0x47ce0c6ed5b0ce3d3a51fdb1c52dc66a7c3c2936,0x8453592b28e19fc686f998c0c5c22f2ad3a13dfe,983000000000000000,,,call,59594,0,1,0,
9516307,3,1582150659,0xf823409719b851dbc0c900f62ad311d6dd601c067564e0d3810fd5526cc95975,0x47ce0c6ed5b0ce3d3a51fdb1c52dc66a7c3c2936,0xe0f87651d3b65641c0fe1b71c5fbe88236d4b2e6,17000000000000000,,,call,52165,0,2,0,
9517866,2,1582171306,0x1369ae4edfe2303337cbc1d258e54c265a9da472ecd22185a33edbd7cabb6b7a,0x47ce0c6ed5b0ce3d3a51fdb1c52dc66a7c3c2936,0xd8e9c732722d945b0ede57225405f17caa6cc48f,973500000000000000,,,call,59594,0,1,0,
9517866,3,1582171306,0x1369ae4edfe2303337cbc1d258e54c265a9da472ecd22185a33edbd7cabb6b7a,0x47ce0c6ed5b0ce3d3a51fdb1c52dc66a7c3c2936,0x7d3bb46c78b0c4949639ce34896bfd875b97ad08,26500000000000000,,,call,52165,0,2,0,
9520243,2,1582203646,0x286fc8eac93cfa38fa9c163136c2b6407f460187bb93c79404c43d170699fea7,0x47ce0c6ed5b0ce3d3a51fdb1c52dc66a7c3c2936,0x855328ee5e94924cb83b267f25a513c2a2fc3e5e,974400000000000000,,,call,59594,0,1,0,
9520243,3,1582203646,0x286fc8eac93cfa38fa9c163136c2b6407f460187bb93c79404c43d170699fea7,0x47ce0c6ed5b0ce3d3a51fdb1c52dc66a7c3c2936,0x0f416bc2d310a1c32bc1081cf354c15fd10d4802,25600000000000000,,,call,52165,0,2,0,
9521207,2,1582216254,0x93a76573071a7fd3762204cb9e9f26cd7dbe3650fa921342703e699a27f41718,0x47ce0c6ed5b0ce3d3a51fdb1c52dc66a7c3c2936,0xc24b46bdfd187f8dc8b0a45ffd0d3597a63505b8,974500000000000000,,,call,59594,0,1,0,
9521207,3,1582216254,0x93a76573071a7fd3762204cb9e9f26cd7dbe3650fa921342703e699a27f41718,0x47ce0c6ed5b0ce3d3a51fdb1c52dc66a7c3c2936,0x0f416bc2d310a1c32bc1081cf354c15fd10d4802,25500000000000000,,,call,52165,0,2,0,
9521301,2,1582217538,0xdabde82083697b5d200e15cccc175b589fc5eac442bc0b6aa44a61d2c45ff4b1,0x47ce0c6ed5b0ce3d3a51fdb1c52dc66a7c3c2936,0xd32229734bff45d1a3bd2b542940ba2ce50b83c4,974500000000000000,,,call,59594,0,1,0,
9521301,3,1582217538,0xdabde82083697b5d200e15cccc175b589fc5eac442bc0b6aa44a61d2c45ff4b1,0x47ce0c6ed5b0ce3d3a51fdb1c52dc66a7c3c2936,0x0f416bc2d310a1c32bc1081cf354c15fd10d4802,25500000000000000,,,call,52165,0,2,0,
9522353,2,1582231495,0x1bf0671b2bcb9c91d5279a5b527e3b548a018d96ee8dbfa7d72a67907ac438a5,0x47ce0c6ed5b0ce3d3a51fdb1c52dc66a7c3c2936,0x02d321db31c8d6f4704388ffe44c7addd3ed7992,970500000000000000,,,call,59594,0,1,0,
9522353,3,1582231495,0x1bf0671b2bcb9c91d5279a5b527e3b548a018d96ee8dbfa7d72a67907ac438a5,0x47ce0c6ed5b0ce3d3a51fdb1c52dc66a7c3c2936,0x0f416bc2d310a1c32bc1081cf354c15fd10d4802,29500000000000000,,,call,52165,0,2,0,
9522356,2,1582231551,0x424240adf17b551eed7e2624b97bff6f58d8dedcc8ed6e98dfd288549282ce09,0x47ce0c6ed5b0ce3d3a51fdb1c52dc66a7c3c2936,0x8f15269e14e2621cd0f3f5394a1b3fadf495bde0,1000000000000000000,,,call,101399,0,1,0,
9522862,2,1582238440,0xe6ca7222d8f37edd2c6aa3f5f482f21625b77151d3cf7595a73a96aace49d58a,0x47ce0c6ed5b0ce3d3a51fdb1c52dc66a7c3c2936,0xa6e0077b33d80bf3eb64cfdf8ec7d023cdd9c62f,980500000000000000,,,call,59594,0,1,0,
9522862,3,1582238440,0xe6ca7222d8f37edd2c6aa3f5f482f21625b77151d3cf7595a73a96aace49d58a,0x47ce0c6ed5b0ce3d3a51fdb1c52dc66a7c3c2936,0xe0f87651d3b65641c0fe1b71c5fbe88236d4b2e6,19500000000000000,,,call,52165,0,2,0,
9524087,2,1582253983,0x8cde802198143ffa5f40f3042b4811b895236a048791000802e25a93c1bd2d24,0x47ce0c6ed5b0ce3d3a51fdb1c52dc66a7c3c2936,0x092c2a580f6e0704cbb96dcb37ca360d8be256a2,1000000000000000000,,,call,112327,11102,1,0,
9524431,2,1582258698,0x9e8a682d7adab84481322fa222e8de5d585b00241b39c35df0ea8740751c42be,0x47ce0c6ed5b0ce3d3a51fdb1c52dc66a7c3c2936,0x5538c847a9b2f43a4ea3f9852c2af14267af269e,984500000000000000,,,call,59594,0,1,0,
9524431,3,1582258698,0x9e8a682d7adab84481322fa222e8de5d585b00241b39c35df0ea8740751c42be,0x47ce0c6ed5b0ce3d3a51fdb1c52dc66a7c3c2936,0xe0f87651d3b65641c0fe1b71c5fbe88236d4b2e6,15500000000000000,,,call,52165,0,2,0,
9525405,2,1582272473,0xe060e9667eff31bc73c848f18af7b0be693fad4290fd2355ed2e62cd333f8ecb,0x47ce0c6ed5b0ce3d3a51fdb1c52dc66a7c3c2936,0x5bf68089f1dd9bf32ae7bbfd08b82e8ed79607f8,970500000000000000,,,call,59594,0,1,0,
9525405,3,1582272473,0xe060e9667eff31bc73c848f18af7b0be693fad4290fd2355ed2e62cd333f8ecb,0x47ce0c6ed5b0ce3d3a51fdb1c52dc66a7c3c2936,0x0f416bc2d310a1c32bc1081cf354c15fd10d4802,29500000000000000,,,call,52165,0,2,0,
9527146,2,1582295675,0xa357d8f956ee90b08f3c59eb27be8a5fc079100525bdd4793fad212a3b5eb69c,0x47ce0c6ed5b0ce3d3a51fdb1c52dc66a7c3c2936,0x6ea17cbf58bb92adff6cbaa93529f90f255a7654,985500000000000000,,,call,59594,0,1,0,
9527146,3,1582295675,0xa357d8f956ee90b08f3c59eb27be8a5fc079100525bdd4793fad212a3b5eb69c,0x47ce0c6ed5b0ce3d3a51fdb1c52dc66a7c3c2936,0xe0f87651d3b65641c0fe1b71c5fbe88236d4b2e6,14500000000000000,,,call,52165,0,2,0,
9529389,2,1582324995,0x0fdf2ffa0d9a34d1560871f4ab4ae51b3e717672a5cdf3983d3352a8fc57551f,0x47ce0c6ed5b0ce3d3a51fdb1c52dc66a7c3c2936,0xd8e9c732722d945b0ede57225405f17caa6cc48f,973500000000000000,,,call,59594,0,1,0,
9529389,3,1582324995,0x0fdf2ffa0d9a34d1560871f4ab4ae51b3e717672a5cdf3983d3352a8fc57551f,0x47ce0c6ed5b0ce3d3a51fdb1c52dc66a7c3c2936,0x7d3bb46c78b0c4949639ce34896bfd875b97ad08,26500000000000000,,,call,52165,0,2,0,
9529405,2,1582325317,0x5fa48a261d372d385758e173a9f576e40bff81b8eaba9adc8110cb4d964b1a2e,0x47ce0c6ed5b0ce3d3a51fdb1c52dc66a7c3c2936,0xd8e9c732722d945b0ede57225405f17caa6cc48f,984500000000000000,,,call,59594,0,1,0,
9529405,3,1582325317,0x5fa48a261d372d385758e173a9f576e40bff81b8eaba9adc8110cb4d964b1a2e,0x47ce0c6ed5b0ce3d3a51fdb1c52dc66a7c3c2936,0xe0f87651d3b65641c0fe1b71c5fbe88236d4b2e6,15500000000000000,,,call,52165,0,2,0,
9529438,2,1582325879,0x55ec678439cf2fee1e735ff61aea1abfe857b1e60d9bcbea2ece0f616f52437f,0x47ce0c6ed5b0ce3d3a51fdb1c52dc66a7c3c2936,0xd8e9c732722d945b0ede57225405f17caa6cc48f,973500000000000000,,,call,59594,0,1,0,
9529438,3,1582325879,0x55ec678439cf2fee1e735ff61aea1abfe857b1e60d9bcbea2ece0f616f52437f,0x47ce0c6ed5b0ce3d3a51fdb1c52dc66a7c3c2936,0xefab18983029d2ba840e34698efb67fdf8120711,26500000000000000,,,call,52165,0,2,0,
9530734,2,1582342696,0xb6e04c01e57e4a9e34ea57b570974a32333b8af315529ea04a825281193ce990,0x47ce0c6ed5b0ce3d3a51fdb1c52dc66a7c3c2936,0x5e6062a18ff0cd415f987d269d977ecb29171c7e,973500000000000000,,,call,59594,0,1,0,
9530734,3,1582342696,0xb6e04c01e57e4a9e34ea57b570974a32333b8af315529ea04a825281193ce990,0x47ce0c6ed5b0ce3d3a51fdb1c52dc66a7c3c2936,0x7d3bb46c78b0c4949639ce34896bfd875b97ad08,26500000000000000,,,call,52165,0,2,0,
9531863,2,1582357306,0x7899b4d41f1d791977c93490106cec28f0484af8acbb80672f91808ab5a9cc14,0x47ce0c6ed5b0ce3d3a51fdb1c52dc66a7c3c2936,0x3b2c68f61a2c98bb0a4cf2ddc8cb0bec3957e1c1,974000000000000000,,,call,59594,0,1,0,
9531863,3,1582357306,0x7899b4d41f1d791977c93490106cec28f0484af8acbb80672f91808ab5a9cc14,0x47ce0c6ed5b0ce3d3a51fdb1c52dc66a7c3c2936,0x7d3bb46c78b0c4949639ce34896bfd875b97ad08,26000000000000000,,,call,52165,0,2,0,
9532089,2,1582360515,0x261dd15e4f5eadbfab5e9f49d07598e102e03614f8607985959d2e60ecc03b96,0x47ce0c6ed5b0ce3d3a51fdb1c52dc66a7c3c2936,0x3d60cd48c1452b79df4df494c828a292f02098e7,975500000000000000,,,call,59594,0,1,0,
9532089,3,1582360515,0x261dd15e4f5eadbfab5e9f49d07598e102e03614f8607985959d2e60ecc03b96,0x47ce0c6ed5b0ce3d3a51fdb1c52dc66a7c3c2936,0x0f416bc2d310a1c32bc1081cf354c15fd10d4802,24500000000000000,,,call,52165,0,2,0,
9534817,2,1582396744,0x2b0a83a7c2c1ded56610c2062e09fc9edbcf7b32de36d2c0a332fef75abca4a1,0x47ce0c6ed5b0ce3d3a51fdb1c52dc66a7c3c2936,0xb3b25c3fa4aa0da7695aede9bc8ab06512d106f7,1000000000000000000,,,call,101399,0,1,0,
9534826,2,1582396864,0xf0693b4ad49b81a501be7ba59fd25a5776cabf16b523301d2e46bd1c75c637f6,0x47ce0c6ed5b0ce3d3a51fdb1c52dc66a7c3c2936,0xb3b25c3fa4aa0da7695aede9bc8ab06512d106f7,1000000000000000000,,,call,101399,0,1,0,
9535647,2,1582408085,0xae6bad22cd8af025092fa74862543deb3a27188b3b2cf904697d3fa4f37e330a,0x47ce0c6ed5b0ce3d3a51fdb1c52dc66a7c3c2936,0x4ddf0aa6beb7193ddfd43b46bc2867d3f21acad4,992500000000000000,,,call,59594,0,1,0,
9535647,3,1582408085,0xae6bad22cd8af025092fa74862543deb3a27188b3b2cf904697d3fa4f37e330a,0x47ce0c6ed5b0ce3d3a51fdb1c52dc66a7c3c2936,0xc05fc30c16f9d2af0e9fe6afa166d2288a92221c,7500000000000000,,,call,52165,0,2,0,
9535761,2,1582409672,0xbe0f08f221c97db1f107b43d38e63c5a4482f8423cb9f62de58222dfd1062574,0x47ce0c6ed5b0ce3d3a51fdb1c52dc66a7c3c2936,0x35c48803a0ce972db14c21db7310379a14e225e9,970500000000000000,,,call,59594,0,1,0,
9535761,3,1582409672,0xbe0f08f221c97db1f107b43d38e63c5a4482f8423cb9f62de58222dfd1062574,0x47ce0c6ed5b0ce3d3a51fdb1c52dc66a7c3c2936,0x0f416bc2d310a1c32bc1081cf354c15fd10d4802,29500000000000000,,,call,52165,0,2,0,
9535771,2,1582409806,0x2d5047a555065163bb0f3feca4cca682baae55e90155f4b045cfad66d5272fa5,0x47ce0c6ed5b0ce3d3a51fdb1c52dc66a7c3c2936,0xf300ab6200c7d76fd775e7a4659429794893ab8e,984500000000000000,,,call,59594,0,1,0,
9535771,3,1582409806,0x2d5047a555065163bb0f3feca4cca682baae55e90155f4b045cfad66d5272fa5,0x47ce0c6ed5b0ce3d3a51fdb1c52dc66a7c3c2936,0xe0f87651d3b65641c0fe1b71c5fbe88236d4b2e6,15500000000000000,,,call,52165,0,2,0,
9536792,2,1582422913,0x50e8a632e2f49320dcebb72d60b07d7b9e80fcbb8f93b8ab3e40713b73ebd8bc,0x47ce0c6ed5b0ce3d3a51fdb1c52dc66a7c3c2936,0x35c48803a0ce972db14c21db7310379a14e225e9,969500000000000000,,,call,59594,0,1,0,
9536792,3,1582422913,0x50e8a632e2f49320dcebb72d60b07d7b9e80fcbb8f93b8ab3e40713b73ebd8bc,0x47ce0c6ed5b0ce3d3a51fdb1c52dc66a7c3c2936,0xefab18983029d2ba840e34698efb67fdf8120711,30500000000000000,,,call,52165,0,2,0,
9539244,2,1582455893,0x7b7e51c5f0eeb239f98aa06c005a3599cadaa4c2c82e15e2ae123486c3871db9,0x47ce0c6ed5b0ce3d3a51fdb1c52dc66a7c3c2936,0x37366b3f6bd1db14942acd2799350cc9caf781a6,974500000000000000,,,call,59594,0,1,0,
9539244,3,1582455893,0x7b7e51c5f0eeb239f98aa06c005a3599cadaa4c2c82e15e2ae123486c3871db9,0x47ce0c6ed5b0ce3d3a51fdb1c52dc66a7c3c2936,0x0f416bc2d310a1c32bc1081cf354c15fd10d4802,25500000000000000,,,call,52165,0,2,0,
9539268,2,1582456246,0x4bcc2205318f265dc6343ad2e6a0bce2118b3928ef89c24d0737af0e58faf1ed,0x47ce0c6ed5b0ce3d3a51fdb1c52dc66a7c3c2936,0x37366b3f6bd1db14942acd2799350cc9caf781a6,973500000000000000,,,call,59594,0,1,0,
9539268,3,1582456246,0x4bcc2205318f265dc6343ad2e6a0bce2118b3928ef89c24d0737af0e58faf1ed,0x47ce0c6ed5b0ce3d3a51fdb1c52dc66a7c3c2936,0x7d3bb46c78b0c4949639ce34896bfd875b97ad08,26500000000000000,,,call,52165,0,2,0,
9539865,2,1582464137,0x3a7284df7f77f7a72bb92def0da16517c9655999324e89969103ae9e6c2ea093,0x47ce0c6ed5b0ce3d3a51fdb1c52dc66a7c3c2936,0xfc05d4cfc96eaf17e4aeb78755861de4d5ec46a2,974500000000000000,,,call,59594,0,1,0,
9539865,3,1582464137,0x3a7284df7f77f7a72bb92def0da16517c9655999324e89969103ae9e6c2ea093,0x47ce0c6ed5b0ce3d3a51fdb1c52dc66a7c3c2936,0x0f416bc2d310a1c32bc1081cf354c15fd10d4802,25500000000000000,,,call,52165,0,2,0,
9540600,2,1582474114,0xaec03534eaec27cefdb8c56ffd729a5882e93f8f713c9936cd727c1dc2e07987,0x47ce0c6ed5b0ce3d3a51fdb1c52dc66a7c3c2936,0xfc05d4cfc96eaf17e4aeb78755861de4d5ec46a2,974500000000000000,,,call,59594,0,1,0,
9540600,3,1582474114,0xaec03534eaec27cefdb8c56ffd729a5882e93f8f713c9936cd727c1dc2e07987,0x47ce0c6ed5b0ce3d3a51fdb1c52dc66a7c3c2936,0x7d3bb46c78b0c4949639ce34896bfd875b97ad08,25500000000000000,,,call,52165,0,2,0,
9540609,2,1582474219,0xbf8b5218a899484c7f3c8a583590c1ac77f8d7ce5c2b56420defb7cae1714830,0x47ce0c6ed5b0ce3d3a51fdb1c52dc66a7c3c2936,0xfc05d4cfc96eaf17e4aeb78755861de4d5ec46a2,975900000000000000,,,call,59594,0,1,0,
9540609,3,1582474219,0xbf8b5218a899484c7f3c8a583590c1ac77f8d7ce5c2b56420defb7cae1714830,0x47ce0c6ed5b0ce3d3a51fdb1c52dc66a7c3c2936,0x0f416bc2d310a1c32bc1081cf354c15fd10d4802,24100000000000000,,,call,52165,0,2,0,
9540611,2,1582474254,0xf8154881a319833c2f3c4951cc074d6919826b0e3319626c003cd2c7ad5b1285,0x47ce0c6ed5b0ce3d3a51fdb1c52dc66a7c3c2936,0xfc05d4cfc96eaf17e4aeb78755861de4d5ec46a2,986000000000000000,,,call,59594,0,1,0,
9540611,3,1582474254,0xf8154881a319833c2f3c4951cc074d6919826b0e3319626c003cd2c7ad5b1285,0x47ce0c6ed5b0ce3d3a51fdb1c52dc66a7c3c2936,0xe0f87651d3b65641c0fe1b71c5fbe88236d4b2e6,14000000000000000,,,call,52165,0,2,0,
9540621,2,1582474396,0xaf5e90a8815d27a5351f55bafc94a157504998b96b120ed26758b045ef7d9d64,0x47ce0c6ed5b0ce3d3a51fdb1c52dc66a7c3c2936,0xfc05d4cfc96eaf17e4aeb78755861de4d5ec46a2,975000000000000000,,,call,59594,0,1,0,
9540621,3,1582474396,0xaf5e90a8815d27a5351f55bafc94a157504998b96b120ed26758b045ef7d9d64,0x47ce0c6ed5b0ce3d3a51fdb1c52dc66a7c3c2936,0xefab18983029d2ba840e34698efb67fdf8120711,25000000000000000,,,call,52165,0,2,0,
9540627,2,1582474473,0x877a36602faef9f826a09beb0949284c7d67d175ae76e76064a3f3f143346f73,0x47ce0c6ed5b0ce3d3a51fdb1c52dc66a7c3c2936,0xfc05d4cfc96eaf17e4aeb78755861de4d5ec46a2,986000000000000000,,,call,59594,0,1,0,
9540627,3,1582474473,0x877a36602faef9f826a09beb0949284c7d67d175ae76e76064a3f3f143346f73,0x47ce0c6ed5b0ce3d3a51fdb1c52dc66a7c3c2936,0xe0f87651d3b65641c0fe1b71c5fbe88236d4b2e6,14000000000000000,,,call,52165,0,2,0,
9540656,2,1582474878,0x7a38a30637640bad9fd67959196d27d182a8b89d9b737ae45997ff33bb86d341,0x47ce0c6ed5b0ce3d3a51fdb1c52dc66a7c3c2936,0xfc05d4cfc96eaf17e4aeb78755861de4d5ec46a2,975000000000000000,,,call,59594,0,1,0,
9540656,3,1582474878,0x7a38a30637640bad9fd67959196d27d182a8b89d9b737ae45997ff33bb86d341,0x47ce0c6ed5b0ce3d3a51fdb1c52dc66a7c3c2936,0xefab18983029d2ba840e34698efb67fdf8120711,25000000000000000,,,call,52165,0,2,0,
9540666,2,1582475020,0x9e96ddc96a4c76ff3926b4b21efa60e726b14a90dd0726dd50c67a614555663f,0x47ce0c6ed5b0ce3d3a51fdb1c52dc66a7c3c2936,0xfc05d4cfc96eaf17e4aeb78755861de4d5ec46a2,975000000000000000,,,call,59594,0,1,0,
9540666,3,1582475020,0x9e96ddc96a4c76ff3926b4b21efa60e726b14a90dd0726dd50c67a614555663f,0x47ce0c6ed5b0ce3d3a51fdb1c52dc66a7c3c2936,0x7d3bb46c78b0c4949639ce34896bfd875b97ad08,25000000000000000,,,call,52165,0,2,0,
9540785,2,1582476677,0xcd16c76c05f519c6b8e1f23f76c58d04615ffa708d68648bafa77c6568ff942e,0x47ce0c6ed5b0ce3d3a51fdb1c52dc66a7c3c2936,0x1df6e3bac796ff8c1a605b35252bd385d8d12937,986000000000000000,,,call,59594,0,1,0,
9540785,3,1582476677,0xcd16c76c05f519c6b8e1f23f76c58d04615ffa708d68648bafa77c6568ff942e,0x47ce0c6ed5b0ce3d3a51fdb1c52dc66a7c3c2936,0xe0f87651d3b65641c0fe1b71c5fbe88236d4b2e6,14000000000000000,,,call,52165,0,2,0,
9540832,2,1582477310,0x4edea54b389cbacc0991e486464ec110c8497a2b22016fc75f81002b5d030150,0x47ce0c6ed5b0ce3d3a51fdb1c52dc66a7c3c2936,0xfc05d4cfc96eaf17e4aeb78755861de4d5ec46a2,976000000000000000,,,call,59594,0,1,0,
9540832,3,1582477310,0x4edea54b389cbacc0991e486464ec110c8497a2b22016fc75f81002b5d030150,0x47ce0c6ed5b0ce3d3a51fdb1c52dc66a7c3c2936,0x0f416bc2d310a1c32bc1081cf354c15fd10d4802,24000000000000000,,,call,52165,0,2,0,
9540869,2,1582477612,0x57be90aa4ec3876e9f418b7f384bdd5ac19f58e7338643c8f492662d3c6346b4,0x47ce0c6ed5b0ce3d3a51fdb1c52dc66a7c3c2936,0xfc05d4cfc96eaf17e4aeb78755861de4d5ec46a2,975000000000000000,,,call,59594,0,1,0,
9540869,3,1582477612,0x57be90aa4ec3876e9f418b7f384bdd5ac19f58e7338643c8f492662d3c6346b4,0x47ce0c6ed5b0ce3d3a51fdb1c52dc66a7c3c2936,0x0f416bc2d310a1c32bc1081cf354c15fd10d4802,25000000000000000,,,call,52165,0,2,0,
9540884,2,1582477849,0x0e54eb353c9048840edaaf2d5a31bad68852e6f1718288579a5b60038f0259ac,0x47ce0c6ed5b0ce3d3a51fdb1c52dc66a7c3c2936,0xfc05d4cfc96eaf17e4aeb78755861de4d5ec46a2,973500000000000000,,,call,59594,0,1,0,
9540884,3,1582477849,0x0e54eb353c9048840edaaf2d5a31bad68852e6f1718288579a5b60038f0259ac,0x47ce0c6ed5b0ce3d3a51fdb1c52dc66a7c3c2936,0xefab18983029d2ba840e34698efb67fdf8120711,26500000000000000,,,call,52165,0,2,0,
9541230,2,1582482044,0x193d7e8fc86e2b0c60df964376e129aa683234ec67ca34a78eb5152ba0db9647,0x47ce0c6ed5b0ce3d3a51fdb1c52dc66a7c3c2936,0xfa586357d81e09ac92e4a660b4fc994f76bad9e6,1000000000000000000,,,call,101399,0,1,0,
9541236,2,1582482135,0xcd1603159dc941dae9a55a18b6c58e63dc697b4c3007338228d59f6d644b75a1,0x47ce0c6ed5b0ce3d3a51fdb1c52dc66a7c3c2936,0xfa586357d81e09ac92e4a660b4fc994f76bad9e6,1000000000000000000,,,call,101399,0,1,0,
9541469,2,1582485357,0x273509451873ceeb7417f895a43ffd703554dd7c7788f28060a97bcbe852f2d7,0x47ce0c6ed5b0ce3d3a51fdb1c52dc66a7c3c2936,0xa1ff4e5d4f58e5fd1819ac21aa41fc07646227a7,980500000000000000,,,call,59594,0,1,0,
9541469,3,1582485357,0x273509451873ceeb7417f895a43ffd703554dd7c7788f28060a97bcbe852f2d7,0x47ce0c6ed5b0ce3d3a51fdb1c52dc66a7c3c2936,0xe0f87651d3b65641c0fe1b71c5fbe88236d4b2e6,19500000000000000,,,call,52165,0,2,0,
9542434,2,1582497657,0x55cb35c242d8baa96ebfa383a9736b0e1033bfbc2bdbeb011e4f0c6543b3fdf3,0x47ce0c6ed5b0ce3d3a51fdb1c52dc66a7c3c2936,0x1df6e3bac796ff8c1a605b35252bd385d8d12937,980500000000000000,,,call,59594,0,1,0,
9542434,3,1582497657,0x55cb35c242d8baa96ebfa383a9736b0e1033bfbc2bdbeb011e4f0c6543b3fdf3,0x47ce0c6ed5b0ce3d3a51fdb1c52dc66a7c3c2936,0xe0f87651d3b65641c0fe1b71c5fbe88236d4b2e6,19500000000000000,,,call,52165,0,2,0,
9543127,2,1582506997,0xd7a828ec2d66b1df59998331fec4c4706f2b28ae1e618e4501729c2eee04591b,0x47ce0c6ed5b0ce3d3a51fdb1c52dc66a7c3c2936,0x74961c2798aefd5fb172a4cd9ac8e892d8b55a5c,980500000000000000,,,call,59594,0,1,0,
9543127,3,1582506997,0xd7a828ec2d66b1df59998331fec4c4706f2b28ae1e618e4501729c2eee04591b,0x47ce0c6ed5b0ce3d3a51fdb1c52dc66a7c3c2936,0xe0f87651d3b65641c0fe1b71c5fbe88236d4b2e6,19500000000000000,,,call,52165,0,2,0,
9543199,2,1582507989,0x04a7d50a728b1e139b00ec44fdc5c6fb36fb0a3d3c47ba62dbebd46aa464c85d,0x47ce0c6ed5b0ce3d3a51fdb1c52dc66a7c3c2936,0x74961c2798aefd5fb172a4cd9ac8e892d8b55a5c,973500000000000000,,,call,59594,0,1,0,
9543199,3,1582507989,0x04a7d50a728b1e139b00ec44fdc5c6fb36fb0a3d3c47ba62dbebd46aa464c85d,0x47ce0c6ed5b0ce3d3a51fdb1c52dc66a7c3c2936,0xefab18983029d2ba840e34698efb67fdf8120711,26500000000000000,,,call,52165,0,2,0,
9544080,2,1582519371,0x470987e93e19f150b709b447c6a55c380c155a4666fcdc675b699c9194807f53,0x47ce0c6ed5b0ce3d3a51fdb1c52dc66a7c3c2936,0xc7ee8946a781cec161b970f1ff75ae8bce69773f,980500000000000000,,,call,59594,0,1,0,
9544080,3,1582519371,0x470987e93e19f150b709b447c6a55c380c155a4666fcdc675b699c9194807f53,0x47ce0c6ed5b0ce3d3a51fdb1c52dc66a7c3c2936,0xe0f87651d3b65641c0fe1b71c5fbe88236d4b2e6,19500000000000000,,,call,52165,0,2,0,
9546971,2,1582558435,0x0d239dd6f07e47114d4d56f99eddb1d8408f940c893ac0d331ddaaacab5a7519,0x47ce0c6ed5b0ce3d3a51fdb1c52dc66a7c3c2936,0x56669eed519c8291a09179c1a8c5716b8f5bc4be,984500000000000000,,,call,59594,0,1,0,
9546971,3,1582558435,0x0d239dd6f07e47114d4d56f99eddb1d8408f940c893ac0d331ddaaacab5a7519,0x47ce0c6ed5b0ce3d3a51fdb1c52dc66a7c3c2936,0xe0f87651d3b65641c0fe1b71c5fbe88236d4b2e6,15500000000000000,,,call,52165,0,2,0,
9547245,2,1582561900,0xfe79805d6d12dbfe2950604c0015db412a641101f4eebff70baf0f0339ca7bb6,0x47ce0c6ed5b0ce3d3a51fdb1c52dc66a7c3c2936,0xbdadbdb651db57eaafd3c8848f3ddbdc32a748a0,975000000000000000,,,call,59594,0,1,0,
9547245,3,1582561900,0xfe79805d6d12dbfe2950604c0015db412a641101f4eebff70baf0f0339ca7bb6,0x47ce0c6ed5b0ce3d3a51fdb1c52dc66a7c3c2936,0xefab18983029d2ba840e34698efb67fdf8120711,25000000000000000,,,call,52165,0,2,0,
9547682,2,1582567416,0x9090f4ed20391b7637859e0b056264755b14aeb5820d166af55e1c14fd69016b,0x47ce0c6ed5b0ce3d3a51fdb1c52dc66a7c3c2936,0x2e66b03ef6ac44c90ef33c64fa5ff1312b9c2b8d,974000000000000000,,,call,59594,0,1,0,
9547682,3,1582567416,0x9090f4ed20391b7637859e0b056264755b14aeb5820d166af55e1c14fd69016b,0x47ce0c6ed5b0ce3d3a51fdb1c52dc66a7c3c2936,0xefab18983029d2ba840e34698efb67fdf8120711,26000000000000000,,,call,52165,0,2,0,
9548269,2,1582575310,0xa7f6fbd7c371a24a4860f59e78acf34f1663ee5f981caf3720bfc286e952a6fc,0x47ce0c6ed5b0ce3d3a51fdb1c52dc66a7c3c2936,0x46d9ba77567b1f30586111425085550c3bd09003,993000000000000000,,,call,59594,0,1,0,
9548269,3,1582575310,0xa7f6fbd7c371a24a4860f59e78acf34f1663ee5f981caf3720bfc286e952a6fc,0x47ce0c6ed5b0ce3d3a51fdb1c52dc66a7c3c2936,0xcade02e45cf23f678d8c492f44e6fa0861c27cb6,7000000000000000,,,call,52165,0,2,0,
9548419,2,1582577451,0xfad6a342c8df89b1b2729b59e836cda97b8fa33f78ec0439533ba23b6f7e426b,0x47ce0c6ed5b0ce3d3a51fdb1c52dc66a7c3c2936,0x11d1470cd52d4214b429aa3ae917a641b018c67e,974050000000000000,,,call,59594,0,1,0,
9548419,3,1582577451,0xfad6a342c8df89b1b2729b59e836cda97b8fa33f78ec0439533ba23b6f7e426b,0x47ce0c6ed5b0ce3d3a51fdb1c52dc66a7c3c2936,0xefab18983029d2ba840e34698efb67fdf8120711,25950000000000000,,,call,52165,0,2,0,
9549398,2,1582590691,0xcb92a71a2ca5ce7dcf4bfaa9622eee723cb3eedd9bc8b181092bc30b38b0b456,0x47ce0c6ed5b0ce3d3a51fdb1c52dc66a7c3c2936,0x019edcb493bd91e2b25b70f26d5d9041fd7ef946,970500000000000000,,,call,59594,0,1,0,
9549398,3,1582590691,0xcb92a71a2ca5ce7dcf4bfaa9622eee723cb3eedd9bc8b181092bc30b38b0b456,0x47ce0c6ed5b0ce3d3a51fdb1c52dc66a7c3c2936,0x0f416bc2d310a1c32bc1081cf354c15fd10d4802,29500000000000000,,,call,52165,0,2,0,
9549408,2,1582590839,0x5bba0d39cf4e0e0f4c052b0691ca5975aa70c1960b437e2ac43f3f2dd8aa7b5d,0x47ce0c6ed5b0ce3d3a51fdb1c52dc66a7c3c2936,0x019edcb493bd91e2b25b70f26d5d9041fd7ef946,969500000000000000,,,call,59594,0,1,0,
9549408,3,1582590839,0x5bba0d39cf4e0e0f4c052b0691ca5975aa70c1960b437e2ac43f3f2dd8aa7b5d,0x47ce0c6ed5b0ce3d3a51fdb1c52dc66a7c3c2936,0x7d3bb46c78b0c4949639ce34896bfd875b97ad08,30500000000000000,,,call,52165,0,2,0,
