blockNumber,blockHash,timeStamp,hash,nonce,transactionIndex,from,to,value,gas,gasPrice,input,methodId,functionName,contractAddress,cumulativeGasUsed,txreceipt_status,gasUsed,confirmations,isError
10938467,0xe2e47140c589c450fdac405392d374540196c6575063edbfc0470bcab87f7ca5,1601126444,0x48684dea43a298424e3f9ae217e7da6d2a23de8c4d2e3911ecc3bee601a95073,13,77,0xdf092101010766234f7d261a75de94235270138e,0x710da7a06b0c66a18fed27dfa53d937c69ed3b2c,1000000000000000000,21000,74000000000,0x,0x,,,5641391,1,21000,14458180,0
10951027,0xab9e718d9ee9b1255ed66a93793e57b75415b02fad05c0bcf7e328ba9a47ea79,1601296921,0x635c6708fd586d72fd395443cc25424388733c009e5bce12622f8228548567f6,0,141,0x710da7a06b0c66a18fed27dfa53d937c69ed3b2c,0xdac17f958d2ee523a2206206994597c13d831ec7,0,84313,143000000000,0xa9059cbb000000000000000000000000df092101010766234f7d261a75de94235270138e00000000000000000000000000000000000000000000000000000002540be400,0xa9059cbb,"transfer(address _to, uint256 _value)",,10417562,1,56209,14445620,0
10951066,0x6ca07c95e829dee849d08174b2a701424dc88a464bc2dc7f6b76e85dce720f98,1601297467,0x6997047d4f30540e0dbd169e912e8b3caae8c8cf29911c3580d6bb6717d7cabc,1,165,0x710da7a06b0c66a18fed27dfa53d937c69ed3b2c,0xdac17f958d2ee523a2206206994597c13d831ec7,0,50926,81000000000,0x095ea7b30000000000000000000000007a250d5630b4cf539739df2c5dacb4c659f2488dffffffffffffffffffffffffffffffffffffffffffffffffffffffffffffffff,0x095ea7b3,"approve(address _spender, uint256 _value)",,12206097,1,46297,14445581,0
10951224,0x1e23fd1c69370bb85591a53607c90edd0e39b5b3517564e619590c00e34a51cd,1601299508,0x03e5c3f478eca01c447aa2db088f662894de8e83c5a334f41701af601dd1020b,2,171,0x710da7a06b0c66a18fed27dfa53d937c69ed3b2c,0x7a250d5630b4cf539739df2c5dacb4c659f2488d,0,166602,104040000000,0x18cbafe5000000000000000000000000000000000000000000000000000000003b9aca0000000000000000000000000000000000000000000000000025dc0729374b00dc00000000000000000000000000000000000000000000000000000000000000a0000000000000000000000000710da7a06b0c66a18fed27dfa53d937c69ed3b2c000000000000000000000000000000000000000000000000000000005f71e8ab0000000000000000000000000000000000000000000000000000000000000002000000000000000000000000dac17f958d2ee523a2206206994597c13d831ec7000000000000000000000000c02aaa39b223fe8d0a0e5c4f27ead9083c756cc2,0x18cbafe5,"swapExactTokensForETH(uint256 amountIn, uint256 amountOutMin, address[] path, address to, uint256 deadline)",,12071177,1,126175,14445423,0
10951237,0x7bb88269e4b72c0784507162f8be24c25614d13ae3bd208e3f95d15a508305c5,1601299729,0x8ebd21b42e899eeccd537a02412da7ac6cccda4b51c4a2152a91e76fa6e2b750,3,117,0x710da7a06b0c66a18fed27dfa53d937c69ed3b2c,0x7a250d5630b4cf539739df2c5dacb4c659f2488d,0,153424,104040000000,0x18cbafe50000000000000000000000000000000000000000000000000000000218711a0000000000000000000000000000000000000000000000000154ae18f3ba20c0c500000000000000000000000000000000000000000000000000000000000000a0000000000000000000000000710da7a06b0c66a18fed27dfa53d937c69ed3b2c000000000000000000000000000000000000000000000000000000005f71e9210000000000000000000000000000000000000000000000000000000000000002000000000000000000000000dac17f958d2ee523a2206206994597c13d831ec7000000000000000000000000c02aaa39b223fe8d0a0e5c4f27ead9083c756cc2,0x18cbafe5,"swapExactTokensForETH(uint256 amountIn, uint256 amountOutMin, address[] path, address to, uint256 deadline)",,7486624,1,114195,14445410,0
10951246,0x9b563c84cb74d38f8726962fa4b9062f4b1669b23bd551cb8305b8392b5e1ed3,1601299815,0x00c161d0b0fd147d799162dd811ada19db07559e25906347ae71acb23212551c,4,51,0x710da7a06b0c66a18fed27dfa53d937c69ed3b2c,0x7a250d5630b4cf539739df2c5dacb4c659f2488d,0,166642,104040000000,0x18cbafe500000000000000000000000000000000000000000000000000000002540be4000000000000000000000000000000000000000000000000017a881cb9779f336600000000000000000000000000000000000000000000000000000000000000a0000000000000000000000000710da7a06b0c66a18fed27dfa53d937c69ed3b2c000000000000000000000000000000000000000000000000000000005f71e9830000000000000000000000000000000000000000000000000000000000000002000000000000000000000000dac17f958d2ee523a2206206994597c13d831ec7000000000000000000000000c02aaa39b223fe8d0a0e5c4f27ead9083c756cc2,0x18cbafe5,"swapExactTokensForETH(uint256 amountIn, uint256 amountOutMin, address[] path, address to, uint256 deadline)",,3180545,1,111211,14445401,0
10951266,0x964f95f8e169d6b60180cf6e82cc3c484da376ae9783fb80e90eeca60c8e9f19,1601300026,0x4aed7a9e4e4949f103e45b3472fb30ea513f9d3d431b716b453e381970078fd0,15,77,0xdf092101010766234f7d261a75de94235270138e,0x710da7a06b0c66a18fed27dfa53d937c69ed3b2c,939821531000000000,21000,134000000000,0x,0x,,,3736000,1,21000,14445381,0
10951272,0x457d62f7d28046a3f8345adcfa197d0a7a7b3dc66802287f40415acf11c69c0b,1601300123,0x61d5d1fb5522e15cbcea99642b5dfd57831bc2b9a2b26535e9bf21aaffce46f9,5,62,0x710da7a06b0c66a18fed27dfa53d937c69ed3b2c,0xeb31973e0febf3e3d7058234a5ebbae1ab4b8c23,56725255411183609728,21000,134000000000,0x,0x,,,3421091,1,21000,14445375,0
10969332,0x4fcbd00610c2fc1724e9971349d5f4109b982282eb8fbada90dd81ac29ff15f2,1601544154,0x937323dd63cdc82135d95704b044c79550d5a07ad00369f399c8d03e57e27592,8,10,0xa76088c1a9a4bbb2ab39a378fd4b9fb70c22b797,0x710da7a06b0c66a18fed27dfa53d937c69ed3b2c,50000000000000000,21000,150000000000,0x,0x,,,445274,1,21000,14427315,0
10969335,0xcec3f800ef7924826bb7a25fb80d1d105152ec5af5e1ad1c177197c555d7a940,1601544200,0xbae73845d56e88451f0ef8d93b2b0ff9b5b270e46e7b29b5edfc28cf41c3b520,6,189,0x710da7a06b0c66a18fed27dfa53d937c69ed3b2c,0x0f5d2fb29fb7d3cfee444a200298f468908cc942,0,49992,67000000000,0x095ea7b30000000000000000000000007a250d5630b4cf539739df2c5dacb4c659f2488dffffffffffffffffffffffffffffffffffffffffffffffffffffffffffffffff,0x095ea7b3,"approve(address _spender, uint256 _value)",,12300970,1,45448,14427312,0
10969335,0xcec3f800ef7924826bb7a25fb80d1d105152ec5af5e1ad1c177197c555d7a940,1601544200,0x1179de50568c2dc51e22b61a3b85fd7810ea9d426d35f3b65c7f4cbf92b5de47,7,190,0x710da7a06b0c66a18fed27dfa53d937c69ed3b2c,0x0f5d2fb29fb7d3cfee444a200298f468908cc942,0,49992,67000000000,0x095ea7b30000000000000000000000007a250d5630b4cf539739df2c5dacb4c659f2488dffffffffffffffffffffffffffffffffffffffffffffffffffffffffffffffff,0x095ea7b3,"approve(address _spender, uint256 _value)",,12324301,0,23331,14427312,1
10969346,0x6219c8458467e4d59f35c87cda9de3906c4ad75c55f8b1f71a1a012371efb910,1601544363,0x557d27f52d83af8d4bb97a9e6403b58fb8829764b9ead059c1db03e5832c5034,8,0,0x710da7a06b0c66a18fed27dfa53d937c69ed3b2c,0x7a250d5630b4cf539739df2c5dacb4c659f2488d,0,167374,150000000000,0x18cbafe500000000000000000000000000000000000000000000021e19e0c9bab24000000000000000000000000000000000000000000000000000001ffec2f7810eead700000000000000000000000000000000000000000000000000000000000000a0000000000000000000000000710da7a06b0c66a18fed27dfa53d937c69ed3b2c000000000000000000000000000000000000000000000000000000005f75a4f400000000000000000000000000000000000000000000000000000000000000020000000000000000000000000f5d2fb29fb7d3cfee444a200298f468908cc942000000000000000000000000c02aaa39b223fe8d0a0e5c4f27ead9083c756cc2,0x18cbafe5,"swapExactTokensForETH(uint256 amountIn, uint256 amountOutMin, address[] path, address to, uint256 deadline)",,126877,1,126877,14427301,0
10969362,0xfeb66b8d42ad796ab9590886f470100ad41ac52a9292fc5c7ff7c95d70d77081,1601544607,0x2afcee1fffe3453bd946a370ede132ff29fc5671fa12901098aa07fc0907de57,9,65,0x710da7a06b0c66a18fed27dfa53d937c69ed3b2c,0x7a250d5630b4cf539739df2c5dacb4c659f2488d,0,167374,76000000000,0x18cbafe500000000000000000000000000000000000000000000043c33c19375648000000000000000000000000000000000000000000000000000003e082c5e1a46eb2b00000000000000000000000000000000000000000000000000000000000000a0000000000000000000000000710da7a06b0c66a18fed27dfa53d937c69ed3b2c000000000000000000000000000000000000000000000000000000005f75a57000000000000000000000000000000000000000000000000000000000000000020000000000000000000000000f5d2fb29fb7d3cfee444a200298f468908cc942000000000000000000000000c02aaa39b223fe8d0a0e5c4f27ead9083c756cc2,0x18cbafe5,"swapExactTokensForETH(uint256 amountIn, uint256 amountOutMin, address[] path, address to, uint256 deadline)",,2252907,1,126877,14427285,0
10969365,0x901a989f0f520fd96db5334293ce75cc9cee8abf5e660e9dbe1bae3465eddcde,1601544658,0x7a5b52e5df185f459adc9290f13e1e38ea8899716b4272eb0dfe1b913c6ed5fa,10,5,0x710da7a06b0c66a18fed27dfa53d937c69ed3b2c,0x7a250d5630b4cf539739df2c5dacb4c659f2488d,0,167374,150000000000,0x18cbafe500000000000000000000000000000000000000000000043c33c19375648000000000000000000000000000000000000000000000000000003e082c5e1a46eb2b00000000000000000000000000000000000000000000000000000000000000a0000000000000000000000000710da7a06b0c66a18fed27dfa53d937c69ed3b2c000000000000000000000000000000000000000000000000000000005f75a64f00000000000000000000000000000000000000000000000000000000000000020000000000000000000000000f5d2fb29fb7d3cfee444a200298f468908cc942000000000000000000000000c02aaa39b223fe8d0a0e5c4f27ead9083c756cc2,0x18cbafe5,"swapExactTokensForETH(uint256 amountIn, uint256 amountOutMin, address[] path, address to, uint256 deadline)",,406244,1,126877,14427282,0
10969368,0xc1f654cacbda1965ae45e2fb8dbba8e4a06e7916e657103f9b97a4c7ab9e15b2,1601544743,0xc69dd806da8005b125398b5acb8517256ca1261651673b4bb632ae14ad7d24e8,11,272,0x710da7a06b0c66a18fed27dfa53d937c69ed3b2c,0x7a250d5630b4cf539739df2c5dacb4c659f2488d,0,167374,76000000000,0x18cbafe500000000000000000000000000000000000000000000043c33c19375648000000000000000000000000000000000000000000000000000003df985a710a26f9800000000000000000000000000000000000000000000000000000000000000a0000000000000000000000000710da7a06b0c66a18fed27dfa53d937c69ed3b2c000000000000000000000000000000000000000000000000000000005f75a68200000000000000000000000000000000000000000000000000000000000000020000000000000000000000000f5d2fb29fb7d3cfee444a200298f468908cc942000000000000000000000000c02aaa39b223fe8d0a0e5c4f27ead9083c756cc2,0x18cbafe5,"swapExactTokensForETH(uint256 amountIn, uint256 amountOutMin, address[] path, address to, uint256 deadline)",,11930968,1,126877,14427279,0
10969369,0x0ae1a72c1ee432d9110bd92cfcce39d90b9b7db1bd4f5b4deba95955e01bab78,1601544763,0x0aad46bdc535216abd0b9c2d53c6d8f0f8f6ee9f34b6d74421e5a4c064ebccbb,12,45,0x710da7a06b0c66a18fed27dfa53d937c69ed3b2c,0x7a250d5630b4cf539739df2c5dacb4c659f2488d,0,167374,76000000000,0x18cbafe500000000000000000000000000000000000000000000043c33c19375648000000000000000000000000000000000000000000000000000003df985a710a26f9800000000000000000000000000000000000000000000000000000000000000a0000000000000000000000000710da7a06b0c66a18fed27dfa53d937c69ed3b2c000000000000000000000000000000000000000000000000000000005f75a6bc00000000000000000000000000000000000000000000000000000000000000020000000000000000000000000f5d2fb29fb7d3cfee444a200298f468908cc942000000000000000000000000c02aaa39b223fe8d0a0e5c4f27ead9083c756cc2,0x18cbafe5,"swapExactTokensForETH(uint256 amountIn, uint256 amountOutMin, address[] path, address to, uint256 deadline)",,6479676,1,114861,14427278,0
10969371,0xe85e0160a7239e3261978d4d1b8f55ab616d46aa793264122eb589838070f83e,1601544795,0x1610ecc5fd5524891e009ab115a947b90bce7046f8aee710a95df8b9aa3c079d,13,48,0x710da7a06b0c66a18fed27dfa53d937c69ed3b2c,0x7a250d5630b4cf539739df2c5dacb4c659f2488d,0,154157,76000000000,0x18cbafe500000000000000000000000000000000000000000000043c33c19375648000000000000000000000000000000000000000000000000000003b6f15f6b9a7975e00000000000000000000000000000000000000000000000000000000000000a0000000000000000000000000710da7a06b0c66a18fed27dfa53d937c69ed3b2c000000000000000000000000000000000000000000000000000000005f75a6eb00000000000000000000000000000000000000000000000000000000000000020000000000000000000000000f5d2fb29fb7d3cfee444a200298f468908cc942000000000000000000000000c02aaa39b223fe8d0a0e5c4f27ead9083c756cc2,0x18cbafe5,"swapExactTokensForETH(uint256 amountIn, uint256 amountOutMin, address[] path, address to, uint256 deadline)",,4722922,1,126877,14427276,0
10969385,0x50ad458ded87d6c8136b25be11fc8b293e6628cf7297b1c6e3f1758ae00c574a,1601545101,0x3e7d5ddfbb9e879065c05bb46a8ffd2874bf339b544484672e43712b9fd16718,14,117,0x710da7a06b0c66a18fed27dfa53d937c69ed3b2c,0x7a250d5630b4cf539739df2c5dacb4c659f2488d,0,167374,76000000000,0x18cbafe500000000000000000000000000000000000000000000043c33c19375648000000000000000000000000000000000000000000000000000003dec2bab16d1022900000000000000000000000000000000000000000000000000000000000000a0000000000000000000000000710da7a06b0c66a18fed27dfa53d937c69ed3b2c000000000000000000000000000000000000000000000000000000005f75a7a300000000000000000000000000000000000000000000000000000000000000020000000000000000000000000f5d2fb29fb7d3cfee444a200298f468908cc942000000000000000000000000c02aaa39b223fe8d0a0e5c4f27ead9083c756cc2,0x18cbafe5,"swapExactTokensForETH(uint256 amountIn, uint256 amountOutMin, address[] path, address to, uint256 deadline)",,7998977,1,126877,14427262,0
10969385,0x50ad458ded87d6c8136b25be11fc8b293e6628cf7297b1c6e3f1758ae00c574a,1601545101,0x0ed2d141791cc4c2368b5f31d73538b253d28aadb114afe8adbb439eb2967c8f,15,147,0x710da7a06b0c66a18fed27dfa53d937c69ed3b2c,0x7a250d5630b4cf539739df2c5dacb4c659f2488d,0,167374,76000000000,0x18cbafe500000000000000000000000000000000000000000000043c33c19375648000000000000000000000000000000000000000000000000000003dec2bab16d1022900000000000000000000000000000000000000000000000000000000000000a0000000000000000000000000710da7a06b0c66a18fed27dfa53d937c69ed3b2c000000000000000000000000000000000000000000000000000000005f75a7a300000000000000000000000000000000000000000000000000000000000000020000000000000000000000000f5d2fb29fb7d3cfee444a200298f468908cc942000000000000000000000000c02aaa39b223fe8d0a0e5c4f27ead9083c756cc2,0x18cbafe5,"swapExactTokensForETH(uint256 amountIn, uint256 amountOutMin, address[] path, address to, uint256 deadline)",,11662109,0,29114,14427262,1
10969411,0x02cf45993523588dd9d7e366d11ba66e95385275d3d18826ccb0b30eedc38939,1601545443,0x6848513385985e35884bad2a3158625164f42940626668a51ba766a3f1c0e446,16,56,0x710da7a06b0c66a18fed27dfa53d937c69ed3b2c,0x7a250d5630b4cf539739df2c5dacb4c659f2488d,0,167374,76000000000,0x18cbafe500000000000000000000000000000000000000000000043c33c19375648000000000000000000000000000000000000000000000000000003dec2bab16d1022900000000000000000000000000000000000000000000000000000000000000a0000000000000000000000000710da7a06b0c66a18fed27dfa53d937c69ed3b2c000000000000000000000000000000000000000000000000000000005f75a83d00000000000000000000000000000000000000000000000000000000000000020000000000000000000000000f5d2fb29fb7d3cfee444a200298f468908cc942000000000000000000000000c02aaa39b223fe8d0a0e5c4f27ead9083c756cc2,0x18cbafe5,"swapExactTokensForETH(uint256 amountIn, uint256 amountOutMin, address[] path, address to, uint256 deadline)",,2384370,1,126877,14427236,0
10969426,0x4b73a973fc55b15335184b4190ab3f6b1cb60ddac2c31a3cc068fe4102120e8c,1601545602,0x83f6ca8a8a9cd84ea02e90c71f32ed1d3ff56013e684009b0d9ce7bc7a4750cb,17,62,0x710da7a06b0c66a18fed27dfa53d937c69ed3b2c,0x7a250d5630b4cf539739df2c5dacb4c659f2488d,0,167374,74000000000,0x18cbafe500000000000000000000000000000000000000000000043c33c19375648000000000000000000000000000000000000000000000000000003db97d234ffa7eab00000000000000000000000000000000000000000000000000000000000000a0000000000000000000000000710da7a06b0c66a18fed27dfa53d937c69ed3b2c000000000000000000000000000000000000000000000000000000005f75a9ad00000000000000000000000000000000000000000000000000000000000000020000000000000000000000000f5d2fb29fb7d3cfee444a200298f468908cc942000000000000000000000000c02aaa39b223fe8d0a0e5c4f27ead9083c756cc2,0x18cbafe5,"swapExactTokensForETH(uint256 amountIn, uint256 amountOutMin, address[] path, address to, uint256 deadline)",,9032322,1,126877,14427221,0
10969431,0x0652a172c7b9ca25c733edc23f0595c2db74385d9b5fb0a69a10496ce2d450aa,1601545642,0x985ab3c7463ff681865fba2a1ccaf4006769e21699287741339336cc40a0cb89,18,193,0x710da7a06b0c66a18fed27dfa53d937c69ed3b2c,0x7a250d5630b4cf539739df2c5dacb4c659f2488d,0,167374,76000000000,0x18cbafe500000000000000000000000000000000000000000000043c33c19375648000000000000000000000000000000000000000000000000000003caf99546091fbbb00000000000000000000000000000000000000000000000000000000000000a0000000000000000000000000710da7a06b0c66a18fed27dfa53d937c69ed3b2c000000000000000000000000000000000000000000000000000000005f75aa3200000000000000000000000000000000000000000000000000000000000000020000000000000000000000000f5d2fb29fb7d3cfee444a200298f468908cc942000000000000000000000000c02aaa39b223fe8d0a0e5c4f27ead9083c756cc2,0x18cbafe5,"swapExactTokensForETH(uint256 amountIn, uint256 amountOutMin, address[] path, address to, uint256 deadline)",,11496268,1,126877,14427216,0
10969436,0x63c99a38eaebd7315fbdb6bf6922f070d359a0aa62485dc4aa1df9332b8deab6,1601545710,0xd8bd3330de496e36d376b3a7b12e2f876ca4cd70caf2c540b99f4d20731f9519,19,68,0x710da7a06b0c66a18fed27dfa53d937c69ed3b2c,0x7a250d5630b4cf539739df2c5dacb4c659f2488d,0,167374,76000000000,0x18cbafe500000000000000000000000000000000000000000000043c33c19375648000000000000000000000000000000000000000000000000000003e1288dfa11ad32800000000000000000000000000000000000000000000000000000000000000a0000000000000000000000000710da7a06b0c66a18fed27dfa53d937c69ed3b2c000000000000000000000000000000000000000000000000000000005f75aa7a00000000000000000000000000000000000000000000000000000000000000020000000000000000000000000f5d2fb29fb7d3cfee444a200298f468908cc942000000000000000000000000c02aaa39b223fe8d0a0e5c4f27ead9083c756cc2,0x18cbafe5,"swapExactTokensForETH(uint256 amountIn, uint256 amountOutMin, address[] path, address to, uint256 deadline)",,3796909,1,126877,14427211,0
10969453,0x1e4e2fceb8e3bd2284455308950aa971c8b87d8db21eb334bb1e271b24fdf599,1601545884,0x0873f79516a8f12db9e47cdb5917a55ef28eeb2239658b3e9090d7500f605801,20,96,0x710da7a06b0c66a18fed27dfa53d937c69ed3b2c,0x7a250d5630b4cf539739df2c5dacb4c659f2488d,0,167374,74000000000,0x18cbafe500000000000000000000000000000000000000000000043c33c19375648000000000000000000000000000000000000000000000000000003e123438a8c0c58f00000000000000000000000000000000000000000000000000000000000000a0000000000000000000000000710da7a06b0c66a18fed27dfa53d937c69ed3b2c000000000000000000000000000000000000000000000000000000005f75ab0100000000000000000000000000000000000000000000000000000000000000020000000000000000000000000f5d2fb29fb7d3cfee444a200298f468908cc942000000000000000000000000c02aaa39b223fe8d0a0e5c4f27ead9083c756cc2,0x18cbafe5,"swapExactTokensForETH(uint256 amountIn, uint256 amountOutMin, address[] path, address to, uint256 deadline)",,6306913,1,126877,14427194,0
10969458,0xf309669b6f64270f438d048162d3fa48f14c1a11f96fb1b42236bb94f1932b38,1601545948,0xb65e17c75a18e1154b0f824e6043fd218c3a1ae5aa36f66b3f54b7c244a13147,21,138,0x710da7a06b0c66a18fed27dfa53d937c69ed3b2c,0x7a250d5630b4cf539739df2c5dacb4c659f2488d,0,167374,74000000000,0x18cbafe500000000000000000000000000000000000000000000043c33c19375648000000000000000000000000000000000000000000000000000003e123438a8c0c58f00000000000000000000000000000000000000000000000000000000000000a0000000000000000000000000710da7a06b0c66a18fed27dfa53d937c69ed3b2c000000000000000000000000000000000000000000000000000000005f75ab4100000000000000000000000000000000000000000000000000000000000000020000000000000000000000000f5d2fb29fb7d3cfee444a200298f468908cc942000000000000000000000000c02aaa39b223fe8d0a0e5c4f27ead9083c756cc2,0x18cbafe5,"swapExactTokensForETH(uint256 amountIn, uint256 amountOutMin, address[] path, address to, uint256 deadline)",,8768645,1,126877,14427189,0
10969462,0xe70ae0e40a5f172b17a8e097e79be0b08054c4fed8d600d4770a06b5d679ce8d,1601546114,0xb33badd914211b095f611a8a8cebc0dce5ce441d1b4df15d9fb9700f99114e92,22,193,0x710da7a06b0c66a18fed27dfa53d937c69ed3b2c,0x7a250d5630b4cf539739df2c5dacb4c659f2488d,0,154157,76000000000,0x18cbafe500000000000000000000000000000000000000000000043c33c19375648000000000000000000000000000000000000000000000000000003da7a90e15b2cf7700000000000000000000000000000000000000000000000000000000000000a0000000000000000000000000710da7a06b0c66a18fed27dfa53d937c69ed3b2c000000000000000000000000000000000000000000000000000000005f75aba900000000000000000000000000000000000000000000000000000000000000020000000000000000000000000f5d2fb29fb7d3cfee444a200298f468908cc942000000000000000000000000c02aaa39b223fe8d0a0e5c4f27ead9083c756cc2,0x18cbafe5,"swapExactTokensForETH(uint256 amountIn, uint256 amountOutMin, address[] path, address to, uint256 deadline)",,10385341,1,126877,14427185,0
10969464,0x582e3a3a948074ffd71f09ae2a61328cb20945be8f858bb2df7fe0a02089fc4b,1601546164,0xc7c3ad822a044f807771b83ae7bb4bb44158615d9d98d49a8afea3028a5b7acc,23,47,0x710da7a06b0c66a18fed27dfa53d937c69ed3b2c,0x7a250d5630b4cf539739df2c5dacb4c659f2488d,0,154157,150000000000,0x18cbafe500000000000000000000000000000000000000000000043c33c19375648000000000000000000000000000000000000000000000000000003da7a90e15b2cf7700000000000000000000000000000000000000000000000000000000000000a0000000000000000000000000710da7a06b0c66a18fed27dfa53d937c69ed3b2c000000000000000000000000000000000000000000000000000000005f75ac0600000000000000000000000000000000000000000000000000000000000000020000000000000000000000000f5d2fb29fb7d3cfee444a200298f468908cc942000000000000000000000000c02aaa39b223fe8d0a0e5c4f27ead9083c756cc2,0x18cbafe5,"swapExactTokensForETH(uint256 amountIn, uint256 amountOutMin, address[] path, address to, uint256 deadline)",,1227969,1,126877,14427183,0
10969470,0xbdb4f7910ad9c516568f7b66fbcab534f9e8b228a410a0d58ed342ae64252304,1601546246,0x8764acfa7749b4becb00533de5731e89f48e2a521674c69ad391bd814e34c18f,24,4,0x710da7a06b0c66a18fed27dfa53d937c69ed3b2c,0x7a250d5630b4cf539739df2c5dacb4c659f2488d,0,167374,150000000000,0x18cbafe500000000000000000000000000000000000000000000043c33c19375648000000000000000000000000000000000000000000000000000003e51195dc774815800000000000000000000000000000000000000000000000000000000000000a0000000000000000000000000710da7a06b0c66a18fed27dfa53d937c69ed3b2c000000000000000000000000000000000000000000000000000000005f75ac8600000000000000000000000000000000000000000000000000000000000000020000000000000000000000000f5d2fb29fb7d3cfee444a200298f468908cc942000000000000000000000000c02aaa39b223fe8d0a0e5c4f27ead9083c756cc2,0x18cbafe5,"swapExactTokensForETH(uint256 amountIn, uint256 amountOutMin, address[] path, address to, uint256 deadline)",,480347,1,126877,14427177,0
10969493,0x1b7632db3a188cf86ea9c13158d291aef1d769e4f9b14f4e752cf7996c66d284,1601546475,0x6774d80358f0c5629fcd0bb77c6ad61b94d31056ddd1d54dd3bb31f48a67fa43,25,2,0x710da7a06b0c66a18fed27dfa53d937c69ed3b2c,0x7a250d5630b4cf539739df2c5dacb4c659f2488d,0,167374,150000000000,0x18cbafe500000000000000000000000000000000000000000000043c33c19375648000000000000000000000000000000000000000000000000000003dd31b5ecfd636e500000000000000000000000000000000000000000000000000000000000000a0000000000000000000000000710da7a06b0c66a18fed27dfa53d937c69ed3b2c000000000000000000000000000000000000000000000000000000005f75ad6d00000000000000000000000000000000000000000000000000000000000000020000000000000000000000000f5d2fb29fb7d3cfee444a200298f468908cc942000000000000000000000000c02aaa39b223fe8d0a0e5c4f27ead9083c756cc2,0x18cbafe5,"swapExactTokensForETH(uint256 amountIn, uint256 amountOutMin, address[] path, address to, uint256 deadline)",,168877,1,126877,14427154,0
10969498,0xc88695434b579b6a4712878e3439490be140c7fa4062610df0349684990018e2,1601546528,0x22a5e18615aaa9a5d812688cd8a8d77e56bec4cf06a9075510c531e7b0d5e068,26,1,0x710da7a06b0c66a18fed27dfa53d937c69ed3b2c,0x7a250d5630b4cf539739df2c5dacb4c659f2488d,0,167374,150000000000,0x18cbafe500000000000000000000000000000000000000000000043c33c19375648000000000000000000000000000000000000000000000000000003d84668dfa6d59cd00000000000000000000000000000000000000000000000000000000000000a0000000000000000000000000710da7a06b0c66a18fed27dfa53d937c69ed3b2c000000000000000000000000000000000000000000000000000000005f75adaf00000000000000000000000000000000000000000000000000000000000000020000000000000000000000000f5d2fb29fb7d3cfee444a200298f468908cc942000000000000000000000000c02aaa39b223fe8d0a0e5c4f27ead9083c756cc2,0x18cbafe5,"swapExactTokensForETH(uint256 amountIn, uint256 amountOutMin, address[] path, address to, uint256 deadline)",,147877,1,126877,14427149,0
10969501,0xb870c11163644c30bbb1a5c5b038fd4d6aedcfe0fbb00b4ea61a0560bd089c03,1601546577,0xc9d788b64f45706a97cf813558cd2316b17de6cb1663863c4f371b7f3d7f45b2,27,7,0x710da7a06b0c66a18fed27dfa53d937c69ed3b2c,0x7a250d5630b4cf539739df2c5dacb4c659f2488d,0,167374,150000000000,0x18cbafe500000000000000000000000000000000000000000000043c33c19375648000000000000000000000000000000000000000000000000000003d84668dfa6d59cd00000000000000000000000000000000000000000000000000000000000000a0000000000000000000000000710da7a06b0c66a18fed27dfa53d937c69ed3b2c000000000000000000000000000000000000000000000000000000005f75adf400000000000000000000000000000000000000000000000000000000000000020000000000000000000000000f5d2fb29fb7d3cfee444a200298f468908cc942000000000000000000000000c02aaa39b223fe8d0a0e5c4f27ead9083c756cc2,0x18cbafe5,"swapExactTokensForETH(uint256 amountIn, uint256 amountOutMin, address[] path, address to, uint256 deadline)",,380156,1,126877,14427146,0
10969505,0xfc129242fa2b202eee44b0da117c08fdd42bdab60e8351db6550fa7477ad8881,1601546628,0x17b176a792ee2b19c18fe1cdddd6bfb6b684aa1d47c0e3a4784714ec7a47e9b5,28,31,0x710da7a06b0c66a18fed27dfa53d937c69ed3b2c,0xd59371195082b2a6fa9f2c1a280a15d02b72fc11,1000000000000000000,21000,150000000000,0x,0x,,,672051,1,21000,14427142,0
10969517,0x49195e317cdef7a14f910499cf8b340b98d41bde74d658e781b71f5eeb90cf35,1601546730,0xe59ef44a3d469800f3d8dbe053fde48d075c2e51efe6492988321ad2108fb234,29,8,0x710da7a06b0c66a18fed27dfa53d937c69ed3b2c,0x7a250d5630b4cf539739df2c5dacb4c659f2488d,0,167374,150000000000,0x18cbafe500000000000000000000000000000000000000000000043c33c19375648000000000000000000000000000000000000000000000000000003d424f3da1ff374b00000000000000000000000000000000000000000000000000000000000000a0000000000000000000000000710da7a06b0c66a18fed27dfa53d937c69ed3b2c000000000000000000000000000000000000000000000000000000005f75ae8000000000000000000000000000000000000000000000000000000000000000020000000000000000000000000f5d2fb29fb7d3cfee444a200298f468908cc942000000000000000000000000c02aaa39b223fe8d0a0e5c4f27ead9083c756cc2,0x18cbafe5,"swapExactTokensForETH(uint256 amountIn, uint256 amountOutMin, address[] path, address to, uint256 deadline)",,316411,1,126877,14427130,0
10969525,0x7147516709d0bd29f29a792a0e9e306917223744687f2d8c9530937a5252b14f,1601546795,0xc8c8f4990bc63c6e90a7747ced2d40c66d89539e5b95c941e245ba99e5324494,30,15,0x710da7a06b0c66a18fed27dfa53d937c69ed3b2c,0x7a250d5630b4cf539739df2c5dacb4c659f2488d,0,167374,150000000000,0x18cbafe500000000000000000000000000000000000000000000043c33c19375648000000000000000000000000000000000000000000000000000003d107a98c88b3a7e00000000000000000000000000000000000000000000000000000000000000a0000000000000000000000000710da7a06b0c66a18fed27dfa53d937c69ed3b2c000000000000000000000000000000000000000000000000000000005f75aecc00000000000000000000000000000000000000000000000000000000000000020000000000000000000000000f5d2fb29fb7d3cfee444a200298f468908cc942000000000000000000000000c02aaa39b223fe8d0a0e5c4f27ead9083c756cc2,0x18cbafe5,"swapExactTokensForETH(uint256 amountIn, uint256 amountOutMin, address[] path, address to, uint256 deadline)",,793516,1,126877,14427122,0
10969542,0x8118ec3844e63ab223f89a1016d2c95472c4e7f272e94b0fafcb9ca13ec9d6a0,1601547068,0xe986bda5cb9c39c3c5d04466a4959f37de343c2c0f1812c73bb4141f7c07651b,31,9,0x710da7a06b0c66a18fed27dfa53d937c69ed3b2c,0x7a250d5630b4cf539739df2c5dacb4c659f2488d,0,167374,150000000000,0x18cbafe500000000000000000000000000000000000000000000043c33c19375648000000000000000000000000000000000000000000000000000003d1b05d8717cb14600000000000000000000000000000000000000000000000000000000000000a0000000000000000000000000710da7a06b0c66a18fed27dfa53d937c69ed3b2c000000000000000000000000000000000000000000000000000000005f75afba00000000000000000000000000000000000000000000000000000000000000020000000000000000000000000f5d2fb29fb7d3cfee444a200298f468908cc942000000000000000000000000c02aaa39b223fe8d0a0e5c4f27ead9083c756cc2,0x18cbafe5,"swapExactTokensForETH(uint256 amountIn, uint256 amountOutMin, address[] path, address to, uint256 deadline)",,440896,1,126877,14427105,0
10969547,0x1d73911ecddc8a6a0d1407c4170d527629c29b05c44127dca8e8a95a44dd0918,1601547098,0xa3f974e5d4ea142218719b582cb40c9d747ada92a6dee8579259ec22b9d3098c,32,6,0x710da7a06b0c66a18fed27dfa53d937c69ed3b2c,0x7a250d5630b4cf539739df2c5dacb4c659f2488d,0,167374,150000000000,0x18cbafe500000000000000000000000000000000000000000000043c33c19375648000000000000000000000000000000000000000000000000000003d1b05d8717cb14600000000000000000000000000000000000000000000000000000000000000a0000000000000000000000000710da7a06b0c66a18fed27dfa53d937c69ed3b2c000000000000000000000000000000000000000000000000000000005f75afba00000000000000000000000000000000000000000000000000000000000000020000000000000000000000000f5d2fb29fb7d3cfee444a200298f468908cc942000000000000000000000000c02aaa39b223fe8d0a0e5c4f27ead9083c756cc2,0x18cbafe5,"swapExactTokensForETH(uint256 amountIn, uint256 amountOutMin, address[] path, address to, uint256 deadline)",,278295,1,126877,14427100,0
10969553,0x921240089509b5a7b7991a190e6b81412071ef921be9f21ee56c21217a30354d,1601547172,0x6a3a97008c11f3cd8b1b7078509762c228e06ca1a447726d31b7ae4eb1f40ea1,33,2,0x710da7a06b0c66a18fed27dfa53d937c69ed3b2c,0x7a250d5630b4cf539739df2c5dacb4c659f2488d,0,167374,150000000000,0x18cbafe500000000000000000000000000000000000000000000043c33c19375648000000000000000000000000000000000000000000000000000003da18e5117ff590600000000000000000000000000000000000000000000000000000000000000a0000000000000000000000000710da7a06b0c66a18fed27dfa53d937c69ed3b2c000000000000000000000000000000000000000000000000000000005f75b00300000000000000000000000000000000000000000000000000000000000000020000000000000000000000000f5d2fb29fb7d3cfee444a200298f468908cc942000000000000000000000000c02aaa39b223fe8d0a0e5c4f27ead9083c756cc2,0x18cbafe5,"swapExactTokensForETH(uint256 amountIn, uint256 amountOutMin, address[] path, address to, uint256 deadline)",,168877,1,126877,14427094,0
10969578,0x6020e34f30a000e75ffcac43ffb726abe0450b8cb9d01a6bd71c7cb85b758ca2,1601547538,0xb8a6a4b73f72320d23120a5f88f49710cef5211cea65428209316b853a43df00,34,6,0x710da7a06b0c66a18fed27dfa53d937c69ed3b2c,0x7a250d5630b4cf539739df2c5dacb4c659f2488d,0,167374,150000000000,0x18cbafe500000000000000000000000000000000000000000000043c33c19375648000000000000000000000000000000000000000000000000000003d66398321d2772500000000000000000000000000000000000000000000000000000000000000a0000000000000000000000000710da7a06b0c66a18fed27dfa53d937c69ed3b2c000000000000000000000000000000000000000000000000000000005f75b17500000000000000000000000000000000000000000000000000000000000000020000000000000000000000000f5d2fb29fb7d3cfee444a200298f468908cc942000000000000000000000000c02aaa39b223fe8d0a0e5c4f27ead9083c756cc2,0x18cbafe5,"swapExactTokensForETH(uint256 amountIn, uint256 amountOutMin, address[] path, address to, uint256 deadline)",,364588,1,126877,14427069,0
10970253,0xaf765794625acc08e84aa94db4f49bcefcd70c32974391b24fd1723cc9428f3a,1601556739,0xd3c90f0c43eddf19a3898cd500ae792c8c18815eb468d6f7c875976e10f4173c,35,2,0x710da7a06b0c66a18fed27dfa53d937c69ed3b2c,0x7a250d5630b4cf539739df2c5dacb4c659f2488d,0,167374,150000000000,0x18cbafe500000000000000000000000000000000000000000000043c33c19375648000000000000000000000000000000000000000000000000000003e79ea3ae917720800000000000000000000000000000000000000000000000000000000000000a0000000000000000000000000710da7a06b0c66a18fed27dfa53d937c69ed3b2c000000000000000000000000000000000000000000000000000000005f75d56e00000000000000000000000000000000000000000000000000000000000000020000000000000000000000000f5d2fb29fb7d3cfee444a200298f468908cc942000000000000000000000000c02aaa39b223fe8d0a0e5c4f27ead9083c756cc2,0x18cbafe5,"swapExactTokensForETH(uint256 amountIn, uint256 amountOutMin, address[] path, address to, uint256 deadline)",,184772,1,126877,14426394,0
10970265,0xce6cc03f4e98b26cfa44c25cd3520a2e88a55f2178d79caa80be24a7aa57c12e,1601556829,0x1c12f9560aea4ac30fd220aea1a3bcbcb6c2db03dea3cd371ae6b534fd175790,36,9,0x710da7a06b0c66a18fed27dfa53d937c69ed3b2c,0x7a250d5630b4cf539739df2c5dacb4c659f2488d,0,167374,150000000000,0x18cbafe500000000000000000000000000000000000000000000043c33c19375648000000000000000000000000000000000000000000000000000003e240ed8e7d8a5f200000000000000000000000000000000000000000000000000000000000000a0000000000000000000000000710da7a06b0c66a18fed27dfa53d937c69ed3b2c000000000000000000000000000000000000000000000000000000005f75d5d800000000000000000000000000000000000000000000000000000000000000020000000000000000000000000f5d2fb29fb7d3cfee444a200298f468908cc942000000000000000000000000c02aaa39b223fe8d0a0e5c4f27ead9083c756cc2,0x18cbafe5,"swapExactTokensForETH(uint256 amountIn, uint256 amountOutMin, address[] path, address to, uint256 deadline)",,372649,1,126877,14426382,0
10970268,0xfd913a4a8acfab3e986e0d78f0b02fbef2167a9e058b3db98f4fbf275bab5e82,1601556884,0x72a8aecb31ad8041b92c244d8f9226bbe34e5d7c28b2876d86ead4fbf539ae40,37,44,0x710da7a06b0c66a18fed27dfa53d937c69ed3b2c,0x7a250d5630b4cf539739df2c5dacb4c659f2488d,0,154157,150000000000,0x18cbafe500000000000000000000000000000000000000000000043c33c19375648000000000000000000000000000000000000000000000000000003ddb0db453774bd800000000000000000000000000000000000000000000000000000000000000a0000000000000000000000000710da7a06b0c66a18fed27dfa53d937c69ed3b2c000000000000000000000000000000000000000000000000000000005f75d61700000000000000000000000000000000000000000000000000000000000000020000000000000000000000000f5d2fb29fb7d3cfee444a200298f468908cc942000000000000000000000000c02aaa39b223fe8d0a0e5c4f27ead9083c756cc2,0x18cbafe5,"swapExactTokensForETH(uint256 amountIn, uint256 amountOutMin, address[] path, address to, uint256 deadline)",,2512121,1,126877,14426379,0
10970274,0xcce77fe48b99de2cccd1e94a6fe2244c1b9eaad55ef40348b7ca83245d8df680,1601556953,0xa3e9433f3576f5e62a90d09db1e48766d07d6d6e223d70b519de8a8f9ba7e539,38,1,0x710da7a06b0c66a18fed27dfa53d937c69ed3b2c,0x7a250d5630b4cf539739df2c5dacb4c659f2488d,0,154157,150000000000,0x18cbafe500000000000000000000000000000000000000000000043c33c19375648000000000000000000000000000000000000000000000000000003ddb0db453774bd800000000000000000000000000000000000000000000000000000000000000a0000000000000000000000000710da7a06b0c66a18fed27dfa53d937c69ed3b2c000000000000000000000000000000000000000000000000000000005f75d62900000000000000000000000000000000000000000000000000000000000000020000000000000000000000000f5d2fb29fb7d3cfee444a200298f468908cc942000000000000000000000000c02aaa39b223fe8d0a0e5c4f27ead9083c756cc2,0x18cbafe5,"swapExactTokensForETH(uint256 amountIn, uint256 amountOutMin, address[] path, address to, uint256 deadline)",,260255,1,126877,14426373,0
10970282,0x09b26a5cae234c1cefdc6cfeac1366e4ca03e699031255d568b365fd1260b530,1601557060,0x6c8303d9c1c346bb39ae7b0263096427282c7679f145292e6410cfe8a001d058,39,9,0x710da7a06b0c66a18fed27dfa53d937c69ed3b2c,0x7a250d5630b4cf539739df2c5dacb4c659f2488d,0,167374,150000000000,0x18cbafe500000000000000000000000000000000000000000000043c33c19375648000000000000000000000000000000000000000000000000000003b4d7d5bb7c8453d00000000000000000000000000000000000000000000000000000000000000a0000000000000000000000000710da7a06b0c66a18fed27dfa53d937c69ed3b2c000000000000000000000000000000000000000000000000000000005f75d68900000000000000000000000000000000000000000000000000000000000000020000000000000000000000000f5d2fb29fb7d3cfee444a200298f468908cc942000000000000000000000000c02aaa39b223fe8d0a0e5c4f27ead9083c756cc2,0x18cbafe5,"swapExactTokensForETH(uint256 amountIn, uint256 amountOutMin, address[] path, address to, uint256 deadline)",,1130909,1,126877,14426365,0
10970292,0x3070f2f655a0a6953c40be00ee4d4a3b56c0e908f8c22e8379784fc76eb12197,1601557160,0x8c9579f4975ec7fce5c1bf38ea041324f42f3ce55ddc85b9a40c1ba4c7a9ac55,40,1,0x710da7a06b0c66a18fed27dfa53d937c69ed3b2c,0x7a250d5630b4cf539739df2c5dacb4c659f2488d,0,167374,150000000000,0x18cbafe500000000000000000000000000000000000000000000043c33c19375648000000000000000000000000000000000000000000000000000003dca5f46c3f6b1c100000000000000000000000000000000000000000000000000000000000000a0000000000000000000000000710da7a06b0c66a18fed27dfa53d937c69ed3b2c000000000000000000000000000000000000000000000000000000005f75d73300000000000000000000000000000000000000000000000000000000000000020000000000000000000000000f5d2fb29fb7d3cfee444a200298f468908cc942000000000000000000000000c02aaa39b223fe8d0a0e5c4f27ead9083c756cc2,0x18cbafe5,"swapExactTokensForETH(uint256 amountIn, uint256 amountOutMin, address[] path, address to, uint256 deadline)",,254362,1,126877,14426355,0
10970298,0x17a4167b36ed8369cd68c917627a9e4dde7686cf6a689bd29ddd2ec07f72a69e,1601557235,0xb3ed5f16dfc712e2aefd65f51ad01ddeab1d4b37744f11ee6c37535ef13b6bad,41,33,0x710da7a06b0c66a18fed27dfa53d937c69ed3b2c,0x7a250d5630b4cf539739df2c5dacb4c659f2488d,0,167374,150000000000,0x18cbafe500000000000000000000000000000000000000000000043c33c19375648000000000000000000000000000000000000000000000000000003d853093fa93313000000000000000000000000000000000000000000000000000000000000000a0000000000000000000000000710da7a06b0c66a18fed27dfa53d937c69ed3b2c000000000000000000000000000000000000000000000000000000005f75d79c00000000000000000000000000000000000000000000000000000000000000020000000000000000000000000f5d2fb29fb7d3cfee444a200298f468908cc942000000000000000000000000c02aaa39b223fe8d0a0e5c4f27ead9083c756cc2,0x18cbafe5,"swapExactTokensForETH(uint256 amountIn, uint256 amountOutMin, address[] path, address to, uint256 deadline)",,3012873,1,126877,14426349,0
10970304,0xcdb74c7dbddcfe67c86eba0d5c24f39d68046d8e9b7d868c1233e8b3b6d0b749,1601557395,0x2ff151ccbfa0054ea3e8fd0e77526b2b3fbc32787236ba40d12769ce7aaedc47,42,1,0x710da7a06b0c66a18fed27dfa53d937c69ed3b2c,0x7a250d5630b4cf539739df2c5dacb4c659f2488d,0,167374,150000000000,0x18cbafe500000000000000000000000000000000000000000000043c33c19375648000000000000000000000000000000000000000000000000000003d8b1343aa813d6c00000000000000000000000000000000000000000000000000000000000000a0000000000000000000000000710da7a06b0c66a18fed27dfa53d937c69ed3b2c000000000000000000000000000000000000000000000000000000005f75d80b00000000000000000000000000000000000000000000000000000000000000020000000000000000000000000f5d2fb29fb7d3cfee444a200298f468908cc942000000000000000000000000c02aaa39b223fe8d0a0e5c4f27ead9083c756cc2,0x18cbafe5,"swapExactTokensForETH(uint256 amountIn, uint256 amountOutMin, address[] path, address to, uint256 deadline)",,147877,1,126877,14426343,0
10970310,0x4b67002ee12d8e29ce20a26e6d8b3df4a05dbf9612305b946842c706bab25473,1601557479,0x2cb0d5acff6da2642ea2a1f5e53d35295fba9d20187a16358bad9378b79b902c,43,4,0x710da7a06b0c66a18fed27dfa53d937c69ed3b2c,0x7a250d5630b4cf539739df2c5dacb4c659f2488d,0,167374,150000000000,0x18cbafe500000000000000000000000000000000000000000000043c33c19375648000000000000000000000000000000000000000000000000000003b185059d65c65b300000000000000000000000000000000000000000000000000000000000000a0000000000000000000000000710da7a06b0c66a18fed27dfa53d937c69ed3b2c000000000000000000000000000000000000000000000000000000005f75d84c00000000000000000000000000000000000000000000000000000000000000020000000000000000000000000f5d2fb29fb7d3cfee444a200298f468908cc942000000000000000000000000c02aaa39b223fe8d0a0e5c4f27ead9083c756cc2,0x18cbafe5,"swapExactTokensForETH(uint256 amountIn, uint256 amountOutMin, address[] path, address to, uint256 deadline)",,357634,1,126877,14426337,0
10970314,0x05546eb44a1a0edbd5789e953cfc020639895c380a93dfa88a78fce7d51fc488,1601557519,0x4f00d42831d9371d8c769f5cbbd592268b41809471d398901caa6c1c51556676,44,27,0x710da7a06b0c66a18fed27dfa53d937c69ed3b2c,0x7a250d5630b4cf539739df2c5dacb4c659f2488d,0,167374,150000000000,0x18cbafe500000000000000000000000000000000000000000000043c33c19375648000000000000000000000000000000000000000000000000000003d90b9976a47eaea00000000000000000000000000000000000000000000000000000000000000a0000000000000000000000000710da7a06b0c66a18fed27dfa53d937c69ed3b2c000000000000000000000000000000000000000000000000000000005f75d88400000000000000000000000000000000000000000000000000000000000000020000000000000000000000000f5d2fb29fb7d3cfee444a200298f468908cc942000000000000000000000000c02aaa39b223fe8d0a0e5c4f27ead9083c756cc2,0x18cbafe5,"swapExactTokensForETH(uint256 amountIn, uint256 amountOutMin, address[] path, address to, uint256 deadline)",,1932636,1,126877,14426333,0
10970317,0x7f26c805e3baf1a8b2622b961008155cc5f42e6f8bc0b530fc0a73988481be1b,1601557577,0x4ae791cdfd699cdc4af1e9dc36bbacd788a76b7abeff9f538d19df31b9c94222,45,12,0x710da7a06b0c66a18fed27dfa53d937c69ed3b2c,0x7a250d5630b4cf539739df2c5dacb4c659f2488d,0,167374,150000000000,0x18cbafe500000000000000000000000000000000000000000000043c33c19375648000000000000000000000000000000000000000000000000000003d30d8a5a910455600000000000000000000000000000000000000000000000000000000000000a0000000000000000000000000710da7a06b0c66a18fed27dfa53d937c69ed3b2c000000000000000000000000000000000000000000000000000000005f75d8bf00000000000000000000000000000000000000000000000000000000000000020000000000000000000000000f5d2fb29fb7d3cfee444a200298f468908cc942000000000000000000000000c02aaa39b223fe8d0a0e5c4f27ead9083c756cc2,0x18cbafe5,"swapExactTokensForETH(uint256 amountIn, uint256 amountOutMin, address[] path, address to, uint256 deadline)",,1012074,1,126877,14426330,0
10970322,0xbb21a03b5d669a49482c59f7f31d275a9a0ac3acbf10211788f7bce88bc7b933,1601557670,0xb0c3ae693a13ac8c018f7be9f33974720158ce6075b1e127dd781dfddfc9ea54,46,9,0x710da7a06b0c66a18fed27dfa53d937c69ed3b2c,0x7a250d5630b4cf539739df2c5dacb4c659f2488d,0,154157,150000000000,0x18cbafe500000000000000000000000000000000000000000000043c33c19375648000000000000000000000000000000000000000000000000000003ac383fec261f80900000000000000000000000000000000000000000000000000000000000000a0000000000000000000000000710da7a06b0c66a18fed27dfa53d937c69ed3b2c000000000000000000000000000000000000000000000000000000005f75d8f900000000000000000000000000000000000000000000000000000000000000020000000000000000000000000f5d2fb29fb7d3cfee444a200298f468908cc942000000000000000000000000c02aaa39b223fe8d0a0e5c4f27ead9083c756cc2,0x18cbafe5,"swapExactTokensForETH(uint256 amountIn, uint256 amountOutMin, address[] path, address to, uint256 deadline)",,2166093,1,126877,14426325,0
10970330,0x5f3cc89aa074cb54cc8fc97d13298903a242527bb026e1d90db94ae87d0a0559,1601557747,0x4a94ba004f0287c7f6b2c0f45b0f6eadd5d3ae8e5b5e60062b4ff46dbf83515a,47,33,0x710da7a06b0c66a18fed27dfa53d937c69ed3b2c,0x7a250d5630b4cf539739df2c5dacb4c659f2488d,0,154157,150000000000,0x18cbafe500000000000000000000000000000000000000000000043c33c19375648000000000000000000000000000000000000000000000000000003b8e3d48e771249b00000000000000000000000000000000000000000000000000000000000000a0000000000000000000000000710da7a06b0c66a18fed27dfa53d937c69ed3b2c000000000000000000000000000000000000000000000000000000005f75d96900000000000000000000000000000000000000000000000000000000000000020000000000000000000000000f5d2fb29fb7d3cfee444a200298f468908cc942000000000000000000000000c02aaa39b223fe8d0a0e5c4f27ead9083c756cc2,0x18cbafe5,"swapExactTokensForETH(uint256 amountIn, uint256 amountOutMin, address[] path, address to, uint256 deadline)",,1017327,1,126877,14426317,0
10970334,0x219313f1a2ae2716f44ecc099f223a204012b1ffaa4a44534fbdd0652a03ac40,1601557792,0x3d9dbd3c6d948aaf79c3fb4a94475950b8e37986f91cf324e8a99a36780ad485,48,16,0x710da7a06b0c66a18fed27dfa53d937c69ed3b2c,0x7a250d5630b4cf539739df2c5dacb4c659f2488d,0,167374,150000000000,0x18cbafe500000000000000000000000000000000000000000000043c33c19375648000000000000000000000000000000000000000000000000000003ce107a3aac005c600000000000000000000000000000000000000000000000000000000000000a0000000000000000000000000710da7a06b0c66a18fed27dfa53d937c69ed3b2c000000000000000000000000000000000000000000000000000000005f75d9a300000000000000000000000000000000000000000000000000000000000000020000000000000000000000000f5d2fb29fb7d3cfee444a200298f468908cc942000000000000000000000000c02aaa39b223fe8d0a0e5c4f27ead9083c756cc2,0x18cbafe5,"swapExactTokensForETH(uint256 amountIn, uint256 amountOutMin, address[] path, address to, uint256 deadline)",,996310,1,126877,14426313,0
10970336,0x2bba35d7112788da3f03b811e043b2341e06b118fd041f2383044d2d84d9aaf5,1601557866,0x9277cdfee7b4219e6a886719f599054a6fe3160024007ceba96a15d6c5ea6649,49,19,0x710da7a06b0c66a18fed27dfa53d937c69ed3b2c,0x7a250d5630b4cf539739df2c5dacb4c659f2488d,0,154157,150000000000,0x18cbafe500000000000000000000000000000000000000000000043c33c19375648000000000000000000000000000000000000000000000000000003cfd67dabeb21e2d00000000000000000000000000000000000000000000000000000000000000a0000000000000000000000000710da7a06b0c66a18fed27dfa53d937c69ed3b2c000000000000000000000000000000000000000000000000000000005f75d9d000000000000000000000000000000000000000000000000000000000000000020000000000000000000000000f5d2fb29fb7d3cfee444a200298f468908cc942000000000000000000000000c02aaa39b223fe8d0a0e5c4f27ead9083c756cc2,0x18cbafe5,"swapExactTokensForETH(uint256 amountIn, uint256 amountOutMin, address[] path, address to, uint256 deadline)",,964667,1,126877,14426311,0
10970360,0xf9bd47ec2d63e890b521fb5ae710a4d6d2499b01189777a5694dd8a4f04e2c63,1601558105,0xbcac310c7ce2f8ed120f0bc4b7619b0a73893bc8019b9d79cf6e8f7b151a57ae,50,35,0x710da7a06b0c66a18fed27dfa53d937c69ed3b2c,0x7a250d5630b4cf539739df2c5dacb4c659f2488d,0,167374,150000000000,0x18cbafe500000000000000000000000000000000000000000000043c33c19375648000000000000000000000000000000000000000000000000000003ddcda81afe026e800000000000000000000000000000000000000000000000000000000000000a0000000000000000000000000710da7a06b0c66a18fed27dfa53d937c69ed3b2c000000000000000000000000000000000000000000000000000000005f75db0700000000000000000000000000000000000000000000000000000000000000020000000000000000000000000f5d2fb29fb7d3cfee444a200298f468908cc942000000000000000000000000c02aaa39b223fe8d0a0e5c4f27ead9083c756cc2,0x18cbafe5,"swapExactTokensForETH(uint256 amountIn, uint256 amountOutMin, address[] path, address to, uint256 deadline)",,2726227,1,126877,14426287,0
10970360,0xf9bd47ec2d63e890b521fb5ae710a4d6d2499b01189777a5694dd8a4f04e2c63,1601558105,0x18b394f953459dcb225143278469b40e075a062d18ac65b5562adc7f36aa84a2,51,36,0x710da7a06b0c66a18fed27dfa53d937c69ed3b2c,0x7a250d5630b4cf539739df2c5dacb4c659f2488d,0,167374,150000000000,0x18cbafe500000000000000000000000000000000000000000000043c33c19375648000000000000000000000000000000000000000000000000000003ddcda81afe026e800000000000000000000000000000000000000000000000000000000000000a0000000000000000000000000710da7a06b0c66a18fed27dfa53d937c69ed3b2c000000000000000000000000000000000000000000000000000000005f75db0700000000000000000000000000000000000000000000000000000000000000020000000000000000000000000f5d2fb29fb7d3cfee444a200298f468908cc942000000000000000000000000c02aaa39b223fe8d0a0e5c4f27ead9083c756cc2,0x18cbafe5,"swapExactTokensForETH(uint256 amountIn, uint256 amountOutMin, address[] path, address to, uint256 deadline)",,2755341,0,29114,14426287,1
10970365,0x30d44ba12d044bf340a8c00ea236dbaa62b2bd70b54fce763d63c5902bf8adab,1601558258,0x7a8df1062972ff50090e0f0a0708ef2ba202310160a29196f26250817cd81e90,52,127,0x710da7a06b0c66a18fed27dfa53d937c69ed3b2c,0x7a250d5630b4cf539739df2c5dacb4c659f2488d,0,167374,79000000000,0x18cbafe500000000000000000000000000000000000000000000043c33c19375648000000000000000000000000000000000000000000000000000003b658e49c1117b3000000000000000000000000000000000000000000000000000000000000000a0000000000000000000000000710da7a06b0c66a18fed27dfa53d937c69ed3b2c000000000000000000000000000000000000000000000000000000005f75db0900000000000000000000000000000000000000000000000000000000000000020000000000000000000000000f5d2fb29fb7d3cfee444a200298f468908cc942000000000000000000000000c02aaa39b223fe8d0a0e5c4f27ead9083c756cc2,0x18cbafe5,"swapExactTokensForETH(uint256 amountIn, uint256 amountOutMin, address[] path, address to, uint256 deadline)",,6629790,1,126877,14426282,0
10970370,0x8f773da5ad50f1f90c4f3189032eaa377c384048167407f79ce8dad9864defa3,1601558309,0xe66db19524efe06fbb6057554c2006826d23b5c3c547f9e76a635a0284498d07,53,106,0x710da7a06b0c66a18fed27dfa53d937c69ed3b2c,0x7a250d5630b4cf539739df2c5dacb4c659f2488d,0,167374,79000000000,0x18cbafe5000000000000000000000000000000000000000000000409c969dacf4b38000000000000000000000000000000000000000000000000000038afed4efe07923200000000000000000000000000000000000000000000000000000000000000a0000000000000000000000000710da7a06b0c66a18fed27dfa53d937c69ed3b2c000000000000000000000000000000000000000000000000000000005f75dbb300000000000000000000000000000000000000000000000000000000000000020000000000000000000000000f5d2fb29fb7d3cfee444a200298f468908cc942000000000000000000000000c02aaa39b223fe8d0a0e5c4f27ead9083c756cc2,0x18cbafe5,"swapExactTokensForETH(uint256 amountIn, uint256 amountOutMin, address[] path, address to, uint256 deadline)",,6719993,1,126877,14426277,0
10970381,0xf6c590bbceede54c71ac6218fa9af900c6ff9694a1264698f2fb805837d87637,1601558408,0x6b1c66dfc7a982c8d0aaa91caa6150ae1847ae6fbcf338e5f5b9e0f493cba524,54,86,0x710da7a06b0c66a18fed27dfa53d937c69ed3b2c,0x7a250d5630b4cf539739df2c5dacb4c659f2488d,0,167374,77000000000,0x18cbafe500000000000000000000000000000000000000000000043c33c19375648000000000000000000000000000000000000000000000000000003cb4e3368466049700000000000000000000000000000000000000000000000000000000000000a0000000000000000000000000710da7a06b0c66a18fed27dfa53d937c69ed3b2c000000000000000000000000000000000000000000000000000000005f75dc0e00000000000000000000000000000000000000000000000000000000000000020000000000000000000000000f5d2fb29fb7d3cfee444a200298f468908cc942000000000000000000000000c02aaa39b223fe8d0a0e5c4f27ead9083c756cc2,0x18cbafe5,"swapExactTokensForETH(uint256 amountIn, uint256 amountOutMin, address[] path, address to, uint256 deadline)",,5266707,1,126877,14426266,0
10970387,0x3de969780247f270bca8c61a2d74aabdd1b2993607930846f8059a639248b5e7,1601558494,0x7199131bdf0670f9f88d9cb79fdf380b941958c3340a48fdd4aa2c0ba16b6f34,55,68,0x710da7a06b0c66a18fed27dfa53d937c69ed3b2c,0x7a250d5630b4cf539739df2c5dacb4c659f2488d,0,167374,77000000000,0x18cbafe500000000000000000000000000000000000000000000043c33c19375648000000000000000000000000000000000000000000000000000003d34a347d6a92b7800000000000000000000000000000000000000000000000000000000000000a0000000000000000000000000710da7a06b0c66a18fed27dfa53d937c69ed3b2c000000000000000000000000000000000000000000000000000000005f75dc4b00000000000000000000000000000000000000000000000000000000000000020000000000000000000000000f5d2fb29fb7d3cfee444a200298f468908cc942000000000000000000000000c02aaa39b223fe8d0a0e5c4f27ead9083c756cc2,0x18cbafe5,"swapExactTokensForETH(uint256 amountIn, uint256 amountOutMin, address[] path, address to, uint256 deadline)",,5139308,1,114861,14426260,0
10970391,0xc5f388b3212e91f0fb1675acc314c9251bf490b9f442d3510fcc895cdd786d7b,1601558509,0xcac70958bb09ad265e2ed7ca52aeef44a84b52852e3081bca94331de2ef0d885,56,115,0x710da7a06b0c66a18fed27dfa53d937c69ed3b2c,0x7a250d5630b4cf539739df2c5dacb4c659f2488d,0,154157,78000000000,0x18cbafe500000000000000000000000000000000000000000000043c33c19375648000000000000000000000000000000000000000000000000000003d34a347d6a92b7800000000000000000000000000000000000000000000000000000000000000a0000000000000000000000000710da7a06b0c66a18fed27dfa53d937c69ed3b2c000000000000000000000000000000000000000000000000000000005f75dc5b00000000000000000000000000000000000000000000000000000000000000020000000000000000000000000f5d2fb29fb7d3cfee444a200298f468908cc942000000000000000000000000c02aaa39b223fe8d0a0e5c4f27ead9083c756cc2,0x18cbafe5,"swapExactTokensForETH(uint256 amountIn, uint256 amountOutMin, address[] path, address to, uint256 deadline)",,7091738,1,126877,14426256,0
10970404,0x2ec6c85318fd0419aaa0348d216173b8808cb9e5bb3e54b904a1fe2174327e57,1601558633,0x43ff3981bfb554cb45f61e88a4acc958d8e30465aee8f27333ba3abbfc825a34,57,123,0x710da7a06b0c66a18fed27dfa53d937c69ed3b2c,0x7a250d5630b4cf539739df2c5dacb4c659f2488d,0,167374,73000000000,0x18cbafe500000000000000000000000000000000000000000000043c33c19375648000000000000000000000000000000000000000000000000000003c209b9f47e05c4a00000000000000000000000000000000000000000000000000000000000000a0000000000000000000000000710da7a06b0c66a18fed27dfa53d937c69ed3b2c000000000000000000000000000000000000000000000000000000005f75dcf800000000000000000000000000000000000000000000000000000000000000020000000000000000000000000f5d2fb29fb7d3cfee444a200298f468908cc942000000000000000000000000c02aaa39b223fe8d0a0e5c4f27ead9083c756cc2,0x18cbafe5,"swapExactTokensForETH(uint256 amountIn, uint256 amountOutMin, address[] path, address to, uint256 deadline)",,7279568,1,126877,14426243,0
10970409,0x2fe522dc24bfdfb91ebbe1420c594422615fffd63652d173146e4a43d3db158c,1601558736,0x3d859e70cabbf91a863f998a37d3dbb47b2bb239dc1bbc353e309370785c3117,58,97,0x710da7a06b0c66a18fed27dfa53d937c69ed3b2c,0x7a250d5630b4cf539739df2c5dacb4c659f2488d,0,167374,73000000000,0x18cbafe500000000000000000000000000000000000000000000043c33c19375648000000000000000000000000000000000000000000000000000003bef02242183ee3b00000000000000000000000000000000000000000000000000000000000000a0000000000000000000000000710da7a06b0c66a18fed27dfa53d937c69ed3b2c000000000000000000000000000000000000000000000000000000005f75dd3300000000000000000000000000000000000000000000000000000000000000020000000000000000000000000f5d2fb29fb7d3cfee444a200298f468908cc942000000000000000000000000c02aaa39b223fe8d0a0e5c4f27ead9083c756cc2,0x18cbafe5,"swapExactTokensForETH(uint256 amountIn, uint256 amountOutMin, address[] path, address to, uint256 deadline)",,7031164,1,126877,14426238,0
10970417,0x38907c0804c07e11fc3b137342081f20db12405dec7bbec14dd868eb502e035d,1601558783,0xd98b7b59950f5b8da1ac1e94db752fafcbd9a6c3f6ac24310ce477cd4d29eb5a,59,55,0x710da7a06b0c66a18fed27dfa53d937c69ed3b2c,0x7a250d5630b4cf539739df2c5dacb4c659f2488d,0,167374,73000000000,0x18cbafe500000000000000000000000000000000000000000000043c33c19375648000000000000000000000000000000000000000000000000000003de240f633cf4ae500000000000000000000000000000000000000000000000000000000000000a0000000000000000000000000710da7a06b0c66a18fed27dfa53d937c69ed3b2c000000000000000000000000000000000000000000000000000000005f75dda200000000000000000000000000000000000000000000000000000000000000020000000000000000000000000f5d2fb29fb7d3cfee444a200298f468908cc942000000000000000000000000c02aaa39b223fe8d0a0e5c4f27ead9083c756cc2,0x18cbafe5,"swapExactTokensForETH(uint256 amountIn, uint256 amountOutMin, address[] path, address to, uint256 deadline)",,3560829,1,126877,14426230,0
10970424,0x35e19cc719d8dd27c7f78d1c724e34c35c7121822ed3788f569b74a4ffc5d9d4,1601558862,0x8b7c2cf0f9b86bdb534d426e39774a6956af973449e21c0b2abf6c96678df371,60,37,0x710da7a06b0c66a18fed27dfa53d937c69ed3b2c,0x7a250d5630b4cf539739df2c5dacb4c659f2488d,0,167374,73000000000,0x18cbafe500000000000000000000000000000000000000000000043c33c19375648000000000000000000000000000000000000000000000000000003c3736dc3e5f137f00000000000000000000000000000000000000000000000000000000000000a0000000000000000000000000710da7a06b0c66a18fed27dfa53d937c69ed3b2c000000000000000000000000000000000000000000000000000000005f75ddcd00000000000000000000000000000000000000000000000000000000000000020000000000000000000000000f5d2fb29fb7d3cfee444a200298f468908cc942000000000000000000000000c02aaa39b223fe8d0a0e5c4f27ead9083c756cc2,0x18cbafe5,"swapExactTokensForETH(uint256 amountIn, uint256 amountOutMin, address[] path, address to, uint256 deadline)",,3307243,1,126877,14426223,0
10970429,0x032324f735e210890109a28c83b13db9b9e87f743368981f3d776ddbcf3c92cb,1601558905,0x7058897c79c1596832469058bde2181122804ab4d613888655951dfe870caf43,61,124,0x710da7a06b0c66a18fed27dfa53d937c69ed3b2c,0x7a250d5630b4cf539739df2c5dacb4c659f2488d,0,167374,74000000000,0x18cbafe500000000000000000000000000000000000000000000043c33c19375648000000000000000000000000000000000000000000000000000003d05abd12f76495300000000000000000000000000000000000000000000000000000000000000a0000000000000000000000000710da7a06b0c66a18fed27dfa53d937c69ed3b2c000000000000000000000000000000000000000000000000000000005f75de1900000000000000000000000000000000000000000000000000000000000000020000000000000000000000000f5d2fb29fb7d3cfee444a200298f468908cc942000000000000000000000000c02aaa39b223fe8d0a0e5c4f27ead9083c756cc2,0x18cbafe5,"swapExactTokensForETH(uint256 amountIn, uint256 amountOutMin, address[] path, address to, uint256 deadline)",,9260773,1,126877,14426218,0
10970434,0x7d8bcb38f338b4426f1cb4342111b2d93c12a812baab86e1703c1447e3e060a2,1601558986,0x7e39fa42399ae2ff794d26997608d33fa26a26bb523283e70c165732fdb92294,62,101,0x710da7a06b0c66a18fed27dfa53d937c69ed3b2c,0x7a250d5630b4cf539739df2c5dacb4c659f2488d,0,167374,73000000000,0x18cbafe500000000000000000000000000000000000000000000043c33c19375648000000000000000000000000000000000000000000000000000003d05abd12f76495300000000000000000000000000000000000000000000000000000000000000a0000000000000000000000000710da7a06b0c66a18fed27dfa53d937c69ed3b2c000000000000000000000000000000000000000000000000000000005f75de2500000000000000000000000000000000000000000000000000000000000000020000000000000000000000000f5d2fb29fb7d3cfee444a200298f468908cc942000000000000000000000000c02aaa39b223fe8d0a0e5c4f27ead9083c756cc2,0x18cbafe5,"swapExactTokensForETH(uint256 amountIn, uint256 amountOutMin, address[] path, address to, uint256 deadline)",,7507105,1,126877,14426213,0
10970442,0x133915ad9a8aae66012f507aea4e84fd15da2e56a8b9c8ff9dad269122bb9c63,1601559136,0x8512efd7fe01912eb485aab893fbfc4656276b509fcd00feafad3000b94ee9c0,63,115,0x710da7a06b0c66a18fed27dfa53d937c69ed3b2c,0x7a250d5630b4cf539739df2c5dacb4c659f2488d,0,167374,73000000000,0x18cbafe500000000000000000000000000000000000000000000043c33c19375648000000000000000000000000000000000000000000000000000003d13b1be482c2a5d00000000000000000000000000000000000000000000000000000000000000a0000000000000000000000000710da7a06b0c66a18fed27dfa53d937c69ed3b2c000000000000000000000000000000000000000000000000000000005f75de9c00000000000000000000000000000000000000000000000000000000000000020000000000000000000000000f5d2fb29fb7d3cfee444a200298f468908cc942000000000000000000000000c02aaa39b223fe8d0a0e5c4f27ead9083c756cc2,0x18cbafe5,"swapExactTokensForETH(uint256 amountIn, uint256 amountOutMin, address[] path, address to, uint256 deadline)",,8230851,1,126877,14426205,0
10970442,0x133915ad9a8aae66012f507aea4e84fd15da2e56a8b9c8ff9dad269122bb9c63,1601559136,0x48d8dcb96e75851b86e1db0a5f0187e0938662fe68880bc108745e86e3560efd,64,116,0x710da7a06b0c66a18fed27dfa53d937c69ed3b2c,0x7a250d5630b4cf539739df2c5dacb4c659f2488d,0,167374,73000000000,0x18cbafe500000000000000000000000000000000000000000000043c33c19375648000000000000000000000000000000000000000000000000000003d13b1be482c2a5d00000000000000000000000000000000000000000000000000000000000000a0000000000000000000000000710da7a06b0c66a18fed27dfa53d937c69ed3b2c000000000000000000000000000000000000000000000000000000005f75dea800000000000000000000000000000000000000000000000000000000000000020000000000000000000000000f5d2fb29fb7d3cfee444a200298f468908cc942000000000000000000000000c02aaa39b223fe8d0a0e5c4f27ead9083c756cc2,0x18cbafe5,"swapExactTokensForETH(uint256 amountIn, uint256 amountOutMin, address[] path, address to, uint256 deadline)",,8259965,0,29114,14426205,1
10970449,0x149d13150c7a8929cd262cc4e7ce942cf769162bb4afbd80942bb58cc876b633,1601559227,0xedf2902ed84996897e28059068a00777c398676172f9f256b7e20e8a6aef3f19,65,128,0x710da7a06b0c66a18fed27dfa53d937c69ed3b2c,0x7a250d5630b4cf539739df2c5dacb4c659f2488d,0,167374,73000000000,0x18cbafe500000000000000000000000000000000000000000000043c33c19375648000000000000000000000000000000000000000000000000000003d08ea22414625ab00000000000000000000000000000000000000000000000000000000000000a0000000000000000000000000710da7a06b0c66a18fed27dfa53d937c69ed3b2c000000000000000000000000000000000000000000000000000000005f75df2600000000000000000000000000000000000000000000000000000000000000020000000000000000000000000f5d2fb29fb7d3cfee444a200298f468908cc942000000000000000000000000c02aaa39b223fe8d0a0e5c4f27ead9083c756cc2,0x18cbafe5,"swapExactTokensForETH(uint256 amountIn, uint256 amountOutMin, address[] path, address to, uint256 deadline)",,8319658,1,126877,14426198,0
10970459,0x248b43574b7d44a60434deeca4fdb3d83c52d4945e350effcccb8fb59ab38766,1601559335,0xb77d137bb7e67526e3c221da7444a48cf6959694550c670c493bdf416103a79e,66,189,0x710da7a06b0c66a18fed27dfa53d937c69ed3b2c,0x7a250d5630b4cf539739df2c5dacb4c659f2488d,0,167374,73000000000,0x18cbafe500000000000000000000000000000000000000000000043c33c19375648000000000000000000000000000000000000000000000000000003d08e6f9e61ad61b00000000000000000000000000000000000000000000000000000000000000a0000000000000000000000000710da7a06b0c66a18fed27dfa53d937c69ed3b2c000000000000000000000000000000000000000000000000000000005f75df7900000000000000000000000000000000000000000000000000000000000000020000000000000000000000000f5d2fb29fb7d3cfee444a200298f468908cc942000000000000000000000000c02aaa39b223fe8d0a0e5c4f27ead9083c756cc2,0x18cbafe5,"swapExactTokensForETH(uint256 amountIn, uint256 amountOutMin, address[] path, address to, uint256 deadline)",,10415709,1,126877,14426188,0
10970462,0x060d29ea213a26fafdaff315d1887d567cacca2fed34cac9df6d13317414d473,1601559372,0x14b3ea4f5183b70fb2db317583fe66e154c22c84a98ca546d9e48c42ecf9d07c,67,106,0x710da7a06b0c66a18fed27dfa53d937c69ed3b2c,0x7a250d5630b4cf539739df2c5dacb4c659f2488d,0,154157,73000000000,0x18cbafe500000000000000000000000000000000000000000000043c33c19375648000000000000000000000000000000000000000000000000000003d08e6f9e61ad61b00000000000000000000000000000000000000000000000000000000000000a0000000000000000000000000710da7a06b0c66a18fed27dfa53d937c69ed3b2c000000000000000000000000000000000000000000000000000000005f75dfd600000000000000000000000000000000000000000000000000000000000000020000000000000000000000000f5d2fb29fb7d3cfee444a200298f468908cc942000000000000000000000000c02aaa39b223fe8d0a0e5c4f27ead9083c756cc2,0x18cbafe5,"swapExactTokensForETH(uint256 amountIn, uint256 amountOutMin, address[] path, address to, uint256 deadline)",,7304963,1,126877,14426185,0
10970465,0x094ef8ca5541a8cda9047735bf715033f2a9de49c395e4945dae5e7d94a38f51,1601559391,0xc3eaf03bd851c5b3d4d4dbe5a014c92141095d1f6656e2c1321a7b22bd74a659,68,117,0x710da7a06b0c66a18fed27dfa53d937c69ed3b2c,0x7a250d5630b4cf539739df2c5dacb4c659f2488d,0,154157,73000000000,0x18cbafe500000000000000000000000000000000000000000000043c33c19375648000000000000000000000000000000000000000000000000000003cf93d84fcb5fa5400000000000000000000000000000000000000000000000000000000000000a0000000000000000000000000710da7a06b0c66a18fed27dfa53d937c69ed3b2c000000000000000000000000000000000000000000000000000000005f75dfd700000000000000000000000000000000000000000000000000000000000000020000000000000000000000000f5d2fb29fb7d3cfee444a200298f468908cc942000000000000000000000000c02aaa39b223fe8d0a0e5c4f27ead9083c756cc2,0x18cbafe5,"swapExactTokensForETH(uint256 amountIn, uint256 amountOutMin, address[] path, address to, uint256 deadline)",,7726231,1,126877,14426182,0
10970466,0xa3c16ad4127c488c944b75254426f2adf686314efad800155361a41a7d9d03fd,1601559401,0x89500a89d99a83180f25773c51579d2ec3a94cdeb6c2559d25fb3c521c6e0969,69,51,0x710da7a06b0c66a18fed27dfa53d937c69ed3b2c,0x7a250d5630b4cf539739df2c5dacb4c659f2488d,0,167374,73000000000,0x18cbafe500000000000000000000000000000000000000000000043c33c19375648000000000000000000000000000000000000000000000000000003cf93d84fcb5fa5400000000000000000000000000000000000000000000000000000000000000a0000000000000000000000000710da7a06b0c66a18fed27dfa53d937c69ed3b2c000000000000000000000000000000000000000000000000000000005f75dfd700000000000000000000000000000000000000000000000000000000000000020000000000000000000000000f5d2fb29fb7d3cfee444a200298f468908cc942000000000000000000000000c02aaa39b223fe8d0a0e5c4f27ead9083c756cc2,0x18cbafe5,"swapExactTokensForETH(uint256 amountIn, uint256 amountOutMin, address[] path, address to, uint256 deadline)",,3370978,1,126877,14426181,0
10970470,0xc40b859b14531af096d7fd0c91b3bd5232ba88f6a726b70c99730e6f205bed20,1601559435,0x03eae5b1b19c286e56576c23cdc85128d60b6fd65e0e0689e27450a6ca5f093c,70,120,0x710da7a06b0c66a18fed27dfa53d937c69ed3b2c,0x7a250d5630b4cf539739df2c5dacb4c659f2488d,0,167374,73000000000,0x18cbafe500000000000000000000000000000000000000000000043c33c19375648000000000000000000000000000000000000000000000000000003cf94940e7232b5300000000000000000000000000000000000000000000000000000000000000a0000000000000000000000000710da7a06b0c66a18fed27dfa53d937c69ed3b2c000000000000000000000000000000000000000000000000000000005f75e01900000000000000000000000000000000000000000000000000000000000000020000000000000000000000000f5d2fb29fb7d3cfee444a200298f468908cc942000000000000000000000000c02aaa39b223fe8d0a0e5c4f27ead9083c756cc2,0x18cbafe5,"swapExactTokensForETH(uint256 amountIn, uint256 amountOutMin, address[] path, address to, uint256 deadline)",,7678640,1,126877,14426177,0
10970472,0x919b6bc6532acf862edb4ce0d3853e1ab4de385984ecac7e1c06a01ec5a30023,1601559453,0x7ba50a714c6072992cdb324501c7028bf408500d0a7217c8d20f62de99b950d6,71,188,0x710da7a06b0c66a18fed27dfa53d937c69ed3b2c,0x7a250d5630b4cf539739df2c5dacb4c659f2488d,0,167374,70000000000,0x18cbafe500000000000000000000000000000000000000000000043c33c19375648000000000000000000000000000000000000000000000000000003cf94940e7232b5300000000000000000000000000000000000000000000000000000000000000a0000000000000000000000000710da7a06b0c66a18fed27dfa53d937c69ed3b2c000000000000000000000000000000000000000000000000000000005f75e01900000000000000000000000000000000000000000000000000000000000000020000000000000000000000000f5d2fb29fb7d3cfee444a200298f468908cc942000000000000000000000000c02aaa39b223fe8d0a0e5c4f27ead9083c756cc2,0x18cbafe5,"swapExactTokensForETH(uint256 amountIn, uint256 amountOutMin, address[] path, address to, uint256 deadline)",,10638694,1,126877,14426175,0
10970474,0x7307c502b1860987aa4dc1cd9be300c7b6ef18e973b73c753827bac7dcdd5c61,1601559486,0x840110e63cecb0142aecc1e54434b6d9c7b2b4b57370a1bb88a152a1783ece56,72,105,0x710da7a06b0c66a18fed27dfa53d937c69ed3b2c,0x7a250d5630b4cf539739df2c5dacb4c659f2488d,0,167374,70000000000,0x18cbafe500000000000000000000000000000000000000000000043c33c19375648000000000000000000000000000000000000000000000000000003cf94940e7232b5300000000000000000000000000000000000000000000000000000000000000a0000000000000000000000000710da7a06b0c66a18fed27dfa53d937c69ed3b2c000000000000000000000000000000000000000000000000000000005f75e04900000000000000000000000000000000000000000000000000000000000000020000000000000000000000000f5d2fb29fb7d3cfee444a200298f468908cc942000000000000000000000000c02aaa39b223fe8d0a0e5c4f27ead9083c756cc2,0x18cbafe5,"swapExactTokensForETH(uint256 amountIn, uint256 amountOutMin, address[] path, address to, uint256 deadline)",,8498575,1,126877,14426173,0
10970474,0x7307c502b1860987aa4dc1cd9be300c7b6ef18e973b73c753827bac7dcdd5c61,1601559486,0xa4a10b7f69f57bd28531c156e205779da0986082f7963e5a4d22bce812099549,73,131,0x710da7a06b0c66a18fed27dfa53d937c69ed3b2c,0x7a250d5630b4cf539739df2c5dacb4c659f2488d,0,154157,70000000000,0x18cbafe500000000000000000000000000000000000000000000043c33c19375648000000000000000000000000000000000000000000000000000003cf93fc288f11f4100000000000000000000000000000000000000000000000000000000000000a0000000000000000000000000710da7a06b0c66a18fed27dfa53d937c69ed3b2c000000000000000000000000000000000000000000000000000000005f75e04d00000000000000000000000000000000000000000000000000000000000000020000000000000000000000000f5d2fb29fb7d3cfee444a200298f468908cc942000000000000000000000000c02aaa39b223fe8d0a0e5c4f27ead9083c756cc2,0x18cbafe5,"swapExactTokensForETH(uint256 amountIn, uint256 amountOutMin, address[] path, address to, uint256 deadline)",,11359714,1,114861,14426173,0
10970479,0xd9c5cb83382636baac82bb573f0f4a35e72c19847c5a8d434c8c5ebd44106fc6,1601559545,0x1d359de739594db5e52724ebd886f5f18b598df4deca95b22d80d0d2e95c8c8f,74,92,0x710da7a06b0c66a18fed27dfa53d937c69ed3b2c,0x7a250d5630b4cf539739df2c5dacb4c659f2488d,0,167374,70000000000,0x18cbafe500000000000000000000000000000000000000000000043c33c19375648000000000000000000000000000000000000000000000000000003cf93bf1e3670fae00000000000000000000000000000000000000000000000000000000000000a0000000000000000000000000710da7a06b0c66a18fed27dfa53d937c69ed3b2c000000000000000000000000000000000000000000000000000000005f75e07700000000000000000000000000000000000000000000000000000000000000020000000000000000000000000f5d2fb29fb7d3cfee444a200298f468908cc942000000000000000000000000c02aaa39b223fe8d0a0e5c4f27ead9083c756cc2,0x18cbafe5,"swapExactTokensForETH(uint256 amountIn, uint256 amountOutMin, address[] path, address to, uint256 deadline)",,6337700,1,126877,14426168,0
10970479,0xd9c5cb83382636baac82bb573f0f4a35e72c19847c5a8d434c8c5ebd44106fc6,1601559545,0x254572b0f26d11e1662deb6817a7f17280409de4c6968bf6b2b80e539d943dbc,75,111,0x710da7a06b0c66a18fed27dfa53d937c69ed3b2c,0x7a250d5630b4cf539739df2c5dacb4c659f2488d,0,167374,70000000000,0x18cbafe500000000000000000000000000000000000000000000043c33c19375648000000000000000000000000000000000000000000000000000003cf93bf1e3670fae00000000000000000000000000000000000000000000000000000000000000a0000000000000000000000000710da7a06b0c66a18fed27dfa53d937c69ed3b2c000000000000000000000000000000000000000000000000000000005f75e07a00000000000000000000000000000000000000000000000000000000000000020000000000000000000000000f5d2fb29fb7d3cfee444a200298f468908cc942000000000000000000000000c02aaa39b223fe8d0a0e5c4f27ead9083c756cc2,0x18cbafe5,"swapExactTokensForETH(uint256 amountIn, uint256 amountOutMin, address[] path, address to, uint256 deadline)",,9255417,1,114861,14426168,0
10970480,0x4d61a018e42935217fe82fd38606a371dde62813e2537b6dcd086312fc5b837f,1601559553,0xe42bd394271aa24f7119011b6966f095397811ccc455f7cfa25f51bdd819d937,76,18,0x710da7a06b0c66a18fed27dfa53d937c69ed3b2c,0x7a250d5630b4cf539739df2c5dacb4c659f2488d,0,167374,70000000000,0x18cbafe500000000000000000000000000000000000000000000043c33c19375648000000000000000000000000000000000000000000000000000003cf93bf1e3670fae00000000000000000000000000000000000000000000000000000000000000a0000000000000000000000000710da7a06b0c66a18fed27dfa53d937c69ed3b2c000000000000000000000000000000000000000000000000000000005f75e07a00000000000000000000000000000000000000000000000000000000000000020000000000000000000000000f5d2fb29fb7d3cfee444a200298f468908cc942000000000000000000000000c02aaa39b223fe8d0a0e5c4f27ead9083c756cc2,0x18cbafe5,"swapExactTokensForETH(uint256 amountIn, uint256 amountOutMin, address[] path, address to, uint256 deadline)",,1994136,1,126877,14426167,0
10970497,0x678865983484810d4b5d1dda55679624cc4abec329ec0410817cc71757e0e359,1601559760,0xa2d7f6d7931db01bd4edb345072c18ba94448b7466071247172ce7c3a8341011,77,59,0x710da7a06b0c66a18fed27dfa53d937c69ed3b2c,0x7a250d5630b4cf539739df2c5dacb4c659f2488d,0,167374,69300000000,0x18cbafe500000000000000000000000000000000000000000000043c33c19375648000000000000000000000000000000000000000000000000000003da08dcb25fd53db00000000000000000000000000000000000000000000000000000000000000a0000000000000000000000000710da7a06b0c66a18fed27dfa53d937c69ed3b2c000000000000000000000000000000000000000000000000000000005f75e10300000000000000000000000000000000000000000000000000000000000000020000000000000000000000000f5d2fb29fb7d3cfee444a200298f468908cc942000000000000000000000000c02aaa39b223fe8d0a0e5c4f27ead9083c756cc2,0x18cbafe5,"swapExactTokensForETH(uint256 amountIn, uint256 amountOutMin, address[] path, address to, uint256 deadline)",,7477709,1,126877,14426150,0
10970497,0x678865983484810d4b5d1dda55679624cc4abec329ec0410817cc71757e0e359,1601559760,0x91ba9157c0876590dc2e63201a2c89a8be0215dd3f58d9ae7363868fd59e8a10,78,85,0x710da7a06b0c66a18fed27dfa53d937c69ed3b2c,0x7a250d5630b4cf539739df2c5dacb4c659f2488d,0,167374,69300000000,0x18cbafe500000000000000000000000000000000000000000000043c33c19375648000000000000000000000000000000000000000000000000000003da08dcb25fd53db00000000000000000000000000000000000000000000000000000000000000a0000000000000000000000000710da7a06b0c66a18fed27dfa53d937c69ed3b2c000000000000000000000000000000000000000000000000000000005f75e10300000000000000000000000000000000000000000000000000000000000000020000000000000000000000000f5d2fb29fb7d3cfee444a200298f468908cc942000000000000000000000000c02aaa39b223fe8d0a0e5c4f27ead9083c756cc2,0x18cbafe5,"swapExactTokensForETH(uint256 amountIn, uint256 amountOutMin, address[] path, address to, uint256 deadline)",,9719398,0,29114,14426150,1
10970497,0x678865983484810d4b5d1dda55679624cc4abec329ec0410817cc71757e0e359,1601559760,0x24bb2dcf594a56c882316dc978e93e7a45d89a7dcb72513022cc467899f9510b,79,100,0x710da7a06b0c66a18fed27dfa53d937c69ed3b2c,0x7a250d5630b4cf539739df2c5dacb4c659f2488d,0,167374,69300000000,0x18cbafe500000000000000000000000000000000000000000000043c33c19375648000000000000000000000000000000000000000000000000000003da08dcb25fd53db00000000000000000000000000000000000000000000000000000000000000a0000000000000000000000000710da7a06b0c66a18fed27dfa53d937c69ed3b2c000000000000000000000000000000000000000000000000000000005f75e10700000000000000000000000000000000000000000000000000000000000000020000000000000000000000000f5d2fb29fb7d3cfee444a200298f468908cc942000000000000000000000000c02aaa39b223fe8d0a0e5c4f27ead9083c756cc2,0x18cbafe5,"swapExactTokensForETH(uint256 amountIn, uint256 amountOutMin, address[] path, address to, uint256 deadline)",,11037591,0,29114,14426150,1
10970497,0x678865983484810d4b5d1dda55679624cc4abec329ec0410817cc71757e0e359,1601559760,0xb7a6b48c2e226e6208d37cc755b2191cb3869f3a0fb1754d8c21d98c9e02d44a,80,101,0x710da7a06b0c66a18fed27dfa53d937c69ed3b2c,0x7a250d5630b4cf539739df2c5dacb4c659f2488d,0,167374,70000000000,0x18cbafe500000000000000000000000000000000000000000000043c33c19375648000000000000000000000000000000000000000000000000000003da08dcb25fd53db00000000000000000000000000000000000000000000000000000000000000a0000000000000000000000000710da7a06b0c66a18fed27dfa53d937c69ed3b2c000000000000000000000000000000000000000000000000000000005f75e10700000000000000000000000000000000000000000000000000000000000000020000000000000000000000000f5d2fb29fb7d3cfee444a200298f468908cc942000000000000000000000000c02aaa39b223fe8d0a0e5c4f27ead9083c756cc2,0x18cbafe5,"swapExactTokensForETH(uint256 amountIn, uint256 amountOutMin, address[] path, address to, uint256 deadline)",,11066705,0,29114,14426150,1
10970497,0x678865983484810d4b5d1dda55679624cc4abec329ec0410817cc71757e0e359,1601559760,0x46e5c59883066554824564e65a3a454c64cfaae645ba588fd8a9d5873e05c12a,81,102,0x710da7a06b0c66a18fed27dfa53d937c69ed3b2c,0x7a250d5630b4cf539739df2c5dacb4c659f2488d,0,167374,70000000000,0x18cbafe500000000000000000000000000000000000000000000043c33c19375648000000000000000000000000000000000000000000000000000003da08dcb25fd53db00000000000000000000000000000000000000000000000000000000000000a0000000000000000000000000710da7a06b0c66a18fed27dfa53d937c69ed3b2c000000000000000000000000000000000000000000000000000000005f75e13600000000000000000000000000000000000000000000000000000000000000020000000000000000000000000f5d2fb29fb7d3cfee444a200298f468908cc942000000000000000000000000c02aaa39b223fe8d0a0e5c4f27ead9083c756cc2,0x18cbafe5,"swapExactTokensForETH(uint256 amountIn, uint256 amountOutMin, address[] path, address to, uint256 deadline)",,11095819,0,29114,14426150,1
10970497,0x678865983484810d4b5d1dda55679624cc4abec329ec0410817cc71757e0e359,1601559760,0xed8e845743666a4569537d5f191dbbc274238be391161d402f11b2900a8f44d7,82,103,0x710da7a06b0c66a18fed27dfa53d937c69ed3b2c,0x7a250d5630b4cf539739df2c5dacb4c659f2488d,0,167374,70000000000,0x18cbafe500000000000000000000000000000000000000000000043c33c19375648000000000000000000000000000000000000000000000000000003da08dcb25fd53db00000000000000000000000000000000000000000000000000000000000000a0000000000000000000000000710da7a06b0c66a18fed27dfa53d937c69ed3b2c000000000000000000000000000000000000000000000000000000005f75e13600000000000000000000000000000000000000000000000000000000000000020000000000000000000000000f5d2fb29fb7d3cfee444a200298f468908cc942000000000000000000000000c02aaa39b223fe8d0a0e5c4f27ead9083c756cc2,0x18cbafe5,"swapExactTokensForETH(uint256 amountIn, uint256 amountOutMin, address[] path, address to, uint256 deadline)",,11124933,0,29114,14426150,1
10970498,0xe5caf97e000cb9a9ac3aa2bf26f385f79f19b68df9f1d29d510e032839024f6c,1601559770,0x4150fdbb644979953e049406fc9388ee1ca760f20b2ef3b0347a7befd154501a,83,2,0x710da7a06b0c66a18fed27dfa53d937c69ed3b2c,0x7a250d5630b4cf539739df2c5dacb4c659f2488d,0,167374,150000000000,0x18cbafe500000000000000000000000000000000000000000000043c33c19375648000000000000000000000000000000000000000000000000000003da08dcb25fd53db00000000000000000000000000000000000000000000000000000000000000a0000000000000000000000000710da7a06b0c66a18fed27dfa53d937c69ed3b2c000000000000000000000000000000000000000000000000000000005f75e15100000000000000000000000000000000000000000000000000000000000000020000000000000000000000000f5d2fb29fb7d3cfee444a200298f468908cc942000000000000000000000000c02aaa39b223fe8d0a0e5c4f27ead9083c756cc2,0x18cbafe5,"swapExactTokensForETH(uint256 amountIn, uint256 amountOutMin, address[] path, address to, uint256 deadline)",,76323,0,29114,14426149,1
10970504,0x723de26a78dd75a0c18e201334c9fbcc65e4699a675f11940fa3e91e552df1f2,1601559851,0xbdcba9042f23997c1882116249b5e7f765b96b42c5f2f2ca1c5cd0a018b19513,84,14,0x710da7a06b0c66a18fed27dfa53d937c69ed3b2c,0x7a250d5630b4cf539739df2c5dacb4c659f2488d,0,167374,150000000000,0x18cbafe500000000000000000000000000000000000000000000043c33c19375648000000000000000000000000000000000000000000000000000003c8c88bb3b703d7900000000000000000000000000000000000000000000000000000000000000a0000000000000000000000000710da7a06b0c66a18fed27dfa53d937c69ed3b2c000000000000000000000000000000000000000000000000000000005f75e1c600000000000000000000000000000000000000000000000000000000000000020000000000000000000000000f5d2fb29fb7d3cfee444a200298f468908cc942000000000000000000000000c02aaa39b223fe8d0a0e5c4f27ead9083c756cc2,0x18cbafe5,"swapExactTokensForETH(uint256 amountIn, uint256 amountOutMin, address[] path, address to, uint256 deadline)",,524042,1,126877,14426143,0
10970507,0xa6ed0f4b50b1722fef8d5e611ee35b3a9eefbba76c09d2a7dbd7e3957e5e9699,1601559935,0xb7fd47ccfd125025f6a76182ef4c49bb8f1f84458e934b4dead0cf646b96d721,85,4,0x710da7a06b0c66a18fed27dfa53d937c69ed3b2c,0x7a250d5630b4cf539739df2c5dacb4c659f2488d,0,154157,150000000000,0x18cbafe500000000000000000000000000000000000000000000043c33c19375648000000000000000000000000000000000000000000000000000003a2d161d716a4bfd00000000000000000000000000000000000000000000000000000000000000a0000000000000000000000000710da7a06b0c66a18fed27dfa53d937c69ed3b2c000000000000000000000000000000000000000000000000000000005f75e1db00000000000000000000000000000000000000000000000000000000000000020000000000000000000000000f5d2fb29fb7d3cfee444a200298f468908cc942000000000000000000000000c02aaa39b223fe8d0a0e5c4f27ead9083c756cc2,0x18cbafe5,"swapExactTokensForETH(uint256 amountIn, uint256 amountOutMin, address[] path, address to, uint256 deadline)",,314206,1,126877,14426140,0
10970511,0xacfead96c58431c2680c3e10d392fd0cab6f17a12e9fd9a1825569af131235fc,1601559971,0x3b4206398dcd6f250a91fd0c1e29f212f45f90ba6d524ba300c143ab05a5603e,86,35,0x710da7a06b0c66a18fed27dfa53d937c69ed3b2c,0x7a250d5630b4cf539739df2c5dacb4c659f2488d,0,167374,150000000000,0x18cbafe500000000000000000000000000000000000000000000043c33c19375648000000000000000000000000000000000000000000000000000003c87dff98b0b3b9000000000000000000000000000000000000000000000000000000000000000a0000000000000000000000000710da7a06b0c66a18fed27dfa53d937c69ed3b2c000000000000000000000000000000000000000000000000000000005f75e24f00000000000000000000000000000000000000000000000000000000000000020000000000000000000000000f5d2fb29fb7d3cfee444a200298f468908cc942000000000000000000000000c02aaa39b223fe8d0a0e5c4f27ead9083c756cc2,0x18cbafe5,"swapExactTokensForETH(uint256 amountIn, uint256 amountOutMin, address[] path, address to, uint256 deadline)",,1987517,1,126877,14426136,0
10970515,0x4b54c1b22378c09ca02e37d16cf82384e4afc98e3d6d3728f467293f45527d5e,1601560087,0xd7899c060b8ab6312131254d7f598237f0ff1491838c021d996fbe144e947c04,87,11,0x710da7a06b0c66a18fed27dfa53d937c69ed3b2c,0x7a250d5630b4cf539739df2c5dacb4c659f2488d,0,167374,150000000000,0x18cbafe500000000000000000000000000000000000000000000043c33c19375648000000000000000000000000000000000000000000000000000003c87dff98b0b3b9000000000000000000000000000000000000000000000000000000000000000a0000000000000000000000000710da7a06b0c66a18fed27dfa53d937c69ed3b2c000000000000000000000000000000000000000000000000000000005f75e25300000000000000000000000000000000000000000000000000000000000000020000000000000000000000000f5d2fb29fb7d3cfee444a200298f468908cc942000000000000000000000000c02aaa39b223fe8d0a0e5c4f27ead9083c756cc2,0x18cbafe5,"swapExactTokensForETH(uint256 amountIn, uint256 amountOutMin, address[] path, address to, uint256 deadline)",,826825,1,126877,14426132,0
10970521,0x855c4557a5e7e1dac9ee8e97e8a3e8533fe299ecc43dff90b7eff08cd841c881,1601560175,0x1d3dfca6f0e4903c3841abb45fea53cc2ceece7c04198e03ef7a9a089d32db76,88,6,0x710da7a06b0c66a18fed27dfa53d937c69ed3b2c,0x7a250d5630b4cf539739df2c5dacb4c659f2488d,0,167374,150000000000,0x18cbafe500000000000000000000000000000000000000000000043c33c19375648000000000000000000000000000000000000000000000000000003c97b222b182419800000000000000000000000000000000000000000000000000000000000000a0000000000000000000000000710da7a06b0c66a18fed27dfa53d937c69ed3b2c000000000000000000000000000000000000000000000000000000005f75e2f200000000000000000000000000000000000000000000000000000000000000020000000000000000000000000f5d2fb29fb7d3cfee444a200298f468908cc942000000000000000000000000c02aaa39b223fe8d0a0e5c4f27ead9083c756cc2,0x18cbafe5,"swapExactTokensForETH(uint256 amountIn, uint256 amountOutMin, address[] path, address to, uint256 deadline)",,492743,1,126877,14426126,0
10970525,0xbc448ab89d1ad5e724ab1f14613939edd853cd5a7c87f7d096cf8f4976b46c45,1601560230,0xce05c532d69e91640760c44304b249e59b11b327ab614f73ae61ee1a7cb97aff,89,34,0x710da7a06b0c66a18fed27dfa53d937c69ed3b2c,0x7a250d5630b4cf539739df2c5dacb4c659f2488d,0,154157,150000000000,0x18cbafe500000000000000000000000000000000000000000000043c33c19375648000000000000000000000000000000000000000000000000000003a460e9b656a223f00000000000000000000000000000000000000000000000000000000000000a0000000000000000000000000710da7a06b0c66a18fed27dfa53d937c69ed3b2c000000000000000000000000000000000000000000000000000000005f75e31f00000000000000000000000000000000000000000000000000000000000000020000000000000000000000000f5d2fb29fb7d3cfee444a200298f468908cc942000000000000000000000000c02aaa39b223fe8d0a0e5c4f27ead9083c756cc2,0x18cbafe5,"swapExactTokensForETH(uint256 amountIn, uint256 amountOutMin, address[] path, address to, uint256 deadline)",,1468539,1,126877,14426122,0
10970534,0x71eca6dc2770ab803265d69bd3062e877bfea4b4ca016d7341724ca60dfb3214,1601560320,0x7b16d3e32d7c00215979d298df9ef60cf1ee11279e0e3f611f2d45587649df04,90,17,0x710da7a06b0c66a18fed27dfa53d937c69ed3b2c,0x7a250d5630b4cf539739df2c5dacb4c659f2488d,0,167374,150000000000,0x18cbafe500000000000000000000000000000000000000000000043c33c19375648000000000000000000000000000000000000000000000000000003cea1cdda1b285ae00000000000000000000000000000000000000000000000000000000000000a0000000000000000000000000710da7a06b0c66a18fed27dfa53d937c69ed3b2c000000000000000000000000000000000000000000000000000000005f75e37900000000000000000000000000000000000000000000000000000000000000020000000000000000000000000f5d2fb29fb7d3cfee444a200298f468908cc942000000000000000000000000c02aaa39b223fe8d0a0e5c4f27ead9083c756cc2,0x18cbafe5,"swapExactTokensForETH(uint256 amountIn, uint256 amountOutMin, address[] path, address to, uint256 deadline)",,955121,1,126877,14426113,0
10970617,0xb4a4d8f1c0a14eefa361291dded45656ef5475dc5ad4b430bbdd9ff018cec88f,1601561635,0x70f480a5e32b0c188b9014f09b3d1f200394f2c31143f96c4c4f147418d6c4dc,91,14,0x710da7a06b0c66a18fed27dfa53d937c69ed3b2c,0x7a250d5630b4cf539739df2c5dacb4c659f2488d,0,167374,150000000000,0x18cbafe500000000000000000000000000000000000000000000043c33c19375648000000000000000000000000000000000000000000000000000003cea1cdda1b285ae00000000000000000000000000000000000000000000000000000000000000a0000000000000000000000000710da7a06b0c66a18fed27dfa53d937c69ed3b2c000000000000000000000000000000000000000000000000000000005f75e89600000000000000000000000000000000000000000000000000000000000000020000000000000000000000000f5d2fb29fb7d3cfee444a200298f468908cc942000000000000000000000000c02aaa39b223fe8d0a0e5c4f27ead9083c756cc2,0x18cbafe5,"swapExactTokensForETH(uint256 amountIn, uint256 amountOutMin, address[] path, address to, uint256 deadline)",,836815,1,126877,14426030,0
10970622,0xd9c9fee6f1ebcf92025e49b2843aa80f8ec796f4c7ed8d16a286728cf089c938,1601561755,0x3fca3fece14e34e765585e003cf19d3d59bb559376d0e02a10dc38babb111ea8,92,7,0x710da7a06b0c66a18fed27dfa53d937c69ed3b2c,0x7a250d5630b4cf539739df2c5dacb4c659f2488d,0,167374,150000000000,0x18cbafe500000000000000000000000000000000000000000000043c33c19375648000000000000000000000000000000000000000000000000000003cf5958436ea717800000000000000000000000000000000000000000000000000000000000000a0000000000000000000000000710da7a06b0c66a18fed27dfa53d937c69ed3b2c000000000000000000000000000000000000000000000000000000005f75e90c00000000000000000000000000000000000000000000000000000000000000020000000000000000000000000f5d2fb29fb7d3cfee444a200298f468908cc942000000000000000000000000c02aaa39b223fe8d0a0e5c4f27ead9083c756cc2,0x18cbafe5,"swapExactTokensForETH(uint256 amountIn, uint256 amountOutMin, address[] path, address to, uint256 deadline)",,431552,1,126877,14426025,0
10970627,0xd17dbaf31acccacac42e509ad0b559a3cbf521dc80f30c715cc8f20f8c96d0c8,1601561843,0x696e4567add347e3b25b36ae44731927eb4deec17a89352342ce1aeb5976a7e2,93,9,0x710da7a06b0c66a18fed27dfa53d937c69ed3b2c,0x7a250d5630b4cf539739df2c5dacb4c659f2488d,0,167374,150000000000,0x18cbafe500000000000000000000000000000000000000000000043c33c19375648000000000000000000000000000000000000000000000000000003d0119342b6021e100000000000000000000000000000000000000000000000000000000000000a0000000000000000000000000710da7a06b0c66a18fed27dfa53d937c69ed3b2c000000000000000000000000000000000000000000000000000000005f75e95400000000000000000000000000000000000000000000000000000000000000020000000000000000000000000f5d2fb29fb7d3cfee444a200298f468908cc942000000000000000000000000c02aaa39b223fe8d0a0e5c4f27ead9083c756cc2,0x18cbafe5,"swapExactTokensForETH(uint256 amountIn, uint256 amountOutMin, address[] path, address to, uint256 deadline)",,1148871,1,126877,14426020,0
10970629,0xc5071c12e47ae1ceaa80ae6d52e3da36ea21b6eeb5d4698c9b690e7fe5ec6157,1601561868,0x7b562f81aa56f9eb6e1c158647ed16ed5e69c24dd315fc5879f541a9a5f91f6d,94,14,0x710da7a06b0c66a18fed27dfa53d937c69ed3b2c,0x7a250d5630b4cf539739df2c5dacb4c659f2488d,0,154157,150000000000,0x18cbafe500000000000000000000000000000000000000000000043c33c19375648000000000000000000000000000000000000000000000000000003d0119342b6021e100000000000000000000000000000000000000000000000000000000000000a0000000000000000000000000710da7a06b0c66a18fed27dfa53d937c69ed3b2c000000000000000000000000000000000000000000000000000000005f75e99b00000000000000000000000000000000000000000000000000000000000000020000000000000000000000000f5d2fb29fb7d3cfee444a200298f468908cc942000000000000000000000000c02aaa39b223fe8d0a0e5c4f27ead9083c756cc2,0x18cbafe5,"swapExactTokensForETH(uint256 amountIn, uint256 amountOutMin, address[] path, address to, uint256 deadline)",,886957,1,126877,14426018,0
10970637,0x57bc4dc3b35f55ae450885572960f2c250729d6bed79ef53f2ff796583074b4c,1601561969,0xfcb7e7c5a29325215c5aab98c1889bfa5cd5147ade7c3ef482d209dc3c8d93c0,95,7,0x710da7a06b0c66a18fed27dfa53d937c69ed3b2c,0x7a250d5630b4cf539739df2c5dacb4c659f2488d,0,167374,150000000000,0x18cbafe500000000000000000000000000000000000000000000043c33c19375648000000000000000000000000000000000000000000000000000003c8a1cee32e7242900000000000000000000000000000000000000000000000000000000000000a0000000000000000000000000710da7a06b0c66a18fed27dfa53d937c69ed3b2c000000000000000000000000000000000000000000000000000000005f75e9bc00000000000000000000000000000000000000000000000000000000000000020000000000000000000000000f5d2fb29fb7d3cfee444a200298f468908cc942000000000000000000000000c02aaa39b223fe8d0a0e5c4f27ead9083c756cc2,0x18cbafe5,"swapExactTokensForETH(uint256 amountIn, uint256 amountOutMin, address[] path, address to, uint256 deadline)",,274021,1,126877,14426010,0
10970648,0x64dd2c9a69a3bc54ae8e839036d4940b9a15568ecdf7bf6b07b2cc0f2f418427,1601562130,0xc7df3b21b8aa28a40ed90f4a1c3704ca5b7524e07c6c2c4f0f2071a5683bef3b,96,9,0x710da7a06b0c66a18fed27dfa53d937c69ed3b2c,0x7a250d5630b4cf539739df2c5dacb4c659f2488d,0,167374,150000000000,0x18cbafe500000000000000000000000000000000000000000000043c33c19375648000000000000000000000000000000000000000000000000000003c8a1cee32e7242900000000000000000000000000000000000000000000000000000000000000a0000000000000000000000000710da7a06b0c66a18fed27dfa53d937c69ed3b2c000000000000000000000000000000000000000000000000000000005f75ea4600000000000000000000000000000000000000000000000000000000000000020000000000000000000000000f5d2fb29fb7d3cfee444a200298f468908cc942000000000000000000000000c02aaa39b223fe8d0a0e5c4f27ead9083c756cc2,0x18cbafe5,"swapExactTokensForETH(uint256 amountIn, uint256 amountOutMin, address[] path, address to, uint256 deadline)",,316815,1,126877,14425999,0
10970650,0xef15d9179eeae4037a441857825c4bab84b8908623243e2a26d072ed2c1e9300,1601562167,0x3aba8bad7cc42a686b13a0c76a29242a5f69d8d10e9d4d0a2b31cbdb1dd8fb15,97,22,0x710da7a06b0c66a18fed27dfa53d937c69ed3b2c,0x7a250d5630b4cf539739df2c5dacb4c659f2488d,0,167374,150000000000,0x18cbafe500000000000000000000000000000000000000000000043c33c19375648000000000000000000000000000000000000000000000000000003a7a75e1a1c3588a00000000000000000000000000000000000000000000000000000000000000a0000000000000000000000000710da7a06b0c66a18fed27dfa53d937c69ed3b2c000000000000000000000000000000000000000000000000000000005f75eac200000000000000000000000000000000000000000000000000000000000000020000000000000000000000000f5d2fb29fb7d3cfee444a200298f468908cc942000000000000000000000000c02aaa39b223fe8d0a0e5c4f27ead9083c756cc2,0x18cbafe5,"swapExactTokensForETH(uint256 amountIn, uint256 amountOutMin, address[] path, address to, uint256 deadline)",,1863024,1,114861,14425997,0
10970654,0x466b9f8818ab2a89c61007a8577bacc196ced65ad51a1c3a46262b918c297b41,1601562238,0x3b70f88cb4df04e4dbc2bccc6793d0035f51428f77930d0a703433e0744ddf59,98,18,0x710da7a06b0c66a18fed27dfa53d937c69ed3b2c,0x7a250d5630b4cf539739df2c5dacb4c659f2488d,0,154157,150000000000,0x18cbafe500000000000000000000000000000000000000000000043c33c19375648000000000000000000000000000000000000000000000000000003c87bf824599582d00000000000000000000000000000000000000000000000000000000000000a0000000000000000000000000710da7a06b0c66a18fed27dfa53d937c69ed3b2c000000000000000000000000000000000000000000000000000000005f75eb1900000000000000000000000000000000000000000000000000000000000000020000000000000000000000000f5d2fb29fb7d3cfee444a200298f468908cc942000000000000000000000000c02aaa39b223fe8d0a0e5c4f27ead9083c756cc2,0x18cbafe5,"swapExactTokensForETH(uint256 amountIn, uint256 amountOutMin, address[] path, address to, uint256 deadline)",,887887,1,126877,14425993,0
10970658,0x1efa20d25f61bd86f0cf933c4e5214b9292770b6f12ab6fa9db0591bb7b201ac,1601562344,0xe2422b186003a9674a896839f139a779bac5afb1891a441d5273d87ef491c460,99,4,0x710da7a06b0c66a18fed27dfa53d937c69ed3b2c,0x7a250d5630b4cf539739df2c5dacb4c659f2488d,0,167374,150000000000,0x18cbafe500000000000000000000000000000000000000000000043c33c19375648000000000000000000000000000000000000000000000000000003c87bf824599582d00000000000000000000000000000000000000000000000000000000000000a0000000000000000000000000710da7a06b0c66a18fed27dfa53d937c69ed3b2c000000000000000000000000000000000000000000000000000000005f75eb1d00000000000000000000000000000000000000000000000000000000000000020000000000000000000000000f5d2fb29fb7d3cfee444a200298f468908cc942000000000000000000000000c02aaa39b223fe8d0a0e5c4f27ead9083c756cc2,0x18cbafe5,"swapExactTokensForETH(uint256 amountIn, uint256 amountOutMin, address[] path, address to, uint256 deadline)",,619449,1,126877,14425989,0
10970662,0x1155222111e9535a73606a3b76fb28cfa89c419f0fc26339370335e62d9e63ab,1601562406,0x461509039fdf3204b063f002262ffe32089d25de64aafca01cbcc54bf13ea107,100,99,0x710da7a06b0c66a18fed27dfa53d937c69ed3b2c,0x7a250d5630b4cf539739df2c5dacb4c659f2488d,0,167361,150000000000,0x18cbafe500000000000000000000000000000000000000000000043c33c19375648000000000000000000000000000000000000000000000000000003ce876bc1cc200fb00000000000000000000000000000000000000000000000000000000000000a0000000000000000000000000710da7a06b0c66a18fed27dfa53d937c69ed3b2c000000000000000000000000000000000000000000000000000000005f75ebb400000000000000000000000000000000000000000000000000000000000000020000000000000000000000000f5d2fb29fb7d3cfee444a200298f468908cc942000000000000000000000000c02aaa39b223fe8d0a0e5c4f27ead9083c756cc2,0x18cbafe5,"swapExactTokensForETH(uint256 amountIn, uint256 amountOutMin, address[] path, address to, uint256 deadline)",,3850031,1,126865,14425985,0
10970668,0x57b240532b8c81c48ccaa1c6034d6e26cf9cf4be1a569822b9f45bbd90acd421,1601562489,0x3926d5265f2ec015205d5958e3c4a30010c91cb5c2d30a873f609706cf839414,101,143,0x710da7a06b0c66a18fed27dfa53d937c69ed3b2c,0x7a250d5630b4cf539739df2c5dacb4c659f2488d,0,167361,150000000000,0x18cbafe500000000000000000000000000000000000000000000043c33c19375648000000000000000000000000000000000000000000000000000003ce876bc1cc200fb00000000000000000000000000000000000000000000000000000000000000a0000000000000000000000000710da7a06b0c66a18fed27dfa53d937c69ed3b2c000000000000000000000000000000000000000000000000000000005f75ebb400000000000000000000000000000000000000000000000000000000000000020000000000000000000000000f5d2fb29fb7d3cfee444a200298f468908cc942000000000000000000000000c02aaa39b223fe8d0a0e5c4f27ead9083c756cc2,0x18cbafe5,"swapExactTokensForETH(uint256 amountIn, uint256 amountOutMin, address[] path, address to, uint256 deadline)",,4060606,1,126865,14425979,0
10970675,0xbe0a4f58eaf18a32693d8cfbe85d86d1130803d214e9b0083a2f7e35cb52fc87,1601562634,0xbc78bf57028d2025fff30938b84b9185452fcfd236782009bb1ea56fa20ea7e4,102,19,0x710da7a06b0c66a18fed27dfa53d937c69ed3b2c,0x7a250d5630b4cf539739df2c5dacb4c659f2488d,0,167374,150000000000,0x18cbafe500000000000000000000000000000000000000000000043c33c19375648000000000000000000000000000000000000000000000000000003c793b7d5b588f1f00000000000000000000000000000000000000000000000000000000000000a0000000000000000000000000710da7a06b0c66a18fed27dfa53d937c69ed3b2c000000000000000000000000000000000000000000000000000000005f75ec7700000000000000000000000000000000000000000000000000000000000000020000000000000000000000000f5d2fb29fb7d3cfee444a200298f468908cc942000000000000000000000000c02aaa39b223fe8d0a0e5c4f27ead9083c756cc2,0x18cbafe5,"swapExactTokensForETH(uint256 amountIn, uint256 amountOutMin, address[] path, address to, uint256 deadline)",,1012360,1,126877,14425972,0
10970685,0xd225090e851b638e6bec595b18da5a11419f0a83f2fcf61a915e94534ff379e0,1601562761,0xf574b690634ec4c52c9dedf41a9b273d7e21f920ffd12876000ce463fdbd9d15,103,82,0x710da7a06b0c66a18fed27dfa53d937c69ed3b2c,0x7a250d5630b4cf539739df2c5dacb4c659f2488d,0,154157,92000000000,0x18cbafe500000000000000000000000000000000000000000000043c33c19375648000000000000000000000000000000000000000000000000000003c793b7d5b588f1f00000000000000000000000000000000000000000000000000000000000000a0000000000000000000000000710da7a06b0c66a18fed27dfa53d937c69ed3b2c000000000000000000000000000000000000000000000000000000005f75eca800000000000000000000000000000000000000000000000000000000000000020000000000000000000000000f5d2fb29fb7d3cfee444a200298f468908cc942000000000000000000000000c02aaa39b223fe8d0a0e5c4f27ead9083c756cc2,0x18cbafe5,"swapExactTokensForETH(uint256 amountIn, uint256 amountOutMin, address[] path, address to, uint256 deadline)",,9535429,1,126877,14425962,0
10970690,0xfff37336c0624162e4dc777058a91fb67216a963cd88c2edd002d4159db2467d,1601562838,0x483e107170cfe8a82113a5eccb2c88d1810a5edab19f0908978a493a50907fea,104,31,0x710da7a06b0c66a18fed27dfa53d937c69ed3b2c,0x7a250d5630b4cf539739df2c5dacb4c659f2488d,0,154157,92000000000,0x18cbafe500000000000000000000000000000000000000000000043c33c19375648000000000000000000000000000000000000000000000000000003d19582cf7ce6b5000000000000000000000000000000000000000000000000000000000000000a0000000000000000000000000710da7a06b0c66a18fed27dfa53d937c69ed3b2c000000000000000000000000000000000000000000000000000000005f75ed3900000000000000000000000000000000000000000000000000000000000000020000000000000000000000000f5d2fb29fb7d3cfee444a200298f468908cc942000000000000000000000000c02aaa39b223fe8d0a0e5c4f27ead9083c756cc2,0x18cbafe5,"swapExactTokensForETH(uint256 amountIn, uint256 amountOutMin, address[] path, address to, uint256 deadline)",,4695478,1,126877,14425957,0
10970736,0xcda76ede11c33fc58e9d6cb8b6ef4a77765a57b241de48f0d7037df9af284ce5,1601563611,0x5e3e25a288689c94d5f834ab3cb704cab11f098bdd8e155ce31150d1305aeb1c,105,143,0x710da7a06b0c66a18fed27dfa53d937c69ed3b2c,0x7a250d5630b4cf539739df2c5dacb4c659f2488d,0,167374,92000000000,0x18cbafe500000000000000000000000000000000000000000000043c33c19375648000000000000000000000000000000000000000000000000000003cda5c8f976df24400000000000000000000000000000000000000000000000000000000000000a0000000000000000000000000710da7a06b0c66a18fed27dfa53d937c69ed3b2c000000000000000000000000000000000000000000000000000000005f75ed8600000000000000000000000000000000000000000000000000000000000000020000000000000000000000000f5d2fb29fb7d3cfee444a200298f468908cc942000000000000000000000000c02aaa39b223fe8d0a0e5c4f27ead9083c756cc2,0x18cbafe5,"swapExactTokensForETH(uint256 amountIn, uint256 amountOutMin, address[] path, address to, uint256 deadline)",,11635182,1,126877,14425911,0
10970736,0xcda76ede11c33fc58e9d6cb8b6ef4a77765a57b241de48f0d7037df9af284ce5,1601563611,0x65528577134589f78f15a59ceb411a320e31be96b2ccf09b28afe793e055400a,106,144,0x710da7a06b0c66a18fed27dfa53d937c69ed3b2c,0x7a250d5630b4cf539739df2c5dacb4c659f2488d,0,167374,150000000000,0x18cbafe500000000000000000000000000000000000000000000043c33c19375648000000000000000000000000000000000000000000000000000003cda5c8f976df24400000000000000000000000000000000000000000000000000000000000000a0000000000000000000000000710da7a06b0c66a18fed27dfa53d937c69ed3b2c000000000000000000000000000000000000000000000000000000005f75ee0700000000000000000000000000000000000000000000000000000000000000020000000000000000000000000f5d2fb29fb7d3cfee444a200298f468908cc942000000000000000000000000c02aaa39b223fe8d0a0e5c4f27ead9083c756cc2,0x18cbafe5,"swapExactTokensForETH(uint256 amountIn, uint256 amountOutMin, address[] path, address to, uint256 deadline)",,11664296,0,29114,14425911,1
10970736,0xcda76ede11c33fc58e9d6cb8b6ef4a77765a57b241de48f0d7037df9af284ce5,1601563611,0x240041bf91a2a3878b8e2341678b150f65891d28e3758d0e4ceb8448d184ded0,107,145,0x710da7a06b0c66a18fed27dfa53d937c69ed3b2c,0x7a250d5630b4cf539739df2c5dacb4c659f2488d,0,167374,150000000000,0x18cbafe500000000000000000000000000000000000000000000043c33c19375648000000000000000000000000000000000000000000000000000003cda5c8f976df24400000000000000000000000000000000000000000000000000000000000000a0000000000000000000000000710da7a06b0c66a18fed27dfa53d937c69ed3b2c000000000000000000000000000000000000000000000000000000005f75f02300000000000000000000000000000000000000000000000000000000000000020000000000000000000000000f5d2fb29fb7d3cfee444a200298f468908cc942000000000000000000000000c02aaa39b223fe8d0a0e5c4f27ead9083c756cc2,0x18cbafe5,"swapExactTokensForETH(uint256 amountIn, uint256 amountOutMin, address[] path, address to, uint256 deadline)",,11693410,0,29114,14425911,1
10970739,0x6855286d038a40bc63fb2cf1f449fbb09cce33625fe40d8e7bdb054b06e64d6a,1601563669,0x42a0b61b28d1923c04d43603c9a02618e33326e1b35c034971a216f86dda471a,108,24,0x710da7a06b0c66a18fed27dfa53d937c69ed3b2c,0x7a250d5630b4cf539739df2c5dacb4c659f2488d,0,154157,150000000000,0x18cbafe500000000000000000000000000000000000000000000043c33c19375648000000000000000000000000000000000000000000000000000003a776493d3919e4a00000000000000000000000000000000000000000000000000000000000000a0000000000000000000000000710da7a06b0c66a18fed27dfa53d937c69ed3b2c000000000000000000000000000000000000000000000000000000005f75f08b00000000000000000000000000000000000000000000000000000000000000020000000000000000000000000f5d2fb29fb7d3cfee444a200298f468908cc942000000000000000000000000c02aaa39b223fe8d0a0e5c4f27ead9083c756cc2,0x18cbafe5,"swapExactTokensForETH(uint256 amountIn, uint256 amountOutMin, address[] path, address to, uint256 deadline)",,1847210,1,126877,14425908,0
10970758,0x453586eafe2682355b640a409ae11565f780ce2a581c2442a34db1bb1ab0e19b,1601563874,0x171f02e356b296ada8fb7944a5d04389a4123cfb30121b7fe41a9d0bb59479e4,109,5,0x710da7a06b0c66a18fed27dfa53d937c69ed3b2c,0x7a250d5630b4cf539739df2c5dacb4c659f2488d,0,167374,150000000000,0x18cbafe500000000000000000000000000000000000000000000043c33c19375648000000000000000000000000000000000000000000000000000003df89d4f2bd10f5a00000000000000000000000000000000000000000000000000000000000000a0000000000000000000000000710da7a06b0c66a18fed27dfa53d937c69ed3b2c000000000000000000000000000000000000000000000000000000005f75f16b00000000000000000000000000000000000000000000000000000000000000020000000000000000000000000f5d2fb29fb7d3cfee444a200298f468908cc942000000000000000000000000c02aaa39b223fe8d0a0e5c4f27ead9083c756cc2,0x18cbafe5,"swapExactTokensForETH(uint256 amountIn, uint256 amountOutMin, address[] path, address to, uint256 deadline)",,239754,1,126877,14425889,0
10970762,0xb1f3be739f873365acd471d9ae38c6bf47ffda516bd3340ccf1045c8f9e53009,1601563922,0xaaa212afc4fbef35ce61fbdd7a9074feabb526333667cfe06224434d028f829d,110,9,0x710da7a06b0c66a18fed27dfa53d937c69ed3b2c,0x7a250d5630b4cf539739df2c5dacb4c659f2488d,0,167374,150000000000,0x18cbafe500000000000000000000000000000000000000000000043c33c19375648000000000000000000000000000000000000000000000000000003b84b5b8339dc4a400000000000000000000000000000000000000000000000000000000000000a0000000000000000000000000710da7a06b0c66a18fed27dfa53d937c69ed3b2c000000000000000000000000000000000000000000000000000000005f75f19c00000000000000000000000000000000000000000000000000000000000000020000000000000000000000000f5d2fb29fb7d3cfee444a200298f468908cc942000000000000000000000000c02aaa39b223fe8d0a0e5c4f27ead9083c756cc2,0x18cbafe5,"swapExactTokensForETH(uint256 amountIn, uint256 amountOutMin, address[] path, address to, uint256 deadline)",,783027,1,126877,14425885,0
10970766,0xfbf00a4d3c3ec67a026f01b1e3c1d30993173b0801991a301ab265f369304f40,1601563951,0xa8ba63e3845f37d2e54941014061fa59f38fa53475a0e40af5da7f03d8532abf,111,37,0x710da7a06b0c66a18fed27dfa53d937c69ed3b2c,0x7a250d5630b4cf539739df2c5dacb4c659f2488d,0,167374,150000000000,0x18cbafe500000000000000000000000000000000000000000000043c33c19375648000000000000000000000000000000000000000000000000000003b84b5b8339dc4a400000000000000000000000000000000000000000000000000000000000000a0000000000000000000000000710da7a06b0c66a18fed27dfa53d937c69ed3b2c000000000000000000000000000000000000000000000000000000005f75f1a800000000000000000000000000000000000000000000000000000000000000020000000000000000000000000f5d2fb29fb7d3cfee444a200298f468908cc942000000000000000000000000c02aaa39b223fe8d0a0e5c4f27ead9083c756cc2,0x18cbafe5,"swapExactTokensForETH(uint256 amountIn, uint256 amountOutMin, address[] path, address to, uint256 deadline)",,1448796,1,126877,14425881,0
10970796,0x671ec13e91f4efb7306f37ecdc109976db80cfbf47d98149653841d5ace94de2,1601564333,0xc550b172b1ebb3c10a57c7f9b8d2f457c000ca3b0ca227e27bfe3f6ca53d6425,112,21,0x710da7a06b0c66a18fed27dfa53d937c69ed3b2c,0x7a250d5630b4cf539739df2c5dacb4c659f2488d,0,167374,150000000000,0x18cbafe500000000000000000000000000000000000000000000043c33c19375648000000000000000000000000000000000000000000000000000003c1d3df7e36b87f500000000000000000000000000000000000000000000000000000000000000a0000000000000000000000000710da7a06b0c66a18fed27dfa53d937c69ed3b2c000000000000000000000000000000000000000000000000000000005f75f34600000000000000000000000000000000000000000000000000000000000000020000000000000000000000000f5d2fb29fb7d3cfee444a200298f468908cc942000000000000000000000000c02aaa39b223fe8d0a0e5c4f27ead9083c756cc2,0x18cbafe5,"swapExactTokensForETH(uint256 amountIn, uint256 amountOutMin, address[] path, address to, uint256 deadline)",,1194302,1,126877,14425851,0
10970805,0xd0c5a68feae5141ef1d5404119c5793f6622f6526f73c75392c1c652004b8c35,1601564422,0xa7e71dfeae4fcc8c852994504bdca7322a111920220629eb0d7fbfc5c01ecc00,113,9,0x710da7a06b0c66a18fed27dfa53d937c69ed3b2c,0x7a250d5630b4cf539739df2c5dacb4c659f2488d,0,167374,150000000000,0x18cbafe500000000000000000000000000000000000000000000043c33c19375648000000000000000000000000000000000000000000000000000003c754d9ab9c411cd00000000000000000000000000000000000000000000000000000000000000a0000000000000000000000000710da7a06b0c66a18fed27dfa53d937c69ed3b2c000000000000000000000000000000000000000000000000000000005f75f37c00000000000000000000000000000000000000000000000000000000000000020000000000000000000000000f5d2fb29fb7d3cfee444a200298f468908cc942000000000000000000000000c02aaa39b223fe8d0a0e5c4f27ead9083c756cc2,0x18cbafe5,"swapExactTokensForETH(uint256 amountIn, uint256 amountOutMin, address[] path, address to, uint256 deadline)",,1392867,1,126877,14425842,0
10970812,0xa6ae27f20f82e883aac3550e7a44405ac1d2456f5a4b2c2521c12b295aedff17,1601564507,0x29220f8d9b9e2a860654f12ea749d785aa4ec2fba715b3793239b4ff83aa948e,114,4,0x710da7a06b0c66a18fed27dfa53d937c69ed3b2c,0x7a250d5630b4cf539739df2c5dacb4c659f2488d,0,167374,150000000000,0x18cbafe500000000000000000000000000000000000000000000043c33c19375648000000000000000000000000000000000000000000000000000003c754d9ab9c411cd00000000000000000000000000000000000000000000000000000000000000a0000000000000000000000000710da7a06b0c66a18fed27dfa53d937c69ed3b2c000000000000000000000000000000000000000000000000000000005f75f3b600000000000000000000000000000000000000000000000000000000000000020000000000000000000000000f5d2fb29fb7d3cfee444a200298f468908cc942000000000000000000000000c02aaa39b223fe8d0a0e5c4f27ead9083c756cc2,0x18cbafe5,"swapExactTokensForETH(uint256 amountIn, uint256 amountOutMin, address[] path, address to, uint256 deadline)",,368777,1,126877,14425835,0
10970827,0x9054d511ea11b86fbfa09e26bff679ef9f917387253b75ea0690dd983c0cc3dc,1601564613,0x0a2507944cbfd6de783380669ab56287e0c6e03022f588093a675336f35a3720,115,1,0x710da7a06b0c66a18fed27dfa53d937c69ed3b2c,0x7a250d5630b4cf539739df2c5dacb4c659f2488d,0,167374,150000000000,0x18cbafe500000000000000000000000000000000000000000000043c33c19375648000000000000000000000000000000000000000000000000000003c8bb2f9a38facc500000000000000000000000000000000000000000000000000000000000000a0000000000000000000000000710da7a06b0c66a18fed27dfa53d937c69ed3b2c000000000000000000000000000000000000000000000000000000005f75f43400000000000000000000000000000000000000000000000000000000000000020000000000000000000000000f5d2fb29fb7d3cfee444a200298f468908cc942000000000000000000000000c02aaa39b223fe8d0a0e5c4f27ead9083c756cc2,0x18cbafe5,"swapExactTokensForETH(uint256 amountIn, uint256 amountOutMin, address[] path, address to, uint256 deadline)",,428690,1,126877,14425820,0
10970833,0xdf89396756c74562c0e55f9174fd1d1df1fbdf011331699ec1950b39811379e2,1601564713,0x216918846bf609bf26f29b2f9763d7403494f1d88d073f1ce4756abe5ba79e1e,116,2,0x710da7a06b0c66a18fed27dfa53d937c69ed3b2c,0x7a250d5630b4cf539739df2c5dacb4c659f2488d,0,167374,150000000000,0x18cbafe500000000000000000000000000000000000000000000043c33c19375648000000000000000000000000000000000000000000000000000003c9b587d6b83c61000000000000000000000000000000000000000000000000000000000000000a0000000000000000000000000710da7a06b0c66a18fed27dfa53d937c69ed3b2c000000000000000000000000000000000000000000000000000000005f75f49700000000000000000000000000000000000000000000000000000000000000020000000000000000000000000f5d2fb29fb7d3cfee444a200298f468908cc942000000000000000000000000c02aaa39b223fe8d0a0e5c4f27ead9083c756cc2,0x18cbafe5,"swapExactTokensForETH(uint256 amountIn, uint256 amountOutMin, address[] path, address to, uint256 deadline)",,283262,1,126877,14425814,0
10970839,0xea874a6b4f843595a9a0adec8ab34153261834d26864082994eb76fe2f15cc24,1601564757,0xab84e22d4508e7d57d537a306c5e76ce75f97ec8c58469345e01e3ea23669791,117,8,0x710da7a06b0c66a18fed27dfa53d937c69ed3b2c,0x7a250d5630b4cf539739df2c5dacb4c659f2488d,0,167374,150000000000,0x18cbafe500000000000000000000000000000000000000000000043c33c19375648000000000000000000000000000000000000000000000000000003c9b587d6b83c61000000000000000000000000000000000000000000000000000000000000000a0000000000000000000000000710da7a06b0c66a18fed27dfa53d937c69ed3b2c000000000000000000000000000000000000000000000000000000005f75f49700000000000000000000000000000000000000000000000000000000000000020000000000000000000000000f5d2fb29fb7d3cfee444a200298f468908cc942000000000000000000000000c02aaa39b223fe8d0a0e5c4f27ead9083c756cc2,0x18cbafe5,"swapExactTokensForETH(uint256 amountIn, uint256 amountOutMin, address[] path, address to, uint256 deadline)",,649982,1,126877,14425808,0
10970845,0x9ff53474cd9152d3658a24bd6c8b456ae29bd048d4ac71cfdd1e7c765e01ca4e,1601564817,0x8e2c12ea3780cb672d86d87cba502c41103a38b80ecd22846ebc666105f8620e,118,12,0x710da7a06b0c66a18fed27dfa53d937c69ed3b2c,0x7a250d5630b4cf539739df2c5dacb4c659f2488d,0,167374,150000000000,0x18cbafe500000000000000000000000000000000000000000000043c33c19375648000000000000000000000000000000000000000000000000000003a4a4b8bed0f22e000000000000000000000000000000000000000000000000000000000000000a0000000000000000000000000710da7a06b0c66a18fed27dfa53d937c69ed3b2c000000000000000000000000000000000000000000000000000000005f75f50500000000000000000000000000000000000000000000000000000000000000020000000000000000000000000f5d2fb29fb7d3cfee444a200298f468908cc942000000000000000000000000c02aaa39b223fe8d0a0e5c4f27ead9083c756cc2,0x18cbafe5,"swapExactTokensForETH(uint256 amountIn, uint256 amountOutMin, address[] path, address to, uint256 deadline)",,1643759,1,126877,14425802,0
10970849,0x3f37db993c94775417ae45b276db277fb7e83c6c0d5b9068b369e1cf4f839ece,1601564877,0x45e859df6fce45d5f91f9efa3e0a5c61c9e3f2b9e75ed98f429223d63e7da869,119,14,0x710da7a06b0c66a18fed27dfa53d937c69ed3b2c,0x7a250d5630b4cf539739df2c5dacb4c659f2488d,0,167374,150000000000,0x18cbafe500000000000000000000000000000000000000000000043c33c19375648000000000000000000000000000000000000000000000000000003ccad041bcec332900000000000000000000000000000000000000000000000000000000000000a0000000000000000000000000710da7a06b0c66a18fed27dfa53d937c69ed3b2c000000000000000000000000000000000000000000000000000000005f75f57400000000000000000000000000000000000000000000000000000000000000020000000000000000000000000f5d2fb29fb7d3cfee444a200298f468908cc942000000000000000000000000c02aaa39b223fe8d0a0e5c4f27ead9083c756cc2,0x18cbafe5,"swapExactTokensForETH(uint256 amountIn, uint256 amountOutMin, address[] path, address to, uint256 deadline)",,838580,1,126877,14425798,0
10970854,0xac0c813f10026dbe58de3b616bf1d58105d15ef115bb66a41413ffaeb139c28b,1601565001,0x66b773fe912049f482a3987d57aeeb8f89ce6db317567dce4ed20f00f6b2952c,120,7,0x710da7a06b0c66a18fed27dfa53d937c69ed3b2c,0x7a250d5630b4cf539739df2c5dacb4c659f2488d,0,154157,150000000000,0x18cbafe500000000000000000000000000000000000000000000043c33c19375648000000000000000000000000000000000000000000000000000003ccac919d1858bc300000000000000000000000000000000000000000000000000000000000000a0000000000000000000000000710da7a06b0c66a18fed27dfa53d937c69ed3b2c000000000000000000000000000000000000000000000000000000005f75f57400000000000000000000000000000000000000000000000000000000000000020000000000000000000000000f5d2fb29fb7d3cfee444a200298f468908cc942000000000000000000000000c02aaa39b223fe8d0a0e5c4f27ead9083c756cc2,0x18cbafe5,"swapExactTokensForETH(uint256 amountIn, uint256 amountOutMin, address[] path, address to, uint256 deadline)",,406271,1,126877,14425793,0
10970860,0xfba471b8920f1a9be216411700532b433c1c87c7d2b34d69154b1832a0f438ea,1601565025,0xd235eb335028c4f7b06ffabaf01f1e4f7b6ef397538fd9bb732329d3517b3196,121,28,0x710da7a06b0c66a18fed27dfa53d937c69ed3b2c,0x7a250d5630b4cf539739df2c5dacb4c659f2488d,0,167374,150000000000,0x18cbafe500000000000000000000000000000000000000000000043c33c19375648000000000000000000000000000000000000000000000000000003ccacde0e5405e3d00000000000000000000000000000000000000000000000000000000000000a0000000000000000000000000710da7a06b0c66a18fed27dfa53d937c69ed3b2c000000000000000000000000000000000000000000000000000000005f75f5dd00000000000000000000000000000000000000000000000000000000000000020000000000000000000000000f5d2fb29fb7d3cfee444a200298f468908cc942000000000000000000000000c02aaa39b223fe8d0a0e5c4f27ead9083c756cc2,0x18cbafe5,"swapExactTokensForETH(uint256 amountIn, uint256 amountOutMin, address[] path, address to, uint256 deadline)",,2009418,1,126877,14425787,0
10970863,0xebcb2e3b4b467de4bb9d8f14194c67407eb383efd5594e8ca0ed566a325437f0,1601565098,0xbe21e25cca4920181d082920a24032e27e5acf13df8c7032a3758ede4412b9fe,122,1,0x710da7a06b0c66a18fed27dfa53d937c69ed3b2c,0x7a250d5630b4cf539739df2c5dacb4c659f2488d,0,154157,150000000000,0x18cbafe500000000000000000000000000000000000000000000043c33c19375648000000000000000000000000000000000000000000000000000003a3c693aec58857300000000000000000000000000000000000000000000000000000000000000a0000000000000000000000000710da7a06b0c66a18fed27dfa53d937c69ed3b2c000000000000000000000000000000000000000000000000000000005f75f61100000000000000000000000000000000000000000000000000000000000000020000000000000000000000000f5d2fb29fb7d3cfee444a200298f468908cc942000000000000000000000000c02aaa39b223fe8d0a0e5c4f27ead9083c756cc2,0x18cbafe5,"swapExactTokensForETH(uint256 amountIn, uint256 amountOutMin, address[] path, address to, uint256 deadline)",,168086,1,126877,14425784,0
10970867,0x8ba550fd0a887e011a74a077bac16282589c05881cb9de571329b23ac2a88972,1601565118,0x9094465112ee72bf598ca40c2e649177a22cc0689af9d9982797778fba917851,123,21,0x710da7a06b0c66a18fed27dfa53d937c69ed3b2c,0x7a250d5630b4cf539739df2c5dacb4c659f2488d,0,167374,150000000000,0x18cbafe500000000000000000000000000000000000000000000043c33c19375648000000000000000000000000000000000000000000000000000003a4a991fa4984ca000000000000000000000000000000000000000000000000000000000000000a0000000000000000000000000710da7a06b0c66a18fed27dfa53d937c69ed3b2c000000000000000000000000000000000000000000000000000000005f75f65a00000000000000000000000000000000000000000000000000000000000000020000000000000000000000000f5d2fb29fb7d3cfee444a200298f468908cc942000000000000000000000000c02aaa39b223fe8d0a0e5c4f27ead9083c756cc2,0x18cbafe5,"swapExactTokensForETH(uint256 amountIn, uint256 amountOutMin, address[] path, address to, uint256 deadline)",,1357581,1,126877,14425780,0
10970871,0x9060e3aacf71271411714cdeeb53acd4660e18a6468febaed546a44517420a0c,1601565200,0x5cca4cec5e0a6c6f5cf9e95f5c7bde094a3fdc9a41e86741b473dffdc4ed3867,124,26,0x710da7a06b0c66a18fed27dfa53d937c69ed3b2c,0x7a250d5630b4cf539739df2c5dacb4c659f2488d,0,167374,150000000000,0x18cbafe500000000000000000000000000000000000000000000043c33c19375648000000000000000000000000000000000000000000000000000003c666544d326568f00000000000000000000000000000000000000000000000000000000000000a0000000000000000000000000710da7a06b0c66a18fed27dfa53d937c69ed3b2c000000000000000000000000000000000000000000000000000000005f75f69d00000000000000000000000000000000000000000000000000000000000000020000000000000000000000000f5d2fb29fb7d3cfee444a200298f468908cc942000000000000000000000000c02aaa39b223fe8d0a0e5c4f27ead9083c756cc2,0x18cbafe5,"swapExactTokensForETH(uint256 amountIn, uint256 amountOutMin, address[] path, address to, uint256 deadline)",,1260560,1,126877,14425776,0
10970877,0x7a13b6b24a7cc2c163eecc5adc06bc826a36d9193b33ebed3de6ebd2f2dde689,1601565287,0x44e143c966ce952e97b3dbfbdabf54406d8efdc46ed0075c65acdbaadff40d88,125,12,0x710da7a06b0c66a18fed27dfa53d937c69ed3b2c,0x7a250d5630b4cf539739df2c5dacb4c659f2488d,0,167374,150000000000,0x18cbafe500000000000000000000000000000000000000000000043c33c19375648000000000000000000000000000000000000000000000000000003c666544d326568f00000000000000000000000000000000000000000000000000000000000000a0000000000000000000000000710da7a06b0c66a18fed27dfa53d937c69ed3b2c000000000000000000000000000000000000000000000000000000005f75f6af00000000000000000000000000000000000000000000000000000000000000020000000000000000000000000f5d2fb29fb7d3cfee444a200298f468908cc942000000000000000000000000c02aaa39b223fe8d0a0e5c4f27ead9083c756cc2,0x18cbafe5,"swapExactTokensForETH(uint256 amountIn, uint256 amountOutMin, address[] path, address to, uint256 deadline)",,475530,1,126877,14425770,0
10970880,0x4ee7358e9e826bd1660181032b878b4035bb26178ceb669aa71c2e661cca144a,1601565316,0x08f3127963fcedd1624054870e488af973ea123ae5cd1a5834ed036b5b2fc3e7,126,17,0x710da7a06b0c66a18fed27dfa53d937c69ed3b2c,0x7a250d5630b4cf539739df2c5dacb4c659f2488d,0,167374,150000000000,0x18cbafe500000000000000000000000000000000000000000000043c33c19375648000000000000000000000000000000000000000000000000000003c060f8bf2e26acb00000000000000000000000000000000000000000000000000000000000000a0000000000000000000000000710da7a06b0c66a18fed27dfa53d937c69ed3b2c000000000000000000000000000000000000000000000000000000005f75f71700000000000000000000000000000000000000000000000000000000000000020000000000000000000000000f5d2fb29fb7d3cfee444a200298f468908cc942000000000000000000000000c02aaa39b223fe8d0a0e5c4f27ead9083c756cc2,0x18cbafe5,"swapExactTokensForETH(uint256 amountIn, uint256 amountOutMin, address[] path, address to, uint256 deadline)",,1253789,1,126877,14425767,0
10970883,0xe125ccd333a0704d4bd0ee854d51d63f4f139b188e43d8d5f84a377d972ffb58,1601565371,0xff96671aad7242c8a697be157bb707e1fd75ef43b20499965ace91c0c2a46419,127,6,0x710da7a06b0c66a18fed27dfa53d937c69ed3b2c,0x7a250d5630b4cf539739df2c5dacb4c659f2488d,0,167374,150000000000,0x18cbafe500000000000000000000000000000000000000000000043c33c19375648000000000000000000000000000000000000000000000000000003c4169f5e54e848400000000000000000000000000000000000000000000000000000000000000a0000000000000000000000000710da7a06b0c66a18fed27dfa53d937c69ed3b2c000000000000000000000000000000000000000000000000000000005f75f73400000000000000000000000000000000000000000000000000000000000000020000000000000000000000000f5d2fb29fb7d3cfee444a200298f468908cc942000000000000000000000000c02aaa39b223fe8d0a0e5c4f27ead9083c756cc2,0x18cbafe5,"swapExactTokensForETH(uint256 amountIn, uint256 amountOutMin, address[] path, address to, uint256 deadline)",,342058,1,126877,14425764,0
10970886,0xef1693c61dbf4673d80d6a74b1f6930ec2592554ccb9fb74d0dacab6e5ac84d7,1601565398,0x2b8b8d07b5f5c0a21af01a3927747833368f668bb22fa765548b8d6525802c80,128,26,0x710da7a06b0c66a18fed27dfa53d937c69ed3b2c,0x7a250d5630b4cf539739df2c5dacb4c659f2488d,0,167374,150000000000,0x18cbafe500000000000000000000000000000000000000000000043c33c193756480000000000000000000000000000000000000000000000000000039e7c5218bd1ab7a00000000000000000000000000000000000000000000000000000000000000a0000000000000000000000000710da7a06b0c66a18fed27dfa53d937c69ed3b2c000000000000000000000000000000000000000000000000000000005f75f76b00000000000000000000000000000000000000000000000000000000000000020000000000000000000000000f5d2fb29fb7d3cfee444a200298f468908cc942000000000000000000000000c02aaa39b223fe8d0a0e5c4f27ead9083c756cc2,0x18cbafe5,"swapExactTokensForETH(uint256 amountIn, uint256 amountOutMin, address[] path, address to, uint256 deadline)",,1850091,1,126877,14425761,0
10970894,0x076e8caa857a1a54298a225c69c3f82d71033f5b0a70a1c01e18e9c5eb923eae,1601565552,0xb9b76f0b7a78e88c4b24f1d727d2e92693b3c00ecf85540bb0db7dcb4e4e0013,129,11,0x710da7a06b0c66a18fed27dfa53d937c69ed3b2c,0x7a250d5630b4cf539739df2c5dacb4c659f2488d,0,167374,150000000000,0x18cbafe500000000000000000000000000000000000000000000043c33c19375648000000000000000000000000000000000000000000000000000003c1ef469bd77759400000000000000000000000000000000000000000000000000000000000000a0000000000000000000000000710da7a06b0c66a18fed27dfa53d937c69ed3b2c000000000000000000000000000000000000000000000000000000005f75f7da00000000000000000000000000000000000000000000000000000000000000020000000000000000000000000f5d2fb29fb7d3cfee444a200298f468908cc942000000000000000000000000c02aaa39b223fe8d0a0e5c4f27ead9083c756cc2,0x18cbafe5,"swapExactTokensForETH(uint256 amountIn, uint256 amountOutMin, address[] path, address to, uint256 deadline)",,904490,1,126877,14425753,0
10970902,0xec9e47a0f1585da804dfe1e591f4d84ed02b4ca2ef2cd06e73f10ace4e9e54e5,1601565627,0x846959a008464fa231c6edd1326c8d382e5c462a3f54c2a595f3b16d09bc48ed,130,19,0x710da7a06b0c66a18fed27dfa53d937c69ed3b2c,0x7a250d5630b4cf539739df2c5dacb4c659f2488d,0,167374,150000000000,0x18cbafe500000000000000000000000000000000000000000000043c33c19375648000000000000000000000000000000000000000000000000000003c1ef469bd77759400000000000000000000000000000000000000000000000000000000000000a0000000000000000000000000710da7a06b0c66a18fed27dfa53d937c69ed3b2c000000000000000000000000000000000000000000000000000000005f75f83200000000000000000000000000000000000000000000000000000000000000020000000000000000000000000f5d2fb29fb7d3cfee444a200298f468908cc942000000000000000000000000c02aaa39b223fe8d0a0e5c4f27ead9083c756cc2,0x18cbafe5,"swapExactTokensForETH(uint256 amountIn, uint256 amountOutMin, address[] path, address to, uint256 deadline)",,1401884,1,126877,14425745,0
10970906,0xb42418a158b569e656ffa371fb1ce21939440592be50ab243440874ab19851d0,1601565664,0xdd16b5031db78a7f56e6df7be18e8fa75918dcc865baf35f499df905cb7ced84,131,38,0x710da7a06b0c66a18fed27dfa53d937c69ed3b2c,0x7a250d5630b4cf539739df2c5dacb4c659f2488d,0,167374,150000000000,0x18cbafe500000000000000000000000000000000000000000000043c33c19375648000000000000000000000000000000000000000000000000000003bef056b33f10b5400000000000000000000000000000000000000000000000000000000000000a0000000000000000000000000710da7a06b0c66a18fed27dfa53d937c69ed3b2c000000000000000000000000000000000000000000000000000000005f75f87500000000000000000000000000000000000000000000000000000000000000020000000000000000000000000f5d2fb29fb7d3cfee444a200298f468908cc942000000000000000000000000c02aaa39b223fe8d0a0e5c4f27ead9083c756cc2,0x18cbafe5,"swapExactTokensForETH(uint256 amountIn, uint256 amountOutMin, address[] path, address to, uint256 deadline)",,2574433,1,126877,14425741,0
10970915,0xecc8d096bee266e41417e5da95f9f4a849dbeacf9f2a1b5f0a5a9c59b37398dc,1601565802,0x2df33c1780fe1379182fe7b85696d2f3099fc2e390e6fd637ac2985209e790b1,132,9,0x710da7a06b0c66a18fed27dfa53d937c69ed3b2c,0x7a250d5630b4cf539739df2c5dacb4c659f2488d,0,167374,150000000000,0x18cbafe500000000000000000000000000000000000000000000043c33c19375648000000000000000000000000000000000000000000000000000003a731e5035b74f0900000000000000000000000000000000000000000000000000000000000000a0000000000000000000000000710da7a06b0c66a18fed27dfa53d937c69ed3b2c000000000000000000000000000000000000000000000000000000005f75f8ef00000000000000000000000000000000000000000000000000000000000000020000000000000000000000000f5d2fb29fb7d3cfee444a200298f468908cc942000000000000000000000000c02aaa39b223fe8d0a0e5c4f27ead9083c756cc2,0x18cbafe5,"swapExactTokensForETH(uint256 amountIn, uint256 amountOutMin, address[] path, address to, uint256 deadline)",,653074,1,126877,14425732,0
10970918,0x2205f72ee5362f23a98295f8a6e0567a60c96b9fb0adfb4aa2bb81f5396ee54b,1601565816,0xedd2ad683b651e91ac904a479996ce02357a1d2bd4f2ac1bcfaabf7b9e6a7b73,133,42,0x710da7a06b0c66a18fed27dfa53d937c69ed3b2c,0x7a250d5630b4cf539739df2c5dacb4c659f2488d,0,154157,150000000000,0x18cbafe500000000000000000000000000000000000000000000043c33c19375648000000000000000000000000000000000000000000000000000003a2e1ce15b07102200000000000000000000000000000000000000000000000000000000000000a0000000000000000000000000710da7a06b0c66a18fed27dfa53d937c69ed3b2c000000000000000000000000000000000000000000000000000000005f75f91a00000000000000000000000000000000000000000000000000000000000000020000000000000000000000000f5d2fb29fb7d3cfee444a200298f468908cc942000000000000000000000000c02aaa39b223fe8d0a0e5c4f27ead9083c756cc2,0x18cbafe5,"swapExactTokensForETH(uint256 amountIn, uint256 amountOutMin, address[] path, address to, uint256 deadline)",,2317958,1,126877,14425729,0
10970922,0x4cd35a70e06c4e019f18ff162c1eb67981559eee9c82bcea69dfd248c4b00664,1601565911,0x1080355b80dd3b4ac50aab527d12b895f59640b177ed822d048854c5045d9409,134,17,0x710da7a06b0c66a18fed27dfa53d937c69ed3b2c,0x7a250d5630b4cf539739df2c5dacb4c659f2488d,0,167374,150000000000,0x18cbafe500000000000000000000000000000000000000000000043c33c19375648000000000000000000000000000000000000000000000000000003c6cf8f6504432a500000000000000000000000000000000000000000000000000000000000000a0000000000000000000000000710da7a06b0c66a18fed27dfa53d937c69ed3b2c000000000000000000000000000000000000000000000000000000005f75f96500000000000000000000000000000000000000000000000000000000000000020000000000000000000000000f5d2fb29fb7d3cfee444a200298f468908cc942000000000000000000000000c02aaa39b223fe8d0a0e5c4f27ead9083c756cc2,0x18cbafe5,"swapExactTokensForETH(uint256 amountIn, uint256 amountOutMin, address[] path, address to, uint256 deadline)",,1185754,1,126877,14425725,0
10970928,0xc516e227d782420be530ab7ab65f77281db91da249700701a4ffcdab8068ee88,1601566009,0x4a5ba0770a0600ee9861c248431911f2da63ab91a57a508dad19d3ba49e03ac6,135,29,0x710da7a06b0c66a18fed27dfa53d937c69ed3b2c,0x7a250d5630b4cf539739df2c5dacb4c659f2488d,0,167374,150000000000,0x18cbafe500000000000000000000000000000000000000000000043c33c19375648000000000000000000000000000000000000000000000000000003c6cf8f6504432a500000000000000000000000000000000000000000000000000000000000000a0000000000000000000000000710da7a06b0c66a18fed27dfa53d937c69ed3b2c000000000000000000000000000000000000000000000000000000005f75f97000000000000000000000000000000000000000000000000000000000000000020000000000000000000000000f5d2fb29fb7d3cfee444a200298f468908cc942000000000000000000000000c02aaa39b223fe8d0a0e5c4f27ead9083c756cc2,0x18cbafe5,"swapExactTokensForETH(uint256 amountIn, uint256 amountOutMin, address[] path, address to, uint256 deadline)",,1687123,1,126877,14425719,0
10970932,0xa36290d7a77a355e8cde3c6b114cdc2fc9073fd88882ae11ededfe73f79ac77b,1601566106,0x86adb3f339a62050eca27df0ba769b64a2f0ea2da6165e548c1b81403e04953f,136,4,0x710da7a06b0c66a18fed27dfa53d937c69ed3b2c,0x7a250d5630b4cf539739df2c5dacb4c659f2488d,0,154157,150000000000,0x18cbafe500000000000000000000000000000000000000000000043c33c19375648000000000000000000000000000000000000000000000000000003a1f8c260db142f900000000000000000000000000000000000000000000000000000000000000a0000000000000000000000000710da7a06b0c66a18fed27dfa53d937c69ed3b2c000000000000000000000000000000000000000000000000000000005f75f9e900000000000000000000000000000000000000000000000000000000000000020000000000000000000000000f5d2fb29fb7d3cfee444a200298f468908cc942000000000000000000000000c02aaa39b223fe8d0a0e5c4f27ead9083c756cc2,0x18cbafe5,"swapExactTokensForETH(uint256 amountIn, uint256 amountOutMin, address[] path, address to, uint256 deadline)",,246074,1,126877,14425715,0
10970940,0x994ebeecbf701d1009f172cbd0892ede00554a4f53947527a62600b30f021677,1601566168,0x25716d8df8955985a2666ceeadc5cab8921e658a5ebf54851e2f02ad6577d155,137,7,0x710da7a06b0c66a18fed27dfa53d937c69ed3b2c,0x7a250d5630b4cf539739df2c5dacb4c659f2488d,0,167374,150000000000,0x18cbafe500000000000000000000000000000000000000000000043c33c19375648000000000000000000000000000000000000000000000000000003c8c8d533eafc98d00000000000000000000000000000000000000000000000000000000000000a0000000000000000000000000710da7a06b0c66a18fed27dfa53d937c69ed3b2c000000000000000000000000000000000000000000000000000000005f75fa0b00000000000000000000000000000000000000000000000000000000000000020000000000000000000000000f5d2fb29fb7d3cfee444a200298f468908cc942000000000000000000000000c02aaa39b223fe8d0a0e5c4f27ead9083c756cc2,0x18cbafe5,"swapExactTokensForETH(uint256 amountIn, uint256 amountOutMin, address[] path, address to, uint256 deadline)",,547427,1,126877,14425707,0
10970949,0x4ad62bab773ad866da96112241598599013118333c4c0a9a45b2f8d3cae61811,1601566248,0x701d6c7b5b86f4874a45a46e76bee9c272db3a8873f332d0d3438ef46cb8e228,138,4,0x710da7a06b0c66a18fed27dfa53d937c69ed3b2c,0x7a250d5630b4cf539739df2c5dacb4c659f2488d,0,167374,150000000000,0x18cbafe500000000000000000000000000000000000000000000043c33c19375648000000000000000000000000000000000000000000000000000003cab21872c6e919100000000000000000000000000000000000000000000000000000000000000a0000000000000000000000000710da7a06b0c66a18fed27dfa53d937c69ed3b2c000000000000000000000000000000000000000000000000000000005f75fab500000000000000000000000000000000000000000000000000000000000000020000000000000000000000000f5d2fb29fb7d3cfee444a200298f468908cc942000000000000000000000000c02aaa39b223fe8d0a0e5c4f27ead9083c756cc2,0x18cbafe5,"swapExactTokensForETH(uint256 amountIn, uint256 amountOutMin, address[] path, address to, uint256 deadline)",,226571,1,126877,14425698,0
10970957,0x2a8389f5126629ef731b8c2e4aecd18f4b6a7c9faef4b0345450e644c044692c,1601566341,0xa5604580bff447a7108f190170e8c9d2fc27e08cf1b3987e882b12c102dddb2b,139,6,0x710da7a06b0c66a18fed27dfa53d937c69ed3b2c,0x7a250d5630b4cf539739df2c5dacb4c659f2488d,0,167374,150000000000,0x18cbafe500000000000000000000000000000000000000000000043c33c19375648000000000000000000000000000000000000000000000000000003c7297ef048faae100000000000000000000000000000000000000000000000000000000000000a0000000000000000000000000710da7a06b0c66a18fed27dfa53d937c69ed3b2c000000000000000000000000000000000000000000000000000000005f75fae500000000000000000000000000000000000000000000000000000000000000020000000000000000000000000f5d2fb29fb7d3cfee444a200298f468908cc942000000000000000000000000c02aaa39b223fe8d0a0e5c4f27ead9083c756cc2,0x18cbafe5,"swapExactTokensForETH(uint256 amountIn, uint256 amountOutMin, address[] path, address to, uint256 deadline)",,385812,1,126877,14425690,0
10970962,0xe1abe9b1bb857f02ccdc06bd69eec80026a741e9a6b82fa56371fa7a40d626a3,1601566382,0x0dcc1aa04c6925467108f8da60b1559cd59a3a04805bcb1fec2c05b7810e3829,140,13,0x710da7a06b0c66a18fed27dfa53d937c69ed3b2c,0x7a250d5630b4cf539739df2c5dacb4c659f2488d,0,167374,150000000000,0x18cbafe500000000000000000000000000000000000000000000043c33c19375648000000000000000000000000000000000000000000000000000003c7297ef048faae100000000000000000000000000000000000000000000000000000000000000a0000000000000000000000000710da7a06b0c66a18fed27dfa53d937c69ed3b2c000000000000000000000000000000000000000000000000000000005f75fb3500000000000000000000000000000000000000000000000000000000000000020000000000000000000000000f5d2fb29fb7d3cfee444a200298f468908cc942000000000000000000000000c02aaa39b223fe8d0a0e5c4f27ead9083c756cc2,0x18cbafe5,"swapExactTokensForETH(uint256 amountIn, uint256 amountOutMin, address[] path, address to, uint256 deadline)",,954306,1,126877,14425685,0
10970969,0xd8cf5dd942cb2e9b98c548e35d5299e28fd98172db682a8f92160bd2cc54e21b,1601566446,0xb75d6cc9506a46efb051eabc86736f411030fdfa02695245a557fc0935a2ae16,141,12,0x710da7a06b0c66a18fed27dfa53d937c69ed3b2c,0x7a250d5630b4cf539739df2c5dacb4c659f2488d,0,167374,150000000000,0x18cbafe500000000000000000000000000000000000000000000043c33c19375648000000000000000000000000000000000000000000000000000003c8332187b525c9900000000000000000000000000000000000000000000000000000000000000a0000000000000000000000000710da7a06b0c66a18fed27dfa53d937c69ed3b2c000000000000000000000000000000000000000000000000000000005f75fb5200000000000000000000000000000000000000000000000000000000000000020000000000000000000000000f5d2fb29fb7d3cfee444a200298f468908cc942000000000000000000000000c02aaa39b223fe8d0a0e5c4f27ead9083c756cc2,0x18cbafe5,"swapExactTokensForETH(uint256 amountIn, uint256 amountOutMin, address[] path, address to, uint256 deadline)",,846123,1,126877,14425678,0
10970974,0x16224431c5e569e2ace9b05f42ecf30328a1fa60bccf19896b356419761c4fae,1601566516,0xec5189cd10385ccca6661c155f2a83d053c96d31d20179b704b210f581b2db5b,142,1,0x710da7a06b0c66a18fed27dfa53d937c69ed3b2c,0x7a250d5630b4cf539739df2c5dacb4c659f2488d,0,167374,150000000000,0x18cbafe500000000000000000000000000000000000000000000043c33c19375648000000000000000000000000000000000000000000000000000003c568b5c6dd138b300000000000000000000000000000000000000000000000000000000000000a0000000000000000000000000710da7a06b0c66a18fed27dfa53d937c69ed3b2c000000000000000000000000000000000000000000000000000000005f75fbae00000000000000000000000000000000000000000000000000000000000000020000000000000000000000000f5d2fb29fb7d3cfee444a200298f468908cc942000000000000000000000000c02aaa39b223fe8d0a0e5c4f27ead9083c756cc2,0x18cbafe5,"swapExactTokensForETH(uint256 amountIn, uint256 amountOutMin, address[] path, address to, uint256 deadline)",,251178,1,126877,14425673,0
10970981,0x6a8e27f6a5e15cf4c29dc89d148717d434b8bae004cd9d16c5fdc05c0aa8c75c,1601566596,0xf16944875dc8860dcf9702987d86832421946f3edeaaf806a1a623adce7cf3e6,143,13,0x710da7a06b0c66a18fed27dfa53d937c69ed3b2c,0x7a250d5630b4cf539739df2c5dacb4c659f2488d,0,167374,150000000000,0x18cbafe500000000000000000000000000000000000000000000043c33c19375648000000000000000000000000000000000000000000000000000003c6837628ec73c4b00000000000000000000000000000000000000000000000000000000000000a0000000000000000000000000710da7a06b0c66a18fed27dfa53d937c69ed3b2c000000000000000000000000000000000000000000000000000000005f75fc0300000000000000000000000000000000000000000000000000000000000000020000000000000000000000000f5d2fb29fb7d3cfee444a200298f468908cc942000000000000000000000000c02aaa39b223fe8d0a0e5c4f27ead9083c756cc2,0x18cbafe5,"swapExactTokensForETH(uint256 amountIn, uint256 amountOutMin, address[] path, address to, uint256 deadline)",,626645,1,126877,14425666,0
10970998,0xead7665d98447dc6b106be8cee171429447cdab7c8d019a83f9c9864d59693b7,1601566820,0x6ebe03644968c270aa57878b9cc11eb036b416ac38fc91af54637a82db156e48,144,47,0x710da7a06b0c66a18fed27dfa53d937c69ed3b2c,0x7a250d5630b4cf539739df2c5dacb4c659f2488d,0,167374,150000000000,0x18cbafe500000000000000000000000000000000000000000000043c33c19375648000000000000000000000000000000000000000000000000000003c327fe91cb1e4af00000000000000000000000000000000000000000000000000000000000000a0000000000000000000000000710da7a06b0c66a18fed27dfa53d937c69ed3b2c000000000000000000000000000000000000000000000000000000005f75fd0b00000000000000000000000000000000000000000000000000000000000000020000000000000000000000000f5d2fb29fb7d3cfee444a200298f468908cc942000000000000000000000000c02aaa39b223fe8d0a0e5c4f27ead9083c756cc2,0x18cbafe5,"swapExactTokensForETH(uint256 amountIn, uint256 amountOutMin, address[] path, address to, uint256 deadline)",,3070392,1,126877,14425649,0
10971003,0x1a4be7b216b21bc85435d0c48220a8eecc4ab0d0507f54cd2a449cf093436028,1601566890,0x0515b57a872594cd924598912e4093165e27e12a87db3c82870d99d894907468,145,5,0x710da7a06b0c66a18fed27dfa53d937c69ed3b2c,0x7a250d5630b4cf539739df2c5dacb4c659f2488d,0,167374,150000000000,0x18cbafe500000000000000000000000000000000000000000000043c33c19375648000000000000000000000000000000000000000000000000000003c327fe91cb1e4af00000000000000000000000000000000000000000000000000000000000000a0000000000000000000000000710da7a06b0c66a18fed27dfa53d937c69ed3b2c000000000000000000000000000000000000000000000000000000005f75fd0b00000000000000000000000000000000000000000000000000000000000000020000000000000000000000000f5d2fb29fb7d3cfee444a200298f468908cc942000000000000000000000000c02aaa39b223fe8d0a0e5c4f27ead9083c756cc2,0x18cbafe5,"swapExactTokensForETH(uint256 amountIn, uint256 amountOutMin, address[] path, address to, uint256 deadline)",,435158,1,126877,14425644,0
10971008,0x1b5cf528b76511cac68f684ce1b58fa75b933cca1d3c28338b673854acde7ea0,1601567009,0xb3231d6b592eaafc80c7d8debfb4f934e197d96f135fd5992fc88ccffd362ba6,146,36,0x710da7a06b0c66a18fed27dfa53d937c69ed3b2c,0x7a250d5630b4cf539739df2c5dacb4c659f2488d,0,167374,150000000000,0x18cbafe500000000000000000000000000000000000000000000043c33c19375648000000000000000000000000000000000000000000000000000003ab2af900d08ff2e00000000000000000000000000000000000000000000000000000000000000a0000000000000000000000000710da7a06b0c66a18fed27dfa53d937c69ed3b2c000000000000000000000000000000000000000000000000000000005f75fda600000000000000000000000000000000000000000000000000000000000000020000000000000000000000000f5d2fb29fb7d3cfee444a200298f468908cc942000000000000000000000000c02aaa39b223fe8d0a0e5c4f27ead9083c756cc2,0x18cbafe5,"swapExactTokensForETH(uint256 amountIn, uint256 amountOutMin, address[] path, address to, uint256 deadline)",,1938527,1,126877,14425639,0
10971012,0xb1409c325aa06b6f4cff9c76869089b277d6d4a5d53310e6ddd568a16233f2c8,1601567083,0x5d16b22f4475549d2a629041d3f6877ac29f27db887b18975d674f5a7583abe9,147,18,0x710da7a06b0c66a18fed27dfa53d937c69ed3b2c,0x7a250d5630b4cf539739df2c5dacb4c659f2488d,0,167374,150000000000,0x18cbafe500000000000000000000000000000000000000000000043c33c19375648000000000000000000000000000000000000000000000000000003be6088a644c64e000000000000000000000000000000000000000000000000000000000000000a0000000000000000000000000710da7a06b0c66a18fed27dfa53d937c69ed3b2c000000000000000000000000000000000000000000000000000000005f75fdf400000000000000000000000000000000000000000000000000000000000000020000000000000000000000000f5d2fb29fb7d3cfee444a200298f468908cc942000000000000000000000000c02aaa39b223fe8d0a0e5c4f27ead9083c756cc2,0x18cbafe5,"swapExactTokensForETH(uint256 amountIn, uint256 amountOutMin, address[] path, address to, uint256 deadline)",,1671181,1,126877,14425635,0
10971018,0x382b094dec80f3d1bb5a024553a3f3e59f448328571efa982ae108580b15b7ef,1601567147,0xf3414a54e546df41f6d8d67af5d81238f1f11f36c17a2ae4bdfb69e83d9dd3a3,148,9,0x710da7a06b0c66a18fed27dfa53d937c69ed3b2c,0x7a250d5630b4cf539739df2c5dacb4c659f2488d,0,167374,150000000000,0x18cbafe500000000000000000000000000000000000000000000043c33c19375648000000000000000000000000000000000000000000000000000003c3e1e533a27bf3f00000000000000000000000000000000000000000000000000000000000000a0000000000000000000000000710da7a06b0c66a18fed27dfa53d937c69ed3b2c000000000000000000000000000000000000000000000000000000005f75fe3900000000000000000000000000000000000000000000000000000000000000020000000000000000000000000f5d2fb29fb7d3cfee444a200298f468908cc942000000000000000000000000c02aaa39b223fe8d0a0e5c4f27ead9083c756cc2,0x18cbafe5,"swapExactTokensForETH(uint256 amountIn, uint256 amountOutMin, address[] path, address to, uint256 deadline)",,792465,1,126877,14425629,0
10971021,0x918526b5477648c878a90839c9165650ed4479d85af182ed9dc5c46e6e6810fe,1601567208,0x9d2042fd93e84959197ebf5c31185add353c176bdfd8f1fddbce9e4fe6905038,149,11,0x710da7a06b0c66a18fed27dfa53d937c69ed3b2c,0x7a250d5630b4cf539739df2c5dacb4c659f2488d,0,167374,150000000000,0x18cbafe500000000000000000000000000000000000000000000065a4da25d3016c0000000000000000000000000000000000000000000000000000057611d38a07536e500000000000000000000000000000000000000000000000000000000000000a0000000000000000000000000710da7a06b0c66a18fed27dfa53d937c69ed3b2c000000000000000000000000000000000000000000000000000000005f75fe6800000000000000000000000000000000000000000000000000000000000000020000000000000000000000000f5d2fb29fb7d3cfee444a200298f468908cc942000000000000000000000000c02aaa39b223fe8d0a0e5c4f27ead9083c756cc2,0x18cbafe5,"swapExactTokensForETH(uint256 amountIn, uint256 amountOutMin, address[] path, address to, uint256 deadline)",,762435,1,126877,14425626,0
10971028,0x511f8cd9f653196a76cafd3a36578597bf19a577a33531ea13358c4a1941edcc,1601567263,0xb68af8df3d458c29325f7ed6db68f6c9cc687d215a63a10fd03fe012fc75633e,150,40,0x710da7a06b0c66a18fed27dfa53d937c69ed3b2c,0x7a250d5630b4cf539739df2c5dacb4c659f2488d,0,167374,150000000000,0x18cbafe500000000000000000000000000000000000000000000065a4da25d3016c00000000000000000000000000000000000000000000000000000584b0f7a164a120e00000000000000000000000000000000000000000000000000000000000000a0000000000000000000000000710da7a06b0c66a18fed27dfa53d937c69ed3b2c000000000000000000000000000000000000000000000000000000005f75fe9800000000000000000000000000000000000000000000000000000000000000020000000000000000000000000f5d2fb29fb7d3cfee444a200298f468908cc942000000000000000000000000c02aaa39b223fe8d0a0e5c4f27ead9083c756cc2,0x18cbafe5,"swapExactTokensForETH(uint256 amountIn, uint256 amountOutMin, address[] path, address to, uint256 deadline)",,2089890,1,126877,14425619,0
10971031,0x09466512a3afae56d0f921976bcc27480d52a2f2060c79ec1a3d8da7ed5ef10d,1601567319,0x13618c56de4e197b12294ff3ecc2c55439a174e1c168d88464b12cfd46af2773,151,17,0x710da7a06b0c66a18fed27dfa53d937c69ed3b2c,0x7a250d5630b4cf539739df2c5dacb4c659f2488d,0,154157,150000000000,0x18cbafe500000000000000000000000000000000000000000000065a4da25d3016c00000000000000000000000000000000000000000000000000000584b0f7a164a120e00000000000000000000000000000000000000000000000000000000000000a0000000000000000000000000710da7a06b0c66a18fed27dfa53d937c69ed3b2c000000000000000000000000000000000000000000000000000000005f75fece00000000000000000000000000000000000000000000000000000000000000020000000000000000000000000f5d2fb29fb7d3cfee444a200298f468908cc942000000000000000000000000c02aaa39b223fe8d0a0e5c4f27ead9083c756cc2,0x18cbafe5,"swapExactTokensForETH(uint256 amountIn, uint256 amountOutMin, address[] path, address to, uint256 deadline)",,1295901,1,126877,14425616,0
10971035,0xeedcd611a1ae6bb098b2e29ad1b294cd3d6d1575ba07925c66c770ea59107913,1601567387,0x77c61c5fa9fd6d740440ab0bca16bbf85c7221dc78134c47b43bf68897bab00f,152,76,0x710da7a06b0c66a18fed27dfa53d937c69ed3b2c,0x7a250d5630b4cf539739df2c5dacb4c659f2488d,0,167374,150000000000,0x18cbafe500000000000000000000000000000000000000000000065a4da25d3016c00000000000000000000000000000000000000000000000000000593818edf383834900000000000000000000000000000000000000000000000000000000000000a0000000000000000000000000710da7a06b0c66a18fed27dfa53d937c69ed3b2c000000000000000000000000000000000000000000000000000000005f75fefd00000000000000000000000000000000000000000000000000000000000000020000000000000000000000000f5d2fb29fb7d3cfee444a200298f468908cc942000000000000000000000000c02aaa39b223fe8d0a0e5c4f27ead9083c756cc2,0x18cbafe5,"swapExactTokensForETH(uint256 amountIn, uint256 amountOutMin, address[] path, address to, uint256 deadline)",,4378134,1,126877,14425612,0
10971045,0x786a0b2f87f74d896bbd4077a66ad584a31c74c3ed016fe096442c21c57228f4,1601567572,0x43d6f93e033f7473a7fbf8ab1098ecd5942a9613b1a77e2245563fe98dd0d70b,153,3,0x710da7a06b0c66a18fed27dfa53d937c69ed3b2c,0x7a250d5630b4cf539739df2c5dacb4c659f2488d,0,167361,150000000000,0x18cbafe500000000000000000000000000000000000000000000065a4da25d3016c000000000000000000000000000000000000000000000000000005aac01f42800c4d600000000000000000000000000000000000000000000000000000000000000a0000000000000000000000000710da7a06b0c66a18fed27dfa53d937c69ed3b2c000000000000000000000000000000000000000000000000000000005f75ffae00000000000000000000000000000000000000000000000000000000000000020000000000000000000000000f5d2fb29fb7d3cfee444a200298f468908cc942000000000000000000000000c02aaa39b223fe8d0a0e5c4f27ead9083c756cc2,0x18cbafe5,"swapExactTokensForETH(uint256 amountIn, uint256 amountOutMin, address[] path, address to, uint256 deadline)",,322403,1,126865,14425602,0
10971052,0x55ee14730c8ebf432e8d7eb28b9ef6539121a422d8e7109fdb5f55084462d174,1601567620,0x4edc81edb61a06e043452c4c1c109ab01a02d8082db89962bacb243b16a84d33,154,31,0x710da7a06b0c66a18fed27dfa53d937c69ed3b2c,0x7a250d5630b4cf539739df2c5dacb4c659f2488d,0,167361,150000000000,0x18cbafe500000000000000000000000000000000000000000000065a4da25d3016c0000000000000000000000000000000000000000000000000000059b72c1b2966e54600000000000000000000000000000000000000000000000000000000000000a0000000000000000000000000710da7a06b0c66a18fed27dfa53d937c69ed3b2c000000000000000000000000000000000000000000000000000000005f76001b00000000000000000000000000000000000000000000000000000000000000020000000000000000000000000f5d2fb29fb7d3cfee444a200298f468908cc942000000000000000000000000c02aaa39b223fe8d0a0e5c4f27ead9083c756cc2,0x18cbafe5,"swapExactTokensForETH(uint256 amountIn, uint256 amountOutMin, address[] path, address to, uint256 deadline)",,2047272,1,126865,14425595,0
10971058,0x477fba09780b031f1a8abbcf0ad46641c55875fc30325bcdddd70f60fbcb076b,1601567696,0xde91a13f66087aae9d6eff7114dad7e2b80ab17bf8b16955fa6896dbf7c7607b,155,34,0x710da7a06b0c66a18fed27dfa53d937c69ed3b2c,0x7a250d5630b4cf539739df2c5dacb4c659f2488d,0,167361,150000000000,0x18cbafe500000000000000000000000000000000000000000000065a4da25d3016c0000000000000000000000000000000000000000000000000000059923c03660c731900000000000000000000000000000000000000000000000000000000000000a0000000000000000000000000710da7a06b0c66a18fed27dfa53d937c69ed3b2c000000000000000000000000000000000000000000000000000000005f76004300000000000000000000000000000000000000000000000000000000000000020000000000000000000000000f5d2fb29fb7d3cfee444a200298f468908cc942000000000000000000000000c02aaa39b223fe8d0a0e5c4f27ead9083c756cc2,0x18cbafe5,"swapExactTokensForETH(uint256 amountIn, uint256 amountOutMin, address[] path, address to, uint256 deadline)",,3442592,1,126865,14425589,0
10971061,0xeb344b0cf930ed05d5df178351e7c0367754ba8b391d10174efd0fd94221d02e,1601567743,0x06c780a85c3e1adecb983147201c7a4f555fb0333cb7420af8e5334c80d192ef,156,43,0x710da7a06b0c66a18fed27dfa53d937c69ed3b2c,0x7a250d5630b4cf539739df2c5dacb4c659f2488d,0,154144,150000000000,0x18cbafe500000000000000000000000000000000000000000000065a4da25d3016c0000000000000000000000000000000000000000000000000000058cf1eee6bc7174600000000000000000000000000000000000000000000000000000000000000a0000000000000000000000000710da7a06b0c66a18fed27dfa53d937c69ed3b2c000000000000000000000000000000000000000000000000000000005f76008000000000000000000000000000000000000000000000000000000000000000020000000000000000000000000f5d2fb29fb7d3cfee444a200298f468908cc942000000000000000000000000c02aaa39b223fe8d0a0e5c4f27ead9083c756cc2,0x18cbafe5,"swapExactTokensForETH(uint256 amountIn, uint256 amountOutMin, address[] path, address to, uint256 deadline)",,3299673,1,126865,14425586,0
10971080,0x8785edef5c0a229d3de94816ed403b10bcbc16e778624f6b03176e508e14584a,1601567998,0x70f3c9291b8085e032fd889d8d9c0e1f2a902337de311aa8e5f883897455ed2a,157,51,0x710da7a06b0c66a18fed27dfa53d937c69ed3b2c,0x7a250d5630b4cf539739df2c5dacb4c659f2488d,0,167361,108000000000,0x18cbafe500000000000000000000000000000000000000000000065a4da25d3016c0000000000000000000000000000000000000000000000000000058cf1eee6bc7174600000000000000000000000000000000000000000000000000000000000000a0000000000000000000000000710da7a06b0c66a18fed27dfa53d937c69ed3b2c000000000000000000000000000000000000000000000000000000005f7600e100000000000000000000000000000000000000000000000000000000000000020000000000000000000000000f5d2fb29fb7d3cfee444a200298f468908cc942000000000000000000000000c02aaa39b223fe8d0a0e5c4f27ead9083c756cc2,0x18cbafe5,"swapExactTokensForETH(uint256 amountIn, uint256 amountOutMin, address[] path, address to, uint256 deadline)",,8171914,1,126865,14425567,0
10971080,0x8785edef5c0a229d3de94816ed403b10bcbc16e778624f6b03176e508e14584a,1601567998,0x0067d2956d941c79c5d4ca354adff5d349e8d5367074d848b0b67bd720a14472,158,52,0x710da7a06b0c66a18fed27dfa53d937c69ed3b2c,0x7a250d5630b4cf539739df2c5dacb4c659f2488d,0,167374,109000000000,0x18cbafe500000000000000000000000000000000000000000000065a4da25d3016c00000000000000000000000000000000000000000000000000000593546a02d25acc500000000000000000000000000000000000000000000000000000000000000a0000000000000000000000000710da7a06b0c66a18fed27dfa53d937c69ed3b2c000000000000000000000000000000000000000000000000000000005f76012300000000000000000000000000000000000000000000000000000000000000020000000000000000000000000f5d2fb29fb7d3cfee444a200298f468908cc942000000000000000000000000c02aaa39b223fe8d0a0e5c4f27ead9083c756cc2,0x18cbafe5,"swapExactTokensForETH(uint256 amountIn, uint256 amountOutMin, address[] path, address to, uint256 deadline)",,8201028,0,29114,14425567,1
10971094,0x46b75fe0d72cb9466b45627065506b33b1bfff263d51be7cb8a5f4ff0bb51e45,1601568171,0x75c7344335e17fe59bdd0e46c4d0c192e5eacaaf90e45486bf76caffc43d0d9b,159,115,0x710da7a06b0c66a18fed27dfa53d937c69ed3b2c,0x7a250d5630b4cf539739df2c5dacb4c659f2488d,0,154157,111000000000,0x18cbafe500000000000000000000000000000000000000000000065a4da25d3016c00000000000000000000000000000000000000000000000000000585176537ed693fa00000000000000000000000000000000000000000000000000000000000000a0000000000000000000000000710da7a06b0c66a18fed27dfa53d937c69ed3b2c000000000000000000000000000000000000000000000000000000005f7601b600000000000000000000000000000000000000000000000000000000000000020000000000000000000000000f5d2fb29fb7d3cfee444a200298f468908cc942000000000000000000000000c02aaa39b223fe8d0a0e5c4f27ead9083c756cc2,0x18cbafe5,"swapExactTokensForETH(uint256 amountIn, uint256 amountOutMin, address[] path, address to, uint256 deadline)",,10962967,1,126877,14425553,0
10971131,0x2d0a5e56e916be44a35256f6039045786d38efc855fcd156d40f79320b78b05d,1601568657,0xc79d13d93a595bf425cc498c555d251c99faa4aa91c3ae3b108a6339ddcb7f4d,160,148,0x710da7a06b0c66a18fed27dfa53d937c69ed3b2c,0x7a250d5630b4cf539739df2c5dacb4c659f2488d,0,167374,123000001459,0x18cbafe500000000000000000000000000000000000000000000065a4da25d3016c000000000000000000000000000000000000000000000000000005bbe6147bbbe31d400000000000000000000000000000000000000000000000000000000000000a0000000000000000000000000710da7a06b0c66a18fed27dfa53d937c69ed3b2c000000000000000000000000000000000000000000000000000000005f76033600000000000000000000000000000000000000000000000000000000000000020000000000000000000000000f5d2fb29fb7d3cfee444a200298f468908cc942000000000000000000000000c02aaa39b223fe8d0a0e5c4f27ead9083c756cc2,0x18cbafe5,"swapExactTokensForETH(uint256 amountIn, uint256 amountOutMin, address[] path, address to, uint256 deadline)",,12341491,0,29114,14425516,1
10971178,0x08d8a0ab2e70b0993b1ac65cf0aa49413eaee894182dbbdac13b661ad13cfa87,1601569228,0x7aa30e6f424298355a8eb70273ad800ef67a83892a9bc2c08f444af266ff15d0,161,144,0x710da7a06b0c66a18fed27dfa53d937c69ed3b2c,0x7a250d5630b4cf539739df2c5dacb4c659f2488d,0,167361,130000000000,0x18cbafe500000000000000000000000000000000000000000000065a4da25d3016c0000000000000000000000000000000000000000000000000000059bf2600515a3ecc00000000000000000000000000000000000000000000000000000000000000a0000000000000000000000000710da7a06b0c66a18fed27dfa53d937c69ed3b2c000000000000000000000000000000000000000000000000000000005f7604b700000000000000000000000000000000000000000000000000000000000000020000000000000000000000000f5d2fb29fb7d3cfee444a200298f468908cc942000000000000000000000000c02aaa39b223fe8d0a0e5c4f27ead9083c756cc2,0x18cbafe5,"swapExactTokensForETH(uint256 amountIn, uint256 amountOutMin, address[] path, address to, uint256 deadline)",,10139058,0,29102,14425469,1
10971178,0x08d8a0ab2e70b0993b1ac65cf0aa49413eaee894182dbbdac13b661ad13cfa87,1601569228,0xd95df91ad53efbae8bc0267c7f7c459a26fee0fddc5558a4db0cd668489fd25f,162,145,0x710da7a06b0c66a18fed27dfa53d937c69ed3b2c,0x7a250d5630b4cf539739df2c5dacb4c659f2488d,0,167374,200000000000,0x18cbafe500000000000000000000000000000000000000000000065a4da25d3016c000000000000000000000000000000000000000000000000000005853a0e0b608d3f600000000000000000000000000000000000000000000000000000000000000a0000000000000000000000000710da7a06b0c66a18fed27dfa53d937c69ed3b2c000000000000000000000000000000000000000000000000000000005f76063e00000000000000000000000000000000000000000000000000000000000000020000000000000000000000000f5d2fb29fb7d3cfee444a200298f468908cc942000000000000000000000000c02aaa39b223fe8d0a0e5c4f27ead9083c756cc2,0x18cbafe5,"swapExactTokensForETH(uint256 amountIn, uint256 amountOutMin, address[] path, address to, uint256 deadline)",,10265935,1,126877,14425469,0
10971196,0x9cd7f616daf74b8249850edbd1fd370da3337d054e1e0ef537b29ab252f222a7,1601569408,0xa2ff39376614fe1f0c25af7d64cd28b8101bc22c778ca1d467c13236b17da841,163,84,0x710da7a06b0c66a18fed27dfa53d937c69ed3b2c,0x7a250d5630b4cf539739df2c5dacb4c659f2488d,0,167374,200000000000,0x18cbafe500000000000000000000000000000000000000000000065a4da25d3016c00000000000000000000000000000000000000000000000000000534ec9824b87d22700000000000000000000000000000000000000000000000000000000000000a0000000000000000000000000710da7a06b0c66a18fed27dfa53d937c69ed3b2c000000000000000000000000000000000000000000000000000000005f76071900000000000000000000000000000000000000000000000000000000000000020000000000000000000000000f5d2fb29fb7d3cfee444a200298f468908cc942000000000000000000000000c02aaa39b223fe8d0a0e5c4f27ead9083c756cc2,0x18cbafe5,"swapExactTokensForETH(uint256 amountIn, uint256 amountOutMin, address[] path, address to, uint256 deadline)",,6936790,1,126877,14425451,0
10971205,0x661f07c6faa525fc1de5c739f87fa760ed60520f4cb961534a487864e7a271be,1601569536,0x4c41f3c9f31ca8fa040b5edfdb329948a58f594742f6bd64a820fcd85f73b751,164,16,0x710da7a06b0c66a18fed27dfa53d937c69ed3b2c,0x7a250d5630b4cf539739df2c5dacb4c659f2488d,0,167374,200000000000,0x18cbafe500000000000000000000000000000000000000000000065a4da25d3016c00000000000000000000000000000000000000000000000000000534ec9824b87d22700000000000000000000000000000000000000000000000000000000000000a0000000000000000000000000710da7a06b0c66a18fed27dfa53d937c69ed3b2c000000000000000000000000000000000000000000000000000000005f76076d00000000000000000000000000000000000000000000000000000000000000020000000000000000000000000f5d2fb29fb7d3cfee444a200298f468908cc942000000000000000000000000c02aaa39b223fe8d0a0e5c4f27ead9083c756cc2,0x18cbafe5,"swapExactTokensForETH(uint256 amountIn, uint256 amountOutMin, address[] path, address to, uint256 deadline)",,1537273,1,126877,14425442,0
10971244,0xce3b840c9ed9bbcbc90fe2c66e749f11e508a59f8a30cacd17cc6f282fc695e9,1601570165,0x08f1230614f67da02dae0e617439148298dabf064474609643095c6df2510205,165,73,0x710da7a06b0c66a18fed27dfa53d937c69ed3b2c,0x7a250d5630b4cf539739df2c5dacb4c659f2488d,0,167374,189698744770,0x18cbafe500000000000000000000000000000000000000000000043c33c193756480000000000000000000000000000000000000000000000000000037934e851c0c567a00000000000000000000000000000000000000000000000000000000000000a0000000000000000000000000710da7a06b0c66a18fed27dfa53d937c69ed3b2c000000000000000000000000000000000000000000000000000000005f76098100000000000000000000000000000000000000000000000000000000000000020000000000000000000000000f5d2fb29fb7d3cfee444a200298f468908cc942000000000000000000000000c02aaa39b223fe8d0a0e5c4f27ead9083c756cc2,0x18cbafe5,"swapExactTokensForETH(uint256 amountIn, uint256 amountOutMin, address[] path, address to, uint256 deadline)",,5739200,1,126877,14425403,0
10971249,0x2fe92712227ee27f406bc9795757a84a03b6e2aea0042f35fb0329a61973fc72,1601570213,0x7b3adcff1aed488ffd7d60675225fb972fa7d825290898e5effd4943d3726d35,166,30,0x710da7a06b0c66a18fed27dfa53d937c69ed3b2c,0x7a250d5630b4cf539739df2c5dacb4c659f2488d,0,167374,189698744770,0x18cbafe500000000000000000000000000000000000000000000065a4da25d3016c0000000000000000000000000000000000000000000000000000054de5d6441427b8400000000000000000000000000000000000000000000000000000000000000a0000000000000000000000000710da7a06b0c66a18fed27dfa53d937c69ed3b2c000000000000000000000000000000000000000000000000000000005f760a2700000000000000000000000000000000000000000000000000000000000000020000000000000000000000000f5d2fb29fb7d3cfee444a200298f468908cc942000000000000000000000000c02aaa39b223fe8d0a0e5c4f27ead9083c756cc2,0x18cbafe5,"swapExactTokensForETH(uint256 amountIn, uint256 amountOutMin, address[] path, address to, uint256 deadline)",,2293767,1,126877,14425398,0
10971280,0x5cc69e3fe479ea602666e775f069443b51887acc004ba41d45512e769d3e7b54,1601570612,0xb11a0b5b0c3046741f420784295b67ecccc961323a14a4221ab529cbb9bda69f,167,148,0x710da7a06b0c66a18fed27dfa53d937c69ed3b2c,0x7a250d5630b4cf539739df2c5dacb4c659f2488d,0,167374,180000000000,0x18cbafe500000000000000000000000000000000000000000000065a4da25d3016c0000000000000000000000000000000000000000000000000000053f7184ce7fc11bf00000000000000000000000000000000000000000000000000000000000000a0000000000000000000000000710da7a06b0c66a18fed27dfa53d937c69ed3b2c000000000000000000000000000000000000000000000000000000005f760a6900000000000000000000000000000000000000000000000000000000000000020000000000000000000000000f5d2fb29fb7d3cfee444a200298f468908cc942000000000000000000000000c02aaa39b223fe8d0a0e5c4f27ead9083c756cc2,0x18cbafe5,"swapExactTokensForETH(uint256 amountIn, uint256 amountOutMin, address[] path, address to, uint256 deadline)",,12019094,1,126877,14425367,0
10971285,0xe7ce2250fb236774c8849c92ed2166a68fed2dcb05d3dbd1ff914957ea3be1d6,1601570677,0x4114dccaa5600577c8bce87448fa4afaa43fc32a0fd8f848a1cfc8385e9f36e7,168,81,0x710da7a06b0c66a18fed27dfa53d937c69ed3b2c,0x7a250d5630b4cf539739df2c5dacb4c659f2488d,0,154157,200000000000,0x18cbafe500000000000000000000000000000000000000000000065a4da25d3016c00000000000000000000000000000000000000000000000000000537b2eee9a9fd62500000000000000000000000000000000000000000000000000000000000000a0000000000000000000000000710da7a06b0c66a18fed27dfa53d937c69ed3b2c000000000000000000000000000000000000000000000000000000005f760be800000000000000000000000000000000000000000000000000000000000000020000000000000000000000000f5d2fb29fb7d3cfee444a200298f468908cc942000000000000000000000000c02aaa39b223fe8d0a0e5c4f27ead9083c756cc2,0x18cbafe5,"swapExactTokensForETH(uint256 amountIn, uint256 amountOutMin, address[] path, address to, uint256 deadline)",,7227034,1,126877,14425362,0
10971306,0x1b54ae4989b6d02eb5bf4bfaf5aa1376c3e4afc224854a10eccf1d1de2bbdb73,1601570912,0x4365f70647e96c74131ad508047fa551c037546847da8a4f7d4eff441a54e856,169,110,0x710da7a06b0c66a18fed27dfa53d937c69ed3b2c,0x7a250d5630b4cf539739df2c5dacb4c659f2488d,0,167374,200000000000,0x18cbafe500000000000000000000000000000000000000000000065a4da25d3016c0000000000000000000000000000000000000000000000000000053d177d805938e7300000000000000000000000000000000000000000000000000000000000000a0000000000000000000000000710da7a06b0c66a18fed27dfa53d937c69ed3b2c000000000000000000000000000000000000000000000000000000005f760c2900000000000000000000000000000000000000000000000000000000000000020000000000000000000000000f5d2fb29fb7d3cfee444a200298f468908cc942000000000000000000000000c02aaa39b223fe8d0a0e5c4f27ead9083c756cc2,0x18cbafe5,"swapExactTokensForETH(uint256 amountIn, uint256 amountOutMin, address[] path, address to, uint256 deadline)",,9517264,1,126877,14425341,0
10971315,0xe1d809c068c52c6825c5a4cd764ebe50b6d54b622a6e66850736646805df9b53,1601571033,0x61e84508617d4b3503fe3fea31302a33d24ed4bfb88027ee7c666926a1e44425,170,128,0x710da7a06b0c66a18fed27dfa53d937c69ed3b2c,0x7a250d5630b4cf539739df2c5dacb4c659f2488d,0,154157,207900000000,0x18cbafe500000000000000000000000000000000000000000000065a4da25d3016c0000000000000000000000000000000000000000000000000000053acb87714ada6a700000000000000000000000000000000000000000000000000000000000000a0000000000000000000000000710da7a06b0c66a18fed27dfa53d937c69ed3b2c000000000000000000000000000000000000000000000000000000005f760d2600000000000000000000000000000000000000000000000000000000000000020000000000000000000000000f5d2fb29fb7d3cfee444a200298f468908cc942000000000000000000000000c02aaa39b223fe8d0a0e5c4f27ead9083c756cc2,0x18cbafe5,"swapExactTokensForETH(uint256 amountIn, uint256 amountOutMin, address[] path, address to, uint256 deadline)",,9183784,1,126877,14425332,0
10971323,0x5e9e24fc796b756ae12260abc757d1083c713839a021c8174b2bef823077d77e,1601571156,0x754745ca091f6d01bccac1015c193a2a446ab6c60a3c38d1d8394579a3bd1a7d,171,124,0x710da7a06b0c66a18fed27dfa53d937c69ed3b2c,0x7a250d5630b4cf539739df2c5dacb4c659f2488d,0,167374,207900000000,0x18cbafe500000000000000000000000000000000000000000000043c33c193756480000000000000000000000000000000000000000000000000000037c14bf758b88e4a00000000000000000000000000000000000000000000000000000000000000a0000000000000000000000000710da7a06b0c66a18fed27dfa53d937c69ed3b2c000000000000000000000000000000000000000000000000000000005f760d9c00000000000000000000000000000000000000000000000000000000000000020000000000000000000000000f5d2fb29fb7d3cfee444a200298f468908cc942000000000000000000000000c02aaa39b223fe8d0a0e5c4f27ead9083c756cc2,0x18cbafe5,"swapExactTokensForETH(uint256 amountIn, uint256 amountOutMin, address[] path, address to, uint256 deadline)",,10770574,1,126877,14425324,0
10971329,0x0277b1e7bf92fd15c8f0ac38dd55a67e665ae569bfab6ebff312752e748211e7,1601571234,0x2f9254dbeb7966d4d74dc6bfa8e643f27702279305abcdfcec9332aece51a9d1,172,29,0x710da7a06b0c66a18fed27dfa53d937c69ed3b2c,0x7a250d5630b4cf539739df2c5dacb4c659f2488d,0,167374,250000000000,0x18cbafe500000000000000000000000000000000000000000000065a4da25d3016c0000000000000000000000000000000000000000000000000000058064ab3d30697e900000000000000000000000000000000000000000000000000000000000000a0000000000000000000000000710da7a06b0c66a18fed27dfa53d937c69ed3b2c000000000000000000000000000000000000000000000000000000005f760e1d00000000000000000000000000000000000000000000000000000000000000020000000000000000000000000f5d2fb29fb7d3cfee444a200298f468908cc942000000000000000000000000c02aaa39b223fe8d0a0e5c4f27ead9083c756cc2,0x18cbafe5,"swapExactTokensForETH(uint256 amountIn, uint256 amountOutMin, address[] path, address to, uint256 deadline)",,1814120,1,126877,14425318,0
10971339,0x92807833a1c6530a8fc0f58224858148e755cfb580081d8dc429cc320b323b16,1601571327,0x1d72c8b7c8418adc7721e527c3f6906481d13ecf14f5bed95a3cc0bc94b1ccb3,173,61,0x710da7a06b0c66a18fed27dfa53d937c69ed3b2c,0x7a250d5630b4cf539739df2c5dacb4c659f2488d,0,167374,207900000000,0x18cbafe500000000000000000000000000000000000000000000065a4da25d3016c000000000000000000000000000000000000000000000000000005308ee4fb41228db00000000000000000000000000000000000000000000000000000000000000a0000000000000000000000000710da7a06b0c66a18fed27dfa53d937c69ed3b2c000000000000000000000000000000000000000000000000000000005f760e9200000000000000000000000000000000000000000000000000000000000000020000000000000000000000000f5d2fb29fb7d3cfee444a200298f468908cc942000000000000000000000000c02aaa39b223fe8d0a0e5c4f27ead9083c756cc2,0x18cbafe5,"swapExactTokensForETH(uint256 amountIn, uint256 amountOutMin, address[] path, address to, uint256 deadline)",,5254240,1,126877,14425308,0
10971343,0xf3f97770c113c810e57304bbf9d1f6c866871c9af47d638fdc2d14086d166c6e,1601571387,0x88527965e191dfb7b606f0cf14176fe0e11abfba00173da1dbed9b52fc17b805,174,126,0x710da7a06b0c66a18fed27dfa53d937c69ed3b2c,0x7a250d5630b4cf539739df2c5dacb4c659f2488d,0,167374,207900000000,0x18cbafe500000000000000000000000000000000000000000000065a4da25d3016c000000000000000000000000000000000000000000000000000005308ee4fb41228db00000000000000000000000000000000000000000000000000000000000000a0000000000000000000000000710da7a06b0c66a18fed27dfa53d937c69ed3b2c000000000000000000000000000000000000000000000000000000005f760eaa00000000000000000000000000000000000000000000000000000000000000020000000000000000000000000f5d2fb29fb7d3cfee444a200298f468908cc942000000000000000000000000c02aaa39b223fe8d0a0e5c4f27ead9083c756cc2,0x18cbafe5,"swapExactTokensForETH(uint256 amountIn, uint256 amountOutMin, address[] path, address to, uint256 deadline)",,11434404,1,126877,14425304,0
10971352,0x81ac4a04f503af6e491c57ca0db0a7b440b75fee18462b50329f9e8bb9d72763,1601571465,0x4cd9b932d4284a94354751d5f1213e29aa28f4e83a9d454fcc00b29c7f21dd54,175,150,0x710da7a06b0c66a18fed27dfa53d937c69ed3b2c,0x7a250d5630b4cf539739df2c5dacb4c659f2488d,0,167374,207900000000,0x18cbafe500000000000000000000000000000000000000000000065a4da25d3016c0000000000000000000000000000000000000000000000000000052ddd821367b8ba900000000000000000000000000000000000000000000000000000000000000a0000000000000000000000000710da7a06b0c66a18fed27dfa53d937c69ed3b2c000000000000000000000000000000000000000000000000000000005f760f1b00000000000000000000000000000000000000000000000000000000000000020000000000000000000000000f5d2fb29fb7d3cfee444a200298f468908cc942000000000000000000000000c02aaa39b223fe8d0a0e5c4f27ead9083c756cc2,0x18cbafe5,"swapExactTokensForETH(uint256 amountIn, uint256 amountOutMin, address[] path, address to, uint256 deadline)",,10061978,1,126877,14425295,0
10971396,0xaac688a221bab80c1ce6940fe3f656a0c271dbbbb18390571ac3555268545c55,1601572031,0x930b621fdb314f89d71d4f094da4964d2418042444bba06614043dd4f1bd6226,176,147,0x710da7a06b0c66a18fed27dfa53d937c69ed3b2c,0x7a250d5630b4cf539739df2c5dacb4c659f2488d,0,154157,207900000000,0x18cbafe500000000000000000000000000000000000000000000065a4da25d3016c00000000000000000000000000000000000000000000000000000552c2e62d8b278f300000000000000000000000000000000000000000000000000000000000000a0000000000000000000000000710da7a06b0c66a18fed27dfa53d937c69ed3b2c000000000000000000000000000000000000000000000000000000005f760f3c00000000000000000000000000000000000000000000000000000000000000020000000000000000000000000f5d2fb29fb7d3cfee444a200298f468908cc942000000000000000000000000c02aaa39b223fe8d0a0e5c4f27ead9083c756cc2,0x18cbafe5,"swapExactTokensForETH(uint256 amountIn, uint256 amountOutMin, address[] path, address to, uint256 deadline)",,11690832,0,29114,14425251,1
10971396,0xaac688a221bab80c1ce6940fe3f656a0c271dbbbb18390571ac3555268545c55,1601572031,0x0047ae5eb851c95038dfca405c0d3ff7bc5db718bad6bc8533460c3655720d74,177,148,0x710da7a06b0c66a18fed27dfa53d937c69ed3b2c,0x7a250d5630b4cf539739df2c5dacb4c659f2488d,0,167374,250000000000,0x18cbafe500000000000000000000000000000000000000000000065a4da25d3016c00000000000000000000000000000000000000000000000000000534abbf089becbcf00000000000000000000000000000000000000000000000000000000000000a0000000000000000000000000710da7a06b0c66a18fed27dfa53d937c69ed3b2c000000000000000000000000000000000000000000000000000000005f7610b800000000000000000000000000000000000000000000000000000000000000020000000000000000000000000f5d2fb29fb7d3cfee444a200298f468908cc942000000000000000000000000c02aaa39b223fe8d0a0e5c4f27ead9083c756cc2,0x18cbafe5,"swapExactTokensForETH(uint256 amountIn, uint256 amountOutMin, address[] path, address to, uint256 deadline)",,11817709,1,126877,14425251,0
10971410,0x90fc41659c4c85b122682bf4c43213f8657538438d036e1e3f2026c60ce97ce8,1601572164,0x94f9a6ebbe20f92eb8994b15618c1fdd9c1deff5450d7faac3e91e1d5bf203c8,178,65,0x710da7a06b0c66a18fed27dfa53d937c69ed3b2c,0x7a250d5630b4cf539739df2c5dacb4c659f2488d,0,167374,250000000000,0x18cbafe500000000000000000000000000000000000000000000065a4da25d3016c000000000000000000000000000000000000000000000000000005727b6d2e483a8e500000000000000000000000000000000000000000000000000000000000000a0000000000000000000000000710da7a06b0c66a18fed27dfa53d937c69ed3b2c000000000000000000000000000000000000000000000000000000005f7611c500000000000000000000000000000000000000000000000000000000000000020000000000000000000000000f5d2fb29fb7d3cfee444a200298f468908cc942000000000000000000000000c02aaa39b223fe8d0a0e5c4f27ead9083c756cc2,0x18cbafe5,"swapExactTokensForETH(uint256 amountIn, uint256 amountOutMin, address[] path, address to, uint256 deadline)",,2995752,1,126877,14425237,0
10971416,0x3421955d60ec9c07211f7a19226d0c240fbd342c560d9ad1d96940e8433e299f,1601572248,0xaf144865b610f542cda20ae2d082593cf4a9eba7f7471a26e2787c82f56cac4a,179,185,0x710da7a06b0c66a18fed27dfa53d937c69ed3b2c,0x7a250d5630b4cf539739df2c5dacb4c659f2488d,0,167374,250000000000,0x18cbafe500000000000000000000000000000000000000000000065a4da25d3016c00000000000000000000000000000000000000000000000000000561c5ce0b3d8b2e000000000000000000000000000000000000000000000000000000000000000a0000000000000000000000000710da7a06b0c66a18fed27dfa53d937c69ed3b2c000000000000000000000000000000000000000000000000000000005f76122700000000000000000000000000000000000000000000000000000000000000020000000000000000000000000f5d2fb29fb7d3cfee444a200298f468908cc942000000000000000000000000c02aaa39b223fe8d0a0e5c4f27ead9083c756cc2,0x18cbafe5,"swapExactTokensForETH(uint256 amountIn, uint256 amountOutMin, address[] path, address to, uint256 deadline)",,11093311,1,126877,14425231,0
10971427,0x5bdbb0664563a3fbd33848b322d33095b136ee07811feec85a9bc2fab4fccb5a,1601572365,0xd9df26b476b81943fa759929984c0eb69e687aa6ac6aed5eac359eb256a33f6c,180,136,0x710da7a06b0c66a18fed27dfa53d937c69ed3b2c,0x7a250d5630b4cf539739df2c5dacb4c659f2488d,0,167374,200000000000,0x18cbafe500000000000000000000000000000000000000000000065a4da25d3016c00000000000000000000000000000000000000000000000000000561c5ce0b3d8b2e000000000000000000000000000000000000000000000000000000000000000a0000000000000000000000000710da7a06b0c66a18fed27dfa53d937c69ed3b2c000000000000000000000000000000000000000000000000000000005f76128200000000000000000000000000000000000000000000000000000000000000020000000000000000000000000f5d2fb29fb7d3cfee444a200298f468908cc942000000000000000000000000c02aaa39b223fe8d0a0e5c4f27ead9083c756cc2,0x18cbafe5,"swapExactTokensForETH(uint256 amountIn, uint256 amountOutMin, address[] path, address to, uint256 deadline)",,11791243,1,126877,14425220,0
10971431,0x0c38630df4843a0fd36c9f8992a05d910cf0ad367706e62c528aff2772f466ad,1601572411,0xf0b45de3da17625500cd9ed0695bf9bbc98dfa49f52069c0388d16b64e82c252,181,108,0x710da7a06b0c66a18fed27dfa53d937c69ed3b2c,0x7a250d5630b4cf539739df2c5dacb4c659f2488d,0,167374,200000000000,0x18cbafe500000000000000000000000000000000000000000000065a4da25d3016c00000000000000000000000000000000000000000000000000000573998e35f48d38700000000000000000000000000000000000000000000000000000000000000a0000000000000000000000000710da7a06b0c66a18fed27dfa53d937c69ed3b2c000000000000000000000000000000000000000000000000000000005f7612c000000000000000000000000000000000000000000000000000000000000000020000000000000000000000000f5d2fb29fb7d3cfee444a200298f468908cc942000000000000000000000000c02aaa39b223fe8d0a0e5c4f27ead9083c756cc2,0x18cbafe5,"swapExactTokensForETH(uint256 amountIn, uint256 amountOutMin, address[] path, address to, uint256 deadline)",,8242658,1,126877,14425216,0
10971439,0xc3fc31a8585b444d59bb6dc599e0922d9acfab58a20ac8a1fe7522a63db84486,1601572516,0x336d029db94521162b943be5b609fd6b29585c27349b7c92e5c115090e656747,182,3,0x710da7a06b0c66a18fed27dfa53d937c69ed3b2c,0x7a250d5630b4cf539739df2c5dacb4c659f2488d,0,167374,230000000000,0x18cbafe500000000000000000000000000000000000000000000065a4da25d3016c00000000000000000000000000000000000000000000000000000562d31416c0dc2ec00000000000000000000000000000000000000000000000000000000000000a0000000000000000000000000710da7a06b0c66a18fed27dfa53d937c69ed3b2c000000000000000000000000000000000000000000000000000000005f7612f600000000000000000000000000000000000000000000000000000000000000020000000000000000000000000f5d2fb29fb7d3cfee444a200298f468908cc942000000000000000000000000c02aaa39b223fe8d0a0e5c4f27ead9083c756cc2,0x18cbafe5,"swapExactTokensForETH(uint256 amountIn, uint256 amountOutMin, address[] path, address to, uint256 deadline)",,214624,1,126877,14425208,0
10971465,0xd9281c9719e2e1b5fdcbed0b8254569741f8f61874248cd4c53cd3959641bb0c,1601572817,0x3132e5a6d0e5ff03415045650377d28bb8c4f5309bbb70a23f246e22df7facc7,183,97,0x710da7a06b0c66a18fed27dfa53d937c69ed3b2c,0x7a250d5630b4cf539739df2c5dacb4c659f2488d,0,167361,200000000000,0x18cbafe500000000000000000000000000000000000000000000065a4da25d3016c000000000000000000000000000000000000000000000000000005443fedf0055511500000000000000000000000000000000000000000000000000000000000000a0000000000000000000000000710da7a06b0c66a18fed27dfa53d937c69ed3b2c000000000000000000000000000000000000000000000000000000005f76140b00000000000000000000000000000000000000000000000000000000000000020000000000000000000000000f5d2fb29fb7d3cfee444a200298f468908cc942000000000000000000000000c02aaa39b223fe8d0a0e5c4f27ead9083c756cc2,0x18cbafe5,"swapExactTokensForETH(uint256 amountIn, uint256 amountOutMin, address[] path, address to, uint256 deadline)",,8460777,1,126865,14425182,0
10971475,0x78f5ddc02a9f63c7af88e2c9ac428f4a92c1afa6318f3607f0af5f9276384309,1601572929,0xae8584cc138f49b8eacd4f2ed22d509a99094b4fc03c1253d7fd3f499cc2de92,184,76,0x710da7a06b0c66a18fed27dfa53d937c69ed3b2c,0x7a250d5630b4cf539739df2c5dacb4c659f2488d,0,167361,250000000000,0x18cbafe500000000000000000000000000000000000000000000065a4da25d3016c000000000000000000000000000000000000000000000000000005443fedf0055511500000000000000000000000000000000000000000000000000000000000000a0000000000000000000000000710da7a06b0c66a18fed27dfa53d937c69ed3b2c000000000000000000000000000000000000000000000000000000005f7614b200000000000000000000000000000000000000000000000000000000000000020000000000000000000000000f5d2fb29fb7d3cfee444a200298f468908cc942000000000000000000000000c02aaa39b223fe8d0a0e5c4f27ead9083c756cc2,0x18cbafe5,"swapExactTokensForETH(uint256 amountIn, uint256 amountOutMin, address[] path, address to, uint256 deadline)",,3284880,1,126865,14425172,0
10971484,0x86ab0ce4f10cfc968bb76812368f89aeedeab0c86b4de237b197cb05121c9785,1601572974,0x62929e6cf816d07fcfddd7569c6e71aa293e64cb9692407cb9b2190a32cdc9fa,185,171,0x710da7a06b0c66a18fed27dfa53d937c69ed3b2c,0x7a250d5630b4cf539739df2c5dacb4c659f2488d,0,167374,200000000000,0x18cbafe500000000000000000000000000000000000000000000065a4da25d3016c0000000000000000000000000000000000000000000000000000054beb860a1b781bc00000000000000000000000000000000000000000000000000000000000000a0000000000000000000000000710da7a06b0c66a18fed27dfa53d937c69ed3b2c000000000000000000000000000000000000000000000000000000005f7614fc00000000000000000000000000000000000000000000000000000000000000020000000000000000000000000f5d2fb29fb7d3cfee444a200298f468908cc942000000000000000000000000c02aaa39b223fe8d0a0e5c4f27ead9083c756cc2,0x18cbafe5,"swapExactTokensForETH(uint256 amountIn, uint256 amountOutMin, address[] path, address to, uint256 deadline)",,12159373,1,126877,14425163,0
10971489,0x576d19e05ecb09cb3b3250923898a62766156d38eb7043efbd1aa4cd45de80ac,1601573014,0x45b35ed20a6114fb033152c40b2ef78959fcb156073a706743ff7f09fcd0fbdc,186,51,0x710da7a06b0c66a18fed27dfa53d937c69ed3b2c,0x7a250d5630b4cf539739df2c5dacb4c659f2488d,0,167374,200000000000,0x18cbafe500000000000000000000000000000000000000000000065a4da25d3016c000000000000000000000000000000000000000000000000000005566d90572b1ab5700000000000000000000000000000000000000000000000000000000000000a0000000000000000000000000710da7a06b0c66a18fed27dfa53d937c69ed3b2c000000000000000000000000000000000000000000000000000000005f76153400000000000000000000000000000000000000000000000000000000000000020000000000000000000000000f5d2fb29fb7d3cfee444a200298f468908cc942000000000000000000000000c02aaa39b223fe8d0a0e5c4f27ead9083c756cc2,0x18cbafe5,"swapExactTokensForETH(uint256 amountIn, uint256 amountOutMin, address[] path, address to, uint256 deadline)",,3092413,1,126877,14425158,0
10971492,0x471c522caf9defbf0acda13439ec82866402efa933fb8cdcd0f2b6e5e4f1e118,1601573065,0x96d2b8a0f9bfeecad2f3bd936d8a805161f1ae2eeb2c180225d67fa6249e9309,187,140,0x710da7a06b0c66a18fed27dfa53d937c69ed3b2c,0x7a250d5630b4cf539739df2c5dacb4c659f2488d,0,154157,200000000000,0x18cbafe500000000000000000000000000000000000000000000065a4da25d3016c0000000000000000000000000000000000000000000000000000055b547e598cf8c2300000000000000000000000000000000000000000000000000000000000000a0000000000000000000000000710da7a06b0c66a18fed27dfa53d937c69ed3b2c000000000000000000000000000000000000000000000000000000005f76154600000000000000000000000000000000000000000000000000000000000000020000000000000000000000000f5d2fb29fb7d3cfee444a200298f468908cc942000000000000000000000000c02aaa39b223fe8d0a0e5c4f27ead9083c756cc2,0x18cbafe5,"swapExactTokensForETH(uint256 amountIn, uint256 amountOutMin, address[] path, address to, uint256 deadline)",,9718683,1,126877,14425155,0
10971496,0x7c9c49f19512cc8423ab4f6a6399f6ab84a5ca2661e800f4d0e2e5266b163108,1601573109,0xdf6e19829c692036bc9bfad25845f8a320a7a6171f11d3d29c280d7029d565d3,188,213,0x710da7a06b0c66a18fed27dfa53d937c69ed3b2c,0x7a250d5630b4cf539739df2c5dacb4c659f2488d,0,167374,200000000000,0x18cbafe500000000000000000000000000000000000000000000065a4da25d3016c0000000000000000000000000000000000000000000000000000054be523a8a07617d00000000000000000000000000000000000000000000000000000000000000a0000000000000000000000000710da7a06b0c66a18fed27dfa53d937c69ed3b2c000000000000000000000000000000000000000000000000000000005f76157900000000000000000000000000000000000000000000000000000000000000020000000000000000000000000f5d2fb29fb7d3cfee444a200298f468908cc942000000000000000000000000c02aaa39b223fe8d0a0e5c4f27ead9083c756cc2,0x18cbafe5,"swapExactTokensForETH(uint256 amountIn, uint256 amountOutMin, address[] path, address to, uint256 deadline)",,10298104,1,126877,14425151,0
10971500,0xfcb497ae6ed53c23317a11551a9392c18f4f7aabd91384cfab22cbcd7f7e33c2,1601573156,0xcd6633c14c379734ffdbc3983772c0f4709c162a72c11f9434960efaeff2f4e4,189,121,0x710da7a06b0c66a18fed27dfa53d937c69ed3b2c,0x7a250d5630b4cf539739df2c5dacb4c659f2488d,0,167374,200000000000,0x18cbafe500000000000000000000000000000000000000000000065a4da25d3016c00000000000000000000000000000000000000000000000000000550906a002c3163200000000000000000000000000000000000000000000000000000000000000a0000000000000000000000000710da7a06b0c66a18fed27dfa53d937c69ed3b2c000000000000000000000000000000000000000000000000000000005f7615a500000000000000000000000000000000000000000000000000000000000000020000000000000000000000000f5d2fb29fb7d3cfee444a200298f468908cc942000000000000000000000000c02aaa39b223fe8d0a0e5c4f27ead9083c756cc2,0x18cbafe5,"swapExactTokensForETH(uint256 amountIn, uint256 amountOutMin, address[] path, address to, uint256 deadline)",,7250165,1,126877,14425147,0
10971507,0x4c8c32677a846fb3f6ff8cb4146ae46896e7e82d343ebf268444256a6ea92988,1601573287,0xfc32893661c063139276cf2bcae098a79edb1ce17defd9a9326ced2421a873f9,190,141,0x710da7a06b0c66a18fed27dfa53d937c69ed3b2c,0x7a250d5630b4cf539739df2c5dacb4c659f2488d,0,167374,200000000000,0x18cbafe500000000000000000000000000000000000000000000065a4da25d3016c00000000000000000000000000000000000000000000000000000554970b9076927df00000000000000000000000000000000000000000000000000000000000000a0000000000000000000000000710da7a06b0c66a18fed27dfa53d937c69ed3b2c000000000000000000000000000000000000000000000000000000005f7615f800000000000000000000000000000000000000000000000000000000000000020000000000000000000000000f5d2fb29fb7d3cfee444a200298f468908cc942000000000000000000000000c02aaa39b223fe8d0a0e5c4f27ead9083c756cc2,0x18cbafe5,"swapExactTokensForETH(uint256 amountIn, uint256 amountOutMin, address[] path, address to, uint256 deadline)",,8996928,1,126877,14425140,0
10971511,0x2bf29871b96832ffb51bfe1dbc9529ecc394b32528b1cc93fbbd064c98c99563,1601573317,0x8a353a567b8a369aece29f92ca2e7b6ecec0a7c3d453057c32a54c48a2d75e63,191,167,0x710da7a06b0c66a18fed27dfa53d937c69ed3b2c,0x7a250d5630b4cf539739df2c5dacb4c659f2488d,0,167374,200000000000,0x18cbafe500000000000000000000000000000000000000000000065a4da25d3016c000000000000000000000000000000000000000000000000000005513dfcac6ed556e00000000000000000000000000000000000000000000000000000000000000a0000000000000000000000000710da7a06b0c66a18fed27dfa53d937c69ed3b2c000000000000000000000000000000000000000000000000000000005f76165c00000000000000000000000000000000000000000000000000000000000000020000000000000000000000000f5d2fb29fb7d3cfee444a200298f468908cc942000000000000000000000000c02aaa39b223fe8d0a0e5c4f27ead9083c756cc2,0x18cbafe5,"swapExactTokensForETH(uint256 amountIn, uint256 amountOutMin, address[] path, address to, uint256 deadline)",,11330701,1,126877,14425136,0
10971549,0x03b34c926fe949324470e6cf9bf1ed673c4c0290277daef4ea629b655a2b0667,1601573826,0xe3540b131c9b4e4a595f54b66d40f26de96fcd6bb17eb5327a0dcd041243090a,192,89,0x710da7a06b0c66a18fed27dfa53d937c69ed3b2c,0x7a250d5630b4cf539739df2c5dacb4c659f2488d,0,167374,200000000000,0x18cbafe500000000000000000000000000000000000000000000065a4da25d3016c000000000000000000000000000000000000000000000000000005553ae16d975be8e00000000000000000000000000000000000000000000000000000000000000a0000000000000000000000000710da7a06b0c66a18fed27dfa53d937c69ed3b2c000000000000000000000000000000000000000000000000000000005f76183700000000000000000000000000000000000000000000000000000000000000020000000000000000000000000f5d2fb29fb7d3cfee444a200298f468908cc942000000000000000000000000c02aaa39b223fe8d0a0e5c4f27ead9083c756cc2,0x18cbafe5,"swapExactTokensForETH(uint256 amountIn, uint256 amountOutMin, address[] path, address to, uint256 deadline)",,6611386,1,126877,14425098,0
10971599,0xc88536e55db306a74afbda71e4f0c2af90549b37eefa931516734773cbed123a,1601574489,0x5f57ffd2fd43e383ec396b1bdce23578e45312ecac4d61b274c27351daad9f64,193,145,0x710da7a06b0c66a18fed27dfa53d937c69ed3b2c,0x7a250d5630b4cf539739df2c5dacb4c659f2488d,0,167374,150000000000,0x18cbafe500000000000000000000000000000000000000000000065a4da25d3016c0000000000000000000000000000000000000000000000000000054a096cc66af26e100000000000000000000000000000000000000000000000000000000000000a0000000000000000000000000710da7a06b0c66a18fed27dfa53d937c69ed3b2c000000000000000000000000000000000000000000000000000000005f761ade00000000000000000000000000000000000000000000000000000000000000020000000000000000000000000f5d2fb29fb7d3cfee444a200298f468908cc942000000000000000000000000c02aaa39b223fe8d0a0e5c4f27ead9083c756cc2,0x18cbafe5,"swapExactTokensForETH(uint256 amountIn, uint256 amountOutMin, address[] path, address to, uint256 deadline)",,9830404,1,126877,14425048,0
10971603,0xdb60e69e735e4b6f134a3cdd668f865c6afc76ce57f6bfa814361ff668b07f25,1601574530,0xca898c792624ecdedefaa708e9b04678cb14690adafb86df86f21208ca778f59,194,95,0x710da7a06b0c66a18fed27dfa53d937c69ed3b2c,0x7a250d5630b4cf539739df2c5dacb4c659f2488d,0,154157,150000000000,0x18cbafe500000000000000000000000000000000000000000000065a4da25d3016c0000000000000000000000000000000000000000000000000000054249e9e25481e2900000000000000000000000000000000000000000000000000000000000000a0000000000000000000000000710da7a06b0c66a18fed27dfa53d937c69ed3b2c000000000000000000000000000000000000000000000000000000005f761af500000000000000000000000000000000000000000000000000000000000000020000000000000000000000000f5d2fb29fb7d3cfee444a200298f468908cc942000000000000000000000000c02aaa39b223fe8d0a0e5c4f27ead9083c756cc2,0x18cbafe5,"swapExactTokensForETH(uint256 amountIn, uint256 amountOutMin, address[] path, address to, uint256 deadline)",,8142499,1,126877,14425044,0
10971609,0x9580eac11b08dcd107e8146a17d7c6e717ab079f6f80d5a0c5411ccbd79dce61,1601574579,0x61d1ad16f7525f595cbb9a9d4a2e417c6740184ffa71b774dd8d80b03153beb5,195,64,0x710da7a06b0c66a18fed27dfa53d937c69ed3b2c,0x7a250d5630b4cf539739df2c5dacb4c659f2488d,0,167374,150000000000,0x18cbafe500000000000000000000000000000000000000000000065a4da25d3016c000000000000000000000000000000000000000000000000000005423a614ba8ebf0800000000000000000000000000000000000000000000000000000000000000a0000000000000000000000000710da7a06b0c66a18fed27dfa53d937c69ed3b2c000000000000000000000000000000000000000000000000000000005f761b3200000000000000000000000000000000000000000000000000000000000000020000000000000000000000000f5d2fb29fb7d3cfee444a200298f468908cc942000000000000000000000000c02aaa39b223fe8d0a0e5c4f27ead9083c756cc2,0x18cbafe5,"swapExactTokensForETH(uint256 amountIn, uint256 amountOutMin, address[] path, address to, uint256 deadline)",,5245500,1,126877,14425038,0
10971621,0xdad18f047db89fca91011184ba50a304ece8d70239851d8a069f978f2b6b03cd,1601574728,0x29476d502f10d349995b9c2900086f6dcef19d446a6733e4ac85b6d3868f99d5,196,92,0x710da7a06b0c66a18fed27dfa53d937c69ed3b2c,0x7a250d5630b4cf539739df2c5dacb4c659f2488d,0,167374,150000000000,0x18cbafe500000000000000000000000000000000000000000000065a4da25d3016c000000000000000000000000000000000000000000000000000005422bb855d6c8a1300000000000000000000000000000000000000000000000000000000000000a0000000000000000000000000710da7a06b0c66a18fed27dfa53d937c69ed3b2c000000000000000000000000000000000000000000000000000000005f761bba00000000000000000000000000000000000000000000000000000000000000020000000000000000000000000f5d2fb29fb7d3cfee444a200298f468908cc942000000000000000000000000c02aaa39b223fe8d0a0e5c4f27ead9083c756cc2,0x18cbafe5,"swapExactTokensForETH(uint256 amountIn, uint256 amountOutMin, address[] path, address to, uint256 deadline)",,5563837,1,126877,14425026,0
10971622,0xe570c41e87b9ea2755cc9d5309e9ce2bc6b0d10f51290402378dd22909e91955,1601574748,0x34fe16cbb3faab3476683241f2aa551cbf3d7711e1c54359a4bfd24939676287,197,143,0x710da7a06b0c66a18fed27dfa53d937c69ed3b2c,0x7a250d5630b4cf539739df2c5dacb4c659f2488d,0,154144,150000000000,0x18cbafe500000000000000000000000000000000000000000000065a4da25d3016c000000000000000000000000000000000000000000000000000005409e22e2804460000000000000000000000000000000000000000000000000000000000000000a0000000000000000000000000710da7a06b0c66a18fed27dfa53d937c69ed3b2c000000000000000000000000000000000000000000000000000000005f761bf800000000000000000000000000000000000000000000000000000000000000020000000000000000000000000f5d2fb29fb7d3cfee444a200298f468908cc942000000000000000000000000c02aaa39b223fe8d0a0e5c4f27ead9083c756cc2,0x18cbafe5,"swapExactTokensForETH(uint256 amountIn, uint256 amountOutMin, address[] path, address to, uint256 deadline)",,10746011,1,126865,14425025,0
10971634,0x25a3e3cd9d327bc2c9c0b09fa8619c7a49c2b4270e8c826a2c7ed9b06d2fb642,1601574878,0x21fca451ebfebec6f048a1ccfc74aabf39622625558994e0e9d67a2e66729e7e,198,9,0x710da7a06b0c66a18fed27dfa53d937c69ed3b2c,0x7a250d5630b4cf539739df2c5dacb4c659f2488d,0,167374,120000000000,0x18cbafe500000000000000000000000000000000000000000000043c33c19375648000000000000000000000000000000000000000000000000000003789447919805fe800000000000000000000000000000000000000000000000000000000000000a0000000000000000000000000710da7a06b0c66a18fed27dfa53d937c69ed3b2c000000000000000000000000000000000000000000000000000000005f761c6800000000000000000000000000000000000000000000000000000000000000020000000000000000000000000f5d2fb29fb7d3cfee444a200298f468908cc942000000000000000000000000c02aaa39b223fe8d0a0e5c4f27ead9083c756cc2,0x18cbafe5,"swapExactTokensForETH(uint256 amountIn, uint256 amountOutMin, address[] path, address to, uint256 deadline)",,613234,1,126877,14425013,0
10971642,0xa57d4e7797cd7f365bd5ba1c6e0429464f1ea8e314f7bd125a3b3b28c2f4822e,1601574929,0x5008ea305a346b84ee1e0bd574af005dffe01655355b07efa4e82707a58737ea,199,27,0x710da7a06b0c66a18fed27dfa53d937c69ed3b2c,0x7a250d5630b4cf539739df2c5dacb4c659f2488d,0,167374,120000000000,0x18cbafe500000000000000000000000000000000000000000000043c33c193756480000000000000000000000000000000000000000000000000000038932e2dd1cd0ad400000000000000000000000000000000000000000000000000000000000000a0000000000000000000000000710da7a06b0c66a18fed27dfa53d937c69ed3b2c000000000000000000000000000000000000000000000000000000005f761c9600000000000000000000000000000000000000000000000000000000000000020000000000000000000000000f5d2fb29fb7d3cfee444a200298f468908cc942000000000000000000000000c02aaa39b223fe8d0a0e5c4f27ead9083c756cc2,0x18cbafe5,"swapExactTokensForETH(uint256 amountIn, uint256 amountOutMin, address[] path, address to, uint256 deadline)",,2213335,1,126877,14425005,0
10971651,0x4a5201137edf18b20a631e5f616351861365ae1c569ea725408e69208ab3cedc,1601575064,0x1a0ac1a50b4f16663394b191cbe936d68961df93b50e89ca8016947e50453ff8,200,176,0x710da7a06b0c66a18fed27dfa53d937c69ed3b2c,0x7a250d5630b4cf539739df2c5dacb4c659f2488d,0,167374,120000000000,0x18cbafe500000000000000000000000000000000000000000000065a4da25d3016c000000000000000000000000000000000000000000000000000005424c2e4cf1e736500000000000000000000000000000000000000000000000000000000000000a0000000000000000000000000710da7a06b0c66a18fed27dfa53d937c69ed3b2c000000000000000000000000000000000000000000000000000000005f761cd700000000000000000000000000000000000000000000000000000000000000020000000000000000000000000f5d2fb29fb7d3cfee444a200298f468908cc942000000000000000000000000c02aaa39b223fe8d0a0e5c4f27ead9083c756cc2,0x18cbafe5,"swapExactTokensForETH(uint256 amountIn, uint256 amountOutMin, address[] path, address to, uint256 deadline)",,9061787,1,126877,14424996,0
10971661,0x1181fc478e42dc4ee77e9ed61155396cd33c7d1a6cb12c04860a57fde6cd3888,1601575228,0x4e0a4ab440928f97c138ac79022bfd2116cc240f89d12b23e86af6b87def46dd,201,114,0x710da7a06b0c66a18fed27dfa53d937c69ed3b2c,0x7a250d5630b4cf539739df2c5dacb4c659f2488d,0,167374,120000000000,0x18cbafe500000000000000000000000000000000000000000000065a4da25d3016c0000000000000000000000000000000000000000000000000000053cd52f3b1a9764600000000000000000000000000000000000000000000000000000000000000a0000000000000000000000000710da7a06b0c66a18fed27dfa53d937c69ed3b2c000000000000000000000000000000000000000000000000000000005f761d5900000000000000000000000000000000000000000000000000000000000000020000000000000000000000000f5d2fb29fb7d3cfee444a200298f468908cc942000000000000000000000000c02aaa39b223fe8d0a0e5c4f27ead9083c756cc2,0x18cbafe5,"swapExactTokensForETH(uint256 amountIn, uint256 amountOutMin, address[] path, address to, uint256 deadline)",,9814699,1,126877,14424986,0
10971669,0x7e250d1b2c96ca97cd07e56fb1b25ba72210bed468cd3dfcbc1b3f27cdf06b60,1601575343,0xec9840b3e8245ae72caf00501ac9f94761e36cfd9a01cccd29ae7c094037c349,202,79,0x710da7a06b0c66a18fed27dfa53d937c69ed3b2c,0x7a250d5630b4cf539739df2c5dacb4c659f2488d,0,167374,150000000000,0x18cbafe500000000000000000000000000000000000000000000065a4da25d3016c0000000000000000000000000000000000000000000000000000053b950012038092c00000000000000000000000000000000000000000000000000000000000000a0000000000000000000000000710da7a06b0c66a18fed27dfa53d937c69ed3b2c000000000000000000000000000000000000000000000000000000005f761e1600000000000000000000000000000000000000000000000000000000000000020000000000000000000000000f5d2fb29fb7d3cfee444a200298f468908cc942000000000000000000000000c02aaa39b223fe8d0a0e5c4f27ead9083c756cc2,0x18cbafe5,"swapExactTokensForETH(uint256 amountIn, uint256 amountOutMin, address[] path, address to, uint256 deadline)",,7513869,1,126877,14424978,0
10971684,0xe7d01b145b163a9e0b99c10791780c33cb3b63caf58b40549e33a5c473850939,1601575551,0xa9af5c38e56ba9fffe584933f1193218e30f65bc29b057072a88bdea19d373f2,203,114,0x710da7a06b0c66a18fed27dfa53d937c69ed3b2c,0x7a250d5630b4cf539739df2c5dacb4c659f2488d,0,167374,150000000000,0x18cbafe500000000000000000000000000000000000000000000065a4da25d3016c00000000000000000000000000000000000000000000000000000538c0d556c45c79600000000000000000000000000000000000000000000000000000000000000a0000000000000000000000000710da7a06b0c66a18fed27dfa53d937c69ed3b2c000000000000000000000000000000000000000000000000000000005f761f0100000000000000000000000000000000000000000000000000000000000000020000000000000000000000000f5d2fb29fb7d3cfee444a200298f468908cc942000000000000000000000000c02aaa39b223fe8d0a0e5c4f27ead9083c756cc2,0x18cbafe5,"swapExactTokensForETH(uint256 amountIn, uint256 amountOutMin, address[] path, address to, uint256 deadline)",,6470978,1,126877,14424963,0
10971702,0x8154bdc18ddf43ba263420827a0d5dbb80baaac4317c451c096c5ccce85c7b11,1601575706,0x7565c97ad7b2ee7941d990ddc375291c7338c79d9fa1bee22fd554d941051e8b,204,26,0x710da7a06b0c66a18fed27dfa53d937c69ed3b2c,0x7a250d5630b4cf539739df2c5dacb4c659f2488d,0,167374,150000000000,0x18cbafe500000000000000000000000000000000000000000000065a4da25d3016c00000000000000000000000000000000000000000000000000000538b1cff504039de00000000000000000000000000000000000000000000000000000000000000a0000000000000000000000000710da7a06b0c66a18fed27dfa53d937c69ed3b2c000000000000000000000000000000000000000000000000000000005f761fa100000000000000000000000000000000000000000000000000000000000000020000000000000000000000000f5d2fb29fb7d3cfee444a200298f468908cc942000000000000000000000000c02aaa39b223fe8d0a0e5c4f27ead9083c756cc2,0x18cbafe5,"swapExactTokensForETH(uint256 amountIn, uint256 amountOutMin, address[] path, address to, uint256 deadline)",,2647905,1,126877,14424945,0
10971708,0x91fd828532cac8a124c26e92dbccbcc2ecbf5c7a0f05ca26345670c9e97c3744,1601575770,0x644444dee83c3cf416a789595526041014d1460a650cd3f2771f1119f26cd018,205,61,0x710da7a06b0c66a18fed27dfa53d937c69ed3b2c,0x7a250d5630b4cf539739df2c5dacb4c659f2488d,0,167374,120000000000,0x18cbafe500000000000000000000000000000000000000000000065a4da25d3016c00000000000000000000000000000000000000000000000000000532542c37a1edc6000000000000000000000000000000000000000000000000000000000000000a0000000000000000000000000710da7a06b0c66a18fed27dfa53d937c69ed3b2c000000000000000000000000000000000000000000000000000000005f761fdd00000000000000000000000000000000000000000000000000000000000000020000000000000000000000000f5d2fb29fb7d3cfee444a200298f468908cc942000000000000000000000000c02aaa39b223fe8d0a0e5c4f27ead9083c756cc2,0x18cbafe5,"swapExactTokensForETH(uint256 amountIn, uint256 amountOutMin, address[] path, address to, uint256 deadline)",,3559050,1,126877,14424939,0
10971713,0x3f0f42163191c0f26bb236d6e8fa5095dc379e036bc6b4f822c36a56428c1da0,1601575830,0xb70cdd6f54bd9e77c07c0d988648ba42be11c673fb451caed5f511ddf01a859c,206,103,0x710da7a06b0c66a18fed27dfa53d937c69ed3b2c,0x7a250d5630b4cf539739df2c5dacb4c659f2488d,0,167374,130000000000,0x18cbafe500000000000000000000000000000000000000000000065a4da25d3016c00000000000000000000000000000000000000000000000000000532542c37a1edc6000000000000000000000000000000000000000000000000000000000000000a0000000000000000000000000710da7a06b0c66a18fed27dfa53d937c69ed3b2c000000000000000000000000000000000000000000000000000000005f76200300000000000000000000000000000000000000000000000000000000000000020000000000000000000000000f5d2fb29fb7d3cfee444a200298f468908cc942000000000000000000000000c02aaa39b223fe8d0a0e5c4f27ead9083c756cc2,0x18cbafe5,"swapExactTokensForETH(uint256 amountIn, uint256 amountOutMin, address[] path, address to, uint256 deadline)",,7336284,1,126877,14424934,0
10971717,0x4abb8b290992cd07de05c7d107351a697ebc118e717580f095bf85571a40a45c,1601575880,0x4774e9d1495654113dbdd96270dc1ff04f2a68caf825139b93c7a0e91551dd41,207,24,0x710da7a06b0c66a18fed27dfa53d937c69ed3b2c,0x7a250d5630b4cf539739df2c5dacb4c659f2488d,0,167374,120000000000,0x18cbafe500000000000000000000000000000000000000000000065a4da25d3016c0000000000000000000000000000000000000000000000000000052f0c6dfabd8591a00000000000000000000000000000000000000000000000000000000000000a0000000000000000000000000710da7a06b0c66a18fed27dfa53d937c69ed3b2c000000000000000000000000000000000000000000000000000000005f76204600000000000000000000000000000000000000000000000000000000000000020000000000000000000000000f5d2fb29fb7d3cfee444a200298f468908cc942000000000000000000000000c02aaa39b223fe8d0a0e5c4f27ead9083c756cc2,0x18cbafe5,"swapExactTokensForETH(uint256 amountIn, uint256 amountOutMin, address[] path, address to, uint256 deadline)",,1596162,1,126877,14424930,0
10971724,0x75040f3c9af8b08243731c3a3d553f2cccd81ec88491d7caded5dde3f9e9cad5,1601575971,0xda53d7e8d7adc3c86fed409c5214c37a58df345702dc5dffbc68b19203e4b6a2,208,55,0x710da7a06b0c66a18fed27dfa53d937c69ed3b2c,0x7a250d5630b4cf539739df2c5dacb4c659f2488d,0,167374,120000000000,0x18cbafe500000000000000000000000000000000000000000000065a4da25d3016c0000000000000000000000000000000000000000000000000000053b0b311ec3fe19800000000000000000000000000000000000000000000000000000000000000a0000000000000000000000000710da7a06b0c66a18fed27dfa53d937c69ed3b2c000000000000000000000000000000000000000000000000000000005f7620b000000000000000000000000000000000000000000000000000000000000000020000000000000000000000000f5d2fb29fb7d3cfee444a200298f468908cc942000000000000000000000000c02aaa39b223fe8d0a0e5c4f27ead9083c756cc2,0x18cbafe5,"swapExactTokensForETH(uint256 amountIn, uint256 amountOutMin, address[] path, address to, uint256 deadline)",,3612141,1,126877,14424923,0
10971730,0x8b5e49639b8663910fd8adb58bf23bf1670fd7d9128125e93d114dc9e04302b0,1601576036,0x0eb8137319a654b4606e4c668cea250d005567706b1b81d4cdc410a32cab5d01,209,146,0x710da7a06b0c66a18fed27dfa53d937c69ed3b2c,0x7a250d5630b4cf539739df2c5dacb4c659f2488d,0,167374,120000000000,0x18cbafe500000000000000000000000000000000000000000000065a4da25d3016c0000000000000000000000000000000000000000000000000000054c72297366c092f00000000000000000000000000000000000000000000000000000000000000a0000000000000000000000000710da7a06b0c66a18fed27dfa53d937c69ed3b2c000000000000000000000000000000000000000000000000000000005f7620f100000000000000000000000000000000000000000000000000000000000000020000000000000000000000000f5d2fb29fb7d3cfee444a200298f468908cc942000000000000000000000000c02aaa39b223fe8d0a0e5c4f27ead9083c756cc2,0x18cbafe5,"swapExactTokensForETH(uint256 amountIn, uint256 amountOutMin, address[] path, address to, uint256 deadline)",,9457521,1,126877,14424917,0
10971733,0x168d4da7e09f760dfa94eddd09073c9ddcf641b374af8be05c19efb1153954cc,1601576097,0xc33b6241c1873f13a397ee6107b5d26f04dd4fb604ff4dbcbaa9ee785c50f663,210,151,0x710da7a06b0c66a18fed27dfa53d937c69ed3b2c,0x7a250d5630b4cf539739df2c5dacb4c659f2488d,0,167374,120000000000,0x18cbafe500000000000000000000000000000000000000000000065a4da25d3016c0000000000000000000000000000000000000000000000000000053e2150cba23e4f700000000000000000000000000000000000000000000000000000000000000a0000000000000000000000000710da7a06b0c66a18fed27dfa53d937c69ed3b2c000000000000000000000000000000000000000000000000000000005f76212f00000000000000000000000000000000000000000000000000000000000000020000000000000000000000000f5d2fb29fb7d3cfee444a200298f468908cc942000000000000000000000000c02aaa39b223fe8d0a0e5c4f27ead9083c756cc2,0x18cbafe5,"swapExactTokensForETH(uint256 amountIn, uint256 amountOutMin, address[] path, address to, uint256 deadline)",,11421054,1,126877,14424914,0
10971738,0x61fa5d253bb9c87ad869127c4a3f75338d7ff5cc1b842953b1c2e3546acc2955,1601576190,0x8f66c4be83f9f5bf2d77086862db147b6cac188fe0424552449a1d4684c7335f,211,19,0x710da7a06b0c66a18fed27dfa53d937c69ed3b2c,0x7a250d5630b4cf539739df2c5dacb4c659f2488d,0,167374,120000000000,0x18cbafe500000000000000000000000000000000000000000000065a4da25d3016c00000000000000000000000000000000000000000000000000000547e4fe1cf2ab05b00000000000000000000000000000000000000000000000000000000000000a0000000000000000000000000710da7a06b0c66a18fed27dfa53d937c69ed3b2c000000000000000000000000000000000000000000000000000000005f76217400000000000000000000000000000000000000000000000000000000000000020000000000000000000000000f5d2fb29fb7d3cfee444a200298f468908cc942000000000000000000000000c02aaa39b223fe8d0a0e5c4f27ead9083c756cc2,0x18cbafe5,"swapExactTokensForETH(uint256 amountIn, uint256 amountOutMin, address[] path, address to, uint256 deadline)",,893416,1,126877,14424909,0
10971741,0xf49832d5b02ae6ff8a5b176eb1973a2c11a2c5fb307e217dffb8377115a6af50,1601576218,0xc358f820700e3c15906254eaa8cf953bb88e842665babfc638ed203a92fc1bab,212,86,0x710da7a06b0c66a18fed27dfa53d937c69ed3b2c,0x7a250d5630b4cf539739df2c5dacb4c659f2488d,0,154157,120000000000,0x18cbafe500000000000000000000000000000000000000000000065a4da25d3016c000000000000000000000000000000000000000000000000000005490513798c5bd3400000000000000000000000000000000000000000000000000000000000000a0000000000000000000000000710da7a06b0c66a18fed27dfa53d937c69ed3b2c000000000000000000000000000000000000000000000000000000005f7621ae00000000000000000000000000000000000000000000000000000000000000020000000000000000000000000f5d2fb29fb7d3cfee444a200298f468908cc942000000000000000000000000c02aaa39b223fe8d0a0e5c4f27ead9083c756cc2,0x18cbafe5,"swapExactTokensForETH(uint256 amountIn, uint256 amountOutMin, address[] path, address to, uint256 deadline)",,6099864,1,126877,14424906,0
10971747,0x39b8090c5b09ec17f01bacd6320198b6ba71fcca1a7f323e35d5e53193c1ca9e,1601576271,0x9be77132fc4d8bb0773e8fea16d54991cf56e8eb28de5d01dd030a632629bfbc,213,39,0x710da7a06b0c66a18fed27dfa53d937c69ed3b2c,0x7a250d5630b4cf539739df2c5dacb4c659f2488d,0,167374,120000000000,0x18cbafe500000000000000000000000000000000000000000000065a4da25d3016c00000000000000000000000000000000000000000000000000000548fa49d64ff125400000000000000000000000000000000000000000000000000000000000000a0000000000000000000000000710da7a06b0c66a18fed27dfa53d937c69ed3b2c000000000000000000000000000000000000000000000000000000005f7621de00000000000000000000000000000000000000000000000000000000000000020000000000000000000000000f5d2fb29fb7d3cfee444a200298f468908cc942000000000000000000000000c02aaa39b223fe8d0a0e5c4f27ead9083c756cc2,0x18cbafe5,"swapExactTokensForETH(uint256 amountIn, uint256 amountOutMin, address[] path, address to, uint256 deadline)",,2650097,1,126877,14424900,0
10971751,0x93b7e523d08331a01a82c3757544fe9e8f166526a9874cb2e1d3bae28dd78907,1601576324,0xe3c556daa71b777ae210e1ecb7c75eacb29d892d2d5fab0c1709af2c14376037,214,73,0x710da7a06b0c66a18fed27dfa53d937c69ed3b2c,0x7a250d5630b4cf539739df2c5dacb4c659f2488d,0,167374,120000000000,0x18cbafe500000000000000000000000000000000000000000000065a4da25d3016c000000000000000000000000000000000000000000000000000005468617e9e26250f00000000000000000000000000000000000000000000000000000000000000a0000000000000000000000000710da7a06b0c66a18fed27dfa53d937c69ed3b2c000000000000000000000000000000000000000000000000000000005f76220800000000000000000000000000000000000000000000000000000000000000020000000000000000000000000f5d2fb29fb7d3cfee444a200298f468908cc942000000000000000000000000c02aaa39b223fe8d0a0e5c4f27ead9083c756cc2,0x18cbafe5,"swapExactTokensForETH(uint256 amountIn, uint256 amountOutMin, address[] path, address to, uint256 deadline)",,4754378,1,126877,14424896,0
10971757,0x9380d7f0e14ad186efebee6b950c3197711886c81fd334499c9279f8ab9aa2c6,1601576367,0x1a3c5faf8320f0f343e4feeff802fd8bea450bb4422a8d11ba72edd7d05d15c2,215,3,0x710da7a06b0c66a18fed27dfa53d937c69ed3b2c,0x7a250d5630b4cf539739df2c5dacb4c659f2488d,0,154157,120000000000,0x18cbafe500000000000000000000000000000000000000000000065a4da25d3016c0000000000000000000000000000000000000000000000000000055b2ad39eb8bc1b900000000000000000000000000000000000000000000000000000000000000a0000000000000000000000000710da7a06b0c66a18fed27dfa53d937c69ed3b2c000000000000000000000000000000000000000000000000000000005f76224300000000000000000000000000000000000000000000000000000000000000020000000000000000000000000f5d2fb29fb7d3cfee444a200298f468908cc942000000000000000000000000c02aaa39b223fe8d0a0e5c4f27ead9083c756cc2,0x18cbafe5,"swapExactTokensForETH(uint256 amountIn, uint256 amountOutMin, address[] path, address to, uint256 deadline)",,371301,1,126877,14424890,0
10971762,0x5fff708f9860b3a7f6636598dfc7c357e0aebacf85b3dbb7e9565e56275ac98e,1601576417,0xde3f17176800bf752683fce4484de51179c9dfa3d792fdd8bb5640033a5ae0c7,216,121,0x710da7a06b0c66a18fed27dfa53d937c69ed3b2c,0x7a250d5630b4cf539739df2c5dacb4c659f2488d,0,167374,120000000000,0x18cbafe500000000000000000000000000000000000000000000065a4da25d3016c00000000000000000000000000000000000000000000000000000547dc1fb547108c600000000000000000000000000000000000000000000000000000000000000a0000000000000000000000000710da7a06b0c66a18fed27dfa53d937c69ed3b2c000000000000000000000000000000000000000000000000000000005f76225f00000000000000000000000000000000000000000000000000000000000000020000000000000000000000000f5d2fb29fb7d3cfee444a200298f468908cc942000000000000000000000000c02aaa39b223fe8d0a0e5c4f27ead9083c756cc2,0x18cbafe5,"swapExactTokensForETH(uint256 amountIn, uint256 amountOutMin, address[] path, address to, uint256 deadline)",,9985260,1,126877,14424885,0
10971765,0x51989acf444806d0b60df35b492758f983abc1c59fb757d9041296cac6e13fda,1601576465,0x3f15b85219d0ec544331fb530217f4af5081b4f439afe6c4d4b517d6a22043dc,217,157,0x710da7a06b0c66a18fed27dfa53d937c69ed3b2c,0x7a250d5630b4cf539739df2c5dacb4c659f2488d,0,167374,120000000000,0x18cbafe500000000000000000000000000000000000000000000065a4da25d3016c00000000000000000000000000000000000000000000000000000547e9f12c22d6dff00000000000000000000000000000000000000000000000000000000000000a0000000000000000000000000710da7a06b0c66a18fed27dfa53d937c69ed3b2c000000000000000000000000000000000000000000000000000000005f76229100000000000000000000000000000000000000000000000000000000000000020000000000000000000000000f5d2fb29fb7d3cfee444a200298f468908cc942000000000000000000000000c02aaa39b223fe8d0a0e5c4f27ead9083c756cc2,0x18cbafe5,"swapExactTokensForETH(uint256 amountIn, uint256 amountOutMin, address[] path, address to, uint256 deadline)",,12354516,1,126877,14424882,0
10971773,0xa53d75af3a0a1cf945bce96d8000b09d062b332b4a2555bf41f89ce53e394125,1601576668,0x3ae64ebd9f47b4af1d3d91cd0fd53d8b3a2e2fa4feee4ca0cf14a25517b04a2f,218,73,0x710da7a06b0c66a18fed27dfa53d937c69ed3b2c,0x7a250d5630b4cf539739df2c5dacb4c659f2488d,0,167374,120000000000,0x18cbafe500000000000000000000000000000000000000000000065a4da25d3016c00000000000000000000000000000000000000000000000000000553121e780db241300000000000000000000000000000000000000000000000000000000000000a0000000000000000000000000710da7a06b0c66a18fed27dfa53d937c69ed3b2c000000000000000000000000000000000000000000000000000000005f76231f00000000000000000000000000000000000000000000000000000000000000020000000000000000000000000f5d2fb29fb7d3cfee444a200298f468908cc942000000000000000000000000c02aaa39b223fe8d0a0e5c4f27ead9083c756cc2,0x18cbafe5,"swapExactTokensForETH(uint256 amountIn, uint256 amountOutMin, address[] path, address to, uint256 deadline)",,7614128,1,126877,14424874,0
10971780,0xace64e30f62f06c8c4e920c4dcc66abc2c16a3c9bd6606a04114e8404c5f077a,1601576696,0x0ea705b15eff6cd20c54fe23e7063af5fd3924b18d2cd2748607c63c41619cb6,219,112,0x710da7a06b0c66a18fed27dfa53d937c69ed3b2c,0x7a250d5630b4cf539739df2c5dacb4c659f2488d,0,167374,120000000000,0x18cbafe500000000000000000000000000000000000000000000065a4da25d3016c00000000000000000000000000000000000000000000000000000553121e780db241300000000000000000000000000000000000000000000000000000000000000a0000000000000000000000000710da7a06b0c66a18fed27dfa53d937c69ed3b2c000000000000000000000000000000000000000000000000000000005f76231f00000000000000000000000000000000000000000000000000000000000000020000000000000000000000000f5d2fb29fb7d3cfee444a200298f468908cc942000000000000000000000000c02aaa39b223fe8d0a0e5c4f27ead9083c756cc2,0x18cbafe5,"swapExactTokensForETH(uint256 amountIn, uint256 amountOutMin, address[] path, address to, uint256 deadline)",,6615091,1,126877,14424867,0
10971792,0x37c6f619fc6631474938cf2e863ae8dfe271901179c3630062874b47eb06cb62,1601576841,0x164b9682f614d411610c00b6e6aef06ae982180fe2fb2ac7e69fec12a72be88a,220,47,0x710da7a06b0c66a18fed27dfa53d937c69ed3b2c,0x7a250d5630b4cf539739df2c5dacb4c659f2488d,0,167374,120000000000,0x18cbafe5000000000000000000000000000000000000000000000a968163f0a57b4000000000000000000000000000000000000000000000000000008a58115f98011d7100000000000000000000000000000000000000000000000000000000000000a0000000000000000000000000710da7a06b0c66a18fed27dfa53d937c69ed3b2c000000000000000000000000000000000000000000000000000000005f7623f300000000000000000000000000000000000000000000000000000000000000020000000000000000000000000f5d2fb29fb7d3cfee444a200298f468908cc942000000000000000000000000c02aaa39b223fe8d0a0e5c4f27ead9083c756cc2,0x18cbafe5,"swapExactTokensForETH(uint256 amountIn, uint256 amountOutMin, address[] path, address to, uint256 deadline)",,3892979,1,126877,14424855,0
10971795,0x0f3971cdc902734154dfb9fa01d3ab63fe3485d920459329174605a9b51029bb,1601576858,0x5d982819c1c5e014a66ff334845ef9346fd2d5c9a622c886db18a08033869a9b,221,16,0x710da7a06b0c66a18fed27dfa53d937c69ed3b2c,0x7a250d5630b4cf539739df2c5dacb4c659f2488d,0,167374,150000000000,0x18cbafe5000000000000000000000000000000000000000000000a968163f0a57b4000000000000000000000000000000000000000000000000000008a58115f98011d7100000000000000000000000000000000000000000000000000000000000000a0000000000000000000000000710da7a06b0c66a18fed27dfa53d937c69ed3b2c000000000000000000000000000000000000000000000000000000005f76241600000000000000000000000000000000000000000000000000000000000000020000000000000000000000000f5d2fb29fb7d3cfee444a200298f468908cc942000000000000000000000000c02aaa39b223fe8d0a0e5c4f27ead9083c756cc2,0x18cbafe5,"swapExactTokensForETH(uint256 amountIn, uint256 amountOutMin, address[] path, address to, uint256 deadline)",,1080297,1,126877,14424852,0
10971798,0x6d62442a6bdbf525808b9cf97db6f9c227ba58df40747026d383ef172c7eb010,1601576912,0x3af76d3e0167b183fb63e51c2e411da9a6c96071ca2b962ffc435ee69f3432a8,222,8,0x710da7a06b0c66a18fed27dfa53d937c69ed3b2c,0x7a250d5630b4cf539739df2c5dacb4c659f2488d,0,167361,150000000000,0x18cbafe5000000000000000000000000000000000000000000000878678326eac90000000000000000000000000000000000000000000000000000006f6f66cb37d90bca00000000000000000000000000000000000000000000000000000000000000a0000000000000000000000000710da7a06b0c66a18fed27dfa53d937c69ed3b2c000000000000000000000000000000000000000000000000000000005f76244a00000000000000000000000000000000000000000000000000000000000000020000000000000000000000000f5d2fb29fb7d3cfee444a200298f468908cc942000000000000000000000000c02aaa39b223fe8d0a0e5c4f27ead9083c756cc2,0x18cbafe5,"swapExactTokensForETH(uint256 amountIn, uint256 amountOutMin, address[] path, address to, uint256 deadline)",,393389,1,126865,14424849,0
10971799,0x46917caeecb45e9a8713efc3067c25a7b3fab66e1b80eb966a729cedb1802df0,1601576936,0x1b3abf23bf4e39dc5a538ebde729fc18b0a69010214567155a933c30d518713e,223,33,0x710da7a06b0c66a18fed27dfa53d937c69ed3b2c,0x7a250d5630b4cf539739df2c5dacb4c659f2488d,0,167361,150000000000,0x18cbafe5000000000000000000000000000000000000000000000878678326eac90000000000000000000000000000000000000000000000000000006f6f66cb37d90bca00000000000000000000000000000000000000000000000000000000000000a0000000000000000000000000710da7a06b0c66a18fed27dfa53d937c69ed3b2c000000000000000000000000000000000000000000000000000000005f76246500000000000000000000000000000000000000000000000000000000000000020000000000000000000000000f5d2fb29fb7d3cfee444a200298f468908cc942000000000000000000000000c02aaa39b223fe8d0a0e5c4f27ead9083c756cc2,0x18cbafe5,"swapExactTokensForETH(uint256 amountIn, uint256 amountOutMin, address[] path, address to, uint256 deadline)",,2804080,1,114849,14424848,0
10971801,0x758f12ac9d570d03ebe7ca4d59b0ae07f2bc35d2b7450954e92acf357410c707,1601576987,0xda3f7d0ef5508ae21f48aae68e184b4eb709c870d0b88abbf63a25b558e5420e,224,40,0x710da7a06b0c66a18fed27dfa53d937c69ed3b2c,0x7a250d5630b4cf539739df2c5dacb4c659f2488d,0,154144,150000000000,0x18cbafe5000000000000000000000000000000000000000000000878678326eac9000000000000000000000000000000000000000000000000000000750c7e92dfc72ee800000000000000000000000000000000000000000000000000000000000000a0000000000000000000000000710da7a06b0c66a18fed27dfa53d937c69ed3b2c000000000000000000000000000000000000000000000000000000005f76248000000000000000000000000000000000000000000000000000000000000000020000000000000000000000000f5d2fb29fb7d3cfee444a200298f468908cc942000000000000000000000000c02aaa39b223fe8d0a0e5c4f27ead9083c756cc2,0x18cbafe5,"swapExactTokensForETH(uint256 amountIn, uint256 amountOutMin, address[] path, address to, uint256 deadline)",,2936053,0,29102,14424846,1
10971805,0x732b0f8bb17268b50f88e9fd0c66ffec2ab1489d646d49583aabbd75cf992b54,1601577041,0x9b573515f156b4a48a4d6478b194c8805b347b0b43a483b4ec17a06cc885883e,225,43,0x710da7a06b0c66a18fed27dfa53d937c69ed3b2c,0x7a250d5630b4cf539739df2c5dacb4c659f2488d,0,167361,120000000000,0x18cbafe5000000000000000000000000000000000000000000000878678326eac9000000000000000000000000000000000000000000000000000000703f65a52c15919800000000000000000000000000000000000000000000000000000000000000a0000000000000000000000000710da7a06b0c66a18fed27dfa53d937c69ed3b2c000000000000000000000000000000000000000000000000000000005f7624cf00000000000000000000000000000000000000000000000000000000000000020000000000000000000000000f5d2fb29fb7d3cfee444a200298f468908cc942000000000000000000000000c02aaa39b223fe8d0a0e5c4f27ead9083c756cc2,0x18cbafe5,"swapExactTokensForETH(uint256 amountIn, uint256 amountOutMin, address[] path, address to, uint256 deadline)",,5893340,1,126865,14424842,0
10971806,0x2e95ea26ac6c0c0ecf230527b5bbeb3f3843f087e26a2f870fd4024f82b25924,1601577050,0xdc2975cdfd6e8bec39327edd57eb13a0646fd82775a1e144d62e4ffc98431ea1,226,32,0x710da7a06b0c66a18fed27dfa53d937c69ed3b2c,0x7a250d5630b4cf539739df2c5dacb4c659f2488d,0,154144,150000000000,0x18cbafe5000000000000000000000000000000000000000000000878678326eac90000000000000000000000000000000000000000000000000000006f9b1f2ff65e1eae00000000000000000000000000000000000000000000000000000000000000a0000000000000000000000000710da7a06b0c66a18fed27dfa53d937c69ed3b2c000000000000000000000000000000000000000000000000000000005f76250100000000000000000000000000000000000000000000000000000000000000020000000000000000000000000f5d2fb29fb7d3cfee444a200298f468908cc942000000000000000000000000c02aaa39b223fe8d0a0e5c4f27ead9083c756cc2,0x18cbafe5,"swapExactTokensForETH(uint256 amountIn, uint256 amountOutMin, address[] path, address to, uint256 deadline)",,2795679,1,126865,14424841,0
10971806,0x2e95ea26ac6c0c0ecf230527b5bbeb3f3843f087e26a2f870fd4024f82b25924,1601577050,0x123a3f9e0eece4e97cf9e3e2265ec8ea91fd451eb57e914bf19cfaa8a5fd9a2c,227,43,0x710da7a06b0c66a18fed27dfa53d937c69ed3b2c,0x7a250d5630b4cf539739df2c5dacb4c659f2488d,0,154144,150000000000,0x18cbafe5000000000000000000000000000000000000000000000878678326eac90000000000000000000000000000000000000000000000000000006f9b1f2ff65e1eae00000000000000000000000000000000000000000000000000000000000000a0000000000000000000000000710da7a06b0c66a18fed27dfa53d937c69ed3b2c000000000000000000000000000000000000000000000000000000005f76250100000000000000000000000000000000000000000000000000000000000000020000000000000000000000000f5d2fb29fb7d3cfee444a200298f468908cc942000000000000000000000000c02aaa39b223fe8d0a0e5c4f27ead9083c756cc2,0x18cbafe5,"swapExactTokensForETH(uint256 amountIn, uint256 amountOutMin, address[] path, address to, uint256 deadline)",,4196332,1,114849,14424841,0
10971808,0xbfb94aee0c5d9d1bd77a89563614c645349718dd202834ea456b04fbc41510b0,1601577124,0xcf4e476c040817349190d20b068772f477250c2333b33df870fd8eeba25c4616,228,40,0x710da7a06b0c66a18fed27dfa53d937c69ed3b2c,0x7a250d5630b4cf539739df2c5dacb4c659f2488d,0,154144,150000000000,0x18cbafe5000000000000000000000000000000000000000000000878678326eac90000000000000000000000000000000000000000000000000000006f9b1f2ff65e1eae00000000000000000000000000000000000000000000000000000000000000a0000000000000000000000000710da7a06b0c66a18fed27dfa53d937c69ed3b2c000000000000000000000000000000000000000000000000000000005f76250100000000000000000000000000000000000000000000000000000000000000020000000000000000000000000f5d2fb29fb7d3cfee444a200298f468908cc942000000000000000000000000c02aaa39b223fe8d0a0e5c4f27ead9083c756cc2,0x18cbafe5,"swapExactTokensForETH(uint256 amountIn, uint256 amountOutMin, address[] path, address to, uint256 deadline)",,2823622,0,29102,14424839,1
10971819,0x768bf879f3bd64d564cce45cb0fdb91e7190cf391ad090d6cd3816a878be7a84,1601577239,0x266da3ac1c78643a08a0a484cb5d7e9492eeeace74915551d3a2e1cbe7c29e6f,229,10,0x710da7a06b0c66a18fed27dfa53d937c69ed3b2c,0x7a250d5630b4cf539739df2c5dacb4c659f2488d,0,167374,150000000000,0x18cbafe500000000000000000000000000000000000000000000065a4da25d3016c0000000000000000000000000000000000000000000000000000052f871654ef475e400000000000000000000000000000000000000000000000000000000000000a0000000000000000000000000710da7a06b0c66a18fed27dfa53d937c69ed3b2c000000000000000000000000000000000000000000000000000000005f76258500000000000000000000000000000000000000000000000000000000000000020000000000000000000000000f5d2fb29fb7d3cfee444a200298f468908cc942000000000000000000000000c02aaa39b223fe8d0a0e5c4f27ead9083c756cc2,0x18cbafe5,"swapExactTokensForETH(uint256 amountIn, uint256 amountOutMin, address[] path, address to, uint256 deadline)",,644940,1,126877,14424828,0
10971822,0xcf324394b73ca4d3b7044951390f7765d1f486f4f33fa080cdce38087bebcf4f,1601577256,0x9c61869c531994e542272121e4cc6d9b9e0ceaf59f1198cda8142ab74f75ac2f,230,66,0x710da7a06b0c66a18fed27dfa53d937c69ed3b2c,0x7a250d5630b4cf539739df2c5dacb4c659f2488d,0,154157,150000000000,0x18cbafe500000000000000000000000000000000000000000000065a4da25d3016c0000000000000000000000000000000000000000000000000000052f871654ef475e400000000000000000000000000000000000000000000000000000000000000a0000000000000000000000000710da7a06b0c66a18fed27dfa53d937c69ed3b2c000000000000000000000000000000000000000000000000000000005f7625af00000000000000000000000000000000000000000000000000000000000000020000000000000000000000000f5d2fb29fb7d3cfee444a200298f468908cc942000000000000000000000000c02aaa39b223fe8d0a0e5c4f27ead9083c756cc2,0x18cbafe5,"swapExactTokensForETH(uint256 amountIn, uint256 amountOutMin, address[] path, address to, uint256 deadline)",,3561178,1,126877,14424825,0
10971822,0xcf324394b73ca4d3b7044951390f7765d1f486f4f33fa080cdce38087bebcf4f,1601577256,0x3182e5c3f83c45c188696813f9c8b08259b856cf2ac1c7a4ea4741983ec76ab0,231,75,0x710da7a06b0c66a18fed27dfa53d937c69ed3b2c,0x7a250d5630b4cf539739df2c5dacb4c659f2488d,0,167374,150000000000,0x18cbafe500000000000000000000000000000000000000000000065a4da25d3016c00000000000000000000000000000000000000000000000000000552610ea15972ff500000000000000000000000000000000000000000000000000000000000000a0000000000000000000000000710da7a06b0c66a18fed27dfa53d937c69ed3b2c000000000000000000000000000000000000000000000000000000005f7625cc00000000000000000000000000000000000000000000000000000000000000020000000000000000000000000f5d2fb29fb7d3cfee444a200298f468908cc942000000000000000000000000c02aaa39b223fe8d0a0e5c4f27ead9083c756cc2,0x18cbafe5,"swapExactTokensForETH(uint256 amountIn, uint256 amountOutMin, address[] path, address to, uint256 deadline)",,4768069,1,114861,14424825,0
10971824,0x6f96fee69db25aeb1c4b9fb5f178f5c34fc48ea1abc062292956a41f58d36f79,1601577288,0x2cf99db279262a459c65c34d22da5aca5059dabfbee7c4967f3350010390f288,232,75,0x710da7a06b0c66a18fed27dfa53d937c69ed3b2c,0x7a250d5630b4cf539739df2c5dacb4c659f2488d,0,167374,150000000000,0x18cbafe500000000000000000000000000000000000000000000065a4da25d3016c00000000000000000000000000000000000000000000000000000552610ea15972ff500000000000000000000000000000000000000000000000000000000000000a0000000000000000000000000710da7a06b0c66a18fed27dfa53d937c69ed3b2c000000000000000000000000000000000000000000000000000000005f7625d400000000000000000000000000000000000000000000000000000000000000020000000000000000000000000f5d2fb29fb7d3cfee444a200298f468908cc942000000000000000000000000c02aaa39b223fe8d0a0e5c4f27ead9083c756cc2,0x18cbafe5,"swapExactTokensForETH(uint256 amountIn, uint256 amountOutMin, address[] path, address to, uint256 deadline)",,4058463,1,126877,14424823,0
10971824,0x6f96fee69db25aeb1c4b9fb5f178f5c34fc48ea1abc062292956a41f58d36f79,1601577288,0x2eb27647035fe995cbb178858f5b76fa8af485f8bdb2d2c5b1b8a0c01e10ba67,233,76,0x710da7a06b0c66a18fed27dfa53d937c69ed3b2c,0x7a250d5630b4cf539739df2c5dacb4c659f2488d,0,167361,150000000000,0x18cbafe5000000000000000000000000000000000000000000000878678326eac900000000000000000000000000000000000000000000000000000070178996156eb14d00000000000000000000000000000000000000000000000000000000000000a0000000000000000000000000710da7a06b0c66a18fed27dfa53d937c69ed3b2c000000000000000000000000000000000000000000000000000000005f7625d800000000000000000000000000000000000000000000000000000000000000020000000000000000000000000f5d2fb29fb7d3cfee444a200298f468908cc942000000000000000000000000c02aaa39b223fe8d0a0e5c4f27ead9083c756cc2,0x18cbafe5,"swapExactTokensForETH(uint256 amountIn, uint256 amountOutMin, address[] path, address to, uint256 deadline)",,4087565,0,29102,14424823,1
10971826,0x1c5c9396cc5841cfcf7345541c363e0cde72f7f9e411b4d82edcd920bf92a140,1601577311,0xb3752abd70e79ff73c07c577d87917baa0f42a8846dadc20150589d0243d874d,234,83,0x710da7a06b0c66a18fed27dfa53d937c69ed3b2c,0x7a250d5630b4cf539739df2c5dacb4c659f2488d,0,167361,150000000000,0x18cbafe5000000000000000000000000000000000000000000000878678326eac900000000000000000000000000000000000000000000000000000070178996156eb14d00000000000000000000000000000000000000000000000000000000000000a0000000000000000000000000710da7a06b0c66a18fed27dfa53d937c69ed3b2c000000000000000000000000000000000000000000000000000000005f7625f500000000000000000000000000000000000000000000000000000000000000020000000000000000000000000f5d2fb29fb7d3cfee444a200298f468908cc942000000000000000000000000c02aaa39b223fe8d0a0e5c4f27ead9083c756cc2,0x18cbafe5,"swapExactTokensForETH(uint256 amountIn, uint256 amountOutMin, address[] path, address to, uint256 deadline)",,2596039,1,126865,14424821,0
10971831,0x168223746161fa168fcbcf252d99ba1e354aedc9249439e8eb56832177ac3a7e,1601577362,0xdcd62836c099fd233f2b5b74405933e61ff6943afa4d9b26a4e7c10fcb82bb77,235,24,0x710da7a06b0c66a18fed27dfa53d937c69ed3b2c,0x7a250d5630b4cf539739df2c5dacb4c659f2488d,0,167361,150000000000,0x18cbafe5000000000000000000000000000000000000000000000878678326eac90000000000000000000000000000000000000000000000000000007049983358a0fd6600000000000000000000000000000000000000000000000000000000000000a0000000000000000000000000710da7a06b0c66a18fed27dfa53d937c69ed3b2c000000000000000000000000000000000000000000000000000000005f76263400000000000000000000000000000000000000000000000000000000000000020000000000000000000000000f5d2fb29fb7d3cfee444a200298f468908cc942000000000000000000000000c02aaa39b223fe8d0a0e5c4f27ead9083c756cc2,0x18cbafe5,"swapExactTokensForETH(uint256 amountIn, uint256 amountOutMin, address[] path, address to, uint256 deadline)",,1655041,1,126865,14424816,0
10971836,0x89f803519829d16fc378c233bde718c0c367c4f7a4efb9ad2d86312071fbf558,1601577408,0xb7f2ac759e6f3831d3c732dd61218c7991ddb4fd2dec3129bd0dd2994fcad397,236,22,0x710da7a06b0c66a18fed27dfa53d937c69ed3b2c,0x7a250d5630b4cf539739df2c5dacb4c659f2488d,0,167361,150000000000,0x18cbafe5000000000000000000000000000000000000000000000878678326eac90000000000000000000000000000000000000000000000000000007049983358a0fd6600000000000000000000000000000000000000000000000000000000000000a0000000000000000000000000710da7a06b0c66a18fed27dfa53d937c69ed3b2c000000000000000000000000000000000000000000000000000000005f76263800000000000000000000000000000000000000000000000000000000000000020000000000000000000000000f5d2fb29fb7d3cfee444a200298f468908cc942000000000000000000000000c02aaa39b223fe8d0a0e5c4f27ead9083c756cc2,0x18cbafe5,"swapExactTokensForETH(uint256 amountIn, uint256 amountOutMin, address[] path, address to, uint256 deadline)",,1616770,1,126865,14424811,0
10971840,0x0a11aba0479cb6053fd7b7fedcd507c155a048ae59c930d6a2268f2e46862304,1601577449,0x56f4b6a8e60ff4bd7e47a92cce834a930f71e5113532e8bf06d9d1a5beb165d9,237,21,0x710da7a06b0c66a18fed27dfa53d937c69ed3b2c,0x7a250d5630b4cf539739df2c5dacb4c659f2488d,0,167361,150000000000,0x18cbafe5000000000000000000000000000000000000000000000878678326eac9000000000000000000000000000000000000000000000000000000700fb4bbf769ec5e00000000000000000000000000000000000000000000000000000000000000a0000000000000000000000000710da7a06b0c66a18fed27dfa53d937c69ed3b2c000000000000000000000000000000000000000000000000000000005f76267000000000000000000000000000000000000000000000000000000000000000020000000000000000000000000f5d2fb29fb7d3cfee444a200298f468908cc942000000000000000000000000c02aaa39b223fe8d0a0e5c4f27ead9083c756cc2,0x18cbafe5,"swapExactTokensForETH(uint256 amountIn, uint256 amountOutMin, address[] path, address to, uint256 deadline)",,1380359,1,126865,14424807,0
10971840,0x0a11aba0479cb6053fd7b7fedcd507c155a048ae59c930d6a2268f2e46862304,1601577449,0x23dbb8255ed18a1d8c9d3603ac73175817905da1928017fcd971333785f5475c,238,33,0x710da7a06b0c66a18fed27dfa53d937c69ed3b2c,0x7a250d5630b4cf539739df2c5dacb4c659f2488d,0,167361,150000000000,0x18cbafe5000000000000000000000000000000000000000000000878678326eac9000000000000000000000000000000000000000000000000000000700fb4bbf769ec5e00000000000000000000000000000000000000000000000000000000000000a0000000000000000000000000710da7a06b0c66a18fed27dfa53d937c69ed3b2c000000000000000000000000000000000000000000000000000000005f76269500000000000000000000000000000000000000000000000000000000000000020000000000000000000000000f5d2fb29fb7d3cfee444a200298f468908cc942000000000000000000000000c02aaa39b223fe8d0a0e5c4f27ead9083c756cc2,0x18cbafe5,"swapExactTokensForETH(uint256 amountIn, uint256 amountOutMin, address[] path, address to, uint256 deadline)",,2604357,1,114849,14424807,0
10971842,0xd2a3de1fba8f533c28e06da1180a8f46bb20358e7b62e74fc4aff8623054c50f,1601577480,0x67b14aa3b447c32361b230a1af756df4caf59711c8d3cc14f7974088ad143771,239,28,0x710da7a06b0c66a18fed27dfa53d937c69ed3b2c,0x7a250d5630b4cf539739df2c5dacb4c659f2488d,0,154144,150000000000,0x18cbafe5000000000000000000000000000000000000000000000878678326eac9000000000000000000000000000000000000000000000000000000700fb4bbf769ec5e00000000000000000000000000000000000000000000000000000000000000a0000000000000000000000000710da7a06b0c66a18fed27dfa53d937c69ed3b2c000000000000000000000000000000000000000000000000000000005f76269500000000000000000000000000000000000000000000000000000000000000020000000000000000000000000f5d2fb29fb7d3cfee444a200298f468908cc942000000000000000000000000c02aaa39b223fe8d0a0e5c4f27ead9083c756cc2,0x18cbafe5,"swapExactTokensForETH(uint256 amountIn, uint256 amountOutMin, address[] path, address to, uint256 deadline)",,2602494,1,126865,14424805,0
10971844,0xfea9e9d886c20e116dbc50fb5c4d104e10bddbd80f875d489efe88b503006f77,1601577522,0x6b7348dcd65bb2c152aa270da7bca9dff1636b0142a8d20955313845e3cdd306,240,2,0x710da7a06b0c66a18fed27dfa53d937c69ed3b2c,0x7a250d5630b4cf539739df2c5dacb4c659f2488d,0,154144,150000000000,0x18cbafe5000000000000000000000000000000000000000000000878678326eac9000000000000000000000000000000000000000000000000000000702de78f03a605f400000000000000000000000000000000000000000000000000000000000000a0000000000000000000000000710da7a06b0c66a18fed27dfa53d937c69ed3b2c000000000000000000000000000000000000000000000000000000005f7626b300000000000000000000000000000000000000000000000000000000000000020000000000000000000000000f5d2fb29fb7d3cfee444a200298f468908cc942000000000000000000000000c02aaa39b223fe8d0a0e5c4f27ead9083c756cc2,0x18cbafe5,"swapExactTokensForETH(uint256 amountIn, uint256 amountOutMin, address[] path, address to, uint256 deadline)",,203168,1,126865,14424803,0
10971846,0x162066df9872778b08b81f039e13e06078c81a90bc5a11a7e62ea6572363a989,1601577530,0x16706abfcbc91b491dcd48d9f38d0f66d6bbac857b0cb858d17f8ab476a954fc,241,49,0x710da7a06b0c66a18fed27dfa53d937c69ed3b2c,0x7a250d5630b4cf539739df2c5dacb4c659f2488d,0,167361,150000000000,0x18cbafe5000000000000000000000000000000000000000000000878678326eac9000000000000000000000000000000000000000000000000000000702de78f03a605f400000000000000000000000000000000000000000000000000000000000000a0000000000000000000000000710da7a06b0c66a18fed27dfa53d937c69ed3b2c000000000000000000000000000000000000000000000000000000005f7626b800000000000000000000000000000000000000000000000000000000000000020000000000000000000000000f5d2fb29fb7d3cfee444a200298f468908cc942000000000000000000000000c02aaa39b223fe8d0a0e5c4f27ead9083c756cc2,0x18cbafe5,"swapExactTokensForETH(uint256 amountIn, uint256 amountOutMin, address[] path, address to, uint256 deadline)",,2846768,1,126865,14424801,0
10971846,0x162066df9872778b08b81f039e13e06078c81a90bc5a11a7e62ea6572363a989,1601577530,0xc5cb4241a42f08b17ac3d69c4c1d5fa04cb0f7de2d455f681be48d95891c844f,242,50,0x710da7a06b0c66a18fed27dfa53d937c69ed3b2c,0x7a250d5630b4cf539739df2c5dacb4c659f2488d,0,167361,150000000000,0x18cbafe5000000000000000000000000000000000000000000000878678326eac90000000000000000000000000000000000000000000000000000006fd6d0f0dbbe7aab00000000000000000000000000000000000000000000000000000000000000a0000000000000000000000000710da7a06b0c66a18fed27dfa53d937c69ed3b2c000000000000000000000000000000000000000000000000000000005f7626e600000000000000000000000000000000000000000000000000000000000000020000000000000000000000000f5d2fb29fb7d3cfee444a200298f468908cc942000000000000000000000000c02aaa39b223fe8d0a0e5c4f27ead9083c756cc2,0x18cbafe5,"swapExactTokensForETH(uint256 amountIn, uint256 amountOutMin, address[] path, address to, uint256 deadline)",,2875870,0,29102,14424801,1
10971848,0x5155b7ed34f53603e70e4e662399237c9c70e91cc8f2976ba2c1cc84dfae0dc2,1601577604,0xefe771fba7293f01d16ededd401f25dec5cdc15d2f297504cd3eebc842d25574,243,78,0x710da7a06b0c66a18fed27dfa53d937c69ed3b2c,0x7a250d5630b4cf539739df2c5dacb4c659f2488d,0,154144,150000000000,0x18cbafe5000000000000000000000000000000000000000000000878678326eac90000000000000000000000000000000000000000000000000000006f351b40f4582a1500000000000000000000000000000000000000000000000000000000000000a0000000000000000000000000710da7a06b0c66a18fed27dfa53d937c69ed3b2c000000000000000000000000000000000000000000000000000000005f7626ea00000000000000000000000000000000000000000000000000000000000000020000000000000000000000000f5d2fb29fb7d3cfee444a200298f468908cc942000000000000000000000000c02aaa39b223fe8d0a0e5c4f27ead9083c756cc2,0x18cbafe5,"swapExactTokensForETH(uint256 amountIn, uint256 amountOutMin, address[] path, address to, uint256 deadline)",,7441480,1,126865,14424799,0
10971848,0x5155b7ed34f53603e70e4e662399237c9c70e91cc8f2976ba2c1cc84dfae0dc2,1601577604,0x759043b48d52bf0c64353b7307bdaeb8a8a556b9e16989b0afe917cd01b13a10,244,88,0x710da7a06b0c66a18fed27dfa53d937c69ed3b2c,0x7a250d5630b4cf539739df2c5dacb4c659f2488d,0,167374,150000000000,0x18cbafe50000000000000000000000000000000000000000000008787563dd9e706400000000000000000000000000000000000000000000000000006f35caa3f1e40bb400000000000000000000000000000000000000000000000000000000000000a0000000000000000000000000710da7a06b0c66a18fed27dfa53d937c69ed3b2c000000000000000000000000000000000000000000000000000000005f7626ea00000000000000000000000000000000000000000000000000000000000000020000000000000000000000000f5d2fb29fb7d3cfee444a200298f468908cc942000000000000000000000000c02aaa39b223fe8d0a0e5c4f27ead9083c756cc2,0x18cbafe5,"swapExactTokensForETH(uint256 amountIn, uint256 amountOutMin, address[] path, address to, uint256 deadline)",,8546894,1,114861,14424799,0
10971858,0xe6d6a76ef2a4ad375eb685bf95eeaec4d02a8d739e543d755c498a11b20004cd,1601577688,0x1f6bddb4727fe7abecde9796f6bfe1bcd1b98206751f629759805490617950ae,245,14,0x710da7a06b0c66a18fed27dfa53d937c69ed3b2c,0x7a250d5630b4cf539739df2c5dacb4c659f2488d,0,167374,150000000000,0x18cbafe500000000000000000000000000000000000000000000043c33c193756480000000000000000000000000000000000000000000000000000037a0b989ba74afa400000000000000000000000000000000000000000000000000000000000000a0000000000000000000000000710da7a06b0c66a18fed27dfa53d937c69ed3b2c000000000000000000000000000000000000000000000000000000005f76275300000000000000000000000000000000000000000000000000000000000000020000000000000000000000000f5d2fb29fb7d3cfee444a200298f468908cc942000000000000000000000000c02aaa39b223fe8d0a0e5c4f27ead9083c756cc2,0x18cbafe5,"swapExactTokensForETH(uint256 amountIn, uint256 amountOutMin, address[] path, address to, uint256 deadline)",,986156,1,126877,14424789,0
10971860,0x16d74e5be655b98c8fd52a0adc6e0d4b8b5309ef89e9926e86b80f21c27c6013,1601577699,0x7f1f57157ca785b5166b3be1c959bbe57232f8d3720e5746cd576e60ca11d82a,246,28,0x710da7a06b0c66a18fed27dfa53d937c69ed3b2c,0x7a250d5630b4cf539739df2c5dacb4c659f2488d,0,167374,150000000000,0x18cbafe500000000000000000000000000000000000000000000065a4da25d3016c0000000000000000000000000000000000000000000000000000053bb953bc44f5cd200000000000000000000000000000000000000000000000000000000000000a0000000000000000000000000710da7a06b0c66a18fed27dfa53d937c69ed3b2c000000000000000000000000000000000000000000000000000000005f76278300000000000000000000000000000000000000000000000000000000000000020000000000000000000000000f5d2fb29fb7d3cfee444a200298f468908cc942000000000000000000000000c02aaa39b223fe8d0a0e5c4f27ead9083c756cc2,0x18cbafe5,"swapExactTokensForETH(uint256 amountIn, uint256 amountOutMin, address[] path, address to, uint256 deadline)",,1300163,1,126877,14424787,0
10971865,0xc63af3543c22d184286e9d22b34096c29672cff7c9f33cf0a74eadf3d2d593df,1601577733,0x925ab891a6313d1fb62bc9ff72891d6bbf230abe922ba835e45c94e867ac3b3d,247,12,0x710da7a06b0c66a18fed27dfa53d937c69ed3b2c,0x7a250d5630b4cf539739df2c5dacb4c659f2488d,0,154157,150000000000,0x18cbafe500000000000000000000000000000000000000000000065a4da25d3016c0000000000000000000000000000000000000000000000000000054ee50cd8923a94c00000000000000000000000000000000000000000000000000000000000000a0000000000000000000000000710da7a06b0c66a18fed27dfa53d937c69ed3b2c000000000000000000000000000000000000000000000000000000005f76278f00000000000000000000000000000000000000000000000000000000000000020000000000000000000000000f5d2fb29fb7d3cfee444a200298f468908cc942000000000000000000000000c02aaa39b223fe8d0a0e5c4f27ead9083c756cc2,0x18cbafe5,"swapExactTokensForETH(uint256 amountIn, uint256 amountOutMin, address[] path, address to, uint256 deadline)",,395961,1,126877,14424782,0
10971867,0x891eb667aecdb22323e840fd9cba711a59e4ccda614353c1fcfcb13647142cf7,1601577748,0xfa45b51997df61c6e657cdfc25891172161d6a481bb148abf8aad59a9338e1af,248,31,0x710da7a06b0c66a18fed27dfa53d937c69ed3b2c,0x7a250d5630b4cf539739df2c5dacb4c659f2488d,0,167374,150000000000,0x18cbafe500000000000000000000000000000000000000000000065a4da25d3016c000000000000000000000000000000000000000000000000000005480046aec96193e00000000000000000000000000000000000000000000000000000000000000a0000000000000000000000000710da7a06b0c66a18fed27dfa53d937c69ed3b2c000000000000000000000000000000000000000000000000000000005f7627b500000000000000000000000000000000000000000000000000000000000000020000000000000000000000000f5d2fb29fb7d3cfee444a200298f468908cc942000000000000000000000000c02aaa39b223fe8d0a0e5c4f27ead9083c756cc2,0x18cbafe5,"swapExactTokensForETH(uint256 amountIn, uint256 amountOutMin, address[] path, address to, uint256 deadline)",,1650615,1,126877,14424780,0
10971869,0x81d2bd2ba6f88f6569280f76d070ab4ef3010f9d89b2e67fa32c2d51e406bcd4,1601577770,0xfc04779fbe97e2d948b143c4a8afd37c837929dd557e018a220ce93855fb8afc,249,7,0x710da7a06b0c66a18fed27dfa53d937c69ed3b2c,0x7a250d5630b4cf539739df2c5dacb4c659f2488d,0,154157,150000000000,0x18cbafe5000000000000000000000000000000000000000000000a968163f0a57b4000000000000000000000000000000000000000000000000000008a386c68899fc10400000000000000000000000000000000000000000000000000000000000000a0000000000000000000000000710da7a06b0c66a18fed27dfa53d937c69ed3b2c000000000000000000000000000000000000000000000000000000005f7627b700000000000000000000000000000000000000000000000000000000000000020000000000000000000000000f5d2fb29fb7d3cfee444a200298f468908cc942000000000000000000000000c02aaa39b223fe8d0a0e5c4f27ead9083c756cc2,0x18cbafe5,"swapExactTokensForETH(uint256 amountIn, uint256 amountOutMin, address[] path, address to, uint256 deadline)",,408690,1,126877,14424778,0
10971871,0xc3734818ad0975964212da4f88dcae2d21d7ab07fe54df516d375323edf4a791,1601577788,0x66078c7425a93834ad57d5e2764ab9f428441b7c98fdb6319f291ef9a80bf3b5,250,19,0x710da7a06b0c66a18fed27dfa53d937c69ed3b2c,0x7a250d5630b4cf539739df2c5dacb4c659f2488d,0,154144,150000000000,0x18cbafe5000000000000000000000000000000000000000000000878678326eac90000000000000000000000000000000000000000000000000000006f9c9bd19d2604f100000000000000000000000000000000000000000000000000000000000000a0000000000000000000000000710da7a06b0c66a18fed27dfa53d937c69ed3b2c000000000000000000000000000000000000000000000000000000005f7627b700000000000000000000000000000000000000000000000000000000000000020000000000000000000000000f5d2fb29fb7d3cfee444a200298f468908cc942000000000000000000000000c02aaa39b223fe8d0a0e5c4f27ead9083c756cc2,0x18cbafe5,"swapExactTokensForETH(uint256 amountIn, uint256 amountOutMin, address[] path, address to, uint256 deadline)",,701536,1,126865,14424776,0
10971880,0xc45cb7388af2d5063dac4471409c86bd7d9885b88cc19004dd9cddb5653c82bf,1601577849,0x633610ab085161ae7fe452485d869ea12f5d3aa54dceeb62868f7241ddb61bfd,251,0,0x710da7a06b0c66a18fed27dfa53d937c69ed3b2c,0x7a250d5630b4cf539739df2c5dacb4c659f2488d,0,167374,150000000000,0x18cbafe5000000000000000000000000000000000000000000000a968163f0a57b4000000000000000000000000000000000000000000000000000008b0e25ee0fa7021000000000000000000000000000000000000000000000000000000000000000a0000000000000000000000000710da7a06b0c66a18fed27dfa53d937c69ed3b2c000000000000000000000000000000000000000000000000000000005f76280800000000000000000000000000000000000000000000000000000000000000020000000000000000000000000f5d2fb29fb7d3cfee444a200298f468908cc942000000000000000000000000c02aaa39b223fe8d0a0e5c4f27ead9083c756cc2,0x18cbafe5,"swapExactTokensForETH(uint256 amountIn, uint256 amountOutMin, address[] path, address to, uint256 deadline)",,126877,1,126877,14424767,0
10971890,0xf91e795b09ca20d308842a47fadc4f336616fd66a368b034b25f98fe712fcebe,1601577933,0x553aaa8e8d7db3cd9e947e8f0ed692890279bb243aadad0a66549665eed0e8fd,252,30,0x710da7a06b0c66a18fed27dfa53d937c69ed3b2c,0x7a250d5630b4cf539739df2c5dacb4c659f2488d,0,167374,150000000000,0x18cbafe500000000000000000000000000000000000000000000043c33c1937564800000000000000000000000000000000000000000000000000000379c104964687ff400000000000000000000000000000000000000000000000000000000000000a0000000000000000000000000710da7a06b0c66a18fed27dfa53d937c69ed3b2c000000000000000000000000000000000000000000000000000000005f76285700000000000000000000000000000000000000000000000000000000000000020000000000000000000000000f5d2fb29fb7d3cfee444a200298f468908cc942000000000000000000000000c02aaa39b223fe8d0a0e5c4f27ead9083c756cc2,0x18cbafe5,"swapExactTokensForETH(uint256 amountIn, uint256 amountOutMin, address[] path, address to, uint256 deadline)",,1829160,1,114861,14424757,0
10971890,0xf91e795b09ca20d308842a47fadc4f336616fd66a368b034b25f98fe712fcebe,1601577933,0x4ef13735ed79258f5add5e4fface309431e3fa86d4c7004efe64ff6dde8f1eb2,253,37,0x710da7a06b0c66a18fed27dfa53d937c69ed3b2c,0x7a250d5630b4cf539739df2c5dacb4c659f2488d,0,167374,150000000000,0x18cbafe500000000000000000000000000000000000000000000043c33c1937564800000000000000000000000000000000000000000000000000000379c104964687ff400000000000000000000000000000000000000000000000000000000000000a0000000000000000000000000710da7a06b0c66a18fed27dfa53d937c69ed3b2c000000000000000000000000000000000000000000000000000000005f76286b00000000000000000000000000000000000000000000000000000000000000020000000000000000000000000f5d2fb29fb7d3cfee444a200298f468908cc942000000000000000000000000c02aaa39b223fe8d0a0e5c4f27ead9083c756cc2,0x18cbafe5,"swapExactTokensForETH(uint256 amountIn, uint256 amountOutMin, address[] path, address to, uint256 deadline)",,3095633,1,114861,14424757,0
10971893,0x4d3edd92874a0165cfb6cf6e53a53b3227e78e3944bf060db60c7c6674763446,1601577971,0x42a132211ab1a7f87dbefad560eebbd2e5f9a111efef0a88fd49e7e505a93ac4,254,32,0x710da7a06b0c66a18fed27dfa53d937c69ed3b2c,0x7a250d5630b4cf539739df2c5dacb4c659f2488d,0,167374,150000000000,0x18cbafe500000000000000000000000000000000000000000000043c33c1937564800000000000000000000000000000000000000000000000000000379c104964687ff400000000000000000000000000000000000000000000000000000000000000a0000000000000000000000000710da7a06b0c66a18fed27dfa53d937c69ed3b2c000000000000000000000000000000000000000000000000000000005f76286b00000000000000000000000000000000000000000000000000000000000000020000000000000000000000000f5d2fb29fb7d3cfee444a200298f468908cc942000000000000000000000000c02aaa39b223fe8d0a0e5c4f27ead9083c756cc2,0x18cbafe5,"swapExactTokensForETH(uint256 amountIn, uint256 amountOutMin, address[] path, address to, uint256 deadline)",,3077738,1,126877,14424754,0
10971894,0xb02ca8d0d05d0460df8120f1e58014f25d186075b57cfaf211e4e796a6b9165c,1601578000,0x52990a59c96ab1cb2ed7e16219de4e046dc0ff2d82269a8a2033b02847cb1f17,255,136,0x710da7a06b0c66a18fed27dfa53d937c69ed3b2c,0x7a250d5630b4cf539739df2c5dacb4c659f2488d,0,167374,150000000000,0x18cbafe500000000000000000000000000000000000000000000043c33c1937564800000000000000000000000000000000000000000000000000000386ce9bc1f90bf3f00000000000000000000000000000000000000000000000000000000000000a0000000000000000000000000710da7a06b0c66a18fed27dfa53d937c69ed3b2c000000000000000000000000000000000000000000000000000000005f7628a200000000000000000000000000000000000000000000000000000000000000020000000000000000000000000f5d2fb29fb7d3cfee444a200298f468908cc942000000000000000000000000c02aaa39b223fe8d0a0e5c4f27ead9083c756cc2,0x18cbafe5,"swapExactTokensForETH(uint256 amountIn, uint256 amountOutMin, address[] path, address to, uint256 deadline)",,5288650,1,126877,14424753,0
10971894,0xb02ca8d0d05d0460df8120f1e58014f25d186075b57cfaf211e4e796a6b9165c,1601578000,0x18e3c075a4aaf8910c9f845774466ae66f21f18dc978075be1988270e9d373d3,256,137,0x710da7a06b0c66a18fed27dfa53d937c69ed3b2c,0x7a250d5630b4cf539739df2c5dacb4c659f2488d,0,154157,150000000000,0x18cbafe500000000000000000000000000000000000000000000065a4da25d3016c0000000000000000000000000000000000000000000000000000053d7775c90b6f84a00000000000000000000000000000000000000000000000000000000000000a0000000000000000000000000710da7a06b0c66a18fed27dfa53d937c69ed3b2c000000000000000000000000000000000000000000000000000000005f7628a200000000000000000000000000000000000000000000000000000000000000020000000000000000000000000f5d2fb29fb7d3cfee444a200298f468908cc942000000000000000000000000c02aaa39b223fe8d0a0e5c4f27ead9083c756cc2,0x18cbafe5,"swapExactTokensForETH(uint256 amountIn, uint256 amountOutMin, address[] path, address to, uint256 deadline)",,5317764,0,29114,14424753,1
10971894,0xb02ca8d0d05d0460df8120f1e58014f25d186075b57cfaf211e4e796a6b9165c,1601578000,0xa1abc2b8396620f4ba59c3b2b4c86817996393134fb84b4b44e7fc0632827e55,257,138,0x710da7a06b0c66a18fed27dfa53d937c69ed3b2c,0x7a250d5630b4cf539739df2c5dacb4c659f2488d,0,154157,150000000000,0x18cbafe500000000000000000000000000000000000000000000065a4da25d3016c0000000000000000000000000000000000000000000000000000053d7775c90b6f84a00000000000000000000000000000000000000000000000000000000000000a0000000000000000000000000710da7a06b0c66a18fed27dfa53d937c69ed3b2c000000000000000000000000000000000000000000000000000000005f7628a200000000000000000000000000000000000000000000000000000000000000020000000000000000000000000f5d2fb29fb7d3cfee444a200298f468908cc942000000000000000000000000c02aaa39b223fe8d0a0e5c4f27ead9083c756cc2,0x18cbafe5,"swapExactTokensForETH(uint256 amountIn, uint256 amountOutMin, address[] path, address to, uint256 deadline)",,5346878,0,29114,14424753,1
10971897,0xaf4f9dfdbea346e4c3c4ce0e10b4415881b01d896333b253038ac47bef8fb119,1601578081,0x81b3a10fb566d20424a7f3ed73203eb8e3796e17141fb56e050a2f9c9f23173c,258,81,0x710da7a06b0c66a18fed27dfa53d937c69ed3b2c,0x7a250d5630b4cf539739df2c5dacb4c659f2488d,0,154157,150000000000,0x18cbafe500000000000000000000000000000000000000000000021e19e0c9bab24000000000000000000000000000000000000000000000000000001bd2bc908557589400000000000000000000000000000000000000000000000000000000000000a0000000000000000000000000710da7a06b0c66a18fed27dfa53d937c69ed3b2c000000000000000000000000000000000000000000000000000000005f7628c000000000000000000000000000000000000000000000000000000000000000020000000000000000000000000f5d2fb29fb7d3cfee444a200298f468908cc942000000000000000000000000c02aaa39b223fe8d0a0e5c4f27ead9083c756cc2,0x18cbafe5,"swapExactTokensForETH(uint256 amountIn, uint256 amountOutMin, address[] path, address to, uint256 deadline)",,3099643,1,126877,14424750,0
10971897,0xaf4f9dfdbea346e4c3c4ce0e10b4415881b01d896333b253038ac47bef8fb119,1601578081,0xb7abb8363a21bdb25d55015bb46da61c12d014d3cda91d0682cb28f18ec9f77c,259,83,0x710da7a06b0c66a18fed27dfa53d937c69ed3b2c,0x7a250d5630b4cf539739df2c5dacb4c659f2488d,0,167374,150000000000,0x18cbafe500000000000000000000000000000000000000000000065a4da25d3016c00000000000000000000000000000000000000000000000000000551a397b50c4fef800000000000000000000000000000000000000000000000000000000000000a0000000000000000000000000710da7a06b0c66a18fed27dfa53d937c69ed3b2c000000000000000000000000000000000000000000000000000000005f7628e400000000000000000000000000000000000000000000000000000000000000020000000000000000000000000f5d2fb29fb7d3cfee444a200298f468908cc942000000000000000000000000c02aaa39b223fe8d0a0e5c4f27ead9083c756cc2,0x18cbafe5,"swapExactTokensForETH(uint256 amountIn, uint256 amountOutMin, address[] path, address to, uint256 deadline)",,3168443,0,29114,14424750,1
10971901,0x6ffe755ac4830a10e0339134048a20cd245b2003623980c898b824483ecd7ed9,1601578185,0x9a5414d0f6fbe4dd125d1f0aa3fb22f24b6e80061ccf97871768b22fe4e81fe3,260,9,0x710da7a06b0c66a18fed27dfa53d937c69ed3b2c,0x7a250d5630b4cf539739df2c5dacb4c659f2488d,0,167374,200000000000,0x18cbafe500000000000000000000000000000000000000000000065a4da25d3016c00000000000000000000000000000000000000000000000000000537c86b3d4d456b500000000000000000000000000000000000000000000000000000000000000a0000000000000000000000000710da7a06b0c66a18fed27dfa53d937c69ed3b2c000000000000000000000000000000000000000000000000000000005f76293600000000000000000000000000000000000000000000000000000000000000020000000000000000000000000f5d2fb29fb7d3cfee444a200298f468908cc942000000000000000000000000c02aaa39b223fe8d0a0e5c4f27ead9083c756cc2,0x18cbafe5,"swapExactTokensForETH(uint256 amountIn, uint256 amountOutMin, address[] path, address to, uint256 deadline)",,715660,1,126877,14424746,0
10971904,0xbb892404f28785423bb50947080e508fcb0ac12b13abf15c43e5ecd0df0ab2b2,1601578213,0x7df0ce02997d03e226cbe05f3f5da7e42a4772a0d83a3495487cbdf120a791f7,261,7,0x710da7a06b0c66a18fed27dfa53d937c69ed3b2c,0x7a250d5630b4cf539739df2c5dacb4c659f2488d,0,167374,200000000000,0x18cbafe500000000000000000000000000000000000000000000065a4da25d3016c00000000000000000000000000000000000000000000000000000543463f8108f558400000000000000000000000000000000000000000000000000000000000000a0000000000000000000000000710da7a06b0c66a18fed27dfa53d937c69ed3b2c000000000000000000000000000000000000000000000000000000005f76297900000000000000000000000000000000000000000000000000000000000000020000000000000000000000000f5d2fb29fb7d3cfee444a200298f468908cc942000000000000000000000000c02aaa39b223fe8d0a0e5c4f27ead9083c756cc2,0x18cbafe5,"swapExactTokensForETH(uint256 amountIn, uint256 amountOutMin, address[] path, address to, uint256 deadline)",,418431,1,126877,14424743,0
10971904,0xbb892404f28785423bb50947080e508fcb0ac12b13abf15c43e5ecd0df0ab2b2,1601578213,0x93c14ffdd61548ad19891e78202a8e6fe5a2d61c7db98ae10194a70638810f3a,262,11,0x710da7a06b0c66a18fed27dfa53d937c69ed3b2c,0x7a250d5630b4cf539739df2c5dacb4c659f2488d,0,167374,200000000000,0x18cbafe500000000000000000000000000000000000000000000065a4da25d3016c00000000000000000000000000000000000000000000000000000543463f8108f558400000000000000000000000000000000000000000000000000000000000000a0000000000000000000000000710da7a06b0c66a18fed27dfa53d937c69ed3b2c000000000000000000000000000000000000000000000000000000005f76299400000000000000000000000000000000000000000000000000000000000000020000000000000000000000000f5d2fb29fb7d3cfee444a200298f468908cc942000000000000000000000000c02aaa39b223fe8d0a0e5c4f27ead9083c756cc2,0x18cbafe5,"swapExactTokensForETH(uint256 amountIn, uint256 amountOutMin, address[] path, address to, uint256 deadline)",,1056313,1,114861,14424743,0
10971906,0x56264e1c5fb5c044742598ac94e6ec5096aec8897bbdb0c6aa95742ef344e06b,1601578260,0x4c7a95d9da7a272cc4d23413dd26402c4cc9e87abaa83c917572090c85236b4b,263,1,0x710da7a06b0c66a18fed27dfa53d937c69ed3b2c,0x7a250d5630b4cf539739df2c5dacb4c659f2488d,0,167374,180000000000,0x18cbafe500000000000000000000000000000000000000000000065a4da25d3016c00000000000000000000000000000000000000000000000000000543463f8108f558400000000000000000000000000000000000000000000000000000000000000a0000000000000000000000000710da7a06b0c66a18fed27dfa53d937c69ed3b2c000000000000000000000000000000000000000000000000000000005f76299400000000000000000000000000000000000000000000000000000000000000020000000000000000000000000f5d2fb29fb7d3cfee444a200298f468908cc942000000000000000000000000c02aaa39b223fe8d0a0e5c4f27ead9083c756cc2,0x18cbafe5,"swapExactTokensForETH(uint256 amountIn, uint256 amountOutMin, address[] path, address to, uint256 deadline)",,147877,1,126877,14424741,0
10971908,0x2b9fc3b7a7d10b5a5c5c4a586b1397ad8e73768ec304c2eae2d6c654eec2cf5d,1601578284,0x9385ace4b825161439add34b1440d47c2e59e7fe37c42e33c9ad7be5b004bdcb,264,20,0x710da7a06b0c66a18fed27dfa53d937c69ed3b2c,0x7a250d5630b4cf539739df2c5dacb4c659f2488d,0,167374,200000000000,0x18cbafe500000000000000000000000000000000000000000000065a4da25d3016c0000000000000000000000000000000000000000000000000000053b0e55f68b9478d00000000000000000000000000000000000000000000000000000000000000a0000000000000000000000000710da7a06b0c66a18fed27dfa53d937c69ed3b2c000000000000000000000000000000000000000000000000000000005f7629c400000000000000000000000000000000000000000000000000000000000000020000000000000000000000000f5d2fb29fb7d3cfee444a200298f468908cc942000000000000000000000000c02aaa39b223fe8d0a0e5c4f27ead9083c756cc2,0x18cbafe5,"swapExactTokensForETH(uint256 amountIn, uint256 amountOutMin, address[] path, address to, uint256 deadline)",,1022541,1,126877,14424739,0
10971920,0x48091f1b621975dcdbb51351e0233a6861792bc365aeae965625553d33ffdf23,1601578516,0x8c7f0c3f913e42167bc1d3fe8b8b8e02eacd8e8cb4fe99f56bc02af063401213,265,95,0x710da7a06b0c66a18fed27dfa53d937c69ed3b2c,0x7a250d5630b4cf539739df2c5dacb4c659f2488d,0,167322,75000000000,0x18cbafe5000000000000000000000000000000000000000000000000070828f71be4000000000000000000000000000000000000000000000000000000005f6ef69c404000000000000000000000000000000000000000000000000000000000000000a0000000000000000000000000710da7a06b0c66a18fed27dfa53d937c69ed3b2c000000000000000000000000000000000000000000000000000000005f7629dc00000000000000000000000000000000000000000000000000000000000000020000000000000000000000000f5d2fb29fb7d3cfee444a200298f468908cc942000000000000000000000000c02aaa39b223fe8d0a0e5c4f27ead9083c756cc2,0x18cbafe5,"swapExactTokensForETH(uint256 amountIn, uint256 amountOutMin, address[] path, address to, uint256 deadline)",,7099803,1,111829,14424727,0
10973905,0x2fb49555032413fa68b0b1e4abea476bb29fb39b89222d0ebc6747c1749207c0,1601604979,0x070f0094ab7ff3dbdaa8c0aa2215447c26a302ec2b8d9e666268da22514b96cc,266,0,0x710da7a06b0c66a18fed27dfa53d937c69ed3b2c,0x5e519a0a898f8b38a82083b02274c8c56911a4e6,0,21000,150000000000,0x,0x,,,21000,1,21000,14422742,0
10973910,0x887b72088cb881107e042d86f14ad020dd819cbd9083a1c8269ef6091fabb5cc,1601605030,0x9b67021e0fc07c7ac0996ce7ebef907b892306bcc68e79a459ed6c56d0ad944e,267,5,0x710da7a06b0c66a18fed27dfa53d937c69ed3b2c,0x5e519a0a898f8b38a82083b02274c8c56911a4e6,1233000000000000000000,21000,150000000000,0x,0x,,,246537,1,21000,14422737,0
10984654,0x495793f5fc1610ae1ee6fd7ede44edc5d0de92f2c166d2b9546f9e47d7389d49,1601751387,0x9182f82604e1b03767df76a5590192722a7ff2683d28b9f40fc501f93531eb43,268,9,0x710da7a06b0c66a18fed27dfa53d937c69ed3b2c,0x65475ed33c0b359e05b45c8e825b7bb59e9e5f90,560000000000000000,21000,150000000000,0x,0x,,,1181539,1,21000,14411993,0
10994883,0xf1ca0b055b7e74dfb07cdb7763be1c1d4d933dc1025aae467a19f1a7e100d4fa,1601889665,0xbc388b6667deea27c594ca46b1c9a84ddc0c2978351701acbad9f6d14db7a03c,269,150,0x710da7a06b0c66a18fed27dfa53d937c69ed3b2c,0xa7cdb1dce79482993bb4bff68b886fa4d9b3f234,2101110253507877,21000,61000000000,0x,0x,,,9821281,1,21000,14401764,0
