blockNumber,transactionIndex,timeStamp,hash,from,to,value,contractAddress,input,type,gas,gasUsed,traceId,isError,errCode
10747669,5,1598597896,0xa78f9abe143566147135e71a3320e45fa7875c570f58c4823a92302a037ffd18,0xa0c68c638235ee32657e8f720a23cec1bfc77c77,0x8484ef722627bf18ca5ae6bcf031c23e6e922b30,5000000000000000,,,call,40495,3363,0_2,0,
10747786,6,1598599640,0xbe59b55bbe633f9df30d16289a54d762d7f75f725a1631b40e5335747e6665cf,0x8484ef722627bf18ca5ae6bcf031c23e6e922b30,0xdcfae11c70f1575fab9d6bd389a6188ae5524a56,5000000000000000,,,call,2300,0,0_2_0_0,0,
10748360,5,1598606795,0x062d74e426e1f2849582172f08580c7983a7c19bc7453a24b860817eb4aafdbd,0xa0c68c638235ee32657e8f720a23cec1bfc77c77,0x8484ef722627bf18ca5ae6bcf031c23e6e922b30,500000000000000000,,,call,40495,3363,0_2,0,
10774333,5,1598950708,0x45f08d7c73cf498506aad7419301846511278a115bbe3c6e3be988a4ab24a03e,0xa0c68c638235ee32657e8f720a23cec1bfc77c77,0x8484ef722627bf18ca5ae6bcf031c23e6e922b30,5000000000000000000,,,call,40495,3363,0_2,0,
10781564,5,1599046769,0x5834e91f763fa4718eb5f739a47fd2931fb04323235ae9fa5d1c9e40a94dbdae,0xa0c68c638235ee32657e8f720a23cec1bfc77c77,0x8484ef722627bf18ca5ae6bcf031c23e6e922b30,5000000000000000000,,,call,40495,3363,0_2,0,
10793091,5,1599199029,0x4a08e2b0bfc1105813f64a13e6524d661fc08890d1fe082be389591423d20a43,0xa0c68c638235ee32657e8f720a23cec1bfc77c77,0x8484ef722627bf18ca5ae6bcf031c23e6e922b30,11808559432599564,,,call,3443,3363,0_2,0,
10793437,5,1599203265,0x1332f2cb8df35bea8ec33cdb26ed056d52e631fbf01fb770440c130938b6f9f6,0xa0c68c638235ee32657e8f720a23cec1bfc77c77,0x8484ef722627bf18ca5ae6bcf031c23e6e922b30,100000000000000000,,,call,3443,3363,0_2,0,
10802697,6,1599326066,0xf967cad0c630722a818832d74372ce8566a4b6fa9af5000b88030905e686df41,0x8484ef722627bf18ca5ae6bcf031c23e6e922b30,0xf3ad7a80c7debe37db5cee1e3ed45f31a5629e5e,100000000000000000,,,call,2300,0,0_2_0_0,0,
10812921,5,1599460710,0x0532eb0b96a2ca4c7653224323aa35899817c7dddb42605e3cc6a9776bf07e4a,0xa0c68c638235ee32657e8f720a23cec1bfc77c77,0x8484ef722627bf18ca5ae6bcf031c23e6e922b30,30000000000000000,,,call,3443,3363,0_2,0,
10817748,5,1599524727,0xf850a09a4171cb4bab0b1b9f0c54c9b31270f7116699e8eee1d3ec67773d0b7a,0xa0c68c638235ee32657e8f720a23cec1bfc77c77,0x8484ef722627bf18ca5ae6bcf031c23e6e922b30,1000000000000000000,,,call,40495,3363,0_2,0,
10820391,5,1599560274,0x343c5cf734477b72dd4c900a9c9d17d880dd74c61694c5b7e3f2576516d6de79,0xa0c68c638235ee32657e8f720a23cec1bfc77c77,0x8484ef722627bf18ca5ae6bcf031c23e6e922b30,2500000000000000000,,,call,40495,3363,0_2,0,
10834612,5,1599749120,0x55ff9d63f69660f0ac7a6f75a3a00564cd3b67bfad36ceb80ec78558189d9987,0xa0c68c638235ee32657e8f720a23cec1bfc77c77,0x8484ef722627bf18ca5ae6bcf031c23e6e922b30,100000000000000000,,,call,101881,3363,0_2,0,
10838089,5,1599794329,0xb695b1ed865b837aa250d6843cb53e55b7ebd724ae05f36f1c12a8dd01e18e56,0xa0c68c638235ee32657e8f720a23cec1bfc77c77,0x8484ef722627bf18ca5ae6bcf031c23e6e922b30,300000000000000000,,,call,40495,3363,0_2,0,
10840946,5,1599832322,0xe866a3e549a32f4992c02831c9d75f9bdb2a878bd4ea3fea95ea8ad24ae92a4e,0xa0c68c638235ee32657e8f720a23cec1bfc77c77,0x8484ef722627bf18ca5ae6bcf031c23e6e922b30,25000000000000000,,,call,3443,3363,0_2,0,
10850003,5,1599952206,0xff6b638fd666f1d9d1efe865e27646aca2ea2046bf6079a5210ac96530748b4c,0xa0c68c638235ee32657e8f720a23cec1bfc77c77,0x8484ef722627bf18ca5ae6bcf031c23e6e922b30,119000000000000000,,,call,3443,3363,0_2,0,
10851658,5,1599973832,0xa573a455b4eea7b505521c89f271f4267a9adc7daae6bba2524ca5b0867201b5,0xa0c68c638235ee32657e8f720a23cec1bfc77c77,0x8484ef722627bf18ca5ae6bcf031c23e6e922b30,10000000000000000,,,call,3443,3363,0_2,0,
10861608,5,1600106223,0x9ed952a0cf02ab38ebc38cc450b422fa26882364a9776fde33143ffbe2f862bb,0xa0c68c638235ee32657e8f720a23cec1bfc77c77,0x8484ef722627bf18ca5ae6bcf031c23e6e922b30,10000000000000000,,,call,3443,3363,0_2,0,
10861648,5,1600106708,0x1a67857d8a9806bd2d4c63480423c6d82b7e2357e1b7f2465b026ab554bb8b5b,0xa0c68c638235ee32657e8f720a23cec1bfc77c77,0x8484ef722627bf18ca5ae6bcf031c23e6e922b30,20000000000000000,,,call,3443,3363,0_2,0,
10861707,5,1600107613,0x0e02c79542443933955e12b611d74ae1a12d6ff29bf523140dc3e0b2340a2f65,0xa0c68c638235ee32657e8f720a23cec1bfc77c77,0x8484ef722627bf18ca5ae6bcf031c23e6e922b30,50000000000000000,,,call,3443,3363,0_2,0,
10861922,5,1600110348,0xe22a8472dd93d17fc7ef6e4b736b29ec34cedff3879ace20b9d667a1c3fb6643,0xa0c68c638235ee32657e8f720a23cec1bfc77c77,0x8484ef722627bf18ca5ae6bcf031c23e6e922b30,100000000000000000,,,call,3443,3363,0_2,0,
10864373,5,1600142934,0x27ba88bd700eb9469d6879c652fc0f3378494a752d05f4c56098a937bd65c432,0xa0c68c638235ee32657e8f720a23cec1bfc77c77,0x8484ef722627bf18ca5ae6bcf031c23e6e922b30,30000000000000000,,,call,3443,3363,0_2,0,
10864512,5,1600145124,0xd4b5612a1a731c8aa2f2fb2aa900c6fe7a570fc07f6ded5931b1b2fb3fb55f91,0xa0c68c638235ee32657e8f720a23cec1bfc77c77,0x8484ef722627bf18ca5ae6bcf031c23e6e922b30,10000000000000000,,,call,3443,3363,0_2,0,
10868179,5,1600193027,0x2dba89e21b198606056ea3da73b8c9209bbc9b542b8c53dec4da9181bbfd566d,0xa0c68c638235ee32657e8f720a23cec1bfc77c77,0x8484ef722627bf18ca5ae6bcf031c23e6e922b30,110000000000000000,,,call,3443,3363,0_2,0,
10868491,5,1600197264,0xe06b49b953e2e60f40a6df875bb214ee6edbe57b88e29518dc0aa79aae13521b,0xa0c68c638235ee32657e8f720a23cec1bfc77c77,0x8484ef722627bf18ca5ae6bcf031c23e6e922b30,50000000000000000,,,call,3443,3363,0_2,0,
10868697,5,1600199807,0x0d0d264aa25e9595dd639fff77dc63974f19d657b987f365051decc2bccda5a6,0xa0c68c638235ee32657e8f720a23cec1bfc77c77,0x8484ef722627bf18ca5ae6bcf031c23e6e922b30,110000000000000000,,,call,3443,3363,0_2,0,
10868885,5,1600202519,0xe90e1afa7ae1751c9148277bc38011b8080750cb463a699a8d57ee3d322df7ae,0xa0c68c638235ee32657e8f720a23cec1bfc77c77,0x8484ef722627bf18ca5ae6bcf031c23e6e922b30,10000000000000000000,,,call,3443,3363,0_2,0,
10868909,5,1600202858,0x975eeee174ae828a0050d785b45863038c51f3ca4b127b6314b03ed789709dec,0xa0c68c638235ee32657e8f720a23cec1bfc77c77,0x8484ef722627bf18ca5ae6bcf031c23e6e922b30,100000000000000000,,,call,3443,3363,0_2,0,
10868926,5,1600203090,0x3d585d4fa0b170cd30f05714427638243f789c5130b27de532522f8c1d398c75,0xa0c68c638235ee32657e8f720a23cec1bfc77c77,0x8484ef722627bf18ca5ae6bcf031c23e6e922b30,10000000000000000000,,,call,3443,3363,0_2,0,
10868961,5,1600203805,0x2c0d2d2279d1b93622870e829520991d9358b7cda167f7638ac9462b3c6ef014,0xa0c68c638235ee32657e8f720a23cec1bfc77c77,0x8484ef722627bf18ca5ae6bcf031c23e6e922b30,50000000000000000,,,call,3443,3363,0_2,0,
10868961,5,1600203805,0x8684fbce0d2a6557c81880d2cf6200acb9773614a18536f717ce3eeea10cb8df,0xa0c68c638235ee32657e8f720a23cec1bfc77c77,0x8484ef722627bf18ca5ae6bcf031c23e6e922b30,50000000000000000,,,call,3443,3363,0_2,0,
10872496,5,1600250319,0x05e8a191acc2c453a9cd7d0d0eca573fc47f993ce365bef9bb47766fe33e106c,0xa0c68c638235ee32657e8f720a23cec1bfc77c77,0x8484ef722627bf18ca5ae6bcf031c23e6e922b30,50000000000000000,,,call,3443,3363,0_2,0,
10873715,5,1600266825,0x34a28e6389ffd3513dca887f13a2c42f418d3f8b871298809c6826fc0e53dfc5,0xa0c68c638235ee32657e8f720a23cec1bfc77c77,0x8484ef722627bf18ca5ae6bcf031c23e6e922b30,100000000000000000,,,call,3443,3363,0_2,0,
10875675,5,1600293155,0xfd8f390c79fecf337a4df0c11c99eafba4ce2d26331ef66b0f17d0f84d11e7bd,0xa0c68c638235ee32657e8f720a23cec1bfc77c77,0x8484ef722627bf18ca5ae6bcf031c23e6e922b30,100000000000000000,,,call,3443,3363,0_2,0,
10875711,8,1600293720,0x486457f914767b155b3f5c03cc3ed04b98622670f3c275bf95b35b2e6a422413,0x8484ef722627bf18ca5ae6bcf031c23e6e922b30,0x683bcf3ecc5a6e2e99ff83f3300515a584108391,110000000000000000,,,call,2300,0,0_0_0_2_0_0,0,
10875824,8,1600295082,0x5fa42972dc7e698c087da804da46e3ed96213996c1df6f1c2487816e965ffc0f,0x8484ef722627bf18ca5ae6bcf031c23e6e922b30,0x6aeca9a564c210bab9d40bd6c8a41683d8d9cdba,50000000000000000,,,call,2300,0,0_0_0_2_0_0,0,
10884420,5,1600408791,0x5ac90690ab1b87db4a9400d349f09c967e09638fbb4cb1a2813c3f9bd294520f,0xa0c68c638235ee32657e8f720a23cec1bfc77c77,0x8484ef722627bf18ca5ae6bcf031c23e6e922b30,80000000000000000,,,call,3443,3363,0_2,0,
10887032,5,1600443874,0x0319894d7a4f2d03ea0bada515d6a617af4940f952a5a3aec8176f65b2c22a74,0xa0c68c638235ee32657e8f720a23cec1bfc77c77,0x8484ef722627bf18ca5ae6bcf031c23e6e922b30,20000000000000000000,,,call,40495,3363,0_2,0,
10887895,5,1600454866,0x6586ed8d6c8e686b29a618d2b13a72f7c261c351c6d4d0378c512aa5b0279c4c,0xa0c68c638235ee32657e8f720a23cec1bfc77c77,0x8484ef722627bf18ca5ae6bcf031c23e6e922b30,472342377303982540,,,call,3443,3363,0_2,0,
10892135,5,1600511375,0x4a9d853268f548ff3debd903e183081b1f7463c48dacfbdf4485d47493d2b78d,0xa0c68c638235ee32657e8f720a23cec1bfc77c77,0x8484ef722627bf18ca5ae6bcf031c23e6e922b30,1025000000000000000,,,call,3443,3363,0_2,0,
10893230,5,1600525938,0x9ab569ec5757b8b86ff2df0858c2257ac01aeec1fa2db95d09e6c939e447925f,0xa0c68c638235ee32657e8f720a23cec1bfc77c77,0x8484ef722627bf18ca5ae6bcf031c23e6e922b30,208000000000000000,,,call,3443,3363,0_2,0,
10894254,5,1600539368,0xd8fec9037c4ab4b440565b6dbbe9024d2853b38b276a39f333481b6bcf357097,0xa0c68c638235ee32657e8f720a23cec1bfc77c77,0x8484ef722627bf18ca5ae6bcf031c23e6e922b30,400000000000000000,,,call,3443,3363,0_2,0,
10898103,5,1600590461,0x482ad32babaee1acac4192e08a2fb9410fdbf3a98754eb9a568ad6ab3545ea7a,0xa0c68c638235ee32657e8f720a23cec1bfc77c77,0x8484ef722627bf18ca5ae6bcf031c23e6e922b30,124000000000000000,,,call,3443,3363,0_2,0,
10900916,5,1600626985,0x933de6b3f299ef032ebeed682b2f3fbe8875c0e897efd3b8151f3383e1530550,0xa0c68c638235ee32657e8f720a23cec1bfc77c77,0x8484ef722627bf18ca5ae6bcf031c23e6e922b30,80000000000000000,,,call,3443,3363,0_2,0,
10903801,5,1600665274,0x397cbb064dd26d1403136713fb09f61335cb26b106dea962d54c4739797f213b,0xa0c68c638235ee32657e8f720a23cec1bfc77c77,0x8484ef722627bf18ca5ae6bcf031c23e6e922b30,100000000000000000,,,call,3443,3363,0_2,0,
10905802,5,1600691841,0x6e49ddf81ebd64bba231fd3d344762ba90e9c81e1d815ba712fc00710383f9f8,0xa0c68c638235ee32657e8f720a23cec1bfc77c77,0x8484ef722627bf18ca5ae6bcf031c23e6e922b30,40000000000000000,,,call,3443,3363,0_2,0,
10907787,5,1600717271,0xf60047b24c1698e6db3b7659bdced15da49fac996f5e5f0cb2c05ae51d196435,0xa0c68c638235ee32657e8f720a23cec1bfc77c77,0x8484ef722627bf18ca5ae6bcf031c23e6e922b30,200000000000000000,,,call,3443,3363,0_2,0,
10911166,5,1600761944,0x044f41cc68bb0e9e8a183952ad33c7a2da65d1c033f8c44fcb6c330fec458e1f,0xa0c68c638235ee32657e8f720a23cec1bfc77c77,0x8484ef722627bf18ca5ae6bcf031c23e6e922b30,43843257108396656,,,call,3443,3363,0_2,0,
10911333,5,1600764300,0xceb067956e9907440db66f550217cbef21c20a1af31122a6001760bb56aa8041,0xa0c68c638235ee32657e8f720a23cec1bfc77c77,0x8484ef722627bf18ca5ae6bcf031c23e6e922b30,300000000000000000,,,call,3443,3363,0_2,0,
10912568,5,1600781399,0x42f60939081dfa9e82e6481960d664378f63038f8a25fccfa3d62c4f5f3eb3dd,0xa0c68c638235ee32657e8f720a23cec1bfc77c77,0x8484ef722627bf18ca5ae6bcf031c23e6e922b30,872882761803097,,,call,3443,3363,0_2,0,
10912610,5,1600781893,0x9bcf908647d8046d4adb387a2102007c87576f7bbfdac21500f4daebefdcf14c,0xa0c68c638235ee32657e8f720a23cec1bfc77c77,0x8484ef722627bf18ca5ae6bcf031c23e6e922b30,145534078632492600,,,call,3443,3363,0_2,0,
10913355,5,1600791681,0x10659a301fc6be20cd1a58a8951cfc2f67c83d5e470c3f66ab004ea772e4e5c4,0xa0c68c638235ee32657e8f720a23cec1bfc77c77,0x8484ef722627bf18ca5ae6bcf031c23e6e922b30,100000000000000000,,,call,3443,3363,0_2,0,
10913355,5,1600791681,0x3c603d4de79de43d9362923e50c0ef3888f0337700a73aa395c73114ce28580e,0xa0c68c638235ee32657e8f720a23cec1bfc77c77,0x8484ef722627bf18ca5ae6bcf031c23e6e922b30,100000000000000000,,,call,3443,3363,0_2,0,
10913680,5,1600796563,0x2add2930df328db336e3924d515e40360943bdc5e8b00d6751251be141d381e8,0xa0c68c638235ee32657e8f720a23cec1bfc77c77,0x8484ef722627bf18ca5ae6bcf031c23e6e922b30,150000000000000000,,,call,3443,3363,0_2,0,
10914089,5,1600801862,0xa0caeb0e0ff6211aabcaba195d424b42e0b6332a73e396b4e2288514ade4e8cf,0xa0c68c638235ee32657e8f720a23cec1bfc77c77,0x8484ef722627bf18ca5ae6bcf031c23e6e922b30,100000000000000000,,,call,3443,3363,0_2,0,
10914504,5,1600807518,0x75a484f050ca02483d317db611d32d2eea10f52d34f6d135b0ecd6e9a0eed06c,0xa0c68c638235ee32657e8f720a23cec1bfc77c77,0x8484ef722627bf18ca5ae6bcf031c23e6e922b30,50000000000000000,,,call,3443,3363,0_2,0,
10914540,5,1600808044,0x15554a62081c7b88f8bf3713fce43738edcc908ac13cd5291aeb454751fa406f,0xa0c68c638235ee32657e8f720a23cec1bfc77c77,0x8484ef722627bf18ca5ae6bcf031c23e6e922b30,30000000000000000,,,call,3443,3363,0_2,0,
10916167,5,1600829098,0xb870235b47343ff7c325376fe80805319448e9a1d1f8f3e2af5c1b3be0694efd,0xa0c68c638235ee32657e8f720a23cec1bfc77c77,0x8484ef722627bf18ca5ae6bcf031c23e6e922b30,5000000000000000000,,,call,3443,3363,0_2,0,
10916413,5,1600832337,0x5787f7274084f85c717238d659056792f11bc01860ddca1dcb27cb42fa15b797,0xa0c68c638235ee32657e8f720a23cec1bfc77c77,0x8484ef722627bf18ca5ae6bcf031c23e6e922b30,15000000000000000,,,call,3443,3363,0_2,0,
10917785,6,1600849577,0x7f3d02dc7511594a02c28864cfe1886c14dc789d648906e038f58568f6289bfa,0x8484ef722627bf18ca5ae6bcf031c23e6e922b30,0x3ef342908f3a8b20127bda3a11ad7a62adbfad5c,5000000000000000000,,,call,2300,0,0_2_0_0,0,
10920279,5,1600882893,0x067336f4270aef10479afc3773786df9239e136edec99bc88c9d555d2a51cbe5,0xa0c68c638235ee32657e8f720a23cec1bfc77c77,0x8484ef722627bf18ca5ae6bcf031c23e6e922b30,400000000000000000,,,call,3443,3363,0_2,0,
10920752,5,1600889781,0xa28cf340d40496a71b0def570d14533b04beb3ca325ca6c8f18b8a96e190b385,0xa0c68c638235ee32657e8f720a23cec1bfc77c77,0x8484ef722627bf18ca5ae6bcf031c23e6e922b30,30000000000000000000,,,call,3443,3363,0_2,0,
10920754,5,1600889802,0xd47f287d92ae5343ae8f8ff3cc183e6c51238c83a6b04fb9b2d095f555be4e64,0xa0c68c638235ee32657e8f720a23cec1bfc77c77,0x8484ef722627bf18ca5ae6bcf031c23e6e922b30,100000000000000000,,,call,3443,3363,0_2,0,
10920879,5,1600891529,0x8171f78985919a6f04bcac1f5428b67edeb555d666e97781fa5987156c5c58a9,0xa0c68c638235ee32657e8f720a23cec1bfc77c77,0x8484ef722627bf18ca5ae6bcf031c23e6e922b30,500000000000000000,,,call,3443,3363,0_2,0,
10923547,6,1600927384,0xad31717afce95056f00e78de9fc8fca9beb185035aa5305d33118e24c9c34363,0x8484ef722627bf18ca5ae6bcf031c23e6e922b30,0x6adf19594bc5cd86b4fab4ba1c2b8bc6a8e74ed3,100000000000000000,,,call,2300,0,0_2_0_0,0,
10926289,6,1600963076,0x940175b00d5fd475e75abdc33274e3364951d0d22ad38c617d8e616aa4faf2b1,0x8484ef722627bf18ca5ae6bcf031c23e6e922b30,0x64292d0fa72ce853739563061bf9f29ecaa7ec6d,2000000000000000000,,,call,2300,0,0_2_0_0,0,
10926333,5,1600963812,0x06aeea238dd8a53d22cb01484db4525d1b5d88d962b950ef9a42f07a980e86fb,0xa0c68c638235ee32657e8f720a23cec1bfc77c77,0x8484ef722627bf18ca5ae6bcf031c23e6e922b30,1000000000000000000,,,call,40495,3363,0_2,0,
10926403,5,1600964849,0x957f2b898c85105ef4c8a80357d6daf578c97cbcbddbe8f5e1afdf7be8427c14,0xa0c68c638235ee32657e8f720a23cec1bfc77c77,0x8484ef722627bf18ca5ae6bcf031c23e6e922b30,600000000000000000,,,call,3443,3363,0_2,0,
10926537,6,1600966664,0x60719542aed2bccfa5e974ca8dacbb96d9761eef1c20a2c5e22fbc76831141ff,0x8484ef722627bf18ca5ae6bcf031c23e6e922b30,0x64292d0fa72ce853739563061bf9f29ecaa7ec6d,1000000000000000000,,,call,2300,0,0_2_0_0,0,
10929177,5,1601001791,0x862f5db739c5337949855de52e262d545d2c7f401df6176a3fee25ddd80dd6f5,0xa0c68c638235ee32657e8f720a23cec1bfc77c77,0x8484ef722627bf18ca5ae6bcf031c23e6e922b30,120000000000000000000,,,call,40495,3363,0_2,0,
10931281,5,1601029429,0x739588be95334ae89d7cf6c2a54339b498ca8aa8a95747b34e1bb4cc72819077,0xa0c68c638235ee32657e8f720a23cec1bfc77c77,0x8484ef722627bf18ca5ae6bcf031c23e6e922b30,42700000000000000000,,,call,13287,3363,0_2,0,
10932838,5,1601050866,0x0022c95fb610d603f0b43079f804e7b7e83c69c2e6e134ec97ad396bdbf5cda3,0xa0c68c638235ee32657e8f720a23cec1bfc77c77,0x8484ef722627bf18ca5ae6bcf031c23e6e922b30,2000000000000000000,,,call,3443,3363,0_2,0,
10933195,5,1601055891,0x313c0006483675b2fbe17143442eabbb2179c64303b55070f8109b6d0ec1d553,0xa0c68c638235ee32657e8f720a23cec1bfc77c77,0x8484ef722627bf18ca5ae6bcf031c23e6e922b30,189000000000000000,,,call,3443,3363,0_2,0,
10933490,5,1601059614,0x1fd879b89b2bcb30819f615260e5efe742c5ee031ff585fde757b8cd3099cc38,0xa0c68c638235ee32657e8f720a23cec1bfc77c77,0x8484ef722627bf18ca5ae6bcf031c23e6e922b30,100000000000000000,,,call,3443,3363,0_2,0,
10933736,5,1601062856,0x9021ec8489c18c3d3fab29da1af09e44d9c54a7a3e7d72581e393ce17eadcdd2,0xa0c68c638235ee32657e8f720a23cec1bfc77c77,0x8484ef722627bf18ca5ae6bcf031c23e6e922b30,200000000000000000,,,call,3443,3363,0_2,0,
10934465,5,1601072842,0x3e2dac7bf250c5206a19360bfc7eedfbed7ab7f19c8fa73412b4ba56dec7c77c,0xa0c68c638235ee32657e8f720a23cec1bfc77c77,0x8484ef722627bf18ca5ae6bcf031c23e6e922b30,58764663778113310,,,call,3443,3363,0_2,0,
10935478,8,1601086058,0x0da298c2a60cb065c8703bb4cbfcd48198bc7cf41beb9acd8b9ea41d4691ca06,0x8484ef722627bf18ca5ae6bcf031c23e6e922b30,0x6aeca9a564c210bab9d40bd6c8a41683d8d9cdba,50000000000000000,,,call,2300,0,0_0_0_2_0_0,0,
10939177,8,1601136034,0x687f3398da36d01b4b108c5dfb29593b30bc9342243e5e18ea7b44fc62dd0ae1,0x8484ef722627bf18ca5ae6bcf031c23e6e922b30,0x63a4491dc73245e181c47bae0ae9d6627e56de55,8000000000000000000,,,call,2300,0,0_0_0_2_0_0,0,
10939271,5,1601137330,0xec91d68893eef51c5c7a8d1c24a8b8be027d4796f3686a3576047b8dc41c4529,0xa0c68c638235ee32657e8f720a23cec1bfc77c77,0x8484ef722627bf18ca5ae6bcf031c23e6e922b30,27000000000000000,,,call,3443,3363,0_2,0,
10939833,5,1601144747,0x72532f4b60fdc684fb2681e1d8dbad1f2e726e56418dff12c5d11a8644f69f24,0xa0c68c638235ee32657e8f720a23cec1bfc77c77,0x8484ef722627bf18ca5ae6bcf031c23e6e922b30,28307766423696062,,,call,3443,3363,0_2,0,
10940083,6,1601148357,0xb3d67161ba633c94953950d4fb3fbda35a68773c3b6090d84d5ba37b33028d59,0x8484ef722627bf18ca5ae6bcf031c23e6e922b30,0xf9233f8fee12fb86cd74a09e399bec0bddcc36cd,540000000000000000,,,call,2300,0,0_2_0_0,0,
10940674,5,1601156409,0x15d57f37042fb5d1910d8f8807f77f38cab6a83b52528db387516d55357be66d,0xa0c68c638235ee32657e8f720a23cec1bfc77c77,0x8484ef722627bf18ca5ae6bcf031c23e6e922b30,14080123814832597,,,call,3443,3363,0_2,0,
10943694,5,1601197345,0x4d1bdb4a1c85ce88645aa91b902f8f732d0b496a4aaee0b4e2bc831868bb0dda,0xa0c68c638235ee32657e8f720a23cec1bfc77c77,0x8484ef722627bf18ca5ae6bcf031c23e6e922b30,100000000000000000,,,call,3443,3363,0_2,0,
10943824,5,1601198975,0xb8c17f2845a94b1ee28a1f25dcb4cfd018df3e45a3e6c6fc5dbb64bd86400253,0xa0c68c638235ee32657e8f720a23cec1bfc77c77,0x8484ef722627bf18ca5ae6bcf031c23e6e922b30,15000000000000000,,,call,3443,3363,0_2,0,
10943879,5,1601199662,0x032bc50ef3bd3f3ba7b8b603332815085a4b4c6d020dabe04b1406bdd9d39692,0xa0c68c638235ee32657e8f720a23cec1bfc77c77,0x8484ef722627bf18ca5ae6bcf031c23e6e922b30,59000000000000000,,,call,3443,3363,0_2,0,
10943904,5,1601200066,0xc7779bb7ba64c8db0ba194f1364c6e2a7579dc75522cc0996f22365f250fb731,0xa0c68c638235ee32657e8f720a23cec1bfc77c77,0x8484ef722627bf18ca5ae6bcf031c23e6e922b30,14198941545780832,,,call,3443,3363,0_2,0,
10944836,5,1601212396,0x2b7abc6ad2737da5c1cc24ad405cb3b3bc78d1229d4e63b45cc8d8a7cbdb7f3f,0xa0c68c638235ee32657e8f720a23cec1bfc77c77,0x8484ef722627bf18ca5ae6bcf031c23e6e922b30,404000000000000000,,,call,3443,3363,0_2,0,
10945125,5,1601216406,0x0b6eb86dfb42fe7d484aaf5b36d04dba9caf2a2b4fda06dd89e699d6a0b2bafd,0xa0c68c638235ee32657e8f720a23cec1bfc77c77,0x8484ef722627bf18ca5ae6bcf031c23e6e922b30,32000000000000000,,,call,3443,3363,0_2,0,
10945347,5,1601219353,0x13653ae022b2dbda5e25f72fa6ddb75a38d25e09ed76588f4391bf17d70adf4b,0xa0c68c638235ee32657e8f720a23cec1bfc77c77,0x8484ef722627bf18ca5ae6bcf031c23e6e922b30,700000000000000000,,,call,3443,3363,0_2,0,
10945378,5,1601219721,0x626242458c10f3a461b928f2e0dbf4222755325dca34dfa86741d5104ffdc297,0xa0c68c638235ee32657e8f720a23cec1bfc77c77,0x8484ef722627bf18ca5ae6bcf031c23e6e922b30,310000000000000000,,,call,3443,3363,0_2,0,
10946426,6,1601234212,0x108fe167a5bbb63054a5a49c714527312acd9e2e72f5ec6146ad88b22ca364cc,0x8484ef722627bf18ca5ae6bcf031c23e6e922b30,0x383e9e5e161e9a8e72c6ab9b3525844792c6b5de,100000000000000000,,,call,2300,0,0_2_0_0,0,
10946818,5,1601239080,0xe3b6cc3a377552775a6d2667a247b915ac1014581736636781b765cd5efbf0d2,0xa0c68c638235ee32657e8f720a23cec1bfc77c77,0x8484ef722627bf18ca5ae6bcf031c23e6e922b30,50000000000000000,,,call,40489,3363,0_2,0,
10950163,5,1601284678,0xb3b3eb650c09649c442bbd9bf2b72915ff710b8bee6d67654676d54f436b8759,0xa0c68c638235ee32657e8f720a23cec1bfc77c77,0x8484ef722627bf18ca5ae6bcf031c23e6e922b30,180000000000000000,,,call,3443,3363,0_2,0,
10950184,5,1601284896,0x2fd735d1659e47d3746719a53c2a01b0882a05fec4797d317e09e81613429f09,0xa0c68c638235ee32657e8f720a23cec1bfc77c77,0x8484ef722627bf18ca5ae6bcf031c23e6e922b30,100000000000000000,,,call,3443,3363,0_2,0,
10951447,5,1601302554,0x4ddc9e46c6a1bf9d405664a0cab073226257ca936ce32bd345bba3bde46a4bd8,0xa0c68c638235ee32657e8f720a23cec1bfc77c77,0x8484ef722627bf18ca5ae6bcf031c23e6e922b30,305000000000000000,,,call,3444,3363,0_2,0,
10951887,5,1601308923,0x0504febe4f656d5238b228926f4f8fe4e5812d1911e0551f0a2333150d3d7b0e,0xa0c68c638235ee32657e8f720a23cec1bfc77c77,0x8484ef722627bf18ca5ae6bcf031c23e6e922b30,2279000000000000000,,,call,3443,3363,0_2,0,
10951976,5,1601310142,0x924ac0521ecc8a316e561361ca6d768689014ec713e9568f6ced011e6c4e6fec,0xa0c68c638235ee32657e8f720a23cec1bfc77c77,0x8484ef722627bf18ca5ae6bcf031c23e6e922b30,2500000000000000000,,,call,3443,3363,0_2,0,
10952069,6,1601311249,0x9f30b96e63d539dd0d39f512dac62027d13aa819ca75fa964e2c1493f3a1e525,0x8484ef722627bf18ca5ae6bcf031c23e6e922b30,0xb8add5d830509b9330ce9f72cc88c73c8ecd4c6f,237674970558887002,,,call,2300,0,0_2_0_0,0,
10952572,5,1601317788,0xd2c7f282dde7ae7bf86ac0b742fc40ac5eea71832e185d0d280eae02edb0398b,0xa0c68c638235ee32657e8f720a23cec1bfc77c77,0x8484ef722627bf18ca5ae6bcf031c23e6e922b30,100000000000,,,call,3443,3363,0_2,0,
10952642,6,1601318829,0x60ef256af309c67a4cdf47b19fc690c396862230c68bd1e6af33a7d56bb51bd3,0x8484ef722627bf18ca5ae6bcf031c23e6e922b30,0xad5402fc4642b84de24f3d17debf903e0e5be8f7,100000000000000000,,,call,2300,0,0_2_0_0,0,
10952804,5,1601321031,0xd3b1a06b9bf9b7a275b3f72e628ce4edb773d30eb4e6aeef3f94a66008180d7c,0xa0c68c638235ee32657e8f720a23cec1bfc77c77,0x8484ef722627bf18ca5ae6bcf031c23e6e922b30,24000000000000000,,,call,3443,3363,0_2,0,
10952991,5,1601323391,0xc7daa00cd55fe5e60a8fa947e8025b98e438f298c745211ae48d80d65e3b1c44,0xa0c68c638235ee32657e8f720a23cec1bfc77c77,0x8484ef722627bf18ca5ae6bcf031c23e6e922b30,500000000000000000,,,call,3443,3363,0_2,0,
10953476,5,1601329891,0x74f87a2f279b5ec59c5da4494b4ae51903171f80048889cc117c56829c1ebff9,0xa0c68c638235ee32657e8f720a23cec1bfc77c77,0x8484ef722627bf18ca5ae6bcf031c23e6e922b30,30000000000000000,,,call,3443,3363,0_2,0,
10954274,5,1601340431,0x3f781907955c7fe231ab506c72797ba818646889465d48c94fdeb821ea78d61e,0xa0c68c638235ee32657e8f720a23cec1bfc77c77,0x8484ef722627bf18ca5ae6bcf031c23e6e922b30,95000000000000000,,,call,3443,3363,0_2,0,
10955324,5,1601354640,0x08401eb4983d7918f8253de15b15fc4e68f3134a98806d83528256a26aa9b83d,0xa0c68c638235ee32657e8f720a23cec1bfc77c77,0x8484ef722627bf18ca5ae6bcf031c23e6e922b30,29000000000000000,,,call,3443,3363,0_2,0,
10956176,5,1601365979,0x1e16610a8383d5fecd3a09307518a93f06310a583cab72159647b97aa200c263,0xa0c68c638235ee32657e8f720a23cec1bfc77c77,0x8484ef722627bf18ca5ae6bcf031c23e6e922b30,1000000000000000,,,call,3443,3363,0_2,0,
10957471,5,1601383199,0x91d7d496ad6c225da42121bc783f10ec547425360747a47132b781f5e6764ade,0xa0c68c638235ee32657e8f720a23cec1bfc77c77,0x8484ef722627bf18ca5ae6bcf031c23e6e922b30,5000000000000000,,,call,3443,3363,0_2,0,
10959215,5,1601407608,0x63f8ebf75d4b7a0aefa85e54d0d50cd2f7aa5fa6a0d8a09a5a126378a169ee3d,0xa0c68c638235ee32657e8f720a23cec1bfc77c77,0x8484ef722627bf18ca5ae6bcf031c23e6e922b30,32000000000000000,,,call,3443,3363,0_2,0,
10959365,5,1601409390,0x0689d0f5db87330543e068df3715c7b23fa1c1c614575a34b352eb8d99aa4197,0xa0c68c638235ee32657e8f720a23cec1bfc77c77,0x8484ef722627bf18ca5ae6bcf031c23e6e922b30,50000000000000000,,,call,3443,3363,0_2,0,
10959546,6,1601411950,0x88d9fade9b98eed9a9fda613626848d1189274d28443fc9eda42b2d2fd556109,0x8484ef722627bf18ca5ae6bcf031c23e6e922b30,0x71d5e87d6ab50796964f938a161d797117d95276,50000000000000000,,,call,2300,0,0_2_0_0,0,
10961042,5,1601431484,0xf4cfbb2b9979912fe2a8de822770375de34548516b826f367a17d5883c4634cb,0xa0c68c638235ee32657e8f720a23cec1bfc77c77,0x8484ef722627bf18ca5ae6bcf031c23e6e922b30,14318945317655757,,,call,3443,3363,0_2,0,
10962308,5,1601449256,0x707f541d76e23aca2c64ef0a3ee0559aebeab44b0a5a1c42994e92f627395e9b,0xa0c68c638235ee32657e8f720a23cec1bfc77c77,0x8484ef722627bf18ca5ae6bcf031c23e6e922b30,300000000000000000,,,call,3443,3363,0_2,0,
10963066,5,1601459861,0x4887cc3ec717f898291a91ee5fa2e72bd2ba502844072a887c1110b31f887030,0xa0c68c638235ee32657e8f720a23cec1bfc77c77,0x8484ef722627bf18ca5ae6bcf031c23e6e922b30,200000000000000000,,,call,3443,3363,0_2,0,
10963265,5,1601462483,0x851e2ae27fa4ce23e05727875754eda970715e9c8095a8fa66ba99420b5a59b2,0xa0c68c638235ee32657e8f720a23cec1bfc77c77,0x8484ef722627bf18ca5ae6bcf031c23e6e922b30,2170000000000000000,,,call,3443,3363,0_2,0,
10963302,5,1601463053,0xea5cb17c60520b352d73fe0e19edbdbd8e5cbd528c3b94b1798b7fb006880295,0xa0c68c638235ee32657e8f720a23cec1bfc77c77,0x8484ef722627bf18ca5ae6bcf031c23e6e922b30,56000000000000000,,,call,3443,3363,0_2,0,
10963340,5,1601463506,0xae448b0e8be0df16bc3e2f715f643e1bdb19f3feb6f981b42281e775032ca019,0xa0c68c638235ee32657e8f720a23cec1bfc77c77,0x8484ef722627bf18ca5ae6bcf031c23e6e922b30,196000000000000000,,,call,3443,3363,0_2,0,
10963404,5,1601464392,0x16f8ec906cc5490b694c04858002e4d66d061a22ba9e37cd2c56607461a68319,0xa0c68c638235ee32657e8f720a23cec1bfc77c77,0x8484ef722627bf18ca5ae6bcf031c23e6e922b30,1085000000000000000,,,call,3443,3363,0_2,0,
10963410,5,1601464541,0x1b62c118d4b2f90ecf1d20613ed66d87067029ea2b326f2113556da52b7b3532,0xa0c68c638235ee32657e8f720a23cec1bfc77c77,0x8484ef722627bf18ca5ae6bcf031c23e6e922b30,488000000000000000,,,call,3443,3363,0_2,0,
10963556,5,1601466480,0x8eb4a645c2dded572894affb94093e75dc209975a1150d06dcc89b2296261790,0xa0c68c638235ee32657e8f720a23cec1bfc77c77,0x8484ef722627bf18ca5ae6bcf031c23e6e922b30,1562210177334115700,,,call,3443,3363,0_2,0,
10963612,5,1601467293,0xf094091c96461cdbd759b51b43bb4e426c14b25bfbb96d401ae404842685ac27,0xa0c68c638235ee32657e8f720a23cec1bfc77c77,0x8484ef722627bf18ca5ae6bcf031c23e6e922b30,23000000000000000,,,call,3443,3363,0_2,0,
10963613,5,1601467294,0xe3ff4e90f34d2b7d9937d4934e1ef0a03d39fb667b7f9086c6f8e8f6887b2b4c,0xa0c68c638235ee32657e8f720a23cec1bfc77c77,0x8484ef722627bf18ca5ae6bcf031c23e6e922b30,2000000000000000000,,,call,3443,3363,0_2,0,
10963644,5,1601467623,0xcac240b868146a6c7b39e54164ddb249a2525237535f3f9100b5fdfa13503e9d,0xa0c68c638235ee32657e8f720a23cec1bfc77c77,0x8484ef722627bf18ca5ae6bcf031c23e6e922b30,27000000000000000,,,call,3443,3363,0_2,0,
10963723,5,1601468668,0x8ddc500ba070576b07daa6cc89213b0777b63ac950546a85e45c80864e921ae9,0xa0c68c638235ee32657e8f720a23cec1bfc77c77,0x8484ef722627bf18ca5ae6bcf031c23e6e922b30,5000000000000000000,,,call,3443,3363,0_2,0,
10963778,5,1601469350,0xfc910c4c621636c62030ac60d6d336f867659638cf2b153076e0267b08d9d773,0xa0c68c638235ee32657e8f720a23cec1bfc77c77,0x8484ef722627bf18ca5ae6bcf031c23e6e922b30,431000720438153350,,,call,3443,3363,0_2,0,
10963814,5,1601469755,0x3f4a9c1dca0f16949071695b7045f44fb34a63ee5739306a97fbeb476ca0d7be,0xa0c68c638235ee32657e8f720a23cec1bfc77c77,0x8484ef722627bf18ca5ae6bcf031c23e6e922b30,100000000000000000,,,call,3443,3363,0_2,0,
10963869,5,1601470403,0xfaf80b23d95c0fee77171dd8933b905e78d4e19f4b93613667c2ca73d0fbe378,0xa0c68c638235ee32657e8f720a23cec1bfc77c77,0x8484ef722627bf18ca5ae6bcf031c23e6e922b30,10000000000000000,,,call,3443,3363,0_2,0,
10963876,5,1601470500,0xbc9fd50fecdbfcdf30bbdba4a0919dc6d7a377c19aa80e673a06330c811a0bf0,0xa0c68c638235ee32657e8f720a23cec1bfc77c77,0x8484ef722627bf18ca5ae6bcf031c23e6e922b30,1539000000000000000,,,call,3443,3363,0_2,0,
10963878,6,1601470526,0x51c3142a2ed0c6a219120884f1b62c11e2be83a740658000f8614a3c183e6b79,0x8484ef722627bf18ca5ae6bcf031c23e6e922b30,0x443b29e221b54f7be8c0805859f57028cff0a1ca,56000000000000000,,,call,2300,0,0_2_0_0,0,
10963907,5,1601470922,0x42bd31bef95f48af9dd8a6e4bf9ffac5a39b4522c002e547fa19b2d8d8dcf458,0xa0c68c638235ee32657e8f720a23cec1bfc77c77,0x8484ef722627bf18ca5ae6bcf031c23e6e922b30,3000000000000000,,,call,3443,3363,0_2,0,
10963947,5,1601471359,0xee5c5e36cd444e4eff9e4f7571610c1861fcf871b47645dcc9e669bd0bc6d49a,0xa0c68c638235ee32657e8f720a23cec1bfc77c77,0x8484ef722627bf18ca5ae6bcf031c23e6e922b30,1406983991306346900,,,call,13287,3363,0_2,0,
10963971,5,1601471695,0x777c85fb494aa8c0d11eeb0c317d9e8441eb0d7f8de38bd660597a979d503389,0xa0c68c638235ee32657e8f720a23cec1bfc77c77,0x8484ef722627bf18ca5ae6bcf031c23e6e922b30,100000000000000000,,,call,3443,3363,0_2,0,
10963996,5,1601471940,0x816b47fb52c3d9e575dc47b0b4bf4b99e0a7e613e8cee1f467581a4823cc06c5,0xa0c68c638235ee32657e8f720a23cec1bfc77c77,0x8484ef722627bf18ca5ae6bcf031c23e6e922b30,10000000000000000,,,call,3443,3363,0_2,0,
10964002,5,1601472065,0x679c36af6c7530d46e3d6138073283715d13e8f18351203f61f29830b4fb9500,0xa0c68c638235ee32657e8f720a23cec1bfc77c77,0x8484ef722627bf18ca5ae6bcf031c23e6e922b30,84445562905533100,,,call,3443,3363,0_2,0,
10964003,5,1601472081,0x76b1f008f20028d66b30a7069ed0bc34be472b196c3f7825a146d1f308176870,0xa0c68c638235ee32657e8f720a23cec1bfc77c77,0x8484ef722627bf18ca5ae6bcf031c23e6e922b30,1500000000000000000,,,call,3443,3363,0_2,0,
10964021,5,1601472467,0x55dc9e383de9a78a6fe813ad9e19168f53bc45c80a59e9a1c0b7b1c99fbd0796,0xa0c68c638235ee32657e8f720a23cec1bfc77c77,0x8484ef722627bf18ca5ae6bcf031c23e6e922b30,20000000000000000,,,call,27777,3363,0_2,0,
10964044,5,1601472762,0x09d7bebab42cbc86afafab4ff935cc09638dfd9bca83caf8c757aa3137611d3b,0xa0c68c638235ee32657e8f720a23cec1bfc77c77,0x8484ef722627bf18ca5ae6bcf031c23e6e922b30,91555879302178980,,,call,3443,3363,0_2,0,
10964049,5,1601472839,0x6f493f60714ec5cc89ba2c2fe3f1b43a4a009803ba16a3e368bcd7bc5cc4cd98,0xa0c68c638235ee32657e8f720a23cec1bfc77c77,0x8484ef722627bf18ca5ae6bcf031c23e6e922b30,50000000000000000,,,call,3443,3363,0_2,0,
10964093,5,1601473467,0x1241b93980b5eebce1981aade848392a4d0c23c2fd1e9cc9e8532d107b181f9c,0xa0c68c638235ee32657e8f720a23cec1bfc77c77,0x8484ef722627bf18ca5ae6bcf031c23e6e922b30,700000000000000000,,,call,3443,3363,0_2,0,
10964107,5,1601473704,0x1c70757d178ff37a4db0248a95c53045b4ad31ca79be99c797f872d88f68a50d,0xa0c68c638235ee32657e8f720a23cec1bfc77c77,0x8484ef722627bf18ca5ae6bcf031c23e6e922b30,300000000000000000,,,call,3443,3363,0_2,0,
10964107,5,1601473704,0x57fd9f17c6ae5017897c53578ea2cce566c5bb2e52541eed77124cdeb8109d52,0xa0c68c638235ee32657e8f720a23cec1bfc77c77,0x8484ef722627bf18ca5ae6bcf031c23e6e922b30,16877994436756996000,,,call,3443,3363,0_2,0,
10964134,5,1601474095,0x363852a870888b1ac4e8a1c224963a793ee5c537c0f77dcb4436a0389fdea3c8,0xa0c68c638235ee32657e8f720a23cec1bfc77c77,0x8484ef722627bf18ca5ae6bcf031c23e6e922b30,500000000000000000,,,call,3443,3363,0_2,0,
10964172,5,1601474460,0xa094005031253bb378487cc47902a027d71af47a9e8b0bff09656111b457c00d,0xa0c68c638235ee32657e8f720a23cec1bfc77c77,0x8484ef722627bf18ca5ae6bcf031c23e6e922b30,3510000000000000000,,,call,3443,3363,0_2,0,
10964192,5,1601474790,0xd785ada964288982045257ffa7429242cccfd158a0a84b335b4d2c58b5e0a367,0xa0c68c638235ee32657e8f720a23cec1bfc77c77,0x8484ef722627bf18ca5ae6bcf031c23e6e922b30,794000000000000000,,,call,3443,3363,0_2,0,
10964205,5,1601474934,0x52fd34f21559135519a13dc087e2187bc109d4df9b2aa0de5f4d966882fb128a,0xa0c68c638235ee32657e8f720a23cec1bfc77c77,0x8484ef722627bf18ca5ae6bcf031c23e6e922b30,1610000000000000000,,,call,3443,3363,0_2,0,
10964228,5,1601475250,0x348727ab3e55c5130f8154de35b879df603d8f9f6c548358cf3a0ba43508d92f,0xa0c68c638235ee32657e8f720a23cec1bfc77c77,0x8484ef722627bf18ca5ae6bcf031c23e6e922b30,90000000000000000,,,call,3443,3363,0_2,0,
10964237,5,1601475395,0xe56065e09050094d82319468fcafdd375a887265ed1b706eb20132036e22126d,0xa0c68c638235ee32657e8f720a23cec1bfc77c77,0x8484ef722627bf18ca5ae6bcf031c23e6e922b30,30000000000000000,,,call,3443,3363,0_2,0,
10964246,5,1601475484,0x2a5a12175f1b089b96b8570d61afba9e130f6e2ff3ba608168a749e1dcb7096a,0xa0c68c638235ee32657e8f720a23cec1bfc77c77,0x8484ef722627bf18ca5ae6bcf031c23e6e922b30,300000000000000000,,,call,3443,3363,0_2,0,
10964250,5,1601475530,0x638670b1240d50355baf4f7e5cc279696c7ed6fccb87bd8bd7618697ff1d9edf,0xa0c68c638235ee32657e8f720a23cec1bfc77c77,0x8484ef722627bf18ca5ae6bcf031c23e6e922b30,400000000000000000,,,call,3443,3363,0_2,0,
10964259,5,1601475720,0x6c4bccfbb12e4a8d1b022883bfda35f78385f0eb3b0aa26cbc3f687694b53b74,0xa0c68c638235ee32657e8f720a23cec1bfc77c77,0x8484ef722627bf18ca5ae6bcf031c23e6e922b30,181000000000000000,,,call,3443,3363,0_2,0,
10964290,5,1601476025,0x8fc22ff787f10deda8617f335f94766639c273ccdf8559b02c474a638dcaefba,0xa0c68c638235ee32657e8f720a23cec1bfc77c77,0x8484ef722627bf18ca5ae6bcf031c23e6e922b30,1000000000000000000,,,call,3443,3363,0_2,0,
10964303,5,1601476229,0x2bca5336934701dd4058aa5f1ea35b1d70682d82c501591cda7ba391caf0d3f0,0xa0c68c638235ee32657e8f720a23cec1bfc77c77,0x8484ef722627bf18ca5ae6bcf031c23e6e922b30,161000000000000000,,,call,3443,3363,0_2,0,
10964312,5,1601476348,0x6c23300be2fe5f0aae64034b2ee84f93ebd14671e314caf5480c096d70b01027,0xa0c68c638235ee32657e8f720a23cec1bfc77c77,0x8484ef722627bf18ca5ae6bcf031c23e6e922b30,35000000000000000,,,call,3443,3363,0_2,0,
10964317,5,1601476396,0xfe9f6411b5daf7149162754419d372877bbe1dc596a1d5d04e0263ede201db66,0xa0c68c638235ee32657e8f720a23cec1bfc77c77,0x8484ef722627bf18ca5ae6bcf031c23e6e922b30,100000000000000000,,,call,3443,3363,0_2,0,
10964326,5,1601476517,0x5a4bd106ceff8817bc4db3b4963f02f9656bef0a10bc990e7adbde842646d3dd,0xa0c68c638235ee32657e8f720a23cec1bfc77c77,0x8484ef722627bf18ca5ae6bcf031c23e6e922b30,100000000000000000,,,call,3443,3363,0_2,0,
10964335,5,1601476698,0xc0cc87b6fa8cc012147c8b9b29b2b182b4709eec6deda196008f0f72c684ac77,0xa0c68c638235ee32657e8f720a23cec1bfc77c77,0x8484ef722627bf18ca5ae6bcf031c23e6e922b30,176000000000000000,,,call,3443,3363,0_2,0,
10964338,5,1601476743,0xd58d0e9e4268b6bb7e4cf15751f35e405b87b67c58dc1bdc187580952f6c721f,0xa0c68c638235ee32657e8f720a23cec1bfc77c77,0x8484ef722627bf18ca5ae6bcf031c23e6e922b30,489000000000000000,,,call,3443,3363,0_2,0,
10964340,5,1601476761,0xf920e496ea22019d7b2c1b540383fadede3fb7f02a90431be92c74fc30e8d878,0xa0c68c638235ee32657e8f720a23cec1bfc77c77,0x8484ef722627bf18ca5ae6bcf031c23e6e922b30,75000000000000000,,,call,3443,3363,0_2,0,
10964351,5,1601476878,0xb5d217042f2db34ad5d85578f0e92fe687a4b09f9d4420a7be250a2a3392c1d0,0xa0c68c638235ee32657e8f720a23cec1bfc77c77,0x8484ef722627bf18ca5ae6bcf031c23e6e922b30,284000000000000000,,,call,3443,3363,0_2,0,
10964352,5,1601476879,0xca0bf5968c4267c0d760dd7d820e2462365ed5f493da39d429f47f2aa850c125,0xa0c68c638235ee32657e8f720a23cec1bfc77c77,0x8484ef722627bf18ca5ae6bcf031c23e6e922b30,105000000000000000,,,call,3443,3363,0_2,0,
10964353,5,1601476883,0xea42d7c8c54b8723b09ce90cab86500e3b5f09484981fe36c1a795e9f28ae298,0xa0c68c638235ee32657e8f720a23cec1bfc77c77,0x8484ef722627bf18ca5ae6bcf031c23e6e922b30,100000000000000000,,,call,3443,3363,0_2,0,
10964354,5,1601476895,0x95f5ccfb7ce714b2590e1daed495aba4cce9706fec602484826cd463336a55e3,0xa0c68c638235ee32657e8f720a23cec1bfc77c77,0x8484ef722627bf18ca5ae6bcf031c23e6e922b30,25000000000000000,,,call,3443,3363,0_2,0,
10964374,5,1601477240,0xfebb64ad083c40b6d20de52b25d893da08e85c23f40c9ff30ac657838b59e777,0xa0c68c638235ee32657e8f720a23cec1bfc77c77,0x8484ef722627bf18ca5ae6bcf031c23e6e922b30,92635332125380890,,,call,3443,3363,0_2,0,
10964375,5,1601477248,0x93e0daa16f64841aec2e667f818c71861b2c6a31f72b965f97124304173ea775,0xa0c68c638235ee32657e8f720a23cec1bfc77c77,0x8484ef722627bf18ca5ae6bcf031c23e6e922b30,737000000000000000,,,call,3443,3363,0_2,0,
10964387,5,1601477421,0x379929b645b8118448b043a58520bfaf4e124f34f5617c49f8ff9344ae384ba1,0xa0c68c638235ee32657e8f720a23cec1bfc77c77,0x8484ef722627bf18ca5ae6bcf031c23e6e922b30,200000000000000000,,,call,3443,3363,0_2,0,
10964392,5,1601477484,0xe8e1777913e2de67940e1c326cb9ead58d887c2bbe0577ba3e6cf5fbdc8ce0aa,0xa0c68c638235ee32657e8f720a23cec1bfc77c77,0x8484ef722627bf18ca5ae6bcf031c23e6e922b30,100000000000000000,,,call,3443,3363,0_2,0,
10964405,5,1601477654,0xf12245ef2f2cf7b4afd74cfd24167486d2ad472b2682ad421131046c7f777663,0xa0c68c638235ee32657e8f720a23cec1bfc77c77,0x8484ef722627bf18ca5ae6bcf031c23e6e922b30,5000000000000000000,,,call,3443,3363,0_2,0,
10964406,5,1601477663,0x229f59f59aadf872062adf68fe442d5fb5fb99bff080d99dbb4103dc454158ee,0xa0c68c638235ee32657e8f720a23cec1bfc77c77,0x8484ef722627bf18ca5ae6bcf031c23e6e922b30,322000000000000000,,,call,3443,3363,0_2,0,
10964436,6,1601478031,0x5c86823a0bb50dbe4c9cd58193b72a7837ac2101828ec0931ea1b9045e53fda1,0x8484ef722627bf18ca5ae6bcf031c23e6e922b30,0x3c0fa0643322feff1b54c3b19de6aa6fa2e1fa03,10000000000000000,,,call,2300,0,0_2_0_0,0,
10964445,5,1601478135,0xbe7610e4ad81a2971757e284582eafdaa9c680a934a12d3af80084f1dbe23e4a,0xa0c68c638235ee32657e8f720a23cec1bfc77c77,0x8484ef722627bf18ca5ae6bcf031c23e6e922b30,1560000000000000000,,,call,3443,3363,0_2,0,
10964445,5,1601478135,0x3fe47ebdbe48784d05e3f3150cc706d8182abdd2120766553f06eef320949239,0xa0c68c638235ee32657e8f720a23cec1bfc77c77,0x8484ef722627bf18ca5ae6bcf031c23e6e922b30,21000000000000000,,,call,3443,3363,0_2,0,
10964448,5,1601478195,0x85a8082a9525c7a527a4c96d0aa5701bdf71250ea416526f4831d836c29dd056,0xa0c68c638235ee32657e8f720a23cec1bfc77c77,0x8484ef722627bf18ca5ae6bcf031c23e6e922b30,193000000000000000,,,call,3443,3363,0_2,0,
10964460,5,1601478352,0x822c6be122a5eb279e51bba4f672fbd77d118b3c48c6cf432540be93e343cc13,0xa0c68c638235ee32657e8f720a23cec1bfc77c77,0x8484ef722627bf18ca5ae6bcf031c23e6e922b30,3035531920021006000,,,call,3443,3363,0_2,0,
10964472,5,1601478527,0x9d6be53907cf780ea0b1119b704a1eea1437d5b54d08afba705a5cb73d6c1c1f,0xa0c68c638235ee32657e8f720a23cec1bfc77c77,0x8484ef722627bf18ca5ae6bcf031c23e6e922b30,18000000000000000000,,,call,3443,3363,0_2,0,
10964479,5,1601478596,0x437c756cdef440743d1d7ddaf8cb7f0494b55ed9f96819431c43496e175aaf60,0xa0c68c638235ee32657e8f720a23cec1bfc77c77,0x8484ef722627bf18ca5ae6bcf031c23e6e922b30,200000000000000000,,,call,3443,3363,0_2,0,
10964483,5,1601478661,0x7bea43373c4ac93fcd3f594b5284f049f996529c278e8d6288d275071a3f2d3c,0xa0c68c638235ee32657e8f720a23cec1bfc77c77,0x8484ef722627bf18ca5ae6bcf031c23e6e922b30,20000000000000000000,,,call,3443,3363,0_2,0,
10964492,5,1601478737,0xc2391aa7b5802966a4add07bb69b4a3251edb38de7010a053c635ed5fdc2aae9,0xa0c68c638235ee32657e8f720a23cec1bfc77c77,0x8484ef722627bf18ca5ae6bcf031c23e6e922b30,324000000000000000,,,call,3443,3363,0_2,0,
10964500,5,1601478909,0x856b60c144e55be3d93cafd6a11e14c6255e64b56b169a7e335600b5fe3b4ec7,0xa0c68c638235ee32657e8f720a23cec1bfc77c77,0x8484ef722627bf18ca5ae6bcf031c23e6e922b30,30000000000000000000,,,call,3443,3363,0_2,0,
10964502,5,1601478915,0x7a54b26b3ec329fb94b9cb0d9f2f58518b2eb7886ca60198267baad4cea6ed9b,0xa0c68c638235ee32657e8f720a23cec1bfc77c77,0x8484ef722627bf18ca5ae6bcf031c23e6e922b30,16000000000000000,,,call,3443,3363,0_2,0,
10964503,6,1601478916,0x09a200e4ddfa00c124e4ff38330a210a8a2044855e06f2104a835e62270fdf0f,0x8484ef722627bf18ca5ae6bcf031c23e6e922b30,0x2d4ba7a9549614ad55f3acc6f58df68cb97065be,2279000000000000000,,,call,2300,0,0_2_0_0,0,
10964511,5,1601479005,0x7b909e28ce4bd08f51ee246a9f4ee29202933ccf3303b43993dbca0c5c5c571d,0xa0c68c638235ee32657e8f720a23cec1bfc77c77,0x8484ef722627bf18ca5ae6bcf031c23e6e922b30,140572822557951700,,,call,3443,3363,0_2,0,
10964534,5,1601479370,0x564696061d68cf05e098e0946b7777e452f6d8ca00b15658d9c0914d49ea559e,0xa0c68c638235ee32657e8f720a23cec1bfc77c77,0x8484ef722627bf18ca5ae6bcf031c23e6e922b30,78000000000000000,,,call,3443,3363,0_2,0,
10964544,6,1601479459,0x4666055f4b77463da63c6ac7620978f558648a19d0d38941d2a3e1eb06c368f4,0x8484ef722627bf18ca5ae6bcf031c23e6e922b30,0x08e47122f5bc6cf8f661481fc001f2bfc082443f,180000000000000000,,,call,2300,0,0_2_0_0,0,
10964547,6,1601479478,0xbbb50e37df167f7c1cde88c24573337970d338b0275318639f7be36dd20267a8,0x8484ef722627bf18ca5ae6bcf031c23e6e922b30,0x93c825047269b88c82ff6b185a4d652b9effcf9a,35000000000000000,,,call,2300,0,0_2_0_0,0,
10964548,5,1601479501,0x06bc516c63efe23135c71f1f486893dd780232ad53e9880292876fc0a709c052,0xa0c68c638235ee32657e8f720a23cec1bfc77c77,0x8484ef722627bf18ca5ae6bcf031c23e6e922b30,92219000000000000000,,,call,3443,3363,0_2,0,
10964560,5,1601479715,0x575331a474c7d2676edb3e346039045c84bf34efa28542d8f4dc3a35cf5fa247,0xa0c68c638235ee32657e8f720a23cec1bfc77c77,0x8484ef722627bf18ca5ae6bcf031c23e6e922b30,1000000000000000000,,,call,3443,3363,0_2,0,
10964562,6,1601479745,0xe853830d549a2e6f048b2c084af30b320ce3dd8a7441cab2d73255c5505d5efe,0x8484ef722627bf18ca5ae6bcf031c23e6e922b30,0x9b072daf558fb87322fbb1877eb6724d5e0b9129,300000000000000000,,,call,2300,0,0_2_0_0,0,
10964562,5,1601479745,0x5c9cd68cbc963d562459de4695146508eaa9180d49c040e342ae94a541b75e40,0xa0c68c638235ee32657e8f720a23cec1bfc77c77,0x8484ef722627bf18ca5ae6bcf031c23e6e922b30,409000000000000000,,,call,3443,3363,0_2,0,
10964576,6,1601479898,0xc2fbca165244c963d7cb8917641104c91e36c5962d948bb02d99e0c42e8b41f0,0x8484ef722627bf18ca5ae6bcf031c23e6e922b30,0x5029ddc9cb481fd57c020175e1d2448666807192,1500000000000000000,,,call,2300,0,0_2_0_0,0,
10964579,5,1601479933,0xfc3d752364a3cadb53f6b97de50e3476dc6475f29a3beef3e5f26f8e9d99a2c1,0xa0c68c638235ee32657e8f720a23cec1bfc77c77,0x8484ef722627bf18ca5ae6bcf031c23e6e922b30,140356563826334680,,,call,3443,3363,0_2,0,
10964624,5,1601480585,0x118d1392eac94b91ce5f952be15b0ccf4e153027e32f572119bd3f9973fee184,0xa0c68c638235ee32657e8f720a23cec1bfc77c77,0x8484ef722627bf18ca5ae6bcf031c23e6e922b30,182000000000000000,,,call,3443,3363,0_2,0,
10964626,5,1601480601,0x822bbd3b3fd536f626fb5b087903f1b4b1aa402798db130b10b3e066b2d7a08d,0xa0c68c638235ee32657e8f720a23cec1bfc77c77,0x8484ef722627bf18ca5ae6bcf031c23e6e922b30,40000000000000000,,,call,3443,3363,0_2,0,
10964628,6,1601480648,0xbba515637f61efbf92e519de36a674218ee2bad306b17506949b4b4c32d6e097,0x8484ef722627bf18ca5ae6bcf031c23e6e922b30,0xfca1430f46267ae2e44d52831dcda37058c5860a,16877994436756996000,,,call,2300,0,0_2_0_0,0,
10964637,5,1601480757,0xf581579011c7474aac6e1906d87fb741864e4425e14807ef4c760445f3d260b1,0xa0c68c638235ee32657e8f720a23cec1bfc77c77,0x8484ef722627bf18ca5ae6bcf031c23e6e922b30,92690284985268780,,,call,3443,3363,0_2,0,
10964645,5,1601480887,0x3b809f33d8034e70492806da3af4115bafdcd1d741dcaa3fb20bd24a9c9cc1c9,0xa0c68c638235ee32657e8f720a23cec1bfc77c77,0x8484ef722627bf18ca5ae6bcf031c23e6e922b30,4000000000000000,,,call,3443,3363,0_2,0,
10964872,5,1601484047,0x5c15f0345f1159182bc3213c3bb7d7a36a81c73fc7d3a74426870751640f9031,0xa0c68c638235ee32657e8f720a23cec1bfc77c77,0x8484ef722627bf18ca5ae6bcf031c23e6e922b30,10000000000000000,,,call,3443,3363,0_2,0,
10964896,6,1601484372,0xe7ea0a26060d9005c3d4f602fe64b1d0e28a6d8346e0ca86b74a40f09819e80d,0x8484ef722627bf18ca5ae6bcf031c23e6e922b30,0x244c270716ff91833c09cad17d4c5551f702d703,3510000000000000000,,,call,2300,0,0_2_0_0,0,
10964936,5,1601484961,0xe548fa3dadccef5cccf46150bb2c11ee1a713dffd5a43350176aea3c1ea532bd,0xa0c68c638235ee32657e8f720a23cec1bfc77c77,0x8484ef722627bf18ca5ae6bcf031c23e6e922b30,28000000000000000,,,call,3443,3363,0_2,0,
10964937,5,1601484963,0x3110b476a342ba2c19c8475c717aaaf36bd87cfb526171e16e1046079d9ca95e,0xa0c68c638235ee32657e8f720a23cec1bfc77c77,0x8484ef722627bf18ca5ae6bcf031c23e6e922b30,976375458308809500,,,call,3443,3363,0_2,0,
10964945,5,1601485056,0x25dc391be5084f39b0dbc307473fc67f11b72d443b6b0699fb633fdec6f326ff,0xa0c68c638235ee32657e8f720a23cec1bfc77c77,0x8484ef722627bf18ca5ae6bcf031c23e6e922b30,19000000000000000,,,call,3443,3363,0_2,0,
10964952,5,1601485132,0x81117797b2db6b9c105c410fcd80e8f2bd06a444ab1afd1aefc195c718e21207,0xa0c68c638235ee32657e8f720a23cec1bfc77c77,0x8484ef722627bf18ca5ae6bcf031c23e6e922b30,100000000000000000,,,call,3443,3363,0_2,0,
10964956,5,1601485204,0xf4f27aa066ab2d86d5cefeed2292f5107a0e31344fd0d9b091471945d64a82ad,0xa0c68c638235ee32657e8f720a23cec1bfc77c77,0x8484ef722627bf18ca5ae6bcf031c23e6e922b30,100000000000000000,,,call,3443,3363,0_2,0,
10964969,5,1601485368,0x9371fe1fa20a785ec8b392a92e11d237b4abbf6b4d33c55155293d1ac82a5800,0xa0c68c638235ee32657e8f720a23cec1bfc77c77,0x8484ef722627bf18ca5ae6bcf031c23e6e922b30,180000000000000000,,,call,3443,3363,0_2,0,
10964988,5,1601485667,0x6ac293187e8c0782923f0b758faf426b101d734823b290a437f719a1c6627b2c,0xa0c68c638235ee32657e8f720a23cec1bfc77c77,0x8484ef722627bf18ca5ae6bcf031c23e6e922b30,42000000000000000,,,call,3443,3363,0_2,0,
10964997,5,1601485825,0xdb4d0e5cdf75005700380259885af41618ea0dbcb97a1b7adfe682a996779b1c,0xa0c68c638235ee32657e8f720a23cec1bfc77c77,0x8484ef722627bf18ca5ae6bcf031c23e6e922b30,48000000000000000,,,call,3443,3363,0_2,0,
10965006,5,1601485972,0xf3b19f8e332df34d374b40f6ebf9b681a3e76ca227166885efc7dd8988b7f7f9,0xa0c68c638235ee32657e8f720a23cec1bfc77c77,0x8484ef722627bf18ca5ae6bcf031c23e6e922b30,79000000000000000,,,call,3443,3363,0_2,0,
10965008,5,1601485983,0x69b10ae6300cd8e5ac4e8f737c502fa1fbcef7e821802dc55e1c273f470d5033,0xa0c68c638235ee32657e8f720a23cec1bfc77c77,0x8484ef722627bf18ca5ae6bcf031c23e6e922b30,500000000000000000,,,call,3443,3363,0_2,0,
10965031,5,1601486472,0x9b42c240e5963c3f05a15fe20967d163061fd429a69364a4c1ed82aaa28b5ad6,0xa0c68c638235ee32657e8f720a23cec1bfc77c77,0x8484ef722627bf18ca5ae6bcf031c23e6e922b30,22000000000000000,,,call,3443,3363,0_2,0,
10965045,5,1601486735,0x2ffac063008ff2b4f760565c43563cc2d2cf6fd9be314607878a20651cf8c085,0xa0c68c638235ee32657e8f720a23cec1bfc77c77,0x8484ef722627bf18ca5ae6bcf031c23e6e922b30,340000000000000000,,,call,3443,3363,0_2,0,
10965074,5,1601487152,0xbfab128e8742363ef148981eb817c82c4b3424dd39458cb8a7cb4545a7b9fd36,0xa0c68c638235ee32657e8f720a23cec1bfc77c77,0x8484ef722627bf18ca5ae6bcf031c23e6e922b30,15000000000000000,,,call,3443,3363,0_2,0,
10965076,6,1601487165,0x01f65caa582d89e25734156500b742eeb08eabcc8b6d3bfdc51794c03943a903,0x8484ef722627bf18ca5ae6bcf031c23e6e922b30,0x898b92e2266512e6457748c9067218ac31e159d0,92219000000000000000,,,call,2300,0,0_2_0_0,0,
10965081,5,1601487239,0x63df5767515dff7491acc809d41402b6b3f8325e9bb3c4a38646f7fe38a7e4be,0xa0c68c638235ee32657e8f720a23cec1bfc77c77,0x8484ef722627bf18ca5ae6bcf031c23e6e922b30,60000000000000000,,,call,3443,3363,0_2,0,
10965085,5,1601487281,0x4c6af5988f446ae7f3aa83dd85027c4016de4e74cbe84ac87677148edc57f996,0xa0c68c638235ee32657e8f720a23cec1bfc77c77,0x8484ef722627bf18ca5ae6bcf031c23e6e922b30,57000000000000000,,,call,3443,3363,0_2,0,
10965085,5,1601487281,0xe2b534669d201e051a09ea1b2ff8fff1e8c73f3b002acf2c19ae3a1e35fd6d0e,0xa0c68c638235ee32657e8f720a23cec1bfc77c77,0x8484ef722627bf18ca5ae6bcf031c23e6e922b30,57000000000000000,,,call,3443,3363,0_2,0,
10965085,5,1601487281,0xc5941060c009f4a78f8eb0dadebc04cabe5a6c0903019fc466d10464b1f6719e,0xa0c68c638235ee32657e8f720a23cec1bfc77c77,0x8484ef722627bf18ca5ae6bcf031c23e6e922b30,57000000000000000,,,call,3443,3363,0_2,0,
10965101,5,1601487463,0x879b278d1193a7fabbc81c80f9ca5c3ca891656aeae193d4ba028635df87ab04,0xa0c68c638235ee32657e8f720a23cec1bfc77c77,0x8484ef722627bf18ca5ae6bcf031c23e6e922b30,27918371309815980,,,call,3443,3363,0_2,0,
10965168,6,1601488244,0x553409c47108633a3828e88edb482aad241071b79719830778069f1328108d2c,0x8484ef722627bf18ca5ae6bcf031c23e6e922b30,0x2280bdcde72eeddaab71acd059201d03bcbeb30d,90000000000000000,,,call,2300,0,0_2_0_0,0,
10965179,5,1601488418,0x981e9e7187fe045a7e798e7d81c249e70b30660099d17be195ea81ad6e205878,0xa0c68c638235ee32657e8f720a23cec1bfc77c77,0x8484ef722627bf18ca5ae6bcf031c23e6e922b30,83972551555511060,,,call,3443,3363,0_2,0,
10965238,6,1601489103,0xd907676b6d79182ff6a56e38972f8c467db9308d4ce8aabe1c618678e34879bd,0x8484ef722627bf18ca5ae6bcf031c23e6e922b30,0x59a47f3fd0a3b1d3537aca7981fe6a436b2d160c,500000000000000000,,,call,2300,0,0_2_0_0,0,
10965263,5,1601489484,0x60dda8ab6fd0534f64a228b2a15df54c9b0776f1cad384fd0d84368405fa59e4,0xa0c68c638235ee32657e8f720a23cec1bfc77c77,0x8484ef722627bf18ca5ae6bcf031c23e6e922b30,537000000000000000,,,call,3443,3363,0_2,0,
10965343,6,1601490420,0x0fc2b68d549450a0437ac305d92d4d522614e96ab12af1afa1e6cb470998ad7d,0x8484ef722627bf18ca5ae6bcf031c23e6e922b30,0x2bfe66759f0331066f3e7d57b3dc9a96bfc17927,100000000000000000,,,call,2300,0,0_2_0_0,0,
10965343,6,1601490420,0x9105d4aeddcefe2300b21efc477739b5e32aa1b85b31cb66b816adc898b17110,0x8484ef722627bf18ca5ae6bcf031c23e6e922b30,0xb9d5f437bbe22cd9a3f6c718fec77a643c55fb43,25182772733218638,,,call,2300,0,0_2_0_0,0,
10965345,6,1601490423,0x69bd958ac320b21ec0341846b8e3b8b325ca58572a6097f2b7c19346383c2f4e,0x8484ef722627bf18ca5ae6bcf031c23e6e922b30,0x36a36cbf4d14d820385b1e6c160633319dacb546,193000000000000000,,,call,2300,0,0_2_0_0,0,
10965358,5,1601490593,0x963f9f486c8c9c469db362d9f917e8b320fc6527abf35ff60c66b8c13fed703c,0xa0c68c638235ee32657e8f720a23cec1bfc77c77,0x8484ef722627bf18ca5ae6bcf031c23e6e922b30,340000000000000000,,,call,3443,3363,0_2,0,
10965363,5,1601490628,0xeb67cf4d1beb3848f3639c70b98fbea2b82360763104cd2161154a8d3331739f,0xa0c68c638235ee32657e8f720a23cec1bfc77c77,0x8484ef722627bf18ca5ae6bcf031c23e6e922b30,27956304646409722,,,call,3443,3363,0_2,0,
10965482,6,1601492341,0xcf144a4d370351779464f1f817acf17cf9f8818c3d8678c2ad763dbc95ad8435,0x8484ef722627bf18ca5ae6bcf031c23e6e922b30,0xc1b5bcbc94e6127ac3ee4054d0664e4f6afe45d3,197000000000000000,,,call,2300,0,0_2_0_0,0,
10965482,6,1601492341,0xa5f0ee6882e89bce7e5b1f977fe4dd5cce62ab162484a6fee604c60f309c2984,0x8484ef722627bf18ca5ae6bcf031c23e6e922b30,0x62b73a8043e5b49ee7c3d420dfb6f63c89c884ee,185325617110649670,,,call,2300,0,0_2_0_0,0,
10965486,6,1601492448,0xb2f2d7c1180fa9d586e0af6bc4886bec94d36f6becb9dc7732d2457d287c2ee1,0x8484ef722627bf18ca5ae6bcf031c23e6e922b30,0x8fe3a502fffcfe784ceced938367825326a9d842,176000000000000000,,,call,2300,0,0_2_0_0,0,
10965490,5,1601492474,0xc8c8cfe82945a38713065427cdb635b1c790a65c511b5833a0c74bb05a132412,0xa0c68c638235ee32657e8f720a23cec1bfc77c77,0x8484ef722627bf18ca5ae6bcf031c23e6e922b30,100000000000000000,,,call,25439,3363,0_2,0,
10965499,5,1601492628,0xbbe23fcac3e65de7e832d2e47669b418c063d7211eb9a1e09fab544a3d09e950,0xa0c68c638235ee32657e8f720a23cec1bfc77c77,0x8484ef722627bf18ca5ae6bcf031c23e6e922b30,100000000000000000,,,call,40110,3363,0_2,0,
10965525,5,1601492866,0x90f04ad017f0fd05a518fbd77b0b0460d519776b75d0e553a1475a02d1a30eac,0xa0c68c638235ee32657e8f720a23cec1bfc77c77,0x8484ef722627bf18ca5ae6bcf031c23e6e922b30,14000000000000000,,,call,3443,3363,0_2,0,
10965647,5,1601494316,0x06d75370ebd1c745dcf40c0117fa1505fc9799c2fcd603e85926ba1c0c8e20a6,0xa0c68c638235ee32657e8f720a23cec1bfc77c77,0x8484ef722627bf18ca5ae6bcf031c23e6e922b30,250000000000000000,,,call,3443,3363,0_2,0,
10965700,6,1601494859,0x6bb5fc55155bd09f6af137343a3be4685fbc1ad6a9390d7197629bf80bb2795a,0x8484ef722627bf18ca5ae6bcf031c23e6e922b30,0xee00f6d4f86ba170d2276335f28f3fbac7e324d7,84445562905533100,,,call,2300,0,0_2_0_0,0,
10965757,5,1601495715,0xeb796c90e5aa00a668dbd9c89eaf982185e7657d8fb936b47651ed09036a4b88,0xa0c68c638235ee32657e8f720a23cec1bfc77c77,0x8484ef722627bf18ca5ae6bcf031c23e6e922b30,27000000000000000,,,call,3443,3363,0_2,0,
10965761,5,1601495753,0xac8c7519f26945361eba9f03f01414d4f23614256d77fd8fcea3ff03e3a72a45,0xa0c68c638235ee32657e8f720a23cec1bfc77c77,0x8484ef722627bf18ca5ae6bcf031c23e6e922b30,50000000000000000,,,call,3443,3363,0_2,0,
10965820,5,1601496475,0xfbac0395142819e5b3906f17591b93dec7353b717bf354125546b24dc2968597,0xa0c68c638235ee32657e8f720a23cec1bfc77c77,0x8484ef722627bf18ca5ae6bcf031c23e6e922b30,400000000000000000,,,call,3443,3363,0_2,0,
10965832,5,1601496712,0xc4aecbf26be693972c52c851168feb6decdbfd451f72fe9582dae45bceda5309,0xa0c68c638235ee32657e8f720a23cec1bfc77c77,0x8484ef722627bf18ca5ae6bcf031c23e6e922b30,20000000000000000,,,call,3443,3363,0_2,0,
10965886,6,1601497486,0x5dc101a42e100ea9ac24bb5c75ace81bc7c604574ab8516b878fc71165dab204,0x8484ef722627bf18ca5ae6bcf031c23e6e922b30,0x16200c06c22ab3ffa3f6cfcaf23a451f0bce4286,30000000000000000,,,call,2300,0,0_2_0_0,0,
10966011,5,1601499035,0x5561f55b3f283ce6babe1c690569a033e209e09e62b79fa0a087c6e063b973de,0xa0c68c638235ee32657e8f720a23cec1bfc77c77,0x8484ef722627bf18ca5ae6bcf031c23e6e922b30,1000000000000000000,,,call,3443,3363,0_2,0,
10966032,6,1601499347,0x805e2efd572cf9d55545caf8c7d83e1912756d607f21c7ad02937513dfc18b30,0x8484ef722627bf18ca5ae6bcf031c23e6e922b30,0xd6fbe1f0fc5f4bbea32ee167ee0dd100c9097387,976375458308809500,,,call,2300,0,0_2_0_0,0,
10966050,5,1601499485,0x97c70fa63e3430e2a65e0351bea08374a8e48de969d9fdf1697de9b174fe1611,0xa0c68c638235ee32657e8f720a23cec1bfc77c77,0x8484ef722627bf18ca5ae6bcf031c23e6e922b30,1000000000000000000,,,call,3443,3363,0_2,0,
10966144,6,1601500753,0x476d5bee61ec6b7e9b0291d608d46d4b628efeb518d85cc6dda0232fb4c700c2,0x8484ef722627bf18ca5ae6bcf031c23e6e922b30,0x8eda9b461df12acbbbeaad6591c5c6b96da6b71d,27956304646409722,,,call,2300,0,0_2_0_0,0,
10966303,5,1601503150,0x83000d5652ff82d526f3fedc61df3dfa487e13a8f2b94f4c8b2eeb862272993d,0xa0c68c638235ee32657e8f720a23cec1bfc77c77,0x8484ef722627bf18ca5ae6bcf031c23e6e922b30,100000000000000000,,,call,3443,3363,0_2,0,
10966375,5,1601504124,0xd843807c93ece059b4c3003e7ac40bd41d40a9ffe155d9506d336d3a6a288144,0xa0c68c638235ee32657e8f720a23cec1bfc77c77,0x8484ef722627bf18ca5ae6bcf031c23e6e922b30,83799125214490520,,,call,3443,3363,0_2,0,
10966380,5,1601504194,0xb30c3650719b7e1d42c48e722f2edfd628efe138626348ffbbf252cffda4658b,0xa0c68c638235ee32657e8f720a23cec1bfc77c77,0x8484ef722627bf18ca5ae6bcf031c23e6e922b30,15053385145694518000,,,call,3443,3363,0_2,0,
10966406,5,1601504592,0x0effc517d0369874f16f3bc2f446bb21ca15577aa975e6ead913fd64fa2d5bf1,0xa0c68c638235ee32657e8f720a23cec1bfc77c77,0x8484ef722627bf18ca5ae6bcf031c23e6e922b30,500000000000000000,,,call,3443,3363,0_2,0,
10966423,5,1601504799,0x784b4e77d69fd3b0d9e5e3e7d6b1a2aca5eeb0f60516734523d87bc8c86cfe13,0xa0c68c638235ee32657e8f720a23cec1bfc77c77,0x8484ef722627bf18ca5ae6bcf031c23e6e922b30,633000000000000000,,,call,3443,3363,0_2,0,
10966511,6,1601505662,0x43f970760326b29a379f8c17e2621e3c3924316ff325cff105e9dfb432494adf,0x8484ef722627bf18ca5ae6bcf031c23e6e922b30,0xd18c6227453ac2fa318b2c0a94a31182c10d7145,300000000000000000,,,call,2300,0,0_2_0_0,0,
10966590,6,1601506719,0xd2a2e850321c3c335e9e26d76390e2e1fcd8f26ad9c3d58db522a1928f9fdae6,0x8484ef722627bf18ca5ae6bcf031c23e6e922b30,0x50ce06ab2404c72fbd57620ea8aa0e282065a831,196000000000000000,,,call,2300,0,0_2_0_0,0,
10966605,6,1601506884,0x577398d992e76ccc2ce1129dee089a3cc71373bdfad3addae8d69cdf9bd1dde5,0x8484ef722627bf18ca5ae6bcf031c23e6e922b30,0x49bf18ec38f9638a51af507dd7e8dbb1beb146a5,15053385145694518000,,,call,2300,0,0_2_0_0,0,
10966633,5,1601507168,0xb3dc0aef0553d8a243b3b623cba1d1cc117223ce5d9f180e3f87cbe3419fb0ae,0xa0c68c638235ee32657e8f720a23cec1bfc77c77,0x8484ef722627bf18ca5ae6bcf031c23e6e922b30,392000000000000000,,,call,3443,3363,0_2,0,
10966656,5,1601507434,0xa7b7f821a07d92a2be48bde12f7d8c160bbe1280052f715fec1856f9634f1951,0xa0c68c638235ee32657e8f720a23cec1bfc77c77,0x8484ef722627bf18ca5ae6bcf031c23e6e922b30,502000000000000000,,,call,3443,3363,0_2,0,
10966682,5,1601507748,0xd968ed8bbc1bf04689bdc724a9f02cedd6f8a4098e98139e05457b4d2befb26a,0xa0c68c638235ee32657e8f720a23cec1bfc77c77,0x8484ef722627bf18ca5ae6bcf031c23e6e922b30,222000000000000000,,,call,3443,3363,0_2,0,
10966741,5,1601508619,0xc448dbbaa02b15fa8ada84ac7232c4e0d79c75616e922fd0bda3fa0efc5db28b,0xa0c68c638235ee32657e8f720a23cec1bfc77c77,0x8484ef722627bf18ca5ae6bcf031c23e6e922b30,400000000000000000,,,call,3443,3363,0_2,0,
10966757,5,1601508834,0xa56b49e8a4fc32ec857bcaf543ab4129b79b737d37a5aa0fe1324c925bd2a6ca,0xa0c68c638235ee32657e8f720a23cec1bfc77c77,0x8484ef722627bf18ca5ae6bcf031c23e6e922b30,110000000000000000,,,call,3443,3363,0_2,0,
10966819,5,1601509728,0xc0b1362cb5b16f6ec690d26fdbdd2e38c499adfeb153704034959833f3c5375c,0xa0c68c638235ee32657e8f720a23cec1bfc77c77,0x8484ef722627bf18ca5ae6bcf031c23e6e922b30,50000000000000000,,,call,3443,3363,0_2,0,
10966933,5,1601511297,0xc6f05dd12a7639664b72a02d3ed84b860e08953b13972474edcfe106cd4e7781,0xa0c68c638235ee32657e8f720a23cec1bfc77c77,0x8484ef722627bf18ca5ae6bcf031c23e6e922b30,52000000000000000,,,call,3443,3363,0_2,0,
10966943,5,1601511415,0x339f4698f467da790d521926120ec97b49a5f1825847ad5821e4a83b3f3613a7,0xa0c68c638235ee32657e8f720a23cec1bfc77c77,0x8484ef722627bf18ca5ae6bcf031c23e6e922b30,19000000000000000,,,call,3443,3363,0_2,0,
10966969,5,1601511748,0xcb2be5be65d01d455ade0d08d195ff5454d10d99ce1209fb0023264ee29d2d98,0xa0c68c638235ee32657e8f720a23cec1bfc77c77,0x8484ef722627bf18ca5ae6bcf031c23e6e922b30,497000000000000000,,,call,3443,3363,0_2,0,
10966995,6,1601512084,0xba5d20c78dfb82d2d3e18210916ae3277df43d4310ae435a4840874fc49e4874,0x8484ef722627bf18ca5ae6bcf031c23e6e922b30,0x70456b9301ad626c6dffbea33fd05126e6d76cee,502000000000000000,,,call,2300,0,0_2_0_0,0,
10967118,5,1601513715,0xfa302b84ef821ec8b6f15852586b119681c795172f42b9d5bc0b82a37fdd4976,0xa0c68c638235ee32657e8f720a23cec1bfc77c77,0x8484ef722627bf18ca5ae6bcf031c23e6e922b30,100000000000000000,,,call,3443,3363,0_2,0,
10967216,5,1601515292,0x7edf1a230a6433481098fc554977053c7aab8982442596af25f4c9819a4e536f,0xa0c68c638235ee32657e8f720a23cec1bfc77c77,0x8484ef722627bf18ca5ae6bcf031c23e6e922b30,14000000000000000,,,call,3443,3363,0_2,0,
10967273,6,1601516014,0x44d3ce901fc8da090e358fa73175bd467b8d6f27b3da2b9db1b1e89e4af77139,0x8484ef722627bf18ca5ae6bcf031c23e6e922b30,0x3faf6c402e6a46eb946d4db65e4c4b66bd9ece0f,100000000000000000,,,call,2300,0,0_2_0_0,0,
10967285,6,1601516154,0x63b5b7efb80c5f884eef381ab70fec940d27ce0ca2f6c65af9164fd9d2d28718,0x8484ef722627bf18ca5ae6bcf031c23e6e922b30,0x3faf6c402e6a46eb946d4db65e4c4b66bd9ece0f,300000000000000000,,,call,2300,0,0_2_0_0,0,
10967362,6,1601517249,0xbb58f450a770c3b4592ae1e051c17bbacf4ae05919768de2619c2de1ef5d98e4,0x8484ef722627bf18ca5ae6bcf031c23e6e922b30,0x038215d866743ccfb82e21042e5265e8e666e909,222000000000000000,,,call,2300,0,0_2_0_0,0,
10967378,6,1601517485,0xa5e7ed52cad46baf138f0648db61d5f37f7fe5b8e08545945c459ae8c70a5665,0x8484ef722627bf18ca5ae6bcf031c23e6e922b30,0xf7cbbf21ca10ac78540abc01ca4747994393f676,50000000000000000,,,call,2300,0,0_2_0_0,0,
10967434,5,1601518395,0x865c6b48f1af3888ff24824d97cf66c4e6910943211cb26ee5de82a83d6ab709,0xa0c68c638235ee32657e8f720a23cec1bfc77c77,0x8484ef722627bf18ca5ae6bcf031c23e6e922b30,28000000000000000,,,call,3443,3363,0_2,0,
10967457,6,1601518718,0x51ada20703663c4345fcfb79a6ed495a82d5d0af52d3a63f6a23be814e9d84da,0x8484ef722627bf18ca5ae6bcf031c23e6e922b30,0xf7cbbf21ca10ac78540abc01ca4747994393f676,36000000000000000,,,call,2300,0,0_2_0_0,0,
10967543,5,1601519900,0xc449d9d10b324761d3989fbba16f1207de405dac75f31d6e54db28285b1ee47e,0xa0c68c638235ee32657e8f720a23cec1bfc77c77,0x8484ef722627bf18ca5ae6bcf031c23e6e922b30,83799125214490520,,,call,3443,3363,0_2,0,
10967557,5,1601520086,0x3417579e995134c6f2e9142e6fdaed3ab0d599c96491fcc03fdf9f94b2ea3de4,0xa0c68c638235ee32657e8f720a23cec1bfc77c77,0x8484ef722627bf18ca5ae6bcf031c23e6e922b30,2000000000000000000,,,call,3443,3363,0_2,0,
10967557,6,1601520086,0xaed4f283fc2bda72fc4fcc3e8d9e4a72eb207a9b8a10a08c475ac86e04238ca4,0x8484ef722627bf18ca5ae6bcf031c23e6e922b30,0xd49c4badf382772821932e58195d12c143db3c91,182000000000000000,,,call,2300,0,0_2_0_0,0,
10967659,6,1601521486,0x003c456b6b54f68c3fa4606c23086dde51eaa6b6e828a5fe5296610c16bb7fb4,0x8484ef722627bf18ca5ae6bcf031c23e6e922b30,0x9a11d1d90afb58a22c566ec63f5b3a7554970ac1,18000000000000000000,,,call,2300,0,0_2_0_0,0,
10967834,5,1601523875,0xa1a0c7c8225ae688af5e0d13710a003bbb40d7fa1ae8918d0fb37569eb5cbbd1,0xa0c68c638235ee32657e8f720a23cec1bfc77c77,0x8484ef722627bf18ca5ae6bcf031c23e6e922b30,276000000000000000,,,call,3443,3363,0_2,0,
10967887,6,1601524516,0xe9bcec4747ba282e2fa8ca17bd2e2d5ab902dfd444b69385617f38c9c6eb178e,0x8484ef722627bf18ca5ae6bcf031c23e6e922b30,0x63887a085714ad7d8c2d04d8271a5c8358152c82,1000000000000000000,,,call,2300,0,0_2_0_0,0,
10967900,5,1601524677,0x93bfa0ec28cb7120655772da9998aae4b463e855253db802ff78b9b3c5cfa794,0xa0c68c638235ee32657e8f720a23cec1bfc77c77,0x8484ef722627bf18ca5ae6bcf031c23e6e922b30,4000000000000000000,,,call,3443,3363,0_2,0,
10967992,6,1601525812,0x069ffb073a3a564042de12944e84d7e508ce8b310eae135f6d0aaaed55f91c09,0x8484ef722627bf18ca5ae6bcf031c23e6e922b30,0x9f7610115501abd147d1d82ce92cea2a716690ed,100000000000000000,,,call,2300,0,0_2_0_0,0,
10968146,5,1601527831,0x087ab05beacf6f6525140c47987e75a37ec4a26757db65829888f5651d0ed142,0xa0c68c638235ee32657e8f720a23cec1bfc77c77,0x8484ef722627bf18ca5ae6bcf031c23e6e922b30,64000000000000000,,,call,3443,3363,0_2,0,
10968179,6,1601528327,0x7a7ef3cb1d193c61bc695c25571772b5ae9d5a975cae388fd56ac28772cf1990,0x8484ef722627bf18ca5ae6bcf031c23e6e922b30,0x9492ee9772d214fffb60e1708081262ccf5d49d4,40000000000000000,,,call,2300,0,0_2_0_0,0,
10968241,5,1601529192,0xf62208dd9218976367e19063778c9a8dd185a413e474cfd128835750803d8c3b,0xa0c68c638235ee32657e8f720a23cec1bfc77c77,0x8484ef722627bf18ca5ae6bcf031c23e6e922b30,50000000000000000,,,call,3443,3363,0_2,0,
10968268,5,1601529591,0x902236cadc558dbd26051a98855ac4ab70afb02a034b02cd6c3e7e7178762f03,0xa0c68c638235ee32657e8f720a23cec1bfc77c77,0x8484ef722627bf18ca5ae6bcf031c23e6e922b30,376000000000000000,,,call,3443,3363,0_2,0,
10968338,5,1601530461,0x823e4e5601565f449bb67e75e6783789328461198598cccbafb0dbcd457d0fc9,0xa0c68c638235ee32657e8f720a23cec1bfc77c77,0x8484ef722627bf18ca5ae6bcf031c23e6e922b30,9000000000000000,,,call,3443,3363,0_2,0,
10968437,6,1601531983,0x5f6ecee149d366cfcb3720bd148b2a4a5d74e5a62adee1a6a51f03284e8ccf75,0x8484ef722627bf18ca5ae6bcf031c23e6e922b30,0x59441228db2af3a48e494fe134cbce0401da22c6,374978987851112981,,,call,2300,0,0_2_0_0,0,
10968499,6,1601532685,0x3675f78588112edf9c2efe0641f96aeb16afa26e6917b5288ff6545dfa042aea,0x8484ef722627bf18ca5ae6bcf031c23e6e922b30,0x9426e5fbbdadfd5bb2783664c59f0142759b3ecb,50000000000000000,,,call,2300,0,0_2_0_0,0,
10968684,5,1601535167,0xf71f7daf72bc9b5379ce5b74a3c07a3fd957df07eff110174fa6c53903f25a74,0xa0c68c638235ee32657e8f720a23cec1bfc77c77,0x8484ef722627bf18ca5ae6bcf031c23e6e922b30,155000000000000000,,,call,3443,3363,0_2,0,
10968876,6,1601538008,0x254f5901af0618b61a4486f3dab6152d60bd178ead8e74d0e3035e7435c75fbe,0x8484ef722627bf18ca5ae6bcf031c23e6e922b30,0xf2f9d22ea5626d87eb8d487586698b616c178fa4,3035531920021006000,,,call,2300,0,0_2_0_0,0,
10968947,5,1601538902,0x6f89c76cad3414279fe42576cbf784ed7c0a4fedd5c76b9094d29c0309095e0c,0xa0c68c638235ee32657e8f720a23cec1bfc77c77,0x8484ef722627bf18ca5ae6bcf031c23e6e922b30,67000000000000000,,,call,3443,3363,0_2,0,
10969024,6,1601540020,0x75fa0002e96f1f103b4eec2a6cacf59d99ab14022bcdd8a345d2a8435ec0ab32,0x8484ef722627bf18ca5ae6bcf031c23e6e922b30,0x63887a085714ad7d8c2d04d8271a5c8358152c82,1000000000000000000,,,call,2300,0,0_2_0_0,0,
10969103,5,1601541091,0x2e6ccbe26df93c9d828133779bec12aedf11527b6c86e4f152cd9cf76df9f690,0xa0c68c638235ee32657e8f720a23cec1bfc77c77,0x8484ef722627bf18ca5ae6bcf031c23e6e922b30,10000000000000000,,,call,3443,3363,0_2,0,
10969142,6,1601541658,0x17f833d20cbe6fc51fd8d7d632652b97e658e9497bdbfc9ccb89ffdece913ea1,0x8484ef722627bf18ca5ae6bcf031c23e6e922b30,0x17817b3e67bde25aaecd52b13eedf452cf75fadc,340000000000000000,,,call,2300,0,0_2_0_0,0,
10969175,5,1601542035,0xb9f41ab69df214e4484a3df6290525a418e78f56111bbc139e259d6b6a163c88,0xa0c68c638235ee32657e8f720a23cec1bfc77c77,0x8484ef722627bf18ca5ae6bcf031c23e6e922b30,100000000000000000,,,call,3443,3363,0_2,0,
10969198,5,1601542339,0xab1f982de0389e4def6444f00af6200ee7dd309f454c20bb565efa97da9b63bf,0xa0c68c638235ee32657e8f720a23cec1bfc77c77,0x8484ef722627bf18ca5ae6bcf031c23e6e922b30,100000000000000000,,,call,3443,3363,0_2,0,
10969204,5,1601542396,0x6bdcf0c4d1e0d770fb0d7ed9b3a76b500395ca89185560c3cc27af7dbd136910,0xa0c68c638235ee32657e8f720a23cec1bfc77c77,0x8484ef722627bf18ca5ae6bcf031c23e6e922b30,100000000000000000,,,call,3443,3363,0_2,0,
10969317,6,1601544012,0x025423da4ee273dd9425be2c1dd41e695a46b209bfcac0cc8ea63289447a6748,0x8484ef722627bf18ca5ae6bcf031c23e6e922b30,0xd0b53c43d3e0b58909c38487aa0c3af7dfa2d8c0,100000000000000000,,,call,2300,0,0_2_0_0,0,
10969350,6,1601544396,0xb527c4cd2881f315690b5b94aed4588a50cd7c86002199ee2216087df80e9e63,0x8484ef722627bf18ca5ae6bcf031c23e6e922b30,0x397a5907a2ac07b7ac12a3adf34277a47762d854,59000000000000000,,,call,2300,0,0_2_0_0,0,
10969541,6,1601547062,0x55fa280ffea3c75107fe5fe3a0c45ed708034f055300fdd87ed4b24cf07db4b1,0x8484ef722627bf18ca5ae6bcf031c23e6e922b30,0x80407cbb1131da1a19baef8853a61db3846070fe,55000000000000000,,,call,2300,0,0_2_0_0,0,
10969621,5,1601548228,0x7680f179213e10c5523e69d93361a499012be9d4b700b6722aef0414004b4805,0xa0c68c638235ee32657e8f720a23cec1bfc77c77,0x8484ef722627bf18ca5ae6bcf031c23e6e922b30,41000000000000000,,,call,3443,3363,0_2,0,
10969642,5,1601548519,0xa011eb23f971247d5ff96e9cc620ff80205e5b6d80282cedd0056354e9f93e68,0xa0c68c638235ee32657e8f720a23cec1bfc77c77,0x8484ef722627bf18ca5ae6bcf031c23e6e922b30,22000000000000000,,,call,3443,3363,0_2,0,
10969760,6,1601549827,0xdd04a8a97bb4fea317092ed458f41d35c04f0eb047ac456201f3b21fb53c2f2c,0x8484ef722627bf18ca5ae6bcf031c23e6e922b30,0x1852a20e92bc2c3f5da7e217de26483d3832cdc0,533000000000000000,,,call,2300,0,0_2_0_0,0,
10969797,6,1601550315,0x8eb1d889a08356654063ee9628728ef24e456f8c02c40f323f6a8827b1ecc69d,0x8484ef722627bf18ca5ae6bcf031c23e6e922b30,0x3d5ff23f56dc1240e571dd011bf2e373d06aaf7f,105000000000000000,,,call,2300,0,0_2_0_0,0,
10969832,5,1601550702,0xc0b2dab9b8cdaf84b8b2702947a1fd040101592e86c9bd7079c425a2d6c6fc92,0xa0c68c638235ee32657e8f720a23cec1bfc77c77,0x8484ef722627bf18ca5ae6bcf031c23e6e922b30,934000000000000000,,,call,3443,3363,0_2,0,
10970073,5,1601554047,0x5d72e56b8eb0c237cdefd4956b1ace3107610f3b112b5f822f79e0bbf31850a3,0xa0c68c638235ee32657e8f720a23cec1bfc77c77,0x8484ef722627bf18ca5ae6bcf031c23e6e922b30,136103548272238,,,call,3443,3363,0_2,0,
10970230,5,1601556433,0x2ccf31022d2a1d446a1fd50ab528818d13587a3e964bc76d1df2519ef4ff9d07,0xa0c68c638235ee32657e8f720a23cec1bfc77c77,0x8484ef722627bf18ca5ae6bcf031c23e6e922b30,100000000000000000,,,call,3443,3363,0_2,0,
10970249,5,1601556712,0x4ce5851b4957fe9582251cc24600eded1b410c5f6a7f9ca30229f9e5d8326474,0xa0c68c638235ee32657e8f720a23cec1bfc77c77,0x8484ef722627bf18ca5ae6bcf031c23e6e922b30,830000000000000000,,,call,3443,3363,0_2,0,
10970354,6,1601558065,0xc0b912804fc74f724417a992742427eab51e9dd7768188a53edc6db091cfa2dc,0x8484ef722627bf18ca5ae6bcf031c23e6e922b30,0x2618011014d672a20c0dbc0220392041d79e91a3,50000000000000000,,,call,2300,0,0_2_0_0,0,
10970514,5,1601560081,0xcb825a4654e58511e063736de2e07bd7222c4e15fdf3cb039f9a53dadc7087d0,0xa0c68c638235ee32657e8f720a23cec1bfc77c77,0x8484ef722627bf18ca5ae6bcf031c23e6e922b30,199000000000000000,,,call,3443,3363,0_2,0,
10970659,5,1601562355,0x75f46393ae7a365e4924605aa1105174dff35f9340421eabfe2f122c6031a829,0xa0c68c638235ee32657e8f720a23cec1bfc77c77,0x8484ef722627bf18ca5ae6bcf031c23e6e922b30,14000000000000000,,,call,3443,3363,0_2,0,
10970963,5,1601566412,0x39792a4400367631a4d222c2b58738af5a9f954d2fac2f6851b6be8a5767d153,0xa0c68c638235ee32657e8f720a23cec1bfc77c77,0x8484ef722627bf18ca5ae6bcf031c23e6e922b30,12873114000000000,,,call,3443,3363,0_2,0,
10971376,5,1601571831,0x9a314a59b9380d5edf54a51d1abdd1f2e1370bdebdf00238aa8de22dfaf85940,0xa0c68c638235ee32657e8f720a23cec1bfc77c77,0x8484ef722627bf18ca5ae6bcf031c23e6e922b30,734000000000000000,,,call,3443,3363,0_2,0,
10971396,6,1601572031,0x84ae18ac4ce0882ad057176af19aad030fa55b6a059c35e0d98eadd8e15ef234,0x8484ef722627bf18ca5ae6bcf031c23e6e922b30,0x9224e1892fc4062f8604163b6d6a6924b8564c35,1000000000000000000,,,call,2300,0,0_2_0_0,0,
10971418,5,1601572287,0x0fbf52025d03fb55d56e1b9980ba6cdb7387928a1b195bb79a3812be1ef9caa0,0xa0c68c638235ee32657e8f720a23cec1bfc77c77,0x8484ef722627bf18ca5ae6bcf031c23e6e922b30,42789910694163276,,,call,3443,3363,0_2,0,
10971479,5,1601572944,0xd042c8a3fe538f308a19f0299d5cf5390bc158f28564713b34b45a93eb92c6da,0xa0c68c638235ee32657e8f720a23cec1bfc77c77,0x8484ef722627bf18ca5ae6bcf031c23e6e922b30,500000000000000000,,,call,3443,3363,0_2,0,
10971620,6,1601574722,0x693b3c3d228fe6062c03344bc962c73eb685654cf8990fd865687259f68d8bae,0x8484ef722627bf18ca5ae6bcf031c23e6e922b30,0xc76ed73fb14db3de4bdafe642bd6dc37235e3f5b,830000000000000000,,,call,2300,0,0_2_0_0,0,
10971681,6,1601575505,0x15d99165f63f73916b8d5e0bbe7f97afd054bee284bb7cace1b026a84f49429f,0x8484ef722627bf18ca5ae6bcf031c23e6e922b30,0x6506657132e78d7d7695a879e9a49335b41b2582,324000000000000000,,,call,2300,0,0_2_0_0,0,
10971902,5,1601578194,0x738fc5ddeee94c2fc7313d52a2ccfa4287a6dfba98fb8fcbc1c94963abd4e3bb,0xa0c68c638235ee32657e8f720a23cec1bfc77c77,0x8484ef722627bf18ca5ae6bcf031c23e6e922b30,1910000000000000000,,,call,3443,3363,0_2,0,
10971958,5,1601578925,0x3eb529ea9754061ab5a4c6250d451580d8b88e08dd9b6c69fd55501384cc245d,0xa0c68c638235ee32657e8f720a23cec1bfc77c77,0x8484ef722627bf18ca5ae6bcf031c23e6e922b30,45000000000000000,,,call,3443,3363,0_2,0,
10972244,6,1601582643,0x5aae9b9d31b2ec78d9040c909105ed115ef984be736edaa531f0e142b916a7d2,0x8484ef722627bf18ca5ae6bcf031c23e6e922b30,0xe4310545e143b6e44aefa9a96f9aca44984cb1e0,431000720438153350,,,call,2300,0,0_2_0_0,0,
10972415,5,1601585029,0x5b7115a49e798a9e08f2b438b2d51d778cb33d12f75cd9f8c1611e41c1b4aba7,0xa0c68c638235ee32657e8f720a23cec1bfc77c77,0x8484ef722627bf18ca5ae6bcf031c23e6e922b30,11000000000000000,,,call,3443,3363,0_2,0,
10972474,6,1601585753,0x0fa07515a629dc60e49f5dfec53ff070859f09748588e9c8a117e726583776e2,0x8484ef722627bf18ca5ae6bcf031c23e6e922b30,0xc1b5bcbc94e6127ac3ee4054d0664e4f6afe45d3,589000000000000000,,,call,2300,0,0_2_0_0,0,
10972533,5,1601586481,0x7182e0208a8b046cb5dcaa82f5f7861f9a432937704b0d1cd748352c5eee18a4,0xa0c68c638235ee32657e8f720a23cec1bfc77c77,0x8484ef722627bf18ca5ae6bcf031c23e6e922b30,100000000000000000,,,call,3443,3363,0_2,0,
10972682,5,1601588516,0xd7fbf5b07ec3023078274fa89e392df1aaa2dd28c078cd70187f946d98a91e5c,0xa0c68c638235ee32657e8f720a23cec1bfc77c77,0x8484ef722627bf18ca5ae6bcf031c23e6e922b30,582346890903788100,,,call,3443,3363,0_2,0,
10973123,6,1601594303,0x101b3f4c9d65befc4df5f33f7030faf6f0aae2351611ad7f4345d5ec709e0b3a,0x8484ef722627bf18ca5ae6bcf031c23e6e922b30,0x5a3ca3fad3785e634fde51bd782057d9abb82bce,734000000000000000,,,call,2300,0,0_2_0_0,0,
10973242,6,1601595894,0x2e18bc623fe1f68a6b5c1226f7789dde75a57a62002fa647b15bb8f18313cbc6,0x8484ef722627bf18ca5ae6bcf031c23e6e922b30,0xb4584ad30ae221f440ece4682fbaa6faa0665198,276000000000000000,,,call,2300,0,0_2_0_0,0,
10973691,6,1601602154,0xf80f340580da98a5ec61a208d7981fc0d23c9aa5e0400579c9316168b99b9ce5,0x8484ef722627bf18ca5ae6bcf031c23e6e922b30,0x70d68ba5b8e8cd633ce5c4bb6a652ac0ebfd7c24,42789910694163276,,,call,2300,0,0_2_0_0,0,
10973980,6,1601606225,0x7e69d06a0609799250a2c54a12334bcbbc7389cdc41e07f38baede2f8cbf7746,0x8484ef722627bf18ca5ae6bcf031c23e6e922b30,0x726cdc837384a7deb8bbea64beba2e7b4d7346c0,1000000000000000000,,,call,2300,0,0_2_0_0,0,
10974458,5,1601612682,0xb837137f7960f1ddc5cefdf97d43b036d4f117697903d7ae351b7d5e32331aa3,0xa0c68c638235ee32657e8f720a23cec1bfc77c77,0x8484ef722627bf18ca5ae6bcf031c23e6e922b30,56783692121449,,,call,3443,3363,0_2,0,
10974596,6,1601614317,0xfa7217de68ba17e1f379f4e43b93ca6c68cbfc489aba6adf2e7500d58793861d,0x8484ef722627bf18ca5ae6bcf031c23e6e922b30,0x5a74c56f26824ab4ce95ac35c95b2c5406b327f2,1560000000000000000,,,call,2300,0,0_2_0_0,0,
10974849,5,1601617735,0x377a712253645b21c9343ecbf6040c13c74862f486cd49d5f453f9fcff719827,0xa0c68c638235ee32657e8f720a23cec1bfc77c77,0x8484ef722627bf18ca5ae6bcf031c23e6e922b30,25000000000000000,,,call,3443,3363,0_2,0,
10974890,5,1601618297,0xb9593e006e7fef701ab9a5cc26a92c7e9f783c04e86af2748bea537d02598605,0xa0c68c638235ee32657e8f720a23cec1bfc77c77,0x8484ef722627bf18ca5ae6bcf031c23e6e922b30,719000000000000000,,,call,3443,3363,0_2,0,
10975139,5,1601621723,0x6a1a47f6fd248d3577af66b0a25452f5be282c931163ee393da862f1ccb17acf,0xa0c68c638235ee32657e8f720a23cec1bfc77c77,0x8484ef722627bf18ca5ae6bcf031c23e6e922b30,20000000000000000,,,call,3443,3363,0_2,0,
10975544,5,1601627330,0x32cc2b133889be43a002abf9915bec0eee74ccd7283737d8afa114ab6adfa4bc,0xa0c68c638235ee32657e8f720a23cec1bfc77c77,0x8484ef722627bf18ca5ae6bcf031c23e6e922b30,30000000000000000,,,call,3443,3363,0_2,0,
10975548,5,1601627377,0xa65e4fd8a245720d4d72603ca8f74da382e78adc9eb01cf25168d7ef63fbe384,0xa0c68c638235ee32657e8f720a23cec1bfc77c77,0x8484ef722627bf18ca5ae6bcf031c23e6e922b30,5000000000000000,,,call,3443,3363,0_2,0,
10975561,5,1601627619,0xa4bdfab7fdc4b309b78bcbedbdef833ba91bec5911248d457dafe0f9b000561e,0xa0c68c638235ee32657e8f720a23cec1bfc77c77,0x8484ef722627bf18ca5ae6bcf031c23e6e922b30,375000000000000000,,,call,3443,3363,0_2,0,
10975857,5,1601631378,0x246a21dbd30284fe8fe58ee37d003103ce4f6d72b245c032271c8909d4ec4211,0xa0c68c638235ee32657e8f720a23cec1bfc77c77,0x8484ef722627bf18ca5ae6bcf031c23e6e922b30,40000000000000000,,,call,3443,3363,0_2,0,
10975887,5,1601631878,0x1acda48d7c475e7af1fbbf2e9bff968e4d1c8c56b9ad14d799cc83e144ba5293,0xa0c68c638235ee32657e8f720a23cec1bfc77c77,0x8484ef722627bf18ca5ae6bcf031c23e6e922b30,21698426115776208000,,,call,3443,3363,0_2,0,
10976011,5,1601633551,0x85d46a48cd7d53adb5820c9b573a1a7889eeb94c1d9e6e725c853b1a88368f16,0xa0c68c638235ee32657e8f720a23cec1bfc77c77,0x8484ef722627bf18ca5ae6bcf031c23e6e922b30,12000000000000000,,,call,3443,3363,0_2,0,
10976085,5,1601634659,0xebceeb5bc5874c3bd7f9f9bf9a6b0d7fe379e3bd92c747a9fb7e1c571b9130bb,0xa0c68c638235ee32657e8f720a23cec1bfc77c77,0x8484ef722627bf18ca5ae6bcf031c23e6e922b30,73721287049670320,,,call,3443,3363,0_2,0,
10976259,6,1601636812,0xa059e3e41ce92b791b45641c936e342d33d3f4630a63d4112c4a568d5ef69e27,0x8484ef722627bf18ca5ae6bcf031c23e6e922b30,0x5c070126c5ba8eeda8c9e15560083427459f53c2,500000000000000000,,,call,2300,0,0_2_0_0,0,
10976424,6,1601639281,0x03dc9a40888e99ad143490b1592de29894546d692483c3642c7cf198360ef762,0x8484ef722627bf18ca5ae6bcf031c23e6e922b30,0x51d741628a95c53c08318e757921558f87255fca,21698426115776208000,,,call,2300,0,0_2_0_0,0,
10976930,6,1601645873,0x6673adc77fcffbc1277293b12942a66c589485676c94eb4d4365df4806d4faab,0x8484ef722627bf18ca5ae6bcf031c23e6e922b30,0xad4489f64a8be791294116d3e99d2721c7f0a72a,111000000000000000,,,call,2300,0,0_2_0_0,0,
10976932,5,1601645892,0xb4c972df986746d3117af84efc7492192633de78bf38e2dde40be6c2f29dfe3d,0xa0c68c638235ee32657e8f720a23cec1bfc77c77,0x8484ef722627bf18ca5ae6bcf031c23e6e922b30,3000000000000000000,,,call,3443,3363,0_2,0,
10977010,5,1601646857,0xe9630380154622434ed77029e28d4f21f040b120570f8ac69b8a4d95c7ffa011,0xa0c68c638235ee32657e8f720a23cec1bfc77c77,0x8484ef722627bf18ca5ae6bcf031c23e6e922b30,112000000000000000,,,call,3443,3363,0_2,0,
10977207,6,1601649708,0x916e9d455f987e818a171ae1fd1b593d85563fb5a8a083087d34d93777cc8b9f,0x8484ef722627bf18ca5ae6bcf031c23e6e922b30,0xda67c6423fcd8abea9a02ef515edfb62880d2738,40000000000000000,,,call,2300,0,0_2_0_0,0,
10977229,5,1601649992,0x1bd6c77a105c537ed9f78842f1f0ca995d6b849cfd3c7829754f415affff7857,0xa0c68c638235ee32657e8f720a23cec1bfc77c77,0x8484ef722627bf18ca5ae6bcf031c23e6e922b30,1014000000000000000,,,call,3443,3363,0_2,0,
10977517,5,1601654054,0xf5e0965f956b53db5dd358362a6a410a68ca45022db8167501495e7c134cf5ff,0xa0c68c638235ee32657e8f720a23cec1bfc77c77,0x8484ef722627bf18ca5ae6bcf031c23e6e922b30,1800000000000000000,,,call,3443,3363,0_2,0,
10977729,5,1601656867,0xb931cd1a9753815203ade2cc0e496004928b0cee59799380e49d5e111ac6dc8b,0xa0c68c638235ee32657e8f720a23cec1bfc77c77,0x8484ef722627bf18ca5ae6bcf031c23e6e922b30,400000000000000000,,,call,3443,3363,0_2,0,
10977865,5,1601658955,0x624d64f92438af4251edd3e65916859a8b248c2343a56e45c8b9451d807d76e3,0xa0c68c638235ee32657e8f720a23cec1bfc77c77,0x8484ef722627bf18ca5ae6bcf031c23e6e922b30,332000000000000000,,,call,3443,3363,0_2,0,
10977937,6,1601659951,0x67c951e71e859b7943ede7a088ac1097220d0fd122cdc72c511c6577d27bc6a5,0x8484ef722627bf18ca5ae6bcf031c23e6e922b30,0x785239bbff630de492d9aa410abe70ac1e6a096e,1800000000000000000,,,call,2300,0,0_2_0_0,0,
10978099,5,1601662213,0xcc13451206a3b541e07534a2d2c7eb05a48f45f9a913c13eff9905bbc9efa053,0xa0c68c638235ee32657e8f720a23cec1bfc77c77,0x8484ef722627bf18ca5ae6bcf031c23e6e922b30,1011000000000000000,,,call,3443,3363,0_2,0,
10978381,5,1601666111,0x0883d30a01c5b33ea0f05894d3792b9f97e40d0f0ef9689195628a1db50956c2,0xa0c68c638235ee32657e8f720a23cec1bfc77c77,0x8484ef722627bf18ca5ae6bcf031c23e6e922b30,248000000000000000,,,call,3443,3363,0_2,0,
10978383,5,1601666123,0xb5fce10129336cd9ff799fd9cbe5d5f3cb5f55985d96b56e2f30755e7a8d7c46,0xa0c68c638235ee32657e8f720a23cec1bfc77c77,0x8484ef722627bf18ca5ae6bcf031c23e6e922b30,15000000000000000,,,call,3443,3363,0_2,0,
10978439,6,1601666824,0x9f755395d9915bea591e3fb5c9705f0132845fde71040235bae72efe8fc64f10,0x8484ef722627bf18ca5ae6bcf031c23e6e922b30,0xd6f64c02c14ac390bf5f772de6cd590f9412bd1c,30000000000000000,,,call,2300,0,0_2_0_0,0,
10978500,5,1601667469,0x8a4f53bb5ad1ee0dfc4d6f3968df5499c06a773c63a8aaeb34d5bd94d825ddcd,0xa0c68c638235ee32657e8f720a23cec1bfc77c77,0x8484ef722627bf18ca5ae6bcf031c23e6e922b30,58000000000000000,,,call,3443,3363,0_2,0,
10978533,5,1601667822,0x0937c042c73b6ff32534749e6353f8a7a2e789ce09e8e6a1677bb0f1f5402920,0xa0c68c638235ee32657e8f720a23cec1bfc77c77,0x8484ef722627bf18ca5ae6bcf031c23e6e922b30,1242000000000000000,,,call,3443,3363,0_2,0,
10978802,5,1601671647,0x0c5f222daa4fa224581caa8e10b9473471f3584dfea01dcc568a75879f49d6f6,0xa0c68c638235ee32657e8f720a23cec1bfc77c77,0x8484ef722627bf18ca5ae6bcf031c23e6e922b30,650000000000000000,,,call,3443,3363,0_2,0,
10979019,6,1601674367,0x428173b2c6842b44958f2598dde9296496732302395d45c16c64e4a2824fa4fe,0x8484ef722627bf18ca5ae6bcf031c23e6e922b30,0x95ad6e6aaea8bb4b2a2a4a505f8724f4e69d37dc,1011000000000000000,,,call,2300,0,0_2_0_0,0,
10979093,6,1601675346,0x46091dfb24a3cdf8d21d1e7c2c1b531c01bac2016e31747b0e3e1b8601d2ce8f,0x8484ef722627bf18ca5ae6bcf031c23e6e922b30,0x84e71859f0a73040ddab7d898910acdbcdf662e0,650000000000000000,,,call,2300,0,0_2_0_0,0,
10979146,5,1601675955,0x2d47c72e01b3682711968e0acb5584e851ae81b6dcbb6076b29d2e1d51c32902,0xa0c68c638235ee32657e8f720a23cec1bfc77c77,0x8484ef722627bf18ca5ae6bcf031c23e6e922b30,120000000000000000,,,call,3443,3363,0_2,0,
10979422,5,1601679742,0x7788719d2471fc33a0019bc9e499964b721e21f097f740d8925da6f284e7705e,0xa0c68c638235ee32657e8f720a23cec1bfc77c77,0x8484ef722627bf18ca5ae6bcf031c23e6e922b30,35000000000000000,,,call,3443,3363,0_2,0,
10979904,6,1601686641,0xc03421b6b72b2a83a3f9bdc11282ed8c08c2d796f34fa898fbe47f6709642219,0x8484ef722627bf18ca5ae6bcf031c23e6e922b30,0x2b4a3f89bf0263806d84d484bd2e5a286fa6724a,110000000000000000,,,call,2300,0,0_2_0_0,0,
10980054,5,1601688717,0xe654d3365cca1aefae3336ea7152da0fd1a473b3ccd3fa0a89ed261569404438,0xa0c68c638235ee32657e8f720a23cec1bfc77c77,0x8484ef722627bf18ca5ae6bcf031c23e6e922b30,60000000000000000,,,call,3443,3363,0_2,0,
10981269,6,1601705618,0x14f88553ab4e4920aca4d69f1505231bf8620937417a597bf5f1ead839d19840,0x8484ef722627bf18ca5ae6bcf031c23e6e922b30,0x82602a683bb9ecca55d0ca772cac631d5417489d,392000000000000000,,,call,2300,0,0_2_0_0,0,
10981334,6,1601706463,0x9a94de60c059312b998e94f27ba3544b7879a47ec8f158fb07d5dffe85462497,0x8484ef722627bf18ca5ae6bcf031c23e6e922b30,0x285973208cc8f2b65a57d3db370a614e714560c7,25000000000000000,,,call,2300,0,0_2_0_0,0,
10981896,5,1601713683,0x6d1fec17995ec46f3d461332cdbee3e19b87b2924e8edbb9784dc1022d46c05c,0xa0c68c638235ee32657e8f720a23cec1bfc77c77,0x8484ef722627bf18ca5ae6bcf031c23e6e922b30,836000000000000000,,,call,3443,3363,0_2,0,
10982019,5,1601715317,0x7b0ddcce1816078992036cac2420467dbfb0f42f8f1b14b1ddc5bcd76737e4f4,0xa0c68c638235ee32657e8f720a23cec1bfc77c77,0x8484ef722627bf18ca5ae6bcf031c23e6e922b30,45000000000000000,,,call,3443,3363,0_2,0,
10982241,5,1601718089,0x11daec2b450507fb2fb09606359d55f276e61370ddc93a038b8074ae317888b8,0xa0c68c638235ee32657e8f720a23cec1bfc77c77,0x8484ef722627bf18ca5ae6bcf031c23e6e922b30,3000000000000000,,,call,3443,3363,0_2,0,
10983144,5,1601730685,0x9af211325671c90cf365cce851b0c580bd2fefee22c20a63c58713fbde68774a,0xa0c68c638235ee32657e8f720a23cec1bfc77c77,0x8484ef722627bf18ca5ae6bcf031c23e6e922b30,140000000000000000,,,call,3443,3363,0_2,0,
10983322,6,1601733004,0xe24d811902e9a42d27b98272aaff2e6d3cb7f9d92fc3bc4ee82f8cbc6decdb49,0x8484ef722627bf18ca5ae6bcf031c23e6e922b30,0x3df364ed7e8a887f7f9c240f7e281a4ea05ce03f,35000000000000000,,,call,2300,0,0_2_0_0,0,
10983646,6,1601737589,0x5411cb56ff4116336286d5e0ca646cd6d12f2445b50b2f6be8096ca3c2b91bfe,0x8484ef722627bf18ca5ae6bcf031c23e6e922b30,0x2bddf175fddad0955ab0e76ede3562ec4d0acba0,140000000000000000,,,call,2300,0,0_2_0_0,0,
10983870,6,1601740468,0xc81304c849314566205bff8f72a9c1e37b714ba6b2a77f4d769f046081e05507,0x8484ef722627bf18ca5ae6bcf031c23e6e922b30,0xad742059c1536dabd8bd51134aa83b7fc7380a27,22000000000000000,,,call,2300,0,0_2_0_0,0,
10983961,5,1601741736,0xce697ae4c4dcee4c92bd050895e15cdc86e709bab6caa8a1f2830ce47a9c05cd,0xa0c68c638235ee32657e8f720a23cec1bfc77c77,0x8484ef722627bf18ca5ae6bcf031c23e6e922b30,1000000000000000,,,call,3443,3363,0_2,0,
10984070,6,1601743091,0x1f173d5b28dff5b7db889dea422a0977b4be72d18c27f4c4e4110da357e75ab2,0x8484ef722627bf18ca5ae6bcf031c23e6e922b30,0x5641f7cc35adfd8e934515bae0c7c190eb63e519,230000000000000000,,,call,2300,0,0_2_0_0,0,
10984933,5,1601754858,0x09fcdee4f16e8b6b14e3461c4e1d0c7841224ee97cf3cf972de25a1bafbb9f95,0xa0c68c638235ee32657e8f720a23cec1bfc77c77,0x8484ef722627bf18ca5ae6bcf031c23e6e922b30,10000000000000000,,,call,3443,3363,0_2,0,
10985183,5,1601758402,0xd14880930634fb747df723d47d3e047ad76cfcd43aaea59177cf55a5916b9a5d,0xa0c68c638235ee32657e8f720a23cec1bfc77c77,0x8484ef722627bf18ca5ae6bcf031c23e6e922b30,79000000000000000,,,call,3443,3363,0_2,0,
10985427,6,1601761503,0x1a869cac81c82ac4b49d230e1f96a075594d2c526f71e9c84ae9bcd5728199e9,0x8484ef722627bf18ca5ae6bcf031c23e6e922b30,0x11c0b2347c92903308e0a10bdd0ce99d0f649a46,362424777248158010,,,call,2300,0,0_2_0_0,0,
10985619,5,1601763921,0x7782ba934505deee4aeda681a32d4a5238419b265d6972897b08e5d106702929,0xa0c68c638235ee32657e8f720a23cec1bfc77c77,0x8484ef722627bf18ca5ae6bcf031c23e6e922b30,15000000000000000,,,call,3443,3363,0_2,0,
10986658,6,1601778138,0x8706b2938facdd3dd4712a1ac79d9e9c69e4f3a969ed6f6ba42fb5bb6d2d68ad,0x8484ef722627bf18ca5ae6bcf031c23e6e922b30,0x5f7b5e57e983ec942ae7ac40af6e8b247802f013,79000000000000000,,,call,2300,0,0_2_0_0,0,
10987253,5,1601786169,0xe61a38ddc683684836aec7bad2f983bb64b15aabeef19585f2831d7cfb80f440,0xa0c68c638235ee32657e8f720a23cec1bfc77c77,0x8484ef722627bf18ca5ae6bcf031c23e6e922b30,551000000000000000,,,call,3443,3363,0_2,0,
10987285,5,1601786620,0xf071843229223e9db3506f1e550c8ab17e878971443cb3b653a92a42b5bd2508,0xa0c68c638235ee32657e8f720a23cec1bfc77c77,0x8484ef722627bf18ca5ae6bcf031c23e6e922b30,273000000000000000,,,call,3443,3363,0_2,0,
10987390,5,1601787774,0x39c040236b80bf25f9fad8cc04da4c739ef69d1bf66c8fac3ba771393c811d0e,0xa0c68c638235ee32657e8f720a23cec1bfc77c77,0x8484ef722627bf18ca5ae6bcf031c23e6e922b30,111000000000000000,,,call,3443,3363,0_2,0,
10987485,5,1601789102,0xbbbe4b2be99f4ff9cd71ed916cd4190664618bdd8932c87b0ef127ebc293ce39,0xa0c68c638235ee32657e8f720a23cec1bfc77c77,0x8484ef722627bf18ca5ae6bcf031c23e6e922b30,1154528864917412800,,,call,3443,3363,0_2,0,
10987845,5,1601793934,0xb9cc74ee5a5f84e9f0608822056f25dc313f8792ab5bff587776bd0d9dc7174b,0xa0c68c638235ee32657e8f720a23cec1bfc77c77,0x8484ef722627bf18ca5ae6bcf031c23e6e922b30,64000000000000000,,,call,3443,3363,0_2,0,
10989318,5,1601813801,0x854261168595b93ae384f46413e7f6bfd524f06e5c19a5fb4735113acadfabe3,0xa0c68c638235ee32657e8f720a23cec1bfc77c77,0x8484ef722627bf18ca5ae6bcf031c23e6e922b30,20000000000000000,,,call,3443,3363,0_2,0,
10990088,5,1601824130,0x5c11a919fac06bdf5efcb37d9d592416cf388e746cafe4dc86714dd65a6f0c26,0xa0c68c638235ee32657e8f720a23cec1bfc77c77,0x8484ef722627bf18ca5ae6bcf031c23e6e922b30,10000000000000000,,,call,3443,3363,0_2,0,
10991021,6,1601837013,0x7c4aaa10a2f7dc6c56431c805feb25cebd755b6f9b32051d5102f14a7d80bd3b,0x8484ef722627bf18ca5ae6bcf031c23e6e922b30,0x3e2bbc9a45d1f45b2634ba9d004399100c6a1b6d,1610000000000000000,,,call,2300,0,0_2_0_0,0,
10991093,6,1601837916,0x1cc501a5a5e34bd9cf3a5b868982442dc916a36202f17da452837b27839f21e2,0x8484ef722627bf18ca5ae6bcf031c23e6e922b30,0xd392d581e85c77f8720b53d68be3bed9ab5d7b8f,20000000000000000,,,call,2300,0,0_2_0_0,0,
10991387,5,1601841819,0x4949d71e7c92263483d9785bc245b9cdd1045be5470ef618bd673ae350f910a9,0xa0c68c638235ee32657e8f720a23cec1bfc77c77,0x8484ef722627bf18ca5ae6bcf031c23e6e922b30,20000000000000000,,,call,3443,3363,0_2,0,
10991648,6,1601845365,0x16bc5f02cc977aff575153437d0f610ed7ce41484f0ce643157cf57a0845ef86,0x8484ef722627bf18ca5ae6bcf031c23e6e922b30,0x2ae265d987ece3f68ae8d6e726e4f73b313c6d21,1242000000000000000,,,call,2300,0,0_2_0_0,0,
10992008,6,1601850556,0x20999d5a01f2c687c258f260e358538eb16aa827fc749e7646ab78e8f112ed50,0x8484ef722627bf18ca5ae6bcf031c23e6e922b30,0xb8b7fbd673700f46215d2bf60baf20621b4412f4,836000000000000000,,,call,2300,0,0_2_0_0,0,
10992219,6,1601853608,0xfb8b91b0a965024597c45b0ce4565405f943973f610b08fd3b5683f6fb5e3921,0x8484ef722627bf18ca5ae6bcf031c23e6e922b30,0xd392d581e85c77f8720b53d68be3bed9ab5d7b8f,20000000000000000,,,call,2300,0,0_2_0_0,0,
10992377,5,1601855563,0x504a8b836fe6c69737f584651066115ad184f0cd5085e12116ad40ac020fc669,0xa0c68c638235ee32657e8f720a23cec1bfc77c77,0x8484ef722627bf18ca5ae6bcf031c23e6e922b30,231000000000000000,,,call,3443,3363,0_2,0,
10993611,6,1601872290,0x9611564393066b1efe2811dce0eba5e77d45134efbecd8ef851f23b60cb12c43,0x8484ef722627bf18ca5ae6bcf031c23e6e922b30,0xb193227adf09b4cfed9895ffacbdbe838ac02779,245000000000000000,,,call,2300,0,0_2_0_0,0,
10995320,6,1601895373,0xa6b1107f4b38c5f14f289df3643f4ac8cf0550e1002e33166718b030e1166020,0x8484ef722627bf18ca5ae6bcf031c23e6e922b30,0xc15b26ce655d7aa6dfa9353b67f3fea053b9c839,400000000000000000,,,call,2300,0,0_2_0_0,0,
10995915,5,1601903559,0x48131fdf72a68f4e0c33d042e53b80106e4b46635d2fcf7bd5e2f04dd2140b08,0xa0c68c638235ee32657e8f720a23cec1bfc77c77,0x8484ef722627bf18ca5ae6bcf031c23e6e922b30,5000000000000000,,,call,3443,3363,0_2,0,
10996074,5,1601905584,0xf104bca2e9c72d71b7ce4c58694213f25bb8b282916b7345f041dd441957b91e,0xa0c68c638235ee32657e8f720a23cec1bfc77c77,0x8484ef722627bf18ca5ae6bcf031c23e6e922b30,100000000000000000,,,call,3443,3363,0_2,0,
10996181,6,1601906928,0xef80918f76d2dec005f900f332082d711e054b5dc8fe76d5015fe70ce8d1e976,0x8484ef722627bf18ca5ae6bcf031c23e6e922b30,0xb193227adf09b4cfed9895ffacbdbe838ac02779,141054315169766734,,,call,2300,0,0_2_0_0,0,
10996388,5,1601909660,0xe8fd41a5d22208bf6aee2c184481356e8062c0042acd05ede134398df413580f,0xa0c68c638235ee32657e8f720a23cec1bfc77c77,0x8484ef722627bf18ca5ae6bcf031c23e6e922b30,400000000000000000,,,call,3443,3363,0_2,0,
10996484,6,1601910839,0x28fcdbc74515b97f967e529529a5c3e2834612fed45278ed52278f5b83e751a6,0x8484ef722627bf18ca5ae6bcf031c23e6e922b30,0xf026941540e63e3d5d614d1aaae5119da96cc95f,399000000000000000,,,call,2300,0,0_2_0_0,0,
10998080,6,1601932009,0x3479d785fbef4f88082aee6293e0de5ce727d6be2c2bc661a88e25bcfce013c6,0x8484ef722627bf18ca5ae6bcf031c23e6e922b30,0xdec6ea6314073fba83f0802e5cd44e9d3356b3a5,21000000000000000,,,call,2300,0,0_2_0_0,0,
10999102,5,1601945826,0xa4db7ea2a49ca7f768099366e8052377384cc518206a437767d7584e74d4213e,0xa0c68c638235ee32657e8f720a23cec1bfc77c77,0x8484ef722627bf18ca5ae6bcf031c23e6e922b30,19824763818774394,,,call,40489,3363,0_2,0,
11002958,5,1601997576,0x3de907bc30ee6ebb2f12448abe7ea17f931739de8655238c9db060478e51879e,0xa0c68c638235ee32657e8f720a23cec1bfc77c77,0x8484ef722627bf18ca5ae6bcf031c23e6e922b30,500000000000000000,,,call,3443,3363,0_2,0,
11004391,6,1602016839,0xb9664620af6b65bf3a14e756610d9f90547e9a2738b6220503cc59848b5b1224,0x8484ef722627bf18ca5ae6bcf031c23e6e922b30,0x7f9d39de53a3036463146e91e921cc9fbfcb2de4,39843257108396656,,,call,2300,0,0_2_0_0,0,
11004405,5,1602017002,0x66732fd289e0d2972a9145fa06d48827588ce63f302d1feea67a5fe62c4a4f41,0xa0c68c638235ee32657e8f720a23cec1bfc77c77,0x8484ef722627bf18ca5ae6bcf031c23e6e922b30,27000000000000000,,,call,3443,3363,0_2,0,
11005359,6,1602029377,0x7222ca2a759286b1e7545eb67194de31457289c9263b338e315ba6281bd37687,0x8484ef722627bf18ca5ae6bcf031c23e6e922b30,0xfb529fa0b4a0a7e7b61305881406fc0a351b74e8,40000000000000000,,,call,2300,0,0_2_0_0,0,
11006495,5,1602045267,0x4f82da5b1c7d67dc42736f76813a8fdfafae0379c08174b459e456225865e8a1,0xa0c68c638235ee32657e8f720a23cec1bfc77c77,0x8484ef722627bf18ca5ae6bcf031c23e6e922b30,31000000000000000,,,call,3443,3363,0_2,0,
11006838,5,1602050313,0x9ee8a81b3b524bfd4a3ae3c66585426f81d479639f6ea00df4de3e27b1b6f054,0xa0c68c638235ee32657e8f720a23cec1bfc77c77,0x8484ef722627bf18ca5ae6bcf031c23e6e922b30,20000000000000000,,,call,3443,3363,0_2,0,
11007632,6,1602060808,0x5d48a338f1bae448b507baf669f4368d1d34248460bed225aeb8ad43c31aeecd,0x8484ef722627bf18ca5ae6bcf031c23e6e922b30,0x3e32a27d472a5ea1e5f04435dab74d5b3ae12113,31000000000000000,,,call,2300,0,0_2_0_0,0,
11007703,5,1602061858,0x16855fa15041bb3208cf6b29bc1c10d4d48f2edf25feca19bc3dca7d1d309796,0xa0c68c638235ee32657e8f720a23cec1bfc77c77,0x8484ef722627bf18ca5ae6bcf031c23e6e922b30,1000000000000000000,,,call,3443,3363,0_2,0,
11007838,5,1602063890,0xbb59c7320be38a8ae9a00b1731f19c442e10546b9519b09ea68c7d1e31a3181c,0xa0c68c638235ee32657e8f720a23cec1bfc77c77,0x8484ef722627bf18ca5ae6bcf031c23e6e922b30,400000000000000000,,,call,3443,3363,0_2,0,
11007976,5,1602065396,0x03539d8a1dd4a5ac1256062772a32e8db73f67702d4d9e4ce7bbbaf561f6ea73,0xa0c68c638235ee32657e8f720a23cec1bfc77c77,0x8484ef722627bf18ca5ae6bcf031c23e6e922b30,500000000000000000,,,call,3443,3363,0_2,0,
11008315,5,1602070105,0x4fd32d5923dc4500ac20b4f5683cb67dfe5c4467a4a6554e55b55d080f6e0744,0xa0c68c638235ee32657e8f720a23cec1bfc77c77,0x8484ef722627bf18ca5ae6bcf031c23e6e922b30,1245000000000000000,,,call,3443,3363,0_2,0,
11008622,6,1602074056,0x9cfbb8c3fbe301f6491ae99fa10a0472447a08f75e91273a5848cc6ed29e9f26,0x8484ef722627bf18ca5ae6bcf031c23e6e922b30,0xdfa28fb04d9404ad6543762ca8a2c621418a57da,1245000000000000000,,,call,2300,0,0_2_0_0,0,
11008632,6,1602074169,0x8ce8d8663f43bfe5e5f425b66e79889d7e4c9d302245d640840bb509247bb58f,0x8484ef722627bf18ca5ae6bcf031c23e6e922b30,0x52180526b67a8b4011e756601ba498bff111521b,29520115591675740,,,call,2300,0,0_2_0_0,0,
11008878,6,1602077285,0x24a001fd5866bb67419eea5ea692b9abdb7a050a9863d16f261c646ce2c47e98,0x8484ef722627bf18ca5ae6bcf031c23e6e922b30,0x52180526b67a8b4011e756601ba498bff111521b,470479884408324260,,,call,2300,0,0_2_0_0,0,
11009112,5,1602080611,0x6342c9061bffb27e205a16c2cd9665d597b7975f290f5e59e0e97297a80f3929,0xa0c68c638235ee32657e8f720a23cec1bfc77c77,0x8484ef722627bf18ca5ae6bcf031c23e6e922b30,500000000000000000,,,call,3443,3363,0_2,0,
11009254,6,1602082713,0xf711025c0ddbb995eea1033346c7c2a75f231106ad37de86906fe6dde135a07c,0x8484ef722627bf18ca5ae6bcf031c23e6e922b30,0xaad444497288ca26a30b9c8ae81e9dc8a647465f,15000000000000000,,,call,2300,0,0_2_0_0,0,
11009260,5,1602082778,0xa52afd95d6e097cd9e7edd3d0c5aaf14f674d529a34a22b7e765ebb05c5fb6bb,0xa0c68c638235ee32657e8f720a23cec1bfc77c77,0x8484ef722627bf18ca5ae6bcf031c23e6e922b30,100000000000000000,,,call,3443,3363,0_2,0,
11009542,5,1602086408,0xe95060362a9f95107dfb49df2d620e841120f12a294865b51d34b5cbe39b4999,0xa0c68c638235ee32657e8f720a23cec1bfc77c77,0x8484ef722627bf18ca5ae6bcf031c23e6e922b30,6175000000000000000,,,call,3443,3363,0_2,0,
11009628,5,1602087656,0x1a7a1c7be627cb8642495d2d78d1a520d2b635d2c6a348deab0ee6732a517731,0xa0c68c638235ee32657e8f720a23cec1bfc77c77,0x8484ef722627bf18ca5ae6bcf031c23e6e922b30,153000000000000000,,,call,3443,3363,0_2,0,
11010159,5,1602094823,0x8c3e4c4a545c621fbb8571146f6aff03d00a0996e34d22b0e493b34ffe1c82cd,0xa0c68c638235ee32657e8f720a23cec1bfc77c77,0x8484ef722627bf18ca5ae6bcf031c23e6e922b30,21000000000000000,,,call,3443,3363,0_2,0,
11010550,6,1602100271,0x6f9fb6e849387f1a34a80427009e84c917cb1c28d7756a13352fcfa1a4abe706,0x8484ef722627bf18ca5ae6bcf031c23e6e922b30,0x4085e9fb679dd2f60c2e64afe9533107fa1c18f2,488000000000000000,,,call,2300,0,0_2_0_0,0,
11010920,5,1602105441,0xe10fb3e7d0783500e693dc91e20fa088eb6770c8b17dca38895c2feaa7aafb73,0xa0c68c638235ee32657e8f720a23cec1bfc77c77,0x8484ef722627bf18ca5ae6bcf031c23e6e922b30,10000000000000000,,,call,3443,3363,0_2,0,
11013399,6,1602139171,0xb73c8c50b7269ebc9795f672a5ec8646431eac264121cd0e35c0139cb610627d,0x8484ef722627bf18ca5ae6bcf031c23e6e922b30,0x6adf19594bc5cd86b4fab4ba1c2b8bc6a8e74ed3,10000000000000000,,,call,2300,0,0_2_0_0,0,
11013449,5,1602139949,0xb894b7bf5fd0ef2b05a023599be9f0c29bd725b8e89fc2dc0bd7fb84ace95a02,0xa0c68c638235ee32657e8f720a23cec1bfc77c77,0x8484ef722627bf18ca5ae6bcf031c23e6e922b30,80000000000000000,,,call,3443,3363,0_2,0,
11013547,6,1602141419,0xe7bc18f56abc3e2966198a17270c995426f6df5d9a008f96c578fa13b5262a5a,0x8484ef722627bf18ca5ae6bcf031c23e6e922b30,0x2df3c27529d972dae05152aa95e28dc17b3dade6,300000000000000000,,,call,2300,0,0_2_0_0,0,
11013652,5,1602142676,0x866201ffd0ead2da74d759607e31629fb45eff9e6cf2b30f075119cb4ad26870,0xa0c68c638235ee32657e8f720a23cec1bfc77c77,0x8484ef722627bf18ca5ae6bcf031c23e6e922b30,35000000000000000,,,call,3443,3363,0_2,0,
11013695,5,1602143166,0xe9fb33880e353dadc5b8ac33218a844cb392755e64a0a937422282331f7f5cd2,0xa0c68c638235ee32657e8f720a23cec1bfc77c77,0x8484ef722627bf18ca5ae6bcf031c23e6e922b30,70911967471411140,,,call,3443,3363,0_2,0,
11015356,6,1602166190,0x651f94263a700a03e6da12789c56913571f6924be5033e9a7d2046798503f4ea,0x8484ef722627bf18ca5ae6bcf031c23e6e922b30,0xb16b5c920708925579028a638fccde88b31e1643,4000000000000000000,,,call,2300,0,0_2_0_0,0,
11015694,5,1602170628,0x00bef2365799646331d498cf735b4b7ef4a680dd6fd297ec5bf243d656b9311b,0xa0c68c638235ee32657e8f720a23cec1bfc77c77,0x8484ef722627bf18ca5ae6bcf031c23e6e922b30,29078437435799492,,,call,3443,3363,0_2,0,
11015778,5,1602171773,0x22138d2c0008588644fc200893d29e25e06b6dba0e162c92d064ba56d1c29ff5,0xa0c68c638235ee32657e8f720a23cec1bfc77c77,0x8484ef722627bf18ca5ae6bcf031c23e6e922b30,28611419654347905,,,call,3443,3363,0_2,0,
11016156,5,1602176748,0xeece4b4d6b6f7cd34c996ff900644c6460d7cd61e7fca94b5a5fa7c55b48cc89,0xa0c68c638235ee32657e8f720a23cec1bfc77c77,0x8484ef722627bf18ca5ae6bcf031c23e6e922b30,185136000000000000,,,call,3443,3363,0_2,0,
11017008,6,1602188766,0x011491d4a8203dede63847574f6aa78cd6d75a394e51e9f50c2c8cf3c413042a,0x8484ef722627bf18ca5ae6bcf031c23e6e922b30,0xd89945d1ff385c06cb531a1c2d06a71bba82899e,100000000000000000,,,call,2300,0,0_2_0_0,0,
11017169,6,1602190897,0x4fb8a18a6cf2b5a9a412127233fcfcfe4481ac87cfc8abdbdb3be992050705f4,0x8484ef722627bf18ca5ae6bcf031c23e6e922b30,0xc6ab35d0f7b64f3b1287ed463aeafb6d47b3ab7f,1000000000000000000,,,call,2300,0,0_2_0_0,0,
11017238,5,1602191902,0x20232a504e672d38f8de6a41a551b7db210856447677d593ba132cc2dbad9458,0xa0c68c638235ee32657e8f720a23cec1bfc77c77,0x8484ef722627bf18ca5ae6bcf031c23e6e922b30,500000000000000000,,,call,3443,3363,0_2,0,
11017366,5,1602193770,0x07fae4ae00f82072b02a79301cf635ee3beca05ed5fc3215b9510eaa48ca03ba,0xa0c68c638235ee32657e8f720a23cec1bfc77c77,0x8484ef722627bf18ca5ae6bcf031c23e6e922b30,1000000000000000000,,,call,3443,3363,0_2,0,
11017471,5,1602195171,0x5172437f4cd92195b918a794ee9cd242c411ec16122bc5cf6ee44f47c8720a5c,0xa0c68c638235ee32657e8f720a23cec1bfc77c77,0x8484ef722627bf18ca5ae6bcf031c23e6e922b30,1000000000000000000,,,call,3443,3363,0_2,0,
11018775,5,1602213075,0x3981abf457a81820ff9fcbdfac4f25bda807e23a1b682159e9ba9c3d61b62c26,0xa0c68c638235ee32657e8f720a23cec1bfc77c77,0x8484ef722627bf18ca5ae6bcf031c23e6e922b30,711961756486698900,,,call,3443,3363,0_2,0,
11018795,5,1602213356,0xd048af4ee66fed740d65623621dd15291069e46362eed272615cb7145ec97f6a,0xa0c68c638235ee32657e8f720a23cec1bfc77c77,0x8484ef722627bf18ca5ae6bcf031c23e6e922b30,10000000000000000,,,call,3443,3363,0_2,0,
11019092,5,1602217237,0x3b46c5a6e2eac72cd2e00108eb5cf364654c432c74f4c89d819765165b3fcc2a,0xa0c68c638235ee32657e8f720a23cec1bfc77c77,0x8484ef722627bf18ca5ae6bcf031c23e6e922b30,113000000000000000,,,call,3443,3363,0_2,0,
11019169,5,1602218141,0x937cd30c8ae3cb152d4581e9b77579cc5f23f7a51d723ba9333501759e942f17,0xa0c68c638235ee32657e8f720a23cec1bfc77c77,0x8484ef722627bf18ca5ae6bcf031c23e6e922b30,1000000000000000000,,,call,3443,3363,0_2,0,
11019367,5,1602220998,0x9a8536ff7db836c633ddebd95ceebcc8a161132d670450755e2b1b994b5069b9,0xa0c68c638235ee32657e8f720a23cec1bfc77c77,0x8484ef722627bf18ca5ae6bcf031c23e6e922b30,17000000000000000,,,call,3443,3363,0_2,0,
11019549,5,1602223353,0xfd3fff0876ae76394c9bd40320e610046155026921ab5f61f4587083216ecf25,0xa0c68c638235ee32657e8f720a23cec1bfc77c77,0x8484ef722627bf18ca5ae6bcf031c23e6e922b30,76000000000000000,,,call,3443,3363,0_2,0,
11020129,5,1602231496,0x8baac3e92b336690d75274306000236555d5dc44ad2f3cae0b60399bf097cdeb,0xa0c68c638235ee32657e8f720a23cec1bfc77c77,0x8484ef722627bf18ca5ae6bcf031c23e6e922b30,7700000000000000000,,,call,3443,3363,0_2,0,
11020372,5,1602234768,0x5f3e4b635cc00950265d56a7fac4d39e5cefbb1e75a15374c0be1fe3f9e24a65,0xa0c68c638235ee32657e8f720a23cec1bfc77c77,0x8484ef722627bf18ca5ae6bcf031c23e6e922b30,313351423568319100,,,call,3443,3363,0_2,0,
11020390,6,1602234992,0x442c8e0a175d27e9e85bbf31dd4d840222867e287e13e03cedc6f8423627f7e5,0x8484ef722627bf18ca5ae6bcf031c23e6e922b30,0xcdddcf576e2018ea8d22461137a8f1bf9ab4f8c1,1010000000000000000,,,call,2300,0,0_2_0_0,0,
11020394,5,1602235041,0x1317c3292a7826f59696ed28b1dea0af7d99ad6a8329c7dc0052bdb59d0ef616,0xa0c68c638235ee32657e8f720a23cec1bfc77c77,0x8484ef722627bf18ca5ae6bcf031c23e6e922b30,215000000000000000,,,call,3443,3363,0_2,0,
11020402,5,1602235147,0x4856346c1126adfdc9805aabe2db406cf637630efb45cc66e7e8e29904129600,0xa0c68c638235ee32657e8f720a23cec1bfc77c77,0x8484ef722627bf18ca5ae6bcf031c23e6e922b30,1000000000000000000,,,call,3443,3363,0_2,0,
11020560,5,1602237459,0xec21cbdf63e4222eb38d0395f8bc15988c74e6a2f0dacf78e05bfc438fefbd83,0xa0c68c638235ee32657e8f720a23cec1bfc77c77,0x8484ef722627bf18ca5ae6bcf031c23e6e922b30,759000000000000000,,,call,3443,3363,0_2,0,
11020834,5,1602241091,0xcd051eba44a7507b826b441af63f42b6bfb4d81120674cdb7e6a6551a218e11a,0xa0c68c638235ee32657e8f720a23cec1bfc77c77,0x8484ef722627bf18ca5ae6bcf031c23e6e922b30,40000000000000000,,,call,3443,3363,0_2,0,
11021300,5,1602247223,0x66d01dc8fdaed270223f3695a4c8359260af4a27f5e3b0c008d99d9f47ceb919,0xa0c68c638235ee32657e8f720a23cec1bfc77c77,0x8484ef722627bf18ca5ae6bcf031c23e6e922b30,10000000000000000,,,call,3443,3363,0_2,0,
11021346,6,1602247808,0x5aec854da0f44d6da9057cddf918a79c5cc0a3cff4def481551ff086695149d1,0x8484ef722627bf18ca5ae6bcf031c23e6e922b30,0x57bac67b518b859cd1bd1733eed0fabd146550a8,70911967471411140,,,call,2300,0,0_2_0_0,0,
11021612,5,1602251240,0x0c25987de832f6c6113242e90d3dee53e41384f41b8a08307dbe65f5016bb8f3,0xa0c68c638235ee32657e8f720a23cec1bfc77c77,0x8484ef722627bf18ca5ae6bcf031c23e6e922b30,13600000000000000000,,,call,3443,3363,0_2,0,
11021766,5,1602253136,0xef5256354f8ea5e9052f6357a287b0cfb253443847ef00dca3c95cc44b64c505,0xa0c68c638235ee32657e8f720a23cec1bfc77c77,0x8484ef722627bf18ca5ae6bcf031c23e6e922b30,250000000000000000,,,call,3443,3363,0_2,0,
11022086,5,1602257490,0xd15a0e877f648d67f4993ede0eb9155121f103ee760e47cccb241cc006f99395,0xa0c68c638235ee32657e8f720a23cec1bfc77c77,0x8484ef722627bf18ca5ae6bcf031c23e6e922b30,13000000000000000000,,,call,3443,3363,0_2,0,
11022120,5,1602258024,0x956d86765ebee09dd00c57a9d014ed78942bbfffb692d6a91524c01922e6f5b8,0xa0c68c638235ee32657e8f720a23cec1bfc77c77,0x8484ef722627bf18ca5ae6bcf031c23e6e922b30,100000000000000000,,,call,3443,3363,0_2,0,
11022241,6,1602259697,0x35d1457cdf9549042edac49922f0d3afd7088f19f84f2cf19704e26c7a309060,0x8484ef722627bf18ca5ae6bcf031c23e6e922b30,0x3a3355805181ba5752cb52cebe8c95c0f3ed3d61,100000000000000000,,,call,2300,0,0_2_0_0,0,
11022261,5,1602259982,0xfdde8e05f9f277b529c3c3905c1d7fe3b05e4b0795b02e93aea17f589376f4b6,0xa0c68c638235ee32657e8f720a23cec1bfc77c77,0x8484ef722627bf18ca5ae6bcf031c23e6e922b30,165900000000000000,,,call,3443,3363,0_2,0,
11022291,5,1602260376,0x2fc4df1ce20fc2f439ff5c9c95f8a39be19ac699e992af12d0d0730799417724,0xa0c68c638235ee32657e8f720a23cec1bfc77c77,0x8484ef722627bf18ca5ae6bcf031c23e6e922b30,2000000000000000,,,call,3443,3363,0_2,0,
11022369,5,1602261442,0x7e2dd1d6843724f82a402463e50c716601a5892649143814f7160dea16804ecd,0xa0c68c638235ee32657e8f720a23cec1bfc77c77,0x8484ef722627bf18ca5ae6bcf031c23e6e922b30,66533333378664710,,,call,3443,3363,0_2,0,
11022375,5,1602261527,0x2cf31aadfd2723d4ca40512c7890c2fe6d4d33f826857a083b4cfb11327dc9bd,0xa0c68c638235ee32657e8f720a23cec1bfc77c77,0x8484ef722627bf18ca5ae6bcf031c23e6e922b30,1000000000000000000,,,call,3443,3363,0_2,0,
11022379,5,1602261584,0x9f6f0f02909601fca6a8d9908c5ff7fe6188fdbd637d682fe52124ee6a6bdd1d,0xa0c68c638235ee32657e8f720a23cec1bfc77c77,0x8484ef722627bf18ca5ae6bcf031c23e6e922b30,1717000000000000000,,,call,3443,3363,0_2,0,
11022493,5,1602263116,0x1b14136f8c98dbcd545dbe79bd85fd95a414e87c46ea487b4abc123b0ee70c4d,0xa0c68c638235ee32657e8f720a23cec1bfc77c77,0x8484ef722627bf18ca5ae6bcf031c23e6e922b30,1900000000000000000,,,call,3443,3363,0_2,0,
11022569,5,1602264321,0x28c48905f08e95067a15794740a1f71aeacbda7acd76359f72668edd3ba1f654,0xa0c68c638235ee32657e8f720a23cec1bfc77c77,0x8484ef722627bf18ca5ae6bcf031c23e6e922b30,256000000000000000,,,call,3443,3363,0_2,0,
11022746,5,1602266611,0x58ee824903be977dbb87408f58a49941fecb9150a67d5e768af4bc11ed9b03cd,0xa0c68c638235ee32657e8f720a23cec1bfc77c77,0x8484ef722627bf18ca5ae6bcf031c23e6e922b30,150000000000000000,,,call,3443,3363,0_2,0,
11022754,5,1602266747,0x15f9387edd4b68750807f7f732d7ac84743460bb81a8bf8ce7ea4d6224c71c7c,0xa0c68c638235ee32657e8f720a23cec1bfc77c77,0x8484ef722627bf18ca5ae6bcf031c23e6e922b30,30000000000000000,,,call,3443,3363,0_2,0,
11023188,5,1602272984,0x0cc133ae7f3f65e5623f43662e2597931f25b6e1f7076bbf20fae9bacb8483a3,0xa0c68c638235ee32657e8f720a23cec1bfc77c77,0x8484ef722627bf18ca5ae6bcf031c23e6e922b30,113000000000000000,,,call,3443,3363,0_2,0,
11023763,5,1602280627,0x6a6fe95bfc5d23054fe555e3c7a7673fcae316f4a9e62acde532f3b66e1a8c5d,0xa0c68c638235ee32657e8f720a23cec1bfc77c77,0x8484ef722627bf18ca5ae6bcf031c23e6e922b30,110092673571031830,,,call,3443,3363,0_2,0,
11024025,5,1602283933,0x359d61cec91ac528d7f34c0e5df3570f51df9dcd1b23c802b31d71d129e8a01d,0xa0c68c638235ee32657e8f720a23cec1bfc77c77,0x8484ef722627bf18ca5ae6bcf031c23e6e922b30,10000000000000000000,,,call,3443,3363,0_2,0,
11024268,5,1602286956,0xce2ba975f689305648ff59873a2fdb7bb11c903d4f3d84bcd755e6ace99e5f20,0xa0c68c638235ee32657e8f720a23cec1bfc77c77,0x8484ef722627bf18ca5ae6bcf031c23e6e922b30,2830000000000000000,,,call,3443,3363,0_2,0,
11024353,5,1602288199,0x6d285687fdc243b6f8cf076e74f515e1c2b88183646c42f9a2cfbfd76e15ed64,0xa0c68c638235ee32657e8f720a23cec1bfc77c77,0x8484ef722627bf18ca5ae6bcf031c23e6e922b30,500000000000000000,,,call,3443,3363,0_2,0,
11024531,5,1602290547,0xd8fb192eadc83179d2ad2c9a71fea0faaa9e43fef88eeb761c1601eb46f4cda4,0xa0c68c638235ee32657e8f720a23cec1bfc77c77,0x8484ef722627bf18ca5ae6bcf031c23e6e922b30,78000000000000000,,,call,3443,3363,0_2,0,
11024675,5,1602292498,0xe032b8112504bebf2909adf87bfda4769edd91a0140d45f88a4a60249456ffe7,0xa0c68c638235ee32657e8f720a23cec1bfc77c77,0x8484ef722627bf18ca5ae6bcf031c23e6e922b30,300000000000000000,,,call,3443,3363,0_2,0,
11024698,5,1602292775,0xcd11b14c32d7703cd655416150129ef6ed5ca0ee0068806103a14b2a278fabb4,0xa0c68c638235ee32657e8f720a23cec1bfc77c77,0x8484ef722627bf18ca5ae6bcf031c23e6e922b30,37000000000000000,,,call,3443,3363,0_2,0,
11025127,6,1602298660,0x3b6ed47f4d9f1e38aa874c5153c341bee998e9b2c8593351ad7629265391faf7,0x8484ef722627bf18ca5ae6bcf031c23e6e922b30,0xae71fa101f9aa617231a8a10c8d600c83bc2f892,37000000000000000,,,call,2300,0,0_2_0_0,0,
11025176,6,1602299215,0x14381b0dc4047771ab42a39dd47af31bbf79e844d8c2311bdb590d52ff645d43,0x8484ef722627bf18ca5ae6bcf031c23e6e922b30,0x4cd41a61471639af0fc607acf88ce9010709f282,25000000000000000,,,call,2300,0,0_2_0_0,0,
11025332,5,1602301349,0x20decdabb4c4219c3a5d2483fd2c8d06d8af89fbb4604869215267fdd5d0faac,0xa0c68c638235ee32657e8f720a23cec1bfc77c77,0x8484ef722627bf18ca5ae6bcf031c23e6e922b30,4021000000000000000,,,call,3443,3363,0_2,0,
11025357,5,1602301701,0x1f7f7cc3fbcda2c81a9b5b49e758703f1c55f96114ce53a50002bfd498a0b69c,0xa0c68c638235ee32657e8f720a23cec1bfc77c77,0x8484ef722627bf18ca5ae6bcf031c23e6e922b30,3900000000000000000,,,call,3443,3363,0_2,0,
11025460,5,1602303105,0x709b6e731e1ee67f3c6372252b5649df2b40515e37b2bd61205b48122d8ac926,0xa0c68c638235ee32657e8f720a23cec1bfc77c77,0x8484ef722627bf18ca5ae6bcf031c23e6e922b30,13000000000000000,,,call,3443,3363,0_2,0,
11025512,5,1602303742,0x6a7ce81e1cc1a6d8ec90d6c354d6e0c12aae664e182ea48cd2a4bea9b8fa7eed,0xa0c68c638235ee32657e8f720a23cec1bfc77c77,0x8484ef722627bf18ca5ae6bcf031c23e6e922b30,250000000000000000,,,call,3443,3363,0_2,0,
11025590,5,1602304817,0x8de0bc5c6ba8a47cb775ae383dbadc5f6eac6118a67a71dae8e9dbe0f66998cf,0xa0c68c638235ee32657e8f720a23cec1bfc77c77,0x8484ef722627bf18ca5ae6bcf031c23e6e922b30,51000000000000000,,,call,3443,3363,0_2,0,
11025789,5,1602307541,0x9a03d3eadfcb920ec81606b34a33702cea52fa37593390aac42994b7ebf38df4,0xa0c68c638235ee32657e8f720a23cec1bfc77c77,0x8484ef722627bf18ca5ae6bcf031c23e6e922b30,60000000000000000,,,call,3443,3363,0_2,0,
11025796,6,1602307681,0x90e2498fb536de3242bd5666da36ae60e7f8589a0b1ff4fa6b6a8c61b5567272,0x8484ef722627bf18ca5ae6bcf031c23e6e922b30,0xda79700515639ad30aba43ab1df97419c783195d,7921000000000000000,,,call,2300,0,0_2_0_0,0,
11025826,5,1602308017,0x01713b93f1ff3e6af05b2ee0e0545a527d3417abbd8d5370d82971159f76a59d,0xa0c68c638235ee32657e8f720a23cec1bfc77c77,0x8484ef722627bf18ca5ae6bcf031c23e6e922b30,30000000000000000,,,call,3443,3363,0_2,0,
11025828,5,1602308064,0x9e00a8a3b9401bf2db13bff89cc531292bd2cde90548c99c687b7eec50041078,0xa0c68c638235ee32657e8f720a23cec1bfc77c77,0x8484ef722627bf18ca5ae6bcf031c23e6e922b30,750000000000000000,,,call,3443,3363,0_2,0,
11025922,5,1602309241,0x62bb6d4ffb9a612d6506a599e4731f7a4ffb2d0740259a69f24c04315c13f89b,0xa0c68c638235ee32657e8f720a23cec1bfc77c77,0x8484ef722627bf18ca5ae6bcf031c23e6e922b30,20000000000000000,,,call,3443,3363,0_2,0,
11025997,5,1602310326,0xd23380e20f061162e16d1fe9ac2fc89ce8edc5b48aef7cf28e93cef1fdd303cc,0xa0c68c638235ee32657e8f720a23cec1bfc77c77,0x8484ef722627bf18ca5ae6bcf031c23e6e922b30,334000000000000000,,,call,3443,3363,0_2,0,
11026053,5,1602311036,0x23eb1ecaf6176495e411a2ebedd5a7c9cf6b9624fdcc0b6e8e3d1a1451fa7a7c,0xa0c68c638235ee32657e8f720a23cec1bfc77c77,0x8484ef722627bf18ca5ae6bcf031c23e6e922b30,5339450146907862000,,,call,3443,3363,0_2,0,
11026087,5,1602311501,0x440680b0119ed153a47147ea8c20e0e5e7d849e92a6c5a2c66e8e68274c7a966,0xa0c68c638235ee32657e8f720a23cec1bfc77c77,0x8484ef722627bf18ca5ae6bcf031c23e6e922b30,17000000000000000,,,call,3443,3363,0_2,0,
11026239,6,1602313209,0xc351a8fab9a5fbd6e872be6365e4aab030c880b0ed1dc95476b7dcae4a58534e,0x8484ef722627bf18ca5ae6bcf031c23e6e922b30,0xe8e1874958cecc8c4f45149cc3ecdfa83785a930,988961427564854076,,,call,2300,0,0_2_0_0,0,
11026350,6,1602314602,0xbd84cbfa7850a4f4d0556ab15868988746fb12de3c35fbd137ae557152a53aa3,0x8484ef722627bf18ca5ae6bcf031c23e6e922b30,0xe8e1874958cecc8c4f45149cc3ecdfa83785a930,1636618012399244550,,,call,2300,0,0_2_0_0,0,
11026413,5,1602315412,0xee88822108ef410e09891d3541ab912524cdc90e6efb1fa666081c7573c19e12,0xa0c68c638235ee32657e8f720a23cec1bfc77c77,0x8484ef722627bf18ca5ae6bcf031c23e6e922b30,1500000000000000000,,,call,3443,3363,0_2,0,
11026450,5,1602315929,0xe984785a98a4735c200679e0a2b89571b87fa9cc951395fc555f54063149e00a,0xa0c68c638235ee32657e8f720a23cec1bfc77c77,0x8484ef722627bf18ca5ae6bcf031c23e6e922b30,650000000000000000,,,call,3443,3363,0_2,0,
11026544,5,1602317129,0x88566f901981fbd5c18f820f135268582410aa4b43495a6ff0f1c3882601893d,0xa0c68c638235ee32657e8f720a23cec1bfc77c77,0x8484ef722627bf18ca5ae6bcf031c23e6e922b30,2900000000000000000,,,call,3443,3363,0_2,0,
11026685,5,1602318991,0x9728e8d0658eb97d6e5400e779935c41087994215effdb4cef810c3e70516ea0,0xa0c68c638235ee32657e8f720a23cec1bfc77c77,0x8484ef722627bf18ca5ae6bcf031c23e6e922b30,1000000000000000000,,,call,3443,3363,0_2,0,
11026698,6,1602319097,0x3b982b07585e9983244e0cd01098e06e96bcbd1092d1145244829270a427596e,0x8484ef722627bf18ca5ae6bcf031c23e6e922b30,0x91caab3c0e9111043c97f5b3f10f614a193a11c9,10000000000000000000,,,call,2300,0,0_2_0_0,0,
11026871,5,1602321220,0x941a47151849cf2b2a3f9e284b6da4711cdb0f37c10eff2ba9e45114cadf3243,0xa0c68c638235ee32657e8f720a23cec1bfc77c77,0x8484ef722627bf18ca5ae6bcf031c23e6e922b30,480000000000000000,,,call,3443,3363,0_2,0,
11026941,5,1602322005,0x483eff85e2c36773f6721d38c3f880a64cca31dc8765ae8d21639f9fc25b2173,0xa0c68c638235ee32657e8f720a23cec1bfc77c77,0x8484ef722627bf18ca5ae6bcf031c23e6e922b30,9200000000000000000,,,call,3443,3363,0_2,0,
11026994,5,1602322740,0xfe2f645dad6af8db66c5b5e7e158a3cf05795fe2e6d96175367edcc6f04c054b,0xa0c68c638235ee32657e8f720a23cec1bfc77c77,0x8484ef722627bf18ca5ae6bcf031c23e6e922b30,50000000000000000000,,,call,3443,3363,0_2,0,
11027071,6,1602323925,0x31e9ee164868fe256fbb9fe03464bc66d11d56039b465b676e7ad5fbcc80f5a9,0x8484ef722627bf18ca5ae6bcf031c23e6e922b30,0xc42b499f9609f3c38e2f076a4885fc50e73d726b,75000000000000000,,,call,2300,0,0_2_0_0,0,
11027105,5,1602324329,0xda063875c6936a5c27235fe79c399f495bc1b1f3c9fc555c0410f0e8d7f1b159,0xa0c68c638235ee32657e8f720a23cec1bfc77c77,0x8484ef722627bf18ca5ae6bcf031c23e6e922b30,150000000000000000,,,call,3443,3363,0_2,0,
11027186,5,1602325435,0x3c95f61abe2c079d91c862bab03174763aca2218433a207a65e8973a4354ef59,0xa0c68c638235ee32657e8f720a23cec1bfc77c77,0x8484ef722627bf18ca5ae6bcf031c23e6e922b30,20000000000000000000,,,call,3443,3363,0_2,0,
11027264,5,1602326538,0x8aca355502d71876ab26911abac0d7d06ad5e258237062ae02646fc2ebfbc36f,0xa0c68c638235ee32657e8f720a23cec1bfc77c77,0x8484ef722627bf18ca5ae6bcf031c23e6e922b30,3000000000000000000,,,call,3443,3363,0_2,0,
11027321,6,1602327322,0x785e541b6b6c193ef29172d49fe72f0719aef007efb5cf5dba8761a209be41c0,0x8484ef722627bf18ca5ae6bcf031c23e6e922b30,0xe8e1874958cecc8c4f45149cc3ecdfa83785a930,5044381859281096957,,,call,2300,0,0_2_0_0,0,
11027651,5,1602332215,0xe2d181ae0434cc1ccf7308cca847aef9d314c8910028743a3a9334bef6e73b5e,0xa0c68c638235ee32657e8f720a23cec1bfc77c77,0x8484ef722627bf18ca5ae6bcf031c23e6e922b30,402383087115202800,,,call,3443,3363,0_2,0,
11027726,6,1602333272,0x5c20187436e62ba27702f0fcf72649816b26613a770e1581e1495e566ac6dcd7,0x8484ef722627bf18ca5ae6bcf031c23e6e922b30,0xd0b53c43d3e0b58909c38487aa0c3af7dfa2d8c0,100000000000000000,,,call,2300,0,0_2_0_0,0,
11027767,5,1602334084,0xd0b45dcb891abb88eff5c8c4794dd67822bd92f3de876a78212d7914409ac660,0xa0c68c638235ee32657e8f720a23cec1bfc77c77,0x8484ef722627bf18ca5ae6bcf031c23e6e922b30,4000000000000000,,,call,3443,3363,0_2,0,
11027869,5,1602335479,0x500dedfe7d34bdcb9b13d68354df7f4bb17e42d6894988197430327f010aaa27,0xa0c68c638235ee32657e8f720a23cec1bfc77c77,0x8484ef722627bf18ca5ae6bcf031c23e6e922b30,2012644976027917000,,,call,3443,3363,0_2,0,
11027947,6,1602336622,0x315204d443fe56fee37b9f6620e0bfc492e1067ef90d959abfaa1b67025b0b90,0x8484ef722627bf18ca5ae6bcf031c23e6e922b30,0x2bfe66759f0331066f3e7d57b3dc9a96bfc17927,1000000000000000000,,,call,2300,0,0_2_0_0,0,
11028413,5,1602342873,0x029b9229a46f92a2662077ce825cf0eef3f52957c7a88dee5d9395ff9056650b,0xa0c68c638235ee32657e8f720a23cec1bfc77c77,0x8484ef722627bf18ca5ae6bcf031c23e6e922b30,139000000000000000,,,call,3443,3363,0_2,0,
11028592,5,1602345113,0xa565c332fe4552e2588b586d965fb0667a8a0bcdfb9fd7a8e90473f628e9d24c,0xa0c68c638235ee32657e8f720a23cec1bfc77c77,0x8484ef722627bf18ca5ae6bcf031c23e6e922b30,2494999373264753300,,,call,3443,3363,0_2,0,
11029083,5,1602351561,0x24bd316ae0a49ee4e0b0cfe4983536ac7024210db92f87eb5a7a48d6ddabfadd,0xa0c68c638235ee32657e8f720a23cec1bfc77c77,0x8484ef722627bf18ca5ae6bcf031c23e6e922b30,120000000000000000,,,call,3443,3363,0_2,0,
11029106,5,1602351946,0xd59df40fad431cf724e4df75084d958b8561157f333cff5a436824197835eeea,0xa0c68c638235ee32657e8f720a23cec1bfc77c77,0x8484ef722627bf18ca5ae6bcf031c23e6e922b30,60000000000000000,,,call,3443,3363,0_2,0,
11029197,5,1602353075,0x8be4d3ae09e4031152ceac81ae35ab215f1aa6085f21325c09045d29728e4404,0xa0c68c638235ee32657e8f720a23cec1bfc77c77,0x8484ef722627bf18ca5ae6bcf031c23e6e922b30,8842000000000000000,,,call,3443,3363,0_2,0,
11029251,6,1602353783,0xb077734a9201af06220ae996dd39def42d8f0fa8b85b3b7003e87ecf4de3df7c,0x8484ef722627bf18ca5ae6bcf031c23e6e922b30,0x1562432b35000c006640ef7e08312d661550b8c3,60000000000000000,,,call,2300,0,0_2_0_0,0,
11029287,5,1602354294,0xb24d47ecbd39f3ff227ed9d9b7b7ebc2dafd2558565edf0f86041ec7a7ca3ac9,0xa0c68c638235ee32657e8f720a23cec1bfc77c77,0x8484ef722627bf18ca5ae6bcf031c23e6e922b30,250000000000000000,,,call,3443,3363,0_2,0,
11029395,5,1602355868,0xa9bb0efc0fbc8b042acb5290443f8080d5d87f3936bf5d514991577ea04e92ee,0xa0c68c638235ee32657e8f720a23cec1bfc77c77,0x8484ef722627bf18ca5ae6bcf031c23e6e922b30,23000000000000000,,,call,3443,3363,0_2,0,
11030167,5,1602365685,0x29179fa8d2b25725db3f2a1607bbcfd6fc966e344fb6bd4d7abd7015b45094cd,0xa0c68c638235ee32657e8f720a23cec1bfc77c77,0x8484ef722627bf18ca5ae6bcf031c23e6e922b30,2480000000000000000,,,call,3443,3363,0_2,0,
11030388,5,1602368368,0x1eb07450177d0355e6fae0ee4be049c9cc21bfc872751913e323235d4d6ad117,0xa0c68c638235ee32657e8f720a23cec1bfc77c77,0x8484ef722627bf18ca5ae6bcf031c23e6e922b30,14000000000000000000,,,call,3443,3363,0_2,0,
11030614,6,1602370951,0xbe648792f0381908b1ae8e202776e9ffdff68c06faf878e7fc3b74008745e9d1,0x8484ef722627bf18ca5ae6bcf031c23e6e922b30,0x11c0b2347c92903308e0a10bdd0ce99d0f649a46,878636412275587867,,,call,2300,0,0_2_0_0,0,
11030781,6,1602373284,0x097f490bfcbccde1d0bd739566cfba4ee444a9bc74bd0d72d1872fcba7b5ff64,0x8484ef722627bf18ca5ae6bcf031c23e6e922b30,0x6b1b1ac1b57bfcbc9eb70698034e29ceabca7248,8999999997355237300,,,call,2300,0,0_2_0_0,0,
11031027,6,1602376831,0x02ad9b8a7357797a2eca4305e8ef82fdccb166464cc8682b998c661af8663d88,0x8484ef722627bf18ca5ae6bcf031c23e6e922b30,0x96e745a093c07aaf4a4ec3e0884c9c39d832d859,2830000000000000000,,,call,2300,0,0_2_0_0,0,
11031037,5,1602376907,0x695887f87c139700de1a445103ec5c2cd18fd290fb8dbf006b6cf412aa2a2b4e,0xa0c68c638235ee32657e8f720a23cec1bfc77c77,0x8484ef722627bf18ca5ae6bcf031c23e6e922b30,4970000000000000000,,,call,3443,3363,0_2,0,
11031037,5,1602376907,0x2abf17e6713d302be7bf57344768d64e3b443c9f4b08508006a3c2dec04b46fb,0xa0c68c638235ee32657e8f720a23cec1bfc77c77,0x8484ef722627bf18ca5ae6bcf031c23e6e922b30,400000000000000000,,,call,3443,3363,0_2,0,
11031126,5,1602378010,0xbe243e9216ea39d61aa471c2c93a20efd19aae7d4e2298345c6a16cd42266439,0xa0c68c638235ee32657e8f720a23cec1bfc77c77,0x8484ef722627bf18ca5ae6bcf031c23e6e922b30,400000000000000000,,,call,3443,3363,0_2,0,
11031523,5,1602383458,0x1f3d0f0dfa8139803ce086bf9de089831ab3e7f2821ef5faf37a09e708412f13,0xa0c68c638235ee32657e8f720a23cec1bfc77c77,0x8484ef722627bf18ca5ae6bcf031c23e6e922b30,550000000000000000000,,,call,3443,3363,0_2,0,
11031528,5,1602383519,0x3a040c00f1a7bb45ac44072685d947cf93a4388cbc2599ed12c092cd392e5d66,0xa0c68c638235ee32657e8f720a23cec1bfc77c77,0x8484ef722627bf18ca5ae6bcf031c23e6e922b30,5000000000000000000,,,call,3443,3363,0_2,0,
11031537,5,1602383641,0x9d98f84154c90114e8ca8e43cfdcc003c1f2e0c0f9419e23c8c0ad0233bb7582,0xa0c68c638235ee32657e8f720a23cec1bfc77c77,0x8484ef722627bf18ca5ae6bcf031c23e6e922b30,1300000000000000000,,,call,3443,3363,0_2,0,
11031584,5,1602384358,0xf6046057b2634286e9235c501b521f16d1f2658f4a575c7c2e0d58119776001b,0xa0c68c638235ee32657e8f720a23cec1bfc77c77,0x8484ef722627bf18ca5ae6bcf031c23e6e922b30,2159648493959960700,,,call,3443,3363,0_2,0,
11031861,6,1602388314,0x567a2f1ae586850d40a5bccdb58f7f08f5e655a3ab9f1ff686524761f7834dfb,0x8484ef722627bf18ca5ae6bcf031c23e6e922b30,0xd67c37e050c01b63546d3b50b200dd9babdc07b5,8760077799148542746,,,call,2300,0,0_2_0_0,0,
11032168,5,1602392350,0x9d5ca2ca320c8d86c40b09b0c373e428d04297decf5e29f38e47e237c9b3dba5,0xa0c68c638235ee32657e8f720a23cec1bfc77c77,0x8484ef722627bf18ca5ae6bcf031c23e6e922b30,144000000000000000,,,call,3443,3363,0_2,0,
11032203,5,1602392793,0xbf7cde00d8f11bc209e4f0c70c8e74a82e5598811c63522a1fe87094126fba21,0xa0c68c638235ee32657e8f720a23cec1bfc77c77,0x8484ef722627bf18ca5ae6bcf031c23e6e922b30,410000000000000000,,,call,3443,3363,0_2,0,
11032782,5,1602400529,0x5b267104d63dbfc2cfb569b01516423466afffef8accd1d7555224f25b61f6d4,0xa0c68c638235ee32657e8f720a23cec1bfc77c77,0x8484ef722627bf18ca5ae6bcf031c23e6e922b30,133912489832232900,,,call,3443,3363,0_2,0,
11032842,6,1602401286,0xa84ec264ca8f27f04f22a252008b449917724aa924492ee647e3c1969340b554,0x8484ef722627bf18ca5ae6bcf031c23e6e922b30,0x2bfe66759f0331066f3e7d57b3dc9a96bfc17927,5945945144370962556,,,call,2300,0,0_2_0_0,0,
11032893,6,1602402062,0x2ac9a034f710d8adec096b0cb69452cc92e63ee9fc5b268d88af79ff84755a78,0x8484ef722627bf18ca5ae6bcf031c23e6e922b30,0x5773103bc4c6d4fe6654f88041d001fd9ce344d2,700000000000000000,,,call,2300,0,0_2_0_0,0,
11032915,6,1602402347,0xfa8573ee8cb29b99d8691ebfc52e047836d703f77dc70ebc88a4b1c228652dd2,0x8484ef722627bf18ca5ae6bcf031c23e6e922b30,0x402961810cf383732c986dbe378b8c4def2b8166,1685690415774332852,,,call,2300,0,0_2_0_0,0,
11032967,5,1602403075,0x1b1cc40d59e2655cfefae074bfbebcec54e9aad325997e4b16be9a91fe97c61d,0xa0c68c638235ee32657e8f720a23cec1bfc77c77,0x8484ef722627bf18ca5ae6bcf031c23e6e922b30,2000000000000000000,,,call,3443,3363,0_2,0,
11033024,6,1602403745,0xcddd3fac54a47e7c96e3403bfcb5e778d1463b03618ac9810224edc17eb25796,0x8484ef722627bf18ca5ae6bcf031c23e6e922b30,0xcdddcf576e2018ea8d22461137a8f1bf9ab4f8c1,983583158430468603,,,call,2300,0,0_2_0_0,0,
11033117,5,1602404986,0x73d229dae945d916ffe8f56a3b410f5f750f7db6237d5662740df1eba22dd581,0xa0c68c638235ee32657e8f720a23cec1bfc77c77,0x8484ef722627bf18ca5ae6bcf031c23e6e922b30,5000000000000000,,,call,3443,3363,0_2,0,
11033130,5,1602405150,0x5c95ccfa3be92a35a79e35d97ab0c979d71c933fc0d582f90f0a2722c23d6e46,0xa0c68c638235ee32657e8f720a23cec1bfc77c77,0x8484ef722627bf18ca5ae6bcf031c23e6e922b30,246000000000000000,,,call,3443,3363,0_2,0,
11033283,5,1602407304,0x2d37dd64a166753f508423711e0e5bb53726681a93fe4e73fc6160e6fc84b83c,0xa0c68c638235ee32657e8f720a23cec1bfc77c77,0x8484ef722627bf18ca5ae6bcf031c23e6e922b30,270000000000000000,,,call,3443,3363,0_2,0,
11033319,5,1602407868,0xb54f1e6538eb20d9c4fc21f8930eb0c019ea04705f9edee4e29142f98f908d00,0xa0c68c638235ee32657e8f720a23cec1bfc77c77,0x8484ef722627bf18ca5ae6bcf031c23e6e922b30,27000000000000000000,,,call,3443,3363,0_2,0,
11033323,5,1602407929,0x48a2f2c76ad1575d013fe0ca0a66811ba2301066c580c6c5307b61446fc0a5a1,0xa0c68c638235ee32657e8f720a23cec1bfc77c77,0x8484ef722627bf18ca5ae6bcf031c23e6e922b30,134000000000000000,,,call,3443,3363,0_2,0,
11033369,6,1602408456,0x6cbea26fdae46a422a3b069f6ccdb233fbb01d4c8949c316e6a222a00b709e6b,0x8484ef722627bf18ca5ae6bcf031c23e6e922b30,0x4194784ced16ce7d58a10b6fba205de48fbdd083,5000000000000000,,,call,2300,0,0_2_0_0,0,
11033445,5,1602409449,0x7b1fa5a626e6b7cf6f05873659010464f488f5c0e0f897bbc1319f8c206b7cd7,0xa0c68c638235ee32657e8f720a23cec1bfc77c77,0x8484ef722627bf18ca5ae6bcf031c23e6e922b30,180000000000000000,,,call,3443,3363,0_2,0,
11033510,6,1602410324,0xc83f0de68e20b24c5fde74ba55bbbcc799df36ed82d0c79d7233e49da40d1c91,0x8484ef722627bf18ca5ae6bcf031c23e6e922b30,0xc1b5bcbc94e6127ac3ee4054d0664e4f6afe45d3,87000000000000000,,,call,2300,0,0_2_0_0,0,
11033538,6,1602410657,0xdc07eef316f074350cb712b9c4276bb40807847dd14be79c5f3139c4c873a9f4,0x8484ef722627bf18ca5ae6bcf031c23e6e922b30,0x9294c8d391d0ca820378fddb0eacc3cfc8cb3c4a,26999999997358887066,,,call,2300,0,0_2_0_0,0,
11033636,5,1602411919,0xddd0be14e72aa494a9bca96685d6e5473b42120b937bd29078cbdd5504b49048,0xa0c68c638235ee32657e8f720a23cec1bfc77c77,0x8484ef722627bf18ca5ae6bcf031c23e6e922b30,100000000000000000,,,call,3443,3363,0_2,0,
11033783,5,1602413730,0x9c11d904375d228ef92817c84229013a28d162de9a6397ba4fbba544e1fd5621,0xa0c68c638235ee32657e8f720a23cec1bfc77c77,0x8484ef722627bf18ca5ae6bcf031c23e6e922b30,248000000000000000,,,call,3443,3363,0_2,0,
11033797,6,1602413897,0xaeea66e3d73f9dd803f5382cf5765ec9882815f4d3e2bb1b72a57c2ca13ffc3f,0x8484ef722627bf18ca5ae6bcf031c23e6e922b30,0xb3fec6aad1e11d6538e3e9fbf7e3f820321d963b,385000000000000000,,,call,2300,0,0_2_0_0,0,
11033916,5,1602415065,0x468e67d1c180a8ecd0b8b4afdc48d49252fb3a70459fae76990a4cc53dc0f1fa,0xa0c68c638235ee32657e8f720a23cec1bfc77c77,0x8484ef722627bf18ca5ae6bcf031c23e6e922b30,51000000000000000,,,call,3443,3363,0_2,0,
11033928,5,1602415222,0x8b9b112eb11204b72981b10bf951a202ff63619aa99ad194539b9dc7ab2952c7,0xa0c68c638235ee32657e8f720a23cec1bfc77c77,0x8484ef722627bf18ca5ae6bcf031c23e6e922b30,26516392856881264,,,call,3443,3363,0_2,0,
11034020,6,1602416416,0x226c0811bdd1a12c8aa580b26fd658403b9efd5fc5b26d38300acf3b6679f86b,0x8484ef722627bf18ca5ae6bcf031c23e6e922b30,0xbe7c7377fe3ac9f7e8942539d8299526e9590b82,12726382594087106306,,,call,2300,0,0_2_0_0,0,
11034032,5,1602416602,0x9c25026e7a2391e3bc18bbcd638acaf1d4cc1c0cb026a89d400d51b0440058c2,0xa0c68c638235ee32657e8f720a23cec1bfc77c77,0x8484ef722627bf18ca5ae6bcf031c23e6e922b30,11000000000000000,,,call,3443,3363,0_2,0,
11034186,5,1602418955,0xfbac2bd19a8b983e143eb90fddb0dd4e2e9dc49f424a475214c1709d1ffaac88,0xa0c68c638235ee32657e8f720a23cec1bfc77c77,0x8484ef722627bf18ca5ae6bcf031c23e6e922b30,12000000000000000,,,call,3443,3363,0_2,0,
11034211,5,1602419259,0xc1c2f2ca8259eaccdbd07723df803cc9c5bf94e8b2465c73ca79e5737f83e740,0xa0c68c638235ee32657e8f720a23cec1bfc77c77,0x8484ef722627bf18ca5ae6bcf031c23e6e922b30,535180375474750600,,,call,3443,3363,0_2,0,
11034217,5,1602419338,0xda112d9803363574b47b242eb1d3c082ea1c9693a25e7d2e14e7677607dadbe6,0xa0c68c638235ee32657e8f720a23cec1bfc77c77,0x8484ef722627bf18ca5ae6bcf031c23e6e922b30,26696132852911322,,,call,3443,3363,0_2,0,
11034260,5,1602419917,0x3682c7aea06523775fa2baf84f860a4edce1712df61d11cd496d93b0a1e18119,0xa0c68c638235ee32657e8f720a23cec1bfc77c77,0x8484ef722627bf18ca5ae6bcf031c23e6e922b30,686000000000000000,,,call,3443,3363,0_2,0,
11034329,5,1602420819,0x0bbc8070bf1234c9cc3751b3e91120f99412a72db4f1e65454c8118d12668a2c,0xa0c68c638235ee32657e8f720a23cec1bfc77c77,0x8484ef722627bf18ca5ae6bcf031c23e6e922b30,53618760987013110,,,call,3443,3363,0_2,0,
11034329,5,1602420819,0x9c7c89c825ff09fe816de00ae0dfa45bb29fb5d0e87d5e20cd2c089dd1ff1bd2,0xa0c68c638235ee32657e8f720a23cec1bfc77c77,0x8484ef722627bf18ca5ae6bcf031c23e6e922b30,107237521974026220,,,call,3443,3363,0_2,0,
11034337,5,1602420895,0x545b6238d7563dfb1372b0d0143d798eeb1c0a64048d474caaaa2fb37945351a,0xa0c68c638235ee32657e8f720a23cec1bfc77c77,0x8484ef722627bf18ca5ae6bcf031c23e6e922b30,150000000000000000,,,call,3443,3363,0_2,0,
11034405,5,1602422029,0xfcc80e6ddc7965e22ac91ff3c01d365f6f2ddd88d9336e27393297ac8e6ea215,0xa0c68c638235ee32657e8f720a23cec1bfc77c77,0x8484ef722627bf18ca5ae6bcf031c23e6e922b30,327000000000000000,,,call,3443,3363,0_2,0,
11034611,6,1602424754,0x2e5fe8980911e6ee2558af391374d5caf858ca33c88c7c6f0bf63eb79ecaa562,0x8484ef722627bf18ca5ae6bcf031c23e6e922b30,0x34444df0237a38dd4a72bfdbf81fad6c420bcb7d,43876193534900083,,,call,2300,0,0_2_0_0,0,
11034734,5,1602426339,0xf2596629bf2617c4fe6c81ea795dc49ec0f39ed6fa108d7411ac4741991fcf91,0xa0c68c638235ee32657e8f720a23cec1bfc77c77,0x8484ef722627bf18ca5ae6bcf031c23e6e922b30,43000000000000000,,,call,3443,3363,0_2,0,
11034753,5,1602426536,0x52f6cea0651585472d751ec8d1b526442cdb399608d1f4bbf305fa17466cd620,0xa0c68c638235ee32657e8f720a23cec1bfc77c77,0x8484ef722627bf18ca5ae6bcf031c23e6e922b30,24255316622256044,,,call,3443,3363,0_2,0,
11034781,5,1602426923,0x4d148ad189bdafa79a77ffb1dd9cf84e0207b1666133c500b8dedc398ddeddb6,0xa0c68c638235ee32657e8f720a23cec1bfc77c77,0x8484ef722627bf18ca5ae6bcf031c23e6e922b30,498000000000000000,,,call,3443,3363,0_2,0,
11034790,5,1602427040,0x528b7933dead769f06d73585b4eab06f18838a48317b5d7cde9fad5c01d87b83,0xa0c68c638235ee32657e8f720a23cec1bfc77c77,0x8484ef722627bf18ca5ae6bcf031c23e6e922b30,281835814878379830,,,call,3443,3363,0_2,0,
11034816,5,1602427350,0x302598800dc701f3c626af572daa3f4c74ab1e71c55cb412298d3a8cc4333815,0xa0c68c638235ee32657e8f720a23cec1bfc77c77,0x8484ef722627bf18ca5ae6bcf031c23e6e922b30,54000000000000000,,,call,3443,3363,0_2,0,
11034824,5,1602427466,0x45bfcadff2ee1fffe990ebdd62307d5f4d3ce33d9b80a0061ed3589b4c2a4237,0xa0c68c638235ee32657e8f720a23cec1bfc77c77,0x8484ef722627bf18ca5ae6bcf031c23e6e922b30,22000000000000000,,,call,3443,3363,0_2,0,
11034842,5,1602427783,0x3dc338766d4399a3d93a0c6fdd8d77fcdae7d9513a78c4cf6a2c7ae818eae847,0xa0c68c638235ee32657e8f720a23cec1bfc77c77,0x8484ef722627bf18ca5ae6bcf031c23e6e922b30,510000000000000000,,,call,3443,3363,0_2,0,
11034863,5,1602428078,0x6e1f4359f4eead774c4d922badac93bfd38bf8947986702a48e5f40256c8e2a7,0xa0c68c638235ee32657e8f720a23cec1bfc77c77,0x8484ef722627bf18ca5ae6bcf031c23e6e922b30,18000000000000000,,,call,3443,3363,0_2,0,
11034872,6,1602428133,0x3bfffb1c93934d05100707c0bf3fed055581b68979f635d19d7e2e4368129e9c,0x8484ef722627bf18ca5ae6bcf031c23e6e922b30,0xa23c805d190295b598d5bc0c69540355ee161efb,80000000000000000,,,call,2300,0,0_2_0_0,0,
11034897,5,1602428512,0x6256d4bdb40b5c1fbc163bfe6b56f19a2d859ce6ae9bd289d3b5cb019cbcf2c3,0xa0c68c638235ee32657e8f720a23cec1bfc77c77,0x8484ef722627bf18ca5ae6bcf031c23e6e922b30,485000000000000000,,,call,3443,3363,0_2,0,
11034932,5,1602429013,0x5e34794957a4ea746d312f1a0e1270cf3c4866fa228d9194a6d4e29ef308cf01,0xa0c68c638235ee32657e8f720a23cec1bfc77c77,0x8484ef722627bf18ca5ae6bcf031c23e6e922b30,21000000000000000,,,call,3443,3363,0_2,0,
11035180,5,1602432294,0x75342643dfa725c2e787d6b9d873ba9a72fe0fc84ce0ce490669f3ef741ea83b,0xa0c68c638235ee32657e8f720a23cec1bfc77c77,0x8484ef722627bf18ca5ae6bcf031c23e6e922b30,2080000000000000000,,,call,3443,3363,0_2,0,
11035189,5,1602432447,0x4fe330455b981e36d380eaebccfbae61a7450710518cb424246f94ac634e0cc1,0xa0c68c638235ee32657e8f720a23cec1bfc77c77,0x8484ef722627bf18ca5ae6bcf031c23e6e922b30,200000000000000000,,,call,3443,3363,0_2,0,
11035190,5,1602432449,0xd8a4179818b7cc556a4fadf9383117341a0c0bd77c387809e724e1114c42964e,0xa0c68c638235ee32657e8f720a23cec1bfc77c77,0x8484ef722627bf18ca5ae6bcf031c23e6e922b30,165000000000000000,,,call,3443,3363,0_2,0,
11035193,5,1602432490,0x73a2dfe6e2466339441d4af7149dfc16a74f465250853e9f916a272a96821f95,0xa0c68c638235ee32657e8f720a23cec1bfc77c77,0x8484ef722627bf18ca5ae6bcf031c23e6e922b30,2700000000000000000,,,call,3443,3363,0_2,0,
11035284,5,1602433480,0x381bb0008ff72e814f7b7045b20f95f4677dfeb40706ba8c098f021bed55dc44,0xa0c68c638235ee32657e8f720a23cec1bfc77c77,0x8484ef722627bf18ca5ae6bcf031c23e6e922b30,21000000000000000,,,call,3443,3363,0_2,0,
11035407,5,1602434877,0x4ab062f7f481183c34b2b38a562ff51d01fd0fdf7970ab4d21d77480fad9eb92,0xa0c68c638235ee32657e8f720a23cec1bfc77c77,0x8484ef722627bf18ca5ae6bcf031c23e6e922b30,334000000000000000,,,call,3443,3363,0_2,0,
11035453,5,1602435576,0x84d824aec6ea4d7e8a68ef7bdcd9a8f94d534c1d6782c71361d15bd922c4e10c,0xa0c68c638235ee32657e8f720a23cec1bfc77c77,0x8484ef722627bf18ca5ae6bcf031c23e6e922b30,399256113802242960,,,call,3443,3363,0_2,0,
11035577,5,1602437014,0x27d609520aad70e049847aa2a1cb8c1cb2943382134324f5b03d13ff77be1d1f,0xa0c68c638235ee32657e8f720a23cec1bfc77c77,0x8484ef722627bf18ca5ae6bcf031c23e6e922b30,6500000000000000000,,,call,3443,3363,0_2,0,
11035738,5,1602439107,0x66edd2769c3db515e5d6ca778aaf5062f3aeb905e78986ab000fa9e5ad6a573c,0xa0c68c638235ee32657e8f720a23cec1bfc77c77,0x8484ef722627bf18ca5ae6bcf031c23e6e922b30,80000000000000000,,,call,3443,3363,0_2,0,
11035744,5,1602439216,0xfd4943ece21f4daa12f6ca93cfe63dd680f355bf5fc52a3327a19f20e13d8531,0xa0c68c638235ee32657e8f720a23cec1bfc77c77,0x8484ef722627bf18ca5ae6bcf031c23e6e922b30,248000000000000000,,,call,3443,3363,0_2,0,
11035757,5,1602439406,0x7df03edcc3afdcaa814cf14338e22910700e163adda590062afd107d630285f6,0xa0c68c638235ee32657e8f720a23cec1bfc77c77,0x8484ef722627bf18ca5ae6bcf031c23e6e922b30,300000000000000000,,,call,3443,3363,0_2,0,
11035821,6,1602440339,0xe9b7633a705144f5d521689f58252b8a2ae0c49aff8a65c4981b8f46e3b4fbd4,0x8484ef722627bf18ca5ae6bcf031c23e6e922b30,0xd91351f80a23398126cc17f4e255a28942583410,120000000000000000,,,call,2300,0,0_2_0_0,0,
11035824,5,1602440396,0x4cce1fa86ddb76c18fccab1d5d73addeb5c7754c3011853232e5ca6a5a01b406,0xa0c68c638235ee32657e8f720a23cec1bfc77c77,0x8484ef722627bf18ca5ae6bcf031c23e6e922b30,200000000000000000,,,call,3443,3363,0_2,0,
11035835,5,1602440509,0xf70b2f8a568dbe9dec7ab427f9d6f483f67d76117f681e5808b2e31cfe63502b,0xa0c68c638235ee32657e8f720a23cec1bfc77c77,0x8484ef722627bf18ca5ae6bcf031c23e6e922b30,146000000000000000,,,call,3443,3363,0_2,0,
11035836,5,1602440522,0x952ea4ff4ec99fb0ec186db2a9722c60dbfc30907a81706e63a4de6f23c6f65a,0xa0c68c638235ee32657e8f720a23cec1bfc77c77,0x8484ef722627bf18ca5ae6bcf031c23e6e922b30,1469000000000000000,,,call,3443,3363,0_2,0,
11035855,5,1602440696,0x8c333e373a8144fbcbfbc310d900b894e9f3ca3bf7027b5e9bcc7b0922652a73,0xa0c68c638235ee32657e8f720a23cec1bfc77c77,0x8484ef722627bf18ca5ae6bcf031c23e6e922b30,296000000000000000,,,call,3443,3363,0_2,0,
11035889,5,1602441215,0x5f73cb1050742e03d20556d59b8b21bc5100ff1d85c4ece478a05cea10a2b675,0xa0c68c638235ee32657e8f720a23cec1bfc77c77,0x8484ef722627bf18ca5ae6bcf031c23e6e922b30,280000000000000000,,,call,3443,3363,0_2,0,
11035911,5,1602441448,0x22d6ba824b82e38360ea3ac5017a4e9d207813ce5f7329444fe8513134d4ff45,0xa0c68c638235ee32657e8f720a23cec1bfc77c77,0x8484ef722627bf18ca5ae6bcf031c23e6e922b30,1300000000000000000,,,call,3443,3363,0_2,0,
11035928,6,1602441706,0xb5ee3321ca395118ed98cf45702c420d23190d4855a477ded94c9cbabf065b46,0x8484ef722627bf18ca5ae6bcf031c23e6e922b30,0xd91351f80a23398126cc17f4e255a28942583410,250000000000000000,,,call,2300,0,0_2_0_0,0,
11035955,5,1602442066,0xddb3bf309843401824a292766083027cbde9fd3fdd851c85d97dc61dc6396294,0xa0c68c638235ee32657e8f720a23cec1bfc77c77,0x8484ef722627bf18ca5ae6bcf031c23e6e922b30,24000000000000000,,,call,3443,3363,0_2,0,
11035970,5,1602442233,0xe8a2891a392ed156640f527c7b07d446e76f8841439dddf63a580c35c4c10281,0xa0c68c638235ee32657e8f720a23cec1bfc77c77,0x8484ef722627bf18ca5ae6bcf031c23e6e922b30,1337000000000000000,,,call,3443,3363,0_2,0,
11035979,5,1602442335,0x8e3a5e21f19f472f6394389158d5c5a9e9c58404bf6583a3e25c54b988afd5a7,0xa0c68c638235ee32657e8f720a23cec1bfc77c77,0x8484ef722627bf18ca5ae6bcf031c23e6e922b30,440000000000000000,,,call,3443,3363,0_2,0,
11035987,5,1602442437,0xa226323559e8e8bd80e7e5398b2f35fbea8d4b0f02af44accedc142fe4fbd580,0xa0c68c638235ee32657e8f720a23cec1bfc77c77,0x8484ef722627bf18ca5ae6bcf031c23e6e922b30,60000000000000000,,,call,3443,3363,0_2,0,
11035994,5,1602442581,0x1fca94582f3140474be592eac386a00e775c1860cc549c84a1aa772cba6fc7c8,0xa0c68c638235ee32657e8f720a23cec1bfc77c77,0x8484ef722627bf18ca5ae6bcf031c23e6e922b30,587600000000000000,,,call,3443,3363,0_2,0,
11036019,5,1602442832,0x8a8dfd0e5a27729c966d908bb41ff79f1128e01e3a1ba165da034b13421e601a,0xa0c68c638235ee32657e8f720a23cec1bfc77c77,0x8484ef722627bf18ca5ae6bcf031c23e6e922b30,2667475693763485,,,call,3443,3363,0_2,0,
11036044,5,1602443291,0xc51aa8eb531a8b03d3ce2e55ccde85a47f2384a5649c93c6cda8e4b3f40292e1,0xa0c68c638235ee32657e8f720a23cec1bfc77c77,0x8484ef722627bf18ca5ae6bcf031c23e6e922b30,1270000000000000000,,,call,3443,3363,0_2,0,
11036045,5,1602443295,0x871d0eeb5bf62da86155e4b17c5a8cd50896c346a4069515c34c3aaa093d7b62,0xa0c68c638235ee32657e8f720a23cec1bfc77c77,0x8484ef722627bf18ca5ae6bcf031c23e6e922b30,79963949475228240,,,call,3443,3363,0_2,0,
11036052,5,1602443352,0xc0afcfe3388019da907e3d42e9f4676109a74a68b4ede008ed2bb44cb1d48e09,0xa0c68c638235ee32657e8f720a23cec1bfc77c77,0x8484ef722627bf18ca5ae6bcf031c23e6e922b30,55000000000000000,,,call,3443,3363,0_2,0,
11036052,5,1602443352,0xfe1a784cf817482b75b03fda7db17210aeeb477a8eb336ee2d60c62b65b3925f,0xa0c68c638235ee32657e8f720a23cec1bfc77c77,0x8484ef722627bf18ca5ae6bcf031c23e6e922b30,250000000000000000,,,call,3443,3363,0_2,0,
11036064,5,1602443476,0xca3f870b069dccad10966a384e5d3df5cc1ad49f65e15626c10d48948cd664b9,0xa0c68c638235ee32657e8f720a23cec1bfc77c77,0x8484ef722627bf18ca5ae6bcf031c23e6e922b30,1800000000000000000,,,call,3443,3363,0_2,0,
11036112,5,1602444119,0x56d98beea50b75ba238a64a6fd2abb864e6b9e3b5cc5e50b82b2b6fcba3ef789,0xa0c68c638235ee32657e8f720a23cec1bfc77c77,0x8484ef722627bf18ca5ae6bcf031c23e6e922b30,26000000000000000,,,call,3443,3363,0_2,0,
11036131,5,1602444405,0xbd73590128ad4b9cae6765dfb01850c72f2fb01d1aec31ffbf3e4d92652ed8f0,0xa0c68c638235ee32657e8f720a23cec1bfc77c77,0x8484ef722627bf18ca5ae6bcf031c23e6e922b30,1000000000000000000,,,call,3443,3363,0_2,0,
11036181,5,1602444935,0x2073d2e2bc921c08f3f8879409933c0fdad4f7e94392e2c58e544c9ea96ac6bd,0xa0c68c638235ee32657e8f720a23cec1bfc77c77,0x8484ef722627bf18ca5ae6bcf031c23e6e922b30,135000000000000000,,,call,3443,3363,0_2,0,
11036191,5,1602445077,0x929594e9442918d308e8528422e0e6b1093b21a5ac432b3f9ee44488a39e1a27,0xa0c68c638235ee32657e8f720a23cec1bfc77c77,0x8484ef722627bf18ca5ae6bcf031c23e6e922b30,464000000000000000,,,call,3443,3363,0_2,0,
11036257,5,1602446038,0xc27b56591cf58a311ba302f2c1aa3ccbb7e9de8fb8ce267738672ce13779450a,0xa0c68c638235ee32657e8f720a23cec1bfc77c77,0x8484ef722627bf18ca5ae6bcf031c23e6e922b30,6500000000000000000,,,call,3443,3363,0_2,0,
11036349,5,1602447044,0xa58762218882e4707b2833873d3a6e5a168048982fe2da1fdef676fcadbeaecd,0xa0c68c638235ee32657e8f720a23cec1bfc77c77,0x8484ef722627bf18ca5ae6bcf031c23e6e922b30,10669902775053941,,,call,3443,3363,0_2,0,
11036380,6,1602447470,0xa948d4b959ca5d4052af5621b0acde00c0be7c6563bd3c2ba38be480cc147ab1,0x8484ef722627bf18ca5ae6bcf031c23e6e922b30,0x7843b4c437efa81da943db3bec2731a8ad086036,208042590003177426,,,call,2300,0,0_2_0_0,0,
11036443,5,1602448430,0x544966c467edbc8291f20e2b0fdab130b15242c984bd4c6de48b9e8b52383bbe,0xa0c68c638235ee32657e8f720a23cec1bfc77c77,0x8484ef722627bf18ca5ae6bcf031c23e6e922b30,1000000000000000000,,,call,3443,3363,0_2,0,
11036455,5,1602448613,0x62d6d70f53229793d3997813a3f982ae0757a28fd7406e0a9131ea4c2d22eafb,0xa0c68c638235ee32657e8f720a23cec1bfc77c77,0x8484ef722627bf18ca5ae6bcf031c23e6e922b30,254188854687373570,,,call,3443,3363,0_2,0,
11036523,5,1602449569,0xfe6537e27657e0bd955c753b3836d15ad6e11bd99a6c8b0c36b472853821e4d5,0xa0c68c638235ee32657e8f720a23cec1bfc77c77,0x8484ef722627bf18ca5ae6bcf031c23e6e922b30,21000000000000000,,,call,3443,3363,0_2,0,
11036525,5,1602449592,0x72882d4b861ff4a33c096991026587c577cbc90ea37ad87fe2118d32ba744f23,0xa0c68c638235ee32657e8f720a23cec1bfc77c77,0x8484ef722627bf18ca5ae6bcf031c23e6e922b30,39000000000000000,,,call,3443,3363,0_2,0,
11036601,5,1602450608,0x3643f02943fa8e1e3272651a9e61b6d0c82f99064eca9957e6c200974c5f1241,0xa0c68c638235ee32657e8f720a23cec1bfc77c77,0x8484ef722627bf18ca5ae6bcf031c23e6e922b30,1337792628073511700,,,call,3443,3363,0_2,0,
11036611,5,1602450748,0xd3e9b1b9ae357146af480f10846219973a5ef43d232bd3f95906025b25d152e2,0xa0c68c638235ee32657e8f720a23cec1bfc77c77,0x8484ef722627bf18ca5ae6bcf031c23e6e922b30,32000000000000000,,,call,3443,3363,0_2,0,
11036617,5,1602450794,0xd7cffbaeb4960c233c25e247162d434925c82951ad5a80e542a06acd4cdc0b79,0xa0c68c638235ee32657e8f720a23cec1bfc77c77,0x8484ef722627bf18ca5ae6bcf031c23e6e922b30,200000000000000000,,,call,3443,3363,0_2,0,
11036669,6,1602451359,0xc9271a00ce17b22bd1d03ecb5b68edd50916c6b2648001cf49d7256bc7df26de,0x8484ef722627bf18ca5ae6bcf031c23e6e922b30,0xf95207088dea09d91ae48477770e82cd88e3a1cf,313351423568319100,,,call,2300,0,0_2_0_0,0,
11036696,6,1602451671,0xbce43cfca10ac4f8a012f8026e1604410504f207269502d0ca9c49779af311a5,0x8484ef722627bf18ca5ae6bcf031c23e6e922b30,0xdde3d5c4581f1e81f990559393fde55ddaa2dc75,5000000000000000000,,,call,2300,0,0_2_0_0,0,
11036718,6,1602451999,0x55e85e4e7afea286cd724941302eaa47c96bae826ecaa0a8c52e579965647e27,0x8484ef722627bf18ca5ae6bcf031c23e6e922b30,0xa79e1b80348d78b2330ebed6835c63009b3613bd,100000000000000000,,,call,2300,0,0_2_0_0,0,
11036798,5,1602453056,0xb2b8985bf85806599662833cdb5b358152cf9597f8d3546475a3c32639193255,0xa0c68c638235ee32657e8f720a23cec1bfc77c77,0x8484ef722627bf18ca5ae6bcf031c23e6e922b30,30000000000000000,,,call,3443,3363,0_2,0,
11036827,5,1602453335,0x05459561416b63bc8fd3d811ff9ea87660004883bbde2e311dafc3fbb6810990,0xa0c68c638235ee32657e8f720a23cec1bfc77c77,0x8484ef722627bf18ca5ae6bcf031c23e6e922b30,350000000000000000,,,call,3443,3363,0_2,0,
11036832,5,1602453387,0x0de357fc331b72d49c46d11423e016f3be73747d8e131c58efaf362abb136d9f,0xa0c68c638235ee32657e8f720a23cec1bfc77c77,0x8484ef722627bf18ca5ae6bcf031c23e6e922b30,131768888986876400,,,call,3443,3363,0_2,0,
11036984,5,1602455356,0x452082bb6a65f62476cfa16a6693f41ec0524e153f1c26032f4ec203d7d0ac33,0xa0c68c638235ee32657e8f720a23cec1bfc77c77,0x8484ef722627bf18ca5ae6bcf031c23e6e922b30,50000000000000000,,,call,3443,3363,0_2,0,
11037172,5,1602457696,0x655342613d0ca0d5b7c8cf53a1b68e04564d151f8c9d38251a5141bf9033edad,0xa0c68c638235ee32657e8f720a23cec1bfc77c77,0x8484ef722627bf18ca5ae6bcf031c23e6e922b30,4750000000000000000,,,call,3443,3363,0_2,0,
11037204,5,1602458033,0xa113ab65f8e09fa65061dae34891f4fb3361a0f43dee7661e42ffbc08a14dd7a,0xa0c68c638235ee32657e8f720a23cec1bfc77c77,0x8484ef722627bf18ca5ae6bcf031c23e6e922b30,816000000000000000,,,call,3443,3363,0_2,0,
11037285,5,1602458916,0x5352e82b8aae3a7b7e21e95847641edfdfbf46a68db512f7ca5a5b6ab3b00669,0xa0c68c638235ee32657e8f720a23cec1bfc77c77,0x8484ef722627bf18ca5ae6bcf031c23e6e922b30,219000000000000000,,,call,3443,3363,0_2,0,
11037324,5,1602459424,0xe305ed4034864440612cd28246796446e472b448dff457dfafcb8779ab56cfe3,0xa0c68c638235ee32657e8f720a23cec1bfc77c77,0x8484ef722627bf18ca5ae6bcf031c23e6e922b30,53000000000000000,,,call,3443,3363,0_2,0,
11037327,5,1602459469,0x0a142995026891c11e5a45654c4e5e2a84e8c862cab3b78ca4e319b62459e023,0xa0c68c638235ee32657e8f720a23cec1bfc77c77,0x8484ef722627bf18ca5ae6bcf031c23e6e922b30,26000000000000000,,,call,3443,3363,0_2,0,
11037345,5,1602459675,0x5d057def1fd66646a6e6cce6be04de3419cff15d1e757d4214d6e3c492619430,0xa0c68c638235ee32657e8f720a23cec1bfc77c77,0x8484ef722627bf18ca5ae6bcf031c23e6e922b30,40139930559557840,,,call,3443,3363,0_2,0,
11037410,5,1602460594,0x6ddf5a6922d2742387aa4436b957eaec91a19db2dfabd53c6ba5fe445c7fd182,0xa0c68c638235ee32657e8f720a23cec1bfc77c77,0x8484ef722627bf18ca5ae6bcf031c23e6e922b30,427000000000000000,,,call,3443,3363,0_2,0,
11037434,5,1602461040,0xa142f3bacc1f470526d9f84a218047e93ad2ab64ba409bcea0124975f179355d,0xa0c68c638235ee32657e8f720a23cec1bfc77c77,0x8484ef722627bf18ca5ae6bcf031c23e6e922b30,356000000000000000,,,call,3443,3363,0_2,0,
11037448,5,1602461265,0xc49feda47cecc150c5f459894c4cbb212a44f10a2fde7e6db04c2aa8ec502e13,0xa0c68c638235ee32657e8f720a23cec1bfc77c77,0x8484ef722627bf18ca5ae6bcf031c23e6e922b30,120000000000000000,,,call,3443,3363,0_2,0,
11037666,5,1602464266,0x696a7946dcf025808f5b79e97535114212913eaab1e86ed1c9d2df7138a42717,0xa0c68c638235ee32657e8f720a23cec1bfc77c77,0x8484ef722627bf18ca5ae6bcf031c23e6e922b30,13000000000000000,,,call,3443,3363,0_2,0,
11037671,5,1602464303,0xe97a48f7a79fabec0badb6fbad050ff7c1f54f98574f61ee39dc89d691918969,0xa0c68c638235ee32657e8f720a23cec1bfc77c77,0x8484ef722627bf18ca5ae6bcf031c23e6e922b30,20000000000000000,,,call,3443,3363,0_2,0,
11037699,5,1602464750,0x04de389a847bdc2dc7d4b5aa51e74aff6aba3290b6521012fcae45f838263804,0xa0c68c638235ee32657e8f720a23cec1bfc77c77,0x8484ef722627bf18ca5ae6bcf031c23e6e922b30,15000000000000000,,,call,3443,3363,0_2,0,
11037704,5,1602464829,0x97c11b11c5deb13332c67d8e553784c206152e8554881c6f18e96262c8454c48,0xa0c68c638235ee32657e8f720a23cec1bfc77c77,0x8484ef722627bf18ca5ae6bcf031c23e6e922b30,800000000000000000,,,call,3443,3363,0_2,0,
11037743,5,1602465491,0x4734bbf0ab5014cc784b9a4926a68c1559742f5c564c11a24306e2a690cb4d5e,0xa0c68c638235ee32657e8f720a23cec1bfc77c77,0x8484ef722627bf18ca5ae6bcf031c23e6e922b30,60000000000000000,,,call,3443,3363,0_2,0,
11037747,5,1602465512,0x41f0a21a944cc375c8d715c40748cb06ed6740eed1b99325f13a1c75cf6ff962,0xa0c68c638235ee32657e8f720a23cec1bfc77c77,0x8484ef722627bf18ca5ae6bcf031c23e6e922b30,199000000000000000,,,call,3443,3363,0_2,0,
11037916,5,1602467952,0x10fc6b41c8e61e237c872aeb75b822aaa4ac4cf6bf1afb78585be0543b710e18,0xa0c68c638235ee32657e8f720a23cec1bfc77c77,0x8484ef722627bf18ca5ae6bcf031c23e6e922b30,180000000000000000,,,call,3443,3363,0_2,0,
11038012,5,1602469296,0x8c531c8d5c0c3f76a970dad37540b41efa90f9d9e11d05ada57103c57efef36a,0xa0c68c638235ee32657e8f720a23cec1bfc77c77,0x8484ef722627bf18ca5ae6bcf031c23e6e922b30,10000000000000000000,,,call,3443,3363,0_2,0,
11038029,5,1602469522,0x2e5e74c57b61f355688e8376d87255818f7c9bddeb8276bdfd4b715fccb5b687,0xa0c68c638235ee32657e8f720a23cec1bfc77c77,0x8484ef722627bf18ca5ae6bcf031c23e6e922b30,580000000000000000,,,call,3443,3363,0_2,0,
11038048,5,1602469708,0x59a24b82d8332c2783ce9cdc6989982c3027fb3be65a4e7c1e4c6839bbcaec7b,0xa0c68c638235ee32657e8f720a23cec1bfc77c77,0x8484ef722627bf18ca5ae6bcf031c23e6e922b30,280000000000000000,,,call,3443,3363,0_2,0,
11038218,5,1602471937,0x07f5400396da2c82537443544c831b236d3716b61f7bd3343e3b531549b0a110,0xa0c68c638235ee32657e8f720a23cec1bfc77c77,0x8484ef722627bf18ca5ae6bcf031c23e6e922b30,28000000000000000,,,call,3443,3363,0_2,0,
11038272,5,1602472697,0xfefee8f15dbc1f7c0e905f566fac883a3c50c17654de9658be876215c50f8ef8,0xa0c68c638235ee32657e8f720a23cec1bfc77c77,0x8484ef722627bf18ca5ae6bcf031c23e6e922b30,40100000000000000,,,call,3443,3363,0_2,0,
11038314,6,1602473221,0x5361c467935f8822e46f782cc0f61215ac70516fde15df525b001d5ca09bf9e9,0x8484ef722627bf18ca5ae6bcf031c23e6e922b30,0x50573899c3b91e7cfd2f17388b29a1169c62e374,9999405911997799896,,,call,2300,0,0_2_0_0,0,
11038378,5,1602474205,0x7a77aee2d734f3762fca9e5869631a8a1671ee9af4feaca90f5769adaa86bf94,0xa0c68c638235ee32657e8f720a23cec1bfc77c77,0x8484ef722627bf18ca5ae6bcf031c23e6e922b30,55000000000000000,,,call,3443,3363,0_2,0,
11038436,5,1602474819,0xdd5e814093ba9ee2036742484c514890895eea8cfc3c4d1ebcc5b75f05c25922,0xa0c68c638235ee32657e8f720a23cec1bfc77c77,0x8484ef722627bf18ca5ae6bcf031c23e6e922b30,100000000000000000,,,call,3443,3363,0_2,0,
11038570,5,1602476568,0x6faee29383273f919c2cd4f837f1b2c34ed42c1601a561410a58bd0a25cd48a5,0xa0c68c638235ee32657e8f720a23cec1bfc77c77,0x8484ef722627bf18ca5ae6bcf031c23e6e922b30,81000000000000000,,,call,3443,3363,0_2,0,
11038699,5,1602478137,0x7e10216e20d1c5761a26d3cf1ec95be483d712108770c43563912675d79a7623,0xa0c68c638235ee32657e8f720a23cec1bfc77c77,0x8484ef722627bf18ca5ae6bcf031c23e6e922b30,50000000000000000,,,call,3443,3363,0_2,0,
11038979,6,1602481973,0x38123631af7704843b7b81678992f433b677f185d9fb00b3c7c8b36ed5ca0840,0x8484ef722627bf18ca5ae6bcf031c23e6e922b30,0x6731f4b21ddeac33ed3651efeff6762145393fcf,500000000000000000,,,call,2300,0,0_2_0_0,0,
11039023,6,1602482483,0xb6388c16952ca5806f11ba569d2b66356cc79e7527e398b7c24a9a30bf788c3f,0x8484ef722627bf18ca5ae6bcf031c23e6e922b30,0x035a1c7ce5bd6c018e375a6cde3cc77741f8eaf0,140356563826334680,,,call,2300,0,0_2_0_0,0,
11039133,5,1602484049,0xd03b320be9669d5a6ffed9a60332aae79ee62d33545964c2b114d4aad9313a48,0xa0c68c638235ee32657e8f720a23cec1bfc77c77,0x8484ef722627bf18ca5ae6bcf031c23e6e922b30,1000000000000000000,,,call,3443,3363,0_2,0,
11039150,5,1602484225,0x27525d57820c2c69397e131323d4734c4b01eb6f9c36a59b84e32bbd4f6bc089,0xa0c68c638235ee32657e8f720a23cec1bfc77c77,0x8484ef722627bf18ca5ae6bcf031c23e6e922b30,832000000000000000,,,call,3443,3363,0_2,0,
11039201,5,1602484956,0x058eaa579ac2a1c26f33383c72f6416e0966802a527356ede594f7db40ea8822,0xa0c68c638235ee32657e8f720a23cec1bfc77c77,0x8484ef722627bf18ca5ae6bcf031c23e6e922b30,1000000000000000000,,,call,3443,3363,0_2,0,
11039303,5,1602486241,0xff156b6113dd4de5757102321aea0d4552502225ee6ab1405f78ad3a33e87af2,0xa0c68c638235ee32657e8f720a23cec1bfc77c77,0x8484ef722627bf18ca5ae6bcf031c23e6e922b30,10000000000000000,,,call,3443,3363,0_2,0,
11039392,5,1602487425,0x5f96cdc23c9d927a5c4b20753774fecc74d305f394e3c806299748ca78d918dc,0xa0c68c638235ee32657e8f720a23cec1bfc77c77,0x8484ef722627bf18ca5ae6bcf031c23e6e922b30,26863569328685975,,,call,3443,3363,0_2,0,
11039417,6,1602487755,0x4fdf2aca2f7bb5cf79c76d8b4ff6cd4bb74d0c546d1693a4fe0641877c8afd1f,0x8484ef722627bf18ca5ae6bcf031c23e6e922b30,0x7431e7f8c5997ffba567d71c0c846d5d25e0fc2b,100000000000000000,,,call,2300,0,0_2_0_0,0,
11039446,5,1602488060,0xb54d1881ccfc2cfdac7bafb4556517b4fcc693da678e8c81890d7ae104470e34,0xa0c68c638235ee32657e8f720a23cec1bfc77c77,0x8484ef722627bf18ca5ae6bcf031c23e6e922b30,200000000000000000,,,call,3443,3363,0_2,0,
11039505,5,1602488816,0x229555c8687ccd3cc8badcb8bde5f3e79d31c1e3f9ef7e558351834baf9c609c,0xa0c68c638235ee32657e8f720a23cec1bfc77c77,0x8484ef722627bf18ca5ae6bcf031c23e6e922b30,2590000000000000000,,,call,3443,3363,0_2,0,
11039795,5,1602492593,0x862203b9697154104a266054da9bed576b15d46627c48fb37f712bd7cf60ddf7,0xa0c68c638235ee32657e8f720a23cec1bfc77c77,0x8484ef722627bf18ca5ae6bcf031c23e6e922b30,26687405776349312,,,call,3443,3363,0_2,0,
11039891,5,1602494048,0xdc815e4af6633fa6036b5c7eafd02e512504bcb0f669fd1d67b9ba32832c9735,0xa0c68c638235ee32657e8f720a23cec1bfc77c77,0x8484ef722627bf18ca5ae6bcf031c23e6e922b30,338000000000000000,,,call,3443,3363,0_2,0,
11039990,5,1602495299,0x82e6495060fe14301651e920bec4c2ebebc1a637b12c5f4a3b12791eb250965e,0xa0c68c638235ee32657e8f720a23cec1bfc77c77,0x8484ef722627bf18ca5ae6bcf031c23e6e922b30,1514000000000000000,,,call,3443,3363,0_2,0,
11040037,5,1602496074,0x7231758878b64b51ad61c7e1daef8a821f54d689b46a64462fe32a0ae7d4170f,0xa0c68c638235ee32657e8f720a23cec1bfc77c77,0x8484ef722627bf18ca5ae6bcf031c23e6e922b30,3200000000000000000,,,call,3443,3363,0_2,0,
11040143,5,1602497514,0x6eb04d7e550bb8723732345ccbd912b23c19ff961756ee693b22dbf8d5fefed3,0xa0c68c638235ee32657e8f720a23cec1bfc77c77,0x8484ef722627bf18ca5ae6bcf031c23e6e922b30,2082000000000000000,,,call,3443,3363,0_2,0,
11040366,5,1602500370,0xa1c8d376bd60343629e6e7e8e7a5b4d0e8fa8b9ba2b95b083bf19bdf27485093,0xa0c68c638235ee32657e8f720a23cec1bfc77c77,0x8484ef722627bf18ca5ae6bcf031c23e6e922b30,1752599932853512200,,,call,3443,3363,0_2,0,
11040422,5,1602501222,0x03db2ff654b3c7b4eb66b7aa0fb282409ae7d6563b4eea9e47f652a13891f2d2,0xa0c68c638235ee32657e8f720a23cec1bfc77c77,0x8484ef722627bf18ca5ae6bcf031c23e6e922b30,1100000000000000000,,,call,3443,3363,0_2,0,
11040459,5,1602501754,0x15ebaeee97c1c8499e97df01e13708835277313d1e4d2524e8a61f134726eeb1,0xa0c68c638235ee32657e8f720a23cec1bfc77c77,0x8484ef722627bf18ca5ae6bcf031c23e6e922b30,100000000000000000,,,call,3443,3363,0_2,0,
11040662,5,1602504060,0xc05e6dddc7cf588d188e2e10ec154d1aa2094d6f9985a8737d0112c58030f8c9,0xa0c68c638235ee32657e8f720a23cec1bfc77c77,0x8484ef722627bf18ca5ae6bcf031c23e6e922b30,121000000000000000,,,call,3443,3363,0_2,0,
11040689,5,1602504370,0xdd793e839c3ffdd4c683392faf6627f1887a68c8dcbb952935a36f6dd9d3c4e0,0xa0c68c638235ee32657e8f720a23cec1bfc77c77,0x8484ef722627bf18ca5ae6bcf031c23e6e922b30,57000000000000000,,,call,3443,3363,0_2,0,
11040740,5,1602505105,0xd1da028ce6ff2da7ad8fecd5420bf52cae8a77f8c0abec39742d869304d4c515,0xa0c68c638235ee32657e8f720a23cec1bfc77c77,0x8484ef722627bf18ca5ae6bcf031c23e6e922b30,91000000000000000,,,call,3443,3363,0_2,0,
11040773,5,1602505613,0x468e5e400f3d972a6d23de3ee58792a4020ffdce0d161cb0f7da6ab37f41b9ac,0xa0c68c638235ee32657e8f720a23cec1bfc77c77,0x8484ef722627bf18ca5ae6bcf031c23e6e922b30,18000000000000000,,,call,3443,3363,0_2,0,
11040960,5,1602508089,0x3ec0e2445df1d5ccd267420c9aece0b3058d4ac7900e062a9b1831138b6241fd,0xa0c68c638235ee32657e8f720a23cec1bfc77c77,0x8484ef722627bf18ca5ae6bcf031c23e6e922b30,500000000000000000,,,call,3443,3363,0_2,0,
11041011,6,1602508810,0x296ae208e1e2578555ecb3b9500726dd49b6b9a21ea91b94404bc10406d1c89f,0x8484ef722627bf18ca5ae6bcf031c23e6e922b30,0x8181ce5b9e32b8ef2b5dbe5f4fa78fc40f87a8d1,5371727137502058909,,,call,2300,0,0_2_0_0,0,
11041292,5,1602512669,0xa412996abb486bc75171d68e7f8c1c821036abb3da717535e8b1e73509f21f17,0xa0c68c638235ee32657e8f720a23cec1bfc77c77,0x8484ef722627bf18ca5ae6bcf031c23e6e922b30,1000000000000000000,,,call,3443,3363,0_2,0,
11041356,6,1602513420,0xb8ff7260afe3e8429e76076f23d945faed64f9cec2f49d4b3772313be1300df0,0x8484ef722627bf18ca5ae6bcf031c23e6e922b30,0x9de71ea4e262afe2d40f9e6afbf8b4dbc6539d83,500000000000000000,,,call,2300,0,0_2_0_0,0,
11041411,6,1602514278,0xe88a854db1ba9054e02dbdf5a252ad1333b3e5ccd2306fc6a3ebba9935c651cf,0x8484ef722627bf18ca5ae6bcf031c23e6e922b30,0xa8032c1fe4aa8ac50c21588f19c0f372c8204d55,27000000000000000,,,call,2300,0,0_2_0_0,0,
11041411,5,1602514278,0x3de50a27c7dfd965d6e6d7e9b7db8c082afa804165116d78b2c155d0df736977,0xa0c68c638235ee32657e8f720a23cec1bfc77c77,0x8484ef722627bf18ca5ae6bcf031c23e6e922b30,273597177183543760,,,call,3443,3363,0_2,0,
11041435,5,1602514655,0xf63dea497e769e3868af38ae4f1cd39f5e79593c5ec6bb0619d30d752148f240,0xa0c68c638235ee32657e8f720a23cec1bfc77c77,0x8484ef722627bf18ca5ae6bcf031c23e6e922b30,483000000000000000,,,call,3443,3363,0_2,0,
11041448,5,1602514845,0x98d34ec72bfa6a676bd43471b50cb42e626c680a33bda50b6d2d94aa307bbad9,0xa0c68c638235ee32657e8f720a23cec1bfc77c77,0x8484ef722627bf18ca5ae6bcf031c23e6e922b30,361000000000000000,,,call,3443,3363,0_2,0,
11041454,5,1602514913,0x7518f41ef40c1c33a591dc41eacebca57e20681f5fdb520daecaf9e73416644d,0xa0c68c638235ee32657e8f720a23cec1bfc77c77,0x8484ef722627bf18ca5ae6bcf031c23e6e922b30,52228116251781880,,,call,3443,3363,0_2,0,
11041499,5,1602515583,0x003873b53d960774789a0a812ee123fae3522c4c07b7ce0b78cbdd98feaaebae,0xa0c68c638235ee32657e8f720a23cec1bfc77c77,0x8484ef722627bf18ca5ae6bcf031c23e6e922b30,1000000000000000000,,,call,3443,3363,0_2,0,
11041539,5,1602516139,0x2b8ae536a160b522ff2ccaef3cacfc48b936cdee190c1e8367467e0fdcda930a,0xa0c68c638235ee32657e8f720a23cec1bfc77c77,0x8484ef722627bf18ca5ae6bcf031c23e6e922b30,95000000000000000,,,call,3443,3363,0_2,0,
11041610,6,1602517041,0xe9216a32e3a34af7b0fe0642ea31aefec24f10692d478c36fed29f0b6ac5e817,0x8484ef722627bf18ca5ae6bcf031c23e6e922b30,0x0214c5c41f5249166aab9a12213ac0e2119d2cc8,168113609701823877,,,call,2300,0,0_2_0_0,0,
11041671,5,1602517768,0xc9fb61342443bb9f7681615aa72fb937aee19a8675b52a149355186acd2b040c,0xa0c68c638235ee32657e8f720a23cec1bfc77c77,0x8484ef722627bf18ca5ae6bcf031c23e6e922b30,430974519600698900,,,call,3443,3363,0_2,0,
11041725,5,1602518535,0x6a34d38e603fd76591fbb15a037db0a7db786f56f6808e7efd92c0a92111a70f,0xa0c68c638235ee32657e8f720a23cec1bfc77c77,0x8484ef722627bf18ca5ae6bcf031c23e6e922b30,931000000000000000,,,call,3443,3363,0_2,0,
11041727,5,1602518539,0xb9c1480c47853356b0cd3d2f5c7b49052bdfdd1fc6f9b0d78de3789eeb0d8857,0xa0c68c638235ee32657e8f720a23cec1bfc77c77,0x8484ef722627bf18ca5ae6bcf031c23e6e922b30,14000000000000000,,,call,3443,3363,0_2,0,
11041742,5,1602518728,0xfb760fcf488fce7abf082e0f3c5a519ae8b6a9b50bd7bd866b394d0dbebb7e63,0xa0c68c638235ee32657e8f720a23cec1bfc77c77,0x8484ef722627bf18ca5ae6bcf031c23e6e922b30,950000000000000000,,,call,3443,3363,0_2,0,
11041775,5,1602519136,0x98b9f410c03607f0dbe8f4bdf69572f125bafe11840fd578295900dcc1a7df79,0xa0c68c638235ee32657e8f720a23cec1bfc77c77,0x8484ef722627bf18ca5ae6bcf031c23e6e922b30,1070000000000000000,,,call,3443,3363,0_2,0,
11041884,5,1602520738,0x7f75d8bf03358a7b88a9aeeaea3e1c54cb14067daee15468af8f9bb82fe872dc,0xa0c68c638235ee32657e8f720a23cec1bfc77c77,0x8484ef722627bf18ca5ae6bcf031c23e6e922b30,5500000000000000000,,,call,3443,3363,0_2,0,
11041901,6,1602521096,0x34ffe73472c922da75e00a47de591dda8d71b0e678a1616d3da44ee2a7ea3296,0x8484ef722627bf18ca5ae6bcf031c23e6e922b30,0x03ea64a5ced21e2cccfaea0aec283d0a0afe9424,263455187505323588,,,call,2300,0,0_2_0_0,0,
11041930,6,1602521457,0xdfe02143c0b3f4b6d08aef09f3ef80df8ec209f072520c8e03008deedbe4f8a6,0x8484ef722627bf18ca5ae6bcf031c23e6e922b30,0x5b3cfb86a9575a2c42fd88aa71f0957004fa9209,78000000000000000,,,call,2300,0,0_2_0_0,0,
11041936,5,1602521561,0xd3b88890ad910f8dd87ea44799ca684d118609fd971d65384274b7edd6a36db2,0xa0c68c638235ee32657e8f720a23cec1bfc77c77,0x8484ef722627bf18ca5ae6bcf031c23e6e922b30,590304493513684500,,,call,3443,3363,0_2,0,
11041963,5,1602521899,0xe6fee0a6d3790a84c3ee11186b718591a7c2cc9fd85f221d8c01d6191dd569cd,0xa0c68c638235ee32657e8f720a23cec1bfc77c77,0x8484ef722627bf18ca5ae6bcf031c23e6e922b30,774500000000000000,,,call,3443,3363,0_2,0,
11042015,5,1602522645,0x43832b881b4d70c88cab58b5e26c87ac31f2ac29dc87f603f53977dd206f25e0,0xa0c68c638235ee32657e8f720a23cec1bfc77c77,0x8484ef722627bf18ca5ae6bcf031c23e6e922b30,2581518522116411,,,call,3443,3363,0_2,0,
11042030,5,1602522852,0x1a546aac3d4512f6a67b92b3ba7ae6505b598e1d5cd58f16696d1d94f12fe6da,0xa0c68c638235ee32657e8f720a23cec1bfc77c77,0x8484ef722627bf18ca5ae6bcf031c23e6e922b30,116000000000000000,,,call,3443,3363,0_2,0,
11042060,5,1602523117,0xdbba31f0373dcf0b96634b7c2dd42ce52430f8e20f25e924b014fb91802d6441,0xa0c68c638235ee32657e8f720a23cec1bfc77c77,0x8484ef722627bf18ca5ae6bcf031c23e6e922b30,1000000000000000000,,,call,3443,3363,0_2,0,
11042102,6,1602523620,0xf7b8afb7aa53461c8dbdacd3bbfbaaf33da74cd7e74c0667904a84f41559753c,0x8484ef722627bf18ca5ae6bcf031c23e6e922b30,0xe8e1874958cecc8c4f45149cc3ecdfa83785a930,304154016150577782,,,call,2300,0,0_2_0_0,0,
11042161,5,1602524509,0x3f7fe155d165ba4e40f7e6053f4b0dc313f2fafebb92ec4cee9ee8c930246832,0xa0c68c638235ee32657e8f720a23cec1bfc77c77,0x8484ef722627bf18ca5ae6bcf031c23e6e922b30,91000000000000000,,,call,3443,3363,0_2,0,
11042231,5,1602525435,0xd90c5779286d18ed954c1ef30f81371f8d7203d2d5ec0dc0edc9318231624013,0xa0c68c638235ee32657e8f720a23cec1bfc77c77,0x8484ef722627bf18ca5ae6bcf031c23e6e922b30,605000000000000000,,,call,3443,3363,0_2,0,
11042231,5,1602525435,0x5c7487c869e034a44f2b1561c2e8013401a71f0394f1042b8724098ca0a337d5,0xa0c68c638235ee32657e8f720a23cec1bfc77c77,0x8484ef722627bf18ca5ae6bcf031c23e6e922b30,499000000000000000,,,call,3443,3363,0_2,0,
11042235,5,1602525485,0x21ac2c435cef850e05c4f6fd9c1fe98c468c8f07ffa045b16abe41a2c6c5d004,0xa0c68c638235ee32657e8f720a23cec1bfc77c77,0x8484ef722627bf18ca5ae6bcf031c23e6e922b30,1000000000000000000,,,call,3443,3363,0_2,0,
11042301,5,1602526315,0xe223eeee20fa5582aa19657c79dc057c666f6b539384a158233651ce30fda453,0xa0c68c638235ee32657e8f720a23cec1bfc77c77,0x8484ef722627bf18ca5ae6bcf031c23e6e922b30,2950000000000000000,,,call,3443,3363,0_2,0,
11042392,5,1602527335,0xeb66afc64b257cb9a02cb4f44192229acbfb0041c2b2c3051b4953ec262dc44b,0xa0c68c638235ee32657e8f720a23cec1bfc77c77,0x8484ef722627bf18ca5ae6bcf031c23e6e922b30,7000000000000000,,,call,3443,3363,0_2,0,
11042397,5,1602527393,0x0119cd9d1144adc9909f9ddc25d95991f9e144c9f174bc043f636d6966c99c4d,0xa0c68c638235ee32657e8f720a23cec1bfc77c77,0x8484ef722627bf18ca5ae6bcf031c23e6e922b30,500000000000000000,,,call,3443,3363,0_2,0,
11042572,5,1602529767,0xfbd02132378f3b05ce74ecdc11ecc048b8f7fc07a0a0f0feef88b3e57804d3ec,0xa0c68c638235ee32657e8f720a23cec1bfc77c77,0x8484ef722627bf18ca5ae6bcf031c23e6e922b30,20000000000000000,,,call,3443,3363,0_2,0,
11042641,5,1602530638,0x265500d5dade3ab8d2bec6b985f540c9f4f31ac452bc809bf7f4d22477f837fc,0xa0c68c638235ee32657e8f720a23cec1bfc77c77,0x8484ef722627bf18ca5ae6bcf031c23e6e922b30,6000000000000000,,,call,3443,3363,0_2,0,
11042801,5,1602532877,0x8bd0db90c50aad82756931ba63e2f8517ee2b527f8ddf962e4ebb9949fb5f1e0,0xa0c68c638235ee32657e8f720a23cec1bfc77c77,0x8484ef722627bf18ca5ae6bcf031c23e6e922b30,1000000000000000000,,,call,3443,3363,0_2,0,
11042817,5,1602533094,0xa7dc26b8b2cff550af4be27f207417f878beded6ce271ef8fffe12ca70986a83,0xa0c68c638235ee32657e8f720a23cec1bfc77c77,0x8484ef722627bf18ca5ae6bcf031c23e6e922b30,60000000000000000,,,call,3443,3363,0_2,0,
11042847,6,1602533639,0x5c3d60be6cc8808fd34add905661a09f0a6ab6576d47e47dca356da871400f88,0x8484ef722627bf18ca5ae6bcf031c23e6e922b30,0xdac583d152bbc3f4056ac86313947edef97d3a6e,1562000000000000000,,,call,2300,0,0_2_0_0,0,
11042984,5,1602535300,0xd8abf624f7ac543a5c4d23c9905383386c2f748d90dc3e1de5da85837043f593,0xa0c68c638235ee32657e8f720a23cec1bfc77c77,0x8484ef722627bf18ca5ae6bcf031c23e6e922b30,100000000000000000,,,call,3443,3363,0_2,0,
11043011,5,1602535570,0x641361c6e71bd4300ba860e1f6677d388c256430c01c6531c8943b3d54c396bb,0xa0c68c638235ee32657e8f720a23cec1bfc77c77,0x8484ef722627bf18ca5ae6bcf031c23e6e922b30,190000000000000000,,,call,3443,3363,0_2,0,
11043109,5,1602536818,0xb28dfe4fa5824d0a9462dd2fec654770138806fa0c76f7d1027a9df966e95424,0xa0c68c638235ee32657e8f720a23cec1bfc77c77,0x8484ef722627bf18ca5ae6bcf031c23e6e922b30,48000000000000000,,,call,3443,3363,0_2,0,
11043111,6,1602536833,0x5f54a1062074c85aa233b91c01532b16776470ccc342efe0796de123c5885465,0x8484ef722627bf18ca5ae6bcf031c23e6e922b30,0x93beca36d5bcdc7be0f9ca38b1b5f5f5292aa859,3427618762250510088,,,call,2300,0,0_2_0_0,0,
11043148,5,1602537335,0x174e461d4821823401f4a40f527f5ad54a83ec0260f412ffa301cf6d487b9bb9,0xa0c68c638235ee32657e8f720a23cec1bfc77c77,0x8484ef722627bf18ca5ae6bcf031c23e6e922b30,15000000000000000,,,call,3443,3363,0_2,0,
11043169,5,1602537522,0x60857a7ac8476ee0e403ccbfd61b90b0ea52d40db26421b75f75d202e4163c6f,0xa0c68c638235ee32657e8f720a23cec1bfc77c77,0x8484ef722627bf18ca5ae6bcf031c23e6e922b30,570000000000000000,,,call,3443,3363,0_2,0,
11043325,5,1602539647,0x7569f084591f7eb82f3aa98a343a18f942eac826f27d4521384b1d9c61f91255,0xa0c68c638235ee32657e8f720a23cec1bfc77c77,0x8484ef722627bf18ca5ae6bcf031c23e6e922b30,51034468923668910,,,call,3443,3363,0_2,0,
11043343,5,1602539886,0x98e55ff2636aca960224caed0ea804586e62d7f47a2e94d71676ef414c15a5bf,0xa0c68c638235ee32657e8f720a23cec1bfc77c77,0x8484ef722627bf18ca5ae6bcf031c23e6e922b30,200000000000000000,,,call,3443,3363,0_2,0,
11043343,5,1602539886,0x2cd5be55da231dff6ba17cc2c0c1d454529239846d8b686f5d2a992f922d082b,0xa0c68c638235ee32657e8f720a23cec1bfc77c77,0x8484ef722627bf18ca5ae6bcf031c23e6e922b30,242655439672505550,,,call,3443,3363,0_2,0,
11043456,5,1602541371,0x0c81508ef4cb2ade1ded6a2d98a4ecfc4fc5ce2a9b822fe74538b2736dbb9838,0xa0c68c638235ee32657e8f720a23cec1bfc77c77,0x8484ef722627bf18ca5ae6bcf031c23e6e922b30,66000000000000000,,,call,3443,3363,0_2,0,
11043483,6,1602541825,0x47ee17489f0a26fe7f6e18c75f4ba690d355b6c640aaa22e99566f99425792a8,0x8484ef722627bf18ca5ae6bcf031c23e6e922b30,0xb16b5c920708925579028a638fccde88b31e1643,84998199763177793985,,,call,2300,0,0_2_0_0,0,
11043542,5,1602542710,0x4c217e4dadf49dbdd50d507a1a20508ecff7fe4cc9d401b5f09fa66454883df0,0xa0c68c638235ee32657e8f720a23cec1bfc77c77,0x8484ef722627bf18ca5ae6bcf031c23e6e922b30,25000000000000000,,,call,3443,3363,0_2,0,
11043592,5,1602543374,0xe0c7ea2c1223a5bc84382380e0b8b8262fa8a9a3731dcf45de4271c486580297,0xa0c68c638235ee32657e8f720a23cec1bfc77c77,0x8484ef722627bf18ca5ae6bcf031c23e6e922b30,144000000000000000,,,call,3443,3363,0_2,0,
11043595,5,1602543397,0x916c4c10bdb0643db93e9ffc2cf51583a2f3d36d87a4bc6eff792e67ebf7171f,0xa0c68c638235ee32657e8f720a23cec1bfc77c77,0x8484ef722627bf18ca5ae6bcf031c23e6e922b30,38184705306836120,,,call,3443,3363,0_2,0,
11043733,6,1602545229,0x8d7abdcf79bfc6255a1775cd18e01f59f6ce4292e09e5d24c7f821415f7cd595,0x8484ef722627bf18ca5ae6bcf031c23e6e922b30,0x03ea64a5ced21e2cccfaea0aec283d0a0afe9424,238197080429192662,,,call,2300,0,0_2_0_0,0,
11043734,5,1602545233,0x5988f631a50f13061035f95528c9405de47c954909650c4a34b05641616b6e75,0xa0c68c638235ee32657e8f720a23cec1bfc77c77,0x8484ef722627bf18ca5ae6bcf031c23e6e922b30,200000000000000000,,,call,3443,3363,0_2,0,
11043804,6,1602546114,0xf745217fb98d4d47e0cdaca7be50e16353fb94400cff9f2787ad2312400c133c,0x8484ef722627bf18ca5ae6bcf031c23e6e922b30,0x9f498442dad00fb9abfd8c95f27b0bdfca27aff1,570000000000000000,,,call,2300,0,0_2_0_0,0,
11043859,5,1602546859,0x3bfbd0ae50b8c9870a09c88c1a63080579f625b24f1af722a2edf40deadc2f0b,0xa0c68c638235ee32657e8f720a23cec1bfc77c77,0x8484ef722627bf18ca5ae6bcf031c23e6e922b30,280319145787784940,,,call,3443,3363,0_2,0,
11043981,5,1602548592,0xc2b74e61de8204b76c0ed099c35c2c34c83a1d5bc1afeadf47703c1f4b7a4954,0xa0c68c638235ee32657e8f720a23cec1bfc77c77,0x8484ef722627bf18ca5ae6bcf031c23e6e922b30,120000000000000000,,,call,3443,3363,0_2,0,
11043998,5,1602548764,0x82dfc40b874fd33e5c8375bc82b910d8d93265b0780504022af76c74e5c0c8fe,0xa0c68c638235ee32657e8f720a23cec1bfc77c77,0x8484ef722627bf18ca5ae6bcf031c23e6e922b30,57000000000000000,,,call,3443,3363,0_2,0,
11044005,5,1602548865,0x41e30c10a3bb710f6eefd36e8a41241cb36f0c1f7426764102a4ab2b89224982,0xa0c68c638235ee32657e8f720a23cec1bfc77c77,0x8484ef722627bf18ca5ae6bcf031c23e6e922b30,28000000000000000,,,call,3443,3363,0_2,0,
11044055,5,1602549537,0x4af9aa01e4951175ed9e9ff2f99733513993e64fc6508f28d2542694b901263b,0xa0c68c638235ee32657e8f720a23cec1bfc77c77,0x8484ef722627bf18ca5ae6bcf031c23e6e922b30,14000000000000000,,,call,3443,3363,0_2,0,
11044103,5,1602550112,0x4eb5eb2843db4677f482550ce3d264f2ad4dd9358a01e1c6532b9682e7d3c96b,0xa0c68c638235ee32657e8f720a23cec1bfc77c77,0x8484ef722627bf18ca5ae6bcf031c23e6e922b30,5440000000000000000,,,call,3443,3363,0_2,0,
11044247,5,1602552064,0x853bd229460982786945aa845e3fa2125409e8067ed011481a28bf2d34279a8b,0xa0c68c638235ee32657e8f720a23cec1bfc77c77,0x8484ef722627bf18ca5ae6bcf031c23e6e922b30,13000000000000000,,,call,3443,3363,0_2,0,
11044272,5,1602552443,0x125d46c1122248582d7408d0ee0205e2e9cf350192d6d7bc68130dcf149ca309,0xa0c68c638235ee32657e8f720a23cec1bfc77c77,0x8484ef722627bf18ca5ae6bcf031c23e6e922b30,13000000000000000,,,call,3443,3363,0_2,0,
11044272,5,1602552443,0x879e97c575a904c5bc41eecb2de376b8edd6af39a409a7e12ac8f1943384382e,0xa0c68c638235ee32657e8f720a23cec1bfc77c77,0x8484ef722627bf18ca5ae6bcf031c23e6e922b30,62000000000000000,,,call,3443,3363,0_2,0,
11044307,5,1602552757,0xe285eb8cf7bb8b6a2ee6adc115421d60276d850cf0f6787f72a50d27ea15a941,0xa0c68c638235ee32657e8f720a23cec1bfc77c77,0x8484ef722627bf18ca5ae6bcf031c23e6e922b30,20000000000000000,,,call,3443,3363,0_2,0,
11044395,5,1602553994,0xf16ead44f4e5dc3235ab50c159a74941fe0774d2d89acdd0606631b0ee55f0b6,0xa0c68c638235ee32657e8f720a23cec1bfc77c77,0x8484ef722627bf18ca5ae6bcf031c23e6e922b30,9000000000000000,,,call,3443,3363,0_2,0,
11044405,5,1602554155,0xfcff97e881e9b9cf9e128f202e94384e6a1a6f9377d2d84182390a4ceacbd0b4,0xa0c68c638235ee32657e8f720a23cec1bfc77c77,0x8484ef722627bf18ca5ae6bcf031c23e6e922b30,1080000000000000000,,,call,3443,3363,0_2,0,
11044496,5,1602555496,0x660a173b5865891143ab7270700f922e8bb578bcd7df42d34ba52169724b294f,0xa0c68c638235ee32657e8f720a23cec1bfc77c77,0x8484ef722627bf18ca5ae6bcf031c23e6e922b30,32000000000000000,,,call,3443,3363,0_2,0,
11044503,5,1602555579,0x0b94f7b95eddf2f366e24f9038d06793afe3b3f5082732310d9bb7a98b4c92d7,0xa0c68c638235ee32657e8f720a23cec1bfc77c77,0x8484ef722627bf18ca5ae6bcf031c23e6e922b30,210000000000000000,,,call,3443,3363,0_2,0,
11044551,5,1602556165,0xfc3be260bf297508d61384121fe234f62178fe7012e844860e6b5f09afc9b420,0xa0c68c638235ee32657e8f720a23cec1bfc77c77,0x8484ef722627bf18ca5ae6bcf031c23e6e922b30,104000000000000000,,,call,3443,3363,0_2,0,
11044724,5,1602558203,0x98bf3114516051803024fa72fc0cae05a3fe7042c40d42f5aca1117d2b0fdd72,0xa0c68c638235ee32657e8f720a23cec1bfc77c77,0x8484ef722627bf18ca5ae6bcf031c23e6e922b30,10000000000000000,,,call,3443,3363,0_2,0,
11044775,5,1602558970,0x7f33bfcc994124bdff132630bdce15ca14a8d94a59ab431672d1ab67846c8cf4,0xa0c68c638235ee32657e8f720a23cec1bfc77c77,0x8484ef722627bf18ca5ae6bcf031c23e6e922b30,260000000000000000,,,call,3443,3363,0_2,0,
11045032,5,1602562391,0xb1369702a926077f319cd99530695185237eb508da24f97b885c49b71741c526,0xa0c68c638235ee32657e8f720a23cec1bfc77c77,0x8484ef722627bf18ca5ae6bcf031c23e6e922b30,9000000000000000,,,call,3443,3363,0_2,0,
11045032,5,1602562391,0xbc86e723cdb56330087fdf0eac607804988386b939c5c0e8d0e7dc4f204c250c,0xa0c68c638235ee32657e8f720a23cec1bfc77c77,0x8484ef722627bf18ca5ae6bcf031c23e6e922b30,9000000000000000,,,call,3443,3363,0_2,0,
11045225,5,1602564784,0x187b498e77d7031c20d1636006ada6e13e01adfd192057b7312ae8c7d3cc0ed0,0xa0c68c638235ee32657e8f720a23cec1bfc77c77,0x8484ef722627bf18ca5ae6bcf031c23e6e922b30,2531000000000000000,,,call,3443,3363,0_2,0,
11045303,6,1602565587,0xb7adbecd41137f0870cb1b12e1213795a8f534f482a883d6959dd2ecb6835745,0x8484ef722627bf18ca5ae6bcf031c23e6e922b30,0x61ec9b1f9547705227fe4854d4e90356a3d0a286,10000000000000000,,,call,2300,0,0_2_0_0,0,
11045322,5,1602565842,0x8c8c9c7f6b2ab8f354549d8e46e66a412cb3f79f8452731e845411d76a9c79c8,0xa0c68c638235ee32657e8f720a23cec1bfc77c77,0x8484ef722627bf18ca5ae6bcf031c23e6e922b30,1690000000000000000,,,call,3443,3363,0_2,0,
11045865,6,1602572749,0x31f71d51dabbf53d8c51f457ca6ca80ddd5c3d51f64353431250e29001277f3b,0x8484ef722627bf18ca5ae6bcf031c23e6e922b30,0xb92338347d4ce5b0b3d20d28985e458908f43d52,26228116251781880,,,call,2300,0,0_2_0_0,0,
11045938,5,1602573828,0xd20ff5ac1a04d2209c5cbe084a73b7d19cf5a7968a3b834bc8d5ccea7e782c1f,0xa0c68c638235ee32657e8f720a23cec1bfc77c77,0x8484ef722627bf18ca5ae6bcf031c23e6e922b30,1560000000000000000,,,call,3443,3363,0_2,0,
11045950,5,1602573982,0x2aacbff04eeb84802fd1774dd424b551e69b2b84335e48015a06288193a5d274,0xa0c68c638235ee32657e8f720a23cec1bfc77c77,0x8484ef722627bf18ca5ae6bcf031c23e6e922b30,50000000000000000,,,call,3443,3363,0_2,0,
11046052,5,1602575387,0xa32c1309d8314458fb48178782aa5441aae68ee59768abd8671b0a616392bf47,0xa0c68c638235ee32657e8f720a23cec1bfc77c77,0x8484ef722627bf18ca5ae6bcf031c23e6e922b30,64000000000000000,,,call,3443,3363,0_2,0,
11046305,5,1602579038,0x0fe15208242a45882ee7cea60c2209e27bbc56b338195328567eb45958185144,0xa0c68c638235ee32657e8f720a23cec1bfc77c77,0x8484ef722627bf18ca5ae6bcf031c23e6e922b30,480000000000000000,,,call,3443,3363,0_2,0,
11046455,5,1602581091,0xffb7627a2c2a9a13510bf048353831ceb8e3716f85a2a47ba3010e211db306b0,0xa0c68c638235ee32657e8f720a23cec1bfc77c77,0x8484ef722627bf18ca5ae6bcf031c23e6e922b30,300000000000000000,,,call,3443,3363,0_2,0,
11046633,6,1602583518,0xab395dbe1a1d2e539a46a2d4c0d98cba5296bcdf0b816fb8e7b9fb4c297f78c2,0x8484ef722627bf18ca5ae6bcf031c23e6e922b30,0xe8e1874958cecc8c4f45149cc3ecdfa83785a930,393927660875096986,,,call,2300,0,0_2_0_0,0,
11046790,6,1602585419,0x00e80bdd77a116a74f6c19f2747181cccd3f50f9b026e10d4acd098513aac6f2,0x8484ef722627bf18ca5ae6bcf031c23e6e922b30,0xb16b5c920708925579028a638fccde88b31e1643,504288738382868958391,,,call,2300,0,0_2_0_0,0,
11046874,5,1602586733,0xeb2a47df9fc4b5a05191346aac25826e856e82ebd183fb8b16cf8766063dd07d,0xa0c68c638235ee32657e8f720a23cec1bfc77c77,0x8484ef722627bf18ca5ae6bcf031c23e6e922b30,156453021719956200,,,call,3443,3363,0_2,0,
11047015,5,1602588515,0xf6b2eab05c108a3e9985ee06748c17ec5f9b00a20a4cb2082ce1d6f339c7ea1b,0xa0c68c638235ee32657e8f720a23cec1bfc77c77,0x8484ef722627bf18ca5ae6bcf031c23e6e922b30,194109748929076260,,,call,3443,3363,0_2,0,
11047028,6,1602588646,0xc49bdb579c4035bfe312999b4c4cf2d1857ace319dc46bf7e53fe03a9675747b,0x8484ef722627bf18ca5ae6bcf031c23e6e922b30,0x3df364ed7e8a887f7f9c240f7e281a4ea05ce03f,10000000000000000,,,call,2300,0,0_2_0_0,0,
11047223,5,1602591226,0x51498c9667ca76a8798b1a537a9145b351a00383fdb9ca72a5c67090139162d2,0xa0c68c638235ee32657e8f720a23cec1bfc77c77,0x8484ef722627bf18ca5ae6bcf031c23e6e922b30,22000000000000000,,,call,3443,3363,0_2,0,
11047228,5,1602591270,0x0bf45a9a84abba55beab746024d91445e14ee1024e3d552d319e044cf271db49,0xa0c68c638235ee32657e8f720a23cec1bfc77c77,0x8484ef722627bf18ca5ae6bcf031c23e6e922b30,47000000000000000,,,call,3443,3363,0_2,0,
11047245,5,1602591417,0xe798d71f2291198d07c19c05c33d62a67978d7d52b33d235ba16d93f5f55c365,0xa0c68c638235ee32657e8f720a23cec1bfc77c77,0x8484ef722627bf18ca5ae6bcf031c23e6e922b30,10000000000000000,,,call,3443,3363,0_2,0,
11047250,5,1602591482,0x059788f62dd6a93235bda797f6721531aec01a23be857b8b0794eb228dd02d39,0xa0c68c638235ee32657e8f720a23cec1bfc77c77,0x8484ef722627bf18ca5ae6bcf031c23e6e922b30,26007028259937563,,,call,3443,3363,0_2,0,
11047252,5,1602591519,0xc23ff13b4a94836f25a8b7b1e9381c8f3c4bf211dd9580ca7129974318884585,0xa0c68c638235ee32657e8f720a23cec1bfc77c77,0x8484ef722627bf18ca5ae6bcf031c23e6e922b30,25979443131256350,,,call,3443,3363,0_2,0,
11047253,5,1602591520,0x5c758ec5726729f71e1ecd2231ea14d8185c2201932ecf9da51894d6e8ac1875,0xa0c68c638235ee32657e8f720a23cec1bfc77c77,0x8484ef722627bf18ca5ae6bcf031c23e6e922b30,11000000000000000,,,call,3443,3363,0_2,0,
11047261,5,1602591597,0x30bedacccc4e74adc57690285e30a2f4a20556894e5ace0eb5291c419c105779,0xa0c68c638235ee32657e8f720a23cec1bfc77c77,0x8484ef722627bf18ca5ae6bcf031c23e6e922b30,54000000000000000,,,call,3443,3363,0_2,0,
11047268,5,1602591709,0x0c5ff8b9f2c951a9fbdf5590392509d5c8e64cecaf3eae9545181ae0b909aebf,0xa0c68c638235ee32657e8f720a23cec1bfc77c77,0x8484ef722627bf18ca5ae6bcf031c23e6e922b30,11000000000000000,,,call,3443,3363,0_2,0,
11047279,5,1602591911,0x8cb19b82df080122008bd48c9cb1d481bf534619a9a7425d5e21dceae23846ed,0xa0c68c638235ee32657e8f720a23cec1bfc77c77,0x8484ef722627bf18ca5ae6bcf031c23e6e922b30,25990945645558688,,,call,3443,3363,0_2,0,
11047306,5,1602592237,0xf488586e889a38d0206b137db983abb87fd96c4efc65e651b818dece29027f75,0xa0c68c638235ee32657e8f720a23cec1bfc77c77,0x8484ef722627bf18ca5ae6bcf031c23e6e922b30,28580769545649264,,,call,3443,3363,0_2,0,
11047310,5,1602592316,0x46632ae9ce3440ae35b8818d69c66c49a5bdea314962888a0edc194bd244d8f9,0xa0c68c638235ee32657e8f720a23cec1bfc77c77,0x8484ef722627bf18ca5ae6bcf031c23e6e922b30,25982517768772060,,,call,3443,3363,0_2,0,
11047355,5,1602592958,0x36cb74263838d1ea7750c874c4e2fb575146b7938d899b53f2dfbcc03a9617aa,0xa0c68c638235ee32657e8f720a23cec1bfc77c77,0x8484ef722627bf18ca5ae6bcf031c23e6e922b30,150000000000000000,,,call,3443,3363,0_2,0,
11047358,5,1602592987,0x260f7ffafd87eccd0bd4a06a4c070589638ba33c3176f81f2b6e7968f5ea8750,0xa0c68c638235ee32657e8f720a23cec1bfc77c77,0x8484ef722627bf18ca5ae6bcf031c23e6e922b30,26000000000000000,,,call,3443,3363,0_2,0,
11047423,5,1602593897,0xc680bcf4ff0d8bae6ecf1e62f79efe1ff4fea0b3f243fdf2d6d69620c6a79f28,0xa0c68c638235ee32657e8f720a23cec1bfc77c77,0x8484ef722627bf18ca5ae6bcf031c23e6e922b30,23000000000000000,,,call,3443,3363,0_2,0,
11047655,5,1602596748,0x4a60555fe6b42207ee3936fdb1264400248c6e25716a436a1f17f39d2a95991a,0xa0c68c638235ee32657e8f720a23cec1bfc77c77,0x8484ef722627bf18ca5ae6bcf031c23e6e922b30,2100000000000000000,,,call,3443,3363,0_2,0,
11047833,5,1602598871,0xde8fedd596282c32ae080b325010f117dff8f3503c7c8487ff16469997620ad3,0xa0c68c638235ee32657e8f720a23cec1bfc77c77,0x8484ef722627bf18ca5ae6bcf031c23e6e922b30,800000000000000000,,,call,3443,3363,0_2,0,
11048257,5,1602605015,0x524dd7f6cb8a41d6953a3d5e4e998a41a076a8e2df9bd33239ee4b9819c0c9f5,0xa0c68c638235ee32657e8f720a23cec1bfc77c77,0x8484ef722627bf18ca5ae6bcf031c23e6e922b30,269000000000000000,,,call,3443,3363,0_2,0,
11048260,5,1602605027,0xede4fb0f82de9b24b86bf8556c50b505648357917ee56315a213e6f2d8ba448b,0xa0c68c638235ee32657e8f720a23cec1bfc77c77,0x8484ef722627bf18ca5ae6bcf031c23e6e922b30,1000000000000000000,,,call,3443,3363,0_2,0,
11048442,5,1602607228,0x7ac1b365b95705813b11ef80d1c5c1b77bff25672fe93336219993f9a32ea212,0xa0c68c638235ee32657e8f720a23cec1bfc77c77,0x8484ef722627bf18ca5ae6bcf031c23e6e922b30,100000000000000000,,,call,3443,3363,0_2,0,
11048676,5,1602610224,0x2175c01d4c821dfc730e17ec9702941649dcf7ca6ab6fe01521446c6a981dd82,0xa0c68c638235ee32657e8f720a23cec1bfc77c77,0x8484ef722627bf18ca5ae6bcf031c23e6e922b30,140000000000000000,,,call,3443,3363,0_2,0,
11048745,6,1602611173,0x24f5b7493bdf8534f55a81610fa7fe0d8529cb7c25bb1c520362acb6abcb793e,0x8484ef722627bf18ca5ae6bcf031c23e6e922b30,0xe135b813b29769682763604d93b917de41f18b18,1150000000000000000,,,call,2300,0,0_2_0_0,0,
11048777,6,1602611715,0xe66211a9c0a6c99c6e56811897e2e141d7ff511025ba7b16696afcf87c142d9a,0x8484ef722627bf18ca5ae6bcf031c23e6e922b30,0xe135b813b29769682763604d93b917de41f18b18,824000000000000000,,,call,2300,0,0_2_0_0,0,
11048785,5,1602611811,0xaf135ca1c4fd2723593b83f7807bea3d557a55426b502f0b1cc46b836bbcedce,0xa0c68c638235ee32657e8f720a23cec1bfc77c77,0x8484ef722627bf18ca5ae6bcf031c23e6e922b30,515000000000000000000,,,call,3443,3363,0_2,0,
11048793,5,1602611934,0x5f67baaf2e9496725e05025797e62761c76a053488cf018dcd5b4049b8b1d99e,0xa0c68c638235ee32657e8f720a23cec1bfc77c77,0x8484ef722627bf18ca5ae6bcf031c23e6e922b30,10530899624867997,,,call,3443,3363,0_2,0,
11049017,5,1602615066,0xbb42be5321865ae2e113283c86096c49d67955f5538de52f09877dda09b303fb,0xa0c68c638235ee32657e8f720a23cec1bfc77c77,0x8484ef722627bf18ca5ae6bcf031c23e6e922b30,250000000000000000,,,call,3443,3363,0_2,0,
11049271,5,1602618126,0xe5f6ab4060cc39aab6dce7d03dc97edf16ab0328826287537e0925c8599e1666,0xa0c68c638235ee32657e8f720a23cec1bfc77c77,0x8484ef722627bf18ca5ae6bcf031c23e6e922b30,133000000000000000,,,call,3443,3363,0_2,0,
11049326,5,1602618811,0x7c97803f8729f3c2268c272c99295c4d9b6825ac8b49a68e2219e70d5f50ef46,0xa0c68c638235ee32657e8f720a23cec1bfc77c77,0x8484ef722627bf18ca5ae6bcf031c23e6e922b30,21900000000000000000,,,call,3443,3363,0_2,0,
11049432,5,1602620263,0x18ad895b9afb0e4bdd17b08171ca017c21c3ad049e748668f7495630b086b23b,0xa0c68c638235ee32657e8f720a23cec1bfc77c77,0x8484ef722627bf18ca5ae6bcf031c23e6e922b30,26360623339523923,,,call,3443,3363,0_2,0,
11049469,5,1602620670,0xaa5ef9ce1906adb7468afeca19dd74978e89fbd94c70714d9b63df40a6a291cf,0xa0c68c638235ee32657e8f720a23cec1bfc77c77,0x8484ef722627bf18ca5ae6bcf031c23e6e922b30,64000000000000000,,,call,3443,3363,0_2,0,
11049520,5,1602621530,0x6322f6b6c039d3dbd1b34202e39b436b29fce8e69e7b5bdf0e35e0d209405a39,0xa0c68c638235ee32657e8f720a23cec1bfc77c77,0x8484ef722627bf18ca5ae6bcf031c23e6e922b30,400000000000000000,,,call,3443,3363,0_2,0,
11049598,5,1602622779,0xb99b1addb3b4eaee0d4759e5267f8db58ddb01ca6ef88bb69009ee48b7ec1896,0xa0c68c638235ee32657e8f720a23cec1bfc77c77,0x8484ef722627bf18ca5ae6bcf031c23e6e922b30,66000000000000000,,,call,3443,3363,0_2,0,
11049730,6,1602624434,0x862761970f299f5ebab48a30af48d01772ce9a1d273a244e7dc0d9680c3e9012,0x8484ef722627bf18ca5ae6bcf031c23e6e922b30,0x7a8a1ec01b6f56df48c595e7359c17d37b8a3996,250000000000000000,,,call,2300,0,0_2_0_0,0,
11049802,5,1602625427,0x3a829abd345f192eee901df994d36d10ed3941f0368a532e330710641a0ddf65,0xa0c68c638235ee32657e8f720a23cec1bfc77c77,0x8484ef722627bf18ca5ae6bcf031c23e6e922b30,50000000000000000,,,call,3443,3363,0_2,0,
11050251,5,1602630933,0x756e0e63a2b60a5b7e7b4cfe0f75f746e0defbf657c9a373f0a6614efeee4387,0xa0c68c638235ee32657e8f720a23cec1bfc77c77,0x8484ef722627bf18ca5ae6bcf031c23e6e922b30,1672237543941928600,,,call,3443,3363,0_2,0,
11050381,5,1602632583,0x1a67af2589d0c850f5def227cf11f9634cf707344601273b80f9ef20e332b550,0xa0c68c638235ee32657e8f720a23cec1bfc77c77,0x8484ef722627bf18ca5ae6bcf031c23e6e922b30,32000000000000000,,,call,3443,3363,0_2,0,
11050381,6,1602632583,0x6f283a9777cef9667cbf0a4e806913af52ff7de4106a055b92575c9427809e18,0x8484ef722627bf18ca5ae6bcf031c23e6e922b30,0xe009127a8ad2ec5f5072e672b08b77c9958b296e,4169263715969632698,,,call,2300,0,0_2_0_0,0,
11050956,6,1602640734,0x8c37421e8cc460a0a1943952631f557ed7ae91c50eb3396018d6a01fc7c55873,0x8484ef722627bf18ca5ae6bcf031c23e6e922b30,0x3a61a75a26a8e18fa6d98d399cf213c4a330a5a0,1050000000000000000,,,call,2300,0,0_2_0_0,0,
11051177,5,1602643479,0x34a6d54b26155dfe7d7302b064697102e9a2ffcec3f9128c77ba6552e1f2067b,0xa0c68c638235ee32657e8f720a23cec1bfc77c77,0x8484ef722627bf18ca5ae6bcf031c23e6e922b30,72000000000000000,,,call,3443,3363,0_2,0,
11051319,5,1602645336,0x8fe11384f2ee3c26405e1c869d837d4a2817fab8353e6610721e7ce617c9ff8a,0xa0c68c638235ee32657e8f720a23cec1bfc77c77,0x8484ef722627bf18ca5ae6bcf031c23e6e922b30,10450000000000000000,,,call,3443,3363,0_2,0,
11051401,5,1602646474,0xa55aef0840e66bb81c347fc9735aff3141c8880a4ba0280587180cecae9d8c35,0xa0c68c638235ee32657e8f720a23cec1bfc77c77,0x8484ef722627bf18ca5ae6bcf031c23e6e922b30,5000000000000000,,,call,3443,3363,0_2,0,
11051469,8,1602647665,0x0acd2d946e8e4a308c7cac131eccfe0baeaf990c875fb7ae028f5598ec081dd6,0x8484ef722627bf18ca5ae6bcf031c23e6e922b30,0x252bd3b24f273ca30d4000a1411b92b862289d25,17100000000000000,,,call,2300,0,0_0_0_2_0_0,0,
11051516,5,1602648396,0x47596941066311ed5a17c37b737220a2498e2ef3b982c0edce862db6131ee1a2,0xa0c68c638235ee32657e8f720a23cec1bfc77c77,0x8484ef722627bf18ca5ae6bcf031c23e6e922b30,16000000000000000,,,call,3443,3363,0_2,0,
11051723,5,1602651008,0xadbf8b7e3c44fb537720f3db69a991a5e4b07ff9f06f18573b25518b51f7d8af,0xa0c68c638235ee32657e8f720a23cec1bfc77c77,0x8484ef722627bf18ca5ae6bcf031c23e6e922b30,2614300111779457,,,call,3443,3363,0_2,0,
11051943,5,1602653874,0xac431ff6f07f6a341b3901810ea378cc9220dad8721719355ce77027e4495f95,0xa0c68c638235ee32657e8f720a23cec1bfc77c77,0x8484ef722627bf18ca5ae6bcf031c23e6e922b30,4000000000000000,,,call,3443,3363,0_2,0,
11052319,6,1602658595,0x2e5099fccf77409d978e0c7200bb6a00ec1d52bffa9cc371261f1048f0f9cada,0x8484ef722627bf18ca5ae6bcf031c23e6e922b30,0x0214c5c41f5249166aab9a12213ac0e2119d2cc8,932975717728947926,,,call,2300,0,0_2_0_0,0,
11052493,5,1602660960,0x6694afbd640ef52fd465f37fb3f265c74af29a3b20d8d7dc1a07ff9027994173,0xa0c68c638235ee32657e8f720a23cec1bfc77c77,0x8484ef722627bf18ca5ae6bcf031c23e6e922b30,1000000000000000000,,,call,3443,3363,0_2,0,
11052831,5,1602665541,0x0aae0c83bb2ddb8e16e6da6140a56cbcdbcfe29ab76fb08ba9f1176f5de98288,0xa0c68c638235ee32657e8f720a23cec1bfc77c77,0x8484ef722627bf18ca5ae6bcf031c23e6e922b30,18000000000000000000,,,call,3443,3363,0_2,0,
11052863,5,1602665882,0x69e2f45663239776168cf03243a184aeeb391e6d93333d5bf33eee6d91ea6f5b,0xa0c68c638235ee32657e8f720a23cec1bfc77c77,0x8484ef722627bf18ca5ae6bcf031c23e6e922b30,1000000000000000000,,,call,3443,3363,0_2,0,
11053287,5,1602671821,0x93a36ef583c1c00dcf42ff595229728043beb5ec84aa737117f29a8df6c4fe01,0xa0c68c638235ee32657e8f720a23cec1bfc77c77,0x8484ef722627bf18ca5ae6bcf031c23e6e922b30,65566937749611820,,,call,3443,3363,0_2,0,
11053325,5,1602672469,0x726f7ed8beec3aebfedb33765a8fc2fac9cd5d9d85f3a515ad5c7cb2336b588d,0xa0c68c638235ee32657e8f720a23cec1bfc77c77,0x8484ef722627bf18ca5ae6bcf031c23e6e922b30,8020000000000000000,,,call,3443,3363,0_2,0,
11053341,5,1602672663,0x80388442c3a1893797e6403df0395f47520e14f92b417d3dbc3368702f0eb102,0xa0c68c638235ee32657e8f720a23cec1bfc77c77,0x8484ef722627bf18ca5ae6bcf031c23e6e922b30,900000000000000000,,,call,3443,3363,0_2,0,
11053367,5,1602673081,0xbc6d90b2885f25e200b500f43bdbf6140b6ff8ab5848263b44d2a251d1a1a35a,0xa0c68c638235ee32657e8f720a23cec1bfc77c77,0x8484ef722627bf18ca5ae6bcf031c23e6e922b30,1310000000000000000,,,call,3443,3363,0_2,0,
11053462,5,1602674465,0x71313ffd7d23f8991d5617643af0224b3c042ca37615d27087c0c969bd429692,0xa0c68c638235ee32657e8f720a23cec1bfc77c77,0x8484ef722627bf18ca5ae6bcf031c23e6e922b30,1928000000000000000,,,call,3443,3363,0_2,0,
11053521,6,1602675297,0x15f59974ab0d736ddc87aeed9c55753af66e764b56c181b1a0bf6b99cb6ac6ab,0x8484ef722627bf18ca5ae6bcf031c23e6e922b30,0x579a481603aeb40f6ec5b68410e82d77d041978e,231000000000000000,,,call,2300,0,0_2_0_0,0,
11053521,5,1602675297,0x7e34182b75ff84d0f21a75ab2be4065e78851cf82285e96910d8ba7ad7f2cd15,0xa0c68c638235ee32657e8f720a23cec1bfc77c77,0x8484ef722627bf18ca5ae6bcf031c23e6e922b30,2888000000000000000,,,call,3443,3363,0_2,0,
11053741,6,1602678466,0x525ba80153a3ffc01abda837c8701153a40799a301f0a13f613c0cfbc25377aa,0x8484ef722627bf18ca5ae6bcf031c23e6e922b30,0x8038e57d995c24366de05ef8adff9aaa7f8cedcb,8020000000000000000,,,call,2300,0,0_2_0_0,0,
11053831,6,1602679470,0x12f59a25de68c4d77e16176f6547c65e299989265985ab675cef820a418e6a1f,0x8484ef722627bf18ca5ae6bcf031c23e6e922b30,0xba8fd7adafa804027041a5e72a948e5ae55e62bd,900000000000000000,,,call,2300,0,0_2_0_0,0,
11053940,5,1602680869,0xc9372fb09fbf354c78211afa77d3338ba053a4a41b4306d671125b0a939ca38a,0xa0c68c638235ee32657e8f720a23cec1bfc77c77,0x8484ef722627bf18ca5ae6bcf031c23e6e922b30,1400000000000000000,,,call,3443,3363,0_2,0,
11053971,6,1602681248,0xb0e9c1640dc8b289b0990d5df1efecd85a39144f278c4e3af4d1c1e909d92171,0x8484ef722627bf18ca5ae6bcf031c23e6e922b30,0x0b5436c52d6397f738f3613e57542372af097957,997647638156262486,,,call,2300,0,0_2_0_0,0,
11053984,5,1602681412,0xbdbd0fa894c290bf8dc93eb408131ac5d57e7e818ed65a0c7b1d2a96728b9c31,0xa0c68c638235ee32657e8f720a23cec1bfc77c77,0x8484ef722627bf18ca5ae6bcf031c23e6e922b30,1897000000000000000,,,call,3443,3363,0_2,0,
11054016,5,1602681693,0xab9d69bab875083563f8faa3380c4747d200097d2a3a4eb264b35301848b88f1,0xa0c68c638235ee32657e8f720a23cec1bfc77c77,0x8484ef722627bf18ca5ae6bcf031c23e6e922b30,265000000000000000,,,call,3443,3363,0_2,0,
11054064,5,1602682449,0x6706593297ffa39ca22de0fbb6c8d86845d9a719c6185d46678825feea6b24aa,0xa0c68c638235ee32657e8f720a23cec1bfc77c77,0x8484ef722627bf18ca5ae6bcf031c23e6e922b30,368000000000000000,,,call,3443,3363,0_2,0,
11054313,5,1602685594,0x8497f8ca318c88cd1f698165ea9816401f4ae06fa142f685832d358aa1e779f6,0xa0c68c638235ee32657e8f720a23cec1bfc77c77,0x8484ef722627bf18ca5ae6bcf031c23e6e922b30,265000000000000000,,,call,3443,3363,0_2,0,
11054475,6,1602687689,0xbebdde04566ce85467eb6fd794212c6b1b2e4b3dee440f96813141653ebfb4cb,0x8484ef722627bf18ca5ae6bcf031c23e6e922b30,0xba8fd7adafa804027041a5e72a948e5ae55e62bd,90148520747698981,,,call,2300,0,0_2_0_0,0,
11054993,5,1602694227,0x791171e6a46740f563ed23a31d5482b6bb9e7782ceef53d352cadac9a68bcc8d,0xa0c68c638235ee32657e8f720a23cec1bfc77c77,0x8484ef722627bf18ca5ae6bcf031c23e6e922b30,18450000000000000000,,,call,3443,3363,0_2,0,
11055003,5,1602694285,0x802c8b1e3a6f17b78f5779570c892579ab4d7e0f81c2d05165bc0d88647fd3e1,0xa0c68c638235ee32657e8f720a23cec1bfc77c77,0x8484ef722627bf18ca5ae6bcf031c23e6e922b30,45000000000000000,,,call,3443,3363,0_2,0,
11055291,6,1602697842,0x535c63a6288c69be32ee174080d1bf75da6934dcb33fdec9e79dd70a2f9f733f,0x8484ef722627bf18ca5ae6bcf031c23e6e922b30,0x6bd42311c53db0a5f66029f1a3d0451ab029c281,60000000000000000,,,call,2300,0,0_2_0_0,0,
11055611,5,1602701993,0x7d032c5819eb71c80d752ea0b30806e7387de8967b5bcdced3da8e9f4b3b62dd,0xa0c68c638235ee32657e8f720a23cec1bfc77c77,0x8484ef722627bf18ca5ae6bcf031c23e6e922b30,1010000000000000000,,,call,3443,3363,0_2,0,
11055670,5,1602702723,0x9f426621d48914e3eb45d1931c0adae9dac6b83db4847e8546cf753ae4b63548,0xa0c68c638235ee32657e8f720a23cec1bfc77c77,0x8484ef722627bf18ca5ae6bcf031c23e6e922b30,49000000000000000,,,call,3443,3363,0_2,0,
11055793,5,1602704403,0x8f6c3ca38369b82c17a3782d00e8fc461e2c9dd8eddd096e3220098ebdecf49c,0xa0c68c638235ee32657e8f720a23cec1bfc77c77,0x8484ef722627bf18ca5ae6bcf031c23e6e922b30,111000000000000000,,,call,3443,3363,0_2,0,
11055815,5,1602704647,0x1ceecd20a44c0526c5c146f5f8cb1a5daec26098fbfb10e8c56cb35959649afe,0xa0c68c638235ee32657e8f720a23cec1bfc77c77,0x8484ef722627bf18ca5ae6bcf031c23e6e922b30,800000000000000000,,,call,3443,3363,0_2,0,
11055909,5,1602706330,0xb0857643a174f1646bfa2c18244b1aeaa474c4d05538b9ad44708a973fdaabe8,0xa0c68c638235ee32657e8f720a23cec1bfc77c77,0x8484ef722627bf18ca5ae6bcf031c23e6e922b30,770000000000000000,,,call,3443,3363,0_2,0,
11055947,6,1602707025,0xcc1cbb22b9da90a5ebf24aa0c740b8c4417a3b58f7950ff20ff866ab057d021a,0x8484ef722627bf18ca5ae6bcf031c23e6e922b30,0x4d7e5d724ae9fa75dff58dc45c57483d8fef7ca0,10562910919385158850,,,call,2300,0,0_2_0_0,0,
11055966,5,1602707214,0x3c2d19052f3e71ff8de9ab41dd0932f392f3fdcbf651d0df31c641a87d7f2240,0xa0c68c638235ee32657e8f720a23cec1bfc77c77,0x8484ef722627bf18ca5ae6bcf031c23e6e922b30,3022000000000000000,,,call,3443,3363,0_2,0,
11056052,5,1602708331,0x6090d2c77fd44ac3a59a23b90d5746280c37eb6e17b939ce2854ed8682ae17d6,0xa0c68c638235ee32657e8f720a23cec1bfc77c77,0x8484ef722627bf18ca5ae6bcf031c23e6e922b30,2280000000000000000,,,call,3443,3363,0_2,0,
11056102,5,1602709041,0xd98c12ad035dd57abac2e1e5b4cd8a2bb345a2a3ab928c0fc62a592376051f73,0xa0c68c638235ee32657e8f720a23cec1bfc77c77,0x8484ef722627bf18ca5ae6bcf031c23e6e922b30,945000000000000000,,,call,3443,3363,0_2,0,
11056219,5,1602710527,0x24e8678fd03d771468f426d2401bba513870ae99aa0b29eeb8b995d0cb1c82e6,0xa0c68c638235ee32657e8f720a23cec1bfc77c77,0x8484ef722627bf18ca5ae6bcf031c23e6e922b30,6000000000000000,,,call,3443,3363,0_2,0,
11056329,5,1602712118,0xad475316f7edd67f7ba9e3bdde1b433b562cacfbb6b1d84fdb8a26b67e816830,0xa0c68c638235ee32657e8f720a23cec1bfc77c77,0x8484ef722627bf18ca5ae6bcf031c23e6e922b30,2400000000000000000,,,call,3443,3363,0_2,0,
11056546,6,1602714797,0x4a06721835a928969bc2ce13103ba87561f67c70e49bcf2a1066b5205933336a,0x8484ef722627bf18ca5ae6bcf031c23e6e922b30,0xb2ab92049645d0395d17b1d0b8152de9a7032945,795518998169406987,,,call,2300,0,0_2_0_0,0,
11056559,6,1602714904,0x139b0b6489155ff4fb0fd6af0dce99700f459382d23cf2ebc1bed2cf03447c85,0x8484ef722627bf18ca5ae6bcf031c23e6e922b30,0xb2ab92049645d0395d17b1d0b8152de9a7032945,408210966678158035,,,call,2300,0,0_2_0_0,0,
11056757,6,1602717155,0x9f858e7b90e01d731b18312962aeea3bae76ce6321650dbb572941e37c8cdc2b,0x8484ef722627bf18ca5ae6bcf031c23e6e922b30,0xf7cbbf21ca10ac78540abc01ca4747994393f676,411000000000000000,,,call,2300,0,0_2_0_0,0,
11056765,5,1602717215,0x1350a9a5b655afd85d9906906ad6286620d89c3bfdc48739e578509e66ec26c6,0xa0c68c638235ee32657e8f720a23cec1bfc77c77,0x8484ef722627bf18ca5ae6bcf031c23e6e922b30,1000000000000000000,,,call,3443,3363,0_2,0,
11057087,5,1602721267,0xf5ca17de68bb48afc779a8e195dfb272497ab82c08a585aaac97d9f62cd36fa1,0xa0c68c638235ee32657e8f720a23cec1bfc77c77,0x8484ef722627bf18ca5ae6bcf031c23e6e922b30,15830508480981813,,,call,3443,3363,0_2,0,
11057096,5,1602721441,0xb96b1b05911780c3a1c77baf245ceee677f14fe4da7eea7173bb1a2044f7056b,0xa0c68c638235ee32657e8f720a23cec1bfc77c77,0x8484ef722627bf18ca5ae6bcf031c23e6e922b30,7000000000000000,,,call,3443,3363,0_2,0,
11057151,5,1602722111,0xc37e70629f5513f92f02fd74bb2938f74dffe3f2c7616b3a4626a0a8779e0c91,0xa0c68c638235ee32657e8f720a23cec1bfc77c77,0x8484ef722627bf18ca5ae6bcf031c23e6e922b30,15000000000000000,,,call,3443,3363,0_2,0,
11057581,5,1602727705,0x6d5979c98e95669e10352dd62cf2460aadb541f5e497f62a029691cd8f7c670e,0xa0c68c638235ee32657e8f720a23cec1bfc77c77,0x8484ef722627bf18ca5ae6bcf031c23e6e922b30,30000000000000000,,,call,3443,3363,0_2,0,
11057694,6,1602729085,0x6a2a4ae24ab1e32defa9ac6036de46979091face736ff82c82558d5764d42656,0x8484ef722627bf18ca5ae6bcf031c23e6e922b30,0xfb2064ca07dc81ee5b6b869cd6bb822b1772fcc3,61000000000000000,,,call,2300,0,0_2_0_0,0,
11057935,6,1602732156,0xf14ad1446752a29947109e1a00247190f08f119f75d318bec0cb3c7a240a6a74,0x8484ef722627bf18ca5ae6bcf031c23e6e922b30,0xfb2064ca07dc81ee5b6b869cd6bb822b1772fcc3,551477623397003540,,,call,2300,0,0_2_0_0,0,
11058062,5,1602733589,0x4c094af71251bb12baec3d5aff5039fbdc57e3bd1a3719b88426639b750c4c6c,0xa0c68c638235ee32657e8f720a23cec1bfc77c77,0x8484ef722627bf18ca5ae6bcf031c23e6e922b30,84608325011455030,,,call,3443,3363,0_2,0,
11058127,5,1602734622,0x6e17994f34ec32809ccd605a90536a53e98975486bdde78f6085f105eb09bfd3,0xa0c68c638235ee32657e8f720a23cec1bfc77c77,0x8484ef722627bf18ca5ae6bcf031c23e6e922b30,5000000000000000,,,call,3443,3363,0_2,0,
11058209,5,1602735838,0xfc0034e4de3c63298e5b1181653552e4adf430fd4f9205ae728e91134e0382d8,0xa0c68c638235ee32657e8f720a23cec1bfc77c77,0x8484ef722627bf18ca5ae6bcf031c23e6e922b30,18000000000000000,,,call,3443,3363,0_2,0,
11058291,5,1602737058,0x5e14a90c5a3666fe75db7e87304d9b6506ba2c61b394330f93dda7895e05305d,0xa0c68c638235ee32657e8f720a23cec1bfc77c77,0x8484ef722627bf18ca5ae6bcf031c23e6e922b30,1000000000000000000,,,call,3443,3363,0_2,0,
11058715,6,1602742918,0x2e36f95de638ae239e20e626773e80b86afb29a4f8f3bff684f489fd757c360d,0x8484ef722627bf18ca5ae6bcf031c23e6e922b30,0x48371063985b92e1b1d9e02d19afdf4d2419a38d,333381477707783902,,,call,2300,0,0_2_0_0,0,
11059177,6,1602749077,0x44565a7508fec6b1ff28c52933a12d9fd7fb0f34b8f25332cab038ff81f13208,0x8484ef722627bf18ca5ae6bcf031c23e6e922b30,0x94aba23b9bbfe7bb62a9eb8b1215d72b5f6f33a1,3462676318652080258,,,call,2300,0,0_2_0_0,0,
11059321,6,1602750971,0x19fb16b24dcc0e47e5671de1c58b3bff94a8da5f244e0d57bfd484d4fc41e3ae,0x8484ef722627bf18ca5ae6bcf031c23e6e922b30,0xa8e7b0c676ec5069b3616e2ac571f2d68b3a5b98,1719905291621613415,,,call,2300,0,0_2_0_0,0,
11059350,5,1602751392,0x1bb30d5a04e6ef25c0db3d6a2ee3b919eaabe68072c83580ae78dd2f103f436f,0xa0c68c638235ee32657e8f720a23cec1bfc77c77,0x8484ef722627bf18ca5ae6bcf031c23e6e922b30,400000000000000000,,,call,3443,3363,0_2,0,
11059357,5,1602751446,0x0b106b22510f08bc7867959e7c2fd6a832c6f7c1c7c1e486faa0bce237fa4b70,0xa0c68c638235ee32657e8f720a23cec1bfc77c77,0x8484ef722627bf18ca5ae6bcf031c23e6e922b30,2835000000000000000,,,call,3443,3363,0_2,0,
11059572,5,1602754574,0x1c15e48d301474ceaf799ce53fc377d449b1122875c4afcaa40ff5f714c3ab09,0xa0c68c638235ee32657e8f720a23cec1bfc77c77,0x8484ef722627bf18ca5ae6bcf031c23e6e922b30,2783000000000000000,,,call,3443,3363,0_2,0,
11059696,6,1602756136,0x9076a9b005d555ecb448e4ee94e7a4140978048e2aef6737e81ffdca8bf5e564,0x8484ef722627bf18ca5ae6bcf031c23e6e922b30,0x793cc2687e82195764e7465a22831cf0a6f9d85f,100000000000000000,,,call,2300,0,0_2_0_0,0,
11060002,6,1602760170,0xacec42a92993a764cc5349ae04b7a24f164aba3ab374936a07b859a760491132,0x8484ef722627bf18ca5ae6bcf031c23e6e922b30,0x0d75b30b65fec765dde3b275de3977cdf2b6bab2,55200000000000000000,,,call,2300,0,0_2_0_0,0,
11060125,5,1602762077,0x0dc522d7e6f2ff05ffb432ef655f54fc9b4190a08a6c49ad6dcb79270d872ae6,0xa0c68c638235ee32657e8f720a23cec1bfc77c77,0x8484ef722627bf18ca5ae6bcf031c23e6e922b30,550000000000000000,,,call,3443,3363,0_2,0,
11060265,5,1602763850,0x9bdeb29477122c51c3b371cd99b882264c3c95767c302c99c9dbf6bb8c31cc07,0xa0c68c638235ee32657e8f720a23cec1bfc77c77,0x8484ef722627bf18ca5ae6bcf031c23e6e922b30,184000000000000000,,,call,3443,3363,0_2,0,
11060434,6,1602766085,0x67d8d8b9e9b5d83f3f0dcb1aa0dedae9fcf172f6cf256ae3be4a37e96b2f384d,0x8484ef722627bf18ca5ae6bcf031c23e6e922b30,0xde0cb7748a06b07ecc49bc4dd9d1f38ab93b7ad9,15642437687440733182,,,call,2300,0,0_2_0_0,0,
11060474,5,1602766594,0x5022d0bac7459d23e752f1356cfc10695c5174551d5055d2bcc09e2210cec8bb,0xa0c68c638235ee32657e8f720a23cec1bfc77c77,0x8484ef722627bf18ca5ae6bcf031c23e6e922b30,401000000000000000,,,call,3443,3363,0_2,0,
11060631,5,1602768403,0xd151b5803def37d85d258db837947ec297fd16a1a0df0dba990a4209a8f5f133,0xa0c68c638235ee32657e8f720a23cec1bfc77c77,0x8484ef722627bf18ca5ae6bcf031c23e6e922b30,160526948513693120,,,call,3443,3363,0_2,0,
11060849,5,1602771073,0x12d3b6beae0b9536d60d7abb9c898cf0888bc61819130e7dd2e0fa466250f415,0xa0c68c638235ee32657e8f720a23cec1bfc77c77,0x8484ef722627bf18ca5ae6bcf031c23e6e922b30,17000000000000000,,,call,3443,3363,0_2,0,
11061138,6,1602774909,0x53bb3b14b40661ce333b70acb70a7944ef5e44a4eb00628d66ead6f92271f5e7,0x8484ef722627bf18ca5ae6bcf031c23e6e922b30,0xb8c6b26ac5f17f20033b068149735c95ba113694,1078411240929060074,,,call,2300,0,0_2_0_0,0,
11061396,5,1602778426,0xca99481f18d159aac2df8c3724e806ccc40c67dd7b1b924821cea2a2621f03de,0xa0c68c638235ee32657e8f720a23cec1bfc77c77,0x8484ef722627bf18ca5ae6bcf031c23e6e922b30,277000000000000000,,,call,3443,3363,0_2,0,
11061586,5,1602780741,0xb0026cc228edff41612dc0f9decfd456cfc06f978284c050a18ee0618b925293,0xa0c68c638235ee32657e8f720a23cec1bfc77c77,0x8484ef722627bf18ca5ae6bcf031c23e6e922b30,290000000000000000,,,call,3443,3363,0_2,0,
11061907,6,1602785019,0x9634b2066efba9280a33f49db88f764821298e2bc7f0d40ca21828043325f5c4,0x8484ef722627bf18ca5ae6bcf031c23e6e922b30,0x0b5436c52d6397f738f3613e57542372af097957,532988339864253079,,,call,2300,0,0_2_0_0,0,
11061944,5,1602785487,0xbaa60295c5cfaeb36b10810d322ce1f1207e4053358643fc2a7a02f2c85d00e6,0xa0c68c638235ee32657e8f720a23cec1bfc77c77,0x8484ef722627bf18ca5ae6bcf031c23e6e922b30,40000000000000000,,,call,3443,3363,0_2,0,
11062110,5,1602787730,0xbfb8eafa40b3cfccee7c2d29e9ae27d525d841cc7be6139915087c3efc9dc361,0xa0c68c638235ee32657e8f720a23cec1bfc77c77,0x8484ef722627bf18ca5ae6bcf031c23e6e922b30,440000000000000000,,,call,126215,3363,0_2,0,
11062357,5,1602790790,0x97b250f9002916ea03385b4d6870ef9bf33c9fba905cbab316adc50a51ade82f,0xa0c68c638235ee32657e8f720a23cec1bfc77c77,0x8484ef722627bf18ca5ae6bcf031c23e6e922b30,23900000000000000000,,,call,3443,3363,0_2,0,
11062424,5,1602791698,0xe5702cadb3952f9aef4a7604c028a8bf7def02920f2e45e3a69cd984005dd593,0xa0c68c638235ee32657e8f720a23cec1bfc77c77,0x8484ef722627bf18ca5ae6bcf031c23e6e922b30,19739610343764754,,,call,3443,3363,0_2,0,
11062444,6,1602791904,0x43dc84894bb5ed40a09a22be9807de68bb7c3a1c69a4912e183b61ac1f7143b0,0x8484ef722627bf18ca5ae6bcf031c23e6e922b30,0x57b2cf4c23670052cd787831fd85798cd34b29cc,20000000000000000,,,call,2300,0,0_2_0_0,0,
11062913,5,1602798023,0x94f0315df0fa5e1a7927199e510f69591c2ceb2b3bf63a6fe4e2e7f3e0f11adf,0xa0c68c638235ee32657e8f720a23cec1bfc77c77,0x8484ef722627bf18ca5ae6bcf031c23e6e922b30,2000000000000000,,,call,3443,3363,0_2,0,
11062917,5,1602798103,0x721a7063c358955fa94c94cdcb70913104be76edd617f7b07de9cce097fafc7c,0xa0c68c638235ee32657e8f720a23cec1bfc77c77,0x8484ef722627bf18ca5ae6bcf031c23e6e922b30,7800000000000000000,,,call,3443,3363,0_2,0,
11063089,6,1602800217,0x3a1d2567a503a67db5a2e692427377e25b4b4b6e90fc798f55edf9b07a63fb49,0x8484ef722627bf18ca5ae6bcf031c23e6e922b30,0x502b6ffbbea3950b63719310405635ca28b028db,6482632507649804850,,,call,2300,0,0_2_0_0,0,
11063314,6,1602803237,0x413c8c0d7921d18de4bdcaf21eb69788cf4ee5e6c4e0ccc4cdc97e62732c7962,0x8484ef722627bf18ca5ae6bcf031c23e6e922b30,0xdf43178bd20763344d491cc37d3ea49641930b01,69515980829341916,,,call,2300,0,0_2_0_0,0,
11063337,5,1602803503,0x490409e8753219367152c7b06c2505a4ee3b587f7565ca9034a71f4575bb50fa,0xa0c68c638235ee32657e8f720a23cec1bfc77c77,0x8484ef722627bf18ca5ae6bcf031c23e6e922b30,47578223651631585,,,call,3443,3363,0_2,0,
11063538,5,1602806170,0xd35a1159b05798f23054d0d310ca5d2c43c62e6f924b054754dea54c2a0d624a,0xa0c68c638235ee32657e8f720a23cec1bfc77c77,0x8484ef722627bf18ca5ae6bcf031c23e6e922b30,48000000000000000,,,call,3443,3363,0_2,0,
11063646,5,1602807679,0x7ad7f45b8b0c37264c7a5c969e3f820cf2c60a2709e6c79877781c5628dd9d87,0xa0c68c638235ee32657e8f720a23cec1bfc77c77,0x8484ef722627bf18ca5ae6bcf031c23e6e922b30,1256000000000000000,,,call,3443,3363,0_2,0,
11063738,5,1602809121,0xf52c60f63ec55009027a5a5bafa07cbc3bc32842b3529d5189a27eb1281a9ebc,0xa0c68c638235ee32657e8f720a23cec1bfc77c77,0x8484ef722627bf18ca5ae6bcf031c23e6e922b30,44000000000000000,,,call,3443,3363,0_2,0,
11063979,5,1602812094,0x59a342eec3171b91b02173ca4a7377583b6c0c959e186935b0e771824efdb951,0xa0c68c638235ee32657e8f720a23cec1bfc77c77,0x8484ef722627bf18ca5ae6bcf031c23e6e922b30,2637511145540529,,,call,3443,3363,0_2,0,
11064113,6,1602814245,0x8ec773d72ec2682f62a2b12549d1e977c00ae47c72242971349ffe34b91a4a1b,0x8484ef722627bf18ca5ae6bcf031c23e6e922b30,0x03a4435cc81249e49f8e3b9488252042d89e5c83,1256000000000000000,,,call,2300,0,0_2_0_0,0,
11064625,6,1602821006,0x0e848867909b2aea7dfa798d32ccfbc7d66e3513ac76153bcdf5b6a94f291e7e,0x8484ef722627bf18ca5ae6bcf031c23e6e922b30,0x91d3c368b5aae6453bc85dc72934d7186a8d83cf,13000000000000000,,,call,2300,0,0_2_0_0,0,
11064626,6,1602821008,0xb109f8028483c883150d723282da93d130cdb2b7d9b02425c8952270c56e5c5e,0x8484ef722627bf18ca5ae6bcf031c23e6e922b30,0x4d7e5d724ae9fa75dff58dc45c57483d8fef7ca0,4065307647528588839,,,call,2300,0,0_2_0_0,0,
11064978,5,1602825627,0x9ddca943f2202fc02ca2abdbe7d629991228e550504be956451adcd5a739f877,0xa0c68c638235ee32657e8f720a23cec1bfc77c77,0x8484ef722627bf18ca5ae6bcf031c23e6e922b30,2441005746670245000,,,call,3443,3363,0_2,0,
11065107,5,1602827371,0x29251fe34ee9f22a7dfad8d0b314e5db895358fe2f8237454150bc57e5576854,0xa0c68c638235ee32657e8f720a23cec1bfc77c77,0x8484ef722627bf18ca5ae6bcf031c23e6e922b30,21560673619820822,,,call,3443,3363,0_2,0,
11065315,6,1602829975,0x0e235d5ef6ba3c83e6ac39bc9cbc6cb5f6e549350697caac77384f6a6069d63d,0x8484ef722627bf18ca5ae6bcf031c23e6e922b30,0x4cfc59d695733147af0450783bd410d743df9c14,264629667719268728,,,call,2300,0,0_2_0_0,0,
11065400,5,1602831310,0x892108e59841cebd65d45aa12274113dd315ca0e8d0dbd0fe33043937a6fa4b9,0xa0c68c638235ee32657e8f720a23cec1bfc77c77,0x8484ef722627bf18ca5ae6bcf031c23e6e922b30,406000000000000000,,,call,3443,3363,0_2,0,
11065814,6,1602836522,0x8b7a9dbefa81cce731a2fd692028186541364abc0f4307894e6c1c297eda4c77,0x8484ef722627bf18ca5ae6bcf031c23e6e922b30,0x21699f05cd7faf2165512703af577afadda0458f,47064624879033702806,,,call,2300,0,0_2_0_0,0,
11065947,5,1602838119,0x5c807cc50ef5e0b3e2da2ea1f52bdc2e484f024cd9c8c6c2875398c1c291c36a,0xa0c68c638235ee32657e8f720a23cec1bfc77c77,0x8484ef722627bf18ca5ae6bcf031c23e6e922b30,3725000000000000000,,,call,3443,3363,0_2,0,
11066137,6,1602840853,0xb24a259b80e7c107fbb3c77a28624f8fd6133eb0d7d196b61f8d0989f8a8a976,0x8484ef722627bf18ca5ae6bcf031c23e6e922b30,0xd463a02cb305377ebc8292c759ac75d740e564b6,435726580606683700,,,call,2300,0,0_2_0_0,0,
11066196,5,1602841730,0xb46ed2202dcec2c0b928109412fd0e119878b1ee2035f3c31c2c7ae8882ff730,0xa0c68c638235ee32657e8f720a23cec1bfc77c77,0x8484ef722627bf18ca5ae6bcf031c23e6e922b30,2747774955919542,,,call,3443,3363,0_2,0,
11066499,5,1602845908,0xe3fcda6ae7dc2e41fb30435c6351e6f7d6948539b5866123fb1d05fce31bad6e,0xa0c68c638235ee32657e8f720a23cec1bfc77c77,0x8484ef722627bf18ca5ae6bcf031c23e6e922b30,41000000000000000,,,call,3443,3363,0_2,0,
11066790,5,1602849497,0x229ae6684158f5803526bd73f526434dd2305da818e386f05b0c574c109362f6,0xa0c68c638235ee32657e8f720a23cec1bfc77c77,0x8484ef722627bf18ca5ae6bcf031c23e6e922b30,334219245968407200,,,call,3443,3363,0_2,0,
11066905,5,1602850635,0x65fd93531cde33b3041868d876fb90911a2c306007a5fc094c44c7f155ceffcd,0xa0c68c638235ee32657e8f720a23cec1bfc77c77,0x8484ef722627bf18ca5ae6bcf031c23e6e922b30,24000000000000000,,,call,3443,3363,0_2,0,
11067056,5,1602852579,0x5c3d836625b63bbb7d017cf9356276b4fc6eb52a4cc1016009fab2155421bd2c,0xa0c68c638235ee32657e8f720a23cec1bfc77c77,0x8484ef722627bf18ca5ae6bcf031c23e6e922b30,2707974718086224,,,call,3443,3363,0_2,0,
11067331,5,1602856476,0xeef8c5bab778ae9bc7c2cac0a5594b55da79a7e18a96949da580f0851efbd7f5,0xa0c68c638235ee32657e8f720a23cec1bfc77c77,0x8484ef722627bf18ca5ae6bcf031c23e6e922b30,120519321031017880,,,call,3443,3363,0_2,0,
11067376,6,1602857212,0xae291a06cedcf1dcd7fc953c41662e42311c4a512a628ce2c2fdcb26433bfcb3,0x8484ef722627bf18ca5ae6bcf031c23e6e922b30,0x4194784ced16ce7d58a10b6fba205de48fbdd083,70338328316054618,,,call,2300,0,0_2_0_0,0,
11067529,5,1602859206,0x0d482bc4d7f87fcf53af2e765687dfd9e8a0196ecc3e61ec5122df0f11b2bbcb,0xa0c68c638235ee32657e8f720a23cec1bfc77c77,0x8484ef722627bf18ca5ae6bcf031c23e6e922b30,13514522102298008,,,call,3443,3363,0_2,0,
11067725,6,1602861614,0x4680a239e22c506fd9149fccc2c37e2c6e95af2652ba79dc771ee21de8618114,0x8484ef722627bf18ca5ae6bcf031c23e6e922b30,0xd0cf0a50568d84842a2995ef6d94577c3da5f777,118880014490081380,,,call,2300,0,0_2_0_0,0,
11067744,6,1602861865,0x5c9681f15b387df08b10883088e73aaf37dddf6224e997ec3ed222da47a06bc1,0x8484ef722627bf18ca5ae6bcf031c23e6e922b30,0x4d7e5d724ae9fa75dff58dc45c57483d8fef7ca0,2371934336932319219,,,call,2300,0,0_2_0_0,0,
11067746,6,1602861871,0xeebf6a48a0845996a8198d9fd17af5d94084f45f789c79698eb2fa8a966f0867,0x8484ef722627bf18ca5ae6bcf031c23e6e922b30,0x4d7e5d724ae9fa75dff58dc45c57483d8fef7ca0,2357141034870923950,,,call,2300,0,0_2_0_0,0,
11068056,5,1602866218,0x715c3020c3201c769ffe7ad114d586cf9e462ece299e6a90fdc76f131f10f51b,0xa0c68c638235ee32657e8f720a23cec1bfc77c77,0x8484ef722627bf18ca5ae6bcf031c23e6e922b30,10000000000000000,,,call,3443,3363,0_2,0,
11068164,6,1602867571,0x60c38e0b0bdfdc8a41ca4939d743765ea24db81264b7da89eb6fa6c3c4cf3e03,0x8484ef722627bf18ca5ae6bcf031c23e6e922b30,0x1f65c21b735efd5a38720f5f0e11d65c1e704ce4,61000000000000000,,,call,2300,0,0_2_0_0,0,
11068408,6,1602870672,0x17ac49898d531cdb9e59f01a6c087ebcdc7c7e86af153cb520fda0df046054ad,0x8484ef722627bf18ca5ae6bcf031c23e6e922b30,0x0a2492d1b9a80fe094a011d645666653f3d3fc09,73721287049670320,,,call,2300,0,0_2_0_0,0,
11068537,5,1602872325,0x15ca359935eb87d007fdf17ba747a3561020720dc521be6f6e59c71ce6dcf287,0xa0c68c638235ee32657e8f720a23cec1bfc77c77,0x8484ef722627bf18ca5ae6bcf031c23e6e922b30,480000000000000000,,,call,3443,3363,0_2,0,
11068618,6,1602873542,0x93432adecb9509a824f16d798fc6d61dc5a1ee80b6bd1b5966242d2ec0fdd1fd,0x8484ef722627bf18ca5ae6bcf031c23e6e922b30,0xeba25b3fc31bee9166bcd0ca7cf9162651ec9569,50495996001669487,,,call,2300,0,0_2_0_0,0,
11068737,5,1602875036,0x3538bc5d39e5f10c2237f19a52c519bdfc299c8c1b03ddd2f0526f2b871ef3ab,0xa0c68c638235ee32657e8f720a23cec1bfc77c77,0x8484ef722627bf18ca5ae6bcf031c23e6e922b30,555096182565632600,,,call,3443,3363,0_2,0,
11068862,6,1602876882,0xa775e1ee63448369737fecd47bfbee6bd61013cf2b7d1b7ca6df006bd65248db,0x8484ef722627bf18ca5ae6bcf031c23e6e922b30,0xc883649dffb60b39f26fc187907e62c950c79ec4,684692063336403069,,,call,2300,0,0_2_0_0,0,
11068890,6,1602877172,0xa7ffc36172caf8a1643d52366c6fd70291d14f5399ac931f59bc3a8446a52f35,0x8484ef722627bf18ca5ae6bcf031c23e6e922b30,0x194b379c59a82c0f903768e9fc7a0440a4794708,1054159680306270457,,,call,2300,0,0_2_0_0,0,
11068975,5,1602878547,0x16e120eae72a4372fa1725d7ac4c9a13dcdc2c9da70b3cfa57ff988a7d2a9a33,0xa0c68c638235ee32657e8f720a23cec1bfc77c77,0x8484ef722627bf18ca5ae6bcf031c23e6e922b30,50000000000000000,,,call,3443,3363,0_2,0,
11069012,5,1602879077,0x2fd0d6f085c293bb06d721820acee328fd29bd2e52d9198f7684f96c09703ffb,0xa0c68c638235ee32657e8f720a23cec1bfc77c77,0x8484ef722627bf18ca5ae6bcf031c23e6e922b30,182000000000000000,,,call,3443,3363,0_2,0,
11069177,5,1602881128,0xe9e1c16507a01cc8787ae5a1668f42065ffa95468e18cd9f8b2f989f90a69088,0xa0c68c638235ee32657e8f720a23cec1bfc77c77,0x8484ef722627bf18ca5ae6bcf031c23e6e922b30,13000000000000000,,,call,3443,3363,0_2,0,
11069304,5,1602882867,0x51495da195dd07b50fa3ca777dbf7753aa23a5f98518018f59dbfe00a4f7ce8d,0xa0c68c638235ee32657e8f720a23cec1bfc77c77,0x8484ef722627bf18ca5ae6bcf031c23e6e922b30,18000000000000000,,,call,3443,3363,0_2,0,
11069663,5,1602887148,0x047618bf1923f815e4f5d7379c754706a1ea0a383aaa784b1979bd676645f91d,0xa0c68c638235ee32657e8f720a23cec1bfc77c77,0x8484ef722627bf18ca5ae6bcf031c23e6e922b30,290000000000000000,,,call,3443,3363,0_2,0,
11069678,5,1602887332,0x9053b7b6dc65176a0ba4d45607497c05c363562d560d301d0332bd86f2d7f7e6,0xa0c68c638235ee32657e8f720a23cec1bfc77c77,0x8484ef722627bf18ca5ae6bcf031c23e6e922b30,60000000000000000,,,call,3443,3363,0_2,0,
11069828,5,1602889579,0x715a96f666bdad9731696feeca9e2b048c230f07ee4cbc6a5d52dcb3ecee2eb6,0xa0c68c638235ee32657e8f720a23cec1bfc77c77,0x8484ef722627bf18ca5ae6bcf031c23e6e922b30,250000000000000000,,,call,3443,3363,0_2,0,
11069970,5,1602891654,0xbf4032bf9a62705c8faff262148dcfd4e3c58563a026b5f81c7e7293b1ce5dee,0xa0c68c638235ee32657e8f720a23cec1bfc77c77,0x8484ef722627bf18ca5ae6bcf031c23e6e922b30,138000000000000000,,,call,3443,3363,0_2,0,
11070243,5,1602895398,0x768e99ce6a43523c69f2140f3c3e25cdbd3b4e2e3a573148326df09ebeb4dc15,0xa0c68c638235ee32657e8f720a23cec1bfc77c77,0x8484ef722627bf18ca5ae6bcf031c23e6e922b30,20000000000000000,,,call,3443,3363,0_2,0,
11070269,5,1602895764,0x58ea4625a7d409f862e0fb1a2e5ce14b856ecfb892fba023ae57f407d7d9aa6f,0xa0c68c638235ee32657e8f720a23cec1bfc77c77,0x8484ef722627bf18ca5ae6bcf031c23e6e922b30,87000000000000000,,,call,3443,3363,0_2,0,
11070377,5,1602897183,0x6de0486eabbcda5ea830b096bc98833efce07db4fa4b923e058d30a2cbb2c509,0xa0c68c638235ee32657e8f720a23cec1bfc77c77,0x8484ef722627bf18ca5ae6bcf031c23e6e922b30,30000000000000000,,,call,3443,3363,0_2,0,
11070493,5,1602898580,0x0647b918a8901c0b54828c59fb31d585f05807bb15132ae0786e4568aff02e21,0xa0c68c638235ee32657e8f720a23cec1bfc77c77,0x8484ef722627bf18ca5ae6bcf031c23e6e922b30,540000000000000000,,,call,3443,3363,0_2,0,
11070504,6,1602898748,0xa6712609b2471653eba19b0123bd23122c2854d9279fa50d594de1cccd245297,0x8484ef722627bf18ca5ae6bcf031c23e6e922b30,0x8cb1a2be93cb92d2bf2addae357af7ac90c0992b,5590059194915922703,,,call,2300,0,0_2_0_0,0,
11070604,5,1602900040,0x4720d345ea0dac551eca92c707536af2bf14640296d87ceccf300994833ec3f3,0xa0c68c638235ee32657e8f720a23cec1bfc77c77,0x8484ef722627bf18ca5ae6bcf031c23e6e922b30,700000000000000000,,,call,3443,3363,0_2,0,
11070918,5,1602903801,0xa2dc7d64dab3b719549296b27cbdf6600741f4d26de2de47e12f5b1722fea5a7,0xa0c68c638235ee32657e8f720a23cec1bfc77c77,0x8484ef722627bf18ca5ae6bcf031c23e6e922b30,95000000000000000,,,call,3443,3363,0_2,0,
11071083,5,1602906268,0x2a13c98f48725ddcf129ce416e6fbdbf441bb0116e43601c2cbd4c0e23b1c276,0xa0c68c638235ee32657e8f720a23cec1bfc77c77,0x8484ef722627bf18ca5ae6bcf031c23e6e922b30,23000000000000000,,,call,3443,3363,0_2,0,
11071237,6,1602908231,0xc18807c0aab8fa295ebf4338b8352df6bbf4c90327332d6f4a219cff72c07e4a,0x8484ef722627bf18ca5ae6bcf031c23e6e922b30,0xcff337de13228c82e673512798c26671c958ec8d,15000000000000000,,,call,2300,0,0_2_0_0,0,
11071264,6,1602908532,0x75fe5b9558da339594d33fed44ec340a9876afb93b7eae0379a1e40a66c292f5,0x8484ef722627bf18ca5ae6bcf031c23e6e922b30,0x4c2430424db5a5765f72cedd2f8d43b1528c37c9,138688693559615018,,,call,2300,0,0_2_0_0,0,
11071276,6,1602908697,0x1932125cc4493e406adfd41d2d2bc88d8fe26e7440bc647325d8961401376a59,0x8484ef722627bf18ca5ae6bcf031c23e6e922b30,0x16cb18792526f70524b3639f0d5654f65002a2d6,308304603193606613,,,call,2300,0,0_2_0_0,0,
11071300,6,1602908999,0xfb8528a7cb6e71e7f06fb6806690dea185c2c1212d8297170f0f1e5866c35d00,0x8484ef722627bf18ca5ae6bcf031c23e6e922b30,0x2a99bf2f429a51c302f18c6695ab1a7377678344,36000000000000000,,,call,2300,0,0_2_0_0,0,
11071367,6,1602909901,0x8a1c91aeccaf6ad88023da6c2ad9e9f9fba50c0dd2c84db4a93388cdca9a4a1c,0x8484ef722627bf18ca5ae6bcf031c23e6e922b30,0x928fb10757419f09f0d97f88c27431be222598e2,772999785288826082,,,call,2300,0,0_2_0_0,0,
11071397,5,1602910241,0xba0f92638b838c7cfc7ff27eed22486399568ed266130aa864c552cbb4e9ae3a,0xa0c68c638235ee32657e8f720a23cec1bfc77c77,0x8484ef722627bf18ca5ae6bcf031c23e6e922b30,825000000000000000,,,call,3443,3363,0_2,0,
11071599,5,1602912937,0x19c7d8c0cdb3708189e2d9444f7ee0aadced0b7b313930a6343807c1c9e649bd,0xa0c68c638235ee32657e8f720a23cec1bfc77c77,0x8484ef722627bf18ca5ae6bcf031c23e6e922b30,89715260291018450,,,call,3443,3363,0_2,0,
11071868,6,1602916631,0xd091557ad5562e74d1fb2ef201d11576fd134ef387c68e1f7603e7b173e3323a,0x8484ef722627bf18ca5ae6bcf031c23e6e922b30,0x1883dc36baaeabed250a447274fc3fc8e90dfd68,375000000000000000,,,call,2300,0,0_2_0_0,0,
11071942,5,1602917622,0x458dd8bab68f9dacf1e06bd1b3e3ba3ce3d1886171d2c684a1860cea91674955,0xa0c68c638235ee32657e8f720a23cec1bfc77c77,0x8484ef722627bf18ca5ae6bcf031c23e6e922b30,1000000000000000,,,call,3443,3363,0_2,0,
11072168,5,1602920794,0x6ce0153ce67b61a2d2e517b49191d8c9c8d582beb12fd3424af149ad232442f8,0xa0c68c638235ee32657e8f720a23cec1bfc77c77,0x8484ef722627bf18ca5ae6bcf031c23e6e922b30,3000000000000000,,,call,3443,3363,0_2,0,
11072309,5,1602922657,0xe4442994825c776af8bc9d2adb82712cd03fe0dbc2ca527c5ab8ac6e694e0458,0xa0c68c638235ee32657e8f720a23cec1bfc77c77,0x8484ef722627bf18ca5ae6bcf031c23e6e922b30,290000000000000000,,,call,3443,3363,0_2,0,
11072535,6,1602925822,0x8899ca1764b7208bb1662b4ba374b51d1cdb4276d667fa40650f348e5db5efce,0x8484ef722627bf18ca5ae6bcf031c23e6e922b30,0x7ee42458c1327bd80f1b608bc3f0dc553892c739,109152171871163632,,,call,2300,0,0_2_0_0,0,
11073376,5,1602936791,0xc2f1fa8edc57a996cdaaacd4d019ec35b7ef3750528674d19eea5dd2662238b2,0xa0c68c638235ee32657e8f720a23cec1bfc77c77,0x8484ef722627bf18ca5ae6bcf031c23e6e922b30,100000000000000000,,,call,3443,3363,0_2,0,
11073429,5,1602937418,0x6a8637e1e9105d90dfa430f436623afe0870b70590823f0af676333eea5b3137,0xa0c68c638235ee32657e8f720a23cec1bfc77c77,0x8484ef722627bf18ca5ae6bcf031c23e6e922b30,49000000000000000,,,call,3443,3363,0_2,0,
11074393,5,1602950409,0x0233063eb87a58aa1882cf25a272d99721bc8e04dd198d7692b1411a01dd1e61,0xa0c68c638235ee32657e8f720a23cec1bfc77c77,0x8484ef722627bf18ca5ae6bcf031c23e6e922b30,295000000000000000,,,call,3443,3363,0_2,0,
11074456,5,1602951220,0xbc875a2ae8337e83679fda4f688a9639af6ecddb6ee61e55d8707c8f700ff8dc,0xa0c68c638235ee32657e8f720a23cec1bfc77c77,0x8484ef722627bf18ca5ae6bcf031c23e6e922b30,24568224437507134,,,call,3443,3363,0_2,0,
11074470,5,1602951470,0xb55d7af3b0e568ddb57fcf208c257924c828ed6ca6eae271476d8f175ebdb9b2,0xa0c68c638235ee32657e8f720a23cec1bfc77c77,0x8484ef722627bf18ca5ae6bcf031c23e6e922b30,2319000000000000000,,,call,3443,3363,0_2,0,
11074490,5,1602951694,0x4f1f031c12f91435da2264ac167c193c1f4b827e204570e3ea90e0a20ac7daf9,0xa0c68c638235ee32657e8f720a23cec1bfc77c77,0x8484ef722627bf18ca5ae6bcf031c23e6e922b30,1153000000000000000,,,call,3443,3363,0_2,0,
11074508,5,1602951891,0x69a0c00ca1b48c0489d9dbd3c8d73b501691b6b64eec2678cb8a7d778700411f,0xa0c68c638235ee32657e8f720a23cec1bfc77c77,0x8484ef722627bf18ca5ae6bcf031c23e6e922b30,574000000000000000,,,call,3443,3363,0_2,0,
11074509,6,1602951918,0x4169167dcb389982aced31b0e3d980df8f2d5058fce77f36be70c8ae916a5561,0x8484ef722627bf18ca5ae6bcf031c23e6e922b30,0xb16b5c920708925579028a638fccde88b31e1643,543041531626139071072,,,call,2300,0,0_2_0_0,0,
11074516,5,1602952011,0xc6e90e7e1cea8c782ca13e70bc448736fb5acd6eab4d03daab79f6eac69a254e,0xa0c68c638235ee32657e8f720a23cec1bfc77c77,0x8484ef722627bf18ca5ae6bcf031c23e6e922b30,286000000000000000,,,call,3443,3363,0_2,0,
11074523,6,1602952109,0xa4fbce635771d95f880305ab2ccd76935fc78e0125d778759f7d264d66b18cf7,0x8484ef722627bf18ca5ae6bcf031c23e6e922b30,0x8c4b59f6ec2c02e45c2a404448def3a7c0465bd3,1000000000000000000,,,call,2300,0,0_2_0_0,0,
11074523,5,1602952109,0xc78684729356402fdc5fbc9a6c78953c7c4a8591d060d460f2b1473069fc038d,0xa0c68c638235ee32657e8f720a23cec1bfc77c77,0x8484ef722627bf18ca5ae6bcf031c23e6e922b30,142000000000000000,,,call,3443,3363,0_2,0,
11074649,5,1602953827,0xb4e7dec8941bf366a75f946f965785d3ea2caa89eacf4eb637affe8dce8f1d76,0xa0c68c638235ee32657e8f720a23cec1bfc77c77,0x8484ef722627bf18ca5ae6bcf031c23e6e922b30,1000000000000000000,,,call,3443,3363,0_2,0,
11075083,5,1602959516,0x0e02ca6780c083b788dc40137d7cd479d494c23828b5c23b6d4e0541ea4323ee,0xa0c68c638235ee32657e8f720a23cec1bfc77c77,0x8484ef722627bf18ca5ae6bcf031c23e6e922b30,35000000000000000,,,call,3443,3363,0_2,0,
11075108,5,1602959859,0x65eabc6d77fa19e642f8b311b0655627271c5a4b686ff40790d6a065982597aa,0xa0c68c638235ee32657e8f720a23cec1bfc77c77,0x8484ef722627bf18ca5ae6bcf031c23e6e922b30,24000000000000000,,,call,3443,3363,0_2,0,
11075117,5,1602960048,0xe45dd4bfb3ac06d584982f926f05cd731940a87c39348bf8bdfd419beb42e541,0xa0c68c638235ee32657e8f720a23cec1bfc77c77,0x8484ef722627bf18ca5ae6bcf031c23e6e922b30,750000000000000000,,,call,3443,3363,0_2,0,
11075217,5,1602961402,0x848b68746691bce1bf63062f74ef71871bac8a966aada87760c36f3a1540a055,0xa0c68c638235ee32657e8f720a23cec1bfc77c77,0x8484ef722627bf18ca5ae6bcf031c23e6e922b30,730000000000000000,,,call,3443,3363,0_2,0,
11075329,5,1602963007,0xf87242aa89f86ae4f413500356d276ea71c71b68984d380f95462f97f4f1acf6,0xa0c68c638235ee32657e8f720a23cec1bfc77c77,0x8484ef722627bf18ca5ae6bcf031c23e6e922b30,100000000000000000,,,call,3443,3363,0_2,0,
11075524,5,1602965536,0x217ae7d22a667cd6ae9aa38d2d3a41691fc20bbce1d861bbb96b4923aa76bf96,0xa0c68c638235ee32657e8f720a23cec1bfc77c77,0x8484ef722627bf18ca5ae6bcf031c23e6e922b30,20000000000000000,,,call,3443,3363,0_2,0,
11075918,5,1602971088,0xb98f91f9b9060ae9453580e98ddee7bb20d823c7bef82d4c4e10788ea8b2afeb,0xa0c68c638235ee32657e8f720a23cec1bfc77c77,0x8484ef722627bf18ca5ae6bcf031c23e6e922b30,40000000000000000,,,call,3443,3363,0_2,0,
11076624,6,1602979934,0x937f3e4a65f0d8d3d9fc4e5d8b175e07ba38d575954a731e0bf503399ea403ae,0x8484ef722627bf18ca5ae6bcf031c23e6e922b30,0x32449f0f8f1774f8d1661b8992a50a27f91fa15c,699999999627398743,,,call,2300,0,0_2_0_0,0,
11076836,5,1602982635,0x4de89f861dd5fb7da9b0b6b523bd078b09f17e1eec43b7a5e9273c21f660225c,0xa0c68c638235ee32657e8f720a23cec1bfc77c77,0x8484ef722627bf18ca5ae6bcf031c23e6e922b30,10000000000000000,,,call,3443,3363,0_2,0,
11076871,6,1602983232,0xb398427970e82232ec37dc0eea008c1e4aa2ddfbc9de60d983aadf6cd39256b1,0x8484ef722627bf18ca5ae6bcf031c23e6e922b30,0x93beca36d5bcdc7be0f9ca38b1b5f5f5292aa859,4693019717656856593,,,call,2300,0,0_2_0_0,0,
11077073,5,1602986050,0x36f9d1064fcb6a55f141707b47154183b47b3d62ce3ddb26d3f6e974fe78d53f,0xa0c68c638235ee32657e8f720a23cec1bfc77c77,0x8484ef722627bf18ca5ae6bcf031c23e6e922b30,5000000000000000,,,call,3443,3363,0_2,0,
11077273,5,1602988909,0xbed6bdd88a3de947abab98f80b5262c4658d199f570f30d1281e7ca4b4daa5b2,0xa0c68c638235ee32657e8f720a23cec1bfc77c77,0x8484ef722627bf18ca5ae6bcf031c23e6e922b30,400000000000000000,,,call,3443,3363,0_2,0,
11077627,6,1602993705,0x1d6f4af3b0668424d59a0f48ed56f93a35d9722d973480bd9df7aa693b0892da,0x8484ef722627bf18ca5ae6bcf031c23e6e922b30,0xeb79561a4ccd197941b40fc6625ffe3b47920f08,184224384144974295,,,call,2300,0,0_2_0_0,0,
11078231,5,1603001433,0xd2120a77ce802932addf925d1e1bb9171941a8887862d174f6486aa8e4c7f75a,0xa0c68c638235ee32657e8f720a23cec1bfc77c77,0x8484ef722627bf18ca5ae6bcf031c23e6e922b30,85573427419821820,,,call,3443,3363,0_2,0,
11078281,5,1603002069,0x6058bcf14609d752023101a1b13bf17576228fc4620d35703fa0289b462fc75f,0xa0c68c638235ee32657e8f720a23cec1bfc77c77,0x8484ef722627bf18ca5ae6bcf031c23e6e922b30,331000000000000000,,,call,3443,3363,0_2,0,
11078291,5,1603002331,0x176824a668071b14a27269ec5cbb7e191230faff385dec84eb6fef8ad444cbd8,0xa0c68c638235ee32657e8f720a23cec1bfc77c77,0x8484ef722627bf18ca5ae6bcf031c23e6e922b30,298000000000000000,,,call,3443,3363,0_2,0,
11078300,5,1603002406,0x01a87c24ae06ed80e33c28a804a9689ce2bc99031701ee9ba098d9efa0233a44,0xa0c68c638235ee32657e8f720a23cec1bfc77c77,0x8484ef722627bf18ca5ae6bcf031c23e6e922b30,6000000000000000,,,call,3443,3363,0_2,0,
11078438,6,1603004402,0x8a710e45b286548063d0749a21cc21e62a14ddbc73c3e3bfe8564e7913517cb0,0x8484ef722627bf18ca5ae6bcf031c23e6e922b30,0xb217c702961e46f38e7f7e59676874b26defc0a4,32000000000000000,,,call,2300,0,0_2_0_0,0,
11078480,5,1603005012,0xc819a1373292aeac1ee2b540ad5fc79b9da4bca1aa229dee8a0454ca961d9e2e,0xa0c68c638235ee32657e8f720a23cec1bfc77c77,0x8484ef722627bf18ca5ae6bcf031c23e6e922b30,63000000000000000,,,call,3443,3363,0_2,0,
11078628,5,1603006963,0x0499b3efd92b415baad0fb4e8d47562f10a08538d8e9dfe47ab5282e9c5f82b3,0xa0c68c638235ee32657e8f720a23cec1bfc77c77,0x8484ef722627bf18ca5ae6bcf031c23e6e922b30,30000000000000000,,,call,3443,3363,0_2,0,
11078790,5,1603009072,0x7fd35cd76e5ab5a7d88146c863218faa983743845a3338847c8d0939e891f5bf,0xa0c68c638235ee32657e8f720a23cec1bfc77c77,0x8484ef722627bf18ca5ae6bcf031c23e6e922b30,103000000000000000,,,call,3443,3363,0_2,0,
11078879,5,1603010272,0x042497fa7f0a2eb5dbde0d7ed00255968f62406afe21645f1b5a35c5a37cc56d,0xa0c68c638235ee32657e8f720a23cec1bfc77c77,0x8484ef722627bf18ca5ae6bcf031c23e6e922b30,1000000000000000000,,,call,40495,3363,0_2,0,
11079145,5,1603014082,0x69c08e05040bc9303fe175f33f4904af6b2b68adedd393e089288bc9f267bedf,0xa0c68c638235ee32657e8f720a23cec1bfc77c77,0x8484ef722627bf18ca5ae6bcf031c23e6e922b30,77500000000000000,,,call,3443,3363,0_2,0,
11079452,5,1603018500,0xdaa4c40174974f87b775c660d97064ee2721ef82da1369e84e769b93c4e470c7,0xa0c68c638235ee32657e8f720a23cec1bfc77c77,0x8484ef722627bf18ca5ae6bcf031c23e6e922b30,6000000000000000000,,,call,3443,3363,0_2,0,
11079491,5,1603019208,0xa6a9251d12a90e4346e53bf1a65a49f0fd1a185cba9cd765d81155eea9cb1360,0xa0c68c638235ee32657e8f720a23cec1bfc77c77,0x8484ef722627bf18ca5ae6bcf031c23e6e922b30,11800000000000000000,,,call,3443,3363,0_2,0,
11079689,5,1603021633,0xe49c031aa55deaa34897e9660267bbff2d2273fce4c283788c5da7abb583e822,0xa0c68c638235ee32657e8f720a23cec1bfc77c77,0x8484ef722627bf18ca5ae6bcf031c23e6e922b30,1000000000000000000,,,call,3443,3363,0_2,0,
11079831,5,1603023531,0x83bf06f96b29a6198b3c422842dd936ec96ee66687ac624431742ae745b58b08,0xa0c68c638235ee32657e8f720a23cec1bfc77c77,0x8484ef722627bf18ca5ae6bcf031c23e6e922b30,80000000000000000,,,call,3443,3363,0_2,0,
11080003,6,1603025685,0x046f05cbb89e3b52cba7c9401392c460f028de81ac92d70aee5c1f34ffa3fa36,0x8484ef722627bf18ca5ae6bcf031c23e6e922b30,0x94bb4ad90eee28a58315601b5158111199570d80,2570428654726327606,,,call,2300,0,0_2_0_0,0,
11080383,5,1603030483,0x43eaf0c2e5d1a4d3cf47e1e9da552a80591e3123539cdf6a18655048359f3e83,0xa0c68c638235ee32657e8f720a23cec1bfc77c77,0x8484ef722627bf18ca5ae6bcf031c23e6e922b30,800000000000000000,,,call,3443,3363,0_2,0,
11080611,5,1603033671,0x60b148256595d5d19e654c7206ac5e32b22faeddba372fe465142963a2eeca96,0xa0c68c638235ee32657e8f720a23cec1bfc77c77,0x8484ef722627bf18ca5ae6bcf031c23e6e922b30,25000000000000000,,,call,3443,3363,0_2,0,
11080670,6,1603034461,0x4f6ff0933523820b3f1e49588bd73ae52115f9135d2c08d921ba07b619342677,0x8484ef722627bf18ca5ae6bcf031c23e6e922b30,0x1bad43459081c1b0530f3e27011e41dab04bb0a4,40000000000000000,,,call,2300,0,0_2_0_0,0,
11080730,6,1603035275,0xc8af2aa0312111ed8bf70876d812524889fb24a77cecbbca4067f191d8c2bd00,0x8484ef722627bf18ca5ae6bcf031c23e6e922b30,0x93beca36d5bcdc7be0f9ca38b1b5f5f5292aa859,4417821914147590765,,,call,2300,0,0_2_0_0,0,
11080899,5,1603037808,0x60e12795dd981457c4f170db3885b95d8abb7d3459a815eea07c2040c9abc79f,0xa0c68c638235ee32657e8f720a23cec1bfc77c77,0x8484ef722627bf18ca5ae6bcf031c23e6e922b30,53204684352654530,,,call,3443,3363,0_2,0,
11081039,5,1603039521,0xa724ccad9d9ccf99f034e75411ee1a1f1a7fa5b8c0318e37d4b29b853aff74b1,0xa0c68c638235ee32657e8f720a23cec1bfc77c77,0x8484ef722627bf18ca5ae6bcf031c23e6e922b30,66030000000000000,,,call,3443,3363,0_2,0,
11081082,5,1603039949,0x09ba01e50b9ccefe2916d3b8fbfaa8c21cf9115448704f432db18dff26eb9d3d,0xa0c68c638235ee32657e8f720a23cec1bfc77c77,0x8484ef722627bf18ca5ae6bcf031c23e6e922b30,590000000000000000,,,call,3443,3363,0_2,0,
11081454,5,1603044467,0x7540ae086d8a4fa6443d93e40f11c38db1f867de3c7c5ab57f5ec51601024add,0xa0c68c638235ee32657e8f720a23cec1bfc77c77,0x8484ef722627bf18ca5ae6bcf031c23e6e922b30,19949273404659440,,,call,3443,3363,0_2,0,
11081804,5,1603048991,0xb6be35023e74153360ad7569a675ad774c0cf4e28de325ca0cd928c06d249e63,0xa0c68c638235ee32657e8f720a23cec1bfc77c77,0x8484ef722627bf18ca5ae6bcf031c23e6e922b30,100000000000000000,,,call,3443,3363,0_2,0,
11082062,5,1603052449,0x87921abc3f15c4b9dcf030d75abbfead0d80cf320f44b517c9bb2fdbb2c9ebb3,0xa0c68c638235ee32657e8f720a23cec1bfc77c77,0x8484ef722627bf18ca5ae6bcf031c23e6e922b30,1335489860438781700,,,call,3443,3363,0_2,0,
11082467,5,1603058132,0x5dfaaaa10595c9b3086960cc24128e3f5566907070baf9233ca56ce772dd7adc,0xa0c68c638235ee32657e8f720a23cec1bfc77c77,0x8484ef722627bf18ca5ae6bcf031c23e6e922b30,63000000000000000,,,call,3443,3363,0_2,0,
11083264,5,1603068772,0x6a4378e78cac43e8c91bc1ee614dea6eae0f43d913f0c7b9c2d58f3b2800e903,0xa0c68c638235ee32657e8f720a23cec1bfc77c77,0x8484ef722627bf18ca5ae6bcf031c23e6e922b30,62637717994843,,,call,3443,3363,0_2,0,
11083390,5,1603070795,0xc9dd9f6d70d36832a51d9357724eba37a99db7cc223f5563b58dc9bb702838aa,0xa0c68c638235ee32657e8f720a23cec1bfc77c77,0x8484ef722627bf18ca5ae6bcf031c23e6e922b30,21000000000000000,,,call,3443,3363,0_2,0,
11083548,5,1603072618,0x69f345f6770df11e143ad17935e95ed6aed50c2b1925266f1c1b8b1d73b34d4a,0xa0c68c638235ee32657e8f720a23cec1bfc77c77,0x8484ef722627bf18ca5ae6bcf031c23e6e922b30,100000000000000000,,,call,3443,3363,0_2,0,
11084211,5,1603080688,0xd5a5cad58f3636c3a509668a5bff16459672a3e51279d23d645e2fdf3cba95b1,0xa0c68c638235ee32657e8f720a23cec1bfc77c77,0x8484ef722627bf18ca5ae6bcf031c23e6e922b30,5354045706720856,,,call,3443,3363,0_2,0,
11084329,5,1603082118,0x93ba6c9b425e439f3517aec0ca4137115c7490cdd2505c2ca409dcca2d75a98f,0xa0c68c638235ee32657e8f720a23cec1bfc77c77,0x8484ef722627bf18ca5ae6bcf031c23e6e922b30,6000000000000000000,,,call,3443,3363,0_2,0,
11084459,5,1603083946,0xda2cb2285b623e523f3613be537e2e0072b575210af69046e71845a982bd226a,0xa0c68c638235ee32657e8f720a23cec1bfc77c77,0x8484ef722627bf18ca5ae6bcf031c23e6e922b30,935680339777881,,,call,3443,3363,0_2,0,
11084500,5,1603084532,0x4c44ef422372625d1312c8c731aba9505cef1706f4a40de1ccfaa09c8dae2153,0xa0c68c638235ee32657e8f720a23cec1bfc77c77,0x8484ef722627bf18ca5ae6bcf031c23e6e922b30,350000000000000000,,,call,3443,3363,0_2,0,
11084645,5,1603086344,0x732b7e6868b6ec342ecae08ed0015dd43322b8b77730352a0a42dade25e1817b,0xa0c68c638235ee32657e8f720a23cec1bfc77c77,0x8484ef722627bf18ca5ae6bcf031c23e6e922b30,200000000000000000,,,call,3443,3363,0_2,0,
11084873,5,1603089555,0x118e96a0dc5bf2e4d08f3f6d65f30dab495cc59e138829f1361afc15852a0ded,0xa0c68c638235ee32657e8f720a23cec1bfc77c77,0x8484ef722627bf18ca5ae6bcf031c23e6e922b30,10000000000000000,,,call,3443,3363,0_2,0,
11084915,5,1603090126,0xfa16e79dac01454e938e04d3dd062617e750a5e7bb46dc9333529b7972df83e4,0xa0c68c638235ee32657e8f720a23cec1bfc77c77,0x8484ef722627bf18ca5ae6bcf031c23e6e922b30,133180005781696170,,,call,3443,3363,0_2,0,
11084922,5,1603090229,0xbaffce5f3d37af3062588166d456c6b0ba876b8afeebe45cbed2a226a79eb05f,0xa0c68c638235ee32657e8f720a23cec1bfc77c77,0x8484ef722627bf18ca5ae6bcf031c23e6e922b30,2000000000000000000,,,call,3443,3363,0_2,0,
