blockNumber,timeStamp,hash,nonce,blockHash,from,contractAddress,to,value,tokenName,tokenSymbol,tokenDecimal,transactionIndex,gas,gasPrice,gasUsed,cumulativeGasUsed,input,methodId,functionName,confirmations,statusRep
11035507,1602436228,0x1b4ace715ff31fe16f0f928312a99c44c9539a4b3f491a34e69c0a81b4d40c6a,3009,0xac520ba5a512d2fbb86240fdb0996cbc1616ff6ee67a6697e3c3d7cc05921fe9,0xba29faf969a0252bc58bab0c8b3d52b162470345,0x7d1afa7b718fb893db30a3abc0cfc608aacfebb0,0xa0c68c638235ee32657e8f720a23cec1bfc77c77,1934000000000000000000,Matic Token,MATIC,18,156,52216,41000000000,37216,12179417,deprecated,0xa9059cbb,"transfer(address _to, uint256 _value)",14397705,1
12108963,1616687265,0xf9d32c4a033ebe562146aad04cd2b8fe7a8ffcafe4dfc521cf09ec7ab438be05,14,0x6c542241852a5d1e38bb2ccc00c17f58d773ab28a0502edc48d484229d84e9fb,0x2a811acdf5fd815a77a05e15c2ffbfb16a600143,0xc02aaa39b223fe8d0a0e5c4f27ead9083c756cc2,0xa0c68c638235ee32657e8f720a23cec1bfc77c77,267497641074888192,Wrapped Ether,WETH,18,124,77709,255000000000,51806,9406670,deprecated,0xa9059cbb,"transfer(address _to, uint256 _value)",13324249,1
12197417,1617861410,0x53c7fb5616e0ad0ed0509d8cf8f6ac7c4251f354d19f8bfc51a45789aad0cabd,32,0x0a49da8ab4047bd8ede90bda8b3c46295e67e724fe567260f222e7476071cb09,0x218d5638bf697e22ebb3cd4b6fbf73dcd1a8f035,0xc02aaa39b223fe8d0a0e5c4f27ead9083c756cc2,0xa0c68c638235ee32657e8f720a23cec1bfc77c77,25000000000000000,Wrapped Ether,WETH,18,208,55191,98000000000,36794,8731578,deprecated,0xa9059cbb,"transfer(address _to, uint256 _value)",13235795,1
12207608,1617997181,0x909eb7931b6fd1a5f3cf59d97a7b6c1b561dc4d9b7cbaf45d45a09f4b7741366,5,0x68e36d75622ec831602961262aab67b5ded3491506ae2ae4485beeb58fcbbca8,0xeb3ec09bbc5f401e9e8ad19623da7cff219071c5,0xc02aaa39b223fe8d0a0e5c4f27ead9083c756cc2,0xa0c68c638235ee32657e8f720a23cec1bfc77c77,50000000000000000,Wrapped Ether,WETH,18,85,55173,96000000000,36782,6172097,deprecated,0xa9059cbb,"transfer(address _to, uint256 _value)",13225604,1
12211852,1618053704,0xa8bf576d74d879230d41fc54c6e29f339268e81f2cba0bd772ca76bbd1182b5d,0,0xad46c755ddbe14262651ea0ac898a9a400aa842c4c7009ee8719d6d9d333f7d5,0x3884bfa824752f9efa1d6fdcc93dc076de0146b8,0xa0b86991c6218b36c1d19d4a2e9eb0ce3606eb48,0xa0c68c638235ee32657e8f720a23cec1bfc77c77,188024531,USDC,USDC,6,179,250000,95000000000,42381,8307599,deprecated,0xa9059cbb,"transfer(address _to, uint256 _value)",13221360,1
12266589,1618781994,0x6020f63268d283d6f284d2bd9c487f092431511d695749e23cd689742059afaf,11,0xc1a329336fb95b377f942c4c97aacd55c58a1ae0ade9922f439f5603620f7ac4,0xabf1f729b1818777c721f21c49d6158e256bd4a7,0xc02aaa39b223fe8d0a0e5c4f27ead9083c756cc2,0xa0c68c638235ee32657e8f720a23cec1bfc77c77,10000000000000000,Wrapped Ether,WETH,18,81,51723,93000000000,19482,10239550,deprecated,0xa9059cbb,"transfer(address _to, uint256 _value)",13166623,1
12381399,1620313082,0x75dfd1d746e781e250b515134ea34339ff80b87e82509207984df6c41da1141c,7502598,0xb5e8f1115d94133c7f63604efc144a7b6105a552081d09c605b7d398e751eec6,0x3f5ce5fbfe3e9af3971dd833d26ba9b5c936f0be,0xa0b86991c6218b36c1d19d4a2e9eb0ce3606eb48,0xa0c68c638235ee32657e8f720a23cec1bfc77c77,197702864,USDC,USDC,6,190,207128,90000000000,48525,8233306,deprecated,0xa9059cbb,"transfer(address _to, uint256 _value)",13051813,1
12392885,1620466955,0x2ac112429bd20139c4e24001671fad75d47703934f99afd4cd7520edb69fc9a7,9,0x42c7797d1eb1a21112a1f0d517328171a2af0d6946bbeaf34aca5784dcd9671e,0x2f14fba7f3b90daa8de0f35dfe0c6859cbb0034a,0x7d1afa7b718fb893db30a3abc0cfc608aacfebb0,0xa0c68c638235ee32657e8f720a23cec1bfc77c77,20000000000000000000,Matic Token,MATIC,18,177,55374,100000000000,36916,14481268,deprecated,0xa9059cbb,"transfer(address _to, uint256 _value)",13040327,1
12400641,1620569864,0x36d36b9674875abb9c892ed203b6b627e6965c41c741464ec139c5f738adf7eb,1090800,0x98f420a38451b3989635743fe64a1c401270ceca8e9202efb5f595827637395e,0x85b931a32a0725be14285b66f1a22178c672d69b,0xdac17f958d2ee523a2206206994597c13d831ec7,0xa0c68c638235ee32657e8f720a23cec1bfc77c77,927698937,Tether USD,USDT,6,10,207128,192000000000,63209,382724,deprecated,0xa9059cbb,"transfer(address _to, uint256 _value)",13032571,1
12472106,1621524711,0xae17328d427333b06e7063bbebcfa7923de9f125f66aabfc1d7fbff3d25eef4b,4,0x7de8b58da7d8378274a450440406dc30af802df31bc4ae0918013bb403df2b7f,0x4e44db7e977b48b39c66ae442290226c02b10449,0xa0b86991c6218b36c1d19d4a2e9eb0ce3606eb48,0xa0c68c638235ee32657e8f720a23cec1bfc77c77,3475079875,USDC,USDC,6,161,73188,107000000000,33525,8946754,deprecated,0xa9059cbb,"transfer(address _to, uint256 _value)",12961106,1
12488411,1621743982,0x7691a1a6fb5abd68f03f284b306bc8e001e7493da6ebb647ffbca650910c6adf,2,0x4e518293f7e568bd2c17ab097a7e7cd673dfafe3f97ee1bf575cf01321595ee5,0x9bd093d09ed60f9d6c1b0ce37864b659b56c5d86,0xa0b86991c6218b36c1d19d4a2e9eb0ce3606eb48,0xa0c68c638235ee32657e8f720a23cec1bfc77c77,129400000,USDC,USDC,6,40,73188,33000000000,33525,5579300,deprecated,0xa9059cbb,"transfer(address _to, uint256 _value)",12944801,1
12511227,1622049187,0x40b01c2cbf1d45e0ad5a99b0a9a27191afcc11168a4db41e7d8ebc0fffe643ed,7,0xd1238c2997f126439c481f53686d2b39c746ac3e16897f374d7543f3d93c06e2,0x375e8e8fa8513d5a050a6862eb4789ac0b715815,0xdac17f958d2ee523a2206206994597c13d831ec7,0xa0c68c638235ee32657e8f720a23cec1bfc77c77,60000000,Tether USD,USDT,6,37,69145,82000000000,46097,2146208,deprecated,0xa9059cbb,"transfer(address _to, uint256 _value)",12921985,1
12525321,1622238577,0xc231de1e9418b2c7ccffd613815d1f8dde82109722e1a03eac894dcfbac4e17c,225,0xe13192f002761149db9b5185c40c76b6476c11152c57529065fd0a09aaac9e5d,0x362c73a2a17b6e1d94056bf050b8bb37bb0cb0e5,0x7d1afa7b718fb893db30a3abc0cfc608aacfebb0,0xa0c68c638235ee32657e8f720a23cec1bfc77c77,100000000000000000,Matic Token,MATIC,18,307,55356,43000000000,36904,14082690,deprecated,0xa9059cbb,"transfer(address _to, uint256 _value)",12907891,1
12525546,1622241460,0x32787b4c1febf9cffe8988c3335a5ae96fc73bc8ff63cf501fdd2e77ecd014f7,233,0x9a68230039893655d70817074c29f8c18e9db63e3295e259e068b4dfd04139d6,0x362c73a2a17b6e1d94056bf050b8bb37bb0cb0e5,0x7d1afa7b718fb893db30a3abc0cfc608aacfebb0,0xa0c68c638235ee32657e8f720a23cec1bfc77c77,300000000000000000,Matic Token,MATIC,18,248,55356,38000000000,36904,13376576,deprecated,0xa9059cbb,"transfer(address _to, uint256 _value)",12907666,1
12593739,1623153498,0xae77512c31e9302da734923b5e79eaf693eab020c932e63a10b013476cea72e6,9,0xae4f5f09c7609adf9ddc2a2aafd8ba04cd2e47984426b11368c5395c3559fc7f,0x30fafc6f186bb898f4b1baf5b5fad9c29e833fbc,0xa0b86991c6218b36c1d19d4a2e9eb0ce3606eb48,0xa0c68c638235ee32657e8f720a23cec1bfc77c77,1728940,USDC,USDC,6,82,73170,10000000000,33513,12833190,deprecated,0xa9059cbb,"transfer(address _to, uint256 _value)",12839473,1
12595047,1623170783,0x3c55a8c5cbbc8f6b5de0493f34ac71031c382cc5a284aed2b10ccf90a8f3074d,100,0xc90cda84504afe0556fd2c06c1a2ffa40c961414b6d3254e03783e7baff3cee8,0xb89247d0ef4e64d1d50da9775b66c37a8eacd1d5,0xa0b86991c6218b36c1d19d4a2e9eb0ce3606eb48,0xa0c68c638235ee32657e8f720a23cec1bfc77c77,10000000,USDC,USDC,6,149,73170,34000000000,48513,11636406,deprecated,0xa9059cbb,"transfer(address _to, uint256 _value)",12838165,1
12604982,1623304484,0xc423442abdfcaba761ce803ccec17bdd5a52154a8a015eec7578a832de08fe31,4,0xc266cc5478b017d9e36e57256b2438e3bf06047bd47a61bd7ca73ce66eabc275,0xee7dbcc4da0039d5aa8e0cf6b6cc0d230d6ae637,0x7d1afa7b718fb893db30a3abc0cfc608aacfebb0,0xa0c68c638235ee32657e8f720a23cec1bfc77c77,3000000000000000000,Matic Token,MATIC,18,125,55356,10000000000,36904,12970719,deprecated,0xa9059cbb,"transfer(address _to, uint256 _value)",12828230,1
12613297,1623415127,0x817823182795bad824d830c330e778126367e3631a203495c848341c88c5feff,580,0xc0b7e8ac0934cbb354d4d0692af8b7f230d128daff649368384c38dc2af2678d,0x57d9b1e86a1f4a0b76bec742f8e9e6f70650e6b0,0xa0b86991c6218b36c1d19d4a2e9eb0ce3606eb48,0xa0c68c638235ee32657e8f720a23cec1bfc77c77,10000000,USDC,USDC,6,236,73170,14000000000,48513,12090129,deprecated,0xa9059cbb,"transfer(address _to, uint256 _value)",12819915,1
12634069,1623694058,0xeffa0fadb9777fdee14f7a78ecf2a57e128ff91fba4f1a4db33e3fa61abaa125,1,0xf549d4c3f639a9c2a97f9ab5ab95db09373bff75d92cb410657aa32ca4a3a5fe,0xb5940d4da21be799c0cf2f54a7a8e9590fead944,0x7d1afa7b718fb893db30a3abc0cfc608aacfebb0,0xa0c68c638235ee32657e8f720a23cec1bfc77c77,10000000000000000000,Matic Token,MATIC,18,124,55356,33000000000,36904,9427091,deprecated,0xa9059cbb,"transfer(address _to, uint256 _value)",12799143,1
12646288,1623857135,0x82b7a5bb04ccf19238d738e1bbcd879316cf24c359f56144eb79bc435bda169a,3,0x8618ac745f1b5253d6432e162730a83b740b5f6f3897fcd2ce09aeb35d0b5372,0x224fc0ae8c838a4528c51ff0bd193039c67b2416,0xb8dbce6859ba9a46e8072bc2b5bf0d8c6b751fcd,0xa0c68c638235ee32657e8f720a23cec1bfc77c77,20000000000000000000000,ChiHuaHua Finance,CHUA,18,182,1643779,34000000000,1505447,11634368,deprecated,0xabbc44ed,"bulksendTokenSimple(address _token, address[] _to, uint256[] _values, bytes32 _uniqueId)",12786924,0
12647600,1623874374,0x725808ca1e73674a8cb500967df4ce2a70173e0e24f389aee5f2c15948ef5047,2,0xffa4fcf7ab935af7afb40ae6c39e30439519812986a86c2334a6465b6b372de6,0x5a4c0220316bc9256c33752f4378c8a4219cf022,0x21654674a56acd8b213ea44829172d1c877e21a0,0xa0c68c638235ee32657e8f720a23cec1bfc77c77,33000000000000000000000,Pomer Token,PMR,18,108,1643803,35000000000,1505483,13278321,deprecated,0xabbc44ed,"bulksendTokenSimple(address _token, address[] _to, uint256[] _values, bytes32 _uniqueId)",12785612,2
12651546,1623927489,0x0b3a3960494920236c6131548823c40f0971ae446cc6d2dfa31c724a5ad82a02,34,0x1ff6ffacc27273121ad48858b259adfaed5b3fd24c7e66f8915a5b06c6a2f25a,0x2558248b1b72163cff35658c707168879788997d,0x7d1afa7b718fb893db30a3abc0cfc608aacfebb0,0xa0c68c638235ee32657e8f720a23cec1bfc77c77,100000000000000000,Matic Token,MATIC,18,62,73808,12100000000,36904,6236786,deprecated,0xa9059cbb,"transfer(address _to, uint256 _value)",12781666,1
12665311,1624112593,0xc4d40d66c7b2f04f213f9361519be72a236822ff86d29807e80b6f0c8a4e39cb,0,0xb5dd81539a44fca54db75f52eb03206a2ea79dcbe1d23aea56edfc30add1de3c,0x064237f1b9eff8181cc80ecef8613266688bef5d,0x7d1afa7b718fb893db30a3abc0cfc608aacfebb0,0xa0c68c638235ee32657e8f720a23cec1bfc77c77,50000000000000000000,Matic Token,MATIC,18,45,55374,20000000000,21916,2586455,deprecated,0xa9059cbb,"transfer(address _to, uint256 _value)",12767901,1
12710287,1624718854,0x39dfbf50546ff41bad5e57a1d42ea712c22013ba30ab04ddc83ede1b5698d5a4,14,0x3034e9ce08971ad9e589dc6be206268f5aaf2c7df2397ad000f9daac75489789,0xad9df70812b44a47606e5492653af061f7b8e122,0x76ce25898b6749c36a38ebb49c4f7fb83e62e5cc,0xa0c68c638235ee32657e8f720a23cec1bfc77c77,10000000000000000000000,Munchkin,MUNCH,18,81,1597569,14000000000,1459962,13074174,deprecated,0xabbc44ed,"bulksendTokenSimple(address _token, address[] _to, uint256[] _values, bytes32 _uniqueId)",12722925,0
12722115,1624877906,0xfd06cc45153024c1900df535c944fbe58327ff6f052a2e2483982c56cec65869,8,0x5e0b9d964e4221ff87a50f39cf85f6db3d0c860ce572387bcd97c76a0317bb8d,0x0ce61328129e8df49c93903147ce102de66a8a25,0x7d1afa7b718fb893db30a3abc0cfc608aacfebb0,0xa0c68c638235ee32657e8f720a23cec1bfc77c77,7750188209922091053,Matic Token,MATIC,18,196,55392,13000000000,21928,9484205,deprecated,0xa9059cbb,"transfer(address _to, uint256 _value)",12711097,1
12723373,1624894976,0xcb303ce1f28fb36f84799044ae20c9ca0acdff797ceee270add17261c9b6eedb,262583,0x947551b749279942a9f680e2929a52e6514d6c9a576fd68607c4f022bad32d46,0x9696f59e4d72e237be84ffd425dcad154bf96976,0xdac17f958d2ee523a2206206994597c13d831ec7,0xa0c68c638235ee32657e8f720a23cec1bfc77c77,17791077,Tether USD,USDT,6,25,207128,50000000000,46109,1732186,deprecated,0xa9059cbb,"transfer(address _to, uint256 _value)",12709839,1
12748805,1625236987,0x6d90dc61af4865bd2549a11c8bcee16a9eec4bb1b8556e88aa8ae7035a2cf10e,12,0xd2d1cdb0652973a76f5732a43108eef2d2ee177fdaec60dce0d69391a8ebca17,0xa69edf49c95e6b30eb2d082e40d78f0480065207,0xba7b770b54733e78cac22c5bc1bf2c7ba1cb8c9f,0xa0c68c638235ee32657e8f720a23cec1bfc77c77,10000000000000000000000,PullBack Finance,PLBK,18,74,1626419,28000000000,1488371,6030918,deprecated,0xabbc44ed,"bulksendTokenSimple(address _token, address[] _to, uint256[] _values, bytes32 _uniqueId)",12684407,2
12760401,1625392907,0x2db4a23477fd17a433c29abdd55dead93b65901c144833003dea37be8c45fcb7,586544,0x6014fa2499d1016236f634ae22a90ab08642d3dc432fbf75b856e3f2ee33c634,0x28c6c06298d514db089934071355e5743bf21d60,0xa0b86991c6218b36c1d19d4a2e9eb0ce3606eb48,0xa0c68c638235ee32657e8f720a23cec1bfc77c77,79936145,USDC,USDC,6,23,207128,36000000000,48525,1252676,deprecated,0xa9059cbb,"transfer(address _to, uint256 _value)",12672811,1
12793694,1625840978,0x44136dce212664c60cd7d472b4526ab3277afdf19ace7d44037ce7475c9f2a9a,11,0xb718baf0ff68cf8623c7de9c6d03f150759efd5f0840980126f52ae0455eb58d,0x5fbe51ee7e24afa634458571c5a190f3e6429082,0x2de3399d849f431d0303b5590817d60d2af8dadd,0xa0c68c638235ee32657e8f720a23cec1bfc77c77,50000000000000000000000,Flash Oracle,FLO,18,78,1655307,30000000000,1516805,7910434,deprecated,0xabbc44ed,"bulksendTokenSimple(address _token, address[] _to, uint256[] _values, bytes32 _uniqueId)",12639518,0
12794348,1625849646,0x2eef3e35794218124e211919a1f55be067bac42f34171e1b591ff4196e8bde42,5,0xf173da9e07894e00c29d52d8741b58d305fd45414cd81e003176f699ff3ea57b,0xcf4ac130b0f9cfd1db6915d44807057693ec9ddd,0x7d1afa7b718fb893db30a3abc0cfc608aacfebb0,0xa0c68c638235ee32657e8f720a23cec1bfc77c77,526236180950000000000,Matic Token,MATIC,18,143,55392,19000000000,21928,13346126,deprecated,0xa9059cbb,"transfer(address _to, uint256 _value)",12638864,1
12806406,1626011918,0x8b0dacc84d9fe17e3ccb0d56a4a011abc77d0a7578d7cbdae0aa63901b88eda2,11,0x5480707aca902716b6c1665dcd3e4b8bed8522f1871005f26effc6cc1ed2d115,0xd201e8270752f3fcb882b00d8009c35c0f07ef84,0x265cd209a1ce46ad5a7fc5e51b2831290578996a,0xa0c68c638235ee32657e8f720a23cec1bfc77c77,777000000000000000000,Beethoven Finance,BTH,18,27,1654683,14000000000,1516193,3489190,deprecated,0xabbc44ed,"bulksendTokenSimple(address _token, address[] _to, uint256[] _values, bytes32 _uniqueId)",12626806,2
12850306,1626607249,0xd7e659a58289a13dced301efdac3f8234563b3b1e7bd8fd70eb39180144b6120,4,0x833efc723d7745490a074d5623fd359f252e6c8e6ee64f4a2e3bef131401a68e,0xb0ce0306b90a5abfb35015f87aa3169ecca67856,0xc02aaa39b223fe8d0a0e5c4f27ead9083c756cc2,0xa0c68c638235ee32657e8f720a23cec1bfc77c77,50000000000000000,Wrapped Ether,WETH,18,63,51723,13000000000,19482,7841349,deprecated,0xa9059cbb,"transfer(address _to, uint256 _value)",12582906,1
12867079,1626833335,0xa747181a9d8bf0e966cc9f9c007f2bc418b88523448d362719d6b2aab459a66e,5,0xd28fa28d407f3921bdb84b7a9eaf64f248a21f0f287b3765bece4e2c40b22804,0xa8fdba6d1f9d6d56390d2c5159556ba554539b99,0xc02aaa39b223fe8d0a0e5c4f27ead9083c756cc2,0xa0c68c638235ee32657e8f720a23cec1bfc77c77,30000000000000,Wrapped Ether,WETH,18,79,34482,17000000000,34482,7823417,deprecated,0xa9059cbb,"transfer(address _to, uint256 _value)",12566133,1
12867110,1626833802,0x15ea8289351d6033559decf5d2b2f1018b2d9044fab0cf2d9ad88bcec49dacfe,6,0x7e86f5bab554d611edc4604f73a1a1892ed5db87f5a34eadb37e7fa02e88eb2c,0xa8fdba6d1f9d6d56390d2c5159556ba554539b99,0xc02aaa39b223fe8d0a0e5c4f27ead9083c756cc2,0xa0c68c638235ee32657e8f720a23cec1bfc77c77,200000000000000,Wrapped Ether,WETH,18,128,34482,19000000000,34482,6387424,deprecated,0xa9059cbb,"transfer(address _to, uint256 _value)",12566102,1
12868319,1626850356,0x4b0a530ddb75c2924ee0150802131e617949d88f6193fb887fc162c9ae008cf9,7,0x5ccc55db7a9f8e92eb4e9f9f525ac22a8c117332d15273c06cb7c688e36d37f6,0xa8fdba6d1f9d6d56390d2c5159556ba554539b99,0xc02aaa39b223fe8d0a0e5c4f27ead9083c756cc2,0xa0c68c638235ee32657e8f720a23cec1bfc77c77,19770000000000000,Wrapped Ether,WETH,18,99,34494,13000000000,19494,8417256,deprecated,0xa9059cbb,"transfer(address _to, uint256 _value)",12564893,1
12877526,1626975119,0x04b341c0cc640b717b4e819351c29fd1603ffb31488cc905b509c576d7dca36e,2,0x6d3cae3ff8af302db7db9392e573fa05e071e331948f6a0fb3c98f2656ba8653,0xa34f8cde5fefb6aa409bbf593884f0fc09a15b81,0xc02aaa39b223fe8d0a0e5c4f27ead9083c756cc2,0xa0c68c638235ee32657e8f720a23cec1bfc77c77,25000000000000000,Wrapped Ether,WETH,18,76,51741,39000000000,19494,10254394,deprecated,0xa9059cbb,"transfer(address _to, uint256 _value)",12555686,1
12887886,1627114545,0x3c8b81b53a5ee6d8b7c6a2d303e5b743767d53b1bdf1a7cd7ed94d68e8e6bc1c,2,0xb13ff3a51f02a689319a4f8383843899423dcf70cc0663174c17521015f5733e,0xcd920449d401bb446fba8c35416d2c7f11f7b83b,0x7d1afa7b718fb893db30a3abc0cfc608aacfebb0,0xa0c68c638235ee32657e8f720a23cec1bfc77c77,0,Matic Token,MATIC,18,179,47250,15000000000,31232,14608338,deprecated,0xa9059cbb,"transfer(address _to, uint256 _value)",12545326,1
12907448,1627379690,0xbf2cc549b159d92700256015219a27528bed9e8e86a52ef8e7327cfaabf69daf,2,0x0e4239d15c1fe66a5c0156a837b254e8fb8e45887a1efc76f7b5c88c6a0eb8d5,0x21566324f76fc0fd0ae60d1434de771e3d439c0b,0xfe3e6a25e6b192a42a44ecddcd13796471735acf,0xa0c68c638235ee32657e8f720a23cec1bfc77c77,1270527180000000000000,Reef.finance,REEF,18,69,77521,26000000000,51681,4874514,deprecated,0xa9059cbb,"transfer(address _to, uint256 _value)",12525764,1
12936828,1627782652,0x9c143bb40624e97cd5644ac39a186269339d041b0f7a54b340895d7faf7769fa,5,0x22fec63c886d1f3f69f60a93694b5133a74318d6ad5ebbc892e08b9d35ec8664,0xbc709dabf96e80b7ffdc9439bf11e6c9c8759e41,0x7d1afa7b718fb893db30a3abc0cfc608aacfebb0,0xa0c68c638235ee32657e8f720a23cec1bfc77c77,5000000000000000000,Matic Token,MATIC,18,155,55356,21000000000,36904,14498935,deprecated,0xa9059cbb,"transfer(address _to, uint256 _value)",12496384,1
12938882,1627810817,0x71aca470c48ad62b6c007ea9884511e706c79ab227a16e9917b1247dce3d7492,4,0xf3d6827770f70009c94391b21a2d6787aeee5ca77131ee1a4d06acafdf478917,0xc9453aa72b0aa15ff2eb7f53bdcb02774b792088,0xc02aaa39b223fe8d0a0e5c4f27ead9083c756cc2,0xa0c68c638235ee32657e8f720a23cec1bfc77c77,21000000000000000,Wrapped Ether,WETH,18,186,51741,23000000000,19494,10597614,deprecated,0xa9059cbb,"transfer(address _to, uint256 _value)",12494330,1
12997838,1628603912,0x41f47f7d38fc2cdfc77a828cb3ed8fda8bf066bf11a108a69d9689f8dbe03d3f,3,0xa8e898b80ca6daad50cbb88d432eec5ec1a4537ece2e33c937040c584edc2122,0x5b563c5d2f8fa97af616994896d639d58871a801,0x7d1afa7b718fb893db30a3abc0cfc608aacfebb0,0xa0c68c638235ee32657e8f720a23cec1bfc77c77,530000000000000,Matic Token,MATIC,18,215,55356,43000000000,36904,19505471,deprecated,0xa9059cbb,"transfer(address _to, uint256 _value)",12435374,1
13028032,1629007221,0xbf3497e43727dbbb8bd6295a17ef88f8496d1a9d037ac30a5b5df779a69f4a4c,8,0xe88dbda714f5fa42f59ac237c07855b9ca822d8d6f9877b34297b42042949420,0x562026881418f7895059e0b7b4f883d8e0ed3b84,0xc02aaa39b223fe8d0a0e5c4f27ead9083c756cc2,0xa0c68c638235ee32657e8f720a23cec1bfc77c77,18410000000000000,Wrapped Ether,WETH,18,92,51741,27000000000,34494,8625762,deprecated,0xa9059cbb,"transfer(address _to, uint256 _value)",12405180,1
13029415,1629025997,0xe1cc1bb12820ddfd2b986090eeb9a4eed4b9fddacd2e0ca1f841d001d2efffc0,53,0xf22d9fd46daf826d3e38d917e41a368f628684934a17fcbf0563693b5583da2e,0x663a1e2151b9fc8107bc2360373131bf84e35e42,0x1985365e9f78359a9b6ad760e32412f4a445e862,0xa0c68c638235ee32657e8f720a23cec1bfc77c77,6184270540000000000,Reputation,REP,18,197,151938,31900000000,95089,23022858,deprecated,0xa9059cbb,"transfer(address _to, uint256 _value)",12403797,0
13038009,1629140410,0x683a4872d8879b7fbfdd5db74e54aa86056df5051c65d4d779613a9bb6ce72e6,1002871,0x78e39fdf731545186e6b09220c45c9bcd2aca96e45891b4feb7b41426f3d787a,0xd1669ac6044269b59fa12c5822439f609ca54f41,0xdac17f958d2ee523a2206206994597c13d831ec7,0xa0c68c638235ee32657e8f720a23cec1bfc77c77,50000000,Tether USD,USDT,6,224,199364,44000000000,98829,15189262,deprecated,0x0dcd7a6c,"sendMultiSigToken(address toAddress, uint256 value, address tokenContractAddress, uint256 expireTime, uint256 sequenceId, bytes signature)",12395203,1
13045121,1629234684,0xe53b724f81b18c190a664982e463e332f209758346b50f877919d47d11c9401c,39,0x639788ea06922f79af649b321a60a7f6a02a75180a95ece09258a5759389f17c,0x97de7f1ae065c3097a863295458f837709f32221,0xc02aaa39b223fe8d0a0e5c4f27ead9083c756cc2,0xa0c68c638235ee32657e8f720a23cec1bfc77c77,32000000000000000,Wrapped Ether,WETH,18,165,51723,49931922054,29682,9582494,deprecated,0xa9059cbb,"transfer(address _to, uint256 _value)",12388091,1
13053979,1629352990,0xd71bec021acf148a385af378a5db04dd114ad36a634e9f4716d0a21f01c8a392,2,0xb28336392dab97a5da4649f1dce3e2e684e5293910687aa18510fddf232d225c,0xccfc50795a2502a9081dca17d193f3997f9fae63,0x7d1afa7b718fb893db30a3abc0cfc608aacfebb0,0xa0c68c638235ee32657e8f720a23cec1bfc77c77,67000000000000000000,Matic Token,MATIC,18,129,55374,30276510030,36916,7320352,deprecated,0xa9059cbb,"transfer(address _to, uint256 _value)",12379233,1
13059306,1629424156,0xd093b7e283d76977bd38b2e4465f1c9ddf87e4e3ab5d21a9ed1e2d1394b961db,2,0xc9cd11bb2899fa6fed651d8bc5c77d6745f3b03b2f18d8521778a7ea884d4768,0x2d196639f52216db9d0578f0b6008e958211acb0,0xc02aaa39b223fe8d0a0e5c4f27ead9083c756cc2,0xa0c68c638235ee32657e8f720a23cec1bfc77c77,4000000000000000,Wrapped Ether,WETH,18,166,51723,29764683688,29682,12581075,deprecated,0xa9059cbb,"transfer(address _to, uint256 _value)",12373906,1
13064660,1629495902,0x1d58df984a5abb9df25b4d505b10f666099a2ea77f0cacb201ed5a2ca99d37b4,3,0x303bee036a5ca16d0025993a1acb1595f41909ad1e47acb8f24b60db37a323e7,0x549f534b1d27f8e35849a60a86440f4b2edf23a7,0xc02aaa39b223fe8d0a0e5c4f27ead9083c756cc2,0xa0c68c638235ee32657e8f720a23cec1bfc77c77,9000000000000000,Wrapped Ether,WETH,18,296,51741,29394812155,29694,20637626,deprecated,0xa9059cbb,"transfer(address _to, uint256 _value)",12368552,1
13076476,1629653728,0xbbc6d8d2d5cf4905e7111e3902a24fd8b312a54079eaf58910dd0a6d49a8ff64,2,0x226fea269031d3cde2a4f6fe565a7b10147cd09d78784047b873edc47e8ecfee,0xe7d093876e5432641e65fa2f4855fdd4310d1977,0xc02aaa39b223fe8d0a0e5c4f27ead9083c756cc2,0xa0c68c638235ee32657e8f720a23cec1bfc77c77,10000000000000000,Wrapped Ether,WETH,18,205,51723,39642524553,29682,17114061,deprecated,0xa9059cbb,"transfer(address _to, uint256 _value)",12356736,1
13084122,1629755863,0x9c39719cab474b0026736d5e7104f23aee427161cdc26ab78f2c0e19568496a3,3,0x45a42b0a90904eea9e991484ff17677f4f8cf4d6aaddd94863fe9b60e3301801,0xc8a10b04dc498d82defd832031de7183b6433d65,0x7d1afa7b718fb893db30a3abc0cfc608aacfebb0,0xa0c68c638235ee32657e8f720a23cec1bfc77c77,10278412250000000000,Matic Token,MATIC,18,86,55374,83544326951,32116,5281107,deprecated,0xa9059cbb,"transfer(address _to, uint256 _value)",12349090,1
13098697,1629950607,0xb66afb273f805effc7d275b4cb7ce20d3fb48da71ef82c3d1f5eeb4aa1a9633e,33,0x932c3dd8f7cabb591dea2b9ba507222b0912a2226dbf94dfce97126d4f63471d,0xc8ef2e76deae8394a632cd8403ce4b0993fd615a,0xc02aaa39b223fe8d0a0e5c4f27ead9083c756cc2,0xa0c68c638235ee32657e8f720a23cec1bfc77c77,20000000000000000,Wrapped Ether,WETH,18,95,51723,62773785762,29682,7887069,deprecated,0xa9059cbb,"transfer(address _to, uint256 _value)",12334515,1
13105671,1630042780,0xc7647993744d3e271c5fb1f56bab90e85aaf45b8161b326889f91dc4f4f101f9,4,0x8d8c1fd067f07a2a97bea0d332fd93065abf79d2abb1f6756dfe9668cc89267c,0xeaf05b6fb3a6ae56d2c109299c323ce316a43f29,0x7d1afa7b718fb893db30a3abc0cfc608aacfebb0,0xa0c68c638235ee32657e8f720a23cec1bfc77c77,500000000000000000,Matic Token,MATIC,18,306,55356,55205019611,36904,24880226,deprecated,0xa9059cbb,"transfer(address _to, uint256 _value)",12327541,1
13125941,1630314024,0xa06d67f81c8cb4d6114f2ee8924777bd51565194b7afe89944ea5cf92fede18b,1,0x35d97eb9c762c574759cd16a169b35839741a35fcc9044dbdb7fc69bdcb97a7d,0xa9c7f7557d1065501869c8b16ec8a4202a4a84fb,0xa0b86991c6218b36c1d19d4a2e9eb0ce3606eb48,0xa0c68c638235ee32657e8f720a23cec1bfc77c77,1000000000,USDC,USDC,6,244,73170,58924614780,48513,19612372,deprecated,0xa9059cbb,"transfer(address _to, uint256 _value)",12307271,1
13126476,1630321548,0x0ec8b9c32bee32b439270779d7767301fdf5a927ea6a99363295c869d7c65b3f,8,0xa435eea4144a007ba14c4e3981317fe32b596dce2cfb54d8303904b0e434324c,0x37f31ce6b7768d0f32b9c42ee90fc6351561f18d,0xc02aaa39b223fe8d0a0e5c4f27ead9083c756cc2,0xa0c68c638235ee32657e8f720a23cec1bfc77c77,0,Wrapped Ether,WETH,18,130,43612,45538425439,28822,18555759,deprecated,0xa9059cbb,"transfer(address _to, uint256 _value)",12306736,1
13137748,1630471610,0x315276bc31d97755b56b022a7e19f6cdcae6d145dbfb2d339fbeb626fec8b046,33,0xf477fceae0a752aa4b20c0581e3106fe2ecdfe4c45106f6c87129d206ebbfbf4,0x7f87cc56adf0d44f8e2da7023f5403534bf2c9f8,0x7d1afa7b718fb893db30a3abc0cfc608aacfebb0,0xa0c68c638235ee32657e8f720a23cec1bfc77c77,4000000000000000000,Matic Token,MATIC,18,82,55356,74739583676,36904,5017866,deprecated,0xa9059cbb,"transfer(address _to, uint256 _value)",12295464,1
13137762,1630471823,0xbe87c275448dfdcfda920a5479a27f4ae73154f99db6800edd15d0eef62714f7,34,0xc0ee9f2ce8c929a7eb0dbcac0d71a8c2b1acf28abe6b9c74b546f1a7b87d7e06,0x7f87cc56adf0d44f8e2da7023f5403534bf2c9f8,0x7d1afa7b718fb893db30a3abc0cfc608aacfebb0,0xa0c68c638235ee32657e8f720a23cec1bfc77c77,56834520850000000000,Matic Token,MATIC,18,115,55392,86710461415,32128,11375746,deprecated,0xa9059cbb,"transfer(address _to, uint256 _value)",12295450,1
13154308,1630692969,0x6103c9c634d45746cc53b991f9cfedd86bd3f1fdceaffc8c2a36ef324c16242c,18,0xa39afbf749d9f4debfe3d59e9e1bb10f9486b94eba418bfffcc0e9878d1f2a07,0x77f86e04a737736fd505db4d92dccaafa6b664b3,0x7d1afa7b718fb893db30a3abc0cfc608aacfebb0,0xa0c68c638235ee32657e8f720a23cec1bfc77c77,2000000000000000000,Matic Token,MATIC,18,23,44284,250000000000,36904,1717737,deprecated,0xa9059cbb,"transfer(address _to, uint256 _value)",12278904,1
13160941,1630781118,0x08ee28218bb362dd530fa9c841230db5e283829d05f6a07cace70daf0336371a,12,0x733dd8721b645c98e4454cf56b32a5b9dd2caca65f02f0582c8a0eaf30dfcbbc,0xc506432389613546b7bcb453c0b13ab8e68d0968,0xc02aaa39b223fe8d0a0e5c4f27ead9083c756cc2,0xa0c68c638235ee32657e8f720a23cec1bfc77c77,49000000000000000,Wrapped Ether,WETH,18,202,51741,105194719534,29694,11502974,deprecated,0xa9059cbb,"transfer(address _to, uint256 _value)",12272271,1
13175440,1630974608,0xb80eadcc32ce0d799cffba36869702675f1aa313d449fb3dbafdfb080d656937,4,0x4cac2656406410ffd65168e908de1884be987b41919fee1a7fa792c61e6b5d44,0xf8194242891ed1881f5fcdbe1864701dd1e76725,0xc02aaa39b223fe8d0a0e5c4f27ead9083c756cc2,0xa0c68c638235ee32657e8f720a23cec1bfc77c77,8000000000000000,Wrapped Ether,WETH,18,269,51723,96796161913,29682,15903725,deprecated,0xa9059cbb,"transfer(address _to, uint256 _value)",12257772,1
13191695,1631192827,0xdcc9908219db2e61da4826a87d8c98c22d458d457634d7a47d20fc9f7d68c07b,6,0xfbcd290fc3ae45319eae9164e4c544e0fa98dd1efb506d95c7908e7dd59226ab,0xe48c16a4a7bb95579f5f8347c3bc69a5ef1f65a6,0xc02aaa39b223fe8d0a0e5c4f27ead9083c756cc2,0xa0c68c638235ee32657e8f720a23cec1bfc77c77,80000000000000000,Wrapped Ether,WETH,18,301,51741,121071205659,29694,20774598,deprecated,0xa9059cbb,"transfer(address _to, uint256 _value)",12241517,1
13192585,1631204729,0x4620b303b34915dac3c4c7585c8fd5fedd9390199cf3e6ed514aa3f72d524b2b,8,0x447f73eb0cc5ce3fb1fd21f21958fcad16d4f7c37bd44a3e23c009149f8ef0d6,0xf9025b300a891148fe8a949baaf645b38bf203c7,0x7d1afa7b718fb893db30a3abc0cfc608aacfebb0,0xa0c68c638235ee32657e8f720a23cec1bfc77c77,11000000000000000000,Matic Token,MATIC,18,172,55356,92224649808,32104,16249196,deprecated,0xa9059cbb,"transfer(address _to, uint256 _value)",12240627,1
13196037,1631250466,0xc51d267c3986f679683a58630f6056cfdcde6a328128b888e3b417c293758015,2,0xf001628900e68fcf71ce228d43d04ac18f3dcd6a5dd3d37f2a8ae7c90eea5b10,0xd8eb6aadee6496b468fe80029df23dbe16f2b61c,0x7d1afa7b718fb893db30a3abc0cfc608aacfebb0,0xa0c68c638235ee32657e8f720a23cec1bfc77c77,0,Matic Token,MATIC,18,316,47250,74983900975,31232,27581908,deprecated,0xa9059cbb,"transfer(address _to, uint256 _value)",12237175,1
13211112,1631451777,0xb481891f6e5111ae2831f5abf7590c4b1564f3a2a40ba22bba1d87f2982bf70c,7,0x594c5bc744caefc66f639a13788df4cee341591c410f568740c3370bb96a5da9,0xfbfed7bde6c16884ae9654b4e5fca2f6b80abc08,0xc944e90c64b2c07662a292be6244bdf05cda44a7,0xa0c68c638235ee32657e8f720a23cec1bfc77c77,105954531091053841519,Graph Token,GRT,18,327,77499,64133318888,46866,20713781,deprecated,0xa9059cbb,"transfer(address _to, uint256 _value)",12222100,1
13247906,1631944394,0x3a16a399c5ed32bfb8d8f927763fb159d519b7c80f1df5b81a7fccd3273f00c0,1843571,0x00e1d9131f0a1e7d08ad105881339259e8bffc8eedf1ec3de0f2195e7e02ca27,0x6cc5f688a315f3dc28a7781717a9a798a59fda7b,0x7d1afa7b718fb893db30a3abc0cfc608aacfebb0,0xa0c68c638235ee32657e8f720a23cec1bfc77c77,100920000000000000000,Matic Token,MATIC,18,14,420000,70000000000,36916,1271663,deprecated,0xa9059cbb,"transfer(address _to, uint256 _value)",12185306,1
13257634,1632074226,0x0f843d021627e97f0d44e3bfc825ae5b7b479da07f3120516410cf1ab3180f6b,15,0x811c4646f735fbf260a0d502a1acbd1106873f8b85286130b672147245a25a74,0xcd87ef2269780f65a3fc4dedcdbd49392d65a5f4,0xc02aaa39b223fe8d0a0e5c4f27ead9083c756cc2,0xa0c68c638235ee32657e8f720a23cec1bfc77c77,180000000000000000,Wrapped Ether,WETH,18,115,51741,56414715313,29694,4625331,deprecated,0xa9059cbb,"transfer(address _to, uint256 _value)",12175578,1
13264820,1632169902,0x1a970e331106f0ff85a50fbcdc0dfae72177b8d5987e49a975d4cd8b1e7595b3,1951995,0x137f43e314dcb385f6583bbf278bb2b71c2b13fee80edc624370db2a4a42b753,0xddfabcdc4d8ffc6d5beaf154f18b778f892a0740,0x7d1afa7b718fb893db30a3abc0cfc608aacfebb0,0xa0c68c638235ee32657e8f720a23cec1bfc77c77,123000000000000000000,Matic Token,MATIC,18,226,250000,64550116324,36916,17197295,deprecated,0xa9059cbb,"transfer(address _to, uint256 _value)",12168392,1
13270511,1632245566,0x9f0eef447bf66d2de9664cdd827b055b05189550cbc39a4397d0b82461faf25c,94852,0x5282aa1677530791bacbe8517bb867af96329cff09a538665f298517bb31471a,0xa1ab7a4aa264745912db261536291336f7e543ac,0xed025a9fe4b30bcd68460bca42583090c2266468,0xa0c68c638235ee32657e8f720a23cec1bfc77c77,100000000000000000000,Ripio Coin,RPC,18,39,250000,353000000000,61935,2665346,deprecated,0xa9059cbb,"transfer(address _to, uint256 _value)",12162701,0
13280665,1632382523,0x3a1431e5018117155da67c699c12ba8bd548c215a80a7e4ef4b2ce12300a134c,12,0x1ce83422bde3dd841788047d01c9f30863314be7b2851d243e9597a53bbc10c0,0x983f86c07bb5a0e397daa822a84fe4195e3b3e14,0xc02aaa39b223fe8d0a0e5c4f27ead9083c756cc2,0xa0c68c638235ee32657e8f720a23cec1bfc77c77,10000000000000000,Wrapped Ether,WETH,18,137,51723,39336282084,34482,13143762,deprecated,0xa9059cbb,"transfer(address _to, uint256 _value)",12152547,1
13316612,1632863993,0x91867898f280c24d9c33c913600abf53adf90fcbf09bc6b1ebd4458fe8bcd4ce,2,0x3f5c938c2113a0719648eac98222e281d0b76252eb3db7345af2712b2ae9298e,0xe1db0320b197fe8486ce749cba57eaff873d3318,0xc02aaa39b223fe8d0a0e5c4f27ead9083c756cc2,0xa0c68c638235ee32657e8f720a23cec1bfc77c77,44000000000000000,Wrapped Ether,WETH,18,99,51723,66459073973,34482,6199994,deprecated,0xa9059cbb,"transfer(address _to, uint256 _value)",12116600,1
13322346,1632940896,0x4cae36c0935937219fb829b412f6fb413787c2c207970382f19d16bd5764ea9d,2,0x46fa376136620c0c1a06c738e113338704dffe96d122e12dc02af0e47f3c3d28,0x36a31d58ba4fb480208e3776bf767001cebf2286,0x7d1afa7b718fb893db30a3abc0cfc608aacfebb0,0xa0c68c638235ee32657e8f720a23cec1bfc77c77,93196644920000000000,Matic Token,MATIC,18,203,55392,89652668469,32128,27723003,deprecated,0xa9059cbb,"transfer(address _to, uint256 _value)",12110866,1
13372917,1633624671,0x063bfa4b9bafbfd5ca3daecbbdcf42475b4e6673f38009382ae65f04b94e3492,1,0xce685b21c1fc8f95428d6b982a944641beda36b1f9ff5dcd02f7817b9ebccee9,0xd860049357a0c9646062263b91293e6477cb33b0,0xc02aaa39b223fe8d0a0e5c4f27ead9083c756cc2,0xa0c68c638235ee32657e8f720a23cec1bfc77c77,10000000000000000,Wrapped Ether,WETH,18,91,51716,145708016678,29682,6285534,deprecated,0xa9059cbb,"transfer(address _to, uint256 _value)",12060295,1
13413424,1634174825,0xad21c2aab3a991daa24aaaa72e2b4c2ed02fedc035d0c96fa942cefc4a904d7c,3,0x4a6243ed4dd1986595f8923a24ac0806e871a09110cdd308f753f997cbba17de,0x77ac29ea2c3259db792eca725268fab7ad5883e0,0x7d1afa7b718fb893db30a3abc0cfc608aacfebb0,0xa0c68c638235ee32657e8f720a23cec1bfc77c77,1648329010000000000,Matic Token,MATIC,18,278,100000,113180503111,32116,18254537,deprecated,0xa9059cbb,"transfer(address _to, uint256 _value)",12019788,1
13413491,1634175724,0xcee2669103bcfb0956f14103bbd5d6761df6f19afb2b7d79210ecc1e51616c53,4,0xc21776fe691cffd6771949d2b4d7d798226e6db99bf6d3c21cc59bcb560c3fa2,0x77ac29ea2c3259db792eca725268fab7ad5883e0,0x7d1afa7b718fb893db30a3abc0cfc608aacfebb0,0xa0c68c638235ee32657e8f720a23cec1bfc77c77,2000000000000000000,Matic Token,MATIC,18,52,55284,105000000000,36904,3395810,deprecated,0xa9059cbb,"transfer(address _to, uint256 _value)",12019721,1
13417297,1634227356,0x1496681012d93d7bce77a1cb5f9993d44cd6ba0264ec225b99e02ef303fc7681,1,0xc651057874e4eb94225e1c9e68aecfeb600bb6cf631a0794f99195577020d224,0xf4e77140487702743e98e4fc10b670566d096a29,0x7d1afa7b718fb893db30a3abc0cfc608aacfebb0,0xa0c68c638235ee32657e8f720a23cec1bfc77c77,134921780290000000000,Matic Token,MATIC,18,81,36928,182000000000,32128,5622455,deprecated,0xa9059cbb,"transfer(address _to, uint256 _value)",12015915,1
13418588,1634245200,0x963d505fe441313d3e518427d2ee98691acf401bc85226abc7ecd8011d65760f,15,0xe7137ca634f2a1981375088ba1932ea769af638ff30f52826a1c63ad8ea1380d,0x3520124ffb73e81672547e008404ee324edef5de,0x6b175474e89094c44da98b954eedeac495271d0f,0xa0c68c638235ee32657e8f720a23cec1bfc77c77,490114132000000000000,Dai Stablecoin,DAI,18,345,77745,128101658189,47030,24198536,deprecated,0xa9059cbb,"transfer(address _to, uint256 _value)",12014624,1
13436928,1634493996,0x684a68fdcec9b0aac33bfbbea6c20a534078c6091b5569f4dba16d5d953729ab,2,0xad43d157f84f19e4352ddbfe80c6138e223aef759d981a48e244f26913cb8bf2,0x283e33ec87ed2201111eaf1d8bf57324b22daa33,0xc02aaa39b223fe8d0a0e5c4f27ead9083c756cc2,0xa0c68c638235ee32657e8f720a23cec1bfc77c77,20000000000000000,Wrapped Ether,WETH,18,246,51723,89058968668,29682,24046187,deprecated,0xa9059cbb,"transfer(address _to, uint256 _value)",11996284,1
13444986,1634603383,0x93a8865bdacab989090c876df05d5ca271d698c6c2814aa325f27ee505cbc226,677,0x271c6bc72a8d77af82616ddcaa59ddf22a4b9bbdf4b794a5751a28d88910ea8f,0xd03e3e767fae065b41fccbfa0dfb3c538cf2b484,0x7d1afa7b718fb893db30a3abc0cfc608aacfebb0,0xa0c68c638235ee32657e8f720a23cec1bfc77c77,5241411194260702430,Matic Token,MATIC,18,47,55392,64582218664,32128,5078829,deprecated,0xa9059cbb,"transfer(address _to, uint256 _value)",11988226,1
13455894,1634750440,0xa8adb82c524e00b60c9cf2eded3245110c2e7deeab783fae40e0ffb885d1fa0f,16,0xcd0264f00a726af26f1a5e71b35e43cb760fdea24f91f7aaea26faee84743558,0xd179df2c398511f5296c153ce70637b17a01f115,0xc02aaa39b223fe8d0a0e5c4f27ead9083c756cc2,0xa0c68c638235ee32657e8f720a23cec1bfc77c77,50000000000000003,Wrapped Ether,WETH,18,155,51741,113401522108,34494,12110406,deprecated,0xa9059cbb,"transfer(address _to, uint256 _value)",11977318,1
13455994,1634751775,0x2887acc289179ed30946bd9cfb537ad308734ab3c1e01434a43cf5b5c5ad059b,5,0x477030bbecd3bb375e989d5e51d2b5b58177aed15cb686212a2a3bfe0e9a7cce,0xd11242890b603c5a80375c019ff0954ad6b216a8,0x0f5d2fb29fb7d3cfee444a200298f468908cc942,0xa0c68c638235ee32657e8f720a23cec1bfc77c77,234307476900000000000,Decentraland,MANA,18,355,81321,96123038464,49449,21097722,deprecated,0xa9059cbb,"transfer(address _to, uint256 _value)",11977218,1
13459344,1634796569,0xf28db077e023a5a3dd2c0782dc85f8822ed08fbefe313ecab47a522b01b958ba,1,0xe304687abedbad3833eeeebe53059a7089d6c924c11043d730b6d27143721196,0x9f544466e9c2defc1a5b204f90dd4c12b669f133,0xc02aaa39b223fe8d0a0e5c4f27ead9083c756cc2,0xa0c68c638235ee32657e8f720a23cec1bfc77c77,0,Wrapped Ether,WETH,18,217,43612,56830468997,28822,16773195,deprecated,0xa9059cbb,"transfer(address _to, uint256 _value)",11973868,1
13461829,1634830386,0xd12e3509e7655c28f599651d8b90f3b9a78320cdd652b24278dd7029e18b9ce0,2470173,0x580cfe62511e4b55e966f2da3061b6df087bf8bac8556e254e862928b2d4d548,0xddfabcdc4d8ffc6d5beaf154f18b778f892a0740,0x7d1afa7b718fb893db30a3abc0cfc608aacfebb0,0xa0c68c638235ee32657e8f720a23cec1bfc77c77,57672383060000000000,Matic Token,MATIC,18,17,250000,119576427439,36928,1397034,deprecated,0xa9059cbb,"transfer(address _to, uint256 _value)",11971383,1
13466408,1634891711,0x0e3eb3040ecdf47525004f7b6b7531b383c898841b9c20012162ed262849b2fd,10,0x3cdee47f602a049a9431af09f080ff3ad4c77aff775d982a021ab12ce4b0fb29,0xb4ac43f7c83c4356883a209895aee51aee97a3be,0xc02aaa39b223fe8d0a0e5c4f27ead9083c756cc2,0xa0c68c638235ee32657e8f720a23cec1bfc77c77,11100000000000000,Wrapped Ether,WETH,18,183,51741,47529810397,29694,15596239,deprecated,0xa9059cbb,"transfer(address _to, uint256 _value)",11966804,1
13471364,1634958400,0x9dac443cf7279feb5eab2aab787a6eefff0b6d328ed72396b51db4916d978f7d,7,0x15395ed22092b97981e8942d49c57228d0ff5b9c0324f5fe988f4981935945f8,0xf27071c352d1845c101d8181aa4ea70f8d0d6b68,0x7d1afa7b718fb893db30a3abc0cfc608aacfebb0,0xa0c68c638235ee32657e8f720a23cec1bfc77c77,15000000000000000000,Matic Token,MATIC,18,196,55356,61776571585,36904,8305476,deprecated,0xa9059cbb,"transfer(address _to, uint256 _value)",11961848,1
13487967,1635183112,0x9c540e4f27f3d05da58e57fd6ed82d6197ce05cbd3d7d72c688108e11d66c478,12188,0x0b5bddafb12d448dc8759abe53cc168fabf204c95f59615aff8c43d8f82d73fa,0x92bd876319b474588a30b815f3e61d872305538f,0x7d1afa7b718fb893db30a3abc0cfc608aacfebb0,0xa0c68c638235ee32657e8f720a23cec1bfc77c77,4242424242000000000000,Matic Token,MATIC,18,232,44313,122176541664,36928,12058448,deprecated,0xa9059cbb,"transfer(address _to, uint256 _value)",11945245,1
13489131,1635199065,0x04997563881af41e2587e855a656278ee0ad26d96067d3ad73dbdd30b7b939e9,2568193,0x0999ee08054dd494bb9dea1fc6451dfe4914c6477c55adcfba559bcc35693e2f,0xddfabcdc4d8ffc6d5beaf154f18b778f892a0740,0x7d1afa7b718fb893db30a3abc0cfc608aacfebb0,0xa0c68c638235ee32657e8f720a23cec1bfc77c77,38901499190000000000,Matic Token,MATIC,18,89,250000,112854438351,36928,5592278,deprecated,0xa9059cbb,"transfer(address _to, uint256 _value)",11944081,1
13509134,1635469777,0xb895ae2af519025889cbe6e25edba0639a84377f52e965828bda02ab8ca5efcb,2674914,0x302cb727157857478e1c90ce02d3ca31fe4a94cd816416b6e68b70684aa34827,0xddfabcdc4d8ffc6d5beaf154f18b778f892a0740,0x7d1afa7b718fb893db30a3abc0cfc608aacfebb0,0xa0c68c638235ee32657e8f720a23cec1bfc77c77,23398928330000000000,Matic Token,MATIC,18,198,250000,264236062245,36928,9191778,deprecated,0xa9059cbb,"transfer(address _to, uint256 _value)",11924078,1
13514488,1635542918,0x7636f2dd9cc229e6cdd19c95d93855423cfbd3a52519e70717a556a001b23663,20,0x056cd8ba1461870ca1141700b8aef42af0ea74be7217331c4d1c39f990011db8,0x26a400689bca5a58c2b01542ccaa8e229d38cec8,0x7d1afa7b718fb893db30a3abc0cfc608aacfebb0,0xa0c68c638235ee32657e8f720a23cec1bfc77c77,1078372311928768395186,Matic Token,MATIC,18,353,55410,170281423948,32140,24397762,deprecated,0xa9059cbb,"transfer(address _to, uint256 _value)",11918724,1
13514551,1635543751,0xb8ac94b5789e708339d982cef5133facd70cecbfad725cbd3750d4556c1f384c,22,0xaba8b4f78f2fbaff8234b439c926489265e5533318e90bf4dec0cc2b1227944a,0x26a400689bca5a58c2b01542ccaa8e229d38cec8,0x7d1afa7b718fb893db30a3abc0cfc608aacfebb0,0xa0c68c638235ee32657e8f720a23cec1bfc77c77,50000000000000000000,Matic Token,MATIC,18,212,55374,176327654852,36916,12670768,deprecated,0xa9059cbb,"transfer(address _to, uint256 _value)",11918661,1
13514708,1635545647,0x09fc5a130850b7b015ef38cc0b20ea94af854ca7b740027acbeefb59d217d8bd,24,0x82da3c511ab3b252cbf577231a95255ea017ff5168f35bf2c15cd92bbc8edefd,0x26a400689bca5a58c2b01542ccaa8e229d38cec8,0x7d1afa7b718fb893db30a3abc0cfc608aacfebb0,0xa0c68c638235ee32657e8f720a23cec1bfc77c77,708116804740512002617,Matic Token,MATIC,18,142,55410,171336353500,32140,8918930,deprecated,0xa9059cbb,"transfer(address _to, uint256 _value)",11918504,1
13516086,1635563822,0x35bde64b9cdaa40f2d6792742b0ea4b8b7baffbf69a28ed24c11a5b37199e030,7,0xee572c73af0710aeebf2ecad6cab49bf912ce5b1edb4b9b2d9be30df43d394f4,0xae669dd8c65828a6966d3e35ad5f5874de03b8e1,0x6b175474e89094c44da98b954eedeac495271d0f,0xa0c68c638235ee32657e8f720a23cec1bfc77c77,1827760275214573093759,Dai Stablecoin,DAI,18,125,52113,162241214682,29942,8248103,deprecated,0xa9059cbb,"transfer(address _to, uint256 _value)",11917126,1
13527076,1635714292,0x1898407ce6a7829b79cc26c19f6f1ae9fc996633c7ec19aeffa9547e6c81ef8d,1704115,0xa7a99ce57c6c121c50a078bff6314f839e85daef46193182a19e64e1a900ac6b,0xa1d8d972560c2f8144af871db508f0b0b10a3fbf,0x7d1afa7b718fb893db30a3abc0cfc608aacfebb0,0xa0c68c638235ee32657e8f720a23cec1bfc77c77,527138063560000000000,Matic Token,MATIC,18,5,105392,176158365375,36928,141928,deprecated,0xa9059cbb,"transfer(address _to, uint256 _value)",11906136,1
13541421,1635908645,0xcee04404c1bf98ac4892641056e49e5238961435faf11ec2f25b9218aef14198,1,0xc783dd94d8c61f8b3bde4c3699ff5baacfea2f854277776ef36903ddc069f9c0,0xf1c4c85a59de943ace922144ccbf59fabaf97d28,0x7d1afa7b718fb893db30a3abc0cfc608aacfebb0,0xa0c68c638235ee32657e8f720a23cec1bfc77c77,10280000000000000000,Matic Token,MATIC,18,197,55356,156143044630,32104,11501021,deprecated,0xa9059cbb,"transfer(address _to, uint256 _value)",11891791,1
13541995,1635916371,0xa1749eaa9f6ba909d71e9caa526a317d8b2a8785f114cacc6108652da41cf517,7,0x04e9a8c6959202a06d0dab559e57d152cdab5cc54a4e7a560751666ceba1989f,0xcce7375f327979418265efc9cdcae56ad1a0175c,0x7d1afa7b718fb893db30a3abc0cfc608aacfebb0,0xa0c68c638235ee32657e8f720a23cec1bfc77c77,9756097560000000000,Matic Token,MATIC,18,101,55374,144100000000,32116,6086340,deprecated,0xa9059cbb,"transfer(address _to, uint256 _value)",11891217,1
13544438,1635950507,0x435b5b1a5e60ef04a8260995bc008a2c478e56cc7bb223f1699cb33d2928c961,6,0x5a4512cc429e879073f598ac915100a94a521b0f3459a02299ec81218330e27e,0x7b8f8385e38f5bd193deecee78ee352dc81c5379,0xc02aaa39b223fe8d0a0e5c4f27ead9083c756cc2,0xa0c68c638235ee32657e8f720a23cec1bfc77c77,25000000000000000,Wrapped Ether,WETH,18,476,51741,167911131190,29694,26788342,deprecated,0xa9059cbb,"transfer(address _to, uint256 _value)",11888774,1
13551677,1636048542,0xe83f58a24895d95a564754c525f14273a2aaa8d541afd0ea61fe0077beb9fe67,5,0xae26c5c983148e0fb84c08105804ec4c568d0c18799f2fb2b4fe35ddcc243307,0x791e05c90d15305eaba36049f2b4cd7000750040,0x7d1afa7b718fb893db30a3abc0cfc608aacfebb0,0xa0c68c638235ee32657e8f720a23cec1bfc77c77,5332906700000000000,Matic Token,MATIC,18,265,55374,150265897888,32116,18030966,deprecated,0xa9059cbb,"transfer(address _to, uint256 _value)",11881535,1
13556429,1636113117,0x11d9912faf838bc298076c71e7ebf73ab41f3e9805f4cc0539e698f9a7603a9c,4,0x77924687dd8d1549d70752868a4c5b8472d3281cc03c65878bd97e5c3e80579f,0xec881226407366ff8cffd8935e5a06b28e406ac4,0xc02aaa39b223fe8d0a0e5c4f27ead9083c756cc2,0xa0c68c638235ee32657e8f720a23cec1bfc77c77,60000000000000000,Wrapped Ether,WETH,18,154,51723,100258352275,29682,9425942,deprecated,0xa9059cbb,"transfer(address _to, uint256 _value)",11876783,1
13558038,1636134356,0x96002f48d44e8417270d66e7950a8eb8cbe13b328f2bc4c04940e9c02fdf9166,15,0x8ee5180113ba049c203e7f7e9fa0314f5e66c94f9c26938f98af076b58eed20f,0x9b0580ad8e237d3db62129ea14383c0bec3beebe,0xa0b86991c6218b36c1d19d4a2e9eb0ce3606eb48,0xa0c68c638235ee32657e8f720a23cec1bfc77c77,8000000000,USDC,USDC,6,206,73188,144103432107,48525,26577032,deprecated,0xa9059cbb,"transfer(address _to, uint256 _value)",11875174,1
13560448,1636166984,0xa286e41e4b6e7e96d6aa83096b41c0d6b309071aedb2638b05cc50446764c9bc,3,0xae1fd1eea4e09b8112a88d4558cd77add9bf58a0008582eabc2a45cb61c2ae0b,0x8e5647d9a83322ecdea775756640e3a1d3e07016,0x7d1afa7b718fb893db30a3abc0cfc608aacfebb0,0xa0c68c638235ee32657e8f720a23cec1bfc77c77,32000000000000000000,Matic Token,MATIC,18,334,55374,104402871312,36916,23679666,deprecated,0xa9059cbb,"transfer(address _to, uint256 _value)",11872764,1
13561006,1636174335,0xe38285bd3e9d614085b373b267ab8d29a0e356cc67269810ccb23c2e148a7860,186329,0x3a805d63505b399d8b52fd8afda4283989bea3e5574ff5cd954bcf324eda959a,0x9afa066884ce723200438b672c0b8d5769e03a6a,0x7d1afa7b718fb893db30a3abc0cfc608aacfebb0,0xa0c68c638235ee32657e8f720a23cec1bfc77c77,48341355270000000000,Matic Token,MATIC,18,3,200000,135600000000,36928,419913,deprecated,0xa9059cbb,"transfer(address _to, uint256 _value)",11872206,1
13561316,1636178467,0x929650735066395921af522348ab96a6cec7c3c8bb7a89b91dc8dcc3eb131405,46,0xae60914a8ae6b555ff6ae7e47c66053f8409bbf45c8884d9b35b98a320d13552,0x2109bfbe707c84876c79698e761232a0eb4a21ce,0xc02aaa39b223fe8d0a0e5c4f27ead9083c756cc2,0xa0c68c638235ee32657e8f720a23cec1bfc77c77,2050000000000000,Wrapped Ether,WETH,18,323,51741,97026437042,29694,18562871,deprecated,0xa9059cbb,"transfer(address _to, uint256 _value)",11871896,1
13566269,1636246099,0xa13a45fd53b5bfbb3b1ca1debb4a28e4d600d7a9fa426eb2a1b9657263adf6dd,7,0x1193afa38542286f27aaee247adcd94e4b5545c8a949272489d53fb8c27abc0c,0x5260f0a9985b27b5670d47b78da002c36f40491e,0x2b591e99afe9f32eaa6214f7b7629768c40eeb39,0xa0c68c638235ee32657e8f720a23cec1bfc77c77,61163650924,HEX,HEX,8,106,77425,107249878438,46817,6836891,deprecated,0xa9059cbb,"transfer(address _to, uint256 _value)",11866943,1
13567013,1636256142,0x4b94b3bb3a0e630316a4da57f5560702f12557d5434fd15a5f87672168789957,8,0xf94c990f3d2ac10983d51481a7dd77971a1b59ad56e9eef2936978c60f2fa834,0x54821938ed72181da151f4637b926cfbeb9c7b0f,0x7d1afa7b718fb893db30a3abc0cfc608aacfebb0,0xa0c68c638235ee32657e8f720a23cec1bfc77c77,26183715700000000000,Matic Token,MATIC,18,456,55392,84001553524,32128,25200084,deprecated,0xa9059cbb,"transfer(address _to, uint256 _value)",11866199,1
13579410,1636423036,0xc53ba85425edb29efb94acfe20fc09c97f60a23464958c65209dcb10653a26f3,2989015,0xa4b6f2dd25b88e199335a5f956c8600bdfd062067f3c5d3568ec48acf2f2c66d,0xddfabcdc4d8ffc6d5beaf154f18b778f892a0740,0x7d1afa7b718fb893db30a3abc0cfc608aacfebb0,0xa0c68c638235ee32657e8f720a23cec1bfc77c77,6336829960000000000,Matic Token,MATIC,18,331,250000,202260238352,36916,22263778,deprecated,0xa9059cbb,"transfer(address _to, uint256 _value)",11853802,1
13579658,1636426653,0x80ea7272dc4847d02c615198c96e89cb87f8685dbf3ba5716493af50c08b4100,1,0x067f7d6a1b68be62804862d38c7220b4fa9e26eaffb3d65a152220f09826f341,0xfe9bcadd3e005272fa3ee224e0b27bccad02902b,0x7d1afa7b718fb893db30a3abc0cfc608aacfebb0,0xa0c68c638235ee32657e8f720a23cec1bfc77c77,1431477290000000000,Matic Token,MATIC,18,185,55374,197627313149,32116,14344169,deprecated,0xa9059cbb,"transfer(address _to, uint256 _value)",11853554,1
13592787,1636604289,0x222af76c01e946587051bb7ac0a676ebc87b73acde80dc7f90f78905396e633a,21,0xca0c026d9aed946dccd27a20ad75bb12afdfb415ade93937b90d41fb0da97a3f,0xd82f3ea3c688d6ba92a9f22e5dd2e78230940cc3,0x7d1afa7b718fb893db30a3abc0cfc608aacfebb0,0xa0c68c638235ee32657e8f720a23cec1bfc77c77,62728838430000000000,Matic Token,MATIC,18,78,55392,131541645011,32128,6660664,deprecated,0xa9059cbb,"transfer(address _to, uint256 _value)",11840425,1
13595587,1636642719,0x45b5215ed5226be87df85d25fa2573c1e26d84f7694adbc8d2826e8556737cf8,3,0x226e58745ac04c967096271fad49a39fabbd3a9a548d6910eaf3fe6f012bef8b,0x890b6ec06a6b8b1b0b9f2f9d1b7c64f0956a59d8,0xa0b86991c6218b36c1d19d4a2e9eb0ce3606eb48,0xa0c68c638235ee32657e8f720a23cec1bfc77c77,168855408,USDC,USDC,6,406,73188,135690997555,43725,29281836,deprecated,0xa9059cbb,"transfer(address _to, uint256 _value)",11837625,1
13605155,1636771939,0x02d5f75b0a056babfe8c900492ff032dee49c153bc5583b090e01e65c855c292,3,0x8c4efc0a2e0eeeb24a95a1744c502aa383e503f3a9e70b7528bc909bd9528f35,0xcd807b945c220213e17d0d8bb371cb4baecaf2eb,0x0f5d2fb29fb7d3cfee444a200298f468908cc942,0xa0c68c638235ee32657e8f720a23cec1bfc77c77,80000000000000000000,Decentraland,MANA,18,294,55705,129583867922,37137,27608416,deprecated,0xa9059cbb,"transfer(address _to, uint256 _value)",11828057,1
13608752,1636821338,0x79e17c05b992610b8192dd0ee4c836e3aced0dec65f12f2510d3bb40d74dfb49,14,0x930d7e58888f36dc449cd0dcb70135028d7bcfe78d418c713854273c8b82f350,0x9abf037271376409d29960b0e2c0e7f6ac5ff983,0x7d1afa7b718fb893db30a3abc0cfc608aacfebb0,0xa0c68c638235ee32657e8f720a23cec1bfc77c77,500000000000000000000,Matic Token,MATIC,18,284,55374,106723523522,36916,21586594,deprecated,0xa9059cbb,"transfer(address _to, uint256 _value)",11824460,1
13610532,1636845631,0x4877ae882dde66c60d90a08555592bda14086f450ef222c7466b0ac4f74660c8,7,0xff33ebee55eacc9ab74e901c44a60f58d6a3990c568df6ae2b28e8b53006e2bd,0xc9ace40ec758eb84cbcdaedab76fd8b161656e8d,0x7d1afa7b718fb893db30a3abc0cfc608aacfebb0,0xa0c68c638235ee32657e8f720a23cec1bfc77c77,12857400000000000000,Matic Token,MATIC,18,291,55374,145833587040,32116,19798176,deprecated,0xa9059cbb,"transfer(address _to, uint256 _value)",11822680,1
13612037,1636866716,0xd388577654bf33c4e5fc7d5c69abbf969e09591767e5330ee206dee4d05dfc05,7,0x4ea7543003d91b7b7c52f4587d86aab99c274204bbe22423cf830c0b41fa4de1,0xb8432d2fbe7c4a0e5d1a3626654bdd4d553ee1ca,0x7d1afa7b718fb893db30a3abc0cfc608aacfebb0,0xa0c68c638235ee32657e8f720a23cec1bfc77c77,37202950480000000000,Matic Token,MATIC,18,215,55392,138423739286,32128,12592705,deprecated,0xa9059cbb,"transfer(address _to, uint256 _value)",11821175,1
13618607,1636955469,0xc95f2ea71945eb6e464623033508c5aa87bead0b21d2ce6d20bc88c7b2c9be58,6,0x5c8384b49aed3471929d168c12d9943be87ee31824743288952057f3ce4c537f,0x9cc63e450196aebcec28a2190f59ff6d041c089a,0xc02aaa39b223fe8d0a0e5c4f27ead9083c756cc2,0xa0c68c638235ee32657e8f720a23cec1bfc77c77,40000000000000001,Wrapped Ether,WETH,18,31,51741,103654193554,34494,3200011,deprecated,0xa9059cbb,"transfer(address _to, uint256 _value)",11814605,1
13630289,1637115953,0xa5a01bca2934e8fbe8641a878fbbd51758143e8d43f1b2abe019d32a38596590,25,0x30f791da80a84cbe8b22229016a83db8cea4de49db8508548aa5d65d72a9446a,0x2b155dc9480c3b9cd2ba32ee8f5b1a6a40e6bb0a,0xc02aaa39b223fe8d0a0e5c4f27ead9083c756cc2,0xa0c68c638235ee32657e8f720a23cec1bfc77c77,10000000000000000,Wrapped Ether,WETH,18,96,51723,110254500978,29682,7598993,deprecated,0xa9059cbb,"transfer(address _to, uint256 _value)",11802923,1
13632080,1637140557,0xfdcc4f9077d393d36b5519f2deb5e5d511c65830e69f3a164ae5f9003a745cb0,9,0x57243d48b4e86a320731cea3e126b24308d99fdd21049cdb9a70820cd4fb8532,0x52805740e0ca5a55ff084734b073a0a5b1a13477,0x7d1afa7b718fb893db30a3abc0cfc608aacfebb0,0xa0c68c638235ee32657e8f720a23cec1bfc77c77,39436000000000000000,Matic Token,MATIC,18,211,55374,116408560818,32116,9167864,deprecated,0xa9059cbb,"transfer(address _to, uint256 _value)",11801132,1
13638423,1637226418,0x4979f5985f9f44c520f4ecee9f23a5e47bdc248e7518c1f4a8de419497b58e14,6,0xb016b98273b2965b9b09aad64be57d43b681091fbdc5f7cf985b3daed3b8391f,0x25a5ca5b07247c349205d595ac728dbdf9b313fe,0xf3ae5d769e153ef72b4e3591ac004e89f48107a1,0xa0c68c638235ee32657e8f720a23cec1bfc77c77,2299597601874993148090,Deeper Network,DPR,18,447,130180,99474342592,81987,29786432,deprecated,0xa9059cbb,"transfer(address _to, uint256 _value)",11794789,1
13639932,1637246571,0xb22ae68a6048df51888e1e7187eb8e911fdf2f6ba1a6188106f137d15b9684a6,1,0x2d3913ab18c0dcd11ff994dd0a6deefa9b616550995b91349d40faedc415a494,0x1c5cc26ebf5760d5a10057c821b9117317c1661b,0x7d1afa7b718fb893db30a3abc0cfc608aacfebb0,0xa0c68c638235ee32657e8f720a23cec1bfc77c77,281375237510000000000,Matic Token,MATIC,18,32,55392,134499833393,32128,2248533,deprecated,0xa9059cbb,"transfer(address _to, uint256 _value)",11793280,1
13645605,1637325369,0x1b675c02d6404f6c3e58e882e36f892b64aa30fa00797e97d391d1c9206cfb91,3241273,0x23f002d633ef612f32d27d49f9d37d9a94beed67928be4ed57f15ecb19447699,0xddfabcdc4d8ffc6d5beaf154f18b778f892a0740,0x7d1afa7b718fb893db30a3abc0cfc608aacfebb0,0xa0c68c638235ee32657e8f720a23cec1bfc77c77,42429788580000000000,Matic Token,MATIC,18,274,250000,95276819947,36928,13106221,deprecated,0xa9059cbb,"transfer(address _to, uint256 _value)",11787607,1
13652010,1637412828,0x8de958396f79880ba3cc2b46a031b21e380a2b4677cb9748be0182959262c2a0,13,0x0588184244ddf5b387e13fc65d7fe9bf962a3e7c0edc8e6162d905bc47c8a40a,0xa6a4027b71d21b4eb9787bdfdc8fd2cebd81d003,0xc02aaa39b223fe8d0a0e5c4f27ead9083c756cc2,0xa0c68c638235ee32657e8f720a23cec1bfc77c77,6000000000000000,Wrapped Ether,WETH,18,248,51723,84958766111,34482,19005682,deprecated,0xa9059cbb,"transfer(address _to, uint256 _value)",11781202,1
13661750,1637546690,0x531504be5edf5735bc343490a0eb278482332cf26084896db02aaad3d1c96f84,3,0x312b56a6ab2178ea3ed095eb4b98fcd0ae49c42dc3b59cd258ca83ad74b59fc5,0x1e5d746530d6cc7879a63f794daeb3c0e5c01202,0x7d1afa7b718fb893db30a3abc0cfc608aacfebb0,0xa0c68c638235ee32657e8f720a23cec1bfc77c77,37422815440000000000,Matic Token,MATIC,18,108,55392,151800000000,32128,8390073,deprecated,0xa9059cbb,"transfer(address _to, uint256 _value)",11771462,1
13667963,1637630946,0x81d5c91139c20489346ab2e7f5165097d389f8b1facf73dbf3177f05f6b3e9a0,8,0xb6b61d69e104dc3678cb939c65f6e316908b652aa32a7a99475e764bb3de56ff,0x18545f8fb04518b414c7fac60240257023683104,0xc02aaa39b223fe8d0a0e5c4f27ead9083c756cc2,0xa0c68c638235ee32657e8f720a23cec1bfc77c77,25669960000000000,Wrapped Ether,WETH,18,250,51741,89192201555,29694,11963449,deprecated,0xa9059cbb,"transfer(address _to, uint256 _value)",11765249,1
13672380,1637691447,0x26a1f83c03128404217f92d9af1a5cac8cd5e9eaf8e44b99770b23714af0df47,2,0xf38a6463b8a90effbd812957ce9c4cf13df0a682e20d00f7ae093aa08e8b1b19,0x1a4de2473315d17c7d0db41641088981ff19863b,0x7d1afa7b718fb893db30a3abc0cfc608aacfebb0,0xa0c68c638235ee32657e8f720a23cec1bfc77c77,26249860517237214149,Matic Token,MATIC,18,209,55410,121435706747,32140,19817021,deprecated,0xa9059cbb,"transfer(address _to, uint256 _value)",11760832,1
13681268,1637812517,0x55dec4751248acdcb5f052d9177f006ead5acfb63c954a32a114904c6de12610,1,0x49cbe55e40beaa37ea38daf0f6d871dfea7bddffbb6157116fa2a3bf8948acd0,0xa753e7421841a90dc4c9c3be119c4633d57644bb,0x7d1afa7b718fb893db30a3abc0cfc608aacfebb0,0xa0c68c638235ee32657e8f720a23cec1bfc77c77,23434073660000000000,Matic Token,MATIC,18,98,100000,88197920251,32128,5267824,deprecated,0xa9059cbb,"transfer(address _to, uint256 _value)",11751944,1
13707081,1638167968,0x5d50ecc2b1d624dbe96df8df0415f78aa798791604f5d74d806fcedf8acb4393,2,0xfce6a0586f623d4fae1222d8b33817335f2a097a98c00f8ff4b5616799a57c6c,0x93f4e715821c6decb5c6552fd947f2931cb1bea4,0x7d1afa7b718fb893db30a3abc0cfc608aacfebb0,0xa0c68c638235ee32657e8f720a23cec1bfc77c77,200000000000000011,Matic Token,MATIC,18,83,55374,96435306413,36916,8665926,deprecated,0xa9059cbb,"transfer(address _to, uint256 _value)",11726131,1
13712543,1638243649,0x30ac376db601e8fd723f0afe679e3cfe2b4f1f9df388ecc209db56449df4a277,1,0xf0dd6efd3e725e9ec2a1704a58c25e551ed5e881ec847ad0cbd0bb3ac816c248,0xe2231fdb303ad7607bcaa5bd084d2d9f5f5198c1,0x7d1afa7b718fb893db30a3abc0cfc608aacfebb0,0xa0c68c638235ee32657e8f720a23cec1bfc77c77,13954249300000000000,Matic Token,MATIC,18,352,55374,119329295147,32116,23938903,deprecated,0xa9059cbb,"transfer(address _to, uint256 _value)",11720669,1
13715068,1638279509,0x10d4a4e8ac71579f213d6f68a4880ed5a7b2d90f8b053677f1cf5f535ef069d6,3,0x79f069faa454286a5625745a98584c1d083e7ec3150f69f8eedc3d6b444fd006,0xe2231fdb303ad7607bcaa5bd084d2d9f5f5198c1,0x7d1afa7b718fb893db30a3abc0cfc608aacfebb0,0xa0c68c638235ee32657e8f720a23cec1bfc77c77,75000000000000000000,Matic Token,MATIC,18,162,55374,105198629883,36916,8877279,deprecated,0xa9059cbb,"transfer(address _to, uint256 _value)",11718144,1
13717746,1638315349,0x7db100fa466f9fd53f08808a2dafbe90763b4d2e57868405d368caf92e220848,4,0xabf55c86cd085111362e54abcaa518d01732384de189fb7f49e9e5bcf50a5161,0xa07274ec114a32f7571a9c841927c6a0ec8a8563,0x6b175474e89094c44da98b954eedeac495271d0f,0xa0c68c638235ee32657e8f720a23cec1bfc77c77,177854911620000000000,Dai Stablecoin,DAI,18,130,52095,123773290289,29930,8496728,deprecated,0xa9059cbb,"transfer(address _to, uint256 _value)",11715466,1
13717785,1638315931,0x0d4e80b3631a28e75a4c064c0ddbe8a3a8fb0997cdfcfd7ae523f23082865f65,4,0x1edc2463b1dea0eb30beba7e5635de187f2df49ce0315c7563d54e0f824a058f,0xe2231fdb303ad7607bcaa5bd084d2d9f5f5198c1,0x7d1afa7b718fb893db30a3abc0cfc608aacfebb0,0xa0c68c638235ee32657e8f720a23cec1bfc77c77,4485984320000000000,Matic Token,MATIC,18,316,55374,142302757428,32116,19170420,deprecated,0xa9059cbb,"transfer(address _to, uint256 _value)",11715427,1
13723033,1638388674,0x9e44a05cd1e2c758adc3b239b1393790ff041f84024c285b3d7434738da1380a,27,0x996360abb921a23dc425da3592699bccd88ff39980db82121fe0ff31ced01716,0x9a0fb0065e1104ff37831ec12197af6542252c15,0xcc8fa225d80b9c7d42f96e9570156c65d6caaa25,0xa0c68c638235ee32657e8f720a23cec1bfc77c77,1027,Smooth Love Potion,SLP,0,377,77302,141692306601,46735,28937958,deprecated,0xa9059cbb,"transfer(address _to, uint256 _value)",11710179,1
13723263,1638391965,0x27df9b496310de68065f14ccef4d6b4d9d739e18114ee77e4e837d3a8dd07b83,28,0x4f366cf0c395c85c36995ecc9e032ef843c4f84e153742bf6c80e08f86212235,0x9a0fb0065e1104ff37831ec12197af6542252c15,0xcc8fa225d80b9c7d42f96e9570156c65d6caaa25,0xa0c68c638235ee32657e8f720a23cec1bfc77c77,0,Smooth Love Potion,SLP,0,250,43648,133897944377,28811,19109562,deprecated,0xa9059cbb,"transfer(address _to, uint256 _value)",11709949,1
13742545,1638659130,0x62a340ce4d73629bdfdbe2912149b67a46995950862fbf4d3f06418d5867aa86,2,0xedd88877974fa2762c12a82030fcd2600091466df994725f67c342cb7344db97,0x86ee40be8a32ae3cbd0ac23288a10ffe3006aa68,0x7d1afa7b718fb893db30a3abc0cfc608aacfebb0,0xa0c68c638235ee32657e8f720a23cec1bfc77c77,1000000000000000000,Matic Token,MATIC,18,179,55356,90906958112,36904,15781987,deprecated,0xa9059cbb,"transfer(address _to, uint256 _value)",11690667,1
13742694,1638660990,0x59485ddd4b96c0da4d1646dd12e04bcee6b6b6f3dde00814c0e033778809ef0e,1908571,0xf91423c5639566669d819d4ab259ba491274a3083d2a9486342ee8ac36e243ae,0xa1d8d972560c2f8144af871db508f0b0b10a3fbf,0x7d1afa7b718fb893db30a3abc0cfc608aacfebb0,0xa0c68c638235ee32657e8f720a23cec1bfc77c77,42746200000000000000,Matic Token,MATIC,18,40,105392,228101766220,36928,2996416,deprecated,0xa9059cbb,"transfer(address _to, uint256 _value)",11690518,1
13742812,1638662613,0xef3cad41f665090b9dc13e17628802dfa0085396558f5dc39471df6a054ff6b0,2,0xe1042c5c80727e3bddda524d4b37771880131e2cf808f605ab8e8a193d8452f7,0x205ac90230cf88aa6e9a8a36bc684376795cc60a,0x7d1afa7b718fb893db30a3abc0cfc608aacfebb0,0xa0c68c638235ee32657e8f720a23cec1bfc77c77,20000000000000000000,Matic Token,MATIC,18,96,55374,133571815159,32116,7396520,deprecated,0xa9059cbb,"transfer(address _to, uint256 _value)",11690400,1
13744229,1638682437,0xc68f7365c320bab23fc854c4775f42de1e1b34d7e8413a2bb19dcdc92946a7ce,91,0xd25451ad8eeaf45ebf5ee2329c9b14c5b7b2eb876f591f9828bf06a57c20cb7f,0xe31c0e3fbc81dc1906fb86836a129a3fd00d1e72,0x7d1afa7b718fb893db30a3abc0cfc608aacfebb0,0xa0c68c638235ee32657e8f720a23cec1bfc77c77,20000000000000000000,Matic Token,MATIC,18,172,55374,79071441796,32116,16748343,deprecated,0xa9059cbb,"transfer(address _to, uint256 _value)",11688983,1
13744471,1638685636,0x46245796394b55e46c0739f15aa8d9ec2ee724a41d78da27b4a8e97b7dc57064,92,0x8dd55c57943e5cfc83c662278e3585266c61f99cd5737af55c01f2666bee9889,0xe31c0e3fbc81dc1906fb86836a129a3fd00d1e72,0x7d1afa7b718fb893db30a3abc0cfc608aacfebb0,0xa0c68c638235ee32657e8f720a23cec1bfc77c77,5000000000000000000,Matic Token,MATIC,18,246,100000,65724455872,36904,23232646,deprecated,0xa9059cbb,"transfer(address _to, uint256 _value)",11688741,1
13745333,1638697225,0x8b6b0c399365d8ebe2efdd2c7eaea2a318a9d20d48d57ee10438c3e6faf03f5d,5,0x6b0232768fc9b32bc4bfb0394953f7f7c33d06aef327732a0bf6b3cc1a364a0c,0xf4b614b49fe8b01132e298ef5675d3b07751f8f1,0xc02aaa39b223fe8d0a0e5c4f27ead9083c756cc2,0xa0c68c638235ee32657e8f720a23cec1bfc77c77,0,Wrapped Ether,WETH,18,186,43612,56459033114,28822,16782832,deprecated,0xa9059cbb,"transfer(address _to, uint256 _value)",11687879,1
13749534,1638756111,0x6d2d99043da6cac31f27a9cb401fd1089123d39937d8d0fc7217081df3c3e3ab,116299,0xc26ddd41f1ec198d4fcbb11172063e37c31275c1d72748f7d41d84c2f22d4cb6,0x77696bb39917c91a0c3908d577d5e322095425ca,0x0f5d2fb29fb7d3cfee444a200298f468908cc942,0xa0c68c638235ee32657e8f720a23cec1bfc77c77,10431654330000000000,Decentraland,MANA,18,268,250000,93714855409,37137,18713654,deprecated,0xa9059cbb,"transfer(address _to, uint256 _value)",11683678,1
13756903,1638856813,0xaa1e81f6ffe039e1dfb2658d67a8f8a3551e08791826d4b0d18f4f05d0059276,1,0x3b42bc6d760295d6d344d8531c7bb35edf519213a3915f1239fac41bd661f468,0xb5f4ebcc5a90e58d953ee9e64e365c2468f31f51,0x7d1afa7b718fb893db30a3abc0cfc608aacfebb0,0xa0c68c638235ee32657e8f720a23cec1bfc77c77,20000000000000000000,Matic Token,MATIC,18,276,55374,75758576402,36916,25041085,deprecated,0xa9059cbb,"transfer(address _to, uint256 _value)",11676309,1
13758447,1638878929,0xa340f65d65783b00f565bccd045c993d7d74bfeee448805fbedc250e532ec963,2,0x7a2911d55d65d3009b43f5dd49a89ea2b24e4dc251ef1ec69ebbb2b0d7228521,0xe2cb0782be64248b0fed8bc7f2740d1267e91d54,0x0f5d2fb29fb7d3cfee444a200298f468908cc942,0xa0c68c638235ee32657e8f720a23cec1bfc77c77,58000000000000000000,Decentraland,MANA,18,264,55705,93594609981,32337,21958880,deprecated,0xa9059cbb,"transfer(address _to, uint256 _value)",11674765,1
13761441,1638919785,0x0e35d741c6f40c11060e38c0becbed356b061b2132bd9f168698b5323905a61b,20,0x025d273a1bfa03f87a41ee9c724b43de93a3eaac27c3df0fd57ab4a97d8dd77c,0x641750635578a0855f9e768df2922f75e615fdc2,0x0f5d2fb29fb7d3cfee444a200298f468908cc942,0xa0c68c638235ee32657e8f720a23cec1bfc77c77,40000000000000000000,Decentraland,MANA,18,60,55705,106786675866,37137,4291646,deprecated,0xa9059cbb,"transfer(address _to, uint256 _value)",11671771,1
13762936,1638940407,0x678ced7fb6b97ec30546ab6ee95adc25308cafc5e467f888c8b52d2a97ec70a9,8,0x4e872773687302f7ffc729c7c8f8388593ddc936f3cc9e77b522ab0702045385,0x83ee29f9d4630569771f0eec3651dc934e8c8006,0x0f5d2fb29fb7d3cfee444a200298f468908cc942,0xa0c68c638235ee32657e8f720a23cec1bfc77c77,9000000000000000000,Decentraland,MANA,18,90,55687,57421591661,37125,5960609,deprecated,0xa9059cbb,"transfer(address _to, uint256 _value)",11670276,1
13769385,1639029892,0xc6c57bb02d43d4cd20a70a09362a9e0d6ea6bd0a7a26c30b265459babfdedc3d,6,0x976ac47fa128b8e66ba83a7d3c12f53be5fd99c27f48ac87ed299b227898cfdf,0xd19ac77c6d1be7eb776cba092717b08f7ac2a686,0xc02aaa39b223fe8d0a0e5c4f27ead9083c756cc2,0xa0c68c638235ee32657e8f720a23cec1bfc77c77,10000000000000000,Wrapped Ether,WETH,18,276,51723,90850417812,29682,17198970,deprecated,0xa9059cbb,"transfer(address _to, uint256 _value)",11663827,1
13770823,1639050003,0x343ebc90c95e692c478cbf70c32314e91c75a45ae40d961455c8ff617fd561b2,2755127,0xcce644c30902ae06e1ccec3aaec1dfd7279fa742fac25faf494caa7d3d287ebd,0x2faf487a4414fe77e2327f0bf4ae2a264a776ad2,0x7d1afa7b718fb893db30a3abc0cfc608aacfebb0,0xa0c68c638235ee32657e8f720a23cec1bfc77c77,4171213130000000000,Matic Token,MATIC,18,3,62299,126100000000,36916,631515,deprecated,0xa9059cbb,"transfer(address _to, uint256 _value)",11662389,1
13788767,1639291514,0x13fe92a85268febb08d2cabbba1cdc9f7a661e3f6d168f32e0f55e8a6e12affa,2,0x95b7a169e7e377299d05bfa8890b46d1b24db578153b07806f6fb41572640937,0xbbc46714001d75f46661fa34d707e8def4a30dc4,0xee06a81a695750e71a662b51066f2c74cf4478a0,0xa0c68c638235ee32657e8f720a23cec1bfc77c77,1000000000000000000,decentral.games,$DG,18,112,77490,50826016021,46860,7371244,deprecated,0xa9059cbb,"transfer(address _to, uint256 _value)",11644445,1
13790898,1639320027,0x092cb468306e55ec6043c792011ab749c83c67227f6f0ba25dc9b22eedf7899b,3,0x909f37d93e3bd08db43e6ad3b50be3a144d903207fe471e7a24c617fe5ea9192,0xfd1ab6027466933d40116dbc7482eccc2d73ba0f,0xc02aaa39b223fe8d0a0e5c4f27ead9083c756cc2,0xa0c68c638235ee32657e8f720a23cec1bfc77c77,55000000000000000,Wrapped Ether,WETH,18,69,51723,88207814456,29694,3720168,deprecated,0xa9059cbb,"transfer(address _to, uint256 _value)",11642314,1
13792662,1639342845,0x1da33428883926f022fd425a66316c3837d6e28255f298cefcb1a4b57f13edfe,4,0x72eaf4b1e5f5e63bc9b0492926c76b2353ba67a4075318a8f039c5b4060d8071,0x6a1c066e51bd8d033ef549c667761114ef85f2c4,0x7d1afa7b718fb893db30a3abc0cfc608aacfebb0,0xa0c68c638235ee32657e8f720a23cec1bfc77c77,25000000000000000000,Matic Token,MATIC,18,54,100000,119975792036,36916,6318297,deprecated,0xa9059cbb,"transfer(address _to, uint256 _value)",11640550,1
13797080,1639401728,0xb49f38b5f68a958db91c00bf6d27763b65ff287958cd0383ff9a9992bfa03b54,1,0xdd1808bb9685a7533e1a2468142cfa629bdd6c548289edc64f706508a8ea6762,0xc3498c96f1226a3912fb113a07d046978e38e552,0x6b175474e89094c44da98b954eedeac495271d0f,0xa0c68c638235ee32657e8f720a23cec1bfc77c77,526546401063702759374,Dai Stablecoin,DAI,18,113,52113,43804624530,29942,11927408,deprecated,0xa9059cbb,"transfer(address _to, uint256 _value)",11636132,1
13801078,1639454802,0x3bcc9c873e11e240a86ea26a6913bfbecdd49896f8f3949ad8fa8bf55186baa8,24,0x16f3fdb76a16b41bbeaebb426ada20f94fcaeaa202300892e3123e82a0ac42d8,0xa8a6ca8a66e2acf457eab100a8980df51a948033,0x7d1afa7b718fb893db30a3abc0cfc608aacfebb0,0xa0c68c638235ee32657e8f720a23cec1bfc77c77,305824242603063845734,Matic Token,MATIC,18,336,55410,86735640704,32140,22869028,deprecated,0xa9059cbb,"transfer(address _to, uint256 _value)",11632134,1
13807737,1639544545,0xadbf5253d23b22a01c0b967a20a059ca3f1f50173f766bf2c9a6d8f3489ec158,9,0x8880b97f6f1e2f1b440faf2902334cbddb1cbcca60704caa11e8e3e13437bfb2,0xc8a331fb9eee98d9198d05d94c01d1df09596c16,0x7d1afa7b718fb893db30a3abc0cfc608aacfebb0,0xa0c68c638235ee32657e8f720a23cec1bfc77c77,903600000000000000000,Matic Token,MATIC,18,121,55374,81121883027,32116,8197688,deprecated,0xa9059cbb,"transfer(address _to, uint256 _value)",11625475,1
13810856,1639586459,0x6483e861062f2714bc3cfcdc6501de4ad55dfadcf491964aee191e8890e2cdf2,26,0xb5df7668c24c2cc94bb70efd4b5b0537ab5808a34b09851a4db5c1c8b021a603,0x197cd00fde849ffc64a9ec6b55d555e84527007c,0x7d1afa7b718fb893db30a3abc0cfc608aacfebb0,0xa0c68c638235ee32657e8f720a23cec1bfc77c77,20000000000000000000,Matic Token,MATIC,18,312,55374,83042742907,36916,27616054,deprecated,0xa9059cbb,"transfer(address _to, uint256 _value)",11622356,1
13814269,1639632172,0x69ef896aba98d5d86e51c3cb6d4a64199cecae5cf08d02d62fcc73254162c4db,3,0x7b27e43684ab02a95924281ff136ab672cc407f3f97a2fe53a20737dd4607870,0xc681d3a648557feefc77ac42733548e60d911b17,0x7d1afa7b718fb893db30a3abc0cfc608aacfebb0,0xa0c68c638235ee32657e8f720a23cec1bfc77c77,4543535170000000000,Matic Token,MATIC,18,64,55374,60739973906,32116,4910752,deprecated,0xa9059cbb,"transfer(address _to, uint256 _value)",11618943,1
13814937,1639640998,0x4e4937fa4df6f5d0c1fb30e2ae894c5f5b838ed60a3936e38c28a0fd91846a67,2,0x0c9429a1d94897a166828418d002e3dc64e8648f5341f37b5073e25c0111b29a,0xdc80794ae76b1ae0a2e886d416288f2f4a04befe,0x0f5d2fb29fb7d3cfee444a200298f468908cc942,0xa0c68c638235ee32657e8f720a23cec1bfc77c77,13940000000000000000,Decentraland,MANA,18,159,55687,57688163573,32325,9038154,deprecated,0xa9059cbb,"transfer(address _to, uint256 _value)",11618275,1
13815368,1639646260,0xfa03078d18790b6e163e5bb20254e7645b4496f700b427a065bf712f506db5a7,6,0xdcbf4d706e682be719e364ca7fa6a32d4d20ca376dc68090cbdfc8c1a0f11b48,0x7a5c9f931f890d8ed08e441aec7bb9b249d7f38f,0x7d1afa7b718fb893db30a3abc0cfc608aacfebb0,0xa0c68c638235ee32657e8f720a23cec1bfc77c77,20260000000000000000,Matic Token,MATIC,18,614,55374,55464387780,32116,26812157,deprecated,0xa9059cbb,"transfer(address _to, uint256 _value)",11617844,1
13822522,1639742550,0x4a19384fc82255132e6b371efea5be6333ad5cdf4f72dabcbd203767d9560083,4,0xb32d4867a729f3e3ade822f3ca084683b1bac0a24640a3f2fa40c1fa7cccc94d,0xc20dd1afce5cc9a9a763b5a0c6cd9414ea752967,0x7d1afa7b718fb893db30a3abc0cfc608aacfebb0,0xa0c68c638235ee32657e8f720a23cec1bfc77c77,233227144766554700482,Matic Token,MATIC,18,69,55410,55565639160,32140,5968086,deprecated,0xa9059cbb,"transfer(address _to, uint256 _value)",11610690,1
13830878,1639854135,0x98d573c566a819483ffa03a7c05d55ec4e3ccdbdf517a03e92915478c4d2d07c,5,0x889178b4fdc471fd9680fbe747db05985efd608cebf70981d9569dbef0e9f575,0x2e21d2870595b20e7fe3175753d2a91af2b38b38,0x7d1afa7b718fb893db30a3abc0cfc608aacfebb0,0xa0c68c638235ee32657e8f720a23cec1bfc77c77,6299736260000000000,Matic Token,MATIC,18,118,55374,57200000000,32116,7463319,deprecated,0xa9059cbb,"transfer(address _to, uint256 _value)",11602334,1
13831345,1639860203,0x0033d471e8c956a2787d0264c049c495b2626a842a3fee7a86f6dfee735f609e,7,0xbc4b89225a8b482d91c0972f9be955f8d2640ee03891a24bcb8dddea73fe8939,0x3e5b50e5987a23cdb739eeee0f85bf9b84dcd2f7,0x7d1afa7b718fb893db30a3abc0cfc608aacfebb0,0xa0c68c638235ee32657e8f720a23cec1bfc77c77,195374912100000000000,Matic Token,MATIC,18,199,55392,55854298219,32128,15040579,deprecated,0xa9059cbb,"transfer(address _to, uint256 _value)",11601867,1
13836059,1639923077,0xaee5cccff6a82792a90c7440cbcb2c88058ac3382a7c9874712ee74f6bbbfb01,6,0x38880942c402bf735ca1f28c50d780c1fafa5b292efb09bf1a98b13f4e5a72aa,0xe92e0c91d26ec9d30e13bb71643f32a69deecdc2,0x7d1afa7b718fb893db30a3abc0cfc608aacfebb0,0xa0c68c638235ee32657e8f720a23cec1bfc77c77,8000000000000000000,Matic Token,MATIC,18,75,55356,52089558031,36904,5572084,deprecated,0xa9059cbb,"transfer(address _to, uint256 _value)",11597153,1
13839771,1639972947,0xadf0d8a00a4e0483484f9ca72d2170fbdc174ff0f3bf297fb632a2ae7859f1b4,3,0xa553b55dbd7d2f030031459dde7b73b68b676e81b125d35d2aa95f52ad7a56e2,0x8332fe7cd790f1adb5a8346510dd6c6703736616,0x7d1afa7b718fb893db30a3abc0cfc608aacfebb0,0xa0c68c638235ee32657e8f720a23cec1bfc77c77,8546803940000000000,Matic Token,MATIC,18,280,55374,46944858205,32116,20991332,deprecated,0xa9059cbb,"transfer(address _to, uint256 _value)",11593441,1
13846262,1640059198,0x1c1af26e810b43f9a39448b562db7154871b6213e375cb639d54c5e25872093b,0,0x4b0d3935539f81f7fde22f37c3c39deb0b90f3c4e4415c7f61f5e1ce5ef1cba6,0xeacf9b79840540a23a7cec3c20a2566421614843,0x7d1afa7b718fb893db30a3abc0cfc608aacfebb0,0xa0c68c638235ee32657e8f720a23cec1bfc77c77,235000000000000000000,Matic Token,MATIC,18,103,55374,68897923648,32116,10370039,deprecated,0xa9059cbb,"transfer(address _to, uint256 _value)",11586950,1
13846268,1640059246,0xb40096e700ddeddd325fe02ac6c874ea07b2d3906269564a609c5dc049e6e7a9,7,0x43d05430527be660384c5a081c1c520c7bbfffebd4b42a09a4ab528eb5a47b95,0x33e03ef12670f0388ccee4a4add216b34c2c47cc,0x0f5d2fb29fb7d3cfee444a200298f468908cc942,0xa0c68c638235ee32657e8f720a23cec1bfc77c77,125000000000000000000,Decentraland,MANA,18,125,55705,63968743361,37137,9955891,deprecated,0xa9059cbb,"transfer(address _to, uint256 _value)",11586944,1
13846867,1640067281,0xc511c47054582864ede2fcd8c97c247c59660d48fca18cd8a98c89ab4d34521a,4,0x78b1fb60973ddd106b97f65cfeb66285701b89debd46d469ac4783147489ce43,0x5e2e9330d0a12a841807cb5676e3262eecb6d739,0x7d1afa7b718fb893db30a3abc0cfc608aacfebb0,0xa0c68c638235ee32657e8f720a23cec1bfc77c77,16000000000000000000,Matic Token,MATIC,18,65,55356,56098840762,36904,4328313,deprecated,0xa9059cbb,"transfer(address _to, uint256 _value)",11586345,1
13847974,1640082178,0x562274a75f2f5322c1edd4c446331c6033bdeeab39409e224fa3ed6214ae01c9,2,0x60ab9d70c352e1b140f5c0f935d0853bba6a9baa685f76da419dcc43622f8747,0x277fe42e099e6dcdbe52254699246d6d1ec54717,0xc02aaa39b223fe8d0a0e5c4f27ead9083c756cc2,0xa0c68c638235ee32657e8f720a23cec1bfc77c77,3000000000000000,Wrapped Ether,WETH,18,60,51741,40791338135,29694,5355878,deprecated,0xa9059cbb,"transfer(address _to, uint256 _value)",11585238,1
13851806,1640132901,0xaa81618634a8fe035a2ca545632703b2fb8a8f2fa375c50e874b9bdc213dc1a4,10,0x44cfe1bf576e05807b2f0ef6bf286c447176a84435f32982cd05700a24a0eee6,0xeb085f9ff894b57c0279b77c3c6b10bb04635c62,0x7d1afa7b718fb893db30a3abc0cfc608aacfebb0,0xa0c68c638235ee32657e8f720a23cec1bfc77c77,4747560116317314301,Matic Token,MATIC,18,129,55392,77800589106,32128,11621135,deprecated,0xa9059cbb,"transfer(address _to, uint256 _value)",11581406,1
13853913,1640161694,0x9fb3ac2b023efad4b190e72e0be8f4715314264ad3de65e6c18e22995835d254,0,0xc8f65dd4936894544211ea6cd71e1d210e0336700ab0aa6c490376e7bfd1c856,0xab6cfbb7556aba7da28583f56b32a882b0f5e4bb,0xa0b86991c6218b36c1d19d4a2e9eb0ce3606eb48,0xa0c68c638235ee32657e8f720a23cec1bfc77c77,99540000,USDC,USDC,6,75,73188,46126216941,43725,7188269,deprecated,0xa9059cbb,"transfer(address _to, uint256 _value)",11579299,1
13858183,1640218547,0x4de03246aa2fd82c3793619f19c6ec2f74543f798d73d1a27498db51eb2bb4b2,1,0x1682293b8d2378a3ebe468afa12a17c2c06f4ae80d5f335f9321894954d000ec,0x8e8366e9e4f525cc7cecbc91280828202ca7c75e,0x0f5d2fb29fb7d3cfee444a200298f468908cc942,0xa0c68c638235ee32657e8f720a23cec1bfc77c77,15000000000000000000,Decentraland,MANA,18,125,55687,86067766170,37125,10939737,deprecated,0xa9059cbb,"transfer(address _to, uint256 _value)",11575029,1
13863569,1640291108,0x49d0320d5d33b8846db1bf67adc56a32d5cc78965e8a661f466ba82ee4fd5c70,7,0x672a249fe094a925f40f6649e4379a5ca09ba8e56a5228d7f8d5995c93172b09,0xbb8eb31233648ce857f87b0e8b66c7d929c4e9c2,0x7d1afa7b718fb893db30a3abc0cfc608aacfebb0,0xa0c68c638235ee32657e8f720a23cec1bfc77c77,5058351360000000000,Matic Token,MATIC,18,381,55356,67819496733,32104,26553599,deprecated,0xa9059cbb,"transfer(address _to, uint256 _value)",11569643,1
13864102,1640298092,0x92c6e4bd1f8a1d904c965a671669ba9d11320de71202805c59cf80b2bf278fe4,1,0xc1fde0d2b7d3199b763bde99bd3aa104e4f285ae1f1298abb99756e27955f380,0x3ee816de7782fb64daf8a7ac13101d9e87080cf8,0x0f5d2fb29fb7d3cfee444a200298f468908cc942,0xa0c68c638235ee32657e8f720a23cec1bfc77c77,27701330280000000000,Decentraland,MANA,18,252,55723,87920693454,32349,17491600,deprecated,0xa9059cbb,"transfer(address _to, uint256 _value)",11569110,1
13867491,1640343432,0xb1aeb998ba46bab566597e6818c62f54f035230e17f44ad2f192f38e30807fca,4,0x1ddd5c9bd7eb5937510b5dcc70ba15d8c2b67f0fed8bd80f8896abac73ed7e92,0x246dd5ae5d1f5b910eb8a860ae942774a2e9b3b5,0x7d1afa7b718fb893db30a3abc0cfc608aacfebb0,0xa0c68c638235ee32657e8f720a23cec1bfc77c77,6359802642853389633,Matic Token,MATIC,18,49,55392,45919658860,36928,3196965,deprecated,0xa9059cbb,"transfer(address _to, uint256 _value)",11565721,1
13868263,1640353660,0xcf492ad6df67136d79e1168beec288c387a264c546889e946ee7b4303b9af227,21,0x7415dd54632e240abd5b390d487cd933e4d0232017f8af91120f029ccc01d25a,0xd86f407ff91ca146dae33268a030b483303f4e0e,0x7d1afa7b718fb893db30a3abc0cfc608aacfebb0,0xa0c68c638235ee32657e8f720a23cec1bfc77c77,172365644043822613,Matic Token,MATIC,18,93,55392,50881705392,32128,6917221,deprecated,0xa9059cbb,"transfer(address _to, uint256 _value)",11564949,1
13876378,1640462426,0xdffa7848b9f13fa5c85f7e1b5d3c5a1ead3a6d16c8a52c510c272bfd5a0846d3,3976924,0x5940038a6bdb50b9aa02200af872139d53db220997424255dbfb1e602c0f6c18,0xddfabcdc4d8ffc6d5beaf154f18b778f892a0740,0x7d1afa7b718fb893db30a3abc0cfc608aacfebb0,0xa0c68c638235ee32657e8f720a23cec1bfc77c77,5693367550000000000,Matic Token,MATIC,18,96,250000,86940299694,36916,6571771,deprecated,0xa9059cbb,"transfer(address _to, uint256 _value)",11556834,1
13877674,1640479654,0x19d031434a9458485ab266c1098a8dbf4c01e970012c59b33b54ed7cbb494864,15,0xebbb67346add2f7eaa22e70eae8d4a1577d7a3547d54916920154e2f61df5c8a,0xb8c3326179a2ebddd47b406cab8e4a3773febd37,0x7d1afa7b718fb893db30a3abc0cfc608aacfebb0,0xa0c68c638235ee32657e8f720a23cec1bfc77c77,24750000000000000000,Matic Token,MATIC,18,126,55374,58979238590,32116,11701529,deprecated,0xa9059cbb,"transfer(address _to, uint256 _value)",11555538,1
13879892,1640509608,0x4104a7e899b310cff337a09ea5bd88936e220ee65b7c7f9ea046edfeb4b3c36c,4706656,0x7e2ce2cb64f891cc33c0ffd782d8f442b7b96062bf979b7233c69ef75a1fd4eb,0x46340b20830761efd32832a74d7169b29feb9758,0x7d1afa7b718fb893db30a3abc0cfc608aacfebb0,0xa0c68c638235ee32657e8f720a23cec1bfc77c77,20040000000000000000,Matic Token,MATIC,18,36,350000,49553196484,36916,3427453,deprecated,0xa9059cbb,"transfer(address _to, uint256 _value)",11553320,1
13882597,1640545921,0x9617f40ac64b7e33a87e6533e9cccf474813c00359d1ff903ace99e4598f1a6e,0,0x7b60e858f06cd299dde39a2f871a9d70a0583f68622dc79bcfb8d04de2f3b26a,0xab492257814d4a9a3d5000f8e24c7e155bfc0f34,0x7d1afa7b718fb893db30a3abc0cfc608aacfebb0,0xa0c68c638235ee32657e8f720a23cec1bfc77c77,43441950813142126223,Matic Token,MATIC,18,111,55410,55418572703,32140,9069716,deprecated,0xa9059cbb,"transfer(address _to, uint256 _value)",11550615,1
13884164,1640566339,0x1d099068d75404a6ba77c10fe2826c2617d79717cc53677508d2c50eaf3872cf,9,0xe9ee2c85418f95e708027e4ef778ad1254960fea7493300e1e7d47f281821ab8,0x6500670b393bd8146750fd18be0cbf36aaac92e1,0x7d1afa7b718fb893db30a3abc0cfc608aacfebb0,0xa0c68c638235ee32657e8f720a23cec1bfc77c77,31106198130000000000,Matic Token,MATIC,18,393,55392,69864138936,32128,25024845,deprecated,0xa9059cbb,"transfer(address _to, uint256 _value)",11549048,1
13885341,1640582078,0x412a238df5900ea1442500774b902b4572ac1ccb09514d2ec646f4e57acf8351,3,0xb151f1119a2ad27bf1fcf3224c94795927b7daaba1ddabe33c509a7d2d503f8f,0xb883536524e3a08419009de025f3fb4aaf1f4459,0xc02aaa39b223fe8d0a0e5c4f27ead9083c756cc2,0xa0c68c638235ee32657e8f720a23cec1bfc77c77,700000000000000,Wrapped Ether,WETH,18,258,51741,43570561966,29694,23925385,deprecated,0xa9059cbb,"transfer(address _to, uint256 _value)",11547871,1
13888497,1640624526,0x9a903a4c702160dc3c81ec72bf4bf3d2401e944f1f085d88dc73f4ad3100d9c7,7,0xb987d0d0bdc25c121998bf50ca9585bc95e9f922b6cd637a36f2a2ecb696912c,0xf0a0cf32229995fc7bc2f0a429fc39c6f58eb34f,0x7d1afa7b718fb893db30a3abc0cfc608aacfebb0,0xa0c68c638235ee32657e8f720a23cec1bfc77c77,33679613770000000000,Matic Token,MATIC,18,144,55392,116251291028,32128,11234817,deprecated,0xa9059cbb,"transfer(address _to, uint256 _value)",11544715,1
13891737,1640667876,0x88197bd15412fdb56af90f89d9a93c9882755ae03a9a114946b5e7907e89798f,61,0xa01dcf87c3341befb90e52b5456828eaea4051d7d80c0e007e1945b2292c895f,0x953d2ce4c2919da0d31f9458a0346148927246a9,0x7d1afa7b718fb893db30a3abc0cfc608aacfebb0,0xa0c68c638235ee32657e8f720a23cec1bfc77c77,7442189032548360673,Matic Token,MATIC,18,230,55392,115043389558,32128,20228725,deprecated,0xa9059cbb,"transfer(address _to, uint256 _value)",11541475,1
13896575,1640732415,0xf396a3618f882c66d22dac105badb38e06db7d2a58a26f338cbe4012121a841d,2,0x29db10c590f11072cd956690858a7c4f44fd7886f1e50b7e96a0f1901c4f67fe,0xab492257814d4a9a3d5000f8e24c7e155bfc0f34,0x7d1afa7b718fb893db30a3abc0cfc608aacfebb0,0xa0c68c638235ee32657e8f720a23cec1bfc77c77,26533164532932600769,Matic Token,MATIC,18,126,55410,87654725986,32140,14571727,deprecated,0xa9059cbb,"transfer(address _to, uint256 _value)",11536637,1
13902460,1640810343,0xf3db31f4ae2994dea34ddbdca85cd1cceb387fdea97d36ad0520972d4a86a293,1,0x5c3957264c199800ff2ed214e9d428ebde56b0ce08d5b389519cddac5f543148,0x3ea064b10edda3ac3d07194fd6399fdba4cb4c89,0xa0b86991c6218b36c1d19d4a2e9eb0ce3606eb48,0xa0c68c638235ee32657e8f720a23cec1bfc77c77,151410000,USDC,USDC,6,213,73188,132894052791,43725,15297660,deprecated,0xa9059cbb,"transfer(address _to, uint256 _value)",11530752,1
13910520,1640918668,0x0aaaa823bfb0045a41687200211dc89d09bde60e010eeb1735e7b45805f7bd91,3,0x58c60a8bf4d7aafa901d80e8e1a90c38baebe74f6e89d4868f0dc820cd0bd790,0x128f14d44691bdc1b6beb1282ccf138b48aa2a49,0x7d1afa7b718fb893db30a3abc0cfc608aacfebb0,0xa0c68c638235ee32657e8f720a23cec1bfc77c77,2606814210000000000,Matic Token,MATIC,18,466,55374,76589028752,32116,27821441,deprecated,0xa9059cbb,"transfer(address _to, uint256 _value)",11522692,1
13918404,1641025353,0x14f506ef2b9bf0d1866fb8a857ac2fcc036e82a4881bd6e4872a0451344e8a6b,80,0xc4b22236064f1fa4ee1aab9748b70a94d7d7c8fd4de9d704ed149baef3c9f365,0xf68d93058cd63b2114719a8e94d138bda21952ae,0x7d1afa7b718fb893db30a3abc0cfc608aacfebb0,0xa0c68c638235ee32657e8f720a23cec1bfc77c77,0,Matic Token,MATIC,18,96,47250,74101727914,31232,9142534,deprecated,0xa9059cbb,"transfer(address _to, uint256 _value)",11514808,1
13925736,1641123189,0x767bc488d3fc0bd96639f6f3e0c6fe016091adfda4fbdb09b84bca0b48ff53d4,17,0xa361cb8208212cd021f4af47766c4be63c25c9dbff1506ecd1fc486339566246,0xa7cebd6e556a517316ffcff90829f289f9b8bf4a,0x7d1afa7b718fb893db30a3abc0cfc608aacfebb0,0xa0c68c638235ee32657e8f720a23cec1bfc77c77,454494451420000000000,Matic Token,MATIC,18,372,55392,59219368486,32128,29887634,deprecated,0xa9059cbb,"transfer(address _to, uint256 _value)",11507476,1
13925861,1641125008,0x85c91075373225802d7e246b913224c90bb10b63b53607daaa9978ba6c9ec422,3,0x4d6dce32692916f46c52bf620b8c7b2c0b7f2ee756037790af9cf5165b3e8537,0xbf1c45cefead71c1e8ba2a29266071514cb030cf,0x0f5d2fb29fb7d3cfee444a200298f468908cc942,0xa0c68c638235ee32657e8f720a23cec1bfc77c77,37520000000000000000,Decentraland,MANA,18,105,55705,53998822150,32337,7547056,deprecated,0xa9059cbb,"transfer(address _to, uint256 _value)",11507351,1
13931679,1641201865,0x228291104ec6a21695650001070cc14ea0a056caad2dab679fb9bd663dd6deac,4,0x4e3c502194639674307f89aed9df6c0ad477acc3b61658b99e35f4e645b9055d,0x0b04bfb5ed93784f383aa4585108aedbeb93b7ac,0x7d1afa7b718fb893db30a3abc0cfc608aacfebb0,0xa0c68c638235ee32657e8f720a23cec1bfc77c77,36571416060000000000,Matic Token,MATIC,18,260,55392,83197415276,32128,18957975,deprecated,0xa9059cbb,"transfer(address _to, uint256 _value)",11501533,1
13932195,1641209331,0x11ea3e541c0ce646a6d96ec8e1e4a00ab8ffa84130b226195c844d3dc93d6244,4,0xb92612d110c90af09e2d81b7f59b7096c4d75dd10bdc923c8ed8baed44c3503e,0xe5c9f308b48ce3d5ba1af31a9254b6c874d65e70,0x7d1afa7b718fb893db30a3abc0cfc608aacfebb0,0xa0c68c638235ee32657e8f720a23cec1bfc77c77,304062527502809893797,Matic Token,MATIC,18,259,55410,80961640097,32140,20592205,deprecated,0xa9059cbb,"transfer(address _to, uint256 _value)",11501017,1
13935768,1641256031,0x4dba784df72f3e046813559bf11d2c581cf8302345c510eb5d674e92a206d0a3,15,0xce6878d7e60b5f9060dea0866b9f5db602ba917c94d4774f116737cd47a534b8,0x1aaea3775648962717d9e143e3a43679548f7bb4,0xc02aaa39b223fe8d0a0e5c4f27ead9083c756cc2,0xa0c68c638235ee32657e8f720a23cec1bfc77c77,0,Wrapped Ether,WETH,18,271,43612,115850672704,28822,19981091,deprecated,0xa9059cbb,"transfer(address _to, uint256 _value)",11497444,1
13938858,1641297443,0xc4aa5ff0240e9edf0c587da599110f3874340209790e8b3827ca8eb9e45f3035,37,0x06309b77c674acccc60ca6b33ea8b2ee44b7d2435baa14845a14ca0f8eca3065,0x0dfbf7a69ba41366861b64b1100e205c1032702b,0x5b50400b723fd0f3b1c8e5c20a7aab2fceb4472b,0xa0c68c638235ee32657e8f720a23cec1bfc77c77,10000000000000000000,Uniswap V2,UNI-V2,18,206,77208,85914968144,51472,11723031,deprecated,0xa9059cbb,"transfer(address _to, uint256 _value)",11494354,0
13938858,1641297443,0xe1b2ed1db3cae58d5db7974cda0854cc695a850d04167629b23e955003ea2e60,38,0x06309b77c674acccc60ca6b33ea8b2ee44b7d2435baa14845a14ca0f8eca3065,0x0dfbf7a69ba41366861b64b1100e205c1032702b,0x7d1afa7b718fb893db30a3abc0cfc608aacfebb0,0xa0c68c638235ee32657e8f720a23cec1bfc77c77,3000000000000000000,Matic Token,MATIC,18,312,55356,85914968144,36904,23526324,deprecated,0xa9059cbb,"transfer(address _to, uint256 _value)",11494354,1
13939664,1641308723,0xbc51d87d32d12cec7b67fe58f3d57ac46cbe03afb83f65cbcac1a8c90880309b,7,0x8af0e67b81723b658c32336554ede70771c70ab91ea2c95b7b5af3f363d1e84e,0xe547a3f3a0fc67de451b8279e63c95850b0919f2,0x7d1afa7b718fb893db30a3abc0cfc608aacfebb0,0xa0c68c638235ee32657e8f720a23cec1bfc77c77,6000000000000000000,Matic Token,MATIC,18,101,55356,112783733511,36904,10877530,deprecated,0xa9059cbb,"transfer(address _to, uint256 _value)",11493548,1
13948579,1641427171,0xfaedfbc772968c2c40152b297c522ae7c2aa26ad81e648669dc9f03b1bc19cb0,5,0xf8e0da5dd52ab2756513de5e4279aaef60bba4e24745662ebd8c1947f1bfa4c9,0x697bedbac14b7082b745b8aaee08b31f6c8ea52d,0x7d1afa7b718fb893db30a3abc0cfc608aacfebb0,0xa0c68c638235ee32657e8f720a23cec1bfc77c77,4839474292503553500,Matic Token,MATIC,18,72,55392,128104612512,32128,6093319,deprecated,0xa9059cbb,"transfer(address _to, uint256 _value)",11484633,1
13949415,1641438838,0x2eac14f2610cb07d4871c0ed8826bede8a7bbcccf90629acd6f15edbcf190a2c,3,0xfb5f8a8f34776009c3fc86a9bab60965be88629d9beb65e6144bc0bc9095ce30,0x1ecb1c659fcc3c0772e4c5766d0e97ae4bca968e,0x7d1afa7b718fb893db30a3abc0cfc608aacfebb0,0xa0c68c638235ee32657e8f720a23cec1bfc77c77,16126000000000000000,Matic Token,MATIC,18,368,55356,124405128082,36904,19374463,deprecated,0xa9059cbb,"transfer(address _to, uint256 _value)",11483797,1
13950019,1641446952,0xc2f8b58a7c0a854cf2f3f2bef04d8798d02dc606aaa098311bce07451ee88eae,4219630,0x8a77f4cd110ddbaabde3170fd9ea6ce4d0ca56a4d7d90de2226c75d0f99dfbab,0xddfabcdc4d8ffc6d5beaf154f18b778f892a0740,0x7d1afa7b718fb893db30a3abc0cfc608aacfebb0,0xa0c68c638235ee32657e8f720a23cec1bfc77c77,62581914010000000000,Matic Token,MATIC,18,56,250000,92405829760,36928,5531340,deprecated,0xa9059cbb,"transfer(address _to, uint256 _value)",11483193,1
13954013,1641500447,0xa40190f21118999d890d072dc4dda5088896ca3a123e4f58b30fc924f3e14bf8,9,0xb628da4e6f8f30374a3b2cd4c6f400ef2182d03a9b301faae9a6a2e53904e902,0xeeb67e953ae87b5d87035bb9e9e196674c6413c1,0x7d1afa7b718fb893db30a3abc0cfc608aacfebb0,0xa0c68c638235ee32657e8f720a23cec1bfc77c77,1000000000000000000,Matic Token,MATIC,18,317,55356,124444403346,36904,27626509,deprecated,0xa9059cbb,"transfer(address _to, uint256 _value)",11479199,1
13959328,1641572170,0xafc3853d6a2b56532a6c76734044450f56b61e4dca157585c2840f459c117cca,5,0xf655c86f4337f99a9ca47dbd282f9a21b8a52e83172e036c9daba5d4fd92a6c9,0x06efa21c4e03077ad9af0f9e0140f004e0a2df78,0x7d1afa7b718fb893db30a3abc0cfc608aacfebb0,0xa0c68c638235ee32657e8f720a23cec1bfc77c77,57777158830000000000,Matic Token,MATIC,18,124,55392,182326914569,32128,7721672,deprecated,0xa9059cbb,"transfer(address _to, uint256 _value)",11473884,1
13960209,1641584147,0x0fcd880316d8d21d1fd872f3d8300c6f3811e2b5d2ff283cf65623a194351922,7,0x517c0d6ad2b4d6aafdddc41a62c491a88e01a2689c15359d195963a3c963761b,0x84170d7424c4a8c8be28ec3c43f680d04daa3464,0x7d1afa7b718fb893db30a3abc0cfc608aacfebb0,0xa0c68c638235ee32657e8f720a23cec1bfc77c77,10000000000000000000,Matic Token,MATIC,18,414,55356,268768675788,36904,28095030,deprecated,0xa9059cbb,"transfer(address _to, uint256 _value)",11473003,1
13960445,1641587106,0x2eb869209fc10fdf5747d3cb2f8592214647201aac432acb74d505a39b37a516,2,0xdcd1e6e499e6f14efbda86f7e0bf63cb0ccfeaa2c27d1d675894a8ee137f42c7,0xf6592532876e747f883df5b7c0afdf258f320cef,0x7d1afa7b718fb893db30a3abc0cfc608aacfebb0,0xa0c68c638235ee32657e8f720a23cec1bfc77c77,21100000000000000000,Matic Token,MATIC,18,25,55374,155553959578,32116,2349560,deprecated,0xa9059cbb,"transfer(address _to, uint256 _value)",11472767,1
13960539,1641588251,0x0b11c67178571c82439362c5e19996712da45133676a814c8f7ad76ebab1bcec,0,0xe76392d28ed154cfd4c40cf884bae9e40031e9904b6b99f8e32f58472ef4d0f3,0x74e70e989a82b1f9e104baca42ac9ce692474668,0x7d1afa7b718fb893db30a3abc0cfc608aacfebb0,0xa0c68c638235ee32657e8f720a23cec1bfc77c77,16708452560000000000,Matic Token,MATIC,18,266,55374,112448500668,32116,21795348,deprecated,0xa9059cbb,"transfer(address _to, uint256 _value)",11472673,1
13962163,1641610056,0x73b6a202c891409a85e1303b512937dd431d738d6a164ad9f7b7652ca0e363c4,2,0xf977ad02f48823907b63449a438153027375f47cd31eccb0e53da099859f3286,0xb90c4a4bf058561c99252825b4fd420e238db50d,0x7d1afa7b718fb893db30a3abc0cfc608aacfebb0,0xa0c68c638235ee32657e8f720a23cec1bfc77c77,64602494210000000000,Matic Token,MATIC,18,123,55392,120632791050,32128,14013929,deprecated,0xa9059cbb,"transfer(address _to, uint256 _value)",11471049,1
13962533,1641615214,0xdbbf203d331aa22325d57552dd3977942203722f457e40dc911ecbac315061d9,14,0x8e5fe67f485673f73df06ef2d5b9101b18a8b47dc928e715ff57715f35e41356,0x475479e232912159c8187ebac1c6f2c8d0208590,0x3845badade8e6dff049820680d1f14bd3903a5d0,0xa0c68c638235ee32657e8f720a23cec1bfc77c77,200000000000000000000,SAND,SAND,18,338,76986,127601447892,51324,25993977,deprecated,0xa9059cbb,"transfer(address _to, uint256 _value)",11470679,1
13965524,1641655072,0x67311a2db6c54d8369cc500dcdd49ecbf5e6e8a7369a1dadbc7a95063b5d037e,59,0x1d5ed4a85feaaabb5239926d03994f3ffc0813f64d4cdee9dc3a3f2d655ac550,0x6cd74dd18a3cfbcc270c70a4f8e97f73a2f5b232,0x7d1afa7b718fb893db30a3abc0cfc608aacfebb0,0xa0c68c638235ee32657e8f720a23cec1bfc77c77,480000000000000000000,Matic Token,MATIC,18,85,55374,106000000000,36916,3968455,deprecated,0xa9059cbb,"transfer(address _to, uint256 _value)",11467688,1
13974004,1641767023,0xd1aa9a47b4170f9624855cda4db2622cd2b64d25a52a1191c54c9b1b4a97731a,1,0x71a4e05eea8c10b52c488a8e004b456856f8b48ab74572614a6e242a4ce943dc,0x3b9989d5da082621ada2e313e7fab21115c3ac8e,0x7d1afa7b718fb893db30a3abc0cfc608aacfebb0,0xa0c68c638235ee32657e8f720a23cec1bfc77c77,30000000000000000000,Matic Token,MATIC,18,174,55374,185323245942,36916,14849979,deprecated,0xa9059cbb,"transfer(address _to, uint256 _value)",11459208,1
13980696,1641857120,0x775050853b63963599903ace11352779b8ff1e074b56c3fcbedccec7b9b0fdd9,13,0xf391108e37dbb766512f3cc6fd491eb9309a8c06bbc23dafdaa5582b5b4818d9,0xb14f999261ce23b2830dec63ab52094ecdcd2b8a,0x7d1afa7b718fb893db30a3abc0cfc608aacfebb0,0xa0c68c638235ee32657e8f720a23cec1bfc77c77,5000000000000000000,Matic Token,MATIC,18,361,55356,157182950895,36904,29423637,deprecated,0xa9059cbb,"transfer(address _to, uint256 _value)",11452516,1
13989844,1641978842,0x7aa3e862541b9e7d674bae4bc18683b50a0ad5c2e9c893feb5a5c06644ceb8f1,1,0xcd5baef72c88aebdf8251371e83b9022f571a7840cb720f7c69bfa86b71a5906,0x23e4a7d8be5fc88f923413c28c1b9aeaa12fc24f,0x39fbbabf11738317a448031930706cd3e612e1b9,0xa0c68c638235ee32657e8f720a23cec1bfc77c77,0,Wrapped XRP,WXRP,18,190,62184,115048560192,41036,23038583,deprecated,0xa9059cbb,"transfer(address _to, uint256 _value)",11443368,1
13992021,1642007961,0x413d132c58b3c404fee2716c8c60082215adce9a11a58775b8ab9f7411051b7c,12,0x860e0ddab67e79fa60aa6ab864623fb01347061043074c873946f44f3cfe1e1d,0xdf8bf4c4e1299c8b92f2037da2dd09bcb25ec0e1,0x3845badade8e6dff049820680d1f14bd3903a5d0,0xa0c68c638235ee32657e8f720a23cec1bfc77c77,104000000000000000000,SAND,SAND,18,361,51318,334933522662,29412,24774656,deprecated,0xa9059cbb,"transfer(address _to, uint256 _value)",11441191,1
13997693,1642083933,0x29015f43b8aafad574bf62659ecb69b992962e873757960cce503ad89ed14672,1,0x5eddc0cb77bc6ffffd02b77971758195f679a4af4985e94c7aef4e3d1bb7769f,0x2c47610db9326038de0cfad17da5fa7a77ab05ae,0x0f5d2fb29fb7d3cfee444a200298f468908cc942,0xa0c68c638235ee32657e8f720a23cec1bfc77c77,85000000000000000,Decentraland,MANA,18,202,55705,116854533529,37137,14759287,deprecated,0xa9059cbb,"transfer(address _to, uint256 _value)",11435519,1
13999054,1642102459,0x00963c15a622a48bda0816c479fc25e158b88f9d44f8ff879db6d22283ba7998,3,0x4bbb865b40762a64c3c9a0d3b41f9c11997ed0e0889ca58d4ea43148a97d6cb9,0x33c046cceac4f7c915185a14753748691aabdcfb,0x6b175474e89094c44da98b954eedeac495271d0f,0xa0c68c638235ee32657e8f720a23cec1bfc77c77,177831691630000000000,Dai Stablecoin,DAI,18,116,52095,235071340631,29930,10714142,deprecated,0xa9059cbb,"transfer(address _to, uint256 _value)",11434158,1
14001003,1642128451,0xe74342f0aa5883055d53dc8f1813939cf52bc9b3c4f22d18949e12db8e86aa78,5,0x84d28044fe4a38330cbc572465a64a6fa9d84a2f0c6a217d2509eefe75ce7d22,0x4e239e184f851ef35b4484c4a43982793c187b4c,0xc02aaa39b223fe8d0a0e5c4f27ead9083c756cc2,0xa0c68c638235ee32657e8f720a23cec1bfc77c77,1000000000000000,Wrapped Ether,WETH,18,189,51741,206059362761,34494,16921141,deprecated,0xa9059cbb,"transfer(address _to, uint256 _value)",11432209,1
14009401,1642241318,0x46fb96ed6960399ab8ffacf049e6c91dab0f48e7fc94fa79cea69c257163ea78,421,0xab2d8be44767c7568f9a7af11d2f99efed42cfd27d70ca629b41b032e14c69d9,0xf6310b07f0c7e5fd142b648d448ee75d4fbf82b7,0x7d1afa7b718fb893db30a3abc0cfc608aacfebb0,0xa0c68c638235ee32657e8f720a23cec1bfc77c77,95566690770000000000,Matic Token,MATIC,18,107,55392,108859056467,32128,8996815,deprecated,0xa9059cbb,"transfer(address _to, uint256 _value)",11423811,1
14010700,1642258656,0x78f3ae4bc8a21ad34ac775d59babb13c9f8b689d1bd7ffcee6492d9713bf235d,0,0x99bba749551a0f96a70035f4181f0f7dd6f14e535c207e51537af1464bfc0321,0x7a9f9ad8ca215c1c7bfb9e52026a638eec31f1ec,0x3845badade8e6dff049820680d1f14bd3903a5d0,0xa0c68c638235ee32657e8f720a23cec1bfc77c77,11000000000000000000,SAND,SAND,18,46,51318,115139861257,29412,4635014,deprecated,0xa9059cbb,"transfer(address _to, uint256 _value)",11422512,1
14017354,1642346810,0xe1cc5f5edf80d542e48d58973b13602487a8509ea4373406644b71de40d90966,4,0x89cec32e102d140272e17f48e9d5645dba47002f94027740a0dc2e5d04c5a70e,0xffe33ff72a6d425520d7a0016a5b00c420ebefc7,0x7d1afa7b718fb893db30a3abc0cfc608aacfebb0,0xa0c68c638235ee32657e8f720a23cec1bfc77c77,38715039820000000000,Matic Token,MATIC,18,140,55392,85154519969,32128,10600772,deprecated,0xa9059cbb,"transfer(address _to, uint256 _value)",11415858,1
14018577,1642363086,0x580366be18c2de60d041b62ce417f3589052cb45547777ac33dba82a3c42e258,3,0x89009ce522e7c0f83d0de584176bf4997699b117637812aeede61f8b85a7eeaf,0xcf99e3f1e06c755bd0d97c71a06ac22f8bfc135e,0x7d1afa7b718fb893db30a3abc0cfc608aacfebb0,0xa0c68c638235ee32657e8f720a23cec1bfc77c77,150629918912079876921,Matic Token,MATIC,18,259,55410,180348799147,32140,22811883,deprecated,0xa9059cbb,"transfer(address _to, uint256 _value)",11414635,1
14027313,1642478966,0xb77d86e391f23be768b98ba8d71a9c7b7849e3a09d025b66950e752d0c2474d9,46,0x26212ce312cb853e30059b4c063050a12d87f15e30103918cd7ae4bb3912b11d,0x971bcba4199b97ccd48ef1c1f39ff0ea4b5cdb3c,0x7d1afa7b718fb893db30a3abc0cfc608aacfebb0,0xa0c68c638235ee32657e8f720a23cec1bfc77c77,30000000000000000000,Matic Token,MATIC,18,121,55374,89780079992,36916,8065414,deprecated,0xa9059cbb,"transfer(address _to, uint256 _value)",11405899,1
14032373,1642546647,0x9f00442e8dc2277b8bf0b1b6a4df93e4d42e2d8888ecd16f7d3bb02ab64afda0,2,0x085252f622752c4855c0e47fd82d67a0b7c8675e162604dbcdc8ed6274700c24,0x8d8be1a58f62a488d8819f166314b21892a12523,0x7d1afa7b718fb893db30a3abc0cfc608aacfebb0,0xa0c68c638235ee32657e8f720a23cec1bfc77c77,247916502942584722262,Matic Token,MATIC,18,116,55410,126134445469,32140,9029815,deprecated,0xa9059cbb,"transfer(address _to, uint256 _value)",11400839,1
14035270,1642585921,0x214bc5cae8bec73d2c179b6e9f10e1d626017d92dc31cf449bb659cb20357871,10,0xd5dcbfbe33e31ffb48a6af8118c0a914597847285eea2f430da37b8a442e776c,0xf7d3810033e7d926f7c24e3c69633d77d5c0632e,0x7d1afa7b718fb893db30a3abc0cfc608aacfebb0,0xa0c68c638235ee32657e8f720a23cec1bfc77c77,118942609822484542773,Matic Token,MATIC,18,352,55410,80497307838,32140,20048215,deprecated,0xa9059cbb,"transfer(address _to, uint256 _value)",11397942,1
14035832,1642593178,0xed61082f2e172934fac9b9dc781b4da10047fa2371cc70b791ea8b5d5b6d600d,5,0x29a0e03b11ba71512dfd5e6fad60da66bff0646b1e5eb35a5674fdb72b2e48db,0xe9c1efa36c7e23e70e2349fae4b735103720b7b9,0xdac17f958d2ee523a2206206994597c13d831ec7,0xa0c68c638235ee32657e8f720a23cec1bfc77c77,30000000,Tether USD,USDT,6,125,69163,72887715043,46109,12743156,deprecated,0xa9059cbb,"transfer(address _to, uint256 _value)",11397380,1
14035928,1642594599,0x1872dc3919d25eaee894ecd1828fe6f87bd4f0190e447b24a72433555950dbec,10,0xb01b69aedef319b23b9ca056c6b3aacbc364f45c589bf7bc5a93b223562c088a,0x151696810205cd3a65e7e72e8cd4fc08139c3d66,0x0f5d2fb29fb7d3cfee444a200298f468908cc942,0xa0c68c638235ee32657e8f720a23cec1bfc77c77,17498252700000000000,Decentraland,MANA,18,233,55705,72325107358,32337,17309308,deprecated,0xa9059cbb,"transfer(address _to, uint256 _value)",11397284,1
14038711,1642631687,0x77bcca3e6fb973c231cca287c9c8ed77ca2ce51214655a57cda9cbe6e554bd95,50,0xc38571aa7e68b2969a342983e9ed5678436de2d67ea244671897898a464a7c6b,0x971bcba4199b97ccd48ef1c1f39ff0ea4b5cdb3c,0x7d1afa7b718fb893db30a3abc0cfc608aacfebb0,0xa0c68c638235ee32657e8f720a23cec1bfc77c77,50000000000000000000,Matic Token,MATIC,18,202,55374,131699596269,36916,16301929,deprecated,0xa9059cbb,"transfer(address _to, uint256 _value)",11394501,1
14038713,1642631733,0xccbaef3fcb9b95becd1b1a4fd341907b88555172dc3d09bb32da3d2585eca019,4488709,0x61db71264743fe4331e3a249f7729ee0012e97a1dda7bb917bf88fc26ca8085a,0xddfabcdc4d8ffc6d5beaf154f18b778f892a0740,0x7d1afa7b718fb893db30a3abc0cfc608aacfebb0,0xa0c68c638235ee32657e8f720a23cec1bfc77c77,9704733480000000000,Matic Token,MATIC,18,160,250000,152395647342,36916,9395539,deprecated,0xa9059cbb,"transfer(address _to, uint256 _value)",11394499,1
14039185,1642637772,0x7932eab5a3283b50f115474fd5252d10f85c5b003e0a4d50c1ba565662b7245c,22,0xc872cc2394eeb42c5751373cbb1d431503ef82f221bb8bfbe0ea283127cb1021,0x7f551f5065ddc7998bff83c49a9ad04745b440f1,0xc02aaa39b223fe8d0a0e5c4f27ead9083c756cc2,0xa0c68c638235ee32657e8f720a23cec1bfc77c77,12450338728703293,Wrapped Ether,WETH,18,187,51759,90753194145,29706,15167135,deprecated,0xa9059cbb,"transfer(address _to, uint256 _value)",11394027,1
14041021,1642663237,0x2bae0d2944e37e1218bbad5886e2d26ddc21b0fbffbb40a261b2952b069a65fb,5,0xa7fd136620a7d24c6e7b06954976aa9cbf289d63bfbc519c2f61fbee1c3b9d2f,0xe0c6e8e642a84854882586c18e1b6e04c70a184e,0xdac17f958d2ee523a2206206994597c13d831ec7,0xa0c68c638235ee32657e8f720a23cec1bfc77c77,165000000,Tether USD,USDT,6,48,69163,104185253529,41309,4453805,deprecated,0xa9059cbb,"transfer(address _to, uint256 _value)",11392191,1
14044088,1642703344,0x775dfaabc747c3a32c845628a3a452a8b0f457d7d18ecc649c9aea4e90772e34,0,0xab3a5fb3fa65517c50fb47d095331821aa2af6746b645a2d4310301d172123ab,0x81a76940a70df1ef5081085fc0a4353c66652b49,0x7d1afa7b718fb893db30a3abc0cfc608aacfebb0,0xa0c68c638235ee32657e8f720a23cec1bfc77c77,0,Matic Token,MATIC,18,233,47250,133720848224,31232,22302900,deprecated,0xa9059cbb,"transfer(address _to, uint256 _value)",11389124,1
14046417,1642734297,0xfd296784df46f0ebb181d4c855b89dff69073e23cda1cedfc8af24cd258d1933,3,0x35fab76224f119aea529c8ebeaa5b8de98ca16ae1efeeff40cd05ec0c8055bef,0x6fb4a494d15cf2366d411fc5cafabd20c4b8eba5,0x7d1afa7b718fb893db30a3abc0cfc608aacfebb0,0xa0c68c638235ee32657e8f720a23cec1bfc77c77,24000000000000000000,Matic Token,MATIC,18,293,55374,144967976208,36916,27577357,deprecated,0xa9059cbb,"transfer(address _to, uint256 _value)",11386795,1
14050076,1642783602,0x524733526ca80cc8fb7366fdd7de47e0bf9d878f8268af4fb6d63dbce5077f2b,12,0x7a032f4940ac14a2c2a1abe0c683384c5c87aefb69f275cbbd4dce91cdbc3bc7,0x6d1b24ce8e30934d4aa7bd57205647ee3ec38c46,0x7d1afa7b718fb893db30a3abc0cfc608aacfebb0,0xa0c68c638235ee32657e8f720a23cec1bfc77c77,25018940670000000000,Matic Token,MATIC,18,160,55392,122034389923,32128,12191929,deprecated,0xa9059cbb,"transfer(address _to, uint256 _value)",11383136,1
14050927,1642794846,0x7ca0afb33a2ae7f430bd59fc9b4db03c2b0f1d9443ffefefc1e460f698ec6a13,2,0x29272e5cad66276c632316b2ccc171ebe2c90305f839e622ba1052c41ef55449,0xf2167474081d85d144ff46f92d666f76dad25512,0x7d1afa7b718fb893db30a3abc0cfc608aacfebb0,0xa0c68c638235ee32657e8f720a23cec1bfc77c77,298523132291871722,Matic Token,MATIC,18,183,55392,164494334563,32128,17586206,deprecated,0xa9059cbb,"transfer(address _to, uint256 _value)",11382285,1
14053269,1642825909,0xc5e7f42ba74962487d2cac9ff9f83b93e9b9f3bacc48bbfc2ff8c1f1161d4388,20,0x19a9221e5b56d6cea734019acf53289c7f3140afca5b2150fe2c2777db670e28,0xfa9a0650ce1ca5a0d15846c8afd3be27329c9ea3,0x7d1afa7b718fb893db30a3abc0cfc608aacfebb0,0xa0c68c638235ee32657e8f720a23cec1bfc77c77,10000000000000000000,Matic Token,MATIC,18,330,55356,149710526650,36904,26872842,deprecated,0xa9059cbb,"transfer(address _to, uint256 _value)",11379943,1
14054056,1642836120,0xd2263a09d74efad94d9433e1f3c9573191f87d6c5d30b5d97888ed713fa6c380,4,0x3881b6624c4a760063d40791934df96dc011161e44427b890b26ff436760548f,0x2e6c5703a4014b109404275f6e22301b838c9db8,0x7d1afa7b718fb893db30a3abc0cfc608aacfebb0,0xa0c68c638235ee32657e8f720a23cec1bfc77c77,30172564630000000000,Matic Token,MATIC,18,103,55392,136818265794,32128,10357846,deprecated,0xa9059cbb,"transfer(address _to, uint256 _value)",11379156,1
14056726,1642872242,0x05f3ffae7a5dd1a38e23346d0a22710f5a7b8b479e625a2b7e5c78a72ad7d3d7,66592,0x324627dd5779987ffcd35cd88b566da4ea170047783b9f423b73c7edb1c69c81,0xec30d02f10353f8efc9601371f56e808751f396f,0xdac17f958d2ee523a2206206994597c13d831ec7,0xa0c68c638235ee32657e8f720a23cec1bfc77c77,176803921,Tether USD,USDT,6,272,100000,130485822269,46109,26484449,deprecated,0xa9059cbb,"transfer(address _to, uint256 _value)",11376486,1
14059294,1642906496,0xd8011850a6818d44a2915fbe8e5f8d68a832708c5f3a86b353eaba7b804a5688,23,0x33e28a396105f7b4076df0b2b73e5248c6486a4083b8c31f7b6079739426e5bd,0x36108eea0dba16dfd5ff207f692e100e8c022aef,0xa0b86991c6218b36c1d19d4a2e9eb0ce3606eb48,0xa0c68c638235ee32657e8f720a23cec1bfc77c77,8000000000,USDC,USDC,6,120,73188,121315529148,48525,12683689,deprecated,0xa9059cbb,"transfer(address _to, uint256 _value)",11373918,1
14059669,1642911338,0x00152f7a4538cfc43979a23b5ee8cf9682dfcb5df3ebc094da04882c287efb89,9,0x5f541a1351b8a624eb926f0918189da43dcb28b0e4f7d5f40a35c5878a65924c,0xbdb252d9426e48d217366638fcf44249f2779508,0x7d1afa7b718fb893db30a3abc0cfc608aacfebb0,0xa0c68c638235ee32657e8f720a23cec1bfc77c77,35178315060000000000,Matic Token,MATIC,18,202,55392,126380132679,32128,15381368,deprecated,0xa9059cbb,"transfer(address _to, uint256 _value)",11373543,1
14063111,1642957077,0x5b4b6a7cb386739687d63731322117c540d8e3ff68d9086bcb3fbbd821901326,4,0xf5636f0084edd81cce4df929e3952d7bb8783765cc1ece6ff4bf1abeb34f5bb2,0x72d5f3dd56577dd5ec28da065cac773b541ab6d2,0x7d1afa7b718fb893db30a3abc0cfc608aacfebb0,0xa0c68c638235ee32657e8f720a23cec1bfc77c77,5768002240000000000,Matic Token,MATIC,18,95,55374,94302735918,32116,6008766,deprecated,0xa9059cbb,"transfer(address _to, uint256 _value)",11370101,1
14063488,1642961808,0xa62459bf024b574b130eaef6964249d2a49890ea38c82748c4c0ab260bb2431d,3,0xb00bdbf025d085d7de18e6d25b210a4c3433ba9a10d7b3bde1591a13de53eadc,0xf27de8481185e5f31f8f500475e2c5d21a08cf66,0x7d1afa7b718fb893db30a3abc0cfc608aacfebb0,0xa0c68c638235ee32657e8f720a23cec1bfc77c77,73108460930000000000,Matic Token,MATIC,18,33,47250,125351490781,32128,3005177,deprecated,0xa9059cbb,"transfer(address _to, uint256 _value)",11369724,1
14067990,1643022590,0x75081cef3b555b87dbe72445565b119c7ee3f81032e9295f17b59d2d72dbd36f,9,0x4b9377c08a9cee143fc86d874ed1ae80536c92e3c7405911d5f65fea5bc522fc,0x90eddd10c9529bbf58991950de59cd5c11d855cc,0x7d1afa7b718fb893db30a3abc0cfc608aacfebb0,0xa0c68c638235ee32657e8f720a23cec1bfc77c77,5000000000000000000,Matic Token,MATIC,18,122,55356,193031137700,36904,10907975,deprecated,0xa9059cbb,"transfer(address _to, uint256 _value)",11365222,1
14073439,1643096138,0xd437c76eeb6640f80cc5a592bef15879cdc76d93f9666552236aea6d210f82df,6,0x097956c73577223388cc5354b433e5445850602473f2e5043198c0f3ccc8823e,0x41707b564bb9fd707efd3c3af7667e8090f68702,0x7d1afa7b718fb893db30a3abc0cfc608aacfebb0,0xa0c68c638235ee32657e8f720a23cec1bfc77c77,5000000000000000000,Matic Token,MATIC,18,79,55356,94957194880,36904,6221851,deprecated,0xa9059cbb,"transfer(address _to, uint256 _value)",11359773,1
14082053,1643210477,0x88048dc6848b9b1e6954bd10b829f93755cc2d870555909850198362cef0821c,4,0x711a39787a6631732949bd2da0b87bdf47b34fe9c358dd738ab8b78cb7ce6108,0x0ae7d3625383efcd704a027894ebf5479d73feee,0x7d1afa7b718fb893db30a3abc0cfc608aacfebb0,0xa0c68c638235ee32657e8f720a23cec1bfc77c77,373034155238264627584,Matic Token,MATIC,18,102,55392,191475168119,32128,6445829,deprecated,0xa9059cbb,"transfer(address _to, uint256 _value)",11351159,1
14084704,1643246654,0x7a67702306d8cfbda73d16c9bf6e0562540f3ba5ce662f8871148d793ff2401f,3,0xa82c1eafc3029f201f5eaf78299e6282e5af8ee914ea5195b386e2e2463ac6e4,0x3ac89cc5531ad24542c09f252df54ab861552241,0x7d1afa7b718fb893db30a3abc0cfc608aacfebb0,0xa0c68c638235ee32657e8f720a23cec1bfc77c77,500000000000000000,Matic Token,MATIC,18,43,55356,134673417635,36904,8065633,deprecated,0xa9059cbb,"transfer(address _to, uint256 _value)",11348508,1
14084817,1643248109,0xdefba5daddae0e20316212b1540c298a9c0c98fb9bda914b5388c37ba8fcab0f,235,0x54e25af7a4912bb2323e6677326340b70e4a62bc01c9b91ea80c8f3b3e1c8511,0x62cabbbecb53a304a4d52e770b5ce458b991c41a,0x7d1afa7b718fb893db30a3abc0cfc608aacfebb0,0xa0c68c638235ee32657e8f720a23cec1bfc77c77,50000000000000000000,Matic Token,MATIC,18,124,100000,122115886021,36916,11422555,deprecated,0xa9059cbb,"transfer(address _to, uint256 _value)",11348395,1
14087454,1643283746,0xc6dc1aaf7a42afe0d62d108d30d5a7b770508c3d9c4d47df38f7d704e16e2a44,22,0xcf0711598fcdd6a4c44b28ca66a003b7bdec812f2acdf4cd954268003a9594fd,0x65d5931d1f9e60391a237aa0881a3581ae12473a,0x7d1afa7b718fb893db30a3abc0cfc608aacfebb0,0xa0c68c638235ee32657e8f720a23cec1bfc77c77,15000000000000000000,Matic Token,MATIC,18,184,55356,108582967376,32104,16462264,deprecated,0xa9059cbb,"transfer(address _to, uint256 _value)",11345758,1
14087538,1643285007,0x5e7ed9ddb75f1615b237e8e5fc912c73ca9d0691828cbd827115cc9cd2d40f6c,7,0xbae4f964a6ab58bee27a21f7a9dd7c6c92ac100cd1eec57d3e51335c50a1ba5e,0x3ac89cc5531ad24542c09f252df54ab861552241,0x7d1afa7b718fb893db30a3abc0cfc608aacfebb0,0xa0c68c638235ee32657e8f720a23cec1bfc77c77,200000000000000000,Matic Token,MATIC,18,268,55356,118784611369,36904,20684259,deprecated,0xa9059cbb,"transfer(address _to, uint256 _value)",11345674,1
14098170,1643425915,0x252a3ea37fd7392bb1e8f34c9f3fe2d1c469d9591ca8b34694c461e0000203d8,4667507,0x8017198354314cd2d7864fe352fe7ea19f76fd546784e3a85ebe1c69ca0a5470,0xddfabcdc4d8ffc6d5beaf154f18b778f892a0740,0x7d1afa7b718fb893db30a3abc0cfc608aacfebb0,0xa0c68c638235ee32657e8f720a23cec1bfc77c77,110410078250000000000,Matic Token,MATIC,18,212,250000,90660902732,36928,15245685,deprecated,0xa9059cbb,"transfer(address _to, uint256 _value)",11335042,1
14113138,1643625417,0x00e751ab1d7ea834d3b8878ad4179a6fd92ea1574037631187c08b7d53a523bc,35,0x664abe7b25c0f03f6e8fa45c5576dfcc979d3cb8121fe74ffaf20ec3aa89e4b9,0xc1ef8935a1cb69c45885590787484941c17d6734,0x7d1afa7b718fb893db30a3abc0cfc608aacfebb0,0xa0c68c638235ee32657e8f720a23cec1bfc77c77,64303222631323142298,Matic Token,MATIC,18,702,55410,59778743304,32140,29675366,deprecated,0xa9059cbb,"transfer(address _to, uint256 _value)",11320074,1
14115207,1643652805,0x41d233164973edef3d53e7bbb56cc2a9889ff48470115c4f04aaf96bfa5d732e,12,0x63e009bffa446f95870d26d32437043cab69fb2cde379d67962c854b4d5570e5,0x01ba88e89bc9212e1a9f26218cac0bee8cf7adb6,0x7d1afa7b718fb893db30a3abc0cfc608aacfebb0,0xa0c68c638235ee32657e8f720a23cec1bfc77c77,322782065645387395170,Matic Token,MATIC,18,300,55410,123969918105,32140,28615125,deprecated,0xa9059cbb,"transfer(address _to, uint256 _value)",11318005,1
14117297,1643680587,0x7a2f02ddd4be2d5941e5583398a3d5633014e28d4fd13b86c27ed13dc84e372c,6,0x4978a09770c1332d93dcf131038337349a2bd8e1c9b9b8ab635a7519e5857f23,0x5a0193ef3dbbae70ea1a42691c2dd837d2b7a53d,0x7d1afa7b718fb893db30a3abc0cfc608aacfebb0,0xa0c68c638235ee32657e8f720a23cec1bfc77c77,10000000000000000000,Matic Token,MATIC,18,246,55356,124632681739,36904,20914336,deprecated,0xa9059cbb,"transfer(address _to, uint256 _value)",11315915,1
14119303,1643707211,0x72816ff11bbf0814d94adf677d23cb6f5b5d62f5d0378d932c8ddfbf20e2843a,5,0x719625a09a20cfa7c6bccaea565b182b5df5a4ff25fc733963446e4a8870df58,0x1a4d03c04b18bc2b9200d63cd3913bf9df3a99e8,0x7d1afa7b718fb893db30a3abc0cfc608aacfebb0,0xa0c68c638235ee32657e8f720a23cec1bfc77c77,164982662366236817,Matic Token,MATIC,18,271,55392,93247851040,32128,17529597,deprecated,0xa9059cbb,"transfer(address _to, uint256 _value)",11313909,1
14120270,1643720783,0x63663bc26ec62554b76a9fcef13301ecbd8105cbab69fe7f655732068ff7199d,208,0x9bb38642b5c67bae18b6cfff634b28243602d99936f2a084364300eb1f037591,0xe1729f9b9f9afa8b5231869877fdfdd88d422c57,0x7d1afa7b718fb893db30a3abc0cfc608aacfebb0,0xa0c68c638235ee32657e8f720a23cec1bfc77c77,16461495430124897801,Matic Token,MATIC,18,312,55392,66843751958,32128,20423794,deprecated,0xa9059cbb,"transfer(address _to, uint256 _value)",11312942,1
14122689,1643752621,0x4982ccf8a94b050dae2f26246697128be82b97c7075d7af3e0ed0b3b185b5fc3,30,0x1723170da48911cb4d3f117eadd0655ce6e988db115f09dd3254a0430dfa0f65,0xa8a6ca8a66e2acf457eab100a8980df51a948033,0x7d1afa7b718fb893db30a3abc0cfc608aacfebb0,0xa0c68c638235ee32657e8f720a23cec1bfc77c77,16707336931256454738,Matic Token,MATIC,18,210,55392,163311450665,32128,10782220,deprecated,0xa9059cbb,"transfer(address _to, uint256 _value)",11310523,1
14125244,1643786329,0xe9324f09fdb0eeec8c411ea51252930b8ce0f2d576f535626bb2b43a139ddc8d,8,0xf4a99b999c36ae3e6a8d95cc419806cadd90ee748a97a546c0105d1b5a7e00bc,0x6a9a3b3cca3de47b98bcac603b35afcba2702ee5,0x7d1afa7b718fb893db30a3abc0cfc608aacfebb0,0xa0c68c638235ee32657e8f720a23cec1bfc77c77,20500000000000000000,Matic Token,MATIC,18,188,55374,89859796956,32116,16225576,deprecated,0xa9059cbb,"transfer(address _to, uint256 _value)",11307968,1
14132097,1643879122,0x53fa0df6dd337f531007f72d8f12c7a8946d4184c96432ef03494b1d1c68594b,46,0x1056b1cd283bc894565bd5197d5dd42eaa44ec8081896c0f10a6c8193dd53c9f,0x5cd3d358426843abaddd6b0848de97b6c48a0801,0x7d1afa7b718fb893db30a3abc0cfc608aacfebb0,0xa0c68c638235ee32657e8f720a23cec1bfc77c77,5000000000000000000,Matic Token,MATIC,18,179,55356,74565855548,36904,14464101,deprecated,0xa9059cbb,"transfer(address _to, uint256 _value)",11301115,1
14133670,1643900191,0x5a4e00ef2428b4fcdeeff9767c7e2ee573810e9f2fa9f0bb4783db3c9349963e,6,0x5638342085e6f065053f4914e9763c00a51cd358da6ce198f3cc0cd0b44757d9,0x3cc968806778275e8feebaeacb50b67b4a86b1d3,0x7d1afa7b718fb893db30a3abc0cfc608aacfebb0,0xa0c68c638235ee32657e8f720a23cec1bfc77c77,6699016780000000000,Matic Token,MATIC,18,218,55374,71192745845,32116,20310765,deprecated,0xa9059cbb,"transfer(address _to, uint256 _value)",11299542,1
14140544,1643991366,0x171241d79a6dd92fc115e3d9543892af57873e7cb6f15470b4eb6f8306e0d4f1,4778390,0xb3b2fdf453857d6bae60677943913e4b8b56c3984518ed66c73b936fb7f16e72,0xddfabcdc4d8ffc6d5beaf154f18b778f892a0740,0x7d1afa7b718fb893db30a3abc0cfc608aacfebb0,0xa0c68c638235ee32657e8f720a23cec1bfc77c77,21104384970000000000,Matic Token,MATIC,18,91,250000,137810092545,36928,5456452,deprecated,0xa9059cbb,"transfer(address _to, uint256 _value)",11292668,1
14149932,1644116642,0xe817c936f73b8026aa63d5b1e89619a98f1f23465a5286f9cda5cb5cfc72f754,3,0x5ce685a7601cd67b95c22e6d799fed3a8efc25454195fccac79e2e1dace21807,0x207215d457bc1e022a4426f14d246891f7f1fb5f,0x7d1afa7b718fb893db30a3abc0cfc608aacfebb0,0xa0c68c638235ee32657e8f720a23cec1bfc77c77,51422000000000000000,Matic Token,MATIC,18,193,55374,48325671221,36916,19999059,deprecated,0xa9059cbb,"transfer(address _to, uint256 _value)",11283280,1
14156112,1644198789,0xca0dbb577d077366749f1ff6b058f0617452864ebe2a6043bbd375f83bf278a9,4,0x47e2f64802a7b4cce7a8c8d39c2be2720092f03464675601fd60b023d41fd64e,0x79815597cf275297d21c2703b5b35443b3b59136,0x7d1afa7b718fb893db30a3abc0cfc608aacfebb0,0xa0c68c638235ee32657e8f720a23cec1bfc77c77,25000000000000000000,Matic Token,MATIC,18,348,55374,154881190595,36916,29572500,deprecated,0xa9059cbb,"transfer(address _to, uint256 _value)",11277100,1
14158770,1644235089,0x1db919dde43683bf2bf494874eaef57766d21b484f041db75df968c747d87584,3,0x82ee14efc18547377e532bd89870826a201a7d7965caeb40c140483f32f55e03,0x73a0d4efb68aecaee7cdf0d4019a2a8e36bfb314,0x3845badade8e6dff049820680d1f14bd3903a5d0,0xa0c68c638235ee32657e8f720a23cec1bfc77c77,500000000000000000000,SAND,SAND,18,162,51336,65609967095,34224,11233276,deprecated,0xa9059cbb,"transfer(address _to, uint256 _value)",11274442,1
14159880,1644249413,0x2cef6da9d4e0bdcea1b9054038be721724a3769a562fec9bbcb547c67094ad76,1,0xec44f0bc5b8d41952b61f09af974bfed1750070ee21125311bdc7a8a385a6cd6,0xab9204295de19e649bb3501e035510c2e88dfc0c,0xa0b86991c6218b36c1d19d4a2e9eb0ce3606eb48,0xa0c68c638235ee32657e8f720a23cec1bfc77c77,193346962,USDC,USDC,6,495,73188,107218286653,43725,26103294,deprecated,0xa9059cbb,"transfer(address _to, uint256 _value)",11273332,1
14161316,1644268426,0x7061f5c547c8ef4b0388ec392dd7e15b98630c1d8a0a31eaf06b6fee406ca830,23,0x280326f1768ed566e5d08c13ee8741249d9b8942c965a0d14145902b50c907c2,0xe28a3175c4070c639cf8d8c48669e82d8a1d8316,0x7d1afa7b718fb893db30a3abc0cfc608aacfebb0,0xa0c68c638235ee32657e8f720a23cec1bfc77c77,28925769240000000000,Matic Token,MATIC,18,161,55392,130271112813,32128,17437889,deprecated,0xa9059cbb,"transfer(address _to, uint256 _value)",11271896,1
14172366,1644415873,0xdc9c8b686886a55bc08aa8ee7b813b240e8526cd89be36150a66c81d643a71ef,10,0xd24bb262d2c08718e86b7e0d2ec271c7e7d79bd36eb24365b756e677b3ee2d63,0xe9c1efa36c7e23e70e2349fae4b735103720b7b9,0xdac17f958d2ee523a2206206994597c13d831ec7,0xa0c68c638235ee32657e8f720a23cec1bfc77c77,129168272,Tether USD,USDT,6,139,69163,67142367888,41309,9503730,deprecated,0xa9059cbb,"transfer(address _to, uint256 _value)",11260846,1
14183398,1644564290,0x78e5aa80cec64f741487522648a99515595e2427e7609112752651dfe9c59653,13,0x8aaf7cea53f92c9694cd8291e54f032cc4cf2367bc83c0f882bdd34def56730f,0xd07833024b1c64ff910a19a85433bb426c589763,0xc02aaa39b223fe8d0a0e5c4f27ead9083c756cc2,0xa0c68c638235ee32657e8f720a23cec1bfc77c77,6000000000000000,Wrapped Ether,WETH,18,189,51723,35555567198,29682,14851939,deprecated,0xa9059cbb,"transfer(address _to, uint256 _value)",11249814,1
14184302,1644576717,0x0a614fdd97019ca7fba05d76eabc054899ccfe3059935cd4f851735bb1bb46f3,2,0x8b59f2ee1ac41c62a55860a9f7e20d76bbb7c94fec7596d73fc106676f440bed,0xad698c8d888c937e757d800b110868997e36ad30,0xc02aaa39b223fe8d0a0e5c4f27ead9083c756cc2,0xa0c68c638235ee32657e8f720a23cec1bfc77c77,10000000000000000,Wrapped Ether,WETH,18,23,51723,34039616294,29682,2925905,deprecated,0xa9059cbb,"transfer(address _to, uint256 _value)",11248910,1
14185873,1644597558,0x576262f122cd5f97c7ebf013db483e78656bdd0ef9988bc25c989b275d336d3f,1,0x8c7e099cc2e794b653e679ab2e5ccabd53cb2486e972219e369dbf52b8124a4a,0xccaa37a53b74aea8505ef8e683076b0b058c4e23,0x7d1afa7b718fb893db30a3abc0cfc608aacfebb0,0xa0c68c638235ee32657e8f720a23cec1bfc77c77,1000000000000000000,Matic Token,MATIC,18,110,55356,81211009913,36904,11170429,deprecated,0xa9059cbb,"transfer(address _to, uint256 _value)",11247339,1
14189494,1644645390,0xd5e9f2afb2f3b830c5dce715e0fcc5441a486aa017f63bc7cbdadbaf2d0302cf,4,0x1eeb3b0a83c951fe97d418bcd1cb6f290bf72f0deb06fe18a6e27c198e6f879b,0x2252bcf707beaa8633e456b7b0bebecdb64aa2e6,0xc02aaa39b223fe8d0a0e5c4f27ead9083c756cc2,0xa0c68c638235ee32657e8f720a23cec1bfc77c77,2100000000000000,Wrapped Ether,WETH,18,182,51741,51256747509,29694,12200447,deprecated,0xa9059cbb,"transfer(address _to, uint256 _value)",11243718,1
14190608,1644660558,0xf3113e1a9f3098425efff23ede0ef0d3af14bb4c0fde79e2603da001ecfe4024,13,0x98dfa2bd46d1adc01c877623b6fe9aa95cb390a05270ce20e559a4ba6432f2cc,0x2aa74762b4411357c638d1700307f60f8acf8082,0x7d1afa7b718fb893db30a3abc0cfc608aacfebb0,0xa0c68c638235ee32657e8f720a23cec1bfc77c77,8000000000000000000,Matic Token,MATIC,18,68,55356,34611474331,36904,5587376,deprecated,0xa9059cbb,"transfer(address _to, uint256 _value)",11242604,1
14191139,1644667641,0xab13535ca7d669b44b69e381cbf0e625ddddd58bcf62d6e4578aa542b39327ac,4,0x507c81d601e08445b1312f622ce7635e0419531bf0fc2c60abddfc02238f62ba,0x380cf78db2a8a1617b8036797db823f9e9da86a2,0x7d1afa7b718fb893db30a3abc0cfc608aacfebb0,0xa0c68c638235ee32657e8f720a23cec1bfc77c77,6619600180000000000,Matic Token,MATIC,18,368,55374,38171076899,32116,20192341,deprecated,0xa9059cbb,"transfer(address _to, uint256 _value)",11242073,1
14191931,1644677832,0xb854dc38b166ec5ca5547531661f8bcac0dbb20e3673f6c1692546d5a4272aa1,6,0xe9a16be51e93c517fc6728c8dbe732c86b47d3f312bdc257194f379bad8c9e9e,0x6d432ec115bddfe8b2a5641ba29f332c62b717e0,0x7d1afa7b718fb893db30a3abc0cfc608aacfebb0,0xa0c68c638235ee32657e8f720a23cec1bfc77c77,4000000000000000000,Matic Token,MATIC,18,169,55356,83662963845,36904,10905198,deprecated,0xa9059cbb,"transfer(address _to, uint256 _value)",11241281,1
14197718,1644754508,0x9a4f752032a0f49bdf979edaaa65be6d7fe6eee29accfa5bbb2485e955cb28bb,7,0x5913945475139b775678196b58336373405b284e1891ea5e46dd53e03acf8eb5,0x6d432ec115bddfe8b2a5641ba29f332c62b717e0,0x7d1afa7b718fb893db30a3abc0cfc608aacfebb0,0xa0c68c638235ee32657e8f720a23cec1bfc77c77,2868023958585393730,Matic Token,MATIC,18,83,55392,30530475968,32128,6553926,deprecated,0xa9059cbb,"transfer(address _to, uint256 _value)",11235494,1
14202334,1644816250,0xb5e751d54220f81bf97e6ba4a1c6cb4d17c0bea5bb9672f593c1d8e0b4a83b38,13,0x0114f6cb2337c1e8125876e482b1af3c4a013332c06ccd9cbc033b939449d494,0x7fc991d8ad1bb51b0e4e09c4a4fcc11b9bdc77e7,0x7d1afa7b718fb893db30a3abc0cfc608aacfebb0,0xa0c68c638235ee32657e8f720a23cec1bfc77c77,5943346118235849,Matic Token,MATIC,18,406,55374,25456903715,36916,18702352,deprecated,0xa9059cbb,"transfer(address _to, uint256 _value)",11230878,1
14205180,1644853890,0xbfa5211dff3c1c6c78aed5752a4cedf79f1b2fdb8dd8f39e6c7ac3e2602f0559,1,0x10de68dc86d984e595828d39dbce0636d07a9e8d0340952b7951a22ffedb6ea2,0x3a6e49bebe27439741fa23cbd680ebdd9650a777,0x7d1afa7b718fb893db30a3abc0cfc608aacfebb0,0xa0c68c638235ee32657e8f720a23cec1bfc77c77,36000000000000000000,Matic Token,MATIC,18,353,55374,53580400550,32116,28772724,deprecated,0xa9059cbb,"transfer(address _to, uint256 _value)",11228032,1
14205889,1644863494,0xb22db08a665ed37b47600ea001feb847f97beb9231f5ca66068d466e8a6daf42,23,0xbbc96f9783f68cd45244003f37361eacf06b6419b745935b5ecd165eab7f25f7,0xc8d0bda80354be48616313772c2add07663dc761,0x7d1afa7b718fb893db30a3abc0cfc608aacfebb0,0xa0c68c638235ee32657e8f720a23cec1bfc77c77,16065179930000000000,Matic Token,MATIC,18,440,55374,106541659353,32116,23305258,deprecated,0xa9059cbb,"transfer(address _to, uint256 _value)",11227323,1
14206660,1644874223,0x959973127e9c77051476803a9e07fe5d86e37d35fcd5ffee70b429a05130e4fe,335,0x77b14670de5d073cf19cd57f5a7e8184af7160d711bb3ad240afa30740b423ca,0x8073eb01a50e86c93e2b677aa5744f538f9440f4,0x7d1afa7b718fb893db30a3abc0cfc608aacfebb0,0xa0c68c638235ee32657e8f720a23cec1bfc77c77,34973126388269638795,Matic Token,MATIC,18,151,55410,65725536622,32140,11471728,deprecated,0xa9059cbb,"transfer(address _to, uint256 _value)",11226552,1
14209314,1644909004,0x4ac986ae78fc27f539c708e7fa07ae6095ccc8879ad9fdf8747a9fb78d118573,34,0x28c7c6c9ff809d4e5412b8e920402d32cd51efcbd665058c715596e4e24b3305,0xbe0bb585a3a99d4cbaf16266736847d1606dcf90,0xc02aaa39b223fe8d0a0e5c4f27ead9083c756cc2,0xa0c68c638235ee32657e8f720a23cec1bfc77c77,730000000000000000,Wrapped Ether,WETH,18,171,51741,52853598854,29694,14065131,deprecated,0xa9059cbb,"transfer(address _to, uint256 _value)",11223898,1
14214543,1644978945,0x9c603c2c58b6b1c8c0f9d785666bf6717000b599f7975a75c4ef4fe23c13b894,28,0xdf5dacee49bde3fdc1efc3e71805d58904408dff3afb17f4872f08b85029c69a,0x8c84df54d65eb7c239a7b5677c9bd87184c95cad,0x7d1afa7b718fb893db30a3abc0cfc608aacfebb0,0xa0c68c638235ee32657e8f720a23cec1bfc77c77,12550947090000000000,Matic Token,MATIC,18,249,55374,58252401764,32116,25248495,deprecated,0xa9059cbb,"transfer(address _to, uint256 _value)",11218669,1
14218476,1645032286,0x7a8e24172611a50930807ae26b404ed7c331e3ae5ec6458e48eb34ecac2fb48f,5,0xd5e1e0bc721a989b211dd7d0720121dd56d1861efefcf93c358f686de67ad828,0x41071e925aa89cb2018a8f5f3f990007eebbe2d6,0x7d1afa7b718fb893db30a3abc0cfc608aacfebb0,0xa0c68c638235ee32657e8f720a23cec1bfc77c77,9426862390000000000,Matic Token,MATIC,18,117,55374,101358849864,32116,7542418,deprecated,0xa9059cbb,"transfer(address _to, uint256 _value)",11214736,1
14219420,1645044407,0x5c080ef863e44eb680e47cf4df63bd086ed74258971c21b6f3c7805b65170af9,27,0x559368e6d0351e5bc6a918c47929833034ee272f6be986ec58667f0c36630497,0xc8d0bda80354be48616313772c2add07663dc761,0x7d1afa7b718fb893db30a3abc0cfc608aacfebb0,0xa0c68c638235ee32657e8f720a23cec1bfc77c77,14504464280000000000,Matic Token,MATIC,18,207,55374,81783067422,32116,17863064,deprecated,0xa9059cbb,"transfer(address _to, uint256 _value)",11213792,1
14219880,1645050748,0x4444ea1a8d98abcfde71227706dee37429d4b98f4eb9abd4a4cb3a0f54c97bff,1,0x9ba69395026151046e90f22c0b46f3b2a12407d3edc1a22e96b60d330346eba2,0xa48f1f7941f110aa24b28a38ad4f55b20205a445,0x7d1afa7b718fb893db30a3abc0cfc608aacfebb0,0xa0c68c638235ee32657e8f720a23cec1bfc77c77,25700000000000000000,Matic Token,MATIC,18,124,55374,119665749893,32116,13001038,deprecated,0xa9059cbb,"transfer(address _to, uint256 _value)",11213332,1
14222358,1645083493,0xee0b9e844b3c14774ce0458bd91bdf563537d76f4055d49865c8a7932d811660,7,0xfc09d6bb7c6ff4ac371fdc6ad06b189dafc726f97d27a0af7eef10b2a6a22573,0x3d0d9c6ce88bc95ac8abab2fe2e638e0d10a769f,0x7d1afa7b718fb893db30a3abc0cfc608aacfebb0,0xa0c68c638235ee32657e8f720a23cec1bfc77c77,40810000000000000000,Matic Token,MATIC,18,106,55374,48876284104,32116,11012278,deprecated,0xa9059cbb,"transfer(address _to, uint256 _value)",11210854,1
14223405,1645097613,0xc1c1a85628de939bc7d1a27b3545f63b284570c1f5194c26d1b3040033db78dd,7,0x21bf9f20b2fa68fa4bdf034399c0901e8cbbfeaf7e2aa54e654b3766d579a23a,0x3a6e49bebe27439741fa23cbd680ebdd9650a777,0x7d1afa7b718fb893db30a3abc0cfc608aacfebb0,0xa0c68c638235ee32657e8f720a23cec1bfc77c77,19468709380000000000,Matic Token,MATIC,18,129,55392,36906737981,32128,9252904,deprecated,0xa9059cbb,"transfer(address _to, uint256 _value)",11209807,1
14230743,1645196064,0x8194050508747a0dbc5ac9ed9e9d64be471bea344f2fd63718b42e8d55caf598,8,0x6c439bad0b5dae8c0183849140af6d2c710eb88ec7bbc532fca1fec05ab99fb8,0x67dcf07c4b324ff457fb5ca29c516c2b16d1ba66,0x7d1afa7b718fb893db30a3abc0cfc608aacfebb0,0xa0c68c638235ee32657e8f720a23cec1bfc77c77,21994631538652184606,Matic Token,MATIC,18,20,55410,172067650237,32140,1898774,deprecated,0xa9059cbb,"transfer(address _to, uint256 _value)",11202469,1
14234760,1645249997,0xd8f10714cdb4f6ad40dbbbdaa10a45d3328067bf3d4eabc1a2e3f48753712c18,3,0x827f13c5aeaddc978cceec21d3ca59239032fdcd946f7862e80ad862c045fff4,0xdf3a9ff2eda8ada9299fa95461d363f0ec0b806b,0x7d1afa7b718fb893db30a3abc0cfc608aacfebb0,0xa0c68c638235ee32657e8f720a23cec1bfc77c77,20481579420000000000,Matic Token,MATIC,18,308,55392,33499814743,32128,21227998,deprecated,0xa9059cbb,"transfer(address _to, uint256 _value)",11198452,1
14235394,1645258363,0x614d549bcc94f8b488472ab01aaf83be96b670f79a88de436eec90b67044efcb,3,0xe133ac51b48c93d669a44cd07f3f04a83054f960b6da6b702811eec712e1850f,0xa31b15b72a5811ddab76c61dedbaafddfb8f8ad7,0x7d1afa7b718fb893db30a3abc0cfc608aacfebb0,0xa0c68c638235ee32657e8f720a23cec1bfc77c77,17000000000000000000,Matic Token,MATIC,18,358,55356,53290395737,36904,24220296,deprecated,0xa9059cbb,"transfer(address _to, uint256 _value)",11197818,1
14238350,1645299038,0x87406b3b2083cf2bba9221928ee4b3e0b892e576bc5287bfe252111ad39c9eb2,78,0x0adce43aef37c9cd34b204620f529291d1612065b7647f09436132a6a5a53acf,0x467ad54e59042001e460dc3fdef9c105058ee2af,0xdac17f958d2ee523a2206206994597c13d831ec7,0xa0c68c638235ee32657e8f720a23cec1bfc77c77,399615700,Tether USD,USDT,6,406,69163,54773630329,41309,28719411,deprecated,0xa9059cbb,"transfer(address _to, uint256 _value)",11194862,1
14238422,1645300017,0x8af0ffe5486dc27d985ff0cf6915a4bc36bf162cbde0f3f6be212bcb33f30bd4,0,0xa0de539d3b4076377730fced2add798e844f8794e5c1f7560982c3c512786074,0x19ba135968c978cf4db4561b06a3c2a512d5a271,0x7d1afa7b718fb893db30a3abc0cfc608aacfebb0,0xa0c68c638235ee32657e8f720a23cec1bfc77c77,23000000000000000000,Matic Token,MATIC,18,226,55374,66669184661,36916,16436411,deprecated,0xa9059cbb,"transfer(address _to, uint256 _value)",11194790,1
14239868,1645319132,0xc7807a0f53aefb35dbf11c3ef87c2b54c3218229a7f9cb768609d08e053719fb,4,0xfe6be09c881c6e79530fd12c538767feff476f6b9a4459c39882258d91b78dab,0x8e048695e28617fc10d2b4cca615610303e8e560,0x7d1afa7b718fb893db30a3abc0cfc608aacfebb0,0xa0c68c638235ee32657e8f720a23cec1bfc77c77,18389923580000000000,Matic Token,MATIC,18,101,55374,213485587040,32116,7019077,deprecated,0xa9059cbb,"transfer(address _to, uint256 _value)",11193344,1
14248253,1645431128,0x4ac227b995936d6f9ece5e33d04b6a556d6b53bc24756a83232b7e09541b590d,3,0x1768736045a78ac1edec1e546c924de50e8ba5a9002c55dafedbbb325233ea15,0x21a58b1a3dfbe210cfb10a79049e56f655307de9,0x7d1afa7b718fb893db30a3abc0cfc608aacfebb0,0xa0c68c638235ee32657e8f720a23cec1bfc77c77,6300000000000000000,Matic Token,MATIC,18,253,55356,54603404458,36904,22318026,deprecated,0xa9059cbb,"transfer(address _to, uint256 _value)",11184959,1
14251101,1645469043,0x450be56e8dda6e35eb0bd83fa6d303a6e2b205f2f2157c2b3c5731424228bb5f,5,0xc4e9197f55d41e469c3fa9309e0ea2cae645bda228bbecf9fd8ee8722d6cf1c7,0xcf49b2151b49bc15a4741e6df04aba803757e023,0x7d1afa7b718fb893db30a3abc0cfc608aacfebb0,0xa0c68c638235ee32657e8f720a23cec1bfc77c77,3304819210000000000,Matic Token,MATIC,18,143,55374,144005484059,32116,13669288,deprecated,0xa9059cbb,"transfer(address _to, uint256 _value)",11182111,1
14257540,1645555356,0xf328223b6d1681f15797cb160d2a921d53da29f8e5712050cd3b525552c79ed5,5,0x379f2f2438c6f7cee6f987609dcad740975a7f9fc568f32417d9502561fc0998,0xff843201e3c94ee2b91350466467492951ad5a21,0x7d1afa7b718fb893db30a3abc0cfc608aacfebb0,0xa0c68c638235ee32657e8f720a23cec1bfc77c77,16000000000000000000,Matic Token,MATIC,18,199,55356,77013907287,36904,20013052,deprecated,0xa9059cbb,"transfer(address _to, uint256 _value)",11175672,1
14257772,1645558544,0x54b7d6be7718027b985ed3aace7103257e7f7431694e0a3e834d1752c6228ec1,7,0x47dfd6c7510eb4391046d70b9cf859b764958547307c0258b8a8f5be9f855e30,0x7eb09b7596b5dd4f9a66e1c927669ef24e59202f,0x7d1afa7b718fb893db30a3abc0cfc608aacfebb0,0xa0c68c638235ee32657e8f720a23cec1bfc77c77,34000000000000000000,Matic Token,MATIC,18,114,55374,79664325466,36916,12317478,deprecated,0xa9059cbb,"transfer(address _to, uint256 _value)",11175440,1
14263794,1645639077,0x96664227a7ef1dcb66d7362cbb5f0ca2b022eb1522d82df4234a960f2c4be02a,1,0x603d8b73993f093ecb480d870ef676676fb0ebeae60ba9dd72420bdd24c564cb,0x31b971523dc22bd4f46a76fea9bcb462d06132e9,0x557b933a7c2c45672b610f8954a3deb39a51a8ca,0xa0c68c638235ee32657e8f720a23cec1bfc77c77,0,REVV,REVV,18,264,43776,115281533451,28893,19844274,deprecated,0xa9059cbb,"transfer(address _to, uint256 _value)",11169418,1
14267556,1645689133,0xad146292c10a2dbf2ad8a610864e2df04d74b677341c433da257d081ed083806,12,0x0124886985943ef5fbae0d006034c7bc4f5a7462b152232d897ca277c0165150,0x729d15f7d764882af6057f866a11db453a2082c7,0xdac17f958d2ee523a2206206994597c13d831ec7,0xa0c68c638235ee32657e8f720a23cec1bfc77c77,22919731,Tether USD,USDT,6,34,69163,84069964507,41309,2561669,deprecated,0xa9059cbb,"transfer(address _to, uint256 _value)",11165656,1
14267718,1645691260,0x54f8404067189fb8be2efbbb11c3ad49b06390c73406095494e500d632ea70bb,13,0x638ab3bc342742482d0faa12c53bcf68bebc41e0857f4f259f5fdf54eb956082,0x729d15f7d764882af6057f866a11db453a2082c7,0xdac17f958d2ee523a2206206994597c13d831ec7,0xa0c68c638235ee32657e8f720a23cec1bfc77c77,0,Tether USD,USDT,6,125,61056,78651690555,40395,9095704,deprecated,0xa9059cbb,"transfer(address _to, uint256 _value)",11165494,1
14268088,1645696032,0xfb6f73411f1b7b91e43c6ee1cbaf935c4d71552d80f3b660e9e3d31d00deab7d,9,0x0699b2f61a048c499ae5bed560bbf578567d81333e7d9f6c320b9c0e34c6b352,0x1e0df96e5c1d3cf7ce81346d493071874293f6f0,0x7d1afa7b718fb893db30a3abc0cfc608aacfebb0,0xa0c68c638235ee32657e8f720a23cec1bfc77c77,30873912307208245897,Matic Token,MATIC,18,185,55410,59161420218,32140,16415811,deprecated,0xa9059cbb,"transfer(address _to, uint256 _value)",11165124,1
14278088,1645829579,0x0ba1bb941e097cb0d744ea4d1ac460b1a954a5f684b0dc6d94e948d153e47fa5,2,0x7972f8bb96c80d3e64774f159bc54f2e3f5304746d63e4f9eb15eae26fd02a6e,0xa71d9aa45f88ffdb68073a6fbc088aa827cafee2,0x7d1afa7b718fb893db30a3abc0cfc608aacfebb0,0xa0c68c638235ee32657e8f720a23cec1bfc77c77,36600000000000000000,Matic Token,MATIC,18,13,55374,120783683498,32116,831602,deprecated,0xa9059cbb,"transfer(address _to, uint256 _value)",11155124,1
14278404,1645833850,0x385770913540763ae1c398d2599c77bc032d6077fa4f9ec424e71b1d5e021c82,5,0xdc4d16df994a661183043ff44a4453f3508dc3ad3e16d8e93c8e8272ff1f5d68,0xd12c68ee3b8de8e1247690935486635b1d777146,0x7d1afa7b718fb893db30a3abc0cfc608aacfebb0,0xa0c68c638235ee32657e8f720a23cec1bfc77c77,16713060290000000000,Matic Token,MATIC,18,60,55374,65614700847,32116,4760771,deprecated,0xa9059cbb,"transfer(address _to, uint256 _value)",11154808,1
14286638,1645943751,0x3f4527e9b434b2a0794f4fc5d61e4c73bc407ac9c87bf4324e60ff7c76f470a5,4,0xd5477f075bc17fa7c61dd4bfde7ad5f2237f276f4fac216e7d3760812b12dd97,0x60f9740789e286bb8ab02991468fc16312bdb0d3,0x0f5d2fb29fb7d3cfee444a200298f468908cc942,0xa0c68c638235ee32657e8f720a23cec1bfc77c77,13759443760000000000,Decentraland,MANA,18,237,99998,19000000000,32337,29860188,deprecated,0xa9059cbb,"transfer(address _to, uint256 _value)",11146574,1
14286657,1645944040,0xde04fe0728343905018f3d9c7cadff22424978ab9ca21850372c806fddc64c5a,3,0x06956cb21fe819f938110bee1782270e1ebafcc2eca4eaf34a2f67f4bddd94ca,0xc1544ca6de6e97aca3e3bdadc021fdc17b59f9eb,0x7d1afa7b718fb893db30a3abc0cfc608aacfebb0,0xa0c68c638235ee32657e8f720a23cec1bfc77c77,10000000000000000,Matic Token,MATIC,18,150,55338,28404474892,36892,9700593,deprecated,0xa9059cbb,"transfer(address _to, uint256 _value)",11146555,1
14291186,1646004146,0x970052651f2f609ea6616fb1ba2c32c096517b27a318caf41b90129de6bf3d53,7,0x703956216e5ea58f04c027805b257d8e8feea39cb2261249bbf646377df033a8,0x975a3fac5a60ddcf2c677b5ba993fb7eb4c2ea4e,0x7d1afa7b718fb893db30a3abc0cfc608aacfebb0,0xa0c68c638235ee32657e8f720a23cec1bfc77c77,62774919960000000000,Matic Token,MATIC,18,193,55392,31000000000,32128,23412767,deprecated,0xa9059cbb,"transfer(address _to, uint256 _value)",11142026,1
14302103,1646150744,0x8fe8561631edbe95d99187a9799bc202accc517ed99b99da6f748573849db8b6,27,0xd62da98231a176ecebd42942ce5b27758ed50650e314e96b8c336fdd2d59c54c,0xf44f1f413fbc01f7b78766eeb0143a404cb83258,0x7d1afa7b718fb893db30a3abc0cfc608aacfebb0,0xa0c68c638235ee32657e8f720a23cec1bfc77c77,54845302145836133302,Matic Token,MATIC,18,146,55410,54476708993,32140,10286318,deprecated,0xa9059cbb,"transfer(address _to, uint256 _value)",11131109,1
14302107,1646150794,0x10e5f6e5c804c30b90d993d31a076dc19956fdeaadff697b46f909d01279bc8c,28,0x0e4a40acaf024dab28d4c9b847cf0d72f5e2e73fb556f591fab01bdb917f9ec5,0xf44f1f413fbc01f7b78766eeb0143a404cb83258,0xa0b86991c6218b36c1d19d4a2e9eb0ce3606eb48,0xa0c68c638235ee32657e8f720a23cec1bfc77c77,145420757,USDC,USDC,6,34,73188,56484915035,43725,3565961,deprecated,0xa9059cbb,"transfer(address _to, uint256 _value)",11131105,1
14307645,1646224767,0x67926c7c1d66893794042415c40b0f0f27ad461c81a91d0690c4871201ec309c,6,0xf33bc7bd85215396081ff6db44f4edb2ac6ccd6a3e131ba33e17b42677342169,0xae8efbd4cda9993cdf45e3d286765891be680310,0x7d1afa7b718fb893db30a3abc0cfc608aacfebb0,0xa0c68c638235ee32657e8f720a23cec1bfc77c77,8872314705510845286,Matic Token,MATIC,18,206,55392,25408659342,32128,10234519,deprecated,0xa9059cbb,"transfer(address _to, uint256 _value)",11125567,1
14309063,1646243371,0xa942fd54158b538efd2f3536c0a2dea0f8a6db2368f723d3b5ac378ac1316dd8,22,0x12bb57798dafeeaa3c4ddc8ac031aebe7e9747e576b3cce3e8d82dcff2ba2caf,0xdf75be0ae27dca1d9edb512fb9f90d56c3bc405b,0x4e15361fd6b4bb609fa63c81a2be19d873717870,0xa0c68c638235ee32657e8f720a23cec1bfc77c77,190870000000000000000,Fantom Token,FTM,18,127,86200,82607598228,52667,10788060,deprecated,0xa9059cbb,"transfer(address _to, uint256 _value)",11124149,1
14316788,1646347441,0x7488a579248c58ca4402323dd0257fb76be647eabd2b0781a5dc7984304bf21e,7,0xa27c8703b62d0977b2889930946e5dfaa85a12588e720b702891cf46ede673dc,0x53945f4c36f0d1c13d0080d98122c57cae67e12b,0x7d1afa7b718fb893db30a3abc0cfc608aacfebb0,0xa0c68c638235ee32657e8f720a23cec1bfc77c77,70923812578704124232,Matic Token,MATIC,18,228,55410,35033001923,32140,29488906,deprecated,0xa9059cbb,"transfer(address _to, uint256 _value)",11116424,1
14325124,1646459659,0xd271affd57c49a3628b39a9a4d7783cb72cee465c07f5ffae401a36d20dc1904,3,0xbf71cad0fbdb6c203470f612002e4c5ac609901dc3070d9666ef7c89de1375b1,0x7b332eec10436697fbd135b92512698f55b39541,0x95ad61b0a150d79219dcf64e1e6cc01f0b64c4ce,0xa0c68c638235ee32657e8f720a23cec1bfc77c77,10000000000000000,SHIBA INU,SHIB,18,156,77770,22014910189,51847,11914772,deprecated,0xa9059cbb,"transfer(address _to, uint256 _value)",11108088,1
14327116,1646486546,0x3aeaa0901b7ee654057ad33871d69255095bfb08d498f022f3083c18c1ab0f95,33,0x4c1a10c29cf1037586858b182e99e83832dda1c1dbbb4e2415cfbac87ad65420,0x6388122fd663cb34ee686b592dece80f5e1ab7f6,0x7d1afa7b718fb893db30a3abc0cfc608aacfebb0,0xa0c68c638235ee32657e8f720a23cec1bfc77c77,10000000000000000000,Matic Token,MATIC,18,214,55356,18186225846,36904,22294492,deprecated,0xa9059cbb,"transfer(address _to, uint256 _value)",11106096,1
14327845,1646496236,0x04a2dcd9447623750ad380c6d40056fc850be9f746f48c87c7fef6aa4dd71d5f,6264,0x5061af3fe50830620a865a7824aca1380bddb88d9f9be79b58972608050be4ff,0x7a6a59588b8106045303e1923227a2cefbec2b66,0xaaaebe6fe48e54f431b0c390cfaf0b017d09d42d,0xa0c68c638235ee32657e8f720a23cec1bfc77c77,4000,Celsius,CEL,4,217,81417,42464087087,54278,23642991,deprecated,0xa9059cbb,"transfer(address _to, uint256 _value)",11105367,1
14341714,1646682670,0x9c7d347858dfb56f99f96b5d6f2c801d565e20f819d655aa381f422c1276406b,36,0x685a5216454a39e381feba44c0e36e5a39aff2ce46bec83da49591f4cdaacf2e,0x56cc2adeef97ea6f8ad1b0641adc368ed539dba8,0x7d1afa7b718fb893db30a3abc0cfc608aacfebb0,0xa0c68c638235ee32657e8f720a23cec1bfc77c77,4000000000000000000,Matic Token,MATIC,18,240,55356,50205917831,32104,16485589,deprecated,0xa9059cbb,"transfer(address _to, uint256 _value)",11091498,1
14344407,1646718231,0x8de571a80af9b8d27defffbe0b02d77d398c39124daa1184c05090fbd1aea284,38,0x06a2496b9a601dd2274629436f8e65b2abc2dec8b993eb7e2c1a42b2e6daa34d,0x8e8ad0daac5867cead0818d3841b0aa64f7cc9c7,0x7d1afa7b718fb893db30a3abc0cfc608aacfebb0,0xa0c68c638235ee32657e8f720a23cec1bfc77c77,10000000000000000000,Matic Token,MATIC,18,216,55356,21243167452,36904,17181946,deprecated,0xa9059cbb,"transfer(address _to, uint256 _value)",11088805,1
14344999,1646726223,0xfc0b7ceb1d74d344301be7cc12ff9339e0ab2e6e0fd578fc25808091992b2fb5,4,0x7bf98f6c6ae7b52b2f982112d39f8482aa0f00b5e7aade358da21e9e37ce8e78,0xc7230d095b012a4e5ea9a4a98961fd90c369857a,0x7d1afa7b718fb893db30a3abc0cfc608aacfebb0,0xa0c68c638235ee32657e8f720a23cec1bfc77c77,17000000000000000000,Matic Token,MATIC,18,231,55356,17751142835,36904,19816771,deprecated,0xa9059cbb,"transfer(address _to, uint256 _value)",11088213,1
14348665,1646776144,0x6a999cda72f9290ce6168cb0cd4fbcd601b6eceb9dc4592428b39025f8d7f287,6,0x8d167ef7be84517afc2ee602f4dc786d69dd7234ec14c5824bb998b1f69feea5,0x8d2e889fe8156b31ff2ea9c0a858a969d1edd357,0x7d1afa7b718fb893db30a3abc0cfc608aacfebb0,0xa0c68c638235ee32657e8f720a23cec1bfc77c77,100000000000000000000,Matic Token,MATIC,18,82,55374,68935367688,36916,6805209,deprecated,0xa9059cbb,"transfer(address _to, uint256 _value)",11084547,1
14354846,1646859316,0x8e077a199ae7a3ecc0a34cc5cb20422099d58f60228184963276454977684ddc,7,0xfa105f3e577cd7c4ca94f2a1ea3fe720777cc277b2da992401828d092a346898,0x4ac9a5946db6d0e5254077ab21204d365024aeec,0x95ad61b0a150d79219dcf64e1e6cc01f0b64c4ce,0xa0c68c638235ee32657e8f720a23cec1bfc77c77,1066178690616490000000000,SHIBA INU,SHIB,18,121,52192,32080188357,29995,19762699,deprecated,0xa9059cbb,"transfer(address _to, uint256 _value)",11078366,1
14355054,1646862000,0x635b9a287d6097fc369d8f3c3377b8a775ccc0d61f6f8b3db2907ff67cf7ede6,46,0xe462368c791ab58d52ec24a44c9d47a787df89f609761c1d4c60d1a257d9c0f9,0x8342e7425a46fc4da879980be14c46fd2ad67fb5,0x7d1afa7b718fb893db30a3abc0cfc608aacfebb0,0xa0c68c638235ee32657e8f720a23cec1bfc77c77,35928062102788283811,Matic Token,MATIC,18,272,55410,37741514388,32140,26165921,deprecated,0xa9059cbb,"transfer(address _to, uint256 _value)",11078158,1
14365345,1646999326,0x329a9328ed1b6da95c7eafa93b5d99990bc74334a08fc36a795b2e31373227d4,2,0x0ea8288e0c4a468ebc52680086cdd57071309416a152d5f18ffcfb4df30f2f84,0x3e0d2b5289cd5c2014643e6751b7cf7136536aa7,0x7d1afa7b718fb893db30a3abc0cfc608aacfebb0,0xa0c68c638235ee32657e8f720a23cec1bfc77c77,0,Matic Token,MATIC,18,57,47250,20176070782,31232,8776468,deprecated,0xa9059cbb,"transfer(address _to, uint256 _value)",11067867,1
14369754,1647058336,0xe635a6f1616869aa7a48c06c21597ece0a10352bc5257bc8ef4adf56b0359768,1,0xd2281ff04f001864a481c1e31121fc9182537b43e9d36a77153975a88362e08e,0x6c6f7a1429d2fc868b9084eeb38ec8d44a2ba2d1,0x7d1afa7b718fb893db30a3abc0cfc608aacfebb0,0xa0c68c638235ee32657e8f720a23cec1bfc77c77,18007986450281123697,Matic Token,MATIC,18,153,55392,23373641223,32128,15982588,deprecated,0xa9059cbb,"transfer(address _to, uint256 _value)",11063458,1
14370076,1647063110,0x73c06647b7e6976a9ef406c715f49f67ee89952cf7f2ba2962f87649112f06b2,2,0x94ab2682e2df343a646c3271349072fecd9d771946ab97adc0515221731aea6f,0x6247e3533f00aac635ddcbd262138da09bd23876,0x7d1afa7b718fb893db30a3abc0cfc608aacfebb0,0xa0c68c638235ee32657e8f720a23cec1bfc77c77,113312961290000000000,Matic Token,MATIC,18,8,55392,19057668643,32128,791220,deprecated,0xa9059cbb,"transfer(address _to, uint256 _value)",11063136,1
14371911,1647087502,0x39b023e4f0c4d9397bc391137b2423b5b22dd2f0aaa49e31700e513ed2554a6d,1,0xd9225e0524cc82df8f103eaaef975a99d6b52de503814b25d2f434e0e0a004d9,0x2abfc3b046c88070fea919ae3e2e0624ed4c75fb,0x7d1afa7b718fb893db30a3abc0cfc608aacfebb0,0xa0c68c638235ee32657e8f720a23cec1bfc77c77,767632660000000000,Matic Token,MATIC,18,406,55374,12536450585,32116,28643790,deprecated,0xa9059cbb,"transfer(address _to, uint256 _value)",11061301,1
14372540,1647096336,0xf1e5b8f8850d3860f618846f16a667f3fdb8944cea35158911e090a58d691c7e,2,0xb7aa6ca00078613d803384ccee3dd50a620385fa6700ff6e23f2e18de50277a8,0x2abfc3b046c88070fea919ae3e2e0624ed4c75fb,0x7d1afa7b718fb893db30a3abc0cfc608aacfebb0,0xa0c68c638235ee32657e8f720a23cec1bfc77c77,0,Matic Token,MATIC,18,87,47250,25545983164,31232,6524530,deprecated,0xa9059cbb,"transfer(address _to, uint256 _value)",11060672,1
14373374,1647107584,0xc4e2ecb0fb724694c8f98b6d008ee5f96f4243b85d1ee29cf27aa85edbe77cf0,3,0x278901f6fc697b79299d8b1e37a9c93abc6982947bf7bc1979cd54397d644e37,0x3207136f3c82370b17ed87b89f91ffcd6987680c,0x3845badade8e6dff049820680d1f14bd3903a5d0,0xa0c68c638235ee32657e8f720a23cec1bfc77c77,43500000000000000000,SAND,SAND,18,145,51336,32284029398,29424,13846487,deprecated,0xa9059cbb,"transfer(address _to, uint256 _value)",11059838,1
14373548,1647109725,0x81e7eb39cc1b7f33ae9add2d7f70a3471e40f58186d4ff30bdad134a5332723f,2,0x784995e9695a00d05da70344eefe6758d0fe87115c58b995344b9974a7b38efa,0x6a5d5ac6b64643b2a7a4788d3738fc2c6e9efe4e,0x7d1afa7b718fb893db30a3abc0cfc608aacfebb0,0xa0c68c638235ee32657e8f720a23cec1bfc77c77,2608201270000000000,Matic Token,MATIC,18,71,55374,28661901457,32116,5153897,deprecated,0xa9059cbb,"transfer(address _to, uint256 _value)",11059664,1
14378253,1647173718,0xe5bd0c68854280b62fa7ae7bcd160691e313396d3e8a60b4512ebc8fc71e67db,0,0x2e15b6016a8d90f7b79d4b120855ea220c47b74dea79d7dbf6a1fbe12b092ec8,0xf26514d7b2d6e39cc48873d193fd4143d7f4ffce,0x7d1afa7b718fb893db30a3abc0cfc608aacfebb0,0xa0c68c638235ee32657e8f720a23cec1bfc77c77,10000000000000000000,Matic Token,MATIC,18,35,55356,17988140079,36904,2972911,deprecated,0xa9059cbb,"transfer(address _to, uint256 _value)",11054959,1
14379613,1647192599,0x709d73215a5b3f7b230022b20fefad82e95431d906469c7c70e8fbcb72314275,5,0x203457b54c17feeab77df5ff6807afe7e9ae48352e546e2571fa573dc6dfd7a0,0xbbf6ef7b8460b1fa21fb311ff139791a7c0fc831,0x7d1afa7b718fb893db30a3abc0cfc608aacfebb0,0xa0c68c638235ee32657e8f720a23cec1bfc77c77,1822534267887507487,Matic Token,MATIC,18,202,55392,31703339506,32128,14588965,deprecated,0xa9059cbb,"transfer(address _to, uint256 _value)",11053599,1
14381802,1647221572,0x0ed44b554ae109da67e03183cf502b2aa778945f33492fc4cae5195cff2cdc79,4,0xc76b0848a65e67dd3fedf4e29984152c7e5e276f783865c3fa25d1f57bd24fe4,0x8ad4d12720a5dd129a082362abf645ae288afcdb,0x7d1afa7b718fb893db30a3abc0cfc608aacfebb0,0xa0c68c638235ee32657e8f720a23cec1bfc77c77,26169366370000000000,Matic Token,MATIC,18,35,55392,25297157687,32128,3052292,deprecated,0xa9059cbb,"transfer(address _to, uint256 _value)",11051410,1
14394321,1647389703,0x8a8401e1139e2e7f4c6f36f05be0b7071e17bba7beb56c495e6d023018957966,5,0xe97b37e4665e57ae05e3d463ce4a620b6e540fc070a6d957343cd3345e96e750,0x95c6d2a5fc46440e191c440284dc6cc15e4fe7fc,0x7d1afa7b718fb893db30a3abc0cfc608aacfebb0,0xa0c68c638235ee32657e8f720a23cec1bfc77c77,19505212790000000000,Matic Token,MATIC,18,81,55392,30311533899,32128,5653007,deprecated,0xa9059cbb,"transfer(address _to, uint256 _value)",11038891,1
14395698,1647408138,0x3084b4a49d21680a7f82a5490e6aeac93dd249d1197df3952cd09050c42802dd,33,0xdb1839a98853ff61387fcbd60b3de17ff18a506d9b0f16a1e07d15b07a9f5e92,0x7bf19b44f87f990621c48ec79931ece7232435f6,0x7d1afa7b718fb893db30a3abc0cfc608aacfebb0,0xa0c68c638235ee32657e8f720a23cec1bfc77c77,19040000000000000000,Matic Token,MATIC,18,287,55374,28298384363,32116,14263987,deprecated,0xa9059cbb,"transfer(address _to, uint256 _value)",11037514,1
14397210,1647428882,0xfc106e169395d225142f287b2bb9af9c2ac28b57c7f75fe4862c8f9dbd7733c1,3,0x556424ac7aad5e113fc8a71d4b3ccb4dc77fd0886d12624ba2ffabe142712cd5,0x260acab9bcb43f8b694e49d5d6aa90a48d4dc1db,0x7d1afa7b718fb893db30a3abc0cfc608aacfebb0,0xa0c68c638235ee32657e8f720a23cec1bfc77c77,3740000000000000000,Matic Token,MATIC,18,157,55356,29651794831,36904,13125682,deprecated,0xa9059cbb,"transfer(address _to, uint256 _value)",11036002,1
14402348,1647497867,0x303e83a52d83809025fc8e9f52e81c6554e79117b12ed03945241c841817f41b,4,0xdb515fdb4b93ca7c0ede3eb949c099b72c450d4b565135e115dfcbacb712b284,0xb1d1eb385991acd6ff5addb3b4fd373588b263b7,0x27bc53596dc0ea71de3c65c799d8e6c96c1dda98,0xa0c68c638235ee32657e8f720a23cec1bfc77c77,99872081821139827678479,YunJiaMi,YJM,18,77,157398,34593407055,85032,8350296,deprecated,0xa9059cbb,"transfer(address _to, uint256 _value)",11030864,0
14414233,1647657927,0x9f37cf1a828567abd223c425058b20c7c12a2e326d761d77af7bdb40c56870c4,138,0x4e049a6af6d5260e881dec420914647216a67356de10b0518563a53103b46a65,0x664e2d99df6747ef42e8a767c0bf8b8cefd6f373,0x7d1afa7b718fb893db30a3abc0cfc608aacfebb0,0xa0c68c638235ee32657e8f720a23cec1bfc77c77,32990263135954006576,Matic Token,MATIC,18,287,55410,52337320869,32140,19461318,deprecated,0xa9059cbb,"transfer(address _to, uint256 _value)",11018979,1
14420381,1647740480,0xfeaa2019ebd69746d8b390214748a6e4aec640250ddad79e7ef3d69865209c30,17,0x4e6584f6fc52f6d1ebffcbbc129d14e4369ffecced0225354d2df12377bb915d,0x00833c9dff59cb2b242fbf47cdc327cc0a1be42d,0xdac17f958d2ee523a2206206994597c13d831ec7,0xa0c68c638235ee32657e8f720a23cec1bfc77c77,2011000000,Tether USD,USDT,6,252,69163,21970247853,46109,24851826,deprecated,0xa9059cbb,"transfer(address _to, uint256 _value)",11012831,1
14423879,1647787573,0x5036779193a9cd464193482578174190fa5afbc630d0d61999122cdf32e6ab39,4,0x07327d6e54abe48622efe9c3900e938a0d452000337db3a8f796fb4472fb2f80,0xc9056d1e2c75a7078c4c15d4443cb6d397035793,0x5d0fa08aeb173ade44b0cf7f31d506d8e04f0ac8,0xa0c68c638235ee32657e8f720a23cec1bfc77c77,97454653070158357091118,360APP,DAPP,18,290,158101,26860734558,105401,27953282,deprecated,0xa9059cbb,"transfer(address _to, uint256 _value)",11009333,0
14424159,1647791388,0xa881473a0365418acab6a5c4325897c3d1a8e99dced47ce525eba8f97e4e1387,10,0xe8f641653756e47107b62a4dce7c10723ea2db15f97bace9e873f8b72d35d3ab,0xc9056d1e2c75a7078c4c15d4443cb6d397035793,0x5d0fa08aeb173ade44b0cf7f31d506d8e04f0ac8,0xa0c68c638235ee32657e8f720a23cec1bfc77c77,3900000000000000000000,360APP,DAPP,18,360,63942,21994110450,42628,29002297,deprecated,0xa9059cbb,"transfer(address _to, uint256 _value)",11009053,0
14424171,1647791517,0x0e16c2623f4fe019e9cad9ba678bf424cf19de065eedfa594d9fb09ef0611047,11,0xc4fe250c6ea4b1e96e6a7377c9ad7a1dd938052cfad08ead2a2ac0f79bfd01cd,0xc9056d1e2c75a7078c4c15d4443cb6d397035793,0x7d1afa7b718fb893db30a3abc0cfc608aacfebb0,0xa0c68c638235ee32657e8f720a23cec1bfc77c77,160000000000000000,Matic Token,MATIC,18,189,55356,22694495505,36904,13364184,deprecated,0xa9059cbb,"transfer(address _to, uint256 _value)",11009041,1
14425621,1647810787,0x6184882a8355a2204c1604aaad32e130be43a68c52fb3f3cea63ae80581db54e,28,0xc0172943b85f7c0c63cdcaee9bb894cb4075f0741a199f2825d6d1cee330ef0e,0xc9056d1e2c75a7078c4c15d4443cb6d397035793,0x25a1de1c3ee658fe034b8914a1d8d34110423af8,0xa0c68c638235ee32657e8f720a23cec1bfc77c77,11286140000000000000000,CheGuevara,Che,18,174,81501,28311557587,49534,16397902,deprecated,0xa9059cbb,"transfer(address _to, uint256 _value)",11007591,0
14426068,1647816994,0xe1fb301d35d7230c85aca4117c89558d2a1ec57b5a2b53bd3b4f3b1bf57eea9a,32,0x21a8c398f365df09ebb978f6b3acea513d72b51f005c86270b6f77c7dff3f8b9,0xc9056d1e2c75a7078c4c15d4443cb6d397035793,0x5d0fa08aeb173ade44b0cf7f31d506d8e04f0ac8,0xa0c68c638235ee32657e8f720a23cec1bfc77c77,1100000000000000000000,360APP,DAPP,18,317,63942,38928982107,37828,23939071,deprecated,0xa9059cbb,"transfer(address _to, uint256 _value)",11007144,0
14432762,1647907011,0x6759fe5f9c329219ec6f8a4187d9e829bb2c10b7c4a4196a7bb529adc333ff4b,3,0x87b0a66ad0525e2786770edb15f61dd5a5ddfd73c8ccb10801f97852bd2531d6,0x28799f31717f96347dbd04ca157c91dfd12e6654,0xc02aaa39b223fe8d0a0e5c4f27ead9083c756cc2,0xa0c68c638235ee32657e8f720a23cec1bfc77c77,31000000000000000,Wrapped Ether,WETH,18,266,51741,38535565936,29694,21875263,deprecated,0xa9059cbb,"transfer(address _to, uint256 _value)",11000450,1
14435103,1647938648,0x871c0213e96986ba7f03e77127c610aacf868fbf45fa3d3819adabf1b0547da6,6,0x77dc778ef4d596345a8a0fbad6f21a22669d01db567c9a9efcbe61c19e33d2d3,0xa25791c346ef1d93c36f239e57bb1c3e5218e114,0x7d1afa7b718fb893db30a3abc0cfc608aacfebb0,0xa0c68c638235ee32657e8f720a23cec1bfc77c77,18941741260000000000,Matic Token,MATIC,18,188,55392,20201682175,32128,14536546,deprecated,0xa9059cbb,"transfer(address _to, uint256 _value)",10998109,1
14446052,1648085321,0x6eca3bab6be0cb48f6b8efba1f4200eb030a15700e728e9e30598642a7ecb3ff,7,0x33a43dbacb710636ad146de8eb8af63815284191e8b9ab71be3dc81add7bc539,0xc0cd64085bd01f99f41f3b66e77bb0bee7c4e4dc,0x7d1afa7b718fb893db30a3abc0cfc608aacfebb0,0xa0c68c638235ee32657e8f720a23cec1bfc77c77,38671704206524183093,Matic Token,MATIC,18,213,55410,79420293117,32140,16791338,deprecated,0xa9059cbb,"transfer(address _to, uint256 _value)",10987160,1
14448379,1648117149,0x87b2448b4b9201abc8c52308551bdea10be344295a07287f23d431412bc2d781,41,0xc0b4579a590230f9332b5e0f293afc9f8affe6f2e309de66b9321974c92e369e,0x58f03fa228a7539a8317c22ec4b4327519a8c30d,0x9992ec3cf6a55b00978cddf2b27bc6882d88d1ec,0xa0c68c638235ee32657e8f720a23cec1bfc77c77,176128295174617830917,Polymath,POLY,18,279,78184,24004074752,47323,21047630,deprecated,0xa9059cbb,"transfer(address _to, uint256 _value)",10984833,1
14472248,1648437523,0xf9770f77bbfa060de6dd095d33d7cc149b50cfb3fedd4639e35b08b92976b9ec,1,0x878b46ce1ee00acbb4992b35f87eef4cfb27574003aad45f562c8a5940301e03,0x4a6a0f2e4aecc9ee5eab72affb66399be3c58456,0xa0b86991c6218b36c1d19d4a2e9eb0ce3606eb48,0xa0c68c638235ee32657e8f720a23cec1bfc77c77,702000000,USDC,USDC,6,58,73188,38841563694,43725,6937524,deprecated,0xa9059cbb,"transfer(address _to, uint256 _value)",10960964,1
14472585,1648442107,0x003f92488bb603317cee085e1aba7dbf50f1315ddc48fc3f4273c417935bcc17,6,0x0fa061f7d3d458a68764cee9d60efffb7e387e539d6da5399713a4a16f497705,0x5a42ca46555a35329fcf46be947e29dc93fde484,0xc02aaa39b223fe8d0a0e5c4f27ead9083c756cc2,0xa0c68c638235ee32657e8f720a23cec1bfc77c77,4400000000000000,Wrapped Ether,WETH,18,404,51723,43601058172,34482,29728748,deprecated,0xa9059cbb,"transfer(address _to, uint256 _value)",10960627,1
14478879,1648527027,0x30f055ea1f4aa89b1cb97f7f1c9ff4e952e326fec28993510d89c118121c5aa4,6,0x6a2bca1c9ce60d3ae218175bdbd6f721fb54a5fb82e4e787e9713b5e819ad5e3,0x68cb5bcb355e99a7b9b744d280b23d25ef0b57bb,0xa0b86991c6218b36c1d19d4a2e9eb0ce3606eb48,0xa0c68c638235ee32657e8f720a23cec1bfc77c77,198194776,USDC,USDC,6,71,73188,37491514191,43725,5639568,deprecated,0xa9059cbb,"transfer(address _to, uint256 _value)",10954333,1
14487857,1648647695,0x5b7a7d2dd7a4cde1f23c548b1e1ab06bd39df11db7e114341ee38bed4a4f5a00,69,0xd986de1e87b4fd141968aac994e446296643ac29b87d5115a52c489236e6ddb7,0x92e095fbbe71c2e155e2b39ff3d651644e4a6fe2,0x7d1afa7b718fb893db30a3abc0cfc608aacfebb0,0xa0c68c638235ee32657e8f720a23cec1bfc77c77,5000000000000000000,Matic Token,MATIC,18,121,55356,52415768379,36904,8497572,deprecated,0xa9059cbb,"transfer(address _to, uint256 _value)",10945355,1
14493330,1648721463,0x228c141b6021abd2da365d5ac958c8e8d9846b43775c2b9ac4284081b0dd2b89,3,0x97d2174c27f1aa4c805dec4fb75e47afeb81d064f20aac672b82bd8edc2d45d2,0x2ac1599677355df7c0828456ad2f4e3d4b8b0036,0x3845badade8e6dff049820680d1f14bd3903a5d0,0xa0c68c638235ee32657e8f720a23cec1bfc77c77,158952740000000000000,SAND,SAND,18,90,51354,31805415270,34236,6430296,deprecated,0xa9059cbb,"transfer(address _to, uint256 _value)",10939882,1
14498950,1648797532,0xb33156bb52d3bda626eca5a1d3bdf598f1ba56fb9bbb722a7ed6c9972fc09b7d,3,0x86b506623db62493004f6aa9987825c2fff24530f5c5f6322ae08e2ece6bb76b,0xd345784efd37500c63c202d7f54ee4ea78d33b30,0x7d1afa7b718fb893db30a3abc0cfc608aacfebb0,0xa0c68c638235ee32657e8f720a23cec1bfc77c77,8053900223276904151,Matic Token,MATIC,18,91,55392,44665567458,32128,9927481,deprecated,0xa9059cbb,"transfer(address _to, uint256 _value)",10934262,1
14503767,1648861482,0x493be2a5d98ea6783ffb51f44b751c81a1cee81b66a4c487e6fbcbb89e653192,20,0x4f0a7f0e96efec109cdf9056b4b57b7bab3ffe56a45cd9ca219380126014b4db,0x81d33ce9412c0c1b683029daa2521bf09b647211,0x3845badade8e6dff049820680d1f14bd3903a5d0,0xa0c68c638235ee32657e8f720a23cec1bfc77c77,10000000000000000000,SAND,SAND,18,171,51318,54186528405,34212,13222357,deprecated,0xa9059cbb,"transfer(address _to, uint256 _value)",10929445,1
14505751,1648888792,0x4f3a30adc5351e4dda393813231e7bc5a1dfffbd11877c6268d2b4cdf40228d5,23,0x9cf2a537630dd392ad14b001ef3d7c66353629b5bdc4afc5696fe70064ee2e6a,0x81d33ce9412c0c1b683029daa2521bf09b647211,0x7d1afa7b718fb893db30a3abc0cfc608aacfebb0,0xa0c68c638235ee32657e8f720a23cec1bfc77c77,16024368587396446325,Matic Token,MATIC,18,334,55392,34357965289,32128,26992447,deprecated,0xa9059cbb,"transfer(address _to, uint256 _value)",10927461,1
14513107,1648988491,0x9c352b4cf97d26f1f0934631a8ffe00e5de2ddaf279b481da0e1152e200f60c0,7,0x96f7ca895e3f272723b7ecd5fe0ef59f1681c0984c53b531aa511db8773a17cc,0x24d1ffb1894e438cd0b3da7fe1d78a43596b8dd7,0x7d1afa7b718fb893db30a3abc0cfc608aacfebb0,0xa0c68c638235ee32657e8f720a23cec1bfc77c77,17491536791567122020,Matic Token,MATIC,18,139,55392,40024089634,32128,9912258,deprecated,0xa9059cbb,"transfer(address _to, uint256 _value)",10920105,1
14520609,1649090138,0x74b659bbcf0bda1cda456e1eb00318611e8c3f4705476f3a7b5b67fae31b77f5,40,0xf3aade727c23ca04db43f4a2606166bf725d4e05b79ee785a1754d5eb5223f63,0x69effcb9919808a404d5be636aafd58a9e2df5e1,0x7d1afa7b718fb893db30a3abc0cfc608aacfebb0,0xa0c68c638235ee32657e8f720a23cec1bfc77c77,5000000000000000000,Matic Token,MATIC,18,176,55356,90833271241,36904,11884472,deprecated,0xa9059cbb,"transfer(address _to, uint256 _value)",10912603,1
14521191,1649097711,0x998d7aaf5d45bb2136d2182cefda16c546f6366466edd67547825cef6196158e,4,0xc19766bf89801b9f317d410edbf4228aa97f1742fa6efc30bcca4bc1a6837a64,0xd194f208b9a5387d965bb00d6333cb385374121e,0x7d1afa7b718fb893db30a3abc0cfc608aacfebb0,0xa0c68c638235ee32657e8f720a23cec1bfc77c77,5000000000000000000,Matic Token,MATIC,18,304,55356,72612444094,36904,24843056,deprecated,0xa9059cbb,"transfer(address _to, uint256 _value)",10912021,1
14525598,1649157833,0xff434f8efbfe818308003b4ebb6fefb4be3c433a9e2baaf256b809417d07b27e,3,0x98d81f93482452a4f5b2965cc5c9f7a1fc1c1bc7555efd3b078fb9394de65231,0x820652629e81a33d17fea98ea4cc0c8d36138d18,0x7d1afa7b718fb893db30a3abc0cfc608aacfebb0,0xa0c68c638235ee32657e8f720a23cec1bfc77c77,34880000000000000000,Matic Token,MATIC,18,148,55374,47234585416,32116,18511814,deprecated,0xa9059cbb,"transfer(address _to, uint256 _value)",10907614,1
14526045,1649163595,0xf5cd405087d6828e9226064904921807881e9901677cd81dcd75038c5f4734b2,4,0xd9f13f23f4f90f03b39e11147176cab96bfa6d1580ff2644250ea511341a30a8,0x0618a6df1a1e74623cb98668afa23a7697b34469,0x7d1afa7b718fb893db30a3abc0cfc608aacfebb0,0xa0c68c638235ee32657e8f720a23cec1bfc77c77,62388168386167852333,Matic Token,MATIC,18,347,55410,40092398136,32140,26023615,deprecated,0xa9059cbb,"transfer(address _to, uint256 _value)",10907167,1
14527780,1649186488,0x321fc4c282e273f428b19d65baa775f22d7fd2b1b3661e75f10eb2e690c65343,5,0x90c8d3f9404947a7f2c2feb9d0abbf7ce28a94f2b7f43ac035e8fe03a8f7f0c0,0xf7e688adea071a9fc766300a9b08fb1d9c522589,0x7d1afa7b718fb893db30a3abc0cfc608aacfebb0,0xa0c68c638235ee32657e8f720a23cec1bfc77c77,1311435256120000000000,Matic Token,MATIC,18,82,47250,3416281339123,32128,24002783,deprecated,0xa9059cbb,"transfer(address _to, uint256 _value)",10905432,1
14527791,1649186623,0xecbb466506fc8e666123086cc66fcadc22b42563b304389f4b558b86888b843d,6,0x4d50dea0015ce409e7bfde0c1e445bec150f4589455e7d6c4333a05439e183bc,0xf7e688adea071a9fc766300a9b08fb1d9c522589,0x4b520c812e8430659fc9f12f6d0c39026c83588d,0xa0c68c638235ee32657e8f720a23cec1bfc77c77,6971802466345768748157,Decentral Games,DG,18,36,77400,3184209895054,46800,11014101,deprecated,0xa9059cbb,"transfer(address _to, uint256 _value)",10905421,1
14558312,1649598898,0xe22829a65807f7c4432f5998bfb68a890b5e19bc7c3371d2ce36f2db670054b7,4,0xdbad97b43e6375cf171fcfb1c2a205f50567776771d9597fa12045aaca8620af,0xcb5da5f392323917f1ebd22cdedddc8e51ee82ad,0x7d1afa7b718fb893db30a3abc0cfc608aacfebb0,0xa0c68c638235ee32657e8f720a23cec1bfc77c77,0,Matic Token,MATIC,18,17,47250,49375713608,31232,2769397,deprecated,0xa9059cbb,"transfer(address _to, uint256 _value)",10874900,1
14566023,1649702274,0xdfd6c1d4b36e3d7640a568e00853e771f6258c4c9ea5c3316925f47ca0d1dca8,4,0xc4f5465d77033a2fa885479a12302a95be9954db731d9260d9ab8abe4820d2f7,0xc56dc07465bc49faae6af78a87fd474d2cf76d78,0xc02aaa39b223fe8d0a0e5c4f27ead9083c756cc2,0xa0c68c638235ee32657e8f720a23cec1bfc77c77,2000000000000000,Wrapped Ether,WETH,18,250,51723,58931420100,34482,24639803,deprecated,0xa9059cbb,"transfer(address _to, uint256 _value)",10867189,1
14581866,1649916536,0xdd052ab5866b706cc4f1c1d78a2a88fa0030a23744f3b1774326c268c4888efc,529201,0x122d69aa54dfe33ac1a6188e24f1e7b2207002d6985be29097388a21f1c9233a,0xf16e9b0d03470827a95cdfd0cb8a8a3b46969b91,0x7d1afa7b718fb893db30a3abc0cfc608aacfebb0,0xa0c68c638235ee32657e8f720a23cec1bfc77c77,10000000000000000000,Matic Token,MATIC,18,39,100000,29973028963,36904,5159939,deprecated,0xa9059cbb,"transfer(address _to, uint256 _value)",10851346,1
14590807,1650037407,0x5883f49c80dd23c21e054eb6a1f009f809a0aa132427b627ffcd3ccdbd9e049c,5745706,0x7115614b1ce029f4a78d96c395d5a76e6d55e5767252e28fa49bc87fdaf4d169,0xddfabcdc4d8ffc6d5beaf154f18b778f892a0740,0x7d1afa7b718fb893db30a3abc0cfc608aacfebb0,0xa0c68c638235ee32657e8f720a23cec1bfc77c77,35846148330000000000,Matic Token,MATIC,18,41,250000,70801027703,36928,2821327,deprecated,0xa9059cbb,"transfer(address _to, uint256 _value)",10842405,1
14606849,1650253516,0x9db0a67f4fa02029adf6350732eec9f57076588accf14ac78103dfa8aa4d9085,9,0xb0c6026a272bdf0e7d56dd5d4c4e6e54f8367ba90627f75da63c9198100cf321,0x372f17f542bf9fa80c29590bab6f105b9bfd032a,0x7d1afa7b718fb893db30a3abc0cfc608aacfebb0,0xa0c68c638235ee32657e8f720a23cec1bfc77c77,10990900000000000000,Matic Token,MATIC,18,264,55374,31003435724,36916,18841109,deprecated,0xa9059cbb,"transfer(address _to, uint256 _value)",10826363,1
14610679,1650305177,0x1a0e15298f5ec5873c56a83d4eb9325c1397d1c8799ca676e437cc510126e353,21,0xe84010d91ad49f2a98558d9674f2e0221c5ecd4da8970cf3c72f4ffabfed4a68,0x2721f83f005c77db5c20cb2b05f63df37a8f3d73,0x7d1afa7b718fb893db30a3abc0cfc608aacfebb0,0xa0c68c638235ee32657e8f720a23cec1bfc77c77,2127992054989974669876,Matic Token,MATIC,18,227,55410,61238329257,32140,19601021,deprecated,0xa9059cbb,"transfer(address _to, uint256 _value)",10822533,1
14612626,1650331499,0x79c62346f3adda3aa6f9326708a479e628398e0b21248c4ffb6ed530050e8713,33,0x14625c518464b5f09f037ac0c82c6f292d21713160b30c7ab70f84724bc76918,0x5a42ca46555a35329fcf46be947e29dc93fde484,0x7d1afa7b718fb893db30a3abc0cfc608aacfebb0,0xa0c68c638235ee32657e8f720a23cec1bfc77c77,40000000000000000000,Matic Token,MATIC,18,184,55374,33793545103,36916,22162871,deprecated,0xa9059cbb,"transfer(address _to, uint256 _value)",10820586,1
14613684,1650345838,0xb7a261bae812e5e8b6390b128372bd6902ad365571cafa3088e7581581730308,8,0x01d2b89a95e70ea2265f540caed109e56605198b90fada9ad1ae48778b7e2980,0x2eedc72c3b6feb145bef4463f598cfef6381a17a,0x7d1afa7b718fb893db30a3abc0cfc608aacfebb0,0xa0c68c638235ee32657e8f720a23cec1bfc77c77,12670000000000000000,Matic Token,MATIC,18,145,55356,23237068406,32104,18685827,deprecated,0xa9059cbb,"transfer(address _to, uint256 _value)",10819528,1
14617859,1650401755,0xd3ad3bfa0cd439bea2a1b157177fd39f66e13b1e94c8f33aa32fb37b0e969a09,16,0x4579bb8d3462a4de9fe8acdd227ff66182c2b4fb7c5e11d655f57c3de2ea3acd,0xe3c63cc5bb9d6cc3a7105e640d9a3b9c19da2264,0x7d1afa7b718fb893db30a3abc0cfc608aacfebb0,0xa0c68c638235ee32657e8f720a23cec1bfc77c77,70000000000000000000,Matic Token,MATIC,18,130,55374,38915130385,32116,9571934,deprecated,0xa9059cbb,"transfer(address _to, uint256 _value)",10815353,1
14634698,1650631042,0xc2ec9aff223e1efc16a2ba286bdf44c1b84cdf1d870c943cedbeef2482c08cf2,2,0x3d07b77b5030faeeff9465f6b748ac208d7d8f19fdd86b6cbc7cab945d9a50dd,0x408bd80adb5b37cf6936a170be9722456a955fe7,0x7d1afa7b718fb893db30a3abc0cfc608aacfebb0,0xa0c68c638235ee32657e8f720a23cec1bfc77c77,16736585500000000000,Matic Token,MATIC,18,127,100000,43697255733,32116,11565368,deprecated,0xa9059cbb,"transfer(address _to, uint256 _value)",10798514,1
14636670,1650657385,0x953e901b04f354830a20fda7cc42f73398724e1851b9450db2e41a648a6be195,9,0x4d51e6858ec47ed6c7ddbd7a47c52333f6768844f779372cddfc4458a7d60da2,0x0b3264c8fe4fd6be0b3f8f5c1eaebd63ce22f700,0xc02aaa39b223fe8d0a0e5c4f27ead9083c756cc2,0xa0c68c638235ee32657e8f720a23cec1bfc77c77,2000000000000000,Wrapped Ether,WETH,18,236,51723,56814355991,29682,14673412,deprecated,0xa9059cbb,"transfer(address _to, uint256 _value)",10796542,1
14641236,1650719126,0x11a042cd86d1ffd1f4017a5dbbf7a5745f78fc76b452d1c100bf04ae5d6f0c47,26,0xca9d4d8e8411c5b607d7c6cf211c265b4579082e3565d41a8cf0933f76acebdf,0x81d33ce9412c0c1b683029daa2521bf09b647211,0x7d1afa7b718fb893db30a3abc0cfc608aacfebb0,0xa0c68c638235ee32657e8f720a23cec1bfc77c77,21163327000000000000,Matic Token,MATIC,18,171,55392,27957472220,36928,15536015,deprecated,0xa9059cbb,"transfer(address _to, uint256 _value)",10791976,1
14658335,1650950690,0x451832cefcb2434ba245ede7fd16af4ca4d186ff64c60b7c8c2c76a3c90980cf,39,0x9b86c0f19025cdcfaf9a221fefd5f76f3cdfd99dc143a2e0d65e6ee14cfd677e,0x8a127522ca06b40f4b44eac49bf20f4f6e4d62e0,0xa0b86991c6218b36c1d19d4a2e9eb0ce3606eb48,0xa0c68c638235ee32657e8f720a23cec1bfc77c77,6900000,USDC,USDC,6,243,73170,28819983641,48513,19957334,deprecated,0xa9059cbb,"transfer(address _to, uint256 _value)",10774877,1
14674589,1651172613,0x8efc9d748973bda15f886baf6da8858b02a6f0cc65795717bef92717449b841c,1,0xf8bc57f2057c97a8fc02a0853f29828f7afd5e10174515e5980a43021a991144,0x7cb29a42b91929044ebf8a4c421d8ed2e6ec1706,0x7d1afa7b718fb893db30a3abc0cfc608aacfebb0,0xa0c68c638235ee32657e8f720a23cec1bfc77c77,24643982610000000000,Matic Token,MATIC,18,258,55392,46636382294,32128,20430417,deprecated,0xa9059cbb,"transfer(address _to, uint256 _value)",10758623,1
14686912,1651339976,0x32962f4a9bce14dc3d6b02a2d9c894fe27f06baf6cad30e026b8b4df7468d3dd,38699,0x5aa0b4c3f2d809f60df544f2cd4be7fe8673d5ee4f7cec98d93792134c6c0946,0xa83b11093c858c86321fbc4c20fe82cdbd58e09e,0x7d1afa7b718fb893db30a3abc0cfc608aacfebb0,0xa0c68c638235ee32657e8f720a23cec1bfc77c77,15199250000000000000,Matic Token,MATIC,18,90,500000,62055639019,36916,4700793,deprecated,0xa9059cbb,"transfer(address _to, uint256 _value)",10746300,1
14706231,1651602374,0xc9d13be98ee40578d39d711bfd6513d1f86cf0a1f60ef78c43f5670c94450e38,1,0xc99ab54afb91fdb9ee5934751280d328dcb98dd860a1d002c34831f12ac44b05,0x66054ef2e26b9492c3f992ecd5eba92dd4097baa,0x7d1afa7b718fb893db30a3abc0cfc608aacfebb0,0xa0c68c638235ee32657e8f720a23cec1bfc77c77,100000000000000000000,Matic Token,MATIC,18,187,55374,97604770042,36916,13334558,deprecated,0xa9059cbb,"transfer(address _to, uint256 _value)",10726981,1
14711846,1651679612,0x0de2d3a1192266adb582d6e220140801042f4228b4e1cf484a16be5b828007b2,2,0x387facc05e37c59786da182793ac35e2f3d6c1c4f1a8851cf4ed30844071b59a,0xe53b9a321b22b2d3a5bb3e655f61653d66ad00c9,0x7d1afa7b718fb893db30a3abc0cfc608aacfebb0,0xa0c68c638235ee32657e8f720a23cec1bfc77c77,25000000000000000000,Matic Token,MATIC,18,153,55374,46828256946,36916,15560932,deprecated,0xa9059cbb,"transfer(address _to, uint256 _value)",10721366,1
14730739,1651939609,0x51900d61dacf95b593f29e3830e2f44515b18bc7d10fa8252d240619ed4e73e5,4,0xb258a563766cca90262d4614db68ad876b8a42ee0c5e35b949e0db30c68d285e,0xfa80bb37f83a02bf1bb9f22400c98f6e3dd91300,0x7d1afa7b718fb893db30a3abc0cfc608aacfebb0,0xa0c68c638235ee32657e8f720a23cec1bfc77c77,328000000000000000000,Matic Token,MATIC,18,73,55374,48201912036,36916,5840266,deprecated,0xa9059cbb,"transfer(address _to, uint256 _value)",10702473,1
14734370,1651989426,0x2fea4922d31152b2244d067b90e0b313b7f7992d42ad7dbc67bc510a27bc52b7,63,0x02d9171b3bb5899b4b9e7695f7c62b8b13d3324d1487388fe841a280a6b9f6d5,0x7ae6c1fc4a79129f868f9595fec1a54ff89ff1d2,0x7ae6c1fc4a79129f868f9595fec1a54ff89ff1d2,0xa0c68c638235ee32657e8f720a23cec1bfc77c77,1000000000000000000,Otherside Beta Access ApeWL.io,Check your WL at ApeWL.io,18,150,11132760,24821321561,11132760,18293399,deprecated,0x512d7cfd,"batchTransferToken(address[] holders, uint256 amount)",10698842,2
14734545,1651991975,0x060e5d780368defbc96bd3ff6b028bf308fbf9e6a8d10f1bf33aea15ea3a087f,80,0xd5139b170fd95cd582f17c724a8cca1c305c6ac3e2af50a6d30fb741bdc54b23,0xf660870bd38d106e61f0d3539ed25b1320bc90e8,0xf660870bd38d106e61f0d3539ed25b1320bc90e8,0xa0c68c638235ee32657e8f720a23cec1bfc77c77,1000000000000000000,ApeWL.io (Otherside Beta),Otherside Beta Access (ApeWL.io),18,62,11132760,27030313078,11132760,16613510,deprecated,0x512d7cfd,"batchTransferToken(address[] holders, uint256 amount)",10698667,0
14738630,1652047194,0xdaf3b8ef0f17a2cf56d4292ec4d628233023505ce2c2f5650ec0bc6626666cf5,221,0x1769ce3801c68940aedaba64e647df0d0f79e038cd3aef3dc4ef5810cee77995,0xb0930e2629073be777d6659469681c148c8bc904,0x7d1afa7b718fb893db30a3abc0cfc608aacfebb0,0xa0c68c638235ee32657e8f720a23cec1bfc77c77,8771006583913453162,Matic Token,MATIC,18,76,47250,18503104983,32128,8235585,deprecated,0xa9059cbb,"transfer(address _to, uint256 _value)",10694582,1
14738772,1652049135,0x05aad3eabfa805000ef47052365b950f59bec4798808f9ea380598707d4a709d,222,0xfd0a1685130802f4fa42535144430761d5c1153d60799ae271e18e605e08471c,0xb0930e2629073be777d6659469681c148c8bc904,0x7d1afa7b718fb893db30a3abc0cfc608aacfebb0,0xa0c68c638235ee32657e8f720a23cec1bfc77c77,15000000000000000000,Matic Token,MATIC,18,175,55356,23291149646,36904,14405557,deprecated,0xa9059cbb,"transfer(address _to, uint256 _value)",10694440,1
14742397,1652098751,0x64fd47d9e4cf6ef1b23879530d68419541230c195c9f961a62f6fc70b106d9cf,277002,0x5a6cdd2d1a827bee80cd16cbcea34f7447fe5c6d7cdc27c93d3997a6228809d9,0x458b2a3a0ed521eefa7819c9931b4ce56b2a8f28,0xa0b86991c6218b36c1d19d4a2e9eb0ce3606eb48,0xa0c68c638235ee32657e8f720a23cec1bfc77c77,30000000,USDC,USDC,6,243,241139,24892033170,162328,15846381,deprecated,0xe0724b6e,"execute(address _wallet, bytes _data, uint256 _nonce, bytes _signatures, uint256 _gasPrice, uint256 _gasLimit, address _refundToken, address _refundAddress)",10690815,1
14752319,1652237757,0x7d4664126cf2bf030dc3ca08097c9f58c8e908574447812718aac58bac01c9e7,13,0x8c5d7fa62a2f293b4e563e1260d6375443d324363eddd9648dd6d700f9d177b6,0xbf0bd637c7571df46b212f673158642a3235a81c,0x7d1afa7b718fb893db30a3abc0cfc608aacfebb0,0xa0c68c638235ee32657e8f720a23cec1bfc77c77,10000000000000000000,Matic Token,MATIC,18,545,55356,46089513519,36904,23718995,deprecated,0xa9059cbb,"transfer(address _to, uint256 _value)",10680893,1
14753823,1652257954,0x5aeca333a30cacc7c2acde8f0cd51aeccbb03994071cd731937148a361556e1b,2,0x57d3eed25d5f9cf2274b336cf9b3013b9758d9c9801f452bca680207aa754eb8,0x543bf750df46d27b93b499f75e3d07913979b939,0xa0b86991c6218b36c1d19d4a2e9eb0ce3606eb48,0xa0c68c638235ee32657e8f720a23cec1bfc77c77,77500000,USDC,USDC,6,205,73188,91269628608,43725,19747428,deprecated,0xa9059cbb,"transfer(address _to, uint256 _value)",10679389,1
14769840,1652478049,0xda93f5dd649efe8b1eac04a41e7da1fc4d620336584b123d698ba58285846778,93,0x384c650d559dd02b6287abf3e098fad43e38e2652d381101c6d11d936523e2ef,0x78bae3d77d5269cef4c3b972da52d20f4d2682e8,0x7d1afa7b718fb893db30a3abc0cfc608aacfebb0,0xa0c68c638235ee32657e8f720a23cec1bfc77c77,20744391789036723103,Matic Token,MATIC,18,158,55410,39033313804,32140,12967750,deprecated,0xa9059cbb,"transfer(address _to, uint256 _value)",10663372,1
14776272,1652567227,0xde9b3d4bab2a65814ed54cdfad8f68e0dd063a90b0263124ac418559b4f57953,2,0xc12a8f9352e3c41a5458391318123e6b6e43f4e746e4c8d3fefc57f4afcaad04,0xd98a11cd13a536e482486dd7ea4c3458b10782c1,0x7d1afa7b718fb893db30a3abc0cfc608aacfebb0,0xa0c68c638235ee32657e8f720a23cec1bfc77c77,102714468570000000000,Matic Token,MATIC,18,343,55392,21284077197,32128,15893510,deprecated,0xa9059cbb,"transfer(address _to, uint256 _value)",10656940,1
14777304,1652580907,0x5941a86d80eeb2b1f20be1794e71647c514178cbbb62fe9f3ab2266eeba0bd4a,85,0x3577863cce5a9ceba8f725ddd221d5f64413ab88c02e0bb002ebada4f48c6a47,0x6be2f225f7d931511b12e07e25b4e093d1ea9e25,0x7d1afa7b718fb893db30a3abc0cfc608aacfebb0,0xa0c68c638235ee32657e8f720a23cec1bfc77c77,135683895194435953025,Matic Token,MATIC,18,281,55410,25212645918,32140,25274328,deprecated,0xa9059cbb,"transfer(address _to, uint256 _value)",10655908,1
14797415,1652857431,0xaff6284dffba97a62019b655704b92bd7779f2493b0cf0cad59fb01dc1dd661e,8,0xfa663e677d96e20308feccce3d442ed6501d611fc586124ef61b793f8f10a763,0x5519199b6b9be61e4640a76668bf8a1faa5d4e84,0x7d1afa7b718fb893db30a3abc0cfc608aacfebb0,0xa0c68c638235ee32657e8f720a23cec1bfc77c77,25000000000000000000,Matic Token,MATIC,18,107,55374,34127073781,36916,6401252,deprecated,0xa9059cbb,"transfer(address _to, uint256 _value)",10635797,1
14807704,1653002016,0x2d70f28ca6c6f557a4a968748341f89b63c90719efbc04546791db3ea0f4950c,31,0xe3652f9899aa75720d79055917143cc3cd60e74d04fad36f9c40947677fd4e92,0x487318a244576e9ab55896ad5880285d51024555,0x1796ae0b0fa4862485106a0de9b654efe301d0b2,0xa0c68c638235ee32657e8f720a23cec1bfc77c77,1000000000000000000,Polkamon,PMON,18,298,78751,23232954118,52501,25290092,deprecated,0xa9059cbb,"transfer(address _to, uint256 _value)",10625508,1
14816356,1653123616,0xd8633d791d49a76816b175ee28f01e6b23ef294d10b420d6a725c6574a6e2783,5,0x774aa6f4c6babecd00cafd06be9c6c0d96a0d2df90e43d5fe9993892d6fc626a,0xb8a6b5148c3c107cdd82f6a133ced466c5cdf0f6,0xc02aaa39b223fe8d0a0e5c4f27ead9083c756cc2,0xa0c68c638235ee32657e8f720a23cec1bfc77c77,50000000000000000,Wrapped Ether,WETH,18,132,51723,13279209620,29682,7286986,deprecated,0xa9059cbb,"transfer(address _to, uint256 _value)",10616856,1
14817173,1653134591,0x7ad8b37ac1d6ced09ca231bedb8695a6bffa4d30590173cbdfba150bb2b6a8e6,2,0x38e89c1246efa891bdfb6d561f94643019242a7681827eb440259ffd2c2f63f7,0xe96a07dd4daf8d907cf70f6999011dac8f90844f,0x7d1afa7b718fb893db30a3abc0cfc608aacfebb0,0xa0c68c638235ee32657e8f720a23cec1bfc77c77,12779681940000000000,Matic Token,MATIC,18,419,55374,10385140724,32116,29394453,deprecated,0xa9059cbb,"transfer(address _to, uint256 _value)",10616039,1
14817464,1653139058,0xfa42b8d988fbdfb7cec3af4a4b79e80b99beb3ae2603b67624079c48f0295f4f,7,0x1ad432fe36f3c18c2ffb92c53dd6403c9b5822bc49c00d523e98de6818441756,0x632a864bb87b3eb005a8fddefe510fba1aba63d0,0x7d1afa7b718fb893db30a3abc0cfc608aacfebb0,0xa0c68c638235ee32657e8f720a23cec1bfc77c77,100853262389800009728,Matic Token,MATIC,18,117,55374,17517745216,32116,9445705,deprecated,0xa9059cbb,"transfer(address _to, uint256 _value)",10615748,1
14838742,1653438133,0xac1792149050e71a87b671e7f29ec456c7c0b7276325fae04ab06ed6f5d8ea6c,7,0x987d858e8507b983144a3e3b8005e33c4f9ed3b81476c22528698c0c3b265acf,0xad27578eb72d58675095edd8aedfcf4be314594c,0x7d1afa7b718fb893db30a3abc0cfc608aacfebb0,0xa0c68c638235ee32657e8f720a23cec1bfc77c77,3000000000000000000,Matic Token,MATIC,18,98,55356,22096499052,32104,12703553,deprecated,0xa9059cbb,"transfer(address _to, uint256 _value)",10594470,1
14854312,1653656781,0x6de3713b662e7242a3f5df6315ac14df752d013c6b0227214dbd9bc04e78505f,20,0x118bd843b17546fe30bcc94a2c17650226a65916c8964e430b15ef879e5a1a5a,0x1270bb80ca3a6c14908c25b8cd2aff7ade53a326,0x7d1afa7b718fb893db30a3abc0cfc608aacfebb0,0xa0c68c638235ee32657e8f720a23cec1bfc77c77,106400000000000000000,Matic Token,MATIC,18,208,55374,54142476195,32116,13923655,deprecated,0xa9059cbb,"transfer(address _to, uint256 _value)",10578900,1
14868079,1653849741,0x03afae101961d4474b323103cd9501007c880c0f606517b21f58ea86c416a222,8,0xd2414fe3f1b2876c9543460f2f456d67dcd1508be3d8ed9e6c47b78fb5259756,0x3d089f831b29fcf75745659976ef42c3d386a57c,0x7d1afa7b718fb893db30a3abc0cfc608aacfebb0,0xa0c68c638235ee32657e8f720a23cec1bfc77c77,15000000000000000000,Matic Token,MATIC,18,121,55356,26278794284,36904,16353829,deprecated,0xa9059cbb,"transfer(address _to, uint256 _value)",10565133,1
14898786,1654282747,0x962cb06b22e06e8445ca3422cef47dca3770631ea1f576a161a4b7e5bc96047c,98,0xf91db94d4153f73e42da36f934696ec47d48445f595a5f84eedf9877e3341ba5,0xd4cc9185df148152f58b0033cd5bde6e633da087,0x3845badade8e6dff049820680d1f14bd3903a5d0,0xa0c68c638235ee32657e8f720a23cec1bfc77c77,40000000000000000000,SAND,SAND,18,163,51336,41101944501,29424,15870104,deprecated,0xa9059cbb,"transfer(address _to, uint256 _value)",10534426,1
14920640,1654602358,0x41132c2437d266bf5c7c954d146470e2ea7ef8e737c90dd44578908d96bbc6eb,6,0x520003e4c9df70ce31dd2b4846a607ead9587c0bf0a96d3f8c5063072a32fb44,0xeb7f26fd630b8dee8af168ef250fb7c893ecb86d,0x7d1afa7b718fb893db30a3abc0cfc608aacfebb0,0xa0c68c638235ee32657e8f720a23cec1bfc77c77,30000000000000000000,Matic Token,MATIC,18,258,55374,23900120267,36916,19616376,deprecated,0xa9059cbb,"transfer(address _to, uint256 _value)",10512572,1
14948729,1655015371,0xef2e208fc927565d51fb05d1e5ee0e41c79d2fb0e4cc33f27c82656a6556bf9f,4,0x3068b0dc721076b1c69062113f15155372ca783078ffcebfca062a7c39578ec9,0xffc89d7a9dffacbd6d50e7cab1c3d5cd3eb7e54a,0xc02aaa39b223fe8d0a0e5c4f27ead9083c756cc2,0xa0c68c638235ee32657e8f720a23cec1bfc77c77,100000000000000000,Wrapped Ether,WETH,18,184,51741,22609818355,29694,15466914,deprecated,0xa9059cbb,"transfer(address _to, uint256 _value)",10484483,1
14956054,1655124407,0xd9e0a4bde8830974efea004645bd1f316863f26ccbd1e70fbc8aa8d5a31cd7b0,727270,0x443dc0e23559dd014980c860699aec103e581afc35739bcff8ce7e7613738b67,0xf16e9b0d03470827a95cdfd0cb8a8a3b46969b91,0xf920e4f3fbef5b3ad0a25017514b769bdc4ac135,0xa0c68c638235ee32657e8f720a23cec1bfc77c77,176225796300000000000000,BABB BAX,BAX,18,89,100000,72771851702,63632,5990753,deprecated,0xa9059cbb,"transfer(address _to, uint256 _value)",10477158,1
14993859,1655688153,0x316f3dd8bc76f4681aabd49e2c7fb37ff43581926a77f1bfd1be765da6d9715f,4,0xedbd83cbab656985f9637e162fde4da7b068891fca96a21dba0041834f3f607d,0xfd66f7db7bdb0581bf9deb11e2cbaec4f1202731,0x7d1afa7b718fb893db30a3abc0cfc608aacfebb0,0xa0c68c638235ee32657e8f720a23cec1bfc77c77,191654510000000000000,Matic Token,MATIC,18,223,55392,25280052506,36928,18537759,deprecated,0xa9059cbb,"transfer(address _to, uint256 _value)",10439353,1
14999483,1655770792,0x9765b8da4440fd967f99ab2c6c549ef3561d9d3f2af576f55142130789af92b6,87,0xbeba786d6264072823e69577f97c7c02f9950d1a64e2e4123ba3f3de470ca9d3,0x9e7b336106325ab61058c54538ce24353c4bc79f,0x65ab24b5873bc6e318cedff5c1faec51ffd886fc,0xa0c68c638235ee32657e8f720a23cec1bfc77c77,269999100000000,CULT Inu,CINU,9,297,152839,17395699204,92217,23567738,deprecated,0xa9059cbb,"transfer(address _to, uint256 _value)",10433729,0
15004727,1655853715,0x55299832dafada1d6b47ca2125380348a87ca564f1782d28b821d3b464fe08da,6494572,0x2453a6ca34b156995d0b2e41ffea0c0d52b131b546d382c5149bb1052c2c2839,0xddfabcdc4d8ffc6d5beaf154f18b778f892a0740,0x7d1afa7b718fb893db30a3abc0cfc608aacfebb0,0xa0c68c638235ee32657e8f720a23cec1bfc77c77,23512814480000000000,Matic Token,MATIC,18,148,250000,29986226457,36928,9002332,deprecated,0xa9059cbb,"transfer(address _to, uint256 _value)",10428485,1
15018071,1656070367,0xc390346930691898582e36eb594a40ea216e8f69574a47e2b738fd8041d28be6,214,0x3b8386669726140979108a05d0760c44dd4eba01ac42d9ca9c461f710fd0c4c2,0x40f6bf18e3079358a72152bfbba82176a8258468,0xd26114cd6ee289accf82350c8d8487fedb8a0c07,0xa0c68c638235ee32657e8f720a23cec1bfc77c77,3531000000000000000000,OMG Network,OMG,18,141,81219,35816739735,54146,12973302,deprecated,0xa9059cbb,"transfer(address _to, uint256 _value)",10415141,1
15036576,1656368570,0xb0d6c6ada470e3e04b97734d6e9248978343adacc4b6fb05d2f31640696f0411,2,0x8729be9bb44d5f99701ab3f6bd30cdb14ce43874045187be13dbac26d2e59d81,0xf3153c30c4c08627f7d0ff509302959b3751d60a,0x7d1afa7b718fb893db30a3abc0cfc608aacfebb0,0xa0c68c638235ee32657e8f720a23cec1bfc77c77,16274561853240532651,Matic Token,MATIC,18,45,55392,54598635208,32128,3851018,deprecated,0xa9059cbb,"transfer(address _to, uint256 _value)",10396636,1
15039345,1656414322,0x71e9bed19bb7e257ad2719faae0958bbcb31113af897e578eea79bf7f00563da,14,0x5f8b46a4c045055bd89eb7245e60946ac65bd1f7974d3f351af441901dca2230,0x4f4e53ddf9d7e2032501ddf8ce9db5bdd710e074,0x7d1afa7b718fb893db30a3abc0cfc608aacfebb0,0xa0c68c638235ee32657e8f720a23cec1bfc77c77,222000000000000000000,Matic Token,MATIC,18,64,55374,30027392163,36916,4887467,deprecated,0xa9059cbb,"transfer(address _to, uint256 _value)",10393867,1
15078985,1656976929,0xb5a32de9522f54d7e2421146e5b5d60616509aba5fb2895f5d65b5d8d010ae62,68,0xa2ba8741e4b485946c390cf9e2837a18b59d05311897e15933a3252cc6e4fb6a,0xe14ccf146f19253eda4dc2821b725e81ec770688,0xc02aaa39b223fe8d0a0e5c4f27ead9083c756cc2,0xa0c68c638235ee32657e8f720a23cec1bfc77c77,20000000000000000,Wrapped Ether,WETH,18,218,51723,44567011046,29682,18055367,deprecated,0xa9059cbb,"transfer(address _to, uint256 _value)",10354227,1
15081433,1657010081,0xdf7861e84a778a608c161f68d173dde6d68cae77df4605f65824362ae6d1295c,5,0x57e0001ca75ff667cf29091968a39f1f504ac863092bb1e1578acd5af05d444b,0xd14ae5cbd566c5ebe758a3a4fe45efe3b1a366c5,0x7d1afa7b718fb893db30a3abc0cfc608aacfebb0,0xa0c68c638235ee32657e8f720a23cec1bfc77c77,1307969275652850990,Matic Token,MATIC,18,108,55392,21777069645,32128,7956679,deprecated,0xa9059cbb,"transfer(address _to, uint256 _value)",10351779,1
15082525,1657024233,0x962c026e9e7ec4a938ebcb0d887a8ef3ab0bc072c3d78c556a17ca5bc4cb1b53,2,0x446605308acd9d0ceea6a668e0564d980fd57991cef741e57a47655fa45f16d1,0xc056b01a3269d579e6636b0e3f3c3889bb939977,0xdac17f958d2ee523a2206206994597c13d831ec7,0xa0c68c638235ee32657e8f720a23cec1bfc77c77,10790105,Tether USD,USDT,6,257,69145,14062543354,41297,24822724,deprecated,0xa9059cbb,"transfer(address _to, uint256 _value)",10350687,1
15108160,1657367246,0x3a0256ccff2afbe4619c42938b9f73457f871e632e30b9a778ec0e015ada28be,18,0xf5649cbb08cb258473bb53006d4a0c6b1edb2270682e2483901300a2dc702511,0x2c4b88c7063893a6973029ba5ac46e0ed29b3710,0x7d1afa7b718fb893db30a3abc0cfc608aacfebb0,0xa0c68c638235ee32657e8f720a23cec1bfc77c77,34127175070000000000,Matic Token,MATIC,18,110,55392,8449837617,32128,14079104,deprecated,0xa9059cbb,"transfer(address _to, uint256 _value)",10325052,1
15124325,1657582063,0xbda13d471250516914974dcec9cec01a201f0e7daf0ab664cb00cf53be922cd7,2,0x3db0be692c85edc16fe0ad0065a87c4d1841fce854125abbeb81990a932eba90,0x6d0429224e3845caa13dbaf8e87a5af923a6de32,0x7d1afa7b718fb893db30a3abc0cfc608aacfebb0,0xa0c68c638235ee32657e8f720a23cec1bfc77c77,115490591098702471,Matic Token,MATIC,18,264,55392,31760298123,32128,22516307,deprecated,0xa9059cbb,"transfer(address _to, uint256 _value)",10308887,1
15141325,1657809239,0x10bee953bfd317c48e15560f966ac7733c57e957144eb460d71f08df48a8440e,6,0x8fe56b24d95e1f9cc486f0ba6fbb84d7b89c0c032a7bf1c0f412a5b20e3bd423,0x385d7a1d0bcd8c7c4a4c13fd5a5a309f0e902444,0xaf47ebbd460f21c2b3262726572ca8812d7143b0,0xa0c68c638235ee32657e8f720a23cec1bfc77c77,5,Promodl,PMOD,0,221,144931,38675571990,96621,19452969,deprecated,0xa9059cbb,"transfer(address _to, uint256 _value)",10291887,0
15147219,1657887783,0xed37a65bcc14a382361f9c2b7d42c4cc8f8bf911816a706060c38809db5ad76e,7,0x08589b9e63245a45306455451f220095bec8b503239799c13431db3d442f7cf6,0xd14ae5cbd566c5ebe758a3a4fe45efe3b1a366c5,0x7d1afa7b718fb893db30a3abc0cfc608aacfebb0,0xa0c68c638235ee32657e8f720a23cec1bfc77c77,1730095123446608944,Matic Token,MATIC,18,127,55392,28449151313,32128,20180349,deprecated,0xa9059cbb,"transfer(address _to, uint256 _value)",10285993,1
15172869,1658230850,0x54072a3d20ccb0efc34de16bc18b2c1f7284103a0e65826969cd14c31faa538b,7,0xe61c2eef2b3bfd36dd9073ef71cecb2ff69f67f9e0f08d8e7853209a4fbb80c6,0x46d7c1786e9210b1343fbeab400c4f8e1bfcf452,0x7d1afa7b718fb893db30a3abc0cfc608aacfebb0,0xa0c68c638235ee32657e8f720a23cec1bfc77c77,3448739395074838359,Matic Token,MATIC,18,204,55392,26610824245,32128,18787549,deprecated,0xa9059cbb,"transfer(address _to, uint256 _value)",10260343,1
15176061,1658273544,0x93f02b7ee4350a9d84360897355e51e46016d8660906eff747bb4b87c75b7725,28,0xe56242d5dd5a8024765ce2a369f9d692e6059a9d84caa8b53533eb2e8bd68e6b,0x2686a16834b14a686871b856d5e089316abe17a6,0x7d1afa7b718fb893db30a3abc0cfc608aacfebb0,0xa0c68c638235ee32657e8f720a23cec1bfc77c77,100182369361738203420,Matic Token,MATIC,18,104,55410,26240951071,32140,7249699,deprecated,0xa9059cbb,"transfer(address _to, uint256 _value)",10257151,1
15195554,1658534386,0xbd6c43c5d334240da3f614368657af4ff503b93fa0326a8c6d6492c173dc86ab,3,0xf5c8dbd49ed75add37d306c5078482a19aca21dea9238b7501e3f773becef7bb,0x5d9f9a316774e6c6c5c2bfc60de2d4ce10e0e4eb,0xc02aaa39b223fe8d0a0e5c4f27ead9083c756cc2,0xa0c68c638235ee32657e8f720a23cec1bfc77c77,100000000000000,Wrapped Ether,WETH,18,102,51723,10582677956,34482,8176655,deprecated,0xa9059cbb,"transfer(address _to, uint256 _value)",10237658,1
15197667,1658562210,0x010846ee883e2452c9d6d62c811c4586c2a9e56f58e882cd4ffbcc91b9ce93fc,5,0x55271936a26a1aa4b75794525082bacdd50b378f029a6c3dc006ae9b6dd140ef,0x37a627a3a6e106c640276415430782c69695daf2,0x7d1afa7b718fb893db30a3abc0cfc608aacfebb0,0xa0c68c638235ee32657e8f720a23cec1bfc77c77,324000000000000000000,Matic Token,MATIC,18,333,55374,7726198204,36916,26489648,deprecated,0xa9059cbb,"transfer(address _to, uint256 _value)",10235545,1
15213354,1658774193,0x61e90daef9e8be49a84f712f96e69bee1ea141fa0d5cf502625c4c1684f5264f,11,0x213f51238affce4a8a2b82eeb30bd1c3ce142fc153691473d736f37e14c3c954,0x9241f3e4c0e3ad938da633f3cff2ae7db0972f45,0xc02aaa39b223fe8d0a0e5c4f27ead9083c756cc2,0xa0c68c638235ee32657e8f720a23cec1bfc77c77,10000000000000000,Wrapped Ether,WETH,18,43,51723,45115785249,34482,3606100,deprecated,0xa9059cbb,"transfer(address _to, uint256 _value)",10219858,1
15214403,1658788353,0x86b7d2332d103f3cf3b2badab861d6148b06ffa3eefd6a234f504df8729331be,13,0x621d099225a5000ec9a7d08d58a1d54683ae09d006d1294e36e5e1ccd0af47a2,0x2411bd47b8739a198e914f9842eaafcfbd24d565,0xc02aaa39b223fe8d0a0e5c4f27ead9083c756cc2,0xa0c68c638235ee32657e8f720a23cec1bfc77c77,8840000000000000,Wrapped Ether,WETH,18,191,51741,17378441424,29694,22123344,deprecated,0xa9059cbb,"transfer(address _to, uint256 _value)",10218809,1
15222363,1658895966,0x57ea5c649ae7948f62a8fc5fbfeda3e9b95fa8f9fe2a196f4a8d6ec8b359388b,52,0xe5f29cec90fd6263169ca436c3f7ce75170bd161555e642903890869a82afe2a,0xecc2321ad7ebf5f0b82f12c1720e598bf10ed78e,0x7d1afa7b718fb893db30a3abc0cfc608aacfebb0,0xa0c68c638235ee32657e8f720a23cec1bfc77c77,11454819920000000000,Matic Token,MATIC,18,100,55374,8784174198,32116,9071288,deprecated,0xa9059cbb,"transfer(address _to, uint256 _value)",10210849,1
15224292,1658921480,0x9797f0e1f0ab35e8536cb570a08e6deba6ea0f6f1319e94a2343425c496571ff,1,0x80f769ed6319f4112e463c66391ed81e8addb58bc8b31eb89236365023b7519c,0x410fe72cf4074ebaeb32f597c2a480a11c41f59c,0x7d1afa7b718fb893db30a3abc0cfc608aacfebb0,0xa0c68c638235ee32657e8f720a23cec1bfc77c77,121852287703318798687,Matic Token,MATIC,18,203,55410,7234648137,32140,25164156,deprecated,0xa9059cbb,"transfer(address _to, uint256 _value)",10208920,1
15242841,1659171386,0xa8870938b42efb79b7b51b2437578dd5ef715fb6e68a9eac9d79ceb4629c7d28,4,0x39ba72f18329b9754366b9f6a9ececbdd50f5f2e0125286e2f95f868b1ef05a9,0xb54d83da6da59a654aa71e1413fbf6f05eb6deac,0x249e38ea4102d0cf8264d3701f1a0e39c4f2dc3b,0xa0c68c638235ee32657e8f720a23cec1bfc77c77,0,THE TRUTH,UFO,18,181,43671,4888835855,28877,20888491,deprecated,0xa9059cbb,"transfer(address _to, uint256 _value)",10190371,1
15312403,1660107643,0x31d971c1e67fe249645a36d061986b27e6110817c3b8e1a28f93b968985e738a,26,0x2b26f00374f7b5483424d447d12e91e50c362444ba07acd8f8cda85640098359,0x0de6ce6eebd0dd21c8cc0a3898651abbeb2fc57f,0x7d1afa7b718fb893db30a3abc0cfc608aacfebb0,0xa0c68c638235ee32657e8f720a23cec1bfc77c77,22145737092350521572,Matic Token,MATIC,18,197,55410,14603904374,32140,20492968,deprecated,0xa9059cbb,"transfer(address _to, uint256 _value)",10120809,1
15312912,1660114743,0xf24719d42708ca072e623237956ff552534d3eec6826aed0550ac181f3d2e39f,30,0x26f491f48cd32566d698b65d5a2aa1f166b3cf1fbb5f25c75a586996579fb6c7,0x0de6ce6eebd0dd21c8cc0a3898651abbeb2fc57f,0x6b175474e89094c44da98b954eedeac495271d0f,0xa0c68c638235ee32657e8f720a23cec1bfc77c77,240152071600000000000,Dai Stablecoin,DAI,18,102,52095,6611020457,29930,4825505,deprecated,0xa9059cbb,"transfer(address _to, uint256 _value)",10120300,1
15315456,1660149598,0xb3e740944fa74d3aedf17b3c1f105227994d9dd31e1312b37f5940dc5c3dc23b,9,0x7b33ffd3cf815a94140049b0cb30ed3ed46ea643e7143c052edc3866d25b753c,0xfa463f7606315319098b11a9567102421c432001,0x7d1afa7b718fb893db30a3abc0cfc608aacfebb0,0xa0c68c638235ee32657e8f720a23cec1bfc77c77,31944321408282642426,Matic Token,MATIC,18,45,55410,55591459705,32140,5736477,deprecated,0xa9059cbb,"transfer(address _to, uint256 _value)",10117756,1
15329529,1660341370,0x104bc8097c7694a45dd7bfa600c8c34a352b9c0ae5d8bbbb801c967485c490d4,1,0x44ccf387ed9b93464775f1a9343264ed34a2e6f5118e0dd1b24a593d83c530ab,0xd0065b488f3cf435b3e735136a40c54f2ae94a65,0x7d1afa7b718fb893db30a3abc0cfc608aacfebb0,0xa0c68c638235ee32657e8f720a23cec1bfc77c77,27300000000000000000,Matic Token,MATIC,18,98,55374,10959976380,32116,10817120,deprecated,0xa9059cbb,"transfer(address _to, uint256 _value)",10103683,1
15336932,1660441895,0x9e329cf4c45597cefa1e46bb77376c2e8fddcc38f9c4e35a751ea58dd70b2320,4,0xdea6e0bc82088c610fa774b174b243e12c071116c4a3535dc1df882304bd8f31,0x243653201d45bc6d53ee73d8685f274e7048e2a6,0xc02aaa39b223fe8d0a0e5c4f27ead9083c756cc2,0xa0c68c638235ee32657e8f720a23cec1bfc77c77,6000000000000000,Wrapped Ether,WETH,18,227,51723,6848651081,29682,19222219,deprecated,0xa9059cbb,"transfer(address _to, uint256 _value)",10096280,1
15336974,1660442415,0x3e6e3cbf897cba3b68ed03686414d29d399ebb7e8f9c5f7c96f7abbe96825f1a,7,0x3122c1da55f799a5392f63d16c510556545f63a4e60311bc4c26713d44eb3d2f,0x8543c08c9e01476f2b750b19022e2611cf1b6211,0x7d1afa7b718fb893db30a3abc0cfc608aacfebb0,0xa0c68c638235ee32657e8f720a23cec1bfc77c77,2000000000000000000,Matic Token,MATIC,18,210,55356,7425174856,36904,15997453,deprecated,0xa9059cbb,"transfer(address _to, uint256 _value)",10096238,1
15345379,1660557193,0x11b081272328d46421c95ecb6119b46749fae7f3787e810dab3dbd9a5223cd24,13,0xfd94780af2fd07988abce2dc103429044acde0b4f00e58a831db3e81d733e219,0x53d65f9086ed8e60cc1f39d69df92a3d08154f72,0xc02aaa39b223fe8d0a0e5c4f27ead9083c756cc2,0xa0c68c638235ee32657e8f720a23cec1bfc77c77,33571582342377177,Wrapped Ether,WETH,18,213,51759,8623937042,29706,21282768,deprecated,0xa9059cbb,"transfer(address _to, uint256 _value)",10087833,1
15399174,1661292137,0xc8b2fbf5d5a38c64af48b442b29a443fd03ae2dae43a96595519d7693b694228,18,0x8e68f58d810149a778d787aeeec841ffc97f02604f590fa7d9f6b4da12ae4e55,0x209c591b146e67e041099a2f17a3bf4845d32a33,0xdac17f958d2ee523a2206206994597c13d831ec7,0xa0c68c638235ee32657e8f720a23cec1bfc77c77,20000000,Tether USD,USDT,6,179,69145,17673853022,46097,15197636,deprecated,0xa9059cbb,"transfer(address _to, uint256 _value)",10034038,1
15402178,1661334166,0x973afa7c48ca853b6a634069412671de9618b4da7ee3533c18d0ccbb4643b977,387,0xd6f988156f84e79987e05e46e6fa28d6b03c692f7f75cf0753c6c2883a3738fa,0xbc434b6f4c9377bf6aaf496078221c5188648181,0x7d1afa7b718fb893db30a3abc0cfc608aacfebb0,0xa0c68c638235ee32657e8f720a23cec1bfc77c77,19881241404237711763,Matic Token,MATIC,18,254,55410,13668569455,32140,19592360,deprecated,0xa9059cbb,"transfer(address _to, uint256 _value)",10031034,1
15416580,1661533628,0xed7a607cbdbfdf132becc8edffdec0a93822e034b142fbad651d5748fc6ccef0,10,0x8abfbba80af54bbfa1649fcaa8dccaf39490a0dc239f2164bc5a8d9bf5be0282,0x08508636671e135d46407db1e32306fd55570bb3,0xf6a09deadf5a10aa7822d95e3228b2315de8f6fa,0xa0c68c638235ee32657e8f720a23cec1bfc77c77,761298321635,Mintopoly Money,MM,8,40,78519,27750466282,47546,3441200,deprecated,0xa9059cbb,"transfer(address _to, uint256 _value)",10016632,0
15433115,1661762275,0x81cbe0ec701dff3bd850832bac034747a18bc1a6168fa6331f1cf9470f91412c,5,0x63992a3fee4ec62488bddedddc4f3c32b6780fd7324c8a14a925faf043b9ee79,0x0c4e459dc5fc7ecd04037949af1b43aaf4aaf9fd,0x7d1afa7b718fb893db30a3abc0cfc608aacfebb0,0xa0c68c638235ee32657e8f720a23cec1bfc77c77,16594888356712436793,Matic Token,MATIC,18,45,55392,9023422576,32128,4662966,deprecated,0xa9059cbb,"transfer(address _to, uint256 _value)",10000097,1
15445793,1661937730,0x8e9c724323d62750d3183df62b9548e29668234f16124f2e17b97321756e2fff,27,0x94e4fcaee9812a6719f7832f1a78f70c6606c7c56d95223ba9ebe5f5eaecf0ba,0xfda7e24928ef28f9045e91f9d20c01c668720f43,0x7d1afa7b718fb893db30a3abc0cfc608aacfebb0,0xa0c68c638235ee32657e8f720a23cec1bfc77c77,5657708976956692039,Matic Token,MATIC,18,99,55392,12080425797,32128,10518796,deprecated,0xa9059cbb,"transfer(address _to, uint256 _value)",9987419,1
15457886,1662104118,0x6f0ea43aced76fc393a587f0812c10569401f9194da2b7edf0daa0ecc51ceb18,3,0xec86f95e16ed0c296cdf986cee4da36d5488b07c84eb6544f98c7e11bc01c664,0x6107b86b505ec4971585c0c775ddab48df8ee829,0x3845badade8e6dff049820680d1f14bd3903a5d0,0xa0c68c638235ee32657e8f720a23cec1bfc77c77,1000000000000000000,SAND,SAND,18,101,51318,12962616585,34212,7781967,deprecated,0xa9059cbb,"transfer(address _to, uint256 _value)",9975326,1
15498802,1662670779,0x169456e00582e618d3fd13ebfb588bfc499655a2ab538aa2f3e47f5aed61859c,11,0x727beb7461398959f6ce7e37536fafcf4dc316283569b560cb9797b26bec5163,0x4498e66da926e6922e811a662ffe5a9c02be292c,0x7d1afa7b718fb893db30a3abc0cfc608aacfebb0,0xa0c68c638235ee32657e8f720a23cec1bfc77c77,28996106631639339398,Matic Token,MATIC,18,232,55410,22009004342,32140,23609431,deprecated,0xa9059cbb,"transfer(address _to, uint256 _value)",9934410,1
15518997,1662958270,0x3b3817a2fab26f581cc96da973c2613e5ffb37122dfa0c5a5b0ead62b1b170b9,24,0x78cc46a7f30a7cdf20a6a768e86ad0196893b77287ef8516db7885afd9236764,0x65a06e2470b81c560fc3ca7fa4652c9c1e02f6b6,0xed3de063c36bc2796ddeb02a65fc37be1b50b81d,0xa0c68c638235ee32657e8f720a23cec1bfc77c77,3685000000000000000000,zkmoney.org,zkmoney.org,18,90,4000000,5369910964,2095825,7466876,deprecated,0x33ee3323,,9914215,2
15534619,1663182846,0xedfbd90a914256ebf693f4bd1ffa2abea47a74304fae3718afc693ef393af97b,27,0x8f3b71bb5f710f555b2c40a10a780d322fcf6fd60ad690cfebe8c23bf107a6ef,0xe70378fdb93886ad6a9d7b417ba0ae9d17418ab8,0xc02aaa39b223fe8d0a0e5c4f27ead9083c756cc2,0xa0c68c638235ee32657e8f720a23cec1bfc77c77,40000000000000000,Wrapped Ether,WETH,18,79,51723,16881406759,34482,4803768,deprecated,0xa9059cbb,"transfer(address _to, uint256 _value)",9898593,1
15542870,1663290911,0x60aec285da1f5706ad36f062335f53980bc80bff29048b8b17970b64dc897271,14,0x0ff5700dc56c12e29b0f6e526d5d56ee01006d2443fd86cbfa9ce6c08022a595,0xa88ce09448bbef7c5808a6c7d2199781c13942ee,0xa88ce09448bbef7c5808a6c7d2199781c13942ee,0xa0c68c638235ee32657e8f720a23cec1bfc77c77,5555000000000000000000,MaticMerge.org,MaticMerge.org,18,120,8562899,7000000000,8562899,19980323,deprecated,0x512d7cfd,"batchTransferToken(address[] holders, uint256 amount)",9890342,2
15545411,1663321991,0xf43f13ee35020737ced78174e1841a6519a0a16ab88810c5ec8050107210c3e3,15,0x5cc9a7fcbed3922b0965b9ff137598a1d0ff88695cfbc66b0f09da2dcd9c1440,0xe3a9a36fdbd3391872140bf9f22970f1e1c6e26c,0x7d1afa7b718fb893db30a3abc0cfc608aacfebb0,0xa0c68c638235ee32657e8f720a23cec1bfc77c77,412237759330000000000,Matic Token,MATIC,18,129,55392,8963217756,32128,15916517,deprecated,0xa9059cbb,"transfer(address _to, uint256 _value)",9887801,1
15549228,1663368335,0x5c8a35de476603237105f6fa093e2f3d557bef6de87ffeb8177bfa542eae5964,90,0x4c0669503314b1ec5c440ff74a17626078f6d7bcadd245135aa29e2d177d51f6,0xa27f25d6a8f876c8cdd506f6cc59f3166f2a494f,0xf5b2c59f6db42ffcdfc1625999c81fdf17953384,0xa0c68c638235ee32657e8f720a23cec1bfc77c77,41283000000000000000000,mdai.io,mdai.io,18,87,3130152,5000000000,3091140,9509974,deprecated,0xffc3a769,"transfer(address[] _address, uint256[] _values)",9883984,0
15561850,1663521287,0x787e69b1a8f63df2cf6df4dabf310caf1543567f09f9b26e1093ac2ab9afa5d9,91,0x303719a4055b731281f2f9839c4ab9d766b3a0ece5675162773fe5d6b44cc371,0xcf5b73407db9435082ab507376e8be4fa7296530,0xc02aaa39b223fe8d0a0e5c4f27ead9083c756cc2,0xa0c68c638235ee32657e8f720a23cec1bfc77c77,30000000000000000,Wrapped Ether,WETH,18,133,51723,12795935108,29682,11784614,deprecated,0xa9059cbb,"transfer(address _to, uint256 _value)",9871362,1
15573318,1663660259,0x984458ffc3db2d595d919c139aeeb920b67c1fa81801685dd9025d76e3ed3157,908,0x9b26792c7795fd963bc91232a4a316b174a82042350ad4a83164fb4202e497d7,0x3af4788ade7a75b90c0d8f59017f3ef56b51b84e,0x19383f024ba4c06e44d11a8b8bb7ebf87fab184c,0xa0c68c638235ee32657e8f720a23cec1bfc77c77,20103000000000000000000,achef.xyz,achef.xyz,18,166,3387262,5000000000,3387262,23248907,deprecated,0xffc3a769,"transfer(address[] _address, uint256[] _values)",9859894,0
15591937,1663886543,0x922ea346dca63b3fabb93d11c410b8db500212fb227a633baf531d2528711f60,18,0x94b7311db11ce32491c809e7568f157fca1f432c0de4791c5f6e3b57689d620e,0xb85a676965436e65f9b878c94cc4f5b53b96586e,0x070c0147884d7cf984afbc2eb6f3428a39b5e229,0xa0c68c638235ee32657e8f720a23cec1bfc77c77,24081000000000000000000,asdai.xyz,https://asdai.xyz,18,115,3070965,5000000000,3070965,13753830,deprecated,0xffc3a769,"transfer(address[] _address, uint256[] _values)",9841275,2
15592222,1663889975,0x187601688898d21d9916eff17a0c143e498ab843d7f3399f5d7cecd7dabdca91,1187,0x2627c677af7d8c18e480b09497ae4194c2466b62edb9f9cb43131f69022c8908,0x3af4788ade7a75b90c0d8f59017f3ef56b51b84e,0x38715ab4b9d4e00890773d7338d94778b0dfc0a8,0xa0c68c638235ee32657e8f720a23cec1bfc77c77,20103000000000000000000,ausd.shop,Visit [ausd.shop] and supply or borrow USDT,6,111,3073293,4000000000,3073293,16961664,deprecated,0xffc3a769,"transfer(address[] _address, uint256[] _values)",9840990,2
15604763,1664041103,0x026656310dc64a78acbecd5ebc4217ca8b237e5510bc5187a6ac5cd878748a3b,1356,0x90a2b61a693d96a12c9484f27793b2c841b45bfe4d875a85de5d84e60ecae96e,0x3af4788ade7a75b90c0d8f59017f3ef56b51b84e,0x38715ab4b9d4e00890773d7338d94778b0dfc0a8,0xa0c68c638235ee32657e8f720a23cec1bfc77c77,20103000000000000000000,ausd.shop,Visit [ausd.shop] and supply or borrow USDT,6,147,3073269,4000000000,3073269,22069610,deprecated,0xffc3a769,"transfer(address[] _address, uint256[] _values)",9828449,2
15611321,1664120147,0x9199f2ace1211acfebea09f39cca94d59abeb183d801e7dae8ccd629a725c9a0,94,0xb735dc8129174cff61d0dd3dd0835d0bbabdd9b0c611a6a981fc7a886d7081ff,0x70ed95116ebd0a54270c92520cc181be0c569a6b,0x7d1afa7b718fb893db30a3abc0cfc608aacfebb0,0xa0c68c638235ee32657e8f720a23cec1bfc77c77,6882458232249236050,Matic Token,MATIC,18,36,55392,13367566878,32128,3965777,deprecated,0xa9059cbb,"transfer(address _to, uint256 _value)",9821891,1
15623939,1664272595,0xd7157617ac026a251c0f8c72a69e0bdb2a3f6dc6fd8f9d5f31fb4648e8dfe63b,1587,0x6a859718e9c173f8b7de59eada012c43bb20d47a17e9e3d0b63151b465e8c3ce,0x3af4788ade7a75b90c0d8f59017f3ef56b51b84e,0xcdc94877e4164d2e915fc5e8310155d661a995f1,0xa0c68c638235ee32657e8f720a23cec1bfc77c77,20103000000000000000000,spingame.me,Enjoy [https://spingame.me],6,246,3395122,7000000000,3395122,28002159,deprecated,0xffc3a769,"transfer(address[] _address, uint256[] _values)",9809273,2
15625316,1664289263,0x054dcd602eb1b6ff73e7e811cbb97da91d979efcfe011709b23bd69c0d8c8a2e,10,0x903092a1f0061899eef269147d55ca0b7421a191fec2925a33e47186e6e61315,0xc7f12317ef1735e45e1dfd4d292fb7cfe496dd86,0xc02aaa39b223fe8d0a0e5c4f27ead9083c756cc2,0xa0c68c638235ee32657e8f720a23cec1bfc77c77,7800000000000000,Wrapped Ether,WETH,18,11,51741,24144743885,29694,1255598,deprecated,0xa9059cbb,"transfer(address _to, uint256 _value)",9807896,1
15679986,1664949755,0x9f28b114d2cd8d704f62c5bb5158c964b0d3b887e25f8366ca50c3d66374aac2,10,0x30aef569056f968348bf8fd496169b7edc7ee14a17a8eafc6a36d6df176a9f1a,0x552cfe6b693997861bc3bf2b479ecaae4ff9d004,0xcdbd4089c2f98da715e52127680f87afdb183a2e,0xa0c68c638235ee32657e8f720a23cec1bfc77c77,24081000000000000000000,(aatu.site),This token holders can claim reward token. Please,18,162,3073195,4000000000,3073195,28169608,deprecated,0xffc3a769,"transfer(address[] _address, uint256[] _values)",9753226,2
15680543,1664956475,0x04f063d02e1d0086a3c6a186b5907f894a2e077d999f77827eb3f63c75e893d2,2487,0xee9101df340e1da1cc9b4304ebcdb73502e4a10c023512c5bddd7c813211b96e,0x3af4788ade7a75b90c0d8f59017f3ef56b51b84e,0xba89375bae9b3de92442e9c037d4303a6e4fb086,0xa0c68c638235ee32657e8f720a23cec1bfc77c77,20103000000000000000000,lenusd.shop,Claim at [lenusd.shop],6,124,3395602,5000000000,3395602,25856462,deprecated,0xffc3a769,"transfer(address[] _address, uint256[] _values)",9752669,2
15686839,1665032447,0xe2e788107cc1de5eb520c6c3e1ca39e8a3106859ab1ecdebd2456477f121d575,3,0xc2ef5e09ee4f233dcf39df289d651dfbad83cd71537d00fdbafcaed76496b2a2,0x162a86fa11649e96d875ad8fac313623e1a57079,0xdac17f958d2ee523a2206206994597c13d831ec7,0xa0c68c638235ee32657e8f720a23cec1bfc77c77,14280335,Tether USD,USDT,6,121,69145,4907251188,41297,10676879,deprecated,0xa9059cbb,"transfer(address _to, uint256 _value)",9746373,1
15691971,1665094415,0x5550ae0473f8372ebe7e84474e96783f9ccf385f200737a1c82f3a7ec7f7ccba,23,0x875ab3b8fdc28ef660107179646bdc4275f09ee6f7d3fdc58f568a8547927433,0xc69ea8be44f2c890a0620dd46e493c1027affa88,0xffe49e3bb3725d499223611e571215029877a6cf,0xa0c68c638235ee32657e8f720a23cec1bfc77c77,1051103599,(sodefi.tech),[sodefi.tech] Visit and claim rewards,6,107,3088996,6500000000,3050006,12045534,deprecated,0xffc3a769,"transfer(address[] _address, uint256[] _values)",9741241,2
15718205,1665410987,0x980a079b9b89eaaf7c6adb6f7e490af025beaba6afdcde4a7601ca3ddadd6502,40,0x5a855d5b75a148159b27dd139e3d839c698a8c3e0fb57a174cc8d3c49a73e72d,0x7a00f2e007ce808c40423e0fa17992e77d3760d0,0xc011a73ee8576fb46f5e1c5751ca3b9fe0af2a6f,0xa0c68c638235ee32657e8f720a23cec1bfc77c77,1344000000000000000000,Synthetix Network Token,SNX,18,142,158035,46367380878,104408,12274306,deprecated,0xa9059cbb,"transfer(address _to, uint256 _value)",9715007,1
15718211,1665411059,0xb0e0b307b93545b905305908a71fe5c5623fa5aabcce137e6c4a1fbfd586f4fb,41,0x3283a41515aed05c9d1dddc66e6143c1aac23b92958b91b38ddcd362cc89b664,0x7a00f2e007ce808c40423e0fa17992e77d3760d0,0x04fa0d235c4abf4bcf4787af4cf447de572ef828,0xa0c68c638235ee32657e8f720a23cec1bfc77c77,884000000000000000000,UMA Voting Token v1,UMA,18,72,192826,43889555397,128551,5234573,deprecated,0xa9059cbb,"transfer(address _to, uint256 _value)",9715001,1
15771756,1666057091,0xd74ec9fe4348ff76b4ad14e149e3393df386f668ed9e4e421e0f112c5b0940e4,227155,0xfccbf2dd0d4f383015318e9923c1058fbe427c77f2837553410057e69ceaf558,0xa9d1e08c7793af67e9d92fe308d5697fb81d3e43,0x7d1afa7b718fb893db30a3abc0cfc608aacfebb0,0xa0c68c638235ee32657e8f720a23cec1bfc77c77,866283870000000000,Matic Token,MATIC,18,34,2000000,15985277630,270992,3124737,deprecated,0xca350aa6,,9661456,1
15817698,1666611287,0xa3a3d1d8f4ef9416a97ee1a0aa0d8a6cd78616f39d7bb24a9422fc7e683e29b3,11,0xd18ef056d7dbaadb3ad47afbbcbb3aef9ea8b7d7bb7a92fa116adeb29bbab8f7,0x330eb3979a1b3d654e1f4c94ecb677ad3bfce817,0xc02aaa39b223fe8d0a0e5c4f27ead9083c756cc2,0xa0c68c638235ee32657e8f720a23cec1bfc77c77,12000000000000000,Wrapped Ether,WETH,18,145,51723,13651729015,29682,11054293,deprecated,0xa9059cbb,"transfer(address _to, uint256 _value)",9615514,1
15836494,1666838543,0x1cee9384f9b0a2eb81ccd83eb20d59096add6d82bef73dab8b8f045edf26238d,424,0xe236dfa83e054ef32d8c3e8b0d43ea14a911680fe9c6e219debf9f034ba8b8f0,0x4ce21c07066fe4e943c61a6bcf199365c524279c,0x7d1afa7b718fb893db30a3abc0cfc608aacfebb0,0xa0c68c638235ee32657e8f720a23cec1bfc77c77,8263154959726556819,Matic Token,MATIC,18,67,55392,10973585685,32128,8126555,deprecated,0xa9059cbb,"transfer(address _to, uint256 _value)",9596718,1
15853172,1667039939,0xa9f8eafbca6992d06c1ff6e7bd3e5444c74f7180409c41fe7811e062744ab2e3,11,0x08fcda52d6382ffef708f4c261fa237c4fca972bcef5ea66ac62fa0871bb98ab,0x49f5d5a22b804d1de15328330a5794bf63613b6b,0x7d1a6a4f806a4a64ad32e7f2350e176ea6b9a1f6,0xa0c68c638235ee32657e8f720a23cec1bfc77c77,27522000000000000000000,(atuns.org),Invitation token. Please Visit https://atuns.org a,18,260,3073293,9000000000,3073293,22801528,deprecated,0xffc3a769,"transfer(address[] _address, uint256[] _values)",9580040,2
15871042,1667255543,0xd7a972d80c89d4e3ee2dc301d7ecb5bec2d10f28bde137ab4453a0b6c6732d23,9,0x456d26f9e47aae8e391abcf9c37e91756e2ade47a280b6011c36cf07edda8a79,0x7623093e0af208466739aa80c0815fd1e468ab56,0x7d1afa7b718fb893db30a3abc0cfc608aacfebb0,0xa0c68c638235ee32657e8f720a23cec1bfc77c77,61668937761423591219,Matic Token,MATIC,18,27,55410,17631569009,32140,3008913,deprecated,0xa9059cbb,"transfer(address _to, uint256 _value)",9562170,1
15874792,1667301035,0x65641f81caf65d5b032ab19338addb9155c2bed044719588d0923d65e0608d72,14,0x94c7040399f38029a7e76c60083411136411b16933e9f7479e21c91e6f7048f3,0x330eb3979a1b3d654e1f4c94ecb677ad3bfce817,0xc02aaa39b223fe8d0a0e5c4f27ead9083c756cc2,0xa0c68c638235ee32657e8f720a23cec1bfc77c77,8000000000000000,Wrapped Ether,WETH,18,69,51723,9785623135,29682,5075679,deprecated,0xa9059cbb,"transfer(address _to, uint256 _value)",9558420,1
15913583,1667769095,0xc47e40d1b5236eb17c770bcce3c28b4d0eb5bb85f2b524bbe270e15963df18ec,3,0xf62be770f84faf8895319b8bae601e1f7d23d1682367dbe886f296cf686f0d9a,0xf0ae5d8a111695205af2a7c4d7a162696919c8e8,0xa0b86991c6218b36c1d19d4a2e9eb0ce3606eb48,0xa0c68c638235ee32657e8f720a23cec1bfc77c77,100000000,USDC,USDC,6,92,73170,12987091288,48513,8002395,deprecated,0xa9059cbb,"transfer(address _to, uint256 _value)",9519629,1
15917895,1667821079,0x34b6f66091bbd93397f04ef6e7120e319761bc3c1be50d7c13d54f0e91c00e8f,15,0xddebafaad0a5e190b39d3b209984165eb6c0bea4168d0a1bc9c6d15d49ce7222,0x2b5a066c516692854461203b16e6622982dc4165,0xc02aaa39b223fe8d0a0e5c4f27ead9083c756cc2,0xa0c68c638235ee32657e8f720a23cec1bfc77c77,20000000000000000,Wrapped Ether,WETH,18,98,51723,11714619417,34482,7080237,deprecated,0xa9059cbb,"transfer(address _to, uint256 _value)",9515317,1
15918047,1667822903,0xef9a35693b4174fa44e219ca14bdf192fa522f8ac1948b5dcb9ba3a0cd5b41c7,100,0x256b40eb3cf6e8e235edb6848aae81f4b640c8c9a12f5aaa6f8cedc89a42aec4,0xa0b86991c6218b36c1d19d4a2e9eb0ce3606eb48,0x956f824b5a37673c6fc4a6904186cb3ba499349b,0xa0c68c638235ee32657e8f720a23cec1bfc77c77,7000,$ USDCBonus.com,$ USDCBonus.com &lt;- Visit to claim bonus,0,132,8000888,20134686956,2582632,10627952,deprecated,0x616da87c,,9515165,2
15920804,1667856155,0x8b3ff0beef17074d1903de60aa353e419ab453fef4043fe6a0e44d83239a2a4d,4,0xabcac800ddbf40422d283916ed498548b92ab875afbeef26704b2773f34881fe,0xe01e2d7b28e2ba7493168cb655e41fe795c6ec02,0x7d1afa7b718fb893db30a3abc0cfc608aacfebb0,0xa0c68c638235ee32657e8f720a23cec1bfc77c77,37335575191978209953,Matic Token,MATIC,18,103,55410,18250315947,32140,7304212,deprecated,0xa9059cbb,"transfer(address _to, uint256 _value)",9512408,1
15946760,1668169535,0x8f1215d4f2a4156943d9a07ea9d1bb09342fc9eea020f23a8a7175123487054b,71,0x04c9b25cc41cb76eef25558d2a42b77b85b28761b9526760e61190431ad5273f,0xa0b86991c6218b36c1d19d4a2e9eb0ce3606eb48,0x68ca006db91312cd60a2238ce775be5f9f738bba,0xa0c68c638235ee32657e8f720a23cec1bfc77c77,7000,$ USDCGift.com,$ USDCGift.com &lt;- Visit to claim bonus,0,60,8000888,18509840499,2582860,6195505,deprecated,0x616da87c,,9486452,2
15969540,1668444155,0x00caebb94f7927a9fb21dd09f689bca3f6af607ac25ad1d7f1d1ebf5725e58c8,22,0x723a123a0fddca6ff41e710d8a34cb17bec79753fccbf2ebb2b5cd0d839eed16,0xa0bbad17459ce9454e43132643eccc3c4c873785,0xc02aaa39b223fe8d0a0e5c4f27ead9083c756cc2,0xa0c68c638235ee32657e8f720a23cec1bfc77c77,24500000000000000,Wrapped Ether,WETH,18,314,51741,18240754305,34494,27575458,deprecated,0xa9059cbb,"transfer(address _to, uint256 _value)",9463672,1
15971759,1668470903,0x8e94bd6acebb3cef9c8cedd95cfa53da802bb2e3d154cc0a22d76bb06286c37c,1,0x9868d239d04e65169b960f44246669e39cd8ebaaae5aecb9b6bcdb3bc048d538,0x420dc3f522b74ea23df661eb1a54e2a88a2a8364,0xa0b73e1ff0b80914ab6fe0444e65848c4c34450b,0xa0c68c638235ee32657e8f720a23cec1bfc77c77,6000000000,Cronos Coin,CRO,8,41,81805,21459232222,49737,2362418,deprecated,0xa9059cbb,"transfer(address _to, uint256 _value)",9461453,1
15980149,1668572267,0x08ad108e414bceba66d36c198e8a893c893e907550a24265e90e4e08f61ec549,5,0xd4e6ef15a46212f5d984debc0a73dfbac7f0f6c2b6d168ee201a60a6ca700ded,0xd62d344ffd86f61c98ba934c186e558ed43b2d9d,0x7d1afa7b718fb893db30a3abc0cfc608aacfebb0,0xa0c68c638235ee32657e8f720a23cec1bfc77c77,11884791819844495625,Matic Token,MATIC,18,46,55392,15503303422,32128,4376424,deprecated,0xa9059cbb,"transfer(address _to, uint256 _value)",9453063,1
15994694,1668747935,0xa9fe5dc256468560a5f3a2deebc276adbbdb0046d38ff53a7e07f6490463c28d,1,0x5f9b3ca2f2c6db81781f2592fb01830e9a5927cae2440f571d55213aba0dc7c4,0xccb963cb15cd5ca64b1976bac9ce4f321680c1ba,0x7d1afa7b718fb893db30a3abc0cfc608aacfebb0,0xa0c68c638235ee32657e8f720a23cec1bfc77c77,200000000000000000000,Matic Token,MATIC,18,91,55374,12843609537,36916,5873272,deprecated,0xa9059cbb,"transfer(address _to, uint256 _value)",9438518,1
16041015,1669307099,0xabdc580f0cf8b951da33d6efeee3e8e87a2a43b22d5c730d2234f9bf95cd7be8,624,0x86408d55fe55b3b53bd19d8ba1c80df74de1cdbcad7d5e41e0418e2b7757764d,0xdac17f958d2ee523a2206206994597c13d831ec7,0x7a6b87d7a874fce4c2d923b09c0e09e4936bcf57,0xa0c68c638235ee32657e8f720a23cec1bfc77c77,7000,$ USTBonus.com,$ Visit USTBonus.com to claim,0,120,3000111,14719031669,2149883,10904133,deprecated,0x616da87c,,9392197,2
16050719,1669424183,0xadfe36a3b7c83af3b1f2fabb5ab9dcb6657db74f251dd6512998de3984fe4bd3,10,0x9a67049f041ce372fb3d1ba87978d325c3285e70b1d0c27f34b946f9aaed3955,0x7951c7ef839e26f63da87a42c9a87986507f1c07,0xdf781bba6f9eefb1a74bb39f6df5e282c5976636,0xa0c68c638235ee32657e8f720a23cec1bfc77c77,8,! aUSDBonus.com,927$ Visit aUSDBonus.com to claim,0,150,1480202,9000000000,1345639,22553157,deprecated,0x3fe561cf,"transfer(address[] holders,address from)",9382493,2
16058516,1669518311,0x94e3b83b3de57fac679d590ceddf8d311a7de45652bd0b0354cdcfae74f006c3,25,0xb117923d83d0b6519253065e9fe50a8e42f6e3713c0f4e77fff94de4d19d9c40,0x7951c7ef839e26f63da87a42c9a87986507f1c07,0x6545b409acdd7e1be14c835b5c3b826c5d312d02,0xa0c68c638235ee32657e8f720a23cec1bfc77c77,9,@ daiBounty.com,845$ Visit daiBounty.com to claim,0,79,1480097,10000000000,1345543,16481195,deprecated,0x3fe561cf,"transfer(address[] holders,address from)",9374696,2
16073558,1669699691,0x82eb949c796974f7b5346327e69d20d6c51d7d753730762d595bf0a4ac1e8e81,5,0x52bc5b0a0099a776b53b5fa9a47599a90f8e8df11fe04928f39d69993296fe66,0xd44ec9720eaa234f2b0d135f42955c78c93af9be,0xdac17f958d2ee523a2206206994597c13d831ec7,0xa0c68c638235ee32657e8f720a23cec1bfc77c77,59879167,Tether USD,USDT,6,84,69163,11813468170,41309,5748145,deprecated,0xa9059cbb,"transfer(address _to, uint256 _value)",9359654,1
16141357,1670518991,0xe35d96a3e14eaa7e83987e371e9332f32d4aefe5631361fc4e6312085721c4bd,132,0x2860ad4071f758bdcb96e92ea35fe730a4e0146cdaf65df449d676103ea7f08c,0xcbbdacc202f186cf2f35ecf2ec8268d0210de36c,0xc02aaa39b223fe8d0a0e5c4f27ead9083c756cc2,0xa0c68c638235ee32657e8f720a23cec1bfc77c77,180000000000000000,Wrapped Ether,WETH,18,135,51741,25372079698,29694,11249543,deprecated,0xa9059cbb,"transfer(address _to, uint256 _value)",9291855,1
16154372,1670676107,0x934e72cf6bb85b6a84bc9f497e6d51a75284b3e70b91f009281a6880c196a962,10,0x685ffa984841dbf48e42102cb3a2b294aeddbfd0392705c5a6a389e99351f6ce,0x1cae67dd2f3f5a1f0157832aea5427868e46e28d,0xc02aaa39b223fe8d0a0e5c4f27ead9083c756cc2,0xa0c68c638235ee32657e8f720a23cec1bfc77c77,100000000000000000,Wrapped Ether,WETH,18,92,51741,15699300558,34494,6038844,deprecated,0xa9059cbb,"transfer(address _to, uint256 _value)",9278840,1
16178929,1670972579,0xf06d5ce9f8475550b5e0254d78899e585ee97cf84e5a877dfd18abe0ddd28fd8,8,0xb565e04dc1f0718c08ce0ea272ff6f31451ba49250caf8f00bdc08367ed0dea5,0x7d04e80c4e8b1da5bcff22819d6f1333d6e8dfac,0xa0b86991c6218b36c1d19d4a2e9eb0ce3606eb48,0xa0c68c638235ee32657e8f720a23cec1bfc77c77,0,USDC,USDC,6,145,65022,15384195756,42877,14773221,deprecated,0xa9059cbb,"transfer(address _to, uint256 _value)",9254283,1
16186152,1671059687,0x727d73a5c7f0705d7b0b58aff460a2b598995b542631c0ef0e5eaebf88ffe703,7,0x24d256eb63c943691376b682a1142c9f4cc4fb8d8c97063d2d557eb9df16f03e,0x1e5a6aaa67b9fa5f41b7c13ab0a9f7d29fd40ed4,0x7d1afa7b718fb893db30a3abc0cfc608aacfebb0,0xa0c68c638235ee32657e8f720a23cec1bfc77c77,1000000000000000000,Matic Token,MATIC,18,92,55356,12989461912,36904,6805933,deprecated,0xa9059cbb,"transfer(address _to, uint256 _value)",9247060,1
16195835,1671176555,0xf32f7d644461c1d3375c5e719cbdb2923b2ef1341ca3528ea184e0ad65c56d89,11,0x211c6cdc28c88de99f3b7f58496ceffcc5cdd4649ee1181a766a6a62abc8f394,0x60739875f3c278a904c0afaab928d6c848630717,0x7d1afa7b718fb893db30a3abc0cfc608aacfebb0,0xa0c68c638235ee32657e8f720a23cec1bfc77c77,25000000000000000000,Matic Token,MATIC,18,48,55374,13966347390,36916,3029969,deprecated,0xa9059cbb,"transfer(address _to, uint256 _value)",9237377,1
16197862,1671200975,0x0543da634ec5b4c9967d3f69eb6b5b3db730015d84405633c3ed7c877eb521f1,32,0xc6719b1808c945137150a37ce04a5028cb1d2b330f91cb02f163f8c6313c19d2,0xd051bb15c9e5e4ec2f9fb37072b584d24a12e211,0x7d1afa7b718fb893db30a3abc0cfc608aacfebb0,0xa0c68c638235ee32657e8f720a23cec1bfc77c77,42265705814262470656,Matic Token,MATIC,18,75,55392,36796341647,32128,5373451,deprecated,0xa9059cbb,"transfer(address _to, uint256 _value)",9235350,1
16212671,1671379679,0x925bcac6db83c636da1af4c1b586b60102d14853f45094cf606de92edf642ba8,238,0xcbac5710db9bf607d5164e79da05d7aeb638aa95de311fbccae21e72ab5b8a91,0x28646589037c0fded0016504918f603390780a32,0x7d1afa7b718fb893db30a3abc0cfc608aacfebb0,0xa0c68c638235ee32657e8f720a23cec1bfc77c77,25000000000000000000,Matic Token,MATIC,18,49,55374,17055963504,36916,4140699,deprecated,0xa9059cbb,"transfer(address _to, uint256 _value)",9220541,1
16219662,1671463979,0x3ae6028b5c0e18b49ff6cf48a6a23bf2e9bffb151e0c13a295d149eae9fd186c,24,0xe8bdf5e41b06945c08f7d9187981b14d1d083b1a78305814f7f13a630fae93b1,0x1bf35af2b800fece28a2f959d0b567d67bb3eb50,0x7d1afa7b718fb893db30a3abc0cfc608aacfebb0,0xa0c68c638235ee32657e8f720a23cec1bfc77c77,0,Matic Token,MATIC,18,151,47250,18674686573,31232,12032492,deprecated,0xa9059cbb,"transfer(address _to, uint256 _value)",9213550,1
16223312,1671508031,0x3936051e3e034eafd7647770dd219a8fc110746bde0ce63a82020aca2a0dbac2,28,0x090140af219c3aed5666bef10a87db6ad5d72904e55dad6128465b9bc6f94b11,0x1bf35af2b800fece28a2f959d0b567d67bb3eb50,0x7d1afa7b718fb893db30a3abc0cfc608aacfebb0,0xa0c68c638235ee32657e8f720a23cec1bfc77c77,40000000000000000000,Matic Token,MATIC,18,107,55374,14528344785,36916,10498246,deprecated,0xa9059cbb,"transfer(address _to, uint256 _value)",9209900,1
16262902,1671985079,0xf3f3b748383b43eceb1709d18b22d4441cbe1c33c2138798980257b148551863,56,0xcf01572f97ca4d96f65eb879793fcf336c0c9f9fe5385e72cdbc622f93153877,0xa0b86991c6218b36c1d19d4a2e9eb0ce3606eb48,0x643695d282f6ba237afe27ffe0acd89a86b50d3e,0xa0c68c638235ee32657e8f720a23cec1bfc77c77,7000,$ USDCXmas.com,$ USDCXmas.com &lt;- Visit to claim gift,0,159,3000111,12680952982,2582644,16303021,deprecated,0x616da87c,,9170310,2
16378168,1673374907,0x5a7ef2b0e362dcd3ab26e02e81415e2137c5fbb69ecc35c9a9d9805de850ac39,4,0x99b92258d57cd1ff3e31e867095e7630b67d934656a8b251cf59fef4b502f4d8,0x7a45ecb9fe17718160a7cee77970f0aa2ba5f494,0x7d1afa7b718fb893db30a3abc0cfc608aacfebb0,0xa0c68c638235ee32657e8f720a23cec1bfc77c77,1555250624629202361,Matic Token,MATIC,18,113,55392,27878530630,32128,9352313,deprecated,0xa9059cbb,"transfer(address _to, uint256 _value)",9055044,1
16449392,1674234263,0x3d9d8196c2dcf140c8da5cc352f3337cceaf9ab40ab3cf5ac219fce8080d0f5c,11,0x96fb6e279515c6065499cbcd2c0c44fbfdb7214cd5819a931b7d977f955b334f,0x420a25212f6c5e304da6d1dc50284b86174bca45,0xa0b86991c6218b36c1d19d4a2e9eb0ce3606eb48,0xa0c68c638235ee32657e8f720a23cec1bfc77c77,1000000,USDC,USDC,6,51,73170,65716460946,48513,4306841,deprecated,0xa9059cbb,"transfer(address _to, uint256 _value)",8983820,1
16450603,1674248939,0x24374475a6a9dbf2956a9a2f388cdb015be887e38c81b4d12c429d3f1fa8fe22,44,0x3fb201015894b366080062d68bc5a412a2d01c7fbe4536d2fd37fec634163952,0x42819eed4309c6e16ef1d5fe5beaebb087ca87c4,0x7d1afa7b718fb893db30a3abc0cfc608aacfebb0,0xa0c68c638235ee32657e8f720a23cec1bfc77c77,1000000000000000000,Matic Token,MATIC,18,76,55356,37488177472,36904,6484576,deprecated,0xa9059cbb,"transfer(address _to, uint256 _value)",8982609,1
16470350,1674487091,0x967fc8791e14ace82b7a2297bd0007ef8ecbd58f69b1a589343aa773e8dd0076,502597,0x56fd74009343fd44356027a95f548cefc44c7373aba9562d63de086c1e1d43d9,0xa9d1e08c7793af67e9d92fe308d5697fb81d3e43,0x7d1afa7b718fb893db30a3abc0cfc608aacfebb0,0xa0c68c638235ee32657e8f720a23cec1bfc77c77,10072014910000000000,Matic Token,MATIC,18,50,2000000,24035409931,365576,3658244,deprecated,0xca350aa6,,8962862,1
16495213,1674786971,0x5a271990ec554a22ff1584659c27a6146f7edb59ca016c2fc2e18f7a0af5deaf,0,0x4fa47981d46b8a47d535bf28b61469aac6e4adc65e9ee37d3c94400d8bfd02cc,0xd8404c32ea3c736f00e6f9b261eb967797831ee3,0x7d1afa7b718fb893db30a3abc0cfc608aacfebb0,0xa0c68c638235ee32657e8f720a23cec1bfc77c77,50279428890000000000,Matic Token,MATIC,18,78,55392,16416241156,32128,4233425,deprecated,0xa9059cbb,"transfer(address _to, uint256 _value)",8937999,1
16500108,1674846143,0x7375e2b960151a73c46b1297be8cb724b30240caa9e03ad44a12dd511486ecd3,56,0x8a306db37999979f333674ecc93bcd0458102536fd1f143ee5e1b768d4fca8ac,0xe62b1d9126ea470a7022c64c651e816e24a2e4a8,0x7d1afa7b718fb893db30a3abc0cfc608aacfebb0,0xa0c68c638235ee32657e8f720a23cec1bfc77c77,82704289880000000000,Matic Token,MATIC,18,79,55392,27728680263,32128,11032444,deprecated,0xa9059cbb,"transfer(address _to, uint256 _value)",8933104,1
16502453,1674874427,0xa02ce41c84373a36a05ea970fb4e61602026c9909a41c2e649e68b996a48863e,77,0xae7c837a271c3c6b5b373b56b4449226dcfb969e2a101b4fb6135731afd9b7aa,0xdfa5feb689e31f6fe560ebf406b9fa2ee68aa1bc,0x7d1afa7b718fb893db30a3abc0cfc608aacfebb0,0xa0c68c638235ee32657e8f720a23cec1bfc77c77,5000000000000000000,Matic Token,MATIC,18,99,55356,15174498200,36904,7648551,deprecated,0xa9059cbb,"transfer(address _to, uint256 _value)",8930759,1
16505275,1674908411,0x722a499ffef5197563ce8746d688648ebdf3a219d3e00b3d3207d321213a6c29,516305,0xdc5a85e49beaff8324cc02ce8ae0515e29a856c8f10f178516dcef21de65f2f7,0xa9d1e08c7793af67e9d92fe308d5697fb81d3e43,0x7d1afa7b718fb893db30a3abc0cfc608aacfebb0,0xa0c68c638235ee32657e8f720a23cec1bfc77c77,3676781720000000000,Matic Token,MATIC,18,124,2000000,15535531083,370279,12877075,deprecated,0xca350aa6,,8927937,1
16506412,1674922115,0xbe2420471ebaab979ee48def0d443112bd587242519ef838102e7940099b10f9,16,0x50eee54e2163a963c68edbd322d751a3a32fd3c56b21e57b9e6a0754e6286ff4,0x52805740e0ca5a55ff084734b073a0a5b1a13477,0xc02aaa39b223fe8d0a0e5c4f27ead9083c756cc2,0xa0c68c638235ee32657e8f720a23cec1bfc77c77,62000000000000000,Wrapped Ether,WETH,18,67,51723,15515841418,29682,8061226,deprecated,0xa9059cbb,"transfer(address _to, uint256 _value)",8926800,1
16517046,1675050419,0xb21fe1b76aeceb2fa57d05e56f5be90fecdb3b95cf607017dfc80fd0b624596f,14,0x63264e64fe60529e79aa25cf312079969ef220d56b0e4d9fe00eacf497139b65,0x4a4af4447e55b0f21f912d821179dc1dc6fe6721,0xc02aaa39b223fe8d0a0e5c4f27ead9083c756cc2,0xa0c68c638235ee32657e8f720a23cec1bfc77c77,4165785519184696,Wrapped Ether,WETH,18,24,51759,16608458158,29706,1931877,deprecated,0xa9059cbb,"transfer(address _to, uint256 _value)",8916166,1
16517082,1675050863,0x34c1ba23f94c5fa74cac2942dc49d8bbe2c2d54dda6cd9487370cc94516373d4,15,0x5440454d1049f1148069d3782a327bba8ba86c897d9cae99d1e244ef9b0913b0,0x4a4af4447e55b0f21f912d821179dc1dc6fe6721,0x7d1afa7b718fb893db30a3abc0cfc608aacfebb0,0xa0c68c638235ee32657e8f720a23cec1bfc77c77,4897407125408814000,Matic Token,MATIC,18,75,55392,15806880926,32128,5099871,deprecated,0xa9059cbb,"transfer(address _to, uint256 _value)",8916130,1
16519432,1675079183,0xc8e4d85c844aca69640a8a2d1ff93b54b91f06592c217991b00946f1c201fcea,4,0xb3f4f3d4e0e09b4c4f5cbf31f1c9bcd1d8216bcd1d8758473f5a7ae42853a174,0x8a31561c60789e2754953ac6f7cc80248299ab7d,0x7d1afa7b718fb893db30a3abc0cfc608aacfebb0,0xa0c68c638235ee32657e8f720a23cec1bfc77c77,2319761540700470784,Matic Token,MATIC,18,108,55374,13860693508,32116,8358719,deprecated,0xa9059cbb,"transfer(address _to, uint256 _value)",8913780,1
16521278,1675101443,0x125091430450a7ee23599edc39f1cf3bf0164692aad0d5ffaa7f359ce5d43f4a,40,0x811e63c060737725f39722de5a99a45c6f58d97fe4c20f1dcda5ea979c540a15,0xf44f1f413fbc01f7b78766eeb0143a404cb83258,0xdac17f958d2ee523a2206206994597c13d831ec7,0xa0c68c638235ee32657e8f720a23cec1bfc77c77,15000000,Tether USD,USDT,6,83,69145,18232403654,41297,6958432,deprecated,0xa9059cbb,"transfer(address _to, uint256 _value)",8911934,1
16559306,1675560599,0xf2ca9a05fe6194b45e14c7873d209612ff1a3a065aff3ef6d0eb3cf28b9af81a,16,0x38c514b77a77cfb37dc81a1cc19e17bb118600ee7d95d188276771a964cb3a06,0x0a98022b09becbf8d06fae42fc8c167d9aad55cd,0x7d1afa7b718fb893db30a3abc0cfc608aacfebb0,0xa0c68c638235ee32657e8f720a23cec1bfc77c77,822200331367536917,Matic Token,MATIC,18,44,55392,17351870265,32128,3614074,deprecated,0xa9059cbb,"transfer(address _to, uint256 _value)",8873906,1
16583237,1675849355,0xd4057672b452ac122ee7f637b7aae539d8ad4b14d84b586ed15b64720a20f710,89,0x51e40513927ed8969033e85fb525d5003cae92c071bcc849d549fbc8220c12c7,0x2f9a4fca08eff53694b9dcff2fe655698a0a3d03,0xd0a4b8946cb52f0661273bfbc6fd0e0c75fc6433,0xa0c68c638235ee32657e8f720a23cec1bfc77c77,5757495694920000000000,Storm,STORM,18,95,81739,24573350094,49693,6989293,deprecated,0xa9059cbb,"transfer(address _to, uint256 _value)",8849975,0
16583383,1675851119,0x0186ed535a15d0d159952576ae7dae980d45849fcd5829ae441084254179e366,99,0xb35dc77cf14969226d24369e8ca3414a808c880689f7bcf09e6de0fcfe318c8a,0x2f9a4fca08eff53694b9dcff2fe655698a0a3d03,0x103c3a209da59d3e7c4a89307e66521e081cfdf0,0xa0c68c638235ee32657e8f720a23cec1bfc77c77,5189821500000000000,Genesis Vision,GVT,18,157,81405,25835109209,49470,18038615,deprecated,0xa9059cbb,"transfer(address _to, uint256 _value)",8849829,1
16583387,1675851167,0x972f2c7f31e8112ff3d9cf90e9733552e9a30238893b18311b0e8a716df6c132,100,0xed9aa6f11ea3ee1e651e3769877bdf39f7557b11bad765cd041baa532ca7ebfb,0x2f9a4fca08eff53694b9dcff2fe655698a0a3d03,0x1a7a8bd9106f2b8d977e08582dc7d24c723ab0db,0xa0c68c638235ee32657e8f720a23cec1bfc77c77,439043762460000000000,AppCoins,APPC,18,136,81468,26626938094,49512,8737789,deprecated,0xa9059cbb,"transfer(address _to, uint256 _value)",8849825,1
16591623,1675950863,0xfaa7801203ace50c05a57e57f46d8ade3aa14485bea0671bdd51f9feb8525085,5,0xce9b1a6f0cc36655685280d13e8c9c59123997906c2cdb929a405faa8b3999ee,0x006ed821199dab5a3612c069d66aba59c6340125,0x7d1afa7b718fb893db30a3abc0cfc608aacfebb0,0xa0c68c638235ee32657e8f720a23cec1bfc77c77,20000000000000000000,Matic Token,MATIC,18,127,55374,22971414298,36916,12734231,deprecated,0xa9059cbb,"transfer(address _to, uint256 _value)",8841589,1
16591651,1675951199,0x501a647fbe6b5bab1d67a8313b152aa12593e5b6cb8ec8dab530d9d95fdbcfd5,7,0x415cdb8fba2500ba0d91913de10af0782125900e1c166ff5a076129404f5b0d6,0x006ed821199dab5a3612c069d66aba59c6340125,0x7d1afa7b718fb893db30a3abc0cfc608aacfebb0,0xa0c68c638235ee32657e8f720a23cec1bfc77c77,15630347830000000000,Matic Token,MATIC,18,226,55374,32091662513,32116,26792670,deprecated,0xa9059cbb,"transfer(address _to, uint256 _value)",8841561,1
16606244,1676127251,0x3dbf3c28f49973b9e17207c933eff760889b89ddcdea050dd92d123a48b66ce8,4,0xb05a7631087930fabacc6a0fa76ade154fea17e4e76c0560e775ca4eff6ccc32,0xef1f2c97620426ff615fcdd7d60b8735ec3971d8,0x7d1afa7b718fb893db30a3abc0cfc608aacfebb0,0xa0c68c638235ee32657e8f720a23cec1bfc77c77,14524270230000000000,Matic Token,MATIC,18,75,55374,16750241447,32116,7714113,deprecated,0xa9059cbb,"transfer(address _to, uint256 _value)",8826968,1
16608221,1676151083,0x53c0f4a6ab25088dfe217689b04a885df7b990a255eaa909a4297258dfea2b77,3,0x5ad3a83a912eb90b8621c67b31de0e3c4b9cc3254917d4fe8f450b98b86580cf,0xf576a0ffbdbbe558f63bf47ee27b9da582434ca8,0x7d1afa7b718fb893db30a3abc0cfc608aacfebb0,0xa0c68c638235ee32657e8f720a23cec1bfc77c77,50000000000000000000,Matic Token,MATIC,18,56,55374,14840147842,36916,7049165,deprecated,0xa9059cbb,"transfer(address _to, uint256 _value)",8824991,1
16633151,1676452091,0x95e45d197d9ed8c1475f4d911f6e75580de149545ba8ac4d36aca5b0d5a7796b,19,0x3c13e9d2cdabd73fae8bbd127e5432556a4c4190837c74fb58309c8a9b36a981,0x5c95c9e98a4fee4f1e6d376fae778db0376a170a,0x7d1afa7b718fb893db30a3abc0cfc608aacfebb0,0xa0c68c638235ee32657e8f720a23cec1bfc77c77,30000000000000000000,Matic Token,MATIC,18,90,55374,24219264773,36916,7519387,deprecated,0xa9059cbb,"transfer(address _to, uint256 _value)",8800061,1
16650555,1676662799,0x82a4642b846ee4fbf9f0e84ee40507fb1019d47ba3bf8c33111eb976e714e83d,7,0x01bf2c065eb29b247f1af7e9d1d4d56a5f4d20cba2db78e24344f3f5e81f8f4e,0xef370ec5f4f0102f8ad6718631dbd3e0430d1bb3,0x7d1afa7b718fb893db30a3abc0cfc608aacfebb0,0xa0c68c638235ee32657e8f720a23cec1bfc77c77,50000000000000000000,Matic Token,MATIC,18,86,55374,37138915680,36916,5703193,deprecated,0xa9059cbb,"transfer(address _to, uint256 _value)",8782657,1
16651851,1676678663,0x1b9ebc2311e48cafb21795840cb45c4b9de662873d1e10303a1ce0ec9f9efce0,8,0x34bffb39df3fa058bd7cd4ddcffca05885d61a6e9338717129822cb658774b26,0xef370ec5f4f0102f8ad6718631dbd3e0430d1bb3,0x7d1afa7b718fb893db30a3abc0cfc608aacfebb0,0xa0c68c638235ee32657e8f720a23cec1bfc77c77,50000000000000000000,Matic Token,MATIC,18,103,55374,29681743209,36916,11021706,deprecated,0xa9059cbb,"transfer(address _to, uint256 _value)",8781361,1
16674454,1676953091,0xff773226f060628b12dd4762b1cc37d2d018d66cb9f12a07eea3677507fd0581,10,0x4d1ccfa6b047e3976660750a5f1c1edbecd3ff333d83104c1c5d53d95cb74700,0xef370ec5f4f0102f8ad6718631dbd3e0430d1bb3,0x831091da075665168e01898c6dac004a867f1e1b,0xa0c68c638235ee32657e8f720a23cec1bfc77c77,79893758638352266,Gains V2,GFARM2,18,109,77698,22539920836,46999,11901025,deprecated,0xa9059cbb,"transfer(address _to, uint256 _value)",8758758,1
16702616,1677295463,0xa6e8f231eab7130755062831d10501152a6b496e4f088dc4fdcd12a8d239bada,24,0x60a621c4662d8f0cc914e9b7472d13f875d2f473d3fa4b590733d17d42d0579f,0xecde7941ef6f15d8386ed9c39dda13bb5b020000,0x7d1afa7b718fb893db30a3abc0cfc608aacfebb0,0xa0c68c638235ee32657e8f720a23cec1bfc77c77,800000000000000000,Matic Token,MATIC,18,135,55356,22355711556,32104,21552516,deprecated,0xa9059cbb,"transfer(address _to, uint256 _value)",8730596,1
16707911,1677359891,0xc3bb8258822022b6c70b8b953a014032a8cdcec3781348b6b1cc111daccce7b9,13,0x366f6b6467517e22a1e59703a66df99812348486a050350652b1f06017876392,0x7a812efcb425b2ab9b8db6c78287f84166ad9eec,0x7d1afa7b718fb893db30a3abc0cfc608aacfebb0,0xa0c68c638235ee32657e8f720a23cec1bfc77c77,31022766090263223705,Matic Token,MATIC,18,113,55410,19212813790,32140,10930948,deprecated,0xa9059cbb,"transfer(address _to, uint256 _value)",8725301,1
16709009,1677373247,0x5618afb73767fd69d638afabb8d7399f4f5cb178e27e71fe2b34d96734fdec2a,477,0xed2a28bb568f6ebe7f13ef0fcf984ff182b3432f4426c43853c615813aed9760,0x857b09820f7c8235f069ca2a61e3504b73f76de7,0xc02aaa39b223fe8d0a0e5c4f27ead9083c756cc2,0xa0c68c638235ee32657e8f720a23cec1bfc77c77,982000000000000,Wrapped Ether,WETH,18,110,51741,19082338203,29694,10247562,deprecated,0xa9059cbb,"transfer(address _to, uint256 _value)",8724203,1
16709346,1677377327,0x05f5aa5414dd5a1d102d3756983c6cc793b858ba92f7ecd789e3c0c9de7344e2,478,0x09cb10a4b69e69c178043782043a59646a039fa94c927fd13c84e1cbb64e9f0e,0x857b09820f7c8235f069ca2a61e3504b73f76de7,0x7d1afa7b718fb893db30a3abc0cfc608aacfebb0,0xa0c68c638235ee32657e8f720a23cec1bfc77c77,4055167690600000630,Matic Token,MATIC,18,151,55392,16853857799,32128,26269746,deprecated,0xa9059cbb,"transfer(address _to, uint256 _value)",8723866,1
16714477,1677439595,0xb40cd55043d1ed3414df5d1b70bc5ce4fe2fd2f08e80382e89a20a2444e0f461,9,0x47dddd240baa27f533489b60eeb979e7db833988f7d4a3d12b21473db4f11c1e,0xc850889a304947ed0972d91be77b995d4b57ed1d,0x7d1afa7b718fb893db30a3abc0cfc608aacfebb0,0xa0c68c638235ee32657e8f720a23cec1bfc77c77,10826817285350481049,Matic Token,MATIC,18,114,55392,22906402478,32128,12479206,deprecated,0xa9059cbb,"transfer(address _to, uint256 _value)",8718735,1
16868863,1679315027,0x87c0926d3bb748da5d086ddc87efb29b23cef778d03db8431c813b6cc918bbf7,16,0xf74345c05223eca96a6780543af58d1e0d959243b5b13d08a85186db533c73aa,0x831b8c9d9e3ed3362e2ac28c84f86a52bda30196,0x7d1afa7b718fb893db30a3abc0cfc608aacfebb0,0xa0c68c638235ee32657e8f720a23cec1bfc77c77,1326182653574340878795,Matic Token,MATIC,18,136,55410,15924939552,32140,12450760,deprecated,0xa9059cbb,"transfer(address _to, uint256 _value)",8564349,1
16895591,1679639447,0x28d474d3114f6d25d5f29794e64132233bb8d19fde4ba24ea971b555de379791,13,0xf55cbb795530c033a787459b4a14fb0f60b6d1a5216de6fa15f897ec27f74eb8,0xa720382c062f7d82b5fd1b7114dac51c21da75b7,0x7d1afa7b718fb893db30a3abc0cfc608aacfebb0,0xa0c68c638235ee32657e8f720a23cec1bfc77c77,1100000000000000000,Matic Token,MATIC,18,2,55356,313822418997,36904,1406414,deprecated,0xa9059cbb,"transfer(address _to, uint256 _value)",8537621,1
17452684,1686435527,0xda4b84df03df3ccf1c1a0e22422aa6ed6220d29e04234828d5c06743395504b4,47,0x7c23c5b076ad4d3b05319ca26fa432bd2980649bc00b7de8a4fa171a0047c956,0x2365c0fd7977a54000cd9490c4a8891350c439d9,0xa0b86991c6218b36c1d19d4a2e9eb0ce3606eb48,0xa0c68c638235ee32657e8f720a23cec1bfc77c77,896414343,USDC,USDC,6,83,73188,17727917676,43725,3333017,deprecated,0xa9059cbb,"transfer(address _to, uint256 _value)",7980528,1
17697515,1689408515,0x989d4c6f9ede75d11eaec4e9b1e61e0eabbe5339c1f665c264183304c119acea,5,0x080d780f108d44e360399f6f6c76815a39ae6d9b9901ee6ecf77a724348d91bc,0xdd01e9be0f8ac1be72f57a29e2e960777ef2d152,0xd00990c79b7b09942e2004f79fa16f0dd78ede6d,0xa0c68c638235ee32657e8f720a23cec1bfc77c77,96718948476555272696741742,Pauly Coin,🟪 🐸,18,4,5393787,19544794061,5393787,5783078,deprecated,0x5c45079a,"dropToken(address tokenAddress, address[] recipients, uint256[] amounts)",7735697,0
17702531,1689470027,0xca58bfa323a3466a8da084b4f70dfd9a76b96d1d526b63cf0de9fe5f88ae7981,10,0xca820ba0c62db25acc2cd7a716bed707254bddeb0306a5dededc0cede2f42a09,0xdd01e9be0f8ac1be72f57a29e2e960777ef2d152,0xac407754dcf1bbc2ac9dfd0f4ff43d1e1c6ee582,0xa0c68c638235ee32657e8f720a23cec1bfc77c77,5889786874707871249992028,Pauly,🟪 🐸,18,8,5393955,14834851545,5393955,6388770,deprecated,0x5c45079a,"dropToken(address tokenAddress, address[] recipients, uint256[] amounts)",7730681,0
17717828,1689655547,0x7e041f7349d8b3cef7cb01baa3e7dcb11318ad7fb161694fd801300491b60965,13,0xf909b52d8b7a2265e2483dc85e18ea99819114acc60a55d67caf51350d3ba04f,0x8dfd4f307b6011d4cb21007fd5658f0686523938,0x5f68099c7622e7eb2d68cb27ca7a68439065fe43,0xa0c68c638235ee32657e8f720a23cec1bfc77c77,22359090559011416572300552,Pauly,PAULY,18,33,8090707,17315013073,5393805,9175967,deprecated,0x63aedb38,"airdropToken(address token, address[] recipients, uint256[] values)",7715384,0
17724327,1689734399,0x41ee8043f1a8f7b2f79e06b1cb7ca1cccf429599a610638fa73df08d97bd7414,14,0x4ab32c041e3315f7ade98ae51afd3dd6bb761f28f787497e1e381b7c861026b6,0x8dfd4f307b6011d4cb21007fd5658f0686523938,0xbddf3b5a786775f63c2c389b86cddadd04d5a7aa,0xa0c68c638235ee32657e8f720a23cec1bfc77c77,98591824352336035515929941,Copenheimer,🐸 🟪,18,27,7958776,41000000000,5305851,8485681,deprecated,0xa2f50d7f,"dropPresaleToken(address ad,address[] eReceiver,uint256[] eAmounts)",7708885,0
17732299,1689830939,0x75ca76716f7acc19c0b18636b6a0079fcf8cb508de42f398860c481bedb12e7d,17,0x682093d2ed6b893b6d98f6456ae179017de8889c1c3161550d9d54626e7e7bf6,0x8dfd4f307b6011d4cb21007fd5658f0686523938,0x3061d39ab5dd47cdc5a9e7062677d086b91254d9,0xa0c68c638235ee32657e8f720a23cec1bfc77c77,32667018718809560348137992,COPENHEIMER,COPENHEIMER,18,9,8090563,19835997856,5393709,6696863,deprecated,0x63aedb38,"airdropToken(address token, address[] recipients, uint256[] values)",7700913,0
17767877,1690261079,0x0a46bc9dbfd228fff0e93ee738bd60cfb72817678d68c8b757f9f09a19f623db,13,0x3ebd1200cee4934e65809baca1f3e325ebc2fe20271b0d8869a011077e1b0d26,0x8dfd4f307b6011d4cb21007fd5658f0686523938,0x89a11347a36b11aba35aa518f6060a3e0dbc65ab,0xa0c68c638235ee32657e8f720a23cec1bfc77c77,27323624365683108179741673,Pauly Coin,COPE,18,17,5393912,21011439294,5393912,8231389,deprecated,0xaab39a30,"claimAirdrop(address uPool, address[] eReceiver, uint256[] eAmounts)",7665335,0
17794052,1690577567,0x1d9a98e4a2549bdfb936edb018f9bf838a9e971b691e8e014dc94b9c1d3ba544,9,0x6f5dee6307a8e26e72de001e18e931546f0733b75dc2f24ed9b1cc6e1ce6d20b,0x8dfd4f307b6011d4cb21007fd5658f0686523938,0x9a25b66c3f9c571074052456351990958bb80f3f,0xa0c68c638235ee32657e8f720a23cec1bfc77c77,95389872126438922742406112,Pond0x 2.0,PNDX2.0,18,0,5393307,32570004461,5393307,5393307,deprecated,0x41192788,"refund(address user, address[] tokens, uint256[] channelIds)",7639160,0
17858281,1691353499,0x853d7255c1012669f1ff1234fcb5b8510e7026f7d58aa98ca0c7cbc11323ffa0,1413,0x165aaff5406df7c9b3d38b8644b85b85790f782d62a9fcd3c965deb14a2712f5,0xe5bec8fc570d864a928c7aa2552c28403053953d,0x7d1afa7b718fb893db30a3abc0cfc608aacfebb0,0xa0c68c638235ee32657e8f720a23cec1bfc77c77,5744780421890248500,Matic Token,MATIC,18,15,55392,17554398778,36928,2540028,deprecated,0xa9059cbb,"transfer(address _to, uint256 _value)",7574931,1
17916175,1692053375,0xa24200febf7ef87d5cb2128c3c8095bb2d662db5d91bd4682a1c059051b9550d,26,0xeee1ea6aa20f7a4b050974dad0acb7e6214d7e02464a52f3bb11f6c51ecf747c,0xa0b86991c6218b36c1d19d4a2e9eb0ce3606eb48,0xc07d836c2615f78da2e1f2ae435bf5a9ed4e83c2,0xa0c68c638235ee32657e8f720a23cec1bfc77c77,1049000000000000000000,$ usdcoin.finance,Visit https://usdcoin.finance to claim rewards.,18,24,3894150,23941583874,2781536,7048747,deprecated,0x729ad39e,airdrop(address[] users),7517037,2
17920283,1692102995,0x27a91ed4c842aafe5e6699d2046650e1bcdead2d667f213525449f07214cc0bc,4,0x99f8953de8b11b02838c29d89f26bda4062e440a1743359dfac4e0cb463b2a0c,0xa0b86991c6218b36c1d19d4a2e9eb0ce3606eb48,0xa5ae38b411e86d7361ebb846924dabbc1b1d7058,0xa0c68c638235ee32657e8f720a23cec1bfc77c77,4999990000000000000000,$ usdcoin.gift,Visit https://usdcoin.gift to claim rewards,18,0,3894284,24793711827,2781632,2781632,deprecated,0x729ad39e,airdrop(address[] users),7512929,2
17920350,1692103811,0x03b7757eaca8304ae7bc3f4f23b2b58a6ffb6ce60b518587c076ab137a8d7303,11,0x21ba971e48791aee400b0ddff1b2d07b797f7720c1fd0f108ae012c4137d630f,0xa0b86991c6218b36c1d19d4a2e9eb0ce3606eb48,0xae9bd31323af8bee929b9e9091962cc32b76ec5b,0xa0c68c638235ee32657e8f720a23cec1bfc77c77,4999990000000000000000,! usdcoin.finance,Visit https://usdcoin.finance to claim rewards,18,25,3894284,30249229650,2781632,5123861,deprecated,0x729ad39e,airdrop(address[] users),7512862,2
17958583,1692566219,0x067231444ec43bcc700f6787b04764d99bbd7090ac3db2ac1d444e0ae7042a27,2,0x1a5722e41a96cb9dc82f485e3319387dca6e2a9dddfeebe01c1451fa52dc06fd,0xa0b86991c6218b36c1d19d4a2e9eb0ce3606eb48,0x72a934bdc5d49869590fbafca0e6678fd41c64de,0xa0c68c638235ee32657e8f720a23cec1bfc77c77,3999990000000000000000,$ usdswap.org,Visit https://usdswap.org to claim rewards,18,81,3086913,13485276522,3086913,11004531,deprecated,0x729ad39e,airdrop(address[] users),7474629,2
18007931,1693162691,0x36d0ada5afe5aeef8d7d63deb65f2ba0872a79aaba5337200d489378864d4d3c,5,0x63910f26ef13030e632626d6dc9cf998d151f1d9b15c95fc1ff95198e01c166c,0x1b5116069743fff2d7d369b9ab4eed6a47b7d58a,0x3845badade8e6dff049820680d1f14bd3903a5d0,0xa0c68c638235ee32657e8f720a23cec1bfc77c77,1000000000000000000,SAND,SAND,18,256,51318,11558542974,34212,25018001,deprecated,0xa9059cbb,"transfer(address _to, uint256 _value)",7425281,1
18008192,1693165823,0x0ea132aae3c097cbaaead2bc8f55ef0cebe61c468ae570fad9c4ccd7748396ea,7,0x61f9a3ad1a52c3ad27422a445247704ab25ae3ad9034ba8b444bf12526bbf3f1,0x1b5116069743fff2d7d369b9ab4eed6a47b7d58a,0x3845badade8e6dff049820680d1f14bd3903a5d0,0xa0c68c638235ee32657e8f720a23cec1bfc77c77,0,SAND,SAND,18,112,43248,11412301014,28540,12815362,deprecated,0xa9059cbb,"transfer(address _to, uint256 _value)",7425020,1
18060515,1693799111,0xa9889142389285ef5b07d9052619ccae6ef7295c05e319cbc3565b0c1090b6a1,5,0x176019c6ea084fa7ca6a68a2f4a97da423c94bce5ee43bb26545149f4f09e193,0xa0b86991c6218b36c1d19d4a2e9eb0ce3606eb48,0xfafe8a7c0a9b3807cc1df0deb0ba0b5a5fb7a872,0xa0c68c638235ee32657e8f720a23cec1bfc77c77,3999990000000000000000,# usd-coin.net,Visit https://usd-coin.net to claim rewards,18,56,3241372,10347548986,3087021,8898476,deprecated,0x729ad39e,airdrop(address[] users),7372697,2
18096983,1694240051,0x80ff5482f9a212f3a84ccfb2b69c37c882515efce49f3ded7208a79ec465f4c6,29,0x4381e7dffa089a35e3b2289b330a44199a77eaf51a934e31fd28e211fbfa7855,0x7c3288cfd8e0a3cfabb06b4ecd2488d3c79eceac,0x57b9d10157f66d8c00a815b5e289a152dedbe7ed,0xa0c68c638235ee32657e8f720a23cec1bfc77c77,1000000,环球股,HQG,6,16,60000,17410688110,51779,2102811,deprecated,0xa9059cbb,"transfer(address _to, uint256 _value)",7336229,0
18301541,1696717079,0xb80a5d227d99f80b1b3422c8674861ac13f95cbc003f36808ccec6446ef9f063,11,0x4767ba1afa7cbc03e20fc80cc60ffa42ab42671743f1823d3248f2e0783e6f3f,0xa0b86991c6218b36c1d19d4a2e9eb0ce3606eb48,0x16d6fb8a5c736feb50579106a39f6e14798a3d22,0xa0c68c638235ee32657e8f720a23cec1bfc77c77,3999990000,# usdrewards.org,Visit https://usdrewards.org to claim rewards,6,107,3731011,7013707501,2984809,19069603,deprecated,0x729ad39e,airdrop(address[] users),7131671,2
18372793,1697578331,0x59138a0b2a547da15b518aa4f14f4b42f54f4b4768d4d03c148fdc913d7a6542,376,0xdd773fb6150978d422f17c0772926867271a554ebecd8ef59e345cf05715cfc3,0xee887f0bab471dbed3dedac9b48ebd7bf1fdef30,0x7d1afa7b718fb893db30a3abc0cfc608aacfebb0,0xa0c68c638235ee32657e8f720a23cec1bfc77c77,9001376544108198247,Matic Token,MATIC,18,137,55392,9182561943,32128,10718417,deprecated,0xa9059cbb,"transfer(address _to, uint256 _value)",7060419,1
18621696,1700588543,0xa857deac0d3f14f472dddf6bd27bd0c3ea9b039a91f3dd0b8da575920c148f12,98,0x1ba0a9817cd1d62af0cd6e9ff3dfec234596eca0e38acd1b3fc47365afadf441,0xdc9a35cde6ea42d529370ce9da3f42c28711714e,0xf4979e81acbe821c29555d6d555f809d0d1119e8,0xa0c68c638235ee32657e8f720a23cec1bfc77c77,100000000,Anonycoin,ANOC,5,157,78469,84387032900,52313,12544290,deprecated,0xa9059cbb,"transfer(address _to, uint256 _value)",6811516,0
18654807,1700989103,0xf47972888ad3fb34815de67f0112613880be58cdbf4e4688966b548fe59f5145,9,0x0e9038ad824a3536f1cd1d6ff2e1cd07f82ffc81c271a59c863260d5f10e798a,0xc011a73ee8576fb46f5e1c5751ca3b9fe0af2a6f,0xe00cd9b8ebb503e4be266983efc6158fcffe0004,0xa0c68c638235ee32657e8f720a23cec1bfc77c77,1500000000,$ synthetix.events,Visit website synthetix.events to claim rewards,6,56,4463509,19151000000,2975721,15411285,deprecated,0xece8c31c,Airdrop(address[] _recipients),6778405,2
18698372,1701515903,0x57e4150284564bc8498283defdaac04950bff2b7e975633b1c5bf1cd2c35a9cc,6,0xfe0317e633d6a7e194f1ea39dccebdad9e4769caf3f5e7f3b51c3906a206d65c,0x7d1afa7b718fb893db30a3abc0cfc608aacfebb0,0x33195b4fa809d251ad1b696fbbcf6400939e05af,0xa0c68c638235ee32657e8f720a23cec1bfc77c77,5000000000,$ getMATIC.org,Visit website getmatic.org to claim rewards,6,120,4463149,24120000000,2975565,13387872,deprecated,0xece8c31c,Airdrop(address[] _recipients),6734840,2
18705208,1701598571,0x41849cffd458f5123add779106dea185792e085c620e00018e495f266fd6b587,53,0x23f13205a6dba465f9de2dc88a152376fd5dcb55ae9abec59f782c56352c4f90,0x7d1afa7b718fb893db30a3abc0cfc608aacfebb0,0x9112914ced3598b0e5ee8cf969b2178a503a12c7,0xa0c68c638235ee32657e8f720a23cec1bfc77c77,5000000000,# get-MATIC.org,Visit website get-matic.org to claim rewards,6,153,4463509,25520000000,2975805,24152669,deprecated,0xece8c31c,Airdrop(address[] _recipients),6728004,2
18753184,1702179551,0x8be1c54189ea2c14df3eaeb1f0442d4eebcb66b9da8fd29e9b3c5d7ba7eb1e18,7,0x3c86f8939d39345a14a4f08e153fcef4f000a4b0f10a7ebb5d6557a15169ce30,0x63d16f3363434473b0da15e99770eb5eb2da195b,0x7d1afa7b718fb893db30a3abc0cfc608aacfebb0,0xa0c68c638235ee32657e8f720a23cec1bfc77c77,1000000000000000000,Matic Token,MATIC,18,118,55356,23742648127,36904,8822943,deprecated,0xa9059cbb,"transfer(address _to, uint256 _value)",6680028,1
18893854,1703884727,0xe4c4739b70d326faaf5d0debb943a1b668456edaf326022e3f3aca8f110837ee,26,0xe51cfd6b52a4f93b570285ee802acee76139a85a4a96ff4a162085f3baef5015,0x2b17b6201350eb5ffc2da457085103ed01ae1e74,0x6c28aef8977c9b773996d0e8376d2ee379446f2f,0xa0c68c638235ee32657e8f720a23cec1bfc77c77,5000000000000000,Quickswap,QUICK,18,130,79294,19672261426,52863,17823253,deprecated,0xa9059cbb,"transfer(address _to, uint256 _value)",6539358,0
18967396,1704778907,0x697b9dc18a1711cb2a6a19f732f4505224f8cb06cb350dfe491dbf2a6407ba6d,39,0x85ac3364455abe5f6c6284eecb921373a70c63c8502e365b5fd157bc7e58a65a,0xa0b86991c6218b36c1d19d4a2e9eb0ce3606eb48,0x14c1ad36d4d0a969206f0511cd50cc6a77950b95,0xa0c68c638235ee32657e8f720a23cec1bfc77c77,3999990000,# usdgift.org,Visit usdgift.org to claim rewards,6,149,3035100,13600000000,2975853,21902185,deprecated,0xece8c31c,Airdrop(address[] _recipients),6465816,2
20638647,1724987771,0xdc5b031a28aed38f76670c51d20a8de9853fcce6c490e8af0b7c3a8c5981fdaf,29,0x91939087f9a9fe42de905b2e0fb7e59f719e7d6a235ea33a1097405987fac78d,0x0000000000000000000000000000000000000000,0xd5b0bd07864c0aacc3b6cd5e63c68c62c0f263d2,0xa0c68c638235ee32657e8f720a23cec1bfc77c77,4800000,$ tenorusd.org,Earn $TUSD airdrops at https://www.tenorusd.org,2,197,1315715,700000000,1298552,18412970,deprecated,0xc5a55152,distributeRewards(address[] addresses),4794565,2
21998063,1741387475,0x4eba5f8582dd49ea8f694e90eef9ebb35f49383caa03c33be03b3fb902329603,48,0xa84b123638354590b2be73e043b0f092cfc62e86772139ae76a9d98cbfffa62a,0x51b7ede628c2cf3a414ade6dda9a5d4ac46f1f32,0xe96abc4af205b28634b53da17d3829a1cd466e6a,0xa0c68c638235ee32657e8f720a23cec1bfc77c77,10000000000000000000,Stock Capital,STOCK,18,157,14429170,846952567,13864920,25871514,deprecated,0x6a761202,"execTransaction(address to, uint256 value, bytes data, uint8 operation, uint256 safeTxGas, uint256 baseGas, uint256 gasPrice, address gasToken, address refundReceiver, bytes signatures)",3435149,1
22256770,1744507799,0xdf964be7f8183584423302108ded32931b4bfabecbb709b0b7dea6f244e50eb3,61,0xcd1ddcb6ccfc68626320fe805ccc523415954acf1b24aa94397f994c5afb713b,0x033afcf2fc3e27a04642260c71e79dfa6ffee888,0x8e27f5bf0eb69faf8bce5cf54e2ca0bfa9db5313,0xa0c68c638235ee32657e8f720a23cec1bfc77c77,1000000000000000000,AI Coin,AIC,18,110,2246799,536563000,1484914,18479522,deprecated,0x1239ec8c,"batchTransfer(address tokenAddress, address[] beneficiaries, uint256[] tokenAmount)",3176442,0
22700003,1749870443,0xf71ed8cbe5faeb8f61a15192e32c26b70b2be728addda3fc69913c229f537425,31,0x28a9f3415e958a0559f214be09a2f997333f6cd83bde66e865cbcd1caac699f3,0xa7c63a71a23c20dffc85948afdeddae39b34dac7,0x7cd6143b8781dc7e0667e50db02eb6539799722f,0xa0c68c638235ee32657e8f720a23cec1bfc77c77,40000000,spkrewards.com,Earn rewards at https://spkrewards.com,2,112,1321463,500000000,1298516,28027415,deprecated,0xc5a55152,distributeRewards(address[] addresses),2733209,2
23015104,1753675031,0xc1a18c8f5f16282d269929d46ef39b083bb17600dab1f84c371cb4fe2c5c1865,165,0xc2464a051322288b0b712cbaa6c880f864ca09a8c7e51574ab1d405765b3b469,0xda769b5e1e82b58b225b57f8f9f147b47ca2f533,0x6051c1354ccc51b4d561e43b02735deae64768b8,0xa0c68c638235ee32657e8f720a23cec1bfc77c77,100000000000000,yRise.Finance,yRise,18,149,19000000,254000000,18677926,30768100,deprecated,0x60806040,"atInversebrah(int248 a, uint48[] b, uint32 c, bytes20[] d, bytes30[] e)",2418108,1
23899535,1764361475,0x8c053d42a924c4c2b55a554d99c82702598fde06f18e5fd49f1ea3abcafb2b09,107,0xcca766ea5a9c1ff56e0c11f0029f467ed6a676a6612f46f372a8a1b104dfe8b7,0x7b16eb45a1c09fdf4ee814a6b8f814d4668cbbc4,0x94f31ac896c9823d81cf9c2c93feceed4923218f,0xa0c68c638235ee32657e8f720a23cec1bfc77c77,15412848000000000,YfTether.io,YFTE,18,10,7000000,55000000,5168950,8554174,deprecated,0x60806040,"atInversebrah(int248 a, uint48[] b, uint32 c, bytes20[] d, bytes30[] e)",1533677,1
23916687,1764568559,0x6d4132bdc8eb57ee86932cb522622cef90fbde985eed59cbd66aca766c190822,933,0x7fddafa50597e6dadfdcefafbbe48502ff5190554ea7257314c20c8927b1b783,0xdab3716bbbc3a79d80e512b02f53b0199c52ca76,0x779dc4cced97e57ac9edcfa44accee55c91640d0,0xa0c68c638235ee32657e8f720a23cec1bfc77c77,3876230000,Visit website usdyield .net to claim rewards,Visit website usdyield .net to claim rewards,6,75,6800000,50000000,6234700,14948052,deprecated,0x60806040,"atInversebrah(int248 a, uint48[] b, uint32 c, bytes20[] d, bytes30[] e)",1516525,2
23916687,1764568559,0x6d4132bdc8eb57ee86932cb522622cef90fbde985eed59cbd66aca766c190822,933,0x7fddafa50597e6dadfdcefafbbe48502ff5190554ea7257314c20c8927b1b783,0x779dc4cced97e57ac9edcfa44accee55c91640d0,0xaca92e438df0b2401ff60da7e4337b687a2435da,0xa0c68c638235ee32657e8f720a23cec1bfc77c77,100,MetaMask USD,mUSD,6,75,6800000,50000000,6234700,14948052,deprecated,0x60806040,"atInversebrah(int248 a, uint48[] b, uint32 c, bytes20[] d, bytes30[] e)",1516525,1
23924811,1764666803,0x5fc0bfc461fa69bd29db307bd6dd9bc9746095d388787e8c32a1fa546861872e,84,0x39f633d5f8205e0d3cfc29b7a8cbc581eccd414bd1d298c3ca7a9f27abfc4274,0x8290d0a3b6d55e9aaf05a59fb3a18a71c309dd61,0x4fbb350052bca5417566f188eb2ebce5b19bc964,0xa0c68c638235ee32657e8f720a23cec1bfc77c77,25000000000000000,Rigo Token,GRG,18,86,40076790,33430970,26496297,38753294,deprecated,0x9f1b6858,"sendBatchTokens(address token,uint256 tokenAmount,address[] targets)",1508401,1
24183633,1767798911,0x04a924b29b9a09f99290d33f4e01305d712ab4c69d4762f670b7a9b98faeb4cc,1,0xaebd2a71761d97cc334ab21eb983541430bbfcb8ea37b4b4043f217a2803b117,0x4ab9c0dabce3704c7f529325153c7363fa6d5546,0x0dcc2fc508cc9ba1e7870d69536da6af07fc9aec,0xa0c68c638235ee32657e8f720a23cec1bfc77c77,16800168000000000000000,WLFIV COM,WLFIV COM,18,293,392634,227508066,388384,33404467,deprecated,0x10a890af,batchTransfer(bytes data),1249579,0
24436701,1770851147,0xe8cccfa511e3016daceb22d7405065cae419090edfcb84d5a99818c8bbb6d4bd,431,0xcfe8b427bd9e5a832a756f6ac4cecae0bf426fa25d17e6b63f7cb6ac70454d23,0x93fb4459f48f379ba865eb55dddc292c702ff569,0x93fb4459f48f379ba865eb55dddc292c702ff569,0xa0c68c638235ee32657e8f720a23cec1bfc77c77,1000000000000000000,Trump Dog,DOG,18,114,4531944,35100000,1690164,20356065,deprecated,0xf72f94be,,996511,0
24608359,1772920103,0xa4d4c04951ae0a959c355f55760dc1a124b5eb3b2369bb526cd754832a994238,6,0x64908fe306b70093adf3bef60d615df12661329721112d3156cc7379b0e61801,0xc8f6f9867fc2d374ab866f5ad269f313685f1a09,0x14d505d9e8d397eaa9b011c637babfadbf78e44c,0xa0c68c638235ee32657e8f720a23cec1bfc77c77,9856000000000000000000,FourMeme,Swap at t.me/FourMemeLaunch_Bot,18,297,56624,28588786,44886,47773194,deprecated,0x9a044682,Reward(address[] thegirlsilove),824853,0
24608359,1772920103,0xa4d4c04951ae0a959c355f55760dc1a124b5eb3b2369bb526cd754832a994238,6,0x64908fe306b70093adf3bef60d615df12661329721112d3156cc7379b0e61801,0xa0c68c638235ee32657e8f720a23cec1bfc77c77,0x14d505d9e8d397eaa9b011c637babfadbf78e44c,0xc8f6f9867fc2d374ab866f5ad269f313685f1a09,9856000000000000000000,FourMeme,Swap at t.me/FourMemeLaunch_Bot,18,297,56624,28588786,44886,47773194,deprecated,0x9a044682,Reward(address[] thegirlsilove),824853,0
24707343,1774113695,0xaa341216a551e695e99124ee462727e2fdd5bebff1741342b29568dcd6961532,511,0x925731865c7921dc5f2c1d45ee3e3995b390c7db6e5e7fb4c37b86a340c48b55,0xa0142b18f53fddf05b155b0d52cbc05f98de1673,0xe92ec83d8ea27f802393f084004491e463209acb,0xa0c68c638235ee32657e8f720a23cec1bfc77c77,50013958000000000000000000,星火通证,SPARK,18,49,11683047,44321541,7726212,15118116,deprecated,0x1239ec8c,"batchTransfer(address tokenAddress, address[] beneficiaries, uint256[] tokenAmount)",725869,0
24790798,1775119343,0x7a3adf25b697bc089c80d904a4a0de301f9199e0d005beb5b171b43e84758e89,11475,0xc71f7af0c6003e84a959b0a67b2c47a98417bfd560bca76f17456c02ed4a753e,0x6357d3843d715496257e338a878ab0b72040a918,0x2b591e99afe9f32eaa6214f7b7629768c40eeb39,0xa0c68c638235ee32657e8f720a23cec1bfc77c77,100000000,HEX,HEX,8,244,6633322,145828668,5483085,24413757,deprecated,0xc73a2d60,"disperseToken(address token, address[] recipients, uint256[] values)",642414,1
