blockNumber,timeStamp,hash,nonce,blockHash,from,contractAddress,to,value,tokenName,tokenSymbol,tokenDecimal,transactionIndex,gas,gasPrice,gasUsed,cumulativeGasUsed,input,methodId,functionName,confirmations,statusRep
13777714,1639143487,0x3b688f64f666161ceac6aa95049316e3710469b63a614a9d04894976907e30b2,166,0x537f5f57e385f75692aa4c0382ea72641cc1e89e7101235fda5382936edace08,0xca0840578f57fe71599d29375e16783424023357,0xc02aaa39b223fe8d0a0e5c4f27ead9083c756cc2,0x88ad09518695c6c3712ac10a214be5109a655671,1000000000000000,Wrapped Ether,WETH,18,167,463072,54467502329,264662,12454674,deprecated,0x9254c66e,"wrapAndRelayTokens(address _receiver,bytes _data,tuple _account)",11730323,1
13777784,1639144386,0xfa7924f53c9baa0642b6b586cbbfad8aa7ff6f1cbd64ba2ea665a0b63a5a3c61,2,0xeef36ef041fd2d8a5ec82421bbb47c3a8d3a1361a482f8fbbf06324b34c44c3b,0xca0840578f57fe71599d29375e16783424023357,0xc02aaa39b223fe8d0a0e5c4f27ead9083c756cc2,0x88ad09518695c6c3712ac10a214be5109a655671,1000000000000000,Wrapped Ether,WETH,18,409,436546,56516651944,247526,21461227,deprecated,0x9254c66e,"wrapAndRelayTokens(address _receiver,bytes _data,tuple _account)",11730253,1
13777803,1639144757,0x29c7da1ac6d92f630c106931ab2670c468e6e0ffb4cb7c8f4a5cfb5f0e386a85,167,0xb8eaa6609de2da24f00e27335c8f98507c82b4881923b81d6b7a2aac63d2d9f0,0xca0840578f57fe71599d29375e16783424023357,0xc02aaa39b223fe8d0a0e5c4f27ead9083c756cc2,0x88ad09518695c6c3712ac10a214be5109a655671,100000000000000000,Wrapped Ether,WETH,18,323,431959,78009641000,241801,20557203,deprecated,0x3ace4765,"wrapAndRelayTokens(address _receiver, bytes _data)",11730234,1
13777952,1639146688,0xa08159c763fb10991d6ad4cd05ca5553779854be10ca281893017d94b30976ec,168,0xf52eed3e51e4d11478b61740fa6677479eff7d7a24eeb371fc58d1bc5496e16b,0x88ad09518695c6c3712ac10a214be5109a655671,0xc02aaa39b223fe8d0a0e5c4f27ead9083c756cc2,0xca0840578f57fe71599d29375e16783424023357,99997290689992082,Wrapped Ether,WETH,18,37,478344,90961712586,251600,3535869,deprecated,0x23caab49,"safeExecuteSignaturesWithAutoGasLimit(bytes _data, bytes _signatures)",11730085,1
13778032,1639147899,0x4f5dd7d40ff5813ba85b854056741427ff1cf3b6f225acb2a40ec7602dc3d8e9,169,0xaae50d8f5d3498a1291cc9ea1828065ed21ca9019c81edb1b4b4803415073139,0xca0840578f57fe71599d29375e16783424023357,0xc02aaa39b223fe8d0a0e5c4f27ead9083c756cc2,0x88ad09518695c6c3712ac10a214be5109a655671,100000000000000000,Wrapped Ether,WETH,18,209,431923,108567561008,241777,14794081,deprecated,0x3ace4765,"wrapAndRelayTokens(address _receiver, bytes _data)",11730005,1
13778189,1639149939,0xbf3b0c29c48ea102c197efabaaaccc8d7202b3649a164b60f3fcb3c3a3ebd95c,170,0xa0f5be59506b4202158e71dc5d1a77acbb59c4aa7c80b10d22d5849bc83d5aa2,0x88ad09518695c6c3712ac10a214be5109a655671,0xc02aaa39b223fe8d0a0e5c4f27ead9083c756cc2,0xca0840578f57fe71599d29375e16783424023357,99005716975030518,Wrapped Ether,WETH,18,208,478344,144471374290,251600,11760301,deprecated,0x23caab49,"safeExecuteSignaturesWithAutoGasLimit(bytes _data, bytes _signatures)",11729848,1
13781215,1639190586,0x46b0a5e2117044b00167119210755adc76488c348685510f8244f967e6564ac8,8325,0x3bcf85f7bce102d0218f11c5c6c16cb8d8461cf6b80a1f1c8db5fbfb304c747a,0xca0840578f57fe71599d29375e16783424023357,0xc02aaa39b223fe8d0a0e5c4f27ead9083c756cc2,0x88ad09518695c6c3712ac10a214be5109a655671,700000000000000000,Wrapped Ether,WETH,18,121,458359,59740934255,258853,16932165,deprecated,0x3ace4765,"wrapAndRelayTokens(address _receiver, bytes _data)",11726822,1
13782719,1639210666,0xb26a134971f4c9530278a476c2037812e4c619d13bd1ebeaefd49e17fc809736,79,0x3687974f13aac625dd520e840d709f86034b47d89d015c7b33f94bec09e9fe3b,0xca0840578f57fe71599d29375e16783424023357,0xc02aaa39b223fe8d0a0e5c4f27ead9083c756cc2,0x88ad09518695c6c3712ac10a214be5109a655671,1000000000000000,Wrapped Ether,WETH,18,185,436510,48973066657,247502,8883473,deprecated,0x9254c66e,"wrapAndRelayTokens(address _receiver,bytes _data,tuple _account)",11725318,1
13782739,1639210989,0x214448b49d900b3e0d45f608f97014044c4e68cbef7d9d3df0201400bc22d06c,80,0x0602791838ce09f0db76c832e258133816f5308095919106c9b3513d98739191,0xca0840578f57fe71599d29375e16783424023357,0xc02aaa39b223fe8d0a0e5c4f27ead9083c756cc2,0x88ad09518695c6c3712ac10a214be5109a655671,1000000000000000,Wrapped Ether,WETH,18,244,431905,56178341374,241765,17482430,deprecated,0x3ace4765,"wrapAndRelayTokens(address _receiver, bytes _data)",11725298,1
13782820,1639212084,0x8d710c50169640dadaa9d26d5814b0cf5be1ffd81003aa359c8cc188f7168086,81,0x9b5adc0e1144bc0d57fce8ad84ee089d2273b49b3fe73bacf5257296848b95dc,0xca0840578f57fe71599d29375e16783424023357,0xc02aaa39b223fe8d0a0e5c4f27ead9083c756cc2,0x88ad09518695c6c3712ac10a214be5109a655671,100000000000000,Wrapped Ether,WETH,18,89,431869,42065023888,241741,6058752,deprecated,0x3ace4765,"wrapAndRelayTokens(address _receiver, bytes _data)",11725217,1
13782885,1639212739,0x28ddd719da573e3307aefc82f82046bbc5a7fb7ac8f94b0e2927658565b51ba8,82,0x6847201539b37563cfcb4dfbffb75c684d0151b583fab5969f6768e356a3bf54,0xca0840578f57fe71599d29375e16783424023357,0xc02aaa39b223fe8d0a0e5c4f27ead9083c756cc2,0x88ad09518695c6c3712ac10a214be5109a655671,1000000000000000,Wrapped Ether,WETH,18,390,431887,43583763718,241753,21292062,deprecated,0x3ace4765,"wrapAndRelayTokens(address _receiver, bytes _data)",11725152,1
13782932,1639213507,0xc68f3ce25b95f1cab0b6ea9b4d5836b2fb2224bab36348ed9a3fbfb9dc07f896,83,0xa27678be2edf060f96db15ceb333cef75b66c6d0330d667d847eb94c5c60b42e,0xca0840578f57fe71599d29375e16783424023357,0xc02aaa39b223fe8d0a0e5c4f27ead9083c756cc2,0x88ad09518695c6c3712ac10a214be5109a655671,100000000000000,Wrapped Ether,WETH,18,68,431869,56605083256,241741,4483309,deprecated,0x3ace4765,"wrapAndRelayTokens(address _receiver, bytes _data)",11725105,1
13783466,1639220487,0x552bae41d7f21a2e6999ce666170a432bfba845dd7d7a8ed1758bfef511c3cad,85,0x7950d6279108f55068ac723ad631f88ae2b5a2c74cbd1e306dd9a909c2b32b7e,0xca0840578f57fe71599d29375e16783424023357,0xc02aaa39b223fe8d0a0e5c4f27ead9083c756cc2,0x88ad09518695c6c3712ac10a214be5109a655671,75000000000000000,Wrapped Ether,WETH,18,128,431905,41220341208,241765,9195253,deprecated,0x3ace4765,"wrapAndRelayTokens(address _receiver, bytes _data)",11724571,1
13783690,1639223583,0x6943c7e8a61a1bf359423e96976a653121760147ad4c68284933ab492de4ccf6,175,0x1e247d5463a590d58764b987ca126559f57ed9df725e65ba5d3105cced9c7a81,0xca0840578f57fe71599d29375e16783424023357,0xc02aaa39b223fe8d0a0e5c4f27ead9083c756cc2,0x88ad09518695c6c3712ac10a214be5109a655671,10000000000000000,Wrapped Ether,WETH,18,34,431797,46534567359,241693,1856577,deprecated,0x3ace4765,"wrapAndRelayTokens(address _receiver, bytes _data)",11724347,1
13784613,1639235839,0x0ab0b6540bf4f6daa5c662b8d0a195eda5918f7cc674dd028233afa304f033fa,87,0x1844e59f14fa2591fd3da8e423373cec0a976675d9735db310f71a5fb4db656c,0xca0840578f57fe71599d29375e16783424023357,0xc02aaa39b223fe8d0a0e5c4f27ead9083c756cc2,0x88ad09518695c6c3712ac10a214be5109a655671,1000000000000000,Wrapped Ether,WETH,18,66,431923,49363512883,241777,5137885,deprecated,0x3ace4765,"wrapAndRelayTokens(address _receiver, bytes _data)",11723424,1
13788654,1639289780,0xaa188886ae54a956cc0a6d6014c2e0990bdc6ed2cdb64004718b50a0f1895ab5,74,0x966cbca9a7d9964350d16066e471a601139d508c2f7610a9d98554787958cfdd,0xca0840578f57fe71599d29375e16783424023357,0xc02aaa39b223fe8d0a0e5c4f27ead9083c756cc2,0x88ad09518695c6c3712ac10a214be5109a655671,10000000000000000,Wrapped Ether,WETH,18,39,431851,42823640509,241729,5056812,deprecated,0x3ace4765,"wrapAndRelayTokens(address _receiver, bytes _data)",11719383,1
13790454,1639313822,0x6eb5b4f1ab2b65ea3fd008b786a13baef8a0d3d3340de2ba69fdf18c68dd1e4b,10,0x944ad8cffe67a3e5f910f34d7ddfa3ce161df6781c8a77bc3018eff2ff7ff489,0xca0840578f57fe71599d29375e16783424023357,0xc02aaa39b223fe8d0a0e5c4f27ead9083c756cc2,0x88ad09518695c6c3712ac10a214be5109a655671,100000000000000000,Wrapped Ether,WETH,18,517,431941,35642566481,241789,20062102,deprecated,0x3ace4765,"wrapAndRelayTokens(address _receiver, bytes _data)",11717583,1
13797286,1639404412,0x0ca2d737af5127c1476dbca34fc50e42277ac58320fd71dd979c001a4c1c9694,6536,0x886f7c5503c63b19daaa3500d2500b12c09419b49ed067bf454cd07d4b6d1f98,0x88ad09518695c6c3712ac10a214be5109a655671,0xc02aaa39b223fe8d0a0e5c4f27ead9083c756cc2,0xca0840578f57fe71599d29375e16783424023357,65343683347275782,Wrapped Ether,WETH,18,99,1658165,54000000000,253688,8616787,deprecated,0x3f7658fd,"executeSignatures(bytes message, bytes signatures)",11710751,1
13797399,1639406032,0xc1d88ed0310896d8c11da869724875c4888507cfc46d400a9c90790667a7797c,89,0x4c8a573ff97f663bb4d43a57e437a3f52eb4f8aeca367b82cc2e634803fb82ee,0xca0840578f57fe71599d29375e16783424023357,0xc02aaa39b223fe8d0a0e5c4f27ead9083c756cc2,0x88ad09518695c6c3712ac10a214be5109a655671,50000000000000000,Wrapped Ether,WETH,18,116,458395,73319561375,258877,7244382,deprecated,0x3ace4765,"wrapAndRelayTokens(address _receiver, bytes _data)",11710638,1
13808067,1639549224,0x74a550d17d76fce448b85a9d764f0764310015fe392a07d4ed5e8e77e7126cd7,6550,0x3d41f646eb29e52feb7a48383814be9f75908a13d53863de9ed81a35b0fa5aeb,0x88ad09518695c6c3712ac10a214be5109a655671,0xc02aaa39b223fe8d0a0e5c4f27ead9083c756cc2,0xca0840578f57fe71599d29375e16783424023357,90000000000000000,Wrapped Ether,WETH,18,40,1658129,88000000000,253659,2597860,deprecated,0x3f7658fd,"executeSignatures(bytes message, bytes signatures)",11699970,1
13809026,1639562111,0xc34d0e92c1c044f47917fa032678ac730fda68c26e78e86bd69aae64f2ab822d,201,0x59ba13195319e837fff6bf998d62fe19ccfa81c9ada4c6bf6567475a06d951a4,0xca0840578f57fe71599d29375e16783424023357,0xc02aaa39b223fe8d0a0e5c4f27ead9083c756cc2,0x88ad09518695c6c3712ac10a214be5109a655671,100000000000000000,Wrapped Ether,WETH,18,66,463036,36281528508,264638,3589832,deprecated,0x9254c66e,"wrapAndRelayTokens(address _receiver,bytes _data,tuple _account)",11699011,1
13809033,1639562173,0x7b18106f769846695963dd80870c423778354c30b7eb3e1e4052900da3503484,664,0x6884ad1c169cf77654a02d66543669ae0f8c86857eabb58dad29d6bcfc88b710,0xca0840578f57fe71599d29375e16783424023357,0xc02aaa39b223fe8d0a0e5c4f27ead9083c756cc2,0x88ad09518695c6c3712ac10a214be5109a655671,200000000000000000,Wrapped Ether,WETH,18,6,436546,43751089667,247526,1401496,deprecated,0x9254c66e,"wrapAndRelayTokens(address _receiver,bytes _data,tuple _account)",11699004,1
13811335,1639592549,0x5c5a59600b9ba2cb7f20223bad05186ea21b80b6232c3ffb4a0c4a6295002e3a,26,0x59307e711892658be2b9a30908082122fe0858a96d34f0af24afcfb57e3fd2ac,0xca0840578f57fe71599d29375e16783424023357,0xc02aaa39b223fe8d0a0e5c4f27ead9083c756cc2,0x88ad09518695c6c3712ac10a214be5109a655671,200000000000000000,Wrapped Ether,WETH,18,173,431905,110974776447,241765,16319184,deprecated,0x3ace4765,"wrapAndRelayTokens(address _receiver, bytes _data)",11696702,1
13811525,1639594913,0x23bcca8c1d567537c67e6a2ff13395738a15032bc9ebe95c61503aea776e90f9,1369,0x225e47e55cdda551e43a2d2e65a907b9d11c546f5f380e2d5643b150cdb8a9ba,0xca0840578f57fe71599d29375e16783424023357,0xc02aaa39b223fe8d0a0e5c4f27ead9083c756cc2,0x88ad09518695c6c3712ac10a214be5109a655671,100000000000000000,Wrapped Ether,WETH,18,26,431923,92183484298,241777,2373124,deprecated,0x3ace4765,"wrapAndRelayTokens(address _receiver, bytes _data)",11696512,1
13811933,1639600723,0x727f48b66fdbcdd90e94ef5e921b7ca0713de9bac50fb54d738faa2a7b901596,850,0x3ea8bc81668691a54af5357eea00a623c65cc231e49bb8ffdd0035a103ca96ac,0xca0840578f57fe71599d29375e16783424023357,0xc02aaa39b223fe8d0a0e5c4f27ead9083c756cc2,0x88ad09518695c6c3712ac10a214be5109a655671,500000000000000000,Wrapped Ether,WETH,18,303,431923,103337634114,241777,22366243,deprecated,0x3ace4765,"wrapAndRelayTokens(address _receiver, bytes _data)",11696104,1
13811992,1639601537,0x64451ca2cac8f7ab2c69286b9a3089eadab23104afa4ee77b48da83c02a764f6,6556,0x96470fc0afc84e1eddf61869402b5d7f6b0afde67624ed42e096abf601ceaff4,0x88ad09518695c6c3712ac10a214be5109a655671,0xc02aaa39b223fe8d0a0e5c4f27ead9083c756cc2,0xca0840578f57fe71599d29375e16783424023357,300000000000000000,Wrapped Ether,WETH,18,137,1658153,139000000000,253678,7419068,deprecated,0x3f7658fd,"executeSignatures(bytes message, bytes signatures)",11696045,1
13812065,1639602413,0x89a76501eabfe31be17c12099b8b88b6734a5f622e13db63f1bee2e767f7f2fc,6557,0xf25aa1ae4a049ff03cc57b12804e6dafbf2964ff0b0a3103204d5d603e621f3e,0x88ad09518695c6c3712ac10a214be5109a655671,0xc02aaa39b223fe8d0a0e5c4f27ead9083c756cc2,0xca0840578f57fe71599d29375e16783424023357,100000000000000000,Wrapped Ether,WETH,18,66,1658129,141000000000,253659,3289217,deprecated,0x3f7658fd,"executeSignatures(bytes message, bytes signatures)",11695972,1
13812128,1639603372,0x832a8463cf42bf5ab35b704a8643c915b2c686f8d7b017bfaaf521d18b267644,6558,0xf7fa88215cce0e06c8d46668f0ebe6cb4b0a3eaeb31650a360e5d3d1b093cd7c,0x88ad09518695c6c3712ac10a214be5109a655671,0xc02aaa39b223fe8d0a0e5c4f27ead9083c756cc2,0xca0840578f57fe71599d29375e16783424023357,99008501353821556,Wrapped Ether,WETH,18,57,1658165,146000000000,253688,4456699,deprecated,0x3f7658fd,"executeSignatures(bytes message, bytes signatures)",11695909,1
13812320,1639605857,0xaaaa6561635847328b86d3af3ad70b89c75e5f30fa3aaeb45c4da24b33c19d1f,15,0x315a434865d40334cf8637f433048b57c77e50ece46c2d1406d05f75438aebe0,0xca0840578f57fe71599d29375e16783424023357,0xc02aaa39b223fe8d0a0e5c4f27ead9083c756cc2,0x88ad09518695c6c3712ac10a214be5109a655671,1000000000000000000,Wrapped Ether,WETH,18,144,436492,88968685883,247490,11542451,deprecated,0x9254c66e,"wrapAndRelayTokens(address _receiver,bytes _data,tuple _account)",11695717,1
13812446,1639607600,0x5e154377be6563b8cb4292ece24bc199e59f7a099a904b713d1acb38508d4b58,16,0xe9e6bfc30e0bb3c189d4d77b89f7952bfc47867b66d37f0959e5399c1d874e99,0xca0840578f57fe71599d29375e16783424023357,0xc02aaa39b223fe8d0a0e5c4f27ead9083c756cc2,0x88ad09518695c6c3712ac10a214be5109a655671,838836912819278092,Wrapped Ether,WETH,18,26,431977,99719795970,241813,3250509,deprecated,0x3ace4765,"wrapAndRelayTokens(address _receiver, bytes _data)",11695591,1
13812561,1639609106,0x5e3aa36713b29107454bdc2fb2bf0fe0ec7562cb4dfca5a4d341d7358f0995bc,1,0xacfb77c5db9d808f7db0d554fa6b334a523de8d2b8bfeebaa54a4d216b3d7ab4,0xca0840578f57fe71599d29375e16783424023357,0xc02aaa39b223fe8d0a0e5c4f27ead9083c756cc2,0x88ad09518695c6c3712ac10a214be5109a655671,305000000000000000,Wrapped Ether,WETH,18,73,431959,82616936176,241801,4998790,deprecated,0x3ace4765,"wrapAndRelayTokens(address _receiver, bytes _data)",11695476,1
13812619,1639609774,0x4d8d3aff0c3c23bc5458864d7a7e946db5acc3873c81a2871984a6029fc48acc,3372,0xe2e7b0882ecad681fbe9b38e987460f555014e6ea1a755afe28b89e72e6ab51b,0xca0840578f57fe71599d29375e16783424023357,0xc02aaa39b223fe8d0a0e5c4f27ead9083c756cc2,0x88ad09518695c6c3712ac10a214be5109a655671,200000000000000000,Wrapped Ether,WETH,18,48,436564,85536023079,247538,2981328,deprecated,0x9254c66e,"wrapAndRelayTokens(address _receiver,bytes _data,tuple _account)",11695418,1
13812743,1639611419,0xbb2028688f2baed29d90edc822360fd491595f45af543a514dc28f6aa8ba4d48,455,0xecf72b0ae45a653dc3136d1d69e5515ebde5400050e45ccae767ecd2da16894e,0xca0840578f57fe71599d29375e16783424023357,0xc02aaa39b223fe8d0a0e5c4f27ead9083c756cc2,0x88ad09518695c6c3712ac10a214be5109a655671,100000000000000000,Wrapped Ether,WETH,18,136,431905,57761856092,241765,15950233,deprecated,0x3ace4765,"wrapAndRelayTokens(address _receiver, bytes _data)",11695294,1
13813341,1639619376,0x1624721782dd5d5a5a304ed5880652bc1e5afef52f803f6aca33345f2ddfb3f4,1,0x19fb348254015b03dc4b3dc30a73499998b60e949968f5c735d7192c2b06e4a9,0xca0840578f57fe71599d29375e16783424023357,0xc02aaa39b223fe8d0a0e5c4f27ead9083c756cc2,0x88ad09518695c6c3712ac10a214be5109a655671,1000000000000000000,Wrapped Ether,WETH,18,318,458341,66347852248,258841,15191584,deprecated,0x3ace4765,"wrapAndRelayTokens(address _receiver, bytes _data)",11694696,1
13813801,1639625799,0x85cfa16ecab4d06339be68f95465053219c9ee0bf0e6f95488480564d4c6ed3c,161,0xd3952834d09bc2a9163dca8582aa3d64cacc00d337eaa1c2cdd8d394d68b6ca9,0xca0840578f57fe71599d29375e16783424023357,0xc02aaa39b223fe8d0a0e5c4f27ead9083c756cc2,0x88ad09518695c6c3712ac10a214be5109a655671,100000000000000000,Wrapped Ether,WETH,18,65,431959,84504024037,241801,3219379,deprecated,0x3ace4765,"wrapAndRelayTokens(address _receiver, bytes _data)",11694236,1
13813815,1639625914,0x0e235ab406951f92d7fb0d1722d3339d33c391cf2bc7d181e3ec8c4664f24d71,0,0x84db7b9e36d45946306a4481a75904a747c0d82d65e3ca205a00aeb9fb2e72d5,0xca0840578f57fe71599d29375e16783424023357,0xc02aaa39b223fe8d0a0e5c4f27ead9083c756cc2,0x88ad09518695c6c3712ac10a214be5109a655671,1000000000000000000,Wrapped Ether,WETH,18,138,436510,63842757412,247502,14782324,deprecated,0x9254c66e,"wrapAndRelayTokens(address _receiver,bytes _data,tuple _account)",11694222,1
13813830,1639626121,0x6003343f1a1dc85371f64b1953aa9f55ef5f674d315268bc34ec91191ce7c6fc,162,0x87dffb67bb6d6d6330826ca9248a8165308f7d39875e47f17b39950c0f155d85,0xca0840578f57fe71599d29375e16783424023357,0xc02aaa39b223fe8d0a0e5c4f27ead9083c756cc2,0x88ad09518695c6c3712ac10a214be5109a655671,50000000000000000,Wrapped Ether,WETH,18,175,431851,82347917996,241729,10191877,deprecated,0x3ace4765,"wrapAndRelayTokens(address _receiver, bytes _data)",11694207,1
13813852,1639626376,0x248483d647d2f98dbe96445e8ed2fb740acb93d0192e1805fbae6ef5a40eccdb,1,0x167367f97937dd9a8f6c6cdbf7c4f5574dd6a63f09ae077bfc4211d86348c60a,0xca0840578f57fe71599d29375e16783424023357,0xc02aaa39b223fe8d0a0e5c4f27ead9083c756cc2,0x88ad09518695c6c3712ac10a214be5109a655671,392779789855015176,Wrapped Ether,WETH,18,387,431995,53130034065,241825,28640054,deprecated,0x3ace4765,"wrapAndRelayTokens(address _receiver, bytes _data)",11694185,1
13813877,1639626662,0xe4ae47e3a44dd9e3939526e060f216abb952a6c9ca5aaed8d2abcd8304b523d5,6561,0x45c630f46ef108e0f93a356db46691dfcaa868c7ce887122f2c5fe214ece80b6,0x88ad09518695c6c3712ac10a214be5109a655671,0xc02aaa39b223fe8d0a0e5c4f27ead9083c756cc2,0xca0840578f57fe71599d29375e16783424023357,100000000000000000,Wrapped Ether,WETH,18,6,1658105,117000000000,287320,745432,deprecated,0x3f7658fd,"executeSignatures(bytes message, bytes signatures)",11694160,1
13813963,1639627782,0xfadb5aa60700807bc173b03cb35e0867a3abfb8dfc86bf64870fd02d2c79a5fa,6563,0x3e5392baef8476738e78c73315becddf88b9b19559ab88caf3e8b9ed666501e0,0x88ad09518695c6c3712ac10a214be5109a655671,0xc02aaa39b223fe8d0a0e5c4f27ead9083c756cc2,0xca0840578f57fe71599d29375e16783424023357,300000000000000000,Wrapped Ether,WETH,18,16,1658141,110000000000,253668,1841082,deprecated,0x3f7658fd,"executeSignatures(bytes message, bytes signatures)",11694074,1
13814141,1639630295,0x49f8d23c194cca043da69d503aa244c9588fed87a178ecf734583488ed648e31,1,0x38ab5f956d43638c11f60a43d4dd8f798653ef25af638f944bb4ad6914d03d6d,0xca0840578f57fe71599d29375e16783424023357,0xc02aaa39b223fe8d0a0e5c4f27ead9083c756cc2,0x88ad09518695c6c3712ac10a214be5109a655671,1000000000000000000,Wrapped Ether,WETH,18,208,431923,59198871821,241777,11658235,deprecated,0x3ace4765,"wrapAndRelayTokens(address _receiver, bytes _data)",11693896,1
13814198,1639631224,0x79d3d0a49f94c1a27d5ee621800b2908a05deb63408865b7d7abfe1dee079f1c,2,0x330d55803114903c68eed1a1ca844625c2b04f145caabf9546c2e68724361a60,0xca0840578f57fe71599d29375e16783424023357,0xc02aaa39b223fe8d0a0e5c4f27ead9083c756cc2,0x88ad09518695c6c3712ac10a214be5109a655671,121582944495405160,Wrapped Ether,WETH,18,96,432013,84969574804,241837,6242572,deprecated,0x3ace4765,"wrapAndRelayTokens(address _receiver, bytes _data)",11693839,1
13814366,1639633691,0xaaac9d0fd30f63348e89ee2ef7c94e2844c0a7d1f74737ef2c0896407e12b03a,1,0xc12049c696e41ba29d47863b76cd527613fbbdd8ea2be9f218001d08a2a8fd4e,0xca0840578f57fe71599d29375e16783424023357,0xc02aaa39b223fe8d0a0e5c4f27ead9083c756cc2,0x88ad09518695c6c3712ac10a214be5109a655671,55510822749855880,Wrapped Ether,WETH,18,78,436582,64083316725,247550,4752650,deprecated,0x9254c66e,"wrapAndRelayTokens(address _receiver,bytes _data,tuple _account)",11693671,1
13814464,1639634853,0x25b376d489436fbff6ce6a24562eebb5d3d806c9ecfc3475fe69a544e955138a,6564,0xcb8f9b71282417125afdc93969ee0d1d8978f70dd5832d3484185fff465f8101,0x88ad09518695c6c3712ac10a214be5109a655671,0xc02aaa39b223fe8d0a0e5c4f27ead9083c756cc2,0xca0840578f57fe71599d29375e16783424023357,50000000000000000,Wrapped Ether,WETH,18,20,1658129,81000000000,273659,1678706,deprecated,0x3f7658fd,"executeSignatures(bytes message, bytes signatures)",11693573,1
13814487,1639635231,0x9b2367d5bf184f670dbf2cb5444281aa5abfef519e99e54eb36d81faf5d9d961,23,0xb7763695e3d2be04edd843e6d3e8b1c981d5b0e70e185985f03fb121a6375287,0xca0840578f57fe71599d29375e16783424023357,0xc02aaa39b223fe8d0a0e5c4f27ead9083c756cc2,0x88ad09518695c6c3712ac10a214be5109a655671,356372000000000000,Wrapped Ether,WETH,18,269,431869,60054853942,241741,17176842,deprecated,0x3ace4765,"wrapAndRelayTokens(address _receiver, bytes _data)",11693550,1
13814596,1639636638,0x89d0ffe28d0cbe80a07a1483cd7cdae0cdbdbe324dec80f905b2e6b403ae6420,0,0x8f833d5ea6b392ff974cd983cc972291e9e8f27221efa2686a702f174444ede3,0xca0840578f57fe71599d29375e16783424023357,0xc02aaa39b223fe8d0a0e5c4f27ead9083c756cc2,0x88ad09518695c6c3712ac10a214be5109a655671,1000000000000000000,Wrapped Ether,WETH,18,14,436456,53134947275,247466,1335026,deprecated,0x9254c66e,"wrapAndRelayTokens(address _receiver,bytes _data,tuple _account)",11693441,1
13814631,1639637111,0x76ee2c24efb7a861b38e57771c12f450677da8e564dead736313961b950fc170,1,0xfcf424149c53f819c64e56ce73db070c0165b9208ed6e5debe04bdbbe5baf55c,0xca0840578f57fe71599d29375e16783424023357,0xc02aaa39b223fe8d0a0e5c4f27ead9083c756cc2,0x88ad09518695c6c3712ac10a214be5109a655671,1000000000000000000,Wrapped Ether,WETH,18,21,431923,59145898879,241777,2464794,deprecated,0x3ace4765,"wrapAndRelayTokens(address _receiver, bytes _data)",11693406,1
13814668,1639637589,0x13562290c5ad49604c7f7f0cb7ddeb869d309b0719663989f136da0ef924d043,4,0x9c1a4d8b921de241ac67500c61766e9079685b0cbef928ca89eb744fa66d8a9b,0xca0840578f57fe71599d29375e16783424023357,0xc02aaa39b223fe8d0a0e5c4f27ead9083c756cc2,0x88ad09518695c6c3712ac10a214be5109a655671,232035922462980489,Wrapped Ether,WETH,18,84,431959,66710052350,241801,4410984,deprecated,0x3ace4765,"wrapAndRelayTokens(address _receiver, bytes _data)",11693369,1
13815265,1639645013,0x9d262142f16c5b58ec887f8d69a2d671668a858baadece2585995ce79fece8ef,111,0x1aa182714085a241a08ad5b5c16a54ecec00c6f05ce1d9b2ccd9b274ea3ed6bb,0xca0840578f57fe71599d29375e16783424023357,0xc02aaa39b223fe8d0a0e5c4f27ead9083c756cc2,0x88ad09518695c6c3712ac10a214be5109a655671,100000000000000000,Wrapped Ether,WETH,18,66,431923,52475642500,241777,3050598,deprecated,0x3ace4765,"wrapAndRelayTokens(address _receiver, bytes _data)",11692772,1
13815275,1639645144,0x1ed370993251ed4127e1a5235a0e2bdfdc57cd20be7073bb91918a03af54d6c4,1255,0x3d8fffc2df23319b53edac02124e6ef942cdcd5f9a91bc4097f09b4134f9bf97,0xca0840578f57fe71599d29375e16783424023357,0xc02aaa39b223fe8d0a0e5c4f27ead9083c756cc2,0x88ad09518695c6c3712ac10a214be5109a655671,300000000000000000,Wrapped Ether,WETH,18,11,436528,56963954551,247514,640294,deprecated,0x9254c66e,"wrapAndRelayTokens(address _receiver,bytes _data,tuple _account)",11692762,1
13815503,1639647970,0xa6732951d4e90a788a77cdcac7e876595f2b5e782d0bf59987d90c00b7b37a75,944,0xea060b026f116af09c1020150095dd2c92a2f674474c3b18461c5f4ff390179d,0xca0840578f57fe71599d29375e16783424023357,0xc02aaa39b223fe8d0a0e5c4f27ead9083c756cc2,0x88ad09518695c6c3712ac10a214be5109a655671,50000000000000000,Wrapped Ether,WETH,18,13,431887,53395184115,241753,1913817,deprecated,0x3ace4765,"wrapAndRelayTokens(address _receiver, bytes _data)",11692534,1
13815596,1639649213,0x950e93059530dab591d53adece926afb1682b2d46ecaa0dc43fe2730c0e84ffe,244,0x58b805cecd95ce2ecef2ab60d55566de9aa84208071df9994927993887e438b4,0xca0840578f57fe71599d29375e16783424023357,0xc02aaa39b223fe8d0a0e5c4f27ead9083c756cc2,0x88ad09518695c6c3712ac10a214be5109a655671,10000000000000000,Wrapped Ether,WETH,18,119,431905,57950245553,241765,5729322,deprecated,0x3ace4765,"wrapAndRelayTokens(address _receiver, bytes _data)",11692441,1
13815625,1639649660,0xd3ca96d3854ed514c064fa2925002c526a03b77185c5c86a9801831ec6e3817b,6565,0x6980849710eda01b8e86ee7f30557f50ea98f92576fe4188fb7b064f3d1fe8d7,0x88ad09518695c6c3712ac10a214be5109a655671,0xc02aaa39b223fe8d0a0e5c4f27ead9083c756cc2,0xca0840578f57fe71599d29375e16783424023357,1078986376825492459,Wrapped Ether,WETH,18,214,1658165,64000000000,273688,11143073,deprecated,0x3f7658fd,"executeSignatures(bytes message, bytes signatures)",11692412,1
13816250,1639658478,0xc118f1fd818e335e4b9315675c92b43b34a31a050f35c03cee53c9bed5a3d3fb,734,0xd6420b1f2e07c6d8df7b21e7a9940fc142dbce87ee09fb8dd02404010d159547,0xca0840578f57fe71599d29375e16783424023357,0xc02aaa39b223fe8d0a0e5c4f27ead9083c756cc2,0x88ad09518695c6c3712ac10a214be5109a655671,1000000000000000000,Wrapped Ether,WETH,18,183,436582,59568759465,247550,12951601,deprecated,0x9254c66e,"wrapAndRelayTokens(address _receiver,bytes _data,tuple _account)",11691787,1
13816679,1639664548,0x0f36ceec7170afe473706f0416b8f9eab3fb6f24a55d1135895e7cbcd78dc6a2,6568,0xccf09de9b19734373d17f9fb444523835d55bf5d0057005f1451a5d9ae3a5cbc,0x88ad09518695c6c3712ac10a214be5109a655671,0xc02aaa39b223fe8d0a0e5c4f27ead9083c756cc2,0xca0840578f57fe71599d29375e16783424023357,100000000000000000,Wrapped Ether,WETH,18,74,1658129,80000000000,253659,4534598,deprecated,0x3f7658fd,"executeSignatures(bytes message, bytes signatures)",11691358,1
13816685,1639664593,0xc2f2a377a5e26b6e82c2a9e07cffc5d10bb2cdfefff3cfc6459b83ef3f07159c,337,0xe16b93c184209fded2759330ef488c323f068e67e242b9686b9e3dc143c05b28,0xca0840578f57fe71599d29375e16783424023357,0xc02aaa39b223fe8d0a0e5c4f27ead9083c756cc2,0x88ad09518695c6c3712ac10a214be5109a655671,1000000000000000000,Wrapped Ether,WETH,18,30,431923,68125432089,241777,2055763,deprecated,0x3ace4765,"wrapAndRelayTokens(address _receiver, bytes _data)",11691352,1
13816759,1639665553,0xca8fb2b530d0dc0cb139a73196b4cd5747b9e360ea6ead139fdc07021e21de28,341,0xd9df34d9eacfe6ff741c30da6f6d2d8b42976391d67d5fd046d779a05e0a111e,0xca0840578f57fe71599d29375e16783424023357,0xc02aaa39b223fe8d0a0e5c4f27ead9083c756cc2,0x88ad09518695c6c3712ac10a214be5109a655671,300000000000000000,Wrapped Ether,WETH,18,372,431833,65574279377,241717,25360809,deprecated,0x3ace4765,"wrapAndRelayTokens(address _receiver, bytes _data)",11691278,1
13816841,1639666524,0xae490e9f0337c935d46eea86cb4842b4055dc3238249486ff28a863e310a0323,6569,0xd09a5ba914bca5bc883718d7808afe2db7d373af9ee82c23d41adac452a9b847,0x88ad09518695c6c3712ac10a214be5109a655671,0xc02aaa39b223fe8d0a0e5c4f27ead9083c756cc2,0xca0840578f57fe71599d29375e16783424023357,198018411604085812,Wrapped Ether,WETH,18,44,1658177,85000000000,253697,4409928,deprecated,0x3f7658fd,"executeSignatures(bytes message, bytes signatures)",11691196,1
13816878,1639667116,0x621ca741f9d92801ebb6192158adb76f3b5eef8b3d90837b830936e2477fa62a,1457,0x17d22dd8d8a394ba03a1696f3c72a307c8f79a26fc3435e9cd1a960bcc08758b,0xca0840578f57fe71599d29375e16783424023357,0xc02aaa39b223fe8d0a0e5c4f27ead9083c756cc2,0x88ad09518695c6c3712ac10a214be5109a655671,100000000000000000,Wrapped Ether,WETH,18,158,431905,94257128395,241765,9799136,deprecated,0x3ace4765,"wrapAndRelayTokens(address _receiver, bytes _data)",11691159,1
13817041,1639669182,0xfdf64d07beca75531b270dcb58c2616c26acf816d2247a8b77d5b32e560f52b8,6570,0xdc8dab2acb0498dd34b8ca6802b672983de81e208639b21667e62b7f39a8d4e7,0x88ad09518695c6c3712ac10a214be5109a655671,0xc02aaa39b223fe8d0a0e5c4f27ead9083c756cc2,0xca0840578f57fe71599d29375e16783424023357,96111046759933069,Wrapped Ether,WETH,18,3,1658153,339000000000,273678,403996,deprecated,0x3f7658fd,"executeSignatures(bytes message, bytes signatures)",11690996,1
13817219,1639671394,0xa742b84d5caca9340867dfdad6a13ef28cebec5c8ac4895602b161373115ebb7,6572,0x3f41647ce041c738528d297ec9bd7fb94eb4493e5e4efa3c884a0ec69289e24e,0x88ad09518695c6c3712ac10a214be5109a655671,0xc02aaa39b223fe8d0a0e5c4f27ead9083c756cc2,0xca0840578f57fe71599d29375e16783424023357,1000000000000000000,Wrapped Ether,WETH,18,2,1658153,212000000000,273678,424232,deprecated,0x3f7658fd,"executeSignatures(bytes message, bytes signatures)",11690818,1
13817381,1639673736,0x6e158887b9cc24d660a94d350373fa87825e4a92f63a2bd9ec7e83281d29c64f,6573,0x47cb3e6959514423c75523a3bdf2eed520a40d6b68969e038e71bfa03b0c74a6,0x88ad09518695c6c3712ac10a214be5109a655671,0xc02aaa39b223fe8d0a0e5c4f27ead9083c756cc2,0xca0840578f57fe71599d29375e16783424023357,500000000000000000,Wrapped Ether,WETH,18,164,1658141,207000000000,273668,8900444,deprecated,0x3f7658fd,"executeSignatures(bytes message, bytes signatures)",11690656,1
13818341,1639686564,0xb4326b515b32084af62b6b11d73dd5b7fc52a3a093810cc32a21d384c73d8cdb,6577,0x1d8c153240546d5821fd47bcea7035b9612d2a30c9fc3cd5a1c43cd06ce9ac80,0x88ad09518695c6c3712ac10a214be5109a655671,0xc02aaa39b223fe8d0a0e5c4f27ead9083c756cc2,0xca0840578f57fe71599d29375e16783424023357,100000000000000000,Wrapped Ether,WETH,18,5,1658153,260000000000,273678,1063290,deprecated,0x3f7658fd,"executeSignatures(bytes message, bytes signatures)",11689696,1
13818554,1639689304,0x78bba45ddd97f7f09ac0f5b92fb1c867a3c14bf82df4de1a1efa09333a281849,62,0x7ded1ffddd5f6bbe8b615389d634394823c58195029f0541d54d46dbb390d75e,0xca0840578f57fe71599d29375e16783424023357,0xc02aaa39b223fe8d0a0e5c4f27ead9083c756cc2,0x88ad09518695c6c3712ac10a214be5109a655671,1000000000000000000,Wrapped Ether,WETH,18,87,431851,125233530999,241729,7152616,deprecated,0x3ace4765,"wrapAndRelayTokens(address _receiver, bytes _data)",11689483,1
13818942,1639694835,0x6cce815fdf17b4d2b3729b403fa93621008647279ffe4e5881d3a81e93755df0,1,0x9d829400f5bc8b5fc23468e236a15e2d942d95327d7eb02d0bfeaba083a7404c,0xca0840578f57fe71599d29375e16783424023357,0xc02aaa39b223fe8d0a0e5c4f27ead9083c756cc2,0x88ad09518695c6c3712ac10a214be5109a655671,295500000000000000,Wrapped Ether,WETH,18,186,431941,118975297669,241789,16594528,deprecated,0x3ace4765,"wrapAndRelayTokens(address _receiver, bytes _data)",11689095,1
13819103,1639696952,0xbddd18bb3fe871b77ab0e8dad952023b71de864f7d970eb8df51681a3117d4bf,6579,0xc47dc93a97a6f0260082aa335ddfefd20870da8c82dce68f15776fa1e4075384,0x88ad09518695c6c3712ac10a214be5109a655671,0xc02aaa39b223fe8d0a0e5c4f27ead9083c756cc2,0xca0840578f57fe71599d29375e16783424023357,100000000000000000,Wrapped Ether,WETH,18,6,1658153,150000000000,273678,905419,deprecated,0x3f7658fd,"executeSignatures(bytes message, bytes signatures)",11688934,1
13819277,1639699303,0xa92b5d79627e610f43df0880c0747d5fd8aec10b0ebfd140ab451be295bc4263,6580,0xbe7e8f12280d32cc4dc034c75dbf0b5583fd1935611015d67282841e30575a8e,0x88ad09518695c6c3712ac10a214be5109a655671,0xc02aaa39b223fe8d0a0e5c4f27ead9083c756cc2,0xca0840578f57fe71599d29375e16783424023357,100000000000000000,Wrapped Ether,WETH,18,13,1658141,131000000000,267348,1195595,deprecated,0x3f7658fd,"executeSignatures(bytes message, bytes signatures)",11688760,1
13819301,1639699623,0x4b78d1ed3503561cfde57c97f48da4a9998a5145c999c949217e060fbbaf66cb,6581,0x73f1e55a2734c0b810b1510a2b0225cb7c744c3ad8295323c080fadae0444a87,0x88ad09518695c6c3712ac10a214be5109a655671,0xc02aaa39b223fe8d0a0e5c4f27ead9083c756cc2,0xca0840578f57fe71599d29375e16783424023357,500000000000000000,Wrapped Ether,WETH,18,51,1658153,125000000000,253678,2213394,deprecated,0x3f7658fd,"executeSignatures(bytes message, bytes signatures)",11688736,1
13820680,1639718035,0x126f7cb2947bb583e58d47093716a64431f4b8f21419b62f65aaddb09053f8da,6583,0xce5e713ef1b7f50bf6758e041c31af6896d53a5cd9774122ce1d77ae1746545b,0x88ad09518695c6c3712ac10a214be5109a655671,0xc02aaa39b223fe8d0a0e5c4f27ead9083c756cc2,0xca0840578f57fe71599d29375e16783424023357,99007766921878327,Wrapped Ether,WETH,18,14,1658177,75000000000,253697,984954,deprecated,0x3f7658fd,"executeSignatures(bytes message, bytes signatures)",11687357,1
13820774,1639719264,0x536ef655d31ffab200d1816709d30130192691c7d3cb7564800783427d23e904,6584,0xd55ff7ac54240fadb18f60cc3d6d92f440fe1e339519636b135027854990e6bf,0x88ad09518695c6c3712ac10a214be5109a655671,0xc02aaa39b223fe8d0a0e5c4f27ead9083c756cc2,0xca0840578f57fe71599d29375e16783424023357,192552197834082877,Wrapped Ether,WETH,18,31,1658177,92000000000,253697,1951606,deprecated,0x3f7658fd,"executeSignatures(bytes message, bytes signatures)",11687263,1
13821070,1639722985,0xba69ef08ad5b9f048a1e85bc2f301219fa505d2d2f49742d1e1a838c997d9518,211,0xd0d136c0390d87d9ef46348f33a159be0adb387cd05f5e8f319c314c0b2e43b5,0xca0840578f57fe71599d29375e16783424023357,0xc02aaa39b223fe8d0a0e5c4f27ead9083c756cc2,0x88ad09518695c6c3712ac10a214be5109a655671,500000000000000000,Wrapped Ether,WETH,18,87,463036,40000000000,264638,6795014,deprecated,0x9254c66e,"wrapAndRelayTokens(address _receiver,bytes _data,tuple _account)",11686967,1
13821361,1639726366,0x3112f77e3f5284c9033adcf2e1d96005b91f7b352b82384a6bebac660c4e283c,6586,0x12bde270044f614e13afdd51491537ce69d7b396acb9e0187e2fbd9de159549a,0x88ad09518695c6c3712ac10a214be5109a655671,0xc02aaa39b223fe8d0a0e5c4f27ead9083c756cc2,0xca0840578f57fe71599d29375e16783424023357,100000000000000000,Wrapped Ether,WETH,18,74,1658129,63000000000,273659,2781077,deprecated,0x3f7658fd,"executeSignatures(bytes message, bytes signatures)",11686676,1
13821616,1639729927,0x0fc82c9ee9a7bd5e50b11db6dcac309b9c0fb13fbcc7939c4405642bd70b0a2e,6587,0x40787d2d8cb48375d66dd888d9e463618e9bec6c2e96df224085519a887f893d,0x88ad09518695c6c3712ac10a214be5109a655671,0xc02aaa39b223fe8d0a0e5c4f27ead9083c756cc2,0xca0840578f57fe71599d29375e16783424023357,100000000000000000,Wrapped Ether,WETH,18,20,1658129,71000000000,253659,2965233,deprecated,0x3f7658fd,"executeSignatures(bytes message, bytes signatures)",11686421,1
13821655,1639730526,0x7e64572c5eee93a7514b102612ee7c0ebf3e6f92462fc9a9d37f27731b468da6,6588,0xd9983ffc4863d58442f3d727a6a46682a5764ea94f3671e91f3ab28ecd82ff52,0x88ad09518695c6c3712ac10a214be5109a655671,0xc02aaa39b223fe8d0a0e5c4f27ead9083c756cc2,0xca0840578f57fe71599d29375e16783424023357,500000000000000000,Wrapped Ether,WETH,18,6,1658153,69000000000,253678,581806,deprecated,0x3f7658fd,"executeSignatures(bytes message, bytes signatures)",11686382,1
13821882,1639733548,0xd4cfb417cbefb663f8c7ed4733f9382ab05281f704c405ac4c72721d951d2320,28,0x825a1d6cacc49bd415d15f61f3b0095be96ec48fad8b2e893dbd9e36a46cf2ff,0xca0840578f57fe71599d29375e16783424023357,0xc02aaa39b223fe8d0a0e5c4f27ead9083c756cc2,0x88ad09518695c6c3712ac10a214be5109a655671,100000000000000000,Wrapped Ether,WETH,18,58,431905,51327507694,241765,3218680,deprecated,0x3ace4765,"wrapAndRelayTokens(address _receiver, bytes _data)",11686155,1
13822029,1639735621,0x4d4eeb978cb39f76f3b0580ded86bb21c24c80feaef4cea0c860672fab87d003,389,0x4570fe20659dc766920a31cb4c250439285aa4f0bdff5993ad22221c48a06a32,0xca0840578f57fe71599d29375e16783424023357,0xc02aaa39b223fe8d0a0e5c4f27ead9083c756cc2,0x88ad09518695c6c3712ac10a214be5109a655671,1000000000000000000,Wrapped Ether,WETH,18,105,431923,47663529278,241777,7183161,deprecated,0x3ace4765,"wrapAndRelayTokens(address _receiver, bytes _data)",11686008,1
13822099,1639736562,0xdd78fb03d246c73ca04092ef41a73ce3d27f991477818afa32237bd2d1d2659f,6589,0xa009856f8c5a1c56fb91bab0be8042b3dfea5ab8c21c87e0a9d8be2112bd0e7c,0x88ad09518695c6c3712ac10a214be5109a655671,0xc02aaa39b223fe8d0a0e5c4f27ead9083c756cc2,0xca0840578f57fe71599d29375e16783424023357,97000000000000000,Wrapped Ether,WETH,18,109,1658141,56000000000,273668,9092560,deprecated,0x3f7658fd,"executeSignatures(bytes message, bytes signatures)",11685938,1
13823172,1639751485,0x8ccd6eef991d5e0a306adf27ab9406dc7e075ef11e2918fb75f684d739532928,16,0xcae11d801ee3488fede687b5899bd0cfdc419f2f7febe3819113decf21941593,0xca0840578f57fe71599d29375e16783424023357,0xc02aaa39b223fe8d0a0e5c4f27ead9083c756cc2,0x88ad09518695c6c3712ac10a214be5109a655671,600000000000000000,Wrapped Ether,WETH,18,200,431941,74926928900,241789,12078241,deprecated,0x3ace4765,"wrapAndRelayTokens(address _receiver, bytes _data)",11684865,1
13823202,1639751967,0xfb29870a5f41c0c627746c0f8be7917cf62f27bf10bb49314f16f6b0230eb147,16,0x1de23e5de347c5efa671fbb5faef2e8b1644942b6ddf8797ced7af826eb4d435,0xca0840578f57fe71599d29375e16783424023357,0xc02aaa39b223fe8d0a0e5c4f27ead9083c756cc2,0x88ad09518695c6c3712ac10a214be5109a655671,200000000000000000,Wrapped Ether,WETH,18,101,436600,83962331679,247562,5964422,deprecated,0x9254c66e,"wrapAndRelayTokens(address _receiver,bytes _data,tuple _account)",11684835,1
13823286,1639753258,0x45f7305646a753a07de86d43be78dbbaa1a7fb8b5651918be5571884b7bd34a3,12,0x49a12918827635ff7941d0f90fb8a127ef4d120cfda2233a33abd0ed7cedc0b5,0xca0840578f57fe71599d29375e16783424023357,0xc02aaa39b223fe8d0a0e5c4f27ead9083c756cc2,0x88ad09518695c6c3712ac10a214be5109a655671,105000000000000000,Wrapped Ether,WETH,18,24,431941,109767424357,241789,2489340,deprecated,0x3ace4765,"wrapAndRelayTokens(address _receiver, bytes _data)",11684751,1
13823328,1639753673,0xee1bbc7a4a5b4fb97da408f0ace0a01fbfa216bf3074b4e2600561b8fd3c1e4c,6594,0x0502a792ab494fed1fd65c9ed79877d9502e0c8a0a961f34a0afce9e5f43cd2c,0x88ad09518695c6c3712ac10a214be5109a655671,0xc02aaa39b223fe8d0a0e5c4f27ead9083c756cc2,0xca0840578f57fe71599d29375e16783424023357,500000000000000000,Wrapped Ether,WETH,18,72,1658153,117000000000,253678,4718938,deprecated,0x3f7658fd,"executeSignatures(bytes message, bytes signatures)",11684709,1
13823339,1639753868,0xe7e30c4bbc6c5183ddafc7f0f078b4b2a668e8f7dc23f8a28569743d3f4419f8,6595,0xd64f010b1d0be34f86093780eb2816cb57bcb0b2c5f198a8ed60f37b8626a562,0x88ad09518695c6c3712ac10a214be5109a655671,0xc02aaa39b223fe8d0a0e5c4f27ead9083c756cc2,0xca0840578f57fe71599d29375e16783424023357,100000000000000000,Wrapped Ether,WETH,18,55,1658141,117000000000,273668,4850216,deprecated,0x3f7658fd,"executeSignatures(bytes message, bytes signatures)",11684698,1
13823369,1639754336,0x7befd5d16e5241d3c16ede90d52837265f450b733ef0f446ad16fd5bf452a794,6596,0xde287cbfe1fd5d8e7d507195bc542d1e70602e010fb33d4606100f8b2aa18b4d,0x88ad09518695c6c3712ac10a214be5109a655671,0xc02aaa39b223fe8d0a0e5c4f27ead9083c756cc2,0xca0840578f57fe71599d29375e16783424023357,198018290514427485,Wrapped Ether,WETH,18,2,1658165,117000000000,273688,546920,deprecated,0x3f7658fd,"executeSignatures(bytes message, bytes signatures)",11684668,1
13824627,1639771234,0x2deeb4b6a78a29956559d3adc72b2bcdf1e785e21303aee28f86b63d6a01012e,1,0xe7b1d6b33e0246ed835e2718ebb3ef0285acee4e926ea81326b1ead11bab1b27,0xca0840578f57fe71599d29375e16783424023357,0xc02aaa39b223fe8d0a0e5c4f27ead9083c756cc2,0x88ad09518695c6c3712ac10a214be5109a655671,1000000000000000000,Wrapped Ether,WETH,18,228,431923,94707704191,241777,12736450,deprecated,0x3ace4765,"wrapAndRelayTokens(address _receiver, bytes _data)",11683410,1
13824682,1639772159,0xf76258aaed4e29e63e837611606a239388a0c9916c3d4ed26c2b608273d6c3d1,6598,0xa14667a6fc4220897245f4fbe4b8082a0c4d95fedcdf701d66b7cd9605b7dd79,0x88ad09518695c6c3712ac10a214be5109a655671,0xc02aaa39b223fe8d0a0e5c4f27ead9083c756cc2,0xca0840578f57fe71599d29375e16783424023357,864800000000000000,Wrapped Ether,WETH,18,3,1658129,215000000000,253659,842003,deprecated,0x3f7658fd,"executeSignatures(bytes message, bytes signatures)",11683355,1
13824692,1639772234,0xe6afe47e8d6ebed4f60cdec047dfd44ae7243962ac766ca113c5e9ec51a4bb4a,6599,0xf0d59d15e1f5ff1638087d54ea6ee0c22a0de7cef6af192c863e64c5a1b8bed1,0x88ad09518695c6c3712ac10a214be5109a655671,0xc02aaa39b223fe8d0a0e5c4f27ead9083c756cc2,0xca0840578f57fe71599d29375e16783424023357,300000000000000000,Wrapped Ether,WETH,18,5,1658153,215000000000,273678,1162604,deprecated,0x3f7658fd,"executeSignatures(bytes message, bytes signatures)",11683345,1
13824858,1639774045,0x7dafb9d9c86ac7d2b17628ea85e622577260d97aaa797ddfec8e6c29f14f7d1b,9,0x3ef27bf5e01e97514d92a040c3355ce143e5201162ace07d0c9600825f8db956,0xca0840578f57fe71599d29375e16783424023357,0xc02aaa39b223fe8d0a0e5c4f27ead9083c756cc2,0x88ad09518695c6c3712ac10a214be5109a655671,1000000000000000000,Wrapped Ether,WETH,18,50,436600,63496270359,247562,3701754,deprecated,0x9254c66e,"wrapAndRelayTokens(address _receiver,bytes _data,tuple _account)",11683179,1
13824869,1639774213,0xec782a66d41e902178f5c380bb87976d6ecf42ea96f20d157d138dc7a4437a91,6,0x288d739c401ab9e22dd6369a5a211a2282294237da5e928d1eda62871d8dbd99,0xca0840578f57fe71599d29375e16783424023357,0xc02aaa39b223fe8d0a0e5c4f27ead9083c756cc2,0x88ad09518695c6c3712ac10a214be5109a655671,340158340578892680,Wrapped Ether,WETH,18,71,436618,67363246327,247574,9611641,deprecated,0x9254c66e,"wrapAndRelayTokens(address _receiver,bytes _data,tuple _account)",11683168,1
13824907,1639774887,0xee60c4257a01bc6e8893c7c2cf7dd428de00b997776ff2295785f609c6c7139a,6,0xe5d45fb749d669daaf9f322a8496018c9391449100db6857ad0ca941981fb29c,0xca0840578f57fe71599d29375e16783424023357,0xc02aaa39b223fe8d0a0e5c4f27ead9083c756cc2,0x88ad09518695c6c3712ac10a214be5109a655671,500000000000000000,Wrapped Ether,WETH,18,46,436582,87004022556,247550,2866225,deprecated,0x9254c66e,"wrapAndRelayTokens(address _receiver,bytes _data,tuple _account)",11683130,1
13824923,1639775119,0x03c00e368566f8adfae3a05cc7862599a32bc116ee32b3aac8c3f14eaab92844,6600,0x696516e7dd7e107dac525936c3974fd00a9067dc615d9b679d35507a1d608af8,0x88ad09518695c6c3712ac10a214be5109a655671,0xc02aaa39b223fe8d0a0e5c4f27ead9083c756cc2,0xca0840578f57fe71599d29375e16783424023357,300000000000000000,Wrapped Ether,WETH,18,69,1658141,85000000000,253668,3973796,deprecated,0x3f7658fd,"executeSignatures(bytes message, bytes signatures)",11683114,1
13824923,1639775119,0x7320fcf6df593bf77d05d36e5ef1cd5e13cd72137be218ae06836d167260a232,6601,0x696516e7dd7e107dac525936c3974fd00a9067dc615d9b679d35507a1d608af8,0x88ad09518695c6c3712ac10a214be5109a655671,0xc02aaa39b223fe8d0a0e5c4f27ead9083c756cc2,0xca0840578f57fe71599d29375e16783424023357,990000000000000000,Wrapped Ether,WETH,18,70,1658141,85000000000,273668,4247464,deprecated,0x3f7658fd,"executeSignatures(bytes message, bytes signatures)",11683114,1
13824964,1639775521,0xeaa4186f601356a0168a64a9c6ad5628a73d7ddf9a830a3f922ab6ef2262f8a3,6602,0x02117aed60e01f8b1d7d63df214ad6314b48a4b408546a79147af53543088d45,0x88ad09518695c6c3712ac10a214be5109a655671,0xc02aaa39b223fe8d0a0e5c4f27ead9083c756cc2,0xca0840578f57fe71599d29375e16783424023357,495000000000000000,Wrapped Ether,WETH,18,30,1658141,85000000000,273668,2574900,deprecated,0x3f7658fd,"executeSignatures(bytes message, bytes signatures)",11683073,1
13825439,1639781796,0xe489c90635357d16b032a1149070e80c8f66f418b1134f101c3cc9b09bf31144,6603,0x8b0fb567f4c26db1a6e44ea304de123f213a70160c866cb3c89a7bc06f43583e,0x88ad09518695c6c3712ac10a214be5109a655671,0xc02aaa39b223fe8d0a0e5c4f27ead9083c756cc2,0xca0840578f57fe71599d29375e16783424023357,300000000000000000,Wrapped Ether,WETH,18,9,1658141,204000000000,273668,1781033,deprecated,0x3f7658fd,"executeSignatures(bytes message, bytes signatures)",11682598,1
13827136,1639804662,0x1ff90fb1d9392da62c865e2b67dd6f079ae9d65b459b5f1a1a125517222e6deb,2,0x9a9f2f3f1e56845845a2491bc76b736617168f1cd184fef88bb397902ffc2227,0xca0840578f57fe71599d29375e16783424023357,0xc02aaa39b223fe8d0a0e5c4f27ead9083c756cc2,0x88ad09518695c6c3712ac10a214be5109a655671,1000000000000000000,Wrapped Ether,WETH,18,30,431869,78772838382,241741,1663161,deprecated,0x3ace4765,"wrapAndRelayTokens(address _receiver, bytes _data)",11680901,1
13827216,1639805591,0xdb37ebb58a6cc0643e8d0e983e4e4b2102ac3c8ffdbe231227a4ebe0d068deb7,6608,0x6dd781aaeed4f75166f2ab06d3a32f72a039cb831a673589cf502fff77aae433,0x88ad09518695c6c3712ac10a214be5109a655671,0xc02aaa39b223fe8d0a0e5c4f27ead9083c756cc2,0xca0840578f57fe71599d29375e16783424023357,1000000000000000000,Wrapped Ether,WETH,18,41,1658141,76000000000,287348,2433122,deprecated,0x3f7658fd,"executeSignatures(bytes message, bytes signatures)",11680821,1
13829149,1639830718,0xb60429fff6a264dbde5e680a79dad466ef1ebaad4b59263b2e8d22f5f6c9a33a,45,0xf52a6bab7decdf973b595ad5796c8de5191f7bb17ac3578e73044ae398a296e2,0xca0840578f57fe71599d29375e16783424023357,0xc02aaa39b223fe8d0a0e5c4f27ead9083c756cc2,0x88ad09518695c6c3712ac10a214be5109a655671,300000000000000000,Wrapped Ether,WETH,18,252,436474,45800653452,247478,10063681,deprecated,0x9254c66e,"wrapAndRelayTokens(address _receiver,bytes _data,tuple _account)",11678888,1
13829224,1639831886,0x743ccddb2a9c75b794258da3f5d351e1bd102fcf9e918a59b1b7e03467f5e68e,6610,0x2a2a3c97d2ee5f837f397b531443a4ce47ac26debbfd1c9c1261d0292d49b442,0x88ad09518695c6c3712ac10a214be5109a655671,0xc02aaa39b223fe8d0a0e5c4f27ead9083c756cc2,0xca0840578f57fe71599d29375e16783424023357,296000000000000000,Wrapped Ether,WETH,18,22,1658141,71000000000,273668,947686,deprecated,0x3f7658fd,"executeSignatures(bytes message, bytes signatures)",11678813,1
13829528,1639835793,0x9acd616cdb0c45d255a4a3b51f5884836d9fbcfda4c6003d1cf25c3d98bc3745,2425,0x5eac9fe57a79dbf9edf272b3d6850dcc5d8af5abab38060f19c639e05319688b,0xca0840578f57fe71599d29375e16783424023357,0xc02aaa39b223fe8d0a0e5c4f27ead9083c756cc2,0x88ad09518695c6c3712ac10a214be5109a655671,250000000000000000,Wrapped Ether,WETH,18,74,431959,54973632910,241801,5349071,deprecated,0x3ace4765,"wrapAndRelayTokens(address _receiver, bytes _data)",11678509,1
13830165,1639844899,0x6e64c64020e9ec2f739b857afb745bc7ce124d38e2973e4a746f82df6ae892fb,2456,0x1aa3c6de642316c6f85400bf344f9baf3ce10d7b6324213b8f503603c8d469f6,0xca0840578f57fe71599d29375e16783424023357,0xc02aaa39b223fe8d0a0e5c4f27ead9083c756cc2,0x88ad09518695c6c3712ac10a214be5109a655671,1000000000000000000,Wrapped Ether,WETH,18,150,2854490,52598760620,241777,10698593,deprecated,0x3ace4765,"wrapAndRelayTokens(address _receiver, bytes _data)",11677872,1
13830443,1639848420,0xa36318025b505ee0064df2915a20c6775563a05320c25e778c2bab0d2f77a500,1,0x6f7ad3c6ec81a3e55f09cc70ecf16aefcb0fdd5be6791417bdd54e05b09c7ab7,0xca0840578f57fe71599d29375e16783424023357,0xc02aaa39b223fe8d0a0e5c4f27ead9083c756cc2,0x88ad09518695c6c3712ac10a214be5109a655671,77883370256933296,Wrapped Ether,WETH,18,111,431995,53881849020,241825,7048579,deprecated,0x3ace4765,"wrapAndRelayTokens(address _receiver, bytes _data)",11677594,1
13830958,1639855098,0x9734fd76bfae0170ec75805550d3cc97dfc8d883ff9fbac360ee9c69f15f170d,3114,0xad9b4624632a59713a64366faf817102e25b97bbe44cc8760464c7b869689f4a,0xca0840578f57fe71599d29375e16783424023357,0xc02aaa39b223fe8d0a0e5c4f27ead9083c756cc2,0x88ad09518695c6c3712ac10a214be5109a655671,100000000000000000,Wrapped Ether,WETH,18,142,431905,39881381700,241765,18393519,deprecated,0x3ace4765,"wrapAndRelayTokens(address _receiver, bytes _data)",11677079,1
13831030,1639856050,0x1a137368756cb8b991385a4f549fc1a87f96abbb90e7f2a08cf1633484a85694,3133,0x0c8cfb3f810bea65ccfc1429f69acdfad021702f95c34db7e1dd80142730f83e,0xca0840578f57fe71599d29375e16783424023357,0xc02aaa39b223fe8d0a0e5c4f27ead9083c756cc2,0x88ad09518695c6c3712ac10a214be5109a655671,100000000000000000,Wrapped Ether,WETH,18,107,287937,45945123473,241765,10085241,deprecated,0x3ace4765,"wrapAndRelayTokens(address _receiver, bytes _data)",11677007,1
13831055,1639856330,0x95935244d564869c5d5c6c6a2d6dee8da50e572c7c894d7a96f402e8ea42b1ec,70,0xf4d2ce3fed7f25dfff3fc615909a26e18c3c53da803ef9ef830bc946e8aa5cbf,0xca0840578f57fe71599d29375e16783424023357,0xc02aaa39b223fe8d0a0e5c4f27ead9083c756cc2,0x88ad09518695c6c3712ac10a214be5109a655671,100000000000000000,Wrapped Ether,WETH,18,186,431923,38987465609,241777,16210637,deprecated,0x3ace4765,"wrapAndRelayTokens(address _receiver, bytes _data)",11676982,1
13831111,1639856865,0xfa43f54ceb4f8ba9310588dd83b854ce64e08df0c18156b983018fd924b47769,6613,0x82a7e75b86572cc7305922157db05645c425cfbb024b6d619850c11eadd83526,0x88ad09518695c6c3712ac10a214be5109a655671,0xc02aaa39b223fe8d0a0e5c4f27ead9083c756cc2,0xca0840578f57fe71599d29375e16783424023357,99000000000000000,Wrapped Ether,WETH,18,75,1658153,63000000000,273678,3426851,deprecated,0x3f7658fd,"executeSignatures(bytes message, bytes signatures)",11676926,1
13831354,1639860297,0x60578303af51ebdf435dc6157d08e30fcd66bc2f84041fb6a380688c2edce179,6614,0x172f50540c1ed1f82654bbd6b6acfa99a58e3b6827e81af69cb319f9df6c7e9e,0x88ad09518695c6c3712ac10a214be5109a655671,0xc02aaa39b223fe8d0a0e5c4f27ead9083c756cc2,0xca0840578f57fe71599d29375e16783424023357,300000000000000000,Wrapped Ether,WETH,18,42,1658141,77000000000,253668,4268171,deprecated,0x3f7658fd,"executeSignatures(bytes message, bytes signatures)",11676683,1
13832037,1639869345,0x7c984dddcd51a8951a46e0d6a08ebb8a2139866edbd97faf6497f52c99e84062,7,0xaae062e5821acad82f42315b8bac93378754d9f78946f036f925490290957c9e,0xca0840578f57fe71599d29375e16783424023357,0xc02aaa39b223fe8d0a0e5c4f27ead9083c756cc2,0x88ad09518695c6c3712ac10a214be5109a655671,50000000000000000,Wrapped Ether,WETH,18,59,436528,55654748658,247514,3866865,deprecated,0x9254c66e,"wrapAndRelayTokens(address _receiver,bytes _data,tuple _account)",11676000,1
13832579,1639876467,0x6933c4f9c72e54d025947799867821a9624e9261996890843b951c0adab038d2,6615,0x5ee8d0a5f16586c470727151f87ddbaaf1c2a3b775155ff8b06c5754a78e9379,0x88ad09518695c6c3712ac10a214be5109a655671,0xc02aaa39b223fe8d0a0e5c4f27ead9083c756cc2,0xca0840578f57fe71599d29375e16783424023357,1000000000000000000,Wrapped Ether,WETH,18,94,1658141,69000000000,287348,5823332,deprecated,0x3f7658fd,"executeSignatures(bytes message, bytes signatures)",11675458,1
13832942,1639881657,0x666167998b88a8b79da9842eb47b2c81e549740608c402e4e5e200cc6901fb93,4,0xe6cbd9602cd2f712f57693bec47e70a0a70d5118ff097515e71782c0458fa996,0xca0840578f57fe71599d29375e16783424023357,0xc02aaa39b223fe8d0a0e5c4f27ead9083c756cc2,0x88ad09518695c6c3712ac10a214be5109a655671,100000000000000000,Wrapped Ether,WETH,18,103,463018,36038748101,264626,7657852,deprecated,0x9254c66e,"wrapAndRelayTokens(address _receiver,bytes _data,tuple _account)",11675095,1
13833018,1639882576,0xfd94c0d4c10edf4f87e723cc1b6d15993b1abb2aa7ec126bde00b55ef99fa56e,6616,0xb38ef78e5b1109657aa2fa7bfa784957ac8f860b2714e94bab3d9a7612336e52,0x88ad09518695c6c3712ac10a214be5109a655671,0xc02aaa39b223fe8d0a0e5c4f27ead9083c756cc2,0xca0840578f57fe71599d29375e16783424023357,99007016877545237,Wrapped Ether,WETH,18,36,1658165,93000000000,253688,3638020,deprecated,0x3f7658fd,"executeSignatures(bytes message, bytes signatures)",11675019,1
13834004,1639896310,0x79f7b9b75fad86d19865fae531be2bd8b7ccdc8b4a63697fc3e79ed8a2ab6bef,2821,0xde757a06360d74c18438865c8aa90a28ac9e7178901d5ee0de9bed98b239808f,0xca0840578f57fe71599d29375e16783424023357,0xc02aaa39b223fe8d0a0e5c4f27ead9083c756cc2,0x88ad09518695c6c3712ac10a214be5109a655671,100000000000000000,Wrapped Ether,WETH,18,196,431923,41301315282,241777,18656658,deprecated,0x3ace4765,"wrapAndRelayTokens(address _receiver, bytes _data)",11674033,1
13834050,1639896866,0xca6bb3b9e24ec5c9bcf889ee6ea0e11937ffd437b838e216fedf8d6a37ca89c1,963,0x71f0b7f7ded826fa833aec3ccbec3b4d4a662f15c144db41eb8c023d2b278d03,0xca0840578f57fe71599d29375e16783424023357,0xc02aaa39b223fe8d0a0e5c4f27ead9083c756cc2,0x88ad09518695c6c3712ac10a214be5109a655671,500000000000000000,Wrapped Ether,WETH,18,339,436528,39959587383,247514,24892529,deprecated,0x9254c66e,"wrapAndRelayTokens(address _receiver,bytes _data,tuple _account)",11673987,1
13834070,1639897150,0x7369399d0861b611735e526fc53b6096009806a38726f1e87bf286a4c15d44f0,7,0x9e9046927dfd096261f436c6896896918288bf27a15c05e9ced65c67904d72e6,0xca0840578f57fe71599d29375e16783424023357,0xc02aaa39b223fe8d0a0e5c4f27ead9083c756cc2,0x88ad09518695c6c3712ac10a214be5109a655671,920000000000000000,Wrapped Ether,WETH,18,28,431923,47220240337,241777,1995022,deprecated,0x3ace4765,"wrapAndRelayTokens(address _receiver, bytes _data)",11673967,1
13834112,1639897661,0x678468f43e9f44ec6f02900b896c9a0b5e1faae2c85c0b5ef4f80e0ce466cd43,6617,0xef85294c15ccaad6277c878d1fe0d72f28fc2f91e14cddd56a940a0d9efa8e63,0x88ad09518695c6c3712ac10a214be5109a655671,0xc02aaa39b223fe8d0a0e5c4f27ead9083c756cc2,0xca0840578f57fe71599d29375e16783424023357,100000000000000000,Wrapped Ether,WETH,18,167,1658141,48000000000,253668,8322117,deprecated,0x3f7658fd,"executeSignatures(bytes message, bytes signatures)",11673925,1
13834287,1639899846,0x4c46fadff2a903f8cccdef6e144ed7b688f82a79e310787f67fdb381db0e48de,11,0xab003315ccf5a1896dceeeabaad1003a1394f60fb3f7c4c333c8041eb71a946a,0xca0840578f57fe71599d29375e16783424023357,0xc02aaa39b223fe8d0a0e5c4f27ead9083c756cc2,0x88ad09518695c6c3712ac10a214be5109a655671,100000000000000000,Wrapped Ether,WETH,18,93,431923,37054951195,241777,9817671,deprecated,0x3ace4765,"wrapAndRelayTokens(address _receiver, bytes _data)",11673750,1
13834357,1639900819,0xeb200ab777b6c91e062a62102b08dfee22da55a3b6d0e9cfde32ef1d0ee4de23,6618,0x7ac8b4f0adb8065c70dc047fdc09dd3c1241e24489765e288614e880a63605b7,0x88ad09518695c6c3712ac10a214be5109a655671,0xc02aaa39b223fe8d0a0e5c4f27ead9083c756cc2,0xca0840578f57fe71599d29375e16783424023357,50000000000000000,Wrapped Ether,WETH,18,10,1658129,47000000000,253659,715663,deprecated,0x3f7658fd,"executeSignatures(bytes message, bytes signatures)",11673680,1
13834668,1639905227,0xeb2a18b5fadb959413a5521d432eea29f6bc0f363a8407c953484d33c2886e71,111,0xaa75820ea2f898e64426151fefca7e44e79b6b23c762c356b1f33730be923131,0xca0840578f57fe71599d29375e16783424023357,0xc02aaa39b223fe8d0a0e5c4f27ead9083c756cc2,0x88ad09518695c6c3712ac10a214be5109a655671,505856147598635432,Wrapped Ether,WETH,18,83,431941,37920842999,241789,5381700,deprecated,0x3ace4765,"wrapAndRelayTokens(address _receiver, bytes _data)",11673369,1
13834693,1639905589,0x5041039452f75bddee4f5c0421d74faf62ee1d4946ade376dda01be8f7d5b741,1,0x52c3ac8b0b81cff13e833e3f194bf50f3f6866cec3b22d1a6d25c9111e5a1a06,0xca0840578f57fe71599d29375e16783424023357,0xc02aaa39b223fe8d0a0e5c4f27ead9083c756cc2,0x88ad09518695c6c3712ac10a214be5109a655671,462483660594192206,Wrapped Ether,WETH,18,91,431977,36826156904,241813,6519039,deprecated,0x3ace4765,"wrapAndRelayTokens(address _receiver, bytes _data)",11673344,1
13834952,1639908965,0x9ac22d71cd66eb22146254bb822186e8fe512d97564a8435f113523e456c55e5,25,0x7ea7fb33fbeda324880d2b9977e890ded235d9db5dba9939f39e5ebed5264cc3,0xca0840578f57fe71599d29375e16783424023357,0xc02aaa39b223fe8d0a0e5c4f27ead9083c756cc2,0x88ad09518695c6c3712ac10a214be5109a655671,50000000000000000,Wrapped Ether,WETH,18,137,431869,49337094997,241741,11462126,deprecated,0x3ace4765,"wrapAndRelayTokens(address _receiver, bytes _data)",11673085,1
13835012,1639909900,0x7873d8348490b4a8f96e2c2291fa77ad276adc1a4f7b814f2adbaf123c4a9cdd,667,0x8b1016bb5cf8363627e4195dd1b1c69f2c1d789065eb40d99aa3973a1d5d4083,0xca0840578f57fe71599d29375e16783424023357,0xc02aaa39b223fe8d0a0e5c4f27ead9083c756cc2,0x88ad09518695c6c3712ac10a214be5109a655671,1000000000000000000,Wrapped Ether,WETH,18,15,431905,47543699876,241765,1047651,deprecated,0x3ace4765,"wrapAndRelayTokens(address _receiver, bytes _data)",11673025,1
13835049,1639910285,0x78ab73ff779c5bab9da5a53c0a1d9fede2e7077ddbac3c21cd0b0355e553e817,668,0x473e956eb8fdf0036332d45cc49af54f67e8df60cf657c96287c9e0fa8f36469,0xca0840578f57fe71599d29375e16783424023357,0xc02aaa39b223fe8d0a0e5c4f27ead9083c756cc2,0x88ad09518695c6c3712ac10a214be5109a655671,1000000000000000000,Wrapped Ether,WETH,18,110,431887,31920533834,241753,7379103,deprecated,0x3ace4765,"wrapAndRelayTokens(address _receiver, bytes _data)",11672988,1
13835092,1639910910,0xe82b85ee4722441b7ae1c613c6bbf479c6f762f991ac43d47096f3dbefc71550,532,0xace49a3d7c143b52eadb6197f08bae61858dcaf7d5ba4e42bf82d7f4017b5935,0xca0840578f57fe71599d29375e16783424023357,0xc02aaa39b223fe8d0a0e5c4f27ead9083c756cc2,0x88ad09518695c6c3712ac10a214be5109a655671,500000000000000000,Wrapped Ether,WETH,18,15,431941,46505313731,241789,993248,deprecated,0x3ace4765,"wrapAndRelayTokens(address _receiver, bytes _data)",11672945,1
13835112,1639911104,0x83a64df9c2d33400702e1efe59a91fb134b98b82ae8618be06d2b213e73f37a7,669,0xa502d73bf11da2df6befdd2cff9044b5f4ce3cda4c689615d514c49cc31a7269,0xca0840578f57fe71599d29375e16783424023357,0xc02aaa39b223fe8d0a0e5c4f27ead9083c756cc2,0x88ad09518695c6c3712ac10a214be5109a655671,1000000000000000000,Wrapped Ether,WETH,18,64,431923,36503452246,241777,4242214,deprecated,0x3ace4765,"wrapAndRelayTokens(address _receiver, bytes _data)",11672925,1
13835169,1639911860,0xb4f2b45721e1b18cce7cdfd99f0e0d1b3d63d81ca1ab0235de4c1aea4e3159e2,670,0x75eca2f42269a70a02972b1fc626e8ccd88745670e11511a5021c946598246e4,0xca0840578f57fe71599d29375e16783424023357,0xc02aaa39b223fe8d0a0e5c4f27ead9083c756cc2,0x88ad09518695c6c3712ac10a214be5109a655671,74391378217702027,Wrapped Ether,WETH,18,66,431923,29898139332,241777,7982236,deprecated,0x3ace4765,"wrapAndRelayTokens(address _receiver, bytes _data)",11672868,1
13835270,1639913004,0xd2f89bfbd3527ecca1afc1be60dcc4f357c34d5b24daeb168a9c7daa5fa71322,412,0x7dd14ec712e800190a331c8e51a5b38a6dae5395ed2e82272dde46d25e0c02f1,0xca0840578f57fe71599d29375e16783424023357,0xc02aaa39b223fe8d0a0e5c4f27ead9083c756cc2,0x88ad09518695c6c3712ac10a214be5109a655671,150000000000000000,Wrapped Ether,WETH,18,3,436510,36813843139,247502,540371,deprecated,0x9254c66e,"wrapAndRelayTokens(address _receiver,bytes _data,tuple _account)",11672767,1
13835283,1639913131,0xd79b9ff3aee397650318509fedf4b236ac4dec3008333c368bc118f4110973cc,0,0x22bf07af3fd9823b8d268704f2ff26fa94bb5214a846422749bca9b73d95536f,0xca0840578f57fe71599d29375e16783424023357,0xc02aaa39b223fe8d0a0e5c4f27ead9083c756cc2,0x88ad09518695c6c3712ac10a214be5109a655671,1000000000000000000,Wrapped Ether,WETH,18,77,436366,30436705824,247406,11377666,deprecated,0x9254c66e,"wrapAndRelayTokens(address _receiver,bytes _data,tuple _account)",11672754,1
13835359,1639914186,0xc4cffc1786188bf9a8e38d794935883b4788838ad1d707dfbf695fe103b66419,1,0x659c0ad1ddbbaf05998f0df3a2a993fa3bdd813012576eb9c04543fa550b3a0d,0xca0840578f57fe71599d29375e16783424023357,0xc02aaa39b223fe8d0a0e5c4f27ead9083c756cc2,0x88ad09518695c6c3712ac10a214be5109a655671,100000000000000000,Wrapped Ether,WETH,18,165,431923,35396584398,241777,10520386,deprecated,0x3ace4765,"wrapAndRelayTokens(address _receiver, bytes _data)",11672678,1
13835412,1639914777,0xdf66c66d7e1374c6481049530bc8fded7ec774b37eddeaaeeb57ee6cb400d32b,6619,0xe7b17af73cdb2dee6ccd397a508e386be2e9487eac4d179845b0f81934f617a8,0x88ad09518695c6c3712ac10a214be5109a655671,0xc02aaa39b223fe8d0a0e5c4f27ead9083c756cc2,0xca0840578f57fe71599d29375e16783424023357,1000000000000000000,Wrapped Ether,WETH,18,17,1658081,43000000000,273620,1110295,deprecated,0x3f7658fd,"executeSignatures(bytes message, bytes signatures)",11672625,1
13835675,1639918054,0x2b376b5c81711dcad0f550582e64d38dab996566a34d8fab6902b811b385c2af,1173,0x3ce1f74c520ea5c4bc2b1d2b272777ff94a2395225086c75724660ac3e6427e1,0xca0840578f57fe71599d29375e16783424023357,0xc02aaa39b223fe8d0a0e5c4f27ead9083c756cc2,0x88ad09518695c6c3712ac10a214be5109a655671,100000000000000000,Wrapped Ether,WETH,18,49,436510,35000000000,247502,4022617,deprecated,0x9254c66e,"wrapAndRelayTokens(address _receiver,bytes _data,tuple _account)",11672362,1
13835997,1639922201,0x11ba5460078332fda5e2c931af4a155a77196167881e659777153a3df27ab4a7,989,0xbce9161116671d7b10a16fbbe6053099410d682ea8154f4246d6606efe13794d,0xca0840578f57fe71599d29375e16783424023357,0xc02aaa39b223fe8d0a0e5c4f27ead9083c756cc2,0x88ad09518695c6c3712ac10a214be5109a655671,800000000000000000,Wrapped Ether,WETH,18,13,431941,47849302011,241789,1815580,deprecated,0x3ace4765,"wrapAndRelayTokens(address _receiver, bytes _data)",11672040,1
13836080,1639923334,0x4044d57149962151c2952b6e760b5c3973726747ee09c6c1dd6dcaaf8171d813,236,0xc30f4d274184d6eca9899ed865712315babd28489ce192631abced25738b29dc,0xca0840578f57fe71599d29375e16783424023357,0xc02aaa39b223fe8d0a0e5c4f27ead9083c756cc2,0x88ad09518695c6c3712ac10a214be5109a655671,500000000000000000,Wrapped Ether,WETH,18,135,431941,60553360078,241789,12192333,deprecated,0x3ace4765,"wrapAndRelayTokens(address _receiver, bytes _data)",11671957,1
13836146,1639924243,0x1f8af5eff26064ec275655c216b311e145839763680c517a4ef7512ad125371d,6620,0x68994a2e938d59dd06b6be0e325a68c2d393ae26505772e112b6a40eb5b675eb,0x88ad09518695c6c3712ac10a214be5109a655671,0xc02aaa39b223fe8d0a0e5c4f27ead9083c756cc2,0xca0840578f57fe71599d29375e16783424023357,250000000000000000,Wrapped Ether,WETH,18,8,1658129,93000000000,273659,705177,deprecated,0x3f7658fd,"executeSignatures(bytes message, bytes signatures)",11671891,1
13836308,1639926236,0x912f3aeb4502d3b91847d2025db827db75087d432715c2d8c4b4cb3ab28c8bab,1436,0xa4eff4c283c94408745fe5eeb63156e6292eee7eafd90042f8f183a36c133e1b,0xca0840578f57fe71599d29375e16783424023357,0xc02aaa39b223fe8d0a0e5c4f27ead9083c756cc2,0x88ad09518695c6c3712ac10a214be5109a655671,100000000000000000,Wrapped Ether,WETH,18,82,431851,35107406414,241729,6005907,deprecated,0x3ace4765,"wrapAndRelayTokens(address _receiver, bytes _data)",11671729,1
13836799,1639932758,0xf7e5fbf6eec16ece6b3d6c59da9dcacdb0bd6aa6fa27c3c42182faa48538a101,1,0x122cad8233ff00d275cd14d8ed8f44f2609710ffee5d2e847ca90d27f4f4ab52,0xca0840578f57fe71599d29375e16783424023357,0xc02aaa39b223fe8d0a0e5c4f27ead9083c756cc2,0x88ad09518695c6c3712ac10a214be5109a655671,1000000000000000000,Wrapped Ether,WETH,18,124,431923,83815867278,241777,9053744,deprecated,0x3ace4765,"wrapAndRelayTokens(address _receiver, bytes _data)",11671238,1
13837133,1639937301,0x7fe0ff9e84a6dd99b018d0cb4c35b58b5a8c289b820f0bd95b8d403c8fb78657,2,0xbf6145be1184e4636a8ab4e18c79c1fdbf1ef52deb1d6d232ce428f4867b05f2,0xca0840578f57fe71599d29375e16783424023357,0xc02aaa39b223fe8d0a0e5c4f27ead9083c756cc2,0x88ad09518695c6c3712ac10a214be5109a655671,910167340341547694,Wrapped Ether,WETH,18,73,432013,47339851790,241837,5428797,deprecated,0x3ace4765,"wrapAndRelayTokens(address _receiver, bytes _data)",11670904,1
13837282,1639939354,0x8c8711a5c4ba8acee06a022246448ebf1abf31784f190d04f3c1756d9c5e17c9,2,0x22a7b9cf5eb7e2f51ff3f71f3b8c0aec6799c0af5547d9818a085c44b97cb9ca,0xca0840578f57fe71599d29375e16783424023357,0xc02aaa39b223fe8d0a0e5c4f27ead9083c756cc2,0x88ad09518695c6c3712ac10a214be5109a655671,40970021860738500,Wrapped Ether,WETH,18,361,431977,56160628174,241813,28674263,deprecated,0x3ace4765,"wrapAndRelayTokens(address _receiver, bytes _data)",11670755,1
13837323,1639940012,0x6e59e3c2b179bb99ff849e22743b32f580953113ed171b31fdf105e973a63618,7,0x99a73b7aa9abfc3fa7fb20227f82254fc588a7d5367ef544a9b015586272a085,0xca0840578f57fe71599d29375e16783424023357,0xc02aaa39b223fe8d0a0e5c4f27ead9083c756cc2,0x88ad09518695c6c3712ac10a214be5109a655671,1000000000000000000,Wrapped Ether,WETH,18,44,431869,67960456831,241741,3590573,deprecated,0x3ace4765,"wrapAndRelayTokens(address _receiver, bytes _data)",11670714,1
13837635,1639944237,0x3ae2ea26252789d7e14d322c29fedfcd451743417f68bfbd4d86110fbc82396d,1,0xe07a79e9e35a7b31867c6eaaa3bc3b4e88978927d0d574dc21a638a2e4a63755,0xca0840578f57fe71599d29375e16783424023357,0xc02aaa39b223fe8d0a0e5c4f27ead9083c756cc2,0x88ad09518695c6c3712ac10a214be5109a655671,1000000000000000000,Wrapped Ether,WETH,18,368,431905,54543006133,241765,28518017,deprecated,0x3ace4765,"wrapAndRelayTokens(address _receiver, bytes _data)",11670402,1
13837908,1639948381,0xe2cfc034bfb735bfd2b8199360f4bf82bd4aecbb459a88b407657374915c24f6,4400,0xbc023bbfe2a58b1253c5f4792f08fd664d93f66d98aa0b132a97e8381b502c2a,0xca0840578f57fe71599d29375e16783424023357,0xc02aaa39b223fe8d0a0e5c4f27ead9083c756cc2,0x88ad09518695c6c3712ac10a214be5109a655671,100000000000000000,Wrapped Ether,WETH,18,27,436582,73217722245,247550,1606867,deprecated,0x9254c66e,"wrapAndRelayTokens(address _receiver,bytes _data,tuple _account)",11670129,1
13838100,1639950895,0x449fe50155a9c5a2d910a6a2d44b49c21fc391acbb697f58c127a166c26ad49d,2,0x32c006fcc1a8746f2cb7eb1d3818b4fb5da9e6031ecbd608a58b3f9d66f14f78,0xca0840578f57fe71599d29375e16783424023357,0xc02aaa39b223fe8d0a0e5c4f27ead9083c756cc2,0x88ad09518695c6c3712ac10a214be5109a655671,1000000000000000000,Wrapped Ether,WETH,18,116,431833,63238531919,241717,10580601,deprecated,0x3ace4765,"wrapAndRelayTokens(address _receiver, bytes _data)",11669937,1
13838376,1639954508,0x50a7856d01e898f953b5e418ac687553c6ccff7d0b7f5f80eb2546ef8dd623db,2,0x5670c0bb992aeb185920c5ed839d0c505fd88f54e1166f9b8eedce3a396d658a,0xca0840578f57fe71599d29375e16783424023357,0xc02aaa39b223fe8d0a0e5c4f27ead9083c756cc2,0x88ad09518695c6c3712ac10a214be5109a655671,1000000000000000000,Wrapped Ether,WETH,18,34,431941,52345854271,241789,3221197,deprecated,0x3ace4765,"wrapAndRelayTokens(address _receiver, bytes _data)",11669661,1
13838597,1639957040,0x3890b741e0f047cf5f74d3b45677489d9622286fa3278ff8ea6ccde45d9c780d,107,0x0f9835e0cf392e05fa79333d7251bf7f81b393dc1027ad68734110e2afad4e6b,0xca0840578f57fe71599d29375e16783424023357,0xc02aaa39b223fe8d0a0e5c4f27ead9083c756cc2,0x88ad09518695c6c3712ac10a214be5109a655671,150000000000000000,Wrapped Ether,WETH,18,179,436510,48411917708,247502,11941127,deprecated,0x9254c66e,"wrapAndRelayTokens(address _receiver,bytes _data,tuple _account)",11669440,1
13838676,1639958131,0xd5b08194fdf96c6e103e1c9e5d13192aa12038852270fa4a581d8474e792a521,6622,0x7a2dfe0d8fe8572c56ad119ee6cc0740f832274c73d383bbd636deebc67c98d1,0x88ad09518695c6c3712ac10a214be5109a655671,0xc02aaa39b223fe8d0a0e5c4f27ead9083c756cc2,0xca0840578f57fe71599d29375e16783424023357,100000000000000000,Wrapped Ether,WETH,18,16,1658153,182000000000,273678,1327753,deprecated,0x3f7658fd,"executeSignatures(bytes message, bytes signatures)",11669361,1
13839220,1639965277,0x5293e2e5efe7a98c66f4e4720336fe190cbe45a144decadb5bdc232ccdd6e997,2,0x6bcdc547db46e6e9bca19295c71ea526a368792fbaf3bd964d3272e341f2cbe7,0xca0840578f57fe71599d29375e16783424023357,0xc02aaa39b223fe8d0a0e5c4f27ead9083c756cc2,0x88ad09518695c6c3712ac10a214be5109a655671,100000000000000000,Wrapped Ether,WETH,18,171,458395,52655653060,258877,16292476,deprecated,0x3ace4765,"wrapAndRelayTokens(address _receiver, bytes _data)",11668817,1
13839335,1639966847,0x1ebc8bfe4493e3592fdcd8c77242d6e5be1f4291d18d3b71c33b2aba2998243f,0,0xe9b223adf2e5076dd69cfe0a9b276e4fb5316bec8647e28b40807ad90440a326,0xca0840578f57fe71599d29375e16783424023357,0xc02aaa39b223fe8d0a0e5c4f27ead9083c756cc2,0x88ad09518695c6c3712ac10a214be5109a655671,100000000000000000,Wrapped Ether,WETH,18,100,436564,49437182816,247538,4801434,deprecated,0x9254c66e,"wrapAndRelayTokens(address _receiver,bytes _data,tuple _account)",11668702,1
13839431,1639968049,0xc2f686167d2c059b6e2859830298ee0e713d3a40e5d3310c4b79d2cbc5aef03a,6623,0x3154a81b1832a6a7e59e37d641eadc02e203890edd80400496ed04683bb13298,0x88ad09518695c6c3712ac10a214be5109a655671,0xc02aaa39b223fe8d0a0e5c4f27ead9083c756cc2,0xca0840578f57fe71599d29375e16783424023357,99007738540993892,Wrapped Ether,WETH,18,29,1658141,59000000000,287348,1508106,deprecated,0x3f7658fd,"executeSignatures(bytes message, bytes signatures)",11668606,1
13839981,1639975522,0x9e8ba71e9cfe91ec0caa68d637a9ff6c2d1ba9420432bfd92fda6ef25430f270,1,0x429fd76730d414a5b18d4b4b72f4e78bc4ef211e0a424f86dd467a9350572c7e,0xca0840578f57fe71599d29375e16783424023357,0xc02aaa39b223fe8d0a0e5c4f27ead9083c756cc2,0x88ad09518695c6c3712ac10a214be5109a655671,1000000000000000000,Wrapped Ether,WETH,18,188,431869,38302878270,241741,21059476,deprecated,0x3ace4765,"wrapAndRelayTokens(address _receiver, bytes _data)",11668056,1
13840063,1639976613,0xd387d219939100e503f01b05352ed88bfdeae6ced9eb26ed0468f6cd62cadb21,180,0xf3134ec55a1f0ee4effb8c83c60c8319a6ce2e4c58dd340d02b23aeae80fe39c,0xca0840578f57fe71599d29375e16783424023357,0xc02aaa39b223fe8d0a0e5c4f27ead9083c756cc2,0x88ad09518695c6c3712ac10a214be5109a655671,64493354554636128,Wrapped Ether,WETH,18,31,436600,52965655258,247562,2582797,deprecated,0x9254c66e,"wrapAndRelayTokens(address _receiver,bytes _data,tuple _account)",11667974,1
13840096,1639976984,0xde311c99095b20491b3f42b27f44b6925f02641b1598b4ba7d334680d536ab42,8,0x4ccb880043e45380f7bfe6fba8e6846bf34f584a40a70acabb56f8f915ad54b7,0xca0840578f57fe71599d29375e16783424023357,0xc02aaa39b223fe8d0a0e5c4f27ead9083c756cc2,0x88ad09518695c6c3712ac10a214be5109a655671,1000000000000000000,Wrapped Ether,WETH,18,79,431941,51837963760,241789,4124236,deprecated,0x3ace4765,"wrapAndRelayTokens(address _receiver, bytes _data)",11667941,1
13840141,1639977456,0x74fecf1404ee9bf4ea96f0298f71ca666bd1e7446766ac18b90eca5acde5633e,2,0x1691e59fc65f479e660bb0f53b82f398369a30cec2f639ab782a3cfcaa4ecb5b,0xca0840578f57fe71599d29375e16783424023357,0xc02aaa39b223fe8d0a0e5c4f27ead9083c756cc2,0x88ad09518695c6c3712ac10a214be5109a655671,1000000000000000000,Wrapped Ether,WETH,18,124,431923,33767871880,241777,13642550,deprecated,0x3ace4765,"wrapAndRelayTokens(address _receiver, bytes _data)",11667896,1
13840142,1639977459,0xb5532eaaa0940d5a000dc68deb0897c572e5958bab17dbfdc70deb54bdf5f5a8,6624,0xe0041970d51d671bf799e847714e774d7b51c684301084cc309f5d01819043b8,0x88ad09518695c6c3712ac10a214be5109a655671,0xc02aaa39b223fe8d0a0e5c4f27ead9083c756cc2,0xca0840578f57fe71599d29375e16783424023357,63853363566173476,Wrapped Ether,WETH,18,55,1658153,52000000000,253678,3523504,deprecated,0x3f7658fd,"executeSignatures(bytes message, bytes signatures)",11667895,1
13840164,1639977811,0x283dd309876029fdc23bc299f61a76eb520617a69a7b6dfbf6c15b6d5e0f4876,46,0x14ada8a28cf38322dc34ee15ed5b0bac33a43e95e83f002f74b4802395c8661f,0xca0840578f57fe71599d29375e16783424023357,0xc02aaa39b223fe8d0a0e5c4f27ead9083c756cc2,0x88ad09518695c6c3712ac10a214be5109a655671,190000000000000000,Wrapped Ether,WETH,18,167,431887,51041182437,241753,14006784,deprecated,0x3ace4765,"wrapAndRelayTokens(address _receiver, bytes _data)",11667873,1
13840235,1639978832,0x72951015d05f78e221ff3daf68db2a178a9a86a12ffd19fa8b39b24d89d0948e,6625,0x09d07d8404243fef2c5dbdf0d42b67edeaa122ffc37aaf515d65f2519ac361d4,0x88ad09518695c6c3712ac10a214be5109a655671,0xc02aaa39b223fe8d0a0e5c4f27ead9083c756cc2,0xca0840578f57fe71599d29375e16783424023357,189000000000000000,Wrapped Ether,WETH,18,7,1658165,58000000000,253688,514692,deprecated,0x3f7658fd,"executeSignatures(bytes message, bytes signatures)",11667802,1
13840566,1639983411,0x0ddadfa9120894e28571c52fa45b0cb7716ff4243011b3de9dc933f6a7715c86,9,0xefb558a25d1b886f970eeaf77d03ba36714972c898ba652da289e709ef317a13,0xca0840578f57fe71599d29375e16783424023357,0xc02aaa39b223fe8d0a0e5c4f27ead9083c756cc2,0x88ad09518695c6c3712ac10a214be5109a655671,100000000000000000,Wrapped Ether,WETH,18,228,431869,47447109386,241741,12421912,deprecated,0x3ace4765,"wrapAndRelayTokens(address _receiver, bytes _data)",11667471,1
13840594,1639983920,0xfe5b2a0058771a711d3c1a72acc70ea6e54658c86f63d3dc1f472898d11e6e0b,10,0x4ab8a9b01e16c45f93bad85a91dc21db0506e3d09c54165a45cee19afd66f422,0xca0840578f57fe71599d29375e16783424023357,0xc02aaa39b223fe8d0a0e5c4f27ead9083c756cc2,0x88ad09518695c6c3712ac10a214be5109a655671,250000000000000000,Wrapped Ether,WETH,18,186,431941,57266026202,241789,11131977,deprecated,0x3ace4765,"wrapAndRelayTokens(address _receiver, bytes _data)",11667443,1
13840668,1639984782,0xddf89cca69d158850bf6baa633ff7a82b27835b7d405e2ded336bf5c06b99022,654,0xb1c14ad07960946ae5a8ffadda46564817c07519d33e4907b3cbcdfaf4d79bfd,0xca0840578f57fe71599d29375e16783424023357,0xc02aaa39b223fe8d0a0e5c4f27ead9083c756cc2,0x88ad09518695c6c3712ac10a214be5109a655671,150000000000000000,Wrapped Ether,WETH,18,289,431941,41298955920,241789,23831170,deprecated,0x3ace4765,"wrapAndRelayTokens(address _receiver, bytes _data)",11667369,1
13840706,1639985295,0xa135d33d7a2ef73bcbbd8f08d3f210c392e692fd9a37f3b8cbb45da7e2949e51,6629,0x9d989af7dce12901e2075046ad1e46b7b5a0ed2131507c1f2940a36eff82aef5,0x88ad09518695c6c3712ac10a214be5109a655671,0xc02aaa39b223fe8d0a0e5c4f27ead9083c756cc2,0xca0840578f57fe71599d29375e16783424023357,300000000000000000,Wrapped Ether,WETH,18,51,1658141,58000000000,253668,2598040,deprecated,0x3f7658fd,"executeSignatures(bytes message, bytes signatures)",11667331,1
13840751,1639985912,0x2257a7f1631cbebafe19a0ffb5a81fc68c2bb79d288b580bfa21e75629e64bf8,6630,0x18f8a36baf3dd156406c1d753e38feb17acdc982a5339a0505f183eaccff3a1f,0x88ad09518695c6c3712ac10a214be5109a655671,0xc02aaa39b223fe8d0a0e5c4f27ead9083c756cc2,0xca0840578f57fe71599d29375e16783424023357,100000000000000000,Wrapped Ether,WETH,18,102,1658129,59000000000,273659,8821130,deprecated,0x3f7658fd,"executeSignatures(bytes message, bytes signatures)",11667286,1
13841306,1639993570,0x9d94bfeb1668244b4455f7bea85ab4dcc23609e4100ed4a8c9ddba78585fb253,834,0xce11d4ccdc4771d06a284272dd5ac14e7daccf481ef374543b3a21afcd00b669,0xca0840578f57fe71599d29375e16783424023357,0xc02aaa39b223fe8d0a0e5c4f27ead9083c756cc2,0x88ad09518695c6c3712ac10a214be5109a655671,79000000000000000,Wrapped Ether,WETH,18,187,436600,45835703459,247562,12987104,deprecated,0x9254c66e,"wrapAndRelayTokens(address _receiver,bytes _data,tuple _account)",11666731,1
13841346,1639994221,0x3c5460be6b766a0b154318c7cf4802964ac50d4b1a6ed83bc1282ad06090d952,6631,0xdf8a8b9570ba878714223608d1710c3d263b9943f97127693858d34927f4a95f,0x88ad09518695c6c3712ac10a214be5109a655671,0xc02aaa39b223fe8d0a0e5c4f27ead9083c756cc2,0xca0840578f57fe71599d29375e16783424023357,78000000000000000,Wrapped Ether,WETH,18,11,1658129,72000000000,253659,1077594,deprecated,0x3f7658fd,"executeSignatures(bytes message, bytes signatures)",11666691,1
13841378,1639994688,0x57a9c66d5aca8afe04a7eefd211f346868dc18325a9edafa002d0c23a797ee44,6632,0x8b528c00438694591168d5a5da495a7ee750521c26b74e059057747819758440,0x88ad09518695c6c3712ac10a214be5109a655671,0xc02aaa39b223fe8d0a0e5c4f27ead9083c756cc2,0xca0840578f57fe71599d29375e16783424023357,1000000000000000000,Wrapped Ether,WETH,18,12,1658141,64000000000,273668,1997326,deprecated,0x3f7658fd,"executeSignatures(bytes message, bytes signatures)",11666659,1
13841396,1639994981,0xed2b3d624b93a543ad4f2996e8f11aecb484f40638e8f96d8f0a77fc89629ece,6633,0x9cd740486ead22f62f52f5af0f44214719ee70a319c6a91ca85985fe2fdbe970,0x88ad09518695c6c3712ac10a214be5109a655671,0xc02aaa39b223fe8d0a0e5c4f27ead9083c756cc2,0xca0840578f57fe71599d29375e16783424023357,1000000000000000000,Wrapped Ether,WETH,18,92,1658153,64000000000,253678,3570813,deprecated,0x3f7658fd,"executeSignatures(bytes message, bytes signatures)",11666641,1
13841421,1639995266,0x83532d22f202ce6af159347915c517d435887743d9c0c6ad8ebe9c7a74299b4c,6634,0x5496d0d1dc2ad166e8c58c269d0e424c7102bffcf280981a39ecb75b5fde73d1,0x88ad09518695c6c3712ac10a214be5109a655671,0xc02aaa39b223fe8d0a0e5c4f27ead9083c756cc2,0xca0840578f57fe71599d29375e16783424023357,1000000000000000000,Wrapped Ether,WETH,18,39,1658141,58000000000,253668,2957853,deprecated,0x3f7658fd,"executeSignatures(bytes message, bytes signatures)",11666616,1
13841444,1639995660,0x2f3ac849c610b2d529116639e4200235a27953be9fdd09196e38c4774082dfdb,2,0x5825cca77bda54b017c9f648c63c0117fb3ca893ee165e61d3e5544e487cebf0,0xca0840578f57fe71599d29375e16783424023357,0xc02aaa39b223fe8d0a0e5c4f27ead9083c756cc2,0x88ad09518695c6c3712ac10a214be5109a655671,73489843945016260,Wrapped Ether,WETH,18,257,436636,58411444270,247586,9061003,deprecated,0x9254c66e,"wrapAndRelayTokens(address _receiver,bytes _data,tuple _account)",11666593,1
13841463,1639995830,0x346d77b71856ae7cfd5c9d191f9500dfcd9b4a493a5b33d8c497d787decae3d7,2823,0xe26b58328c701c814169a6bb358298eda47175f3108758fbe5b061bb8a2f53f6,0xca0840578f57fe71599d29375e16783424023357,0xc02aaa39b223fe8d0a0e5c4f27ead9083c756cc2,0x88ad09518695c6c3712ac10a214be5109a655671,120000000000000000,Wrapped Ether,WETH,18,153,431887,42017367356,241753,14303943,deprecated,0x3ace4765,"wrapAndRelayTokens(address _receiver, bytes _data)",11666574,1
13841551,1639997014,0x67098c90457474d10aaca1653d4a7517ac2bc224b965a62f981ead7dae602968,181,0x98be3157c31f1ad3aa0ca89c3b3da8db757cc980a51ac42d21af30bad7a5d67d,0xca0840578f57fe71599d29375e16783424023357,0xc02aaa39b223fe8d0a0e5c4f27ead9083c756cc2,0x88ad09518695c6c3712ac10a214be5109a655671,145937716453019004,Wrapped Ether,WETH,18,9,431995,41000000000,241825,641709,deprecated,0x3ace4765,"wrapAndRelayTokens(address _receiver, bytes _data)",11666486,1
13841593,1639997604,0x67a21b7590c45238e5e132f08d9dde037ebe492694ec707b2c689a89c1312a89,6635,0x54ca6a3088977fdad87d1690b472b80fdafe2b0d124572c39b6c9f8d4af5c519,0x88ad09518695c6c3712ac10a214be5109a655671,0xc02aaa39b223fe8d0a0e5c4f27ead9083c756cc2,0xca0840578f57fe71599d29375e16783424023357,144491299981320199,Wrapped Ether,WETH,18,29,1658153,60000000000,253678,1949124,deprecated,0x3f7658fd,"executeSignatures(bytes message, bytes signatures)",11666444,1
13841802,1640000646,0xadc7063c2296135c66d9d0be35af38f2b902668d5f5e8240c0985811b4b428a4,804,0xf93e55ea9c9edb21fb5d84a0f5c0f4d65bda0a88b53eecfd3957073e1a4d6a0e,0xca0840578f57fe71599d29375e16783424023357,0xc02aaa39b223fe8d0a0e5c4f27ead9083c756cc2,0x88ad09518695c6c3712ac10a214be5109a655671,20000000000000000,Wrapped Ether,WETH,18,28,436510,38226449075,247502,1519231,deprecated,0x9254c66e,"wrapAndRelayTokens(address _receiver,bytes _data,tuple _account)",11666235,1
13841920,1640002262,0x16af1c9ae652fe2bedad00676e209cc9f272846f1aa27cf5f8179ca1d339f891,2,0x043736445f12db8798c842c3efbf2b0b0ec9808d94155e82fa23bb0c30191187,0xca0840578f57fe71599d29375e16783424023357,0xc02aaa39b223fe8d0a0e5c4f27ead9083c756cc2,0x88ad09518695c6c3712ac10a214be5109a655671,102392929060257204,Wrapped Ether,WETH,18,121,436618,40698525454,247574,7425165,deprecated,0x9254c66e,"wrapAndRelayTokens(address _receiver,bytes _data,tuple _account)",11666117,1
13841965,1640002909,0x11fac7b429eda8fb0973d18dfa50a7b8a5eb1431643e3c6e1be776efc6dc6fd0,2,0x23dc06ff50e44615ca96ef89b298a0f9f4cc8a84026cc7c1da2bcd4630f173cc,0xca0840578f57fe71599d29375e16783424023357,0xc02aaa39b223fe8d0a0e5c4f27ead9083c756cc2,0x88ad09518695c6c3712ac10a214be5109a655671,510000000000000000,Wrapped Ether,WETH,18,253,431869,46000000000,241741,17824770,deprecated,0x3ace4765,"wrapAndRelayTokens(address _receiver, bytes _data)",11666072,1
13841987,1640003138,0xd34f7846a0009e0ca673bc1fb3fe4f24810ebcf2ce936ae07f6277610cf9d4da,621,0x805b502a46853194a3c0e59a28766689cdbf1f02b1aba3f0c82033869313ca9f,0xca0840578f57fe71599d29375e16783424023357,0xc02aaa39b223fe8d0a0e5c4f27ead9083c756cc2,0x88ad09518695c6c3712ac10a214be5109a655671,250000000000000000,Wrapped Ether,WETH,18,47,431869,39000915000,241741,4255408,deprecated,0x3ace4765,"wrapAndRelayTokens(address _receiver, bytes _data)",11666050,1
13841991,1640003188,0x28d4ec1dae724c7a443aa07d6e968fc88ba4bd0990a0edb7edd380b350641c64,6636,0xbd56bd822962a9017a1b890504a63f190db977df09bfcc7b0476d8da54d5a0d3,0x88ad09518695c6c3712ac10a214be5109a655671,0xc02aaa39b223fe8d0a0e5c4f27ead9083c756cc2,0xca0840578f57fe71599d29375e16783424023357,100000000000000000,Wrapped Ether,WETH,18,7,1658153,50000000000,273678,1076757,deprecated,0x3f7658fd,"executeSignatures(bytes message, bytes signatures)",11666046,1
13842240,1640006209,0x79f7bbfe32d643e3795f6cb0a201620468fc4273b2ac9bb0ceae6382e064f80b,1,0x92d498937e2f28864bd4b7b94db476d4510a6bf6f1e25407b047a8a061bf2d0e,0xca0840578f57fe71599d29375e16783424023357,0xc02aaa39b223fe8d0a0e5c4f27ead9083c756cc2,0x88ad09518695c6c3712ac10a214be5109a655671,10000000000000000,Wrapped Ether,WETH,18,71,431869,43681170907,241741,4260491,deprecated,0x3ace4765,"wrapAndRelayTokens(address _receiver, bytes _data)",11665797,1
13842287,1640006834,0x9600673d16d34de8ef54650e0dc147ee1c345f19db83e605b553333be27b11f4,6639,0x8d5987b4cd03810559d3ccf436961f28c8416cd7ddc819d391708262f574015f,0x88ad09518695c6c3712ac10a214be5109a655671,0xc02aaa39b223fe8d0a0e5c4f27ead9083c756cc2,0xca0840578f57fe71599d29375e16783424023357,500000000000000000,Wrapped Ether,WETH,18,90,1658141,47000000000,273668,7485461,deprecated,0x3f7658fd,"executeSignatures(bytes message, bytes signatures)",11665750,1
13842780,1640013032,0x0b38863e3286cb07b7aaad9a90cff5106b7ebd4182b19ee73d057397a622959d,2,0x2260d3368814dfbfda78fa21a34d304ccf33ae8b92756622bbca6dcfd9a23277,0xca0840578f57fe71599d29375e16783424023357,0xc02aaa39b223fe8d0a0e5c4f27ead9083c756cc2,0x88ad09518695c6c3712ac10a214be5109a655671,359628791672221696,Wrapped Ether,WETH,18,155,431941,53751412029,241789,10426158,deprecated,0x3ace4765,"wrapAndRelayTokens(address _receiver, bytes _data)",11665257,1
13842945,1640015379,0x429012389405e25729f629ead2bd60a1214fab6b1aa369e6d9da1996f5714d20,6641,0xf582beb054900098f1b77a1176c9d486ec207ae2857c05084508b33139152e41,0x88ad09518695c6c3712ac10a214be5109a655671,0xc02aaa39b223fe8d0a0e5c4f27ead9083c756cc2,0xca0840578f57fe71599d29375e16783424023357,300000000000000000,Wrapped Ether,WETH,18,17,1658153,92000000000,253678,2602762,deprecated,0x3f7658fd,"executeSignatures(bytes message, bytes signatures)",11665092,1
13843317,1640019823,0x21409913b49c3fb2fabd76f17da93c7b8f76ffffa69554eaa1016714e0bed0b4,2,0x024f54f168a92627bb4cde2c86d60a965040d50be1d17f10982ec82d5ac7b59a,0xca0840578f57fe71599d29375e16783424023357,0xc02aaa39b223fe8d0a0e5c4f27ead9083c756cc2,0x88ad09518695c6c3712ac10a214be5109a655671,4891951181139905,Wrapped Ether,WETH,18,20,431923,61614920581,241777,1309262,deprecated,0x3ace4765,"wrapAndRelayTokens(address _receiver, bytes _data)",11664720,1
13843371,1640020744,0x6b6188fcad1527e92cce9083990515e18b21cdce095b43b45330f6d693197311,11,0x43df24170520e075cb7373ce5cf956cbba5584274d0f269c8dd4fcea51f3f9b8,0xca0840578f57fe71599d29375e16783424023357,0xc02aaa39b223fe8d0a0e5c4f27ead9083c756cc2,0x88ad09518695c6c3712ac10a214be5109a655671,51800498521874788,Wrapped Ether,WETH,18,106,436600,111058275926,247562,6457915,deprecated,0x9254c66e,"wrapAndRelayTokens(address _receiver,bytes _data,tuple _account)",11664666,1
13843539,1640022853,0x882b1073e123b136bc31a678685f5fd1d9de08d0182e81fda793260f525b344e,1,0xd31c060afc15e559286d5fb51ce5650d6c34e5961db33bca99bc057bbde2edfd,0xca0840578f57fe71599d29375e16783424023357,0xc02aaa39b223fe8d0a0e5c4f27ead9083c756cc2,0x88ad09518695c6c3712ac10a214be5109a655671,243136318048604615,Wrapped Ether,WETH,18,209,431959,69243329871,241801,11233596,deprecated,0x3ace4765,"wrapAndRelayTokens(address _receiver, bytes _data)",11664498,1
13843683,1640024729,0x40f3c17a4348602e55a9fbb12356d6767e946baa0549ffbfd4690688964ccc56,0,0x51d319f0dbc126c5c90aacdb18fc692909ebc8dea08968878e3350ea75488d94,0xca0840578f57fe71599d29375e16783424023357,0xc02aaa39b223fe8d0a0e5c4f27ead9083c756cc2,0x88ad09518695c6c3712ac10a214be5109a655671,25007738540993892,Wrapped Ether,WETH,18,60,431923,103136744810,241777,3040705,deprecated,0x3ace4765,"wrapAndRelayTokens(address _receiver, bytes _data)",11664354,1
13843824,1640026475,0xcd4387641971e36ae5b4a7dd64a5e4c98b35c2048db379eb4a3bcf7f70716f85,4,0x76cdda1082c20c78953f0ccd6dd3a0035cd9e327a1db14056a33f8e7dd9f4c4e,0xca0840578f57fe71599d29375e16783424023357,0xc02aaa39b223fe8d0a0e5c4f27ead9083c756cc2,0x88ad09518695c6c3712ac10a214be5109a655671,300000000000000000,Wrapped Ether,WETH,18,199,431851,76881233879,241729,14930897,deprecated,0x3ace4765,"wrapAndRelayTokens(address _receiver, bytes _data)",11664213,1
13843843,1640026904,0xca685e8b2ca8a3177f0d6185e338d28815d138b7931d222d441a4b2b914a6de3,6642,0x5cf1ce2a7d1b084e39a9a75a99d1d9fe0d1b96653da4fa7a7b377e3d0bf2721c,0x88ad09518695c6c3712ac10a214be5109a655671,0xc02aaa39b223fe8d0a0e5c4f27ead9083c756cc2,0xca0840578f57fe71599d29375e16783424023357,100000000000000000,Wrapped Ether,WETH,18,29,1658153,214000000000,253678,2087971,deprecated,0x3f7658fd,"executeSignatures(bytes message, bytes signatures)",11664194,1
13843868,1640027190,0xa88dc660759b73cd01facc9755a28e9818f049e83158a39d09ef2c3190cfa951,6643,0xb4b2489c90663c2d78360eeef11d8a13de5f05dcd929b5050e94de751dd3c14f,0x88ad09518695c6c3712ac10a214be5109a655671,0xc02aaa39b223fe8d0a0e5c4f27ead9083c756cc2,0xca0840578f57fe71599d29375e16783424023357,300000000000000000,Wrapped Ether,WETH,18,20,1658141,307000000000,273668,3418143,deprecated,0x3f7658fd,"executeSignatures(bytes message, bytes signatures)",11664169,1
13843868,1640027190,0x585498c85c6f20db40c1afdb625705137e2ab8117aa2bac1fd16f1dc8e46d412,6644,0xb4b2489c90663c2d78360eeef11d8a13de5f05dcd929b5050e94de751dd3c14f,0x88ad09518695c6c3712ac10a214be5109a655671,0xc02aaa39b223fe8d0a0e5c4f27ead9083c756cc2,0xca0840578f57fe71599d29375e16783424023357,100000000000000000,Wrapped Ether,WETH,18,21,1658141,307000000000,253668,3671811,deprecated,0x3f7658fd,"executeSignatures(bytes message, bytes signatures)",11664169,1
13843943,1640028085,0x4ea4e0c9d4ff65d8d5f3e67d778e2a22cbf49e064c4080a019e376960f85a5e1,6645,0x18310a663f63262c01aa164760243d45f7e972cfcd782442c57ddad1062c0dc3,0x88ad09518695c6c3712ac10a214be5109a655671,0xc02aaa39b223fe8d0a0e5c4f27ead9083c756cc2,0xca0840578f57fe71599d29375e16783424023357,100000000000000000,Wrapped Ether,WETH,18,13,1658153,229000000000,253678,1801207,deprecated,0x3f7658fd,"executeSignatures(bytes message, bytes signatures)",11664094,1
13843948,1640028206,0x4a42ca4c322a52530b9688ae759d2add6e5f83df0b52382e5de994487ae7f0d8,0,0x8883807bb7d8abcc5d21a8e2b6e76c7cde212e0beb19ad1a83c238b0d7823998,0xca0840578f57fe71599d29375e16783424023357,0xc02aaa39b223fe8d0a0e5c4f27ead9083c756cc2,0x88ad09518695c6c3712ac10a214be5109a655671,700000000000000000,Wrapped Ether,WETH,18,28,436492,96451293766,247490,1695696,deprecated,0x9254c66e,"wrapAndRelayTokens(address _receiver,bytes _data,tuple _account)",11664089,1
13843984,1640028811,0xd140dff7518d560602264d41d1339cb06feb1917f9b142865432734fa3361548,6646,0x995989484da2683650b85fe21d608ac5330a7dfbf27f58eaadfb589dc833ab06,0x88ad09518695c6c3712ac10a214be5109a655671,0xc02aaa39b223fe8d0a0e5c4f27ead9083c756cc2,0xca0840578f57fe71599d29375e16783424023357,679608768985601699,Wrapped Ether,WETH,18,3,1658177,136000000000,253697,657304,deprecated,0x3f7658fd,"executeSignatures(bytes message, bytes signatures)",11664053,1
13843989,1640028852,0x6efefb588362a0c1b5586051f7f99736fc62ff39144c564ad6b5bce169dce1ce,10,0x3509cb5a0ad5d24c25284829af3d9e3f32cf789815ecec0ea29d0cfde231e07f,0xca0840578f57fe71599d29375e16783424023357,0xc02aaa39b223fe8d0a0e5c4f27ead9083c756cc2,0x88ad09518695c6c3712ac10a214be5109a655671,1000000000000000000,Wrapped Ether,WETH,18,52,431923,110000000000,241777,3552454,deprecated,0x3ace4765,"wrapAndRelayTokens(address _receiver, bytes _data)",11664048,1
13844041,1640029459,0x99bb0059eec509e4018a04eaf6c5073409b620266647dae67ef291b2a9304ff6,6647,0x16732e967db326e8a248f3a910f173dda52e9ed023a683efba623e97e0e55e87,0x88ad09518695c6c3712ac10a214be5109a655671,0xc02aaa39b223fe8d0a0e5c4f27ead9083c756cc2,0xca0840578f57fe71599d29375e16783424023357,990095336759257301,Wrapped Ether,WETH,18,3,1658165,108000000000,273688,417612,deprecated,0x3f7658fd,"executeSignatures(bytes message, bytes signatures)",11663996,1
13844042,1640029467,0x947b463043033cbff04b20bdac3fcf11b28591fb8c197f6fbbe032887cf95e66,11,0x6de8b2786de1e57f7e2abc2fe004cdd3e96c7cfb46a87fb8944b53552118ca6c,0xca0840578f57fe71599d29375e16783424023357,0xc02aaa39b223fe8d0a0e5c4f27ead9083c756cc2,0x88ad09518695c6c3712ac10a214be5109a655671,1000000000000000000,Wrapped Ether,WETH,18,83,431923,100000000000,241777,5274956,deprecated,0x3ace4765,"wrapAndRelayTokens(address _receiver, bytes _data)",11663995,1
13844073,1640029848,0xa9000e6a32e3d6f722b41670f18de50c8b07fb713f387e1e1c92b954b97ee456,12,0x078abda837d60c911f0fe0dad8cc2283777aa9b405ed7b15fb3191e9d1c0b535,0xca0840578f57fe71599d29375e16783424023357,0xc02aaa39b223fe8d0a0e5c4f27ead9083c756cc2,0x88ad09518695c6c3712ac10a214be5109a655671,1000000000000000000,Wrapped Ether,WETH,18,35,431797,75000000000,241693,2794205,deprecated,0x3ace4765,"wrapAndRelayTokens(address _receiver, bytes _data)",11663964,1
13844102,1640030231,0xb7b783f32b1658c6cad7057bd1a03d0386d7e88a86bd767c33d56839bc20d405,15,0x4df0b815ee4e036735318ea7400b44ea54d9eef02764f105cf8dcb0d0d02f6a1,0xca0840578f57fe71599d29375e16783424023357,0xc02aaa39b223fe8d0a0e5c4f27ead9083c756cc2,0x88ad09518695c6c3712ac10a214be5109a655671,370000000000000000,Wrapped Ether,WETH,18,78,431959,76000000000,241801,6408894,deprecated,0x3ace4765,"wrapAndRelayTokens(address _receiver, bytes _data)",11663935,1
13844149,1640030792,0xb28fc86fa7f1456b104ba58326a62a8a5bab6783d38366db4d170ac926446d95,6648,0x90a9c7435481709483d39b5d9efffd451b49d02a761d0b43a03eed22a984202b,0x88ad09518695c6c3712ac10a214be5109a655671,0xc02aaa39b223fe8d0a0e5c4f27ead9083c756cc2,0xca0840578f57fe71599d29375e16783424023357,1000000000000000000,Wrapped Ether,WETH,18,52,1658141,97000000000,273668,3412627,deprecated,0x3f7658fd,"executeSignatures(bytes message, bytes signatures)",11663888,1
13844174,1640031082,0x4689e6dfc4ca3c9d1cd607422a0da1c39f5ccafe914a40ec9d87e763da75d573,6649,0x101e840e8b31180d9fbf8ebbc2fa89b0615c40f4c48a1526b9f1922fb0f75ab2,0x88ad09518695c6c3712ac10a214be5109a655671,0xc02aaa39b223fe8d0a0e5c4f27ead9083c756cc2,0xca0840578f57fe71599d29375e16783424023357,1000000000000000000,Wrapped Ether,WETH,18,26,1658141,97000000000,273668,2667704,deprecated,0x3f7658fd,"executeSignatures(bytes message, bytes signatures)",11663863,1
13844400,1640034102,0x4401869bb8f0993ca67230853d6e6d550ee5e25255905c47cfa76d16117fa4cc,6650,0x823218bda1a3637fd8996f00f56ab9c5058088e5e3ce309f73f641ccfeeb576f,0x88ad09518695c6c3712ac10a214be5109a655671,0xc02aaa39b223fe8d0a0e5c4f27ead9083c756cc2,0xca0840578f57fe71599d29375e16783424023357,300000000000000000,Wrapped Ether,WETH,18,48,1658141,210000000000,253668,4992637,deprecated,0x3f7658fd,"executeSignatures(bytes message, bytes signatures)",11663637,1
13844699,1640037973,0x2bcb17fa84d4ce9f26aa4898f9ece273a07c0b92006ceba6f010ab0171da615c,32,0x4597a8fed865764413135085f3da9c7ff0c39c93eb3e68dc51c5abf19ffe4358,0xca0840578f57fe71599d29375e16783424023357,0xc02aaa39b223fe8d0a0e5c4f27ead9083c756cc2,0x88ad09518695c6c3712ac10a214be5109a655671,150000000000000000,Wrapped Ether,WETH,18,29,436546,77365732888,247526,3504874,deprecated,0x9254c66e,"wrapAndRelayTokens(address _receiver,bytes _data,tuple _account)",11663338,1
13845272,1640045355,0x8a94b5a77c4320c1de9b0a5d2b0bb6644bf8f331b39918809a0d1e3909451322,6652,0x800e7342f58b5064c8a87d55cd2390ad56192a0fd9683bbecf2770d7906589e9,0x88ad09518695c6c3712ac10a214be5109a655671,0xc02aaa39b223fe8d0a0e5c4f27ead9083c756cc2,0xca0840578f57fe71599d29375e16783424023357,500000000000000000,Wrapped Ether,WETH,18,235,1658153,94000000000,267358,16617395,deprecated,0x3f7658fd,"executeSignatures(bytes message, bytes signatures)",11662765,1
13845391,1640046721,0x28c06734907e05e54e19c22a275ce4c8fed04445f4a9917430ea9eee95788b68,1,0x04bda99f5681a8ebecf5964ffed2de416c3278ac4841316efb72df01edeb7b28,0xca0840578f57fe71599d29375e16783424023357,0xc02aaa39b223fe8d0a0e5c4f27ead9083c756cc2,0x88ad09518695c6c3712ac10a214be5109a655671,1000000000000000000,Wrapped Ether,WETH,18,422,458395,75110232155,258877,20444434,deprecated,0x3ace4765,"wrapAndRelayTokens(address _receiver, bytes _data)",11662646,1
13845894,1640053769,0x57409c8163eed5a4fe660114fe1a00e706f88e408e2179d8a4ce0f668fd27169,6,0x85127104e5a6090c31ad51d9a20f83e7a701fc5f8e8cbb4894002d4af7894ffb,0xca0840578f57fe71599d29375e16783424023357,0xc02aaa39b223fe8d0a0e5c4f27ead9083c756cc2,0x88ad09518695c6c3712ac10a214be5109a655671,410789139972350502,Wrapped Ether,WETH,18,217,431941,77223181027,241789,14002004,deprecated,0x3ace4765,"wrapAndRelayTokens(address _receiver, bytes _data)",11662143,1
13846044,1640055971,0x29ce7fb392a4bef213b7ec03f5dbc18d081dd606b6f6653ae093a4f1452f35fc,6653,0xccbf2396fc99c63643350f7eced9df73b7c2e80409ead59c1a7b9016c8aead3c,0x88ad09518695c6c3712ac10a214be5109a655671,0xc02aaa39b223fe8d0a0e5c4f27ead9083c756cc2,0xca0840578f57fe71599d29375e16783424023357,100000000000000000,Wrapped Ether,WETH,18,62,1658153,87000000000,273678,3496194,deprecated,0x3f7658fd,"executeSignatures(bytes message, bytes signatures)",11661993,1
13846194,1640058182,0xac6a1e7bce7a035af693b625bfb460ac035054608b81c492af3d491ea770cdec,2,0xba45ef183089539489f3ed052fe72970128d5d3daa8592730886d0bd920ad128,0xca0840578f57fe71599d29375e16783424023357,0xc02aaa39b223fe8d0a0e5c4f27ead9083c756cc2,0x88ad09518695c6c3712ac10a214be5109a655671,15000000000000000,Wrapped Ether,WETH,18,213,431923,61870968212,241777,12196053,deprecated,0x3ace4765,"wrapAndRelayTokens(address _receiver, bytes _data)",11661843,1
13846271,1640059278,0xea69be39b67f9cbd0fbbd71c6363978b90127048cb8e731250fec5b90e30317a,143,0x576830308e2671f4206e68a47d4e55191ee0f219c0ead6768ef03e3bdcddb164,0xca0840578f57fe71599d29375e16783424023357,0xc02aaa39b223fe8d0a0e5c4f27ead9083c756cc2,0x88ad09518695c6c3712ac10a214be5109a655671,10000000000000000,Wrapped Ether,WETH,18,43,431851,59200107908,241729,3891714,deprecated,0x3ace4765,"wrapAndRelayTokens(address _receiver, bytes _data)",11661766,1
13846315,1640059760,0x790ce9bd64788e537d7e1390c0f916443bde978a3b576183ffc8d941fe98cd9a,144,0xb8b64befdb26452ca3c22acf290c6025bb37d147f2759af57a2a9e76accdb195,0xca0840578f57fe71599d29375e16783424023357,0xc02aaa39b223fe8d0a0e5c4f27ead9083c756cc2,0x88ad09518695c6c3712ac10a214be5109a655671,1000000000000000000,Wrapped Ether,WETH,18,122,431923,59379842533,241777,9266721,deprecated,0x3ace4765,"wrapAndRelayTokens(address _receiver, bytes _data)",11661722,1
13846461,1640061636,0xd404958d80a10fbfe72d0b44081889e0f07cf8c5edfda22fd32c8864e2b3ff6b,2,0xec3d0b5789c8ca908d9ba61d0d2540b46e2404e5c03d376dd99c49f5dda281e2,0xca0840578f57fe71599d29375e16783424023357,0xc02aaa39b223fe8d0a0e5c4f27ead9083c756cc2,0x88ad09518695c6c3712ac10a214be5109a655671,531562190967381689,Wrapped Ether,WETH,18,12,431941,52210228393,241789,1840630,deprecated,0x3ace4765,"wrapAndRelayTokens(address _receiver, bytes _data)",11661576,1
13847459,1640075367,0x42384d6332133f2396b4156231043a9391028b719144c62a4b35b15f8e97e646,49,0xc54b27cc873eea3994ebaea9b058d11f6647470741f93bc3265eab2ff9c67f38,0xca0840578f57fe71599d29375e16783424023357,0xc02aaa39b223fe8d0a0e5c4f27ead9083c756cc2,0x88ad09518695c6c3712ac10a214be5109a655671,100000000000000000,Wrapped Ether,WETH,18,65,436582,41370962166,247550,3260901,deprecated,0x9254c66e,"wrapAndRelayTokens(address _receiver,bytes _data,tuple _account)",11660578,1
13847769,1640079494,0x1630d73927e7a66fa53e249bac952360cad0acf8e198f51a0c909fdab3e70335,263,0x2ccee14a270c6929e8769a5e041c24e46f49acef8f1669e6f728ab084abe035b,0xca0840578f57fe71599d29375e16783424023357,0xc02aaa39b223fe8d0a0e5c4f27ead9083c756cc2,0x88ad09518695c6c3712ac10a214be5109a655671,1000000000000000000,Wrapped Ether,WETH,18,120,431887,41071771732,241753,8168613,deprecated,0x3ace4765,"wrapAndRelayTokens(address _receiver, bytes _data)",11660268,1
13848361,1640087473,0x6e1188b15176755cc1e40fe997b223510cb54c220b1f239f9ef03c5630bda62a,10,0x8cb9f57d0f574e920a2b864ebf5780a2028007477a1c934f7fcfa76545e0aadb,0xca0840578f57fe71599d29375e16783424023357,0xc02aaa39b223fe8d0a0e5c4f27ead9083c756cc2,0x88ad09518695c6c3712ac10a214be5109a655671,193220823478960905,Wrapped Ether,WETH,18,34,436600,47396005856,247562,5734442,deprecated,0x9254c66e,"wrapAndRelayTokens(address _receiver,bytes _data,tuple _account)",11659676,1
13848565,1640090172,0x3594f6eea1d76bc96d647daa21bf1fe93b3f67059bbef1834a41c55748dc0204,80,0x28f08fe8b94f1e1c1bde06eb4da8c7d5ec5ec6fd7d5d8cd39ea7eaea1783dc4d,0xca0840578f57fe71599d29375e16783424023357,0xc02aaa39b223fe8d0a0e5c4f27ead9083c756cc2,0x88ad09518695c6c3712ac10a214be5109a655671,120000000000000000,Wrapped Ether,WETH,18,57,431923,58476535807,241777,3513570,deprecated,0x3ace4765,"wrapAndRelayTokens(address _receiver, bytes _data)",11659472,1
13848630,1640091109,0x303a848bd2b0ccfea08c40b2cb64b841a2dc3124ac2af2cd693c8523c72d0928,6656,0xe6e956181c77fafa6a6cc138dbc71690b2b91e80710c735fde28098adf462b03,0x88ad09518695c6c3712ac10a214be5109a655671,0xc02aaa39b223fe8d0a0e5c4f27ead9083c756cc2,0xca0840578f57fe71599d29375e16783424023357,100000000000000000,Wrapped Ether,WETH,18,43,1658153,54000000000,253678,8243466,deprecated,0x3f7658fd,"executeSignatures(bytes message, bytes signatures)",11659407,1
13848667,1640091557,0xebb72f77acf0d05285c1cf0b4f53fe582adc27c831c006ba0b97dc94fa6712b5,67,0x388c0725cd74d60849e06e3a61b01a7244488b16d854ddc498e3e5289c97d9fb,0xca0840578f57fe71599d29375e16783424023357,0xc02aaa39b223fe8d0a0e5c4f27ead9083c756cc2,0x88ad09518695c6c3712ac10a214be5109a655671,1000000000000000000,Wrapped Ether,WETH,18,340,431923,42000000000,241777,27254932,deprecated,0x3ace4765,"wrapAndRelayTokens(address _receiver, bytes _data)",11659370,1
13848733,1640092634,0x06411c9e9400dd255d863d7aec62c1d71efa3fdacbc0aebc0c898beabe7eea82,6658,0x478c2899edb41dafe7a77218edc2df8194db3371fb7ec37084c0041d3ed07912,0x88ad09518695c6c3712ac10a214be5109a655671,0xc02aaa39b223fe8d0a0e5c4f27ead9083c756cc2,0xca0840578f57fe71599d29375e16783424023357,500000000000000000,Wrapped Ether,WETH,18,31,1658117,77000000000,273649,1415304,deprecated,0x3f7658fd,"executeSignatures(bytes message, bytes signatures)",11659304,1
13849093,1640097524,0xc0ccb1d923aad5b4edc846a7bc39eaacb291b655218a5851518bc26d4d406733,12,0x1650c2ad8cc543e6b41545b2aa95d6f34c81793985239124cc816c66287c4f84,0xca0840578f57fe71599d29375e16783424023357,0xc02aaa39b223fe8d0a0e5c4f27ead9083c756cc2,0x88ad09518695c6c3712ac10a214be5109a655671,786400000000000000,Wrapped Ether,WETH,18,176,431905,53343850711,241765,12861148,deprecated,0x3ace4765,"wrapAndRelayTokens(address _receiver, bytes _data)",11658944,1
13849301,1640100119,0x67c0ed39905848bc7034fe9a4770df775b0b0f7dd6e73eb8d2f2a81fb839e734,5,0x2f73bdc2ca97e878da517f4ddd917d333e40873cd8b34de5a91e6efa17418713,0xca0840578f57fe71599d29375e16783424023357,0xc02aaa39b223fe8d0a0e5c4f27ead9083c756cc2,0x88ad09518695c6c3712ac10a214be5109a655671,1000000000000000000,Wrapped Ether,WETH,18,334,431887,69790314649,241753,25091912,deprecated,0x3ace4765,"wrapAndRelayTokens(address _receiver, bytes _data)",11658736,1
13849325,1640100431,0x24224a2ca82eb13b4087e8339e76454c46088664cc7e5c6ce706a03cf8a8a9b9,26,0xeed4be5c5b530d292349496745836e387bf2324bcf198d22cf0d0e11d9b0da43,0xca0840578f57fe71599d29375e16783424023357,0xc02aaa39b223fe8d0a0e5c4f27ead9083c756cc2,0x88ad09518695c6c3712ac10a214be5109a655671,1000000000000000000,Wrapped Ether,WETH,18,300,436456,67246912419,247466,20728911,deprecated,0x9254c66e,"wrapAndRelayTokens(address _receiver,bytes _data,tuple _account)",11658712,1
13849356,1640100879,0x1b77fad067a7d20197327c5c00dc5b414aaa2e87e7db013c3ca261000fe0ed57,6,0x244a62d6dbc0aaf79b7e15e97984901aa9fe25386d9257644afb90ce6d8d07a8,0xca0840578f57fe71599d29375e16783424023357,0xc02aaa39b223fe8d0a0e5c4f27ead9083c756cc2,0x88ad09518695c6c3712ac10a214be5109a655671,1000000000000000000,Wrapped Ether,WETH,18,105,431959,72009940959,241801,7352675,deprecated,0x3ace4765,"wrapAndRelayTokens(address _receiver, bytes _data)",11658681,1
13849621,1640104239,0xf5c917b3df5ad251018076de3919ce420f1d9ffc40697992ce1e7cb84b21bd5c,155,0xe03601440cef7e38fcdfda36fb00084817bf5fb7a4a1a5e1dc5ddb0678b17644,0xca0840578f57fe71599d29375e16783424023357,0xc02aaa39b223fe8d0a0e5c4f27ead9083c756cc2,0x88ad09518695c6c3712ac10a214be5109a655671,50000000000000000,Wrapped Ether,WETH,18,75,431869,69021231593,241741,4656795,deprecated,0x3ace4765,"wrapAndRelayTokens(address _receiver, bytes _data)",11658416,1
13849934,1640108550,0x1dc3aa9ff77eeb46c479bcc048e291b914389c30580bb24d2161b59981e3da6e,23,0x22c2b4389d5897cc828ff6217b3ef8be907498355d2f3a887f1f1906c73f75fe,0xca0840578f57fe71599d29375e16783424023357,0xc02aaa39b223fe8d0a0e5c4f27ead9083c756cc2,0x88ad09518695c6c3712ac10a214be5109a655671,100000000000000000,Wrapped Ether,WETH,18,64,436564,76672143000,247538,3316158,deprecated,0x9254c66e,"wrapAndRelayTokens(address _receiver,bytes _data,tuple _account)",11658103,1
13849970,1640108980,0xb92d2ec4429357f9892b3db49ea20f4207144551c61bd563e751b8d624e60b6b,24,0x12eb27a39ae19c66435f10271c700a8a4b468119846dd639e636be85370a4621,0xca0840578f57fe71599d29375e16783424023357,0xc02aaa39b223fe8d0a0e5c4f27ead9083c756cc2,0x88ad09518695c6c3712ac10a214be5109a655671,50000000000000000,Wrapped Ether,WETH,18,63,431869,76319992940,241741,6098562,deprecated,0x3ace4765,"wrapAndRelayTokens(address _receiver, bytes _data)",11658067,1
13850217,1640112248,0xee1aa302babfaf3067b43ab8f83b267a85c0cbf8b218d68ecfe80c1d597a134b,115,0x471c879bc7b83dd0e216e01a107cbe49f59be91d4518768710af7a12575e9dde,0xca0840578f57fe71599d29375e16783424023357,0xc02aaa39b223fe8d0a0e5c4f27ead9083c756cc2,0x88ad09518695c6c3712ac10a214be5109a655671,500000000000000000,Wrapped Ether,WETH,18,164,431959,49631842900,241801,13829294,deprecated,0x3ace4765,"wrapAndRelayTokens(address _receiver, bytes _data)",11657820,1
13850247,1640112663,0xae3fd9bbfa0014a60184f3a38e4e4a874df599b2238e8dea601a33138620fea4,13,0x7a66253770ad2b6f824263de323ef8e22ba766d63ff779b8fe222e093ae212a7,0xca0840578f57fe71599d29375e16783424023357,0xc02aaa39b223fe8d0a0e5c4f27ead9083c756cc2,0x88ad09518695c6c3712ac10a214be5109a655671,1000000000000000000,Wrapped Ether,WETH,18,158,431887,61008222922,241753,14821952,deprecated,0x3ace4765,"wrapAndRelayTokens(address _receiver, bytes _data)",11657790,1
13850257,1640112764,0x42abf704c682e2dfd20026cb6618752bb4b3a5f689736ac01c15f383f4b08004,4,0x69e56f779f69585f3fbf69a6dd8137f55621f05b117f4271400d432bc3d0fcb2,0xca0840578f57fe71599d29375e16783424023357,0xc02aaa39b223fe8d0a0e5c4f27ead9083c756cc2,0x88ad09518695c6c3712ac10a214be5109a655671,5000000000000000,Wrapped Ether,WETH,18,119,431905,51261287667,241765,9742763,deprecated,0x3ace4765,"wrapAndRelayTokens(address _receiver, bytes _data)",11657780,1
13850301,1640113290,0xf2c0b4905cc16e8833b3f16d55d5097add28620cf20699cc7845f3f6e400bc2d,6659,0x19a24830a358fa612bfa66fa6f9d0fefa83b887a086d361cb1a8ef1c8d0b2bad,0x88ad09518695c6c3712ac10a214be5109a655671,0xc02aaa39b223fe8d0a0e5c4f27ead9083c756cc2,0xca0840578f57fe71599d29375e16783424023357,990040000000000000,Wrapped Ether,WETH,18,10,1658117,92000000000,253649,1038333,deprecated,0x3f7658fd,"executeSignatures(bytes message, bytes signatures)",11657736,1
13850345,1640113912,0x1f4e4d03e57f69e81684ab4140a34f84305253fa0cf94a41334b3b09dd26c548,14,0xc5f9d7f33964b164269a0e85d40eb91c42d597eddd97b5382dd8b442d84e5f38,0xca0840578f57fe71599d29375e16783424023357,0xc02aaa39b223fe8d0a0e5c4f27ead9083c756cc2,0x88ad09518695c6c3712ac10a214be5109a655671,1000000000000000000,Wrapped Ether,WETH,18,131,431923,60612089510,241777,15802660,deprecated,0x3ace4765,"wrapAndRelayTokens(address _receiver, bytes _data)",11657692,1
13850358,1640114095,0x01ca5459008fa2ea62f7110a2a57679bafc382edbbefafe13c4cbe0589b9c8f1,5,0x6c4007e349daf5c5fb358b08d6f99ea1f756e5f91e8875ac6838c208d90edbf4,0xca0840578f57fe71599d29375e16783424023357,0xc02aaa39b223fe8d0a0e5c4f27ead9083c756cc2,0x88ad09518695c6c3712ac10a214be5109a655671,73878650829366775,Wrapped Ether,WETH,18,57,432031,78148629278,241849,2809252,deprecated,0x3ace4765,"wrapAndRelayTokens(address _receiver, bytes _data)",11657679,1
13850457,1640115388,0x4521ec5c1b4d14b56a8fee840147b00263ae36dbd0a120089c221a3b803c9ca1,264,0x81c66afc69b377b3171648b5249d7a95f7b75e9447765db3290826cd83b8d8d5,0xca0840578f57fe71599d29375e16783424023357,0xc02aaa39b223fe8d0a0e5c4f27ead9083c756cc2,0x88ad09518695c6c3712ac10a214be5109a655671,50000000000000000,Wrapped Ether,WETH,18,296,431851,85737592353,241729,26432804,deprecated,0x3ace4765,"wrapAndRelayTokens(address _receiver, bytes _data)",11657580,1
13850463,1640115449,0x52adcd37dad6794f59a8a7acaf39806f5b5840c98643989f24044b7e1ccbaded,84,0xaf35e9382293e30ce82787defeacc413112bdad703c7b04a17bed59cfb98d8d9,0xca0840578f57fe71599d29375e16783424023357,0xc02aaa39b223fe8d0a0e5c4f27ead9083c756cc2,0x88ad09518695c6c3712ac10a214be5109a655671,574742864207107081,Wrapped Ether,WETH,18,266,431941,68189217163,241789,23036094,deprecated,0x3ace4765,"wrapAndRelayTokens(address _receiver, bytes _data)",11657574,1
13850468,1640115545,0xa662ab2e29c68d85072113c7d815521e8d7f3ad5483ece2f5e03f8432d32a392,6660,0xbf76be6f687e18aad5d300ca4e6a37da780e2ae79578a851d418c731ef60349c,0x88ad09518695c6c3712ac10a214be5109a655671,0xc02aaa39b223fe8d0a0e5c4f27ead9083c756cc2,0xca0840578f57fe71599d29375e16783424023357,117340292203851731,Wrapped Ether,WETH,18,103,1658165,84000000000,273688,8489310,deprecated,0x3f7658fd,"executeSignatures(bytes message, bytes signatures)",11657569,1
13850787,1640119514,0xc4619dd1d65d9fbc785a32dc233eb5740b1137f1140f2593561e267e8f00f5ef,6661,0x60628b36b34d1523b51df5974517f17305b442a47442ad7ee4bf858cc823317e,0x88ad09518695c6c3712ac10a214be5109a655671,0xc02aaa39b223fe8d0a0e5c4f27ead9083c756cc2,0xca0840578f57fe71599d29375e16783424023357,100000000000000000,Wrapped Ether,WETH,18,15,1658153,94000000000,273678,1243373,deprecated,0x3f7658fd,"executeSignatures(bytes message, bytes signatures)",11657250,1
13851020,1640122448,0xb5a6b4a93034ebe209785de4eec6e89a1f242b70d9453d777f96c1098090bed4,265,0xdb2377da85d500fe9f336db23a4b6d01e115df40885716146b181ffb17749c64,0xca0840578f57fe71599d29375e16783424023357,0xc02aaa39b223fe8d0a0e5c4f27ead9083c756cc2,0x88ad09518695c6c3712ac10a214be5109a655671,100000000000000000,Wrapped Ether,WETH,18,173,431923,73218866956,241777,20698927,deprecated,0x3ace4765,"wrapAndRelayTokens(address _receiver, bytes _data)",11657017,1
13851093,1640123410,0x26e9bfe5a2606ece4d751bed14ba861f164ddc73aa136ade7ceb99e0ccbb6659,6663,0x4697549122b12f15bc3b464af1f6037c06ff5a4aeb5d5fae22d9cf7dca698546,0x88ad09518695c6c3712ac10a214be5109a655671,0xc02aaa39b223fe8d0a0e5c4f27ead9083c756cc2,0xca0840578f57fe71599d29375e16783424023357,1000000000000000000,Wrapped Ether,WETH,18,197,1658141,98000000000,253668,12093405,deprecated,0x3f7658fd,"executeSignatures(bytes message, bytes signatures)",11656944,1
13851116,1640123730,0x369558700793d545210be170f9b1669faa291d901abb6b2b6141c3b6afc298b4,504,0x68667af7b86d69f718ef374cb14264ce574edf7295e6741d7f60ffd31f3b1826,0xca0840578f57fe71599d29375e16783424023357,0xc02aaa39b223fe8d0a0e5c4f27ead9083c756cc2,0x88ad09518695c6c3712ac10a214be5109a655671,1000000000000000000,Wrapped Ether,WETH,18,24,431869,102591766669,241741,1829157,deprecated,0x3ace4765,"wrapAndRelayTokens(address _receiver, bytes _data)",11656921,1
13851310,1640126231,0xcf42cc24b296ceed759ac2520c8feb80fcf0228563a0222bd6fc8cff8b9ab374,6664,0xc3365d8a3ee3ec0c3b2cd0b5fae1469ad6bd891b7720bbbc89a39d5b262a8fff,0x88ad09518695c6c3712ac10a214be5109a655671,0xc02aaa39b223fe8d0a0e5c4f27ead9083c756cc2,0xca0840578f57fe71599d29375e16783424023357,500000000000000000,Wrapped Ether,WETH,18,40,1658141,133000000000,253668,3145731,deprecated,0x3f7658fd,"executeSignatures(bytes message, bytes signatures)",11656727,1
13851574,1640129750,0xaa9993a2c5685acc209a39d0bb77aac67639e2de8fd49e1b756acd42c3d6234e,31,0x69e2fc49e67501f026a4c935b88011bc2197f98b5dbeda2f3dd85e353bd083b6,0xca0840578f57fe71599d29375e16783424023357,0xc02aaa39b223fe8d0a0e5c4f27ead9083c756cc2,0x88ad09518695c6c3712ac10a214be5109a655671,1000000000000000000,Wrapped Ether,WETH,18,165,431887,63849253822,241753,13182801,deprecated,0x3ace4765,"wrapAndRelayTokens(address _receiver, bytes _data)",11656463,1
13851824,1640133143,0x9e388638c6728a990879fd3cb99cc261158ec0fb8b98e57bb0e1acc048315766,4,0xfa007ed41a84e0b14dfe803de27fc083328e45a6f61dbc3409e2dcae681d562d,0xca0840578f57fe71599d29375e16783424023357,0xc02aaa39b223fe8d0a0e5c4f27ead9083c756cc2,0x88ad09518695c6c3712ac10a214be5109a655671,1000000000000000000,Wrapped Ether,WETH,18,406,458377,84347244578,258865,19042720,deprecated,0x3ace4765,"wrapAndRelayTokens(address _receiver, bytes _data)",11656213,1
13851849,1640133394,0x52cd416c5b99e5321fa24d66e606ba1bae9bffc2b97216961c3ccfb8dbd817e2,5,0x400595b56f9420dac625d597e2a9c7c48c76deda6d7cdda3501fc61202f59464,0xca0840578f57fe71599d29375e16783424023357,0xc02aaa39b223fe8d0a0e5c4f27ead9083c756cc2,0x88ad09518695c6c3712ac10a214be5109a655671,1000000000000000000,Wrapped Ether,WETH,18,120,431905,60076887362,241765,12734317,deprecated,0x3ace4765,"wrapAndRelayTokens(address _receiver, bytes _data)",11656188,1
13851891,1640134030,0xf745ed7bafc133d56f125c1539537243b2af176f290d827e218e9ec11b68dc33,6,0x791b4f247637259f93ccd1c9a4076b33e0589cffc1000be67f1455ff669b7389,0xca0840578f57fe71599d29375e16783424023357,0xc02aaa39b223fe8d0a0e5c4f27ead9083c756cc2,0x88ad09518695c6c3712ac10a214be5109a655671,1000000000000000000,Wrapped Ether,WETH,18,75,431833,71933893102,241717,4474504,deprecated,0x3ace4765,"wrapAndRelayTokens(address _receiver, bytes _data)",11656146,1
13851922,1640134607,0xe2ed6fdfaca27b1abbdfcf2175105a449dbf2fd241108de8bff1f380f7756e8c,7,0xe61063a3ad06a4265290b4a3b97866f8d0c7f53a2d9e6463a1e07298cc6dcda5,0xca0840578f57fe71599d29375e16783424023357,0xc02aaa39b223fe8d0a0e5c4f27ead9083c756cc2,0x88ad09518695c6c3712ac10a214be5109a655671,1000000000000000000,Wrapped Ether,WETH,18,49,431887,108900019031,241753,3832594,deprecated,0x3ace4765,"wrapAndRelayTokens(address _receiver, bytes _data)",11656115,1
13851966,1640135177,0x685e31ef53416c3c5ee0344d5550bb893b4816b8f74431c6be63ff13d6a7082b,8,0x342fd0c0ad51494513ff3b06ad83d3ccb78843fb9d7280d33db096a6cbaba026,0xca0840578f57fe71599d29375e16783424023357,0xc02aaa39b223fe8d0a0e5c4f27ead9083c756cc2,0x88ad09518695c6c3712ac10a214be5109a655671,1000000000000000000,Wrapped Ether,WETH,18,154,431923,118009056920,241777,15459494,deprecated,0x3ace4765,"wrapAndRelayTokens(address _receiver, bytes _data)",11656071,1
13852014,1640135902,0xfa52c9edcf93929d5aa803fcc1354052fa61da0f101a790cf0602835cabae05c,9,0x4df6044b804ccd7268b2d931e6bae91206a751b4b33587be2f3d1f794ede6f88,0xca0840578f57fe71599d29375e16783424023357,0xc02aaa39b223fe8d0a0e5c4f27ead9083c756cc2,0x88ad09518695c6c3712ac10a214be5109a655671,1000000000000000000,Wrapped Ether,WETH,18,97,431869,98491578673,241741,9348118,deprecated,0x3ace4765,"wrapAndRelayTokens(address _receiver, bytes _data)",11656023,1
13852056,1640136417,0x152ddc3f896e6e93c3be01eba466ecb1ebc09e3546091cf7e90bfea3409b20f4,10,0x0a09e8912dc63a73e5b7bb7dba2856f82fd8c6b8368aa5cda172ebd2231c98be,0xca0840578f57fe71599d29375e16783424023357,0xc02aaa39b223fe8d0a0e5c4f27ead9083c756cc2,0x88ad09518695c6c3712ac10a214be5109a655671,1000000000000000000,Wrapped Ether,WETH,18,206,431923,60506803886,241777,14700967,deprecated,0x3ace4765,"wrapAndRelayTokens(address _receiver, bytes _data)",11655981,1
13852062,1640136525,0x38d5fc897017f0ac9b1575c2972a5e6aad539d8acd15965dfc6ca3b055b03efa,6666,0x40a2dc3fbacd78b65817ccb06d934a6e237a23e84eb77f65a6baff954ca4f21c,0x88ad09518695c6c3712ac10a214be5109a655671,0xc02aaa39b223fe8d0a0e5c4f27ead9083c756cc2,0xca0840578f57fe71599d29375e16783424023357,300000000000000000,Wrapped Ether,WETH,18,2,1658153,143000000000,267358,342615,deprecated,0x3f7658fd,"executeSignatures(bytes message, bytes signatures)",11655975,1
13852217,1640138794,0xeb1ce5fb9f6ef50f062625ec03af416f5ec4b679cd7a382275ed2a28a59d9939,11,0xae808c742493f63db0b41524292f03e5015adff970f2cb730d0da3fc64876de1,0xca0840578f57fe71599d29375e16783424023357,0xc02aaa39b223fe8d0a0e5c4f27ead9083c756cc2,0x88ad09518695c6c3712ac10a214be5109a655671,1000000000000000000,Wrapped Ether,WETH,18,97,431887,111298702321,241753,9383350,deprecated,0x3ace4765,"wrapAndRelayTokens(address _receiver, bytes _data)",11655820,1
13852526,1640143182,0x0af953b569bae99eb159afec998f80f3e9f344db37d918374975f3e87fcad375,17,0x505fdd8e50d9da226b7f2698d7bb3837dcda8218c89dc1b1d9ad1cc9f1d3c6ab,0xca0840578f57fe71599d29375e16783424023357,0xc02aaa39b223fe8d0a0e5c4f27ead9083c756cc2,0x88ad09518695c6c3712ac10a214be5109a655671,738179197619051746,Wrapped Ether,WETH,18,177,431941,61067532371,241789,10942322,deprecated,0x3ace4765,"wrapAndRelayTokens(address _receiver, bytes _data)",11655511,1
13853877,1640161295,0xd2eed01e778bfc996e6441c993d1998f8762c094a6ae01a4fbce2162350c7022,15,0x5469b2aa286d658eda1e002dd45c1de2bca294a9648e18e969a8b61515dbec1e,0xca0840578f57fe71599d29375e16783424023357,0xc02aaa39b223fe8d0a0e5c4f27ead9083c756cc2,0x88ad09518695c6c3712ac10a214be5109a655671,1000000000000000000,Wrapped Ether,WETH,18,77,431941,43584015562,241789,6178955,deprecated,0x3ace4765,"wrapAndRelayTokens(address _receiver, bytes _data)",11654160,1
13853912,1640161665,0xb87ba868f07fe44b104c479ffa6604cf61796cca0ebb73bc9f0f6979e04a2e77,16,0x9665a0b3e55f0dc9578213452ac2f1269222a27582670c7f4f5b1a98a6b9a094,0xca0840578f57fe71599d29375e16783424023357,0xc02aaa39b223fe8d0a0e5c4f27ead9083c756cc2,0x88ad09518695c6c3712ac10a214be5109a655671,1000000000000000000,Wrapped Ether,WETH,18,343,431923,42019622678,241777,24956987,deprecated,0x3ace4765,"wrapAndRelayTokens(address _receiver, bytes _data)",11654125,1
13854010,1640162787,0x088e6b4576d5196cde14a0ca83a62cb7e8dd60b461df04fd9c408687b88d50dd,17,0xea841f7b90f07c4c6fbab03539802bf0ee5c16964ceee5d867aac955b64da1c7,0xca0840578f57fe71599d29375e16783424023357,0xc02aaa39b223fe8d0a0e5c4f27ead9083c756cc2,0x88ad09518695c6c3712ac10a214be5109a655671,200000000000000000,Wrapped Ether,WETH,18,218,431923,42000000000,241777,16970820,deprecated,0x3ace4765,"wrapAndRelayTokens(address _receiver, bytes _data)",11654027,1
13854078,1640163560,0x89748b5fecaab42aefab7209490599720ded3e8e68441c50452d0196f7d8b264,105,0xe141bee10fd4768cd579ef146e8c571d6c9e7c7755844ba18890db8973928eb8,0xca0840578f57fe71599d29375e16783424023357,0xc02aaa39b223fe8d0a0e5c4f27ead9083c756cc2,0x88ad09518695c6c3712ac10a214be5109a655671,1000000000000000000,Wrapped Ether,WETH,18,146,431941,40791694408,241789,6854315,deprecated,0x3ace4765,"wrapAndRelayTokens(address _receiver, bytes _data)",11653959,1
13854214,1640165485,0xab15f43ccdd95a93867440284de077ba9db3c77c9fb440682052cdac1425dabb,6671,0xd91d636faa4f9fdc0fbd33d9f4acdc6624a8fff6994306c33e067a2ac9061e4c,0x88ad09518695c6c3712ac10a214be5109a655671,0xc02aaa39b223fe8d0a0e5c4f27ead9083c756cc2,0xca0840578f57fe71599d29375e16783424023357,500000000000000000,Wrapped Ether,WETH,18,51,1658141,54000000000,273668,2376887,deprecated,0x3f7658fd,"executeSignatures(bytes message, bytes signatures)",11653823,1
13854442,1640168708,0x257859746a56a78d067ebd343e63b4319261195e2cdfe8c639ab2f25dbaa633c,2,0x4d8820d1b10c227658329838b60cdf53eaf2d5b31819577fd8bd21223d8dc91d,0xca0840578f57fe71599d29375e16783424023357,0xc02aaa39b223fe8d0a0e5c4f27ead9083c756cc2,0x88ad09518695c6c3712ac10a214be5109a655671,400000000000000000,Wrapped Ether,WETH,18,162,431833,37233323547,241717,9944620,deprecated,0x3ace4765,"wrapAndRelayTokens(address _receiver, bytes _data)",11653595,1
13854505,1640169461,0x93648e2e63645a0c840ad776a1d86aca1e128be99567ce80e849d2c8edd88209,3,0xaf974e482388ecbbf198e43d886dae192034e5bfbfa4238ec0c9141b256cea31,0xca0840578f57fe71599d29375e16783424023357,0xc02aaa39b223fe8d0a0e5c4f27ead9083c756cc2,0x88ad09518695c6c3712ac10a214be5109a655671,1000000000000000000,Wrapped Ether,WETH,18,126,431851,36579837889,241729,7843815,deprecated,0x3ace4765,"wrapAndRelayTokens(address _receiver, bytes _data)",11653532,1
13854546,1640170031,0x3e05e49b70f1776cfe2328a7834d0f9a151d4147731bd2bec5e05941cee8fdbd,6673,0x6f166dc1294139942c99e660b8124170169a53cacee63bd992a0dc4f72d06c51,0x88ad09518695c6c3712ac10a214be5109a655671,0xc02aaa39b223fe8d0a0e5c4f27ead9083c756cc2,0xca0840578f57fe71599d29375e16783424023357,300000000000000000,Wrapped Ether,WETH,18,17,1658153,53000000000,253678,1470539,deprecated,0x3f7658fd,"executeSignatures(bytes message, bytes signatures)",11653491,1
13854605,1640170738,0x413d744f3aef5fd84ecf2104943b68d73535befe4e3e5fe6163d393bf71f5e57,28,0x8b76c8ab245410639d8c4d876c8aac869c8c67688bf107128ed616400859869c,0xca0840578f57fe71599d29375e16783424023357,0xc02aaa39b223fe8d0a0e5c4f27ead9083c756cc2,0x88ad09518695c6c3712ac10a214be5109a655671,1000000000000000000,Wrapped Ether,WETH,18,122,431887,41979014917,241753,7908320,deprecated,0x3ace4765,"wrapAndRelayTokens(address _receiver, bytes _data)",11653432,1
13854901,1640174704,0x26673c64b7aab1f0147a601a6006ec1c10e7735b39501f741556aa9344d35218,59,0x8a30b866230298b5a078c81d9b3b851067da648de5218dd7429486c6468745f2,0xca0840578f57fe71599d29375e16783424023357,0xc02aaa39b223fe8d0a0e5c4f27ead9083c756cc2,0x88ad09518695c6c3712ac10a214be5109a655671,200000000000000000,Wrapped Ether,WETH,18,99,431887,69888622735,241753,5228132,deprecated,0x3ace4765,"wrapAndRelayTokens(address _receiver, bytes _data)",11653136,1
13854946,1640175314,0xd5d6a37f844bef8c90af181ea42bffa7cce15f864baf871eef574fb5fd4be9c1,6674,0x99b19fdc7e591629227b731916d37b4c952a1b6beb2eb167697ba1b51f8dfbd8,0x88ad09518695c6c3712ac10a214be5109a655671,0xc02aaa39b223fe8d0a0e5c4f27ead9083c756cc2,0xca0840578f57fe71599d29375e16783424023357,100000000000000000,Wrapped Ether,WETH,18,42,1658141,70000000000,253668,2946826,deprecated,0x3f7658fd,"executeSignatures(bytes message, bytes signatures)",11653091,1
13854967,1640175625,0x47a1f7fc2f656673d97c8b2ad899754a6434a98ba31f5fe7bbb4561ff090471b,4,0x73f90dcf834d460587f6ec1504341ab7b9c24e57eca3c44a80a2eb5474a4240f,0xca0840578f57fe71599d29375e16783424023357,0xc02aaa39b223fe8d0a0e5c4f27ead9083c756cc2,0x88ad09518695c6c3712ac10a214be5109a655671,1000000000000000000,Wrapped Ether,WETH,18,188,431905,40716046797,241765,11371967,deprecated,0x3ace4765,"wrapAndRelayTokens(address _receiver, bytes _data)",11653070,1
13855108,1640177462,0xf517d9c2f829923fc7fcfd91bbd8d6d07caeda508bec2955a9fa0419dd0c057f,2776,0xe432f01532533b2bcff89f9349cf6bb0154c6f3a4611969999867bb925853d10,0xca0840578f57fe71599d29375e16783424023357,0xc02aaa39b223fe8d0a0e5c4f27ead9083c756cc2,0x88ad09518695c6c3712ac10a214be5109a655671,300000000000000000,Wrapped Ether,WETH,18,197,431887,36519570301,241753,19143143,deprecated,0x3ace4765,"wrapAndRelayTokens(address _receiver, bytes _data)",11652929,1
13855427,1640181676,0xf11b4ab4b38b14fdfea3ca2cb033043bc70f982ccb58b4d7962f65d73ae49259,6676,0xad1c2191edc7344b5664ff8c078318c95e2e59892bb860f7185cdad25964359d,0x88ad09518695c6c3712ac10a214be5109a655671,0xc02aaa39b223fe8d0a0e5c4f27ead9083c756cc2,0xca0840578f57fe71599d29375e16783424023357,100000000000000000,Wrapped Ether,WETH,18,15,1658117,78000000000,253649,1470158,deprecated,0x3f7658fd,"executeSignatures(bytes message, bytes signatures)",11652610,1
13855461,1640182137,0xa9cb542fd78c1efb3541d7d51886b15b51f612287d82ebde97ef79d998fb9032,6677,0xae06516278fb14f00b00250ffad17890eae17a64945838deefd22e6e6e687e64,0x88ad09518695c6c3712ac10a214be5109a655671,0xc02aaa39b223fe8d0a0e5c4f27ead9083c756cc2,0xca0840578f57fe71599d29375e16783424023357,990056134813745101,Wrapped Ether,WETH,18,12,1658165,85000000000,253688,1089196,deprecated,0x3f7658fd,"executeSignatures(bytes message, bytes signatures)",11652576,1
13856047,1640190332,0x494eab65669141c3b5454c7fba9898b3719e42f55f056f34c126852df9ae6fcb,0,0xd54ea22ca424b4762a92e56fef5e0544489b0b8d6e4ba58c2b41dc3ab37d339e,0xca0840578f57fe71599d29375e16783424023357,0xc02aaa39b223fe8d0a0e5c4f27ead9083c756cc2,0x88ad09518695c6c3712ac10a214be5109a655671,128000000000000000,Wrapped Ether,WETH,18,363,436546,97454565533,247526,24935338,deprecated,0x9254c66e,"wrapAndRelayTokens(address _receiver,bytes _data,tuple _account)",11651990,1
13856092,1640190913,0x0a850a70a466cd11abfdc97f1fac470b272a157c7c83c7867c3d94684873783a,6681,0xc5054079069db459c2a14e31427a7a63d0fcfd64ffaa9348563e3e1b78476904,0x88ad09518695c6c3712ac10a214be5109a655671,0xc02aaa39b223fe8d0a0e5c4f27ead9083c756cc2,0xca0840578f57fe71599d29375e16783424023357,100000000000000000,Wrapped Ether,WETH,18,101,1658141,126000000000,273668,4852090,deprecated,0x3f7658fd,"executeSignatures(bytes message, bytes signatures)",11651945,1
13856165,1640191889,0x29d5d4a1ada5c47b8519c99102a3e11bd394b6e653fab4b5d763f33ad179a579,33,0xdeb9e35e5a7fccf41bf473af2504fb72c3af320be24001ccf56c28646312a4b5,0xca0840578f57fe71599d29375e16783424023357,0xc02aaa39b223fe8d0a0e5c4f27ead9083c756cc2,0x88ad09518695c6c3712ac10a214be5109a655671,1000000000000000000,Wrapped Ether,WETH,18,118,431923,89282185538,241777,8085759,deprecated,0x3ace4765,"wrapAndRelayTokens(address _receiver, bytes _data)",11651872,1
13856177,1640192077,0xd648d298d8be411347e98aca99ad8bec36bf8dbe19526fc1d7ebf91307e99b2a,6682,0x9ecbc7cd31502febb69c646a7b88a781b9256b7c5229c24f1b761def7f772910,0x88ad09518695c6c3712ac10a214be5109a655671,0xc02aaa39b223fe8d0a0e5c4f27ead9083c756cc2,0xca0840578f57fe71599d29375e16783424023357,500000000000000000,Wrapped Ether,WETH,18,37,1658129,122000000000,253659,2764296,deprecated,0x3f7658fd,"executeSignatures(bytes message, bytes signatures)",11651860,1
13856190,1640192255,0xe38989fbb48a51e8889f752812a671a74e9092f2a8ac007b1be91c94b912aa21,34,0x1ff594ff527a959fba17a6bd1195ea687fb8c8987b7e6f95c9cf5c903efaf1fd,0xca0840578f57fe71599d29375e16783424023357,0xc02aaa39b223fe8d0a0e5c4f27ead9083c756cc2,0x88ad09518695c6c3712ac10a214be5109a655671,1000000000000000000,Wrapped Ether,WETH,18,104,431905,92838187791,241765,6717458,deprecated,0x3ace4765,"wrapAndRelayTokens(address _receiver, bytes _data)",11651847,1
13856213,1640192512,0x66cb2a9b7463b2518baecf26b089918e49578256c47a01573179f383037089ad,6683,0x433a4b1484e9f4a49006f7688b8263305b3abde6aff4898d217c7a58358ca42a,0x88ad09518695c6c3712ac10a214be5109a655671,0xc02aaa39b223fe8d0a0e5c4f27ead9083c756cc2,0xca0840578f57fe71599d29375e16783424023357,300000000000000000,Wrapped Ether,WETH,18,9,1658129,122000000000,253659,628355,deprecated,0x3f7658fd,"executeSignatures(bytes message, bytes signatures)",11651824,1
13856236,1640192841,0x1ff4cb6f4bd73ce0429a2ecf3e8389e1e8b7c8caf2476da12b1da77f863e9043,6684,0xa5c004061973d8fc4fb555ba3baec6f73e8e00e0c8c692d47deb3d9e107aa2b2,0x88ad09518695c6c3712ac10a214be5109a655671,0xc02aaa39b223fe8d0a0e5c4f27ead9083c756cc2,0xca0840578f57fe71599d29375e16783424023357,100000000000000000,Wrapped Ether,WETH,18,11,1658141,131000000000,253668,686972,deprecated,0x3f7658fd,"executeSignatures(bytes message, bytes signatures)",11651801,1
13856236,1640192841,0x84d6bbc75a88ab7b7b35da023cbc9c1c31510fa204ac78d50ba460ecc55a2706,6685,0xa5c004061973d8fc4fb555ba3baec6f73e8e00e0c8c692d47deb3d9e107aa2b2,0x88ad09518695c6c3712ac10a214be5109a655671,0xc02aaa39b223fe8d0a0e5c4f27ead9083c756cc2,0xca0840578f57fe71599d29375e16783424023357,1000000000000000000,Wrapped Ether,WETH,18,12,1658129,131000000000,253659,940631,deprecated,0x3f7658fd,"executeSignatures(bytes message, bytes signatures)",11651801,1
13856259,1640193111,0x9120c4508bda290538cdd2927ef698ab4c7a1dd33a8d49484e6be74375918fd8,6686,0x0c74e6e02cd144c3d1005b05a2a96a25dc552e7f3a1cfc36decb64b617f5b0b6,0x88ad09518695c6c3712ac10a214be5109a655671,0xc02aaa39b223fe8d0a0e5c4f27ead9083c756cc2,0xca0840578f57fe71599d29375e16783424023357,500000000000000000,Wrapped Ether,WETH,18,3,1658141,131000000000,253668,598666,deprecated,0x3f7658fd,"executeSignatures(bytes message, bytes signatures)",11651778,1
13856284,1640193345,0xba68fcaa0262a73de7c861e0a3525eeaaf302efbd8a3e69742273b4814a0f1ee,6687,0x85b4cb4e52d18c4834691d6037ae3a6004237161f8bc1a999250440f3b1311ee,0x88ad09518695c6c3712ac10a214be5109a655671,0xc02aaa39b223fe8d0a0e5c4f27ead9083c756cc2,0xca0840578f57fe71599d29375e16783424023357,300000000000000000,Wrapped Ether,WETH,18,15,1658153,109000000000,253678,1353344,deprecated,0x3f7658fd,"executeSignatures(bytes message, bytes signatures)",11651753,1
13856304,1640193636,0x026a1ae4999f70594c374e5b65a91aa62e9a3997bbfd49ec35f558827acaddb9,6688,0x8e7c47355012e611342dc05572fd05336c84007388430b38e0efa32d2bc2b136,0x88ad09518695c6c3712ac10a214be5109a655671,0xc02aaa39b223fe8d0a0e5c4f27ead9083c756cc2,0xca0840578f57fe71599d29375e16783424023357,100000000000000000,Wrapped Ether,WETH,18,26,1658141,109000000000,253668,1547608,deprecated,0x3f7658fd,"executeSignatures(bytes message, bytes signatures)",11651733,1
13856388,1640194915,0x58ed0de4c118daa6e093d48030b5a669ac358554c36830b8a2f37b540694ab61,1,0xf8284e39761adbd420f411205dcc29ce6b66ccaee28c3132b9e61426c678bd62,0xca0840578f57fe71599d29375e16783424023357,0xc02aaa39b223fe8d0a0e5c4f27ead9083c756cc2,0x88ad09518695c6c3712ac10a214be5109a655671,10000000000000000,Wrapped Ether,WETH,18,63,431851,96245113906,241729,3161046,deprecated,0x3ace4765,"wrapAndRelayTokens(address _receiver, bytes _data)",11651649,1
13856516,1640196530,0x67264c63f62d24976e05ff0af39e84ca7796fcd93b4fe8f1782c1c980aca8795,6689,0x8a4149e68b9548146fcb4b80e21c737b12cfe1450ab172eb091ff31db3fe217b,0x88ad09518695c6c3712ac10a214be5109a655671,0xc02aaa39b223fe8d0a0e5c4f27ead9083c756cc2,0xca0840578f57fe71599d29375e16783424023357,136591162000000000,Wrapped Ether,WETH,18,16,1658153,114000000000,273678,1944266,deprecated,0x3f7658fd,"executeSignatures(bytes message, bytes signatures)",11651521,1
13856577,1640197498,0x4c4246ef82414e2b9ac0b7188763d66debb3c3299e706fc0b2c12db20312c42a,2,0x42782aff827fd06cba3d03401e68d98728c25e3a6c00566d836f58bf2b3d0702,0xca0840578f57fe71599d29375e16783424023357,0xc02aaa39b223fe8d0a0e5c4f27ead9083c756cc2,0x88ad09518695c6c3712ac10a214be5109a655671,50000000000000000,Wrapped Ether,WETH,18,68,431815,133417064400,241705,6212236,deprecated,0x3ace4765,"wrapAndRelayTokens(address _receiver, bytes _data)",11651460,1
13856635,1640198200,0xe668373876bc7f541cd7be65530ac71b402bfba8d342791532390a9bdf0a8c7b,3,0xfe37987b9ef9b4b23b9027de65cf346eb208522139f042de061fda26c9c8c870,0xca0840578f57fe71599d29375e16783424023357,0xc02aaa39b223fe8d0a0e5c4f27ead9083c756cc2,0x88ad09518695c6c3712ac10a214be5109a655671,50000000000000000,Wrapped Ether,WETH,18,29,431887,100000000000,241753,1936840,deprecated,0x3ace4765,"wrapAndRelayTokens(address _receiver, bytes _data)",11651402,1
13856693,1640198961,0x13b8e73baa641eed164ce374f234411cff28359e7f2a7a305f12c4cb0a030194,6691,0xd588a260e1c9a422c15e21b581c65991f2b7c47ba0d64354bf7dda01eb314f11,0x88ad09518695c6c3712ac10a214be5109a655671,0xc02aaa39b223fe8d0a0e5c4f27ead9083c756cc2,0xca0840578f57fe71599d29375e16783424023357,98800000000000000,Wrapped Ether,WETH,18,48,1658153,132000000000,253678,2703880,deprecated,0x3f7658fd,"executeSignatures(bytes message, bytes signatures)",11651344,1
13856922,1640202115,0xdddb75d14e00847bf006917d441a40c5e5415bb362584f197fe41b75eae06578,519,0xbc467e1ff30ebc1c79339819ccfef023dd2fc45780663bce80570e9d629a0962,0xca0840578f57fe71599d29375e16783424023357,0xc02aaa39b223fe8d0a0e5c4f27ead9083c756cc2,0x88ad09518695c6c3712ac10a214be5109a655671,300000000000000000,Wrapped Ether,WETH,18,10,431923,104861310455,241777,3654208,deprecated,0x3ace4765,"wrapAndRelayTokens(address _receiver, bytes _data)",11651115,1
13856937,1640202235,0x0350aabf8fa0e3ae0d1cf5fec0c630c8ef28a24e295ec08c9a50ea569c0832ad,6693,0x662ef52c721bf2a25bc78949e5d5e42db16399696f6ded3113e9edbafc83d54e,0x88ad09518695c6c3712ac10a214be5109a655671,0xc02aaa39b223fe8d0a0e5c4f27ead9083c756cc2,0xca0840578f57fe71599d29375e16783424023357,100000000000000000,Wrapped Ether,WETH,18,7,1658141,159000000000,253668,3385524,deprecated,0x3f7658fd,"executeSignatures(bytes message, bytes signatures)",11651100,1
13857372,1640208201,0x90292cfafe460419c497fc5f3182df44b69231d950997928804f6d28ec94d2ee,6696,0x14125154269b48a6155733789899316fed1155214716ebe1ae38069fe3319ed2,0x88ad09518695c6c3712ac10a214be5109a655671,0xc02aaa39b223fe8d0a0e5c4f27ead9083c756cc2,0xca0840578f57fe71599d29375e16783424023357,300000000000000000,Wrapped Ether,WETH,18,8,1658141,207000000000,273668,765545,deprecated,0x3f7658fd,"executeSignatures(bytes message, bytes signatures)",11650665,1
13857702,1640212479,0x7f7065b90db0adb07b6d7c417115c01a9a9646ef1690f39a4246389dc0854c0f,1,0x3042bd610d33f656e4820909ff5384b76cf203350f56e81711d3564fb9b06618,0xca0840578f57fe71599d29375e16783424023357,0xc02aaa39b223fe8d0a0e5c4f27ead9083c756cc2,0x88ad09518695c6c3712ac10a214be5109a655671,200000000000000000,Wrapped Ether,WETH,18,29,436510,81225686740,247502,1811238,deprecated,0x9254c66e,"wrapAndRelayTokens(address _receiver,bytes _data,tuple _account)",11650335,1
13858195,1640218705,0x1c1c5c103ebd177e92b3dccd7090a971fd1d6fb2af0853e2c4df9cfa1e2ac3e4,6697,0xd55ae4b5708f6099bd13adf5493b1c9b8a53872d89e5745a14c889431fd7306d,0x88ad09518695c6c3712ac10a214be5109a655671,0xc02aaa39b223fe8d0a0e5c4f27ead9083c756cc2,0xca0840578f57fe71599d29375e16783424023357,990000000000000000,Wrapped Ether,WETH,18,113,1658141,91000000000,267348,7356858,deprecated,0x3f7658fd,"executeSignatures(bytes message, bytes signatures)",11649842,1
13858527,1640223044,0xad22f66041802a044b6e509a986295a4db007bda757cb249da4395b4fa13e870,801,0x0ea6bf019756b7d7d7a5d3da9a77192e079133a45854436df85b1fdb932206c4,0xca0840578f57fe71599d29375e16783424023357,0xc02aaa39b223fe8d0a0e5c4f27ead9083c756cc2,0x88ad09518695c6c3712ac10a214be5109a655671,100000000000000000,Wrapped Ether,WETH,18,280,462982,79649600193,264602,16619080,deprecated,0x9254c66e,"wrapAndRelayTokens(address _receiver,bytes _data,tuple _account)",11649510,1
13858691,1640225382,0x203a4baf0a3da24938faed4dfd0972bf4c77c170e5d1b8afaee7ae27349cfdbe,802,0x53702aae7513d581b617cb56e4331a2fd6b4d18d810a3110ed9f3a55a79de600,0xca0840578f57fe71599d29375e16783424023357,0xc02aaa39b223fe8d0a0e5c4f27ead9083c756cc2,0x88ad09518695c6c3712ac10a214be5109a655671,110000000000000000,Wrapped Ether,WETH,18,149,431923,111147269011,241777,12955352,deprecated,0x3ace4765,"wrapAndRelayTokens(address _receiver, bytes _data)",11649346,1
13858763,1640226258,0x4f0e3e16bd58040233baaed5ba2640c516dd47e73dcb408f640fd42698c02a5e,6698,0xcefde71d94fb0992ecd6af806341c002fcf846a5e86da5228227490b2fe14eb2,0x88ad09518695c6c3712ac10a214be5109a655671,0xc02aaa39b223fe8d0a0e5c4f27ead9083c756cc2,0xca0840578f57fe71599d29375e16783424023357,8000000000000000000,Wrapped Ether,WETH,18,38,1658153,117000000000,253678,2980376,deprecated,0x3f7658fd,"executeSignatures(bytes message, bytes signatures)",11649274,1
13858952,1640229091,0x38507ae206944e7d75f37879b40167035423c7f6896242cc98e0a09a818375a0,11,0x6a7a2c60253790d5ea70dad721c49538682cec5091e71bcf36477379509a0924,0xca0840578f57fe71599d29375e16783424023357,0xc02aaa39b223fe8d0a0e5c4f27ead9083c756cc2,0x88ad09518695c6c3712ac10a214be5109a655671,1000000000000000000,Wrapped Ether,WETH,18,136,431923,83522083537,241777,7665884,deprecated,0x3ace4765,"wrapAndRelayTokens(address _receiver, bytes _data)",11649085,1
13858961,1640229181,0xa599d3a11efa279bc06b733e16be833dab59948ca2ee95155bc3fad67c40025a,6699,0xe5d93d160634e952fd8afd7bade1d65a33e0081fe47f2137cc1e2d71a1054433,0x88ad09518695c6c3712ac10a214be5109a655671,0xc02aaa39b223fe8d0a0e5c4f27ead9083c756cc2,0xca0840578f57fe71599d29375e16783424023357,100000000000000000,Wrapped Ether,WETH,18,17,1658141,118000000000,273668,4018169,deprecated,0x3f7658fd,"executeSignatures(bytes message, bytes signatures)",11649076,1
13859179,1640232008,0xedaf19559bb5933cba448b1ed4145cd0ac77096190b95035ee1ee28ae6e94574,6700,0xd8aeeea153bbaffe2f7952e0d467060b0bea9ad6690f0601512b94b823c2785e,0x88ad09518695c6c3712ac10a214be5109a655671,0xc02aaa39b223fe8d0a0e5c4f27ead9083c756cc2,0xca0840578f57fe71599d29375e16783424023357,500000000000000000,Wrapped Ether,WETH,18,34,1658153,94000000000,253678,2680994,deprecated,0x3f7658fd,"executeSignatures(bytes message, bytes signatures)",11648858,1
13859202,1640232283,0xad2a882eca47809bc62b27d5854f88627090b30066dbaa099c49b9ca267b5f16,6701,0x7fda7613021ad331e86ae25baf88131f8475c2216bfb1ae419d3f5af2d56ca4e,0x88ad09518695c6c3712ac10a214be5109a655671,0xc02aaa39b223fe8d0a0e5c4f27ead9083c756cc2,0xca0840578f57fe71599d29375e16783424023357,489970264133020422,Wrapped Ether,WETH,18,10,1658177,97000000000,253697,747536,deprecated,0x3f7658fd,"executeSignatures(bytes message, bytes signatures)",11648835,1
13859429,1640235390,0x2061536e0d0cd816495435cc8e3c992a2cab4e63b6ecae957f70d8f5ac0f159d,0,0xc66a45f3d73a4b92913967e76f86c07eeb556fa27622b33afd79229489438221,0xca0840578f57fe71599d29375e16783424023357,0xc02aaa39b223fe8d0a0e5c4f27ead9083c756cc2,0x88ad09518695c6c3712ac10a214be5109a655671,1000000000000000000,Wrapped Ether,WETH,18,80,436600,67765367968,247562,4665903,deprecated,0x9254c66e,"wrapAndRelayTokens(address _receiver,bytes _data,tuple _account)",11648608,1
13859473,1640235945,0xc64087d22e9bcaf3db1a5b6a0b02b4847448b30f71a9902573df8c1d91937f04,6702,0x927011888ceaf43e59670b95ab8905d2b3a18fc37d24d9138e36135b694b5bfb,0x88ad09518695c6c3712ac10a214be5109a655671,0xc02aaa39b223fe8d0a0e5c4f27ead9083c756cc2,0xca0840578f57fe71599d29375e16783424023357,500000000000000000,Wrapped Ether,WETH,18,51,1658153,87000000000,253678,2925147,deprecated,0x3f7658fd,"executeSignatures(bytes message, bytes signatures)",11648564,1
13859716,1640239349,0xc336a453758b8e08004c16a0db2000bff29abbde62fe53b2e65283d8fc379a42,6703,0xd36abf95a9efcb7bda333e5fc11380cb8dc7372eb74ee1f2ce9348f5ae69012a,0x88ad09518695c6c3712ac10a214be5109a655671,0xc02aaa39b223fe8d0a0e5c4f27ead9083c756cc2,0xca0840578f57fe71599d29375e16783424023357,409870915136944764,Wrapped Ether,WETH,18,16,1658165,111000000000,253688,2532865,deprecated,0x3f7658fd,"executeSignatures(bytes message, bytes signatures)",11648321,1
13859980,1640243278,0x56b3eb4abbd2628125dbaa08adb5e4f43928ce169c8225cb18222178c91b8c05,94,0x6509b494ec78efc2a7b397491a4f3e2b69587bc90297fc475b52ad90fe1c15cd,0xca0840578f57fe71599d29375e16783424023357,0xc02aaa39b223fe8d0a0e5c4f27ead9083c756cc2,0x88ad09518695c6c3712ac10a214be5109a655671,70000000000000000,Wrapped Ether,WETH,18,44,431815,62875017934,241705,2850974,deprecated,0x3ace4765,"wrapAndRelayTokens(address _receiver, bytes _data)",11648057,1
13860042,1640244063,0x255577c2c6b1d49a16b257b4b5df525e11c472ad11f121f77a71bec4d1670f0d,6704,0x48aeb65de4f57a1a0ee5b5181281a8985f9c38375441bc6b515047a23a2b91b1,0x88ad09518695c6c3712ac10a214be5109a655671,0xc02aaa39b223fe8d0a0e5c4f27ead9083c756cc2,0xca0840578f57fe71599d29375e16783424023357,100000000000000000,Wrapped Ether,WETH,18,98,1658153,76000000000,253678,5468738,deprecated,0x3f7658fd,"executeSignatures(bytes message, bytes signatures)",11647995,1
13860220,1640246692,0x2e427cb30b0c28290f860c6a4d0f958399b8f184e71307c8eb6856120f2efb20,1791,0x6f88f9d40e126d4d85e8ad5e770747fe12995d36adea8e6faac37797298d0767,0xca0840578f57fe71599d29375e16783424023357,0xc02aaa39b223fe8d0a0e5c4f27ead9083c756cc2,0x88ad09518695c6c3712ac10a214be5109a655671,1000000000000000000,Wrapped Ether,WETH,18,180,436582,68759924981,247550,10561015,deprecated,0x9254c66e,"wrapAndRelayTokens(address _receiver,bytes _data,tuple _account)",11647817,1
13860373,1640248737,0x9db0b0140b09043168e69ed621fdfea6f077076cf176e6d0b277d35938d29420,416,0xed94f51a20d8ff5ecc25840ab15b4cc7d6f38c7954549e9d2e0b7f47491d6627,0xca0840578f57fe71599d29375e16783424023357,0xc02aaa39b223fe8d0a0e5c4f27ead9083c756cc2,0x88ad09518695c6c3712ac10a214be5109a655671,210000000000000000,Wrapped Ether,WETH,18,9,431869,51622775941,241741,628035,deprecated,0x3ace4765,"wrapAndRelayTokens(address _receiver, bytes _data)",11647664,1
13860415,1640249202,0x5ccbed387c73af9bf08a3d6bbb7ccc8f1ac275df1e6c40cc9f7e6b793802c69c,220,0x4bb14a7ae8c17ceae95c14d1a1273122ed22d79b19e979cd57384f5fd635a5a1,0xca0840578f57fe71599d29375e16783424023357,0xc02aaa39b223fe8d0a0e5c4f27ead9083c756cc2,0x88ad09518695c6c3712ac10a214be5109a655671,1000000000000000000,Wrapped Ether,WETH,18,128,431869,48880503337,241741,7397181,deprecated,0x3ace4765,"wrapAndRelayTokens(address _receiver, bytes _data)",11647622,1
13860426,1640249355,0x58f79c04364218860b04451bacf9de1fb361bdaed748bfffe86e8e6b88eeb915,6705,0x06785d4712688a35136b2626553dcb4fa7afc35515ff358097e6aa85e09daec8,0x88ad09518695c6c3712ac10a214be5109a655671,0xc02aaa39b223fe8d0a0e5c4f27ead9083c756cc2,0xca0840578f57fe71599d29375e16783424023357,100000000000000000,Wrapped Ether,WETH,18,19,1658129,75000000000,253659,1274859,deprecated,0x3f7658fd,"executeSignatures(bytes message, bytes signatures)",11647611,1
13860476,1640249997,0x4d21f65957b2ad2629c45d2112c34fbb292a0b9bf41dac7549689effc271db09,6706,0xd5dc3e47974674f60ee2c26065548de7e064077aa41de86e6fb70f8aa9624df4,0x88ad09518695c6c3712ac10a214be5109a655671,0xc02aaa39b223fe8d0a0e5c4f27ead9083c756cc2,0xca0840578f57fe71599d29375e16783424023357,989494169742643986,Wrapped Ether,WETH,18,153,1658153,76000000000,253678,6325470,deprecated,0x3f7658fd,"executeSignatures(bytes message, bytes signatures)",11647561,1
13860901,1640256082,0x091b549c2a1afd1d408fffa1db3d40888a08463a0c6ebaf8efaf233fb117a834,95,0x704640eca09469689741520366b58f56b6bc7248e5e93713df7554d03883ad9c,0xca0840578f57fe71599d29375e16783424023357,0xc02aaa39b223fe8d0a0e5c4f27ead9083c756cc2,0x88ad09518695c6c3712ac10a214be5109a655671,81000000000000000,Wrapped Ether,WETH,18,34,431923,48547532786,241777,2025294,deprecated,0x3ace4765,"wrapAndRelayTokens(address _receiver, bytes _data)",11647136,1
13861066,1640258237,0xd791555e6c8e67ae7005567a9439d43c700ae9b26dacb92c7923030f72807b19,711,0x76c60de0d8be6484a3330bb3fcdfd28e8b24559bfd33fdcd5f45cdb561db112f,0xca0840578f57fe71599d29375e16783424023357,0xc02aaa39b223fe8d0a0e5c4f27ead9083c756cc2,0x88ad09518695c6c3712ac10a214be5109a655671,1000000000000000000,Wrapped Ether,WETH,18,45,431923,42902710793,241777,3362591,deprecated,0x3ace4765,"wrapAndRelayTokens(address _receiver, bytes _data)",11646971,1
13861176,1640259519,0xd8be876a77b21a10f4e88933eaba869a4388cd24f6974daf77b460919e46170d,6707,0xd468cbcfd99bdb22ee876ab521ceb0ee2428d186d0fa68908166dbc821fe7c0b,0x88ad09518695c6c3712ac10a214be5109a655671,0xc02aaa39b223fe8d0a0e5c4f27ead9083c756cc2,0xca0840578f57fe71599d29375e16783424023357,500000000000000000,Wrapped Ether,WETH,18,143,1658153,63000000000,273678,9171349,deprecated,0x3f7658fd,"executeSignatures(bytes message, bytes signatures)",11646861,1
13861262,1640260564,0x01f4fff5e55e240e6d9f699cee0fc600c6a035cc0f627f20c1d623a874f2168b,6708,0xd8c8b92c7c70b44c22db054d696b928dc3eac9c03c0acf9ce7dff78c08bbd62e,0x88ad09518695c6c3712ac10a214be5109a655671,0xc02aaa39b223fe8d0a0e5c4f27ead9083c756cc2,0xca0840578f57fe71599d29375e16783424023357,488032356987880474,Wrapped Ether,WETH,18,67,1658165,61000000000,253688,3486092,deprecated,0x3f7658fd,"executeSignatures(bytes message, bytes signatures)",11646775,1
13861321,1640261364,0xcc2ea358ee1b71be5ad518f7c7b403d46b9fae6b180bb335645552f967a32e6d,712,0x54bc72776f7e73a439d40800bb5767a43f0a6ad7e0cb3e54125bf7f2f78f574e,0xca0840578f57fe71599d29375e16783424023357,0xc02aaa39b223fe8d0a0e5c4f27ead9083c756cc2,0x88ad09518695c6c3712ac10a214be5109a655671,1000000000000000000,Wrapped Ether,WETH,18,248,431959,53446816770,241801,17255399,deprecated,0x3ace4765,"wrapAndRelayTokens(address _receiver, bytes _data)",11646716,1
13861367,1640262037,0x2bdb4dcfbefabadc3af360d271e9f5f4e1392ade6b099653a8d82408d822cc08,1,0x7a1ba5914b70a928ae639d5f016ae62972ea68469b35be85f5fe728ddac44739,0xca0840578f57fe71599d29375e16783424023357,0xc02aaa39b223fe8d0a0e5c4f27ead9083c756cc2,0x88ad09518695c6c3712ac10a214be5109a655671,50000000000000000,Wrapped Ether,WETH,18,19,431905,59764756817,241765,853772,deprecated,0x3ace4765,"wrapAndRelayTokens(address _receiver, bytes _data)",11646670,1
13861404,1640262456,0x90ef4d2135e6f4b1583d3ea9a9e46fb3f1f9a444e30c7940ce0d12e9487b9883,6709,0x53d81c6c7eb184c1740c5de7955d038723e9119ae5ce81d15dd32c534d7778da,0x88ad09518695c6c3712ac10a214be5109a655671,0xc02aaa39b223fe8d0a0e5c4f27ead9083c756cc2,0xca0840578f57fe71599d29375e16783424023357,981973213425003396,Wrapped Ether,WETH,18,54,1658165,59000000000,253688,3364652,deprecated,0x3f7658fd,"executeSignatures(bytes message, bytes signatures)",11646633,1
13861542,1640264276,0x5dd78797747b7baa9ad109c914e71996918debdbd299d10a10584148b419f60d,6710,0x328fd0dbcc13c68ff15abe9d703370964f8e8d04ba76d178635c110b896579ad,0x88ad09518695c6c3712ac10a214be5109a655671,0xc02aaa39b223fe8d0a0e5c4f27ead9083c756cc2,0xca0840578f57fe71599d29375e16783424023357,800000000000000000,Wrapped Ether,WETH,18,17,1658141,77000000000,253668,730581,deprecated,0x3f7658fd,"executeSignatures(bytes message, bytes signatures)",11646495,1
13861590,1640264904,0x61760b0d5aa7b5cefb5756657d0ae1a9353789fadc0c4cc982f76c7226a284f7,6711,0xd43a1bf890cd13566b15cdb9b42fda098bb31c968957a4a2004d00a45e3873e1,0x88ad09518695c6c3712ac10a214be5109a655671,0xc02aaa39b223fe8d0a0e5c4f27ead9083c756cc2,0xca0840578f57fe71599d29375e16783424023357,155000000000000000,Wrapped Ether,WETH,18,35,1658141,72000000000,253668,1843911,deprecated,0x3f7658fd,"executeSignatures(bytes message, bytes signatures)",11646447,1
13861621,1640265349,0x5f7cd9bfd4e74ef407a97feb65b654bc6f1c336a026b0cd05f7a62a26587296a,6712,0x0d65933096f032fa06766531c21fd910c56d5e1f84d79196db627cb956c09ed9,0x88ad09518695c6c3712ac10a214be5109a655671,0xc02aaa39b223fe8d0a0e5c4f27ead9083c756cc2,0xca0840578f57fe71599d29375e16783424023357,50000000000000000,Wrapped Ether,WETH,18,9,1658129,72000000000,253659,1869588,deprecated,0x3f7658fd,"executeSignatures(bytes message, bytes signatures)",11646416,1
13861769,1640267158,0x860491add520cb6d36a7ca478ce9ed87faf5cd14d062c30421ca26219aed95c5,713,0x4c295757e98a8208d472bcdb9748bb581e4a5674a799e79844db7db58dbb1045,0xca0840578f57fe71599d29375e16783424023357,0xc02aaa39b223fe8d0a0e5c4f27ead9083c756cc2,0x88ad09518695c6c3712ac10a214be5109a655671,210000000000000000,Wrapped Ether,WETH,18,44,431923,58584433605,241777,2485750,deprecated,0x3ace4765,"wrapAndRelayTokens(address _receiver, bytes _data)",11646268,1
13861859,1640268166,0xa500c24f5498badc5618aa00e81bff3da4193369e0eaa3ebd3edce1d181d09d4,6713,0x6587a1aabc851f3ef4b87736210ecd2c02299fe4217939a7a6c5a7991bfeadc7,0x88ad09518695c6c3712ac10a214be5109a655671,0xc02aaa39b223fe8d0a0e5c4f27ead9083c756cc2,0xca0840578f57fe71599d29375e16783424023357,200000000000000000,Wrapped Ether,WETH,18,36,1658141,69000000000,253668,3469599,deprecated,0x3f7658fd,"executeSignatures(bytes message, bytes signatures)",11646178,1
13862325,1640274463,0x48d644d01ef0646e4552015c125ea612b2acc7edf12495954b7512ead2371fe6,2,0x50659bcb31444f830e431be3e9e4a8067d7213be4400688ce58f18cd216aa4ef,0xca0840578f57fe71599d29375e16783424023357,0xc02aaa39b223fe8d0a0e5c4f27ead9083c756cc2,0x88ad09518695c6c3712ac10a214be5109a655671,100000000000000000,Wrapped Ether,WETH,18,56,436546,94592355367,247526,2731359,deprecated,0x9254c66e,"wrapAndRelayTokens(address _receiver,bytes _data,tuple _account)",11645712,1
13862597,1640278074,0xe610ef958c75cd552a4d9ca57a43d979edd7b372162ae10092c893a18c255b82,1,0x99aac8b167d72dbd623c2063cad22ad53aacb532d11774d86dcfac101b6a42e9,0xca0840578f57fe71599d29375e16783424023357,0xc02aaa39b223fe8d0a0e5c4f27ead9083c756cc2,0x88ad09518695c6c3712ac10a214be5109a655671,100000000000000000,Wrapped Ether,WETH,18,42,436564,94206664881,247538,3049359,deprecated,0x9254c66e,"wrapAndRelayTokens(address _receiver,bytes _data,tuple _account)",11645440,1
13862681,1640279259,0x591f47e00d8d489ba29035b460866395223d6df936c164542eb16b6cafc1c45b,6714,0x45ee5fb4c857ee2aa9348f483c0453db0ba3c35ae1a1a09f079b84268904aadd,0x88ad09518695c6c3712ac10a214be5109a655671,0xc02aaa39b223fe8d0a0e5c4f27ead9083c756cc2,0xca0840578f57fe71599d29375e16783424023357,98000000000000000,Wrapped Ether,WETH,18,100,1658105,105000000000,273640,3881622,deprecated,0x3f7658fd,"executeSignatures(bytes message, bytes signatures)",11645356,1
13862987,1640283411,0xa6f232eac1579b2c88a12a5eaa5957821b029242229e8d7c37ca8876e3504485,14,0x637e5ff5649c7fbca8665a7ec277ba32bbe37b23cb2ccf724f09bb506ed776c7,0xca0840578f57fe71599d29375e16783424023357,0xc02aaa39b223fe8d0a0e5c4f27ead9083c756cc2,0x88ad09518695c6c3712ac10a214be5109a655671,1000000000000000000,Wrapped Ether,WETH,18,39,436510,103026860406,247502,3662420,deprecated,0x9254c66e,"wrapAndRelayTokens(address _receiver,bytes _data,tuple _account)",11645050,1
13863036,1640283992,0x438483856a8b3d92186638086d08ef9b2f7db5a7901f1dbb9377ce62257926e8,15,0xe25159ad49344477deb19d8b048db770349c6156c8ae452215ecc52f635fe5bf,0xca0840578f57fe71599d29375e16783424023357,0xc02aaa39b223fe8d0a0e5c4f27ead9083c756cc2,0x88ad09518695c6c3712ac10a214be5109a655671,1000000000000000000,Wrapped Ether,WETH,18,53,431941,105222515786,241789,2311629,deprecated,0x3ace4765,"wrapAndRelayTokens(address _receiver, bytes _data)",11645001,1
13864516,1640303963,0x020ddb8d7c9883aa2fb5bb8a70c5ea9639b6430ede8554101ce9476b4b098125,6715,0x700eb960d818cfb84bb18ff7a50320f0d3cebf16d2f618fb4b52ef77068cffe9,0x88ad09518695c6c3712ac10a214be5109a655671,0xc02aaa39b223fe8d0a0e5c4f27ead9083c756cc2,0xca0840578f57fe71599d29375e16783424023357,100000000000000000,Wrapped Ether,WETH,18,84,1658129,104000000000,253659,6843292,deprecated,0x3f7658fd,"executeSignatures(bytes message, bytes signatures)",11643521,1
13865040,1640311200,0x386b58e5abac9f84786ef359365dddeb16fb032299579771b465979d57299651,3,0xc7623cefce8f229142b2a0ffd28983b68034db3c25345ba9f3730d823d402b82,0xca0840578f57fe71599d29375e16783424023357,0xc02aaa39b223fe8d0a0e5c4f27ead9083c756cc2,0x88ad09518695c6c3712ac10a214be5109a655671,972827571800467616,Wrapped Ether,WETH,18,167,431995,76978403049,241825,13931113,deprecated,0x3ace4765,"wrapAndRelayTokens(address _receiver, bytes _data)",11642997,1
13865227,1640313850,0x0d7d5c3bbd66b3216cd9fc42e2eef7016cb56ca16659b6b64a2222471233f1f6,6716,0x1378b0d7c29fadfdc5a1091d283cde8b317295c0fe3dfd472b78148449ab7a1c,0x88ad09518695c6c3712ac10a214be5109a655671,0xc02aaa39b223fe8d0a0e5c4f27ead9083c756cc2,0xca0840578f57fe71599d29375e16783424023357,2000000000000000000,Wrapped Ether,WETH,18,10,1658117,134000000000,273649,1526352,deprecated,0x3f7658fd,"executeSignatures(bytes message, bytes signatures)",11642810,1
13865271,1640314426,0xfbf9daae4f5d3a03349c31345d45a54560092b38e6fcaccfdd9d5121ac2c78fd,6717,0x9b20fa7313a1290381f9f336ec74f2487209ca288fcecb2d2c8947ec18a91f37,0x88ad09518695c6c3712ac10a214be5109a655671,0xc02aaa39b223fe8d0a0e5c4f27ead9083c756cc2,0xca0840578f57fe71599d29375e16783424023357,2923555782520096976,Wrapped Ether,WETH,18,10,1658165,134000000000,273688,600935,deprecated,0x3f7658fd,"executeSignatures(bytes message, bytes signatures)",11642766,1
13865285,1640314599,0x3f54d81acd3ed413844817bff721fad77120b902a0c84ce51c0785b452e3e402,947,0x8a78edad3254bc816edff56854c6ee13267cbcfb31bea79dbd85dd6b2f2ae249,0xca0840578f57fe71599d29375e16783424023357,0xc02aaa39b223fe8d0a0e5c4f27ead9083c756cc2,0x88ad09518695c6c3712ac10a214be5109a655671,1000000000000000000,Wrapped Ether,WETH,18,150,436510,75750567167,247502,9364971,deprecated,0x9254c66e,"wrapAndRelayTokens(address _receiver,bytes _data,tuple _account)",11642752,1
13865678,1640319608,0xad765bd63d5014980e25ae9b50a4dfd7ffd306eab4602fc8cf528ac81d03427f,3012,0x25674978ececf4f505177fc66baded2bf066b5e79e97e5ee807249d36457c49f,0xca0840578f57fe71599d29375e16783424023357,0xc02aaa39b223fe8d0a0e5c4f27ead9083c756cc2,0x88ad09518695c6c3712ac10a214be5109a655671,100000000000000000,Wrapped Ether,WETH,18,62,436546,73817867398,247526,3869324,deprecated,0x9254c66e,"wrapAndRelayTokens(address _receiver,bytes _data,tuple _account)",11642359,1
13865710,1640319988,0x9c314f4afda01c146260804d0feabca1f2ff83d36f96ded53d4f8587ebf0d778,3013,0x77474a945518ecce253f3d638ad3724ccdddf4afd413d3b8023889be215a9628,0xca0840578f57fe71599d29375e16783424023357,0xc02aaa39b223fe8d0a0e5c4f27ead9083c756cc2,0x88ad09518695c6c3712ac10a214be5109a655671,10000000000000000,Wrapped Ether,WETH,18,70,431815,59131047264,241705,4632189,deprecated,0x3ace4765,"wrapAndRelayTokens(address _receiver, bytes _data)",11642327,1
13865727,1640320203,0xe46b544bb4059f5ae58e4f5da648b7d465cde60a9e3e0dd8482e7315561dcc20,13,0xc13340600f37b24e16ec15d7b749609efef4f8890b4a1707840a922c2d6567c6,0xca0840578f57fe71599d29375e16783424023357,0xc02aaa39b223fe8d0a0e5c4f27ead9083c756cc2,0x88ad09518695c6c3712ac10a214be5109a655671,1000000000000000000,Wrapped Ether,WETH,18,57,431923,56270805549,241777,4008628,deprecated,0x3ace4765,"wrapAndRelayTokens(address _receiver, bytes _data)",11642310,1
13865764,1640320613,0x3e8317f8febb019d991098385689a25a05c1b61e7c896bbbeefa14157d4d4ff4,6718,0x388f39e19791392fdd5e39f8888b2fbb6aaa411bdbfc1038177ed4968692f376,0x88ad09518695c6c3712ac10a214be5109a655671,0xc02aaa39b223fe8d0a0e5c4f27ead9083c756cc2,0xca0840578f57fe71599d29375e16783424023357,100000000000000000,Wrapped Ether,WETH,18,24,1658141,98000000000,253668,1857512,deprecated,0x3f7658fd,"executeSignatures(bytes message, bytes signatures)",11642273,1
13865775,1640320790,0x2f3f5a00b59ec2011b22487c8db0b1a0339c1bde34404f5cb36898278d2ed5bf,6719,0x463989cda6b97e288ee63e238b80c278d4549c3d0cca256ba8b5383b07d9dd1e,0x88ad09518695c6c3712ac10a214be5109a655671,0xc02aaa39b223fe8d0a0e5c4f27ead9083c756cc2,0xca0840578f57fe71599d29375e16783424023357,1000000000000000000,Wrapped Ether,WETH,18,29,1658153,98000000000,273678,2530339,deprecated,0x3f7658fd,"executeSignatures(bytes message, bytes signatures)",11642262,1
13865812,1640321167,0x2f134597f3f03125ed7e89866ffc6310a2a321346ad30ea42dcac9c959a42516,41,0x2c48e4566ad3186a302f6679905786dd3e8a03f2005999ada29c7bcd8f9afa92,0xca0840578f57fe71599d29375e16783424023357,0xc02aaa39b223fe8d0a0e5c4f27ead9083c756cc2,0x88ad09518695c6c3712ac10a214be5109a655671,1000000000000000000,Wrapped Ether,WETH,18,116,436564,43000000000,247538,10383571,deprecated,0x9254c66e,"wrapAndRelayTokens(address _receiver,bytes _data,tuple _account)",11642225,1
13865983,1640323455,0xb4dde8f6a8892e030f3b3cc3f11e445aaff96e1478fcc6594ac409cc2dac0657,26,0x8e90d3eec84ab4059ae6e0ef434171256e4cb67dff09fa3f3f3ca46f2de5ce5a,0xca0840578f57fe71599d29375e16783424023357,0xc02aaa39b223fe8d0a0e5c4f27ead9083c756cc2,0x88ad09518695c6c3712ac10a214be5109a655671,1000000000000000000,Wrapped Ether,WETH,18,14,431923,48184528245,241777,1318499,deprecated,0x3ace4765,"wrapAndRelayTokens(address _receiver, bytes _data)",11642054,1
13866056,1640324359,0x398052fe0a96d08600c368212ea7f679f91d7db13ffe2f51c5bfac73962717a7,27,0x54c2e67b4ea5aa5e5105a5a5cfd555e1b24ea2f7d979754bbd88f4e692af0d42,0xca0840578f57fe71599d29375e16783424023357,0xc02aaa39b223fe8d0a0e5c4f27ead9083c756cc2,0x88ad09518695c6c3712ac10a214be5109a655671,1000000000000000000,Wrapped Ether,WETH,18,8,431869,49826698855,241741,1107382,deprecated,0x3ace4765,"wrapAndRelayTokens(address _receiver, bytes _data)",11641981,1
13866459,1640329641,0xccf074154a4f92dcdb6d53bc4023957a150dcee1e2215c021a4d3acbd172d9ca,6720,0x0e1dada5cf547fc221b2e0506077fc72a193abaac55f144b80a5a967fc76d9bf,0x88ad09518695c6c3712ac10a214be5109a655671,0xc02aaa39b223fe8d0a0e5c4f27ead9083c756cc2,0xca0840578f57fe71599d29375e16783424023357,1000000000000000000,Wrapped Ether,WETH,18,47,1658141,77000000000,253668,1999769,deprecated,0x3f7658fd,"executeSignatures(bytes message, bytes signatures)",11641578,1
13866905,1640335583,0xf22bcf9f954f96c25de9d945b36012f058933170cb0dfdff4fa9582bb2e0702a,1,0x8ee4c32c5da2d47db8618804a31b6e26bf18fc7d21b7f2e5ed6891cc0b599316,0xca0840578f57fe71599d29375e16783424023357,0xc02aaa39b223fe8d0a0e5c4f27ead9083c756cc2,0x88ad09518695c6c3712ac10a214be5109a655671,100000000000000000,Wrapped Ether,WETH,18,19,431941,68558343066,241789,1168939,deprecated,0x3ace4765,"wrapAndRelayTokens(address _receiver, bytes _data)",11641132,1
13866960,1640336322,0xc8998476142bdf76f0d4ace1a588cfa418c9aba99c7c565b07dcbad46cbd8ca5,6721,0x8246f737b87903a83dec7eb930124805cd06452a50aa4b93aea71fd764b69e28,0x88ad09518695c6c3712ac10a214be5109a655671,0xc02aaa39b223fe8d0a0e5c4f27ead9083c756cc2,0xca0840578f57fe71599d29375e16783424023357,98960000000000000,Wrapped Ether,WETH,18,34,1658141,63000000000,273668,2503463,deprecated,0x3f7658fd,"executeSignatures(bytes message, bytes signatures)",11641077,1
13867102,1640338214,0x31351c15d208a825463c354e9232c748b24c1f4e02dab17e2ff77471004ff9fe,7,0xe1ef8b220ab9df84e4f9203c3b2375d9351d7af136b45629ec2fd0f69ffc1720,0xca0840578f57fe71599d29375e16783424023357,0xc02aaa39b223fe8d0a0e5c4f27ead9083c756cc2,0x88ad09518695c6c3712ac10a214be5109a655671,1000000000000000000,Wrapped Ether,WETH,18,329,431923,43884143873,241777,22985783,deprecated,0x3ace4765,"wrapAndRelayTokens(address _receiver, bytes _data)",11640935,1
13867139,1640338669,0x1199268113e02b8454ded22fb4b50121981b96fb72e3d99b0097389d0d136d95,8,0xb8982fac28c49ac27709905ef5b9f0da2015a07fc6609d223bf00bc2e13e6466,0xca0840578f57fe71599d29375e16783424023357,0xc02aaa39b223fe8d0a0e5c4f27ead9083c756cc2,0x88ad09518695c6c3712ac10a214be5109a655671,1000000000000000000,Wrapped Ether,WETH,18,153,431887,44317662005,241753,12422014,deprecated,0x3ace4765,"wrapAndRelayTokens(address _receiver, bytes _data)",11640898,1
13867226,1640339791,0x2b1cd96ebffbde65f6d87d8dfac23e018d3448c67376f63bc1514308f7027aba,9,0xd03ef432ecaed279fcd098c0717d798db7ad7698cf83ed865ccc815c6880e51e,0xca0840578f57fe71599d29375e16783424023357,0xc02aaa39b223fe8d0a0e5c4f27ead9083c756cc2,0x88ad09518695c6c3712ac10a214be5109a655671,1000000000000000000,Wrapped Ether,WETH,18,156,431869,41589401649,241741,18315489,deprecated,0x3ace4765,"wrapAndRelayTokens(address _receiver, bytes _data)",11640811,1
13867262,1640340391,0x07e16a888d0b0e5f8da981ebb54e7086794602ac66a01394c20b13c03086283e,173,0xe790e4f0004fee11e62c6a1cbf07df1b50b38e4697fd8acb19d9b0a3ddd076c2,0xca0840578f57fe71599d29375e16783424023357,0xc02aaa39b223fe8d0a0e5c4f27ead9083c756cc2,0x88ad09518695c6c3712ac10a214be5109a655671,50000000000000000,Wrapped Ether,WETH,18,18,436546,65480832977,247526,1217521,deprecated,0x9254c66e,"wrapAndRelayTokens(address _receiver,bytes _data,tuple _account)",11640775,1
13867340,1640341526,0x0e481d07d47b64f04b553d5778fc0830d51e143fa535df3f9507c8370c65aa04,10,0xb0fd00703ee3d6217f9f4fd16136ab53ee0039a2e04ffb7dd51b9277ceab4dcb,0xca0840578f57fe71599d29375e16783424023357,0xc02aaa39b223fe8d0a0e5c4f27ead9083c756cc2,0x88ad09518695c6c3712ac10a214be5109a655671,1000000000000000000,Wrapped Ether,WETH,18,218,431923,43187240887,241777,15985937,deprecated,0x3ace4765,"wrapAndRelayTokens(address _receiver, bytes _data)",11640697,1
13867411,1640342453,0x2dabac28405595d11924c72d6bc3cda340a87d1439b26ef00a442e933d5a8074,19,0xa31b0c51b4ddf10ef4188d70d107442b20de787163fb714e466272536355c4be,0xca0840578f57fe71599d29375e16783424023357,0xc02aaa39b223fe8d0a0e5c4f27ead9083c756cc2,0x88ad09518695c6c3712ac10a214be5109a655671,500000000000000000,Wrapped Ether,WETH,18,218,431923,39598493999,241777,11036142,deprecated,0x3ace4765,"wrapAndRelayTokens(address _receiver, bytes _data)",11640626,1
13867462,1640343000,0x16663eb9271966233ca7c607461fb3e47c6f6047829183d2183fe38a409a906b,6722,0x46c765bf64102caa8175097c869ee0cf7e75a8bf3cf250c24a022111db98a992,0x88ad09518695c6c3712ac10a214be5109a655671,0xc02aaa39b223fe8d0a0e5c4f27ead9083c756cc2,0xca0840578f57fe71599d29375e16783424023357,300000000000000000,Wrapped Ether,WETH,18,76,1658153,64000000000,253678,2210537,deprecated,0x3f7658fd,"executeSignatures(bytes message, bytes signatures)",11640575,1
13867505,1640343631,0x5ec7d7d1505c08d8e69fd525ca511ac562a00c0cd04eb0ba56190f1352a9158e,11,0x55578c8989d949efc3b9b7e8f5e1fcc1152876386aed0faaa87057dd25ff53a4,0xca0840578f57fe71599d29375e16783424023357,0xc02aaa39b223fe8d0a0e5c4f27ead9083c756cc2,0x88ad09518695c6c3712ac10a214be5109a655671,182907886511611447,Wrapped Ether,WETH,18,6,431977,51669842867,241813,700480,deprecated,0x3ace4765,"wrapAndRelayTokens(address _receiver, bytes _data)",11640532,1
13867559,1640344163,0xfb7395c73dc46dc7f49a461df62b1b5df5f1b791038e921b69805ae33cc14b2c,20,0x42d876de7ba0cbaa7328e800d1105b9e7bfe1eea9fa35c5e7ceaaa8721f9dd31,0xca0840578f57fe71599d29375e16783424023357,0xc02aaa39b223fe8d0a0e5c4f27ead9083c756cc2,0x88ad09518695c6c3712ac10a214be5109a655671,1000000000000000000,Wrapped Ether,WETH,18,268,431905,40506515569,241765,13900437,deprecated,0x3ace4765,"wrapAndRelayTokens(address _receiver, bytes _data)",11640478,1
13867599,1640344836,0xb6a3bc38d6819fa537f29808167202955547af8c9b262c58a656359a07ee9930,6723,0x116de4ea60ec7928324315319aadf017264a64ca6c2f4815b4c27b6a8135ba6b,0x88ad09518695c6c3712ac10a214be5109a655671,0xc02aaa39b223fe8d0a0e5c4f27ead9083c756cc2,0xca0840578f57fe71599d29375e16783424023357,100000000000000000,Wrapped Ether,WETH,18,39,1658141,49000000000,273668,3093547,deprecated,0x3f7658fd,"executeSignatures(bytes message, bytes signatures)",11640438,1
13867647,1640345510,0x2b5b0e56fe23362e5fec4f47083bc4338351f8e65e5d7b1fa1876d09d3921158,6724,0x6d8056a09f4083c83a6dc0a9a9d1646e656b5191e5ea8595095311609cf8946e,0x88ad09518695c6c3712ac10a214be5109a655671,0xc02aaa39b223fe8d0a0e5c4f27ead9083c756cc2,0xca0840578f57fe71599d29375e16783424023357,1000000000000000000,Wrapped Ether,WETH,18,127,1658129,53000000000,253659,8577583,deprecated,0x3f7658fd,"executeSignatures(bytes message, bytes signatures)",11640390,1
13867657,1640345640,0x1b7addbd7d09c2104f3bd76e57ffd683f67e88ea714c4801db0a4cd29bd137b1,66,0x0d0d55b29e3c5e9a77fb9516e162b17e4aca749cdc153506f5568a2202ff14c0,0xca0840578f57fe71599d29375e16783424023357,0xc02aaa39b223fe8d0a0e5c4f27ead9083c756cc2,0x88ad09518695c6c3712ac10a214be5109a655671,991795899905484405,Wrapped Ether,WETH,18,32,432013,54472579644,241837,1951307,deprecated,0x3ace4765,"wrapAndRelayTokens(address _receiver, bytes _data)",11640380,1
13867725,1640346778,0xf3ecd1a47ecfbb978a6a6fc698dbb221ec561daf2a062bf38c7c5367c402561a,21,0x7f88ac86b9af08014d725827e2564210fc67359fa536fcf63d923c19979b6419,0xca0840578f57fe71599d29375e16783424023357,0xc02aaa39b223fe8d0a0e5c4f27ead9083c756cc2,0x88ad09518695c6c3712ac10a214be5109a655671,419316809762382694,Wrapped Ether,WETH,18,225,431905,63776397389,241765,13563674,deprecated,0x3ace4765,"wrapAndRelayTokens(address _receiver, bytes _data)",11640312,1
13867738,1640346964,0x6a4ef5413d980b30400777c3139bf6a95be137a5470a78dbde4246049d837b5d,6725,0x156b7f6235920be57c2b498628cf79f7ca95a2199ebb48e468fe91bac0758887,0x88ad09518695c6c3712ac10a214be5109a655671,0xc02aaa39b223fe8d0a0e5c4f27ead9083c756cc2,0xca0840578f57fe71599d29375e16783424023357,900000000000000000,Wrapped Ether,WETH,18,133,1658141,59000000000,273668,7881465,deprecated,0x3f7658fd,"executeSignatures(bytes message, bytes signatures)",11640299,1
13867765,1640347316,0x3cfa6c0807e0dd1b7f596ca82e7d93888bddd81f6a4cef0573d121de9ec18657,6726,0xf1422082a28c1e1bf007a262308d208413771127be7fc98eca6ee585ee805480,0x88ad09518695c6c3712ac10a214be5109a655671,0xc02aaa39b223fe8d0a0e5c4f27ead9083c756cc2,0xca0840578f57fe71599d29375e16783424023357,500000000000000000,Wrapped Ether,WETH,18,29,1658129,59000000000,253659,2217834,deprecated,0x3f7658fd,"executeSignatures(bytes message, bytes signatures)",11640272,1
13867870,1640348758,0x02441a0248b7226c9b3269ed0572f4eb81a534f79aa295e3036f013f6a781a04,6727,0xecf2d44ffce24694a97d7c7b03e25f065cd874818bdecda5074ff1d0eb66d858,0x88ad09518695c6c3712ac10a214be5109a655671,0xc02aaa39b223fe8d0a0e5c4f27ead9083c756cc2,0xca0840578f57fe71599d29375e16783424023357,990051168334058452,Wrapped Ether,WETH,18,13,1658165,76000000000,253688,816605,deprecated,0x3f7658fd,"executeSignatures(bytes message, bytes signatures)",11640167,1
13868255,1640353486,0x4256e46da27b0c40cc8c23f985794efbd58ef5743d1ca9c858517c4518340c98,67,0xaf826f83e77bdb718eae5f1d1bc410d11ecfde314543726765262d94d0da37dd,0xca0840578f57fe71599d29375e16783424023357,0xc02aaa39b223fe8d0a0e5c4f27ead9083c756cc2,0x88ad09518695c6c3712ac10a214be5109a655671,1000000000000000000,Wrapped Ether,WETH,18,155,431923,42962074512,241777,9851348,deprecated,0x3ace4765,"wrapAndRelayTokens(address _receiver, bytes _data)",11639782,1
13868281,1640353876,0x71e326db897daa2591dc0a5f1ba2c22b9b988368c72bc63a4e6df3e28face0b0,68,0xd4fb10ff6ba1f2c764a5946a2290ddd77482093d8867729847a1e8c293879397,0xca0840578f57fe71599d29375e16783424023357,0xc02aaa39b223fe8d0a0e5c4f27ead9083c756cc2,0x88ad09518695c6c3712ac10a214be5109a655671,570000000000000000,Wrapped Ether,WETH,18,191,431959,49226955289,241801,10323679,deprecated,0x3ace4765,"wrapAndRelayTokens(address _receiver, bytes _data)",11639756,1
13868325,1640354604,0xd8740317749d062e40887d89926af2346183d27667f57f33ae195e0779bd40bd,6728,0xd285fd124ff11681887c11af2edd72885ee45e7136686d8ed20498956ec4fa49,0x88ad09518695c6c3712ac10a214be5109a655671,0xc02aaa39b223fe8d0a0e5c4f27ead9083c756cc2,0xca0840578f57fe71599d29375e16783424023357,1595000000000000000,Wrapped Ether,WETH,18,66,1658153,68000000000,273678,4116787,deprecated,0x3f7658fd,"executeSignatures(bytes message, bytes signatures)",11639712,1
13868842,1640361526,0x371e237049fb37f3fd1b1e6c6063640b93d9ead433b31e81eb03aed59642d185,291,0x60007d837bf1278954303d821955f7404f4b194dc8bbc6172db59ef3a09a6a82,0xca0840578f57fe71599d29375e16783424023357,0xc02aaa39b223fe8d0a0e5c4f27ead9083c756cc2,0x88ad09518695c6c3712ac10a214be5109a655671,1000000000000000000,Wrapped Ether,WETH,18,285,431959,54548937244,241801,15075253,deprecated,0x3ace4765,"wrapAndRelayTokens(address _receiver, bytes _data)",11639195,1
13868982,1640363424,0x00d279f68197c01a5390a5720ac72db4be3c048b8450f75fc3e2e102b822963d,6729,0x4ac7bcf8fa469641b6c597068355d5e55afc33464cd51576837eeeb67cd5f427,0x88ad09518695c6c3712ac10a214be5109a655671,0xc02aaa39b223fe8d0a0e5c4f27ead9083c756cc2,0xca0840578f57fe71599d29375e16783424023357,500000000000000000,Wrapped Ether,WETH,18,51,1658129,78000000000,273659,4390841,deprecated,0x3f7658fd,"executeSignatures(bytes message, bytes signatures)",11639055,1
13869040,1640364202,0x59e7f0bd8c3e46a4c77cae55a4d1bce9b114822ca080fdb520a345de76b035a2,6730,0x90d8f43a020f90e3e5752bd9d55eb144eb1430d8a33d4489e3c9d2eb7265f6e7,0x88ad09518695c6c3712ac10a214be5109a655671,0xc02aaa39b223fe8d0a0e5c4f27ead9083c756cc2,0xca0840578f57fe71599d29375e16783424023357,500000000000000000,Wrapped Ether,WETH,18,51,1658141,87000000000,273668,3288485,deprecated,0x3f7658fd,"executeSignatures(bytes message, bytes signatures)",11638997,1
13869048,1640364313,0x2178f06074c133e592d644d41fd008896ddff09668060cef7a7c9c6b4be046a9,16,0xf6e3bb2b2bf68941b483914cb6ac624e65f8d0092a18913247465bf56fe87211,0xca0840578f57fe71599d29375e16783424023357,0xc02aaa39b223fe8d0a0e5c4f27ead9083c756cc2,0x88ad09518695c6c3712ac10a214be5109a655671,1000000000000000000,Wrapped Ether,WETH,18,72,431869,75402605215,241741,3713663,deprecated,0x3ace4765,"wrapAndRelayTokens(address _receiver, bytes _data)",11638989,1
13869090,1640364774,0x46d96398dca35873c33934445c1357c02bd072369acb1af1d62855fe1778dc4c,22,0xaa88ff6f21adb255284a2b21b79b576d9357ed639d5c8e4af716b328c59a1b88,0xca0840578f57fe71599d29375e16783424023357,0xc02aaa39b223fe8d0a0e5c4f27ead9083c756cc2,0x88ad09518695c6c3712ac10a214be5109a655671,1000000000000000000,Wrapped Ether,WETH,18,197,431905,73522382963,241765,9020914,deprecated,0x3ace4765,"wrapAndRelayTokens(address _receiver, bytes _data)",11638947,1
13870456,1640382950,0x198d0bfb98c3eae66b2d65ca5ae95e95116e12c6066f53aaff8e936664980da7,1125920,0x0dd6f3f03f9706274b391b977016c05ac762bd6eac88fa13826d9848013daa33,0x503828976d22510aad0201ac7ec88293211d23da,0x6b175474e89094c44da98b954eedeac495271d0f,0xca0840578f57fe71599d29375e16783424023357,4949913800000000000,Dai Stablecoin,DAI,18,247,250000,50066044986,51818,17332883,deprecated,0xa9059cbb,"transfer(address _to, uint256 _value)",11637581,1
13870503,1640383630,0xd4f56502c73806e1cb1313ade4e26a15a00f8aa34302555a03e20256ad2bc9a0,6731,0xbfcb7d3742599575fa083fb5917803b99fc0e79e6d5cc24bebb788134f91df04,0x88ad09518695c6c3712ac10a214be5109a655671,0xc02aaa39b223fe8d0a0e5c4f27ead9083c756cc2,0xca0840578f57fe71599d29375e16783424023357,500000000000000000,Wrapped Ether,WETH,18,50,1658129,77000000000,253659,2967274,deprecated,0x3f7658fd,"executeSignatures(bytes message, bytes signatures)",11637534,1
13871771,1640400950,0x7d1801c989b199c961ff6cbbe9a251cc21a15aa8692452b349c079558cc5f5c6,5,0x88a8ab7d4197b5d74e74af9f47327f728e5f6b38b32e7832c62c88c427320573,0xca0840578f57fe71599d29375e16783424023357,0xc02aaa39b223fe8d0a0e5c4f27ead9083c756cc2,0x88ad09518695c6c3712ac10a214be5109a655671,1000000000000000000,Wrapped Ether,WETH,18,213,458395,63845294327,258877,14343887,deprecated,0x3ace4765,"wrapAndRelayTokens(address _receiver, bytes _data)",11636266,1
13871969,1640403581,0xd70753aace686c9ffa293523aa87c72f3ff5ea55b0fc0bf1191a081a571d0cad,2,0x8eeb7a0b7946e822c02a403c93baeabfe18d1a46a56e7a90243b7a957d29bfac,0xca0840578f57fe71599d29375e16783424023357,0xc02aaa39b223fe8d0a0e5c4f27ead9083c756cc2,0x88ad09518695c6c3712ac10a214be5109a655671,100000000000000000,Wrapped Ether,WETH,18,3,436564,76564835883,247538,778281,deprecated,0x9254c66e,"wrapAndRelayTokens(address _receiver,bytes _data,tuple _account)",11636068,1
13872010,1640404171,0x1933f1ce77be439fe425fe7b2c71e57d2ff91dd7601ed8331dd309ca06daacbd,445,0x220772292500d0caf8cc7ab75591966c13faaf6253cfff1da1e145ecbf21f661,0xca0840578f57fe71599d29375e16783424023357,0xc02aaa39b223fe8d0a0e5c4f27ead9083c756cc2,0x88ad09518695c6c3712ac10a214be5109a655671,1000000000000000000,Wrapped Ether,WETH,18,244,436528,73773834499,247514,14235722,deprecated,0x9254c66e,"wrapAndRelayTokens(address _receiver,bytes _data,tuple _account)",11636027,1
13872033,1640404551,0x35cd1c528d6344a44c2c3fe6bd8ed2a7f8977cfbff07eb7f6aaabbfb36bcb676,6732,0x0c44308cca6526dea4c326b1a96dfb978c9f6e067106630cc6a2bb1d52b334b9,0x88ad09518695c6c3712ac10a214be5109a655671,0xc02aaa39b223fe8d0a0e5c4f27ead9083c756cc2,0xca0840578f57fe71599d29375e16783424023357,99000000000000000,Wrapped Ether,WETH,18,11,1658129,125000000000,267339,826861,deprecated,0x3f7658fd,"executeSignatures(bytes message, bytes signatures)",11636004,1
13872095,1640405408,0x92baa1ec510af51b54c6fec65eb09b5f2cd5de0966ebcd4ebe2e02a4bd606bc0,22,0xb93248cc7977d45b654aa43b4084336b376b88d9eb03c846c79cd739a41c090b,0xca0840578f57fe71599d29375e16783424023357,0xc02aaa39b223fe8d0a0e5c4f27ead9083c756cc2,0x88ad09518695c6c3712ac10a214be5109a655671,320000000000000000,Wrapped Ether,WETH,18,300,431869,88360947607,241741,19383008,deprecated,0x3ace4765,"wrapAndRelayTokens(address _receiver, bytes _data)",11635942,1
13872097,1640405429,0x866ee13c81b51ba38644b9fe537dfb2c104e81926f76cd5abc25d53783b88756,6733,0x77aeddf2cd25d94bf9c35b959265910b08f36d715be78df932e1f44b19fb00cf,0x88ad09518695c6c3712ac10a214be5109a655671,0xc02aaa39b223fe8d0a0e5c4f27ead9083c756cc2,0xca0840578f57fe71599d29375e16783424023357,500000000000000000,Wrapped Ether,WETH,18,172,1658153,90000000000,253678,7561380,deprecated,0x3f7658fd,"executeSignatures(bytes message, bytes signatures)",11635940,1
13872258,1640407590,0x1f9674b9e6f55666b2de6d67920ae66cf6ad98c6e0d84fd7b3ce660e8841ccbd,0,0xbe649552a9313041341f2e41de0e547d3b4d7e1d2381c52f987f044d20f9b06f,0xca0840578f57fe71599d29375e16783424023357,0xc02aaa39b223fe8d0a0e5c4f27ead9083c756cc2,0x88ad09518695c6c3712ac10a214be5109a655671,105000000000000000,Wrapped Ether,WETH,18,49,436564,75034344358,247538,4128332,deprecated,0x9254c66e,"wrapAndRelayTokens(address _receiver,bytes _data,tuple _account)",11635779,1
13872311,1640408330,0x84391fb325919387198c502828990d5ffb681b246a37720bb505b1c063dd1896,6734,0xdc15e02e583e2d7c7d542aeb23c189cb64b0c9a1b2899099570b48c017ba0530,0x88ad09518695c6c3712ac10a214be5109a655671,0xc02aaa39b223fe8d0a0e5c4f27ead9083c756cc2,0xca0840578f57fe71599d29375e16783424023357,450000000000000000,Wrapped Ether,WETH,18,0,1658153,126000000000,253678,253678,deprecated,0x3f7658fd,"executeSignatures(bytes message, bytes signatures)",11635726,1
13872734,1640414572,0x68a91b8b266455119d0a35e266b5c7426630cb0041c14129defd8cc60ba370e5,6735,0xcbc71e0be53cc39444a55ce8daefc9aeae941be64dfa3cc975513626390644f0,0x88ad09518695c6c3712ac10a214be5109a655671,0xc02aaa39b223fe8d0a0e5c4f27ead9083c756cc2,0xca0840578f57fe71599d29375e16783424023357,300000000000000000,Wrapped Ether,WETH,18,31,1658153,156000000000,253678,4466292,deprecated,0x3f7658fd,"executeSignatures(bytes message, bytes signatures)",11635303,1
13874818,1640441622,0xab94d892d607b928aab183c893071344a6cd00b333b9902982b42afca0319f7c,0,0xa0a1d90f2b472374205c82b51f999cd5c93737db5389dbc01b27cb6409d330d2,0xca0840578f57fe71599d29375e16783424023357,0xc02aaa39b223fe8d0a0e5c4f27ead9083c756cc2,0x88ad09518695c6c3712ac10a214be5109a655671,1000000000000000000,Wrapped Ether,WETH,18,143,436438,78769994965,247454,9627236,deprecated,0x9254c66e,"wrapAndRelayTokens(address _receiver,bytes _data,tuple _account)",11633219,1
13874869,1640442250,0x83f7891daa63c785063bddaf470b1a12bd500195fe9db7629faeff7c4f5c9107,6736,0x321370bcf6d0c76e92bdef24c51dbf202a71213e6da9faf3c306e346e0c838ab,0x88ad09518695c6c3712ac10a214be5109a655671,0xc02aaa39b223fe8d0a0e5c4f27ead9083c756cc2,0xca0840578f57fe71599d29375e16783424023357,500000000000000000,Wrapped Ether,WETH,18,89,1658153,94000000000,253678,4284911,deprecated,0x3f7658fd,"executeSignatures(bytes message, bytes signatures)",11633168,1
13874896,1640442552,0xcbd07d0e8eaa08a0a4711dfd717e4ea41b09bacd27524ecc16987b3aaf37b9d0,2,0xf483ae77fc5a4c677758fec29bd906375e9362002bdccdf7bb1a0a73cc44e7e3,0xca0840578f57fe71599d29375e16783424023357,0xc02aaa39b223fe8d0a0e5c4f27ead9083c756cc2,0x88ad09518695c6c3712ac10a214be5109a655671,1000000000000000000,Wrapped Ether,WETH,18,26,431905,69850752762,241765,1766683,deprecated,0x3ace4765,"wrapAndRelayTokens(address _receiver, bytes _data)",11633141,1
13874953,1640443402,0xe2c258e9cfdc1c94fcb60d7ed92f4a40162792c4d3e91e5823e72de43ba3931c,777,0x9aa1f9bca149e48e26df923a42abf03f46a6bd1ae105710caeaab88bf65305af,0xca0840578f57fe71599d29375e16783424023357,0xc02aaa39b223fe8d0a0e5c4f27ead9083c756cc2,0x88ad09518695c6c3712ac10a214be5109a655671,500000000000000000,Wrapped Ether,WETH,18,7,431887,87806787102,241753,742583,deprecated,0x3ace4765,"wrapAndRelayTokens(address _receiver, bytes _data)",11633084,1
13874954,1640443409,0x71cec97db7926b15b2151ba7edd288da131cf5d57c8c870420c31351b3bcc83e,6737,0xf1323fe8ebd2d73e2896475f4124eafeed5561b861cc2fd16b047ac2c5578eb8,0x88ad09518695c6c3712ac10a214be5109a655671,0xc02aaa39b223fe8d0a0e5c4f27ead9083c756cc2,0xca0840578f57fe71599d29375e16783424023357,1000000000000000000,Wrapped Ether,WETH,18,117,1658153,89000000000,253678,5187308,deprecated,0x3f7658fd,"executeSignatures(bytes message, bytes signatures)",11633083,1
13874978,1640443688,0xc8fa672a5c512d0144954bb10de75a23ca06df0ce998f241dd302490826c0e9f,6738,0x3ab80400ae6527f677a04b9814e9714ff24fc211ff9a13fcf43d6855fdb8dd97,0x88ad09518695c6c3712ac10a214be5109a655671,0xc02aaa39b223fe8d0a0e5c4f27ead9083c756cc2,0xca0840578f57fe71599d29375e16783424023357,300000000000000000,Wrapped Ether,WETH,18,18,1658129,92000000000,253659,1825735,deprecated,0x3f7658fd,"executeSignatures(bytes message, bytes signatures)",11633059,1
13875008,1640444036,0xb3f6855c2cd82b021be30a30444200659310388b53195b609c7e78bbcb02e1b3,6739,0x53425865727f724bea7f7c489c35cc02111b48bf8c1193b33a0b899513d0a51a,0x88ad09518695c6c3712ac10a214be5109a655671,0xc02aaa39b223fe8d0a0e5c4f27ead9083c756cc2,0xca0840578f57fe71599d29375e16783424023357,180000000000000000,Wrapped Ether,WETH,18,14,1658153,91000000000,253678,1129301,deprecated,0x3f7658fd,"executeSignatures(bytes message, bytes signatures)",11633029,1
13875022,1640444225,0xa22f0651e8ed724bf3e97d805b84e374c9d27aaa736fba8680b44720927d9b14,6740,0x6425ea083d69d45d5760be05a44d13b6f6c9f7e0b3facdc5a1b912af99e8edd2,0x88ad09518695c6c3712ac10a214be5109a655671,0xc02aaa39b223fe8d0a0e5c4f27ead9083c756cc2,0xca0840578f57fe71599d29375e16783424023357,300000000000000000,Wrapped Ether,WETH,18,23,1658153,91000000000,273678,1383968,deprecated,0x3f7658fd,"executeSignatures(bytes message, bytes signatures)",11633015,1
13875387,1640448995,0xe6c2c3895d54202fd6f4cd29b1f77556f87456dc00740ea2b3047891a0b4a65b,14,0xfa18f504eb128d6984aaa3d9643dda8c5a266625b7630963e75ba1a319f32925,0xca0840578f57fe71599d29375e16783424023357,0xc02aaa39b223fe8d0a0e5c4f27ead9083c756cc2,0x88ad09518695c6c3712ac10a214be5109a655671,809764827559257940,Wrapped Ether,WETH,18,250,431977,60000000000,241813,20082602,deprecated,0x3ace4765,"wrapAndRelayTokens(address _receiver, bytes _data)",11632650,1
13875789,1640454237,0x8c3a46c1935515922c11d407e54621a077f76339ade3d9391c65789a806d958f,6741,0x5d96b1340a80c031ec625ad35294adcc69100960e9f2461a19c93ea88d9658bd,0x88ad09518695c6c3712ac10a214be5109a655671,0xc02aaa39b223fe8d0a0e5c4f27ead9083c756cc2,0xca0840578f57fe71599d29375e16783424023357,500000000000000000,Wrapped Ether,WETH,18,155,1658141,96000000000,273668,12080641,deprecated,0x3f7658fd,"executeSignatures(bytes message, bytes signatures)",11632248,1
13875927,1640456113,0xbda34bbea0c638b9ec74092f4998c3c1cfd9e961878e1d648b3b7c70c961b6d1,1,0x408e976d97340e4e9b0cfb19ef31a287e32600d2b65cdf2d9ca4a2301c15a286,0xca0840578f57fe71599d29375e16783424023357,0xc02aaa39b223fe8d0a0e5c4f27ead9083c756cc2,0x88ad09518695c6c3712ac10a214be5109a655671,190000000000000000,Wrapped Ether,WETH,18,95,431923,78701417910,241777,7204226,deprecated,0x3ace4765,"wrapAndRelayTokens(address _receiver, bytes _data)",11632110,1
13875984,1640457028,0x28fcaff6eb26180e6477cdd24e87cd515bc12f06e00b4c74c98a4aec6d39fa93,627,0x61546b693cc36194e2685e8ee63e3b6882a7133b8a8d79b3aa4d45bd5e6692c7,0xca0840578f57fe71599d29375e16783424023357,0xc02aaa39b223fe8d0a0e5c4f27ead9083c756cc2,0x88ad09518695c6c3712ac10a214be5109a655671,1000000000000000000,Wrapped Ether,WETH,18,146,436402,108097057301,247430,11313371,deprecated,0x9254c66e,"wrapAndRelayTokens(address _receiver,bytes _data,tuple _account)",11632053,1
13876037,1640457744,0x6a9c44c8a509ac41295f3b97c0eda872e58c8a001b6425e314365cba4eee2a85,6742,0x47ad7f781c218622f222ef756d4055ab2f086847b07334bf8bb81895fe665bb8,0x88ad09518695c6c3712ac10a214be5109a655671,0xc02aaa39b223fe8d0a0e5c4f27ead9083c756cc2,0xca0840578f57fe71599d29375e16783424023357,194966218944942515,Wrapped Ether,WETH,18,44,1658165,154000000000,253688,1474493,deprecated,0x3f7658fd,"executeSignatures(bytes message, bytes signatures)",11632000,1
13876370,1640462276,0xd5dfbc248ef4f89bac980a5bc50fe67550e20fc54278b77fa87958e935b5598e,6743,0xefe6179f319f851b2c1254047859afef770768fa0a13b188fb90de0dfb1da1cc,0x88ad09518695c6c3712ac10a214be5109a655671,0xc02aaa39b223fe8d0a0e5c4f27ead9083c756cc2,0xca0840578f57fe71599d29375e16783424023357,990057000000000000,Wrapped Ether,WETH,18,21,1658129,84000000000,273659,1262074,deprecated,0x3f7658fd,"executeSignatures(bytes message, bytes signatures)",11631667,1
13876526,1640464440,0xf79ac31ea947f7cdaea138752492f981f4943c208f3e284736e01fffc75e7f04,118,0x84d2592139169e7cf4499d4f7ca9045265350581289008cdeaa250db5a91bb6f,0xca0840578f57fe71599d29375e16783424023357,0xc02aaa39b223fe8d0a0e5c4f27ead9083c756cc2,0x88ad09518695c6c3712ac10a214be5109a655671,1000000000000000000,Wrapped Ether,WETH,18,108,431941,50000000000,241789,11126601,deprecated,0x3ace4765,"wrapAndRelayTokens(address _receiver, bytes _data)",11631511,1
13876594,1640465342,0x0c401e0707455f0213dfaf2028a6753a3455ea6c6cf046138a08acae259d6d20,6744,0x4dcfb616f9fd24a58adc5e68de080b3fc61540f6dfc0605746e19b9a6e54335d,0x88ad09518695c6c3712ac10a214be5109a655671,0xc02aaa39b223fe8d0a0e5c4f27ead9083c756cc2,0xca0840578f57fe71599d29375e16783424023357,500000000000000000,Wrapped Ether,WETH,18,6,1658141,97000000000,253668,728390,deprecated,0x3f7658fd,"executeSignatures(bytes message, bytes signatures)",11631443,1
13876706,1640466763,0x08762e760f196360585a760d4bdb88e73241e950c3ddec6cfdbc4299e8056b29,2,0x48dcbaeedb0a9ce272d8b10977bc39c79de13aa364d98871833383e8d6478b77,0xca0840578f57fe71599d29375e16783424023357,0xc02aaa39b223fe8d0a0e5c4f27ead9083c756cc2,0x88ad09518695c6c3712ac10a214be5109a655671,110000000000000000,Wrapped Ether,WETH,18,249,431887,58881524595,241753,18827751,deprecated,0x3ace4765,"wrapAndRelayTokens(address _receiver, bytes _data)",11631331,1
13876734,1640466994,0x09b0e078f74f0dc7bb6adcd5ed93c97dfa46c60258a6dc6822518f979dbe9aa8,3,0x4113287316f6d6865618913341933b9f009086956ee4f439635c44441bb37bed,0xca0840578f57fe71599d29375e16783424023357,0xc02aaa39b223fe8d0a0e5c4f27ead9083c756cc2,0x88ad09518695c6c3712ac10a214be5109a655671,60000000000000000,Wrapped Ether,WETH,18,38,431869,44918084484,241741,3379471,deprecated,0x3ace4765,"wrapAndRelayTokens(address _receiver, bytes _data)",11631303,1
13876798,1640467708,0x2294d6214bfe3afe461ea94b710d27de3ec2d7c7833c69a6039440bf294d69e0,6745,0x06dfc303594b3601ee20777ea1697eba622c0b30873d2320786a3df71d04e8e9,0x88ad09518695c6c3712ac10a214be5109a655671,0xc02aaa39b223fe8d0a0e5c4f27ead9083c756cc2,0xca0840578f57fe71599d29375e16783424023357,163518398474337281,Wrapped Ether,WETH,18,88,1658165,77000000000,273688,4121258,deprecated,0x3f7658fd,"executeSignatures(bytes message, bytes signatures)",11631239,1
13877345,1640475332,0xcc33160742ba157ccd3c2c8f20661ffdf26a91934351ca4de4834d342ac960e0,6746,0xf813d190c91d594f9d9d7615d7da5b8b718f3a60dae6d33268ee12134e7ccf75,0x88ad09518695c6c3712ac10a214be5109a655671,0xc02aaa39b223fe8d0a0e5c4f27ead9083c756cc2,0xca0840578f57fe71599d29375e16783424023357,179883749545499221,Wrapped Ether,WETH,18,51,1658165,73000000000,253688,3182222,deprecated,0x3f7658fd,"executeSignatures(bytes message, bytes signatures)",11630692,1
13877796,1640481281,0x39fc340ec9938a7d9980ffb60fd31add79527300d2e7b673256af2f084051ce9,13,0x8bd73b2f0fb7c6195baea4276c01e69b68bc6105ebeef55b041cbdbdf5f01a01,0xca0840578f57fe71599d29375e16783424023357,0xc02aaa39b223fe8d0a0e5c4f27ead9083c756cc2,0x88ad09518695c6c3712ac10a214be5109a655671,1000000000000000000,Wrapped Ether,WETH,18,79,462982,53844088948,264602,6285469,deprecated,0x9254c66e,"wrapAndRelayTokens(address _receiver,bytes _data,tuple _account)",11630241,1
13877837,1640481727,0x50104b5ecc28c7a66ee71c9049feb28cc4d7fb8f0a52b213a337c5db662a1d27,14,0x12288ea53bf910f8f8597b520ba0523a165e4db2792fb4b61da37a857ecaca57,0xca0840578f57fe71599d29375e16783424023357,0xc02aaa39b223fe8d0a0e5c4f27ead9083c756cc2,0x88ad09518695c6c3712ac10a214be5109a655671,1000000000000000000,Wrapped Ether,WETH,18,57,431941,43664436758,241789,9275010,deprecated,0x3ace4765,"wrapAndRelayTokens(address _receiver, bytes _data)",11630200,1
13877865,1640482101,0xf6c57a40b725615e319e5bb5001982b6f03b4fcbbbbfbfb67640f6b39ef66ae5,15,0x127bbb66b926a1cff9bd9d6a96b4c253e40f5c97e54daec4c819b303ba1acaba,0xca0840578f57fe71599d29375e16783424023357,0xc02aaa39b223fe8d0a0e5c4f27ead9083c756cc2,0x88ad09518695c6c3712ac10a214be5109a655671,1000000000000000000,Wrapped Ether,WETH,18,96,431959,51426413222,241801,4276735,deprecated,0x3ace4765,"wrapAndRelayTokens(address _receiver, bytes _data)",11630172,1
13877892,1640482496,0x28590c3dfb5bec965d06f59601d41d3e11e56f05ff9e3891a6214a4bdb575293,6747,0x923081319c570c5109df20cbf1f3d61841aa57d6cc26aa6b051c91acd928c4fb,0x88ad09518695c6c3712ac10a214be5109a655671,0xc02aaa39b223fe8d0a0e5c4f27ead9083c756cc2,0xca0840578f57fe71599d29375e16783424023357,100000000000000000,Wrapped Ether,WETH,18,6,1658141,66000000000,287348,708155,deprecated,0x3f7658fd,"executeSignatures(bytes message, bytes signatures)",11630145,1
13877897,1640482542,0xf47ac403dde0a5670ee786d9e4113c551a86f713eeacda366d9726758caeb32e,16,0xef55002b55188fbe7c300e902b267bbf13f610dc9bcefa95f688c571e0165400,0xca0840578f57fe71599d29375e16783424023357,0xc02aaa39b223fe8d0a0e5c4f27ead9083c756cc2,0x88ad09518695c6c3712ac10a214be5109a655671,1000000000000000000,Wrapped Ether,WETH,18,24,431923,51072282377,241777,2526835,deprecated,0x3ace4765,"wrapAndRelayTokens(address _receiver, bytes _data)",11630140,1
13878060,1640484919,0x39616e17afbb959b23158900f550e045501147d515c642991d9159a97c0b4476,6748,0xdea8b48a48f5fc8e39ef32c7d1c6757f989ece8f5f339009d40f48ed44fbbb58,0x88ad09518695c6c3712ac10a214be5109a655671,0xc02aaa39b223fe8d0a0e5c4f27ead9083c756cc2,0xca0840578f57fe71599d29375e16783424023357,300000000000000000,Wrapped Ether,WETH,18,80,1658141,63000000000,253668,6500161,deprecated,0x3f7658fd,"executeSignatures(bytes message, bytes signatures)",11629977,1
13878610,1640492692,0x7c32ed53b8895bfbcec82ba65ec4354078fd076b6d1cae00894c0449c9d3b9d9,6749,0xbb0b0c294f7828f80c72e3885cb6e5d141f4d753cbc8ca2e8ab9e846763ae7ee,0x88ad09518695c6c3712ac10a214be5109a655671,0xc02aaa39b223fe8d0a0e5c4f27ead9083c756cc2,0xca0840578f57fe71599d29375e16783424023357,1000000000000000000,Wrapped Ether,WETH,18,23,1658141,81000000000,253668,3440225,deprecated,0x3f7658fd,"executeSignatures(bytes message, bytes signatures)",11629427,1
13879031,1640498102,0xd31648879532356234b638dbd6eb6c80329ee02fb6a71ba964fb629e1c48e029,6750,0x332588a0e909146530cdb13991fb137577a9759164d09a010dfab76858821475,0x88ad09518695c6c3712ac10a214be5109a655671,0xc02aaa39b223fe8d0a0e5c4f27ead9083c756cc2,0xca0840578f57fe71599d29375e16783424023357,1000000000000000000,Wrapped Ether,WETH,18,82,1658129,58000000000,253659,4044512,deprecated,0x3f7658fd,"executeSignatures(bytes message, bytes signatures)",11629006,1
13879059,1640498425,0xcec342498787603108616b2ab13808967bb5906afb1634b4e3dc8cb2b0270beb,17,0xa7425541972633baa592eedd4f80349b1445d449691e3cb5eb2793e645419b79,0xca0840578f57fe71599d29375e16783424023357,0xc02aaa39b223fe8d0a0e5c4f27ead9083c756cc2,0x88ad09518695c6c3712ac10a214be5109a655671,1000000000000000000,Wrapped Ether,WETH,18,59,431869,46327805222,241741,2604742,deprecated,0x3ace4765,"wrapAndRelayTokens(address _receiver, bytes _data)",11628978,1
13879424,1640503402,0xe3be849ce59d1f7462e0aecda4420f90503dbb60c3d030a6fad53652e45aae18,3,0x74f76825b98e020614a2ab2252db8815eaad1bf7bbea3d669e5ee1bf666840d9,0xca0840578f57fe71599d29375e16783424023357,0xc02aaa39b223fe8d0a0e5c4f27ead9083c756cc2,0x88ad09518695c6c3712ac10a214be5109a655671,700000000000000000,Wrapped Ether,WETH,18,102,436536,39002059332,247550,9029847,deprecated,0x9254c66e,"wrapAndRelayTokens(address _receiver,bytes _data,tuple _account)",11628613,1
13880215,1640513857,0xb802fa952b474349d5f3229bea47f5c4c5a046a4ae41c0099b0346fbdbc7361d,1,0xf142c13e6c4c99341e7d83310813d4f7de5b47ecacda5c051698df72a5d11784,0xca0840578f57fe71599d29375e16783424023357,0xc02aaa39b223fe8d0a0e5c4f27ead9083c756cc2,0x88ad09518695c6c3712ac10a214be5109a655671,500000000000000000,Wrapped Ether,WETH,18,60,431833,45397940564,241717,5166843,deprecated,0x3ace4765,"wrapAndRelayTokens(address _receiver, bytes _data)",11627822,1
13880290,1640514839,0x4d023eecdd9458061def5b091d4418d8d590e001c2843c9f578dabe7bdf08186,6751,0x644df499da6d7533c3230c3158b178c50ca30712cfc84c2d36471a1d11f5d48a,0x88ad09518695c6c3712ac10a214be5109a655671,0xc02aaa39b223fe8d0a0e5c4f27ead9083c756cc2,0xca0840578f57fe71599d29375e16783424023357,100000000000000000,Wrapped Ether,WETH,18,19,1658129,55000000000,273659,1633026,deprecated,0x3f7658fd,"executeSignatures(bytes message, bytes signatures)",11627747,1
13880290,1640514839,0x703d3f4b7ee07408d454c1a96381ced81a53c2ecee99ec3e9bdcf38e5f1319b8,11,0x644df499da6d7533c3230c3158b178c50ca30712cfc84c2d36471a1d11f5d48a,0xca0840578f57fe71599d29375e16783424023357,0xc02aaa39b223fe8d0a0e5c4f27ead9083c756cc2,0x88ad09518695c6c3712ac10a214be5109a655671,47412579966993322,Wrapped Ether,WETH,18,63,436564,39572071592,247538,3424565,deprecated,0x9254c66e,"wrapAndRelayTokens(address _receiver,bytes _data,tuple _account)",11627747,1
13880601,1640519096,0x701f7ec3eec8a9d094a37d9c59f49f3419b58eb5af4a1cf616d9d347a4ad8592,3,0x41173ee43b24eb293c60207bfdc723f04d04f8a76983db364494beda75294e23,0xca0840578f57fe71599d29375e16783424023357,0xc02aaa39b223fe8d0a0e5c4f27ead9083c756cc2,0x88ad09518695c6c3712ac10a214be5109a655671,1000000000000000000,Wrapped Ether,WETH,18,188,431905,44693766680,241765,14924652,deprecated,0x3ace4765,"wrapAndRelayTokens(address _receiver, bytes _data)",11627436,1
13880976,1640523727,0xa60630a9b7d64e9676871a2367d625473bc9d5a545b32d8143bddb27308aa399,1,0x3b4b0445f0b6f86bc230609e117c2b46fc30c6531ac0d8ccf231089574443601,0xca0840578f57fe71599d29375e16783424023357,0xc02aaa39b223fe8d0a0e5c4f27ead9083c756cc2,0x88ad09518695c6c3712ac10a214be5109a655671,52865850927553863,Wrapped Ether,WETH,18,30,431923,42836984145,241777,1781823,deprecated,0x3ace4765,"wrapAndRelayTokens(address _receiver, bytes _data)",11627061,1
13881033,1640524408,0xf8a050286b13edb064d6ff58de1bd958fb299896254270888d9a4be965c0903c,6752,0x48634ba6f42cfa3287e3a982987934cfc35308dc8ebd03a4b7145c935c3ab484,0x88ad09518695c6c3712ac10a214be5109a655671,0xc02aaa39b223fe8d0a0e5c4f27ead9083c756cc2,0xca0840578f57fe71599d29375e16783424023357,50000000000000000,Wrapped Ether,WETH,18,70,1658129,51000000000,273659,5744219,deprecated,0x3f7658fd,"executeSignatures(bytes message, bytes signatures)",11627004,1
13881035,1640524463,0x023d6cdae11bc8f2775a61e743211f6d495f1224dabcd1cc6d10eaefca373a03,6753,0x5f7780e9f27d8f9aec69654632e9f042ceaf90ebf1f4beaf932d730426132443,0x88ad09518695c6c3712ac10a214be5109a655671,0xc02aaa39b223fe8d0a0e5c4f27ead9083c756cc2,0xca0840578f57fe71599d29375e16783424023357,100000000000000000,Wrapped Ether,WETH,18,167,1658153,51000000000,273678,7597043,deprecated,0x3f7658fd,"executeSignatures(bytes message, bytes signatures)",11627002,1
13882292,1640541633,0xb45ba34061d06633ad88e2e2f7629b1af151e43c6b76d42bb384bc542ce434c3,2,0x766c1f8cfa30e056c041c1325e800cbc21efc5d3f0229eb8c38fedc267a820d9,0xca0840578f57fe71599d29375e16783424023357,0xc02aaa39b223fe8d0a0e5c4f27ead9083c756cc2,0x88ad09518695c6c3712ac10a214be5109a655671,304232266423258153,Wrapped Ether,WETH,18,160,431905,69073141873,241765,10868787,deprecated,0x3ace4765,"wrapAndRelayTokens(address _receiver, bytes _data)",11625745,1
13882858,1640549175,0x27a23a35bd3f78340adbcb8232fc7fe7de82389510094c1e030d30efb83abe14,48,0x05a3100dd42cf8f16eb78344e476f2cd898a4d78397c958cff46d3266ede87a2,0xca0840578f57fe71599d29375e16783424023357,0xc02aaa39b223fe8d0a0e5c4f27ead9083c756cc2,0x88ad09518695c6c3712ac10a214be5109a655671,468555239289038581,Wrapped Ether,WETH,18,48,436636,63103691073,247586,8140721,deprecated,0x9254c66e,"wrapAndRelayTokens(address _receiver,bytes _data,tuple _account)",11625179,1
13883546,1640558168,0xbc12c772428ad7adcf16b27740c38491a80b8c9bbc3c712dc6bba3b6d5060664,57,0xe070057522dcd0f1530dee12e42cbcd0a61e90ef72737cbf22830d57c2f137d5,0xca0840578f57fe71599d29375e16783424023357,0xc02aaa39b223fe8d0a0e5c4f27ead9083c756cc2,0x88ad09518695c6c3712ac10a214be5109a655671,100000000000000000,Wrapped Ether,WETH,18,19,431923,60159813971,241777,1888338,deprecated,0x3ace4765,"wrapAndRelayTokens(address _receiver, bytes _data)",11624491,1
13883660,1640559661,0x611aef3431f10a0a4b55537969d6a3696c2e1c07476d991de62aca3f3d589a9c,6754,0x7d984bb41de08e701f3031e63f44ea162fdafd10596ab37c12d7796ddca52ed3,0x88ad09518695c6c3712ac10a214be5109a655671,0xc02aaa39b223fe8d0a0e5c4f27ead9083c756cc2,0xca0840578f57fe71599d29375e16783424023357,98900000000000000,Wrapped Ether,WETH,18,32,1658141,105000000000,273668,1417742,deprecated,0x3f7658fd,"executeSignatures(bytes message, bytes signatures)",11624377,1
13884012,1640564498,0xafca26b101b5713074622449cfb9094c2080642a4e871b2b683725a00fea41ba,2,0x80e850a96dc93cf8b4fbde4a73507fbacf6e7efd8d45e39168abe5e1b6c96ed3,0xca0840578f57fe71599d29375e16783424023357,0xc02aaa39b223fe8d0a0e5c4f27ead9083c756cc2,0x88ad09518695c6c3712ac10a214be5109a655671,100000000000000000,Wrapped Ether,WETH,18,64,463000,71974424591,264614,4246319,deprecated,0x9254c66e,"wrapAndRelayTokens(address _receiver,bytes _data,tuple _account)",11624025,1
13884657,1640572900,0x2542b06511879f9a6fc58a7a59234ac69303cc31cbe43d8806e597bef4f278a5,6755,0xba24d38f7076de24cc7bf27d7feee6ad12f5d7eed8c96327cd5c096d70998dac,0x88ad09518695c6c3712ac10a214be5109a655671,0xc02aaa39b223fe8d0a0e5c4f27ead9083c756cc2,0xca0840578f57fe71599d29375e16783424023357,100000000000000000,Wrapped Ether,WETH,18,89,1658141,70000000000,287348,7073637,deprecated,0x3f7658fd,"executeSignatures(bytes message, bytes signatures)",11623380,1
13885127,1640579305,0x455187686540b30655f4c16e014efcd58563d9ec0c258990601f28c471788dca,84,0x6e60c2bd4eae043830d1b7fa8da4e91588c068d31ec044e902a39113940ad81d,0xca0840578f57fe71599d29375e16783424023357,0xc02aaa39b223fe8d0a0e5c4f27ead9083c756cc2,0x88ad09518695c6c3712ac10a214be5109a655671,1000000000000000000,Wrapped Ether,WETH,18,57,436546,47391970965,247526,3875579,deprecated,0x9254c66e,"wrapAndRelayTokens(address _receiver,bytes _data,tuple _account)",11622910,1
13885150,1640579585,0x1f06b1f697ee2ab806a8ad5ed70e1a04ee27f4d7eff1e97407de9978ba286085,85,0xabf2e48179c38ebeda688fe641a71a04c9abfc0afebb76311fa72c2ea5b9950a,0xca0840578f57fe71599d29375e16783424023357,0xc02aaa39b223fe8d0a0e5c4f27ead9083c756cc2,0x88ad09518695c6c3712ac10a214be5109a655671,300000000000000000,Wrapped Ether,WETH,18,155,431905,52980122397,241765,9740085,deprecated,0x3ace4765,"wrapAndRelayTokens(address _receiver, bytes _data)",11622887,1
13885325,1640581912,0x1684dc1689258ddd0d588b8c37364543ed5cf7e42a6fef53ec59a09690bad895,6756,0x8353daf4f25aded4e4974ecd07ac0d098e667658132ed7cfee2e0a2bac2f4c3f,0x88ad09518695c6c3712ac10a214be5109a655671,0xc02aaa39b223fe8d0a0e5c4f27ead9083c756cc2,0xca0840578f57fe71599d29375e16783424023357,1000000000000000000,Wrapped Ether,WETH,18,35,1658141,73000000000,273668,1803555,deprecated,0x3f7658fd,"executeSignatures(bytes message, bytes signatures)",11622712,1
13885851,1640589337,0xec63c710589e56cd7bf4614b7384ced11cad8968248f3794bb75f18813f6651b,0,0xe4614149bded54a5cc333e1d9e29fed82057977e1e247c043d090310b1506ef5,0xca0840578f57fe71599d29375e16783424023357,0xc02aaa39b223fe8d0a0e5c4f27ead9083c756cc2,0x88ad09518695c6c3712ac10a214be5109a655671,100000000000000000,Wrapped Ether,WETH,18,169,436564,58802537099,247538,10081429,deprecated,0x9254c66e,"wrapAndRelayTokens(address _receiver,bytes _data,tuple _account)",11622186,1
13885871,1640589632,0xd8ad7d3defe525f1213bee91d8bffba7642ed7e2e864f05b5f4fef41120b625e,71,0x3109830b84fa19b6fb51216fa908bd43ea9ea1961058a60a27d5dde61225bd66,0xca0840578f57fe71599d29375e16783424023357,0xc02aaa39b223fe8d0a0e5c4f27ead9083c756cc2,0x88ad09518695c6c3712ac10a214be5109a655671,400000000000000000,Wrapped Ether,WETH,18,191,431905,54124324089,241765,11602086,deprecated,0x3ace4765,"wrapAndRelayTokens(address _receiver, bytes _data)",11622166,1
13885984,1640591064,0xef1a0152accda6e0081399d07b670a540f0c63e1b84a5fb45d913c897091b0cb,14,0xd7e50ef08eac8c6fed3340eaf76edadfdc1c516544ce6fb0814d5abd632648a9,0xca0840578f57fe71599d29375e16783424023357,0xc02aaa39b223fe8d0a0e5c4f27ead9083c756cc2,0x88ad09518695c6c3712ac10a214be5109a655671,1000000000000000000,Wrapped Ether,WETH,18,16,431833,48699370435,241717,1149298,deprecated,0x3ace4765,"wrapAndRelayTokens(address _receiver, bytes _data)",11622053,1
13885991,1640591146,0xd47a3c3e3a974ba876704e1446de97b1466e947816fda019854b4e856d0f1c88,6757,0x0771c599fe34e6899147be2c19358a023a8174bd1341381390391bbe9bc5ab49,0x88ad09518695c6c3712ac10a214be5109a655671,0xc02aaa39b223fe8d0a0e5c4f27ead9083c756cc2,0xca0840578f57fe71599d29375e16783424023357,300000000000000000,Wrapped Ether,WETH,18,39,1658141,64000000000,253668,3917626,deprecated,0x3f7658fd,"executeSignatures(bytes message, bytes signatures)",11622046,1
13886105,1640592607,0x2dee4b72f0c5e13fa7575f707f3ec3c66d98b484400df27352ec8e3db51e295b,6758,0x3b52a25c59d88de380b98068a5de543f30cf9eaa984004ee42161a8dfa5f60e0,0x88ad09518695c6c3712ac10a214be5109a655671,0xc02aaa39b223fe8d0a0e5c4f27ead9083c756cc2,0xca0840578f57fe71599d29375e16783424023357,500000000000000000,Wrapped Ether,WETH,18,54,1658153,59000000000,273678,2746447,deprecated,0x3f7658fd,"executeSignatures(bytes message, bytes signatures)",11621932,1
13886215,1640594031,0x293d568796a115fd6df9cb6710d742f5652736e7b214abc54a9b4ea566b1b4cb,6759,0xeae7e9f17a9989d49440bf13ae890e49ae4fdd924277e49e8ca06754e80cb246,0x88ad09518695c6c3712ac10a214be5109a655671,0xc02aaa39b223fe8d0a0e5c4f27ead9083c756cc2,0xca0840578f57fe71599d29375e16783424023357,470744829662612500,Wrapped Ether,WETH,18,16,1658165,64000000000,273688,1444857,deprecated,0x3f7658fd,"executeSignatures(bytes message, bytes signatures)",11621822,1
13887473,1640610224,0xec150016fdcdeeaf4e892c10ee76fd619e13541694e9dfe745780b14bfce8c99,6760,0x3ed6746cb6811059d2de5ec40676ea9963e7835f0ec221885c635cfd129b0c6d,0x88ad09518695c6c3712ac10a214be5109a655671,0xc02aaa39b223fe8d0a0e5c4f27ead9083c756cc2,0xca0840578f57fe71599d29375e16783424023357,109236591877512585,Wrapped Ether,WETH,18,49,1658153,57000000000,253678,3699352,deprecated,0x3f7658fd,"executeSignatures(bytes message, bytes signatures)",11620564,1
13887903,1640615978,0x96f8ba389220507ef849fe879a116ba53a1c922d7d6c197a8f27beefa06b2f4b,6761,0xab388a504a955aa07cac3aea27f9a0da7c442133a2456a9514d47e45616303b6,0x88ad09518695c6c3712ac10a214be5109a655671,0xc02aaa39b223fe8d0a0e5c4f27ead9083c756cc2,0xca0840578f57fe71599d29375e16783424023357,500000000000000000,Wrapped Ether,WETH,18,57,1658153,81000000000,273678,4195809,deprecated,0x3f7658fd,"executeSignatures(bytes message, bytes signatures)",11620134,1
13888986,1640631278,0x3cca781fe9d1fb421d41ce48153a884f2315a5d29ea5a104f0c7ea798dc938ba,6762,0xe153300b233251fb2f961f2f1eda567289261ddbd9e26276b03989accca5ff44,0x88ad09518695c6c3712ac10a214be5109a655671,0xc02aaa39b223fe8d0a0e5c4f27ead9083c756cc2,0xca0840578f57fe71599d29375e16783424023357,100000000000000000,Wrapped Ether,WETH,18,46,1658141,123000000000,273668,4846252,deprecated,0x3f7658fd,"executeSignatures(bytes message, bytes signatures)",11619051,1
13889372,1640636664,0xa818b3d43acb01b1a62c6df23132e7fe7d2c86c9b5d238e28092b8fef2318fd0,0,0x04b99d1fab0bee2d37641880a32f4f21fc73aeb943e0728280bfc54864237399,0xca0840578f57fe71599d29375e16783424023357,0xc02aaa39b223fe8d0a0e5c4f27ead9083c756cc2,0x88ad09518695c6c3712ac10a214be5109a655671,241973080000000000,Wrapped Ether,WETH,18,82,436564,113256950559,247538,4352975,deprecated,0x9254c66e,"wrapAndRelayTokens(address _receiver,bytes _data,tuple _account)",11618665,1
13889422,1640637187,0x2d60f54530d33dcd866485531d0906052d327a2a5ebf718137f814a79639f84d,540,0x92756d6820b658a09bc4cd3ab1dd1fd46c59a4d7d3b0f220ec29ee64dfbcd87d,0xca0840578f57fe71599d29375e16783424023357,0xc02aaa39b223fe8d0a0e5c4f27ead9083c756cc2,0x88ad09518695c6c3712ac10a214be5109a655671,1000000000000000000,Wrapped Ether,WETH,18,188,436600,69122170248,247562,12795184,deprecated,0x9254c66e,"wrapAndRelayTokens(address _receiver,bytes _data,tuple _account)",11618615,1
13889449,1640637417,0xb430d3d4b352badec5edc6716278d5f71f0965e9a34928d8a5e5502773e7dfec,1922,0xeb611601189e95cb6df3249545745e038fbc05ddae383d2dfb260b218dfb5685,0xca0840578f57fe71599d29375e16783424023357,0xc02aaa39b223fe8d0a0e5c4f27ead9083c756cc2,0x88ad09518695c6c3712ac10a214be5109a655671,1000000000000000000,Wrapped Ether,WETH,18,76,431905,78647809108,241765,4852696,deprecated,0x3ace4765,"wrapAndRelayTokens(address _receiver, bytes _data)",11618588,1
13889495,1640637947,0x6f820128efc3fed7b66fc385c68048755fdcbcb8adbd3c44c08fa151bb1bccb5,6763,0x962e1318a06a029a353e6c74d7ce46b00719600d5ba3a3cc9af23d72a91b2c01,0x88ad09518695c6c3712ac10a214be5109a655671,0xc02aaa39b223fe8d0a0e5c4f27ead9083c756cc2,0xca0840578f57fe71599d29375e16783424023357,100000000000000000,Wrapped Ether,WETH,18,6,1658153,123000000000,273678,1038790,deprecated,0x3f7658fd,"executeSignatures(bytes message, bytes signatures)",11618542,1
13889504,1640638068,0xa1837cb5dc3ff71f74334e8cd02be522a39ece5a566916cda03423b5b4d88a2b,6764,0x50ac1d07596d943b7fda686ebc2baa47848efa8883c4730c988e3edcd621267a,0x88ad09518695c6c3712ac10a214be5109a655671,0xc02aaa39b223fe8d0a0e5c4f27ead9083c756cc2,0xca0840578f57fe71599d29375e16783424023357,500000000000000000,Wrapped Ether,WETH,18,2,1658153,123000000000,253678,518844,deprecated,0x3f7658fd,"executeSignatures(bytes message, bytes signatures)",11618533,1
13889524,1640638391,0xaffd594ebc1a71459d11bd1779f75d1abf8e9938da01ee153191e3f80f4f5e4f,6765,0x1735029099c9fdcf0e392afce2a1c897a11d33ce92fc3fe2ecd24c4b2b9f38d3,0x88ad09518695c6c3712ac10a214be5109a655671,0xc02aaa39b223fe8d0a0e5c4f27ead9083c756cc2,0xca0840578f57fe71599d29375e16783424023357,100000000000000000,Wrapped Ether,WETH,18,23,1658153,123000000000,253678,2170221,deprecated,0x3f7658fd,"executeSignatures(bytes message, bytes signatures)",11618513,1
13889601,1640639335,0xb2906d77c193de4379a13724ca9cb7ef5e67c9081fae418ebe0c9b2f35e82a44,24,0x3d537894ec625be530ffe37889a14ceebabb5ce31376c656d48fdcf4a21acc6b,0xca0840578f57fe71599d29375e16783424023357,0xc02aaa39b223fe8d0a0e5c4f27ead9083c756cc2,0x88ad09518695c6c3712ac10a214be5109a655671,250000000000000000,Wrapped Ether,WETH,18,77,431959,75657575963,241801,4460458,deprecated,0x3ace4765,"wrapAndRelayTokens(address _receiver, bytes _data)",11618436,1
13889624,1640639666,0x204923b575fbe181ed7ac13cafb6ed32009a253c395756f38198ff254b1f1924,6766,0x22418cb0df1e2afb74d320b6491d854ec4d323aa629d8d743344f34eca23d2a0,0x88ad09518695c6c3712ac10a214be5109a655671,0xc02aaa39b223fe8d0a0e5c4f27ead9083c756cc2,0xca0840578f57fe71599d29375e16783424023357,476317241814743627,Wrapped Ether,WETH,18,162,1658177,106000000000,253697,6477624,deprecated,0x3f7658fd,"executeSignatures(bytes message, bytes signatures)",11618413,1
13889785,1640641612,0x1ee12c33191542da49d618242dc74442d517b6e2945c1042d818f045b173d826,8214,0xd47dd58edcd49d9c3167df056fa510d84553a79f29a8d43c2c4b16bf71497529,0xca0840578f57fe71599d29375e16783424023357,0xc02aaa39b223fe8d0a0e5c4f27ead9083c756cc2,0x88ad09518695c6c3712ac10a214be5109a655671,1000000000000000000,Wrapped Ether,WETH,18,103,436528,81798706600,247514,5117402,deprecated,0x9254c66e,"wrapAndRelayTokens(address _receiver,bytes _data,tuple _account)",11618252,1
13889998,1640644280,0x2b73b7c1eb1cc7f64e31d4a9da72757bf5270180c63fcfc71559b7a0cbd1757f,184,0xf4469c0fe825872965d82bd8fbefc81017881102a032136f0ed407629fb098ff,0xca0840578f57fe71599d29375e16783424023357,0xc02aaa39b223fe8d0a0e5c4f27ead9083c756cc2,0x88ad09518695c6c3712ac10a214be5109a655671,1000000000000000000,Wrapped Ether,WETH,18,89,431869,52257882730,241741,7702824,deprecated,0x3ace4765,"wrapAndRelayTokens(address _receiver, bytes _data)",11618039,1
13890438,1640650370,0xd21918c9dde73bf0ae4671f4e6d586826285534227fb4ee08b6391bbaf8f9f9b,0,0x1097a0c64e357be3457ebbaed3f5802dff9c9d834f1629aa10da1e6225353504,0xca0840578f57fe71599d29375e16783424023357,0xc02aaa39b223fe8d0a0e5c4f27ead9083c756cc2,0x88ad09518695c6c3712ac10a214be5109a655671,1000000000000000000,Wrapped Ether,WETH,18,52,463072,158933528456,264662,2734383,deprecated,0x9254c66e,"wrapAndRelayTokens(address _receiver,bytes _data,tuple _account)",11617599,1
13890469,1640650751,0xdeeed2ebbcd6eff2b3acf18f1b550c7c4ee72888234aac7137a318cd6a720224,1,0x9019c27cdd9f4901bedb0f513dd95814c1a0360dd52449bad72541551a52c3b4,0xca0840578f57fe71599d29375e16783424023357,0xc02aaa39b223fe8d0a0e5c4f27ead9083c756cc2,0x88ad09518695c6c3712ac10a214be5109a655671,1000000000000000000,Wrapped Ether,WETH,18,15,431887,116569226312,241753,1825883,deprecated,0x3ace4765,"wrapAndRelayTokens(address _receiver, bytes _data)",11617568,1
13890500,1640651116,0x32c8dbe131f15c63b68857cffa4a16055a75d093aadef145c1fd8faf63ed828e,1,0x0a9236f9ccf4cd22f7585f960a3ada793a01cd04a9a010b640e52c2185e607c8,0xca0840578f57fe71599d29375e16783424023357,0xc02aaa39b223fe8d0a0e5c4f27ead9083c756cc2,0x88ad09518695c6c3712ac10a214be5109a655671,140457384491778128,Wrapped Ether,WETH,18,32,431977,104268306461,241813,4557668,deprecated,0x3ace4765,"wrapAndRelayTokens(address _receiver, bytes _data)",11617537,1
13890511,1640651263,0x5225136a2f149c8a32269c8cc49de4cdb61c146d3b967e5595e530703cf04831,6767,0xfd37f10960f3d1035764551c8e2a68dd0a2b0147ec99701961ce67aace499c4f,0x88ad09518695c6c3712ac10a214be5109a655671,0xc02aaa39b223fe8d0a0e5c4f27ead9083c756cc2,0xca0840578f57fe71599d29375e16783424023357,500000000000000000,Wrapped Ether,WETH,18,7,1658141,156000000000,267348,734687,deprecated,0x3f7658fd,"executeSignatures(bytes message, bytes signatures)",11617526,1
13890539,1640651589,0xe048feb22dd43544a6d3ad13d335670c78f070c633b1b8ace67ebb3f972eb1fa,6768,0xaf10c4658f5902a153e96a0d357660792e6bd54ad290d564696dec4ad17c0616,0x88ad09518695c6c3712ac10a214be5109a655671,0xc02aaa39b223fe8d0a0e5c4f27ead9083c756cc2,0xca0840578f57fe71599d29375e16783424023357,300000000000000000,Wrapped Ether,WETH,18,20,1658141,156000000000,253668,1291905,deprecated,0x3f7658fd,"executeSignatures(bytes message, bytes signatures)",11617498,1
13890541,1640651655,0xb08b8b0c5a7466b9a7c5321f6846d82ca4190a2c39db76ecdaac94f22da125a6,6769,0x6f0a36aec6b37bc54a32542a4d683f28879a61dc04ebfa80e771f6c4b0d44500,0x88ad09518695c6c3712ac10a214be5109a655671,0xc02aaa39b223fe8d0a0e5c4f27ead9083c756cc2,0xca0840578f57fe71599d29375e16783424023357,500000000000000000,Wrapped Ether,WETH,18,9,1658129,223000000000,273659,869862,deprecated,0x3f7658fd,"executeSignatures(bytes message, bytes signatures)",11617496,1
13890566,1640651994,0xfefb13709387c5f48ccd0c57aac6917bcbc5d5edf442b58cb7aa478370634f5f,6770,0x82fa1453b881d99cbf93f4b30efea4e82795667f9dd3cf261da95b85e8fcbbf8,0x88ad09518695c6c3712ac10a214be5109a655671,0xc02aaa39b223fe8d0a0e5c4f27ead9083c756cc2,0xca0840578f57fe71599d29375e16783424023357,500000000000000000,Wrapped Ether,WETH,18,8,1658153,223000000000,273678,1075106,deprecated,0x3f7658fd,"executeSignatures(bytes message, bytes signatures)",11617471,1
13890597,1640652391,0xadfe567b21a73a9a68064975f7ff99a0af3a3eca164891d1f5f9535e1e2c1803,6771,0x69ecf0cce694ca7178d8ae5e20204b1a57fe6b1a134898958d59217676008dd1,0x88ad09518695c6c3712ac10a214be5109a655671,0xc02aaa39b223fe8d0a0e5c4f27ead9083c756cc2,0xca0840578f57fe71599d29375e16783424023357,100000000000000000,Wrapped Ether,WETH,18,13,1658129,153000000000,253659,941059,deprecated,0x3f7658fd,"executeSignatures(bytes message, bytes signatures)",11617440,1
13891731,1640667760,0x8da2c42397ab0563f4937f836eaaec86af4d2fe856b173fdbeba5e1e30dc921a,6772,0xa9856eaa079333c5bd53955050a9ffd29e9a01b430d7b9db5082718b34470ab4,0x88ad09518695c6c3712ac10a214be5109a655671,0xc02aaa39b223fe8d0a0e5c4f27ead9083c756cc2,0xca0840578f57fe71599d29375e16783424023357,220000000000000000,Wrapped Ether,WETH,18,43,1658117,116000000000,273649,4216735,deprecated,0x3f7658fd,"executeSignatures(bytes message, bytes signatures)",11616306,1
13891915,1640670283,0x136a88e5da54ab217cb836f5ab257986d63af44f2215a56f42006a20208f9337,6,0x6029a7939d2b5d3099f1229d268bbebb3602e037e56f4fcd7312d36fc2a8a2d3,0xca0840578f57fe71599d29375e16783424023357,0xc02aaa39b223fe8d0a0e5c4f27ead9083c756cc2,0x88ad09518695c6c3712ac10a214be5109a655671,55841367321142208,Wrapped Ether,WETH,18,146,436510,68536977629,247502,7838674,deprecated,0x9254c66e,"wrapAndRelayTokens(address _receiver,bytes _data,tuple _account)",11616122,1
13891937,1640670612,0x90e30b4dfaaf80f7b17e7db41f92442c7df375615ced89247606e6813728535a,2,0xdd246cc244df41e913b1ff140da952cf3f251135524b22d40b2594f3ac199b7c,0xca0840578f57fe71599d29375e16783424023357,0xc02aaa39b223fe8d0a0e5c4f27ead9083c756cc2,0x88ad09518695c6c3712ac10a214be5109a655671,193531579666327703,Wrapped Ether,WETH,18,304,431977,84748445798,241813,22165093,deprecated,0x3ace4765,"wrapAndRelayTokens(address _receiver, bytes _data)",11616100,1
13891978,1640671207,0xf8960d799ff26990d8ff45d781800ce968b437ee1d703f96299e68ec367fe086,6773,0xeead5038860f0118574c33de5908d671b11436558a69e174dd8439395aaed5ad,0x88ad09518695c6c3712ac10a214be5109a655671,0xc02aaa39b223fe8d0a0e5c4f27ead9083c756cc2,0xca0840578f57fe71599d29375e16783424023357,100000000000000000,Wrapped Ether,WETH,18,66,1658141,111000000000,273668,6587068,deprecated,0x3f7658fd,"executeSignatures(bytes message, bytes signatures)",11616059,1
13893033,1640685178,0x10fef3bb09824faf8565eb8e7156ee92410f3f16f58ec1b8a21b4bb3f759a139,276,0x1d15687dd10fdb002fe43abcf5abf81ae75c7c84b92517de2174e1d1bd08c1bb,0xca0840578f57fe71599d29375e16783424023357,0xc02aaa39b223fe8d0a0e5c4f27ead9083c756cc2,0x88ad09518695c6c3712ac10a214be5109a655671,715274734114896047,Wrapped Ether,WETH,18,95,431941,56657691674,241789,5211100,deprecated,0x3ace4765,"wrapAndRelayTokens(address _receiver, bytes _data)",11615004,1
13893127,1640686536,0x929a1dd9399262aafdf80fb5801a756dfca60d261b629ca4c1946f7f669d3f31,6774,0x0474b5b249c11ce1956b973c483f2d709e4da632657817b7ebc1974864cad1e8,0x88ad09518695c6c3712ac10a214be5109a655671,0xc02aaa39b223fe8d0a0e5c4f27ead9083c756cc2,0xca0840578f57fe71599d29375e16783424023357,500000000000000000,Wrapped Ether,WETH,18,20,1658129,83000000000,273659,1459035,deprecated,0x3f7658fd,"executeSignatures(bytes message, bytes signatures)",11614910,1
13893161,1640686915,0xbc7dd8b53e3b3f0bd8b364ef390b8f5415bfa804f2786b75fc0014aec6bf8063,6775,0xf444b350f56dfd0f8b3f92011b8659ec0ac8393c30bae7b18f0dba413d789056,0x88ad09518695c6c3712ac10a214be5109a655671,0xc02aaa39b223fe8d0a0e5c4f27ead9083c756cc2,0xca0840578f57fe71599d29375e16783424023357,100000000000000000,Wrapped Ether,WETH,18,11,1658117,83000000000,253649,882292,deprecated,0x3f7658fd,"executeSignatures(bytes message, bytes signatures)",11614876,1
13893274,1640688342,0x8ddf7be43731ad33159050a55c24bbdca40772d4dd883f9dcd4b1cf921272d88,6776,0x947ba80dcde512b60e86b10f9447e278f1661f0d92464a110ac628da1b2b7a5d,0x88ad09518695c6c3712ac10a214be5109a655671,0xc02aaa39b223fe8d0a0e5c4f27ead9083c756cc2,0xca0840578f57fe71599d29375e16783424023357,100000000000000000,Wrapped Ether,WETH,18,10,1658117,77000000000,253649,532840,deprecated,0x3f7658fd,"executeSignatures(bytes message, bytes signatures)",11614763,1
13893296,1640688629,0xffcef41e6e5fd942a006db02f7b8eceb0aaf158f7b303b0556c87024b487ae95,9,0x38b715bef9ac40d99012dafb297ff1bf5de5a1c1d7c13da5bdd9d4305292817f,0xca0840578f57fe71599d29375e16783424023357,0xc02aaa39b223fe8d0a0e5c4f27ead9083c756cc2,0x88ad09518695c6c3712ac10a214be5109a655671,200000000000000000,Wrapped Ether,WETH,18,75,431923,53123253273,241777,4218259,deprecated,0x3ace4765,"wrapAndRelayTokens(address _receiver, bytes _data)",11614741,1
13893860,1640696117,0x905837f11998d25614f71372dc3a525d8818c778fcdd143fa8703bff4f397fd3,1868,0xa0cad0acfe19b5199ea2f835af39843472470c3a6407aad5091152912e4f3c25,0xca0840578f57fe71599d29375e16783424023357,0xc02aaa39b223fe8d0a0e5c4f27ead9083c756cc2,0x88ad09518695c6c3712ac10a214be5109a655671,1000000000000000000,Wrapped Ether,WETH,18,213,431887,87374482480,241753,14903082,deprecated,0x3ace4765,"wrapAndRelayTokens(address _receiver, bytes _data)",11614177,1
13893958,1640697411,0xd7e5048cffcd6c74e52f261192eea386ea69a123d8027d8d0d650ca78f7cd30c,96,0x1c7288eeaaa819b74b456f7337824e6202e2ab0ca140a8353e90c990d34413a3,0xca0840578f57fe71599d29375e16783424023357,0xc02aaa39b223fe8d0a0e5c4f27ead9083c756cc2,0x88ad09518695c6c3712ac10a214be5109a655671,75000000000000000,Wrapped Ether,WETH,18,167,431923,92485830159,241777,8625452,deprecated,0x3ace4765,"wrapAndRelayTokens(address _receiver, bytes _data)",11614079,1
13894096,1640699454,0x9b495b69d0b82b424bac8a1c148565fb3ee5ad19da9922f6f6ec2beb9605c013,6777,0x60b18febbf2f7f40de02507be1d08369f9d4fed13188801d030ff53b42ebc0a2,0x88ad09518695c6c3712ac10a214be5109a655671,0xc02aaa39b223fe8d0a0e5c4f27ead9083c756cc2,0xca0840578f57fe71599d29375e16783424023357,100000000000000000,Wrapped Ether,WETH,18,231,1658141,99000000000,253668,11086589,deprecated,0x3f7658fd,"executeSignatures(bytes message, bytes signatures)",11613941,1
13894479,1640704576,0xc965e694d914a2fdee3e1a4f7457bbfd8046159a1ec27ec03d437d1f933bbbbb,6778,0xfb8873a2e0f2c2c92ab601441e01cdb7bc5624864507c50b621ec5443be967ab,0x88ad09518695c6c3712ac10a214be5109a655671,0xc02aaa39b223fe8d0a0e5c4f27ead9083c756cc2,0xca0840578f57fe71599d29375e16783424023357,1000000000000000000,Wrapped Ether,WETH,18,68,1658153,90000000000,273678,8542359,deprecated,0x3f7658fd,"executeSignatures(bytes message, bytes signatures)",11613558,1
13894525,1640705136,0x314fbe1ac4acc417c5721dba68e78d9dc013bfe506c5d8fec40ce0f891e7d0bf,1869,0x246267e3a9a1230de529f6e92c2f6b6fc08168f35ef3c3633d649435582be66b,0xca0840578f57fe71599d29375e16783424023357,0xc02aaa39b223fe8d0a0e5c4f27ead9083c756cc2,0x88ad09518695c6c3712ac10a214be5109a655671,1000000000000000000,Wrapped Ether,WETH,18,65,431869,81674064665,241741,4775118,deprecated,0x3ace4765,"wrapAndRelayTokens(address _receiver, bytes _data)",11613512,1
13894574,1640705764,0x9f0f8f18c1e2f330e7c8bbc3046a09a44382c0af355310924bc18d6f118fc981,46,0x981072731daf397656ca9b7e7b9f627da3be1bcfe03ae085ea9f24354d2eee12,0xca0840578f57fe71599d29375e16783424023357,0xc02aaa39b223fe8d0a0e5c4f27ead9083c756cc2,0x88ad09518695c6c3712ac10a214be5109a655671,100000000000000000,Wrapped Ether,WETH,18,298,431941,82731849445,241789,20572790,deprecated,0x3ace4765,"wrapAndRelayTokens(address _receiver, bytes _data)",11613463,1
13894588,1640706032,0x0ea94d50e193fb822a42078b621ec64e74a7d5ea4f5f6302780aa2ef3d48f583,0,0xa1c34a29ff3eef51ffea35c19b215adb99f59d8bbc5617d0bd7630a2ad5e64c3,0xca0840578f57fe71599d29375e16783424023357,0xc02aaa39b223fe8d0a0e5c4f27ead9083c756cc2,0x88ad09518695c6c3712ac10a214be5109a655671,200000000000000000,Wrapped Ether,WETH,18,78,436546,101000000000,247526,4557407,deprecated,0x9254c66e,"wrapAndRelayTokens(address _receiver,bytes _data,tuple _account)",11613449,1
13894702,1640707601,0x6daf3fb5eb5fe131cd826b53d58fdab156085f8efd87f8cc5ce230802a2117e8,6779,0x3bc5b59fde344784719e5d77182f61faeb67e7da13d61f418ab8556c9c4d9469,0x88ad09518695c6c3712ac10a214be5109a655671,0xc02aaa39b223fe8d0a0e5c4f27ead9083c756cc2,0xca0840578f57fe71599d29375e16783424023357,97016292455341124,Wrapped Ether,WETH,18,15,1658153,101000000000,273678,2344588,deprecated,0x3f7658fd,"executeSignatures(bytes message, bytes signatures)",11613335,1
13894776,1640708614,0x61075a4934d754667d15e4a9dbae0fca511a0fa8f00557250994b63f9fe19de2,495,0x94d3bab3fa452ab3662205149647bbff766213f2427706809c0b1daad9a8f91a,0xca0840578f57fe71599d29375e16783424023357,0xc02aaa39b223fe8d0a0e5c4f27ead9083c756cc2,0x88ad09518695c6c3712ac10a214be5109a655671,1000000000000000000,Wrapped Ether,WETH,18,54,431941,98482175686,241789,3849141,deprecated,0x3ace4765,"wrapAndRelayTokens(address _receiver, bytes _data)",11613261,1
13894777,1640708626,0x28871dfda47ad5cbdfae7b6953d9672f17cc960185c5cd05f46758dd5a46852d,86,0x34334ceaa8b02dbe9a07145e9c6dc9c8777fee84fadbe344cd84dc4c0f06b5de,0xca0840578f57fe71599d29375e16783424023357,0xc02aaa39b223fe8d0a0e5c4f27ead9083c756cc2,0x88ad09518695c6c3712ac10a214be5109a655671,1000000000000000000,Wrapped Ether,WETH,18,188,431905,99986668436,241765,14428827,deprecated,0x3ace4765,"wrapAndRelayTokens(address _receiver, bytes _data)",11613260,1
13894828,1640709228,0x23196641022c354dc966c201cdf94ebd9b0e5450201b63be2d7ff37d00c4eeca,6780,0x54a993df730ef45c5a2c19a90a351148e968933afca0da070e0d40e1f28a3824,0x88ad09518695c6c3712ac10a214be5109a655671,0xc02aaa39b223fe8d0a0e5c4f27ead9083c756cc2,0xca0840578f57fe71599d29375e16783424023357,300000000000000000,Wrapped Ether,WETH,18,11,1658153,121000000000,253678,1431764,deprecated,0x3f7658fd,"executeSignatures(bytes message, bytes signatures)",11613209,1
13894838,1640709363,0xd1ad109d96b4810cb5444dc7e788f72d1df7e0ebfb89b6c689c4ab9d2618142b,116,0xa3b72a0fa82a963cc65444a60e0cff67664539544607a569cfea2cc97f30cc72,0xca0840578f57fe71599d29375e16783424023357,0xc02aaa39b223fe8d0a0e5c4f27ead9083c756cc2,0x88ad09518695c6c3712ac10a214be5109a655671,1000000000000000000,Wrapped Ether,WETH,18,114,431905,88048762983,241765,8364884,deprecated,0x3ace4765,"wrapAndRelayTokens(address _receiver, bytes _data)",11613199,1
13894840,1640709371,0x256618a9fc8b7d2724bba84aac75850d2dea52807bc2bd9c5228b1ed39495c52,91,0x92bf5cb8c5799aa91e2bdd1b6508233b8a9681f1bd8fe6bec1e2901a247b3c6d,0xca0840578f57fe71599d29375e16783424023357,0xc02aaa39b223fe8d0a0e5c4f27ead9083c756cc2,0x88ad09518695c6c3712ac10a214be5109a655671,1000000000000000000,Wrapped Ether,WETH,18,20,431923,85082496327,241777,1115024,deprecated,0x3ace4765,"wrapAndRelayTokens(address _receiver, bytes _data)",11613197,1
13894890,1640709985,0xa98fe421e03be7a04146cfe6b4b7ab10adde32e48b0c241f96e6752ad569b646,6781,0x11b0fb72b7b5a2963ecdcb0d974b7070bcb2c479e29bb39c41b20b550c08576a,0x88ad09518695c6c3712ac10a214be5109a655671,0xc02aaa39b223fe8d0a0e5c4f27ead9083c756cc2,0xca0840578f57fe71599d29375e16783424023357,100000000000000000,Wrapped Ether,WETH,18,36,1658153,122000000000,273678,2838736,deprecated,0x3f7658fd,"executeSignatures(bytes message, bytes signatures)",11613147,1
13894911,1640710332,0xf9decc91f31d00d06f66200fa58f8834991bb8bcac9d06984ed5ee228b69ad7a,6782,0x839f55770131fcdac014619f4f8c218bec61e0ee36078cc5f33855eeb0f28d1f,0x88ad09518695c6c3712ac10a214be5109a655671,0xc02aaa39b223fe8d0a0e5c4f27ead9083c756cc2,0xca0840578f57fe71599d29375e16783424023357,500000000000000000,Wrapped Ether,WETH,18,40,1658141,122000000000,253668,2725577,deprecated,0x3f7658fd,"executeSignatures(bytes message, bytes signatures)",11613126,1
13894919,1640710456,0xc3f71d46d1199e50a7b7df96f61cbf868cbff540638917d555680566c96e3f06,6783,0x6b53c7e8f6101f2d68e0153bea74ace1495e84171a182de249d259be2a6c08e4,0x88ad09518695c6c3712ac10a214be5109a655671,0xc02aaa39b223fe8d0a0e5c4f27ead9083c756cc2,0xca0840578f57fe71599d29375e16783424023357,300000000000000000,Wrapped Ether,WETH,18,82,1658153,120000000000,253678,3965692,deprecated,0x3f7658fd,"executeSignatures(bytes message, bytes signatures)",11613118,1
13894934,1640710631,0x33ea2f0f03ac78f2dff8912e417d50b0b5026fb7b2406f59ecc1f1c7f9d998c8,6784,0xbde6e33d69f066d19576a91550e968685132686f1518a6a3a04f757e4c5d3406,0x88ad09518695c6c3712ac10a214be5109a655671,0xc02aaa39b223fe8d0a0e5c4f27ead9083c756cc2,0xca0840578f57fe71599d29375e16783424023357,300000000000000000,Wrapped Ether,WETH,18,84,1658141,120000000000,253668,7618984,deprecated,0x3f7658fd,"executeSignatures(bytes message, bytes signatures)",11613103,1
13895084,1640712543,0x1ef011d25f4f4c99b847f68d777c6a98eff16b6ead4f2379a9508ec3d7c08f3e,6785,0x5ac5aa2be460feba0306f6e93f284284c705ad75f7489dddb9f875d988a2fd06,0x88ad09518695c6c3712ac10a214be5109a655671,0xc02aaa39b223fe8d0a0e5c4f27ead9083c756cc2,0xca0840578f57fe71599d29375e16783424023357,50000000000000000,Wrapped Ether,WETH,18,8,1658129,451000000000,253659,1488494,deprecated,0x3f7658fd,"executeSignatures(bytes message, bytes signatures)",11612953,1
13895103,1640712806,0xb57dda389ceeea0d2345cb12ae429a98909f128f9db41f41e3833a72539abfda,6786,0xead35abfd13fecdb6a4961baec21aa2eec8ad428ecb5e6fd871538c10a0ac94b,0x88ad09518695c6c3712ac10a214be5109a655671,0xc02aaa39b223fe8d0a0e5c4f27ead9083c756cc2,0xca0840578f57fe71599d29375e16783424023357,75000000000000000,Wrapped Ether,WETH,18,166,1658165,288000000000,253688,7645760,deprecated,0x3f7658fd,"executeSignatures(bytes message, bytes signatures)",11612934,1
13895103,1640712806,0xc54e0ca38706dd16c7c661f7adbb68c98142ea01ec6b1b4865b9d01e48d9cb8f,6787,0xead35abfd13fecdb6a4961baec21aa2eec8ad428ecb5e6fd871538c10a0ac94b,0x88ad09518695c6c3712ac10a214be5109a655671,0xc02aaa39b223fe8d0a0e5c4f27ead9083c756cc2,0xca0840578f57fe71599d29375e16783424023357,300000000000000000,Wrapped Ether,WETH,18,167,1658117,288000000000,273649,7919409,deprecated,0x3f7658fd,"executeSignatures(bytes message, bytes signatures)",11612934,1
13895103,1640712806,0x6845e1df84482eb7c5c87672c84cff0b8ecc2d5ace5ce8b41b09205d7bac8b43,6788,0xead35abfd13fecdb6a4961baec21aa2eec8ad428ecb5e6fd871538c10a0ac94b,0x88ad09518695c6c3712ac10a214be5109a655671,0xc02aaa39b223fe8d0a0e5c4f27ead9083c756cc2,0xca0840578f57fe71599d29375e16783424023357,100000000000000000,Wrapped Ether,WETH,18,168,1658153,288000000000,273678,8193087,deprecated,0x3f7658fd,"executeSignatures(bytes message, bytes signatures)",11612934,1
13895103,1640712806,0xbbac47ca732fa4107c58af549d799ed19cfa135eb3f31c01256c0ac3c2bef6ed,6789,0xead35abfd13fecdb6a4961baec21aa2eec8ad428ecb5e6fd871538c10a0ac94b,0x88ad09518695c6c3712ac10a214be5109a655671,0xc02aaa39b223fe8d0a0e5c4f27ead9083c756cc2,0xca0840578f57fe71599d29375e16783424023357,1000000000000000000,Wrapped Ether,WETH,18,169,1658117,451000000000,253649,8446736,deprecated,0x3f7658fd,"executeSignatures(bytes message, bytes signatures)",11612934,1
13895143,1640713270,0xbdfd9148292fe4337e18f6f02f8cd12be1cdc0361764b751639991b6e3952260,6790,0x9daf005eb0df0d1cb794b89f502ba2f21b7c95ed72b070ef2ce9480513ffbd02,0x88ad09518695c6c3712ac10a214be5109a655671,0xc02aaa39b223fe8d0a0e5c4f27ead9083c756cc2,0xca0840578f57fe71599d29375e16783424023357,1000000000000000000,Wrapped Ether,WETH,18,33,1658105,378000000000,253640,3080000,deprecated,0x3f7658fd,"executeSignatures(bytes message, bytes signatures)",11612894,1
13895198,1640714034,0x7c990f9f47c871a1e77d3f9b9b0bbfe7a0e7436c064d8ea6193b34fd3d55b038,6791,0xe2d3e361ffa728b49d0a9d656bd7c1ea26a51190915f7834c66b3f6ffc5a9663,0x88ad09518695c6c3712ac10a214be5109a655671,0xc02aaa39b223fe8d0a0e5c4f27ead9083c756cc2,0xca0840578f57fe71599d29375e16783424023357,300000000000000000,Wrapped Ether,WETH,18,13,1658141,374000000000,253668,2243551,deprecated,0x3f7658fd,"executeSignatures(bytes message, bytes signatures)",11612839,1
13895212,1640714322,0xf4eb7859a645f3c39da91c5cc01574632439e79486533388d2646caddd9589b2,6792,0x2ba3e54e6090f080191f01904af769b029c389f7a8d6771f58d139cc293c14f2,0x88ad09518695c6c3712ac10a214be5109a655671,0xc02aaa39b223fe8d0a0e5c4f27ead9083c756cc2,0xca0840578f57fe71599d29375e16783424023357,300000000000000000,Wrapped Ether,WETH,18,46,1658141,374000000000,273668,4002676,deprecated,0x3f7658fd,"executeSignatures(bytes message, bytes signatures)",11612825,1
13895384,1640716436,0x48ed01523706a44082727e6602a541fdfd4845f70e4a22aac500a023ff79ec90,6793,0x5ef0c0824aeb81fd7ee0f0258e54b661984a5e452102d165bc28f951ba82aa03,0x88ad09518695c6c3712ac10a214be5109a655671,0xc02aaa39b223fe8d0a0e5c4f27ead9083c756cc2,0xca0840578f57fe71599d29375e16783424023357,110000000000000000,Wrapped Ether,WETH,18,17,1658117,217000000000,273649,2600994,deprecated,0x3f7658fd,"executeSignatures(bytes message, bytes signatures)",11612653,1
13896463,1640731015,0x24767e8ee85c6228866a3f2371ed94712fd6b49bce4942cb1b30298598a38e27,6794,0x8240d01bcd60e77d1e62cd65f0bdfca859bef454ee6fd1b3abcab04f6a817e4f,0x88ad09518695c6c3712ac10a214be5109a655671,0xc02aaa39b223fe8d0a0e5c4f27ead9083c756cc2,0xca0840578f57fe71599d29375e16783424023357,500000000000000000,Wrapped Ether,WETH,18,24,1658141,137000000000,253668,1187493,deprecated,0x3f7658fd,"executeSignatures(bytes message, bytes signatures)",11611574,1
13896690,1640733947,0x0d65e48fb5f893496738e0eb29a96714a1dd164d6c83c46466ca504a7c4428a2,9,0x88d6a7010ad784dd26ffbcaceb8eddd181cc19fae3ec35ff0113dbf7680a77dc,0xca0840578f57fe71599d29375e16783424023357,0xc02aaa39b223fe8d0a0e5c4f27ead9083c756cc2,0x88ad09518695c6c3712ac10a214be5109a655671,1000000000000000000,Wrapped Ether,WETH,18,93,431959,93643943700,241801,4101900,deprecated,0x3ace4765,"wrapAndRelayTokens(address _receiver, bytes _data)",11611347,1
13896692,1640733979,0xf8f072a8712ca615bc1a597166598f0e5bbbeacd607dd82b3f98346d2509a3a6,52,0x0d56a8fb473f0a15f584b53dc5a59fb07b522283b3a212c82d5b83c853acf3fb,0xca0840578f57fe71599d29375e16783424023357,0xc02aaa39b223fe8d0a0e5c4f27ead9083c756cc2,0x88ad09518695c6c3712ac10a214be5109a655671,1000000000000000000,Wrapped Ether,WETH,18,74,436528,90771872848,247514,6652107,deprecated,0x9254c66e,"wrapAndRelayTokens(address _receiver,bytes _data,tuple _account)",11611345,1
13896718,1640734264,0x2f91d3c2a099f6411cedc1ca7ff5a8d37064733dd3eefefdbc3aa2556e5a54c2,53,0x634618466c6ebb29e0e7ad1f1a5ce4a55818207749004ae708e4247571dcf734,0xca0840578f57fe71599d29375e16783424023357,0xc02aaa39b223fe8d0a0e5c4f27ead9083c756cc2,0x88ad09518695c6c3712ac10a214be5109a655671,1000000000000000000,Wrapped Ether,WETH,18,464,431869,68999531159,241741,28384668,deprecated,0x3ace4765,"wrapAndRelayTokens(address _receiver, bytes _data)",11611319,1
13897664,1640746888,0x5a560ec6bb79be93ce8b210d588390d4e1730173099b04732c78dbdadd3d3422,10,0xcc2c8bb2aa2c9a1eecc2d2948ebad59c075e4a0318e31d3f51e070db0f99cfeb,0xca0840578f57fe71599d29375e16783424023357,0xc02aaa39b223fe8d0a0e5c4f27ead9083c756cc2,0x88ad09518695c6c3712ac10a214be5109a655671,1000000000000000000,Wrapped Ether,WETH,18,108,431923,80319338400,241777,8847439,deprecated,0x3ace4765,"wrapAndRelayTokens(address _receiver, bytes _data)",11610373,1
13897692,1640747220,0x727356a9a2da0233378fc8ba464e73dfc44a5c08fcb66c815d717b7cf34d6a35,11,0xf3a607eef81f1b19ae19b78850a94e2f0690bf75f3036e93c7ee39bd6645addf,0xca0840578f57fe71599d29375e16783424023357,0xc02aaa39b223fe8d0a0e5c4f27ead9083c756cc2,0x88ad09518695c6c3712ac10a214be5109a655671,1000000000000000000,Wrapped Ether,WETH,18,159,431923,80180001148,241777,13156940,deprecated,0x3ace4765,"wrapAndRelayTokens(address _receiver, bytes _data)",11610345,1
13897726,1640747685,0x7702a5220bfca073fc42137252f2ea08301744b0d735528b65b1887d66a8f51f,12,0xffb2a5d4b4e8398dd4a689a082a6600d8e82225511f191e313af3da28533e2d3,0xca0840578f57fe71599d29375e16783424023357,0xc02aaa39b223fe8d0a0e5c4f27ead9083c756cc2,0x88ad09518695c6c3712ac10a214be5109a655671,249900000000000000,Wrapped Ether,WETH,18,104,431959,90978876351,241801,7179243,deprecated,0x3ace4765,"wrapAndRelayTokens(address _receiver, bytes _data)",11610311,1
13897780,1640748563,0x65d384741c977706cf5e37460d82c2c0e253b06db6b41c18075f68bef7763ecb,37,0xe6c28a5502a1a018aa948923d2fd986730e379f4f9174e82054a8e8a40f27908,0xca0840578f57fe71599d29375e16783424023357,0xc02aaa39b223fe8d0a0e5c4f27ead9083c756cc2,0x88ad09518695c6c3712ac10a214be5109a655671,1000000000000000000,Wrapped Ether,WETH,18,251,431869,95000000000,241741,18198030,deprecated,0x3ace4765,"wrapAndRelayTokens(address _receiver, bytes _data)",11610257,1
13897842,1640749436,0x3e9981fa5f2c6ccbd65631b4349aa04dc793aa693bda2594ccf5a0c8742a93cc,70,0x65ebb94db4fe9b72813b0c730bfe35db8755b256d3c03a785e4b63c2541b2904,0xca0840578f57fe71599d29375e16783424023357,0xc02aaa39b223fe8d0a0e5c4f27ead9083c756cc2,0x88ad09518695c6c3712ac10a214be5109a655671,1000000000000000000,Wrapped Ether,WETH,18,135,436528,69685604091,247514,11430442,deprecated,0x9254c66e,"wrapAndRelayTokens(address _receiver,bytes _data,tuple _account)",11610195,1
13897892,1640750030,0x6b75707d6e583fba39524d36a6f1d063110fa61b86a8b9eedf1d7a5eb3684c4f,8,0x52f92358ab5889dfd54d7341defb5fa31cf4b0679f756bf9776a9380a90fd962,0xca0840578f57fe71599d29375e16783424023357,0xc02aaa39b223fe8d0a0e5c4f27ead9083c756cc2,0x88ad09518695c6c3712ac10a214be5109a655671,600000000000000000,Wrapped Ether,WETH,18,163,436528,80095685515,247514,8762601,deprecated,0x9254c66e,"wrapAndRelayTokens(address _receiver,bytes _data,tuple _account)",11610145,1
13897913,1640750332,0xada8238c1b9e8b69d8ada14e75f1fb721f96fed4f6b1b135a37adc6941e47946,6795,0xbad90a0e5a2b48a99313e1a0e60f53555ba4238e887da24c4c503df1cdcd8e54,0x88ad09518695c6c3712ac10a214be5109a655671,0xc02aaa39b223fe8d0a0e5c4f27ead9083c756cc2,0xca0840578f57fe71599d29375e16783424023357,500000000000000000,Wrapped Ether,WETH,18,57,1658141,110000000000,273668,3915712,deprecated,0x3f7658fd,"executeSignatures(bytes message, bytes signatures)",11610124,1
13897926,1640750445,0x68d6e0c63a8a3c4e2e9de19da5e0f1855152d34c6e7b4a280eb2a08fa506e4b9,6796,0xa49e9ee24da47e25b019221124192c02f68c82d08cf98003bdedaab32be137ac,0x88ad09518695c6c3712ac10a214be5109a655671,0xc02aaa39b223fe8d0a0e5c4f27ead9083c756cc2,0xca0840578f57fe71599d29375e16783424023357,97083015115760463,Wrapped Ether,WETH,18,32,1658177,110000000000,273697,2655319,deprecated,0x3f7658fd,"executeSignatures(bytes message, bytes signatures)",11610111,1
13897957,1640750838,0xa6c332562a776d772eb44cccb8e09ac6ba0d975ee78035198f1fea16763275b1,1,0x341c9c9ef086cec7cfe93b0bc98aa8ac68c99b849c1bc587f0e50c0fe54fa8c6,0xca0840578f57fe71599d29375e16783424023357,0xc02aaa39b223fe8d0a0e5c4f27ead9083c756cc2,0x88ad09518695c6c3712ac10a214be5109a655671,500000000000000000,Wrapped Ether,WETH,18,12,431869,71595775872,241741,1513521,deprecated,0x3ace4765,"wrapAndRelayTokens(address _receiver, bytes _data)",11610080,1
13897997,1640751445,0x4fa754dbb2a84f0ab090677dacb75cecf1892c8ddfc6b153cf796ece5e990ec8,6797,0x97a57f33ba2d9a4b7556bdf32a5c26ca7f079831776e1459c87670759594ad57,0x88ad09518695c6c3712ac10a214be5109a655671,0xc02aaa39b223fe8d0a0e5c4f27ead9083c756cc2,0xca0840578f57fe71599d29375e16783424023357,500000000000000000,Wrapped Ether,WETH,18,50,1658141,118000000000,253668,6443161,deprecated,0x3f7658fd,"executeSignatures(bytes message, bytes signatures)",11610040,1
13898011,1640751678,0xe1d944aac98229f218c319cf1794bee9413279d65173057e7c36d6c988392cdd,6798,0x05b1a8a79927e7adffa9192eb7455c809d0e5ac770b7b63f87ae2828d413ffc0,0x88ad09518695c6c3712ac10a214be5109a655671,0xc02aaa39b223fe8d0a0e5c4f27ead9083c756cc2,0xca0840578f57fe71599d29375e16783424023357,1000000000000000000,Wrapped Ether,WETH,18,19,1658105,118000000000,273640,1462411,deprecated,0x3f7658fd,"executeSignatures(bytes message, bytes signatures)",11610026,1
13898177,1640753906,0xb438db76f197c2a14302933cd9f9e21a98007b5340dabff73a47becb482eaf24,6799,0x20f90236674c8016623e666b80332dc49dc65bac0b101215f598e5efd4a1d8bb,0x88ad09518695c6c3712ac10a214be5109a655671,0xc02aaa39b223fe8d0a0e5c4f27ead9083c756cc2,0xca0840578f57fe71599d29375e16783424023357,495027952914272024,Wrapped Ether,WETH,18,48,1658177,91000000000,253697,4536360,deprecated,0x3f7658fd,"executeSignatures(bytes message, bytes signatures)",11609860,1
13898200,1640754212,0x83a63f945b64359f3340ad841ca3ab3782d51ed1c099d46ca664b116176e9d41,126,0xc18b408102460c7d62cac6b623b1a30810e7fc7e9f962596edd4563c15d8fd8a,0xca0840578f57fe71599d29375e16783424023357,0xc02aaa39b223fe8d0a0e5c4f27ead9083c756cc2,0x88ad09518695c6c3712ac10a214be5109a655671,800000000000000000,Wrapped Ether,WETH,18,83,431923,71074630742,241777,8287522,deprecated,0x3ace4765,"wrapAndRelayTokens(address _receiver, bytes _data)",11609837,1
13898255,1640754765,0xa3e93e716ee204c85a2ae88fc58f98602b0d2286949d12b26750dc85f413db29,6800,0x87493d9705c581c4c59fd949ec1cee33589d076dcf081d173211812150e89f06,0x88ad09518695c6c3712ac10a214be5109a655671,0xc02aaa39b223fe8d0a0e5c4f27ead9083c756cc2,0xca0840578f57fe71599d29375e16783424023357,300000000000000000,Wrapped Ether,WETH,18,47,1658141,93000000000,273668,3142884,deprecated,0x3f7658fd,"executeSignatures(bytes message, bytes signatures)",11609782,1
13898751,1640761123,0x7cd16be73c0e5ad64de4c8f9fd7c992361a4825447fbaa86f1761158851cc9b6,6801,0x7ad7e04f773892720178fece27033285cefa0535a690b1f7ec055d6ab9747607,0x88ad09518695c6c3712ac10a214be5109a655671,0xc02aaa39b223fe8d0a0e5c4f27ead9083c756cc2,0xca0840578f57fe71599d29375e16783424023357,100000000000000000,Wrapped Ether,WETH,18,119,1658153,169000000000,273678,6849482,deprecated,0x3f7658fd,"executeSignatures(bytes message, bytes signatures)",11609286,1
13898816,1640761964,0xd655e3f0d72a701529fd910ddc6ef0f6a2f3104930bb9e9550d621d5a9316756,37,0xe724cfb0f0b46c617a48cc97cce1e6a6388e32d1e946c877d34de9909a101dc9,0xca0840578f57fe71599d29375e16783424023357,0xc02aaa39b223fe8d0a0e5c4f27ead9083c756cc2,0x88ad09518695c6c3712ac10a214be5109a655671,100000000000000000,Wrapped Ether,WETH,18,253,431941,105115740703,241789,16508952,deprecated,0x3ace4765,"wrapAndRelayTokens(address _receiver, bytes _data)",11609221,1
13898860,1640762559,0x572308636635e58edda740d1116305bc6d032e804b8f9e614bf4e47a6020e720,6802,0xfef8445aa0a76a39e91b657b45701b187f73901efe221f63779111b44c97a6a2,0x88ad09518695c6c3712ac10a214be5109a655671,0xc02aaa39b223fe8d0a0e5c4f27ead9083c756cc2,0xca0840578f57fe71599d29375e16783424023357,500000000000000000,Wrapped Ether,WETH,18,34,1658153,169000000000,253678,4842947,deprecated,0x3f7658fd,"executeSignatures(bytes message, bytes signatures)",11609177,1
13898886,1640762904,0x25303ba7c703c13b2c6464e6e2e17e1df263d965ac32f05d332a06c393e9287b,6803,0xec966e025921d4d3ed5f679af49684a7cb52b5e3b579a382c0de0805a1207017,0x88ad09518695c6c3712ac10a214be5109a655671,0xc02aaa39b223fe8d0a0e5c4f27ead9083c756cc2,0xca0840578f57fe71599d29375e16783424023357,100000000000000000,Wrapped Ether,WETH,18,94,1658129,166000000000,253659,6695840,deprecated,0x3f7658fd,"executeSignatures(bytes message, bytes signatures)",11609151,1
13899023,1640765016,0xc69a185b3500e7b8dda68f0e824ff62693e531d03242692c21983c86290d8a4d,38,0xcc134890e7b8d630e1219b57043407b498c5be45a8e4ba07e931b920c1d40428,0xca0840578f57fe71599d29375e16783424023357,0xc02aaa39b223fe8d0a0e5c4f27ead9083c756cc2,0x88ad09518695c6c3712ac10a214be5109a655671,1000000000000000000,Wrapped Ether,WETH,18,55,431905,180060156871,241765,4665304,deprecated,0x3ace4765,"wrapAndRelayTokens(address _receiver, bytes _data)",11609014,1
13899108,1640766226,0x7ad82f2ac54a2ac410af5b1b302de8f11eb499db2724f7cf8c67cdd015b0b511,6804,0x47ab3800d80eed59b4a389f76618b87e2b8f0a029ab44d008908904a0a3639d9,0x88ad09518695c6c3712ac10a214be5109a655671,0xc02aaa39b223fe8d0a0e5c4f27ead9083c756cc2,0xca0840578f57fe71599d29375e16783424023357,1000000000000000000,Wrapped Ether,WETH,18,215,1658153,222000000000,253678,10123057,deprecated,0x3f7658fd,"executeSignatures(bytes message, bytes signatures)",11608929,1
13900316,1640782334,0xe647eb7772275c0c075cfdea6012f413da38948a70100d630ccff8e864f87ad7,2,0xee084f89abdd96be7da13e3b02ce6cfbb3cd1aa22c8bb34a21d5fbfe0cdf3bf6,0xca0840578f57fe71599d29375e16783424023357,0xc02aaa39b223fe8d0a0e5c4f27ead9083c756cc2,0x88ad09518695c6c3712ac10a214be5109a655671,1000000000000000000,Wrapped Ether,WETH,18,6,431887,124495799499,241753,438156,deprecated,0x3ace4765,"wrapAndRelayTokens(address _receiver, bytes _data)",11607721,1
13900340,1640782650,0x2951b865f43fac34fae9e545d94b9ef80d33d233217fc111b2df07c4e08a2591,3,0x2032e963e7f106433a45095a9d20eacd572f6df49906209d2c8ae06b512d6bd0,0xca0840578f57fe71599d29375e16783424023357,0xc02aaa39b223fe8d0a0e5c4f27ead9083c756cc2,0x88ad09518695c6c3712ac10a214be5109a655671,82485173956404167,Wrapped Ether,WETH,18,141,431977,103596803012,241813,7742203,deprecated,0x3ace4765,"wrapAndRelayTokens(address _receiver, bytes _data)",11607697,1
13900749,1640787879,0x24997ef8d256388e0d34066836aa2ecbfebf0716d9993b7aedcd8ea6f9301364,9,0xc5c4d08b8f5b37ed3f9ac13c3d7031868a18f7abe40dbe8f4fb0ed2fc0f08fd7,0xca0840578f57fe71599d29375e16783424023357,0xc02aaa39b223fe8d0a0e5c4f27ead9083c756cc2,0x88ad09518695c6c3712ac10a214be5109a655671,100000000000000000,Wrapped Ether,WETH,18,59,436528,83750188197,247514,6673415,deprecated,0x9254c66e,"wrapAndRelayTokens(address _receiver,bytes _data,tuple _account)",11607288,1
13900782,1640788255,0x28e292ce248048308a9fc9a84f24a2e99dbcf5594649b380f45e1fe8a34c8585,10,0xdf3c5e276d74e141f3754637b433cb1b6b2655634cf6ae8a2e27c84a472354fc,0xca0840578f57fe71599d29375e16783424023357,0xc02aaa39b223fe8d0a0e5c4f27ead9083c756cc2,0x88ad09518695c6c3712ac10a214be5109a655671,100000000000000000,Wrapped Ether,WETH,18,326,431851,85615521980,241729,21059576,deprecated,0x3ace4765,"wrapAndRelayTokens(address _receiver, bytes _data)",11607255,1
13900844,1640789047,0x1ed21d6ec76a2ea8cd6d3b8de752b92d2266a2e00a94f00c556bc16188fad5f9,6805,0xc997248a2a53ac7ec4b72dd3a370f403b0a24ac87ad0691ab80a9428660f93f4,0x88ad09518695c6c3712ac10a214be5109a655671,0xc02aaa39b223fe8d0a0e5c4f27ead9083c756cc2,0xca0840578f57fe71599d29375e16783424023357,100000000000000000,Wrapped Ether,WETH,18,24,1658141,119000000000,253668,1940649,deprecated,0x3f7658fd,"executeSignatures(bytes message, bytes signatures)",11607193,1
13900918,1640790221,0x3ea9e751d49ced8d78beed01a4e14f6d6686ab4a38626292b30a2d699bc11dc7,6806,0x47b540d0564469b349f8987cf4800a941b9e001566bad6855397ededada8a2f2,0x88ad09518695c6c3712ac10a214be5109a655671,0xc02aaa39b223fe8d0a0e5c4f27ead9083c756cc2,0xca0840578f57fe71599d29375e16783424023357,100000000000000000,Wrapped Ether,WETH,18,10,1658153,117000000000,253678,2183209,deprecated,0x3f7658fd,"executeSignatures(bytes message, bytes signatures)",11607119,1
13900919,1640790223,0x157e9a0278e08a5be798505058e6b14bee61496938fd21f5a2a88c37d57c5c1c,6807,0xd1a13e5c58bc939722b9ba421051548f4743ab7bbdc890ea93ffb09bf09aa5a3,0x88ad09518695c6c3712ac10a214be5109a655671,0xc02aaa39b223fe8d0a0e5c4f27ead9083c756cc2,0xca0840578f57fe71599d29375e16783424023357,300000000000000000,Wrapped Ether,WETH,18,151,1658141,117000000000,253668,10266371,deprecated,0x3f7658fd,"executeSignatures(bytes message, bytes signatures)",11607118,1
13901568,1640798598,0x23d5ab0ded8e9739aad17807ef5925a8a448db7721e1366c1c2a7075b0494de5,17,0x92624fe41bc65ab9894f621f620d59576416f94ab56fe9f1123a7a5f17284e83,0xca0840578f57fe71599d29375e16783424023357,0xc02aaa39b223fe8d0a0e5c4f27ead9083c756cc2,0x88ad09518695c6c3712ac10a214be5109a655671,500000000000000000,Wrapped Ether,WETH,18,96,431905,122122485004,241765,7301897,deprecated,0x3ace4765,"wrapAndRelayTokens(address _receiver, bytes _data)",11606469,1
13901578,1640798762,0x909f4144a7c472492c325f91153d54cd1831bb5599c679b1b121828162f9fa84,5,0x62e57f115628f9672b58cd464048ae99d3a7c72601f66ad7ba4710ce5099342f,0xca0840578f57fe71599d29375e16783424023357,0xc02aaa39b223fe8d0a0e5c4f27ead9083c756cc2,0x88ad09518695c6c3712ac10a214be5109a655671,1000000000000000000,Wrapped Ether,WETH,18,57,431869,140456017423,241741,4001698,deprecated,0x3ace4765,"wrapAndRelayTokens(address _receiver, bytes _data)",11606459,1
13901630,1640799452,0x82a2e321f6bf9bd26a4ae335514241bdeb8c0eba118e11fae806e465ad04c66f,6808,0x13fbb2581894937dbf875b0d4e60c2fafa6ae5aa7800c96ca34dc763ae23e37d,0x88ad09518695c6c3712ac10a214be5109a655671,0xc02aaa39b223fe8d0a0e5c4f27ead9083c756cc2,0xca0840578f57fe71599d29375e16783424023357,100000000000000000,Wrapped Ether,WETH,18,39,1658153,157000000000,253678,3733960,deprecated,0x3f7658fd,"executeSignatures(bytes message, bytes signatures)",11606407,1
13901834,1640802083,0x49dbd307c2b857b5a02eff416d33cb34c9095a05c657375994976556f288d608,0,0x9e414a27689f19c9f707bc8a1f740568361a3a3901e29e5e4bb291d366a83413,0xca0840578f57fe71599d29375e16783424023357,0xc02aaa39b223fe8d0a0e5c4f27ead9083c756cc2,0x88ad09518695c6c3712ac10a214be5109a655671,100000000000000000,Wrapped Ether,WETH,18,107,436546,99171998651,247526,10079653,deprecated,0x9254c66e,"wrapAndRelayTokens(address _receiver,bytes _data,tuple _account)",11606203,1
13901982,1640804027,0xf36c0c7ef9042720e99fa79d66aafd5a8d2f61360e20701b362c434498526b52,6809,0x9474a9f280cc7246dcf4deddcc95d352be6542a45b24ca00f6b4c2b071b7b9ed,0x88ad09518695c6c3712ac10a214be5109a655671,0xc02aaa39b223fe8d0a0e5c4f27ead9083c756cc2,0xca0840578f57fe71599d29375e16783424023357,99000000000000000,Wrapped Ether,WETH,18,36,1658153,146000000000,253678,1738267,deprecated,0x3f7658fd,"executeSignatures(bytes message, bytes signatures)",11606055,1
13902017,1640804550,0x3b27b44d58cd0ee436768863f8f026edfe12331d9c2796397a2e7fd9d84a7abd,10,0x0e625168e67a7b52b5da942ff9447ff345f9ca2214815655ee6e17646152f1b5,0xca0840578f57fe71599d29375e16783424023357,0xc02aaa39b223fe8d0a0e5c4f27ead9083c756cc2,0x88ad09518695c6c3712ac10a214be5109a655671,1000000000000000000,Wrapped Ether,WETH,18,107,431941,98638546011,241789,6374407,deprecated,0x3ace4765,"wrapAndRelayTokens(address _receiver, bytes _data)",11606020,1
13902082,1640805443,0x318be4657b865a93aaf42b6287ccf7cb11eab435f511187955dca6e9b67e8aac,28,0xe6f2e233df88372e34013689253e5c287b654baaeef3e57a827edb7145b8fa9b,0xca0840578f57fe71599d29375e16783424023357,0xc02aaa39b223fe8d0a0e5c4f27ead9083c756cc2,0x88ad09518695c6c3712ac10a214be5109a655671,1000000000000000000,Wrapped Ether,WETH,18,112,431959,115569918987,241801,5412465,deprecated,0x3ace4765,"wrapAndRelayTokens(address _receiver, bytes _data)",11605955,1
13902091,1640805520,0x69f206085a34ace61118492dbc712bdda3496bb5229e20eadc4ce51b38c82a04,11,0x768df854b069e0bb9ea74b7f56596c32c7a9ee4012fdfec1f5d9df68b28897c0,0xca0840578f57fe71599d29375e16783424023357,0xc02aaa39b223fe8d0a0e5c4f27ead9083c756cc2,0x88ad09518695c6c3712ac10a214be5109a655671,1000000000000000000,Wrapped Ether,WETH,18,41,431905,93420203793,241765,4017423,deprecated,0x3ace4765,"wrapAndRelayTokens(address _receiver, bytes _data)",11605946,1
13902112,1640805874,0x3b50ed830473cee8912cf9c1146a642919d655f10ae72d2f3d7c64f3d70511b1,1716,0xbede30ff17e9e9b718ce567bda330e5e55f0dbd9ce4ae2bac224d899dd813389,0xca0840578f57fe71599d29375e16783424023357,0xc02aaa39b223fe8d0a0e5c4f27ead9083c756cc2,0x88ad09518695c6c3712ac10a214be5109a655671,1000000000000000000,Wrapped Ether,WETH,18,44,431851,168833514854,241729,3691085,deprecated,0x3ace4765,"wrapAndRelayTokens(address _receiver, bytes _data)",11605925,1
13902116,1640805945,0x113ffdc6c549b554e49f68ce54f0425dba3daf49d29b48fb48335e558ff216d2,29,0xcab12545383a61277e90002b550a55e60ac3a918b4e040f7c72541d0807fa9ca,0xca0840578f57fe71599d29375e16783424023357,0xc02aaa39b223fe8d0a0e5c4f27ead9083c756cc2,0x88ad09518695c6c3712ac10a214be5109a655671,1000000000000000000,Wrapped Ether,WETH,18,159,431941,166635543665,241789,18874843,deprecated,0x3ace4765,"wrapAndRelayTokens(address _receiver, bytes _data)",11605921,1
13902196,1640806950,0xdfc35edb5aad7ec4bd6824d8581f4ea3521f087bab495022cf70c9c249003da0,6810,0xb06180b5d3ae938b89085b8e93c38ddb8c068d413e7a0de4ebd681368feb2d98,0x88ad09518695c6c3712ac10a214be5109a655671,0xc02aaa39b223fe8d0a0e5c4f27ead9083c756cc2,0xca0840578f57fe71599d29375e16783424023357,500000000000000000,Wrapped Ether,WETH,18,19,1658117,164000000000,253649,2519904,deprecated,0x3f7658fd,"executeSignatures(bytes message, bytes signatures)",11605841,1
13902197,1640806956,0x9e3ee9917c269e237b25f713e6686a1829fdb67cff8e539d7a0d5fbee15092aa,6811,0xfc019747604962eb745cf7a4cd7e6194661613f3d4e148d36ad58158a62249d9,0x88ad09518695c6c3712ac10a214be5109a655671,0xc02aaa39b223fe8d0a0e5c4f27ead9083c756cc2,0xca0840578f57fe71599d29375e16783424023357,1000000000000000000,Wrapped Ether,WETH,18,13,1658129,164000000000,253659,1913701,deprecated,0x3f7658fd,"executeSignatures(bytes message, bytes signatures)",11605840,1
13902237,1640807596,0x2870cf7fd285cb7d1c73e6e568c1055cd73166080933de020a31d58431388cdd,6812,0x01828c4f6296c5684698522efb6b1c5fd03363fd4385866af6400959c8b02abb,0x88ad09518695c6c3712ac10a214be5109a655671,0xc02aaa39b223fe8d0a0e5c4f27ead9083c756cc2,0xca0840578f57fe71599d29375e16783424023357,1000000000000000000,Wrapped Ether,WETH,18,65,1658153,161000000000,253678,2949980,deprecated,0x3f7658fd,"executeSignatures(bytes message, bytes signatures)",11605800,1
13902498,1640810972,0x3d710d8e5a3796d19f932dcb193df0f9dce19ae49639614fc7e61e1962c4e362,6813,0x18d3a1a562c6dbd9f0cc6a9bdd4f22f8d803f2ca615bf61e7d7a5962ff7446fe,0x88ad09518695c6c3712ac10a214be5109a655671,0xc02aaa39b223fe8d0a0e5c4f27ead9083c756cc2,0xca0840578f57fe71599d29375e16783424023357,100000000000000000,Wrapped Ether,WETH,18,39,1658129,146000000000,273659,2328929,deprecated,0x3f7658fd,"executeSignatures(bytes message, bytes signatures)",11605539,1
13903013,1640817819,0x9775dbd4e69df84504f1ef89a02ec1514f2eaaed46bd352d4d3cb1aed4182379,1107,0xfd2d8f5a63af4211061e8bd429b77511f14148d930e1e7ba8a4054803abf2059,0xca0840578f57fe71599d29375e16783424023357,0xc02aaa39b223fe8d0a0e5c4f27ead9083c756cc2,0x88ad09518695c6c3712ac10a214be5109a655671,1000000000000000000,Wrapped Ether,WETH,18,264,436510,84014629492,247502,18335693,deprecated,0x9254c66e,"wrapAndRelayTokens(address _receiver,bytes _data,tuple _account)",11605024,1
13903042,1640818209,0x81bb9c16b6a61ee81b9778d2babc2431cb102c2eb774fb14440e474016395d70,1108,0x91ae87ce8df20dfc861885d56d2e41fb141023732078fe3a30131d1412591276,0xca0840578f57fe71599d29375e16783424023357,0xc02aaa39b223fe8d0a0e5c4f27ead9083c756cc2,0x88ad09518695c6c3712ac10a214be5109a655671,500000000000000000,Wrapped Ether,WETH,18,77,431833,106792171146,241717,5491883,deprecated,0x3ace4765,"wrapAndRelayTokens(address _receiver, bytes _data)",11604995,1
13903769,1640827737,0xcd8c1fbb509fe4871538e75f15931730c1e50e8490c4442d05f04f2f66085786,0,0x5d8e32bb577aa8f5936d9ce8fa1bcef541a280ba35d0356479eb87fdce828773,0xca0840578f57fe71599d29375e16783424023357,0xc02aaa39b223fe8d0a0e5c4f27ead9083c756cc2,0x88ad09518695c6c3712ac10a214be5109a655671,900000000000000000,Wrapped Ether,WETH,18,58,436510,85369650175,247502,3693329,deprecated,0x9254c66e,"wrapAndRelayTokens(address _receiver,bytes _data,tuple _account)",11604268,1
13903773,1640827775,0xc35c6db3cdf3e7d3335a56d8a1456323fa96a24ccf81a141b7ed3f7d1f089c39,6814,0xf5bf1e6406d5fd1bea486b75342c9edcbcdfe4896e926d6e85d690d9e5785eb2,0x88ad09518695c6c3712ac10a214be5109a655671,0xc02aaa39b223fe8d0a0e5c4f27ead9083c756cc2,0xca0840578f57fe71599d29375e16783424023357,300000000000000000,Wrapped Ether,WETH,18,15,1658153,138000000000,267358,1493562,deprecated,0x3f7658fd,"executeSignatures(bytes message, bytes signatures)",11604264,1
13903830,1640828753,0x8f9e2cd9dca92135382694628cbdf3db3d10c28d30a67022930b6ac3c3940a4b,6815,0xe69206a0da53823166c5c0031df129ad1c5a3806866e51c540ebea0901356a4b,0x88ad09518695c6c3712ac10a214be5109a655671,0xc02aaa39b223fe8d0a0e5c4f27ead9083c756cc2,0xca0840578f57fe71599d29375e16783424023357,500000000000000000,Wrapped Ether,WETH,18,4,1658129,237000000000,273659,622704,deprecated,0x3f7658fd,"executeSignatures(bytes message, bytes signatures)",11604207,1
13903865,1640829170,0xa582ba6acf580c3ef6d29ff2e60a390d3e861e366783fa839c23b1e263201211,6816,0x67d78f5a8881401e32fc0b406c0248d367bca3f7345b0f220a36e2b5e5606126,0x88ad09518695c6c3712ac10a214be5109a655671,0xc02aaa39b223fe8d0a0e5c4f27ead9083c756cc2,0xca0840578f57fe71599d29375e16783424023357,300000000000000000,Wrapped Ether,WETH,18,8,1658141,237000000000,253668,1514562,deprecated,0x3f7658fd,"executeSignatures(bytes message, bytes signatures)",11604172,1
13903894,1640829564,0x17beaf880efe1c146f6f507782a2e13c1493db7c79340a4eb2f8f634ba820739,6817,0x2dc8602e620e7ec9f1bd777170b598548fd9e435e2a6ea6762974bb774165ea6,0x88ad09518695c6c3712ac10a214be5109a655671,0xc02aaa39b223fe8d0a0e5c4f27ead9083c756cc2,0xca0840578f57fe71599d29375e16783424023357,90000000000000000,Wrapped Ether,WETH,18,27,1658129,125000000000,253659,2499212,deprecated,0x3f7658fd,"executeSignatures(bytes message, bytes signatures)",11604143,1
13904073,1640831627,0xce2495e925320017ef58a724c126197a0a7933ee7667ca05ab1c006f66906ab6,38,0xbb65040965583ec999974833e3a64fc765cd06d7cfb84e27938c68730199472a,0xca0840578f57fe71599d29375e16783424023357,0xc02aaa39b223fe8d0a0e5c4f27ead9083c756cc2,0x88ad09518695c6c3712ac10a214be5109a655671,1000000000000000000,Wrapped Ether,WETH,18,156,431923,81732788412,241777,15405749,deprecated,0x3ace4765,"wrapAndRelayTokens(address _receiver, bytes _data)",11603964,1
13904588,1640838510,0x5f310c3de23113b6f49953d63b5ab912e6b9ee77d6a5d5e4a5e91fad35317595,6818,0xbd062cc054cc58e3bfa6b62aa4b098e45a74f4f35360c98b1f066d75f20fb2a4,0x88ad09518695c6c3712ac10a214be5109a655671,0xc02aaa39b223fe8d0a0e5c4f27ead9083c756cc2,0xca0840578f57fe71599d29375e16783424023357,1071764411081391350,Wrapped Ether,WETH,18,54,1658165,121000000000,253688,3101668,deprecated,0x3f7658fd,"executeSignatures(bytes message, bytes signatures)",11603449,1
13904655,1640839485,0x95bdd122d4f39f152996fccf1ac184f39b92de9aa2f2c3115f4255a06833e380,18,0x4dd6ff41b83df2e0c3a66f38d4b74efbe25e2f830d985e5c527c839bac97bc9a,0xca0840578f57fe71599d29375e16783424023357,0xc02aaa39b223fe8d0a0e5c4f27ead9083c756cc2,0x88ad09518695c6c3712ac10a214be5109a655671,1000000000000000000,Wrapped Ether,WETH,18,175,431941,87676297221,241789,7889524,deprecated,0x3ace4765,"wrapAndRelayTokens(address _receiver, bytes _data)",11603382,1
13904660,1640839547,0xa9214daf1060248295c87a0d9fef6e273f5422c0b8fbb95c1f28f915420233f8,2,0xe0b4a6f7bf71a3275f4be0fdce928f7f34f466414633068b112201e0f27f33a7,0xca0840578f57fe71599d29375e16783424023357,0xc02aaa39b223fe8d0a0e5c4f27ead9083c756cc2,0x88ad09518695c6c3712ac10a214be5109a655671,300000000000000000,Wrapped Ether,WETH,18,143,431923,94690003772,241777,9143072,deprecated,0x3ace4765,"wrapAndRelayTokens(address _receiver, bytes _data)",11603377,1
13904724,1640840503,0xd7bb8f50bb11ec9a963455f774cf526a278a8d6d4e1628c460bf176aa9c987ff,6819,0x2a40bd79b294e51334940625106298b622018134d217cc9b6f2403746bb973fc,0x88ad09518695c6c3712ac10a214be5109a655671,0xc02aaa39b223fe8d0a0e5c4f27ead9083c756cc2,0xca0840578f57fe71599d29375e16783424023357,1000000000000000000,Wrapped Ether,WETH,18,74,1658153,114000000000,273678,6075764,deprecated,0x3f7658fd,"executeSignatures(bytes message, bytes signatures)",11603313,1
13904942,1640843444,0xeb733de4c7c5f1d24e3049b8af5ea7198ca4611f389f993bf3d208b61484fbd5,9,0x855e3fc2feee9584344a712a5097f39d05ae62c9cf20880ea74981bc2290dd37,0xca0840578f57fe71599d29375e16783424023357,0xc02aaa39b223fe8d0a0e5c4f27ead9083c756cc2,0x88ad09518695c6c3712ac10a214be5109a655671,500000000000000000,Wrapped Ether,WETH,18,8,431887,74224137802,241753,559573,deprecated,0x3ace4765,"wrapAndRelayTokens(address _receiver, bytes _data)",11603095,1
13904965,1640843707,0x1adddcf407b79566ee3c94dfa5e96fae85bba5ac9d6e5f44cbac50ce639024e7,55,0xa34a30f00e4dcd9fabfdbbf33c7fe9e7891d27fb490dfa21b0baa4bb4e762e91,0xca0840578f57fe71599d29375e16783424023357,0xc02aaa39b223fe8d0a0e5c4f27ead9083c756cc2,0x88ad09518695c6c3712ac10a214be5109a655671,1000000000000000000,Wrapped Ether,WETH,18,162,431923,96956613263,241777,16185919,deprecated,0x3ace4765,"wrapAndRelayTokens(address _receiver, bytes _data)",11603072,1
13905015,1640844422,0x11c7cf39b81021782df6eff50d64290ffa9098de6a1d24ed5f1d43e4b2d01748,6820,0x39cf827ea231ce9a2457eb26b3f1da8ff0f0cdecf3eda8caf081e982a883ea50,0x88ad09518695c6c3712ac10a214be5109a655671,0xc02aaa39b223fe8d0a0e5c4f27ead9083c756cc2,0xca0840578f57fe71599d29375e16783424023357,500000000000000000,Wrapped Ether,WETH,18,25,1658141,149000000000,273668,1914417,deprecated,0x3f7658fd,"executeSignatures(bytes message, bytes signatures)",11603022,1
13905087,1640845483,0x5252743bc9dba8cdf2bed05c8e21dfdb7a777f5655f7faaf19f7257d6868632a,6821,0x638b5ce1ac5415c2a62addca49fd8a3a6ad4f41e879b69553d2d287e37e95de8,0x88ad09518695c6c3712ac10a214be5109a655671,0xc02aaa39b223fe8d0a0e5c4f27ead9083c756cc2,0xca0840578f57fe71599d29375e16783424023357,495000000000000000,Wrapped Ether,WETH,18,60,1658129,152000000000,253659,3114454,deprecated,0x3f7658fd,"executeSignatures(bytes message, bytes signatures)",11602950,1
13905444,1640850581,0xb79e76167df3c0c10adb02da06b2e89b2a58641f177359ce04ed46479ac5e088,6822,0xc4948e2b2814cb802d061d58891d7b31e7929b32b9608f798451eafaf25dbd7d,0x88ad09518695c6c3712ac10a214be5109a655671,0xc02aaa39b223fe8d0a0e5c4f27ead9083c756cc2,0xca0840578f57fe71599d29375e16783424023357,297026650688170997,Wrapped Ether,WETH,18,6,1658177,154000000000,273697,880256,deprecated,0x3f7658fd,"executeSignatures(bytes message, bytes signatures)",11602593,1
13905538,1640851823,0xb6131a5feec359b77afb1bd773ba32341bc9984679f19783989d07e27716251a,3,0x30d125c98c69fafbee2d5ddf00f38f3facf278f81c2892df562e2defcedc6013,0xca0840578f57fe71599d29375e16783424023357,0xc02aaa39b223fe8d0a0e5c4f27ead9083c756cc2,0x88ad09518695c6c3712ac10a214be5109a655671,500000000000000000,Wrapped Ether,WETH,18,220,431941,91987636822,241789,10619257,deprecated,0x3ace4765,"wrapAndRelayTokens(address _receiver, bytes _data)",11602499,1
13905757,1640854913,0x486f00fabda91b61bf6b89fe10c80992570126afecd7c3847eb71f197e2f3286,2,0xb4ddabab4a812d315df6ed2f677fc94bd6122c3e7c5fbececadf93a2d9f7846f,0xca0840578f57fe71599d29375e16783424023357,0xc02aaa39b223fe8d0a0e5c4f27ead9083c756cc2,0x88ad09518695c6c3712ac10a214be5109a655671,1000000000000000000,Wrapped Ether,WETH,18,179,431905,91003026040,241765,10387556,deprecated,0x3ace4765,"wrapAndRelayTokens(address _receiver, bytes _data)",11602280,1
13906244,1640861572,0xe5755f3af79131c9a85fdc389ff5c48aa2024367d95bc291a8ac85f95eb9812f,6823,0x4612817538dc85c2d7ef88e632d25e83636ae559c423ca0bcc86eea81fc7ba3c,0x88ad09518695c6c3712ac10a214be5109a655671,0xc02aaa39b223fe8d0a0e5c4f27ead9083c756cc2,0xca0840578f57fe71599d29375e16783424023357,1000000000000000000,Wrapped Ether,WETH,18,217,1658153,103000000000,253678,8840645,deprecated,0x3f7658fd,"executeSignatures(bytes message, bytes signatures)",11601793,1
13906280,1640862198,0x3ca539f62b69ea61c2a958e6820c6082a51451c3c5247bad53e982f38a6d1b66,6824,0x250370cc41223e33848ac8faae53598176ca6f83be33a104c7d9effa533e36cf,0x88ad09518695c6c3712ac10a214be5109a655671,0xc02aaa39b223fe8d0a0e5c4f27ead9083c756cc2,0xca0840578f57fe71599d29375e16783424023357,8600000000000000000,Wrapped Ether,WETH,18,27,1658141,103000000000,253668,1627948,deprecated,0x3f7658fd,"executeSignatures(bytes message, bytes signatures)",11601757,1
13906442,1640864380,0xef79ed5635b2d2ec0c8796cb347a1d35384336e89f753b419173f7c3a079ab20,1048,0x3722c485980502d16d60ae5f1292ff81e1c846e3040954a09744e0de90ba586a,0xca0840578f57fe71599d29375e16783424023357,0xc02aaa39b223fe8d0a0e5c4f27ead9083c756cc2,0x88ad09518695c6c3712ac10a214be5109a655671,100000000000000000,Wrapped Ether,WETH,18,51,436492,73375345746,247490,4842184,deprecated,0x9254c66e,"wrapAndRelayTokens(address _receiver,bytes _data,tuple _account)",11601595,1
13906557,1640865807,0x1f04de1bb3f37654263651120e55ceb97cdc020f76447c8e1b30e987e0187326,6825,0xab312ddb0e0eba1668c38b66b8471c76a190a6559e4dc03e9f90ca52e1b19320,0x88ad09518695c6c3712ac10a214be5109a655671,0xc02aaa39b223fe8d0a0e5c4f27ead9083c756cc2,0xca0840578f57fe71599d29375e16783424023357,90000000000000000,Wrapped Ether,WETH,18,118,1658129,96000000000,253659,5280332,deprecated,0x3f7658fd,"executeSignatures(bytes message, bytes signatures)",11601480,1
13906707,1640867662,0x8ea9bf55b380a64f3df011d5febafa396026890e2bd6c1cf66d56367f1e22553,0,0xec75971473c5d3b6629fef23243bba524111374d277249814278318dd22eb22d,0xca0840578f57fe71599d29375e16783424023357,0xc02aaa39b223fe8d0a0e5c4f27ead9083c756cc2,0x88ad09518695c6c3712ac10a214be5109a655671,119234429100000000,Wrapped Ether,WETH,18,99,436600,74144765986,247562,9735326,deprecated,0x9254c66e,"wrapAndRelayTokens(address _receiver,bytes _data,tuple _account)",11601330,1
13907105,1640872803,0x61dfe8c2ce00a5f5fae52b576479b24feaf0b2b8e3bbd59c6a05ce805c94cc68,6826,0x8dced60fdf94f35b9b0f53adae473dcc555944547101761ab79d9d9ba6e4ddab,0x88ad09518695c6c3712ac10a214be5109a655671,0xc02aaa39b223fe8d0a0e5c4f27ead9083c756cc2,0xca0840578f57fe71599d29375e16783424023357,500000000000000000,Wrapped Ether,WETH,18,58,1658129,91000000000,273659,4627194,deprecated,0x3f7658fd,"executeSignatures(bytes message, bytes signatures)",11600932,1
13907363,1640876634,0xa1bc1158035ab20104ffd5fb878177a64631b8a6c35ccd4f210abf1b8d20adee,6827,0x8ebdd97dfd6bdde74e095a5dec4d14a88670be6dd165db71ec402fa1c12582ba,0x88ad09518695c6c3712ac10a214be5109a655671,0xc02aaa39b223fe8d0a0e5c4f27ead9083c756cc2,0xca0840578f57fe71599d29375e16783424023357,495047216457037425,Wrapped Ether,WETH,18,63,1658153,120000000000,273678,3633145,deprecated,0x3f7658fd,"executeSignatures(bytes message, bytes signatures)",11600674,1
13907456,1640877958,0x8d59895d52b76a392d55dcaa2f535d7f68397c99175aa1b73177e0afef09a92a,6828,0xd2115670e9b143afd8798507432b5263f5458f7b4ab8655fc02b204b8f1b7558,0x88ad09518695c6c3712ac10a214be5109a655671,0xc02aaa39b223fe8d0a0e5c4f27ead9083c756cc2,0xca0840578f57fe71599d29375e16783424023357,490092938137591193,Wrapped Ether,WETH,18,323,1658165,125000000000,253688,14198076,deprecated,0x3f7658fd,"executeSignatures(bytes message, bytes signatures)",11600581,1
13907484,1640878348,0x68ad070d5098cff263fedbddb9caf97e4115735276d2f2fbe668b69c5c0295f6,0,0xc7eaa89f5c880f412ce6decb9308a38526467d269811a4e37b57fad6238d6166,0xca0840578f57fe71599d29375e16783424023357,0xc02aaa39b223fe8d0a0e5c4f27ead9083c756cc2,0x88ad09518695c6c3712ac10a214be5109a655671,1000000000000000000,Wrapped Ether,WETH,18,151,436528,97426138882,247514,8852277,deprecated,0x9254c66e,"wrapAndRelayTokens(address _receiver,bytes _data,tuple _account)",11600553,1
13907533,1640879021,0xf60a5015f42cb1deab3b270e3879f453ffd0166c4c44ab32c1fdde278f7390d8,6829,0xa5d8bdd4d1c4690c20319e1589c360d80c2013fe59ab1f739c6c14bf80677854,0x88ad09518695c6c3712ac10a214be5109a655671,0xc02aaa39b223fe8d0a0e5c4f27ead9083c756cc2,0xca0840578f57fe71599d29375e16783424023357,500000000000000000,Wrapped Ether,WETH,18,18,1658129,125000000000,273659,863649,deprecated,0x3f7658fd,"executeSignatures(bytes message, bytes signatures)",11600504,1
13907596,1640879871,0x9310a891a72ab009746e0b7ef9636af77dd149931f4eec1478fa66a416e153d7,9,0x71b3732e391dd1aa811f6e16e017756368afbb79c912ea0d752b8240f520ddf3,0xca0840578f57fe71599d29375e16783424023357,0xc02aaa39b223fe8d0a0e5c4f27ead9083c756cc2,0x88ad09518695c6c3712ac10a214be5109a655671,408516082940682541,Wrapped Ether,WETH,18,172,431995,83908258381,241825,20629984,deprecated,0x3ace4765,"wrapAndRelayTokens(address _receiver, bytes _data)",11600441,1
13907653,1640880449,0x20ba86ae632abbb6b9300b0767be542537d9dfa15064f6f2dfe7c7cd9d4c9c59,6830,0xf3aada637fa2a5dd5f5644bcbc5c87d3dadc3ab395b51be0a4def7d902fa789f,0x88ad09518695c6c3712ac10a214be5109a655671,0xc02aaa39b223fe8d0a0e5c4f27ead9083c756cc2,0xca0840578f57fe71599d29375e16783424023357,300000000000000000,Wrapped Ether,WETH,18,35,1658153,121000000000,273678,2812606,deprecated,0x3f7658fd,"executeSignatures(bytes message, bytes signatures)",11600384,1
13907681,1640880856,0xd3b240cea10196e562400292c2e3a0b9707986dda8d39e61fd351d35079dfbe5,6831,0x8b1cb70424bccb9ca16758148b58eca8039b1d84ef46559ebc9a7426141ab678,0x88ad09518695c6c3712ac10a214be5109a655671,0xc02aaa39b223fe8d0a0e5c4f27ead9083c756cc2,0xca0840578f57fe71599d29375e16783424023357,100000000000000000,Wrapped Ether,WETH,18,41,1658141,120000000000,253668,2661290,deprecated,0x3f7658fd,"executeSignatures(bytes message, bytes signatures)",11600356,1
13907690,1640880954,0x1a3a4404afb2a75098c075d2a577175f2192c007fe7b5580ac45fffd202de244,6832,0x701f5b528b35b909e25709352b959783482ece9d387dce38684be60ecf6a8136,0x88ad09518695c6c3712ac10a214be5109a655671,0xc02aaa39b223fe8d0a0e5c4f27ead9083c756cc2,0xca0840578f57fe71599d29375e16783424023357,300000000000000000,Wrapped Ether,WETH,18,24,1658129,120000000000,253659,2944491,deprecated,0x3f7658fd,"executeSignatures(bytes message, bytes signatures)",11600347,1
13907700,1640881076,0x06c5eca6127ad0831ff29a15851fbd982b8c2a05b4843dbe42c18621e9d73ce2,12,0xe809b92c29655e1d08cc953c3e962d1224be1f9aeef713b673dc4f58ce62192a,0xca0840578f57fe71599d29375e16783424023357,0xc02aaa39b223fe8d0a0e5c4f27ead9083c756cc2,0x88ad09518695c6c3712ac10a214be5109a655671,495936894124206021,Wrapped Ether,WETH,18,116,431959,93275820938,241801,9207215,deprecated,0x3ace4765,"wrapAndRelayTokens(address _receiver, bytes _data)",11600337,1
13907745,1640881656,0x64400a3f347a5956595a2da963617740f3f5ee289956b9cb55e27269cd67e464,6833,0xbb22ea57343f3e180738538f9e87cbcb7b2f224cb7bdd0776893ab672e277b3e,0x88ad09518695c6c3712ac10a214be5109a655671,0xc02aaa39b223fe8d0a0e5c4f27ead9083c756cc2,0xca0840578f57fe71599d29375e16783424023357,400000000000000000,Wrapped Ether,WETH,18,23,1658129,114000000000,253659,1996393,deprecated,0x3f7658fd,"executeSignatures(bytes message, bytes signatures)",11600292,1
13907790,1640882148,0x449361766dc5ec26d7771b406969e64337b5156b016a1ba5e77cd0921876dd23,6834,0xf3e4acfa6099c50b2fe0b277198b7639705f1c709303dc1aa44e25f076b8c837,0x88ad09518695c6c3712ac10a214be5109a655671,0xc02aaa39b223fe8d0a0e5c4f27ead9083c756cc2,0xca0840578f57fe71599d29375e16783424023357,90000000000000000,Wrapped Ether,WETH,18,197,1658141,102000000000,253668,8864456,deprecated,0x3f7658fd,"executeSignatures(bytes message, bytes signatures)",11600247,1
13907797,1640882232,0xdcc408e99e75058aa0f51c96e4d68844a9f0db02268bedb7afc23787c9fad1c1,6835,0x9cf0b444b5a8183c8076baa156c26d9105bca6ed83f26fa18bd0214ea747e1f0,0x88ad09518695c6c3712ac10a214be5109a655671,0xc02aaa39b223fe8d0a0e5c4f27ead9083c756cc2,0xca0840578f57fe71599d29375e16783424023357,300000000000000000,Wrapped Ether,WETH,18,109,1658141,102000000000,273668,4402157,deprecated,0x3f7658fd,"executeSignatures(bytes message, bytes signatures)",11600240,1
13908362,1640889895,0x22b1d60674704016369f75c5e78d2e7264924d8f33c4dc56d83b6fa0c1e58cde,1,0x29d94f34372c7799fe861cac2bac182c1a61fcf261dde4753a2c7f9166387fcd,0xca0840578f57fe71599d29375e16783424023357,0xc02aaa39b223fe8d0a0e5c4f27ead9083c756cc2,0x88ad09518695c6c3712ac10a214be5109a655671,924165930972526258,Wrapped Ether,WETH,18,184,431941,81970970345,241789,15735206,deprecated,0x3ace4765,"wrapAndRelayTokens(address _receiver, bytes _data)",11599675,1
13908381,1640890158,0x9b417196c21702486fafafc65dc13c39ed255d4fbdcf080bfac5beb9e10669ea,3,0x78031a5d7d8c84b6141fa1624f74a9d6c447a227ebbf5c90418171e7b95a7b12,0xca0840578f57fe71599d29375e16783424023357,0xc02aaa39b223fe8d0a0e5c4f27ead9083c756cc2,0x88ad09518695c6c3712ac10a214be5109a655671,600000000000000000,Wrapped Ether,WETH,18,130,431887,94223300212,241753,6854190,deprecated,0x3ace4765,"wrapAndRelayTokens(address _receiver, bytes _data)",11599656,1
13908535,1640892075,0xfb4553f64674b55c9f0e6a5d3afe98adaf8bc2608667000ba0fa25a125e7ba8f,230,0x0e540cdebb6168f1ccc8ea3870ab382635d6d51d6043e44b9c7b7ae0c9bf4cfe,0xca0840578f57fe71599d29375e16783424023357,0xc02aaa39b223fe8d0a0e5c4f27ead9083c756cc2,0x88ad09518695c6c3712ac10a214be5109a655671,20000000000000000,Wrapped Ether,WETH,18,101,431851,87763912115,241729,6840948,deprecated,0x3ace4765,"wrapAndRelayTokens(address _receiver, bytes _data)",11599502,1
13908694,1640894272,0x2ab75bf2c21dbd491d26d5433fe16d54435f7844b5389b013e42b8f5511a7ef3,4,0x99961ef727b32db7aa179cf0025c75d0d54b1995195a4bd9be4f707b1194b6ff,0xca0840578f57fe71599d29375e16783424023357,0xc02aaa39b223fe8d0a0e5c4f27ead9083c756cc2,0x88ad09518695c6c3712ac10a214be5109a655671,550000000000000000,Wrapped Ether,WETH,18,85,431959,95307984633,241801,4373421,deprecated,0x3ace4765,"wrapAndRelayTokens(address _receiver, bytes _data)",11599343,1
13908782,1640895409,0x5e680703bb71edc76cecebba8bc44b58ca53bad18474cf6dcbe3ce93f6603cd5,6836,0x67ac858de775d134405ae530bef84508735196ff3be1b66b13762b993119e5f6,0x88ad09518695c6c3712ac10a214be5109a655671,0xc02aaa39b223fe8d0a0e5c4f27ead9083c756cc2,0xca0840578f57fe71599d29375e16783424023357,500000000000000000,Wrapped Ether,WETH,18,43,1658141,136000000000,253668,3404037,deprecated,0x3f7658fd,"executeSignatures(bytes message, bytes signatures)",11599255,1
13909120,1640899695,0xb7e3ae2feb141fe437ba1e3db30da06bf761a22ab0a85de72f9c68d2d788d3a6,4,0xd9f23f48ce4a0bbb365dedec2fa428c7d482616c4aed2b11c6cfcd0da441dc0e,0xca0840578f57fe71599d29375e16783424023357,0xc02aaa39b223fe8d0a0e5c4f27ead9083c756cc2,0x88ad09518695c6c3712ac10a214be5109a655671,1000000000000000000,Wrapped Ether,WETH,18,28,431905,85666131967,241765,1952687,deprecated,0x3ace4765,"wrapAndRelayTokens(address _receiver, bytes _data)",11598917,1
13909272,1640901573,0x252012c6937dcea02664ef36c08d0fc5e99bb37a7fa9fa410289184f3f4e5a68,6837,0x86cda3b72b7fc614c0c809c18482b6dba48a0f5b4d998205d9da2becf37a1d06,0x88ad09518695c6c3712ac10a214be5109a655671,0xc02aaa39b223fe8d0a0e5c4f27ead9083c756cc2,0xca0840578f57fe71599d29375e16783424023357,990084000000000000,Wrapped Ether,WETH,18,43,1658153,104000000000,273678,2562406,deprecated,0x3f7658fd,"executeSignatures(bytes message, bytes signatures)",11598765,1
13909402,1640903679,0xe555f1487b30a46de31f3982b3a071ee74c3dc5dd367970087fd97c36530184f,6838,0xe89cabaf8740d268dff0ca4263c23d4868315aa5abe5be87f2972f439aa37076,0x88ad09518695c6c3712ac10a214be5109a655671,0xc02aaa39b223fe8d0a0e5c4f27ead9083c756cc2,0xca0840578f57fe71599d29375e16783424023357,529335936307651279,Wrapped Ether,WETH,18,196,1658165,117000000000,273688,13765873,deprecated,0x3f7658fd,"executeSignatures(bytes message, bytes signatures)",11598635,1
13909894,1640910583,0xf332ebbda1380b5cc5c58d4f08c8f93059becdf93a80160a645d83bb39c8443b,6839,0xc63ad4f7475157b1897a9284013b2750e5e4c4c342ec870f963157df0971a5d7,0x88ad09518695c6c3712ac10a214be5109a655671,0xc02aaa39b223fe8d0a0e5c4f27ead9083c756cc2,0xca0840578f57fe71599d29375e16783424023357,1000000000000000000,Wrapped Ether,WETH,18,101,1658141,150000000000,287348,6304495,deprecated,0x3f7658fd,"executeSignatures(bytes message, bytes signatures)",11598143,1
13909901,1640910752,0xf5db65411ddb30beeed4a706ab2fbcb5e8974585e1caef18f70fca1b164d1d1e,5,0xe1288a584d5ade6cf3a7a5f6c142a952c74f9d4811debc791e4eee0798aa7184,0xca0840578f57fe71599d29375e16783424023357,0xc02aaa39b223fe8d0a0e5c4f27ead9083c756cc2,0x88ad09518695c6c3712ac10a214be5109a655671,300000000000000000,Wrapped Ether,WETH,18,27,431905,139567623512,241765,1400141,deprecated,0x3ace4765,"wrapAndRelayTokens(address _receiver, bytes _data)",11598136,1
13910625,1640919992,0xde0c60f1424f940a8e50ed2d863d95018fc88d474b477ccd1827671299131e49,5,0x698c97f623e3a3d4e045d0ac4110b90797627668fb0b4f4d880c2af25eff7719,0xca0840578f57fe71599d29375e16783424023357,0xc02aaa39b223fe8d0a0e5c4f27ead9083c756cc2,0x88ad09518695c6c3712ac10a214be5109a655671,1000000000000000000,Wrapped Ether,WETH,18,39,436564,100978373022,247538,2908807,deprecated,0x9254c66e,"wrapAndRelayTokens(address _receiver,bytes _data,tuple _account)",11597412,1
13910663,1640920541,0x0d9b2f2602125554e7164bcd54dcfa3aa83c597eebd34a3e09141f6a66f96802,6,0x8f98d3b1cd29c8f1ff91e2270723d2892632dec8d95a97df885b737d47818488,0xca0840578f57fe71599d29375e16783424023357,0xc02aaa39b223fe8d0a0e5c4f27ead9083c756cc2,0x88ad09518695c6c3712ac10a214be5109a655671,1000000000000000000,Wrapped Ether,WETH,18,214,431833,101241386680,241717,15169768,deprecated,0x3ace4765,"wrapAndRelayTokens(address _receiver, bytes _data)",11597374,1
13910719,1640921110,0xe178ff51e8d7ef09742b71e5614de0f430920dd3c21aaf5f84e66370091c77fd,809,0x4ae8787ddec860efa6a475ac44c0f5c7ea4c2b5a6e93d76174678e693c9b824b,0xca0840578f57fe71599d29375e16783424023357,0xc02aaa39b223fe8d0a0e5c4f27ead9083c756cc2,0x88ad09518695c6c3712ac10a214be5109a655671,200000000000000000,Wrapped Ether,WETH,18,25,431923,84288850833,241777,1971906,deprecated,0x3ace4765,"wrapAndRelayTokens(address _receiver, bytes _data)",11597318,1
13910790,1640922376,0xc9bcb49d98699767649ba96747739ae4eb6e996f15058facbd912fc8870599fd,6840,0x444b3ffe1098283dacf58fd40715e9ddf01716e6f300690fc89ef9b5579ec8e0,0x88ad09518695c6c3712ac10a214be5109a655671,0xc02aaa39b223fe8d0a0e5c4f27ead9083c756cc2,0xca0840578f57fe71599d29375e16783424023357,500000000000000000,Wrapped Ether,WETH,18,3,1658141,169000000000,273668,691132,deprecated,0x3f7658fd,"executeSignatures(bytes message, bytes signatures)",11597247,1
13910917,1640924184,0xdb57a760e8d9972f7f8c1872c260227b2fd8aca439c88732301329dab6b652b9,6841,0x922a9c1aebf9dcdd05bc03334be7e8f5dbc997b5d0f4fcace0b2f3c7eb5604b2,0x88ad09518695c6c3712ac10a214be5109a655671,0xc02aaa39b223fe8d0a0e5c4f27ead9083c756cc2,0xca0840578f57fe71599d29375e16783424023357,288694970788580282,Wrapped Ether,WETH,18,14,1658165,147000000000,273688,2233240,deprecated,0x3f7658fd,"executeSignatures(bytes message, bytes signatures)",11597120,1
13911015,1640925397,0xb2f02c7b8c8d1a64a2a2848454ce1e4372557a8810c3e40f26169176861de13c,1109,0x000cd4969bfe25e5a5d74d8971d18048ecd8883bf6f01d9cb8f76aec3e2dece8,0xca0840578f57fe71599d29375e16783424023357,0xc02aaa39b223fe8d0a0e5c4f27ead9083c756cc2,0x88ad09518695c6c3712ac10a214be5109a655671,1000000000000000000,Wrapped Ether,WETH,18,13,431851,105382092843,241729,1123412,deprecated,0x3ace4765,"wrapAndRelayTokens(address _receiver, bytes _data)",11597022,1
13911083,1640926086,0xa07100e372c007389b98c1d4a67cb29eb009f220f9883543dc1cae5f2f7154c4,6842,0x376fd975bd64e606731b4fa433d667eceb470bfeb8c754465d39a151210f2f36,0x88ad09518695c6c3712ac10a214be5109a655671,0xc02aaa39b223fe8d0a0e5c4f27ead9083c756cc2,0xca0840578f57fe71599d29375e16783424023357,1000000000000000000,Wrapped Ether,WETH,18,8,1658141,124000000000,253668,905491,deprecated,0x3f7658fd,"executeSignatures(bytes message, bytes signatures)",11596954,1
13911108,1640926387,0x20550e603ded039d60807f0167ff1b585ddd8f519dc9897bcdcfc68bc6a26278,6843,0x02f7f5b7c5d806e5c1690eaac43c6d271690062708e007f49daa95468a0f63e6,0x88ad09518695c6c3712ac10a214be5109a655671,0xc02aaa39b223fe8d0a0e5c4f27ead9083c756cc2,0xca0840578f57fe71599d29375e16783424023357,1000000000000000000,Wrapped Ether,WETH,18,24,1658117,124000000000,253649,1667029,deprecated,0x3f7658fd,"executeSignatures(bytes message, bytes signatures)",11596929,1
13911275,1640928948,0x981a7a0ccf51f31a0c2023493c52a025a188236d9f874f1c2216c668be6a7809,6,0x1ac9f94759d7cb2368d0dd67e2508db97bff668cf0273eabe22b534144601ba8,0xca0840578f57fe71599d29375e16783424023357,0xc02aaa39b223fe8d0a0e5c4f27ead9083c756cc2,0x88ad09518695c6c3712ac10a214be5109a655671,250000000000000000,Wrapped Ether,WETH,18,129,431905,90761743974,241765,8407247,deprecated,0x3ace4765,"wrapAndRelayTokens(address _receiver, bytes _data)",11596762,1
13912766,1640948630,0x43518d4565e82ca71c37f89b959ca3bb090c88b25fbfa898791931457f2ecf52,7,0x486a0587510e4c59ae50110c4e15acb28cad974f4621b156d9a7b470c4f567c9,0xca0840578f57fe71599d29375e16783424023357,0xc02aaa39b223fe8d0a0e5c4f27ead9083c756cc2,0x88ad09518695c6c3712ac10a214be5109a655671,100000000000000000,Wrapped Ether,WETH,18,125,431905,68224773652,241765,7540182,deprecated,0x3ace4765,"wrapAndRelayTokens(address _receiver, bytes _data)",11595271,1
13912787,1640948861,0x1836db606f068ad615a8110b4b329a29e27cf0866214b6c8be279a5be073fe19,155,0xd66e052d11d1c5f0aefb0634c6acfb14aa02b8c1b1c92e59178d71784f391591,0xca0840578f57fe71599d29375e16783424023357,0xc02aaa39b223fe8d0a0e5c4f27ead9083c756cc2,0x88ad09518695c6c3712ac10a214be5109a655671,122647131559891647,Wrapped Ether,WETH,18,89,431977,63721938924,241813,5607614,deprecated,0x3ace4765,"wrapAndRelayTokens(address _receiver, bytes _data)",11595250,1
13912794,1640948934,0x6e37ba28cbd28650b951d1a8b670a17d3f1b193a5c7521c36e14ae889e516905,8,0x8d00878b0930522cc675206a8ec3f413ea772f4ff92ef56dd035cb598574c7a9,0xca0840578f57fe71599d29375e16783424023357,0xc02aaa39b223fe8d0a0e5c4f27ead9083c756cc2,0x88ad09518695c6c3712ac10a214be5109a655671,100000000000000000,Wrapped Ether,WETH,18,233,431941,56209228149,241789,17437378,deprecated,0x3ace4765,"wrapAndRelayTokens(address _receiver, bytes _data)",11595243,1
13913187,1640954354,0x5b3bd4b5e9520cfd5588ec0fa90b26416812b5cf662616019da8b3c2f82dc983,6844,0xe941441dbe2b9325d66516cf20dba4c54b63988823ca73ed8f8df8a865b74d0d,0x88ad09518695c6c3712ac10a214be5109a655671,0xc02aaa39b223fe8d0a0e5c4f27ead9083c756cc2,0xca0840578f57fe71599d29375e16783424023357,1000000000000000000,Wrapped Ether,WETH,18,80,1658141,85000000000,273668,5516501,deprecated,0x3f7658fd,"executeSignatures(bytes message, bytes signatures)",11594850,1
13913278,1640955745,0x44cbeb31e9870d7e85fbb7adf706839ade050c270a44ae9016141d54e63158b8,6845,0x2cab344c77045a61c039f0a221115bf96e1b5bcfdfcff35d125c66ec03978049,0x88ad09518695c6c3712ac10a214be5109a655671,0xc02aaa39b223fe8d0a0e5c4f27ead9083c756cc2,0xca0840578f57fe71599d29375e16783424023357,500000000000000000,Wrapped Ether,WETH,18,70,1658141,88000000000,253668,4546951,deprecated,0x3f7658fd,"executeSignatures(bytes message, bytes signatures)",11594759,1
13913286,1640955832,0xc63b7ae2443803347be360db01fa5760eaa609f2c757245a6fbe351128e51907,53,0x7d7550b0964ca0f3a5a898fd73f7cebb20fa1aae48090171daf3d6a86cb1d753,0xca0840578f57fe71599d29375e16783424023357,0xc02aaa39b223fe8d0a0e5c4f27ead9083c756cc2,0x88ad09518695c6c3712ac10a214be5109a655671,300000000000000000,Wrapped Ether,WETH,18,19,436582,67102973138,247550,1705027,deprecated,0x9254c66e,"wrapAndRelayTokens(address _receiver,bytes _data,tuple _account)",11594751,1
13913287,1640955833,0x9701d10b72cc29b4953a2c674a35b0e0a1fede4014d5d4aa60856489ee70836a,156,0xa9542cc66f143aacae9768a543d5d38a2344def85721fae4e28cc867ee735b90,0xca0840578f57fe71599d29375e16783424023357,0xc02aaa39b223fe8d0a0e5c4f27ead9083c756cc2,0x88ad09518695c6c3712ac10a214be5109a655671,28892415996261301,Wrapped Ether,WETH,18,213,431959,62342874930,241801,15268436,deprecated,0x3ace4765,"wrapAndRelayTokens(address _receiver, bytes _data)",11594750,1
13913317,1640956213,0x4a7dbbc34982169a0c29bf1c88e31f14f0cc84edaef5cb90228bc3dcfe26fe51,6846,0x8739c4cb7efd7a0cb88ea82d3719b0c3da0f566926826fd2d31b23b73cc098a1,0x88ad09518695c6c3712ac10a214be5109a655671,0xc02aaa39b223fe8d0a0e5c4f27ead9083c756cc2,0xca0840578f57fe71599d29375e16783424023357,300000000000000000,Wrapped Ether,WETH,18,5,1658141,88000000000,253668,608005,deprecated,0x3f7658fd,"executeSignatures(bytes message, bytes signatures)",11594720,1
13913341,1640956554,0x81fb22b3be54b9d062423ee4036f604902513114feaff51c3d4aee9d22eb1749,6847,0x7f364cf372aa4f2bee02d4ab28bdc1fb21f1c9ba94c72a9648a44d61676e9ad2,0x88ad09518695c6c3712ac10a214be5109a655671,0xc02aaa39b223fe8d0a0e5c4f27ead9083c756cc2,0xca0840578f57fe71599d29375e16783424023357,150000000000000000,Wrapped Ether,WETH,18,14,1658153,91000000000,273678,887418,deprecated,0x3f7658fd,"executeSignatures(bytes message, bytes signatures)",11594696,1
13913433,1640957697,0x5feb248ff55af500b9ca83f8f88e74e553fc2d9d54d2969ddece513f0a72a941,15,0xc5f12626e5d58e5d6cb5a3303cdf6646ba5f56ff23f909d39ea1a9f1982b7a9d,0xca0840578f57fe71599d29375e16783424023357,0xc02aaa39b223fe8d0a0e5c4f27ead9083c756cc2,0x88ad09518695c6c3712ac10a214be5109a655671,500000000000000000,Wrapped Ether,WETH,18,176,431869,61390307382,241741,11250998,deprecated,0x3ace4765,"wrapAndRelayTokens(address _receiver, bytes _data)",11594604,1
13913478,1640958373,0x0d6b8067ace9bd20a6caa195887a2809a9ab2b8a4953697b17d0503158ef0837,6848,0xdc2aa2443ce83815ec60f85405c7eca07b47667a162634d3682339effe172658,0x88ad09518695c6c3712ac10a214be5109a655671,0xc02aaa39b223fe8d0a0e5c4f27ead9083c756cc2,0xca0840578f57fe71599d29375e16783424023357,50000000000000000,Wrapped Ether,WETH,18,72,1658129,84000000000,253659,5971556,deprecated,0x3f7658fd,"executeSignatures(bytes message, bytes signatures)",11594559,1
13913507,1640958737,0x86d63eaf5f5630ab25e481216ba007fec90005f1c561b93d4632534803daad33,6849,0x8d4d3bf6d3325c68f4ec7744645a6f82e097d41ff96fc905cfc8c9ea30c43143,0x88ad09518695c6c3712ac10a214be5109a655671,0xc02aaa39b223fe8d0a0e5c4f27ead9083c756cc2,0xca0840578f57fe71599d29375e16783424023357,443609380249349007,Wrapped Ether,WETH,18,13,1658165,84000000000,253688,4718200,deprecated,0x3f7658fd,"executeSignatures(bytes message, bytes signatures)",11594530,1
13913526,1640958981,0x4a66db9b1a4c50bfd6ac816c240225bd4137ce73d9dec1920b014f0d5c1374f3,967,0xb768f6b331cda05db16fd42ded3b990b4f1b31a7ef0854b9a2a35caeb91edc54,0xca0840578f57fe71599d29375e16783424023357,0xc02aaa39b223fe8d0a0e5c4f27ead9083c756cc2,0x88ad09518695c6c3712ac10a214be5109a655671,1000000000000000000,Wrapped Ether,WETH,18,112,431923,75503421272,241777,7311406,deprecated,0x3ace4765,"wrapAndRelayTokens(address _receiver, bytes _data)",11594511,1
13913549,1640959272,0x5015f0e6faf8b0227cd7b5c3e89fa5f569071352c6aefe65473007caefaed8c7,6850,0xae3e4f2d3afede8236754e1c8459e55e8082248a033eda3151163099e72f67ba,0x88ad09518695c6c3712ac10a214be5109a655671,0xc02aaa39b223fe8d0a0e5c4f27ead9083c756cc2,0xca0840578f57fe71599d29375e16783424023357,100000000000000000,Wrapped Ether,WETH,18,87,1658141,84000000000,273668,4129581,deprecated,0x3f7658fd,"executeSignatures(bytes message, bytes signatures)",11594488,1
13913595,1640960013,0x3c5e70919f2a94c7a707ca152d8670a29cbdec91d26f54f3375d6d2a97f40020,6851,0x47956cf1deafc379538b6342cc06bbe09b41a66b7ab012b0ffa873620e34a71c,0x88ad09518695c6c3712ac10a214be5109a655671,0xc02aaa39b223fe8d0a0e5c4f27ead9083c756cc2,0xca0840578f57fe71599d29375e16783424023357,990000000000000000,Wrapped Ether,WETH,18,77,1658129,86000000000,273659,6153152,deprecated,0x3f7658fd,"executeSignatures(bytes message, bytes signatures)",11594442,1
13913601,1640960125,0x7169e84a473eb784602709b60b4024550f88f53320e47dca86ca00fe063423db,1111,0xaf6b5d6345740002f4ec24a2cacf2d7c627afd84d350cb4976ec12491ee8659f,0xca0840578f57fe71599d29375e16783424023357,0xc02aaa39b223fe8d0a0e5c4f27ead9083c756cc2,0x88ad09518695c6c3712ac10a214be5109a655671,1000000000000000000,Wrapped Ether,WETH,18,139,431941,92881816720,241789,9687312,deprecated,0x3ace4765,"wrapAndRelayTokens(address _receiver, bytes _data)",11594436,1
13913602,1640960155,0x730d7739839e4f98d0d665991762860c7e0cfae22fa2992d99422b1aab511c48,6852,0x1391de0ca646c789e43dccad2a125794c08817d5115274f561a536f4997bc87d,0x88ad09518695c6c3712ac10a214be5109a655671,0xc02aaa39b223fe8d0a0e5c4f27ead9083c756cc2,0xca0840578f57fe71599d29375e16783424023357,100000000000000000,Wrapped Ether,WETH,18,100,1658141,100000000000,253668,6323903,deprecated,0x3f7658fd,"executeSignatures(bytes message, bytes signatures)",11594435,1
13913750,1640962299,0xe6902d9b87274c67d5e67d1d792410f9603e42d006b101b093fd27e88db5a0a3,968,0xe0a432fe179102aace99e671051668dcc6822a9dbbf007aa6cc99f3ccb4d2c9a,0xca0840578f57fe71599d29375e16783424023357,0xc02aaa39b223fe8d0a0e5c4f27ead9083c756cc2,0x88ad09518695c6c3712ac10a214be5109a655671,1000000000000000000,Wrapped Ether,WETH,18,149,431923,82665785612,241777,13285903,deprecated,0x3ace4765,"wrapAndRelayTokens(address _receiver, bytes _data)",11594287,1
13913789,1640962845,0xd0d49e02b8db72b0ee141551b51590af6c36522ebc61473d1b34ab0536584d59,6853,0x65d54eab252483c74bb689a68eab52fa1794c6e14262b787ea3f5e5845f94158,0x88ad09518695c6c3712ac10a214be5109a655671,0xc02aaa39b223fe8d0a0e5c4f27ead9083c756cc2,0xca0840578f57fe71599d29375e16783424023357,1000000000000000000,Wrapped Ether,WETH,18,9,1658153,107000000000,253678,1461671,deprecated,0x3f7658fd,"executeSignatures(bytes message, bytes signatures)",11594248,1
13913886,1640964080,0xaf2e3dcf67901c56ce7608eee73b43099712db362b87f65fcd23bd37a89757e9,6854,0xd02a71d9c17410d768939a1febb98db70ca655405c98aa52e427d0264caa56f8,0x88ad09518695c6c3712ac10a214be5109a655671,0xc02aaa39b223fe8d0a0e5c4f27ead9083c756cc2,0xca0840578f57fe71599d29375e16783424023357,300000000000000000,Wrapped Ether,WETH,18,11,1658153,110000000000,253678,1480058,deprecated,0x3f7658fd,"executeSignatures(bytes message, bytes signatures)",11594151,1
13914045,1640966288,0x736e4edb7a768d6506737a40bc5a4f975e5d65355a1011e5ef2732c0e3a51cdb,6855,0x772821465a5188b3a681f02392e5b55d90ee6ce67f9e457ee7af806fad5c7913,0x88ad09518695c6c3712ac10a214be5109a655671,0xc02aaa39b223fe8d0a0e5c4f27ead9083c756cc2,0xca0840578f57fe71599d29375e16783424023357,980000000000000000,Wrapped Ether,WETH,18,54,1658153,101000000000,273678,4832149,deprecated,0x3f7658fd,"executeSignatures(bytes message, bytes signatures)",11593992,1
13914117,1640967238,0x879edeb03432cff3abe29f8154ce2ccf17e66ffe7e43cd0081efedf5fa40ba67,6856,0xd4c5eae5163b7733986c7d293986de8d7ab0f7ce5c4f70f87351f4f2c70dc0c3,0x88ad09518695c6c3712ac10a214be5109a655671,0xc02aaa39b223fe8d0a0e5c4f27ead9083c756cc2,0xca0840578f57fe71599d29375e16783424023357,50000000000000000,Wrapped Ether,WETH,18,4,1658105,115000000000,253640,1279721,deprecated,0x3f7658fd,"executeSignatures(bytes message, bytes signatures)",11593920,1
13914271,1640969339,0xc75e4e2dfb8acacdcfeb60afebb63833b1dea75b049e137b09f6a42122b7d7ea,29,0xde01b2e35c0dffc22fb271e19db9ca8d9a9030827b00d871bddd7dd04164e6a0,0xca0840578f57fe71599d29375e16783424023357,0xc02aaa39b223fe8d0a0e5c4f27ead9083c756cc2,0x88ad09518695c6c3712ac10a214be5109a655671,100000000000000000,Wrapped Ether,WETH,18,94,431887,69898679444,241753,6174703,deprecated,0x3ace4765,"wrapAndRelayTokens(address _receiver, bytes _data)",11593766,1
13914421,1640971324,0xb0bbce8ce71b042c7b471670a1d6b897cf740d2753ebd673a433a7b4d695a54c,133,0x7fefa4a67dc4b416dc31e8c12e5cb59239c4bec9d5a8eb2d7e0f21a269d494cb,0xca0840578f57fe71599d29375e16783424023357,0xc02aaa39b223fe8d0a0e5c4f27ead9083c756cc2,0x88ad09518695c6c3712ac10a214be5109a655671,300000000000000000,Wrapped Ether,WETH,18,144,436546,113091219309,247526,9582672,deprecated,0x9254c66e,"wrapAndRelayTokens(address _receiver,bytes _data,tuple _account)",11593616,1
13914491,1640972348,0xc91ea8d154ffc2e7e8eaea18c0fbce82c7c03583f213006b14fd387bc5248012,6857,0x54aecb2459beb5259c89ef7d9299252cbef855801c3c2874551d86dd310d8c25,0x88ad09518695c6c3712ac10a214be5109a655671,0xc02aaa39b223fe8d0a0e5c4f27ead9083c756cc2,0xca0840578f57fe71599d29375e16783424023357,90000000000000000,Wrapped Ether,WETH,18,15,1658153,156000000000,273678,968308,deprecated,0x3f7658fd,"executeSignatures(bytes message, bytes signatures)",11593546,1
13914500,1640972485,0x9e2ea0c606e1bd1ee9c1fef8af63901e5a0078bb4d993d9f4b9da61fa2360be2,6858,0x77e51821d97d2b96b917a6a7c90e8581a0fc6fd570060464208032ae75fa8397,0x88ad09518695c6c3712ac10a214be5109a655671,0xc02aaa39b223fe8d0a0e5c4f27ead9083c756cc2,0xca0840578f57fe71599d29375e16783424023357,200000000000000000,Wrapped Ether,WETH,18,22,1658141,156000000000,273668,2394559,deprecated,0x3f7658fd,"executeSignatures(bytes message, bytes signatures)",11593537,1
13914541,1640973018,0x989156d9209b4d228ac4c7318d050fc333a41546df2ee7de173a94615d0e1223,6859,0x9a8ae0fae4e1099fea7701e1a461fa7253bb5bed03b7ed3eb310729ad22ae8cf,0x88ad09518695c6c3712ac10a214be5109a655671,0xc02aaa39b223fe8d0a0e5c4f27ead9083c756cc2,0xca0840578f57fe71599d29375e16783424023357,100000000000000000,Wrapped Ether,WETH,18,39,1658129,156000000000,253659,5016687,deprecated,0x3f7658fd,"executeSignatures(bytes message, bytes signatures)",11593496,1
13914876,1640977707,0x659d1eca31272ecf44fb1f08f14e48f67506dbcead46dba78ec7d9db9874a68c,4,0x7526740b08f02393f7cd596ac1884809548d9b15a0099734700394bab57c5ec3,0xca0840578f57fe71599d29375e16783424023357,0xc02aaa39b223fe8d0a0e5c4f27ead9083c756cc2,0x88ad09518695c6c3712ac10a214be5109a655671,1000000000000000000,Wrapped Ether,WETH,18,61,436546,90583745416,247526,3962341,deprecated,0x9254c66e,"wrapAndRelayTokens(address _receiver,bytes _data,tuple _account)",11593161,1
13915040,1640979915,0x6a03faf8f66baa1bfbc8cb2835a8401e9ce07c66eec0901807c0d9e40014ef26,0,0x04ced283c65e9ae2d3721ed533a20996119ea6bb27d401aff8010b005769ba49,0xca0840578f57fe71599d29375e16783424023357,0xc02aaa39b223fe8d0a0e5c4f27ead9083c756cc2,0x88ad09518695c6c3712ac10a214be5109a655671,243040550000000000,Wrapped Ether,WETH,18,50,436618,81597426959,247574,3684516,deprecated,0x9254c66e,"wrapAndRelayTokens(address _receiver,bytes _data,tuple _account)",11592997,1
13915210,1640982274,0x9641726e142eb2be93d5b4e2e2cf9d7b11f46598d933446d0c27747c66694593,1771,0xea4078ba4b7e1281ad50c4be4788e21a8090c8c5d6e418c9ee91d35636baf649,0xca0840578f57fe71599d29375e16783424023357,0xc02aaa39b223fe8d0a0e5c4f27ead9083c756cc2,0x88ad09518695c6c3712ac10a214be5109a655671,1000000000000000000,Wrapped Ether,WETH,18,25,436528,80389878467,247514,2124666,deprecated,0x9254c66e,"wrapAndRelayTokens(address _receiver,bytes _data,tuple _account)",11592827,1
13915293,1640983194,0x2f8eb0a7514f741dca7691dce7b2ead49ffbca84aeb8f078a3f4c40fc17fabac,6860,0x6164fa8c91a13d47e954a0001b4a66b7d30ce698898d4ef9e2de1d011571ba9a,0x88ad09518695c6c3712ac10a214be5109a655671,0xc02aaa39b223fe8d0a0e5c4f27ead9083c756cc2,0xca0840578f57fe71599d29375e16783424023357,989988000000000000,Wrapped Ether,WETH,18,6,1658165,121000000000,253688,1030787,deprecated,0x3f7658fd,"executeSignatures(bytes message, bytes signatures)",11592744,1
13915384,1640984473,0x360dd458f4eaa0385ab3bfaf3126626d7d7d2a1ef998ec33d0a253429a803009,6861,0x12faec8e506f62f5d107a9d1c13291d8975ca6c6e7a1b36fcb4ccd2245becc21,0x88ad09518695c6c3712ac10a214be5109a655671,0xc02aaa39b223fe8d0a0e5c4f27ead9083c756cc2,0xca0840578f57fe71599d29375e16783424023357,1000000000000000000,Wrapped Ether,WETH,18,28,1658153,114000000000,253678,2431591,deprecated,0x3f7658fd,"executeSignatures(bytes message, bytes signatures)",11592653,1
13915581,1640987358,0x809dbc7f883dc7469b9162522c6188064a550f9fe8f7df78900892126b534852,27,0x16ed0820fffcf5b876063fff29c371430fa6d036cf71d2dd4ae19f8cf8dc5ce2,0xca0840578f57fe71599d29375e16783424023357,0xc02aaa39b223fe8d0a0e5c4f27ead9083c756cc2,0x88ad09518695c6c3712ac10a214be5109a655671,340000000000000000,Wrapped Ether,WETH,18,49,431887,75818897008,241753,3077404,deprecated,0x3ace4765,"wrapAndRelayTokens(address _receiver, bytes _data)",11592456,1
13915655,1640988348,0x7e76d46ff77a6f584a19e71f381d37ab3ee1bf03f5c775bf0372bcf26ccd183d,27,0x9bd46f777c0f446f0437b412ad8418b689dc7cc74c8cc616e1371155a66c375d,0xca0840578f57fe71599d29375e16783424023357,0xc02aaa39b223fe8d0a0e5c4f27ead9083c756cc2,0x88ad09518695c6c3712ac10a214be5109a655671,999748816370563466,Wrapped Ether,WETH,18,19,436618,75454028749,247574,3659580,deprecated,0x9254c66e,"wrapAndRelayTokens(address _receiver,bytes _data,tuple _account)",11592382,1
13915674,1640988548,0x4ba258c6055d0aad9147693bb1a6a7568b1eaf6f8c46af95a87e5b926c7de76a,6862,0x66e03dfa133ad20a96cd95bac730d82469586c5b2a05fb53b45e0192b1790851,0x88ad09518695c6c3712ac10a214be5109a655671,0xc02aaa39b223fe8d0a0e5c4f27ead9083c756cc2,0xca0840578f57fe71599d29375e16783424023357,500000000000000000,Wrapped Ether,WETH,18,10,1658141,99000000000,253668,1320888,deprecated,0x3f7658fd,"executeSignatures(bytes message, bytes signatures)",11592363,1
13915747,1640989677,0x2a0b99e17cea7d3d74fdedaa9a461f715784c86bb0d8ac3e73b21af87a5819e6,6863,0xffafc18ba537e242b6078ac200dceafa218321586c2b4e28b91f1ece71a58c82,0x88ad09518695c6c3712ac10a214be5109a655671,0xc02aaa39b223fe8d0a0e5c4f27ead9083c756cc2,0xca0840578f57fe71599d29375e16783424023357,500000000000000000,Wrapped Ether,WETH,18,38,1658117,94000000000,273649,1621093,deprecated,0x3f7658fd,"executeSignatures(bytes message, bytes signatures)",11592290,1
13915774,1640990003,0xddba3c39d77df10decdc39ba3d8a4503a5c4b0a2ba3397efecea7eeb04ba806b,6864,0xe7a77f3fa7b289e7a97222589db864eb55f7a4bfde40eed7953f2894e508bf82,0x88ad09518695c6c3712ac10a214be5109a655671,0xc02aaa39b223fe8d0a0e5c4f27ead9083c756cc2,0xca0840578f57fe71599d29375e16783424023357,480000000000000000,Wrapped Ether,WETH,18,46,1658153,120000000000,273678,2402558,deprecated,0x3f7658fd,"executeSignatures(bytes message, bytes signatures)",11592263,1
13918321,1641024093,0xde163a0465f594dc9c7f4df5d8e560bc323af27ebc1d9f37570aa82be050cfa6,77,0xda1afd7f720628535169bc4a1743d59b8a758331d4bbb11a75dc6ab51da9bfc0,0xca0840578f57fe71599d29375e16783424023357,0xc02aaa39b223fe8d0a0e5c4f27ead9083c756cc2,0x88ad09518695c6c3712ac10a214be5109a655671,1000000000000000000,Wrapped Ether,WETH,18,23,458395,68280014832,258877,3115872,deprecated,0x3ace4765,"wrapAndRelayTokens(address _receiver, bytes _data)",11589716,1
13918386,1641025094,0xdcaa71f628ed6337a877e39a07710c8e9c672cdd7f7137995f73d7282041610c,6865,0x32abc6973c165f711c5914e4e3d732f6d7e15d86077b69b35202c78bd113d15b,0x88ad09518695c6c3712ac10a214be5109a655671,0xc02aaa39b223fe8d0a0e5c4f27ead9083c756cc2,0xca0840578f57fe71599d29375e16783424023357,500000000000000000,Wrapped Ether,WETH,18,18,1658153,87000000000,287358,1273274,deprecated,0x3f7658fd,"executeSignatures(bytes message, bytes signatures)",11589651,1
13918441,1641025833,0xa7a39759a7db50cb003362c97322730932d9fa5796d81260cb914a0e0a706be4,6866,0x37d25e4f003123fa88b963c9e61ccd3693bd0c42d54052428d484dd8d3fcdf75,0x88ad09518695c6c3712ac10a214be5109a655671,0xc02aaa39b223fe8d0a0e5c4f27ead9083c756cc2,0xca0840578f57fe71599d29375e16783424023357,490000000000000000,Wrapped Ether,WETH,18,45,1658129,77000000000,253659,2809019,deprecated,0x3f7658fd,"executeSignatures(bytes message, bytes signatures)",11589596,1
13918451,1641025949,0xb49cd0859f50f87b91727afba979e88552dd0cc420cca701b39264dabfa18cc4,6867,0xaa81a5e26274d25ad822e91ed41248d2a141c13522dfa4a468e51b03b322b094,0x88ad09518695c6c3712ac10a214be5109a655671,0xc02aaa39b223fe8d0a0e5c4f27ead9083c756cc2,0xca0840578f57fe71599d29375e16783424023357,100000000000000000,Wrapped Ether,WETH,18,67,1658141,77000000000,253668,5138643,deprecated,0x3f7658fd,"executeSignatures(bytes message, bytes signatures)",11589586,1
13918504,1641026541,0xa528d1172857e2c1987da9af34a973aa353d86bb2429375be4c4153d5abba984,78,0x4ce47191174de8e79fd7f98cb510d15cfdcd6a9baf3e6040c00eda87711e7bdc,0xca0840578f57fe71599d29375e16783424023357,0xc02aaa39b223fe8d0a0e5c4f27ead9083c756cc2,0x88ad09518695c6c3712ac10a214be5109a655671,1000000000000000000,Wrapped Ether,WETH,18,120,431905,66594009324,241765,11469851,deprecated,0x3ace4765,"wrapAndRelayTokens(address _receiver, bytes _data)",11589533,1
13918570,1641027324,0x43b8e0878c7c64aad403ea0831102ba852f6102a8ae8cc3ea0200c962a0f8c06,1,0xd81bde034d1b67a182d92f0443596fd56086d7661485790787fac9be20e25262,0xca0840578f57fe71599d29375e16783424023357,0xc02aaa39b223fe8d0a0e5c4f27ead9083c756cc2,0x88ad09518695c6c3712ac10a214be5109a655671,1000000000000000000,Wrapped Ether,WETH,18,58,316717,57759872199,241753,3342154,deprecated,0x3ace4765,"wrapAndRelayTokens(address _receiver, bytes _data)",11589467,1
13918571,1641027339,0x10f2f1f2cce28d5b5d1110e7cfcbdc6b0b49959d3aa92ee0e42ef17251df0a7e,6868,0x499be43a0a571759c96d1804ee1c5cadbbf7a8c1df399eb23eb43e61119d7c6b,0x88ad09518695c6c3712ac10a214be5109a655671,0xc02aaa39b223fe8d0a0e5c4f27ead9083c756cc2,0xca0840578f57fe71599d29375e16783424023357,990100000000000000,Wrapped Ether,WETH,18,0,1658165,104000000000,253688,253688,deprecated,0x3f7658fd,"executeSignatures(bytes message, bytes signatures)",11589466,1
13918621,1641028096,0x734f2a664e573549cd75b6ab38bbc9f40674e3a217b8754d80abb7d5b54e8b24,6869,0x8364acb2af0be2a58508574329c417a3de12ae1afea84e95be76ad2b33dae451,0x88ad09518695c6c3712ac10a214be5109a655671,0xc02aaa39b223fe8d0a0e5c4f27ead9083c756cc2,0xca0840578f57fe71599d29375e16783424023357,500000000000000000,Wrapped Ether,WETH,18,34,1658141,92000000000,273668,1879771,deprecated,0x3f7658fd,"executeSignatures(bytes message, bytes signatures)",11589416,1
13918806,1641030460,0xbee90fe1c8a8f7c781115eedf2e5bb32c5ca84f16cbd9769580f613fe1409eb7,3,0xbb17c8ff690e5bfc5d15bcb1c959eb3f6894f3153cab8555e3ac0400e2ea8f86,0xca0840578f57fe71599d29375e16783424023357,0xc02aaa39b223fe8d0a0e5c4f27ead9083c756cc2,0x88ad09518695c6c3712ac10a214be5109a655671,1000000000000000000,Wrapped Ether,WETH,18,42,316717,68461625888,241753,4006039,deprecated,0x3ace4765,"wrapAndRelayTokens(address _receiver, bytes _data)",11589231,1
13918876,1641031274,0x9ab59e581a716b9bfb8d8c40dd5a8ac9e2942db93c38d3fa9452d9ecfef7f8c9,6870,0xe3343ba4b58d499151688256c532cb996f3eaf87224e3afaf79ed7942d77450b,0x88ad09518695c6c3712ac10a214be5109a655671,0xc02aaa39b223fe8d0a0e5c4f27ead9083c756cc2,0xca0840578f57fe71599d29375e16783424023357,1000000000000000000,Wrapped Ether,WETH,18,78,1658117,77000000000,253649,4830455,deprecated,0x3f7658fd,"executeSignatures(bytes message, bytes signatures)",11589161,1
13918931,1641031916,0xca369d8f8a2be74d89603592b97d86d7ffaf19084eeeb3aeef33e3f187600dc7,4,0xc775dc33d697113e61e3665d1826e8261fed47014f348f2ecee7eba8d15dfb83,0xca0840578f57fe71599d29375e16783424023357,0xc02aaa39b223fe8d0a0e5c4f27ead9083c756cc2,0x88ad09518695c6c3712ac10a214be5109a655671,1000000000000000000,Wrapped Ether,WETH,18,21,316704,52784477004,241741,1791197,deprecated,0x3ace4765,"wrapAndRelayTokens(address _receiver, bytes _data)",11589106,1
13918967,1641032352,0x2478f54a96cf7c5eccad099df8d57f6e23968c8e7f7cd7d9f9676108376a9e10,5,0x04339dec3e3018a4ba28871ba63a437fb849b06eec8d8f9e54fa2af08b7eb1ab,0xca0840578f57fe71599d29375e16783424023357,0xc02aaa39b223fe8d0a0e5c4f27ead9083c756cc2,0x88ad09518695c6c3712ac10a214be5109a655671,1000000000000000000,Wrapped Ether,WETH,18,43,316704,75652014591,241741,1629244,deprecated,0x3ace4765,"wrapAndRelayTokens(address _receiver, bytes _data)",11589070,1
13919054,1641033380,0xf88050f1d0cf0bb0844f22401479d99915320f9a91b58fe4063d88cbc30aadac,969,0x9f729f12f55d0f25f54755815040cecedb8aedbfd22ddba7d0c39c278d2c3cfe,0xca0840578f57fe71599d29375e16783424023357,0xc02aaa39b223fe8d0a0e5c4f27ead9083c756cc2,0x88ad09518695c6c3712ac10a214be5109a655671,200000000000000000,Wrapped Ether,WETH,18,158,431833,51484747857,241717,10583654,deprecated,0x3ace4765,"wrapAndRelayTokens(address _receiver, bytes _data)",11588983,1
13919250,1641036033,0x4737e2c17df08193fa6a4dcc5a2e78f0159d63896096dec2ae85de9e0b4db3ff,6871,0x7f8bc72d1a359c3b2c1961cae26ebb50006fbfb0e25f9b29ee6a45b1fcd60de1,0x88ad09518695c6c3712ac10a214be5109a655671,0xc02aaa39b223fe8d0a0e5c4f27ead9083c756cc2,0xca0840578f57fe71599d29375e16783424023357,1000000000000000000,Wrapped Ether,WETH,18,38,1658105,65000000000,253640,3802624,deprecated,0x3f7658fd,"executeSignatures(bytes message, bytes signatures)",11588787,1
13919278,1641036383,0xf94fdde33c5004c931c628d345eb5b2b5499d3ae783a7a690dc49fe1b746e8be,6872,0x5ccfd5ef26298e5315c95b69073fe8234cb0789fd33f8859d86188acf8b32980,0x88ad09518695c6c3712ac10a214be5109a655671,0xc02aaa39b223fe8d0a0e5c4f27ead9083c756cc2,0xca0840578f57fe71599d29375e16783424023357,1000000000000000000,Wrapped Ether,WETH,18,31,1658129,65000000000,253659,2005943,deprecated,0x3f7658fd,"executeSignatures(bytes message, bytes signatures)",11588759,1
13919285,1641036480,0x09ed2f2ed598bdab7f063c79b9ce16129065d98d1edd5d6266350c818daab6c0,6,0xf77792814ef017e3238562d426f18a548901301ff3bde4a82f5f7a4c24bb9702,0xca0840578f57fe71599d29375e16783424023357,0xc02aaa39b223fe8d0a0e5c4f27ead9083c756cc2,0x88ad09518695c6c3712ac10a214be5109a655671,1000000000000000000,Wrapped Ether,WETH,18,92,431923,53566288769,241777,6176630,deprecated,0x3ace4765,"wrapAndRelayTokens(address _receiver, bytes _data)",11588752,1
13919292,1641036653,0x3a01b4b3c3f605da01e4acb4581d2ddab7cf151167c2cfd4bd0334acd4152bc5,6873,0xaad9d207486ab336b35cc30b73bb5693838bde91d0a0365120121fc7da3542ce,0x88ad09518695c6c3712ac10a214be5109a655671,0xc02aaa39b223fe8d0a0e5c4f27ead9083c756cc2,0xca0840578f57fe71599d29375e16783424023357,100000000000000000,Wrapped Ether,WETH,18,46,1658129,65000000000,273659,4163265,deprecated,0x3f7658fd,"executeSignatures(bytes message, bytes signatures)",11588745,1
13919351,1641037322,0xdc69d6719500e0a2e95a6cd1e74b44d06a1b8c24312347029433646da9982f42,6874,0xed447e1cc0edfcd6ea75480ce1fcb8fbb7591fb568e478a54991ab96c7462d49,0x88ad09518695c6c3712ac10a214be5109a655671,0xc02aaa39b223fe8d0a0e5c4f27ead9083c756cc2,0xca0840578f57fe71599d29375e16783424023357,1000000000000000000,Wrapped Ether,WETH,18,17,1658129,65000000000,253659,1303718,deprecated,0x3f7658fd,"executeSignatures(bytes message, bytes signatures)",11588686,1
13919391,1641037762,0x62f356dd7be9e4cb64617cc59c5786992aecea7b36de32dcfbdfd8b1f218c34a,7,0x3ab3470cd8339291e16f2cddebefa8f52ff944ecbc7d3ae19e66b8f7759c7e2e,0xca0840578f57fe71599d29375e16783424023357,0xc02aaa39b223fe8d0a0e5c4f27ead9083c756cc2,0x88ad09518695c6c3712ac10a214be5109a655671,800000000000000000,Wrapped Ether,WETH,18,63,431941,52401573137,241789,2643291,deprecated,0x3ace4765,"wrapAndRelayTokens(address _receiver, bytes _data)",11588646,1
13919431,1641038360,0xd280a4041126eb462ea4b5889c1d6a2b13812950363afe85def928f1349903e3,6875,0xaadb41362c132937e469699e4de42c96ccb22bc92af61ba32f1df182c4aea46b,0x88ad09518695c6c3712ac10a214be5109a655671,0xc02aaa39b223fe8d0a0e5c4f27ead9083c756cc2,0xca0840578f57fe71599d29375e16783424023357,1000000000000000000,Wrapped Ether,WETH,18,97,1658153,65000000000,253678,7168105,deprecated,0x3f7658fd,"executeSignatures(bytes message, bytes signatures)",11588606,1
13919464,1641038915,0xaa2162b349f014f71ecc3c423d05966c2f3c212d947070f0ff743971d91c076c,6876,0x7ccea1100af41dba6a55525abb2e6a5f7cd32d724d658a7d5b01566873d1ad23,0x88ad09518695c6c3712ac10a214be5109a655671,0xc02aaa39b223fe8d0a0e5c4f27ead9083c756cc2,0xca0840578f57fe71599d29375e16783424023357,100000000000000000,Wrapped Ether,WETH,18,15,1658141,63000000000,253668,1189462,deprecated,0x3f7658fd,"executeSignatures(bytes message, bytes signatures)",11588573,1
13919555,1641040157,0xb91a3cdf3124fafb5fadd63abdead411e64ebc1a1091e11477b6002c8da26b41,6877,0xea49174ae40325043ff3e8e8fe2314b51cc8ec517ad06fca754c20a220f9494d,0x88ad09518695c6c3712ac10a214be5109a655671,0xc02aaa39b223fe8d0a0e5c4f27ead9083c756cc2,0xca0840578f57fe71599d29375e16783424023357,100000000000000000,Wrapped Ether,WETH,18,87,1658153,63000000000,253678,5069250,deprecated,0x3f7658fd,"executeSignatures(bytes message, bytes signatures)",11588482,1
13919557,1641040188,0x956843cd333535c6f22ed08a39aefafc6eb44589820619429b82e5bc7cb5f53f,970,0x1b4736775594ef74bafda958508254bc00de2d345ce45a39e14e7f2e881bf8e3,0xca0840578f57fe71599d29375e16783424023357,0xc02aaa39b223fe8d0a0e5c4f27ead9083c756cc2,0x88ad09518695c6c3712ac10a214be5109a655671,1000000000000000000,Wrapped Ether,WETH,18,66,431887,73563775335,241753,3892556,deprecated,0x3ace4765,"wrapAndRelayTokens(address _receiver, bytes _data)",11588480,1
13919842,1641044228,0xe51ae6ed3e48ff1f78e164607b3715e7a5da386a074582482aec45176bd20d83,5,0xdb2e9c133ff84f6840b77e899fe210f3d47fa8f374703e679cd1b0b2e3856aca,0xca0840578f57fe71599d29375e16783424023357,0xc02aaa39b223fe8d0a0e5c4f27ead9083c756cc2,0x88ad09518695c6c3712ac10a214be5109a655671,78241886225966575,Wrapped Ether,WETH,18,227,431977,50272243634,241813,16362572,deprecated,0x3ace4765,"wrapAndRelayTokens(address _receiver, bytes _data)",11588195,1
13920095,1641047308,0xc55b9b7a5241492b48715388237567d062ad16368a1be8af9738280eb34328e2,6878,0xfeeacdb908bbb80e5217473e646e62a1956b7aee69887c2d6d51406bf425a424,0x88ad09518695c6c3712ac10a214be5109a655671,0xc02aaa39b223fe8d0a0e5c4f27ead9083c756cc2,0xca0840578f57fe71599d29375e16783424023357,1000000000000000000,Wrapped Ether,WETH,18,67,1658141,64000000000,253668,4016959,deprecated,0x3f7658fd,"executeSignatures(bytes message, bytes signatures)",11587942,1
13921199,1641062205,0x08bc59930fbc2ce143d708fd0ac640b1bebf4b32d02fd50e8f5362ad0bd9c070,971,0xfe5b142b382d47dfa3c1a88bbe485e9efdec7d5100fffe6421ce6d06a02fe18f,0xca0840578f57fe71599d29375e16783424023357,0xc02aaa39b223fe8d0a0e5c4f27ead9083c756cc2,0x88ad09518695c6c3712ac10a214be5109a655671,1000000000000000000,Wrapped Ether,WETH,18,54,431923,58465901624,241777,3612883,deprecated,0x3ace4765,"wrapAndRelayTokens(address _receiver, bytes _data)",11586838,1
13921333,1641064050,0x6a9332c1e0562ab249ef64c66cb916b0dac223b0d2672dd51218f6a54e23026e,6879,0xc57c8497652001dc0385f7df57cab712321fcd2d3c245fd8ce831661793d5125,0x88ad09518695c6c3712ac10a214be5109a655671,0xc02aaa39b223fe8d0a0e5c4f27ead9083c756cc2,0xca0840578f57fe71599d29375e16783424023357,1000000000000000000,Wrapped Ether,WETH,18,62,1658153,93000000000,253678,4021330,deprecated,0x3f7658fd,"executeSignatures(bytes message, bytes signatures)",11586704,1
13921358,1641064427,0xf43df1675558a776fc8c336c14185fafda1193424ea6384d2f3e580b0dae7e6f,6880,0xa74f9714544303f5a55e85f279e95de66c7262336e78640ece790da329d37832,0x88ad09518695c6c3712ac10a214be5109a655671,0xc02aaa39b223fe8d0a0e5c4f27ead9083c756cc2,0xca0840578f57fe71599d29375e16783424023357,1000000000000000000,Wrapped Ether,WETH,18,30,1658129,99000000000,253659,2182370,deprecated,0x3f7658fd,"executeSignatures(bytes message, bytes signatures)",11586679,1
13921370,1641064653,0x3f434213cd85f0cb6d9f725988f2c9fafe67995393dec10a4f510decb3d64ebe,6881,0x5268e72b0b42273b874bdc3750829ce386f56f2dd1b7169afc4c4621eefa0e24,0x88ad09518695c6c3712ac10a214be5109a655671,0xc02aaa39b223fe8d0a0e5c4f27ead9083c756cc2,0xca0840578f57fe71599d29375e16783424023357,300000000000000000,Wrapped Ether,WETH,18,280,1658141,99000000000,273668,16843214,deprecated,0x3f7658fd,"executeSignatures(bytes message, bytes signatures)",11586667,1
13921419,1641065332,0x04cfd04a62676abcd9495c342dc8c7616312728072f1a470cfa7e07d2faad714,75,0x0f02103ed673a55fa940ace797828b121783a99d30ee64f06f655ce2b41014c3,0xca0840578f57fe71599d29375e16783424023357,0xc02aaa39b223fe8d0a0e5c4f27ead9083c756cc2,0x88ad09518695c6c3712ac10a214be5109a655671,252358372046616529,Wrapped Ether,WETH,18,112,436636,70682230381,247586,7922650,deprecated,0x9254c66e,"wrapAndRelayTokens(address _receiver,bytes _data,tuple _account)",11586618,1
13921590,1641067413,0xe8602c5c0b22482547c70b7da0ce4c7133a901ee23f767d9e4068db1a9e62194,6882,0xdad82c7ef5321dedc5eb7b545fc29a48b3d14f7bd88cda557930ad779003d76d,0x88ad09518695c6c3712ac10a214be5109a655671,0xc02aaa39b223fe8d0a0e5c4f27ead9083c756cc2,0xca0840578f57fe71599d29375e16783424023357,100000000000000000,Wrapped Ether,WETH,18,32,1658153,96000000000,253678,1518021,deprecated,0x3f7658fd,"executeSignatures(bytes message, bytes signatures)",11586447,1
13921638,1641068165,0xfa7b940908a1fc24912838858a10bf4b115853817743802654bbb28d63673bba,6883,0xb836ce3b2bfa9833d63afac936549f88d587769eb9e63ab4e835ded00a654540,0x88ad09518695c6c3712ac10a214be5109a655671,0xc02aaa39b223fe8d0a0e5c4f27ead9083c756cc2,0xca0840578f57fe71599d29375e16783424023357,100000000000000000,Wrapped Ether,WETH,18,86,1658117,96000000000,253649,7285604,deprecated,0x3f7658fd,"executeSignatures(bytes message, bytes signatures)",11586399,1
13921957,1641072370,0x6a953e49a8903745639578343dc033f99b2dac54c941be6566afc9cb5fbeca2e,6884,0x125c554f4cf77ed72d0cf8c7b94c03cf7aab9dcb2c4337e1858ae8ff7b326a7a,0x88ad09518695c6c3712ac10a214be5109a655671,0xc02aaa39b223fe8d0a0e5c4f27ead9083c756cc2,0xca0840578f57fe71599d29375e16783424023357,255812509566934909,Wrapped Ether,WETH,18,23,1658141,121000000000,253668,1305577,deprecated,0x3f7658fd,"executeSignatures(bytes message, bytes signatures)",11586080,1
13921961,1641072398,0x3ebb0667b0210db22d7f8680750869f3b07bc6af382af4082dfbc0524f1c2f38,7,0x12d1d5489b657f7e32a19e501a665e40a7430d4784c0b38396939c553e0adb44,0xca0840578f57fe71599d29375e16783424023357,0xc02aaa39b223fe8d0a0e5c4f27ead9083c756cc2,0x88ad09518695c6c3712ac10a214be5109a655671,471063784617542862,Wrapped Ether,WETH,18,293,431959,97519507410,241801,17325088,deprecated,0x3ace4765,"wrapAndRelayTokens(address _receiver, bytes _data)",11586076,1
13922608,1641080951,0x6c8f1405177b7f15e7512b1cf9f9eb9aedeadf7d8f1863b1a156429bb114b9a3,6885,0x5a120cff3bb21bfaa0d08565d989e8d1b5dafed7dae4de4109c05189816d88a3,0x88ad09518695c6c3712ac10a214be5109a655671,0xc02aaa39b223fe8d0a0e5c4f27ead9083c756cc2,0xca0840578f57fe71599d29375e16783424023357,466398279099135802,Wrapped Ether,WETH,18,167,1658177,116000000000,253697,23146412,deprecated,0x3f7658fd,"executeSignatures(bytes message, bytes signatures)",11585429,1
13922621,1641081069,0xc86f683c6e96e5e16b3d9c2e96150447ba727fd8bc41bc1e7920446b50de6dbd,4,0x257f24603eb95a7d1ef9e2f7bb2b71807e53b51d73c2f8852ea6aa1d789d91df,0xca0840578f57fe71599d29375e16783424023357,0xc02aaa39b223fe8d0a0e5c4f27ead9083c756cc2,0x88ad09518695c6c3712ac10a214be5109a655671,775265110061120201,Wrapped Ether,WETH,18,120,431995,88711035042,241825,8060718,deprecated,0x3ace4765,"wrapAndRelayTokens(address _receiver, bytes _data)",11585416,1
13922764,1641082924,0xb0234778726545c4ea41675bce44e822097bf61802771878ae9fbcc785cc7990,23,0x0711650e87e56c2428f178934c1923e2ac62844c1d088100b3e40c86ea0caa54,0xca0840578f57fe71599d29375e16783424023357,0xc02aaa39b223fe8d0a0e5c4f27ead9083c756cc2,0x88ad09518695c6c3712ac10a214be5109a655671,1000000000000000000,Wrapped Ether,WETH,18,136,458395,95104720485,258877,9286488,deprecated,0x3ace4765,"wrapAndRelayTokens(address _receiver, bytes _data)",11585273,1
13922779,1641083083,0xec5b436212a82616a9a329f7a2be0b465bb6f1d97b6ba7523d84e24c56af7b44,194,0xf7f6c3e720ea0e5596d1fb928963d8191afcbf8fb1f77db389c3ad8ea95011f6,0xca0840578f57fe71599d29375e16783424023357,0xc02aaa39b223fe8d0a0e5c4f27ead9083c756cc2,0x88ad09518695c6c3712ac10a214be5109a655671,1000000000000000000,Wrapped Ether,WETH,18,52,431923,91425846080,241777,4069157,deprecated,0x3ace4765,"wrapAndRelayTokens(address _receiver, bytes _data)",11585258,1
13923368,1641090960,0xb95f89222397d089be709fd962775d3099ff4eb63012ea93fdc9a56d6fd826dc,86,0xe7736a16e00af5b0bedd0228cb161643ccbc74c166fe1b6012e41ab445aa3e72,0xca0840578f57fe71599d29375e16783424023357,0xc02aaa39b223fe8d0a0e5c4f27ead9083c756cc2,0x88ad09518695c6c3712ac10a214be5109a655671,1000000000000000000,Wrapped Ether,WETH,18,322,431869,103777179770,241741,20200852,deprecated,0x3ace4765,"wrapAndRelayTokens(address _receiver, bytes _data)",11584669,1
13923425,1641091865,0x6975f2fab31a50560d46887b6d5ff50b54b68c0b4fe8fb1dabdfab004bc7468f,6886,0xbaa64d47d87b432680aca98ffc6e394143b94569ac3032552ba9055e5b7763ee,0x88ad09518695c6c3712ac10a214be5109a655671,0xc02aaa39b223fe8d0a0e5c4f27ead9083c756cc2,0xca0840578f57fe71599d29375e16783424023357,500000000000000000,Wrapped Ether,WETH,18,3,1658117,170000000000,273649,809355,deprecated,0x3f7658fd,"executeSignatures(bytes message, bytes signatures)",11584612,1
13924175,1641101706,0xf35e76d1d8ca8e5051c71831a9b0a3bc9e3256b553eefb07db13814065acb565,6887,0xbe4ee25ee5a57471fdf813cf5d6d4f51c91ceb8fcecfb5ca98dc2a8e5c809914,0x88ad09518695c6c3712ac10a214be5109a655671,0xc02aaa39b223fe8d0a0e5c4f27ead9083c756cc2,0xca0840578f57fe71599d29375e16783424023357,500000000000000000,Wrapped Ether,WETH,18,12,1658141,121000000000,253668,1731440,deprecated,0x3f7658fd,"executeSignatures(bytes message, bytes signatures)",11583862,1
13925073,1641113788,0x634477e0b14bef60668d247c15d13e6159f404de9724535f5550f00457620259,6888,0x3a671a0352c7c21c08a32edd436cc67c92d8bcfaf60d622e8d340f589491e018,0x88ad09518695c6c3712ac10a214be5109a655671,0xc02aaa39b223fe8d0a0e5c4f27ead9083c756cc2,0xca0840578f57fe71599d29375e16783424023357,500000000000000000,Wrapped Ether,WETH,18,18,1658153,81000000000,253678,1045377,deprecated,0x3f7658fd,"executeSignatures(bytes message, bytes signatures)",11582964,1
13925247,1641116446,0xa2fe1f4722715975eae3422ad6ad64847c6e8dda92a3bedd9ce24ed6652a0503,6889,0x096517d388ff19fa7cace369616446b4201589cd8fcc75d70f5d0553f9644f5c,0x88ad09518695c6c3712ac10a214be5109a655671,0xc02aaa39b223fe8d0a0e5c4f27ead9083c756cc2,0xca0840578f57fe71599d29375e16783424023357,990095900000000000,Wrapped Ether,WETH,18,6,1658153,160000000000,253678,1249607,deprecated,0x3f7658fd,"executeSignatures(bytes message, bytes signatures)",11582790,1
13925288,1641116994,0x7f28a7dffac5a695188cb773772756d079955d351db68349e2578e9af0ead776,7,0x245bc049aa2eaaf0da82acdb2b088b6e58c0f8b6d8f757f74382c2ada9dc594d,0xca0840578f57fe71599d29375e16783424023357,0xc02aaa39b223fe8d0a0e5c4f27ead9083c756cc2,0x88ad09518695c6c3712ac10a214be5109a655671,120000000000000000,Wrapped Ether,WETH,18,95,431923,62299186345,241777,6326566,deprecated,0x3ace4765,"wrapAndRelayTokens(address _receiver, bytes _data)",11582749,1
13925401,1641118414,0xfc7e5bef1b3ee147d7ec29f0333183f60842f010e27679486c54f6c3a847d573,6890,0xd0617690347f18d9f6e6cd423b50ffb49c7eea7c0948a77c9f8034034b0b6215,0x88ad09518695c6c3712ac10a214be5109a655671,0xc02aaa39b223fe8d0a0e5c4f27ead9083c756cc2,0xca0840578f57fe71599d29375e16783424023357,100000000000000000,Wrapped Ether,WETH,18,110,1658153,75000000000,253678,3849071,deprecated,0x3f7658fd,"executeSignatures(bytes message, bytes signatures)",11582636,1
13925507,1641119925,0xdc1a8d7c5497735f1ff1ddb1926381f776f741f44d059d1ffb5f36982bfe850f,1222,0x62848ef313db158b6ffa684eedb023d5eff901da30c0fa6774de5edeb83b491e,0xca0840578f57fe71599d29375e16783424023357,0xc02aaa39b223fe8d0a0e5c4f27ead9083c756cc2,0x88ad09518695c6c3712ac10a214be5109a655671,1000000000000000000,Wrapped Ether,WETH,18,78,436564,56117389198,247538,6071694,deprecated,0x9254c66e,"wrapAndRelayTokens(address _receiver,bytes _data,tuple _account)",11582530,1
13925574,1641120868,0x3fbab14630a66e008bed52dc5cbbc275ef747c10d4aabafdef83f81dc781ecd7,6891,0x2ebc5ad4d58816970b00e5a7fb51ad563ea4a470b9c72ed390392c34b61ad911,0x88ad09518695c6c3712ac10a214be5109a655671,0xc02aaa39b223fe8d0a0e5c4f27ead9083c756cc2,0xca0840578f57fe71599d29375e16783424023357,140000000000000000,Wrapped Ether,WETH,18,21,1658153,71000000000,253678,1564864,deprecated,0x3f7658fd,"executeSignatures(bytes message, bytes signatures)",11582463,1
13925589,1641121074,0xb260ab88036ee2a011accbb35ec794244faaf74366b5c16b63043b3ecd278817,447,0x9bedf3f37f1282fb189de10bd03100e17d792ba3d495ad1a063d05df77292ed7,0xca0840578f57fe71599d29375e16783424023357,0xc02aaa39b223fe8d0a0e5c4f27ead9083c756cc2,0x88ad09518695c6c3712ac10a214be5109a655671,500000000000000000,Wrapped Ether,WETH,18,38,428173,66886945219,241777,3528625,deprecated,0x3ace4765,"wrapAndRelayTokens(address _receiver, bytes _data)",11582448,1
13925623,1641121443,0xe48d3a55af9ad4e309dbb0df587c7eb4bb0da3d1a2fc4d7cfc7b4c2213f103d8,6892,0x481913ed0bd0144f79a00774831f2b32d51c2d8ca741d7a555ace4c0e9a0bb44,0x88ad09518695c6c3712ac10a214be5109a655671,0xc02aaa39b223fe8d0a0e5c4f27ead9083c756cc2,0xca0840578f57fe71599d29375e16783424023357,100000000000000000,Wrapped Ether,WETH,18,31,1658153,71000000000,253678,1575850,deprecated,0x3f7658fd,"executeSignatures(bytes message, bytes signatures)",11582414,1
13925643,1641121815,0x38f0138dd1a0a113b30519bcf0e085ef38273dfaf9f6c028527a6ad2a6a1d0b7,6893,0x7f22c5ffa90388efa0038a6dca756b8c0214a9c3b384dcc66a3eaf6e38c1eb19,0x88ad09518695c6c3712ac10a214be5109a655671,0xc02aaa39b223fe8d0a0e5c4f27ead9083c756cc2,0xca0840578f57fe71599d29375e16783424023357,300000000000000000,Wrapped Ether,WETH,18,33,1658153,71000000000,273678,2813493,deprecated,0x3f7658fd,"executeSignatures(bytes message, bytes signatures)",11582394,1
13925679,1641122432,0xb22301b38e26aae47354a00065291ffed62c6f0e7c0713e5873da011187d071e,6894,0xdc6bc6358755c60a1d9244333bc6dbc18d1838917270c67f3b8e4fc01b1b78d6,0x88ad09518695c6c3712ac10a214be5109a655671,0xc02aaa39b223fe8d0a0e5c4f27ead9083c756cc2,0xca0840578f57fe71599d29375e16783424023357,186431109126001717,Wrapped Ether,WETH,18,39,1658177,73000000000,253697,1425195,deprecated,0x3f7658fd,"executeSignatures(bytes message, bytes signatures)",11582358,1
13926355,1641131500,0x7ad59947d4c17218dfced39761552d361bedd5cb4166228b8d777e80253cb4ce,6895,0x977ee502c96caee2f4399ee84a03089ec3b8143925c9a7720ad6b1278a573fe0,0x88ad09518695c6c3712ac10a214be5109a655671,0xc02aaa39b223fe8d0a0e5c4f27ead9083c756cc2,0xca0840578f57fe71599d29375e16783424023357,300000000000000000,Wrapped Ether,WETH,18,21,1658093,122000000000,253630,2189486,deprecated,0x3f7658fd,"executeSignatures(bytes message, bytes signatures)",11581682,1
13926392,1641131913,0xc24db88cbff2642d99434cb7dd18208a1e27fb8b0aace845af928b57942e99de,13,0x5a564700b1054f98adb751c8168917126235ab09856bb33a7bffbf33ca26d343,0xca0840578f57fe71599d29375e16783424023357,0xc02aaa39b223fe8d0a0e5c4f27ead9083c756cc2,0x88ad09518695c6c3712ac10a214be5109a655671,1000000000000000000,Wrapped Ether,WETH,18,40,436474,58530044946,247478,2613159,deprecated,0x9254c66e,"wrapAndRelayTokens(address _receiver,bytes _data,tuple _account)",11581645,1
13926419,1641132207,0xb61459d0a3c84f3b3fa7cb5ebceebad9cdf16dfdd67784ecbd466b9ee18cb6e4,238,0x0ef99d145bd04724667df22bf701d3e651da2f6a0f8ac1b52c3042380d09e9f4,0xca0840578f57fe71599d29375e16783424023357,0xc02aaa39b223fe8d0a0e5c4f27ead9083c756cc2,0x88ad09518695c6c3712ac10a214be5109a655671,1000000000000000000,Wrapped Ether,WETH,18,295,431887,59510768924,241753,24584495,deprecated,0x3ace4765,"wrapAndRelayTokens(address _receiver, bytes _data)",11581618,1
13926482,1641133100,0x49f88b65b45fd392c949546180dad77c4c07d97328d4924b018865e682597f90,9,0xdc4d9b6ed69d6519bdab15a6ba61a8e3892066357c80f22c4cf9acf5aa6a4177,0xca0840578f57fe71599d29375e16783424023357,0xc02aaa39b223fe8d0a0e5c4f27ead9083c756cc2,0x88ad09518695c6c3712ac10a214be5109a655671,1000000000000000000,Wrapped Ether,WETH,18,68,431923,69376003769,241777,3529003,deprecated,0x3ace4765,"wrapAndRelayTokens(address _receiver, bytes _data)",11581555,1
13926484,1641133128,0x13d345b0bc47f325847828c5f4b1a8783aca538c201f812b5a7b0dd1956c1372,14,0x3f58bd332d7748faeed4d03b7bce518bd5939dcc8404042ef8a03c2f979ec8c0,0xca0840578f57fe71599d29375e16783424023357,0xc02aaa39b223fe8d0a0e5c4f27ead9083c756cc2,0x88ad09518695c6c3712ac10a214be5109a655671,1000000000000000000,Wrapped Ether,WETH,18,38,431833,69177713850,241717,2552324,deprecated,0x3ace4765,"wrapAndRelayTokens(address _receiver, bytes _data)",11581553,1
13926519,1641133473,0xf637e4391c587dfad649e83df9785bf749a24f667eebfbbd8ac9aa12632e974f,15,0x7697c8b55700a942bef7d8a65653de6ece6533ee90f663e884d1ec3d74166225,0xca0840578f57fe71599d29375e16783424023357,0xc02aaa39b223fe8d0a0e5c4f27ead9083c756cc2,0x88ad09518695c6c3712ac10a214be5109a655671,200000000000000000,Wrapped Ether,WETH,18,104,431869,58088224594,241741,3768220,deprecated,0x3ace4765,"wrapAndRelayTokens(address _receiver, bytes _data)",11581518,1
13926562,1641133914,0x00d805e9a1b727c2c0075e88bef8b8075c7767b769b63b573e8e18d77fa72d0e,6896,0x1f6665971ec17268e13b03bd06fb5f22dd8094c4116bae1f92710a0f751c8571,0x88ad09518695c6c3712ac10a214be5109a655671,0xc02aaa39b223fe8d0a0e5c4f27ead9083c756cc2,0xca0840578f57fe71599d29375e16783424023357,1000000000000000000,Wrapped Ether,WETH,18,29,1658153,82000000000,253678,2723988,deprecated,0x3f7658fd,"executeSignatures(bytes message, bytes signatures)",11581475,1
13926570,1641133985,0x4edac36d26607c742847604d2380f64a0b77af9edc6d77a52076354166e0b1db,10,0x14b9c31ad77b717a46d8f622778dd5a42ff62512881295ec32f5265b1a6e8277,0xca0840578f57fe71599d29375e16783424023357,0xc02aaa39b223fe8d0a0e5c4f27ead9083c756cc2,0x88ad09518695c6c3712ac10a214be5109a655671,1000000000000000000,Wrapped Ether,WETH,18,76,431887,57863492661,241753,9048961,deprecated,0x3ace4765,"wrapAndRelayTokens(address _receiver, bytes _data)",11581467,1
13926600,1641134304,0x76b63fbd82f1068a895d6747ba38c60c38703f4bbcd4ac13757a1d9883d8dad3,11,0x8d2a8780d50db7392b4cc9f33327fe2abbd4ca0b7a4a92c76bf2e57c94feb84d,0xca0840578f57fe71599d29375e16783424023357,0xc02aaa39b223fe8d0a0e5c4f27ead9083c756cc2,0x88ad09518695c6c3712ac10a214be5109a655671,327300000000000000,Wrapped Ether,WETH,18,72,431923,63025820012,241777,5374728,deprecated,0x3ace4765,"wrapAndRelayTokens(address _receiver, bytes _data)",11581437,1
13926646,1641134906,0x2e4f9ff54481dce565d03d997dbdea1ac620cc673156f0ccf7d07d9de4118cc4,6897,0x16cb18c1a286ff0e2826d034bb4ce53ca4187864337432c4a9caa5903ec04ee4,0x88ad09518695c6c3712ac10a214be5109a655671,0xc02aaa39b223fe8d0a0e5c4f27ead9083c756cc2,0xca0840578f57fe71599d29375e16783424023357,1000000000000000000,Wrapped Ether,WETH,18,166,1658141,82000000000,253668,8820167,deprecated,0x3f7658fd,"executeSignatures(bytes message, bytes signatures)",11581391,1
13926675,1641135308,0x38d3e418ad3cfd5829ad33d3fabe98d803cf977c35c93ec1f9f32386287966a7,12,0xa66d7ac0fe9d82a9790a7772e008bb101eb6012677d42034f3eb9b243c864175,0xca0840578f57fe71599d29375e16783424023357,0xc02aaa39b223fe8d0a0e5c4f27ead9083c756cc2,0x88ad09518695c6c3712ac10a214be5109a655671,1000000000000000000,Wrapped Ether,WETH,18,49,431851,73275698887,241729,2808743,deprecated,0x3ace4765,"wrapAndRelayTokens(address _receiver, bytes _data)",11581362,1
13926723,1641135864,0xbf545bb1dad3e6c7ac9eb645857317516056e88a13ba32e87a0427d2cad83e90,13,0x9bf9de94474eeee59620b9c6f2ceaad81ba7da64bdbd2bc85cf7f003b7067422,0xca0840578f57fe71599d29375e16783424023357,0xc02aaa39b223fe8d0a0e5c4f27ead9083c756cc2,0x88ad09518695c6c3712ac10a214be5109a655671,1000000000000000000,Wrapped Ether,WETH,18,86,431941,75349831583,241789,7030209,deprecated,0x3ace4765,"wrapAndRelayTokens(address _receiver, bytes _data)",11581314,1
13926753,1641136169,0x71679bef01b8c920caae94105ed1082ac5f8b0cadcc8575dcec6bb8bc93ff670,14,0x6c243cb7680d3b2de2121e1ff3abd9bd98f9be1da430a1c86184cfbe6693072f,0xca0840578f57fe71599d29375e16783424023357,0xc02aaa39b223fe8d0a0e5c4f27ead9083c756cc2,0x88ad09518695c6c3712ac10a214be5109a655671,1000000000000000000,Wrapped Ether,WETH,18,113,431923,62558398608,241777,8576226,deprecated,0x3ace4765,"wrapAndRelayTokens(address _receiver, bytes _data)",11581284,1
13926806,1641136892,0x2c96b5a8230a5f6c7c499645d4a76ca079df444a397512e45d86320e7f41b990,15,0x31e0e7fbd9a47e400c568568286f9ba3c8f8ebeac457887d54418ae5fb74bd8e,0xca0840578f57fe71599d29375e16783424023357,0xc02aaa39b223fe8d0a0e5c4f27ead9083c756cc2,0x88ad09518695c6c3712ac10a214be5109a655671,1000000000000000000,Wrapped Ether,WETH,18,117,431869,76004408538,241741,6584534,deprecated,0x3ace4765,"wrapAndRelayTokens(address _receiver, bytes _data)",11581231,1
13926842,1641137406,0xfe4a9f1fae5a8bf5dbd8fdce9e0b1f7e1409cdfe7a9f58a0da69edcf603c8a26,6898,0x6be14e97ab6b6740420e96ab23ed379cd5edc0019d180e1cfffd68f794ceefe9,0x88ad09518695c6c3712ac10a214be5109a655671,0xc02aaa39b223fe8d0a0e5c4f27ead9083c756cc2,0xca0840578f57fe71599d29375e16783424023357,1000000000000000000,Wrapped Ether,WETH,18,23,1658129,92000000000,253659,1431061,deprecated,0x3f7658fd,"executeSignatures(bytes message, bytes signatures)",11581195,1
13926858,1641137559,0x374a7333a226a8d6a04d4fd7e030ebd1f659afb4d88800abcc1a3cbefc4aba21,18,0x640bcddb11a88a450c74da7efeb78baf20dfbc416b0e1376d178271bbad099e7,0xca0840578f57fe71599d29375e16783424023357,0xc02aaa39b223fe8d0a0e5c4f27ead9083c756cc2,0x88ad09518695c6c3712ac10a214be5109a655671,1000000000000000000,Wrapped Ether,WETH,18,338,431905,71352209222,241765,28245492,deprecated,0x3ace4765,"wrapAndRelayTokens(address _receiver, bytes _data)",11581179,1
13926904,1641138155,0xa32a6c46d244514371523018386e0d4650620f7536958fda761d2a36edb2467c,6899,0x44df92dd2dd6369c00b0810dbe4c552ddb114f0f9546925a4ed2d0fa930e2068,0x88ad09518695c6c3712ac10a214be5109a655671,0xc02aaa39b223fe8d0a0e5c4f27ead9083c756cc2,0xca0840578f57fe71599d29375e16783424023357,1000000000000000000,Wrapped Ether,WETH,18,20,1658129,87000000000,253659,1914316,deprecated,0x3f7658fd,"executeSignatures(bytes message, bytes signatures)",11581133,1
13926965,1641138874,0xb1f998626c22ad988788f95b03853726b4bb7b36e735274cbe876b5766ec6611,6900,0x78ffb7792cc5b9c50b013e711610a9985cdfcd90005e47d8e14f2b499e921f9c,0x88ad09518695c6c3712ac10a214be5109a655671,0xc02aaa39b223fe8d0a0e5c4f27ead9083c756cc2,0xca0840578f57fe71599d29375e16783424023357,1000000000000000000,Wrapped Ether,WETH,18,188,1658141,87000000000,253668,8200590,deprecated,0x3f7658fd,"executeSignatures(bytes message, bytes signatures)",11581072,1
13927012,1641139409,0x27e0ddda9bece6fd49afdd27f22b9bf696b9d068caa1cd35c05d20bc1c60ab6c,6901,0x9c28131b5755aa848489b29995c077f27445d5ab3bac6d1a3bb3df6c08f65a4d,0x88ad09518695c6c3712ac10a214be5109a655671,0xc02aaa39b223fe8d0a0e5c4f27ead9083c756cc2,0xca0840578f57fe71599d29375e16783424023357,1000000000000000000,Wrapped Ether,WETH,18,16,1658153,87000000000,253678,837060,deprecated,0x3f7658fd,"executeSignatures(bytes message, bytes signatures)",11581025,1
13927040,1641139800,0x267427adb0dda345f127a9c9f41f6d138584db23a656a83882493c8f06684294,6902,0x0931a655cc7a082626a6392e03f1c3c4d73972f0253e0f432bb4e614de6399be,0x88ad09518695c6c3712ac10a214be5109a655671,0xc02aaa39b223fe8d0a0e5c4f27ead9083c756cc2,0xca0840578f57fe71599d29375e16783424023357,1000000000000000000,Wrapped Ether,WETH,18,16,1658153,85000000000,253678,1595376,deprecated,0x3f7658fd,"executeSignatures(bytes message, bytes signatures)",11580997,1
13927090,1641140503,0xc9f60fc4c1b3ab1d859cbffb148edadc27638c69b592a93a67275e6ce06d7090,6903,0xf556fd8910bedb6c1f74de00a01a56550ac02d2400c34d19168077fda36180bb,0x88ad09518695c6c3712ac10a214be5109a655671,0xc02aaa39b223fe8d0a0e5c4f27ead9083c756cc2,0xca0840578f57fe71599d29375e16783424023357,1000000000000000000,Wrapped Ether,WETH,18,13,1658129,81000000000,253659,812362,deprecated,0x3f7658fd,"executeSignatures(bytes message, bytes signatures)",11580947,1
13927129,1641140902,0xe0fa7a8e61c58dc0c827e713e92d8dd136bd24fb262128224567c79096e07618,6904,0x10970ba2952e7fedc117f586659e591b6feeaee137aed7b71e4fb218ec41152e,0x88ad09518695c6c3712ac10a214be5109a655671,0xc02aaa39b223fe8d0a0e5c4f27ead9083c756cc2,0xca0840578f57fe71599d29375e16783424023357,100000000000000000,Wrapped Ether,WETH,18,35,1658129,78000000000,253659,1632105,deprecated,0x3f7658fd,"executeSignatures(bytes message, bytes signatures)",11580908,1
13927151,1641141241,0x605ce67292c86f768e42ba45707c5c86b3292f9eef15b0476c5b6a7d1df33161,1,0xcd8eff5e855339023422f4720ff28a2c3863d4ba243be53aa8be3097110fdae9,0x88ad09518695c6c3712ac10a214be5109a655671,0xc02aaa39b223fe8d0a0e5c4f27ead9083c756cc2,0xca0840578f57fe71599d29375e16783424023357,500000000000000000,Wrapped Ether,WETH,18,79,478290,88595354346,251571,5883923,deprecated,0x23caab49,"safeExecuteSignaturesWithAutoGasLimit(bytes _data, bytes _signatures)",11580886,1
13927162,1641141353,0x6e76e2b56358de5ad61817bb3d004bb9cea8d5e2e7a8d2edb97976144773ae17,6906,0x04d18c8168898b12843a08b5f946be53a8c37649cdfd1a999d96c8194893ca51,0x88ad09518695c6c3712ac10a214be5109a655671,0xc02aaa39b223fe8d0a0e5c4f27ead9083c756cc2,0xca0840578f57fe71599d29375e16783424023357,100000000000000000,Wrapped Ether,WETH,18,269,1658141,78000000000,253668,20991589,deprecated,0x3f7658fd,"executeSignatures(bytes message, bytes signatures)",11580875,1
13927298,1641143145,0x5b28213a71dece273b186730ca59a5583ae858644766a7c73b7b4d07ac708c42,6907,0x8bc5fbf0b9530c32937d02c19bc9cd5bd666687e013ed8dde12d69a98c692a99,0x88ad09518695c6c3712ac10a214be5109a655671,0xc02aaa39b223fe8d0a0e5c4f27ead9083c756cc2,0xca0840578f57fe71599d29375e16783424023357,71000000000000000,Wrapped Ether,WETH,18,192,1658153,90000000000,253678,12244219,deprecated,0x3f7658fd,"executeSignatures(bytes message, bytes signatures)",11580739,1
13927303,1641143175,0x0c6c5d5c165d4bcef411f805dccdccd15f5ce10c93e1e59a967bb244ffb42764,2,0x0fb49e3ccaf7b9486eb646828b899b9af79a26df6b198cc984b7f74ba7f79e91,0xca0840578f57fe71599d29375e16783424023357,0xc02aaa39b223fe8d0a0e5c4f27ead9083c756cc2,0x88ad09518695c6c3712ac10a214be5109a655671,1000000000000000000,Wrapped Ether,WETH,18,22,431905,80465419167,241765,1735447,deprecated,0x3ace4765,"wrapAndRelayTokens(address _receiver, bytes _data)",11580734,1
13928022,1641152991,0x823966ae674b0e00fe17c3736541f8dd26f0010184f70036b277e61ae079054f,6908,0xb3ecba51fd1e96f1adc1f812434db98c7121b6c97d97f3732a99abcc45b842b0,0x88ad09518695c6c3712ac10a214be5109a655671,0xc02aaa39b223fe8d0a0e5c4f27ead9083c756cc2,0xca0840578f57fe71599d29375e16783424023357,1000000000000000000,Wrapped Ether,WETH,18,4,1658141,178000000000,253668,803552,deprecated,0x3f7658fd,"executeSignatures(bytes message, bytes signatures)",11580015,1
13928035,1641153267,0x65cf8f25e2cbffe1a730e007f320a35fb780c7d5fbacff81d2da6821abaf3e84,6909,0x1b8f4d1f7466ea5c623feff63e6da2045ea453498e586158ea6d1d7bcbc83ee9,0x88ad09518695c6c3712ac10a214be5109a655671,0xc02aaa39b223fe8d0a0e5c4f27ead9083c756cc2,0xca0840578f57fe71599d29375e16783424023357,960362856653019382,Wrapped Ether,WETH,18,30,1658177,141000000000,253697,2238855,deprecated,0x3f7658fd,"executeSignatures(bytes message, bytes signatures)",11580002,1
13928092,1641153945,0xdfab44cdf137d65a4be16a6fed7449d414c3a4f5612ebf5a765e3c7c0b4a7580,260,0x1f3362df9997a0d8b866258d7fd1a11da33726f0a3d1f90732b7874d0b6b7d4a,0xca0840578f57fe71599d29375e16783424023357,0xc02aaa39b223fe8d0a0e5c4f27ead9083c756cc2,0x88ad09518695c6c3712ac10a214be5109a655671,1000000000000000000,Wrapped Ether,WETH,18,94,436528,112115581009,247514,9584600,deprecated,0x9254c66e,"wrapAndRelayTokens(address _receiver,bytes _data,tuple _account)",11579945,1
13928093,1641153955,0xcfdd92197fe82a25d79950cd49f0acf2f2afa6730b138071757cd370c787c235,6910,0xbdb5ff438ddc3f379432a34ff8c585ad57739ad4d1f760f4e6b57b785f693da7,0x88ad09518695c6c3712ac10a214be5109a655671,0xc02aaa39b223fe8d0a0e5c4f27ead9083c756cc2,0xca0840578f57fe71599d29375e16783424023357,1500000000000000000,Wrapped Ether,WETH,18,31,1658141,135000000000,273668,1805796,deprecated,0x3f7658fd,"executeSignatures(bytes message, bytes signatures)",11579944,1
13928197,1641155214,0xe7addccb52599d74eaf1841bd531a370cf9a6dfe00a8129454d15e501f139eea,261,0x1d53946990eba4364ed5faaf3abd9621f66d7e4ced45f441a996e7e07b5894af,0xca0840578f57fe71599d29375e16783424023357,0xc02aaa39b223fe8d0a0e5c4f27ead9083c756cc2,0x88ad09518695c6c3712ac10a214be5109a655671,1000000000000000000,Wrapped Ether,WETH,18,41,428160,95176644060,241765,3926373,deprecated,0x3ace4765,"wrapAndRelayTokens(address _receiver, bytes _data)",11579840,1
13929007,1641165805,0x73b046405b2de1aed963ed7df6410b1b776b870938f407735c5e4f5c037afa2d,1543,0x0ff0380b07c4fea15e79f7545e9583dc5be33ee5088579e25cfdd3e8b68bc1c2,0xca0840578f57fe71599d29375e16783424023357,0xc02aaa39b223fe8d0a0e5c4f27ead9083c756cc2,0x88ad09518695c6c3712ac10a214be5109a655671,1000000000000000000,Wrapped Ether,WETH,18,98,431869,78900708048,241741,6142099,deprecated,0x3ace4765,"wrapAndRelayTokens(address _receiver, bytes _data)",11579030,1
13929087,1641166831,0x44033cc79a96c6f31abe473c4eb4b2b5288b976c9d39c8a4af783e6c7617efb2,1,0x72a688d7d2e2e27720442670342847a9775e4a606b6326ffe0d5b501e1a46151,0xca0840578f57fe71599d29375e16783424023357,0xc02aaa39b223fe8d0a0e5c4f27ead9083c756cc2,0x88ad09518695c6c3712ac10a214be5109a655671,436498200000000000,Wrapped Ether,WETH,18,129,431959,100199677250,241801,7803815,deprecated,0x3ace4765,"wrapAndRelayTokens(address _receiver, bytes _data)",11578950,1
13929189,1641168275,0x5c3b049870e2defef953ddf223ea0834773d8c61ca9a274d3f2556b87fdeb769,9,0x7cbfdf67873735fc7f5ccb4148c3126dcfa633ee3b552d662a577ac4b16e7442,0xca0840578f57fe71599d29375e16783424023357,0xc02aaa39b223fe8d0a0e5c4f27ead9083c756cc2,0x88ad09518695c6c3712ac10a214be5109a655671,1000000000000000000,Wrapped Ether,WETH,18,8,458413,112152584912,258889,1744577,deprecated,0x3ace4765,"wrapAndRelayTokens(address _receiver, bytes _data)",11578848,1
13929235,1641168880,0x3414e28d58ac3558a1e6a7d02aefdbe93d834d92eae6876f69e4a1d1636fc899,10,0xafb1041bef9ea8d18fcd600848509817c35d68abb9f3ae1885510c411893e20f,0xca0840578f57fe71599d29375e16783424023357,0xc02aaa39b223fe8d0a0e5c4f27ead9083c756cc2,0x88ad09518695c6c3712ac10a214be5109a655671,1000000000000000000,Wrapped Ether,WETH,18,6,431923,94807073408,241777,1017943,deprecated,0x3ace4765,"wrapAndRelayTokens(address _receiver, bytes _data)",11578802,1
13929283,1641169478,0xd2bb83fa6f3a3cf59b87e08273d6b90f8cbf42e8f0c84a6bdb868417d1082662,11,0x1b7235c5dbd48abed5495471465a826674c1b7dc4de09cbe68892527bd6595a3,0xca0840578f57fe71599d29375e16783424023357,0xc02aaa39b223fe8d0a0e5c4f27ead9083c756cc2,0x88ad09518695c6c3712ac10a214be5109a655671,1000000000000000000,Wrapped Ether,WETH,18,4,431869,90489779783,241741,874085,deprecated,0x3ace4765,"wrapAndRelayTokens(address _receiver, bytes _data)",11578754,1
13929320,1641169865,0x4cbfeef01f19878a134f8c37599dfb5ee567b63bf05d38779ac25c208e084ae7,12,0x3867d1390d68d408a72b8b2a58b60cc9b924b43cced2ddad013b63e8b997378b,0xca0840578f57fe71599d29375e16783424023357,0xc02aaa39b223fe8d0a0e5c4f27ead9083c756cc2,0x88ad09518695c6c3712ac10a214be5109a655671,1000000000000000000,Wrapped Ether,WETH,18,2,431941,72549601544,241789,837225,deprecated,0x3ace4765,"wrapAndRelayTokens(address _receiver, bytes _data)",11578717,1
13929348,1641170233,0xcb4a5d1e26a41cf5526c86c5b569d647fea38feb7ac02dacdd3a7964748e0b68,13,0x4879fb1b29486a54571a1bd438d1145f1ff02052e5b6e8b72b0eaf9ac7324543,0xca0840578f57fe71599d29375e16783424023357,0xc02aaa39b223fe8d0a0e5c4f27ead9083c756cc2,0x88ad09518695c6c3712ac10a214be5109a655671,1000000000000000000,Wrapped Ether,WETH,18,1,431833,100844209315,241717,387022,deprecated,0x3ace4765,"wrapAndRelayTokens(address _receiver, bytes _data)",11578689,1
13929403,1641171098,0xa5a35af985d783d350971ab0c67319dd43352928681b1f665891c1caa97d60df,6911,0xefcd72f54bea64fd1a2345c89c1fceb0ede8458248ca793ee401bbc0f79e2bb3,0x88ad09518695c6c3712ac10a214be5109a655671,0xc02aaa39b223fe8d0a0e5c4f27ead9083c756cc2,0xca0840578f57fe71599d29375e16783424023357,300000000000000000,Wrapped Ether,WETH,18,84,1658153,116000000000,287358,4338778,deprecated,0x3f7658fd,"executeSignatures(bytes message, bytes signatures)",11578634,1
13929446,1641171527,0x250bd07b518b50d58c62edf5185c1ada72f70ce8223bbc8cc58e0cb658609775,1,0x5f7b98f9325ff724bc390f10139d88dfefa5808a392c530d4aba1d8a4ad6e32a,0xca0840578f57fe71599d29375e16783424023357,0xc02aaa39b223fe8d0a0e5c4f27ead9083c756cc2,0x88ad09518695c6c3712ac10a214be5109a655671,1000000000000000000,Wrapped Ether,WETH,18,119,431869,70300879920,241741,9055658,deprecated,0x3ace4765,"wrapAndRelayTokens(address _receiver, bytes _data)",11578591,1
13929677,1641174362,0x7f3ff88c580bb98aa01e0e52121ca7ed2d2c91a16b88c8c2e6e003aa23d4b55f,6912,0x4688ff4054b9d742686f6ed6d5e8e8c38dea35573243b792c71000e0370b27d7,0x88ad09518695c6c3712ac10a214be5109a655671,0xc02aaa39b223fe8d0a0e5c4f27ead9083c756cc2,0xca0840578f57fe71599d29375e16783424023357,100000000000000000,Wrapped Ether,WETH,18,25,1658141,105000000000,253668,3450795,deprecated,0x3f7658fd,"executeSignatures(bytes message, bytes signatures)",11578360,1
13930148,1641180836,0xc9f32dfb74ab614696c9c55f759cdc98313a14cb125625e30c1e84c9bf0008d5,675,0x827ee0b440f1d64976f0f0869a026baa06de4db5f63adda967fa19d08e9abad5,0xca0840578f57fe71599d29375e16783424023357,0xc02aaa39b223fe8d0a0e5c4f27ead9083c756cc2,0x88ad09518695c6c3712ac10a214be5109a655671,1000000000000000000,Wrapped Ether,WETH,18,88,431887,107264875828,241753,6841182,deprecated,0x3ace4765,"wrapAndRelayTokens(address _receiver, bytes _data)",11577889,1
13930157,1641180892,0x07119b7ac34d623245a44c4ae0b71a71fe3e519bf44d1d13672a8e77e4e14069,1119,0x0b2dff180e0dec26ec9472e919152e9a16963b6f478e03369e7d10023eadc5d3,0xca0840578f57fe71599d29375e16783424023357,0xc02aaa39b223fe8d0a0e5c4f27ead9083c756cc2,0x88ad09518695c6c3712ac10a214be5109a655671,1000000000000000000,Wrapped Ether,WETH,18,16,431851,79628872843,241729,1080754,deprecated,0x3ace4765,"wrapAndRelayTokens(address _receiver, bytes _data)",11577880,1
13930171,1641181121,0xea79e2dc5cce0f21d3e3c6d52c19088fde5e8bb264e431d679362040fc67730f,676,0xc3712170e6865560af9091827e9350adc05542fe5e3466441d4cc71e4156ac39,0xca0840578f57fe71599d29375e16783424023357,0xc02aaa39b223fe8d0a0e5c4f27ead9083c756cc2,0x88ad09518695c6c3712ac10a214be5109a655671,1000000000000000000,Wrapped Ether,WETH,18,378,431923,96740576285,241777,22961672,deprecated,0x3ace4765,"wrapAndRelayTokens(address _receiver, bytes _data)",11577866,1
13930183,1641181343,0xd192a697157f6a72a841f232ac94c3b41541da23463b787f4605aceeb4a56319,1120,0x530803dd1ffb354993d6eb78f06c5d4e1cbff778ce45c07a55267eaebe01af7e,0xca0840578f57fe71599d29375e16783424023357,0xc02aaa39b223fe8d0a0e5c4f27ead9083c756cc2,0x88ad09518695c6c3712ac10a214be5109a655671,550000000000000000,Wrapped Ether,WETH,18,61,431851,104412586828,241729,3374556,deprecated,0x3ace4765,"wrapAndRelayTokens(address _receiver, bytes _data)",11577854,1
13930197,1641181557,0xdb19475f06f02d3ebbf5896bc95d2e6ff415ce609391e535a2d419d6bda0effd,6913,0x72365f7e97dfb6c17bb14b32203b9585e057ea8b0fd3d1051bf79d9756cf282e,0x88ad09518695c6c3712ac10a214be5109a655671,0xc02aaa39b223fe8d0a0e5c4f27ead9083c756cc2,0xca0840578f57fe71599d29375e16783424023357,463914585523273373,Wrapped Ether,WETH,18,752,1658177,147000000000,253697,19443791,deprecated,0x3f7658fd,"executeSignatures(bytes message, bytes signatures)",11577840,1
13930413,1641184581,0x75aa6d18c1fae729a046216f9374dbbcaf40084fb498dd91c4ba4d4fdba8634e,6914,0x74f4a5678c4907dfdab9d46ac09b4e74121dc6464453fed3a1b97fb9ca149827,0x88ad09518695c6c3712ac10a214be5109a655671,0xc02aaa39b223fe8d0a0e5c4f27ead9083c756cc2,0xca0840578f57fe71599d29375e16783424023357,1000000000000000000,Wrapped Ether,WETH,18,4,1658129,140000000000,253659,650464,deprecated,0x3f7658fd,"executeSignatures(bytes message, bytes signatures)",11577624,1
13930459,1641185225,0x74831e5c1744b7cf6e561d68268bcd9eaf70acf7f0645f25ec57b8767dda4f9e,6915,0x60d670869b4fd381ade309f909412c8a8946730e9a634f347c9513fab4ea52e8,0x88ad09518695c6c3712ac10a214be5109a655671,0xc02aaa39b223fe8d0a0e5c4f27ead9083c756cc2,0xca0840578f57fe71599d29375e16783424023357,500000000000000000,Wrapped Ether,WETH,18,66,1658141,104000000000,253668,4616056,deprecated,0x3f7658fd,"executeSignatures(bytes message, bytes signatures)",11577578,1
13930489,1641185645,0xf6f1aec5f57ff6363a4596b653feb4c1383e3d3576942af928205525c98652e2,7,0x1052187d2289dc7d62f76ded6254b7e3a1fabc662b4370febc46d5cc32b046a4,0xca0840578f57fe71599d29375e16783424023357,0xc02aaa39b223fe8d0a0e5c4f27ead9083c756cc2,0x88ad09518695c6c3712ac10a214be5109a655671,300000000000000000,Wrapped Ether,WETH,18,62,436564,95190971984,247538,5264078,deprecated,0x9254c66e,"wrapAndRelayTokens(address _receiver,bytes _data,tuple _account)",11577548,1
13930612,1641187318,0x6935bb8120fc71ac69e39a3f544c7cb0a2d90104117b89ab12ba8e1405d2e512,6916,0x1835c6bb58220f313dd1c17c352607b128f0d25adfdde25097bf3046ef18084d,0x88ad09518695c6c3712ac10a214be5109a655671,0xc02aaa39b223fe8d0a0e5c4f27ead9083c756cc2,0xca0840578f57fe71599d29375e16783424023357,291259204121493715,Wrapped Ether,WETH,18,21,1658153,106000000000,273678,1498390,deprecated,0x3f7658fd,"executeSignatures(bytes message, bytes signatures)",11577425,1
13930804,1641189628,0xb5a1e20d06517d2cb8d856308e380ccb5356b71596140bc008fd525bb85429fc,6917,0x53c16a193e93039f754f8ee9ad34adc47967b41e57f45968ab8708e533b2d2f6,0x88ad09518695c6c3712ac10a214be5109a655671,0xc02aaa39b223fe8d0a0e5c4f27ead9083c756cc2,0xca0840578f57fe71599d29375e16783424023357,300000000000000000,Wrapped Ether,WETH,18,66,1658141,93000000000,273668,7751076,deprecated,0x3f7658fd,"executeSignatures(bytes message, bytes signatures)",11577233,1
13930852,1641190302,0xbb9e4c3767c23d395291a081a6dbdcdfbe379aad6cf66dee387477320e04ace6,6918,0xe04ac3f18cb9f47ea2af6bf82a51715a171e4c31d209f14158801e2ff186edb6,0x88ad09518695c6c3712ac10a214be5109a655671,0xc02aaa39b223fe8d0a0e5c4f27ead9083c756cc2,0xca0840578f57fe71599d29375e16783424023357,500000000000000000,Wrapped Ether,WETH,18,73,1658141,94000000000,273668,5449150,deprecated,0x3f7658fd,"executeSignatures(bytes message, bytes signatures)",11577185,1
13931009,1641192550,0xe41fc34824450a1c224fd3f09571c8dae60006882691b3a1e3318c9d85aabd91,6919,0x4197ce637a66d59b33df4ae11400c3ef8e90ebe4572f6e4a099aa0d016b1972d,0x88ad09518695c6c3712ac10a214be5109a655671,0xc02aaa39b223fe8d0a0e5c4f27ead9083c756cc2,0xca0840578f57fe71599d29375e16783424023357,1000000000000000000,Wrapped Ether,WETH,18,29,1658129,111000000000,253659,1404093,deprecated,0x3f7658fd,"executeSignatures(bytes message, bytes signatures)",11577028,1
13931088,1641193683,0x32ae1539a7ad526cd17383bd4986e29f3c2497d06aa147cffdef8576c5163e75,1,0xc4ff2a5fcfd8b6cc85fbcbf9fd1e9465d6e92d48837f87c4fc28150adc696691,0xca0840578f57fe71599d29375e16783424023357,0xc02aaa39b223fe8d0a0e5c4f27ead9083c756cc2,0x88ad09518695c6c3712ac10a214be5109a655671,100000000000000000,Wrapped Ether,WETH,18,387,436528,72865504235,247514,24037490,deprecated,0x9254c66e,"wrapAndRelayTokens(address _receiver,bytes _data,tuple _account)",11576949,1
13931191,1641195137,0x9385ad440da0a060cfd2069b741899dc5458aa7f924849b9e42c60b5d6b2bd52,6920,0x42577d6ed814eb10b09f6bde79ad37a7e1335764101d1db9670c0ed30936c8d9,0x88ad09518695c6c3712ac10a214be5109a655671,0xc02aaa39b223fe8d0a0e5c4f27ead9083c756cc2,0xca0840578f57fe71599d29375e16783424023357,98998493715517229,Wrapped Ether,WETH,18,16,1658165,120000000000,273688,1280584,deprecated,0x3f7658fd,"executeSignatures(bytes message, bytes signatures)",11576846,1
13931242,1641195709,0x61fcf4b8fc48e80fec9075527af8ac5b8f85929f6b5ac2cef3753c547dc24333,2,0xdcd6a7bdfe53e2fd207bc97c8761cd9652f3dc0e6ddb142ef70fb69b87f620be,0xca0840578f57fe71599d29375e16783424023357,0xc02aaa39b223fe8d0a0e5c4f27ead9083c756cc2,0x88ad09518695c6c3712ac10a214be5109a655671,1000000000000000000,Wrapped Ether,WETH,18,72,431923,74887063045,241777,5016659,deprecated,0x3ace4765,"wrapAndRelayTokens(address _receiver, bytes _data)",11576795,1
13931273,1641196160,0xa34ade42879906a0cb81973856a27bba9b3898626ce0615bfe3f9a1fb2cde211,3,0xc1b2d2620d19c923c8e88433de4810f63a405b22bdd3056e4ce3d31703f831e2,0xca0840578f57fe71599d29375e16783424023357,0xc02aaa39b223fe8d0a0e5c4f27ead9083c756cc2,0x88ad09518695c6c3712ac10a214be5109a655671,1000000000000000000,Wrapped Ether,WETH,18,365,431905,85140851117,241765,19053387,deprecated,0x3ace4765,"wrapAndRelayTokens(address _receiver, bytes _data)",11576764,1
13931470,1641198862,0xeb2e2bb09049ad4047c902acea7758890b773083eb931be4142ed6bdbc2d8349,6921,0xc4ffbab815f1cc9373318415cbd5ed907361922cfb8b51523b9ae9cc2350a7d0,0x88ad09518695c6c3712ac10a214be5109a655671,0xc02aaa39b223fe8d0a0e5c4f27ead9083c756cc2,0xca0840578f57fe71599d29375e16783424023357,1000000000000000000,Wrapped Ether,WETH,18,65,1658153,99000000000,273678,5289070,deprecated,0x3f7658fd,"executeSignatures(bytes message, bytes signatures)",11576567,1
13931752,1641202982,0x75da8f17499d2036f1c2553b59a9e6ed4f07b6791a78bde5e485626d2f6bdc12,459,0x7379f2d8705348eaaf15dc115a3ef80cf89219ea1e60fca18cce555899132fdf,0xca0840578f57fe71599d29375e16783424023357,0xc02aaa39b223fe8d0a0e5c4f27ead9083c756cc2,0x88ad09518695c6c3712ac10a214be5109a655671,300000000000000000,Wrapped Ether,WETH,18,65,431869,75220681480,241741,4321274,deprecated,0x3ace4765,"wrapAndRelayTokens(address _receiver, bytes _data)",11576285,1
13931809,1641203861,0x3d04860461ae8961dca554fe31ecaad0da78e053dc4be2ac0446440682af11a4,6922,0x1e3a01e1af03a2a130392a3fd9fb8936942a39b11a6598a75d3f273e227a2b09,0x88ad09518695c6c3712ac10a214be5109a655671,0xc02aaa39b223fe8d0a0e5c4f27ead9083c756cc2,0xca0840578f57fe71599d29375e16783424023357,100000000000000000,Wrapped Ether,WETH,18,178,1658153,97000000000,253678,8522696,deprecated,0x3f7658fd,"executeSignatures(bytes message, bytes signatures)",11576228,1
13931829,1641204175,0x1de7ae8099966d4aaea4186860b2cc133d2d803457a065a0ae7d0cf17ddd83a8,6923,0x77bf163ee3cad65626658dcf6d98684bd73c40cff69ef5b9ac1d14372265a341,0x88ad09518695c6c3712ac10a214be5109a655671,0xc02aaa39b223fe8d0a0e5c4f27ead9083c756cc2,0xca0840578f57fe71599d29375e16783424023357,100000000000000000,Wrapped Ether,WETH,18,15,1658141,97000000000,253668,1056669,deprecated,0x3f7658fd,"executeSignatures(bytes message, bytes signatures)",11576208,1
13932189,1641209231,0xbda603c19bd4a5e37933e864172a883bb8d2828a6367279ad550cf77c1f41f32,731,0x53a939a3cb52a745c9c19265d2e88de77a53a3d9733bd00005945c8b5682a1a8,0xca0840578f57fe71599d29375e16783424023357,0xc02aaa39b223fe8d0a0e5c4f27ead9083c756cc2,0x88ad09518695c6c3712ac10a214be5109a655671,1000000000000000000,Wrapped Ether,WETH,18,70,431851,77020266212,241729,5879348,deprecated,0x3ace4765,"wrapAndRelayTokens(address _receiver, bytes _data)",11575848,1
13932240,1641209928,0xfaffa3bd8c46d13f0fc79de732dedfa55d31b96e31e24fe6615f0e528bcfa174,6924,0xfd60f1eb84b792e371979cbb31ba10fc03c067ee0642e0f254e410885f4cdbc0,0x88ad09518695c6c3712ac10a214be5109a655671,0xc02aaa39b223fe8d0a0e5c4f27ead9083c756cc2,0xca0840578f57fe71599d29375e16783424023357,980389227001757421,Wrapped Ether,WETH,18,59,1658177,85000000000,253697,4044092,deprecated,0x3f7658fd,"executeSignatures(bytes message, bytes signatures)",11575797,1
13932849,1641217862,0x6e909a81d30cf9d669a1177bca73d0fcf6e0a2fd80c04b786708bfb458db6642,6925,0x28e90a1e6d45ad67073a581bd7cdedaa7a03231b5e62a5977c2b91d497d60a91,0x88ad09518695c6c3712ac10a214be5109a655671,0xc02aaa39b223fe8d0a0e5c4f27ead9083c756cc2,0xca0840578f57fe71599d29375e16783424023357,100000000000000000,Wrapped Ether,WETH,18,237,1658141,93000000000,273668,11920148,deprecated,0x3f7658fd,"executeSignatures(bytes message, bytes signatures)",11575188,1
13932866,1641218138,0x5be487f844dee7af38248948d371c6ece070bd17a8ce04ddfa0652062cac524d,6926,0x133f4604e52913116cd8c930cfb51a6d31af818fb5f7200eb7e909e82e37e591,0x88ad09518695c6c3712ac10a214be5109a655671,0xc02aaa39b223fe8d0a0e5c4f27ead9083c756cc2,0xca0840578f57fe71599d29375e16783424023357,990097529239904215,Wrapped Ether,WETH,18,105,1658153,93000000000,253678,10310945,deprecated,0x3f7658fd,"executeSignatures(bytes message, bytes signatures)",11575171,1
13933291,1641223977,0xd4761c42e035bae032e92597e73f68ea72d92f3743b9e2c64e37f1a1f0850e02,847,0x73fa2dd40651a14a28767b017253a713794b58057556a99084ddcb693bb4bebb,0xca0840578f57fe71599d29375e16783424023357,0xc02aaa39b223fe8d0a0e5c4f27ead9083c756cc2,0x88ad09518695c6c3712ac10a214be5109a655671,600000000000000000,Wrapped Ether,WETH,18,37,431887,96120839544,241753,2309678,deprecated,0x3ace4765,"wrapAndRelayTokens(address _receiver, bytes _data)",11574746,1
13933358,1641224777,0x01659fd4c4216180b65266d87003c2f0222aa8d22aee70455e1baa0d24006bcb,6927,0x906c2b7df2f980db58071c386af457157ab7c4ed0fb772b843eda1ebc237a2ab,0x88ad09518695c6c3712ac10a214be5109a655671,0xc02aaa39b223fe8d0a0e5c4f27ead9083c756cc2,0xca0840578f57fe71599d29375e16783424023357,500000000000000000,Wrapped Ether,WETH,18,36,1658141,122000000000,273668,1811974,deprecated,0x3f7658fd,"executeSignatures(bytes message, bytes signatures)",11574679,1
13933404,1641225341,0x0d00a6633a544cbd4c01e58247aae30c8427f8df7d8316dc856488d69a3ecf42,6928,0xa42adc966f71cecf628a100c6d6528fff19dbff923be8d8ec24534fbd0c7bece,0x88ad09518695c6c3712ac10a214be5109a655671,0xc02aaa39b223fe8d0a0e5c4f27ead9083c756cc2,0xca0840578f57fe71599d29375e16783424023357,50000000000000000,Wrapped Ether,WETH,18,47,1658129,120000000000,253659,6000934,deprecated,0x3f7658fd,"executeSignatures(bytes message, bytes signatures)",11574633,1
13933716,1641229474,0x9c945e8695cabb6545bcb898bf2147fe8dd2b72a467fbd999f8d3119104396da,981,0x133351373c7c223a70b0f5837b09e8e6c269f2ff709568b676cdf3aa5c501409,0xca0840578f57fe71599d29375e16783424023357,0xc02aaa39b223fe8d0a0e5c4f27ead9083c756cc2,0x88ad09518695c6c3712ac10a214be5109a655671,1000000000000000000,Wrapped Ether,WETH,18,56,431905,144989453438,241765,4456726,deprecated,0x3ace4765,"wrapAndRelayTokens(address _receiver, bytes _data)",11574321,1
13933899,1641231890,0xe14e6b384831c09767b9278160147bec5df8d1fb3f636dc66dd888b84a0f1508,6929,0xd54a45133d58d342caf315225c9a0584d7f80da0b44e3f85b3639d3fac5bcb0e,0x88ad09518695c6c3712ac10a214be5109a655671,0xc02aaa39b223fe8d0a0e5c4f27ead9083c756cc2,0xca0840578f57fe71599d29375e16783424023357,300000000000000000,Wrapped Ether,WETH,18,171,1658141,156000000000,253668,12888781,deprecated,0x3f7658fd,"executeSignatures(bytes message, bytes signatures)",11574138,1
13933943,1641232494,0x7bfb71b8bb53f70d2238adab0d9910f27860606c8ea7239dc8a1b91b2a9f9137,6930,0xf25ae6c342280761fb483961e51ef0e59c8bfc5e1e4ff669c06b04bb97dfaebb,0x88ad09518695c6c3712ac10a214be5109a655671,0xc02aaa39b223fe8d0a0e5c4f27ead9083c756cc2,0xca0840578f57fe71599d29375e16783424023357,150000000000000000,Wrapped Ether,WETH,18,10,1658141,179000000000,253668,988206,deprecated,0x3f7658fd,"executeSignatures(bytes message, bytes signatures)",11574094,1
13934027,1641233520,0xc3fa9e0d3d14fff7ab0cb86d25d903874612ce2478b19319c7be87be833a9957,88,0x9c0397b93997f9fdb3193aea481a14cff384b56d2b0f8fad15c092b28ebcbf4e,0xca0840578f57fe71599d29375e16783424023357,0xc02aaa39b223fe8d0a0e5c4f27ead9083c756cc2,0x88ad09518695c6c3712ac10a214be5109a655671,1000000000000000000,Wrapped Ether,WETH,18,165,431887,87336693523,241753,18303468,deprecated,0x3ace4765,"wrapAndRelayTokens(address _receiver, bytes _data)",11574010,1
13934446,1641238700,0xa5e2240fdf4d3c3e1d310b47c27fa59f8e052fe8deaf7295e31c0849f8aa8c66,21,0xd7a27500440ee526327ddde5b85f0246c5695cd2d64462ecf44652dd8b006574,0xca0840578f57fe71599d29375e16783424023357,0xc02aaa39b223fe8d0a0e5c4f27ead9083c756cc2,0x88ad09518695c6c3712ac10a214be5109a655671,650000000000000000,Wrapped Ether,WETH,18,181,431887,115029216404,241753,9726615,deprecated,0x3ace4765,"wrapAndRelayTokens(address _receiver, bytes _data)",11573591,1
13934522,1641239858,0xdcc24e93d480c42d5edd9048f1b25cfc62b9eda518259004e150a3ef3289b631,75,0x0afadc58401d0d202a404d3a653586d709bdeccf442dbf5208c3d66a5efb28e3,0xca0840578f57fe71599d29375e16783424023357,0xc02aaa39b223fe8d0a0e5c4f27ead9083c756cc2,0x88ad09518695c6c3712ac10a214be5109a655671,700000000000000000,Wrapped Ether,WETH,18,75,431887,151807670412,241753,4178126,deprecated,0x3ace4765,"wrapAndRelayTokens(address _receiver, bytes _data)",11573515,1
13934526,1641239890,0x3d2776b886946400f9e6f9a438002f605bb0f4fff0c7f8a403a4d124bec69fed,6931,0xf30c97c8f8ae710e041d8ebb6de5babe300cbb83da40c5087af5a7b1e750c12b,0x88ad09518695c6c3712ac10a214be5109a655671,0xc02aaa39b223fe8d0a0e5c4f27ead9083c756cc2,0xca0840578f57fe71599d29375e16783424023357,1000000000000000000,Wrapped Ether,WETH,18,120,1658153,120000000000,253678,7325290,deprecated,0x3f7658fd,"executeSignatures(bytes message, bytes signatures)",11573511,1
13934526,1641239890,0x754ea409167be0e3bea52182828bcb71248ad231756b6d423f9f8ab71c16b402,6932,0xf30c97c8f8ae710e041d8ebb6de5babe300cbb83da40c5087af5a7b1e750c12b,0x88ad09518695c6c3712ac10a214be5109a655671,0xc02aaa39b223fe8d0a0e5c4f27ead9083c756cc2,0xca0840578f57fe71599d29375e16783424023357,625600073055184995,Wrapped Ether,WETH,18,121,1658141,189000000000,253668,7578958,deprecated,0x3f7658fd,"executeSignatures(bytes message, bytes signatures)",11573511,1
13934603,1641240957,0x5b8a8e08f7965e47863ebee6c1356781622cb617c20c334b33ba9e0912d3d3ca,6933,0x0ab5f1a2bde663a5c7051a97c07787517a3f444f02efe8475a3d6c61924fd22b,0x88ad09518695c6c3712ac10a214be5109a655671,0xc02aaa39b223fe8d0a0e5c4f27ead9083c756cc2,0xca0840578f57fe71599d29375e16783424023357,50000000000000000,Wrapped Ether,WETH,18,1,1658117,166000000000,253649,274649,deprecated,0x3f7658fd,"executeSignatures(bytes message, bytes signatures)",11573434,1
13934633,1641241400,0xbc10ad5e6fa5987e791d14f34dd0b4ef7406c6a5f05509f70967ae1925a7ddde,76,0xa366a969487cc0fd287189d091d2310ab4543cefaac7396040490c79b4d72ba8,0xca0840578f57fe71599d29375e16783424023357,0xc02aaa39b223fe8d0a0e5c4f27ead9083c756cc2,0x88ad09518695c6c3712ac10a214be5109a655671,50000000000000000,Wrapped Ether,WETH,18,36,431833,170877930606,241717,2888195,deprecated,0x3ace4765,"wrapAndRelayTokens(address _receiver, bytes _data)",11573404,1
13934697,1641242382,0x8aa518b3590b121a7718d79131c71a86a4b6ac8504506c151d77f59e5b77f3b4,6934,0xacfb67817eb337c1ed3c1d4b528639adccc695b5be7f08ac4c1c6ab7217558df,0x88ad09518695c6c3712ac10a214be5109a655671,0xc02aaa39b223fe8d0a0e5c4f27ead9083c756cc2,0xca0840578f57fe71599d29375e16783424023357,690000000000000000,Wrapped Ether,WETH,18,18,1658153,186000000000,253678,1723953,deprecated,0x3f7658fd,"executeSignatures(bytes message, bytes signatures)",11573340,1
13935468,1641252111,0x14aeefc852c2890ed88d3de98cb3cdbfd55c8e073f6c9ab787799458957ef2e7,480,0x15b791c5bfe4b6120e730ca1403c3ef330fec2c744559a4e40a15dcd3dbbdf15,0xca0840578f57fe71599d29375e16783424023357,0xc02aaa39b223fe8d0a0e5c4f27ead9083c756cc2,0x88ad09518695c6c3712ac10a214be5109a655671,500000000000000000,Wrapped Ether,WETH,18,61,436474,135560215440,247478,5818421,deprecated,0x9254c66e,"wrapAndRelayTokens(address _receiver,bytes _data,tuple _account)",11572569,1
13935577,1641253574,0x64200fc9c73f886a4751ecd451abb8f4e70ec056c8aa39f25acc2498d67d2345,6935,0x19105d199e8483af397224fbe59e92d48c4910ad2fc441603e152ab0655c2d7e,0x88ad09518695c6c3712ac10a214be5109a655671,0xc02aaa39b223fe8d0a0e5c4f27ead9083c756cc2,0xca0840578f57fe71599d29375e16783424023357,1000000000000000000,Wrapped Ether,WETH,18,13,1658141,209000000000,253668,1157972,deprecated,0x3f7658fd,"executeSignatures(bytes message, bytes signatures)",11572460,1
13936666,1641268388,0x0983559aab0eb443b2437e4dbbcfe794fec65ea0b5826b120b56d65384e78e05,84,0x44299d0848725a9e4e9e9bb6c71e2820c63317b279335bf2515e057287e623f8,0xca0840578f57fe71599d29375e16783424023357,0xc02aaa39b223fe8d0a0e5c4f27ead9083c756cc2,0x88ad09518695c6c3712ac10a214be5109a655671,100000000000000000,Wrapped Ether,WETH,18,218,431851,92124854839,241729,14099122,deprecated,0x3ace4765,"wrapAndRelayTokens(address _receiver, bytes _data)",11571371,1
13936870,1641271391,0xcbe29484e714e7430ae968fcc8f8aed0e81377ba9dcb428d5920c0e555bf0cb8,6936,0xd20fbb04b9f411de8f3eed2c1c3d37ea4706e3f39d7c003e1fe61286007b0a92,0x88ad09518695c6c3712ac10a214be5109a655671,0xc02aaa39b223fe8d0a0e5c4f27ead9083c756cc2,0xca0840578f57fe71599d29375e16783424023357,200000000000000000,Wrapped Ether,WETH,18,11,1658153,127000000000,253678,1260866,deprecated,0x3f7658fd,"executeSignatures(bytes message, bytes signatures)",11571167,1
13937087,1641274227,0xfb6ef0cab8d8970ed0ac9e2f5532ad19ce8ac907cebca98e7c55c20a13c4713f,6937,0xfac9a496b4b5c8a7d7ec735c43898b66e1297b27a75ecc75e09b2e091c19eacb,0x88ad09518695c6c3712ac10a214be5109a655671,0xc02aaa39b223fe8d0a0e5c4f27ead9083c756cc2,0xca0840578f57fe71599d29375e16783424023357,1000000000000000000,Wrapped Ether,WETH,18,50,1658141,139000000000,273668,3137623,deprecated,0x3f7658fd,"executeSignatures(bytes message, bytes signatures)",11570950,1
13937202,1641275635,0x25b735b7b9eb1c5e86a530be131df6bbc5cd4d974ccec96d8ff4f5bce130881b,8,0xaae94d122b8cb3a0dfd9f1cc5e75726ee2b99bc075ce7d9d3d5a43dbade6c9a7,0xca0840578f57fe71599d29375e16783424023357,0xc02aaa39b223fe8d0a0e5c4f27ead9083c756cc2,0x88ad09518695c6c3712ac10a214be5109a655671,1000000000000000000,Wrapped Ether,WETH,18,65,431941,93949861977,241789,4322684,deprecated,0x3ace4765,"wrapAndRelayTokens(address _receiver, bytes _data)",11570835,1
13937226,1641275924,0x5c8a19bc2455bea050ea38ca69b867431913c8225a8789a2585e732b3cb83dc2,9,0x51d6ff6eebd123894d5601f284878a40b7756917e6c67cc23dea03feb8eea2c9,0xca0840578f57fe71599d29375e16783424023357,0xc02aaa39b223fe8d0a0e5c4f27ead9083c756cc2,0x88ad09518695c6c3712ac10a214be5109a655671,1000000000000000000,Wrapped Ether,WETH,18,143,431887,78274442518,241753,10298575,deprecated,0x3ace4765,"wrapAndRelayTokens(address _receiver, bytes _data)",11570811,1
13937298,1641276641,0xf1d6a48254e7b34e794cf88322c82252250e0d40524c2809f30462827244ce01,6938,0x9dd576cbbb41617448e7938564e327920d191b3689442e37605590df36c2ebcb,0x88ad09518695c6c3712ac10a214be5109a655671,0xc02aaa39b223fe8d0a0e5c4f27ead9083c756cc2,0xca0840578f57fe71599d29375e16783424023357,1980196506567875383,Wrapped Ether,WETH,18,2,1658141,121000000000,273668,635578,deprecated,0x3f7658fd,"executeSignatures(bytes message, bytes signatures)",11570739,1
13937592,1641280677,0xf627e3988b6c73c3c85fb4adf3f695841315249dcf8dfa4883287ff22dd272a9,6,0x8540dc490276f96012f97a1a5b4db60be90c4ac2c170a77d8b53f4a2081540fe,0xca0840578f57fe71599d29375e16783424023357,0xc02aaa39b223fe8d0a0e5c4f27ead9083c756cc2,0x88ad09518695c6c3712ac10a214be5109a655671,565222225511428502,Wrapped Ether,WETH,18,105,431959,77556642028,241801,6799649,deprecated,0x3ace4765,"wrapAndRelayTokens(address _receiver, bytes _data)",11570445,1
13938540,1641293145,0xf714127d44b13764b2911d6373dcd60774bfc0297f84f948a24c5a0031b30a1c,884,0xa886d28dd2ef80b4fbab6f9bdcd027870834528992b07f652c36b6a622f1eb42,0xca0840578f57fe71599d29375e16783424023357,0xc02aaa39b223fe8d0a0e5c4f27ead9083c756cc2,0x88ad09518695c6c3712ac10a214be5109a655671,200000000000000000,Wrapped Ether,WETH,18,12,436564,76603563459,247538,1332547,deprecated,0x9254c66e,"wrapAndRelayTokens(address _receiver,bytes _data,tuple _account)",11569497,1
13938653,1641294711,0x8ca43884398d1cc0a7f7c9a0fbaab1816a6444bd9a63087a39a110e737c95514,6,0x94a858a594333ea10f4f8a8d428e72c98cd565517c3e8b3554ed010f11888acf,0xca0840578f57fe71599d29375e16783424023357,0xc02aaa39b223fe8d0a0e5c4f27ead9083c756cc2,0x88ad09518695c6c3712ac10a214be5109a655671,1000000000000000000,Wrapped Ether,WETH,18,33,431905,69694903632,241765,1874050,deprecated,0x3ace4765,"wrapAndRelayTokens(address _receiver, bytes _data)",11569384,1
13938683,1641295054,0x03016768f6a8a071df01480178ad40b13d55cf6b95a975a26bf4487d5139b4bb,7,0x1fe00a57508665767ca9bb1b2114b443b38f527d91f1c283b760749b8ea5fa79,0xca0840578f57fe71599d29375e16783424023357,0xc02aaa39b223fe8d0a0e5c4f27ead9083c756cc2,0x88ad09518695c6c3712ac10a214be5109a655671,1000000000000000000,Wrapped Ether,WETH,18,85,431869,70627089427,241741,5074606,deprecated,0x3ace4765,"wrapAndRelayTokens(address _receiver, bytes _data)",11569354,1
13938782,1641296375,0xd89bf7e6d63b7abd9104dc033ad80ab2fe91eb1d6b79f745488ccabe16897322,6939,0x4c0c790dc4e9b4a6aacea3ad4918af9f4be93982d9d52327e21da4dbe33e5b44,0x88ad09518695c6c3712ac10a214be5109a655671,0xc02aaa39b223fe8d0a0e5c4f27ead9083c756cc2,0xca0840578f57fe71599d29375e16783424023357,145000000000000000,Wrapped Ether,WETH,18,135,1658153,104000000000,273678,5044546,deprecated,0x3f7658fd,"executeSignatures(bytes message, bytes signatures)",11569255,1
13938958,1641298859,0x69c34fa6868367c8f82712f56f167c3e35069c1762bada5733e15e644fe2a0cd,349,0x80cd6146784b803908955cf16e59882db3e4b395915de16213550e817d92a4b0,0xca0840578f57fe71599d29375e16783424023357,0xc02aaa39b223fe8d0a0e5c4f27ead9083c756cc2,0x88ad09518695c6c3712ac10a214be5109a655671,1000000000000000000,Wrapped Ether,WETH,18,56,436564,72439481641,247538,3278648,deprecated,0x9254c66e,"wrapAndRelayTokens(address _receiver,bytes _data,tuple _account)",11569079,1
13938960,1641298882,0x6064166f87151d0151a341085209e9a6edb3a08bcf1c2e1c3cf8d8d61628da6a,496,0xa28abc3e07ce8dd9818506de8c04827c7e04223b6cf229836ddbf78fd8e976df,0xca0840578f57fe71599d29375e16783424023357,0xc02aaa39b223fe8d0a0e5c4f27ead9083c756cc2,0x88ad09518695c6c3712ac10a214be5109a655671,1000000000000000000,Wrapped Ether,WETH,18,140,431905,74609372349,241765,8710315,deprecated,0x3ace4765,"wrapAndRelayTokens(address _receiver, bytes _data)",11569077,1
13939021,1641299758,0x11ae36490e3e54d0ce70900e7972643b60b7b85f52e2a70a3a20d896be7f5731,497,0x37afbdb76093b1b67c2e60a2fdb260b1bac2532b05796f31a391ceddac85ce40,0xca0840578f57fe71599d29375e16783424023357,0xc02aaa39b223fe8d0a0e5c4f27ead9083c756cc2,0x88ad09518695c6c3712ac10a214be5109a655671,100000000000000000,Wrapped Ether,WETH,18,58,431941,113432636305,241789,3392519,deprecated,0x3ace4765,"wrapAndRelayTokens(address _receiver, bytes _data)",11569016,1
13939053,1641300263,0x3def6f59c5a9ffdb97da7dfb0742b64cc3e44012bff255b2904019d09a99ad23,6940,0xba4dffef8670185a1ce2650d49509d340a990f869adce721644669010ebd7002,0x88ad09518695c6c3712ac10a214be5109a655671,0xc02aaa39b223fe8d0a0e5c4f27ead9083c756cc2,0xca0840578f57fe71599d29375e16783424023357,500000000000000000,Wrapped Ether,WETH,18,46,1658141,103000000000,273668,3035984,deprecated,0x3f7658fd,"executeSignatures(bytes message, bytes signatures)",11568984,1
13939069,1641300471,0xa455665111580857a96dad8de5b67ad99a4f6112792a9a87bb1c2cece31152a9,6941,0x8b676b9c2aefaafe47729c9d53c05b53637a7364e139bd60441eff276c86b22a,0x88ad09518695c6c3712ac10a214be5109a655671,0xc02aaa39b223fe8d0a0e5c4f27ead9083c756cc2,0xca0840578f57fe71599d29375e16783424023357,1000000000000000000,Wrapped Ether,WETH,18,49,1658105,103000000000,253640,2010090,deprecated,0x3f7658fd,"executeSignatures(bytes message, bytes signatures)",11568968,1
13939411,1641305192,0xbbba18262217e6c97425f70f660d10e551a037d847154909bc97898b4a1584e4,719,0x658d42b90e8521cded75e23468ffd501fa69c08757f6498fec6f9fe139b1e0a1,0xca0840578f57fe71599d29375e16783424023357,0xc02aaa39b223fe8d0a0e5c4f27ead9083c756cc2,0x88ad09518695c6c3712ac10a214be5109a655671,220000000000000000,Wrapped Ether,WETH,18,43,431905,103732378265,241765,3042218,deprecated,0x3ace4765,"wrapAndRelayTokens(address _receiver, bytes _data)",11568626,1
13939415,1641305223,0xb104d5bec71998a76ec43178416b0ba196a33ebaba32641b8ac9653f835231d3,360,0xd4a26e55070e71558dcd1094bc29715b7a3e28d2998fdcef08a47121425de4ae,0xca0840578f57fe71599d29375e16783424023357,0xc02aaa39b223fe8d0a0e5c4f27ead9083c756cc2,0x88ad09518695c6c3712ac10a214be5109a655671,895256512908382748,Wrapped Ether,WETH,18,144,436600,81873734932,247562,9418981,deprecated,0x9254c66e,"wrapAndRelayTokens(address _receiver,bytes _data,tuple _account)",11568622,1
13939424,1641305358,0xd0518947013d6fc1c1ac35854ef4cc03d95344b43a5f48196e8f9868c2442e8e,6942,0x35b2859b44507ddd45bca379ad6b74ba9ef526a12fb8e0be4d33451eaaa20bab,0x88ad09518695c6c3712ac10a214be5109a655671,0xc02aaa39b223fe8d0a0e5c4f27ead9083c756cc2,0xca0840578f57fe71599d29375e16783424023357,300000000000000000,Wrapped Ether,WETH,18,160,1658141,105000000000,253668,7456399,deprecated,0x3f7658fd,"executeSignatures(bytes message, bytes signatures)",11568613,1
13939480,1641306097,0x389b99d9bd779747c97f035aa87ff8e04524714db35138edcf4b592391d7d821,6943,0xbd109d49d8b0d3126372cf3f5e77e4be8401dfff4bd40f29aab5fb9945c7ad5e,0x88ad09518695c6c3712ac10a214be5109a655671,0xc02aaa39b223fe8d0a0e5c4f27ead9083c756cc2,0xca0840578f57fe71599d29375e16783424023357,886000000000000000,Wrapped Ether,WETH,18,26,1658117,120000000000,273649,1641278,deprecated,0x3f7658fd,"executeSignatures(bytes message, bytes signatures)",11568557,1
13939503,1641306493,0x86c98e4356894ab872badbfc7be4ab7665de3658eca10e44b33a15cae8487f32,161,0x046bb3c79d73fa4389b60b0cc098d8aac88cfb43adc1c6aa598c51d012134896,0xca0840578f57fe71599d29375e16783424023357,0xc02aaa39b223fe8d0a0e5c4f27ead9083c756cc2,0x88ad09518695c6c3712ac10a214be5109a655671,200000000000000000,Wrapped Ether,WETH,18,78,436564,113021564094,247538,7841792,deprecated,0x9254c66e,"wrapAndRelayTokens(address _receiver,bytes _data,tuple _account)",11568534,1
13939581,1641307638,0x8068f5e9439916b9765fe85f266bc7411d56555f2918b6a9972112a4bbcaea44,6944,0x6adeaef0bd007754fc9c057dc76fb2f50db12d9b5ad134eef84986476300da1c,0x88ad09518695c6c3712ac10a214be5109a655671,0xc02aaa39b223fe8d0a0e5c4f27ead9083c756cc2,0xca0840578f57fe71599d29375e16783424023357,100000000000000000,Wrapped Ether,WETH,18,34,1658141,115000000000,273668,4090858,deprecated,0x3f7658fd,"executeSignatures(bytes message, bytes signatures)",11568456,1
13939614,1641307996,0xeb3284d490f94aff5c13fcd4eb005295855ee34bd052aebe0ffd2b7b3c2f8623,162,0xaa2e55fc836b1b21773c36379d18a9e16caa44c3f6b3e58cf9b47455f62d1883,0xca0840578f57fe71599d29375e16783424023357,0xc02aaa39b223fe8d0a0e5c4f27ead9083c756cc2,0x88ad09518695c6c3712ac10a214be5109a655671,110000000000000000,Wrapped Ether,WETH,18,59,431815,72507358178,241705,4011516,deprecated,0x3ace4765,"wrapAndRelayTokens(address _receiver, bytes _data)",11568423,1
13939748,1641309718,0x8469957f59a8b26051e9739aa38d7d9f086dd5f1416efc67407f47fd03388c18,0,0x5d5f8e7ddbf0ec4d0c6ddd6a51ee2220cd3b7db2e5878cbe5704fc299676d62f,0xca0840578f57fe71599d29375e16783424023357,0xc02aaa39b223fe8d0a0e5c4f27ead9083c756cc2,0x88ad09518695c6c3712ac10a214be5109a655671,100000000000000000,Wrapped Ether,WETH,18,34,436546,78667812322,247526,3111003,deprecated,0x9254c66e,"wrapAndRelayTokens(address _receiver,bytes _data,tuple _account)",11568289,1
13939787,1641310207,0xb60f04844fbeb5f2b3e9d007fcbcf7d34360c2ae32fc36579fd08e11f737cb21,92,0xe567cbd65f7dcf261ddf47c07e8ee777733af7bec58e56e3ac3cff66c45ddd50,0xca0840578f57fe71599d29375e16783424023357,0xc02aaa39b223fe8d0a0e5c4f27ead9083c756cc2,0x88ad09518695c6c3712ac10a214be5109a655671,1000000000000000000,Wrapped Ether,WETH,18,115,431869,113015112551,241741,3537752,deprecated,0x3ace4765,"wrapAndRelayTokens(address _receiver, bytes _data)",11568250,1
13939799,1641310343,0x19df2f2e54500fe56c0e544c2619709ae70a388cf420fff93bd6888ea6a3945c,6945,0x09e0cc630d9311dc82778eadc2df7febba63e9d447dc97b09b3ea4325804aa74,0x88ad09518695c6c3712ac10a214be5109a655671,0xc02aaa39b223fe8d0a0e5c4f27ead9083c756cc2,0xca0840578f57fe71599d29375e16783424023357,99008438218080300,Wrapped Ether,WETH,18,30,1658165,134000000000,273688,2704664,deprecated,0x3f7658fd,"executeSignatures(bytes message, bytes signatures)",11568238,1
13939863,1641311034,0xe1dcaa74ed9078bb31d2b16af4867e4038b41abfe9f4456dff3993bf81f614ee,6946,0x98d989adcb7526d9a4c65331ae34dff7ea78305f59e881fed80cb72abd649d41,0x88ad09518695c6c3712ac10a214be5109a655671,0xc02aaa39b223fe8d0a0e5c4f27ead9083c756cc2,0xca0840578f57fe71599d29375e16783424023357,500000000000000000,Wrapped Ether,WETH,18,54,1658129,116000000000,253659,3884016,deprecated,0x3f7658fd,"executeSignatures(bytes message, bytes signatures)",11568174,1
13939990,1641312752,0x554dc6f2c4fa77a10a4d4d09979c40bd16f60eddc4cb528295e0c9cee579bce9,1,0xc5358976c86e44b94648f97927103c6d5bd34c66d144a2e0185f1817d6967ced,0xca0840578f57fe71599d29375e16783424023357,0xc02aaa39b223fe8d0a0e5c4f27ead9083c756cc2,0x88ad09518695c6c3712ac10a214be5109a655671,1000000000000000000,Wrapped Ether,WETH,18,68,431851,103727620116,241729,3137247,deprecated,0x3ace4765,"wrapAndRelayTokens(address _receiver, bytes _data)",11568047,1
13940027,1641313286,0x1bb721f2342222b0fcd98cfb3e5920ecb41c4080ff6b8b68bd22fb34cf80a622,2,0xfa592684b5bc2ad1715a17a2d62428ec8966eedf9cf65ea51513d581d74b72e4,0xca0840578f57fe71599d29375e16783424023357,0xc02aaa39b223fe8d0a0e5c4f27ead9083c756cc2,0x88ad09518695c6c3712ac10a214be5109a655671,309577424457410893,Wrapped Ether,WETH,18,114,431959,109102560961,241801,6594444,deprecated,0x3ace4765,"wrapAndRelayTokens(address _receiver, bytes _data)",11568010,1
13940131,1641314869,0x41e6ecf46fe281e7b87175b3975a83e9394e8b144466d9fe2b24fcdce1b8b565,23,0x64f1fc522fecffda92676aba04d6b84a0c41d28a040925992028d65c521c8cc4,0xca0840578f57fe71599d29375e16783424023357,0xc02aaa39b223fe8d0a0e5c4f27ead9083c756cc2,0x88ad09518695c6c3712ac10a214be5109a655671,295172964860228055,Wrapped Ether,WETH,18,293,436546,92319661226,247526,14140073,deprecated,0x9254c66e,"wrapAndRelayTokens(address _receiver,bytes _data,tuple _account)",11567906,1
13940139,1641315025,0xbd526868b7f15b8b971773e0bb88a873164eed9e49cc78c15040a0529163e36f,6947,0x86c800f896de277d9aec094fbddbc954430e5dad54744845c5119824bb06af37,0x88ad09518695c6c3712ac10a214be5109a655671,0xc02aaa39b223fe8d0a0e5c4f27ead9083c756cc2,0xca0840578f57fe71599d29375e16783424023357,100000000000000000,Wrapped Ether,WETH,18,14,1658153,162000000000,253678,1824798,deprecated,0x3f7658fd,"executeSignatures(bytes message, bytes signatures)",11567898,1
13940166,1641315309,0x07555ef061f831c4a3b2f58d27ee9c7eab2f7b297ea873f7cfedeb710754aacb,6948,0x5f37915828eac1a6f0050a12ab7e2ef980c6f686c0f6f6af37d70fc548222053,0x88ad09518695c6c3712ac10a214be5109a655671,0xc02aaa39b223fe8d0a0e5c4f27ead9083c756cc2,0xca0840578f57fe71599d29375e16783424023357,100000000000000000,Wrapped Ether,WETH,18,16,1658141,162000000000,253668,631889,deprecated,0x3f7658fd,"executeSignatures(bytes message, bytes signatures)",11567871,1
13940283,1641316967,0x09a219a91a43765f38ee24c40aa01a8b89be209d1191a4a5d5d5d195243a3c54,6949,0xc9a0b383c551bd06a738e32f7dce0e20d9c5e5130e2c0f1cd4fd3f966714c45e,0x88ad09518695c6c3712ac10a214be5109a655671,0xc02aaa39b223fe8d0a0e5c4f27ead9083c756cc2,0xca0840578f57fe71599d29375e16783424023357,100000000000000000,Wrapped Ether,WETH,18,41,1658153,428000000000,253678,3358243,deprecated,0x3f7658fd,"executeSignatures(bytes message, bytes signatures)",11567754,1
13940357,1641318049,0xfa6114bd0cea692078a480777f5eb9f5ba28bce740ac6c945393b0eaa716b657,6950,0x380495035a3b76d52ebccc29c47588844891360117b67563566e482fafd3444e,0x88ad09518695c6c3712ac10a214be5109a655671,0xc02aaa39b223fe8d0a0e5c4f27ead9083c756cc2,0xca0840578f57fe71599d29375e16783424023357,100000000000000000,Wrapped Ether,WETH,18,3,1658141,448000000000,253668,404720,deprecated,0x3f7658fd,"executeSignatures(bytes message, bytes signatures)",11567680,1
13941338,1641330760,0xb907b3e299c6ded61f4d2fdad73ca0047cdab99a7111753c14c4adcefd993e59,3,0xe4e8736fe3fc1b8f94897c1bf623b7ad769192f2befd9eb2455a8a870264fbc8,0xca0840578f57fe71599d29375e16783424023357,0xc02aaa39b223fe8d0a0e5c4f27ead9083c756cc2,0x88ad09518695c6c3712ac10a214be5109a655671,628136171543209610,Wrapped Ether,WETH,18,78,431977,181241457573,241813,2677126,deprecated,0x3ace4765,"wrapAndRelayTokens(address _receiver, bytes _data)",11566699,1
13941384,1641331411,0x4981d234cd8d4145521dc7268a6adec4ed127b104a2ec8978890ad6de24ddd10,6951,0x397dc995ed9f6ee96d7cac181e8ae34b1eb7d6bc78ba7cc53b54718a2ccc96c1,0x88ad09518695c6c3712ac10a214be5109a655671,0xc02aaa39b223fe8d0a0e5c4f27ead9083c756cc2,0xca0840578f57fe71599d29375e16783424023357,500000000000000000,Wrapped Ether,WETH,18,2,1658141,312000000000,253668,297186,deprecated,0x3f7658fd,"executeSignatures(bytes message, bytes signatures)",11566653,1
13941418,1641331815,0x88379668af026960f66c53f5f336f2e15c7d99f268a5a3c52b41d8d9fbbb6dea,6952,0x071fb5fdd4a98e7dcd7978dcab65a4d1c70478151d61bc0a884d2e608b555047,0x88ad09518695c6c3712ac10a214be5109a655671,0xc02aaa39b223fe8d0a0e5c4f27ead9083c756cc2,0xca0840578f57fe71599d29375e16783424023357,100000000000000000,Wrapped Ether,WETH,18,7,1658141,341000000000,253668,1631409,deprecated,0x3f7658fd,"executeSignatures(bytes message, bytes signatures)",11566619,1
13941441,1641332103,0x5a749b5a565df21ead69b5ebc5673455e59199ae6b27a005329dab05e057923c,6953,0xba3baa18d177c35e576e79ed9e0587514dcb938678812a1bb7e199a7e85b6b6a,0x88ad09518695c6c3712ac10a214be5109a655671,0xc02aaa39b223fe8d0a0e5c4f27ead9083c756cc2,0xca0840578f57fe71599d29375e16783424023357,100000000000000000,Wrapped Ether,WETH,18,9,1658117,283000000000,253649,1348026,deprecated,0x3f7658fd,"executeSignatures(bytes message, bytes signatures)",11566596,1
13941457,1641332289,0x4e6b281b85db6e03179aa730895c6495c1f2e8709fd50f2b6157e0b7de979504,6954,0xe2cf2c3b56ded161825ae3cf40b0efac7c4ab3a3eec832bc811f6b127f5406c0,0x88ad09518695c6c3712ac10a214be5109a655671,0xc02aaa39b223fe8d0a0e5c4f27ead9083c756cc2,0xca0840578f57fe71599d29375e16783424023357,1000000000000000000,Wrapped Ether,WETH,18,0,1658153,283000000000,253678,253678,deprecated,0x3f7658fd,"executeSignatures(bytes message, bytes signatures)",11566580,1
13941519,1641332976,0x70178ccf174df826c2388943717e0595de17a955786f32cc26c8abe200ebb03a,3,0xa68ff9641e6203e033c775250c065c8fdf1111635f011c36282ff1a57e652766,0xca0840578f57fe71599d29375e16783424023357,0xc02aaa39b223fe8d0a0e5c4f27ead9083c756cc2,0x88ad09518695c6c3712ac10a214be5109a655671,340000000000000000,Wrapped Ether,WETH,18,58,431833,103618179789,241717,5617645,deprecated,0x3ace4765,"wrapAndRelayTokens(address _receiver, bytes _data)",11566518,1
13941585,1641333851,0x9a81695c1fe9258b467fcd1dbdd35772bfd088cec6783d861451fd35db3d9acc,6955,0x790b717f14e6abd859ff7c5fd5df962eeb99764358eff247d882bc76840ce91a,0x88ad09518695c6c3712ac10a214be5109a655671,0xc02aaa39b223fe8d0a0e5c4f27ead9083c756cc2,0xca0840578f57fe71599d29375e16783424023357,500000000000000000,Wrapped Ether,WETH,18,81,1658129,172000000000,273659,7234731,deprecated,0x3f7658fd,"executeSignatures(bytes message, bytes signatures)",11566452,1
13941776,1641336430,0x083c3eea7ede595ddb68a4acc4721131df4cbec30a04248153c95a9ed1ab3c10,3,0xe1b707abc793fd2810530dc7ea4aa66de6e3a537dd4374bc737d11f653916aeb,0xca0840578f57fe71599d29375e16783424023357,0xc02aaa39b223fe8d0a0e5c4f27ead9083c756cc2,0x88ad09518695c6c3712ac10a214be5109a655671,1000000000000000000,Wrapped Ether,WETH,18,71,431941,126652082786,241789,7779636,deprecated,0x3ace4765,"wrapAndRelayTokens(address _receiver, bytes _data)",11566261,1
13942508,1641345957,0x581e676a02c992ee4a28c31415e80d45eb249655e7ce26ade4580d69a34c1e2f,15,0x8dbc2ad34b81e7dd9afd67811a46da1ff9c3f67bfe5582d7be3593d3bf2845c0,0xca0840578f57fe71599d29375e16783424023357,0xc02aaa39b223fe8d0a0e5c4f27ead9083c756cc2,0x88ad09518695c6c3712ac10a214be5109a655671,1000000000000000000,Wrapped Ether,WETH,18,284,458359,100000000000,241753,24253553,deprecated,0x3ace4765,"wrapAndRelayTokens(address _receiver, bytes _data)",11565529,1
13943591,1641360859,0xebac6b1512aff698d0340d95ca943e274ccdb5986f8b543a8e465b2a0f306647,7,0x056b2a5a45618092504e3899e2897109d3a0500fa9ef7ca6e8a545630aec848b,0x88ad09518695c6c3712ac10a214be5109a655671,0xc02aaa39b223fe8d0a0e5c4f27ead9083c756cc2,0xca0840578f57fe71599d29375e16783424023357,500000000000000000,Wrapped Ether,WETH,18,37,482100,92650303570,253571,3507355,deprecated,0x23caab49,"safeExecuteSignaturesWithAutoGasLimit(bytes _data, bytes _signatures)",11564446,1
13943793,1641363690,0x0d285cdb381145781f8f75849b92cf0d7c7de708040efedcad08cd834130f91e,100,0x196cf39108f2d01ed87cac52d551fa85b542c23df3a39597cf00cfc536d8b524,0x88ad09518695c6c3712ac10a214be5109a655671,0xc02aaa39b223fe8d0a0e5c4f27ead9083c756cc2,0xca0840578f57fe71599d29375e16783424023357,100000000000000000,Wrapped Ether,WETH,18,102,520159,93093022223,273552,8761268,deprecated,0x23caab49,"safeExecuteSignaturesWithAutoGasLimit(bytes _data, bytes _signatures)",11564244,1
13943847,1641364282,0x2d51040f5249639d76eb7d3be904b6ebe2e627edc4d4f7de3e58af0e7c038bac,101,0x1466e22929a4c0965162f5073c3ea0e47b9d7457eba6df2424b9e5a82a3b7788,0x88ad09518695c6c3712ac10a214be5109a655671,0xc02aaa39b223fe8d0a0e5c4f27ead9083c756cc2,0xca0840578f57fe71599d29375e16783424023357,1000000000000000000,Wrapped Ether,WETH,18,273,482100,85695244849,253571,19293009,deprecated,0x23caab49,"safeExecuteSignaturesWithAutoGasLimit(bytes _data, bytes _signatures)",11564190,1
13944055,1641367200,0x68d0e40e18aceb83e7bd9a11dceb760c431194f49b8cba3b2da479a49fda03c3,1417,0x1f45e7adefb7c920a4023fc8f5cc36efc418bb5cb1c337b7f847dcb4c4f36272,0xca0840578f57fe71599d29375e16783424023357,0xc02aaa39b223fe8d0a0e5c4f27ead9083c756cc2,0x88ad09518695c6c3712ac10a214be5109a655671,300000000000000000,Wrapped Ether,WETH,18,337,436528,92626641493,247514,20093096,deprecated,0x9254c66e,"wrapAndRelayTokens(address _receiver,bytes _data,tuple _account)",11563982,1
13944111,1641367892,0x92ba7238928957a90bae547efff832e891ad61af0dcebd310e1951901c051518,1418,0xea0505b10fc285bd0a40bca78ed57a9cf9c6d6508d1eebf13c25b1cf75333314,0xca0840578f57fe71599d29375e16783424023357,0xc02aaa39b223fe8d0a0e5c4f27ead9083c756cc2,0x88ad09518695c6c3712ac10a214be5109a655671,100000000000000000,Wrapped Ether,WETH,18,280,431941,81254986699,241789,11310439,deprecated,0x3ace4765,"wrapAndRelayTokens(address _receiver, bytes _data)",11563926,1
13944286,1641370343,0x4b3bff51f385e4105e8196cd38c561579552bc888e1574de9229973d9ba55742,1,0x3ed735aaeef2c1d1aec351941b40555ac7b10afc2026828f4a9f60744559305e,0xca0840578f57fe71599d29375e16783424023357,0xc02aaa39b223fe8d0a0e5c4f27ead9083c756cc2,0x88ad09518695c6c3712ac10a214be5109a655671,1000000000000000000,Wrapped Ether,WETH,18,80,431923,131546993384,241777,6506730,deprecated,0x3ace4765,"wrapAndRelayTokens(address _receiver, bytes _data)",11563751,1
13944395,1641371772,0x76ddb4ef8ead5011f2eee9086fcce18fa7bfbd54bb45e89071268db0cd881ebc,2,0x64360e1be093240ae4a27916374f8f2c03839c0a6f512239b91b027e75d8d4e2,0x88ad09518695c6c3712ac10a214be5109a655671,0xc02aaa39b223fe8d0a0e5c4f27ead9083c756cc2,0xca0840578f57fe71599d29375e16783424023357,500000000000000000,Wrapped Ether,WETH,18,220,520195,75931598843,273571,13683173,deprecated,0x23caab49,"safeExecuteSignaturesWithAutoGasLimit(bytes _data, bytes _signatures)",11563642,1
13944415,1641372050,0x211108efb84e8db14dee1c513a6af40492f8220b032d484fb9e4cdac7da9eafb,3,0x7ea8a99c68bf22cf5207dc86b9a04ea4e7d83a07d44b1cf4dbde30c23377f448,0x88ad09518695c6c3712ac10a214be5109a655671,0xc02aaa39b223fe8d0a0e5c4f27ead9083c756cc2,0xca0840578f57fe71599d29375e16783424023357,490096032545621900,Wrapped Ether,WETH,18,22,482136,96745985567,253590,1761495,deprecated,0x23caab49,"safeExecuteSignaturesWithAutoGasLimit(bytes _data, bytes _signatures)",11563622,1
13944478,1641372809,0x18f0069e26b8742181d044635710ddc5ee98dc244cadd03f963f4c2eefa3f5d9,4,0x28d8497cc5228f055c3449d341ddc5c92d933193b196e03de72835a5cbbef0af,0xca0840578f57fe71599d29375e16783424023357,0xc02aaa39b223fe8d0a0e5c4f27ead9083c756cc2,0x88ad09518695c6c3712ac10a214be5109a655671,1000000000000000000,Wrapped Ether,WETH,18,46,431887,90325262987,241753,3080441,deprecated,0x3ace4765,"wrapAndRelayTokens(address _receiver, bytes _data)",11563559,1
13944509,1641373193,0xb6b6f0fb15ece94ea46ca61833bf2aba415be94870d63ad67767437b70c4b1e0,5,0x95578c47fc979610f768d4dc330a50c46c4752bb1342897a696f2f12f44dc99f,0xca0840578f57fe71599d29375e16783424023357,0xc02aaa39b223fe8d0a0e5c4f27ead9083c756cc2,0x88ad09518695c6c3712ac10a214be5109a655671,1000000000000000000,Wrapped Ether,WETH,18,122,431905,104917974041,241765,6932992,deprecated,0x3ace4765,"wrapAndRelayTokens(address _receiver, bytes _data)",11563528,1
13944546,1641373618,0xc6cadfe410277a2ab97acf67b40deff86744ffea51d8e7210ea7032050ba94da,6,0x11e25df7990affb5a5f9894ac7704e310c296cea33a5a2874c25ce623d2d7de5,0x88ad09518695c6c3712ac10a214be5109a655671,0xc02aaa39b223fe8d0a0e5c4f27ead9083c756cc2,0xca0840578f57fe71599d29375e16783424023357,1000000000000000000,Wrapped Ether,WETH,18,35,520141,81484080394,273542,2019638,deprecated,0x23caab49,"safeExecuteSignaturesWithAutoGasLimit(bytes _data, bytes _signatures)",11563491,1
13944555,1641373710,0x3758262d6a9d940a9f7ae58d0b9f35e3b19cba20ca54c84b6f999891384b73bd,7,0xfbf499b3f784125e5a3fc2cb2d753ce85c17cdfbd81d458bcba0533bfe8611b4,0xca0840578f57fe71599d29375e16783424023357,0xc02aaa39b223fe8d0a0e5c4f27ead9083c756cc2,0x88ad09518695c6c3712ac10a214be5109a655671,1000000000000000000,Wrapped Ether,WETH,18,71,431905,89129647993,241765,4826903,deprecated,0x3ace4765,"wrapAndRelayTokens(address _receiver, bytes _data)",11563482,1
13944584,1641374069,0xf70a6c1b4fe0bc2b419db2d641fdd81973418d71924214af75d738c903ae02b6,8,0xd9053f7955416ead7be2f93dfe2e4775d9694e015f5c1181182809de0bea347c,0xca0840578f57fe71599d29375e16783424023357,0xc02aaa39b223fe8d0a0e5c4f27ead9083c756cc2,0x88ad09518695c6c3712ac10a214be5109a655671,600000000000000000,Wrapped Ether,WETH,18,148,431941,90668351385,241789,7905117,deprecated,0x3ace4765,"wrapAndRelayTokens(address _receiver, bytes _data)",11563453,1
13944616,1641374498,0x621a0d12ac675f63fe4cea4aeb0acaeb7cbe3cf1c9bdb64ac9376146b55e0fe2,9,0x2eb34129d5ee95b691b930d958505c42f707caf3601af86f1fa1eef275b23be3,0x88ad09518695c6c3712ac10a214be5109a655671,0xc02aaa39b223fe8d0a0e5c4f27ead9083c756cc2,0xca0840578f57fe71599d29375e16783424023357,1000000000000000000,Wrapped Ether,WETH,18,129,520159,97252094127,273552,6987288,deprecated,0x23caab49,"safeExecuteSignaturesWithAutoGasLimit(bytes _data, bytes _signatures)",11563421,1
13944639,1641374750,0x529c2f439b5e6b4e14a413601916bc6b8d0708ce554d16029a04382760d434a3,10,0x8ac5a33611688d131b312043102f46794d704b3f7637649efd10864679a0aa3e,0x88ad09518695c6c3712ac10a214be5109a655671,0xc02aaa39b223fe8d0a0e5c4f27ead9083c756cc2,0xca0840578f57fe71599d29375e16783424023357,1000000000000000000,Wrapped Ether,WETH,18,156,520177,90278998428,273561,7807233,deprecated,0x23caab49,"safeExecuteSignaturesWithAutoGasLimit(bytes _data, bytes _signatures)",11563398,1
13944668,1641375213,0xc6e02bc5b0e76f230a687dff7ef1084fc981674b0119a79d1207f592bf1e7387,11,0xaf4ca9dc2e1b6ef984a889e686a404de12565c39b4b384ce297655a955976dca,0x88ad09518695c6c3712ac10a214be5109a655671,0xc02aaa39b223fe8d0a0e5c4f27ead9083c756cc2,0xca0840578f57fe71599d29375e16783424023357,553391509027110881,Wrapped Ether,WETH,18,67,482118,111260719692,253580,4705010,deprecated,0x23caab49,"safeExecuteSignaturesWithAutoGasLimit(bytes _data, bytes _signatures)",11563369,1
13944872,1641377683,0x183337ce5d5caf2683e38c460e5ea2b7b63178497b7662c86f1aab0a982a0536,569,0x741600e1ffffa224940a76227598b1e21f1adeb79dcb407d080b6393c3ddc052,0xca0840578f57fe71599d29375e16783424023357,0xc02aaa39b223fe8d0a0e5c4f27ead9083c756cc2,0x88ad09518695c6c3712ac10a214be5109a655671,1000000000000000000,Wrapped Ether,WETH,18,126,431905,72636716994,241765,7826787,deprecated,0x3ace4765,"wrapAndRelayTokens(address _receiver, bytes _data)",11563165,1
13944980,1641379202,0x294654c2a65fb1f893a64ca10eb7d78dad7f49b6b75d56258ae822f1c885178d,570,0x2b40858e5bfa6c81343bdf5f03de6db1641816f0530a52cfde3e63a1e4311a1a,0xca0840578f57fe71599d29375e16783424023357,0xc02aaa39b223fe8d0a0e5c4f27ead9083c756cc2,0x88ad09518695c6c3712ac10a214be5109a655671,1000000000000000000,Wrapped Ether,WETH,18,149,431869,89511338814,241741,10830001,deprecated,0x3ace4765,"wrapAndRelayTokens(address _receiver, bytes _data)",11563057,1
13945004,1641379575,0x1c7d151ad5a46647038a1b0abf701d04cf8e2004ad2677b2ee89e9cbd2437ebb,571,0x27f193633fe30e0198ff6305db5dc14f3678ec8558cf9a00a2b8a3c13ff06de8,0xca0840578f57fe71599d29375e16783424023357,0xc02aaa39b223fe8d0a0e5c4f27ead9083c756cc2,0x88ad09518695c6c3712ac10a214be5109a655671,1000000000000000000,Wrapped Ether,WETH,18,184,431941,88614582245,241789,15036878,deprecated,0x3ace4765,"wrapAndRelayTokens(address _receiver, bytes _data)",11563033,1
13945664,1641388850,0x0af8351684a1808e159e10c938c3d74d39859610415ce7863b1202019c81de6d,84,0xf7c5942454aa7e1981fa0c9ce5b43819cc97248dd589c7f0b7f98baddee0106e,0x88ad09518695c6c3712ac10a214be5109a655671,0xc02aaa39b223fe8d0a0e5c4f27ead9083c756cc2,0xca0840578f57fe71599d29375e16783424023357,1000000000000000000,Wrapped Ether,WETH,18,288,482100,90745453934,253571,17335666,deprecated,0x23caab49,"safeExecuteSignaturesWithAutoGasLimit(bytes _data, bytes _signatures)",11562373,1
13945768,1641390077,0xc59d1a29ba069c454d8672f36c14b4c2a99d20f483be4e2c23c24e05a5ae81b6,9,0xcdef34e34942467d3102e8ab9b3d8e04710119dba4970a44f1508e1215e2efaa,0xca0840578f57fe71599d29375e16783424023357,0xc02aaa39b223fe8d0a0e5c4f27ead9083c756cc2,0x88ad09518695c6c3712ac10a214be5109a655671,1000000000000000000,Wrapped Ether,WETH,18,44,431923,102736630587,241777,2351837,deprecated,0x3ace4765,"wrapAndRelayTokens(address _receiver, bytes _data)",11562269,1
13945809,1641390573,0x5ed95afc3ba13dd881f09bd0ca47f6531979678a29cdf1b4fe8f27af1c2d167b,85,0x018579ac607565471c2d4e414da85398a1dc8a08d9b33d3180216070cca57960,0xca0840578f57fe71599d29375e16783424023357,0xc02aaa39b223fe8d0a0e5c4f27ead9083c756cc2,0x88ad09518695c6c3712ac10a214be5109a655671,1000000000000000000,Wrapped Ether,WETH,18,2,431851,92917367263,241729,771995,deprecated,0x3ace4765,"wrapAndRelayTokens(address _receiver, bytes _data)",11562228,1
13945836,1641391038,0xadae716d1feabea7e1037128c9e99bc3f5a0343e17c27cbeb2662b13ad9160d3,86,0x7e51abdfe153a4675d8accb03e472c27a5842de74653cf7bd2168bcad693900e,0xca0840578f57fe71599d29375e16783424023357,0xc02aaa39b223fe8d0a0e5c4f27ead9083c756cc2,0x88ad09518695c6c3712ac10a214be5109a655671,500000000000000000,Wrapped Ether,WETH,18,72,431941,147389957738,241789,8237686,deprecated,0x3ace4765,"wrapAndRelayTokens(address _receiver, bytes _data)",11562201,1
13948054,1641420556,0x2f8088ef7c884e5905ba7c67a4a7769ff92bf56b7310f936e61606e7a38d4b18,573,0x2b5be701074242d93c72087469990c0b4a889f62e562a3980e825aa07cb7a40d,0x88ad09518695c6c3712ac10a214be5109a655671,0xc02aaa39b223fe8d0a0e5c4f27ead9083c756cc2,0xca0840578f57fe71599d29375e16783424023357,1000000000000000000,Wrapped Ether,WETH,18,28,520177,131852720225,273561,2207723,deprecated,0x23caab49,"safeExecuteSignaturesWithAutoGasLimit(bytes _data, bytes _signatures)",11559983,1
13948501,1641426128,0x7016adfc9039c6171ca5985f4699a40c1174eee9f9bced5c42af1230559ad4b0,576,0x06b8cdce41dc5241029339450fc6032b4d28509003c161b42de7d966abe170f1,0x88ad09518695c6c3712ac10a214be5109a655671,0xc02aaa39b223fe8d0a0e5c4f27ead9083c756cc2,0xca0840578f57fe71599d29375e16783424023357,1970207825805465921,Wrapped Ether,WETH,18,154,482118,129712233763,253580,8458575,deprecated,0x23caab49,"safeExecuteSignaturesWithAutoGasLimit(bytes _data, bytes _signatures)",11559536,1
13948629,1641427766,0x20172de80416ca162c608d1cadeb42447eef544696837eb2bb62513f73e3afa8,10,0x8b36f06a69bcdb9785a7d50f186fc41aea69858ba4f9300e7ffb476a0d8f171e,0x88ad09518695c6c3712ac10a214be5109a655671,0xc02aaa39b223fe8d0a0e5c4f27ead9083c756cc2,0xca0840578f57fe71599d29375e16783424023357,1000000000000000000,Wrapped Ether,WETH,18,310,508120,123526221648,267232,20632053,deprecated,0x23caab49,"safeExecuteSignaturesWithAutoGasLimit(bytes _data, bytes _signatures)",11559408,1
13948729,1641429283,0xe1792fe51bdcd167dbabe9b3e29ed73af488efec5b248ed2f13c43ade6739e2b,477,0x13c35325b90212ba34eb783636992f6d6cf5726ec3c550481823af92bf12f08d,0xca0840578f57fe71599d29375e16783424023357,0xc02aaa39b223fe8d0a0e5c4f27ead9083c756cc2,0x88ad09518695c6c3712ac10a214be5109a655671,500000000000000000,Wrapped Ether,WETH,18,474,458377,178591689282,258865,21334376,deprecated,0x3ace4765,"wrapAndRelayTokens(address _receiver, bytes _data)",11559308,1
13948968,1641432500,0xddae5eed954b81bc2594423833053669cbb760eef642b72fc3212c23ff048b22,12,0x401b381ee74397c0efbc1dc84947358ad125e9e1da03d66649719d1952742c88,0xca0840578f57fe71599d29375e16783424023357,0xc02aaa39b223fe8d0a0e5c4f27ead9083c756cc2,0x88ad09518695c6c3712ac10a214be5109a655671,200000000000000000,Wrapped Ether,WETH,18,79,431923,111432260853,241777,5126262,deprecated,0x3ace4765,"wrapAndRelayTokens(address _receiver, bytes _data)",11559069,1
13949334,1641437549,0x9f1344d1901c13f4d83c8fa8bd7a504df390750d7efb3c473858394d976accf6,1142,0xee5cc5b569828205d48c46840029f34b0b7cb6772a360afcb0aeba534ae7b804,0xca0840578f57fe71599d29375e16783424023357,0xc02aaa39b223fe8d0a0e5c4f27ead9083c756cc2,0x88ad09518695c6c3712ac10a214be5109a655671,200000000000000000,Wrapped Ether,WETH,18,29,431905,125226928687,241765,1658434,deprecated,0x3ace4765,"wrapAndRelayTokens(address _receiver, bytes _data)",11558703,1
13949602,1641441516,0x6f9935a74e9f99ba67076d18ca77c02a353d5fa8b18cf35551b57d38f0caaa7c,11,0xcaf9a44b1cb16f1346d50196a93bcef60273b42ab9275954cb8e245aa34ac02f,0x88ad09518695c6c3712ac10a214be5109a655671,0xc02aaa39b223fe8d0a0e5c4f27ead9083c756cc2,0xca0840578f57fe71599d29375e16783424023357,1000000000000000000,Wrapped Ether,WETH,18,235,482064,118964662228,253552,15528048,deprecated,0x23caab49,"safeExecuteSignaturesWithAutoGasLimit(bytes _data, bytes _signatures)",11558435,1
13950343,1641451558,0x253a3fd1f57d9c1fe837f8bd67e6a04b2bb512516aa2c1816d564b6d078e6deb,1,0x5baac0ed0bc6392efe432800af5b17068645acf0fcbb0ede43c10809df06c4d2,0xca0840578f57fe71599d29375e16783424023357,0xc02aaa39b223fe8d0a0e5c4f27ead9083c756cc2,0x88ad09518695c6c3712ac10a214be5109a655671,500000000000000000,Wrapped Ether,WETH,18,47,431905,124430850595,241765,2012576,deprecated,0x3ace4765,"wrapAndRelayTokens(address _receiver, bytes _data)",11557694,1
13950515,1641453930,0x2985ffe651452a5684b525b0d0c5bb5bb6e9ebf59152b23220a337c6af4e9cdc,88,0x31e14b6d25c3aa76c519dd80b2dd2f0df9eaa056139826e0dba4d405cd58cf61,0xca0840578f57fe71599d29375e16783424023357,0xc02aaa39b223fe8d0a0e5c4f27ead9083c756cc2,0x88ad09518695c6c3712ac10a214be5109a655671,1000000000000000000,Wrapped Ether,WETH,18,63,436528,93681322085,247514,5187036,deprecated,0x9254c66e,"wrapAndRelayTokens(address _receiver,bytes _data,tuple _account)",11557522,1
13950558,1641454510,0xc95bd62643d12471bc6c6f3f18d2e28deada47aa3f906461a24be1d13edecb70,93,0x55d3ef8bbf784b6875e83f5a2c404fb59894e90df781467dbecb7684df54d50e,0xca0840578f57fe71599d29375e16783424023357,0xc02aaa39b223fe8d0a0e5c4f27ead9083c756cc2,0x88ad09518695c6c3712ac10a214be5109a655671,854818863919090350,Wrapped Ether,WETH,18,49,431977,111600630728,241813,1736453,deprecated,0x3ace4765,"wrapAndRelayTokens(address _receiver, bytes _data)",11557479,1
13950585,1641454823,0xb7197a6b864290f86ca45fa4023470c5862fd15a18d2c2481739bb2d03f24115,2,0x2b252d31ac482c7b9ba3ed56a0a596fe7442118ee94aecd8e758b54d874aeccc,0x88ad09518695c6c3712ac10a214be5109a655671,0xc02aaa39b223fe8d0a0e5c4f27ead9083c756cc2,0xca0840578f57fe71599d29375e16783424023357,495035471937958819,Wrapped Ether,WETH,18,183,482136,90240753061,253590,10514060,deprecated,0x23caab49,"safeExecuteSignaturesWithAutoGasLimit(bytes _data, bytes _signatures)",11557452,1
13950779,1641457475,0xeb0f01e76d27b73383773a08ed87bbf92006731690f617ca31b2718df67c4b93,478,0x32d404146ae735409743e95adc08bcdaf1f893ec08a04d44c56fddaf8498d7f3,0xca0840578f57fe71599d29375e16783424023357,0xc02aaa39b223fe8d0a0e5c4f27ead9083c756cc2,0x88ad09518695c6c3712ac10a214be5109a655671,520000000000000000,Wrapped Ether,WETH,18,377,431851,88650875944,241729,28516512,deprecated,0x3ace4765,"wrapAndRelayTokens(address _receiver, bytes _data)",11557258,1
13951533,1641467939,0x729aafcbbe33ee31e6ed986414445956736e42ab3994967d3b981b58740d39f5,1144,0x891429d73599c6ef50c18586350534f395809ea6b39a568111c60a176e26beb4,0xca0840578f57fe71599d29375e16783424023357,0xc02aaa39b223fe8d0a0e5c4f27ead9083c756cc2,0x88ad09518695c6c3712ac10a214be5109a655671,700000000000000000,Wrapped Ether,WETH,18,247,431923,98727838236,241777,14052982,deprecated,0x3ace4765,"wrapAndRelayTokens(address _receiver, bytes _data)",11556504,1
13951792,1641471759,0xbbb692a659cab6802675c7ce6590ae8ff12a98f56dcf6c5f236fa2e78d6bcf42,1,0x56dfb8cfb59f6249685c1aab9605110afa642313d3c331dd01424201cc8b5f26,0x88ad09518695c6c3712ac10a214be5109a655671,0xc02aaa39b223fe8d0a0e5c4f27ead9083c756cc2,0xca0840578f57fe71599d29375e16783424023357,891073051211453541,Wrapped Ether,WETH,18,83,478308,120610505219,251580,6745562,deprecated,0x23caab49,"safeExecuteSignaturesWithAutoGasLimit(bytes _data, bytes _signatures)",11556245,1
13953440,1641492781,0x8243ccc7fb0382f63ec5063bb8a186ed4cd7a9cd2f0c2de172bb209db7929654,3,0x4363b6bdf6f432e071ebef0dd6d4d0746e1b1e9705ecec36a7795d93cbf47ec7,0xca0840578f57fe71599d29375e16783424023357,0xc02aaa39b223fe8d0a0e5c4f27ead9083c756cc2,0x88ad09518695c6c3712ac10a214be5109a655671,603630521713046038,Wrapped Ether,WETH,18,70,436510,134746331409,247502,6718647,deprecated,0x9254c66e,"wrapAndRelayTokens(address _receiver,bytes _data,tuple _account)",11554597,1
13953510,1641493614,0xcda14c8a10a6aa6304d8cf4b278fecc973a5920cb09a3db600d4113c0de51ec3,87,0xe8417b401d8d3573eb07dc221a12dd9e51d49aef7d1c6f494a9afc60f459d92a,0x88ad09518695c6c3712ac10a214be5109a655671,0xc02aaa39b223fe8d0a0e5c4f27ead9083c756cc2,0xca0840578f57fe71599d29375e16783424023357,1000000000000000000,Wrapped Ether,WETH,18,252,520177,108057108182,273561,13038303,deprecated,0x23caab49,"safeExecuteSignaturesWithAutoGasLimit(bytes _data, bytes _signatures)",11554527,1
13953627,1641495401,0xfcf8b9891f7bdcce9c3a09b5d01d798165527a98048496ae5e191d25ebb3b65f,670,0x529de90bf9602edf6611c0e4daa7c583a21999f80385939535ff5e8cb13cf761,0xca0840578f57fe71599d29375e16783424023357,0xc02aaa39b223fe8d0a0e5c4f27ead9083c756cc2,0x88ad09518695c6c3712ac10a214be5109a655671,200000000000000000,Wrapped Ether,WETH,18,30,431941,124228896833,241789,2259605,deprecated,0x3ace4765,"wrapAndRelayTokens(address _receiver, bytes _data)",11554410,1
13953919,1641499263,0xdede5f3b642280c045c0e5b80bf40145484649af2b237afede0b79d48cd764d0,1,0x75aa4b7cfde82184bf8e8882485ae6d99d1707d7e6451f832da7065819fb9bfe,0xca0840578f57fe71599d29375e16783424023357,0xc02aaa39b223fe8d0a0e5c4f27ead9083c756cc2,0x88ad09518695c6c3712ac10a214be5109a655671,1000000000000000000,Wrapped Ether,WETH,18,19,431905,124931420900,241765,1804665,deprecated,0x3ace4765,"wrapAndRelayTokens(address _receiver, bytes _data)",11554118,1
13954039,1641500800,0xa3582bada24f04ff252d9bf8c978e20d8d61f4ad3f99c8ed45bc26c2dc9ac5aa,63,0xa7231efd651195ee6b120fad3ac54fdc036dd0ec60068d554e94a1c94c140acd,0x88ad09518695c6c3712ac10a214be5109a655671,0xc02aaa39b223fe8d0a0e5c4f27ead9083c756cc2,0xca0840578f57fe71599d29375e16783424023357,990000000000000000,Wrapped Ether,WETH,18,5,478236,111019105016,251542,465596,deprecated,0x23caab49,"safeExecuteSignaturesWithAutoGasLimit(bytes _data, bytes _signatures)",11553998,1
13954200,1641503153,0x33fcfcbd718ecabde9c06844273620222cc089f970b9b61043863d22b03b4042,1,0x329bde9efcc4abb2e476c1a5082236b7affaed3a723a5ceb76ec8aed8783d391,0xca0840578f57fe71599d29375e16783424023357,0xc02aaa39b223fe8d0a0e5c4f27ead9083c756cc2,0x88ad09518695c6c3712ac10a214be5109a655671,621522831903596985,Wrapped Ether,WETH,18,14,431995,149898486128,241825,1403314,deprecated,0x3ace4765,"wrapAndRelayTokens(address _receiver, bytes _data)",11553837,1
13954271,1641504105,0x58204b0a5f09eb964c273cf9388d3cfd535705a7d54ec99e72e1e5ba604c82ba,1126,0xb8c0da3f9885cea304a3ee681d1f21fe1ca8f4cec92682f6362dc0b55f8161dc,0xca0840578f57fe71599d29375e16783424023357,0xc02aaa39b223fe8d0a0e5c4f27ead9083c756cc2,0x88ad09518695c6c3712ac10a214be5109a655671,1000000000000000000,Wrapped Ether,WETH,18,218,431887,92659642753,241753,22830213,deprecated,0x3ace4765,"wrapAndRelayTokens(address _receiver, bytes _data)",11553766,1
13954384,1641505642,0x812d92e141902319b02d48c7d16601e11ab966fabdb81744b89e5506820941b8,2,0x54bd3a6ed046ded87fb57a99d9e688e602410409286c7b013e11dd4c154cb5e0,0xca0840578f57fe71599d29375e16783424023357,0xc02aaa39b223fe8d0a0e5c4f27ead9083c756cc2,0x88ad09518695c6c3712ac10a214be5109a655671,500000000000000000,Wrapped Ether,WETH,18,301,431887,107098521480,241753,17620313,deprecated,0x3ace4765,"wrapAndRelayTokens(address _receiver, bytes _data)",11553653,1
13954481,1641507133,0x70333ab52457262081d25233180f771967c1e3f2727f584eb297516361f306ff,3,0xc4f5f9af7955c35d1380779ae735ce332ccdd774fd0cdf1301ee25c52d8a13c7,0x88ad09518695c6c3712ac10a214be5109a655671,0xc02aaa39b223fe8d0a0e5c4f27ead9083c756cc2,0xca0840578f57fe71599d29375e16783424023357,1000000000000000000,Wrapped Ether,WETH,18,118,520159,117143746870,273552,9253696,deprecated,0x23caab49,"safeExecuteSignaturesWithAutoGasLimit(bytes _data, bytes _signatures)",11553556,1
13954611,1641508800,0xebac780cd4149161b844eec72be1da28c517192b7d31949a8567e8601c805e37,9,0x86283ccbd209aa6f818f8a9f3c0de1359526526bba3cc15ec97a49ed82040c82,0xca0840578f57fe71599d29375e16783424023357,0xc02aaa39b223fe8d0a0e5c4f27ead9083c756cc2,0x88ad09518695c6c3712ac10a214be5109a655671,312379250399465576,Wrapped Ether,WETH,18,37,431959,118924322703,241801,2839690,deprecated,0x3ace4765,"wrapAndRelayTokens(address _receiver, bytes _data)",11553426,1
13954636,1641509148,0xbc17ce66fba7b7e2f650c46039462802868e052a982b909d434a8f0e48d91468,168,0xc91d8e573351f54fae49ce2ad7af5f4b554dcacdebf9f336044623c015ca8979,0xca0840578f57fe71599d29375e16783424023357,0xc02aaa39b223fe8d0a0e5c4f27ead9083c756cc2,0x88ad09518695c6c3712ac10a214be5109a655671,1000000000000000000,Wrapped Ether,WETH,18,77,431923,139655060024,241777,3913121,deprecated,0x3ace4765,"wrapAndRelayTokens(address _receiver, bytes _data)",11553401,1
13954750,1641510654,0xb5ac6e32e59c273b524ef69c7f9c82932d560d13f6f88a00267cf2b3746719f5,169,0x0f316e6fdcb81160f9eb0ba8dfb3b5dd7edf3540d2a16eccf6afed4f0b7174c8,0x88ad09518695c6c3712ac10a214be5109a655671,0xc02aaa39b223fe8d0a0e5c4f27ead9083c756cc2,0xca0840578f57fe71599d29375e16783424023357,970868114278196873,Wrapped Ether,WETH,18,127,520231,110389925220,273590,7179804,deprecated,0x23caab49,"safeExecuteSignaturesWithAutoGasLimit(bytes _data, bytes _signatures)",11553287,1
13954789,1641511149,0x84077a662e11457e158d11b7d679531dea04b814e7ddda4222d39b49288c380e,4,0xdf1e5dc0b6201d057be7f868cdd06350596b7869eb614b88e448de80eb65ee40,0x88ad09518695c6c3712ac10a214be5109a655671,0xc02aaa39b223fe8d0a0e5c4f27ead9083c756cc2,0xca0840578f57fe71599d29375e16783424023357,100000000000000000,Wrapped Ether,WETH,18,35,482100,112550750876,253571,3105883,deprecated,0x23caab49,"safeExecuteSignaturesWithAutoGasLimit(bytes _data, bytes _signatures)",11553248,1
13955099,1641515052,0xaa3154eb3431d0fcb3a7e6f3a76c39308508a7a77a415f8cea112f44175592ee,1127,0x7261609a287881d76ca5dc004e8da68befabd615789c0d7ede03cec187fda6b9,0xca0840578f57fe71599d29375e16783424023357,0xc02aaa39b223fe8d0a0e5c4f27ead9083c756cc2,0x88ad09518695c6c3712ac10a214be5109a655671,1000000000000000000,Wrapped Ether,WETH,18,157,458377,187521463012,258865,8407964,deprecated,0x3ace4765,"wrapAndRelayTokens(address _receiver, bytes _data)",11552938,1
13955369,1641518893,0x04f778f8a03bebbbc59d24365129cadfc36ed52f2ee5fed2713bf7fbc776b024,333,0x0dab5b01f9203937ec051f7d9674bc9195cbf013968167610967f3dbb1cb49a6,0xca0840578f57fe71599d29375e16783424023357,0xc02aaa39b223fe8d0a0e5c4f27ead9083c756cc2,0x88ad09518695c6c3712ac10a214be5109a655671,100000000000000000,Wrapped Ether,WETH,18,298,431887,145482732517,241753,18547566,deprecated,0x3ace4765,"wrapAndRelayTokens(address _receiver, bytes _data)",11552668,1
13955402,1641519313,0x8768c671108f38f62f49a079e6d1d6f1045ea387fc3d0126e924ee5ff3b4518e,334,0x1e2bc24ae168d4573abd78c081aee492fbc69805ef0bee9ec2d97981c5ec4a45,0xca0840578f57fe71599d29375e16783424023357,0xc02aaa39b223fe8d0a0e5c4f27ead9083c756cc2,0x88ad09518695c6c3712ac10a214be5109a655671,400000000000000000,Wrapped Ether,WETH,18,19,431833,167406861473,241717,1502111,deprecated,0x3ace4765,"wrapAndRelayTokens(address _receiver, bytes _data)",11552635,1
13955477,1641520251,0x6c4d8a8b0a2bbddfa3f79be4f5462010b67a4bd91c1039e0df78f8d714880ec6,3,0xf86f9a5f705077afea185b8b1db74f6fcdbd6e63d17b1a61af94bfcce8bdfb45,0xca0840578f57fe71599d29375e16783424023357,0xc02aaa39b223fe8d0a0e5c4f27ead9083c756cc2,0x88ad09518695c6c3712ac10a214be5109a655671,1000000000000000000,Wrapped Ether,WETH,18,92,431923,122326558759,241777,4572837,deprecated,0x3ace4765,"wrapAndRelayTokens(address _receiver, bytes _data)",11552560,1
13955532,1641520839,0x50f578070dde5d84c9adef6cda6071cf470d46362200ea6b80b80d083d91fc74,4,0xfc12f655b9104fdef4eab1f32889b2ca2ef2db2afa04cce51964ca847c477948,0xca0840578f57fe71599d29375e16783424023357,0xc02aaa39b223fe8d0a0e5c4f27ead9083c756cc2,0x88ad09518695c6c3712ac10a214be5109a655671,1000000000000000000,Wrapped Ether,WETH,18,69,431869,130605593045,241741,5977539,deprecated,0x3ace4765,"wrapAndRelayTokens(address _receiver, bytes _data)",11552505,1
13955533,1641520849,0x54b98679029e6387634cd483180f5ff7086d3b685b502dee453ec095e4ad3490,335,0xf80e6b081149c24aec8d2e7aba43cafcbfccdb9803759c30d71fe9bd54412b99,0xca0840578f57fe71599d29375e16783424023357,0xc02aaa39b223fe8d0a0e5c4f27ead9083c756cc2,0x88ad09518695c6c3712ac10a214be5109a655671,110000000000000000,Wrapped Ether,WETH,18,73,431923,139386126453,241777,3995409,deprecated,0x3ace4765,"wrapAndRelayTokens(address _receiver, bytes _data)",11552504,1
13955598,1641521619,0x7e060b60799319444a8c521f86092ed05ed9a42a105702be5cb7631f3e289571,5,0xcbbd5f9821b44baf8552f4bdb18bfa9658bb17da7cf90f4fe091e161b1124fbc,0x88ad09518695c6c3712ac10a214be5109a655671,0xc02aaa39b223fe8d0a0e5c4f27ead9083c756cc2,0xca0840578f57fe71599d29375e16783424023357,500000000000000000,Wrapped Ether,WETH,18,146,508138,132266753702,267241,8528371,deprecated,0x23caab49,"safeExecuteSignaturesWithAutoGasLimit(bytes _data, bytes _signatures)",11552439,1
13955615,1641521930,0x867fa6735c2bcd5b6f1776bf9640b8bcd7cf530c92dfb2b94cd9e82e28e12a30,5,0x3fd4ff186b9de3b2d85bbbd3bb7acd282c09db47b1eb6da462f5e31b0243dd42,0x88ad09518695c6c3712ac10a214be5109a655671,0xc02aaa39b223fe8d0a0e5c4f27ead9083c756cc2,0xca0840578f57fe71599d29375e16783424023357,1000000000000000000,Wrapped Ether,WETH,18,388,546252,130869150131,273571,23822403,deprecated,0x23caab49,"safeExecuteSignaturesWithAutoGasLimit(bytes _data, bytes _signatures)",11552422,1
13957025,1641541016,0x1d52328e43d5b71280914ec135da5e3d2d499ef806398d218d15c7b3f31729b3,0,0xa80cb87e6a5f505cc9c346587b8a909389733b174ee7d7db9d21be440ef1535c,0xca0840578f57fe71599d29375e16783424023357,0xc02aaa39b223fe8d0a0e5c4f27ead9083c756cc2,0x88ad09518695c6c3712ac10a214be5109a655671,1000000000000000000,Wrapped Ether,WETH,18,164,436546,109085062204,247526,9359484,deprecated,0x9254c66e,"wrapAndRelayTokens(address _receiver,bytes _data,tuple _account)",11551012,1
13957178,1641543204,0xdd13d491226ca3b1f62bc8c0692e5361f7e3445b21d1e21cb0ed238745f24840,155,0xbf88c9284c4766fbfd1b93fb92d7b2635610a64b8e6654e41dfbd2c156a33f05,0xca0840578f57fe71599d29375e16783424023357,0xc02aaa39b223fe8d0a0e5c4f27ead9083c756cc2,0x88ad09518695c6c3712ac10a214be5109a655671,245744001017029760,Wrapped Ether,WETH,18,200,431977,115320975160,241813,10828904,deprecated,0x3ace4765,"wrapAndRelayTokens(address _receiver, bytes _data)",11550859,1
13957284,1641544525,0x9c3c46f40372978084959ea05f57b2a386ee989550d7291e821b06f011580570,7,0xf08e6d5ab7e785eac3f4d10510681c64f630dbeeed32f8c84d0302fb96dd1ddc,0xca0840578f57fe71599d29375e16783424023357,0xc02aaa39b223fe8d0a0e5c4f27ead9083c756cc2,0x88ad09518695c6c3712ac10a214be5109a655671,1000000000000000000,Wrapped Ether,WETH,18,103,431923,88642507268,241777,5346728,deprecated,0x3ace4765,"wrapAndRelayTokens(address _receiver, bytes _data)",11550753,1
13957307,1641544837,0x566a5cbac3bc9cf61614fc5615dff045d98f674449591134347f025d57ab8c84,8,0x43065979c18cacffaebb0e9d086b70f3bc1d66705ab58310d0c3131775521019,0xca0840578f57fe71599d29375e16783424023357,0xc02aaa39b223fe8d0a0e5c4f27ead9083c756cc2,0x88ad09518695c6c3712ac10a214be5109a655671,1000000000000000000,Wrapped Ether,WETH,18,109,431905,102048488546,241765,7760387,deprecated,0x3ace4765,"wrapAndRelayTokens(address _receiver, bytes _data)",11550730,1
13957399,1641546092,0x145853a89ec26f1aae984aece303714844d5a7d80cd0a51d8e09143076a2ac5e,88,0x7f2124778b50fda91db64eeceaf075f14eadcad50cc1a251f42211ea69b69188,0xca0840578f57fe71599d29375e16783424023357,0xc02aaa39b223fe8d0a0e5c4f27ead9083c756cc2,0x88ad09518695c6c3712ac10a214be5109a655671,1000000000000000000,Wrapped Ether,WETH,18,218,431905,102000000000,241765,10829512,deprecated,0x3ace4765,"wrapAndRelayTokens(address _receiver, bytes _data)",11550638,1
13957493,1641547228,0xc666fb4e902252ad0e41398d40faaf53851a1d38af761c9febc64f4c2f239c72,55,0x11f0d9c4da60ef4b463296abb0d446df39d3fb3c52c6b50753a5be9cadfc9898,0xca0840578f57fe71599d29375e16783424023357,0xc02aaa39b223fe8d0a0e5c4f27ead9083c756cc2,0x88ad09518695c6c3712ac10a214be5109a655671,400000000000000000,Wrapped Ether,WETH,18,108,436564,85824383290,247538,7620459,deprecated,0x9254c66e,"wrapAndRelayTokens(address _receiver,bytes _data,tuple _account)",11550544,1
13957553,1641548005,0x96bdabdf3c8811cd732432b495fe5a6cd873a9a11b6d887829360de3e5b42808,56,0xb1cc8131ba7269c9b81146a6325d7ccbf012e670ee9d3dab4b68238cde92057b,0xca0840578f57fe71599d29375e16783424023357,0xc02aaa39b223fe8d0a0e5c4f27ead9083c756cc2,0x88ad09518695c6c3712ac10a214be5109a655671,200000000000000000,Wrapped Ether,WETH,18,152,431923,81055690137,241777,7607701,deprecated,0x3ace4765,"wrapAndRelayTokens(address _receiver, bytes _data)",11550484,1
13957602,1641548790,0xeefd9f2965be58c9b19ce338f4d89dc81b7e660d7483bb5d3bb0c5b19be1dd41,479,0x0954f886d2baa1e3dc7b97c8e23b926d3b80ea97af079ac734e597f7442bcfe5,0x88ad09518695c6c3712ac10a214be5109a655671,0xc02aaa39b223fe8d0a0e5c4f27ead9083c756cc2,0xca0840578f57fe71599d29375e16783424023357,909801805660172989,Wrapped Ether,WETH,18,162,482136,91910076173,253590,8771397,deprecated,0x23caab49,"safeExecuteSignaturesWithAutoGasLimit(bytes _data, bytes _signatures)",11550435,1
13957625,1641549090,0x882979e378e7ca4994bfff463f563624db93ceaedc22e60fcbb50fcf908c662e,480,0x8069cc2884bc4c3d4633270ef53587b990e3d04cf96a11adb06d55e4a10974b2,0x88ad09518695c6c3712ac10a214be5109a655671,0xc02aaa39b223fe8d0a0e5c4f27ead9083c756cc2,0xca0840578f57fe71599d29375e16783424023357,100000000000000000,Wrapped Ether,WETH,18,134,482082,89473520065,253561,4462611,deprecated,0x23caab49,"safeExecuteSignaturesWithAutoGasLimit(bytes _data, bytes _signatures)",11550412,1
13957633,1641549172,0x2c3e21082bcf38dec911a28b8addf0b049f53d92fecb034fa972e0074a63da83,10,0xc5606b8c2ff04e66e4b5c3c9eec744386d7d94ac1809a5ba3109f9ce54df4ff7,0x88ad09518695c6c3712ac10a214be5109a655671,0xc02aaa39b223fe8d0a0e5c4f27ead9083c756cc2,0xca0840578f57fe71599d29375e16783424023357,1000000000000000000,Wrapped Ether,WETH,18,56,520177,88145237711,273561,3150512,deprecated,0x23caab49,"safeExecuteSignaturesWithAutoGasLimit(bytes _data, bytes _signatures)",11550404,1
13957638,1641549211,0xcd6ba6153ad724fc0e9cae441c981201d27a84ea79a9a502a86ad4b280648ba1,1426,0x13122d179ae67a6b02029c39426399a5492b30b055383fbc9a4ece502135b70a,0x88ad09518695c6c3712ac10a214be5109a655671,0xc02aaa39b223fe8d0a0e5c4f27ead9083c756cc2,0xca0840578f57fe71599d29375e16783424023357,300000000000000000,Wrapped Ether,WETH,18,173,482100,85719980448,253571,9869253,deprecated,0x23caab49,"safeExecuteSignaturesWithAutoGasLimit(bytes _data, bytes _signatures)",11550399,1
13957639,1641549257,0x9f32ebb701dda8fa2ccddf902ab0479cc3223a215b1857ca6e1e12c9345928de,11,0xb0ebe8e05f278db2ef57764a344ea945a6b8f694857548e22d84573bb67a8cfb,0xca0840578f57fe71599d29375e16783424023357,0xc02aaa39b223fe8d0a0e5c4f27ead9083c756cc2,0x88ad09518695c6c3712ac10a214be5109a655671,100000000000000000,Wrapped Ether,WETH,18,215,431887,85317539502,241753,8092355,deprecated,0x3ace4765,"wrapAndRelayTokens(address _receiver, bytes _data)",11550398,1
13957787,1641551463,0xda53f5a3f0aca39629636bf5deda0b84ac20a8d1c362d4c995af1fdce784ae3e,57,0x0101041f2e923adce134d158e39f4eabc1fb5f74e548d94c89e816dbc714c221,0xca0840578f57fe71599d29375e16783424023357,0xc02aaa39b223fe8d0a0e5c4f27ead9083c756cc2,0x88ad09518695c6c3712ac10a214be5109a655671,200000000000000000,Wrapped Ether,WETH,18,49,431923,82617580820,241777,2600845,deprecated,0x3ace4765,"wrapAndRelayTokens(address _receiver, bytes _data)",11550250,1
13957871,1641552620,0xcc08e994a737a925138fcdd57fdf08e9d1663db59e0b1e6a216a56e1aa855a46,13,0xccfe6d7037238f9694f92ff058c79465bfc521be01cbbca49dba460d8409468d,0x88ad09518695c6c3712ac10a214be5109a655671,0xc02aaa39b223fe8d0a0e5c4f27ead9083c756cc2,0xca0840578f57fe71599d29375e16783424023357,1000000000000000000,Wrapped Ether,WETH,18,84,482082,84158287746,253561,5368359,deprecated,0x23caab49,"safeExecuteSignaturesWithAutoGasLimit(bytes _data, bytes _signatures)",11550166,1
13958015,1641554261,0x3b6f4c9ae17a670e78fddab7d4362cb15a48d06e2ae4386930a273de8935b608,13,0x5fa6bfee0e9495265a2362ebf31980483eb97920342d972d5847b7e8b6d2deb1,0x88ad09518695c6c3712ac10a214be5109a655671,0xc02aaa39b223fe8d0a0e5c4f27ead9083c756cc2,0xca0840578f57fe71599d29375e16783424023357,500000000000000000,Wrapped Ether,WETH,18,57,478272,84578125000,251561,3929315,deprecated,0x23caab49,"safeExecuteSignaturesWithAutoGasLimit(bytes _data, bytes _signatures)",11550022,1
13958024,1641554382,0x6ddffb03a2c0a3c9020a5c3abcc1ccc528311270e672fd64ecf6efc310233c20,89,0x43b3d03033b891113ad3884b9095559d845ea10f94a8d0e7d2da7f0fff7fc5e7,0xca0840578f57fe71599d29375e16783424023357,0xc02aaa39b223fe8d0a0e5c4f27ead9083c756cc2,0x88ad09518695c6c3712ac10a214be5109a655671,958282637174604463,Wrapped Ether,WETH,18,86,432013,82000000000,241837,6553940,deprecated,0x3ace4765,"wrapAndRelayTokens(address _receiver, bytes _data)",11550013,1
13958041,1641554706,0x2350de709ffa2d4f75bdf5ea19b191ef40651a7f3678b5d03237f795faeb9f09,1,0x9da4caa4c8b08d9f5d13acec7a69b9308b32b52cb588f285628a745315919be5,0x88ad09518695c6c3712ac10a214be5109a655671,0xc02aaa39b223fe8d0a0e5c4f27ead9083c756cc2,0xca0840578f57fe71599d29375e16783424023357,990000000000000000,Wrapped Ether,WETH,18,69,520177,100647317071,273561,4423209,deprecated,0x23caab49,"safeExecuteSignaturesWithAutoGasLimit(bytes _data, bytes _signatures)",11549996,1
13958110,1641555586,0x4cc7c2af5791a0f3de6cf55dd9edc673b6aa37e28f052715aba8b368417843de,14,0xafaa20940ef847dd5eaba811284ffeda4d0b563e4bdfecfd6bfd3d4c794b86ff,0x88ad09518695c6c3712ac10a214be5109a655671,0xc02aaa39b223fe8d0a0e5c4f27ead9083c756cc2,0xca0840578f57fe71599d29375e16783424023357,1300000000000000000,Wrapped Ether,WETH,18,42,478272,91000000000,251561,2059472,deprecated,0x23caab49,"safeExecuteSignaturesWithAutoGasLimit(bytes _data, bytes _signatures)",11549927,1
13958176,1641556466,0xcb2ba705f364ac872df2a205d356ccbebc468da76e02d9527a128a9625b799b2,6956,0x4c2fb5e5271d1c570871d90c264bc0e526870cdcb58164797229b742d3c943fc,0x88ad09518695c6c3712ac10a214be5109a655671,0xc02aaa39b223fe8d0a0e5c4f27ead9083c756cc2,0xca0840578f57fe71599d29375e16783424023357,100000000000000000,Wrapped Ether,WETH,18,99,1658129,110000000000,253659,7299964,deprecated,0x3f7658fd,"executeSignatures(bytes message, bytes signatures)",11549861,1
13958176,1641556466,0xfec72a80a4a55564db770ef283ca878b223ce4e22e3110d288f78fe754af7ca6,6957,0x4c2fb5e5271d1c570871d90c264bc0e526870cdcb58164797229b742d3c943fc,0x88ad09518695c6c3712ac10a214be5109a655671,0xc02aaa39b223fe8d0a0e5c4f27ead9083c756cc2,0xca0840578f57fe71599d29375e16783424023357,300000000000000000,Wrapped Ether,WETH,18,100,1658141,110000000000,273668,7573632,deprecated,0x3f7658fd,"executeSignatures(bytes message, bytes signatures)",11549861,1
13958176,1641556466,0xff524763626624806dcfc20eb98bc02c2592eb3f6b0ea50b746c5dcfeee249f4,6958,0x4c2fb5e5271d1c570871d90c264bc0e526870cdcb58164797229b742d3c943fc,0x88ad09518695c6c3712ac10a214be5109a655671,0xc02aaa39b223fe8d0a0e5c4f27ead9083c756cc2,0xca0840578f57fe71599d29375e16783424023357,100000000000000000,Wrapped Ether,WETH,18,101,1658153,110000000000,273678,7847310,deprecated,0x3f7658fd,"executeSignatures(bytes message, bytes signatures)",11549861,1
13958176,1641556466,0xeafbd6e5fc98157293408281fa590012b53f139683903e2a632aa79460e59ba1,6959,0x4c2fb5e5271d1c570871d90c264bc0e526870cdcb58164797229b742d3c943fc,0x88ad09518695c6c3712ac10a214be5109a655671,0xc02aaa39b223fe8d0a0e5c4f27ead9083c756cc2,0xca0840578f57fe71599d29375e16783424023357,198018314281585072,Wrapped Ether,WETH,18,102,1658177,110000000000,253697,8101007,deprecated,0x3f7658fd,"executeSignatures(bytes message, bytes signatures)",11549861,1
13958176,1641556466,0x6caf346daac7be466b213526d30e14a0e72346b705184e7d56217b8084035027,6960,0x4c2fb5e5271d1c570871d90c264bc0e526870cdcb58164797229b742d3c943fc,0x88ad09518695c6c3712ac10a214be5109a655671,0xc02aaa39b223fe8d0a0e5c4f27ead9083c756cc2,0xca0840578f57fe71599d29375e16783424023357,100000000000000000,Wrapped Ether,WETH,18,103,1658141,110000000000,273668,8374675,deprecated,0x3f7658fd,"executeSignatures(bytes message, bytes signatures)",11549861,1
13958176,1641556466,0x845eefd396ef3621bf6856a3ac64119f650081cc9e9853aa77b3ba29b93a8fb1,6961,0x4c2fb5e5271d1c570871d90c264bc0e526870cdcb58164797229b742d3c943fc,0x88ad09518695c6c3712ac10a214be5109a655671,0xc02aaa39b223fe8d0a0e5c4f27ead9083c756cc2,0xca0840578f57fe71599d29375e16783424023357,148373088682972305,Wrapped Ether,WETH,18,104,1658165,110000000000,253688,8628363,deprecated,0x3f7658fd,"executeSignatures(bytes message, bytes signatures)",11549861,1
13958176,1641556466,0x23e7461f80629c61d2dcf27940d5bb5bcdadd61b4b51768b4a80aad522b96429,6962,0x4c2fb5e5271d1c570871d90c264bc0e526870cdcb58164797229b742d3c943fc,0x88ad09518695c6c3712ac10a214be5109a655671,0xc02aaa39b223fe8d0a0e5c4f27ead9083c756cc2,0xca0840578f57fe71599d29375e16783424023357,235800000000000000,Wrapped Ether,WETH,18,105,1658153,110000000000,273678,8902041,deprecated,0x3f7658fd,"executeSignatures(bytes message, bytes signatures)",11549861,1
13958176,1641556466,0x2e3b3921a62b6921f0ca33b63936fa35e4edef678fd553c92a2eca1e3a46789d,6963,0x4c2fb5e5271d1c570871d90c264bc0e526870cdcb58164797229b742d3c943fc,0x88ad09518695c6c3712ac10a214be5109a655671,0xc02aaa39b223fe8d0a0e5c4f27ead9083c756cc2,0xca0840578f57fe71599d29375e16783424023357,1000000000000000000,Wrapped Ether,WETH,18,106,1658153,110000000000,253678,9155719,deprecated,0x3f7658fd,"executeSignatures(bytes message, bytes signatures)",11549861,1
13958176,1641556466,0x0baf8c36eaa1ea11e37d949203b9e899ac03e365a6b02b96764d1befb7064953,6964,0x4c2fb5e5271d1c570871d90c264bc0e526870cdcb58164797229b742d3c943fc,0x88ad09518695c6c3712ac10a214be5109a655671,0xc02aaa39b223fe8d0a0e5c4f27ead9083c756cc2,0xca0840578f57fe71599d29375e16783424023357,1000000000000000000,Wrapped Ether,WETH,18,107,1658141,110000000000,253668,9409387,deprecated,0x3f7658fd,"executeSignatures(bytes message, bytes signatures)",11549861,1
13958176,1641556466,0xe1cad3ffef55bcb43a620f3e25ad50d9fe8af5ced045bc5b1d02fe0864ed9bb5,6965,0x4c2fb5e5271d1c570871d90c264bc0e526870cdcb58164797229b742d3c943fc,0x88ad09518695c6c3712ac10a214be5109a655671,0xc02aaa39b223fe8d0a0e5c4f27ead9083c756cc2,0xca0840578f57fe71599d29375e16783424023357,300000000000000000,Wrapped Ether,WETH,18,108,1658141,110000000000,273668,9683055,deprecated,0x3f7658fd,"executeSignatures(bytes message, bytes signatures)",11549861,1
13958176,1641556466,0x13f2bfad31d7327ff01c70264267bcf2c3014530e0134545710ea75b21e5c174,6966,0x4c2fb5e5271d1c570871d90c264bc0e526870cdcb58164797229b742d3c943fc,0x88ad09518695c6c3712ac10a214be5109a655671,0xc02aaa39b223fe8d0a0e5c4f27ead9083c756cc2,0xca0840578f57fe71599d29375e16783424023357,100000000000000000,Wrapped Ether,WETH,18,109,1658153,110000000000,273678,9956733,deprecated,0x3f7658fd,"executeSignatures(bytes message, bytes signatures)",11549861,1
13958176,1641556466,0x163cb91d660dbe805877e6f60341c68390479eec41f9f1536b8162e8490830ca,6967,0x4c2fb5e5271d1c570871d90c264bc0e526870cdcb58164797229b742d3c943fc,0x88ad09518695c6c3712ac10a214be5109a655671,0xc02aaa39b223fe8d0a0e5c4f27ead9083c756cc2,0xca0840578f57fe71599d29375e16783424023357,1000000000000000000,Wrapped Ether,WETH,18,110,1658141,110000000000,253668,10210401,deprecated,0x3f7658fd,"executeSignatures(bytes message, bytes signatures)",11549861,1
13958176,1641556466,0xa2f193da53443e56add62b48d43eedbbba813fa7bd1fa1bc046c72d076f740d7,6968,0x4c2fb5e5271d1c570871d90c264bc0e526870cdcb58164797229b742d3c943fc,0x88ad09518695c6c3712ac10a214be5109a655671,0xc02aaa39b223fe8d0a0e5c4f27ead9083c756cc2,0xca0840578f57fe71599d29375e16783424023357,100000000000000000,Wrapped Ether,WETH,18,111,1658105,110000000000,253640,10464041,deprecated,0x3f7658fd,"executeSignatures(bytes message, bytes signatures)",11549861,1
13958176,1641556466,0x41f04db68234c81a474be5651176a07e431f8b715e879531ec5cc610a213d793,6969,0x4c2fb5e5271d1c570871d90c264bc0e526870cdcb58164797229b742d3c943fc,0x88ad09518695c6c3712ac10a214be5109a655671,0xc02aaa39b223fe8d0a0e5c4f27ead9083c756cc2,0xca0840578f57fe71599d29375e16783424023357,500000000000000000,Wrapped Ether,WETH,18,112,1658153,110000000000,273678,10737719,deprecated,0x3f7658fd,"executeSignatures(bytes message, bytes signatures)",11549861,1
13958176,1641556466,0x8715f1a205dfee5ff0a2a82af5b13b2c79ec68a38955b6e433fd440d94123eba,6970,0x4c2fb5e5271d1c570871d90c264bc0e526870cdcb58164797229b742d3c943fc,0x88ad09518695c6c3712ac10a214be5109a655671,0xc02aaa39b223fe8d0a0e5c4f27ead9083c756cc2,0xca0840578f57fe71599d29375e16783424023357,300000000000000000,Wrapped Ether,WETH,18,113,1658141,110000000000,253668,10991387,deprecated,0x3f7658fd,"executeSignatures(bytes message, bytes signatures)",11549861,1
13958268,1641557411,0x424a2cf2f81a5d52303645df60adb0a372fc06d9faa6fbb02e42bdcdd879e12c,102,0xf08373cedb3b30816187fd73ee263f3858e1e76724f10d5552f9a5b00df60d42,0xca0840578f57fe71599d29375e16783424023357,0xc02aaa39b223fe8d0a0e5c4f27ead9083c756cc2,0x88ad09518695c6c3712ac10a214be5109a655671,1000000000000000000,Wrapped Ether,WETH,18,331,431923,64393427631,241777,19607480,deprecated,0x3ace4765,"wrapAndRelayTokens(address _receiver, bytes _data)",11549769,1
13958546,1641561050,0x956660043a1669268d703cbd202453d8c472df4eed91c4760ea56a12ba3903d9,6971,0x711154e8b1fd90b62874b301dde077e95febe9d5c20ce34d9d5e11cb7b992244,0x88ad09518695c6c3712ac10a214be5109a655671,0xc02aaa39b223fe8d0a0e5c4f27ead9083c756cc2,0xca0840578f57fe71599d29375e16783424023357,97965951133486947,Wrapped Ether,WETH,18,100,1658165,110000000000,253688,5128521,deprecated,0x3f7658fd,"executeSignatures(bytes message, bytes signatures)",11549491,1
13958709,1641563402,0x9e4943262be4ff565328afafb9b262182fcc68f937514599d4fbe8dcc02d09c3,29,0x5cdb27f2c1906d9807c28441c23a30422800e3b8e055925b8b0e07ffc07379dc,0xca0840578f57fe71599d29375e16783424023357,0xc02aaa39b223fe8d0a0e5c4f27ead9083c756cc2,0x88ad09518695c6c3712ac10a214be5109a655671,1000000000000000000,Wrapped Ether,WETH,18,375,436582,112772277777,247550,25396913,deprecated,0x9254c66e,"wrapAndRelayTokens(address _receiver,bytes _data,tuple _account)",11549328,1
13958962,1641566985,0x9dc5eb1012e4325e4bc39a81fcf51465bc83e3d81c34ec7cdc1cee915c3ff7ff,6972,0xd3b60ee3244de2fb747a9c7709d656f375da287022373e43a91441c86f2398b0,0x88ad09518695c6c3712ac10a214be5109a655671,0xc02aaa39b223fe8d0a0e5c4f27ead9083c756cc2,0xca0840578f57fe71599d29375e16783424023357,500000000000000000,Wrapped Ether,WETH,18,37,1658153,237000000000,253678,3142488,deprecated,0x3f7658fd,"executeSignatures(bytes message, bytes signatures)",11549075,1
13959000,1641567564,0xcd58a9e4e95c393c0d664feeb82e7f8b2c67c4e89d16567f60c29231810124c6,6973,0xe07e25d6f6eb2fe55d23a002797a027ba764d85f248d5c508d1811e3ccba2165,0x88ad09518695c6c3712ac10a214be5109a655671,0xc02aaa39b223fe8d0a0e5c4f27ead9083c756cc2,0xca0840578f57fe71599d29375e16783424023357,300000000000000000,Wrapped Ether,WETH,18,13,1658141,237000000000,253668,2522840,deprecated,0x3f7658fd,"executeSignatures(bytes message, bytes signatures)",11549037,1
13959031,1641568087,0x89b6f2aad915a7d671ac6079932f15389235b551fb572655a50ec639da916b9b,6974,0x3a5cced878671d3e4cd83560085ea330c7d18ed1b33dd58e80bc647da1f7a094,0x88ad09518695c6c3712ac10a214be5109a655671,0xc02aaa39b223fe8d0a0e5c4f27ead9083c756cc2,0xca0840578f57fe71599d29375e16783424023357,500000000000000000,Wrapped Ether,WETH,18,78,1658129,160000000000,253659,5128000,deprecated,0x3f7658fd,"executeSignatures(bytes message, bytes signatures)",11549006,1
13959098,1641569114,0x933bf53a250eac5ca678d706043d4e25010a3529d6545be091a4991dff1f69f4,6,0x3e37824151838968b8f1b6fb414e75234bbe20de4b12231469375dd3644f28fe,0xca0840578f57fe71599d29375e16783424023357,0xc02aaa39b223fe8d0a0e5c4f27ead9083c756cc2,0x88ad09518695c6c3712ac10a214be5109a655671,1000000000000000000,Wrapped Ether,WETH,18,94,431959,129615342637,241801,12641225,deprecated,0x3ace4765,"wrapAndRelayTokens(address _receiver, bytes _data)",11548939,1
13959439,1641573728,0x02807dd5615c367d43dc0eff480ad4160854a8c357a3862db7607872773b8715,7,0xa4f54abfb7126fb29928247491a191ace2ccba063f010a9695425d9eb9556b41,0xca0840578f57fe71599d29375e16783424023357,0xc02aaa39b223fe8d0a0e5c4f27ead9083c756cc2,0x88ad09518695c6c3712ac10a214be5109a655671,1000000000000000000,Wrapped Ether,WETH,18,110,431887,129259358884,241753,10388852,deprecated,0x3ace4765,"wrapAndRelayTokens(address _receiver, bytes _data)",11548598,1
13959520,1641574896,0x1a3d6ae8ad8a14c086fe2566ee4bbc38c1afc9f2dc4cf30eacb08b4504dbe97a,6975,0x671b5fc919d58d88dab6ce6fd47a2e8e80a176875fd2fa32bd6167052bf23aec,0x88ad09518695c6c3712ac10a214be5109a655671,0xc02aaa39b223fe8d0a0e5c4f27ead9083c756cc2,0xca0840578f57fe71599d29375e16783424023357,2960365674139541419,Wrapped Ether,WETH,18,10,1658165,213000000000,253688,874803,deprecated,0x3f7658fd,"executeSignatures(bytes message, bytes signatures)",11548517,1
13959664,1641576828,0x726bc894af182ea66fea0d75b21a4e44d9d214a40224f3afd4c7dd5050e9330b,6976,0x01ac2e2e61c282b32ecafa87d223dc154dd32c19b14b0c0d2477552247c0725e,0x88ad09518695c6c3712ac10a214be5109a655671,0xc02aaa39b223fe8d0a0e5c4f27ead9083c756cc2,0xca0840578f57fe71599d29375e16783424023357,300000000000000000,Wrapped Ether,WETH,18,2,1658141,184000000000,253668,417183,deprecated,0x3f7658fd,"executeSignatures(bytes message, bytes signatures)",11548373,1
13960496,1641587697,0xbbb8b3fc3a246ce83a0b2061b12cf7f852af519a6edd2de60eaff966b0b2da92,26,0xbdff1e6939d10a0455bd1433f4457427dfad63891b5beba5f4e20288f82f7033,0xca0840578f57fe71599d29375e16783424023357,0xc02aaa39b223fe8d0a0e5c4f27ead9083c756cc2,0x88ad09518695c6c3712ac10a214be5109a655671,100789350964154348,Wrapped Ether,WETH,18,2,431977,133609411611,241813,648847,deprecated,0x3ace4765,"wrapAndRelayTokens(address _receiver, bytes _data)",11547541,1
13960564,1641588536,0xe3248ac5642cf10d56c51f50c29f0e9f41d84640d213af117476506c31f77388,6977,0x320e79026ed255a508fdb936dbe7172cd6e217928994070c029733d3e997cec4,0x88ad09518695c6c3712ac10a214be5109a655671,0xc02aaa39b223fe8d0a0e5c4f27ead9083c756cc2,0xca0840578f57fe71599d29375e16783424023357,80000000000000000,Wrapped Ether,WETH,18,13,1658153,233000000000,253678,2114450,deprecated,0x3f7658fd,"executeSignatures(bytes message, bytes signatures)",11547473,1
13960592,1641589001,0x7bf9150bb17bc1505aa2878ec5e555fcce0435f26bb66b294f7004521264d818,164,0x4821f72d03a804477bfc78cce689397de91b6afcfeeba2c0e82a777187b5d302,0xca0840578f57fe71599d29375e16783424023357,0xc02aaa39b223fe8d0a0e5c4f27ead9083c756cc2,0x88ad09518695c6c3712ac10a214be5109a655671,1000000000000000000,Wrapped Ether,WETH,18,105,431905,149775392838,241765,8096083,deprecated,0x3ace4765,"wrapAndRelayTokens(address _receiver, bytes _data)",11547445,1
13960654,1641589673,0x76454e13a3d30576e8172d1735ebb11eb0225c6f30edf4a3381d6d9cb521814f,6978,0x4b8aaa8e9005941af571d0102518e0cebdb850d6ac99c1b57df4c6bb73b4469f,0x88ad09518695c6c3712ac10a214be5109a655671,0xc02aaa39b223fe8d0a0e5c4f27ead9083c756cc2,0xca0840578f57fe71599d29375e16783424023357,980000000000000000,Wrapped Ether,WETH,18,17,1658141,186000000000,253668,673248,deprecated,0x3f7658fd,"executeSignatures(bytes message, bytes signatures)",11547383,1
13960940,1641593692,0x238b4350831df191a6ee97983ff2130e4a40894a8e2eb4c575d2c47bf5d4e6b4,15,0x917db2abfd2e4f644cabc30fd3a7959e1b10d1f893f6b9d31c7c35c853f7f60b,0xca0840578f57fe71599d29375e16783424023357,0xc02aaa39b223fe8d0a0e5c4f27ead9083c756cc2,0x88ad09518695c6c3712ac10a214be5109a655671,930100000000000000,Wrapped Ether,WETH,18,133,431959,127564923609,241801,7886179,deprecated,0x3ace4765,"wrapAndRelayTokens(address _receiver, bytes _data)",11547097,1
13960990,1641594441,0x7954a3d31872d9c0cb2a73d11d5a11f8beb3e3541e00d42fae8a5a084d37317f,6979,0xa72caede8068649fd9f2f47c06eda6dc65649912e0adbdce08e04768f7cd72fb,0x88ad09518695c6c3712ac10a214be5109a655671,0xc02aaa39b223fe8d0a0e5c4f27ead9083c756cc2,0xca0840578f57fe71599d29375e16783424023357,999900000000000000,Wrapped Ether,WETH,18,38,1658165,151000000000,253688,2809212,deprecated,0x3f7658fd,"executeSignatures(bytes message, bytes signatures)",11547047,1
13961777,1641604682,0xe2478a008ac90d4f97f408148b2762ae9408d5a55a3a5539c9b54e34c888d450,9,0xa62a2f75aaf735170ace223b84586a8a00edf0a7abac524d1e9ab0e38be7d1f4,0xca0840578f57fe71599d29375e16783424023357,0xc02aaa39b223fe8d0a0e5c4f27ead9083c756cc2,0x88ad09518695c6c3712ac10a214be5109a655671,500000000000000000,Wrapped Ether,WETH,18,38,436528,110463953871,247514,1854961,deprecated,0x9254c66e,"wrapAndRelayTokens(address _receiver,bytes _data,tuple _account)",11546260,1
13961954,1641606909,0xcb648cd95c77dff7d9d10499260f2048ef77f0fb0d56c6dbfb4e2f07df77625a,6980,0xa517e3ce2ad7a933364bf9192744bddc2acd0e32e1331c2b40c523fef661148c,0x88ad09518695c6c3712ac10a214be5109a655671,0xc02aaa39b223fe8d0a0e5c4f27ead9083c756cc2,0xca0840578f57fe71599d29375e16783424023357,97035755000000000,Wrapped Ether,WETH,18,71,1658153,114000000000,287358,4315663,deprecated,0x3f7658fd,"executeSignatures(bytes message, bytes signatures)",11546083,1
13962653,1641616675,0x42ba37e5b763806eeea09d2b3068edd727919b496e0f9340cfb004c8cad4dd1a,18,0xdef34839345eeaaebde0140b30373c77cce3922ed349ce67d05c7da4d35d26a6,0x88ad09518695c6c3712ac10a214be5109a655671,0xc02aaa39b223fe8d0a0e5c4f27ead9083c756cc2,0xca0840578f57fe71599d29375e16783424023357,125950751503874123,Wrapped Ether,WETH,18,73,478326,91000000000,251590,4357075,deprecated,0x23caab49,"safeExecuteSignaturesWithAutoGasLimit(bytes _data, bytes _signatures)",11545384,1
13962889,1641619747,0x4ce8329b48c0611e25e3324ba4ee0a50b46b95e80443546924b6746e05071be3,5,0x8377897f94c83a48ec07ab998247d0dd7372756b60e66a90509e6f3a4c818587,0xca0840578f57fe71599d29375e16783424023357,0xc02aaa39b223fe8d0a0e5c4f27ead9083c756cc2,0x88ad09518695c6c3712ac10a214be5109a655671,787781604133288730,Wrapped Ether,WETH,18,39,431977,85114720298,241813,2445226,deprecated,0x3ace4765,"wrapAndRelayTokens(address _receiver, bytes _data)",11545148,1
13962917,1641620122,0x0c4c3b07aaaa2022e031d089a6a84e3124f325ccb4306ad8dfb7ddc4e161a7c5,28,0xf887f16485e837426a7aa90edc6c2888cfeb2d4446615aa370ceacbadda7c357,0xca0840578f57fe71599d29375e16783424023357,0xc02aaa39b223fe8d0a0e5c4f27ead9083c756cc2,0x88ad09518695c6c3712ac10a214be5109a655671,596729796591115269,Wrapped Ether,WETH,18,40,431959,96789548906,241801,3177103,deprecated,0x3ace4765,"wrapAndRelayTokens(address _receiver, bytes _data)",11545120,1
13962939,1641620463,0x1feea08a7a71ddf3b7563984e0a4643df269b2e95c14528b6dc7e2f1eb3beb2b,6,0xcc77043472ec251aedf38d7f1ecd971b31a2c6d95a92e7a7a8b82c09be6c70d1,0xca0840578f57fe71599d29375e16783424023357,0xc02aaa39b223fe8d0a0e5c4f27ead9083c756cc2,0x88ad09518695c6c3712ac10a214be5109a655671,1000000000000000000,Wrapped Ether,WETH,18,133,431869,106289875047,241741,7370332,deprecated,0x3ace4765,"wrapAndRelayTokens(address _receiver, bytes _data)",11545098,1
13962967,1641620898,0x0e188a5966d54ab911c381b19b0e7e25e2e5d50b7b92dd6486bf34dd3e1c1084,7,0x5bcde3cf9157c65a67e75fe3c56fd029956294de98aa5a14e9e9c72876e786ac,0xca0840578f57fe71599d29375e16783424023357,0xc02aaa39b223fe8d0a0e5c4f27ead9083c756cc2,0x88ad09518695c6c3712ac10a214be5109a655671,1000000000000000000,Wrapped Ether,WETH,18,55,431887,81066246396,241753,3677740,deprecated,0x3ace4765,"wrapAndRelayTokens(address _receiver, bytes _data)",11545070,1
13962994,1641621165,0xa895612cd2f97690d84839e50ee96d35816881890d1c133cb0200bbdd7302bb0,8,0x7246e8db9db62273976c5e513ab9e75460b4a11660d5be5671b0689835819786,0xca0840578f57fe71599d29375e16783424023357,0xc02aaa39b223fe8d0a0e5c4f27ead9083c756cc2,0x88ad09518695c6c3712ac10a214be5109a655671,1000000000000000000,Wrapped Ether,WETH,18,107,431887,88564044029,241753,4468909,deprecated,0x3ace4765,"wrapAndRelayTokens(address _receiver, bytes _data)",11545043,1
13963047,1641621756,0x44db4f199e23c25f0fe95ad6cc34e4a41ea70bd8af2cf3b141fe6b6fd6485a1f,9,0xefd28eac4bd143b8b2a4e372d79d425bf887bfab7248a0df3a340b7825ea0c38,0xca0840578f57fe71599d29375e16783424023357,0xc02aaa39b223fe8d0a0e5c4f27ead9083c756cc2,0x88ad09518695c6c3712ac10a214be5109a655671,665377881855727874,Wrapped Ether,WETH,18,249,431977,72572117107,241813,16498180,deprecated,0x3ace4765,"wrapAndRelayTokens(address _receiver, bytes _data)",11544990,1
13963259,1641624627,0x8f0b1f4b5b367915f38770d35239aa9bd5b65f7cb6dcf72bc3a995d1600de22c,6981,0x1c8ecade41381879e9f79e49fdc09d308d8436dc84868fce80b0cd6aa4954ab0,0x88ad09518695c6c3712ac10a214be5109a655671,0xc02aaa39b223fe8d0a0e5c4f27ead9083c756cc2,0xca0840578f57fe71599d29375e16783424023357,1000000000000000000,Wrapped Ether,WETH,18,142,1658141,102000000000,253668,8519213,deprecated,0x3f7658fd,"executeSignatures(bytes message, bytes signatures)",11544778,1
13963279,1641624983,0xe2d567aec8b4c0d9fb2cce74bfb0a46f5c03f053affb4ecf38246f10b3eb52f3,6982,0x90dfc7a4ed037d8e62448d7719e3cb265fba7a81868c7af9e49966a73b1e1cad,0x88ad09518695c6c3712ac10a214be5109a655671,0xc02aaa39b223fe8d0a0e5c4f27ead9083c756cc2,0xca0840578f57fe71599d29375e16783424023357,1000000000000000000,Wrapped Ether,WETH,18,47,1658141,102000000000,253668,5230761,deprecated,0x3f7658fd,"executeSignatures(bytes message, bytes signatures)",11544758,1
13963301,1641625256,0x336ba90cfdbfb6d9dc38f24abebb9c4e0bcff75f250cd4fc6eb3e7f864879af6,6983,0x79517b7af8bc23c336107cf26c81b3a7089ad96db8d9c9dc9bb893c96b391549,0x88ad09518695c6c3712ac10a214be5109a655671,0xc02aaa39b223fe8d0a0e5c4f27ead9083c756cc2,0xca0840578f57fe71599d29375e16783424023357,1000000000000000000,Wrapped Ether,WETH,18,1,1658153,107000000000,253678,274678,deprecated,0x3f7658fd,"executeSignatures(bytes message, bytes signatures)",11544736,1
13963315,1641625476,0xd778e722b925bbc8bfec2e7e2d94549cbbb6ee0cf23b84e6cf2b474cb34da4fb,6984,0x5f99c5195022e261f1196c937643c7292301ef0a7a969ac9598d11d9405ae2c4,0x88ad09518695c6c3712ac10a214be5109a655671,0xc02aaa39b223fe8d0a0e5c4f27ead9083c756cc2,0xca0840578f57fe71599d29375e16783424023357,1000000000000000000,Wrapped Ether,WETH,18,63,1658153,107000000000,253678,3802050,deprecated,0x3f7658fd,"executeSignatures(bytes message, bytes signatures)",11544722,1
13963320,1641625551,0x41399601c1bca364e23b3cd0452e3ecf3bc7364b9059379754758fa99957a318,12,0x30c63a283f3a852b0e672032af012dce8876c37c17c9a0767965e529f6e896bb,0xca0840578f57fe71599d29375e16783424023357,0xc02aaa39b223fe8d0a0e5c4f27ead9083c756cc2,0x88ad09518695c6c3712ac10a214be5109a655671,1000000000000000000,Wrapped Ether,WETH,18,59,436474,83067673513,247478,5217434,deprecated,0x9254c66e,"wrapAndRelayTokens(address _receiver,bytes _data,tuple _account)",11544717,1
13963336,1641625682,0xae8af8c5e98115b7e431d5e02ee47c6b71a3887f4c6a2e27d1e4563b29201357,44,0x6f02039b743d56da4be9cfe882b78d8eeaf3b9eb94d32a5632183d567637ee5b,0xca0840578f57fe71599d29375e16783424023357,0xc02aaa39b223fe8d0a0e5c4f27ead9083c756cc2,0x88ad09518695c6c3712ac10a214be5109a655671,102000000000000000,Wrapped Ether,WETH,18,74,431941,71827247650,241789,3551338,deprecated,0x3ace4765,"wrapAndRelayTokens(address _receiver, bytes _data)",11544701,1
13963566,1641628495,0xf7c55f00c960e20bae98110dabd29f1d41acac05010e6812b9ce07f7c0648922,6985,0x9ac3105327f56b59c819f9758da9b7ba74e17500a863d7b9ce48538b2aa6cf05,0x88ad09518695c6c3712ac10a214be5109a655671,0xc02aaa39b223fe8d0a0e5c4f27ead9083c756cc2,0xca0840578f57fe71599d29375e16783424023357,1000000000000000000,Wrapped Ether,WETH,18,15,1658153,99000000000,253678,1587701,deprecated,0x3f7658fd,"executeSignatures(bytes message, bytes signatures)",11544471,1
13963566,1641628495,0x5a63f6973b840a3a9d16da2ac546763d819053c09bb8ba029437fbde30e8a840,6986,0x9ac3105327f56b59c819f9758da9b7ba74e17500a863d7b9ce48538b2aa6cf05,0x88ad09518695c6c3712ac10a214be5109a655671,0xc02aaa39b223fe8d0a0e5c4f27ead9083c756cc2,0xca0840578f57fe71599d29375e16783424023357,100000000000000000,Wrapped Ether,WETH,18,16,1658141,99000000000,253668,1841369,deprecated,0x3f7658fd,"executeSignatures(bytes message, bytes signatures)",11544471,1
13963726,1641630552,0x20c034713fd16131f22483e418ff305db883214c6d77ba722961aa6f60378042,24,0xc68052ec8eea6ed61b838a4fd7880d1a9093a9c9d3a1c8e142fb7b7dd6c2d00b,0xca0840578f57fe71599d29375e16783424023357,0xc02aaa39b223fe8d0a0e5c4f27ead9083c756cc2,0x88ad09518695c6c3712ac10a214be5109a655671,200000000000000000,Wrapped Ether,WETH,18,212,436528,65000000000,247514,13871685,deprecated,0x9254c66e,"wrapAndRelayTokens(address _receiver,bytes _data,tuple _account)",11544311,1
13963756,1641631053,0xb3ec0cfb84bfb279e72eaffc28ac6473ec2a9e145d96df85dd9d1c911a234f04,305,0xd28790bb96816393b61b18bcb973b636b07a802d8f31566b113a1caeb23e69a0,0xca0840578f57fe71599d29375e16783424023357,0xc02aaa39b223fe8d0a0e5c4f27ead9083c756cc2,0x88ad09518695c6c3712ac10a214be5109a655671,128000000000000000,Wrapped Ether,WETH,18,109,431851,65344568718,241729,7088558,deprecated,0x3ace4765,"wrapAndRelayTokens(address _receiver, bytes _data)",11544281,1
13963796,1641631606,0x65b252108ec60d1ec696c709207c4bcf9800ac98975142c87fde7bd4d5622776,6987,0xfc82c9481736f9a33a7e1cf0ad2a9c1d3294bdbe3a040a14c5a2b96938a3e600,0x88ad09518695c6c3712ac10a214be5109a655671,0xc02aaa39b223fe8d0a0e5c4f27ead9083c756cc2,0xca0840578f57fe71599d29375e16783424023357,198017162745888525,Wrapped Ether,WETH,18,77,1658165,95000000000,273688,4677343,deprecated,0x3f7658fd,"executeSignatures(bytes message, bytes signatures)",11544241,1
13963909,1641633137,0xe057b394d7003e73f8bb9f110981d53e6c239e6f8c029eac98399de477e221d6,0,0x855f06c0cb9401730468734d615cc61ce0aef51981c4fa935578d09d723addce,0xca0840578f57fe71599d29375e16783424023357,0xc02aaa39b223fe8d0a0e5c4f27ead9083c756cc2,0x88ad09518695c6c3712ac10a214be5109a655671,141017162745888525,Wrapped Ether,WETH,18,155,436618,61591381863,247574,12311662,deprecated,0x9254c66e,"wrapAndRelayTokens(address _receiver,bytes _data,tuple _account)",11544128,1
13963993,1641634138,0x8f15c6adf4ccaf2271a156d863b2ac925c81f69932a63512fa3b582a2a7f6193,6988,0xacc06117e52655ee33f6629c5be18a6968a8de5b57615712ba017b6b8912efde,0x88ad09518695c6c3712ac10a214be5109a655671,0xc02aaa39b223fe8d0a0e5c4f27ead9083c756cc2,0xca0840578f57fe71599d29375e16783424023357,139615680213301178,Wrapped Ether,WETH,18,22,1658177,100000000000,253697,1108507,deprecated,0x3f7658fd,"executeSignatures(bytes message, bytes signatures)",11544044,1
13964061,1641635181,0xc4b09beea84a474c99e8cb28613120ebb7bc29d2483a7edff0bf396b6ce2453f,10,0xf435c8be7fc1d1cb61c8f2d9dbd83d364a8d6855c3aac3373bde9f3fcbb922ef,0xca0840578f57fe71599d29375e16783424023357,0xc02aaa39b223fe8d0a0e5c4f27ead9083c756cc2,0x88ad09518695c6c3712ac10a214be5109a655671,624087384880275962,Wrapped Ether,WETH,18,190,432013,68761567579,241837,12143425,deprecated,0x3ace4765,"wrapAndRelayTokens(address _receiver, bytes _data)",11543976,1
13964186,1641636934,0x56721873fc641d604cbc09f01b099dc1bd5186b98d6dff8af2d3a82b733b380f,6989,0x5170d1b8e08dff7c7b10fcf4a0c3db3275ad808e40706bd1a1f50facfe6245f8,0x88ad09518695c6c3712ac10a214be5109a655671,0xc02aaa39b223fe8d0a0e5c4f27ead9083c756cc2,0xca0840578f57fe71599d29375e16783424023357,100000000000000000,Wrapped Ether,WETH,18,58,1658129,91000000000,253659,4487693,deprecated,0x3f7658fd,"executeSignatures(bytes message, bytes signatures)",11543851,1
13964192,1641637008,0xbad9c91a5caa4a21222b2c7ab11bad3279225ef0b6007d7556a8b016f281e684,0,0xb06c8006119975bf6a57467c974b63b55e410c889cb77bc3df0d57cb4241174d,0xca0840578f57fe71599d29375e16783424023357,0xc02aaa39b223fe8d0a0e5c4f27ead9083c756cc2,0x88ad09518695c6c3712ac10a214be5109a655671,1000000000000000000,Wrapped Ether,WETH,18,230,436546,77565393565,247526,15136343,deprecated,0x9254c66e,"wrapAndRelayTokens(address _receiver,bytes _data,tuple _account)",11543845,1
13964416,1641640308,0x4354f38e0ca55aea51e4933505467f287c3fd386b638a611640bbbdf94f6f516,6990,0x5477e921b45754f971e5e013e1749a59418c91fc8626ca7d21c3813fb73f23c8,0x88ad09518695c6c3712ac10a214be5109a655671,0xc02aaa39b223fe8d0a0e5c4f27ead9083c756cc2,0xca0840578f57fe71599d29375e16783424023357,1000000000000000000,Wrapped Ether,WETH,18,262,1658129,78000000000,273659,17320546,deprecated,0x3f7658fd,"executeSignatures(bytes message, bytes signatures)",11543621,1
13965323,1641652566,0x3c65b7c3b28ead27d24f447b5c630246b1b4741b8616aa7831b9ae68d0fa3839,1373,0x9d2a175fd8ae73c81c66619966bd68469649dc1f0f27fdcae92ecc9fbaf4c0b9,0xca0840578f57fe71599d29375e16783424023357,0xc02aaa39b223fe8d0a0e5c4f27ead9083c756cc2,0x88ad09518695c6c3712ac10a214be5109a655671,1000000000000000000,Wrapped Ether,WETH,18,91,431851,119474906799,241729,4266719,deprecated,0x3ace4765,"wrapAndRelayTokens(address _receiver, bytes _data)",11542714,1
13965518,1641655008,0x024d93bb073f239f981aa2a3d2c7fcacf450ebdc586c4c6d989a4ffdf849d5a3,7,0x6a3953b2d21dc5ec6acbe28ffd10d04486e67ae24f74e9e56ac6c5a228cd13d8,0xca0840578f57fe71599d29375e16783424023357,0xc02aaa39b223fe8d0a0e5c4f27ead9083c756cc2,0x88ad09518695c6c3712ac10a214be5109a655671,100000000000000000,Wrapped Ether,WETH,18,263,436582,89016026731,247550,15471816,deprecated,0x9254c66e,"wrapAndRelayTokens(address _receiver,bytes _data,tuple _account)",11542519,1
13965528,1641655133,0xcf75954cee0aba8774907df3e0c0503a56d4d95a5a6f27fa2fac502038bda6bd,6991,0x8cfefe475684c7402805095e551b9f3a94c4b7cca86264a90c744e2e54627276,0x88ad09518695c6c3712ac10a214be5109a655671,0xc02aaa39b223fe8d0a0e5c4f27ead9083c756cc2,0xca0840578f57fe71599d29375e16783424023357,300000000000000000,Wrapped Ether,WETH,18,73,1658141,126000000000,253668,5646393,deprecated,0x3f7658fd,"executeSignatures(bytes message, bytes signatures)",11542509,1
13965603,1641655917,0x8c65b1aa0531c3c741a81e3f2910d17f3ea9829ac1d3d440608e4bd45c60f4ad,6992,0xa6b8edad78163222631ef1a02ba882a9a488a27fb254f02d2c585a028455260f,0x88ad09518695c6c3712ac10a214be5109a655671,0xc02aaa39b223fe8d0a0e5c4f27ead9083c756cc2,0xca0840578f57fe71599d29375e16783424023357,90000000000000000,Wrapped Ether,WETH,18,4,1658153,137000000000,253678,1165129,deprecated,0x3f7658fd,"executeSignatures(bytes message, bytes signatures)",11542434,1
13965648,1641656549,0x745102aa944a059620821e2d33b2d844207af1530234fd5f46f50530c7e92931,1,0xbcf973e100ccfa1696816a22e81d45148775d8adc4f03139b8846e069e963c9a,0xca0840578f57fe71599d29375e16783424023357,0xc02aaa39b223fe8d0a0e5c4f27ead9083c756cc2,0x88ad09518695c6c3712ac10a214be5109a655671,428608770827645830,Wrapped Ether,WETH,18,52,431959,109757290627,241801,3294262,deprecated,0x3ace4765,"wrapAndRelayTokens(address _receiver, bytes _data)",11542389,1
13965736,1641657745,0x4157c26f90d22606ec04f8c2b35054bec4d294604c6a3bca435f903c20b2aa94,126,0x9d6e92ff2a3a7e4e88102dc01223644c95b9a7b4a7e7fd72a7005fe34031be77,0xca0840578f57fe71599d29375e16783424023357,0xc02aaa39b223fe8d0a0e5c4f27ead9083c756cc2,0x88ad09518695c6c3712ac10a214be5109a655671,300000000000000000,Wrapped Ether,WETH,18,127,431923,126215539098,241777,8859762,deprecated,0x3ace4765,"wrapAndRelayTokens(address _receiver, bytes _data)",11542301,1
13965781,1641658545,0x16f15f61b628c9237ec8e8cc780dc3c78efe9209c2b646c22b4ce85a9a8cfb56,1,0x785c20d5f2fae618f74a2edadba80814b7b5c81e74d579a37da7332f246a24ff,0xca0840578f57fe71599d29375e16783424023357,0xc02aaa39b223fe8d0a0e5c4f27ead9083c756cc2,0x88ad09518695c6c3712ac10a214be5109a655671,50000000000000000,Wrapped Ether,WETH,18,23,431869,144005178965,241741,2219990,deprecated,0x3ace4765,"wrapAndRelayTokens(address _receiver, bytes _data)",11542256,1
13965997,1641661290,0xe7a5df3373f32b0442ddc304543d27ff85a98065d944d3aae8b0bd4647dcd131,6993,0x6935db8ec25a06a6f223ec981d85f4482f4ccf2146f161bb5f8312e7236b1d6b,0x88ad09518695c6c3712ac10a214be5109a655671,0xc02aaa39b223fe8d0a0e5c4f27ead9083c756cc2,0xca0840578f57fe71599d29375e16783424023357,100000000000000000,Wrapped Ether,WETH,18,14,1658129,256000000000,253659,1659992,deprecated,0x3f7658fd,"executeSignatures(bytes message, bytes signatures)",11542040,1
13966024,1641661596,0x890727f598bfb29b9fea54e1216f36fd7b128f1a08e965292febdb51b05983ed,6994,0x4a6fcb62db6e5671762bba113525e34fe33075736351e6812229d09d8c54982c,0x88ad09518695c6c3712ac10a214be5109a655671,0xc02aaa39b223fe8d0a0e5c4f27ead9083c756cc2,0xca0840578f57fe71599d29375e16783424023357,100000000000000000,Wrapped Ether,WETH,18,9,1658129,160000000000,253659,2124693,deprecated,0x3f7658fd,"executeSignatures(bytes message, bytes signatures)",11542013,1
13966738,1641671126,0x70b7e59635debd161b89dd72533102f80286d1283876f43ae1103617d8e4b91b,6995,0x658086079be590dc99ed2357eba95057347cf46cbdfb08dcfa108be111347477,0x88ad09518695c6c3712ac10a214be5109a655671,0xc02aaa39b223fe8d0a0e5c4f27ead9083c756cc2,0xca0840578f57fe71599d29375e16783424023357,100000000000000000,Wrapped Ether,WETH,18,27,1658153,204000000000,273678,1441517,deprecated,0x3f7658fd,"executeSignatures(bytes message, bytes signatures)",11541299,1
13966794,1641671785,0xf2fec5d171090956a56da44b5af75ba16b7388b4f6c06111532eeaedd3deaa7b,28,0x44fd0f55c657e0cf06a4690ff56407dffa8d66cbe5867092409dd9d36f8087b5,0xca0840578f57fe71599d29375e16783424023357,0xc02aaa39b223fe8d0a0e5c4f27ead9083c756cc2,0x88ad09518695c6c3712ac10a214be5109a655671,400000000000000000,Wrapped Ether,WETH,18,38,431887,153608569504,241753,2038144,deprecated,0x3ace4765,"wrapAndRelayTokens(address _receiver, bytes _data)",11541243,1
13966903,1641673177,0x602c16a344d4a4387bddbdeec63a51fa3b861a40a929a756c4e3c6dbd0ffa660,29,0xc10a597194f3d8e3ec77ca14878a4962c7b8875208c076c4ac45e5a7e449a1a3,0x88ad09518695c6c3712ac10a214be5109a655671,0xc02aaa39b223fe8d0a0e5c4f27ead9083c756cc2,0xca0840578f57fe71599d29375e16783424023357,100000000000000000,Wrapped Ether,WETH,18,73,520177,202268952530,273561,3284510,deprecated,0x23caab49,"safeExecuteSignaturesWithAutoGasLimit(bytes _data, bytes _signatures)",11541134,1
13966903,1641673177,0xff67bca64adbc9f19908311e197c3fa95f9d7c22c7f087fc1e4d03e50a3a1181,6997,0xc10a597194f3d8e3ec77ca14878a4962c7b8875208c076c4ac45e5a7e449a1a3,0x88ad09518695c6c3712ac10a214be5109a655671,0xc02aaa39b223fe8d0a0e5c4f27ead9083c756cc2,0xca0840578f57fe71599d29375e16783424023357,100000000000000000,Wrapped Ether,WETH,18,109,1658117,318000000000,253649,4943097,deprecated,0x3f7658fd,"executeSignatures(bytes message, bytes signatures)",11541134,1
13966941,1641673740,0xc28a869204e6ab361d86d5b6597a7f9bd313ea1c85e05a0761a82ea9072ee9d5,6998,0xddfb05feb7e38255e2a785925aa9f6fe685e4ada2b7d8c9a668455b3edb405ea,0x88ad09518695c6c3712ac10a214be5109a655671,0xc02aaa39b223fe8d0a0e5c4f27ead9083c756cc2,0xca0840578f57fe71599d29375e16783424023357,100000000000000000,Wrapped Ether,WETH,18,6,1658117,307000000000,253649,954578,deprecated,0x3f7658fd,"executeSignatures(bytes message, bytes signatures)",11541096,1
13967168,1641676696,0x804b32d98828e007f18765274c8541a1e22a85b780e17562a6962485d850f1ce,6999,0xfd53c4f060576b7daef4f39c81b8a890e50786926c64247b9e3f810754aa6b1c,0x88ad09518695c6c3712ac10a214be5109a655671,0xc02aaa39b223fe8d0a0e5c4f27ead9083c756cc2,0xca0840578f57fe71599d29375e16783424023357,300000000000000000,Wrapped Ether,WETH,18,6,1658153,200000000000,273678,875023,deprecated,0x3f7658fd,"executeSignatures(bytes message, bytes signatures)",11540869,1
13967393,1641679660,0xfd4c2e82dfa9f68d37c48e8d731cb2fd00704270e72f8c1470fb001d6d127d4c,10,0x46a488f4b66cbf2fdd8326881fb28f9b11eb305cda2f10042551c2d1bb39e00b,0xca0840578f57fe71599d29375e16783424023357,0xc02aaa39b223fe8d0a0e5c4f27ead9083c756cc2,0x88ad09518695c6c3712ac10a214be5109a655671,85191409904647702,Wrapped Ether,WETH,18,69,436582,157439067684,247550,5435089,deprecated,0x9254c66e,"wrapAndRelayTokens(address _receiver,bytes _data,tuple _account)",11540644,1
13967625,1641682374,0x3ae5c47c9f38e75cee15e148e5678fa619a3cf3ab61be240e3978fccee92716e,0,0x542062242324b21bb3c53d3e90319127b2b9bfd9d91b666c18bb8fb5e984ab7d,0xca0840578f57fe71599d29375e16783424023357,0xc02aaa39b223fe8d0a0e5c4f27ead9083c756cc2,0x88ad09518695c6c3712ac10a214be5109a655671,1000000000000000000,Wrapped Ether,WETH,18,23,436546,118979746854,247526,1906374,deprecated,0x9254c66e,"wrapAndRelayTokens(address _receiver,bytes _data,tuple _account)",11540412,1
13967683,1641683189,0xffd1fb83faf1dee51598e0e4bd73be4416f2626f54b48d641570085d6b3c1b4f,7000,0xd825e0cd37c35cf9b3757d89f70518663adcce33e6a6064a39b3172de892c151,0x88ad09518695c6c3712ac10a214be5109a655671,0xc02aaa39b223fe8d0a0e5c4f27ead9083c756cc2,0xca0840578f57fe71599d29375e16783424023357,500000000000000000,Wrapped Ether,WETH,18,33,1658141,132000000000,273668,2016011,deprecated,0x3f7658fd,"executeSignatures(bytes message, bytes signatures)",11540354,1
13967787,1641684622,0x331895c0a942861f3805c8d3159c070698c79962422c99f61bb07bf6f9d2e7eb,1,0x3753d7234d4b73070898b16ea0a60e74681a5a15d3bad9f0653d1a9cf955abe6,0xca0840578f57fe71599d29375e16783424023357,0xc02aaa39b223fe8d0a0e5c4f27ead9083c756cc2,0x88ad09518695c6c3712ac10a214be5109a655671,900000000000000000,Wrapped Ether,WETH,18,79,431887,113758248997,241753,5258089,deprecated,0x3ace4765,"wrapAndRelayTokens(address _receiver, bytes _data)",11540250,1
13967804,1641684794,0x4477726e23ed405da5364337c3c2981a5d7ab0673bbe195eba83cf7b4d44c561,10,0x41eeb4511716b8e5933848fa8b8dbd3bf32caa9a7cd3b6a78dac1cd4f2e2c80e,0xca0840578f57fe71599d29375e16783424023357,0xc02aaa39b223fe8d0a0e5c4f27ead9083c756cc2,0x88ad09518695c6c3712ac10a214be5109a655671,350000000000000000,Wrapped Ether,WETH,18,148,431869,82448352176,241741,14312521,deprecated,0x3ace4765,"wrapAndRelayTokens(address _receiver, bytes _data)",11540233,1
13967846,1641685269,0x31c4fba7408775b0efa57c51c14cd659d853089ae757fce95a86d1740bc7562f,7001,0xf37de45f1df108365434e4153d5a5e887f5591366d07d56fb2c670a4a2630951,0x88ad09518695c6c3712ac10a214be5109a655671,0xc02aaa39b223fe8d0a0e5c4f27ead9083c756cc2,0xca0840578f57fe71599d29375e16783424023357,1000000000000000000,Wrapped Ether,WETH,18,23,1658153,142000000000,253678,4198456,deprecated,0x3f7658fd,"executeSignatures(bytes message, bytes signatures)",11540191,1
13967863,1641685526,0x499bf1f4212fad01d8d14a9344a9df3b7f969aeb1e8ffe3e8e9aa24e42b2266a,934,0x2975bf9a04eff66ce172910fd4555c0aa0b63378b3664a5c317913809fa72db7,0xca0840578f57fe71599d29375e16783424023357,0xc02aaa39b223fe8d0a0e5c4f27ead9083c756cc2,0x88ad09518695c6c3712ac10a214be5109a655671,1000000000000000000,Wrapped Ether,WETH,18,143,436582,124629665420,247550,8239297,deprecated,0x9254c66e,"wrapAndRelayTokens(address _receiver,bytes _data,tuple _account)",11540174,1
13967869,1641685630,0x2c17812133409d25d8ab16321831c4e8254089964e0819cf70a14f84e9bb80d4,7002,0xf39c105b044c34e05aa772b050e8878a153901929ebd1c362e849c86098873fa,0x88ad09518695c6c3712ac10a214be5109a655671,0xc02aaa39b223fe8d0a0e5c4f27ead9083c756cc2,0xca0840578f57fe71599d29375e16783424023357,300000000000000000,Wrapped Ether,WETH,18,32,1658129,142000000000,253659,2729707,deprecated,0x3f7658fd,"executeSignatures(bytes message, bytes signatures)",11540168,1
13968939,1641699497,0xc276239333fdabc72de7d8277eb2618b2bec81a95409301e8206c7d1e0d5c8c0,5,0x7235c798c7efef36370f2c4aa198c8d809bbc1c7fd82f019ad8db86778a8e342,0xca0840578f57fe71599d29375e16783424023357,0xc02aaa39b223fe8d0a0e5c4f27ead9083c756cc2,0x88ad09518695c6c3712ac10a214be5109a655671,1000000000000000000,Wrapped Ether,WETH,18,55,463018,140412753808,264626,3604827,deprecated,0x9254c66e,"wrapAndRelayTokens(address _receiver,bytes _data,tuple _account)",11539098,1
13969117,1641701949,0x163c16788eafa3f3065e1c9f17ddcfe64255f30efba168f7e66396408858608c,6,0xca550366c15bf3c76b435c361dee583e0c521a4de6a99321731d3bfbe4564abc,0xca0840578f57fe71599d29375e16783424023357,0xc02aaa39b223fe8d0a0e5c4f27ead9083c756cc2,0x88ad09518695c6c3712ac10a214be5109a655671,849677893540505308,Wrapped Ether,WETH,18,55,432013,127824228501,241837,2856347,deprecated,0x3ace4765,"wrapAndRelayTokens(address _receiver, bytes _data)",11538920,1
13969154,1641702422,0xcc8d9d7848e3328b4c506dfcd3ca6fb71d8fdc61e56bd9ef82a3aff969971ad7,4,0xa550a6dcda32f741778930fb46cdc654815eb774f37b7503695a08763f9ac567,0xca0840578f57fe71599d29375e16783424023357,0xc02aaa39b223fe8d0a0e5c4f27ead9083c756cc2,0x88ad09518695c6c3712ac10a214be5109a655671,1000000000000000000,Wrapped Ether,WETH,18,111,431905,93970572308,241765,7427899,deprecated,0x3ace4765,"wrapAndRelayTokens(address _receiver, bytes _data)",11538883,1
13969357,1641704975,0xe69286163e2f6e413a7f175b6a7fde6a065bf0b6f6345828083ff3e6f39da90c,7003,0x09327c366f308acf486935f7674345507a3edbe19df1fa2799417131a7fb5633,0x88ad09518695c6c3712ac10a214be5109a655671,0xc02aaa39b223fe8d0a0e5c4f27ead9083c756cc2,0xca0840578f57fe71599d29375e16783424023357,1831329895299753389,Wrapped Ether,WETH,18,19,1658165,138000000000,267368,1112773,deprecated,0x3f7658fd,"executeSignatures(bytes message, bytes signatures)",11538680,1
13969359,1641704986,0xbcb39c06ea855cf5f9c9959f9294f070646676bd0a4b45377b037339ba0258f1,7004,0x1f9471d549bd980f239236d0c0ac742d5c4574902dbd75613cd22b43279f6f5b,0x88ad09518695c6c3712ac10a214be5109a655671,0xc02aaa39b223fe8d0a0e5c4f27ead9083c756cc2,0xca0840578f57fe71599d29375e16783424023357,500000000000000000,Wrapped Ether,WETH,18,95,1658153,138000000000,253678,4904478,deprecated,0x3f7658fd,"executeSignatures(bytes message, bytes signatures)",11538678,1
13969364,1641705069,0x5bd2da98ca4ac15c3b065ac739f44045a00357c45bf5a284775503384dd5003b,7005,0xb86e1aa370a662bcca79d2d2b54e474553d824e26608770dd7e45951f38eb32b,0x88ad09518695c6c3712ac10a214be5109a655671,0xc02aaa39b223fe8d0a0e5c4f27ead9083c756cc2,0xca0840578f57fe71599d29375e16783424023357,990000000000000000,Wrapped Ether,WETH,18,73,1658153,138000000000,253678,4819128,deprecated,0x3f7658fd,"executeSignatures(bytes message, bytes signatures)",11538673,1
13969533,1641706990,0xb2be1a769577bc8d5669135838df2dc50cd6cb6977fc183e1f82732531710afc,11,0x4311d3ac72c3906d0c6d375c38dfc88c1e9b5fe26a92c868857cd71e7beb867c,0xca0840578f57fe71599d29375e16783424023357,0xc02aaa39b223fe8d0a0e5c4f27ead9083c756cc2,0x88ad09518695c6c3712ac10a214be5109a655671,1000000000000000000,Wrapped Ether,WETH,18,103,431905,104592558360,241765,5899548,deprecated,0x3ace4765,"wrapAndRelayTokens(address _receiver, bytes _data)",11538504,1
13969584,1641707738,0xbbcc20928b844a5cab1767072e02b0c5f20b551b1569a2e9529527472a8de9a9,12,0x2e2a1625b94ae2721e934e32e1033eba602a24f7c6964581c9169d27308463c4,0xca0840578f57fe71599d29375e16783424023357,0xc02aaa39b223fe8d0a0e5c4f27ead9083c756cc2,0x88ad09518695c6c3712ac10a214be5109a655671,400000000000000000,Wrapped Ether,WETH,18,30,431887,132202310311,241753,1361780,deprecated,0x3ace4765,"wrapAndRelayTokens(address _receiver, bytes _data)",11538453,1
13969657,1641708658,0x7702c50e3a4b808226ec44cf6c3687d6bb64a74a0a592e8f3ad2a05717394a9b,501,0xae8834cf362e2f95a8e23fee5854dda12c04436269329e1ffd7984013a0f1e18,0xca0840578f57fe71599d29375e16783424023357,0xc02aaa39b223fe8d0a0e5c4f27ead9083c756cc2,0x88ad09518695c6c3712ac10a214be5109a655671,1000000000000000000,Wrapped Ether,WETH,18,156,431923,91619555211,241777,8886191,deprecated,0x3ace4765,"wrapAndRelayTokens(address _receiver, bytes _data)",11538380,1
13969696,1641709166,0x0430638bbaa2e99665007ea2fc758c972d2a958ed171fe7ee714f975fffcbeef,7006,0xc8d7c32b3627e4dd76cfbcb43d58b96ca15efd905118363b966dc2f19d944824,0x88ad09518695c6c3712ac10a214be5109a655671,0xc02aaa39b223fe8d0a0e5c4f27ead9083c756cc2,0xca0840578f57fe71599d29375e16783424023357,1000000000000000000,Wrapped Ether,WETH,18,9,1658153,125000000000,273678,529639,deprecated,0x3f7658fd,"executeSignatures(bytes message, bytes signatures)",11538341,1
13969710,1641709306,0x33d2edc727b95efcc6876c78e64a534ff768105a23756a9f76cbb2532558e84c,7007,0x3d26be77e12b15a3d9eaee08dd0bac64791a4f049e684f03584dee0049efdd17,0x88ad09518695c6c3712ac10a214be5109a655671,0xc02aaa39b223fe8d0a0e5c4f27ead9083c756cc2,0xca0840578f57fe71599d29375e16783424023357,500000000000000000,Wrapped Ether,WETH,18,27,1658153,125000000000,253678,1945008,deprecated,0x3f7658fd,"executeSignatures(bytes message, bytes signatures)",11538327,1
13969725,1641709543,0xdfedaaacbe89e5b56a12f71b4fa003dab0c8d5e7227e183c5c892ba70aece8d4,7008,0xe4c171f77e2cc89bd4c23751d0351913f278ddcbaa1ec1e485aa60a0f0003554,0x88ad09518695c6c3712ac10a214be5109a655671,0xc02aaa39b223fe8d0a0e5c4f27ead9083c756cc2,0xca0840578f57fe71599d29375e16783424023357,350000000000000000,Wrapped Ether,WETH,18,52,1658153,125000000000,253678,3556063,deprecated,0x3f7658fd,"executeSignatures(bytes message, bytes signatures)",11538312,1
13969796,1641710576,0x764d36ba94026c0f4e9527cbc4ca3ebe7a8bf43a184f068e21770797185b15ce,7009,0xa7ec439e7996db4aa19456341e993e6b547876425ad87149c8679649acf969ec,0x88ad09518695c6c3712ac10a214be5109a655671,0xc02aaa39b223fe8d0a0e5c4f27ead9083c756cc2,0xca0840578f57fe71599d29375e16783424023357,300000000000000000,Wrapped Ether,WETH,18,111,1658105,163000000000,253640,3045705,deprecated,0x3f7658fd,"executeSignatures(bytes message, bytes signatures)",11538241,1
13970234,1641716531,0xf32a866a435f8a0cbfb9bf6324d80fa14f7bdad7984ec8db252d89b4d48b58df,16,0x6b281e119a1293771412bd446d75b303a4e69448363ec7abe9496ac4fd807088,0xca0840578f57fe71599d29375e16783424023357,0xc02aaa39b223fe8d0a0e5c4f27ead9083c756cc2,0x88ad09518695c6c3712ac10a214be5109a655671,1000000000000000000,Wrapped Ether,WETH,18,14,431959,110601783533,241801,1526727,deprecated,0x3ace4765,"wrapAndRelayTokens(address _receiver, bytes _data)",11537803,1
13970243,1641716637,0x1889c7692bf5cf8d49cafa1ecce01acd3fd2de07fe1354cf03b9bfec5d552883,6,0x6390b5fd7c054f590d66578c066042165933504dd2480b24a12b06aa73b32fcb,0xca0840578f57fe71599d29375e16783424023357,0xc02aaa39b223fe8d0a0e5c4f27ead9083c756cc2,0x88ad09518695c6c3712ac10a214be5109a655671,10000000000000000,Wrapped Ether,WETH,18,27,436492,122672112847,247490,2753779,deprecated,0x9254c66e,"wrapAndRelayTokens(address _receiver,bytes _data,tuple _account)",11537794,1
13970326,1641717760,0xceab890850b53144dda80bdf63109d431792ed669b4a27cd4c5096b89cbe6626,17,0xf562611e4f2de1bf5c94ea4ccab41fba7daed5c77677452f4b873f4875a86fdb,0xca0840578f57fe71599d29375e16783424023357,0xc02aaa39b223fe8d0a0e5c4f27ead9083c756cc2,0x88ad09518695c6c3712ac10a214be5109a655671,1000000000000000000,Wrapped Ether,WETH,18,142,431959,88083093228,241801,12512082,deprecated,0x3ace4765,"wrapAndRelayTokens(address _receiver, bytes _data)",11537711,1
13970444,1641719191,0xd680d38c33f77dee9151d2207b326190a981a1b9516f058c32fe8c64a578b412,7010,0xbb09dd47914c56ce40662f70a55d037c6956c9453e8417003ad98e9503fc4382,0x88ad09518695c6c3712ac10a214be5109a655671,0xc02aaa39b223fe8d0a0e5c4f27ead9083c756cc2,0xca0840578f57fe71599d29375e16783424023357,1000000000000000000,Wrapped Ether,WETH,18,2,1658141,170000000000,253668,498916,deprecated,0x3f7658fd,"executeSignatures(bytes message, bytes signatures)",11537593,1
13970457,1641719298,0x1cb4863edcd7b7c7f64e852074f77c228f4fafd143306e5ec97aeecbafd9a7d7,18,0x02a78b6b8c9a9b51616d1f7a72f2a4d21e4f8f660b3a2112aeb420d10df2f9f3,0xca0840578f57fe71599d29375e16783424023357,0xc02aaa39b223fe8d0a0e5c4f27ead9083c756cc2,0x88ad09518695c6c3712ac10a214be5109a655671,100000000000000000,Wrapped Ether,WETH,18,90,431941,106973831337,241789,9034676,deprecated,0x3ace4765,"wrapAndRelayTokens(address _receiver, bytes _data)",11537580,1
13970522,1641720237,0x61ee0194ddd6c45a9a4b758ecdb77630ddcbdd8c5113d049f7cdcfbfaf0a2b48,7011,0xaf8508f4cb191478b5cc395282192f4ac9d5cf6d1454212866e1fb498599b765,0x88ad09518695c6c3712ac10a214be5109a655671,0xc02aaa39b223fe8d0a0e5c4f27ead9083c756cc2,0xca0840578f57fe71599d29375e16783424023357,1000000000000000000,Wrapped Ether,WETH,18,22,1658153,199000000000,253678,1604559,deprecated,0x3f7658fd,"executeSignatures(bytes message, bytes signatures)",11537515,1
13971494,1641733353,0xb33b50b3c571270b06d83ecaa285f9fb10ab684d9df2e4812dc29f79855aced7,29,0x2ec9834a7e70d10f739ba544232a5906e29a56194b3b8c029a947d100a7a644e,0xca0840578f57fe71599d29375e16783424023357,0xc02aaa39b223fe8d0a0e5c4f27ead9083c756cc2,0x88ad09518695c6c3712ac10a214be5109a655671,932442001369970679,Wrapped Ether,WETH,18,35,431977,95274327041,241813,1874340,deprecated,0x3ace4765,"wrapAndRelayTokens(address _receiver, bytes _data)",11536543,1
13971541,1641733912,0xf7f32906cdf0a0d46027db9abac5fdab1f07a61730b488fd3910d301c6d04a20,7012,0x3928313644aadd77f92985f08105c6e67603355cdf7184be93d84a361e4fac81,0x88ad09518695c6c3712ac10a214be5109a655671,0xc02aaa39b223fe8d0a0e5c4f27ead9083c756cc2,0xca0840578f57fe71599d29375e16783424023357,500000000000000000,Wrapped Ether,WETH,18,15,1658129,156000000000,253659,1700467,deprecated,0x3f7658fd,"executeSignatures(bytes message, bytes signatures)",11536496,1
13971568,1641734271,0xe462c21ab59b17228716bf76bb144d118fb472d4d491ee89250e3da94a6c5a11,7013,0x2f762cb466c97cca6e05d6ba18bbd5fd30bf0ef732b24770b59dbe5e1dd5f202,0x88ad09518695c6c3712ac10a214be5109a655671,0xc02aaa39b223fe8d0a0e5c4f27ead9083c756cc2,0xca0840578f57fe71599d29375e16783424023357,420000000000000000,Wrapped Ether,WETH,18,4,1658141,155000000000,253668,781395,deprecated,0x3f7658fd,"executeSignatures(bytes message, bytes signatures)",11536469,1
13972714,1641749317,0x138c3c21b268a628dc19279453245cc28e47b124906203633b6be1cdc8e20bd8,0,0x529a10db61c9cf6a618ba879ddeda9a26600816148806aa629c8799a0ab0d20f,0xca0840578f57fe71599d29375e16783424023357,0xc02aaa39b223fe8d0a0e5c4f27ead9083c756cc2,0x88ad09518695c6c3712ac10a214be5109a655671,584582653184783024,Wrapped Ether,WETH,18,8,432013,201347218610,241837,1218257,deprecated,0x3ace4765,"wrapAndRelayTokens(address _receiver, bytes _data)",11535323,1
13973158,1641755672,0x48fc05275fb4cf8c3f74d40fc7e7e5b110595794bfb6ad54f9d0360525feb03f,7014,0x3c74687c14f92dd78bca0434a98af54fe67bf5d2565e7ad75ce931866b37fa2a,0x88ad09518695c6c3712ac10a214be5109a655671,0xc02aaa39b223fe8d0a0e5c4f27ead9083c756cc2,0xca0840578f57fe71599d29375e16783424023357,500000000000000000,Wrapped Ether,WETH,18,33,1658153,322000000000,253678,1601525,deprecated,0x3f7658fd,"executeSignatures(bytes message, bytes signatures)",11534879,1
13975064,1641780929,0x825aa4ffec55f2a90964b5a99b353a97ddf7be1ea69d6d6c58a609b9c4bbe805,334,0x08b81fb5492d178c754ba5b2a953100c830798defcda9ee2e7b5c336aa2c9153,0xca0840578f57fe71599d29375e16783424023357,0xc02aaa39b223fe8d0a0e5c4f27ead9083c756cc2,0x88ad09518695c6c3712ac10a214be5109a655671,200000000000000000,Wrapped Ether,WETH,18,157,458413,98982019547,258889,12620622,deprecated,0x3ace4765,"wrapAndRelayTokens(address _receiver, bytes _data)",11532973,1
13975140,1641782102,0x523ada449fb744aa88bd2d4744e2d482fde2d47da32e8386488bc319cba3a8c3,7015,0x1311d79425d0d944c2ffa285542b0e0426236e94c9ca770a836f5f6c018870bf,0x88ad09518695c6c3712ac10a214be5109a655671,0xc02aaa39b223fe8d0a0e5c4f27ead9083c756cc2,0xca0840578f57fe71599d29375e16783424023357,100000000000000000,Wrapped Ether,WETH,18,115,1658153,149000000000,267358,7868002,deprecated,0x3f7658fd,"executeSignatures(bytes message, bytes signatures)",11532897,1
13975463,1641786798,0x7a5f34b54306914efb2b77c4fea541469ba2e1d1be411eef6d7936f916a75054,7016,0x5aa347c40fc3b26de64b4e489633f402d89a1c30e260e11fa4c60814e46e930a,0x88ad09518695c6c3712ac10a214be5109a655671,0xc02aaa39b223fe8d0a0e5c4f27ead9083c756cc2,0xca0840578f57fe71599d29375e16783424023357,407000000000000000,Wrapped Ether,WETH,18,17,1658165,228000000000,253688,1823926,deprecated,0x3f7658fd,"executeSignatures(bytes message, bytes signatures)",11532574,1
13976056,1641794921,0x457ccc20add7c5702fd33f843b258292e2994acebe6b73a7b96b717f29fd4e6f,7017,0xa29fce37827062c71c31c322658c1ba4f580a76a488bdd1e4c62fb88b2959252,0x88ad09518695c6c3712ac10a214be5109a655671,0xc02aaa39b223fe8d0a0e5c4f27ead9083c756cc2,0xca0840578f57fe71599d29375e16783424023357,500000000000000000,Wrapped Ether,WETH,18,12,1658141,134000000000,253668,970839,deprecated,0x3f7658fd,"executeSignatures(bytes message, bytes signatures)",11531981,1
13976110,1641795647,0x6cdafadd06162e0e5653b9025e7f450d31bf3cea4ebadc6285897e75c6b5014c,7018,0x43696c4435894ba91309189a70bf9805f451a0addcde9f6b94286d139105e412,0x88ad09518695c6c3712ac10a214be5109a655671,0xc02aaa39b223fe8d0a0e5c4f27ead9083c756cc2,0xca0840578f57fe71599d29375e16783424023357,480000000000000000,Wrapped Ether,WETH,18,11,1658141,205000000000,253668,1181584,deprecated,0x3f7658fd,"executeSignatures(bytes message, bytes signatures)",11531927,1
13976524,1641801251,0x93accf6ac3fd2006b498772d4cd7918dbfb2ac0f2a4539fc3749aebfc07f13c0,34,0xf798ce514a1d0bc098f6cc73d724f0d83639fc99c126a4e9d29bfd472897e8d8,0xca0840578f57fe71599d29375e16783424023357,0xc02aaa39b223fe8d0a0e5c4f27ead9083c756cc2,0x88ad09518695c6c3712ac10a214be5109a655671,335562095033282115,Wrapped Ether,WETH,18,80,436546,111349784444,247526,3576856,deprecated,0x9254c66e,"wrapAndRelayTokens(address _receiver,bytes _data,tuple _account)",11531513,1
13976615,1641802446,0x1764c21aa0e7fc27caeaed99a1e63cc0e80ccd169f1c81241bbe7672071aeb2d,7019,0xda5405f99ea45df60c39de9ad9fe742e9709c8e2b37dd25099be2f16095152ec,0x88ad09518695c6c3712ac10a214be5109a655671,0xc02aaa39b223fe8d0a0e5c4f27ead9083c756cc2,0xca0840578f57fe71599d29375e16783424023357,332040734555321875,Wrapped Ether,WETH,18,16,1658141,137000000000,273668,752700,deprecated,0x3f7658fd,"executeSignatures(bytes message, bytes signatures)",11531422,1
13976659,1641802924,0x5d5e8333a9cff8bc21eafca937ec6c02e4ec8538c991e76d0ed3f03858b7ac69,5,0xfbf694fd9e554f81c1e39362809d1534b8bce958252334148ac5d54d5c5ccc9d,0xca0840578f57fe71599d29375e16783424023357,0xc02aaa39b223fe8d0a0e5c4f27ead9083c756cc2,0x88ad09518695c6c3712ac10a214be5109a655671,1000000000000000000,Wrapped Ether,WETH,18,211,431869,89361676096,241741,11334403,deprecated,0x3ace4765,"wrapAndRelayTokens(address _receiver, bytes _data)",11531378,1
13976716,1641803629,0x22e4126de8df009b4853fe87326a157bb4f8acf572ce0c255057d5a161bf69bf,6,0x45856e18987380a477684885676799a8bf79e06bf8d99a18b167c6177f441489,0xca0840578f57fe71599d29375e16783424023357,0xc02aaa39b223fe8d0a0e5c4f27ead9083c756cc2,0x88ad09518695c6c3712ac10a214be5109a655671,116178715314097143,Wrapped Ether,WETH,18,210,431977,79091268182,241813,13667501,deprecated,0x3ace4765,"wrapAndRelayTokens(address _receiver, bytes _data)",11531321,1
13977297,1641811406,0xae54877d9dcd82b8116908e68121a305796c2f79f1a41c6a130a83034ba74281,7020,0xef67196bee09f2151197cfece764e78431f59d54a85f9637bd10a462794366ef,0x88ad09518695c6c3712ac10a214be5109a655671,0xc02aaa39b223fe8d0a0e5c4f27ead9083c756cc2,0xca0840578f57fe71599d29375e16783424023357,120000000000000000,Wrapped Ether,WETH,18,22,1658153,307000000000,253678,1605422,deprecated,0x3f7658fd,"executeSignatures(bytes message, bytes signatures)",11530740,1
13979340,1641838816,0x78fe56e135893c897ff5408855ab4618fea6b58e9f11d20249c9c1827b86b8da,338,0x6315e7b80dd06be299d49d86a8261b8f26d50e1d3e72e1f84c60ef7a488bdc95,0xca0840578f57fe71599d29375e16783424023357,0xc02aaa39b223fe8d0a0e5c4f27ead9083c756cc2,0x88ad09518695c6c3712ac10a214be5109a655671,1000000000000000000,Wrapped Ether,WETH,18,103,431869,266024453526,241741,7610400,deprecated,0x3ace4765,"wrapAndRelayTokens(address _receiver, bytes _data)",11528697,1
13979390,1641839574,0x3c645bc5d83a122c51e4ea2fa5bcd61f4b00d5924a10a12d5c3971896ce00dc9,7021,0x060f861e35a402ecb6f71695a0daeeb0aecd6ceda04c72ccb02f4906745900e0,0x88ad09518695c6c3712ac10a214be5109a655671,0xc02aaa39b223fe8d0a0e5c4f27ead9083c756cc2,0xca0840578f57fe71599d29375e16783424023357,500000000000000000,Wrapped Ether,WETH,18,31,1658153,412000000000,253678,3346063,deprecated,0x3f7658fd,"executeSignatures(bytes message, bytes signatures)",11528647,1
13979418,1641839998,0xd7c933633f68b6ef3440e4dc8dffcc1b5d96ffcf26c93f523c72dba90eb7908a,7022,0xc9f95b8f092f0a5b63d9c7e635efe5dc23f45ccaf10f824b3422d99c76d26361,0x88ad09518695c6c3712ac10a214be5109a655671,0xc02aaa39b223fe8d0a0e5c4f27ead9083c756cc2,0xca0840578f57fe71599d29375e16783424023357,300000000000000000,Wrapped Ether,WETH,18,52,1658153,412000000000,253678,4033433,deprecated,0x3f7658fd,"executeSignatures(bytes message, bytes signatures)",11528619,1
13979430,1641840301,0xa83120ddbfc905d4b6fb35b46a5fe03ec66dabd4d37986c98601a35b75a8a879,7023,0x64931a9995ce17540fe61553c9e2b1c6c4e1eb130a566ae94c7019ad939de29e,0x88ad09518695c6c3712ac10a214be5109a655671,0xc02aaa39b223fe8d0a0e5c4f27ead9083c756cc2,0xca0840578f57fe71599d29375e16783424023357,100000000000000000,Wrapped Ether,WETH,18,52,1658153,412000000000,253678,2914751,deprecated,0x3f7658fd,"executeSignatures(bytes message, bytes signatures)",11528607,1
13979974,1641847489,0x2520ca9c6595f5c28d13d9689406d3246f6cc892deb4ac6fdcb5f0562b4aee7c,7024,0xf9f71af5e314687fba4dec9f95dbee402ba0629849402ab5649f53fae493639c,0x88ad09518695c6c3712ac10a214be5109a655671,0xc02aaa39b223fe8d0a0e5c4f27ead9083c756cc2,0xca0840578f57fe71599d29375e16783424023357,80000000000000000,Wrapped Ether,WETH,18,49,1658129,280000000000,253659,2497117,deprecated,0x3f7658fd,"executeSignatures(bytes message, bytes signatures)",11528063,1
13979982,1641847546,0x7a7a3b23edf3c2b1cb8a887352782368bcf1745cdcd6b15873cfe852063d7fd7,6,0xd8a89894f493adbe396b3bd2383e369133e4b0a52962555c038781a9e9f9a068,0xca0840578f57fe71599d29375e16783424023357,0xc02aaa39b223fe8d0a0e5c4f27ead9083c756cc2,0x88ad09518695c6c3712ac10a214be5109a655671,200000000000000000,Wrapped Ether,WETH,18,123,436546,168004562667,247526,8626688,deprecated,0x9254c66e,"wrapAndRelayTokens(address _receiver,bytes _data,tuple _account)",11528055,1
13980021,1641848294,0x753499392b56e90cde6015e43a646e6b4b9148e323ee3ab0cf093b745fb862d8,9,0xf7b76019112180a0d6b52b2db4340b6f321d16e272531b7032e7595ae0e182ec,0xca0840578f57fe71599d29375e16783424023357,0xc02aaa39b223fe8d0a0e5c4f27ead9083c756cc2,0x88ad09518695c6c3712ac10a214be5109a655671,1000000000000000000,Wrapped Ether,WETH,18,90,436582,270548868253,247550,5620974,deprecated,0x9254c66e,"wrapAndRelayTokens(address _receiver,bytes _data,tuple _account)",11528016,1
13980041,1641848539,0x6882598f3020093f0968a9da289e96832e512ce0fa2f72a7389afdd89da26a0d,7025,0x2c44fb2aecf23b66758d92ddbf577fed038d2086fc956c3d1823d8a0cf67509c,0x88ad09518695c6c3712ac10a214be5109a655671,0xc02aaa39b223fe8d0a0e5c4f27ead9083c756cc2,0xca0840578f57fe71599d29375e16783424023357,100000000000000000,Wrapped Ether,WETH,18,89,1658141,288000000000,253668,4779409,deprecated,0x3f7658fd,"executeSignatures(bytes message, bytes signatures)",11527996,1
13980268,1641851605,0x3eb5a24bc600c6c4c337b801d5f5d58ed38b17b5b0a4a02c547f92a83fbf7971,7026,0xb8f1a58497b07cf9a8b8ca1bcc48fe9a3f8ae7f965cbdd2630f6c9ab3d8fd0ab,0x88ad09518695c6c3712ac10a214be5109a655671,0xc02aaa39b223fe8d0a0e5c4f27ead9083c756cc2,0xca0840578f57fe71599d29375e16783424023357,500000000000000000,Wrapped Ether,WETH,18,7,1658153,293000000000,273678,1019288,deprecated,0x3f7658fd,"executeSignatures(bytes message, bytes signatures)",11527769,1
13980350,1641852754,0x5661966244374bd240732bb2db06768e0d24875f9adf55ef5c5993de10bbd399,6,0x74a1944ff68b4335958ed09ecfa3ff7617d91a46aed57ee9486500dfea1bbe36,0xca0840578f57fe71599d29375e16783424023357,0xc02aaa39b223fe8d0a0e5c4f27ead9083c756cc2,0x88ad09518695c6c3712ac10a214be5109a655671,1000000000000000000,Wrapped Ether,WETH,18,79,436582,206293334603,247550,3668214,deprecated,0x9254c66e,"wrapAndRelayTokens(address _receiver,bytes _data,tuple _account)",11527687,1
13980464,1641854108,0x7cf9c49787308cb9c381e87342434c5dc4fa74211147e65847c7f8410615e781,7,0x8f724a2a2406861fd2862d3ab658511d45a54e95bb49e48ba1601d8b18e0e274,0xca0840578f57fe71599d29375e16783424023357,0xc02aaa39b223fe8d0a0e5c4f27ead9083c756cc2,0x88ad09518695c6c3712ac10a214be5109a655671,1000000000000000000,Wrapped Ether,WETH,18,88,431869,188596276615,241741,5767196,deprecated,0x3ace4765,"wrapAndRelayTokens(address _receiver, bytes _data)",11527573,1
13980480,1641854337,0x61f6a448a14c8d6527bcabf153f3006929940f7b4a69bb387311b5b93a47e186,362,0x4cf719033b137569e8b819dc0422cc4cc93610d6808dd0a956b0dbb0cef97887,0xca0840578f57fe71599d29375e16783424023357,0xc02aaa39b223fe8d0a0e5c4f27ead9083c756cc2,0x88ad09518695c6c3712ac10a214be5109a655671,1000000000000000000,Wrapped Ether,WETH,18,37,436564,194729562310,247538,3915469,deprecated,0x9254c66e,"wrapAndRelayTokens(address _receiver,bytes _data,tuple _account)",11527557,1
13980501,1641854609,0xf81d72a384365c04ceef6287ef5e9c6f4f5ee6bc6ef97c6bb4c5ea2d3d3255a0,8,0xb144c4849a0e8befdb160d08ce0c0f0781fd6099be8ba024145825fdbed9902a,0xca0840578f57fe71599d29375e16783424023357,0xc02aaa39b223fe8d0a0e5c4f27ead9083c756cc2,0x88ad09518695c6c3712ac10a214be5109a655671,1000000000000000000,Wrapped Ether,WETH,18,208,431833,159033236937,241717,13443213,deprecated,0x3ace4765,"wrapAndRelayTokens(address _receiver, bytes _data)",11527536,1
13980544,1641855069,0x32cdf638fa13adeb65980b31c963c95f40905bc8d304e40ada9765dcb64db77d,7027,0x900c3b179bc05440ad9e323fd454ac88e437e3aeeaf842523ce9af09e8520997,0x88ad09518695c6c3712ac10a214be5109a655671,0xc02aaa39b223fe8d0a0e5c4f27ead9083c756cc2,0xca0840578f57fe71599d29375e16783424023357,989953366605995399,Wrapped Ether,WETH,18,36,1658153,233000000000,253678,2802209,deprecated,0x3f7658fd,"executeSignatures(bytes message, bytes signatures)",11527493,1
13980626,1641856136,0xc4215cb8ab8a89753316a128c5337666dc16f3271f2d6b186b0010e9be9b5c93,363,0x045980549866c68fe297e12b1c2591f9ddaa6c6282b84815d32832883ebd6587,0xca0840578f57fe71599d29375e16783424023357,0xc02aaa39b223fe8d0a0e5c4f27ead9083c756cc2,0x88ad09518695c6c3712ac10a214be5109a655671,1000000000000000000,Wrapped Ether,WETH,18,152,431941,151959802969,241789,12061583,deprecated,0x3ace4765,"wrapAndRelayTokens(address _receiver, bytes _data)",11527411,1
13980649,1641856503,0x11aef44a1a4cbc91e99340fa11d54cdbf9f7e45c78a4f44a6239fbc2b7a19f81,364,0x38bd17f1eebafc6cfc929d0dbd7bca83961beee8a93e5fdbd97e4269b74adf3b,0xca0840578f57fe71599d29375e16783424023357,0xc02aaa39b223fe8d0a0e5c4f27ead9083c756cc2,0x88ad09518695c6c3712ac10a214be5109a655671,1000000000000000000,Wrapped Ether,WETH,18,63,431923,213292871974,241777,3680996,deprecated,0x3ace4765,"wrapAndRelayTokens(address _receiver, bytes _data)",11527388,1
13980694,1641857083,0xcc895dc202dc5904fd59c2e3c18be83db3058450e6d841ceb1f3e43898ceecd4,7028,0x5425f754c0481fb52f1224f9103e5d7eeda35fc2f6b4f0e72dd4997342e1b20d,0x88ad09518695c6c3712ac10a214be5109a655671,0xc02aaa39b223fe8d0a0e5c4f27ead9083c756cc2,0xca0840578f57fe71599d29375e16783424023357,1000000000000000000,Wrapped Ether,WETH,18,5,1658129,230000000000,273659,412070,deprecated,0x3f7658fd,"executeSignatures(bytes message, bytes signatures)",11527343,1
13980707,1641857349,0x3196921e0d700c13d1009262bfdff0fe8b365043063db914270c79c18c665e6a,7029,0x4600419bc5d29d18973c9ae811163db959d3d7b270a3a18b10c1d095a12c35f7,0x88ad09518695c6c3712ac10a214be5109a655671,0xc02aaa39b223fe8d0a0e5c4f27ead9083c756cc2,0xca0840578f57fe71599d29375e16783424023357,500000000000000000,Wrapped Ether,WETH,18,124,1658141,210000000000,253668,7009148,deprecated,0x3f7658fd,"executeSignatures(bytes message, bytes signatures)",11527330,1
13980734,1641857631,0x3bfaea354b516337c025ef20a01ca63a107c612d5877962744489971356c0126,7030,0x3db1f43f92756ce06831defe539f4afbc37d8aad8e672b0561965a760b307eeb,0x88ad09518695c6c3712ac10a214be5109a655671,0xc02aaa39b223fe8d0a0e5c4f27ead9083c756cc2,0xca0840578f57fe71599d29375e16783424023357,300000000000000000,Wrapped Ether,WETH,18,29,1658153,210000000000,253678,1999766,deprecated,0x3f7658fd,"executeSignatures(bytes message, bytes signatures)",11527303,1
13980758,1641857927,0x739466ff2d6e94a22bc04239e0f5651026b992af74c2011bf7a5ced65bb20d6f,7031,0x401c61f5de758ee224f07e0957e054e2eb4b99b28642aa0c517e6385042b009f,0x88ad09518695c6c3712ac10a214be5109a655671,0xc02aaa39b223fe8d0a0e5c4f27ead9083c756cc2,0xca0840578f57fe71599d29375e16783424023357,100000000000000000,Wrapped Ether,WETH,18,53,1658117,212000000000,253649,2825141,deprecated,0x3f7658fd,"executeSignatures(bytes message, bytes signatures)",11527279,1
13980764,1641858006,0x416bf873785966c700b74f2f4359b865d99ad177339eff767223f86be5077506,1190,0x39ced3a03288ab282db6b0cb06c6da9370c2945852ccb2fd59e05619073f24fd,0xca0840578f57fe71599d29375e16783424023357,0xc02aaa39b223fe8d0a0e5c4f27ead9083c756cc2,0x88ad09518695c6c3712ac10a214be5109a655671,1000000000000000000,Wrapped Ether,WETH,18,128,431941,162024670267,241789,8721732,deprecated,0x3ace4765,"wrapAndRelayTokens(address _receiver, bytes _data)",11527273,1
13980821,1641858752,0x43620d254a8894713c667b0d937a1155cb5bb1bd806a92321576c938d44db08f,7032,0xe71e4c7f52a966ae7045635ef85d6c911089a36ef29c44f64fc76207fb4da280,0x88ad09518695c6c3712ac10a214be5109a655671,0xc02aaa39b223fe8d0a0e5c4f27ead9083c756cc2,0xca0840578f57fe71599d29375e16783424023357,962243779345863545,Wrapped Ether,WETH,18,13,1658177,255000000000,253697,1880311,deprecated,0x3f7658fd,"executeSignatures(bytes message, bytes signatures)",11527216,1
13981715,1641870694,0x8dee5915e676442b06cce6165dcfcc4ad17c965b43d3a023cdb9da7b9b8ca585,7033,0x03d7dce250578acef332977088f634bcdee403ac5337c3f4e0d24277ffc2d84a,0x88ad09518695c6c3712ac10a214be5109a655671,0xc02aaa39b223fe8d0a0e5c4f27ead9083c756cc2,0xca0840578f57fe71599d29375e16783424023357,1000000000000000000,Wrapped Ether,WETH,18,9,1658141,234000000000,267348,1941114,deprecated,0x3f7658fd,"executeSignatures(bytes message, bytes signatures)",11526322,1
13983894,1641899928,0xf816b2bbb3e265dbd2cc3acd210e80ad756e4c62c6028e73f222c9453d6fe2b6,335,0x306630466265a6e5e08f00375489d4f9e33b926c42e95aff142089aa7ea65287,0xca0840578f57fe71599d29375e16783424023357,0xc02aaa39b223fe8d0a0e5c4f27ead9083c756cc2,0x88ad09518695c6c3712ac10a214be5109a655671,1000000000000000000,Wrapped Ether,WETH,18,130,458413,97247232498,241789,11584272,deprecated,0x3ace4765,"wrapAndRelayTokens(address _receiver, bytes _data)",11524143,1
13984080,1641902426,0xbf7dd8575b1006cdf65bf1fecdda9b01b6086724659db13379c302b983c5249c,300,0x0d3cb1847a85a22c41a4894d4cb88fa29325e53cef000c6c7062fcdc83bf93fc,0xca0840578f57fe71599d29375e16783424023357,0xc02aaa39b223fe8d0a0e5c4f27ead9083c756cc2,0x88ad09518695c6c3712ac10a214be5109a655671,550000000000000000,Wrapped Ether,WETH,18,259,431941,138469280451,241789,12024064,deprecated,0x3ace4765,"wrapAndRelayTokens(address _receiver, bytes _data)",11523957,1
13984315,1641905378,0xaf3513921ac180964975a2dd71f092734ea6c0b325f59b06cb0c6728e8141b28,7034,0x59585d8fcaff7fbf63f846d60c6f0b682a6605fecf65cfcde4a6666cd985b4fa,0x88ad09518695c6c3712ac10a214be5109a655671,0xc02aaa39b223fe8d0a0e5c4f27ead9083c756cc2,0xca0840578f57fe71599d29375e16783424023357,500000000000000000,Wrapped Ether,WETH,18,29,1658141,142000000000,253668,1897629,deprecated,0x3f7658fd,"executeSignatures(bytes message, bytes signatures)",11523722,1
