blockNumber,blockHash,timeStamp,hash,nonce,transactionIndex,from,to,value,gas,gasPrice,input,methodId,functionName,contractAddress,cumulativeGasUsed,txreceipt_status,gasUsed,confirmations,isError
10933499,0x3e570a07b5f256beb44e180d73481edcce79073e0f7ee9d4437cc198051b7547,1601059739,0x02bcb11691a2ce8f1e8ca4f3f943bdea2308a89308ca42bc67dea4bcb5de1413,99603,16,0x689c56aef474df92d44a1b70850f808488f9769c,0xeb31973e0febf3e3d7058234a5ebbae1ab4b8c23,1994209500611708666838,100000,500000000000,0x,0x,,,379850,1,21000,14463148,0
10933501,0x9663a8534f4248c7db1a197179fd4814aafea9b50600ad3c235d5dd4e37b4e66,1601059758,0x4b738df5d7f12e3fa1cbe83b8165c542da461ef0c9255fc1a3f275259a92623b,2342994,4,0x2b5634c42055806a59e9107ed44d43c426e58258,0xeb31973e0febf3e3d7058234a5ebbae1ab4b8c23,8709033245265668362041,100000,500000000000,0x,0x,,,203985,1,21000,14463146,0
10933917,0x96c0107c488adc7450eb45ccea326ca4b9ed1a91acd1f150bec445a62df3964a,1601065267,0xe3ed91d38c71134f83d9746765581e22a83ae08fba503f37f8afea6082e74679,99728,0,0x689c56aef474df92d44a1b70850f808488f9769c,0xeb31973e0febf3e3d7058234a5ebbae1ab4b8c23,595967511051357241854,100000,500000000000,0x,0x,,,21000,1,21000,14462730,0
10934105,0x10c722a384968f1a16d902f70df940e05a37ae286c42a6a1f37f089db5a09b67,1601067743,0x6a99fc55957c4baf686f5000109b54f75c0cab46929f15ebcd7ed23ad894a756,2343124,0,0x2b5634c42055806a59e9107ed44d43c426e58258,0xeb31973e0febf3e3d7058234a5ebbae1ab4b8c23,186597858183831402188,100000,500000000000,0x,0x,,,21000,1,21000,14462542,0
10934818,0x0c163fa9f514ec1b4150ea4dbdff514a53956280454985ad8186d6241765799f,1601077652,0xed4fbf571edbd1e51066148b29220e14163c69e20be72a1b26cd8bd51685b784,0,2,0xeb31973e0febf3e3d7058234a5ebbae1ab4b8c23,0xdac17f958d2ee523a2206206994597c13d831ec7,0,100000,100000000000,0xa9059cbb000000000000000000000000c6f928cf9431b82c8c9a10fe954df44e66cbed1c00000000000000000000000000000000000000000000000000000000000f4240,0xa9059cbb,"transfer(address _to, uint256 _value)",,111369,1,56197,14461829,0
10934868,0x857f71950c54b2c4d8645c3dda817d4cd9f05fbaf697e7728113360f2e9a5489,1601078177,0xc6eb6440d4f2c8b649ee7e647e90ea3a354e0bb300540c95d2464553f6b6cff8,1,8,0xeb31973e0febf3e3d7058234a5ebbae1ab4b8c23,0xdac17f958d2ee523a2206206994597c13d831ec7,0,100000,100000000000,0xa9059cbb000000000000000000000000c6f928cf9431b82c8c9a10fe954df44e66cbed1c0000000000000000000000000000000000000000000000000000000ba43b7400,0xa9059cbb,"transfer(address _to, uint256 _value)",,744152,1,41209,14461779,0
10934901,0x18b0c3bafbb9e3796d39537b22b6416950ee5dad7173496371dbf66a84dece3a,1601078689,0xd24ba0e4f9ee4cc3379c975e76405832872874aa7c197e3693abece862aa13d3,2,60,0xeb31973e0febf3e3d7058234a5ebbae1ab4b8c23,0xc6f928cf9431b82c8c9a10fe954df44e66cbed1c,5000000000000000000,22000,60000000000,0x,0x,,,6133948,1,21000,14461746,0
10935325,0x7ba472a8c662035f5af454730254854bd44fbb8b371d900f6fa12d97c9b12493,1601084126,0xe3ffe54353933335e37ca60a35d93d69f7e5a729a5d84bbf555fe6d2dd478d82,4,141,0xc1aa040c94e9c6e2ba76c6c70d6efa5542550f5e,0xeb31973e0febf3e3d7058234a5ebbae1ab4b8c23,10000000000000000,21000,65000000000,0x,0x,,,10068846,1,21000,14461322,0
10935570,0x667f89859f7f9de9296b823e145b93f2774f20b81c24a3be5b373bf22357eb75,1601087200,0x8674eaf318f1a884b9021b9ed6aaf744f24d21b1b1a40fdbfd989df3b06ae452,61,168,0xafb7cae8038ccc7c88b53ebe976bd62ccdb5332b,0xeb31973e0febf3e3d7058234a5ebbae1ab4b8c23,1000000000000000,21000,61000001459,0x,0x,,,11580801,1,21000,14461077,0
10935571,0x8e6fb0cf592db2f57a7b0b93dfe5fa76b65aadd59fbdece37a34a4449d45bd69,1601087243,0x3c75b4c34fb1886e896daf9ea8be974a8d25199e9ae51698073137fd7426f044,95,197,0x839b18d2256cefdfe6ca917a4f9f982e569730a6,0xeb31973e0febf3e3d7058234a5ebbae1ab4b8c23,1000000000000000,21000,60000000000,0x,0x,,,8465615,1,21000,14461076,0
10935585,0xadb24668ccf3d7a2b190b4211efab6e6ca0bea62cf2028da522929249aa5a059,1601087397,0x9f5a042dbe36327d2aeef1c87eac753b56a9ee0d6bf7bb0cb443e834f5cbda9c,444,94,0xbb573d6584f8171de46fc0620a95335b149e2951,0xeb31973e0febf3e3d7058234a5ebbae1ab4b8c23,10000000000000000,21912,61000001459,0xe58886e68891e4b880e782b9e5958aefbc8ce68891e59ca86b75636f696ee4ba8fe4ba86e5a5bde5a49ae992b1efbc8ce88081e593a5e38082,0xe58886e6,,,6314678,1,21912,14461062,0
10935605,0x2fc4a77ebf4f27399e15f39bdad0187377c9089c821493305787c356530344fc,1601087627,0xe108b6934255873ade8c1f6059040ea042b9a0a91855ed4178efe2735eafb7ec,62,145,0xafb7cae8038ccc7c88b53ebe976bd62ccdb5332b,0xeb31973e0febf3e3d7058234a5ebbae1ab4b8c23,10000000000000000,21000,51000001459,0x,0x,,,12229761,1,21000,14461042,0
10935631,0xff3000ab11b01eb06bdac64177e820fab7ff86993a96f92695829534824b78f4,1601087995,0x72d2fa86cb4fe1ab431a0ec18ad384ba1d202fe3da9e634b5ce48b22bd3014d0,665,191,0xee96caa78bd77ac82562a2f65479440988b95dca,0xeb31973e0febf3e3d7058234a5ebbae1ab4b8c23,10000000000000000,21000,60000000000,0x,0x,,,6824221,1,21000,14461016,0
10935646,0xac0d5e5beaf9540343a07d5e394f9830e27cdb3c729551f55431788aff96573e,1601088124,0x0895c042ef90edb6682182a4c1a6c17cb0d787cc04b6933cce4ba6a285e569cd,213,64,0x28b044a342b8f882f9f3c7d771bbf589ece2bc55,0xeb31973e0febf3e3d7058234a5ebbae1ab4b8c23,50000000000000000,21000,51000000000,0x,0x,,,12401130,1,21000,14461001,0
10935693,0x96d021171f75433cd0a5e42f8dfacd482dd60cdbdce608ea915106b09762956b,1601088933,0x72e29254b7764ba204cf2c1a12a94d93f1abee98b122643ed000e5b280c66b0b,136,133,0x88396cfaf6f0b1e80ae41c39bd9b35c63ed2c492,0xeb31973e0febf3e3d7058234a5ebbae1ab4b8c23,1000000000000000,21000,60000000000,0x,0x,,,11370414,1,21000,14460954,0
10935694,0x2824e4c610509255eddea6b16bb0798056703feeca31948872169aa8b1cb4f58,1601088940,0x872951aa01dc25061b5644aeb2f0509991b9e22c712eaafa88312af472bdb18a,78,83,0x917c2b17fec0a2aa7a37f75e44eb100f2caca5e2,0xeb31973e0febf3e3d7058234a5ebbae1ab4b8c23,1000000000000000,21000,60000000000,0x,0x,,,6076237,1,21000,14460953,0
10935709,0x7efe939ff376700a2c7400941a8ab72f1acc3abf83878825c5a6f6a6350b3468,1601089110,0x3971bdeb5496bd70ab0ec8b83605c331dd833044bc99a0462ffcba30c7a90a38,23,136,0xc8c3522fb5161f402036f48bd9bd3505efc5ca8f,0xeb31973e0febf3e3d7058234a5ebbae1ab4b8c23,10000000000000000,21000,60000000000,0x,0x,,,10410370,1,21000,14460938,0
10935763,0x80f64e56033fb0b8315ceeb37854824893a4bd32716639f7c2ef4f97029649d9,1601089830,0xfe8c08068739dce72b11c4b34278a24306c109f6744e9551a31a045907156909,0,88,0x493696cdbda8ab5b42e26a3edfe9ca9ae6718348,0xeb31973e0febf3e3d7058234a5ebbae1ab4b8c23,1500000000000000,21000,55000000000,0x,0x,,,9163533,1,21000,14460884,0
10936002,0x0e9fc6c3755b56062f7b893bdd8841b2decb8c75356676975ca005480e62e9bd,1601092960,0xa9b21bffda703b98238a69a2b34a298c8e1ccfa1679eb0ec6cc72f383c69f8d5,608,111,0xc428a5eec605fda02af8083ad1928b669b81957c,0xeb31973e0febf3e3d7058234a5ebbae1ab4b8c23,1000000000000000,21000,59000000000,0x,0x,,,5287833,1,21000,14460645,0
10936651,0x727e7591b29d62950708a874d30f30c2fc397110009a7bdadf970e470b4c60af,1601101954,0xb50833dcb184ad17184a89ade74a8198d9e5af753cbfc1a41547b8480b1eb3cc,55,183,0x837fa2f8baffc4bc90aa00e91aefda8739d26c22,0xeb31973e0febf3e3d7058234a5ebbae1ab4b8c23,100000000000000,21000,50000001123,0x,0x,,,12382177,1,21000,14459996,0
10936766,0xb4a5ae428360dce7d81250a651864718284c5c34c3cd09f7738d5ba6f2849cd1,1601103702,0x76f728e8bd7073f1117bf3a1bbcd1e3583d497f2c5bd0ae3735cc0b7afa07fe8,14,72,0x31148e9423e6abdcdcf4cd6b13cbebdeca29a9fe,0xeb31973e0febf3e3d7058234a5ebbae1ab4b8c23,0,22152,68000000000,0x4920616d20696e206e656564206f662066756e647320746f206261736963206e6565647320736f20706c656173652067697665206d65206120736f6d65206f6620746f6b656e732e,0x4920616d,,,4866964,1,22152,14459881,0
10936805,0x5dab06946128ca8824f7604803b6600097cc56a155c06328247019c9357387a4,1601104184,0x2dfea8dfdf0c774f041b6b6aecf7d3fdc1097575854c8ae5edd8f7d4670343c1,161,183,0x9328e61c641d946a6c971deb22ecc4c79aee19c7,0xeb31973e0febf3e3d7058234a5ebbae1ab4b8c23,1000000000000000,21000,68000000000,0x,0x,,,12263234,1,21000,14459842,0
10936867,0x3480114645e95f4f91c5268f3edcd94680e7d9439b3fc940f37ebb500b25d14c,1601104947,0x099dea9d3c887210b85bf8e85532231c851b06bc52ad601747f04108296c8f65,6,94,0x0e7f4d07acfced542f961f6d4c285bfe841b7c0a,0xeb31973e0febf3e3d7058234a5ebbae1ab4b8c23,100000000000000,21000,64000001561,0x,0x,,,5774698,1,21000,14459780,0
10937186,0xa6fd81d96ddcb1d7a9330e06d30c935c597997e5f9215eb1710b110ab57d8532,1601109106,0x042b00031e3c23abee04126abb95efebb39d1c4194f81de46d6acd5737bf1d16,56,167,0x837fa2f8baffc4bc90aa00e91aefda8739d26c22,0xeb31973e0febf3e3d7058234a5ebbae1ab4b8c23,100000000000000,21000,51000001123,0x,0x,,,12226318,1,21000,14459461,0
10937697,0x822a6bd0aab3e15f6bf6b628e74c54e1c4ac5786824483a69374aa6392d6235d,1601116077,0x90c45d902df09915fd9ca15e3b8252a7d9ce6191edac3d07cd968224852e4591,1,147,0x36a75838a17af9d04676fb0a6a3085ff46185879,0xeb31973e0febf3e3d7058234a5ebbae1ab4b8c23,0,21000,56000000000,0x,0x,,,11284670,1,21000,14458950,0
10937759,0x26c0c645d6738899b813308681337ad1151b9df6c707eefbf8d9153305c409a4,1601116895,0x1d6d8be19fb2959b6368f77fc84bcdafa46470a8f8abd68a36d26a5f59acfc56,62,142,0xb636b6162b446d1eb564aa05464560c45c911bd0,0xeb31973e0febf3e3d7058234a5ebbae1ab4b8c23,0,21000,64201000000,0x,0x,,,6783399,1,21000,14458888,0
10937915,0xe96726e2f1e5705f8e5e516c5a922b2cd5f90af7ce9c264206ecf147b4ddd0dd,1601118887,0xb55ac60597fb38ced91c7c73234673c84a98d530f6a7db6b1846a07bf983d51c,54,10,0xc825145e5fd6874012c4f9e9f64e61a15542e57d,0xeb31973e0febf3e3d7058234a5ebbae1ab4b8c23,100000000000,21000,63000000000,0x,0x,,,597111,1,21000,14458732,0
10938014,0x854dd053a2cc44d446bd7b327d9bfc4fe03a43ad7e311919f73d02b158458dac,1601120152,0x60b708cb46cba6da583ade868f7044300720074ad61b44f8a23e94c7c7d0e1e7,55,190,0xc825145e5fd6874012c4f9e9f64e61a15542e57d,0xeb31973e0febf3e3d7058234a5ebbae1ab4b8c23,150627,21000,54000000000,0x,0x,,,12226533,1,21000,14458633,0
10938460,0x27b3726544c3ab34df47990b361524b50e580292dd8bac8eff574e254b2070f7,1601126315,0x9f8aab73768737882476cf75c665320cb0b73274196fc1d337d91ef28a282846,3,25,0xeb31973e0febf3e3d7058234a5ebbae1ab4b8c23,0xdac17f958d2ee523a2206206994597c13d831ec7,0,100000,100000000000,0xa9059cbb000000000000000000000000c6f928cf9431b82c8c9a10fe954df44e66cbed1c000000000000000000000000000000000000000000000000000000746a528800,0xa9059cbb,"transfer(address _to, uint256 _value)",,1175762,0,24121,14458187,1
10938865,0xede4ee796d2a2179616dd1181ea0a2a0aba8370afbd2bdf415fcf9d4f4dcc7af,1601131842,0x3a465cd2337e313198fd4615dd1ee9623300ed1007547311283c9371f44e75b5,616,0,0x70199e772dcfe8a2fda8f82fa94f47eac5a76afb,0xeb31973e0febf3e3d7058234a5ebbae1ab4b8c23,13370000000000000,21000,420000000000,0x,0x,,,21000,1,21000,14457782,0
10942532,0xaebc10907453c1ed4f8e60d9973695a024f9db12dffcd4156645a230b0cac80f,1601181656,0xda686ebf913621f272cc2495a983be902261deaf51419c34a4f6e6504f5d0e08,4,166,0xeb31973e0febf3e3d7058234a5ebbae1ab4b8c23,0xdac17f958d2ee523a2206206994597c13d831ec7,0,100000,100000000000,0xa9059cbb0000000000000000000000009dc2f9c2d944578420cdc8237cf3264d403355f700000000000000000000000000000000000000000000000000000002540be400,0xa9059cbb,"transfer(address _to, uint256 _value)",,11587539,0,24121,14454115,1
10942591,0x5f3e0f89d190390494627ec911f67c9ad708d8f954d626c0863d143e5b9a3291,1601182223,0xe100e6e8b7da66f5ce4f166856805a58631d568ecbc7fdd933553affab334162,5,103,0xeb31973e0febf3e3d7058234a5ebbae1ab4b8c23,0xd46ba6d942050d489dbd938a2c909a5d5039a161,0,100000,100000000000,0xa9059cbb0000000000000000000000009dc2f9c2d944578420cdc8237cf3264d403355f7000000000000000000000000000000000000000000000000000009184e72a000,0xa9059cbb,"transfer(address _to, uint256 _value)",,6693987,0,25110,14454056,1
10942621,0xc9cc3e3704c88e8648d6ac2c58f55a36cafba7d758196b2ed45c069f39414a2c,1601182629,0x5e2986db18d8319e0d5b9cb784d8821956ff695e777041c0b19e7105fb026627,6,31,0xeb31973e0febf3e3d7058234a5ebbae1ab4b8c23,0xbd6467a31899590474ce1e84f70594c53d628e46,0,100000,100000000000,0xa9059cbb0000000000000000000000009dc2f9c2d944578420cdc8237cf3264d403355f700000000000000000000000000000000000000000000021e19e0c9bab2400000,0xa9059cbb,"transfer(address _to, uint256 _value)",,2506286,1,52157,14454026,0
10942689,0x3ce9fece90eb8fbf41948e0706b7b4219ce481c503165686754c6cbaa2ad4c92,1601183547,0x8b287ca8a197d75073aa2ea4e5a6c2dfe4e8218a39f77b199b70161eeca0311f,7,93,0xeb31973e0febf3e3d7058234a5ebbae1ab4b8c23,0x8fb00fdebb4e83f2c58b3bcd6732ac1b6a7b7221,0,100000,100000000000,0xa9059cbb000000000000000000000000c6f928cf9431b82c8c9a10fe954df44e66cbed1c000000000000000000000000000000000000000000000000000000e8d4a51000,0xa9059cbb,"transfer(address _to, uint256 _value)",,6646002,1,51101,14453958,0
10943039,0x32ac17e481b8727cdab5bcb1b5e14197dddf7267a055e7108971f406875f4ab9,1601188512,0x78806a7f622964d9d9df301c715fb23417d17c728523c6c663221412889d07a2,8,79,0xeb31973e0febf3e3d7058234a5ebbae1ab4b8c23,0x7afebbb46fdb47ed17b22ed075cde2447694fb9e,0,100000,100000000000,0xa9059cbb0000000000000000000000009dc2f9c2d944578420cdc8237cf3264d403355f700000000000000000000000000000000000000000000021e19e0c9bab2400000,0xa9059cbb,"transfer(address _to, uint256 _value)",,6174656,0,100000,14453608,1
10943087,0x48bcdfaa1bd2dec84784a254d7226e562088e51ad6a3a7b731ad574b1429bd20,1601189232,0xed8a43f944786215b1a906daea9e06de9f9f57f142898dd7c294d988d02d3936,9,195,0xeb31973e0febf3e3d7058234a5ebbae1ab4b8c23,0x7afebbb46fdb47ed17b22ed075cde2447694fb9e,0,100000,100000000000,0xa9059cbb0000000000000000000000009dc2f9c2d944578420cdc8237cf3264d403355f700000000000000000000000000000000000000000000021e19e0c9bab2400000,0xa9059cbb,"transfer(address _to, uint256 _value)",,11025889,0,100000,14453560,1
10943087,0x48bcdfaa1bd2dec84784a254d7226e562088e51ad6a3a7b731ad574b1429bd20,1601189232,0x49b0d0a2ddc659c60ddaa364a4aba46ceae60bb696f12a730633a8d0ba4f5def,10,196,0xeb31973e0febf3e3d7058234a5ebbae1ab4b8c23,0x1c3f856719a91735ccb78506bd504b17907ac814,8000000000000000000,22000,160000000000,0x,0x,,,11046889,1,21000,14453560,0
10943123,0xd71ae4e341804c896d7c055706c31dd84ae1624d214a6a1667c3edb979645584,1601189695,0xfd68f5c4ea61b0fb9e6e43c7d0900591cb3e3313b8ac13e59def1deaf29f9c37,11,34,0xeb31973e0febf3e3d7058234a5ebbae1ab4b8c23,0x7afebbb46fdb47ed17b22ed075cde2447694fb9e,0,200000,160000000000,0xa9059cbb0000000000000000000000009dc2f9c2d944578420cdc8237cf3264d403355f700000000000000000000000000000000000000000000021e19e0c9bab2400000,0xa9059cbb,"transfer(address _to, uint256 _value)",,2651917,1,103010,14453524,0
10943168,0xb78328f327bd7b66c80aa870b628cb18826f6e2726b1c875bb3921c96250d100,1601190398,0xc5aa8d0ce6c7ff426de2b5c8a3c300b0a846b90292ea229bb529b1330d6c8273,12,67,0xeb31973e0febf3e3d7058234a5ebbae1ab4b8c23,0x7afebbb46fdb47ed17b22ed075cde2447694fb9e,0,200000,160000000000,0xa9059cbb0000000000000000000000001c3f856719a91735ccb78506bd504b17907ac81400000000000000000000000000000000000000000000021e19e0c9bab2400000,0xa9059cbb,"transfer(address _to, uint256 _value)",,4219102,1,103010,14453479,0
10943215,0x0be8d1aaf7656ae10804692dff02f7020e0baaed893cc77bdb51f8eda4c6aa93,1601191070,0xf091c5ec966403544af3b27a36a93afa43ba7bf951d6202721a11bf10c08fabe,13,44,0xeb31973e0febf3e3d7058234a5ebbae1ab4b8c23,0x7afebbb46fdb47ed17b22ed075cde2447694fb9e,0,200000,160000000000,0xa9059cbb0000000000000000000000001c3f856719a91735ccb78506bd504b17907ac81400000000000000000000000000000000000000000001a784379d99db40000000,0xa9059cbb,"transfer(address _to, uint256 _value)",,2377346,1,54398,14453432,0
10944744,0x53ebb476ea1c709127349de2804ac2aa0c789e76ac12b7116422e9be1414f9ae,1601211145,0x6af6b08ada0f3fc5334bb67ec347e7a020c95859ad9970dde1da22818b88693a,14,7,0xeb31973e0febf3e3d7058234a5ebbae1ab4b8c23,0xc011a73ee8576fb46f5e1c5751ca3b9fe0af2a6f,0,200000,160000000000,0xa9059cbb0000000000000000000000001c3f856719a91735ccb78506bd504b17907ac81400000000000000000000000000000000000000000000021e19e0c9bab2400000,0xa9059cbb,"transfer(address _to, uint256 _value)",,324035,1,92014,14451903,0
10944795,0xc5321758c09871ee1eefe4a102c06e8f18f146d922476977338647f6ebabc4be,1601211937,0xb07ece7d9c9dddf8f5955d19f005c2ed83af9f23d990df8641a36a2e57c798be,15,26,0xeb31973e0febf3e3d7058234a5ebbae1ab4b8c23,0xc011a73ee8576fb46f5e1c5751ca3b9fe0af2a6f,0,200000,160000000000,0xa9059cbb0000000000000000000000001c3f856719a91735ccb78506bd504b17907ac81400000000000000000000000000000000000000000000152d02c7e14af6000000,0xa9059cbb,"transfer(address _to, uint256 _value)",,692128,1,92002,14451852,0
10944831,0x52d7db69a89e2d9fb9d61ad2ef74ba39ecb46d0d58a770c451432f70f350c7af,1601212327,0x49b64c56a490b6d771d21d770f051ae7c831f513018b189e0243f0619d38cb6e,21,158,0x5ef6ab5300e1a44250944ac7a127e6c976f6ce87,0xeb31973e0febf3e3d7058234a5ebbae1ab4b8c23,3000000000000000,21000,56000000000,0x,0x,,,12396119,1,21000,14451816,0
10944956,0xb392b933ad216da186df1cf7a9c7d358c7d2492d7d26cbc4c02fdb70bcf888f4,1601214315,0xb2fdd14961be6d71a96c6c830f47b2e9c125d60f61a00817f53a95563b509921,16,3,0xeb31973e0febf3e3d7058234a5ebbae1ab4b8c23,0xc011a73ee8576fb46f5e1c5751ca3b9fe0af2a6f,0,200000,160000000000,0xa9059cbb0000000000000000000000001c3f856719a91735ccb78506bd504b17907ac814000000000000000000000000000000000000000000002a5a058fc295ec000000,0xa9059cbb,"transfer(address _to, uint256 _value)",,221932,1,77002,14451691,0
10946020,0xff05f943a6a7e5b9e7e74b2264d5a6db19a4badb330354d2693fbe7706d35975,1601228820,0x14b4f45ac39f9d5949cfee18f80f08d3ea69ada4f6a8786cc11b3bc478efd840,51,126,0x84db1f3d22784319fc0ceac8dbba603f1053630f,0xeb31973e0febf3e3d7058234a5ebbae1ab4b8c23,6900000000000000,32604,65000000000,0x63616e2069206861766520316b2065746820747279696e6720666f72203377617920776974682077696665207479,0x63616e20,,,11930354,1,21736,14450627,0
10946035,0xbb8383682db0a4a8dadff4932abc5550b0bdb9df17bcbfd14c4db2701dd840dc,1601228924,0x6d12188d6a4c48b81bbfe161c0507349844e59cd318d9ff693df6990bfd995f2,1,143,0x8cc6442060adfcc1a482ed242125ff1459e14f68,0xeb31973e0febf3e3d7058234a5ebbae1ab4b8c23,0,21000,63000000000,0x,0x,,,8244048,1,21000,14450612,0
10946043,0xac062c30efac86930f3000dae26783622be47f275a1032825376e0a9c994b86c,1601229014,0x049199168db83739822f109b188c7650158134b3c111a408524e83157e041172,82,214,0x4a87fd8bad897bc087ca75bbb77c02e2c1f49a9f,0xeb31973e0febf3e3d7058234a5ebbae1ab4b8c23,90000000000000,21000,61000000000,0x,0x,,,11330461,1,21000,14450604,0
10946286,0x9f8623c10c9600d44ff69d54a98b99a19f719e9eac7fb6498aaa68c8af1dc104,1601232399,0x9bece8b122c99a2b43e58ce130e3e3d71a2efc7a83612605caea289cf3440af0,0,108,0x3abd15b0bd9131483c649d0d757924365239ebb0,0xeb31973e0febf3e3d7058234a5ebbae1ab4b8c23,0,31524,64000000000,0x3078312e537061727461637573207365747570206163636f756e74207769746820746f726e61646f2063617368322e53706172746163757320726571756573747320666f756e6473332e2050726f6669744920616d2053706172746163757321,0x3078312e,,,10310813,1,22536,14450361,0
10946484,0x33fcc76e03a98459e72ac9a34a74f070d03153d936d458a38e20a1a927c0d0fd,1601234881,0x9fa08701c55b063383fad271a4924f74fb2965c5c12ae36ce13cc7ca2c4813e4,0,102,0x7404eb9e048c57cec229e4ff533f2fd83bed5347,0xeb31973e0febf3e3d7058234a5ebbae1ab4b8c23,0,30161,50000000000,0x43616e69686176653530306574683f696d6669726564616e64736f706f6f722e2e2e,0x43616e69,,,11300250,1,21544,14450163,0
10946578,0x11f713cd89f1eb254c2d5b2d876e57f5726d1397d148d0b4d194e43804a89601,1601236055,0xd0201661f67334e1c74027aaee65ba906a818b05365f7ca39dbff243a3d1553b,0,143,0xfb49f1728bc3ab6e1676818d02e3225961aca800,0xeb31973e0febf3e3d7058234a5ebbae1ab4b8c23,6000000000000000,21000,54000000000,0x,0x,,,7225278,1,21000,14450069,0
10946605,0x3deb2f5cc74eccf8ce88bd088b8b1646ae1b14bb346fdb0cd843d2ece8fe25cc,1601236370,0x5698232807025bf3f18f973e3562e952598a05ec8e4ef33af88b21876116132c,14,108,0x5a09bb1d3c028320a207d7d38e51d22c39e6254c,0xeb31973e0febf3e3d7058234a5ebbae1ab4b8c23,100000000000000,22248,52000000000,0x68656c6c6f2120636f756c64204920706c656173652068617665206120666577204554483f20497420776f756c64206d65616e2061206c6f6f6f6f7420666f72206d6521205468616e6b73203c33,0x68656c6c,,,6610916,1,22248,14450042,0
10947586,0x1fdc476c5403c94b44882565273e7979bb332c900588efd72e0445cc48712286,1601249899,0xbcfededf1feb402e9531d4d60b48005adaaf76f6eb63413de3be2736fc302912,1,96,0xe808e96925b0b5f6589f379b49cff2b18b5cbc4f,0xeb31973e0febf3e3d7058234a5ebbae1ab4b8c23,26000000000000,21000,44000000000,0x,0x,,,11431059,1,21000,14449061,0
10949399,0x04db3808a96e8cd3a31e5394f483b93dccfa00f09e492e06575b6fc67e411fab,1601274548,0x21c69780f9fe3eed5a7785ee070647cf319de9b01ee65def4e4431b32cb9f138,17,3,0xeb31973e0febf3e3d7058234a5ebbae1ab4b8c23,0xc011a73ee8576fb46f5e1c5751ca3b9fe0af2a6f,0,200000,160000000000,0xa9059cbb0000000000000000000000001c3f856719a91735ccb78506bd504b17907ac8140000000000000000000000000000000000000000000038d5bf0d65d49a000000,0xa9059cbb,"transfer(address _to, uint256 _value)",,395213,1,92002,14447248,0
10949433,0xc9a661686193414d8741de7b51803be966211eba7d66aac99d7e702f2ef80ceb,1601275024,0xf32ccb233d6f52a9b39bf74834089588884df3f1883057bb39465b1b5b82d255,18,20,0xeb31973e0febf3e3d7058234a5ebbae1ab4b8c23,0xc00e94cb662c3520282e6f5717214004a7f26888,0,200000,160000000000,0xa9059cbb000000000000000000000000261985b27a12272ad96b21885fe89a1538cbe91c0000000000000000000000000000000000000000000000008ac7230489e80000,0xa9059cbb,"transfer(address _to, uint256 _value)",,1364037,1,55722,14447214,0
10949510,0x0d08d44e20770f933b90fa6f5654a93327ee44e6d913f90d1002b958a19924e2,1601276062,0xd3c1a1ef1cf395a3fcedfad39a2e8cb8463dfd6cccdb76c2b2880fe311b5c24c,19,20,0xeb31973e0febf3e3d7058234a5ebbae1ab4b8c23,0xc00e94cb662c3520282e6f5717214004a7f26888,0,200000,160000000000,0xa9059cbb000000000000000000000000c194560a8210749b65ca5457baa5e831cb97bdda00000000000000000000000000000000000000000000003635c9adc5dea00000,0xa9059cbb,"transfer(address _to, uint256 _value)",,554704,1,55734,14447137,0
10949515,0x23ed4d48dec0275f6146e60d1a7714f6f0a69779a13efb56c3003887d8211364,1601276128,0x0ca8c77f48a154e907c294aab6eb0d466a6490ba7c46f3da80ce3a253bcf91a2,24,27,0xcfef9cd9cd0d4a4e832e7c907046fc78376be311,0xeb31973e0febf3e3d7058234a5ebbae1ab4b8c23,5267000000000000,21000,58000000000,0x,0x,,,7462834,1,21000,14447132,0
10949590,0x75c9bfdbefda8990451667227157b7001b88f4487dd9b4dc59a3af9407b03b3d,1601277064,0xfbd01ab2ad75281e770a567af51d850de6fd8802cdb6b13a979cc30457737621,20,2,0xeb31973e0febf3e3d7058234a5ebbae1ab4b8c23,0xc00e94cb662c3520282e6f5717214004a7f26888,0,200000,160000000000,0xa9059cbb000000000000000000000000c194560a8210749b65ca5457baa5e831cb97bdda00000000000000000000000000000000000000000000006c6b935b8bbd400000,0xa9059cbb,"transfer(address _to, uint256 _value)",,222402,1,55734,14447057,0
10949630,0xc15c14cdc9baf48b953e57ae13ad7a4bdda3e1aec019e1635dac37649404f04c,1601277563,0xd86f3fd20b6582d1acc481a392b12475e5bb8c3375a48281b48453ed1a83fae5,21,5,0xeb31973e0febf3e3d7058234a5ebbae1ab4b8c23,0xc00e94cb662c3520282e6f5717214004a7f26888,0,200000,160000000000,0xa9059cbb000000000000000000000000c194560a8210749b65ca5457baa5e831cb97bdda00000000000000000000000000000000000000000000006c6b935b8bbd400000,0xa9059cbb,"transfer(address _to, uint256 _value)",,199299,1,55734,14447017,0
10949699,0xacbba36bb7d77482ba45aae92710404c0a32987ccbb73832f201ff3a2deba21d,1601278697,0xa062c85825f9fa8dd443c1620a6948dc266989666c047e8cbbeaf9e0779f1892,22,4,0xeb31973e0febf3e3d7058234a5ebbae1ab4b8c23,0xc00e94cb662c3520282e6f5717214004a7f26888,0,200000,160000000000,0xa9059cbb000000000000000000000000c194560a8210749b65ca5457baa5e831cb97bdda00000000000000000000000000000000000000000000010e600ee2d8e0700000,0xa9059cbb,"transfer(address _to, uint256 _value)",,452019,1,55746,14446948,0
10949824,0x65726b92a9d4a0bd1830bc6c7df95f5bcf50bdc7e321d93b03728e2df4b822e7,1601280092,0x5ef04e33abfdb261ca4a527787d9d25477ffcfcdc4ad4887da3db0eccd40d8a2,167,54,0xd0a9a7644333a24b6c24a87f8d8251bd496c7afd,0xeb31973e0febf3e3d7058234a5ebbae1ab4b8c23,1000000000000000,21000,95000000000,0x,0x,,,2505164,1,21000,14446823,0
10949860,0xbafbc4c050ffa261a8ca51fba65eead7dfd692f387af7eb253f82938a6e1ad93,1601280603,0x8835ed5890d53d1f35eb2d71aea6cbc251bd7a371126b087e0ba5b51f9279c57,45,152,0x23a7efcf2f0e58ef762c769c890d927926dd59cb,0xeb31973e0febf3e3d7058234a5ebbae1ab4b8c23,2085452331088072,21000,80300001604,0x,0x,,,11396410,1,21000,14446787,0
10949871,0xeef250d5b27ebfbe042c2342612ea5c42a2722d272bc082409a16a37f74ea5d5,1601280745,0xbca1a92855097dba295bdf8495e08e2ef0e446e614af20977cf3a16ee49fdde2,0,32,0xc2eb18a6402af503430d41f2302364548d4f2b7c,0xeb31973e0febf3e3d7058234a5ebbae1ab4b8c23,7719944000000000,21000,71000000000,0x,0x,,,2725432,1,21000,14446776,0
10949940,0x13b706d38dbbb46f754b5d838057e99e8a8d083242018154f9e692ba6baa6a0b,1601281637,0xe639ddc591172b1250fbc7e89cd78c637743579be4a865f926bb5fc12036c620,23,51,0xeb31973e0febf3e3d7058234a5ebbae1ab4b8c23,0x514910771af9ca656af840dff83e8264ecf986ca,0,200000,160000000000,0xa9059cbb000000000000000000000000c194560a8210749b65ca5457baa5e831cb97bdda0000000000000000000000000000000000000000000000056bc75e2d63100000,0xa9059cbb,"transfer(address _to, uint256 _value)",,2741225,1,51589,14446707,0
10949988,0xc4e1d3bc45a21fad30217f86390dadb65467ccfc88ee1b6f0b3f75c359ce0c09,1601282280,0x9ce8d8dc0fdf848085f56f1995a00806efad2f3aa2cdc964287888561c2c9cf7,24,118,0xeb31973e0febf3e3d7058234a5ebbae1ab4b8c23,0x514910771af9ca656af840dff83e8264ecf986ca,0,200000,160000000000,0xa9059cbb000000000000000000000000c194560a8210749b65ca5457baa5e831cb97bdda00000000000000000000000000000000000000000000021e19e0c9bab2400000,0xa9059cbb,"transfer(address _to, uint256 _value)",,8207342,1,51601,14446659,0
10950033,0x6911aa3b690c957f416523dde0fb97be554acf25a0e2bca911082d3943626c67,1601283069,0xe4c9b51d1b5b18834bddfadb5130c47cd56be0fe611cf7aad0faa275d9c95d9a,25,89,0xeb31973e0febf3e3d7058234a5ebbae1ab4b8c23,0x514910771af9ca656af840dff83e8264ecf986ca,0,200000,160000000000,0xa9059cbb000000000000000000000000c194560a8210749b65ca5457baa5e831cb97bdda000000000000000000000000000000000000000000000a968163f0a57b000000,0xa9059cbb,"transfer(address _to, uint256 _value)",,5842529,1,51589,14446614,0
10950156,0x1c071ac1171a478a92b5a8f1d6619d1ae4ce8d8ca339790755fd85a7f1475654,1601284612,0x18f123813ecc59de93dbe7ea6358002beca64f806593510077182b570886abed,26,13,0xeb31973e0febf3e3d7058234a5ebbae1ab4b8c23,0x514910771af9ca656af840dff83e8264ecf986ca,0,200000,160000000000,0xa9059cbb000000000000000000000000c194560a8210749b65ca5457baa5e831cb97bdda000000000000000000000000000000000000000000001e2fcfb1c115d9000000,0xa9059cbb,"transfer(address _to, uint256 _value)",,1067289,0,200000,14446491,1
10950177,0xdedeca6fca179cf69e19507505ad6ddfc938e17723323c77a3e5bbfb17f7ac41,1601284839,0xe6f869ce84baab369e7144f2817151b1606c42412df6cd5ac63fe522b10e23f5,27,34,0xeb31973e0febf3e3d7058234a5ebbae1ab4b8c23,0x514910771af9ca656af840dff83e8264ecf986ca,0,200000,160000000000,0xa9059cbb000000000000000000000000c194560a8210749b65ca5457baa5e831cb97bdda000000000000000000000000000000000000000000001e2fcfb0499066000000,0xa9059cbb,"transfer(address _to, uint256 _value)",,1730580,1,51589,14446470,0
10950462,0x1c8afe638135a777830516634fbe5a633fd1cd40a787636fdf1364f33417d2a8,1601288757,0xf528fcacfa62a4ab4b35af74e56c4d8e6b00711d66e50dc8faf59ea01c4fb44e,28,33,0xeb31973e0febf3e3d7058234a5ebbae1ab4b8c23,0x84ca8bc7997272c7cfb4d0cd3d55cd942b3c9419,0,200000,160000000000,0xa9059cbb000000000000000000000000f12b1c1ce2f024d3ef3b164d7e3de7f360dcb72400000000000000000000000000000000000000000000021e19e0c9bab2400000,0xa9059cbb,"transfer(address _to, uint256 _value)",,847125,1,51330,14446185,0
10950510,0xd0e7a42fcb01ea1241147acca27381ef030fea3e17ec49e9253eede72f1fb159,1601289521,0xfacf4d484cd5a7a04fc4a143884a20de599a530c4796de4d062f7dcad76cc61d,29,34,0xeb31973e0febf3e3d7058234a5ebbae1ab4b8c23,0x84ca8bc7997272c7cfb4d0cd3d55cd942b3c9419,0,200000,160000000000,0xa9059cbb000000000000000000000000f12b1c1ce2f024d3ef3b164d7e3de7f360dcb724000000000000000000000000000000000000000000002a5a058fc295ec000000,0xa9059cbb,"transfer(address _to, uint256 _value)",,2591936,1,51318,14446137,0
10950610,0xd6f1ea96f0a5192cab5b9f535f2e04b8181af27b462477895c1946c99d5a7f0b,1601290859,0x53e489229a329d5bce638a3b3eaa9afe4a86c19effd4350aa1a5602519360adc,30,101,0xeb31973e0febf3e3d7058234a5ebbae1ab4b8c23,0x84ca8bc7997272c7cfb4d0cd3d55cd942b3c9419,0,200000,160000000000,0xa9059cbb000000000000000000000000f12b1c1ce2f024d3ef3b164d7e3de7f360dcb7240000000000000000000000000000000000000000000054b40b1f852bd8000000,0xa9059cbb,"transfer(address _to, uint256 _value)",,4125189,1,51318,14446037,0
10951263,0xef47e71e59694b6432f3670676ad9b34cabbd1e9f154b2858eb1be1db5bf770c,1601299990,0x43ebd3f23045d5e796f1063bb9df8c366be9ad05a29bb5f9ef41d82c273154e3,1,71,0x3abd15b0bd9131483c649d0d757924365239ebb0,0xeb31973e0febf3e3d7058234a5ebbae1ab4b8c23,0,31524,69000000000,0x3078312e20537061727461637573207365747570206163636f756e74207769746820746f726e61646f2063617368322e2053706172746163757320726571756573747320666f756e6473332e2050726f6669744920616d2053706172746163757321,0x3078312e,,,6647780,1,22568,14445384,0
10951272,0x457d62f7d28046a3f8345adcfa197d0a7a7b3dc66802287f40415acf11c69c0b,1601300123,0x61d5d1fb5522e15cbcea99642b5dfd57831bc2b9a2b26535e9bf21aaffce46f9,5,62,0x710da7a06b0c66a18fed27dfa53d937c69ed3b2c,0xeb31973e0febf3e3d7058234a5ebbae1ab4b8c23,56725255411183609728,21000,134000000000,0x,0x,,,3421091,1,21000,14445375,0
10951753,0xc80ce9925fde447f0e2166140da740e14faf82bb296acb013a0fe5b45ce7557d,1601307175,0x1f6c8fa4953a53470ef7bf28d52be6908a8f2ec427bb75b73dce406df9039dad,13,39,0x3df4f80a1592a125742ef7d69c24cc3f8306afd8,0xeb31973e0febf3e3d7058234a5ebbae1ab4b8c23,10000000000000,21000,170000000000,0x,0x,,,1360729,1,21000,14444894,0
10952258,0x36595a5e70c9b0dd644a05867b23c8e13cbfe53de060141f08f7ec3f1da1e04a,1601313740,0x9fc797a9448612876a52d5b02e3d6916de1ef8d08b6b3cc4e871e20e7755f825,62,107,0x476d98843bec159e032df29ab3884fc6305efdca,0xeb31973e0febf3e3d7058234a5ebbae1ab4b8c23,1000000000000000,25200,56524673024,0x,0x,,,12297936,1,21000,14444389,0
10952322,0x003bcbac2cf702f3f5e6cb7acffe8a149eb2fc084ba60b3d440c25981e375f46,1601314531,0x71b4529ff6bf53a0135cf3cea0670ef3401ad0eb3f4607ab923ea63d408befc6,63,137,0x476d98843bec159e032df29ab3884fc6305efdca,0xeb31973e0febf3e3d7058234a5ebbae1ab4b8c23,80000000000000,25200,61300985856,0x,0x,,,9703639,1,21000,14444325,0
10955714,0xaedd8ff6ab39cccc9f86c8e07e954715649687a867b12dab797b77dbda431cae,1601359933,0x3bf2710791243dc6d3b7064008680e211b2a34b2ea0a1dca071a276912379adb,31,14,0xeb31973e0febf3e3d7058234a5ebbae1ab4b8c23,0xd26114cd6ee289accf82350c8d8487fedb8a0c07,0,200000,160000000000,0xa9059cbb0000000000000000000000003d4ac58430a00cf1c9e568ad0a3d364669c858dc00000000000000000000000000000000000000000000003635c9adc5dea00000,0xa9059cbb,"transfer(address _to, uint256 _value)",,603770,1,52346,14440933,0
10955725,0x8347a52f93a179938a553734988499fb2bff11de891f95d94c45fef320de5af6,1601360119,0x613e78bd2b3b8d656e91080a22cd8711ab92a5c459105f025e69cb623eae9262,32,35,0xeb31973e0febf3e3d7058234a5ebbae1ab4b8c23,0x9f8f72aa9304c8b593d555f12ef6589cc3a579a2,0,200000,160000000000,0xa9059cbb0000000000000000000000006268335ebc05d551ed941b9fece53ae2427075bd0000000000000000000000000000000000000000000000008ac7230489e80000,0xa9059cbb,"transfer(address _to, uint256 _value)",,1547265,1,52538,14440922,0
10955761,0xe828f01dea61c7362e40bc0f6471126910388e69b584b653b2c551bf3d9bc84a,1601360503,0x41ec9ce960d2a8d8eedeae47451d8a792d78f652dced2b69be29e88acacc8495,33,7,0xeb31973e0febf3e3d7058234a5ebbae1ab4b8c23,0xd26114cd6ee289accf82350c8d8487fedb8a0c07,0,200000,160000000000,0xa9059cbb0000000000000000000000003d4ac58430a00cf1c9e568ad0a3d364669c858dc00000000000000000000000000000000000000000000152d02c7e14af6000000,0xa9059cbb,"transfer(address _to, uint256 _value)",,333760,1,52346,14440886,0
10955779,0x834e10696b423e3f1e2889899771e5caf309604f26156f0c95725e7f17c04c04,1601360771,0x52f72e06194966c40b7129806586f03916a2ff4ca1f102f700fd2025803f3eb4,34,33,0xeb31973e0febf3e3d7058234a5ebbae1ab4b8c23,0x9f8f72aa9304c8b593d555f12ef6589cc3a579a2,0,200000,160000000000,0xa9059cbb0000000000000000000000006268335ebc05d551ed941b9fece53ae2427075bd00000000000000000000000000000000000000000000001b1ae4d6e2ef500000,0xa9059cbb,"transfer(address _to, uint256 _value)",,1344081,1,52550,14440868,0
10955826,0x416609b001706a2690bb8688b44422e2a77332ec66e35c9cbad065963545c776,1601361536,0xfeed5c42e2ed5fcfcbd40f5bfd59ae257e5e69c8c592ba49921831c536b39398,15,78,0x3df4f80a1592a125742ef7d69c24cc3f8306afd8,0xeb31973e0febf3e3d7058234a5ebbae1ab4b8c23,10000000000000,21480,106000000000,0x506c656173652063616e20796f752068656c70206d652062726f20212121,0x506c6561,,,3829897,1,21480,14440821,0
10955851,0xc3c54049ed271d9673c9610e0f4ff80b858a4a800844d70f7676eed416e05aac,1601361930,0x32fa3c1a26e6146cb9e200c724552e84ba6b63ce4cbf2dfe101469df202854cb,35,140,0xeb31973e0febf3e3d7058234a5ebbae1ab4b8c23,0x9f8f72aa9304c8b593d555f12ef6589cc3a579a2,0,200000,160000000000,0xa9059cbb0000000000000000000000006268335ebc05d551ed941b9fece53ae2427075bd00000000000000000000000000000000000000000000003471e2a9cc91940000,0xa9059cbb,"transfer(address _to, uint256 _value)",,8590653,1,52550,14440796,0
10955915,0x26fddffb4e4f3f8d76b75798c9022e27e54615cb9e59a4a0b98e6b348afad4bf,1601362732,0x3002a63ac60d4fa7485e04f620cad32628e165067c77cbeb607bf359fca57547,0,193,0x170856d358e32e04898d7880fe8bf64610418faf,0xeb31973e0febf3e3d7058234a5ebbae1ab4b8c23,10000000000000,22712,110000000000,0x546861742773206d6520616761696e2066726f6d20616e6f74686572206163636f756e742c20796f7520686176652061206c6f74206f6620636f696e7320696e20796f7572206163636f756e742c20706c656173652063616e20796f75207368617265206120626974203f,0x54686174,,,12410685,1,22712,14440732,0
10955919,0xba067590556eb67f55f2922345989b79c2c665616ac91a8fa0d93ff33cd68378,1601362770,0xb8822a03f53d71b787131ff19900dcb5a9f25a9f6df58a36a6fbb821fed6e286,36,31,0xeb31973e0febf3e3d7058234a5ebbae1ab4b8c23,0x84ca8bc7997272c7cfb4d0cd3d55cd942b3c9419,0,200000,160000000000,0xa9059cbb000000000000000000000000f12b1c1ce2f024d3ef3b164d7e3de7f360dcb72400000000000000000000000000000000000000000000003635c9adc5dea00000,0xa9059cbb,"transfer(address _to, uint256 _value)",,1444990,1,51318,14440728,0
10955969,0x2441cd68b38be5aa9632378213f1e77a5c23dfaed6b55b55bbd94ac80a974f81,1601363294,0xcc6087caf80dd8049d12cb4c17bc0d90e785a5e3094ee8065f3afb66c29849b1,37,50,0xeb31973e0febf3e3d7058234a5ebbae1ab4b8c23,0x84ca8bc7997272c7cfb4d0cd3d55cd942b3c9419,0,200000,160000000000,0xa9059cbb000000000000000000000000f12b1c1ce2f024d3ef3b164d7e3de7f360dcb72400000000000000000000000000000000000000000000021e19e0c9bab2400000,0xa9059cbb,"transfer(address _to, uint256 _value)",,1349485,1,51330,14440678,0
10956052,0xc516d1f44388daf1f0893c4687021b8097ccc166b71437133962d33a60997d1d,1601364361,0xee6147dc81c31f24164d235ec7703a92df91da18ec480d315cb65f71a9e29e40,38,2,0xeb31973e0febf3e3d7058234a5ebbae1ab4b8c23,0xdd974d5c2e2928dea5f71b9825b8b646686bd200,0,200000,160000000000,0xa9059cbb000000000000000000000000b351e853a9dd23974c461c767326336469ca9ca200000000000000000000000000000000000000000000003635c9adc5dea00000,0xa9059cbb,"transfer(address _to, uint256 _value)",,184361,1,52497,14440595,0
10956077,0xe08bd32f93cf5c5c5a8319cd66930420eac3082ed9180a1a28f66e21853e89ed,1601364723,0x36bfc0a83522d2861a20748471cc7567040ef5070c1c49097710e4f2099b26fb,39,9,0xeb31973e0febf3e3d7058234a5ebbae1ab4b8c23,0x84ca8bc7997272c7cfb4d0cd3d55cd942b3c9419,0,200000,160000000000,0xa9059cbb000000000000000000000000f12b1c1ce2f024d3ef3b164d7e3de7f360dcb72400000000000000000000000000000000000000000000152d02c7e14af6000000,0xa9059cbb,"transfer(address _to, uint256 _value)",,495208,1,51318,14440570,0
10956098,0xf4b847703c41909842cdf7e92cffee22c62910ee1c4d7dfb158e8333832e4a3e,1601364949,0x0e7ee12ca13d088ca7fab87e24b1f537e3374eb8f2b8e79ee7a04774be96d03c,40,11,0xeb31973e0febf3e3d7058234a5ebbae1ab4b8c23,0xdd974d5c2e2928dea5f71b9825b8b646686bd200,0,200000,160000000000,0xa9059cbb000000000000000000000000b351e853a9dd23974c461c767326336469ca9ca2000000000000000000000000000000000000000000003f870857a3e0e4000000,0xa9059cbb,"transfer(address _to, uint256 _value)",,915873,1,52497,14440549,0
10956184,0x97cfb3eb8f7cddcee9b15673df275e8903d7605aa7d82d7642402541016fb210,1601366112,0x8cdc4143b85f52ababe42a4f1403cac48ff229ba215913dfeec9cee46f01e8e9,41,33,0xeb31973e0febf3e3d7058234a5ebbae1ab4b8c23,0xd26114cd6ee289accf82350c8d8487fedb8a0c07,0,200000,160000000000,0xa9059cbb0000000000000000000000003d4ac58430a00cf1c9e568ad0a3d364669c858dc0000000000000000000000000000000000000000000028ba6caac4ff9a000000,0xa9059cbb,"transfer(address _to, uint256 _value)",,1076090,1,52346,14440463,0
10956225,0x9ecd0496fc788b8152467894db17bf964fb9ec93563b16ccec501af3e2f7311f,1601366797,0x6e10885109c199c09ca3c41233880c370e22f79085096c12b9052e4df5fdaeab,42,119,0xeb31973e0febf3e3d7058234a5ebbae1ab4b8c23,0x84ca8bc7997272c7cfb4d0cd3d55cd942b3c9419,0,200000,160000000000,0xa9059cbb000000000000000000000000f12b1c1ce2f024d3ef3b164d7e3de7f360dcb72400000000000000000000000000000000000000000000d3c21bcecceda0000000,0xa9059cbb,"transfer(address _to, uint256 _value)",,3015181,1,51318,14440422,0
10956496,0x3ea1c8cf83eeb5fa301c949c744696e7af1eeed40cbe9ce6e04162d369618763,1601370431,0xb721ed8fe21cf162c544ed47e841562be83577c1c2b771af6a204a2306e40ea6,43,53,0xeb31973e0febf3e3d7058234a5ebbae1ab4b8c23,0xdd974d5c2e2928dea5f71b9825b8b646686bd200,0,200000,160000000000,0xa9059cbb000000000000000000000000b351e853a9dd23974c461c767326336469ca9ca20000000000000000000000000000000000000000000091978418f66f88000000,0xa9059cbb,"transfer(address _to, uint256 _value)",,2660215,1,52497,14440151,0
10956594,0x6592a3451506df7ab26be18f941b83cd54abeae34ddffd7126173560c7a163f9,1601371750,0x1ae90bcc31d5f00dd560660de7bc1cc14f159e937e578e77c542b1db448e78cb,294,81,0x0969372c5f34eab105835a30794df0118bc073bc,0xeb31973e0febf3e3d7058234a5ebbae1ab4b8c23,100000000000000,21000,134000000000,0x,0x,,,3187465,1,21000,14440053,0
10956634,0x7389adbf4d33d3238c52ee46d70e9442934620e3af9b4230b9c7c1dc37e51870,1601372337,0x5a129d8fee0c481ef6c406804fb7fa639d9e7da8d3f3039ac7801095bb5c4b0f,295,148,0x0969372c5f34eab105835a30794df0118bc073bc,0xeb31973e0febf3e3d7058234a5ebbae1ab4b8c23,666666666666,21000,145000000000,0x,0x,,,5503594,1,21000,14440013,0
10956797,0xc0ae650de7c6bb9f7758e54b3a3361c5772feb636ae9704321ba2df906b1d442,1601374557,0xafa0b2974a0c05e4f937058da8fd679a9a4277f054b654e61c4069bb3c4cc9a4,44,31,0xeb31973e0febf3e3d7058234a5ebbae1ab4b8c23,0xf629cbd94d3791c9250152bd8dfbdf380e2a3b9c,0,200000,160000000000,0xa9059cbb000000000000000000000000b9759a9e5ee93d2d5a3f20eca4b0c75d1a2e170d00000000000000000000000000000000000000000000003635c9adc5dea00000,0xa9059cbb,"transfer(address _to, uint256 _value)",,2124603,1,51712,14439850,0
10956849,0x2599bfa44fb97a86f3f41beed6b30c48a0fb2c823be77e49b64324c101cd983c,1601375098,0xd16ffb1e67b68e5e2862554145a15dc043074ab1b942dd2343426f66793ae8e9,45,47,0xeb31973e0febf3e3d7058234a5ebbae1ab4b8c23,0xf629cbd94d3791c9250152bd8dfbdf380e2a3b9c,0,200000,160000000000,0xa9059cbb000000000000000000000000b9759a9e5ee93d2d5a3f20eca4b0c75d1a2e170d00000000000000000000000000000000000000000007305957e7f1d3c0000000,0xa9059cbb,"transfer(address _to, uint256 _value)",,1990812,1,51724,14439798,0
10956862,0x7edca6eb5625ce23bbecb1247cfb89d64e9ac7aa6cc948bf52e3626ba6224325,1601375358,0xeec2b1002d81214be5a7ded41211a28208c63766fa66a7bc2051f85d4296656a,46,73,0xeb31973e0febf3e3d7058234a5ebbae1ab4b8c23,0x80fb784b7ed66730e8b1dbd9820afd29931aab03,0,200000,160000000000,0xa9059cbb0000000000000000000000007e4a0cca30b4b7317a39decb33b331ff1c557e0200000000000000000000000000000000000000000000003635c9adc5dea00000,0xa9059cbb,"transfer(address _to, uint256 _value)",,3884196,1,55176,14439785,0
10956904,0x958dbacfe51f1415e2702cf00e52c13db8ce73d6cbd6d63f138cba5cb0095d56,1601375790,0xf32573e385fc0c557737894121df0e003e56381846c1ab824914c9bf57029576,22,115,0x9ed2b6e2772cd2af8ce9c2ef5e1b01b119e31520,0xeb31973e0febf3e3d7058234a5ebbae1ab4b8c23,10000000000000,21000,110000000000,0x,0x,,,6225882,1,21000,14439743,0
10956931,0xa0102b489a496cdcddd4a7455b55c446894990081984612ccf05520a299db922,1601376180,0xdfe62a901ab5e8fb8dc19541529ceed0061d1059a4479bc32e555910077edd23,47,22,0xeb31973e0febf3e3d7058234a5ebbae1ab4b8c23,0x80fb784b7ed66730e8b1dbd9820afd29931aab03,0,200000,160000000000,0xa9059cbb0000000000000000000000007e4a0cca30b4b7317a39decb33b331ff1c557e020000000000000000000000000000000000000000000104ddac205b2850000000,0xa9059cbb,"transfer(address _to, uint256 _value)",,1479024,1,55188,14439716,0
10957475,0x3a2c2f571235d624c38e09d9053ebcee92fc12fd2a804ec3ad7a6674b1d88378,1601383216,0xce5a4266fdda7fd0f39aa35d52eac18f1a44abb8c2dc3ed5c49436d84375db93,48,17,0xeb31973e0febf3e3d7058234a5ebbae1ab4b8c23,0x8ab7404063ec4dbcfd4598215992dc3f8ec853d7,0,200000,160000000000,0xa9059cbb0000000000000000000000006ec9d77ed3902e5b32304ece0c7f7d6a2542f8cb00000000000000000000000000000000000000000000021e19e0c9bab2400000,0xa9059cbb,"transfer(address _to, uint256 _value)",,672950,0,31536,14439172,1
10957502,0xd31b471d2af16825afb298d97555368bc887404a5dc132d0d7588b4be6c74e29,1601383668,0xf54b56f7a82acecfdfe4af7b78f39f0d6ad5f76d8e5f48a21d9ccfd2715e4d26,49,17,0xeb31973e0febf3e3d7058234a5ebbae1ab4b8c23,0x8ce9137d39326ad0cd6491fb5cc0cba0e089b6a9,0,200000,160000000000,0xa9059cbb0000000000000000000000006ec9d77ed3902e5b32304ece0c7f7d6a2542f8cb00000000000000000000000000000000000000000000003635c9adc5dea00000,0xa9059cbb,"transfer(address _to, uint256 _value)",,774484,0,24021,14439145,1
10957577,0xc3a4e0a6c74632e8aa12db89eb02bb3bb2842c84390573763d649f2a884cb04e,1601384598,0x2ebf94a71ed9f1e1fa810b3b64128130a5047971956f66bc0ca827c817edfa70,50,66,0xeb31973e0febf3e3d7058234a5ebbae1ab4b8c23,0x0bc529c00c6401aef6d220be8c6ea1667f6ad93e,0,200000,160000000000,0xa9059cbb0000000000000000000000006ec9d77ed3902e5b32304ece0c7f7d6a2542f8cb0000000000000000000000000000000000000000000000003d8f0ac52f33fe00,0xa9059cbb,"transfer(address _to, uint256 _value)",,3907895,1,51296,14439070,0
10959662,0xc15751bad99f0342c4196ead6807ffdc729077123eda0e09fbcf0633cf7f7e7a,1601413384,0x2a9f189fc9be55bd3ac1ee3432e1d9c0fcb1fc1f9390f9ff3547b43c0fb8fdd8,6,20,0xc1011630ecc21554396a262096641fa4149feb73,0xeb31973e0febf3e3d7058234a5ebbae1ab4b8c23,0,21944,126000000000,0x74726164652045544820666f7220584d52206f6e204d6f727068746f6b656e20616e64204c6f63616c4d6f6e65726f20776974686f7574204b5943,0x74726164,,,800124,1,21944,14436985,0
10959667,0xb000f63c1087d536e52b5ee9e07133acee81ab204590c2fc65e6143a23a63c05,1601413432,0xac12255d8fbe469cd5120df5962db36a4ad1100a368d83d5bad0f9e14c2ce701,7,16,0xc1011630ecc21554396a262096641fa4149feb73,0xeb31973e0febf3e3d7058234a5ebbae1ab4b8c23,0,21944,126000000000,0x74726164652045544820666f7220584d52206f6e204d6f727068746f6b656e20616e64204c6f63616c4d6f6e65726f20776974686f7574204b5943,0x74726164,,,641886,1,21944,14436980,0
10959668,0xa2231d25147c7c1304a1ae16ee499e68c89b897e0c908970a1ecc28b8bc18216,1601413478,0x49e4a91df9dcc6e305804a31e8321abe72b8a844b41a96ea1b562796ff2d852c,8,3,0xc1011630ecc21554396a262096641fa4149feb73,0xeb31973e0febf3e3d7058234a5ebbae1ab4b8c23,0,21944,126000000000,0x74726164652045544820666f7220584d52206f6e204d6f727068746f6b656e20616e64204c6f63616c4d6f6e65726f20776974686f7574204b5943,0x74726164,,,124257,1,21944,14436979,0
10959671,0x8a385da240942e18dba6a5274e176f188766c15878a31c6b52e1a74122fde534,1601413522,0xb25f5cae0319aa26fee3020e7c8e173b9009dcc52d2e6faedf3c3002bf15d91b,9,8,0xc1011630ecc21554396a262096641fa4149feb73,0xeb31973e0febf3e3d7058234a5ebbae1ab4b8c23,0,25000,126000000000,0x74726164652045544820666f7220584d52206f6e204d6f727068746f6b656e20616e64204c6f63616c4d6f6e65726f20776974686f7574204b5943,0x74726164,,,589996,1,21944,14436976,0
10959671,0x8a385da240942e18dba6a5274e176f188766c15878a31c6b52e1a74122fde534,1601413522,0x99fbe8cb7cfc7f8f0b2a93b26bc19c092b7d175457b9a6a96ffc6855ad4eec10,10,9,0xc1011630ecc21554396a262096641fa4149feb73,0xeb31973e0febf3e3d7058234a5ebbae1ab4b8c23,0,25000,126000000000,0x74726164652045544820666f7220584d52206f6e204d6f727068746f6b656e20616e64204c6f63616c4d6f6e65726f20776974686f7574204b5943,0x74726164,,,611940,1,21944,14436976,0
10959673,0x46e27fa71884e3479d22b84f0a0914645f7d551a4972d690f427ed5247634cfe,1601413538,0x832733260d34b6e6f02bb87b831aab498100af9a24e87b3f9c059592c8b4dbf8,11,5,0xc1011630ecc21554396a262096641fa4149feb73,0xeb31973e0febf3e3d7058234a5ebbae1ab4b8c23,0,21944,126000000000,0x74726164652045544820666f7220584d52206f6e204d6f727068746f6b656e20616e64204c6f63616c4d6f6e65726f20776974686f7574204b5943,0x74726164,,,252073,1,21944,14436974,0
10959676,0x1cc39f39e95c548794166ee12dbac116d1e4ab011b19aeb675bec607744c396c,1601413591,0x5bdb2fc384ee3c08e6150f9a6de83822b3c0a58257fe35a849eda2636115edf7,12,16,0xc1011630ecc21554396a262096641fa4149feb73,0xeb31973e0febf3e3d7058234a5ebbae1ab4b8c23,0,25000,126000000000,0x74726164652045544820666f7220584d52206f6e204d6f727068746f6b656e20616e64204c6f63616c4d6f6e65726f20776974686f7574204b5943,0x74726164,,,730499,1,21944,14436971,0
10959676,0x1cc39f39e95c548794166ee12dbac116d1e4ab011b19aeb675bec607744c396c,1601413591,0x5a3c1f43d83e700ce50c9aa32040b548f636ee0abf6cf274ac7d6947a343c2f4,13,17,0xc1011630ecc21554396a262096641fa4149feb73,0xeb31973e0febf3e3d7058234a5ebbae1ab4b8c23,0,25000,126000000000,0x74726164652045544820666f7220584d52206f6e204d6f727068746f6b656e20616e64204c6f63616c4d6f6e65726f20776974686f7574204b5943,0x74726164,,,752443,1,21944,14436971,0
10959677,0x82a617927bff74ea4c92fcef20abde7148a6ec8d51de646c719e87910bb3d9c8,1601413606,0xbc1f938e58cfaec1150337e775f60b233903c23b1c262c5cf1df0f1c1f860fc6,14,0,0xc1011630ecc21554396a262096641fa4149feb73,0xeb31973e0febf3e3d7058234a5ebbae1ab4b8c23,0,25000,126000000000,0x74726164652045544820666f7220584d52206f6e204d6f727068746f6b656e20616e64204c6f63616c4d6f6e65726f20776974686f7574204b5943,0x74726164,,,21944,1,21944,14436970,0
10959682,0xba856e99b564ff6e46256c105c7e08a25cab8f1d20d91f1d67ccbaf7e8fa3294,1601413641,0x7327f7a0ef012b1afa873fbf5a3d07b7cd611da0148c6eef7817cbcb3adee7e1,15,4,0xc1011630ecc21554396a262096641fa4149feb73,0xeb31973e0febf3e3d7058234a5ebbae1ab4b8c23,0,25000,126000000000,0x74726164652045544820666f7220584d52206f6e204d6f727068746f6b656e20616e64204c6f63616c4d6f6e65726f20776974686f7574204b5943,0x74726164,,,221047,1,21944,14436965,0
10959683,0xf47980c80e88166e374f10ee1bbf4b54d57be7782f1c02fb44a5d7e17593ddcc,1601413658,0x8cc4cf5786d35417de0426dade781db6dff3fcd1f4875ec5513c94ba5b402e63,16,4,0xc1011630ecc21554396a262096641fa4149feb73,0xeb31973e0febf3e3d7058234a5ebbae1ab4b8c23,0,25000,126000000000,0x74726164652045544820666f7220584d52206f6e204d6f727068746f6b656e20616e64204c6f63616c4d6f6e65726f20776974686f7574204b5943,0x74726164,,,310108,1,21944,14436964,0
10959687,0x6423b4156c7bde6440f0ac47ee5ed4c514d540a07c20a493eec3e2fe19024743,1601413686,0x3517ded4c575d1999bbd2c7446107a17dc498832125827a2ba57c505616c1b3f,17,35,0xc1011630ecc21554396a262096641fa4149feb73,0xeb31973e0febf3e3d7058234a5ebbae1ab4b8c23,0,25000,126000000000,0x74726164652045544820666f7220584d52206f6e204d6f727068746f6b656e20616e64204c6f63616c4d6f6e65726f20776974686f7574204b5943,0x74726164,,,1549442,1,21944,14436960,0
10959690,0x3dabc902a4141e37c089a3cbaca1da182aec98c9bb53d1248ecaec51a1dab1d2,1601413721,0x8870e1645b7284f00e6043f5e28367fa1a8d9944aeb156fd8399d19c23308bd4,18,2,0xc1011630ecc21554396a262096641fa4149feb73,0xeb31973e0febf3e3d7058234a5ebbae1ab4b8c23,0,25000,126000000000,0x74726164652045544820666f7220584d52206f6e204d6f727068746f6b656e20616e64204c6f63616c4d6f6e65726f20776974686f7574204b5943,0x74726164,,,137403,1,21944,14436957,0
10959691,0x45f3d625816d28f875e3f37d72bb19130536779012ea800bd5534506576a4129,1601413737,0x67dcd2f1e447644b441617e7893d8f696db950e0b5e8c233ac1e8cf956505867,19,15,0xc1011630ecc21554396a262096641fa4149feb73,0xeb31973e0febf3e3d7058234a5ebbae1ab4b8c23,0,25000,126000000000,0x74726164652045544820666f7220584d52206f6e204d6f727068746f6b656e20616e64204c6f63616c4d6f6e65726f20776974686f7574204b5943,0x74726164,,,676102,1,21944,14436956,0
10961567,0x34b153f5dcb753e461f16d8e45a6fb75080765df51d72c9042dfa312f59f3d52,1601438941,0x9d6a7c99ce32b73810163650f5814ff119ca1cb104ed7a0ae5d70eb6b5ef22a5,0,65,0x9f7af6583360743ba139e19e4218703d1ce73ff1,0xeb31973e0febf3e3d7058234a5ebbae1ab4b8c23,1000011001111000,21000,82500000000,0x,0x,,,3880099,1,21000,14435080,0
10962108,0xc560eccdf6fe34b0794fa486c062fa515fb1da99287d1295e0b5a942c79fef6b,1601446469,0x763545d1db5384225f8679f0b0d765a55bcdea739833a066412808a295adc4de,51,17,0xeb31973e0febf3e3d7058234a5ebbae1ab4b8c23,0x84ca8bc7997272c7cfb4d0cd3d55cd942b3c9419,0,200000,160000000000,0xa9059cbb000000000000000000000000f12b1c1ce2f024d3ef3b164d7e3de7f360dcb7240000000000000000000000000000000000000000000115962fd874e760000000,0xa9059cbb,"transfer(address _to, uint256 _value)",,1040862,1,51330,14434539,0
10962121,0x51ee914b6d4f0390d886f175a0baadeb205b645e2257923f5a83360b80b8523f,1601446677,0xc80b0e72bd0d2ce125ec7ea0f8484256a4a4229a3f1578300fcffc639911dda7,52,20,0xeb31973e0febf3e3d7058234a5ebbae1ab4b8c23,0x70a72833d6bf7f508c8224ce59ea1ef3d0ea3a38,0,200000,160000000000,0xa9059cbb000000000000000000000000001b8562e7c310ce5e26fe261bf3fa459e67cd3400000000000000000000000000000000000000000000003635c9adc5dea00000,0xa9059cbb,"transfer(address _to, uint256 _value)",,1023054,1,52331,14434526,0
10962166,0xf6a527c9f7fcb8c38890c8fa588afe50196715ccda679978c4c8ec4e514aa14c,1601447322,0xcac053d460564d1676f0a0adccc6406792d9bb344e7e356b5139e3224c8e204a,2,91,0x170856d358e32e04898d7880fe8bf64610418faf,0xeb31973e0febf3e3d7058234a5ebbae1ab4b8c23,100000000000,21864,96000001459,0x42726f20646f6e742062652073656c666973682e20536861726520736d616c6c20706f7274696f6e206f6620796f75722066756e6473,0x42726f20,,,6249500,1,21864,14434481,0
10962181,0x29826637d873164260b8ea6c1f69615c1256295d624be7b43bfd84670a834db9,1601447499,0x20bfed9228c0abcc7c72e3c9145df885bbc249be1927772ba45189f0198a612e,53,27,0xeb31973e0febf3e3d7058234a5ebbae1ab4b8c23,0x41e5560054824ea6b0732e656e3ad64e20e94e45,0,200000,160000000000,0xa9059cbb0000000000000000000000002c0b10fcb0211daf4ce87cb0d708e8887e722cc20000000000000000000000000000000000000000000000000001755fd960bfd0,0xa9059cbb,"transfer(address _to, uint256 _value)",,871893,1,51495,14434466,0
10962188,0xdbe826a8181aaa5ceeb949ccf72121936a8a3a33af35f8be305cbf145e265f95,1601447604,0x8ac8941a86c7bcfe7039d3ee23179934d37ace4bef87d4407ab944535980b3a1,54,12,0xeb31973e0febf3e3d7058234a5ebbae1ab4b8c23,0x70a72833d6bf7f508c8224ce59ea1ef3d0ea3a38,0,200000,160000000000,0xa9059cbb000000000000000000000000001b8562e7c310ce5e26fe261bf3fa459e67cd3400000000000000000000000000000000000000000000003635c9adc5dea00000,0xa9059cbb,"transfer(address _to, uint256 _value)",,400987,1,52331,14434459,0
10962200,0x69a05bffa3f361a7596f5dfda5f1383f0e58bddbcc5ed7e3fc178e49f5f616e8,1601447734,0x4d8a18f250fa58da1c27652839b81d503b85f03a5440cd4751f774fe9708b142,55,40,0xeb31973e0febf3e3d7058234a5ebbae1ab4b8c23,0x70a72833d6bf7f508c8224ce59ea1ef3d0ea3a38,0,200000,160000000000,0xa9059cbb000000000000000000000000001b8562e7c310ce5e26fe261bf3fa459e67cd340000000000000000000000000000000000000000000845951614014880000000,0xa9059cbb,"transfer(address _to, uint256 _value)",,1806027,1,37343,14434447,0
10962215,0x6a1e7a02e15382317ee6fc376ca9a71cd6f330a3bcbb88c2655ff81f36fe600a,1601447957,0x7a1082e3988741b7c465f209d5826b1e14a154c61cc0ed4df1851eb0c6370dcb,56,6,0xeb31973e0febf3e3d7058234a5ebbae1ab4b8c23,0xbf2179859fc6d5bee9bf9158632dc51678a4100e,0,200000,160000000000,0xa9059cbb0000000000000000000000002c0b10fcb0211daf4ce87cb0d708e8887e722cc200000000000000000000000000000000000000000000d45c87a756b588000000,0xa9059cbb,"transfer(address _to, uint256 _value)",,450004,1,53364,14434432,0
10962225,0xa8224473ecea0a413e03eb1e606b9c5fe8f90b3e94c2c43502db034e50aad191,1601448078,0x4300461f1ace5a80452e61bcfe4de7c69d814516c3751a5aea9cd285ae8370da,57,43,0xeb31973e0febf3e3d7058234a5ebbae1ab4b8c23,0xa4e8c3ec456107ea67d3075bf9e3df3a75823db0,0,200000,160000000000,0xa9059cbb0000000000000000000000002c0b10fcb0211daf4ce87cb0d708e8887e722cc2000000000000000000000000000000000000000000025b1cb6a1b23800000000,0xa9059cbb,"transfer(address _to, uint256 _value)",,1311725,1,52113,14434422,0
10962245,0x3601089ecc958307ae35a26518701b45f208076b7eee323131debff3d4f2af5e,1601448422,0xb0cb3d502933a81ab58787260b13934baf8e06caffb86403b6efa833c500ff3b,58,32,0xeb31973e0febf3e3d7058234a5ebbae1ab4b8c23,0xf04a8ac553fcedb5ba99a64799155826c136b0be,0,200000,160000000000,0xa9059cbb0000000000000000000000002c0b10fcb0211daf4ce87cb0d708e8887e722cc20000000000000000000000000000000000000000000518942213080d00000000,0xa9059cbb,"transfer(address _to, uint256 _value)",,1239712,1,54105,14434402,0
10962275,0x473aebf3faa141f4f016495f7e23314ea41dc330254d2951ed9f55e8a0654545,1601448788,0x378f152396526aa52d703c859c07fa8c51d11019534461dad0a7dd0069c6d19d,59,20,0xeb31973e0febf3e3d7058234a5ebbae1ab4b8c23,0xa15c7ebe1f07caf6bff097d8a589fb8ac49ae5b3,0,200000,160000000000,0xa9059cbb0000000000000000000000002c0b10fcb0211daf4ce87cb0d708e8887e722cc2000000000000000000000000000000000000000000c5bf82502f705800000000,0xa9059cbb,"transfer(address _to, uint256 _value)",,1324144,1,54297,14434372,0
10962442,0xa2bb2c3071592c50d73190c38226a076b50ce23c50f01564ebd4dde75def711b,1601451175,0x3053630a1dcd18de28202fa0c9a4f3dd6683ea47eb2b3956e0fc75abca2f6998,60,132,0xeb31973e0febf3e3d7058234a5ebbae1ab4b8c23,0x8eb24319393716668d768dcec29356ae9cffe285,0,200000,160000000000,0xa9059cbb0000000000000000000000005c8e4baf7f256cfd9455a51512926ba07e302b0a000000000000000000000000000000000000000000000000000000e8d4a51000,0xa9059cbb,"transfer(address _to, uint256 _value)",,3071594,1,53147,14434205,0
10962566,0xfb09970c2b4ecb3390a290b34dfc6b5bcfd83ce6f96a06f84e297d7fd83456b0,1601452803,0x20b535df1c5e8241933e9a5d40266c3fdb3878b28f921ea7a6974a91c157099b,61,30,0xeb31973e0febf3e3d7058234a5ebbae1ab4b8c23,0x8eb24319393716668d768dcec29356ae9cffe285,0,200000,160000000000,0xa9059cbb0000000000000000000000005c8e4baf7f256cfd9455a51512926ba07e302b0a00000000000000000000000000000000000000000000000000038d7ea4c68000,0xa9059cbb,"transfer(address _to, uint256 _value)",,986383,1,53171,14434081,0
10963078,0xde984fc08b244006ce810827645dceb22350fe2dd14fa108705189c4e6780b3e,1601460033,0x07c64fd6f171e20e3c8568109260c1deca758bc3433a7dcfbda4fed3d02cbad0,27,136,0xc1011630ecc21554396a262096641fa4149feb73,0xeb31973e0febf3e3d7058234a5ebbae1ab4b8c23,0,25000,206000000000,0x74726164652045544820666f7220584d52206f6e204d6f727068746f6b656e20616e64204c6f63616c4d6f6e65726f20776974686f7574204b5943,0x74726164,,,5874439,1,21944,14433569,0
10963233,0x90e51fafb40845ec46de4c20fc677666e74cf493373a18088f7fd1f6b8e89128,1601462142,0x5cc71de27a6525018690a7dc5234cedba9870871ab7e9236fbb7a139225e8347,62,180,0xeb31973e0febf3e3d7058234a5ebbae1ab4b8c23,0x915044526758533dfb918eceb6e44bc21632060d,0,200000,160000000000,0xa9059cbb000000000000000000000000a53605cae63a95772582a084e5d22c230a62c0d400000000000000000000000000000000000000000000000000000045d964b800,0xa9059cbb,"transfer(address _to, uint256 _value)",,10304985,1,51108,14433414,0
10963256,0x877049b9cbf07b3faa0c1095a377ac6cd376ee861589081fc5bd836e8e91fe19,1601462362,0x4b13dfa4fba221553a08b788b4276a340fff1be814fae0fa6bc18a149d6db8fa,63,139,0xeb31973e0febf3e3d7058234a5ebbae1ab4b8c23,0xa0b73e1ff0b80914ab6fe0444e65848c4c34450b,0,200000,160000000000,0xa9059cbb000000000000000000000000a76088c1a9a4bbb2ab39a378fd4b9fb70c22b7970000000000000000000000000000000000000000000000000000065dd0837000,0xa9059cbb,"transfer(address _to, uint256 _value)",,8466379,1,53449,14433391,0
10963288,0x2b9cea8b0cf3c0aba56d7d05697689ceda092b5462b2885e219966b7b93179ab,1601462804,0x25340e5837ad6c347af37ebe5cbac6d21c659e805d9b065d5d524597b91fc08c,64,167,0xeb31973e0febf3e3d7058234a5ebbae1ab4b8c23,0x1d287cc25dad7ccaf76a26bc660c5f7c8e2a05bd,0,200000,160000000000,0xa9059cbb000000000000000000000000edfa620a7859f69504e58751714aee8ce2fb0c1a000000000000000000000000000000000000000000001fc3842bd1f072000000,0xa9059cbb,"transfer(address _to, uint256 _value)",,10474074,1,53871,14433359,0
10963288,0x2b9cea8b0cf3c0aba56d7d05697689ceda092b5462b2885e219966b7b93179ab,1601462804,0x7566dd514cb1ce6fd3f80b49025796e0bb27a01ec2a5877b7a0e85db274f7d90,65,168,0xeb31973e0febf3e3d7058234a5ebbae1ab4b8c23,0x0f5d2fb29fb7d3cfee444a200298f468908cc942,0,200000,160000000000,0xa9059cbb000000000000000000000000b0b7c4cbc067da8c267d14cf7df09823c052bf11000000000000000000000000000000000000000000001969368974c05b000000,0xa9059cbb,"transfer(address _to, uint256 _value)",,10526511,1,52437,14433359,0
10963288,0x2b9cea8b0cf3c0aba56d7d05697689ceda092b5462b2885e219966b7b93179ab,1601462804,0x3a40a8fef497704aee6cb4347c594ab54f4e4055f3fe746eb57ad4d0e08b1bb2,66,169,0xeb31973e0febf3e3d7058234a5ebbae1ab4b8c23,0x1c83501478f1320977047008496dacbd60bb15ef,0,200000,160000000000,0xa9059cbb000000000000000000000000b0b7c4cbc067da8c267d14cf7df09823c052bf1100000000000000000000000000000000000000000000152d02c7e14af6000000,0xa9059cbb,"transfer(address _to, uint256 _value)",,10582809,1,56298,14433359,0
10964527,0x501ec9a969217dc2079ae15695dda061ec0e757051994806457a589a377cdb04,1601479258,0x1138671db79de591cb2a9d390d2e725bca3828bde3a34673b574f01e4d73b936,67,195,0xeb31973e0febf3e3d7058234a5ebbae1ab4b8c23,0xa0b73e1ff0b80914ab6fe0444e65848c4c34450b,0,200000,160000000000,0xa9059cbb000000000000000000000000a76088c1a9a4bbb2ab39a378fd4b9fb70c22b79700000000000000000000000000000000000000000000000000003faa25226000,0xa9059cbb,"transfer(address _to, uint256 _value)",,6576572,1,53449,14432120,0
10964527,0x501ec9a969217dc2079ae15695dda061ec0e757051994806457a589a377cdb04,1601479258,0x1502dec886e74f4a34cb2cd4cb1a9c5b587c3518f31244e74c408e4cc032fb84,68,197,0xeb31973e0febf3e3d7058234a5ebbae1ab4b8c23,0x1d287cc25dad7ccaf76a26bc660c5f7c8e2a05bd,0,200000,160000000000,0xa9059cbb000000000000000000000000edfa620a7859f69504e58751714aee8ce2fb0c1a000000000000000000000000000000000000000000013da329b6336470000000,0xa9059cbb,"transfer(address _to, uint256 _value)",,6660701,1,53883,14432120,0
10964528,0x57599d74c33eb299e16f143386a8de8669f24ab50cba7fe9f892bf5fb27d826f,1601479301,0x1e83a86a31110359be739f9016ede72883f17ae06a9be33195fad03bfc48c42f,69,6,0xeb31973e0febf3e3d7058234a5ebbae1ab4b8c23,0x0f5d2fb29fb7d3cfee444a200298f468908cc942,0,200000,160000000000,0xa9059cbb000000000000000000000000b0b7c4cbc067da8c267d14cf7df09823c052bf1100000000000000000000000000000000000000000000fe1c215e8f8390000000,0xa9059cbb,"transfer(address _to, uint256 _value)",,435527,1,52437,14432119,0
10964877,0x9bb8eb4621aca5a9f46b75c9f4e6d6ec736e0dea7c43215af0b5bd7eb6bbfd55,1601484132,0x0f9157adda58065e81b5fd9e3d90f4ef2583b7ef9174bbfec788fa5ce5a508d0,70,38,0xeb31973e0febf3e3d7058234a5ebbae1ab4b8c23,0x8eb24319393716668d768dcec29356ae9cffe285,0,200000,160000000000,0xa9059cbb0000000000000000000000005c8e4baf7f256cfd9455a51512926ba07e302b0a00000000000000000000000000000000000000000000000000071afd498d0000,0xa9059cbb,"transfer(address _to, uint256 _value)",,1550886,1,53159,14431770,0
10964896,0x17bb015b3b53f04ec9f409a3eb2604e399d22f3b48a34970c3cc2aa7e81081ab,1601484372,0x0aaebda08e8c8fe5860bdd30e13f0ef01255b572eb5199e6440a541c8acbf6ba,71,16,0xeb31973e0febf3e3d7058234a5ebbae1ab4b8c23,0xe41d2489571d322189246dafa5ebde1f4699f498,0,200000,160000000000,0xa9059cbb000000000000000000000000edfa620a7859f69504e58751714aee8ce2fb0c1a000000000000000000000000000000000000000000004b022e4b7c4f58000000,0xa9059cbb,"transfer(address _to, uint256 _value)",,1000749,1,53494,14431751,0
10966255,0x3bc933ec42d9b3f03375ded310ad61abedb454dc79656598f6c262d9cff86ec4,1601502379,0x4d84e770732ddde0a562c6f845ddb74a83e6806895f1ad7aec1d71e8541fcb55,72,0,0xeb31973e0febf3e3d7058234a5ebbae1ab4b8c23,0xa0b73e1ff0b80914ab6fe0444e65848c4c34450b,0,200000,160000000000,0xa9059cbb000000000000000000000000a76088c1a9a4bbb2ab39a378fd4b9fb70c22b79700000000000000000000000000000000000000000000000000003faa25226000,0xa9059cbb,"transfer(address _to, uint256 _value)",,53449,1,53449,14430392,0
10966761,0x8743f692872871cd30fb44d9421ad719adf20f0a20f677a01a8430a74fd42e26,1601508879,0x0c27696d0c9c06d983a0d2e40a980e12d49f9770a905000c90857b1f5c78f5c1,73,7,0xeb31973e0febf3e3d7058234a5ebbae1ab4b8c23,0xa0b73e1ff0b80914ab6fe0444e65848c4c34450b,0,200000,160000000000,0xa9059cbb000000000000000000000000a76088c1a9a4bbb2ab39a378fd4b9fb70c22b797000000000000000000000000000000000000000000000000000110d9316ec000,0xa9059cbb,"transfer(address _to, uint256 _value)",,466572,1,53461,14429886,0
10967488,0x69a4d9c0a5b39610529dcc633741dbc6399067f41566fe3363980da43addb28c,1601519113,0xb098d2a8d469d3e0866860d3752533b19fa64fc40744f8b0949f19ab1a5df14d,74,7,0xeb31973e0febf3e3d7058234a5ebbae1ab4b8c23,0xa0b73e1ff0b80914ab6fe0444e65848c4c34450b,0,200000,160000000000,0xa9059cbb000000000000000000000000a76088c1a9a4bbb2ab39a378fd4b9fb70c22b7970000000000000000000000000000000000000000000000000000f1cca4e39280,0xa9059cbb,"transfer(address _to, uint256 _value)",,254159,1,53461,14429159,0
10969392,0xc1d687d3e3832c4250c38916814a9b4ac584fbdc98ed08ee98437b68826ed6fb,1601545174,0x786a2fc64b11440b6eb2292a39de37467aa249065d0200369011240f1ad5368f,75,1,0xeb31973e0febf3e3d7058234a5ebbae1ab4b8c23,0xaa7a9ca87d3694b5755f213b5d04094b8d0f0a6f,0,200000,160000000000,0xa9059cbb00000000000000000000000007e8502e6977cdab2614265f17ca6f956217537200000000000000000000000000000000000000000000152d02c7e14af6000000,0xa9059cbb,"transfer(address _to, uint256 _value)",,74356,1,53356,14427255,0
10969438,0xc91c4f2572a20714202c42db38461a8ef3b3c67cbcdbfd5cab9230c40c1789f9,1601545767,0x482d79b3c83d5580019fb97bd4b840910b685ea2cfdfbe89b49f3da9ca6019f4,76,2,0xeb31973e0febf3e3d7058234a5ebbae1ab4b8c23,0x0763fdccf1ae541a5961815c0872a8c5bc6de4d7,0,200000,160000000000,0xa9059cbb000000000000000000000000744df09cf9c6b1ee216eb874d1e645db6f06b161000000000000000000000000000000000000000000064c94eb562d4580000000,0xa9059cbb,"transfer(address _to, uint256 _value)",,367194,1,52921,14427209,0
10969460,0x2d529f2e361646e2ec38d75f3fe09ccce66de35b6dbb816d118215cb678de162,1601546009,0xbfa4c9fc40b888fcce3b870e98b61c1fa3477a29e57204f7e8abb9dad51788b3,77,16,0xeb31973e0febf3e3d7058234a5ebbae1ab4b8c23,0x0f5d2fb29fb7d3cfee444a200298f468908cc942,0,200000,160000000000,0xa9059cbb000000000000000000000000b0b7c4cbc067da8c267d14cf7df09823c052bf1100000000000000000000000000000000000000000003f83e300b6512e0000000,0xa9059cbb,"transfer(address _to, uint256 _value)",,637485,1,52449,14427187,0
10969473,0xbfca84d27d232be8020c7d7fbacc20e3df8c47c3184c78d5a0235ced0b297384,1601546289,0x04d47e39212fa4ee41a316af91dede09938c32d0096789b08c6725ff5bed3d63,78,2,0xeb31973e0febf3e3d7058234a5ebbae1ab4b8c23,0xa8b919680258d369114910511cc87595aec0be6d,0,200000,160000000000,0xa9059cbb000000000000000000000000d59371195082b2a6fa9f2c1a280a15d02b72fc110000000000000000000000000000000000000000000083dc022df23268000000,0xa9059cbb,"transfer(address _to, uint256 _value)",,149633,1,72436,14427174,0
10969479,0xa7280e73669b3903dc63f4d4e1f2d6d0f6c6574203a206c178f0f8b69fcee4c4,1601546353,0x728adfab597b27e7e36257b4bf6af5927c61f48f8a3d64d00119cc69e23512bb,79,5,0xeb31973e0febf3e3d7058234a5ebbae1ab4b8c23,0xed91879919b71bb6905f23af0a68d231ecf87b14,0,200000,160000000000,0xa9059cbb000000000000000000000000d59371195082b2a6fa9f2c1a280a15d02b72fc110000000000000000000000000000000000000000000255bbf0f94464e0000000,0xa9059cbb,"transfer(address _to, uint256 _value)",,448956,1,55728,14427168,0
10969543,0xef028f54fc66e28d1797a1ec2ddc1e6495e9e9e75e873ff3b654b6c73cb9b6b9,1601547076,0xf9f4608a227b67b8a869ba07af9ebd477092f1d6d4280743072ca04406280064,87,104,0xe17c1e1bb61ab500535d12c670253f15fe8f1497,0xeb31973e0febf3e3d7058234a5ebbae1ab4b8c23,0,21000,56000000000,0x,0x,,,7945719,1,21000,14427104,0
10975106,0x98a1c6f3db07c961bdd4464e6d4b43ad3a804900713f92c1eeb14f4ff43b3875,1601621243,0x451979c4c01ec9af1217a2b7cdf92d5987f53898ffb52d2f7650822d37363631,80,61,0xeb31973e0febf3e3d7058234a5ebbae1ab4b8c23,0x8eb24319393716668d768dcec29356ae9cffe285,0,200000,160000000000,0xa9059cbb000000000000000000000000b0b7c4cbc067da8c267d14cf7df09823c052bf110000000000000000000000000000000000000000000000000004d3ce50ba1a20,0xa9059cbb,"transfer(address _to, uint256 _value)",,5915240,1,53183,14421541,0
10975115,0xa861d07d03a441d0fd150975e5f6529c2072e832a0d96fa65bec098c387abc50,1601621412,0xbab066080b3d54ba357ef1174a946a8edac72a41d9700434478ab58f1ff8c19f,81,37,0xeb31973e0febf3e3d7058234a5ebbae1ab4b8c23,0x8290333cef9e6d528dd5618fb97a76f268f3edd4,0,200000,160000000000,0xa9059cbb00000000000000000000000057d7b1c4510012a09141571072a2fdaf755605130000000000000000000000000000000000000000000069e10de76676d0000000,0xa9059cbb,"transfer(address _to, uint256 _value)",,2296172,1,52129,14421532,0
10975138,0x17deb2475fbe67fc69b0e0c840ded6168344a3a290902418399d651fe0190431,1601621712,0xf2bc83aa4bbf410a0fb9766a8f4e2eed7b4f8f52a4ed3ff0eed11003b724d4d9,82,119,0xeb31973e0febf3e3d7058234a5ebbae1ab4b8c23,0x4e15361fd6b4bb609fa63c81a2be19d873717870,0,200000,160000000000,0xa9059cbb0000000000000000000000003756b2f7626355bd8bb6b3dec8c279f2bacb21a800000000000000000000000000000000000000000013ae32604586d300000000,0xa9059cbb,"transfer(address _to, uint256 _value)",,6232552,1,55067,14421509,0
10975246,0x7340e759a4b2d7eb15ad6faa806c2f19d4cc4cd95e22bd9e6fc92fb3e7a1c5ae,1601623101,0xf2e6152e4088c754cb2408a77d4b6aaf1f2bf1f2cb23436d54f053e60fa14256,83,7,0xeb31973e0febf3e3d7058234a5ebbae1ab4b8c23,0xaa7a9ca87d3694b5755f213b5d04094b8d0f0a6f,0,200000,160000000000,0xa9059cbb00000000000000000000000007e8502e6977cdab2614265f17ca6f95621753720000000000000000000000000000000000000000000845951614014880000000,0xa9059cbb,"transfer(address _to, uint256 _value)",,371682,1,53368,14421401,0
10975254,0x613eef219a53eede382743513509cce1d9202e7fbe9e02231c5f048eae0863a4,1601623212,0x86193020a8ef782733ffb58f20e4b4f808812d80f7efa049d8d892a40928864c,84,30,0xeb31973e0febf3e3d7058234a5ebbae1ab4b8c23,0x6b175474e89094c44da98b954eedeac495271d0f,0,200000,160000000000,0xa9059cbb000000000000000000000000dacccdeff4ab600fa281cab0cb6d53ce7692b1890000000000000000000000000000000000000000000050df506c7aefdc000000,0xa9059cbb,"transfer(address _to, uint256 _value)",,1235682,1,52018,14421393,0
10976544,0x10a0f7c18462ab87ac50e7ffb42b2538c7fc24f176a8f90f97e920caeee1c2ea,1601640929,0xe97f796f2726b0e239c276c4dbc6a9c50be5d3d25957d6d1707af5d25ac8e45f,85,57,0xeb31973e0febf3e3d7058234a5ebbae1ab4b8c23,0xba50933c268f567bdc86e1ac131be072c6b0b71a,0,200000,160000000000,0xa9059cbb000000000000000000000000a76088c1a9a4bbb2ab39a378fd4b9fb70c22b797000000000000000000000000000000000000000000006bd1961d11e214000000,0xa9059cbb,"transfer(address _to, uint256 _value)",,3681438,1,52291,14420103,0
10977200,0xe90aad0c9df3293f13efa2b2142f26c120a45873d62920d2753e2f6fc74a3079,1601649624,0x69bea84a21d5e7f59ffd4a6282ee8e8ae3cbd3d56f1107532a1f06c4690b3c12,86,7,0xeb31973e0febf3e3d7058234a5ebbae1ab4b8c23,0x595832f8fc6bf59c85c527fec3740a1b7a361269,0,200000,160000000000,0xa9059cbb000000000000000000000000a76088c1a9a4bbb2ab39a378fd4b9fb70c22b797000000000000000000000000000000000000000000000000000002a656500f10,0xa9059cbb,"transfer(address _to, uint256 _value)",,694013,1,51838,14419447,0
10977304,0x2d376bcc03de8235a9bf3cfe69ef82223866153239cc174920c7a60570e22e95,1601650999,0xf383b86aec7eb053406886cd2eddbcea81ba027db5c6be93fe9fc8780d76c135,87,14,0xeb31973e0febf3e3d7058234a5ebbae1ab4b8c23,0x8290333cef9e6d528dd5618fb97a76f268f3edd4,0,200000,160000000000,0xa9059cbb000000000000000000000000e662d4a8a98cb34eb519413dc76327ea406a98360000000000000000000000000000000000000000000422ca8b0a00a440000000,0xa9059cbb,"transfer(address _to, uint256 _value)",,980591,1,52141,14419343,0
10977304,0x2d376bcc03de8235a9bf3cfe69ef82223866153239cc174920c7a60570e22e95,1601650999,0xa3c0730445c8e39963e3a2b9c60c736e1576480da9eab7aa3f8a79b8c32a8c60,88,157,0xe17c1e1bb61ab500535d12c670253f15fe8f1497,0xeb31973e0febf3e3d7058234a5ebbae1ab4b8c23,0,21000,64000000000,0x,0x,,,12246739,1,21000,14419343,0
10977651,0xbb0c73932b6712ac63f905f277b0e7dce567f4efc93266b73846252ab80976c3,1601655657,0xe77ff5382532f0f2111a7b8ba2698d8ec47df1213fff0707829b397754045e99,88,30,0xeb31973e0febf3e3d7058234a5ebbae1ab4b8c23,0x1d287cc25dad7ccaf76a26bc660c5f7c8e2a05bd,0,200000,160000000000,0xa9059cbb000000000000000000000000edfa620a7859f69504e58751714aee8ce2fb0c1a0000000000000000000000000000000000000000000bd486584e80b500000000,0xa9059cbb,"transfer(address _to, uint256 _value)",,1424554,1,53871,14418996,0
10977733,0xd1c25d4036affeac5709d1a81e1aabe9de01602e1454fb1296550fe1c3de4c6d,1601656930,0xdef479ede52d5182ae956b5f4f4686742ecefd4e2149024396d14b11879cecda,89,12,0xeb31973e0febf3e3d7058234a5ebbae1ab4b8c23,0x8290333cef9e6d528dd5618fb97a76f268f3edd4,0,200000,160000000000,0xa9059cbb0000000000000000000000008c91623454056728227d5c24dae8c171b46f2b9500000000000000000000000000000000000000000004f68ca6d8cd91c0000000,0xa9059cbb,"transfer(address _to, uint256 _value)",,517688,1,52153,14418914,0
10978037,0x9accb06f59322f489ebc19afde2d03d3960c3afad21a3ecff6e9831a5db7b958,1601661335,0xd0376e28c4233c2aa3b7278bd68fe01ce39e2175114e8c3faff322336932a85a,90,4,0xeb31973e0febf3e3d7058234a5ebbae1ab4b8c23,0x8290333cef9e6d528dd5618fb97a76f268f3edd4,0,200000,160000000000,0xa9059cbb0000000000000000000000008191f8e188b3b33e6b43ae47d5816f1bf876c8300000000000000000000000000000000000000000004b7bcc69dea75400000000,0xa9059cbb,"transfer(address _to, uint256 _value)",,164553,0,23145,14418610,1
10978061,0xa5db87bb0a87931af31bcd755b84a205126b2145840af016c776ba34da60f3de,1601661652,0xd10f74ad3472e8eb09ffd03154eaf7c5e55576630183a640271b05e7853585ec,91,3,0xeb31973e0febf3e3d7058234a5ebbae1ab4b8c23,0x8290333cef9e6d528dd5618fb97a76f268f3edd4,0,200000,160000000000,0xa9059cbb0000000000000000000000008191f8e188b3b33e6b43ae47d5816f1bf876c8300000000000000000000000000000000000000000004b7bcc69b077e800000000,0xa9059cbb,"transfer(address _to, uint256 _value)",,109525,0,23145,14418586,1
10978071,0x8fcc010692882bbc0b288db688c42fe3489b0bd2a908241d54f90dc459adcf9b,1601661805,0x8732943bc12b98fab8d25587d380dd416b1c365b1fd4d50c1ba6dabf1c046db6,92,8,0xeb31973e0febf3e3d7058234a5ebbae1ab4b8c23,0x8290333cef9e6d528dd5618fb97a76f268f3edd4,0,200000,160000000000,0xa9059cbb0000000000000000000000008191f8e188b3b33e6b43ae47d5816f1bf876c83000000000000000000000000000000000000000000046853fc305d9c400000000,0xa9059cbb,"transfer(address _to, uint256 _value)",,221686,1,52141,14418576,0
10981463,0x98b3c04fee106e88e038ed2dbda29f05fc809cbf59f5096d43c57a7ebf302749,1601708008,0x2511d0c5891d6359601ac0e9185da5edf2c8d8d690acf9680ee71ab9e86a481a,93,13,0xeb31973e0febf3e3d7058234a5ebbae1ab4b8c23,0x8290333cef9e6d528dd5618fb97a76f268f3edd4,0,200000,160000000000,0xa9059cbb0000000000000000000000001ef48c55034808fe6a11b0f3a850f0f844a865bb00000000000000000000000000000000000000000000003635c9adc5dea00000,0xa9059cbb,"transfer(address _to, uint256 _value)",,824320,0,23145,14415184,1
10981484,0xa667f3c90ae9b7a5a0d764b7e06a3ab6849386b1b09aff50d0964fbb4446595b,1601708288,0xa7db8cfd96b13aab6874e84cd7c81e2ec67040f15a2dacb9abde3d14b9c7645b,94,23,0xeb31973e0febf3e3d7058234a5ebbae1ab4b8c23,0xc0134b5b924c2fca106efb33c45446c466fbe03e,0,200000,160000000000,0xa9059cbb0000000000000000000000001ef48c55034808fe6a11b0f3a850f0f844a865bb00000000000000000000000000000000000000000000003635c9adc5dea00000,0xa9059cbb,"transfer(address _to, uint256 _value)",,754590,1,51645,14415163,0
10982338,0xe3ad69577bc0a921000572a4d975ba71f98adde0f8c5210f430159accb903f60,1601719375,0x729623190cf2a4194b35f70d37d68a302d16467c628aec5480e560f40182d633,95,11,0xeb31973e0febf3e3d7058234a5ebbae1ab4b8c23,0x915044526758533dfb918eceb6e44bc21632060d,0,200000,160000000000,0xa9059cbb00000000000000000000000057d7b1c4510012a09141571072a2fdaf7556051300000000000000000000000000000000000000000000000000000002540be400,0xa9059cbb,"transfer(address _to, uint256 _value)",,503773,1,51096,14414309,0
10982349,0x601d0ed439c9e8213f9b233427d0593050d88f05d39429ae7cf1ac717e4888d8,1601719581,0x0ff9380553698d2c44025819afcc90bfe4a476c34e17c0400291a37075897a76,96,8,0xeb31973e0febf3e3d7058234a5ebbae1ab4b8c23,0x915044526758533dfb918eceb6e44bc21632060d,0,200000,160000000000,0xa9059cbb00000000000000000000000057d7b1c4510012a09141571072a2fdaf755605130000000000000000000000000000000000000000000000000000231737325750,0xa9059cbb,"transfer(address _to, uint256 _value)",,471862,1,36120,14414298,0
11035006,0xaf789c610960628009351a3427ae98d6067d2747a6a56a19aa43719b8443f3cc,1602429977,0x835bc7f98da6b90216527ffdece3a383501ea0a515dcc0c8113e028be32164d5,49,149,0xc2ea0584a6b5df8ad2c488a208b2f1ac25f4019f,0xeb31973e0febf3e3d7058234a5ebbae1ab4b8c23,886573887074590,21000,36000000000,0x,0x,,,11628548,1,21000,14361641,0
11048762,0x7dfb0370eb074aac154ec2064de468af67dc2ea64802ac192ed5caeb7956a61f,1602611487,0x83a828e2569271674e00e3f9ff5f3cc9fcbfd2dbe9cbc0d6d7f3986220654d26,13,178,0x1eb0b2fbf6fcdafaab68c463e3ae974dea72fc4b,0xeb31973e0febf3e3d7058234a5ebbae1ab4b8c23,600000000000000,21000,50000000000,0x,0x,,,11034390,1,21000,14347885,0
11086727,0x017d4146ccff0537e866422f5ba4d7b9567c4133e626de3f52309a9a048a19a9,1603114807,0x955d27f9aebb184658153cdfe2e60751abf6ae084596b0eab93179c7e535fe22,97,18,0xeb31973e0febf3e3d7058234a5ebbae1ab4b8c23,0x8ab7404063ec4dbcfd4598215992dc3f8ec853d7,0,200000,160000000000,0xa9059cbb000000000000000000000000d59371195082b2a6fa9f2c1a280a15d02b72fc1100000000000000000000000000000000000000000000003635c9adc5dea00000,0xa9059cbb,"transfer(address _to, uint256 _value)",,900557,0,31524,14309920,1
11091920,0x9d6d8e80239074622106b189f44eb6c492a8f17d9771122fa4feb28201847f4e,1603182689,0x951dd338733f2388a42d51e9efb304b63ba3cdb3744d964ba1157028e8d89ced,98,9,0xeb31973e0febf3e3d7058234a5ebbae1ab4b8c23,0x973e52691176d36453868d9d86572788d27041a9,0,200000,160000000000,0xa9059cbb000000000000000000000000d59371195082b2a6fa9f2c1a280a15d02b72fc1100000000000000000000000000000000000000000000003635c9adc5dea00000,0xa9059cbb,"transfer(address _to, uint256 _value)",,583986,1,53211,14304727,0
11111219,0x98665d5ddeaba6f3ce1b07f4d36e77bd78e9a83d299200cfc68112a813112242,1603438622,0xbe320cc6fd2a7c15878b62ccea209c647c41e0da0ebb748544f474263784e283,99,112,0xeb31973e0febf3e3d7058234a5ebbae1ab4b8c23,0x34a17418cec67b82d08cf77a987941f99dc87c6b,20000000000000000000,22000,160000000000,0x,0x,,,2436053,1,21000,14285428,0
11111233,0xf4f67b218960d0f8784308d6515a5f86438a96bfa2ab8f4e1e836577e0aeb9a5,1603438823,0x68b43c9e2748edd477fdf145435548feef6f87641dabb13f8705985b6c27680d,100,0,0xeb31973e0febf3e3d7058234a5ebbae1ab4b8c23,0x34a17418cec67b82d08cf77a987941f99dc87c6b,11500000000000000000000,22000,160000000000,0x,0x,,,21000,1,21000,14285414,0
11131625,0x7ab6dae7c94d941b4a113a7265aa99fe4d06923881df438a74e969e54611244e,1603709735,0x85dfaf7c492d05875e1452b83cde057499b829a1b8fabbd4a3db8b4fed25da83,115,65,0x34a17418cec67b82d08cf77a987941f99dc87c6b,0xeb31973e0febf3e3d7058234a5ebbae1ab4b8c23,8857285788000000000,21000,27000000000,0x,0x,,,3847890,1,21000,14265022,0
11150151,0x1c0ea7862074c39b328358b705536d36ada7087c0448c44640d112174cda5371,1603954484,0xe861af3e87fff74d8c287e469a2eb62c1161a4c54d4b5f6ee11cb4585a8010d1,101,16,0xeb31973e0febf3e3d7058234a5ebbae1ab4b8c23,0x170fdf119d849d18bedd6054429a38a31830490e,8970000000000000,22000,160000000000,0x,0x,,,1127792,1,21000,14246496,0
11150969,0xc552bb35621256084cba9a97943bb28f8dc1cf2d1750bc5d071e49eaef39222a,1603965673,0x374454838a4eae6c47e9d69766bb4c9329c184eae96e56d7ff5bf65402284ffd,102,33,0xeb31973e0febf3e3d7058234a5ebbae1ab4b8c23,0x6425c6be902d692ae2db752b3c268afadb099d3b,0,200000,160000000000,0xa9059cbb000000000000000000000000c11b690c1eb5ddcd28a4a52176e7778be1d9d6630000000000000000000000000000000000000000003ab8bb918e256800000000,0xa9059cbb,"transfer(address _to, uint256 _value)",,2264040,1,53379,14245678,0
11189263,0xebd186d64ccb834ed8a76720f2c0d545c8e9f484b6bd9d0e5673638aca7691d3,1604473996,0xf3d4b7a3c2163d46b2d850a314f2f3144b05ffbf482df18da4b7d218583a349e,103,1,0xeb31973e0febf3e3d7058234a5ebbae1ab4b8c23,0xaffcdd96531bcd66faed95fc61e443d08f79efef,0,200000,160000000000,0xa9059cbb0000000000000000000000002b9fde1ee93f17e7534674b777f4fcc1a371e4bf00000000000000000000000000000000000000000000000000000000000003e8,0xa9059cbb,"transfer(address _to, uint256 _value)",,57043,0,33531,14207384,1
11190126,0xcee6d369266d774997d08226d02f3b6845a3f3412dd8a36e50cc4c7fa9457fd7,1604485580,0x25ccfbd2fdb7e661652ef382bdc61304275f3ee11c8e4e3591f3c51773724d98,104,0,0xeb31973e0febf3e3d7058234a5ebbae1ab4b8c23,0xd321ca7cd7a233483b8cd5a11a89e9337e70df84,0,200000,160000000000,0xa9059cbb0000000000000000000000002b9fde1ee93f17e7534674b777f4fcc1a371e4bf000000000000000000000000000000000000000000000000002386f26fc10000,0xa9059cbb,"transfer(address _to, uint256 _value)",,51294,1,51294,14206521,0
11190147,0xf06e3ae2f7a882888a2fe3b9028436e2a94a159a466d1264bd1aefcea7d5ed6c,1604485878,0x109ab98a54ad49909eff5e71ea7a406a8fc10bafe30f310bae57a92f36a3b3f3,105,2,0xeb31973e0febf3e3d7058234a5ebbae1ab4b8c23,0x9fbfed658919a896b5dc7b00456ce22d780f9b65,0,200000,160000000000,0xa9059cbb0000000000000000000000002b9fde1ee93f17e7534674b777f4fcc1a371e4bf000000000000000000000000000000000000000000000000002386f26fc10000,0xa9059cbb,"transfer(address _to, uint256 _value)",,93130,1,51130,14206500,0
11190175,0x33e8fb339a8de86404fb16c24d6f4e4b06852d5a6c1cf747d58701f84cc57d39,1604486276,0x52db0db3437cff34184098041c0cb194928c65fc1fc090d7332c7fd07ac36280,106,3,0xeb31973e0febf3e3d7058234a5ebbae1ab4b8c23,0x55296f69f40ea6d20e478533c15a6b08b654e758,0,200000,160000000000,0xa9059cbb0000000000000000000000002b9fde1ee93f17e7534674b777f4fcc1a371e4bf000000000000000000000000000000000000000000000000002386f26fc10000,0xa9059cbb,"transfer(address _to, uint256 _value)",,155143,1,57119,14206472,0
11190196,0x4cf7ce22f7aad86bf4da9437bb39197d940848ab620c7a46e5ce0b712c4ff67d,1604486538,0x43591fa09e516ef856dffdd3bd6ef944ac2741a234b07314148e987d53de1854,107,0,0xeb31973e0febf3e3d7058234a5ebbae1ab4b8c23,0x973e52691176d36453868d9d86572788d27041a9,0,200000,160000000000,0xa9059cbb0000000000000000000000002b9fde1ee93f17e7534674b777f4fcc1a371e4bf000000000000000000000000000000000000000000000000002386f26fc10000,0xa9059cbb,"transfer(address _to, uint256 _value)",,53187,1,53187,14206451,0
11190200,0x8a7bdef7dd3f6b89b5bd78291cdd20b97a482088f80cb2ab0f0a81a009c78af3,1604486600,0xcdadfd7d32806ca3ea14b533b7193cc6d885dc689e275832d741202f076c074d,108,2,0xeb31973e0febf3e3d7058234a5ebbae1ab4b8c23,0x8f8221afbb33998d8584a2b05749ba73c37a938a,0,200000,160000000000,0xa9059cbb0000000000000000000000002b9fde1ee93f17e7534674b777f4fcc1a371e4bf000000000000000000000000000000000000000000000000002386f26fc10000,0xa9059cbb,"transfer(address _to, uint256 _value)",,94472,1,52472,14206447,0
11190226,0x6b4cffce23732d2172b4188f5439ec2d800d27c1d72ec33230d5ec90deb62fc0,1604486854,0xd38a4ac352f0825e8664e7f4fafd45d0a2edee96900c2944e1b66bddd83ab14a,109,1,0xeb31973e0febf3e3d7058234a5ebbae1ab4b8c23,0xa249de6948022783765fee4850d7b85e43118fcc,0,200000,160000000000,0xa9059cbb0000000000000000000000002b9fde1ee93f17e7534674b777f4fcc1a371e4bf000000000000000000000000000000000000000000000000002386f26fc10000,0xa9059cbb,"transfer(address _to, uint256 _value)",,65796,1,52147,14206421,0
11190251,0xe65f16396fa3679ccf59f31d48ef253f11d62d84b47c1bda598495c8a2e9ecbf,1604487285,0x3c9bf4aec371a9c183715acc404ca335964aa442b19eac207c9a8d6d9f428a21,110,50,0xeb31973e0febf3e3d7058234a5ebbae1ab4b8c23,0x419c4db4b9e25d6db2ad9691ccb832c8d9fda05e,0,200000,160000000000,0xa9059cbb0000000000000000000000002b9fde1ee93f17e7534674b777f4fcc1a371e4bf000000000000000000000000000000000000000000000000002386f26fc10000,0xa9059cbb,"transfer(address _to, uint256 _value)",,2398563,1,52111,14206396,0
11190252,0x7484cfd8bd66c95d230b704addb91f38a32aee55f74d0c50202d754496949b85,1604487313,0xe3208e6f54431bbf86666ef70f890bd182c2024b4ff2a57526c79acfa0c7881b,111,17,0xeb31973e0febf3e3d7058234a5ebbae1ab4b8c23,0x8c15ef5b4b21951d50e53e4fbda8298ffad25057,0,200000,160000000000,0xa9059cbb0000000000000000000000002b9fde1ee93f17e7534674b777f4fcc1a371e4bf000000000000000000000000000000000000000000000000002386f26fc10000,0xa9059cbb,"transfer(address _to, uint256 _value)",,707120,1,55216,14206395,0
11190254,0xc009c708e3e18181db345a49f49026a11105cb2b5374b55ffe23f5af5b8e072a,1604487359,0xba45ea6632857617ff33c867641b1104c52b7a6075f08010708bf4d90713aba5,112,4,0xeb31973e0febf3e3d7058234a5ebbae1ab4b8c23,0x6bc1f3a1ae56231dbb64d3e82e070857eae86045,0,200000,160000000000,0xa9059cbb0000000000000000000000002b9fde1ee93f17e7534674b777f4fcc1a371e4bf000000000000000000000000000000000000000000000000002386f26fc10000,0xa9059cbb,"transfer(address _to, uint256 _value)",,142351,0,23327,14206393,1
11190374,0xd6871d7c8c5485510c75be9c8009fd691fdf42eca909f2d97cfbef050ee6d55e,1604489183,0xcc8684dff72c61b50989e9022825accc2bef8df887afb672674b842d0e89ba42,113,1,0xeb31973e0febf3e3d7058234a5ebbae1ab4b8c23,0x327682779bab2bf4d1337e8974ab9de8275a7ca8,0,200000,160000000000,0xa9059cbb0000000000000000000000002b9fde1ee93f17e7534674b777f4fcc1a371e4bf000000000000000000000000000000000000000000000000002386f26fc10000,0xa9059cbb,"transfer(address _to, uint256 _value)",,156907,0,23012,14206273,1
11190377,0x0715dc11c412f69d2f96e97751f3df38ae57669e87be139dee0a9fa488aeb286,1604489275,0xb9643f4fe78bbe4dbd1b628dd159ad4edc67a9c40ecf495f8289fbcef9260a92,114,3,0xeb31973e0febf3e3d7058234a5ebbae1ab4b8c23,0xb6ee9668771a79be7967ee29a63d4184f8097143,0,200000,160000000000,0xa9059cbb0000000000000000000000002b9fde1ee93f17e7534674b777f4fcc1a371e4bf000000000000000000000000000000000000000000000000002386f26fc10000,0xa9059cbb,"transfer(address _to, uint256 _value)",,253292,1,52534,14206270,0
11190384,0x7e3b23d825720ca4047016b562ed39d95c488c4447aa98477d64cbb298617189,1604489354,0x5a99287aef4ed9bc1169147d68ec9c3ae2f8e7ab108806d738ef065a20c6326b,115,0,0xeb31973e0febf3e3d7058234a5ebbae1ab4b8c23,0x2baac9330cf9ac479d819195794d79ad0c7616e3,0,200000,160000000000,0xa9059cbb0000000000000000000000002b9fde1ee93f17e7534674b777f4fcc1a371e4bf000000000000000000000000000000000000000000000000002386f26fc10000,0xa9059cbb,"transfer(address _to, uint256 _value)",,52227,1,52227,14206263,0
11190389,0x8b0cfdeabd546a81d53570b1ebaead55b5f79df77a47b23e29daabb48a21749a,1604489400,0x6576dc8a292dc99225582d936032a752376cce3037569a301521e33eee701a8f,116,10,0xeb31973e0febf3e3d7058234a5ebbae1ab4b8c23,0x9a0242b7a33dacbe40edb927834f96eb39f8fbcb,0,200000,160000000000,0xa9059cbb0000000000000000000000002b9fde1ee93f17e7534674b777f4fcc1a371e4bf000000000000000000000000000000000000000000000000002386f26fc10000,0xa9059cbb,"transfer(address _to, uint256 _value)",,723213,1,52385,14206258,0
11190393,0xd4e436d4deb3dd277529b989dbb872197a16507c4f82fe55e3d323d5e7d41cf6,1604489496,0x3729b6d24fc036360086762b1b8fe1c3ba3ee5a30d4c571e02100873d0c098cb,117,0,0xeb31973e0febf3e3d7058234a5ebbae1ab4b8c23,0x6f919d67967a97ea36195a2346d9244e60fe0ddb,0,200000,160000000000,0xa9059cbb0000000000000000000000002b9fde1ee93f17e7534674b777f4fcc1a371e4bf000000000000000000000000000000000000000000000000002386f26fc10000,0xa9059cbb,"transfer(address _to, uint256 _value)",,52152,1,52152,14206254,0
11190396,0x94eeb28a1655e68006790cf1ebe64fdd7c2e237cad39a14f4ea08ab2ec8d3d8c,1604489522,0x7170e0002fe1b3523b034b388717d3024cf896f3b77e998378e6ee1a8263a011,118,7,0xeb31973e0febf3e3d7058234a5ebbae1ab4b8c23,0xa31b1767e09f842ecfd4bc471fe44f830e3891aa,0,200000,160000000000,0xa9059cbb0000000000000000000000002b9fde1ee93f17e7534674b777f4fcc1a371e4bf000000000000000000000000000000000000000000000000002386f26fc10000,0xa9059cbb,"transfer(address _to, uint256 _value)",,261709,1,54556,14206251,0
11190396,0x94eeb28a1655e68006790cf1ebe64fdd7c2e237cad39a14f4ea08ab2ec8d3d8c,1604489522,0x26e5c310951b285064d239832903ea6eeeddbf7c5da201a346e855127761a1a7,119,8,0xeb31973e0febf3e3d7058234a5ebbae1ab4b8c23,0x6393e822874728f8afa7e1c9944e417d37ca5878,0,200000,160000000000,0xa9059cbb0000000000000000000000002b9fde1ee93f17e7534674b777f4fcc1a371e4bf000000000000000000000000000000000000000000000000002386f26fc10000,0xa9059cbb,"transfer(address _to, uint256 _value)",,314216,1,52507,14206251,0
11190413,0x6340bb0b82f468c4af0bd41972cf71fc611f499da066f699eaaf97e77a2037d8,1604489692,0xc5fd1711ea24af8cbc26cec1283adbbda79c0c6dd2171e047232551c98281ad7,120,8,0xeb31973e0febf3e3d7058234a5ebbae1ab4b8c23,0x7d4b8cce0591c9044a22ee543533b72e976e36c3,0,200000,160000000000,0xa9059cbb0000000000000000000000002b9fde1ee93f17e7534674b777f4fcc1a371e4bf000000000000000000000000000000000000000000000000002386f26fc10000,0xa9059cbb,"transfer(address _to, uint256 _value)",,320241,1,52193,14206234,0
11190413,0x6340bb0b82f468c4af0bd41972cf71fc611f499da066f699eaaf97e77a2037d8,1604489692,0xdeabbb0bcd35087b2c6abb2b2bfd67449408efedb7b4da07c03e0fd88390be97,121,9,0xeb31973e0febf3e3d7058234a5ebbae1ab4b8c23,0xc690f7c7fcffa6a82b79fab7508c466fefdfc8c5,0,200000,160000000000,0xa9059cbb0000000000000000000000002b9fde1ee93f17e7534674b777f4fcc1a371e4bf000000000000000000000000000000000000000000000000002386f26fc10000,0xa9059cbb,"transfer(address _to, uint256 _value)",,371582,1,51341,14206234,0
11190418,0x6bf6323bee2078b6bff4ba60dc43d382d83ad85f43ae2499fd511f57ae1595e4,1604489743,0xdc40d240f9f54e71b5b79b53162db8c7b4f39a882a9fb70704e7dfa5dc7e2277,122,11,0xeb31973e0febf3e3d7058234a5ebbae1ab4b8c23,0xf3db7560e820834658b590c96234c333cd3d5e5e,0,200000,160000000000,0xa9059cbb0000000000000000000000002b9fde1ee93f17e7534674b777f4fcc1a371e4bf000000000000000000000000000000000000000000000000002386f26fc10000,0xa9059cbb,"transfer(address _to, uint256 _value)",,339510,1,52181,14206229,0
11190426,0x12e82175f50f82ca77b110a361aca57a01d4cc1ea8b1091e5e51159d47ce24ed,1604489796,0xdebed160e2089f0119e5c15afaa64542a4092d9ecc0308ca8e035513bfac6a65,123,2,0xeb31973e0febf3e3d7058234a5ebbae1ab4b8c23,0x3597bfd533a99c9aa083587b074434e61eb0a258,0,200000,160000000000,0xa9059cbb0000000000000000000000002b9fde1ee93f17e7534674b777f4fcc1a371e4bf00000000000000000000000000000000000000000000000000000000000f4240,0xa9059cbb,"transfer(address _to, uint256 _value)",,129862,1,52653,14206221,0
11190429,0xcae1b040a5b743d97fb30dd151ab25a9dae1653cd4260eb819df5799ebe6677b,1604489827,0x4fcf744c5fce99801d71e5fd5c2bd5d578d37937945da6a86ab4371da22bf554,124,0,0xeb31973e0febf3e3d7058234a5ebbae1ab4b8c23,0xd4fa1460f537bb9085d22c7bccb5dd450ef28e3a,0,200000,160000000000,0xa9059cbb0000000000000000000000002b9fde1ee93f17e7534674b777f4fcc1a371e4bf00000000000000000000000000000000000000000000000000000000000f4240,0xa9059cbb,"transfer(address _to, uint256 _value)",,52653,1,52653,14206218,0
11190433,0x34d5b4da0f999ee57843ed912e3975ca21f8a2866294b2094aae51f3d12dc629,1604489865,0x06fd32d470c7135a15036d2a01b1f76252126ab2facaf21e228fc28af2df4bd7,125,1,0xeb31973e0febf3e3d7058234a5ebbae1ab4b8c23,0x9a0242b7a33dacbe40edb927834f96eb39f8fbcb,0,200000,160000000000,0xa9059cbb0000000000000000000000002b9fde1ee93f17e7534674b777f4fcc1a371e4bf000000000000000000000000000000000000000000000000002386f26fc10000,0xa9059cbb,"transfer(address _to, uint256 _value)",,58385,1,37385,14206214,0
11190487,0xc643ced5bfed354f40e2e1d11ecadcee8f303000b826cf68d130571dd1dba1f9,1604490653,0x88ac23dc5afe72c4cb9d92d70bd14f7d22bb13ef9964b2bd3126bbc11398317a,126,3,0xeb31973e0febf3e3d7058234a5ebbae1ab4b8c23,0xaa7a9ca87d3694b5755f213b5d04094b8d0f0a6f,0,200000,160000000000,0xa9059cbb0000000000000000000000002b9fde1ee93f17e7534674b777f4fcc1a371e4bf000000000000000000000000000000000000000000000000002386f26fc10000,0xa9059cbb,"transfer(address _to, uint256 _value)",,138880,1,38332,14206160,0
11190817,0x2515efa2020dcdd91b4ceb212b2f82a4c40e915e99b906b497dad5d3257cabf6,1604495032,0x18f44c9e486c34238f372930178eee9c766de201fda07f71e4c63de909f7328a,127,4,0xeb31973e0febf3e3d7058234a5ebbae1ab4b8c23,0xd321ca7cd7a233483b8cd5a11a89e9337e70df84,0,200000,160000000000,0xa9059cbb000000000000000000000000d32dbed0609ac3169cc4dd6b781f04cee5ba9550000000000000000000000000000000000000000000090aac47bac3f180000000,0xa9059cbb,"transfer(address _to, uint256 _value)",,205184,0,23636,14205830,1
11190838,0x0ff428f6084d27f7b148e10ba51b79aae68317e1f1f7dd501a22a500e66ec550,1604495301,0xecb86e6f26d9438ddf0946c62e748d32ba8e5d9f041ec6ef0285f74e062d6609,128,107,0xeb31973e0febf3e3d7058234a5ebbae1ab4b8c23,0xd321ca7cd7a233483b8cd5a11a89e9337e70df84,0,200000,160000000000,0xa9059cbb000000000000000000000000d32dbed0609ac3169cc4dd6b781f04cee5ba9550000000000000000000000000000000000000000000090aac472ca82780000000,0xa9059cbb,"transfer(address _to, uint256 _value)",,3059779,1,51330,14205809,0
11191041,0x1c4138da5dc69f22652f22aed473daa4c23786cf09dddbb72a50702b60ed0025,1604498112,0x73301bb551c6662cae18dcd6fe597bed2cc108473ba3bf68226613775c0a9f57,129,2,0xeb31973e0febf3e3d7058234a5ebbae1ab4b8c23,0x9fbfed658919a896b5dc7b00456ce22d780f9b65,0,200000,160000000000,0xa9059cbb000000000000000000000000d32dbed0609ac3169cc4dd6b781f04cee5ba95500000000000000000000000000000000000000000000e81adc432107080000000,0xa9059cbb,"transfer(address _to, uint256 _value)",,125678,1,51166,14205606,0
11191175,0x49582cc7058873af5567e07093a757b5a6a50823535333647696a539da70c0ec,1604499813,0xb80189114b9353773dcd2db17a9b9eae27059f57e74a10a74c01a66a09538f18,130,20,0xeb31973e0febf3e3d7058234a5ebbae1ab4b8c23,0x55296f69f40ea6d20e478533c15a6b08b654e758,0,200000,160000000000,0xa9059cbb000000000000000000000000d32dbed0609ac3169cc4dd6b781f04cee5ba95500000000000000000000000000000000000000000040894c12bab150000000000,0xa9059cbb,"transfer(address _to, uint256 _value)",,828572,1,57143,14205472,0
11191238,0x0a19f4427c67a1639c33251bceba329e01f318788891b81a53a6c979799f9aa7,1604500611,0xaad710b67ffba3e257f74ce70a37732d548549791e963bee137fc2fe49456b0c,131,0,0xeb31973e0febf3e3d7058234a5ebbae1ab4b8c23,0x973e52691176d36453868d9d86572788d27041a9,0,200000,160000000000,0xa9059cbb000000000000000000000000d32dbed0609ac3169cc4dd6b781f04cee5ba9550000000000000000000000000000000000000000005bb78ef0699884000000000,0xa9059cbb,"transfer(address _to, uint256 _value)",,53223,1,53223,14205409,0
11191292,0xf65195c40e758eda616cf2ce6e0594a70f081ad3eb11ebd18620c59538952d57,1604501235,0x55522f18a72b79262842d73b7c5e727e863e0e7eebd3c03964897f18a5569579,132,30,0xeb31973e0febf3e3d7058234a5ebbae1ab4b8c23,0x8f8221afbb33998d8584a2b05749ba73c37a938a,0,200000,160000000000,0xa9059cbb000000000000000000000000d32dbed0609ac3169cc4dd6b781f04cee5ba95500000000000000000000000000000000000000000000746f8af48135bc0000000,0xa9059cbb,"transfer(address _to, uint256 _value)",,706532,1,52508,14205355,0
11191343,0x326a8507e13868099dd16915a385b681c8661899da3e635d17c750440a4a9294,1604501886,0x9fd26a0bf85dc9db52ee414e882ef2178b49f4910ea2043ae1a0111333a38682,133,2,0xeb31973e0febf3e3d7058234a5ebbae1ab4b8c23,0x419c4db4b9e25d6db2ad9691ccb832c8d9fda05e,0,200000,160000000000,0xa9059cbb000000000000000000000000d32dbed0609ac3169cc4dd6b781f04cee5ba955000000000000000000000000000000000000000000015fed4f114ad5b00000000,0xa9059cbb,"transfer(address _to, uint256 _value)",,159159,1,52135,14205304,0
11191414,0x2c3734e448663af72f39ae75fcb78ab16806f6990d2b860d7ca83415044dfc8d,1604502920,0xe5f64336e7a12cac37033b3a714cff088860518b762ba5ac53541c13f0b299db,134,1,0xeb31973e0febf3e3d7058234a5ebbae1ab4b8c23,0x8c15ef5b4b21951d50e53e4fbda8298ffad25057,0,200000,160000000000,0xa9059cbb000000000000000000000000d32dbed0609ac3169cc4dd6b781f04cee5ba9550000000000000000000000000000000000000000000024df3b1cc95e8e0000000,0xa9059cbb,"transfer(address _to, uint256 _value)",,161097,1,55252,14205233,0
11191421,0x9d4d8f79db9ea9627ec1c665189faf7e5d5883ce66f5be1f9d678746ab408840,1604503044,0x19c4def060374d4af57c6683d459bf411e6678b5b707021b001a33daadadd114,135,0,0xeb31973e0febf3e3d7058234a5ebbae1ab4b8c23,0xb6ee9668771a79be7967ee29a63d4184f8097143,0,200000,160000000000,0xa9059cbb000000000000000000000000d32dbed0609ac3169cc4dd6b781f04cee5ba955000000000000000000000000000000000000000000020699c504a6baa00000000,0xa9059cbb,"transfer(address _to, uint256 _value)",,52558,1,52558,14205226,0
11191514,0x3f6a26a8cc06f4dcb5cfef032bf020023a588f2939746817289d9e0bb82ff8e4,1604504287,0xa33477a2c7edc3d34fc681df04195f127c123ab3a431858ea709bff2e5aa19a8,136,48,0xeb31973e0febf3e3d7058234a5ebbae1ab4b8c23,0x2baac9330cf9ac479d819195794d79ad0c7616e3,0,200000,160000000000,0xa9059cbb000000000000000000000000d32dbed0609ac3169cc4dd6b781f04cee5ba95500000000000000000000000000000000000000000009c9dadf9d6057800000000,0xa9059cbb,"transfer(address _to, uint256 _value)",,1244526,1,52251,14205133,0
11191516,0xb35b19aee275d9e8812c8317f673043277454f876f315f8876603b9a46bbf369,1604504294,0xc66266a8a361f2c7e99836229f7f95509a19a26ebb0676a0b757dd3fe2c3d4e5,137,4,0xeb31973e0febf3e3d7058234a5ebbae1ab4b8c23,0x9a0242b7a33dacbe40edb927834f96eb39f8fbcb,0,200000,160000000000,0xa9059cbb000000000000000000000000d32dbed0609ac3169cc4dd6b781f04cee5ba9550000000000000000000000000000000000000000025af7d3586f9420000000000,0xa9059cbb,"transfer(address _to, uint256 _value)",,252810,1,52409,14205131,0
11191654,0x3ad047da71aec0e49c4431237dafc5c59a8e87622b3a6aad32c963aac1661450,1604506086,0xa3e9933daa8dea3ea3f6590b84045f250fe2ca322b71ffc6de680c26ae1a3409,138,3,0xeb31973e0febf3e3d7058234a5ebbae1ab4b8c23,0xa31b1767e09f842ecfd4bc471fe44f830e3891aa,0,200000,160000000000,0xa9059cbb000000000000000000000000d32dbed0609ac3169cc4dd6b781f04cee5ba95500000000000000000000000000000000000000000004cbc9410cfb4f000000000,0xa9059cbb,"transfer(address _to, uint256 _value)",,320065,1,54580,14204993,0
11191672,0x3fa0a0f1d95967f1f0f2d6639d6ebe7a97e95986328cbe3bd3bbf25826f9f518,1604506312,0x24ad81e4d8efde442a3de7873fd03ad8061c766ccf7cdb8a49c3068c77b56ef7,139,2,0xeb31973e0febf3e3d7058234a5ebbae1ab4b8c23,0x6393e822874728f8afa7e1c9944e417d37ca5878,0,200000,160000000000,0xa9059cbb000000000000000000000000d32dbed0609ac3169cc4dd6b781f04cee5ba9550000000000000000000000000000000000000000000009803807fe567c8000000,0xa9059cbb,"transfer(address _to, uint256 _value)",,192748,1,52531,14204975,0
11191684,0x0d775903f2f62420aff1686de5a7ec1d93e511ef87393b03187cb9c9603131f7,1604506437,0x5c665cc1fb5b65b80e487c5974a985d125acaa1ffbf0e1ae3af4b179b0469eef,140,2,0xeb31973e0febf3e3d7058234a5ebbae1ab4b8c23,0x7d4b8cce0591c9044a22ee543533b72e976e36c3,0,200000,160000000000,0xa9059cbb000000000000000000000000d32dbed0609ac3169cc4dd6b781f04cee5ba9550000000000000000000000000000000000000000000032d083915ff2980000000,0xa9059cbb,"transfer(address _to, uint256 _value)",,326085,1,52229,14204963,0
11191693,0x434f61087c2cd87333aac2f20ab9082984bf8b9517337210d0695e37aa36d550,1604506554,0x04d93017c887e11d64e519244a96dbc7d4f5015fc73e50835f2b37100950aeb0,141,9,0xeb31973e0febf3e3d7058234a5ebbae1ab4b8c23,0xf3db7560e820834658b590c96234c333cd3d5e5e,0,200000,160000000000,0xa9059cbb000000000000000000000000d32dbed0609ac3169cc4dd6b781f04cee5ba95500000000000000000000000000000000000000000001c5203725a3a8e00000000,0xa9059cbb,"transfer(address _to, uint256 _value)",,839765,1,52205,14204954,0
11191746,0x8ce325eca56e7c4a437bb317926808c8203a4ce6635d07d6047fa58f0071d643,1604507261,0x16dcb332c8fab30c1df3d91ac1829f88b9406b6cec4715479db093302fd4a1f9,142,11,0xeb31973e0febf3e3d7058234a5ebbae1ab4b8c23,0x3597bfd533a99c9aa083587b074434e61eb0a258,0,200000,160000000000,0xa9059cbb000000000000000000000000d32dbed0609ac3169cc4dd6b781f04cee5ba9550000000000000000000000000000000000000000000000000044164fc292919c0,0xa9059cbb,"transfer(address _to, uint256 _value)",,1244713,1,52713,14204901,0
11191753,0xcdf0d58a361a396eb06b270614acd938ec7f3b340197145b1e4d3e0d178a7f94,1604507355,0x3d1b5d2b4b1cb1bae62b11f4c3d7eadcd867175e15828b9f2242297d5b7f1abc,143,21,0xeb31973e0febf3e3d7058234a5ebbae1ab4b8c23,0xaa7a9ca87d3694b5755f213b5d04094b8d0f0a6f,0,200000,160000000000,0xa9059cbb000000000000000000000000d32dbed0609ac3169cc4dd6b781f04cee5ba955000000000000000000000000000000000000000000011044b038cd5bf00000000,0xa9059cbb,"transfer(address _to, uint256 _value)",,1272143,1,53356,14204894,0
11191890,0xa58f8b44afdac834856b14fc233474dd6b048d8789a8759b31e8879863a72f77,1604508951,0xd44b2891c9c416c5ec3f4246dc5e95c210d8ead11bc67ff09a7785ab4bea101a,144,5,0xeb31973e0febf3e3d7058234a5ebbae1ab4b8c23,0xa249de6948022783765fee4850d7b85e43118fcc,0,200000,160000000000,0xa9059cbb000000000000000000000000d32dbed0609ac3169cc4dd6b781f04cee5ba9550000000000000000000000000000000000000000000068d1bb821e4dd00000000,0xa9059cbb,"transfer(address _to, uint256 _value)",,493420,1,52171,14204757,0
11191895,0x6c21cdf3afa56048a64c9667cb67a31a1c671beffef0c26183fd101e3ec5194d,1604508996,0xcc59fe0a8397caa209c3359c2cbb4f0dfb8991012247017a02967ae4b0e4b6b5,145,21,0xeb31973e0febf3e3d7058234a5ebbae1ab4b8c23,0x6f919d67967a97ea36195a2346d9244e60fe0ddb,0,200000,160000000000,0xa9059cbb000000000000000000000000d32dbed0609ac3169cc4dd6b781f04cee5ba9550000000000000000000000000000000000000000002d3aa924aaccc8000000000,0xa9059cbb,"transfer(address _to, uint256 _value)",,608584,1,52188,14204752,0
11191899,0x8ca84b807ad610e768d585b0df7e2d29059a80308f8c11f87af32217b9e3c752,1604509018,0x315f48d9e088f54bf58d77be490064582e6aac49b599ac24fec393f114569ab8,146,15,0xeb31973e0febf3e3d7058234a5ebbae1ab4b8c23,0xc690f7c7fcffa6a82b79fab7508c466fefdfc8c5,0,200000,160000000000,0xa9059cbb000000000000000000000000d32dbed0609ac3169cc4dd6b781f04cee5ba95500000000000000000000000000000000000000000002127270445c2e800000000,0xa9059cbb,"transfer(address _to, uint256 _value)",,1159981,1,51365,14204748,0
11191899,0x8ca84b807ad610e768d585b0df7e2d29059a80308f8c11f87af32217b9e3c752,1604509018,0x6f5d10a17073f93b7ae35102ce791c2ea9ac0bb483be9717cceb3fd043a86cb7,147,16,0xeb31973e0febf3e3d7058234a5ebbae1ab4b8c23,0xd4fa1460f537bb9085d22c7bccb5dd450ef28e3a,0,200000,160000000000,0xa9059cbb000000000000000000000000d32dbed0609ac3169cc4dd6b781f04cee5ba955000000000000000000000000000000000000000000000000000002114ac77e0c0,0xa9059cbb,"transfer(address _to, uint256 _value)",,1212670,1,52689,14204748,0
11230205,0x5bf790875a18feb0ddb7ca00c2b0fb1742635cf5bd4169ae62dcba5af860c348,1605016557,0xb427b2c664d9505e3ff024805817b846fbbc8c8ad3ce10b12824723939945247,5473,181,0xf2d00e3080e1d9fd5e47f54188434e24cfe54da2,0xeb31973e0febf3e3d7058234a5ebbae1ab4b8c23,75415910550593216,21000,38000001459,0x,0x,,,11945864,1,21000,14166442,0
11424061,0xf1344a50abd524e6a3bccb7772bacde1418d18a07149f4cd476158705990f661,1607588196,0x78eb8748c45b9516224c0021a99ab29cc5185d1c6395fc3b81b7ec539f0e5a8f,148,36,0xeb31973e0febf3e3d7058234a5ebbae1ab4b8c23,0xe5dada80aa6477e85d09747f2842f7993d0df71c,0,200000,160000000000,0xa9059cbb0000000000000000000000006e875aa2458eecf978dc826c72804eeed4aeb45600000000000000000000000000000000000000000000003635c9adc5dea00000,0xa9059cbb,"transfer(address _to, uint256 _value)",,960086,1,55946,13972586,0
11424083,0x678952119669873f8a51a41538761c658a979ce8eefcfd17580a73123b120121,1607588442,0x609cb08f2d8208dadfe5c8530f8b7f1f3b77f327c8ad018bf75fb8018d12b7c0,149,24,0xeb31973e0febf3e3d7058234a5ebbae1ab4b8c23,0xe5dada80aa6477e85d09747f2842f7993d0df71c,0,200000,160000000000,0xa9059cbb0000000000000000000000006e875aa2458eecf978dc826c72804eeed4aeb45600000000000000000000000000000000000000000008e67e2c8282c380000000,0xa9059cbb,"transfer(address _to, uint256 _value)",,1033922,1,40958,13972564,0
11424089,0x0a067b27603a00518b76258331204f934dc766afca3c9f8629e68eb1865aef23,1607588598,0xa6475b345b47376d8ed6ee46dd808a76a8a62f642ac0cc11b297f4e68f38fcf7,150,4,0xeb31973e0febf3e3d7058234a5ebbae1ab4b8c23,0x6e875aa2458eecf978dc826c72804eeed4aeb456,1000000000000000000,22000,160000000000,0x,0x,,,556859,1,21000,13972558,0
11430498,0xc38eb1b9144f4e44e27bda062bfe829c185815edeff070af633ce637055c162c,1607674977,0x38c5ba671fea0d5470b49fcb3c39a0969557cbd4f27aad82149871db9a05c716,151,4,0xeb31973e0febf3e3d7058234a5ebbae1ab4b8c23,0x4cc19356f2d37338b9802aa8e8fc58b0373296e7,0,200000,160000000000,0xa9059cbb0000000000000000000000006e875aa2458eecf978dc826c72804eeed4aeb45600000000000000000000000000000000000000000000003635c9adc5dea00000,0xa9059cbb,"transfer(address _to, uint256 _value)",,237390,1,53318,13966149,0
11430510,0xde4a91df409475de48d6453c0c8b35a91b26ad2b7931affc6adf63959d29d651,1607675196,0x7d98adfb32a9f205ae30524806876d290ac794de0b9ab4424b1d45ea5288f139,152,0,0xeb31973e0febf3e3d7058234a5ebbae1ab4b8c23,0x4cc19356f2d37338b9802aa8e8fc58b0373296e7,0,200000,160000000000,0xa9059cbb0000000000000000000000006e875aa2458eecf978dc826c72804eeed4aeb4560000000000000000000000000000000000000000002d5c2f265b827000000000,0xa9059cbb,"transfer(address _to, uint256 _value)",,38318,1,38318,13966137,0
11462772,0xa988079119b6456f6e48cc26b52cd82f735fde6c00cd8f704f51e31bdfaad356,1608104038,0xa2198b873b4544dd3eb7f473a0a8a68950ca0f04484ac89cb652b17fcad8aa88,153,2,0xeb31973e0febf3e3d7058234a5ebbae1ab4b8c23,0x8e1b448ec7adfc7fa35fc2e885678bd323176e34,0,200000,160000000000,0xa9059cbb0000000000000000000000006e875aa2458eecf978dc826c72804eeed4aeb45600000000000000000000000000000000000000000000003635c9adc5dea00000,0xa9059cbb,"transfer(address _to, uint256 _value)",,216386,1,53194,13933875,0
11462780,0x1731147a6d890b1b653df77db7b7abb409a7fc6d7552d6b5b6d003bcc4aa26ff,1608104120,0x70732b6b2d5a624cae08ef03787aadb9c528b79c1ed07d28f8bbec00ad9a0903,154,7,0xeb31973e0febf3e3d7058234a5ebbae1ab4b8c23,0xabbbb6447b68ffd6141da77c18c7b5876ed6c5ab,0,200000,160000000000,0xa9059cbb0000000000000000000000006e875aa2458eecf978dc826c72804eeed4aeb45600000000000000000000000000000000000000000000003635c9adc5dea00000,0xa9059cbb,"transfer(address _to, uint256 _value)",,384809,1,53091,13933867,0
11462806,0x6673fb19d8f651250c6be0f34624fdff47bf9df4756ab5a336fd98a80638447a,1608104366,0x94349b29f462c917fd6173d1694cb29144193529bbaf903bf9ac56f70cc8c9bb,155,0,0xeb31973e0febf3e3d7058234a5ebbae1ab4b8c23,0x8e1b448ec7adfc7fa35fc2e885678bd323176e34,0,200000,160000000000,0xa9059cbb0000000000000000000000006e875aa2458eecf978dc826c72804eeed4aeb4560000000000000000000000000000000000000000005448ef0940d89c00000000,0xa9059cbb,"transfer(address _to, uint256 _value)",,38194,1,38194,13933841,0
11462811,0x53cea16443eb5393afabe87b94f4a927e2f85605ca2bd2bbd0b7650f292b6fbb,1608104446,0xd21e33456ebfb10ae124463e5065bb704fe2e656ce5ee95ece580255d0855240,156,5,0xeb31973e0febf3e3d7058234a5ebbae1ab4b8c23,0xabbbb6447b68ffd6141da77c18c7b5876ed6c5ab,0,200000,160000000000,0xa9059cbb0000000000000000000000006e875aa2458eecf978dc826c72804eeed4aeb45600000000000000000000000000000000000000000057818640b115ec00000000,0xa9059cbb,"transfer(address _to, uint256 _value)",,245987,1,38091,13933836,0
11464705,0x339f8c2ace9cd654a12b9db064ed7c3c2c0331cba38a93749eead2688b1e8607,1608129448,0xad71fe29b126e6928c5209d3602bce0f6544d68e1fdf3e88d83d0ee6bb495985,157,96,0xeb31973e0febf3e3d7058234a5ebbae1ab4b8c23,0x2c9023bbc572ff8dc1228c7858a280046ea8c9e5,0,200000,160000000000,0xa9059cbb0000000000000000000000006e875aa2458eecf978dc826c72804eeed4aeb45600000000000000000000000000000000000000000000fd96ae75f4a4c8000000,0xa9059cbb,"transfer(address _to, uint256 _value)",,5153222,1,53211,13931942,0
11469609,0x99f9f23be246268378a3f292b7c0201d0aaf2c22dc78e97ff46983b9d858de3c,1608194621,0xd2f9ce127a38c1c3c0a373af95e33f125a328b7316b9f117bf57ab743deea8fc,158,40,0xeb31973e0febf3e3d7058234a5ebbae1ab4b8c23,0x8ce9137d39326ad0cd6491fb5cc0cba0e089b6a9,0,200000,160000000000,0xa9059cbb0000000000000000000000006e875aa2458eecf978dc826c72804eeed4aeb4560000000000000000000000000000000000000000000000056bc75e2d63100000,0xa9059cbb,"transfer(address _to, uint256 _value)",,1760112,0,24021,13927038,1
11476056,0x650642d763ea1b91df0b9b827fafeb7fdaaa9dc0c65ed646a2e5205c565b0db5,1608279420,0x639fc17e0a4b6cf97a2e83d6c6abb79e6eeed6de41f5721e3c5ed5c21e573541,159,1,0xeb31973e0febf3e3d7058234a5ebbae1ab4b8c23,0x1d462414fe14cf489c7a21cac78509f4bf8cd7c0,0,200000,160000000000,0xa9059cbb0000000000000000000000006e875aa2458eecf978dc826c72804eeed4aeb456000000000000000000000000000000000000000000000000000006e7b30b6340,0xa9059cbb,"transfer(address _to, uint256 _value)",,72765,1,51765,13920591,0
11477597,0xb040ca39c2d380c545ac11f151a7ce094f6c10b53f4e29e8f4a7a9d9bf1ec775,1608299905,0xbf056dbab2915c42df790e01256b9e6d2bc6d7a98f04f388312d97b985bcd3d1,160,10,0xeb31973e0febf3e3d7058234a5ebbae1ab4b8c23,0xe477292f1b3268687a29376116b0ed27a9c76170,0,200000,160000000000,0xa9059cbb0000000000000000000000006e875aa2458eecf978dc826c72804eeed4aeb45600000000000000000000000000000000000000000020e22c9c68bb5e00000000,0xa9059cbb,"transfer(address _to, uint256 _value)",,864638,1,83485,13919050,0
11508588,0xa3283fb951af6cbb45b89546e9b2d056cc019e95308f7c2b49e8ca8929656942,1608710523,0x69690ba748d83a0557c69833c2fb2402b0eda7278bacad91cf52d02c49ff8be0,161,20,0xeb31973e0febf3e3d7058234a5ebbae1ab4b8c23,0xa7f976c360ebbed4465c2855684d1aae5271efa9,0,200000,160000000000,0xa9059cbb000000000000000000000000371ba8bac8c0f18c60fd64b7b92ac3d9c5f2d712000000000000000000000000000000000000000000000000000030869e09e6ff,0xa9059cbb,"transfer(address _to, uint256 _value)",,799876,1,52970,13888059,0
11542705,0x5d1cf2ff1f87ee6683312c95ed354cc992880250d5001e5ff3a290b0fe2d0b20,1609161777,0xed71b90532163678fa2ab4d934e46ab6a72680d5548667afe1bd983d54edf4e7,162,40,0xeb31973e0febf3e3d7058234a5ebbae1ab4b8c23,0x64a60493d888728cf42616e034a0dfeae38efcf0,0,200000,160000000000,0xa9059cbb00000000000000000000000031de722ba4c157ba5def5587392b00f30576375700000000000000000000000000000000000000000010907d3345f07e00000000,0xa9059cbb,"transfer(address _to, uint256 _value)",,2519147,1,53166,13853942,0
11542712,0x4acea3a3bd0fd12583f86e0e98fc12de9cfa9e9deaf616482a182e993d925a7b,1609161862,0x8295f0caab1f16754b70ece2fdab9ff03584337b0a36b393901dd6a9e5cc2587,163,12,0xeb31973e0febf3e3d7058234a5ebbae1ab4b8c23,0xddd460bbd9f79847ea08681563e8a9696867210c,0,200000,160000000000,0xa9059cbb00000000000000000000000031de722ba4c157ba5def5587392b00f305763757000000000000000000000000000000000000000000048e70ab30fd2a80000000,0xa9059cbb,"transfer(address _to, uint256 _value)",,1420746,1,51256,13853935,0
11542712,0x4acea3a3bd0fd12583f86e0e98fc12de9cfa9e9deaf616482a182e993d925a7b,1609161862,0x019789880d2f74909511eedbd1033b7f4c39d56a671ce244478117e03b0fdc4c,164,13,0xeb31973e0febf3e3d7058234a5ebbae1ab4b8c23,0xf293d23bf2cdc05411ca0eddd588eb1977e8dcd4,0,200000,160000000000,0xa9059cbb00000000000000000000000031de722ba4c157ba5def5587392b00f305763757000000000000000000000000000000000000000000107e40834410d800000000,0xa9059cbb,"transfer(address _to, uint256 _value)",,1471955,1,51209,13853935,0
11542712,0x4acea3a3bd0fd12583f86e0e98fc12de9cfa9e9deaf616482a182e993d925a7b,1609161862,0x6ffcb96eb079fffda80353dbed4eb0e538177e58f64ed16db93ccea4eacd39a6,165,14,0xeb31973e0febf3e3d7058234a5ebbae1ab4b8c23,0x9d86b1b2554ec410eccffbf111a6994910111340,0,200000,160000000000,0xa9059cbb00000000000000000000000031de722ba4c157ba5def5587392b00f3057637570000000000000000000000000000000000000000000000000005ce3527eec020,0xa9059cbb,"transfer(address _to, uint256 _value)",,1524242,1,52287,13853935,0
11542712,0x4acea3a3bd0fd12583f86e0e98fc12de9cfa9e9deaf616482a182e993d925a7b,1609161862,0x4b1c686e713301db80d1de2e44cf4893e721480ca90a7cff3df2391f03c02159,166,15,0xeb31973e0febf3e3d7058234a5ebbae1ab4b8c23,0xbcd8756ea481608ea3dd5a555493305cf0a79640,0,200000,160000000000,0xa9059cbb00000000000000000000000031de722ba4c157ba5def5587392b00f30576375700000000000000000000000000000000000000000010367cbc98c29800000000,0xa9059cbb,"transfer(address _to, uint256 _value)",,1547301,0,23059,13853935,1
11645065,0xccbeeb72693e260b9793889453af70c4cbf06598723179dd6997ebdc2c1a9599,1610519762,0xad83a81e06ff632a4cbf33992c298ac12660783cafbe5b81c121077ff3111c0b,167,0,0xeb31973e0febf3e3d7058234a5ebbae1ab4b8c23,0x5e3346444010135322268a4630d2ed5f8d09446c,0,200000,160000000000,0xa9059cbb000000000000000000000000b20bae0cd1a1dbcc33977df50cdd6bb379389c6e00000000000000000000000000000000000000000000a3440bd8ef4b30000000,0xa9059cbb,"transfer(address _to, uint256 _value)",,51991,1,51991,13751582,0
13034851,0x3bef2db84430fbc9f7396274421d60101b3ac0a28ca16003541ce97f8b4f5974,1629098096,0x752f2cf3a59f96e5376efdefbd878d7914007dc8325c8a10163202f91830e2cc,168,1,0xeb31973e0febf3e3d7058234a5ebbae1ab4b8c23,0x58b891a5f94e65f225549acef13a9dc3a33b1942,2000000000000000000,22000,500000000000,0x,0x,,,42000,1,21000,12361796,0
13034879,0xb9c9e5d6b47da37175e35121bebcb0a8b3dd6e704f62f27a4291a59a8ae29894,1629098393,0x02fd27e91d547b9264150969f97197bc18e2f56cc66de4bf61398b8228115943,169,1,0xeb31973e0febf3e3d7058234a5ebbae1ab4b8c23,0xf293d23bf2cdc05411ca0eddd588eb1977e8dcd4,0,200000,500000000000,0xa9059cbb0000000000000000000000005925a53e9679b98749b74bb1bb4dcf428425194400000000000000000000000000000000000000000000d3c21bcecceda0000000,0xa9059cbb,"transfer(address _to, uint256 _value)",,72721,1,51721,12361768,0
13034919,0x32499f2a99c050bd45d2485f7b95224c220c5ece84dced14b19aef087da11be0,1629098921,0xbfb8a7d5f828f9a096bac2787fb6bef58891624e8b6992b275257a5137037cd5,170,6,0xeb31973e0febf3e3d7058234a5ebbae1ab4b8c23,0xf293d23bf2cdc05411ca0eddd588eb1977e8dcd4,0,200000,500000000000,0xa9059cbb0000000000000000000000005925a53e9679b98749b74bb1bb4dcf42842519440000000000000000000000000000000000000000000e02fa2b1c305e80000000,0xa9059cbb,"transfer(address _to, uint256 _value)",,867690,1,34633,12361728,0
13034948,0xef7609527f5b01002b764d8a56a03c61d018bd1b62d71988d43940e011548cfa,1629099321,0x1a6229d7bbd90d5ff336bacd368552f5c895b58ae8f2e3ba1a43d4f86fc828b5,171,16,0xeb31973e0febf3e3d7058234a5ebbae1ab4b8c23,0xa6446d655a0c34bc4f05042ee88170d056cbaf45,0,200000,500000000000,0xa9059cbb000000000000000000000000bca8d8e807358747a7935c0434a1e3875b15f81300000000000000000000000000000000000000000000d3c21bcecceda0000000,0xa9059cbb,"transfer(address _to, uint256 _value)",,747772,1,54170,12361699,0
13035046,0x0ee018a3ad4e252b573f8626fae152c1eaf61826bbfb608a873ff8ede45dd4a2,1629100604,0xb8ce6643f28e8f1c7eae46f9e9fcc1432e8ef07f9c20a047cd3dd6528d2d5a00,172,4,0xeb31973e0febf3e3d7058234a5ebbae1ab4b8c23,0xa6446d655a0c34bc4f05042ee88170d056cbaf45,0,200000,500000000000,0xa9059cbb000000000000000000000000bca8d8e807358747a7935c0434a1e3875b15f81300000000000000000000000000000000000000000015acd44b8a787e00000000,0xa9059cbb,"transfer(address _to, uint256 _value)",,1524252,1,37070,12361601,0
13035452,0xe7d763b5a67fe95f523b45647f9a659a834bb041bf1b6db5cd67b4f907125026,1629106061,0x80628b654468633e3e909f74975557f05a993e43315e39060cbaee319b124341,4,94,0xfbc7cdd3b2ae8e2e5cbaf413784530fe697f7a5f,0xeb31973e0febf3e3d7058234a5ebbae1ab4b8c23,985876225635072304,21000,44356949044,0x,0x,,,6673054,1,21000,12361195,0
