source,target,transaction_type,amount,hash,timeStamp,label,tokenSymbol,contractAddress
0x1f4b10ffb832581ae5a975ed38eeac9f4e960bdf,0xa6518bee322af13ba71c471b3527416ed08ad2a4,normal_eth,0.016,0x035c9eae06b20011b11c0039e86a55a3e5cefdcd121115b677e5b80f0661a632,1522896654,candidate_layering,,
0x1f4b10ffb832581ae5a975ed38eeac9f4e960bdf,0xb1690c08e213a35ed9bab7b318de14420fb57d8c,normal_eth,0.011,0x38cafb0436d12b5aa2738d9a3f8fa908a98ecdb304e91daa66c0d83704829094,1522953207,candidate_layering,,
0x1f4b10ffb832581ae5a975ed38eeac9f4e960bdf,0xb1690c08e213a35ed9bab7b318de14420fb57d8c,normal_eth,0.010514666882682317,0xa6a5739570fa764ec57a68dcfc9258b147ac7fa88637fd3f73fcd68206ac0beb,1522954382,candidate_layering,,
0x1f4b10ffb832581ae5a975ed38eeac9f4e960bdf,0x06012c8cf97bead5deae237070f9587f8e7a266d,normal_eth,0.01789408614159663,0x2cfe22223f50e1effb2a3c29346e1053776001347245902d40e2ce4554e474fa,1522976559,candidate_layering,,
0x1f4b10ffb832581ae5a975ed38eeac9f4e960bdf,0xfe8bed8cdcacf279398677d59d95dda9543abdd1,normal_eth,0.0104,0x690eec751d4219833a70009c7e8be50a3518d213888b8292ed0d28ec67673338,1523860551,candidate_layering,,
0x1f4b10ffb832581ae5a975ed38eeac9f4e960bdf,0xfe8bed8cdcacf279398677d59d95dda9543abdd1,normal_eth,0.014,0x342d3121ad524a92959416630df034b57b214d8664fc4e0b0690b7c49caf5e4c,1523939970,candidate_layering,,
0x1f4b10ffb832581ae5a975ed38eeac9f4e960bdf,0xfe8bed8cdcacf279398677d59d95dda9543abdd1,normal_eth,0.021,0x5e9dcbc88da11d040fd79920de8710d9c4d993574d56462f04417c3a7956e8f9,1523956907,candidate_layering,,
0x1f4b10ffb832581ae5a975ed38eeac9f4e960bdf,0xfe8bed8cdcacf279398677d59d95dda9543abdd1,normal_eth,0.0122,0xd0ecb513ae253e750a689f8295065e473e7ba896fdc9f9e4fe35d88430ddb626,1524072610,candidate_layering,,
0x1f4b10ffb832581ae5a975ed38eeac9f4e960bdf,0xfe8bed8cdcacf279398677d59d95dda9543abdd1,normal_eth,0.042,0xd45900ed4e7f4ea53d0dbcea5cd4affc9cc27013b415f9ac6b6ca972f5d91563,1524087503,candidate_layering,,
0x1f4b10ffb832581ae5a975ed38eeac9f4e960bdf,0xb1690c08e213a35ed9bab7b318de14420fb57d8c,normal_eth,0.015,0x736007f0426652977f21b56914eb002b0586d8bba600a822d96c15bc1ab44541,1524286974,candidate_layering,,
0x1f4b10ffb832581ae5a975ed38eeac9f4e960bdf,0xb1690c08e213a35ed9bab7b318de14420fb57d8c,normal_eth,0.18756253335920325,0xa66f50c0b887be798ea0dcd01b17a9738a48324c8a8c5fbf571eeb52d15f21c1,1524325980,candidate_layering,,
0x1f4b10ffb832581ae5a975ed38eeac9f4e960bdf,0x06012c8cf97bead5deae237070f9587f8e7a266d,normal_eth,0.010135655712776248,0xe92889c63623a9d234d5cc9ffe9fe8f1a725455ec176715d4e7b930f37ac42be,1524330626,candidate_layering,,
0x1f4b10ffb832581ae5a975ed38eeac9f4e960bdf,0x06012c8cf97bead5deae237070f9587f8e7a266d,normal_eth,0.010106965805552455,0x5a6fbe76d5e0a9a1e87b41cf2fc48c9ba75aa2b519a36b555acbf04912cf2013,1524331214,candidate_layering,,
0x1f4b10ffb832581ae5a975ed38eeac9f4e960bdf,0xb1690c08e213a35ed9bab7b318de14420fb57d8c,normal_eth,0.021,0xf0d56270955f7c0bd5ad1cba817c4c59b3fd41e3cd60f03a604dc8991527812a,1524334541,candidate_layering,,
0x1f4b10ffb832581ae5a975ed38eeac9f4e960bdf,0x06012c8cf97bead5deae237070f9587f8e7a266d,normal_eth,0.018,0x0a224bf4ddfe0399c30587c555272e802bdbfd4bdee254e752eaef29d9b01286,1524336608,candidate_layering,,
0x1f4b10ffb832581ae5a975ed38eeac9f4e960bdf,0x06012c8cf97bead5deae237070f9587f8e7a266d,normal_eth,0.012948951881726707,0x80e5ee76e526da113f0330f57b2fc3d2c8676c71409020ab80a6876cf9d111c4,1524337311,candidate_layering,,
0x1f4b10ffb832581ae5a975ed38eeac9f4e960bdf,0xfe8bed8cdcacf279398677d59d95dda9543abdd1,normal_eth,0.152,0x379d61e595fcb1866f4c549911dd7fcee1eb20f548251738b5954c35390129a8,1524372719,candidate_layering,,
0x1f4b10ffb832581ae5a975ed38eeac9f4e960bdf,0xb1690c08e213a35ed9bab7b318de14420fb57d8c,normal_eth,0.1777752869020158,0x2b08a718033e6d8fd7c5beff30f3acaa2aa121ecefd1631906cf17636425ef5d,1524376477,candidate_layering,,
0x1f4b10ffb832581ae5a975ed38eeac9f4e960bdf,0xb1690c08e213a35ed9bab7b318de14420fb57d8c,normal_eth,0.022898849256389932,0x4041ccc95c48793717fffde7f5ee0ee6a91b0892f669e4ca089dbed75912023b,1524377860,candidate_layering,,
0x1f4b10ffb832581ae5a975ed38eeac9f4e960bdf,0xfe8bed8cdcacf279398677d59d95dda9543abdd1,normal_eth,0.027,0x74558c4e05cb6547b6045aca3fbc2a52e36996af4cb2065da346bb03cc219cae,1524383789,candidate_layering,,
0x1f4b10ffb832581ae5a975ed38eeac9f4e960bdf,0xfe8bed8cdcacf279398677d59d95dda9543abdd1,normal_eth,0.0242,0x5a441383e2e609a5c21e7258cf65291ba5b9c89e47b1a88a0a98bc0edd553455,1524452759,candidate_layering,,
0x1f4b10ffb832581ae5a975ed38eeac9f4e960bdf,0xcdb53255c44889631b554e507cb4feec2bdf015c,normal_eth,0.02,0x8f57073a6596ad0a9e9a8be7ae5e1a9d0d838dfb339c1e2e76e32814fc702e16,1524512777,candidate_layering,,
0x1f4b10ffb832581ae5a975ed38eeac9f4e960bdf,0xa7d41d5d2568c08dabe7e60da214a208c9bab988,normal_eth,0.035,0x5cc7570ca3335e9b063e7a3618de2ef83c27d53e553dfae987f3041a357e138c,1524514009,candidate_layering,,
0x1f4b10ffb832581ae5a975ed38eeac9f4e960bdf,0xcdb53255c44889631b554e507cb4feec2bdf015c,normal_eth,0.02,0xd8e745dfcb05911c743835c877fd486d28a72bc7d4a799811c1bf28b27f60820,1524514274,candidate_layering,,
0x1f4b10ffb832581ae5a975ed38eeac9f4e960bdf,0xcdb53255c44889631b554e507cb4feec2bdf015c,normal_eth,0.065,0x313362d1cec7cf4a0b792706b1836a0914f487d9e77f1279f63c4070d992fc40,1524514814,candidate_layering,,
0x1f4b10ffb832581ae5a975ed38eeac9f4e960bdf,0xfe8bed8cdcacf279398677d59d95dda9543abdd1,normal_eth,0.173,0xf205747bf90110aa82bdcdbf57d7a383188f88d7c84b7ceca97ab0088b536e3c,1524517010,candidate_layering,,
0x1f4b10ffb832581ae5a975ed38eeac9f4e960bdf,0xb1690c08e213a35ed9bab7b318de14420fb57d8c,normal_eth,0.13723075605561386,0x0abc9eb10c10126ad80e58c8d63450a5f9a7d1425b493e25764fbe300abdaf19,1524520493,candidate_layering,,
0x1f4b10ffb832581ae5a975ed38eeac9f4e960bdf,0x669b690f73955c97aa6e5667c5d11a0314bff0ac,normal_eth,0.031,0x781ec442bd462cce7c86570af02b3864d485775e5e25e6e7638710147eed3e0b,1524525786,candidate_layering,,
0x1f4b10ffb832581ae5a975ed38eeac9f4e960bdf,0xfe8bed8cdcacf279398677d59d95dda9543abdd1,normal_eth,0.055,0x4eb4613374902381d73132ebb0a80735ad2a57df7f7f7008764f6ef9be5d9692,1524529104,candidate_layering,,
0x1f4b10ffb832581ae5a975ed38eeac9f4e960bdf,0x06012c8cf97bead5deae237070f9587f8e7a266d,normal_eth,0.010647644684581,0xaaa5efffa385dd2bbc39d343509dcd4921c1ea5232d3aba7ba21b41b108716d2,1524533098,candidate_layering,,
0x1f4b10ffb832581ae5a975ed38eeac9f4e960bdf,0x06012c8cf97bead5deae237070f9587f8e7a266d,normal_eth,0.011,0xd3b134d7b445ab2b26110b2aaa4ed912c760d11e8b293a1a09fe4ba893aa2360,1524533536,candidate_layering,,
0x1f4b10ffb832581ae5a975ed38eeac9f4e960bdf,0x669b690f73955c97aa6e5667c5d11a0314bff0ac,normal_eth,0.031,0x080eafba1a1c2bf3d5166631133703065b566ced22f21cae4a6354a3716ffcbd,1524536217,candidate_layering,,
0x1f4b10ffb832581ae5a975ed38eeac9f4e960bdf,0xfe8bed8cdcacf279398677d59d95dda9543abdd1,normal_eth,0.061,0x5cf647f6384960d7466a0b09d2478b4032892f89e8e0f68509d9ee7487696a5a,1524537423,candidate_layering,,
0x1f4b10ffb832581ae5a975ed38eeac9f4e960bdf,0x669b690f73955c97aa6e5667c5d11a0314bff0ac,normal_eth,0.04,0x907d52f85bdae73fac51ae74f0e0fb81389d6fed0541a971b6c5fc278cace08b,1524540267,candidate_layering,,
0x1f4b10ffb832581ae5a975ed38eeac9f4e960bdf,0x669b690f73955c97aa6e5667c5d11a0314bff0ac,normal_eth,0.048,0xa943d7464a2e71e6b6882bc0953a2166ebc2287e85fd3b7bfc3042a33a43cfea,1524541477,candidate_layering,,
0x1f4b10ffb832581ae5a975ed38eeac9f4e960bdf,0x669b690f73955c97aa6e5667c5d11a0314bff0ac,normal_eth,0.011,0xfe597e16384f6f4ec619182ec2901d1b22721e2939eb370928b02552846b0fcb,1524568754,candidate_layering,,
0x1f4b10ffb832581ae5a975ed38eeac9f4e960bdf,0xfe8bed8cdcacf279398677d59d95dda9543abdd1,normal_eth,0.0139,0x57b12c3f638310534f9166e273639616a4d3c3be16b947cb8db3e2e6536bbb92,1524630329,candidate_layering,,
0x1f4b10ffb832581ae5a975ed38eeac9f4e960bdf,0xfe8bed8cdcacf279398677d59d95dda9543abdd1,normal_eth,0.014,0xa6aa3086d67e1ab5d1534c08576446c4269a353e24348c1417a8ec4852dd0d51,1524636962,candidate_layering,,
0x1f4b10ffb832581ae5a975ed38eeac9f4e960bdf,0xfe8bed8cdcacf279398677d59d95dda9543abdd1,normal_eth,0.221,0xe99998ad5062b92ea17b234a32b258aba53441a9fa3827f67fc89e1c21a292f3,1524667021,candidate_layering,,
0x1f4b10ffb832581ae5a975ed38eeac9f4e960bdf,0xfe8bed8cdcacf279398677d59d95dda9543abdd1,normal_eth,0.221,0x3838d6360075e74932fab2d80e6fe2afe6df51b6f7e0f16f4cc2abca6f6e5a15,1524670334,candidate_layering,,
0x1f4b10ffb832581ae5a975ed38eeac9f4e960bdf,0xfe8bed8cdcacf279398677d59d95dda9543abdd1,normal_eth,0.188,0x039939af9639b5e78b3cdf208c485e90b43f4ca84e0aa5030eb02bd7a215e1d3,1524679111,candidate_layering,,
0x1f4b10ffb832581ae5a975ed38eeac9f4e960bdf,0xfe8bed8cdcacf279398677d59d95dda9543abdd1,normal_eth,0.184,0x4c943584180a9e289b55e5ed4417aa43c03d2a149fddb473f263816b83f92223,1524689269,candidate_layering,,
0x1f4b10ffb832581ae5a975ed38eeac9f4e960bdf,0xb1690c08e213a35ed9bab7b318de14420fb57d8c,normal_eth,0.13198494464583638,0x3d525ab375ce0740c50fed94098005ff8f4ef0c756bb045bcde204f8e2c4b436,1524693533,candidate_layering,,
0x1f4b10ffb832581ae5a975ed38eeac9f4e960bdf,0x06012c8cf97bead5deae237070f9587f8e7a266d,normal_eth,0.013,0xcfc884bdbb239d1472a54f25455bccb4a42b81f8cebb51dbf57c041d7eb6d283,1524694320,candidate_layering,,
0x1f4b10ffb832581ae5a975ed38eeac9f4e960bdf,0x06012c8cf97bead5deae237070f9587f8e7a266d,normal_eth,0.015,0xade89cd72d55da0948eb6c0dec8150e96996fc8cfd957836bae9a0c6a87ca5cf,1524695125,candidate_layering,,
0x1f4b10ffb832581ae5a975ed38eeac9f4e960bdf,0x06012c8cf97bead5deae237070f9587f8e7a266d,normal_eth,0.018,0xe932a4eee81092878e1928986df47659e724630d5c8509c7b7b3adfe1dcf56f4,1524696322,candidate_layering,,
0x1f4b10ffb832581ae5a975ed38eeac9f4e960bdf,0x669b690f73955c97aa6e5667c5d11a0314bff0ac,normal_eth,0.017,0x1d821aed3772172ef16c5abf30bc30d1b9cf58187c3101a4d130d432ca11634a,1524698055,candidate_layering,,
0x1f4b10ffb832581ae5a975ed38eeac9f4e960bdf,0xfe8bed8cdcacf279398677d59d95dda9543abdd1,normal_eth,0.022,0xec3ee2f8234cbd378ad640d769e553d7eafdb7079af502160c7834b7e173bda4,1524699115,candidate_layering,,
0x1f4b10ffb832581ae5a975ed38eeac9f4e960bdf,0xfe8bed8cdcacf279398677d59d95dda9543abdd1,normal_eth,0.164,0x5b7c9d2964a598f6c85162235c50b3b3655d0014929eb0a0785d10ede57c4624,1524714221,candidate_layering,,
0x1f4b10ffb832581ae5a975ed38eeac9f4e960bdf,0xb1690c08e213a35ed9bab7b318de14420fb57d8c,normal_eth,0.1323682679043249,0x0930cccb0c55a6eead2b8fc02917f549ce8c88c7f697871242505caf95c2033f,1524753835,candidate_layering,,
0x1f4b10ffb832581ae5a975ed38eeac9f4e960bdf,0x06012c8cf97bead5deae237070f9587f8e7a266d,normal_eth,0.016,0x113e249125627e04506297a72f4619c8e71df4bf0ffdae4c8d8d995ac94de699,1524761795,candidate_layering,,
0x1f4b10ffb832581ae5a975ed38eeac9f4e960bdf,0x06012c8cf97bead5deae237070f9587f8e7a266d,normal_eth,0.016,0x6c62c6e42da383bb3e66bcea9d5e36fe4bc0eef752394b86dcb55dc13a8c08d4,1524771374,candidate_layering,,
0x1f4b10ffb832581ae5a975ed38eeac9f4e960bdf,0xfe8bed8cdcacf279398677d59d95dda9543abdd1,normal_eth,0.141,0xec711c29087a3e084f0eb48395897b907d9fe28e5e0dfa050bd0df068621fa1d,1524826309,candidate_layering,,
0x1f4b10ffb832581ae5a975ed38eeac9f4e960bdf,0x06012c8cf97bead5deae237070f9587f8e7a266d,normal_eth,0.011172741850666223,0x5f77fec16c767775bf923f565efa921ad9f0b362b1f2013985a40adf4f645287,1524829920,candidate_layering,,
0x1f4b10ffb832581ae5a975ed38eeac9f4e960bdf,0xb1690c08e213a35ed9bab7b318de14420fb57d8c,normal_eth,0.0148465172439393,0x7e7c9ea87de162f4dc3214ae6e8f9e81f95fb5833a376a5c45b50a63ba699f26,1524830743,candidate_layering,,
0x1f4b10ffb832581ae5a975ed38eeac9f4e960bdf,0xb1690c08e213a35ed9bab7b318de14420fb57d8c,normal_eth,0.014845514998748532,0x61815d32c057fcf4fc7f0bc2527ba9af383e2738613eb9f2352add9cc151c174,1524830767,candidate_layering,,
0x1f4b10ffb832581ae5a975ed38eeac9f4e960bdf,0x06012c8cf97bead5deae237070f9587f8e7a266d,normal_eth,0.02,0xeddc6769b312ecf21185228c80a74d353342ef05da1e1525d075d85230738e87,1524836666,candidate_layering,,
0x1f4b10ffb832581ae5a975ed38eeac9f4e960bdf,0xb1690c08e213a35ed9bab7b318de14420fb57d8c,normal_eth,0.015,0x5a7c5371fb5c57d34854e5b6b2056365b65d87f15eb4b18e6466dee2adc7987a,1524839904,candidate_layering,,
0x1f4b10ffb832581ae5a975ed38eeac9f4e960bdf,0xb1690c08e213a35ed9bab7b318de14420fb57d8c,normal_eth,0.01597661379799049,0xbd5ff2407ffe9b71940be5cf4cf93e1994166a2b473bbd8d8ac74efb007087e2,1524840785,candidate_layering,,
0x1f4b10ffb832581ae5a975ed38eeac9f4e960bdf,0xb1690c08e213a35ed9bab7b318de14420fb57d8c,normal_eth,0.013723866840402735,0x66d36e8ca34dcd3fa717005ff27b74a3901054cbe087fa645ffa47df4ea73a88,1524841164,candidate_layering,,
0x1f4b10ffb832581ae5a975ed38eeac9f4e960bdf,0xfe8bed8cdcacf279398677d59d95dda9543abdd1,normal_eth,0.0321,0x5850596e51365a692bfa9a0a20ebf88a00c54ba7c8cf26c9d8d7546f95ef1627,1524842622,candidate_layering,,
0x1f4b10ffb832581ae5a975ed38eeac9f4e960bdf,0x669b690f73955c97aa6e5667c5d11a0314bff0ac,normal_eth,0.0339,0xd19c05b852b544177246b2740b8afcdaee1e632372d290f5450fbb74c120727e,1524856054,candidate_layering,,
0x1f4b10ffb832581ae5a975ed38eeac9f4e960bdf,0xfe8bed8cdcacf279398677d59d95dda9543abdd1,normal_eth,0.094,0x8f4fa87e5a7147338ccb774957f401cdc7516f7b648c2b875469948201f7da72,1524934755,candidate_layering,,
0x1f4b10ffb832581ae5a975ed38eeac9f4e960bdf,0x669b690f73955c97aa6e5667c5d11a0314bff0ac,normal_eth,0.1003,0x6be845636963eee5f9818fecd6c44897b88e3ba6d0622a8bebfb8915a6d7884c,1524937665,candidate_layering,,
0x1f4b10ffb832581ae5a975ed38eeac9f4e960bdf,0xb1690c08e213a35ed9bab7b318de14420fb57d8c,normal_eth,0.01359765999116077,0xb58e054307f25421d01e30a1616db115d9c9e57d69b75cefbe5e6e1b821217b0,1524941210,candidate_layering,,
0x1f4b10ffb832581ae5a975ed38eeac9f4e960bdf,0xb1690c08e213a35ed9bab7b318de14420fb57d8c,normal_eth,0.013598993967543061,0xe8535840e04a36d323e950202a49293ca69f9daaa4765d35eb8273706aa779d6,1524941230,candidate_layering,,
0x1f4b10ffb832581ae5a975ed38eeac9f4e960bdf,0x06012c8cf97bead5deae237070f9587f8e7a266d,normal_eth,0.018,0x9d9f5378b9e46e99856266d8aa8a1c8a753c09fb8c8dabc1e30d107a6a4f2cdb,1524941753,candidate_layering,,
0x1f4b10ffb832581ae5a975ed38eeac9f4e960bdf,0x42b2c6e7e394019890b06b470fd1c3f3b83b0e83,erc20,43000000.0,0x6f3308775ee57d35da00c5662273d55dc085160904f70258cdb3bf3bf346a055,1523851735,candidate_layering,Goo,0x57b116da40f21f91aec57329ecb763d29c1b2355
0x1f4b10ffb832581ae5a975ed38eeac9f4e960bdf,0x7ec1bf33aa5f43c613e00c75166c38c5383c46e8,erc20,75000000.0,0x49c23e1afb6c16dc557b9018f347bc035989032ed05b36fa07ee423ac46d5ba0,1523986704,candidate_layering,Goo,0x57b116da40f21f91aec57329ecb763d29c1b2355
0x1f4b10ffb832581ae5a975ed38eeac9f4e960bdf,0x89d36a79f146c3e4053d79ea9b2660a89f1e577f,erc20,50000000.0,0x455066eee2c1259064440a312d9645744cfa4415d7c9c1300a8ccd84768d36ee,1523989221,candidate_layering,Goo,0x57b116da40f21f91aec57329ecb763d29c1b2355
0x1f4b10ffb832581ae5a975ed38eeac9f4e960bdf,0x5edbc75b992c2c39e5c5b860740140dacace66e5,erc20,20000000.0,0xef0ca0483dac31f80664ec46f842e037e03f1d1e072ce8797c625bc2273a0af2,1524289051,candidate_layering,Goo,0x57b116da40f21f91aec57329ecb763d29c1b2355
0x1f4b10ffb832581ae5a975ed38eeac9f4e960bdf,0x868f60cdd76a61fa7cfc268f1419610be05787fb,erc20,12000000.0,0xcf7b53d0167bf87a3660680c8d457b89fe33565e9eb189a3f1343ce61e59d7e4,1524289894,candidate_layering,Goo,0x57b116da40f21f91aec57329ecb763d29c1b2355
0x1f4b10ffb832581ae5a975ed38eeac9f4e960bdf,0xe09c43f31e7585d716c5fb0674b30c631681adf6,erc20,12000000.0,0x2b7df47778cbb00af40e36d4a9b7c410010e73a7e9b6824ac4cfaeaf3ba384e7,1524290158,candidate_layering,Goo,0x57b116da40f21f91aec57329ecb763d29c1b2355
0x1f4b10ffb832581ae5a975ed38eeac9f4e960bdf,0x213cd324a5382e22f4aece9a15e15bbd653f3509,erc20,13000000.0,0x4cfeaf984b8937a80065656666a357011a0e334f68c102596f24f1ff1612ed45,1524290401,candidate_layering,Goo,0x57b116da40f21f91aec57329ecb763d29c1b2355
0x1f4b10ffb832581ae5a975ed38eeac9f4e960bdf,0x9e93f715a24d1f52a473aa2fbe20432d272c4daa,erc20,12000000.0,0x026a384aba411bb82e1a561996a54c74618184d1c6894ac51324e603248f2ae2,1524327877,candidate_layering,Goo,0x57b116da40f21f91aec57329ecb763d29c1b2355
0x1f4b10ffb832581ae5a975ed38eeac9f4e960bdf,0xe3f4b38553e2d1ef93aeb7ab25981b36e0330573,erc20,12000000.0,0x374a709c034586545e1af2d5e0202f18bf42ba52ac3b5152b78ed392e454e69d,1524328115,candidate_layering,Goo,0x57b116da40f21f91aec57329ecb763d29c1b2355
0x1f4b10ffb832581ae5a975ed38eeac9f4e960bdf,0x85abe8e3bed0d4891ba201af1e212fe50bb65a26,erc20,127000000.0,0x0aeb8e8aeaa8d597ee661d2c2ba685b8c428a43fdd731276b1ac6d0d32aa909c,1524362719,candidate_layering,Goo,0x57b116da40f21f91aec57329ecb763d29c1b2355
0x1f4b10ffb832581ae5a975ed38eeac9f4e960bdf,0x85abe8e3bed0d4891ba201af1e212fe50bb65a27,erc20,100000000.0,0x11c80600cd5c457054c0d94f4c6d4489cad31607a6ced5c6668d297bc77f1ad6,1524362880,candidate_layering,Goo,0x57b116da40f21f91aec57329ecb763d29c1b2355
0x1f4b10ffb832581ae5a975ed38eeac9f4e960bdf,0x85abe8e3bed0d4891ba201af1e212fe50bb65a27,erc20,90000000.0,0x0946fccfb4434ba1b6c421b9383771888eecdf2b8d4b8eb5976d088590d2572a,1524364859,candidate_layering,Goo,0x57b116da40f21f91aec57329ecb763d29c1b2355
0x1f4b10ffb832581ae5a975ed38eeac9f4e960bdf,0x23b45c658737b12f1748ce56e9b6784b5e9f3ff8,erc20,851.0,0xf179d67e6cd6d02d26e44112ecaab0b1e152c5ad2e475a4be063a9add143a9fe,1525314100,candidate_layering,CBF,0x71c118b00759b0851785642541ceb0f4ceea0bd5
0x1f4b10ffb832581ae5a975ed38eeac9f4e960bdf,0x71c118b00759b0851785642541ceb0f4ceea0bd5,erc20,1.0,0x6d54348d2f968943c029769b324081814cc3954ade3b38ddcf19bc53588cdda2,1525529943,candidate_layering,FCF,0x85dd50bb40b7770564d35d71b0c6eaf3ec1d9603
0x1f4b10ffb832581ae5a975ed38eeac9f4e960bdf,0x71c118b00759b0851785642541ceb0f4ceea0bd5,erc20,1.0,0x288ff4d441d8486a6874fa80216dbc655bf69c10e576213e8569d0dff040d48c,1525531086,candidate_layering,FCF,0x85dd50bb40b7770564d35d71b0c6eaf3ec1d9603
0x1f4b10ffb832581ae5a975ed38eeac9f4e960bdf,0x78997e9e939daffe7eb9ed114fbf7128d0cfcd39,erc20,2656.0,0x2f0c42b3e853e714f2c64b2ec0a33e597f26593f4af82020e9be5ff7a3053c76,1529258597,candidate_layering,CARD,0xc70be5b7c19529ef642d16c10dfe91c58b5c3bf0
0x1f4b10ffb832581ae5a975ed38eeac9f4e960bdf,0x23b45c658737b12f1748ce56e9b6784b5e9f3ff8,erc20,702.0,0x7f3340f809792c10b3cb793fafd3031f6f6fe7d1dfb6a364775bb3c3508b2fa5,1529258817,candidate_layering,CBF,0x71c118b00759b0851785642541ceb0f4ceea0bd5
0x1f4b10ffb832581ae5a975ed38eeac9f4e960bdf,0xb5839d20232c7962a51db58d6abc2474a752d06d,erc20,851.0,0x830ab5820fadeaaa7c42d4667cb81404e719aaa0e317ac597d82f16012e21979,1529614041,candidate_layering,CBF,0x71c118b00759b0851785642541ceb0f4ceea0bd5
0x1f4b10ffb832581ae5a975ed38eeac9f4e960bdf,0xc69325fe2449fbdc064018b0c0ca246e7067db54,erc20,863.0,0x84b37c4711a51dd402fc35605a8c8f223a91db789a80f1de3f84db97daa25dfb,1531107881,candidate_layering,CBF,0x71c118b00759b0851785642541ceb0f4ceea0bd5
0x1f4b10ffb832581ae5a975ed38eeac9f4e960bdf,0xc69325fe2449fbdc064018b0c0ca246e7067db54,erc20,828.0,0x0cffbd6d332a7f6ee43e1e36654d1166b90d4f4635491f8df31cee6d29b9b819,1531110760,candidate_layering,CBF,0x71c118b00759b0851785642541ceb0f4ceea0bd5
0x1f4b10ffb832581ae5a975ed38eeac9f4e960bdf,0xc69325fe2449fbdc064018b0c0ca246e7067db54,erc20,1005.0,0xb734814449cbec8f5fdbc30492ee638039cf6dc0d8666ebb70ddd8d3cd62730b,1531112287,candidate_layering,CBF,0x71c118b00759b0851785642541ceb0f4ceea0bd5
0x1f4b10ffb832581ae5a975ed38eeac9f4e960bdf,0xc7391970d642faf65fabac8f63b0d41c4481d787,erc20,1018.0,0x28fe6bae0de2445483db590dfe7d65ed9dcb200aa394b24d566a78b1d663ca13,1531309014,candidate_layering,CBF,0x71c118b00759b0851785642541ceb0f4ceea0bd5
0x1f4b10ffb832581ae5a975ed38eeac9f4e960bdf,0xc7391970d642faf65fabac8f63b0d41c4481d787,erc20,680.0,0x03b00273380b417e942051c9ebfc46ae0daedc265b3912ad413a7cd9bba3ac59,1531310818,candidate_layering,CBF,0x71c118b00759b0851785642541ceb0f4ceea0bd5
0x1f4b10ffb832581ae5a975ed38eeac9f4e960bdf,0xc7391970d642faf65fabac8f63b0d41c4481d787,erc20,611.0,0xcb6a50ad0b65ac2fbeb34a91e45bdb70d6bb264138e745ccf06b369fc46c4106,1531693947,candidate_layering,CBF,0x71c118b00759b0851785642541ceb0f4ceea0bd5
0x1f4b10ffb832581ae5a975ed38eeac9f4e960bdf,0x0d4ac7e3f1694961ef307d11c57464ba6ee7805f,erc20,1748.0,0xf9eaace7ad771e6ee4a1839887df59190acb58460e9cc0c278443b36adcc1969,1533059201,candidate_layering,CBF,0x71c118b00759b0851785642541ceb0f4ceea0bd5
0x1f4b10ffb832581ae5a975ed38eeac9f4e960bdf,0x0d4ac7e3f1694961ef307d11c57464ba6ee7805f,erc20,1749.0,0x6887e2539bb6c5133c12c130e31dc3f5d62bfda57e6b2655e4dcfa314f8058dd,1533059347,candidate_layering,CBF,0x71c118b00759b0851785642541ceb0f4ceea0bd5
0x1f4b10ffb832581ae5a975ed38eeac9f4e960bdf,0x5edbc75b992c2c39e5c5b860740140dacace66e5,erc20,1751.0,0x6339a49ec6fd388f57b0c48b6f1212d360208b2010da1a86c40c746fe5d88403,1533095182,candidate_layering,CBF,0x71c118b00759b0851785642541ceb0f4ceea0bd5
0x1f4b10ffb832581ae5a975ed38eeac9f4e960bdf,0x70e19485dc71a021cc855acd4a346d09ee2201ee,erc20,1695.0,0x00d4bd442f570da5a2f9eb310c2bf82fba514334271f93a07f6ec547c014283f,1533228284,candidate_layering,CBF,0x71c118b00759b0851785642541ceb0f4ceea0bd5
0x1f4b10ffb832581ae5a975ed38eeac9f4e960bdf,0xfa73bb601ad857d706c0177e0bb92ef2ac3818d8,erc20,1693.0,0xf27f6d21c1bb77dd1c5439647d8fa2809f0665ceb0b1a059e644e4fa284e1b27,1533230232,candidate_layering,CBF,0x71c118b00759b0851785642541ceb0f4ceea0bd5
0x1f4b10ffb832581ae5a975ed38eeac9f4e960bdf,0x23b45c658737b12f1748ce56e9b6784b5e9f3ff8,erc20,892.0,0x07a9374e20aa5cc7af8d10c0837a3a3782d2b853b7da18686bfea7b298fe13d4,1533406064,candidate_layering,CBF,0x71c118b00759b0851785642541ceb0f4ceea0bd5
0x1f4b10ffb832581ae5a975ed38eeac9f4e960bdf,0x23b45c658737b12f1748ce56e9b6784b5e9f3ff8,erc20,80.0,0xb804ba5d0040246cc7692197a39786af18a8c77ffb43f43f8edad518a783fbcb,1533406473,candidate_layering,CBF,0x71c118b00759b0851785642541ceb0f4ceea0bd5
0x1f4b10ffb832581ae5a975ed38eeac9f4e960bdf,0xe34777bd5392315974f42edb8ce550cb821a6f92,erc20,1765.0,0x74c8b47b0aaa468adda8c4419b8fe694cf19f5455023d991be679e4af938528c,1533489627,candidate_layering,CBF,0x71c118b00759b0851785642541ceb0f4ceea0bd5
0x1f4b10ffb832581ae5a975ed38eeac9f4e960bdf,0x885e24895fe5567358fa17f0da4147a01557ede5,erc20,8580.0,0x06d8f8326b64b3fbfa25c8678f8829522efe169a61c15fa3e3913df18df1492c,1533515462,candidate_layering,HERO,0x4fece400c0d3db0937162ab44bab34445626ecfe
0x1f4b10ffb832581ae5a975ed38eeac9f4e960bdf,0x613e342bedcc37e7811eeed9af39553cce620e1f,erc20,8470.0,0xfaa2c9514830c887e23acf50deb80fd66d4bdc711c9c0b955c9e18a8341115e2,1533689314,candidate_layering,HERO,0x4fece400c0d3db0937162ab44bab34445626ecfe
0x1f4b10ffb832581ae5a975ed38eeac9f4e960bdf,0x0000000000000000000000000000000000000000,erc20,5.0,0x7afa1fe1a118ff8f06667800ef831d3fff16fb7bab7af8dc79989ea718b8750d,1533759319,candidate_layering,AEC,0x0c7cf86188632e16af00415214155950684466a8
0x1f4b10ffb832581ae5a975ed38eeac9f4e960bdf,0x9594c0519c110464de1a24ff0851c07dde041c0e,erc20,4578.0,0xe19891ce22d2cadb91468ebe111bd73ee2b7f9dafd8b73d675c9ced53024a0ec,1533765325,candidate_layering,HERO,0x4fece400c0d3db0937162ab44bab34445626ecfe
0x1f4b10ffb832581ae5a975ed38eeac9f4e960bdf,0xf4985070ce32b6b1994329df787d1acc9a2dd9e2,erc20,5295.0,0x7bb0cb3b6f242f432fe88e82eca2fb413935afa9aa352e8d796ba9565ec00f02,1533771439,candidate_layering,AXIE,0xf5b0a3efb8e8e4c201e2a935f110eaaf3ffecb8d
0x1f4b10ffb832581ae5a975ed38eeac9f4e960bdf,0x23109458cfd469b98c07ef8d27f1f418806f27bb,erc20,1.5,0xd0a0b9bcfcae1ae057342041a06d3f267e0b695cf2930fa42b272845b567f55e,1533823355,candidate_layering,ETIT,0x8fe19c447821b4cdcdd5012bca1b5469ca96d80d
0x1f4b10ffb832581ae5a975ed38eeac9f4e960bdf,0x024be6824fe397521179503c3bd2d9feb4ab05b4,erc20,0.17,0x735c75d4de19a6bc2783d0f8bf0dc446c98272048c6c6f3f7b0ef58944c72058,1533864157,candidate_layering,ETIT,0x8fe19c447821b4cdcdd5012bca1b5469ca96d80d
0x1f4b10ffb832581ae5a975ed38eeac9f4e960bdf,0xaf8487980af6c604f42d2cb0b51966d936e5bac6,erc20,10136.0,0xef1a5cab1583536e4da3908fb813d6a87d590316f4bd185f6d0a32f531a67cb2,1533952207,candidate_layering,HERO,0x4fece400c0d3db0937162ab44bab34445626ecfe
0x1f4b10ffb832581ae5a975ed38eeac9f4e960bdf,0x3bb6fab3378aca4d9de11bc731c52fa1c6ed5608,erc20,1.0,0xf5e5db15e3026cd29de5674d5e0a7a914be7b600da00fc0b2d69e4ee030627cf,1534000605,candidate_layering,ZTH,0xd48b633045af65ff636f3c6edd744748351e020d
0x1f4b10ffb832581ae5a975ed38eeac9f4e960bdf,0x3bb6fab3378aca4d9de11bc731c52fa1c6ed5608,erc20,8.0,0x5687f0b0ca372f5a96d6f1fe72877d3304d7d53b8ab30964b95e8d921b2c6401,1534001296,candidate_layering,ZTH,0xd48b633045af65ff636f3c6edd744748351e020d
0x1f4b10ffb832581ae5a975ed38eeac9f4e960bdf,0x23109458cfd469b98c07ef8d27f1f418806f27bb,erc20,3.0,0x9bd68b4110b411967f574ae6d039b91940400bd2dbb1227a162a48165b0ebf11,1534025897,candidate_layering,ETIT,0x8fe19c447821b4cdcdd5012bca1b5469ca96d80d
0x1f4b10ffb832581ae5a975ed38eeac9f4e960bdf,0x024be6824fe397521179503c3bd2d9feb4ab05b4,erc20,1.0,0x91794215381cadc1bf7684d23e9bbf1b1995e71ec2af4dd9240f367d6af63301,1534026416,candidate_layering,ETIT,0x8fe19c447821b4cdcdd5012bca1b5469ca96d80d
0x1f4b10ffb832581ae5a975ed38eeac9f4e960bdf,0x23109458cfd469b98c07ef8d27f1f418806f27bb,erc20,1.0,0xbff53497239e0422995ae43425ddd6be91faf0bfebfd9574128c515e888db16b,1534027206,candidate_layering,ETIT,0x8fe19c447821b4cdcdd5012bca1b5469ca96d80d
0x1f4b10ffb832581ae5a975ed38eeac9f4e960bdf,0x8d12a197cb00d4747a1fe03395095ce2a5cc6819,erc20,10.0,0xd1199a70afd5e78e3d84f18e7cc279092ef032535c032bc42e6d248834bed2ea,1534031446,candidate_layering,ETIT,0x8fe19c447821b4cdcdd5012bca1b5469ca96d80d
0x1f4b10ffb832581ae5a975ed38eeac9f4e960bdf,0x3bb6fab3378aca4d9de11bc731c52fa1c6ed5608,erc20,1.0,0x018b3e57e2c0f9b8af255ad26e075c4d365027dde7c336bf2b16793311e7e7d8,1534034902,candidate_layering,ZTH,0xd48b633045af65ff636f3c6edd744748351e020d
0x1f4b10ffb832581ae5a975ed38eeac9f4e960bdf,0x3bb6fab3378aca4d9de11bc731c52fa1c6ed5608,erc20,5.9,0x747824ec15b669dd2add25cbf7f9b504da288ecae8337799f91e62ec3746382e,1534035347,candidate_layering,ZTH,0xd48b633045af65ff636f3c6edd744748351e020d
0x1f4b10ffb832581ae5a975ed38eeac9f4e960bdf,0x38e9c3c593f30bfe6f9b9f8595f61a2fad31403b,erc20,1.0,0xab09fdd8f4bb8e91286db14b9f35ae46a81b182cde481b1390646338c858450c,1534038645,candidate_layering,ZTH,0xd48b633045af65ff636f3c6edd744748351e020d
0x1f4b10ffb832581ae5a975ed38eeac9f4e960bdf,0x38e9c3c593f30bfe6f9b9f8595f61a2fad31403b,erc20,1.0,0x6fc7ca3f99107dd5344ff4f136ddbe93268ebb936d44f8ac4b0d17f50357ddae,1534038732,candidate_layering,ZTH,0xd48b633045af65ff636f3c6edd744748351e020d
0x1f4b10ffb832581ae5a975ed38eeac9f4e960bdf,0x38e9c3c593f30bfe6f9b9f8595f61a2fad31403b,erc20,3.0,0xac7256955b74e1f54fdccddca03525fd128e8b0d555637dce56937f22af92375,1534038838,candidate_layering,ZTH,0xd48b633045af65ff636f3c6edd744748351e020d
0x1f4b10ffb832581ae5a975ed38eeac9f4e960bdf,0x38e9c3c593f30bfe6f9b9f8595f61a2fad31403b,erc20,10.0,0xc676c01d4870c22b57958f6165dba6309f4201f6f704e4100604e22a06115ce2,1534039492,candidate_layering,ZTH,0xd48b633045af65ff636f3c6edd744748351e020d
0x1f4b10ffb832581ae5a975ed38eeac9f4e960bdf,0x38e9c3c593f30bfe6f9b9f8595f61a2fad31403b,erc20,2.0,0x53084b64cf6dbcbb537e12b0a028ea1781fd13ce0411c2b3976b2b52b919c331,1534040325,candidate_layering,ZTH,0xd48b633045af65ff636f3c6edd744748351e020d
0x1f4b10ffb832581ae5a975ed38eeac9f4e960bdf,0x38e9c3c593f30bfe6f9b9f8595f61a2fad31403b,erc20,1.0,0x16bf5a470b39c68f537efcff4cdb7e57ccc89a2bac07990c7823cfd53a89263c,1534041228,candidate_layering,ZTH,0xd48b633045af65ff636f3c6edd744748351e020d
0x1f4b10ffb832581ae5a975ed38eeac9f4e960bdf,0x38e9c3c593f30bfe6f9b9f8595f61a2fad31403b,erc20,1.0,0x652b229f678ebb0c0003947187a97d664d4e50d3ae548c10a06f5f7902fb0bb3,1534041362,candidate_layering,ZTH,0xd48b633045af65ff636f3c6edd744748351e020d
0x1f4b10ffb832581ae5a975ed38eeac9f4e960bdf,0x38e9c3c593f30bfe6f9b9f8595f61a2fad31403b,erc20,4.0,0x5478bf67c243a6c9db3b79b20ab311c49a3e9674738bc3e8c4c24c2150beab01,1534041439,candidate_layering,ZTH,0xd48b633045af65ff636f3c6edd744748351e020d
0x1f4b10ffb832581ae5a975ed38eeac9f4e960bdf,0x38e9c3c593f30bfe6f9b9f8595f61a2fad31403b,erc20,1.9,0x52852f183daf2f49fe3149a33c864d84f7b64ca5e32b905f06b5efa5dcaa5850,1534042153,candidate_layering,ZTH,0xd48b633045af65ff636f3c6edd744748351e020d
0x1f4b10ffb832581ae5a975ed38eeac9f4e960bdf,0x72d27dc56087197dc79518cfabe57fc0062524f6,erc20,1.2796296296296297,0xe9ed4a9efd98524e6440818198a5fb9ea6a04cec8b27c9f6d27cdee584dea491,1534078274,candidate_layering,ETIT,0x8fe19c447821b4cdcdd5012bca1b5469ca96d80d
0x1f4b10ffb832581ae5a975ed38eeac9f4e960bdf,0x72d27dc56087197dc79518cfabe57fc0062524f6,erc20,1.2314814814814814,0xa6bb4084ea863292907a9cc412c8fd838b62f3220a41e62a04caec042496444a,1534078318,candidate_layering,ETIT,0x8fe19c447821b4cdcdd5012bca1b5469ca96d80d
0x1f4b10ffb832581ae5a975ed38eeac9f4e960bdf,0x72d27dc56087197dc79518cfabe57fc0062524f6,erc20,1.2138888888888888,0x2d65ffb4c6e837f6c589627b755d639ccdaee6998c22fdb734140419bed71af7,1534078378,candidate_layering,ETIT,0x8fe19c447821b4cdcdd5012bca1b5469ca96d80d
0x1f4b10ffb832581ae5a975ed38eeac9f4e960bdf,0x024be6824fe397521179503c3bd2d9feb4ab05b4,erc20,1.0,0xdb023cc3252fbac3e2a9313b1b5bed35f43cb20cd73866b02ab8f531d5f122fb,1534079055,candidate_layering,ETIT,0x8fe19c447821b4cdcdd5012bca1b5469ca96d80d
0x1f4b10ffb832581ae5a975ed38eeac9f4e960bdf,0x51c18217fd5cd24bff32f272eff9f2cac6a0dd32,erc20,10614.0,0xbccaf31bcf98baa36038f760f4a16170c17467e5f6f44a29e8ae42c0f6666517,1534086945,candidate_layering,HERO,0x4fece400c0d3db0937162ab44bab34445626ecfe
0x1f4b10ffb832581ae5a975ed38eeac9f4e960bdf,0x72d27dc56087197dc79518cfabe57fc0062524f6,erc20,3.0777777777777775,0x8baa25f4be31cb69f72304311c249031676d24e3c9370dec2bf632fe7f0236cb,1534088466,candidate_layering,ETIT,0x8fe19c447821b4cdcdd5012bca1b5469ca96d80d
0x1f4b10ffb832581ae5a975ed38eeac9f4e960bdf,0x7533c4c1d881aaa75d4b039325866b2f8b8c5ec9,erc20,10636.0,0xb64da1800e2c7bdb7805d047b26219b3ce32d6535113b06492590549c8964739,1534092652,candidate_layering,HERO,0x4fece400c0d3db0937162ab44bab34445626ecfe
0x1f4b10ffb832581ae5a975ed38eeac9f4e960bdf,0x7533c4c1d881aaa75d4b039325866b2f8b8c5ec9,erc20,10613.0,0xf5305baf1754155cb0512c8c2ac3d8449bfdd70c6e5a6077c181e211cee046e9,1534092808,candidate_layering,HERO,0x4fece400c0d3db0937162ab44bab34445626ecfe
0x1f4b10ffb832581ae5a975ed38eeac9f4e960bdf,0x792f827320205caf38070d97aa8213e1948ddd3e,erc20,10612.0,0xc173cc5e6d89c0bae38bc706ceb87920a820c7ff58e5c7100045a1a74054dae7,1534097279,candidate_layering,HERO,0x4fece400c0d3db0937162ab44bab34445626ecfe
0x1f4b10ffb832581ae5a975ed38eeac9f4e960bdf,0x024be6824fe397521179503c3bd2d9feb4ab05b4,erc20,0.3,0x665cd6d0ac06a4fc471b75dc48155f8ddc25e07a3d0842e1732ca33cede6e4c3,1534116895,candidate_layering,ETIT,0x8fe19c447821b4cdcdd5012bca1b5469ca96d80d
0x1f4b10ffb832581ae5a975ed38eeac9f4e960bdf,0x72d27dc56087197dc79518cfabe57fc0062524f6,erc20,2.4476851851851853,0x06f1939556b414b9f6aafe4d16fd80cf24e191d8ed603ac55db3aa1e43e78260,1534137499,candidate_layering,ETIT,0x8fe19c447821b4cdcdd5012bca1b5469ca96d80d
0x1f4b10ffb832581ae5a975ed38eeac9f4e960bdf,0x0000000000000000000000000000000000000000,erc20,5.0,0x0b278d8ca45d964b3d1673f5d834f945998ae198de6e300f158de288eaeb4811,1534138134,candidate_layering,AEC,0x0c7cf86188632e16af00415214155950684466a8
0x1f4b10ffb832581ae5a975ed38eeac9f4e960bdf,0x792f827320205caf38070d97aa8213e1948ddd3e,erc20,10726.0,0x84dc30912a3a4f7aa1dfc2939957e3e842d01d838b3126d395a533e95b274d02,1534139839,candidate_layering,HERO,0x4fece400c0d3db0937162ab44bab34445626ecfe
0x1f4b10ffb832581ae5a975ed38eeac9f4e960bdf,0x72d27dc56087197dc79518cfabe57fc0062524f6,erc20,1.6851851851851853,0x2bb73b319239728fddf5176f0f0b2951d7b199ba38aab36542b2b824ac47e5a0,1534142784,candidate_layering,ETIT,0x8fe19c447821b4cdcdd5012bca1b5469ca96d80d
0x1f4b10ffb832581ae5a975ed38eeac9f4e960bdf,0x72d27dc56087197dc79518cfabe57fc0062524f6,erc20,1.9310185185185185,0xbf4d2cc6cdce74c6f94ccdccc67bf138f24eb635eb06c03b5b16f106a9b138b2,1534143093,candidate_layering,ETIT,0x8fe19c447821b4cdcdd5012bca1b5469ca96d80d
0x1f4b10ffb832581ae5a975ed38eeac9f4e960bdf,0x72d27dc56087197dc79518cfabe57fc0062524f6,erc20,1.9111111111111112,0xb80745492404b9a15d0bc92896baabdc85f27a09fde586d7310abfd8b9aa8bf6,1534143138,candidate_layering,ETIT,0x8fe19c447821b4cdcdd5012bca1b5469ca96d80d
0x1f4b10ffb832581ae5a975ed38eeac9f4e960bdf,0x72d27dc56087197dc79518cfabe57fc0062524f6,erc20,1.8712962962962962,0x9c4f30711260a02e4f099f31b8a13a39eb23f7b0b3ba2dd85bff98898e8219d4,1534143205,candidate_layering,ETIT,0x8fe19c447821b4cdcdd5012bca1b5469ca96d80d
0x1f4b10ffb832581ae5a975ed38eeac9f4e960bdf,0xb6a9777344ddb1999d8062f1e7edb34f2aa69a59,erc20,10743.0,0x38c6fdc0657174df3556630c5977ce1a8d9d83e1ef05a8df194cf8c400e50ef1,1534154638,candidate_layering,HERO,0x4fece400c0d3db0937162ab44bab34445626ecfe
0x1f4b10ffb832581ae5a975ed38eeac9f4e960bdf,0x024be6824fe397521179503c3bd2d9feb4ab05b4,erc20,0.3,0xd2704bf807553bd14d2848f03134a99ff64bc4638384ee060624a3cf14b4b00d,1534168349,candidate_layering,ETIT,0x8fe19c447821b4cdcdd5012bca1b5469ca96d80d
0x1f4b10ffb832581ae5a975ed38eeac9f4e960bdf,0xa5ee110ce73c75ebe30f88df5de2b498a8154845,erc20,10735.0,0x68de25687c2a00545e92a0b9bb357437662dc5c4fadc8520e88849c4fbd9de6d,1534168549,candidate_layering,HERO,0x4fece400c0d3db0937162ab44bab34445626ecfe
0x1f4b10ffb832581ae5a975ed38eeac9f4e960bdf,0xe6d5dde7cf1660d3dc43135fba7632dd7e1c937b,erc20,10744.0,0xb7f3fe2be5dfea755297140a199b50a495e60b48ac900408b5e12296ecddf16f,1534177611,candidate_layering,HERO,0x4fece400c0d3db0937162ab44bab34445626ecfe
0x1f4b10ffb832581ae5a975ed38eeac9f4e960bdf,0x8d12a197cb00d4747a1fe03395095ce2a5cc6819,erc20,32.0,0xe4d48d7c05d0dec02ed146df6b027f876e499d52ddad7ce5841f35b4ef7eaed4,1534179233,candidate_layering,ETIT,0x8fe19c447821b4cdcdd5012bca1b5469ca96d80d
0x1f4b10ffb832581ae5a975ed38eeac9f4e960bdf,0x0000000000000000000000000000000000000000,erc20,119.0,0x21399aaf372b54e5d997fc91dcd871eaf3c00a9cd14c270fd4c414a9a0f9d348,1534180959,candidate_layering,ETGEM,0xb2ed45ac861371e35202c483b2f17524b3cce554
0x1f4b10ffb832581ae5a975ed38eeac9f4e960bdf,0xa894a07f81cde601248f5389d3b77893f60be6ff,erc20,4.6,0x210527c939a66a7ad9591cbdc32e51179789c5a6117979a5d4add579d7ca3901,1534185670,candidate_layering,ETIT,0x8fe19c447821b4cdcdd5012bca1b5469ca96d80d
0x1f4b10ffb832581ae5a975ed38eeac9f4e960bdf,0x024be6824fe397521179503c3bd2d9feb4ab05b4,erc20,0.387,0xd2df6c3a473e074ee5ddec255d86e5701692678903bb825669d5d543947708e6,1534185934,candidate_layering,ETIT,0x8fe19c447821b4cdcdd5012bca1b5469ca96d80d
0x1f4b10ffb832581ae5a975ed38eeac9f4e960bdf,0x6fe2f84d4fc06c15d1ac51c9d1d52307634f39eb,erc20,10742.0,0x65aac3950b3e9c858cf0132d70b60f0343d8a30f8bb3b1eac3186a3da0446891,1534187428,candidate_layering,HERO,0x4fece400c0d3db0937162ab44bab34445626ecfe
0x1f4b10ffb832581ae5a975ed38eeac9f4e960bdf,0x024be6824fe397521179503c3bd2d9feb4ab05b4,erc20,0.3,0x9aab3646ff6bbf1580ec94404eee241d43de4b695fc4db61a92f0f03382e9162,1534221047,candidate_layering,ETIT,0x8fe19c447821b4cdcdd5012bca1b5469ca96d80d
0x1f4b10ffb832581ae5a975ed38eeac9f4e960bdf,0x0a3239799518e7f7f339867a4739282014b97dcf,erc20,95.0,0x4b207741229394d77ea84ffde1f4c8bca044b33a4d95009f4057330dd238e0d0,1534222404,candidate_layering,HERO,0x4fece400c0d3db0937162ab44bab34445626ecfe
0x1f4b10ffb832581ae5a975ed38eeac9f4e960bdf,0x024be6824fe397521179503c3bd2d9feb4ab05b4,erc20,0.3,0x0fc39209c79bb747d2d8909e64de2b1d30b1f001741fcea2fae9aa43db329575,1534222752,candidate_layering,ETIT,0x8fe19c447821b4cdcdd5012bca1b5469ca96d80d
0x1f4b10ffb832581ae5a975ed38eeac9f4e960bdf,0xd517f4d07d3ea817ba64e8e52e85a4454194f468,erc20,3638.0,0xc70eee4fb9eb5264ab1bfadd9cd2e48bf015a4428bc41af9badc685ec0ea4d3c,1534262606,candidate_layering,PLANET,0x06a6a7af298129e3a2ab396c9c06f91d3c54aba8
0x1f4b10ffb832581ae5a975ed38eeac9f4e960bdf,0x024be6824fe397521179503c3bd2d9feb4ab05b4,erc20,0.03,0x810d550451ad4ec9ad2457f829f8dcad0835f6fe302bca9bd37aedc8f365a4c3,1534262667,candidate_layering,ETIT,0x8fe19c447821b4cdcdd5012bca1b5469ca96d80d
0x1f4b10ffb832581ae5a975ed38eeac9f4e960bdf,0x3bb6fab3378aca4d9de11bc731c52fa1c6ed5608,erc20,8.0,0x36c58d13ea6cf6e0521f02f9ba5fefb3f7699886099258488c730a83272cd7b6,1534292638,candidate_layering,ZTH,0xd48b633045af65ff636f3c6edd744748351e020d
0x1f4b10ffb832581ae5a975ed38eeac9f4e960bdf,0x3bb6fab3378aca4d9de11bc731c52fa1c6ed5608,erc20,12.0,0x8d60b9213475a3ea41bd8224a913b13f276d36ba48b74185c01bc6eb81dba7ed,1534292805,candidate_layering,ZTH,0xd48b633045af65ff636f3c6edd744748351e020d
0x1f4b10ffb832581ae5a975ed38eeac9f4e960bdf,0x3bb6fab3378aca4d9de11bc731c52fa1c6ed5608,erc20,22.0,0x75f0ccef03d424cfb3d6028ca5d9d9a1a4a5063e397f9c2207aae2f72551c7c2,1534293116,candidate_layering,ZTH,0xd48b633045af65ff636f3c6edd744748351e020d
0x1f4b10ffb832581ae5a975ed38eeac9f4e960bdf,0x3bb6fab3378aca4d9de11bc731c52fa1c6ed5608,erc20,43.0,0x536fc4788b55e987ebd1f9549da8c8ee4f95ddc48fe01350c8039390da78feac,1534293674,candidate_layering,ZTH,0xd48b633045af65ff636f3c6edd744748351e020d
0x1f4b10ffb832581ae5a975ed38eeac9f4e960bdf,0x024be6824fe397521179503c3bd2d9feb4ab05b4,erc20,4.992,0x4f5800f44bcc2a550b560d780262adbb34bc902b600054232e742eb36589d0f2,1534301525,candidate_layering,ETIT,0x8fe19c447821b4cdcdd5012bca1b5469ca96d80d
0x1f4b10ffb832581ae5a975ed38eeac9f4e960bdf,0x024be6824fe397521179503c3bd2d9feb4ab05b4,erc20,4.0,0x8ada0535e3a55a5dc2d8a03a4887eec40f01042fe63f2ca629505e7637c32b36,1534353813,candidate_layering,ETIT,0x8fe19c447821b4cdcdd5012bca1b5469ca96d80d
0x1f4b10ffb832581ae5a975ed38eeac9f4e960bdf,0xe658e6eb4b478da2cf36d9e3712ba0c1b33786a1,erc20,5087.0,0x22697333cd7cb71ee143457195973507a79c0af0ef8b0e54f0098c2da77f59a9,1534564471,candidate_layering,PLANET,0x06a6a7af298129e3a2ab396c9c06f91d3c54aba8
0x1f4b10ffb832581ae5a975ed38eeac9f4e960bdf,0x3bb6fab3378aca4d9de11bc731c52fa1c6ed5608,erc20,14.0,0xf4995754e578b4eb0bf46a21398354188b3d44b712238fca8230a4b8e8952784,1534945339,candidate_layering,ZTH,0xd48b633045af65ff636f3c6edd744748351e020d
0x1f4b10ffb832581ae5a975ed38eeac9f4e960bdf,0x3bb6fab3378aca4d9de11bc731c52fa1c6ed5608,erc20,20.0,0x37adc8949bc1f6f58ba81900710e7ec4c85c96bf50bdc1955bea96d2e2fa2c2c,1534945580,candidate_layering,ZTH,0xd48b633045af65ff636f3c6edd744748351e020d
0x1f4b10ffb832581ae5a975ed38eeac9f4e960bdf,0x3bb6fab3378aca4d9de11bc731c52fa1c6ed5608,erc20,9.56,0x320746b316171b9724417391d5960c3b6a17b81368f1f86574b47d42e285d59e,1534993345,candidate_layering,ZTH,0xd48b633045af65ff636f3c6edd744748351e020d
0x1f4b10ffb832581ae5a975ed38eeac9f4e960bdf,0x3bb6fab3378aca4d9de11bc731c52fa1c6ed5608,erc20,42.0,0x8cb8fea8d577a6f4e7130feee5abca2aa831e5cdfc747163060705935ce6ae19,1534993771,candidate_layering,ZTH,0xd48b633045af65ff636f3c6edd744748351e020d
0x1f4b10ffb832581ae5a975ed38eeac9f4e960bdf,0x3bb6fab3378aca4d9de11bc731c52fa1c6ed5608,erc20,10.0,0x28571798c96f2329dafc8d0e3f2dd50da8441ea55a54e389c4e42a336890c84a,1534994069,candidate_layering,ZTH,0xd48b633045af65ff636f3c6edd744748351e020d
0x1f4b10ffb832581ae5a975ed38eeac9f4e960bdf,0xe658e6eb4b478da2cf36d9e3712ba0c1b33786a1,erc20,6058.0,0xe0f6afac35adb98afdd6fb538b5cef27aeae2251e7ec8475abb6c82211712b5f,1535043408,candidate_layering,PLANET,0x06a6a7af298129e3a2ab396c9c06f91d3c54aba8
0x1f4b10ffb832581ae5a975ed38eeac9f4e960bdf,0xe658e6eb4b478da2cf36d9e3712ba0c1b33786a1,erc20,6089.0,0x9f03cef5896e7451c727085c029cfd676b539846b6077a2a4d02d0b36130360b,1535043547,candidate_layering,PLANET,0x06a6a7af298129e3a2ab396c9c06f91d3c54aba8
0x1f4b10ffb832581ae5a975ed38eeac9f4e960bdf,0xcf0e9b4746cfb97bae329fe5f696969f6564566a,erc20,507.0,0x4ef20f776913b4b66f8980031c4405e9c7c828b82f0e46014902877b0122815b,1535555485,candidate_layering,HERO,0x4fece400c0d3db0937162ab44bab34445626ecfe
0x1f4b10ffb832581ae5a975ed38eeac9f4e960bdf,0xa365470bd5465dec9d1a6743ca93a744a9f9a882,erc20,100.0,0xec8554aae6436403dc663df71ecba986fd2dd921bb0c48e52f221b17f0da8d85,1536321732,candidate_layering,blockwell.ai KYC Casper Token,0x212d95fccdf0366343350f486bda1ceafc0c2d63
0x1f4b10ffb832581ae5a975ed38eeac9f4e960bdf,0x3bb6fab3378aca4d9de11bc731c52fa1c6ed5608,erc20,16.0,0xfc51801b88cd13d383e4e0221c178e1db13d599a0542d0c1d954485bbd85662e,1536787569,candidate_layering,ZTH,0xd48b633045af65ff636f3c6edd744748351e020d
0x1f4b10ffb832581ae5a975ed38eeac9f4e960bdf,0xf4985070ce32b6b1994329df787d1acc9a2dd9e2,erc20,5295.0,0xd543825ef26cbd3eed016cffb31b638891ac65cda6e5e254e9d5183302ecf262,1537106435,candidate_layering,AXIE,0xf5b0a3efb8e8e4c201e2a935f110eaaf3ffecb8d
0x1f4b10ffb832581ae5a975ed38eeac9f4e960bdf,0xe658e6eb4b478da2cf36d9e3712ba0c1b33786a1,erc20,10250.0,0x8461ff8a056390aad51e2604fb4958bd5cc2a4455ade0f077861363a7f0078ea,1537109408,candidate_layering,PLANET,0x06a6a7af298129e3a2ab396c9c06f91d3c54aba8
0x1f4b10ffb832581ae5a975ed38eeac9f4e960bdf,0xe658e6eb4b478da2cf36d9e3712ba0c1b33786a1,erc20,10248.0,0x1f9a34b2ddcf201dcc22d20bc2d9ba4fba6241a4f09ba4dc9fea191dae7f9a13,1537109584,candidate_layering,PLANET,0x06a6a7af298129e3a2ab396c9c06f91d3c54aba8
0x1f4b10ffb832581ae5a975ed38eeac9f4e960bdf,0xe658e6eb4b478da2cf36d9e3712ba0c1b33786a1,erc20,6427.0,0x3a6a33d05249e755f77ebb3e9a1f1aa864786287b2b71a9adc5a4d4ab2d69750,1537109976,candidate_layering,PLANET,0x06a6a7af298129e3a2ab396c9c06f91d3c54aba8
0x1f4b10ffb832581ae5a975ed38eeac9f4e960bdf,0xe658e6eb4b478da2cf36d9e3712ba0c1b33786a1,erc20,6089.0,0x13f598e95325ae0ea168971640f8c23b294fd9a2b8006f3b0ff8903a9238ee7f,1537110563,candidate_layering,PLANET,0x06a6a7af298129e3a2ab396c9c06f91d3c54aba8
0x1f4b10ffb832581ae5a975ed38eeac9f4e960bdf,0xe658e6eb4b478da2cf36d9e3712ba0c1b33786a1,erc20,8091.0,0xa5c6380e9efdf138e2ac2cd9306a68a83afae0f4768e666671447ce21180e109,1537111133,candidate_layering,PLANET,0x06a6a7af298129e3a2ab396c9c06f91d3c54aba8
0x1f4b10ffb832581ae5a975ed38eeac9f4e960bdf,0xe658e6eb4b478da2cf36d9e3712ba0c1b33786a1,erc20,10475.0,0x689dfdf45e65e70c2bbc73d640d57270bb3eea491aefc812e4e6d46512fedacf,1537114231,candidate_layering,PLANET,0x06a6a7af298129e3a2ab396c9c06f91d3c54aba8
0x1f4b10ffb832581ae5a975ed38eeac9f4e960bdf,0xe658e6eb4b478da2cf36d9e3712ba0c1b33786a1,erc20,10480.0,0x41c15ae6945371c94bcb28b34ced2a114ea3689982293742c2bc7717147b1725,1537120095,candidate_layering,PLANET,0x06a6a7af298129e3a2ab396c9c06f91d3c54aba8
0x1f4b10ffb832581ae5a975ed38eeac9f4e960bdf,0xe658e6eb4b478da2cf36d9e3712ba0c1b33786a1,erc20,10245.0,0x2f38ce4ebecb1762cbebfd37b9ae11384da888dd8df301278851cb711d628249,1537143843,candidate_layering,PLANET,0x06a6a7af298129e3a2ab396c9c06f91d3c54aba8
0x1f4b10ffb832581ae5a975ed38eeac9f4e960bdf,0xf4985070ce32b6b1994329df787d1acc9a2dd9e2,erc20,5295.0,0x4c339c26c0aeff023bd97ddb6b2a8510a6e3883bec0ff1f639c826356429e87b,1537484786,candidate_layering,AXIE,0xf5b0a3efb8e8e4c201e2a935f110eaaf3ffecb8d
0x1f4b10ffb832581ae5a975ed38eeac9f4e960bdf,0xe658e6eb4b478da2cf36d9e3712ba0c1b33786a1,erc20,10475.0,0x28e8f4e16c320e8953fcf4815b7a4f6bd51d7cb243c127214033144503c0599a,1537704359,candidate_layering,PLANET,0x06a6a7af298129e3a2ab396c9c06f91d3c54aba8
0x1f4b10ffb832581ae5a975ed38eeac9f4e960bdf,0xe658e6eb4b478da2cf36d9e3712ba0c1b33786a1,erc20,11220.0,0x2a8c5371d1361a2e0cf09468bbec146e59983baf28dcb6c7643fe9540e84c09e,1537705400,candidate_layering,PLANET,0x06a6a7af298129e3a2ab396c9c06f91d3c54aba8
0x1f4b10ffb832581ae5a975ed38eeac9f4e960bdf,0xe658e6eb4b478da2cf36d9e3712ba0c1b33786a1,erc20,11219.0,0x9c47fdcb9202c29d2f0b2b52b415e1fa537043605388eecc6d4c086dca5335ca,1537705555,candidate_layering,PLANET,0x06a6a7af298129e3a2ab396c9c06f91d3c54aba8
0x1f4b10ffb832581ae5a975ed38eeac9f4e960bdf,0xe658e6eb4b478da2cf36d9e3712ba0c1b33786a1,erc20,6058.0,0xc32f78c2de2baf9bc477b834a1180f5cdd9e89f19ddd526137af2bc76b51a507,1537705680,candidate_layering,PLANET,0x06a6a7af298129e3a2ab396c9c06f91d3c54aba8
0x1f4b10ffb832581ae5a975ed38eeac9f4e960bdf,0xf4985070ce32b6b1994329df787d1acc9a2dd9e2,erc20,5305.0,0x8458d42f0ebe1567ad57854146c684c14f8f4d8c0cdd27e19eb3625835de717f,1538086658,candidate_layering,AXIE,0xf5b0a3efb8e8e4c201e2a935f110eaaf3ffecb8d
0x1f4b10ffb832581ae5a975ed38eeac9f4e960bdf,0xe658e6eb4b478da2cf36d9e3712ba0c1b33786a1,erc20,10475.0,0x2c7636f171637c6de21428c144db0bd60ccbc3c83b6f132f2b89b5efdda4f610,1538192454,candidate_layering,PLANET,0x06a6a7af298129e3a2ab396c9c06f91d3c54aba8
0x1f4b10ffb832581ae5a975ed38eeac9f4e960bdf,0x4e42b034586de6d3c09d4cd1b521746c5420aadc,erc20,17355.0,0x5ad7abbc1af8bae3165901be2a83c29098782d60d6000ba7792ceb052933e1a8,1538487667,candidate_layering,HERO,0x4fece400c0d3db0937162ab44bab34445626ecfe
0x1f4b10ffb832581ae5a975ed38eeac9f4e960bdf,0x0000000000000000000000000000000000000000,erc20,5.0,0xcef83ab7822ca67d390c0ba00a9d2e9100ecc629043c5fbb5793e26a8cb33767,1538768801,candidate_layering,AEC,0x0c7cf86188632e16af00415214155950684466a8
0x1f4b10ffb832581ae5a975ed38eeac9f4e960bdf,0xf4985070ce32b6b1994329df787d1acc9a2dd9e2,erc20,6314.0,0x67c4557c2dc8b28e061468aa2ae15ce3ae8706ef70faff2112f2b290eb875610,1538769792,candidate_layering,AXIE,0xf5b0a3efb8e8e4c201e2a935f110eaaf3ffecb8d
0x1f4b10ffb832581ae5a975ed38eeac9f4e960bdf,0xe658e6eb4b478da2cf36d9e3712ba0c1b33786a1,erc20,10475.0,0x42993c5e5c1090fba31350b035c46d4a0a161004d6c736772e3223ea58a2ae2b,1538770453,candidate_layering,PLANET,0x06a6a7af298129e3a2ab396c9c06f91d3c54aba8
0x1f4b10ffb832581ae5a975ed38eeac9f4e960bdf,0xf4985070ce32b6b1994329df787d1acc9a2dd9e2,erc20,6314.0,0xc8fab480b5aa5eab887ea6ef7a8900c74a3d9b6fbeb345fedd3a1bc33aba6d0a,1538960057,candidate_layering,AXIE,0xf5b0a3efb8e8e4c201e2a935f110eaaf3ffecb8d
0x1f4b10ffb832581ae5a975ed38eeac9f4e960bdf,0xf4985070ce32b6b1994329df787d1acc9a2dd9e2,erc20,6314.0,0x346f019dd7999f5a33cfbc932dbe5153cf5ac45c1df7e4d8fcfb3a584df333af,1539277068,candidate_layering,AXIE,0xf5b0a3efb8e8e4c201e2a935f110eaaf3ffecb8d
0x1f4b10ffb832581ae5a975ed38eeac9f4e960bdf,0x3ed5c3350d77b78a59f5142deefe07b64291dd20,erc20,126581.0,0xf4fddebd887ac919877634e9bb1e3a87d375c35c9c88e63998ebdf8a6280c85a,1539278759,candidate_layering,VRF,0x5bd574410f3a2da202babba1609330db02ad64c2
0x1f4b10ffb832581ae5a975ed38eeac9f4e960bdf,0xf4985070ce32b6b1994329df787d1acc9a2dd9e2,erc20,6314.0,0x6487e1ab742334b74e29dcfa23fab0a66effeb3fa5f1c6a878b4a2ba96a84899,1539758975,candidate_layering,AXIE,0xf5b0a3efb8e8e4c201e2a935f110eaaf3ffecb8d
0x1f4b10ffb832581ae5a975ed38eeac9f4e960bdf,0x75298d6fd0757dadcfe18a106023efa195f741e6,erc20,6055.0,0xdad71b81d32fbe0391e0f8d99136120e4e4e3589d26f684c9ff25432cf355daa,1541768804,candidate_layering,PLANET,0x06a6a7af298129e3a2ab396c9c06f91d3c54aba8
0x1f4b10ffb832581ae5a975ed38eeac9f4e960bdf,0x75298d6fd0757dadcfe18a106023efa195f741e6,erc20,6097.0,0xdad71b81d32fbe0391e0f8d99136120e4e4e3589d26f684c9ff25432cf355daa,1541768804,candidate_layering,PLANET,0x06a6a7af298129e3a2ab396c9c06f91d3c54aba8
0x1f4b10ffb832581ae5a975ed38eeac9f4e960bdf,0x75298d6fd0757dadcfe18a106023efa195f741e6,erc20,5087.0,0xdad71b81d32fbe0391e0f8d99136120e4e4e3589d26f684c9ff25432cf355daa,1541768804,candidate_layering,PLANET,0x06a6a7af298129e3a2ab396c9c06f91d3c54aba8
0x1f4b10ffb832581ae5a975ed38eeac9f4e960bdf,0x75298d6fd0757dadcfe18a106023efa195f741e6,erc20,4266.0,0xdad71b81d32fbe0391e0f8d99136120e4e4e3589d26f684c9ff25432cf355daa,1541768804,candidate_layering,PLANET,0x06a6a7af298129e3a2ab396c9c06f91d3c54aba8
0x1f4b10ffb832581ae5a975ed38eeac9f4e960bdf,0x75298d6fd0757dadcfe18a106023efa195f741e6,erc20,3409.0,0xdad71b81d32fbe0391e0f8d99136120e4e4e3589d26f684c9ff25432cf355daa,1541768804,candidate_layering,PLANET,0x06a6a7af298129e3a2ab396c9c06f91d3c54aba8
0x1f4b10ffb832581ae5a975ed38eeac9f4e960bdf,0x75298d6fd0757dadcfe18a106023efa195f741e6,erc20,11222.0,0xdad71b81d32fbe0391e0f8d99136120e4e4e3589d26f684c9ff25432cf355daa,1541768804,candidate_layering,PLANET,0x06a6a7af298129e3a2ab396c9c06f91d3c54aba8
0x1f4b10ffb832581ae5a975ed38eeac9f4e960bdf,0x1b2e6025df15d32c35e63017381f3886ee18fa85,erc20,2656.0,0x21df5823e7d7cf8716d8db9474260987d33add6e87983b958bda6d88b04a63e2,1541804018,candidate_layering,CARD,0xc70be5b7c19529ef642d16c10dfe91c58b5c3bf0
0x1f4b10ffb832581ae5a975ed38eeac9f4e960bdf,0xb1990c317146f9a6b112d12d2564f0bbf8adc706,erc20,1179.0,0x2f39f6263ea0057a59bb5b34e0602ad2ac6e17b41caed85127ed9bfb45b7250f,1542403023,candidate_layering,CBF,0x71c118b00759b0851785642541ceb0f4ceea0bd5
0x1f4b10ffb832581ae5a975ed38eeac9f4e960bdf,0x0000000000000000000000000000000000000000,erc20,71.0,0x3833fc15ef89661d80758c5189210f6d3ef632d8b3f51927b309a2da666b3c23,1543610027,candidate_layering,ETGEM,0xb2ed45ac861371e35202c483b2f17524b3cce554
0x1f4b10ffb832581ae5a975ed38eeac9f4e960bdf,0xf4985070ce32b6b1994329df787d1acc9a2dd9e2,erc20,14983.0,0x5fb34e814e14d001dd835e954ed9c673617c4d7881f6e6f6bd5ad9c2d5a27f1d,1543763631,candidate_layering,AXIE,0xf5b0a3efb8e8e4c201e2a935f110eaaf3ffecb8d
0x1f4b10ffb832581ae5a975ed38eeac9f4e960bdf,0x9792431b26026cc67117ff610ae4eb34cacd0755,erc20,12197.0,0x590fccfb2c61f18a9484beae4cf36d24eb02fd273a7924a50db1915fb9fb9f40,1543948943,candidate_layering,AXIE,0xf5b0a3efb8e8e4c201e2a935f110eaaf3ffecb8d
0x1f4b10ffb832581ae5a975ed38eeac9f4e960bdf,0xe658e6eb4b478da2cf36d9e3712ba0c1b33786a1,erc20,27805.0,0xdc52ce74541c68a783961061e61c6281d8b035f6d5d1e63f71328195ec1c0549,1544001685,candidate_layering,PLANET,0x06a6a7af298129e3a2ab396c9c06f91d3c54aba8
0x1f4b10ffb832581ae5a975ed38eeac9f4e960bdf,0x60ce035dc589c3fd185b224a7ca03c598948973b,erc20,14264.0,0xede04e6e784b307abac34dc1993b8e50417fb468f32d0381fa92d11b745e7df0,1544092961,candidate_layering,AXIE,0xf5b0a3efb8e8e4c201e2a935f110eaaf3ffecb8d
0x1f4b10ffb832581ae5a975ed38eeac9f4e960bdf,0x60ce035dc589c3fd185b224a7ca03c598948973b,erc20,14206.0,0xbd0381b382840cf4ab492606a2b92b27372f5b3113f4f35c8b7ef65f454792d6,1544093109,candidate_layering,AXIE,0xf5b0a3efb8e8e4c201e2a935f110eaaf3ffecb8d
0x1f4b10ffb832581ae5a975ed38eeac9f4e960bdf,0xe658e6eb4b478da2cf36d9e3712ba0c1b33786a1,erc20,28422.0,0xf1d17b9d91a27e8bff137765aef75548bf2c80d6ed612513cc9512c8f7b198d7,1544234614,candidate_layering,PLANET,0x06a6a7af298129e3a2ab396c9c06f91d3c54aba8
0x1f4b10ffb832581ae5a975ed38eeac9f4e960bdf,0x23b45c658737b12f1748ce56e9b6784b5e9f3ff8,erc20,1055.0,0x09772f50beea589e48a1558b69167295f1bce07aa9b33829e39cb571268bc32a,1544379765,candidate_layering,CBF,0x71c118b00759b0851785642541ceb0f4ceea0bd5
0x1f4b10ffb832581ae5a975ed38eeac9f4e960bdf,0x9dea3e6c7f36a486ac17291064756c4fad36224f,erc20,2.0,0xeb60d2e8b743a576d8881f09644c4941de95560682e7f63749420372367771b1,1544382409,candidate_layering,ZOO,0xe31515fe3023e715650eb2307379244c40cdbc95
0x1f4b10ffb832581ae5a975ed38eeac9f4e960bdf,0xe658e6eb4b478da2cf36d9e3712ba0c1b33786a1,erc20,29004.0,0xf25ee730d44b821d24fdb5b153efc2cdb7ca4d976e613ab682f0f27ccd18660e,1544493777,candidate_layering,PLANET,0x06a6a7af298129e3a2ab396c9c06f91d3c54aba8
0x1f4b10ffb832581ae5a975ed38eeac9f4e960bdf,0xe658e6eb4b478da2cf36d9e3712ba0c1b33786a1,erc20,29001.0,0x302ecdc7ff42f40a9b4f96e0014b77981fe1501010515afb4e2e92ed9d5dc491,1544493821,candidate_layering,PLANET,0x06a6a7af298129e3a2ab396c9c06f91d3c54aba8
0x1f4b10ffb832581ae5a975ed38eeac9f4e960bdf,0xe658e6eb4b478da2cf36d9e3712ba0c1b33786a1,erc20,24263.0,0x8220822cdded96d1013d7cf503da7cbe8c48af8a5b4dc29248088d589b1d4804,1544494698,candidate_layering,PLANET,0x06a6a7af298129e3a2ab396c9c06f91d3c54aba8
0x1f4b10ffb832581ae5a975ed38eeac9f4e960bdf,0xe658e6eb4b478da2cf36d9e3712ba0c1b33786a1,erc20,28997.0,0x02ee578505681a8bf24565d0116d354c8756087696dd912d5708bd971166e1e9,1544494778,candidate_layering,PLANET,0x06a6a7af298129e3a2ab396c9c06f91d3c54aba8
0x1f4b10ffb832581ae5a975ed38eeac9f4e960bdf,0xe658e6eb4b478da2cf36d9e3712ba0c1b33786a1,erc20,18538.0,0xbaefcb068de24596f65c41ee90df2813b7748c62bcf9ab189a14e7e1fd77a4b5,1544495638,candidate_layering,PLANET,0x06a6a7af298129e3a2ab396c9c06f91d3c54aba8
0x1f4b10ffb832581ae5a975ed38eeac9f4e960bdf,0xe658e6eb4b478da2cf36d9e3712ba0c1b33786a1,erc20,29758.0,0x4578e014c180590700041372a524504d6c00a4fe0ed2506fc885a26c4e011d03,1544663850,candidate_layering,PLANET,0x06a6a7af298129e3a2ab396c9c06f91d3c54aba8
0x1f4b10ffb832581ae5a975ed38eeac9f4e960bdf,0xe658e6eb4b478da2cf36d9e3712ba0c1b33786a1,erc20,28997.0,0x94b8e26db50be841efe746b5ed6ef692ed9a694df3d11fce14e4dc4b65bdb299,1544728178,candidate_layering,PLANET,0x06a6a7af298129e3a2ab396c9c06f91d3c54aba8
0x1f4b10ffb832581ae5a975ed38eeac9f4e960bdf,0xe658e6eb4b478da2cf36d9e3712ba0c1b33786a1,erc20,29865.0,0x9b17885111cf1ac6e7df24f1fdf084744b5cf38e3209d61d1fce1303965da165,1544728217,candidate_layering,PLANET,0x06a6a7af298129e3a2ab396c9c06f91d3c54aba8
0x1f4b10ffb832581ae5a975ed38eeac9f4e960bdf,0xe658e6eb4b478da2cf36d9e3712ba0c1b33786a1,erc20,29758.0,0x831e403247c2a364d4681a1225bfbf62dc927b2eec59ced96f3f8ce68574fa89,1544734053,candidate_layering,PLANET,0x06a6a7af298129e3a2ab396c9c06f91d3c54aba8
0x1f4b10ffb832581ae5a975ed38eeac9f4e960bdf,0xe658e6eb4b478da2cf36d9e3712ba0c1b33786a1,erc20,27360.0,0x309645544485acec1971aa20ecbd36c68b6bacc435751493921e3e14db2b2960,1544734192,candidate_layering,PLANET,0x06a6a7af298129e3a2ab396c9c06f91d3c54aba8
0x1f4b10ffb832581ae5a975ed38eeac9f4e960bdf,0xe658e6eb4b478da2cf36d9e3712ba0c1b33786a1,erc20,26699.0,0x149e7dfa8223290e8dcbbf54dab41d6a77cd3553f2683d968db9865bdff8cb6f,1544734230,candidate_layering,PLANET,0x06a6a7af298129e3a2ab396c9c06f91d3c54aba8
0x1f4b10ffb832581ae5a975ed38eeac9f4e960bdf,0xe658e6eb4b478da2cf36d9e3712ba0c1b33786a1,erc20,22331.0,0x84e19197de214f78c150002ef2f55557994ab0ed02868ac8ef06aadbb8508897,1544734350,candidate_layering,PLANET,0x06a6a7af298129e3a2ab396c9c06f91d3c54aba8
0x1f4b10ffb832581ae5a975ed38eeac9f4e960bdf,0xe658e6eb4b478da2cf36d9e3712ba0c1b33786a1,erc20,24263.0,0x8918b52468dd2f89166906ba75fc8b96c5b3f6f295abc8efd4048fc8e689a598,1544736774,candidate_layering,PLANET,0x06a6a7af298129e3a2ab396c9c06f91d3c54aba8
0x1f4b10ffb832581ae5a975ed38eeac9f4e960bdf,0xe658e6eb4b478da2cf36d9e3712ba0c1b33786a1,erc20,29867.0,0x4ede81b48df3c4fad5f98cab58d68b2567cc91732e6454f9e49ff13e9927b7ff,1544738960,candidate_layering,PLANET,0x06a6a7af298129e3a2ab396c9c06f91d3c54aba8
0x1f4b10ffb832581ae5a975ed38eeac9f4e960bdf,0xe658e6eb4b478da2cf36d9e3712ba0c1b33786a1,erc20,17803.0,0xd3418d35ec873d9106a0dd31a13e0601afc75cafe8bfd7ac8fafeee2d8ee159a,1544815409,candidate_layering,PLANET,0x06a6a7af298129e3a2ab396c9c06f91d3c54aba8
0x1f4b10ffb832581ae5a975ed38eeac9f4e960bdf,0xe658e6eb4b478da2cf36d9e3712ba0c1b33786a1,erc20,23018.0,0xf11aa8f06cd420b03c00697df924ac9289c7b4f431f5c0f8a0cfcb3e19bc7de3,1544918973,candidate_layering,PLANET,0x06a6a7af298129e3a2ab396c9c06f91d3c54aba8
0x1f4b10ffb832581ae5a975ed38eeac9f4e960bdf,0xf4985070ce32b6b1994329df787d1acc9a2dd9e2,erc20,15743.0,0xb67cf03571c94d6be3122d1a7b23bf75f23baabcfe428bbfe3959d196bef0a29,1544977619,candidate_layering,AXIE,0xf5b0a3efb8e8e4c201e2a935f110eaaf3ffecb8d
0x1f4b10ffb832581ae5a975ed38eeac9f4e960bdf,0xf4985070ce32b6b1994329df787d1acc9a2dd9e2,erc20,14206.0,0x6630981f5410351d8ec5fa573332b282696b68747e6916a665ed0e54c6033ea9,1544979258,candidate_layering,AXIE,0xf5b0a3efb8e8e4c201e2a935f110eaaf3ffecb8d
0x1f4b10ffb832581ae5a975ed38eeac9f4e960bdf,0xf4985070ce32b6b1994329df787d1acc9a2dd9e2,erc20,15995.0,0x5a90098c72e2bf172079e1401945a322d64a386e6719bfc339ce53d47c34dabf,1544979566,candidate_layering,AXIE,0xf5b0a3efb8e8e4c201e2a935f110eaaf3ffecb8d
0x1f4b10ffb832581ae5a975ed38eeac9f4e960bdf,0xf4985070ce32b6b1994329df787d1acc9a2dd9e2,erc20,10770.0,0x60a2a899cd1057f748349470983eb8f5e987949e0b628c56085cd876b42f34c5,1545143544,candidate_layering,AXIE,0xf5b0a3efb8e8e4c201e2a935f110eaaf3ffecb8d
0x1f4b10ffb832581ae5a975ed38eeac9f4e960bdf,0x7c22564ed22d398192bf38008228d64eb72765db,erc20,10770.0,0x28e26f4253084d7b4ed3d5be49df21599e507d3e1d7f5a987c800747eddc3fce,1545145135,candidate_layering,AXIE,0xf5b0a3efb8e8e4c201e2a935f110eaaf3ffecb8d
0x1f4b10ffb832581ae5a975ed38eeac9f4e960bdf,0xf4985070ce32b6b1994329df787d1acc9a2dd9e2,erc20,10550.0,0x33390db558e91c7938f6e8a05c8661bce32344fe7a2ce90b74222d01a24afd7c,1545146895,candidate_layering,AXIE,0xf5b0a3efb8e8e4c201e2a935f110eaaf3ffecb8d
0x1f4b10ffb832581ae5a975ed38eeac9f4e960bdf,0xf4985070ce32b6b1994329df787d1acc9a2dd9e2,erc20,14983.0,0x85b5cc9c5522de73c733c52ffc8cf173761edecce567c63821a79d3c1546be9c,1545147382,candidate_layering,AXIE,0xf5b0a3efb8e8e4c201e2a935f110eaaf3ffecb8d
0x1f4b10ffb832581ae5a975ed38eeac9f4e960bdf,0xf4985070ce32b6b1994329df787d1acc9a2dd9e2,erc20,8553.0,0x5010f3e37066d96d58d7cda54ecdfa31ad5f09f9e836b4731b99f20abc625329,1545148397,candidate_layering,AXIE,0xf5b0a3efb8e8e4c201e2a935f110eaaf3ffecb8d
0x1f4b10ffb832581ae5a975ed38eeac9f4e960bdf,0xf4985070ce32b6b1994329df787d1acc9a2dd9e2,erc20,14206.0,0xf47ada2809fa5810ea73c3c1fc15b078477f994aacc1c63e79f08730a3a8ddc2,1545149644,candidate_layering,AXIE,0xf5b0a3efb8e8e4c201e2a935f110eaaf3ffecb8d
0x1f4b10ffb832581ae5a975ed38eeac9f4e960bdf,0xf4985070ce32b6b1994329df787d1acc9a2dd9e2,erc20,10550.0,0xc9c97faccbbec187fe566fa71038a7e1c79a8f3c65a92c1886e1ecc1c0ca2929,1545163195,candidate_layering,AXIE,0xf5b0a3efb8e8e4c201e2a935f110eaaf3ffecb8d
0x1f4b10ffb832581ae5a975ed38eeac9f4e960bdf,0xf4985070ce32b6b1994329df787d1acc9a2dd9e2,erc20,15995.0,0x81edae4c7113c406ac5440aac8f95df538e86b509593f10f2a8070067b120de5,1545171349,candidate_layering,AXIE,0xf5b0a3efb8e8e4c201e2a935f110eaaf3ffecb8d
0x1f4b10ffb832581ae5a975ed38eeac9f4e960bdf,0xf4985070ce32b6b1994329df787d1acc9a2dd9e2,erc20,14264.0,0x74fb529f84eeea8bfc9a65a180420258c74adbe2990401c652df298ebc2d6067,1545172388,candidate_layering,AXIE,0xf5b0a3efb8e8e4c201e2a935f110eaaf3ffecb8d
0x1f4b10ffb832581ae5a975ed38eeac9f4e960bdf,0xf4985070ce32b6b1994329df787d1acc9a2dd9e2,erc20,12194.0,0x3adc543ccc805ed9dc79370a564a3572d3012ee218840c67cfe9a04fd808b792,1545172774,candidate_layering,AXIE,0xf5b0a3efb8e8e4c201e2a935f110eaaf3ffecb8d
0x1f4b10ffb832581ae5a975ed38eeac9f4e960bdf,0xf4985070ce32b6b1994329df787d1acc9a2dd9e2,erc20,12171.0,0x5ba76bcf12c525a2c0701734a9e43528454dd01f18e44c4f9b6ba5005f36b680,1545173018,candidate_layering,AXIE,0xf5b0a3efb8e8e4c201e2a935f110eaaf3ffecb8d
0x1f4b10ffb832581ae5a975ed38eeac9f4e960bdf,0xf4985070ce32b6b1994329df787d1acc9a2dd9e2,erc20,10550.0,0xcf45783ad6ae3a0f9072b6495aca93aba855260f772bb902ecfb28cd18fb749b,1545226432,candidate_layering,AXIE,0xf5b0a3efb8e8e4c201e2a935f110eaaf3ffecb8d
0x1f4b10ffb832581ae5a975ed38eeac9f4e960bdf,0xf4985070ce32b6b1994329df787d1acc9a2dd9e2,erc20,16814.0,0xd081fc9d56354217cd63bd1451b0e295bf8a2972ff76d19cdf4e490b2808cfd8,1545230995,candidate_layering,AXIE,0xf5b0a3efb8e8e4c201e2a935f110eaaf3ffecb8d
0x1f4b10ffb832581ae5a975ed38eeac9f4e960bdf,0xf4985070ce32b6b1994329df787d1acc9a2dd9e2,erc20,16614.0,0xf4848324c2b81ad82d439b02c0122605fc70024458181a4f8a66f15ffb3c0db8,1545231049,candidate_layering,AXIE,0xf5b0a3efb8e8e4c201e2a935f110eaaf3ffecb8d
0x1f4b10ffb832581ae5a975ed38eeac9f4e960bdf,0xf4985070ce32b6b1994329df787d1acc9a2dd9e2,erc20,15386.0,0x15d160f5e95e4deace791d63f1412dac29e384b64aa69330cfb8c523572f3b71,1545231933,candidate_layering,AXIE,0xf5b0a3efb8e8e4c201e2a935f110eaaf3ffecb8d
0x1f4b10ffb832581ae5a975ed38eeac9f4e960bdf,0xf4985070ce32b6b1994329df787d1acc9a2dd9e2,erc20,14983.0,0xe91eac9399928b2d7b9d0009833ed341870ccace0b436c6b4108cc3fa2502e30,1545309257,candidate_layering,AXIE,0xf5b0a3efb8e8e4c201e2a935f110eaaf3ffecb8d
0x1f4b10ffb832581ae5a975ed38eeac9f4e960bdf,0xf4985070ce32b6b1994329df787d1acc9a2dd9e2,erc20,10550.0,0x33674efed6f1f7576e3d18ff3e96f0329f921456a64f01b94dae3cc0195313e0,1545317698,candidate_layering,AXIE,0xf5b0a3efb8e8e4c201e2a935f110eaaf3ffecb8d
0x1f4b10ffb832581ae5a975ed38eeac9f4e960bdf,0xf4985070ce32b6b1994329df787d1acc9a2dd9e2,erc20,16814.0,0xb20e0a26d7f6b498ad09c17321a35105b088b5fbfb6bfcac6d3aa7ca93b1b41e,1545318414,candidate_layering,AXIE,0xf5b0a3efb8e8e4c201e2a935f110eaaf3ffecb8d
0x1f4b10ffb832581ae5a975ed38eeac9f4e960bdf,0xf4985070ce32b6b1994329df787d1acc9a2dd9e2,erc20,12181.0,0xf1ea7d527b745655e5228db3bc79a20811502982e00c563dc3b7ba03a6002003,1545320573,candidate_layering,AXIE,0xf5b0a3efb8e8e4c201e2a935f110eaaf3ffecb8d
0x1f4b10ffb832581ae5a975ed38eeac9f4e960bdf,0xf4985070ce32b6b1994329df787d1acc9a2dd9e2,erc20,12187.0,0xabf97e8e41840554be931e26a8a89ea43a8c1be1061ed04130499db7ed2d8f58,1545320860,candidate_layering,AXIE,0xf5b0a3efb8e8e4c201e2a935f110eaaf3ffecb8d
0x1f4b10ffb832581ae5a975ed38eeac9f4e960bdf,0xf4985070ce32b6b1994329df787d1acc9a2dd9e2,erc20,13378.0,0x6d1b5be2942efd54851511eab328c1c8ae900ba34adaf2dfbff8d0395f6ab2b7,1545364200,candidate_layering,AXIE,0xf5b0a3efb8e8e4c201e2a935f110eaaf3ffecb8d
0x1f4b10ffb832581ae5a975ed38eeac9f4e960bdf,0xf4985070ce32b6b1994329df787d1acc9a2dd9e2,erc20,13921.0,0xed0c5ca8356a1d27886046c4bc4f320c6f4e144b7de23538672473bf21fe0a0d,1545391651,candidate_layering,AXIE,0xf5b0a3efb8e8e4c201e2a935f110eaaf3ffecb8d
0x1f4b10ffb832581ae5a975ed38eeac9f4e960bdf,0xf4985070ce32b6b1994329df787d1acc9a2dd9e2,erc20,3695.0,0x9eeb177c489078e117f6450324e0ed241fc95e1e6a1cbecce0f0a9a05d4daedb,1545393912,candidate_layering,AXIE,0xf5b0a3efb8e8e4c201e2a935f110eaaf3ffecb8d
0x1f4b10ffb832581ae5a975ed38eeac9f4e960bdf,0x06c71dc79d7e7c47792dad78c525d9b270520b29,erc20,14983.0,0x0e4428894779c893f13b80bdb1565ea9591677afbb9e3ec99c9e3c00b605158e,1545496971,candidate_layering,AXIE,0xf5b0a3efb8e8e4c201e2a935f110eaaf3ffecb8d
0x1f4b10ffb832581ae5a975ed38eeac9f4e960bdf,0xf4985070ce32b6b1994329df787d1acc9a2dd9e2,erc20,5298.0,0xf2984bf4ccfe66f1448f0d053a81e49f52ebf46911dfeaf46c6012b1380cfc3f,1545519684,candidate_layering,AXIE,0xf5b0a3efb8e8e4c201e2a935f110eaaf3ffecb8d
0x1f4b10ffb832581ae5a975ed38eeac9f4e960bdf,0xf4985070ce32b6b1994329df787d1acc9a2dd9e2,erc20,18803.0,0xc5407e9cc73e441ffe9dd01f2bcfed2e42ef72ae1bcb7ad60d4aa86187283dd5,1545752257,candidate_layering,AXIE,0xf5b0a3efb8e8e4c201e2a935f110eaaf3ffecb8d
0x1f4b10ffb832581ae5a975ed38eeac9f4e960bdf,0xf4985070ce32b6b1994329df787d1acc9a2dd9e2,erc20,8308.0,0x48e8c09e8b2fd165d1b859f1d1ed865db62c6816027981318a5a070a0bcd4fda,1545752546,candidate_layering,AXIE,0xf5b0a3efb8e8e4c201e2a935f110eaaf3ffecb8d
0x1f4b10ffb832581ae5a975ed38eeac9f4e960bdf,0xf4985070ce32b6b1994329df787d1acc9a2dd9e2,erc20,14970.0,0x254c38511f4e4b0c9afe0dfb697d4809c555ba01b5664233ab67d702ce551642,1545752930,candidate_layering,AXIE,0xf5b0a3efb8e8e4c201e2a935f110eaaf3ffecb8d
0x1f4b10ffb832581ae5a975ed38eeac9f4e960bdf,0xf4985070ce32b6b1994329df787d1acc9a2dd9e2,erc20,7256.0,0xe72953b914be848c8a2b4e170dc6249adef837c632e1b508a80b576dde25c3e7,1545753405,candidate_layering,AXIE,0xf5b0a3efb8e8e4c201e2a935f110eaaf3ffecb8d
0x1f4b10ffb832581ae5a975ed38eeac9f4e960bdf,0xf4985070ce32b6b1994329df787d1acc9a2dd9e2,erc20,13378.0,0xf5c7cad59e3b73d0fb4fea5ddcd63acb808d0851ad58bf6e399066b76e70000c,1545753589,candidate_layering,AXIE,0xf5b0a3efb8e8e4c201e2a935f110eaaf3ffecb8d
0x1f4b10ffb832581ae5a975ed38eeac9f4e960bdf,0xf4985070ce32b6b1994329df787d1acc9a2dd9e2,erc20,6871.0,0x48eb64da1f1f580f28ccfdda5ded5545fc3fa164818387724a4a53ab8cfc5b6c,1545753974,candidate_layering,AXIE,0xf5b0a3efb8e8e4c201e2a935f110eaaf3ffecb8d
0x1f4b10ffb832581ae5a975ed38eeac9f4e960bdf,0xf4985070ce32b6b1994329df787d1acc9a2dd9e2,erc20,17391.0,0x7db80599b7e59e98d3d9deb6ec4544530f3d62076ef9fcd5afa76c238a383505,1545757313,candidate_layering,AXIE,0xf5b0a3efb8e8e4c201e2a935f110eaaf3ffecb8d
0x1f4b10ffb832581ae5a975ed38eeac9f4e960bdf,0xf4985070ce32b6b1994329df787d1acc9a2dd9e2,erc20,18720.0,0xe45aae2a34195346240387ab16d240ee318e02a7332007b97f04b06793830744,1545763221,candidate_layering,AXIE,0xf5b0a3efb8e8e4c201e2a935f110eaaf3ffecb8d
0x1f4b10ffb832581ae5a975ed38eeac9f4e960bdf,0xf4985070ce32b6b1994329df787d1acc9a2dd9e2,erc20,18720.0,0xd07da321548f1af0045ff5ac78595c7b766ade58e05b3de6807bb8bf1c8c0e96,1545916030,candidate_layering,AXIE,0xf5b0a3efb8e8e4c201e2a935f110eaaf3ffecb8d
0x1f4b10ffb832581ae5a975ed38eeac9f4e960bdf,0x60ce035dc589c3fd185b224a7ca03c598948973b,erc20,11248.0,0xb10c803421a6be0fa269bf2ebd07fc4f57e01b82fd09c194a1258347f8e200e7,1545953131,candidate_layering,AXIE,0xf5b0a3efb8e8e4c201e2a935f110eaaf3ffecb8d
0x1f4b10ffb832581ae5a975ed38eeac9f4e960bdf,0xf4985070ce32b6b1994329df787d1acc9a2dd9e2,erc20,16035.0,0xaff1a20884cb28f71ac833ed35960ced3b40ab6224f5cadcf5ba4f8e7bb45a5d,1545992873,candidate_layering,AXIE,0xf5b0a3efb8e8e4c201e2a935f110eaaf3ffecb8d
0x1f4b10ffb832581ae5a975ed38eeac9f4e960bdf,0xf4985070ce32b6b1994329df787d1acc9a2dd9e2,erc20,15634.0,0xdc0d6624257446ce5fe1459e6b25c929a5b188b10af7c4e69168167370b5a275,1545992903,candidate_layering,AXIE,0xf5b0a3efb8e8e4c201e2a935f110eaaf3ffecb8d
0x1f4b10ffb832581ae5a975ed38eeac9f4e960bdf,0xf4985070ce32b6b1994329df787d1acc9a2dd9e2,erc20,14959.0,0x6f45854545b52332f08e3aad870ddea57cb441858fb9faf8791bd9bc131da09d,1545993181,candidate_layering,AXIE,0xf5b0a3efb8e8e4c201e2a935f110eaaf3ffecb8d
0x1f4b10ffb832581ae5a975ed38eeac9f4e960bdf,0xf4985070ce32b6b1994329df787d1acc9a2dd9e2,erc20,19495.0,0x2696fa31f37d1d7db4dbcd206edbd7f0b0433c681317620b0bde15042a80b8a6,1546023279,candidate_layering,AXIE,0xf5b0a3efb8e8e4c201e2a935f110eaaf3ffecb8d
0x1f4b10ffb832581ae5a975ed38eeac9f4e960bdf,0xdf16dafba7eb85e0b1f03050c3374a8550adc92b,erc20,17341.0,0xc17eb92d1692e2f6ac397bad1b43437f4c8230f56ef8c0338d74934c3dbbf5a4,1546093711,candidate_layering,AXIE,0xf5b0a3efb8e8e4c201e2a935f110eaaf3ffecb8d
0x1f4b10ffb832581ae5a975ed38eeac9f4e960bdf,0xf4985070ce32b6b1994329df787d1acc9a2dd9e2,erc20,19495.0,0xdfd0a8bbd2cd844dc6e1d3876c2d291c671f9b0c98ffbd211ceaa84406889549,1546543443,candidate_layering,AXIE,0xf5b0a3efb8e8e4c201e2a935f110eaaf3ffecb8d
0x1f4b10ffb832581ae5a975ed38eeac9f4e960bdf,0xf4985070ce32b6b1994329df787d1acc9a2dd9e2,erc20,18720.0,0xa5c363621e80a4c529c819ebec112b54304d004c262bb10de9bad04869f534a0,1546543502,candidate_layering,AXIE,0xf5b0a3efb8e8e4c201e2a935f110eaaf3ffecb8d
0x1f4b10ffb832581ae5a975ed38eeac9f4e960bdf,0xf4985070ce32b6b1994329df787d1acc9a2dd9e2,erc20,16814.0,0x073571b71e91069944ba2d1bfffcb0068fa9b34463ce03e8132229cc2ca5e821,1546543572,candidate_layering,AXIE,0xf5b0a3efb8e8e4c201e2a935f110eaaf3ffecb8d
0x1f4b10ffb832581ae5a975ed38eeac9f4e960bdf,0xf4985070ce32b6b1994329df787d1acc9a2dd9e2,erc20,16035.0,0x88b7aeee74c84f5b0cd9c6b67a8da114a4d2c210e39d26179adc281852a5e21b,1546543892,candidate_layering,AXIE,0xf5b0a3efb8e8e4c201e2a935f110eaaf3ffecb8d
0x1f4b10ffb832581ae5a975ed38eeac9f4e960bdf,0xf4985070ce32b6b1994329df787d1acc9a2dd9e2,erc20,10550.0,0x7d977c4ea1f40026e503314317eb6752e5b9a1c9917b45a56434eebad5b1b252,1546628521,candidate_layering,AXIE,0xf5b0a3efb8e8e4c201e2a935f110eaaf3ffecb8d
0x1f4b10ffb832581ae5a975ed38eeac9f4e960bdf,0xf4985070ce32b6b1994329df787d1acc9a2dd9e2,erc20,12181.0,0xd61b5eed852f18673efe5cedfedf45dc8814696cd5173bf490cc03dc1c70f82c,1546629541,candidate_layering,AXIE,0xf5b0a3efb8e8e4c201e2a935f110eaaf3ffecb8d
0x1f4b10ffb832581ae5a975ed38eeac9f4e960bdf,0x004f980394e98123e0a3414f7eb25a9f2c123d04,erc20,11506.0,0x1f7251eabb21da3a35ca6ccf56910edcecc11428cfae699ee65302bc633988b0,1546630408,candidate_layering,AXIE,0xf5b0a3efb8e8e4c201e2a935f110eaaf3ffecb8d
0x1f4b10ffb832581ae5a975ed38eeac9f4e960bdf,0xf4985070ce32b6b1994329df787d1acc9a2dd9e2,erc20,18037.0,0x97f185e368662f69186457abf8edaafc658631d5a99b4fc57be3917338dedd0f,1546639721,candidate_layering,AXIE,0xf5b0a3efb8e8e4c201e2a935f110eaaf3ffecb8d
0x1f4b10ffb832581ae5a975ed38eeac9f4e960bdf,0xf4985070ce32b6b1994329df787d1acc9a2dd9e2,erc20,8308.0,0x93d288fbc22323959a7fbb484ef908f11253fc61097b19b70f358993aaa6fdef,1546695202,candidate_layering,AXIE,0xf5b0a3efb8e8e4c201e2a935f110eaaf3ffecb8d
0x1f4b10ffb832581ae5a975ed38eeac9f4e960bdf,0xf4985070ce32b6b1994329df787d1acc9a2dd9e2,erc20,14959.0,0x4386e65d709a3a94581a66c9a228e1f7bcd5de4ada134e15a7f92fd93a75513d,1546781150,candidate_layering,AXIE,0xf5b0a3efb8e8e4c201e2a935f110eaaf3ffecb8d
0x1f4b10ffb832581ae5a975ed38eeac9f4e960bdf,0xf4985070ce32b6b1994329df787d1acc9a2dd9e2,erc20,13378.0,0x20b06df6b564fdab5adc34c5b469b4395b058e4790758aeb4a0c0f53394e1210,1546781284,candidate_layering,AXIE,0xf5b0a3efb8e8e4c201e2a935f110eaaf3ffecb8d
0x1f4b10ffb832581ae5a975ed38eeac9f4e960bdf,0xf4985070ce32b6b1994329df787d1acc9a2dd9e2,erc20,15634.0,0x8803540567ba229b8e26a03257bb81c0c42142f02eb100d13703c7dccd6ce2c9,1546783520,candidate_layering,AXIE,0xf5b0a3efb8e8e4c201e2a935f110eaaf3ffecb8d
0x1f4b10ffb832581ae5a975ed38eeac9f4e960bdf,0xf4985070ce32b6b1994329df787d1acc9a2dd9e2,erc20,12187.0,0x51d36a3b3f458f7233067a4fb75dfe223e1558ef96cd56fac1d437210729fcd6,1546784123,candidate_layering,AXIE,0xf5b0a3efb8e8e4c201e2a935f110eaaf3ffecb8d
0x1f4b10ffb832581ae5a975ed38eeac9f4e960bdf,0xf4985070ce32b6b1994329df787d1acc9a2dd9e2,erc20,11248.0,0x36a7ab64b69a9aa00ca2392e09f5b3ceb7f74725f6372ac5335a8c78baa7ac63,1546856405,candidate_layering,AXIE,0xf5b0a3efb8e8e4c201e2a935f110eaaf3ffecb8d
0x1f4b10ffb832581ae5a975ed38eeac9f4e960bdf,0xf4985070ce32b6b1994329df787d1acc9a2dd9e2,erc20,15574.0,0x97e6f990e24f75f1f585da6c59c3ba7478fa96b92789a0ae67359840e4511815,1546856615,candidate_layering,AXIE,0xf5b0a3efb8e8e4c201e2a935f110eaaf3ffecb8d
0x1f4b10ffb832581ae5a975ed38eeac9f4e960bdf,0xf4985070ce32b6b1994329df787d1acc9a2dd9e2,erc20,22621.0,0x3fb16b6f8f649bb5985944a4accb6209b5256db148ef60b685efbee64e42f7d9,1546886420,candidate_layering,AXIE,0xf5b0a3efb8e8e4c201e2a935f110eaaf3ffecb8d
0x1f4b10ffb832581ae5a975ed38eeac9f4e960bdf,0xf4985070ce32b6b1994329df787d1acc9a2dd9e2,erc20,22633.0,0xc4961cd9e0031ca0a0ecc79c0352b0da576b431c8a3f1037eaf05dbefeac6ff6,1546887864,candidate_layering,AXIE,0xf5b0a3efb8e8e4c201e2a935f110eaaf3ffecb8d
0x1f4b10ffb832581ae5a975ed38eeac9f4e960bdf,0xf4985070ce32b6b1994329df787d1acc9a2dd9e2,erc20,22634.0,0x96548fb99eebeac6b0982e480c89a3d9ba74f2ea0fe3ba7ae0547ad8fae69756,1546888464,candidate_layering,AXIE,0xf5b0a3efb8e8e4c201e2a935f110eaaf3ffecb8d
0x1f4b10ffb832581ae5a975ed38eeac9f4e960bdf,0xf4985070ce32b6b1994329df787d1acc9a2dd9e2,erc20,22635.0,0x7ad36d4ca12c20a22fd8ef900dff742acad9879aee0cd8a4b78154c3f761766a,1546888512,candidate_layering,AXIE,0xf5b0a3efb8e8e4c201e2a935f110eaaf3ffecb8d
0x1f4b10ffb832581ae5a975ed38eeac9f4e960bdf,0xf4985070ce32b6b1994329df787d1acc9a2dd9e2,erc20,22621.0,0xd16e76543a55f37d37b53907437718d3ebd431217b2d62e94c9008f4fd182c8b,1546888598,candidate_layering,AXIE,0xf5b0a3efb8e8e4c201e2a935f110eaaf3ffecb8d
0x1f4b10ffb832581ae5a975ed38eeac9f4e960bdf,0xf4985070ce32b6b1994329df787d1acc9a2dd9e2,erc20,22630.0,0x1d5c0529f0b6c1cce74a509a7ae3271fd8cff73ee4bdf0f35ffe6177f291614d,1546888676,candidate_layering,AXIE,0xf5b0a3efb8e8e4c201e2a935f110eaaf3ffecb8d
0x1f4b10ffb832581ae5a975ed38eeac9f4e960bdf,0xf4985070ce32b6b1994329df787d1acc9a2dd9e2,erc20,22632.0,0x38ca577ba1698c6e522a1d7873fd59fbfe0e1b63f957bd6d8a95d879958d0ac6,1546888681,candidate_layering,AXIE,0xf5b0a3efb8e8e4c201e2a935f110eaaf3ffecb8d
0x1f4b10ffb832581ae5a975ed38eeac9f4e960bdf,0xf4985070ce32b6b1994329df787d1acc9a2dd9e2,erc20,18720.0,0xa38af3ebbd2352a6d43a708f329821efd494c0fc7cfb091fafb67e0bad956506,1546888801,candidate_layering,AXIE,0xf5b0a3efb8e8e4c201e2a935f110eaaf3ffecb8d
0x1f4b10ffb832581ae5a975ed38eeac9f4e960bdf,0xf4985070ce32b6b1994329df787d1acc9a2dd9e2,erc20,16814.0,0x1654584b2834b317e2584931663222417063aff912b87545606edc6f9d6b381d,1546888871,candidate_layering,AXIE,0xf5b0a3efb8e8e4c201e2a935f110eaaf3ffecb8d
0x1f4b10ffb832581ae5a975ed38eeac9f4e960bdf,0xf4985070ce32b6b1994329df787d1acc9a2dd9e2,erc20,22640.0,0x2121f2a99d3a6e821911f507a8b5c21f38495d7e2758a48a7e594317eb3ba9c3,1546891693,candidate_layering,AXIE,0xf5b0a3efb8e8e4c201e2a935f110eaaf3ffecb8d
0x1f4b10ffb832581ae5a975ed38eeac9f4e960bdf,0xf4985070ce32b6b1994329df787d1acc9a2dd9e2,erc20,22823.0,0xea101d26525682f1a8396e9c680a61522bc1447601804fb79e8cabe9c68bc71a,1546951790,candidate_layering,AXIE,0xf5b0a3efb8e8e4c201e2a935f110eaaf3ffecb8d
0x1f4b10ffb832581ae5a975ed38eeac9f4e960bdf,0xf4985070ce32b6b1994329df787d1acc9a2dd9e2,erc20,22621.0,0xb2c565324d494a3a50dd958b4fd0cb3921d7e1fa3d977b5d99e13370367202d3,1546974869,candidate_layering,AXIE,0xf5b0a3efb8e8e4c201e2a935f110eaaf3ffecb8d
0x1f4b10ffb832581ae5a975ed38eeac9f4e960bdf,0xf4985070ce32b6b1994329df787d1acc9a2dd9e2,erc20,23123.0,0xaf412b379a8d5520b5715c6e46ceb769dd96923c25682687f419291a89755505,1547049432,candidate_layering,AXIE,0xf5b0a3efb8e8e4c201e2a935f110eaaf3ffecb8d
0x1f4b10ffb832581ae5a975ed38eeac9f4e960bdf,0xf4985070ce32b6b1994329df787d1acc9a2dd9e2,erc20,8308.0,0x2d4eaf12dc205732ef44946b0f55f5d80c720d269c80925a32e7ac788fd5de2e,1547051119,candidate_layering,AXIE,0xf5b0a3efb8e8e4c201e2a935f110eaaf3ffecb8d
0x1f4b10ffb832581ae5a975ed38eeac9f4e960bdf,0xf4985070ce32b6b1994329df787d1acc9a2dd9e2,erc20,22823.0,0xe4d75d13ca88c4faa595b88ac24a291551ec4e668917b8bbb6a9cf78945093db,1547053369,candidate_layering,AXIE,0xf5b0a3efb8e8e4c201e2a935f110eaaf3ffecb8d
0x1f4b10ffb832581ae5a975ed38eeac9f4e960bdf,0xf4985070ce32b6b1994329df787d1acc9a2dd9e2,erc20,16618.0,0x4e57011129060de5fc574c4d7bfcaa1b93017bfe5e42b1b1be2717175ca50456,1547053890,candidate_layering,AXIE,0xf5b0a3efb8e8e4c201e2a935f110eaaf3ffecb8d
0x1f4b10ffb832581ae5a975ed38eeac9f4e960bdf,0xf4985070ce32b6b1994329df787d1acc9a2dd9e2,erc20,18170.0,0x3195a391f8cba60f7184414f46f5abea5c1026d9c725d63f3c33c506f0d1a6e3,1547071771,candidate_layering,AXIE,0xf5b0a3efb8e8e4c201e2a935f110eaaf3ffecb8d
0x1f4b10ffb832581ae5a975ed38eeac9f4e960bdf,0xf4985070ce32b6b1994329df787d1acc9a2dd9e2,erc20,22621.0,0x8dee429784d8d2f7aa3db0628657f1a599c6a006aa7098c1edb0416bee53beb3,1547108204,candidate_layering,AXIE,0xf5b0a3efb8e8e4c201e2a935f110eaaf3ffecb8d
0x1f4b10ffb832581ae5a975ed38eeac9f4e960bdf,0xf4985070ce32b6b1994329df787d1acc9a2dd9e2,erc20,22635.0,0x103af8aad9e818fd4682f9f02d17cf47febe10c22800d1bd1b82b9f022352f31,1547108257,candidate_layering,AXIE,0xf5b0a3efb8e8e4c201e2a935f110eaaf3ffecb8d
0x1f4b10ffb832581ae5a975ed38eeac9f4e960bdf,0xf4985070ce32b6b1994329df787d1acc9a2dd9e2,erc20,22631.0,0xfdf4053d36fb9906dd073baeb7dc3a45cea4809c062f2475e2cb6860396d38af,1547109039,candidate_layering,AXIE,0xf5b0a3efb8e8e4c201e2a935f110eaaf3ffecb8d
0x1f4b10ffb832581ae5a975ed38eeac9f4e960bdf,0xf4985070ce32b6b1994329df787d1acc9a2dd9e2,erc20,22630.0,0xf462faf8c4a559b88364b1826e4a4408a96a077ab306cf3262387bd7e738b118,1547109538,candidate_layering,AXIE,0xf5b0a3efb8e8e4c201e2a935f110eaaf3ffecb8d
0x1f4b10ffb832581ae5a975ed38eeac9f4e960bdf,0xf4985070ce32b6b1994329df787d1acc9a2dd9e2,erc20,22640.0,0x1381f9e22a45dce41c4c6082e0e5fd6bb874d6eae209e94329f191f79fb938c0,1547109560,candidate_layering,AXIE,0xf5b0a3efb8e8e4c201e2a935f110eaaf3ffecb8d
0x1f4b10ffb832581ae5a975ed38eeac9f4e960bdf,0xf4985070ce32b6b1994329df787d1acc9a2dd9e2,erc20,22633.0,0xcdd3d140740ac31c641b87564772fd4589af60abdea49a9b29a358ef8ba6b4c2,1547110562,candidate_layering,AXIE,0xf5b0a3efb8e8e4c201e2a935f110eaaf3ffecb8d
0x1f4b10ffb832581ae5a975ed38eeac9f4e960bdf,0xf4985070ce32b6b1994329df787d1acc9a2dd9e2,erc20,22635.0,0x64fd8427c87f638f18af7c8d52e9d6c684b4d6bf47a2917eb20c05218d4ddb92,1547132199,candidate_layering,AXIE,0xf5b0a3efb8e8e4c201e2a935f110eaaf3ffecb8d
0x1f4b10ffb832581ae5a975ed38eeac9f4e960bdf,0xf4985070ce32b6b1994329df787d1acc9a2dd9e2,erc20,22632.0,0x5892803d3477e3a9ee7dfd9dfc379a3465646d9157e42af25eecd1efe309dcfd,1547134039,candidate_layering,AXIE,0xf5b0a3efb8e8e4c201e2a935f110eaaf3ffecb8d
0x1f4b10ffb832581ae5a975ed38eeac9f4e960bdf,0xf4985070ce32b6b1994329df787d1acc9a2dd9e2,erc20,22823.0,0x47236fb917f2cb65292270ca3d560bc7ac125e09f29e25aca57c5855f03ad258,1547188412,candidate_layering,AXIE,0xf5b0a3efb8e8e4c201e2a935f110eaaf3ffecb8d
0x1f4b10ffb832581ae5a975ed38eeac9f4e960bdf,0xf4985070ce32b6b1994329df787d1acc9a2dd9e2,erc20,12712.0,0x9fd9b8ff244f208462334eaca7c67601abac7aa48b314882ea23e969a7656b38,1547188829,candidate_layering,AXIE,0xf5b0a3efb8e8e4c201e2a935f110eaaf3ffecb8d
0x1f4b10ffb832581ae5a975ed38eeac9f4e960bdf,0xf4985070ce32b6b1994329df787d1acc9a2dd9e2,erc20,23123.0,0x9ff932cb23d7cbf5ef22b343f2d6badd2f79a7750f17b70b153893183048015a,1547232270,candidate_layering,AXIE,0xf5b0a3efb8e8e4c201e2a935f110eaaf3ffecb8d
0x1f4b10ffb832581ae5a975ed38eeac9f4e960bdf,0x21099184e7b0be245e3eed492288a07de2c64fd7,erc20,19495.0,0x7d666ce8266245566cca1542b0c4e77359b0e5612371937b06777ef88e2c672c,1547290855,candidate_layering,AXIE,0xf5b0a3efb8e8e4c201e2a935f110eaaf3ffecb8d
0x1f4b10ffb832581ae5a975ed38eeac9f4e960bdf,0xf4985070ce32b6b1994329df787d1acc9a2dd9e2,erc20,22633.0,0x13abe929ffd738d3e694bec1e57db854dcb164d3aee590706d12433c3a93e668,1547291068,candidate_layering,AXIE,0xf5b0a3efb8e8e4c201e2a935f110eaaf3ffecb8d
0x1f4b10ffb832581ae5a975ed38eeac9f4e960bdf,0xf4985070ce32b6b1994329df787d1acc9a2dd9e2,erc20,20102.0,0x06ee9d496a3c67b22d82dea14e525e7470f2d246d69cf6cea8929e19c6bf3f31,1547295376,candidate_layering,AXIE,0xf5b0a3efb8e8e4c201e2a935f110eaaf3ffecb8d
0x1f4b10ffb832581ae5a975ed38eeac9f4e960bdf,0x288bf6134beb79d63173a13d65bc92f4ebd718b2,erc20,22631.0,0xdbbbd7665e9eaa9ac5a2d385931b983d0ea5cc39840938f0fdce185dcfdfb5e3,1547295776,candidate_layering,AXIE,0xf5b0a3efb8e8e4c201e2a935f110eaaf3ffecb8d
0x1f4b10ffb832581ae5a975ed38eeac9f4e960bdf,0xf4985070ce32b6b1994329df787d1acc9a2dd9e2,erc20,23537.0,0x3e2da1628d6e5c00ecb71b857934058c35e80f7069c919d3af57e0bb5ff063f6,1547299388,candidate_layering,AXIE,0xf5b0a3efb8e8e4c201e2a935f110eaaf3ffecb8d
0x1f4b10ffb832581ae5a975ed38eeac9f4e960bdf,0xf4985070ce32b6b1994329df787d1acc9a2dd9e2,erc20,20102.0,0x5dbd8fdf9b835300a23190a74fa56b738b95cae4fa0d9673314e08c757bb596d,1547334981,candidate_layering,AXIE,0xf5b0a3efb8e8e4c201e2a935f110eaaf3ffecb8d
0x1f4b10ffb832581ae5a975ed38eeac9f4e960bdf,0xf4985070ce32b6b1994329df787d1acc9a2dd9e2,erc20,18720.0,0xac3c6adf33df61074a63a668a0fe436f094f2ff103bd6a0db8b8ab8f13e7f608,1547335355,candidate_layering,AXIE,0xf5b0a3efb8e8e4c201e2a935f110eaaf3ffecb8d
0x1f4b10ffb832581ae5a975ed38eeac9f4e960bdf,0xf4985070ce32b6b1994329df787d1acc9a2dd9e2,erc20,17656.0,0x672b4fa44be7100836e1a4bf3c1b1164183cea5f2d6ef835eb762cea5ecadb8a,1547335496,candidate_layering,AXIE,0xf5b0a3efb8e8e4c201e2a935f110eaaf3ffecb8d
0x1f4b10ffb832581ae5a975ed38eeac9f4e960bdf,0xf4985070ce32b6b1994329df787d1acc9a2dd9e2,erc20,23123.0,0xf87d7a717702cca771a9595fa10a063ef49459af36d09bf786c109e5b95a476f,1547335992,candidate_layering,AXIE,0xf5b0a3efb8e8e4c201e2a935f110eaaf3ffecb8d
0x1f4b10ffb832581ae5a975ed38eeac9f4e960bdf,0x06c71dc79d7e7c47792dad78c525d9b270520b29,erc20,17656.0,0xcb63fac954fd6b6db05deb5896ca63e25784226f0062be7c5e22b436caf2512e,1547343779,candidate_layering,AXIE,0xf5b0a3efb8e8e4c201e2a935f110eaaf3ffecb8d
0x1f4b10ffb832581ae5a975ed38eeac9f4e960bdf,0xf4985070ce32b6b1994329df787d1acc9a2dd9e2,erc20,18702.0,0xd3521a740cd1a02c0930d824fc57f9a6479b6d5df696b8a863f388274105a33d,1547430902,candidate_layering,AXIE,0xf5b0a3efb8e8e4c201e2a935f110eaaf3ffecb8d
0x1f4b10ffb832581ae5a975ed38eeac9f4e960bdf,0xf4985070ce32b6b1994329df787d1acc9a2dd9e2,erc20,23123.0,0x3a66309d41d2b46c3115809c73446d8dfe7c79d2441334c780e47c4b83690a96,1547467760,candidate_layering,AXIE,0xf5b0a3efb8e8e4c201e2a935f110eaaf3ffecb8d
0x1f4b10ffb832581ae5a975ed38eeac9f4e960bdf,0xe658e6eb4b478da2cf36d9e3712ba0c1b33786a1,erc20,40270.0,0xcdccbafc92b00b8555c8e3987d411b39fef3a668e1aa4d1204a05973ef9f8a9c,1547470454,candidate_layering,PLANET,0x06a6a7af298129e3a2ab396c9c06f91d3c54aba8
0x1f4b10ffb832581ae5a975ed38eeac9f4e960bdf,0xf4985070ce32b6b1994329df787d1acc9a2dd9e2,erc20,12181.0,0x214bf9d3ab77e6a3e4844811d514ad1986d284f6b1043a05ca9eed178395dd45,1547569369,candidate_layering,AXIE,0xf5b0a3efb8e8e4c201e2a935f110eaaf3ffecb8d
0x1f4b10ffb832581ae5a975ed38eeac9f4e960bdf,0xf4985070ce32b6b1994329df787d1acc9a2dd9e2,erc20,3695.0,0xff76ce9f52ef02cc977eb291753de3a820bd7cfaff8ec6ebe3496b1065f84637,1547572830,candidate_layering,AXIE,0xf5b0a3efb8e8e4c201e2a935f110eaaf3ffecb8d
0x1f4b10ffb832581ae5a975ed38eeac9f4e960bdf,0xf4985070ce32b6b1994329df787d1acc9a2dd9e2,erc20,22633.0,0x0d590197080333abfd9dca2c42f10276532e4df51fe9ae5ec96a36b91c23a527,1547605469,candidate_layering,AXIE,0xf5b0a3efb8e8e4c201e2a935f110eaaf3ffecb8d
0x1f4b10ffb832581ae5a975ed38eeac9f4e960bdf,0xf4985070ce32b6b1994329df787d1acc9a2dd9e2,erc20,22630.0,0x7b3f64973d9c115c8dc67919186dc875bbe49f5e5381069b565e6b39c57557a7,1547608170,candidate_layering,AXIE,0xf5b0a3efb8e8e4c201e2a935f110eaaf3ffecb8d
0x1f4b10ffb832581ae5a975ed38eeac9f4e960bdf,0xd95399ccea853837c5fc5194e2f045cb8ccb674e,erc20,22630.0,0x1b9bf14ea8650e8679b58057bfd627fd9fe242eef3a267ae49346df8e9fd3720,1547649873,candidate_layering,AXIE,0xf5b0a3efb8e8e4c201e2a935f110eaaf3ffecb8d
0x1f4b10ffb832581ae5a975ed38eeac9f4e960bdf,0xd95399ccea853837c5fc5194e2f045cb8ccb674e,erc20,17569.0,0x2bfffa3494bc88311a081597350f47665fac4e3c5378c353b99eb600acc612b9,1547652504,candidate_layering,AXIE,0xf5b0a3efb8e8e4c201e2a935f110eaaf3ffecb8d
0x1f4b10ffb832581ae5a975ed38eeac9f4e960bdf,0xf4985070ce32b6b1994329df787d1acc9a2dd9e2,erc20,22621.0,0x777d510ad4b2b01fa9e8042642299f6df37d0721b445b7d46610e5e906c126a5,1547754200,candidate_layering,AXIE,0xf5b0a3efb8e8e4c201e2a935f110eaaf3ffecb8d
0x1f4b10ffb832581ae5a975ed38eeac9f4e960bdf,0xe658e6eb4b478da2cf36d9e3712ba0c1b33786a1,erc20,40491.0,0x3de85598ee41a69449ac67747a700b68b7be368a1b1a84ba4dd21a6217e02306,1547908796,candidate_layering,PLANET,0x06a6a7af298129e3a2ab396c9c06f91d3c54aba8
0x1f4b10ffb832581ae5a975ed38eeac9f4e960bdf,0xe658e6eb4b478da2cf36d9e3712ba0c1b33786a1,erc20,40490.0,0xa24c02ca7f0da6b8a2b4fc0325022a8e41714a11e8bed132745b61e50dec6255,1547908996,candidate_layering,PLANET,0x06a6a7af298129e3a2ab396c9c06f91d3c54aba8
0x1f4b10ffb832581ae5a975ed38eeac9f4e960bdf,0xe658e6eb4b478da2cf36d9e3712ba0c1b33786a1,erc20,40399.0,0x1445e7c3dc44ceb5647e6860788502707527a75a23368941e732f9e713e5a887,1547909023,candidate_layering,PLANET,0x06a6a7af298129e3a2ab396c9c06f91d3c54aba8
0x1f4b10ffb832581ae5a975ed38eeac9f4e960bdf,0xe658e6eb4b478da2cf36d9e3712ba0c1b33786a1,erc20,40396.0,0x30d25465266175c87c9063727379c3040cd190906bc6830670a48702131d4741,1547909034,candidate_layering,PLANET,0x06a6a7af298129e3a2ab396c9c06f91d3c54aba8
0x1f4b10ffb832581ae5a975ed38eeac9f4e960bdf,0xe658e6eb4b478da2cf36d9e3712ba0c1b33786a1,erc20,39146.0,0xbd6f9b1d1e54cbc4e4de91227aca66219ef19b1bff6ddbd4d79efabe70c9ece4,1547909387,candidate_layering,PLANET,0x06a6a7af298129e3a2ab396c9c06f91d3c54aba8
0x1f4b10ffb832581ae5a975ed38eeac9f4e960bdf,0xe658e6eb4b478da2cf36d9e3712ba0c1b33786a1,erc20,28363.0,0x0315714b7907b1f6c8ff87258320896bee1d0ff13cd5cfe8607e34580a791708,1547911604,candidate_layering,PLANET,0x06a6a7af298129e3a2ab396c9c06f91d3c54aba8
0x1f4b10ffb832581ae5a975ed38eeac9f4e960bdf,0xe658e6eb4b478da2cf36d9e3712ba0c1b33786a1,erc20,26306.0,0x3eb2aba9d07406bfd33fcdcb66a0978e0b45715ddc0c51b96721031b267c4d8e,1547911609,candidate_layering,PLANET,0x06a6a7af298129e3a2ab396c9c06f91d3c54aba8
0x1f4b10ffb832581ae5a975ed38eeac9f4e960bdf,0xf4985070ce32b6b1994329df787d1acc9a2dd9e2,erc20,25478.0,0x82839343dcc5a5f7624259bc031e236539c8584a2b4e257072725a778c6fef6e,1547922272,candidate_layering,AXIE,0xf5b0a3efb8e8e4c201e2a935f110eaaf3ffecb8d
0x1f4b10ffb832581ae5a975ed38eeac9f4e960bdf,0xe658e6eb4b478da2cf36d9e3712ba0c1b33786a1,erc20,40270.0,0x7f15ca85460d793913d2a171c9f3efb975c508cbc53f4fe8a8abb8b2080ba86e,1548174867,candidate_layering,PLANET,0x06a6a7af298129e3a2ab396c9c06f91d3c54aba8
0x1f4b10ffb832581ae5a975ed38eeac9f4e960bdf,0xf4985070ce32b6b1994329df787d1acc9a2dd9e2,erc20,13834.0,0xf07fa5c3b02b18f78ce671d0c53c68b468205ed40414d87102aa770a4b17e455,1548191423,candidate_layering,AXIE,0xf5b0a3efb8e8e4c201e2a935f110eaaf3ffecb8d
0x1f4b10ffb832581ae5a975ed38eeac9f4e960bdf,0xf4985070ce32b6b1994329df787d1acc9a2dd9e2,erc20,26157.0,0xc7047776f9c775dea98dc404251fd392cebfbccb01a89856950102a9a9fd160b,1548242105,candidate_layering,AXIE,0xf5b0a3efb8e8e4c201e2a935f110eaaf3ffecb8d
0x1f4b10ffb832581ae5a975ed38eeac9f4e960bdf,0xf4985070ce32b6b1994329df787d1acc9a2dd9e2,erc20,25779.0,0xa6faa73eef4700efa1c1dfef6360709dfaf5d643f971421dfe9443ba393c8363,1548242117,candidate_layering,AXIE,0xf5b0a3efb8e8e4c201e2a935f110eaaf3ffecb8d
0x1f4b10ffb832581ae5a975ed38eeac9f4e960bdf,0xf4985070ce32b6b1994329df787d1acc9a2dd9e2,erc20,26152.0,0x8ba46834f9dded8d9ca52d46677d1ad3014a5caa74b7cd2c25d41b03d6fef191,1548242117,candidate_layering,AXIE,0xf5b0a3efb8e8e4c201e2a935f110eaaf3ffecb8d
0x1f4b10ffb832581ae5a975ed38eeac9f4e960bdf,0xf4985070ce32b6b1994329df787d1acc9a2dd9e2,erc20,23537.0,0x50d101c3e8f29dd62bcc2d012af7824bc8d838cb7426e357526385df59320eb6,1548242126,candidate_layering,AXIE,0xf5b0a3efb8e8e4c201e2a935f110eaaf3ffecb8d
0x1f4b10ffb832581ae5a975ed38eeac9f4e960bdf,0xf4985070ce32b6b1994329df787d1acc9a2dd9e2,erc20,22640.0,0x15f92bf91d7b27ae77504c10be39bdf14028e9f5b14aa1c3c18313bf564348a1,1548242209,candidate_layering,AXIE,0xf5b0a3efb8e8e4c201e2a935f110eaaf3ffecb8d
0x1f4b10ffb832581ae5a975ed38eeac9f4e960bdf,0xf4985070ce32b6b1994329df787d1acc9a2dd9e2,erc20,20700.0,0xe57f78de2ec21c80ba8c2a6df28f7668bb09f2ffbcf7b1fc6b585302e305b20d,1548242328,candidate_layering,AXIE,0xf5b0a3efb8e8e4c201e2a935f110eaaf3ffecb8d
0x1f4b10ffb832581ae5a975ed38eeac9f4e960bdf,0xf4985070ce32b6b1994329df787d1acc9a2dd9e2,erc20,19498.0,0x420784e48dd70741cd34a78c1681e697384d1cbf2656cd8b85fdb9da05294a1d,1548242686,candidate_layering,AXIE,0xf5b0a3efb8e8e4c201e2a935f110eaaf3ffecb8d
0x1f4b10ffb832581ae5a975ed38eeac9f4e960bdf,0xf4985070ce32b6b1994329df787d1acc9a2dd9e2,erc20,18720.0,0xead89563340aaf969b0932b22aed23abeb6e43c0e2abd6d14ca185df3f78e6e2,1548242722,candidate_layering,AXIE,0xf5b0a3efb8e8e4c201e2a935f110eaaf3ffecb8d
0x1f4b10ffb832581ae5a975ed38eeac9f4e960bdf,0x72639fd1a1c3e2a9bd6745caf774c6cc57f0c946,erc20,18170.0,0x54945804f953a08be053c2610a02ef93ec0be4082ff97cebf7c8ae7ba40913d6,1548293715,candidate_layering,AXIE,0xf5b0a3efb8e8e4c201e2a935f110eaaf3ffecb8d
0x1f4b10ffb832581ae5a975ed38eeac9f4e960bdf,0x72639fd1a1c3e2a9bd6745caf774c6cc57f0c946,erc20,18702.0,0x54945804f953a08be053c2610a02ef93ec0be4082ff97cebf7c8ae7ba40913d6,1548293715,candidate_layering,AXIE,0xf5b0a3efb8e8e4c201e2a935f110eaaf3ffecb8d
0x1f4b10ffb832581ae5a975ed38eeac9f4e960bdf,0x72639fd1a1c3e2a9bd6745caf774c6cc57f0c946,erc20,22622.0,0x54945804f953a08be053c2610a02ef93ec0be4082ff97cebf7c8ae7ba40913d6,1548293715,candidate_layering,AXIE,0xf5b0a3efb8e8e4c201e2a935f110eaaf3ffecb8d
0x1f4b10ffb832581ae5a975ed38eeac9f4e960bdf,0x72639fd1a1c3e2a9bd6745caf774c6cc57f0c946,erc20,22630.0,0x54945804f953a08be053c2610a02ef93ec0be4082ff97cebf7c8ae7ba40913d6,1548293715,candidate_layering,AXIE,0xf5b0a3efb8e8e4c201e2a935f110eaaf3ffecb8d
0x1f4b10ffb832581ae5a975ed38eeac9f4e960bdf,0x72639fd1a1c3e2a9bd6745caf774c6cc57f0c946,erc20,22633.0,0x54945804f953a08be053c2610a02ef93ec0be4082ff97cebf7c8ae7ba40913d6,1548293715,candidate_layering,AXIE,0xf5b0a3efb8e8e4c201e2a935f110eaaf3ffecb8d
0x1f4b10ffb832581ae5a975ed38eeac9f4e960bdf,0x23b45c658737b12f1748ce56e9b6784b5e9f3ff8,erc20,758.0,0x5a167cee1463e6087b4435e1dca6df1d417ca23654bdf8fc8685a231e939514a,1548365333,candidate_layering,CBF,0x71c118b00759b0851785642541ceb0f4ceea0bd5
0x1f4b10ffb832581ae5a975ed38eeac9f4e960bdf,0xf4985070ce32b6b1994329df787d1acc9a2dd9e2,erc20,28909.0,0xc94c90a86222fb192acd60a5d92687c41099b7b1a15eaa2e1ae349a9546b06a4,1548603846,candidate_layering,AXIE,0xf5b0a3efb8e8e4c201e2a935f110eaaf3ffecb8d
0x1f4b10ffb832581ae5a975ed38eeac9f4e960bdf,0xa2866bf21897f3c87a678322521e7d69932fed93,erc20,17673.0,0x13e15e3c4e3ed396dca8c3e61872bdbea04deebb1cf0ce97bce71258e8ba37cb,1548674662,candidate_layering,PLANET,0x06a6a7af298129e3a2ab396c9c06f91d3c54aba8
0x1f4b10ffb832581ae5a975ed38eeac9f4e960bdf,0x30602250c5f1fcba5407e99b1dfaab992ea4ffd2,erc20,25477.0,0xd64bf4996cf664fd46e662bf497b8106c3d2de748a115d5af473c4a95d052ebc,1548993386,candidate_layering,AXIE,0xf5b0a3efb8e8e4c201e2a935f110eaaf3ffecb8d
0x1f4b10ffb832581ae5a975ed38eeac9f4e960bdf,0x30602250c5f1fcba5407e99b1dfaab992ea4ffd2,erc20,15574.0,0xffd55647e0f2a35bc43f8d082b4de92eef148f67ddcf57df8794e32461571ebd,1548994448,candidate_layering,AXIE,0xf5b0a3efb8e8e4c201e2a935f110eaaf3ffecb8d
0x1f4b10ffb832581ae5a975ed38eeac9f4e960bdf,0xf4985070ce32b6b1994329df787d1acc9a2dd9e2,erc20,25775.0,0x31cac40e8b9f238dfe0ec3ed756752d5794150ceb669c6b48949fda24d26d8d7,1549815892,candidate_layering,AXIE,0xf5b0a3efb8e8e4c201e2a935f110eaaf3ffecb8d
0x1f4b10ffb832581ae5a975ed38eeac9f4e960bdf,0xf4985070ce32b6b1994329df787d1acc9a2dd9e2,erc20,34075.0,0x7aa6ab45a33fab8ffafa7c2efed61ddfa2b77d4b462d4335064489dbd13b52c0,1550659669,candidate_layering,AXIE,0xf5b0a3efb8e8e4c201e2a935f110eaaf3ffecb8d
0x1f4b10ffb832581ae5a975ed38eeac9f4e960bdf,0xf8cd644baf494d13406187cf8628754dca0a10c2,erc20,23123.0,0x2cec01587a355d12240a4865104b91a04ff44f02e63e4a710e485fd4d830903d,1550709687,candidate_layering,AXIE,0xf5b0a3efb8e8e4c201e2a935f110eaaf3ffecb8d
0x1f4b10ffb832581ae5a975ed38eeac9f4e960bdf,0xf4985070ce32b6b1994329df787d1acc9a2dd9e2,erc20,34075.0,0xeb3bdd14b99c426a03748510775b3d8780aea76c1235c51311c96e9e810e2ac9,1551558697,candidate_layering,AXIE,0xf5b0a3efb8e8e4c201e2a935f110eaaf3ffecb8d
0x1f4b10ffb832581ae5a975ed38eeac9f4e960bdf,0xf4985070ce32b6b1994329df787d1acc9a2dd9e2,erc20,34075.0,0x5469b1f5350d42d8947507c05e99f99561b540155cd2256e79eee253dc8c5c2b,1551711570,candidate_layering,AXIE,0xf5b0a3efb8e8e4c201e2a935f110eaaf3ffecb8d
0x1f4b10ffb832581ae5a975ed38eeac9f4e960bdf,0xf4985070ce32b6b1994329df787d1acc9a2dd9e2,erc20,34075.0,0x5f5e86bc2a3c560603a3941e11fb50d1666e4d1b03b0a95c76ac2dd9f099a54e,1551723476,candidate_layering,AXIE,0xf5b0a3efb8e8e4c201e2a935f110eaaf3ffecb8d
0x1f4b10ffb832581ae5a975ed38eeac9f4e960bdf,0xa4e7918fb5f4a8c12f9513b193be1d764d5757dc,erc20,1174.0,0xad56a5d1bef030faa3fe5bd728ba67887cface2b750a0775d458ddeffcff7813,1552666999,candidate_layering,CBF,0x71c118b00759b0851785642541ceb0f4ceea0bd5
0x1f4b10ffb832581ae5a975ed38eeac9f4e960bdf,0xf4985070ce32b6b1994329df787d1acc9a2dd9e2,erc20,34075.0,0x9eaecd9c108c5b1f6ee9448ee92cf1eb48716e52f4cfe92249e2606a2e3b9072,1552667810,candidate_layering,AXIE,0xf5b0a3efb8e8e4c201e2a935f110eaaf3ffecb8d
0x1f4b10ffb832581ae5a975ed38eeac9f4e960bdf,0xf4985070ce32b6b1994329df787d1acc9a2dd9e2,erc20,18277.0,0x7957e163b71ee8cd5daf2aacc5e7776f6300601a314acc87c9c94650b993b4c1,1552668453,candidate_layering,AXIE,0xf5b0a3efb8e8e4c201e2a935f110eaaf3ffecb8d
0x1f4b10ffb832581ae5a975ed38eeac9f4e960bdf,0x338ffc2cafc121bc83bf7a610ccc136ba7247b64,erc20,17026.0,0xdc0290dd68c03dd1c47fd08330af67068133abde75b96feca3f6b5fc6be57fc1,1553814481,candidate_layering,BC,0xd73be539d6b2076bab83ca6ba62dfe189abc6bbe
0x1f4b10ffb832581ae5a975ed38eeac9f4e960bdf,0xf4985070ce32b6b1994329df787d1acc9a2dd9e2,erc20,39377.0,0xc36b8694e52d0efee040e7b211977b8b7b4feb14307b1dc8999624e77b917e25,1553872762,candidate_layering,AXIE,0xf5b0a3efb8e8e4c201e2a935f110eaaf3ffecb8d
0x1f4b10ffb832581ae5a975ed38eeac9f4e960bdf,0xf4985070ce32b6b1994329df787d1acc9a2dd9e2,erc20,33580.0,0x1679f4220af8ac4318bc33b3c80d6cf6fff88d5790980169b236fe4a9a0fb55b,1553872762,candidate_layering,AXIE,0xf5b0a3efb8e8e4c201e2a935f110eaaf3ffecb8d
0x1f4b10ffb832581ae5a975ed38eeac9f4e960bdf,0xf4985070ce32b6b1994329df787d1acc9a2dd9e2,erc20,23537.0,0xdf112a9e12614161fad4ba159d8aabb774ea4ab65a1449d0b119d5e3d56bd7ae,1553872862,candidate_layering,AXIE,0xf5b0a3efb8e8e4c201e2a935f110eaaf3ffecb8d
0x1f4b10ffb832581ae5a975ed38eeac9f4e960bdf,0xf4985070ce32b6b1994329df787d1acc9a2dd9e2,erc20,23915.0,0x1f1d3b4d2ddf8b235a612c6a46c12dbc591f21157f18b177c9feee688bb888d4,1553873017,candidate_layering,AXIE,0xf5b0a3efb8e8e4c201e2a935f110eaaf3ffecb8d
0x1f4b10ffb832581ae5a975ed38eeac9f4e960bdf,0xf4985070ce32b6b1994329df787d1acc9a2dd9e2,erc20,22623.0,0x9ba14eb5f3e524c5291a7ecf870f961ec3014b5e5e772cab3afb0abe25ae9b96,1553873042,candidate_layering,AXIE,0xf5b0a3efb8e8e4c201e2a935f110eaaf3ffecb8d
0x1f4b10ffb832581ae5a975ed38eeac9f4e960bdf,0xf4985070ce32b6b1994329df787d1acc9a2dd9e2,erc20,16035.0,0x2bc6cf5998866afae11d0c51c59cb548e7d9fae13db83ad291a89713623b630a,1553873171,candidate_layering,AXIE,0xf5b0a3efb8e8e4c201e2a935f110eaaf3ffecb8d
0x1f4b10ffb832581ae5a975ed38eeac9f4e960bdf,0xf4985070ce32b6b1994329df787d1acc9a2dd9e2,erc20,12178.0,0x46024724463070cf8ea1836857cfa19fc67732747ee50c6aedea5d7371fd9461,1553873291,candidate_layering,AXIE,0xf5b0a3efb8e8e4c201e2a935f110eaaf3ffecb8d
0x1f4b10ffb832581ae5a975ed38eeac9f4e960bdf,0xf4985070ce32b6b1994329df787d1acc9a2dd9e2,erc20,25795.0,0xffca06dde4392f8f651e920a240ecac833bb98fc9a8072d91b28ffac24bec090,1553873328,candidate_layering,AXIE,0xf5b0a3efb8e8e4c201e2a935f110eaaf3ffecb8d
0x1f4b10ffb832581ae5a975ed38eeac9f4e960bdf,0xf4985070ce32b6b1994329df787d1acc9a2dd9e2,erc20,32349.0,0xc06fb39273d2f34b483663664716bf80d810e809c4f7b6e54483fd6692b8fba4,1553873386,candidate_layering,AXIE,0xf5b0a3efb8e8e4c201e2a935f110eaaf3ffecb8d
0x1f4b10ffb832581ae5a975ed38eeac9f4e960bdf,0xa4e7918fb5f4a8c12f9513b193be1d764d5757dc,erc20,5298.0,0x5204110759afa72390408179a6075e9168330ddf6bcaf0c9ab64fe65821cd23d,1554563204,candidate_layering,AXIE,0xf5b0a3efb8e8e4c201e2a935f110eaaf3ffecb8d
0x1f4b10ffb832581ae5a975ed38eeac9f4e960bdf,0xa4e7918fb5f4a8c12f9513b193be1d764d5757dc,erc20,23382.0,0xe69dd8455010fd99a701dbeafa2bd07c60b060a19e0081c2172651d892f8bb74,1554565826,candidate_layering,AXIE,0xf5b0a3efb8e8e4c201e2a935f110eaaf3ffecb8d
0x1f4b10ffb832581ae5a975ed38eeac9f4e960bdf,0xa4e7918fb5f4a8c12f9513b193be1d764d5757dc,erc20,22623.0,0x3679275ccc68814b8b9205177b86d73980f334ce6e1ac3a09e10a8bdc9abeac5,1554566709,candidate_layering,AXIE,0xf5b0a3efb8e8e4c201e2a935f110eaaf3ffecb8d
0x1f4b10ffb832581ae5a975ed38eeac9f4e960bdf,0xa4e7918fb5f4a8c12f9513b193be1d764d5757dc,erc20,32349.0,0xc1aae9d8070b5c55549daf6fcac0fd8be517b3a739111755f1caa98872dc130b,1554566860,candidate_layering,AXIE,0xf5b0a3efb8e8e4c201e2a935f110eaaf3ffecb8d
0x1f4b10ffb832581ae5a975ed38eeac9f4e960bdf,0xa4e7918fb5f4a8c12f9513b193be1d764d5757dc,erc20,33580.0,0x1d164a926f156f44b8769cc7e0c8ff17a6d445f1d45ea38e273cd00e2522f1b6,1554566980,candidate_layering,AXIE,0xf5b0a3efb8e8e4c201e2a935f110eaaf3ffecb8d
0x1f4b10ffb832581ae5a975ed38eeac9f4e960bdf,0x56178a0d5f301baf6cf3e1cd53d9863437345bf9,erc20,15.0,0xbddf6fac4e224cf534c250a92221e2ef87109f3e1008bce59b22a1023f20b759,1555933240,candidate_layering,SAI,0x89d24a6b4ccb1b6faa2625fe562bdd9a23260359
0x1f4b10ffb832581ae5a975ed38eeac9f4e960bdf,0x25a58b6aa08e4f7323aa0c856f907d56f407e08f,erc20,0.9058760578744187,0x0922e25013a421210257459aaf4de15fcb844b465298ebd4a4a982380fe3a26a,1556156138,candidate_layering,SAI,0x89d24a6b4ccb1b6faa2625fe562bdd9a23260359
0x1f4b10ffb832581ae5a975ed38eeac9f4e960bdf,0xa6518bee322af13ba71c471b3527416ed08ad2a4,erc20,1.3,0xf0e9f70a648189c1aa251c80eb09e6db848e87d64221f591bd665e0307c1dbd9,1556202752,candidate_layering,SAI,0x89d24a6b4ccb1b6faa2625fe562bdd9a23260359
0x1f4b10ffb832581ae5a975ed38eeac9f4e960bdf,0xfda2a17aec9ce1f4e98a9c232b7e09ebc479b71e,erc20,7.5291475921255815,0x493fd7e0cb35931bb098e206ba30e3e653d1feb7f3d4dca546269f30568a4d75,1556470641,candidate_layering,SAI,0x89d24a6b4ccb1b6faa2625fe562bdd9a23260359
0x1f4b10ffb832581ae5a975ed38eeac9f4e960bdf,0x781901682d3e9341a6c195ee6fe58047a9235f07,erc20,1.0,0x91afae634095fc3c0994e1619da0212c4f3bfc0e65297a98c06f8cbae7ff2c79,1556483535,candidate_layering,SAI,0x89d24a6b4ccb1b6faa2625fe562bdd9a23260359
0x1f4b10ffb832581ae5a975ed38eeac9f4e960bdf,0xfda2a17aec9ce1f4e98a9c232b7e09ebc479b71e,erc20,11.682036162045,0x764ea370b5a073e5c21641ff8526c7def375f41c3122c8464cef52ae012c0208,1556484204,candidate_layering,SAI,0x89d24a6b4ccb1b6faa2625fe562bdd9a23260359
0x1f4b10ffb832581ae5a975ed38eeac9f4e960bdf,0x56178a0d5f301baf6cf3e1cd53d9863437345bf9,erc20,0.3179638379550011,0x07cc4eddfc5dce12fc388b57690340b3c7e7cf24d7bd953d4fc684d193942630,1556543546,candidate_layering,SAI,0x89d24a6b4ccb1b6faa2625fe562bdd9a23260359
0x1f4b10ffb832581ae5a975ed38eeac9f4e960bdf,0x56178a0d5f301baf6cf3e1cd53d9863437345bf9,erc20,199.99998794711084,0x530cce604465f856c07057ae971ab15cec469d38cef69c528d89aff7424477d4,1556744902,candidate_layering,SAI,0x89d24a6b4ccb1b6faa2625fe562bdd9a23260359
0x1f4b10ffb832581ae5a975ed38eeac9f4e960bdf,0xf4985070ce32b6b1994329df787d1acc9a2dd9e2,erc20,25788.0,0x89ea151095fea9134a588ff0a97934b68c9d6d2873f6e78d5ecd0280cecf11bc,1556816538,candidate_layering,AXIE,0xf5b0a3efb8e8e4c201e2a935f110eaaf3ffecb8d
0x1f4b10ffb832581ae5a975ed38eeac9f4e960bdf,0xfda2a17aec9ce1f4e98a9c232b7e09ebc479b71e,erc20,1.999996100388,0x59a3e862b5863e1b4897ac3acf4aecc697ffac8ae5282c42781e4e1a8a75c8d2,1557064713,candidate_layering,SAI,0x89d24a6b4ccb1b6faa2625fe562bdd9a23260359
0x1f4b10ffb832581ae5a975ed38eeac9f4e960bdf,0xf4985070ce32b6b1994329df787d1acc9a2dd9e2,erc20,25779.0,0xd5f6f1fbb7054441088707ee7b1fe0a9790727c3415b28f15f68992f1650c313,1557316689,candidate_layering,AXIE,0xf5b0a3efb8e8e4c201e2a935f110eaaf3ffecb8d
0x1f4b10ffb832581ae5a975ed38eeac9f4e960bdf,0xd5853cef02aa2d7ddd787ce812704947a748c755,erc20,17026.0,0x84dd692ae8734fcfa4607f0427e705cd1db2472b860e72b3e7d72a9868747f38,1557330056,candidate_layering,BC,0xd73be539d6b2076bab83ca6ba62dfe189abc6bbe
0x1f4b10ffb832581ae5a975ed38eeac9f4e960bdf,0xd5853cef02aa2d7ddd787ce812704947a748c755,erc20,27721.0,0x84dd692ae8734fcfa4607f0427e705cd1db2472b860e72b3e7d72a9868747f38,1557330056,candidate_layering,BC,0xd73be539d6b2076bab83ca6ba62dfe189abc6bbe
0x1f4b10ffb832581ae5a975ed38eeac9f4e960bdf,0xd5853cef02aa2d7ddd787ce812704947a748c755,erc20,35523.0,0x84dd692ae8734fcfa4607f0427e705cd1db2472b860e72b3e7d72a9868747f38,1557330056,candidate_layering,BC,0xd73be539d6b2076bab83ca6ba62dfe189abc6bbe
0x1f4b10ffb832581ae5a975ed38eeac9f4e960bdf,0xd5853cef02aa2d7ddd787ce812704947a748c755,erc20,41666.0,0x84dd692ae8734fcfa4607f0427e705cd1db2472b860e72b3e7d72a9868747f38,1557330056,candidate_layering,BC,0xd73be539d6b2076bab83ca6ba62dfe189abc6bbe
0x1f4b10ffb832581ae5a975ed38eeac9f4e960bdf,0xd5853cef02aa2d7ddd787ce812704947a748c755,erc20,42485.0,0x84dd692ae8734fcfa4607f0427e705cd1db2472b860e72b3e7d72a9868747f38,1557330056,candidate_layering,BC,0xd73be539d6b2076bab83ca6ba62dfe189abc6bbe
0x1f4b10ffb832581ae5a975ed38eeac9f4e960bdf,0xd5853cef02aa2d7ddd787ce812704947a748c755,erc20,49815.0,0x84dd692ae8734fcfa4607f0427e705cd1db2472b860e72b3e7d72a9868747f38,1557330056,candidate_layering,BC,0xd73be539d6b2076bab83ca6ba62dfe189abc6bbe
0x1f4b10ffb832581ae5a975ed38eeac9f4e960bdf,0xd5853cef02aa2d7ddd787ce812704947a748c755,erc20,49891.0,0x84dd692ae8734fcfa4607f0427e705cd1db2472b860e72b3e7d72a9868747f38,1557330056,candidate_layering,BC,0xd73be539d6b2076bab83ca6ba62dfe189abc6bbe
0x1f4b10ffb832581ae5a975ed38eeac9f4e960bdf,0xd5853cef02aa2d7ddd787ce812704947a748c755,erc20,49959.0,0x84dd692ae8734fcfa4607f0427e705cd1db2472b860e72b3e7d72a9868747f38,1557330056,candidate_layering,BC,0xd73be539d6b2076bab83ca6ba62dfe189abc6bbe
0x1f4b10ffb832581ae5a975ed38eeac9f4e960bdf,0xd5853cef02aa2d7ddd787ce812704947a748c755,erc20,49996.0,0x84dd692ae8734fcfa4607f0427e705cd1db2472b860e72b3e7d72a9868747f38,1557330056,candidate_layering,BC,0xd73be539d6b2076bab83ca6ba62dfe189abc6bbe
0x1f4b10ffb832581ae5a975ed38eeac9f4e960bdf,0xd5853cef02aa2d7ddd787ce812704947a748c755,erc20,53576.0,0x84dd692ae8734fcfa4607f0427e705cd1db2472b860e72b3e7d72a9868747f38,1557330056,candidate_layering,BC,0xd73be539d6b2076bab83ca6ba62dfe189abc6bbe
0x1f4b10ffb832581ae5a975ed38eeac9f4e960bdf,0xd5853cef02aa2d7ddd787ce812704947a748c755,erc20,59024.0,0x84dd692ae8734fcfa4607f0427e705cd1db2472b860e72b3e7d72a9868747f38,1557330056,candidate_layering,BC,0xd73be539d6b2076bab83ca6ba62dfe189abc6bbe
0x1f4b10ffb832581ae5a975ed38eeac9f4e960bdf,0xa4e7918fb5f4a8c12f9513b193be1d764d5757dc,erc20,25779.0,0x1592316f341896cb7dfd1b20473a16c66db546a23d27195698f11a7f64c922dd,1557707227,candidate_layering,AXIE,0xf5b0a3efb8e8e4c201e2a935f110eaaf3ffecb8d
0x1f4b10ffb832581ae5a975ed38eeac9f4e960bdf,0xe09eaafc1f1ad43e6f5f4a527d56dd59cddef6e2,erc20,10225.0,0xbb0f54fca008e6ad458efee24ab4408b76227f7cb55116bfaf481b982dadcdc3,1558028423,candidate_layering,AXIE,0xf5b0a3efb8e8e4c201e2a935f110eaaf3ffecb8d
0x1f4b10ffb832581ae5a975ed38eeac9f4e960bdf,0xe09eaafc1f1ad43e6f5f4a527d56dd59cddef6e2,erc20,10550.0,0xbb0f54fca008e6ad458efee24ab4408b76227f7cb55116bfaf481b982dadcdc3,1558028423,candidate_layering,AXIE,0xf5b0a3efb8e8e4c201e2a935f110eaaf3ffecb8d
0x1f4b10ffb832581ae5a975ed38eeac9f4e960bdf,0xe09eaafc1f1ad43e6f5f4a527d56dd59cddef6e2,erc20,11050.0,0xbb0f54fca008e6ad458efee24ab4408b76227f7cb55116bfaf481b982dadcdc3,1558028423,candidate_layering,AXIE,0xf5b0a3efb8e8e4c201e2a935f110eaaf3ffecb8d
0x1f4b10ffb832581ae5a975ed38eeac9f4e960bdf,0xe09eaafc1f1ad43e6f5f4a527d56dd59cddef6e2,erc20,11302.0,0xbb0f54fca008e6ad458efee24ab4408b76227f7cb55116bfaf481b982dadcdc3,1558028423,candidate_layering,AXIE,0xf5b0a3efb8e8e4c201e2a935f110eaaf3ffecb8d
0x1f4b10ffb832581ae5a975ed38eeac9f4e960bdf,0xe09eaafc1f1ad43e6f5f4a527d56dd59cddef6e2,erc20,11902.0,0xbb0f54fca008e6ad458efee24ab4408b76227f7cb55116bfaf481b982dadcdc3,1558028423,candidate_layering,AXIE,0xf5b0a3efb8e8e4c201e2a935f110eaaf3ffecb8d
0x1f4b10ffb832581ae5a975ed38eeac9f4e960bdf,0xe09eaafc1f1ad43e6f5f4a527d56dd59cddef6e2,erc20,12183.0,0xbb0f54fca008e6ad458efee24ab4408b76227f7cb55116bfaf481b982dadcdc3,1558028423,candidate_layering,AXIE,0xf5b0a3efb8e8e4c201e2a935f110eaaf3ffecb8d
0x1f4b10ffb832581ae5a975ed38eeac9f4e960bdf,0xe09eaafc1f1ad43e6f5f4a527d56dd59cddef6e2,erc20,12186.0,0xbb0f54fca008e6ad458efee24ab4408b76227f7cb55116bfaf481b982dadcdc3,1558028423,candidate_layering,AXIE,0xf5b0a3efb8e8e4c201e2a935f110eaaf3ffecb8d
0x1f4b10ffb832581ae5a975ed38eeac9f4e960bdf,0xe09eaafc1f1ad43e6f5f4a527d56dd59cddef6e2,erc20,12430.0,0xbb0f54fca008e6ad458efee24ab4408b76227f7cb55116bfaf481b982dadcdc3,1558028423,candidate_layering,AXIE,0xf5b0a3efb8e8e4c201e2a935f110eaaf3ffecb8d
0x1f4b10ffb832581ae5a975ed38eeac9f4e960bdf,0xe09eaafc1f1ad43e6f5f4a527d56dd59cddef6e2,erc20,12712.0,0xbb0f54fca008e6ad458efee24ab4408b76227f7cb55116bfaf481b982dadcdc3,1558028423,candidate_layering,AXIE,0xf5b0a3efb8e8e4c201e2a935f110eaaf3ffecb8d
0x1f4b10ffb832581ae5a975ed38eeac9f4e960bdf,0xe09eaafc1f1ad43e6f5f4a527d56dd59cddef6e2,erc20,12970.0,0xbb0f54fca008e6ad458efee24ab4408b76227f7cb55116bfaf481b982dadcdc3,1558028423,candidate_layering,AXIE,0xf5b0a3efb8e8e4c201e2a935f110eaaf3ffecb8d
0x1f4b10ffb832581ae5a975ed38eeac9f4e960bdf,0xe09eaafc1f1ad43e6f5f4a527d56dd59cddef6e2,erc20,13375.0,0xbb0f54fca008e6ad458efee24ab4408b76227f7cb55116bfaf481b982dadcdc3,1558028423,candidate_layering,AXIE,0xf5b0a3efb8e8e4c201e2a935f110eaaf3ffecb8d
0x1f4b10ffb832581ae5a975ed38eeac9f4e960bdf,0xe09eaafc1f1ad43e6f5f4a527d56dd59cddef6e2,erc20,13378.0,0xbb0f54fca008e6ad458efee24ab4408b76227f7cb55116bfaf481b982dadcdc3,1558028423,candidate_layering,AXIE,0xf5b0a3efb8e8e4c201e2a935f110eaaf3ffecb8d
0x1f4b10ffb832581ae5a975ed38eeac9f4e960bdf,0xe09eaafc1f1ad43e6f5f4a527d56dd59cddef6e2,erc20,13456.0,0xbb0f54fca008e6ad458efee24ab4408b76227f7cb55116bfaf481b982dadcdc3,1558028423,candidate_layering,AXIE,0xf5b0a3efb8e8e4c201e2a935f110eaaf3ffecb8d
0x1f4b10ffb832581ae5a975ed38eeac9f4e960bdf,0xe09eaafc1f1ad43e6f5f4a527d56dd59cddef6e2,erc20,14206.0,0xbb0f54fca008e6ad458efee24ab4408b76227f7cb55116bfaf481b982dadcdc3,1558028423,candidate_layering,AXIE,0xf5b0a3efb8e8e4c201e2a935f110eaaf3ffecb8d
0x1f4b10ffb832581ae5a975ed38eeac9f4e960bdf,0xe09eaafc1f1ad43e6f5f4a527d56dd59cddef6e2,erc20,14677.0,0xbb0f54fca008e6ad458efee24ab4408b76227f7cb55116bfaf481b982dadcdc3,1558028423,candidate_layering,AXIE,0xf5b0a3efb8e8e4c201e2a935f110eaaf3ffecb8d
0x1f4b10ffb832581ae5a975ed38eeac9f4e960bdf,0xe09eaafc1f1ad43e6f5f4a527d56dd59cddef6e2,erc20,15634.0,0xbb0f54fca008e6ad458efee24ab4408b76227f7cb55116bfaf481b982dadcdc3,1558028423,candidate_layering,AXIE,0xf5b0a3efb8e8e4c201e2a935f110eaaf3ffecb8d
0x1f4b10ffb832581ae5a975ed38eeac9f4e960bdf,0xe09eaafc1f1ad43e6f5f4a527d56dd59cddef6e2,erc20,15744.0,0xbb0f54fca008e6ad458efee24ab4408b76227f7cb55116bfaf481b982dadcdc3,1558028423,candidate_layering,AXIE,0xf5b0a3efb8e8e4c201e2a935f110eaaf3ffecb8d
0x1f4b10ffb832581ae5a975ed38eeac9f4e960bdf,0xe09eaafc1f1ad43e6f5f4a527d56dd59cddef6e2,erc20,16529.0,0xbb0f54fca008e6ad458efee24ab4408b76227f7cb55116bfaf481b982dadcdc3,1558028423,candidate_layering,AXIE,0xf5b0a3efb8e8e4c201e2a935f110eaaf3ffecb8d
0x1f4b10ffb832581ae5a975ed38eeac9f4e960bdf,0xe09eaafc1f1ad43e6f5f4a527d56dd59cddef6e2,erc20,16610.0,0xbb0f54fca008e6ad458efee24ab4408b76227f7cb55116bfaf481b982dadcdc3,1558028423,candidate_layering,AXIE,0xf5b0a3efb8e8e4c201e2a935f110eaaf3ffecb8d
0x1f4b10ffb832581ae5a975ed38eeac9f4e960bdf,0xe09eaafc1f1ad43e6f5f4a527d56dd59cddef6e2,erc20,16814.0,0xbb0f54fca008e6ad458efee24ab4408b76227f7cb55116bfaf481b982dadcdc3,1558028423,candidate_layering,AXIE,0xf5b0a3efb8e8e4c201e2a935f110eaaf3ffecb8d
0x1f4b10ffb832581ae5a975ed38eeac9f4e960bdf,0xe09eaafc1f1ad43e6f5f4a527d56dd59cddef6e2,erc20,18037.0,0xbb0f54fca008e6ad458efee24ab4408b76227f7cb55116bfaf481b982dadcdc3,1558028423,candidate_layering,AXIE,0xf5b0a3efb8e8e4c201e2a935f110eaaf3ffecb8d
0x1f4b10ffb832581ae5a975ed38eeac9f4e960bdf,0xe09eaafc1f1ad43e6f5f4a527d56dd59cddef6e2,erc20,18361.0,0xbb0f54fca008e6ad458efee24ab4408b76227f7cb55116bfaf481b982dadcdc3,1558028423,candidate_layering,AXIE,0xf5b0a3efb8e8e4c201e2a935f110eaaf3ffecb8d
0x1f4b10ffb832581ae5a975ed38eeac9f4e960bdf,0xe09eaafc1f1ad43e6f5f4a527d56dd59cddef6e2,erc20,18720.0,0xbb0f54fca008e6ad458efee24ab4408b76227f7cb55116bfaf481b982dadcdc3,1558028423,candidate_layering,AXIE,0xf5b0a3efb8e8e4c201e2a935f110eaaf3ffecb8d
0x1f4b10ffb832581ae5a975ed38eeac9f4e960bdf,0xe09eaafc1f1ad43e6f5f4a527d56dd59cddef6e2,erc20,19494.0,0xbb0f54fca008e6ad458efee24ab4408b76227f7cb55116bfaf481b982dadcdc3,1558028423,candidate_layering,AXIE,0xf5b0a3efb8e8e4c201e2a935f110eaaf3ffecb8d
0x1f4b10ffb832581ae5a975ed38eeac9f4e960bdf,0xe09eaafc1f1ad43e6f5f4a527d56dd59cddef6e2,erc20,25777.0,0xbb0f54fca008e6ad458efee24ab4408b76227f7cb55116bfaf481b982dadcdc3,1558028423,candidate_layering,AXIE,0xf5b0a3efb8e8e4c201e2a935f110eaaf3ffecb8d
