source,target,transaction_type,amount,hash,timeStamp,label,tokenSymbol,contractAddress
0x70dcf33ca09bd87bb2a301280331406ebd32c8a0,0x9eee6862b78fb6f9627d7d5a908d2114814fcecd,normal_eth,1.0,0x993a40af0703eeba27b3a2d1b4be98001ba9dc522cfbc2e7fc27744950b3ea2f,1639376455,candidate_layering,,
0x70dcf33ca09bd87bb2a301280331406ebd32c8a0,0x4301e682b1e32d6f1c38dab54c3c6a8116c7e5ea,normal_eth,1.4,0xe6c49c410ef6ab1247e960246e3a55d35b981734eeb42a4fcfdd7af8a109b871,1639984688,candidate_layering,,
0x70dcf33ca09bd87bb2a301280331406ebd32c8a0,0x73326b6764187b7176ed3c00109ddc1e6264eb8b,normal_eth,999.0,0x99d91a2f16413ade277d90830e14c64b86bc0dce41bc8b9e5630b6cca385743a,1640088896,candidate_layering,,
0x70dcf33ca09bd87bb2a301280331406ebd32c8a0,0x73326b6764187b7176ed3c00109ddc1e6264eb8b,normal_eth,900.0,0x6a3e069cd9110edeeed4503bfae310ecef9108a4e07e5ae751d0bc54e2560289,1640088935,candidate_layering,,
0x70dcf33ca09bd87bb2a301280331406ebd32c8a0,0x73326b6764187b7176ed3c00109ddc1e6264eb8b,normal_eth,560.0,0xf2ce1584cef3a166311328d417016d76ee76b0d626b15bf790f9d9537962a695,1645170467,candidate_layering,,
0x70dcf33ca09bd87bb2a301280331406ebd32c8a0,0x7bd938218d772483534d141df17272cb9d82b965,normal_eth,0.5,0x39123e48fba1ae0e3c56daebc0322ff6aaedaf3c88e609f92a86406d10acbeeb,1647221340,candidate_layering,,
0x70dcf33ca09bd87bb2a301280331406ebd32c8a0,0x73326b6764187b7176ed3c00109ddc1e6264eb8b,normal_eth,250.0,0xa52b488fa01bc311a5ded359ca373ccaebf1ac643b2157e5b347060ccb6f1a2d,1647238164,candidate_layering,,
0x70dcf33ca09bd87bb2a301280331406ebd32c8a0,0x73326b6764187b7176ed3c00109ddc1e6264eb8b,normal_eth,586.0,0xdfe5d6fcd85ed8090c6734c232215f3224efb2f2cf1125c91de7cca705dc720a,1648158784,candidate_layering,,
0x70dcf33ca09bd87bb2a301280331406ebd32c8a0,0x68b3465833fb72a70ecdf485e0e4c7bd8665fc45,normal_eth,13.0,0xcb2bbc4a1ee1f1fc6ce2dbfc01718406e2faad07827fa1aa78bdb274338c3b88,1648333047,candidate_layering,,
0x70dcf33ca09bd87bb2a301280331406ebd32c8a0,0x8cdd504ac64c4bd953cae55d7cefc9d756753f31,normal_eth,0.1,0x4d5d812f6ddfc2905185022f1dd1b1a159d4916a62899dd634614d84f9b7bf48,1649482578,candidate_layering,,
0x70dcf33ca09bd87bb2a301280331406ebd32c8a0,0x50a2e7060781e2849baa21377573db0d6f4b2d73,normal_eth,0.12,0xd1625d9ea33dda5484fadfe9d348f4152046f3bf30453adbdd1a3f321298d0bb,1649564223,candidate_layering,,
0x70dcf33ca09bd87bb2a301280331406ebd32c8a0,0x50a2e7060781e2849baa21377573db0d6f4b2d73,normal_eth,0.12,0xd76f2ef364bc36b75857038ffff93e3921d2bae40b9391580391adebc5a74dde,1649656284,candidate_layering,,
0x70dcf33ca09bd87bb2a301280331406ebd32c8a0,0x6201744528f11ff8cd5c697b4efc4285a41cb279,normal_eth,0.1,0x85bfd7d738411ebf5564b1f6d0ff77319e03de2e48f5b6ebd063765582f90d6f,1649835228,candidate_layering,,
0x70dcf33ca09bd87bb2a301280331406ebd32c8a0,0xae6ad38e2293c3e2bb5936edcbf005b135fb168a,normal_eth,0.11,0x29b080a2edcfe1f78e0ddac916c878c8a1b0a7094c9b753bd3fa58883b292631,1650495173,candidate_layering,,
0x70dcf33ca09bd87bb2a301280331406ebd32c8a0,0xcd8733f599c8c7c84fa7c13c4fc01b81c1e8d680,normal_eth,0.2,0xefc4fe303593333745d239f2d0de84b7155d5fc8f784d8ff2bcd5226dee7f052,1650650886,candidate_layering,,
0x70dcf33ca09bd87bb2a301280331406ebd32c8a0,0x64c67c945cf3ad574d157486ea2ae3fed8342f36,normal_eth,0.2,0x0ed96fd12eed689cc7f5bb31e1f40ae55345ba15a9ee60361c5a5535465558a2,1650651159,candidate_layering,,
0x70dcf33ca09bd87bb2a301280331406ebd32c8a0,0x35321c9c5ba98d4d85c0cf3084e246882a27a777,normal_eth,200.0,0x27ed4b71c637b0c878a639af5931f5de882df6de2de42d53c8447ed5b594fbba,1650654895,candidate_layering,,
0x70dcf33ca09bd87bb2a301280331406ebd32c8a0,0x1116010005eb3c232c9ecf4d5b64a5282c2cccbb,normal_eth,0.1,0x61e597fb48ce5a6300f494d529a76950055ab5cf7136e4cbed261f116d701619,1650660850,candidate_layering,,
0x70dcf33ca09bd87bb2a301280331406ebd32c8a0,0x6cae2b9178e976cd9dc2e1f8160996c48f4d6898,normal_eth,26.2,0x7ff00c04423092923205d6ddbc2827b888fe1cb5cb313a813b93159faf40c08a,1668647363,candidate_layering,,
0x70dcf33ca09bd87bb2a301280331406ebd32c8a0,0x6cae2b9178e976cd9dc2e1f8160996c48f4d6898,normal_eth,1.0,0x0b809b32fac1933e8f7ac5a39e23a72ace07fd452c880bcd99e028a2f793fc5e,1668660887,candidate_layering,,
0x70dcf33ca09bd87bb2a301280331406ebd32c8a0,0x220bda5c8994804ac96ebe4df184d25e5c2196d4,erc20,20000.0,0xae3e0a02ef71360b405b2b24e5966352a1f476dad88aae7a3def1cdffb6b126b,1639424717,candidate_layering,STAKE,0x0ae055097c6d159879521c384f1d2123d1f195e6
0x70dcf33ca09bd87bb2a301280331406ebd32c8a0,0xdef171fe48cf0115b1d80b88dc8eab59176fee57,erc20,1000000.0,0xbb88ac587568bd018840eebcd15be483f1a28348df5016b707d24fa9f26ee53e,1639436929,candidate_layering,FTM,0x4e15361fd6b4bb609fa63c81a2be19d873717870
0x70dcf33ca09bd87bb2a301280331406ebd32c8a0,0x220bda5c8994804ac96ebe4df184d25e5c2196d4,erc20,500000.0,0x9a0792b2c7607ac1971f8517a5c983619d3c95f858a9382aabd37b302d3a2860,1639437026,candidate_layering,WOO,0x4691937a7508860f876c9c0a2a617e7d9e945d4b
0x70dcf33ca09bd87bb2a301280331406ebd32c8a0,0x220bda5c8994804ac96ebe4df184d25e5c2196d4,erc20,4263110539.8437634,0x53352f33d6b5bea7d140efe6af03752cc919d66d69f00570001298458d49af54,1639437171,candidate_layering,SHIB,0x95ad61b0a150d79219dcf64e1e6cc01f0b64c4ce
0x70dcf33ca09bd87bb2a301280331406ebd32c8a0,0x22f9dcf4647084d6c31b2765f6910cd85c178c18,erc20,1733.9579686567306,0xb7136c9c1836cbc13eca85d7225e2ccdd9a2719f5a54662d2d65a4ccb426c38b,1639437275,candidate_layering,STAKE,0x0ae055097c6d159879521c384f1d2123d1f195e6
0x70dcf33ca09bd87bb2a301280331406ebd32c8a0,0x220bda5c8994804ac96ebe4df184d25e5c2196d4,erc20,10000.0,0x342bc214b114f6074b26839150e49861d7abaef2d53569656309cb6e12d6cc2a,1639437476,candidate_layering,STAKE,0x0ae055097c6d159879521c384f1d2123d1f195e6
0x70dcf33ca09bd87bb2a301280331406ebd32c8a0,0xdef171fe48cf0115b1d80b88dc8eab59176fee57,erc20,17994.278003644937,0x10b8ca1e809b9b93ce33cb2be1cf82f442e1e5f9d565701dfbb2364f098763a2,1639437548,candidate_layering,LINK,0x514910771af9ca656af840dff83e8264ecf986ca
0x70dcf33ca09bd87bb2a301280331406ebd32c8a0,0x22f9dcf4647084d6c31b2765f6910cd85c178c18,erc20,99999.99999999999,0xc8b85b9b66ef1b69cc0364c1a81431f19513372f7f4643e8f7dedc1372166ba7,1639438921,candidate_layering,BAT,0x0d8775f648430679a709e98d2b0cb6250d2887ef
0x70dcf33ca09bd87bb2a301280331406ebd32c8a0,0xdef171fe48cf0115b1d80b88dc8eab59176fee57,erc20,122645.33279540074,0x48318da2c992b37a4e6cf876e34830fb4799824859b95ec64a1fbfff16ec62b0,1639438987,candidate_layering,1INCH,0x111111111117dc0aa78b770fa6a738034120c302
0x70dcf33ca09bd87bb2a301280331406ebd32c8a0,0xdef171fe48cf0115b1d80b88dc8eab59176fee57,erc20,15000.0,0xe3cde77b9b81fb0098fe140b17dfc5b17b965269e4447fee0e56f954d4208f29,1639439102,candidate_layering,UNI,0x1f9840a85d5af5bf1d1762f925bdaddc4201f984
0x70dcf33ca09bd87bb2a301280331406ebd32c8a0,0x220bda5c8994804ac96ebe4df184d25e5c2196d4,erc20,1000000.0,0x73313c24565ef6692fa8ce088be4f1bafbea94950dcb238fdb1f8d6f8decfa4f,1639439148,candidate_layering,OM,0x3593d125a4f7849a1b059e64f4517a86dd60c95d
0x70dcf33ca09bd87bb2a301280331406ebd32c8a0,0x220bda5c8994804ac96ebe4df184d25e5c2196d4,erc20,99999.99999999999,0x9999c683805311ce9f95b3b6bbbb1662a100dd6f6c506744af46b6a59412e885,1639439216,candidate_layering,WOO,0x4691937a7508860f876c9c0a2a617e7d9e945d4b
0x70dcf33ca09bd87bb2a301280331406ebd32c8a0,0x220bda5c8994804ac96ebe4df184d25e5c2196d4,erc20,162161.20992,0x26421050ebab6e8ca749dbba4282d8852221183fad3e93a2d380ce7980a37e50,1639439216,candidate_layering,SRM,0x476c5e26a75bd202a9683ffd34359c0cc15be0ff
0x70dcf33ca09bd87bb2a301280331406ebd32c8a0,0x220bda5c8994804ac96ebe4df184d25e5c2196d4,erc20,399999.99999999994,0x25974f1c94ffe499fbad6d719a1f78d142eb7ffe1eea3a40f221c30dd1238014,1639439286,candidate_layering,FTM,0x4e15361fd6b4bb609fa63c81a2be19d873717870
0x70dcf33ca09bd87bb2a301280331406ebd32c8a0,0x220bda5c8994804ac96ebe4df184d25e5c2196d4,erc20,12958.451369915054,0x7bfb5592e9b1428fc400863b25917e6e0963e0749db8067fa009a68fbcd782f4,1639439354,candidate_layering,FTX Token,0x50d1c9771902476076ecfc8b2a83ad6b9355a4c9
0x70dcf33ca09bd87bb2a301280331406ebd32c8a0,0xdef171fe48cf0115b1d80b88dc8eab59176fee57,erc20,1000000.0,0x16dfbcdd429e57a5635e1d0b5933a92f076e95417a8c91b1a486a4b28ed7f5fa,1639439428,candidate_layering,REVV,0x557b933a7c2c45672b610f8954a3deb39a51a8ca
0x70dcf33ca09bd87bb2a301280331406ebd32c8a0,0x220bda5c8994804ac96ebe4df184d25e5c2196d4,erc20,836905.8686879,0xcf4be1351b87593d24ef2d0554259fffd7aed95f3ba92911f5764414abb51bec,1639439517,candidate_layering,CRO,0xa0b73e1ff0b80914ab6fe0444e65848c4c34450b
0x70dcf33ca09bd87bb2a301280331406ebd32c8a0,0x220bda5c8994804ac96ebe4df184d25e5c2196d4,erc20,120000.0,0xc0473dc0f231541343ccf82386f60f0372eef9a36f3a14c6027b2f026d7347f7,1639439693,candidate_layering,BAT,0x0d8775f648430679a709e98d2b0cb6250d2887ef
0x70dcf33ca09bd87bb2a301280331406ebd32c8a0,0x220bda5c8994804ac96ebe4df184d25e5c2196d4,erc20,500000.0,0x37c6918908d684a94d6d1a6d696dc8678014ce71ccdcfeb17fa4b3999a3dc650,1639439891,candidate_layering,WOO,0x4691937a7508860f876c9c0a2a617e7d9e945d4b
0x70dcf33ca09bd87bb2a301280331406ebd32c8a0,0xdef171fe48cf0115b1d80b88dc8eab59176fee57,erc20,367168.50492065074,0x622fbea7507ae66d232f86765013554c7a6175f833e7100f25b6c3aea3f80061,1639439928,candidate_layering,FTM,0x4e15361fd6b4bb609fa63c81a2be19d873717870
0x70dcf33ca09bd87bb2a301280331406ebd32c8a0,0x220bda5c8994804ac96ebe4df184d25e5c2196d4,erc20,160000.0,0xd8817c2dfd336c96e820234ab962bca09f52c0d03bdbe74ea5dccd3c6438d8f1,1639440072,candidate_layering,UFT,0x0202be363b8a4820f3f4de7faf5224ff05943ab1
0x70dcf33ca09bd87bb2a301280331406ebd32c8a0,0x22f9dcf4647084d6c31b2765f6910cd85c178c18,erc20,5600.0,0xb961950d5b78615735b944f656817bc981ae4c35740d4c9ce6e162203c895bd9,1639440198,candidate_layering,STAKE,0x0ae055097c6d159879521c384f1d2123d1f195e6
0x70dcf33ca09bd87bb2a301280331406ebd32c8a0,0x22f9dcf4647084d6c31b2765f6910cd85c178c18,erc20,12210.0,0x396653ca3a71c529274bf92ab032ccb73a972d9efb639d6add8de49af3ce1770,1639440285,candidate_layering,UNI,0x1f9840a85d5af5bf1d1762f925bdaddc4201f984
0x70dcf33ca09bd87bb2a301280331406ebd32c8a0,0x220bda5c8994804ac96ebe4df184d25e5c2196d4,erc20,199999.99999999997,0x214df8ce8aa43e6b19eb3ac28a6c4dadd9133fdce593efca50752eea9b9cfa99,1639440447,candidate_layering,WOO,0x4691937a7508860f876c9c0a2a617e7d9e945d4b
0x70dcf33ca09bd87bb2a301280331406ebd32c8a0,0x220bda5c8994804ac96ebe4df184d25e5c2196d4,erc20,40000.0,0x32f436b0701e45c0a9a7c1576bd5105c561f41d5e2744759c29d924e0509ae29,1639440858,candidate_layering,REVV,0x557b933a7c2c45672b610f8954a3deb39a51a8ca
0x70dcf33ca09bd87bb2a301280331406ebd32c8a0,0xdef171fe48cf0115b1d80b88dc8eab59176fee57,erc20,32960.0,0x5dbe7f7861edcff6e53498e3552324495e0b73ad78ea70cccf8f9c698959519a,1639441061,candidate_layering,MATIC,0x7d1afa7b718fb893db30a3abc0cfc608aacfebb0
0x70dcf33ca09bd87bb2a301280331406ebd32c8a0,0x220bda5c8994804ac96ebe4df184d25e5c2196d4,erc20,199999.99999999997,0xedff22e2bc468963effb8a5bc47d65421efbae5803c785ff6bf972bd64e76893,1639441598,candidate_layering,WOO,0x4691937a7508860f876c9c0a2a617e7d9e945d4b
0x70dcf33ca09bd87bb2a301280331406ebd32c8a0,0xdef171fe48cf0115b1d80b88dc8eab59176fee57,erc20,99999.99999999999,0x6067a4d6caba62cc640448ce35e76867da95b799c78be10690811f9e42f025b4,1639441732,candidate_layering,MATIC,0x7d1afa7b718fb893db30a3abc0cfc608aacfebb0
0x70dcf33ca09bd87bb2a301280331406ebd32c8a0,0xb3a9e205bc35260f784e2328f3665f2ee8929bb4,erc20,100000.0,0x5e1cc17028349250d84d23f6424b57072dc6901c39b2b611fa0bf75534ec8ebd,1639973222,candidate_layering,ORN,0x0258f474786ddfd37abce6df6bbb1dd5dfc4434a
0x70dcf33ca09bd87bb2a301280331406ebd32c8a0,0xb3a9e205bc35260f784e2328f3665f2ee8929bb4,erc20,140000.0,0x10f0f53b4a09845dbb1bad9e05757c97331fb3fb430aaac1aca3f0868e5f1151,1639974445,candidate_layering,ORN,0x0258f474786ddfd37abce6df6bbb1dd5dfc4434a
0x70dcf33ca09bd87bb2a301280331406ebd32c8a0,0xb3a9e205bc35260f784e2328f3665f2ee8929bb4,erc20,54219.31755102,0xe3ec918d7f57ffcd4dc92b98381c4b46ec740be2de62caebfdf1d43115b3a03e,1639976340,candidate_layering,ORN,0x0258f474786ddfd37abce6df6bbb1dd5dfc4434a
0x70dcf33ca09bd87bb2a301280331406ebd32c8a0,0xb3a9e205bc35260f784e2328f3665f2ee8929bb4,erc20,5000000.0,0xb53ba2ee608c5a74c8377da3e2239e85040bf6f3f9c720b36594683cd9b9cb68,1639977542,candidate_layering,LINA,0x3e9bc21c9b189c09df3ef1b824798658d5011937
0x70dcf33ca09bd87bb2a301280331406ebd32c8a0,0xb3a9e205bc35260f784e2328f3665f2ee8929bb4,erc20,571683.651172,0xdfdf9a0b959f45b1c61dcb181a4eabd57ed20271e2ecd41c99bf6708d5907b5c,1639977931,candidate_layering,CHR,0x8a2279d4a90b6fe1c4b30fa660cc9f926797baa2
0x70dcf33ca09bd87bb2a301280331406ebd32c8a0,0x4301e682b1e32d6f1c38dab54c3c6a8116c7e5ea,erc20,10000.0,0x2d5788143e1ebf79a6cecfb71e329d37020df49df9c305b3b0d22d962e2f343b,1639984735,candidate_layering,CPOOL,0x66761fa41377003622aee3c7675fc7b5c1c2fac5
0x70dcf33ca09bd87bb2a301280331406ebd32c8a0,0x4301e682b1e32d6f1c38dab54c3c6a8116c7e5ea,erc20,1000000.0,0x67e6af4647b9344a1bafae1d44b543082a27dbfecda052ed57d6ef9a26890f41,1639984881,candidate_layering,CPOOL,0x66761fa41377003622aee3c7675fc7b5c1c2fac5
0x70dcf33ca09bd87bb2a301280331406ebd32c8a0,0xdef171fe48cf0115b1d80b88dc8eab59176fee57,erc20,99999.99999999999,0xe55b9c5ff4b4ce16de0f504e080beb2518884e063b8610813a3d43eb2d17aff9,1639986728,candidate_layering,WOO,0x4691937a7508860f876c9c0a2a617e7d9e945d4b
0x70dcf33ca09bd87bb2a301280331406ebd32c8a0,0x74de5d4fcbf63e00296fd95d33236b9794016631,erc20,83260.60363271507,0x50912c2dc32e7e8cddb67f554f0e6de7e717f6a5c8c84224021c9c099e5104a4,1639986969,candidate_layering,WOO,0x4691937a7508860f876c9c0a2a617e7d9e945d4b
0x70dcf33ca09bd87bb2a301280331406ebd32c8a0,0x74de5d4fcbf63e00296fd95d33236b9794016631,erc20,399999.99999999994,0x5188609ea2eea68dcd20830e81d7ac23181006b3fe69befb44ea7fb0d2a70f20,1645134728,candidate_layering,RFuel,0xaf9f549774ecedbd0966c52f250acc548d3f36e5
0x70dcf33ca09bd87bb2a301280331406ebd32c8a0,0x74de5d4fcbf63e00296fd95d33236b9794016631,erc20,399999.99999999994,0xea42fb33c23d281cdc3806ea1e1ed5a797340033e07c478558d7449fe4e8e8ca,1645135224,candidate_layering,RFuel,0xaf9f549774ecedbd0966c52f250acc548d3f36e5
0x70dcf33ca09bd87bb2a301280331406ebd32c8a0,0x74de5d4fcbf63e00296fd95d33236b9794016631,erc20,10000.0,0xbdfaf326d4605f43f517271e6a6fd409a8e5aa07b663e78dadac44e458df7b74,1645135827,candidate_layering,PLOT,0x72f020f8f3e8fd9382705723cd26380f8d0c66bb
0x70dcf33ca09bd87bb2a301280331406ebd32c8a0,0x74de5d4fcbf63e00296fd95d33236b9794016631,erc20,399999.99999999994,0x647a2867ecc77ea4f7da3ea75d4029415383272aa1e181a6dbb9551b6b0312db,1645136249,candidate_layering,RFuel,0xaf9f549774ecedbd0966c52f250acc548d3f36e5
0x70dcf33ca09bd87bb2a301280331406ebd32c8a0,0x74de5d4fcbf63e00296fd95d33236b9794016631,erc20,99999.99999999999,0x57f4433f671e3a4e80a49464dc74210d59efd417cf71ee7e03b5b14759fa0c56,1645136296,candidate_layering,PLOT,0x72f020f8f3e8fd9382705723cd26380f8d0c66bb
0x70dcf33ca09bd87bb2a301280331406ebd32c8a0,0x74de5d4fcbf63e00296fd95d33236b9794016631,erc20,399999.99999999994,0xca0dc2fe62bb75f652729aef6a593e0ac99e15b1ee5f4bad79132b45155dc529,1645136590,candidate_layering,RFuel,0xaf9f549774ecedbd0966c52f250acc548d3f36e5
0x70dcf33ca09bd87bb2a301280331406ebd32c8a0,0xe13cf2d5d235aa25b489f55e4a940f8715d8d5ae,erc20,99999.99999999999,0x9846a12dc54b6487d6d73f5393c7d1f5872ce07456b00dfb0c8b788d0a0fc9f0,1645138363,candidate_layering,PLOT,0x72f020f8f3e8fd9382705723cd26380f8d0c66bb
0x70dcf33ca09bd87bb2a301280331406ebd32c8a0,0xe13cf2d5d235aa25b489f55e4a940f8715d8d5ae,erc20,99999.99999999999,0xc00d2aabd8b717135f06779dafd74dae9c9a5a7d70fa451ec94b4d7f61216eeb,1645138460,candidate_layering,PLOT,0x72f020f8f3e8fd9382705723cd26380f8d0c66bb
0x70dcf33ca09bd87bb2a301280331406ebd32c8a0,0xe13cf2d5d235aa25b489f55e4a940f8715d8d5ae,erc20,80000.0,0x80c8f84f64700736e11df349ad4d0b38e9b500de9dbeaa5ee351fd7a5377c0ef,1645138761,candidate_layering,PLOT,0x72f020f8f3e8fd9382705723cd26380f8d0c66bb
0x70dcf33ca09bd87bb2a301280331406ebd32c8a0,0x9db640e18390d2408c71e9927d8518c79d5569c6,erc20,10000.0,0x042de90bd086d356d0b656eac3e6029cccd8212631cb60179e79d4a899772b6d,1645138982,candidate_layering,PLOT,0x72f020f8f3e8fd9382705723cd26380f8d0c66bb
0x70dcf33ca09bd87bb2a301280331406ebd32c8a0,0xe13cf2d5d235aa25b489f55e4a940f8715d8d5ae,erc20,90000.0,0x042de90bd086d356d0b656eac3e6029cccd8212631cb60179e79d4a899772b6d,1645138982,candidate_layering,PLOT,0x72f020f8f3e8fd9382705723cd26380f8d0c66bb
0x70dcf33ca09bd87bb2a301280331406ebd32c8a0,0xe13cf2d5d235aa25b489f55e4a940f8715d8d5ae,erc20,80000.0,0x0e7ad32d6a26b8c68a75bace29ad42edfa1469d3e5c0a9613f5f58ef0316722d,1645139361,candidate_layering,PLOT,0x72f020f8f3e8fd9382705723cd26380f8d0c66bb
0x70dcf33ca09bd87bb2a301280331406ebd32c8a0,0xe13cf2d5d235aa25b489f55e4a940f8715d8d5ae,erc20,70000.0,0x5f07d2b8f2761e4aafff1d4f723ba2ab823f0fcf6902a0f423e36df74f7e1c5c,1645139557,candidate_layering,PLOT,0x72f020f8f3e8fd9382705723cd26380f8d0c66bb
0x70dcf33ca09bd87bb2a301280331406ebd32c8a0,0xe13cf2d5d235aa25b489f55e4a940f8715d8d5ae,erc20,49999.99999999999,0xa885b992d68d1689527b54717f5625b943702c214448b1f58331242cd9d086dd,1645139658,candidate_layering,PLOT,0x72f020f8f3e8fd9382705723cd26380f8d0c66bb
0x70dcf33ca09bd87bb2a301280331406ebd32c8a0,0xe13cf2d5d235aa25b489f55e4a940f8715d8d5ae,erc20,70000.0,0x3b19ea30100e567083ce6c56d1250aa08f5b0d3f61d9e2cf9aaba10e11c305eb,1645139910,candidate_layering,PLOT,0x72f020f8f3e8fd9382705723cd26380f8d0c66bb
0x70dcf33ca09bd87bb2a301280331406ebd32c8a0,0xe13cf2d5d235aa25b489f55e4a940f8715d8d5ae,erc20,70000.0,0x93332fe806089a8ff92604af5bb5d5cefb399400f68e6151914e8cf89c9bc043,1645140027,candidate_layering,PLOT,0x72f020f8f3e8fd9382705723cd26380f8d0c66bb
0x70dcf33ca09bd87bb2a301280331406ebd32c8a0,0xe13cf2d5d235aa25b489f55e4a940f8715d8d5ae,erc20,70000.0,0x0f9edfd678c1a7f518d66feba328c73d7b0acdb2345b3047878eaae846034907,1645140212,candidate_layering,PLOT,0x72f020f8f3e8fd9382705723cd26380f8d0c66bb
0x70dcf33ca09bd87bb2a301280331406ebd32c8a0,0xe13cf2d5d235aa25b489f55e4a940f8715d8d5ae,erc20,80000.0,0xb9d218b646bd877a2ac0bb2f2d0b8481e7d4a69c4adfe2e9e2128ef274208f92,1645142353,candidate_layering,PLOT,0x72f020f8f3e8fd9382705723cd26380f8d0c66bb
0x70dcf33ca09bd87bb2a301280331406ebd32c8a0,0xe13cf2d5d235aa25b489f55e4a940f8715d8d5ae,erc20,80000.0,0xfe9579f373a2e66cb1ad354d18564c51326916047d765ddb51f4c635916cb2ff,1645142374,candidate_layering,PLOT,0x72f020f8f3e8fd9382705723cd26380f8d0c66bb
0x70dcf33ca09bd87bb2a301280331406ebd32c8a0,0xe13cf2d5d235aa25b489f55e4a940f8715d8d5ae,erc20,80000.0,0x83e2fb15048f147f4190279336bbebf9b5c70e2b0ae3976648ce183fc9b38d13,1645142444,candidate_layering,PLOT,0x72f020f8f3e8fd9382705723cd26380f8d0c66bb
0x70dcf33ca09bd87bb2a301280331406ebd32c8a0,0xe13cf2d5d235aa25b489f55e4a940f8715d8d5ae,erc20,80000.0,0xa6066cc3cb1ca3f27afbd30a46f2267860f8e3a5b256fe520156eb120ba1dcfb,1645142498,candidate_layering,PLOT,0x72f020f8f3e8fd9382705723cd26380f8d0c66bb
0x70dcf33ca09bd87bb2a301280331406ebd32c8a0,0xe13cf2d5d235aa25b489f55e4a940f8715d8d5ae,erc20,80000.0,0x0db0be3936b8cfad54fd871e4b1af1af44ac1f99dc754695b1e49301d3dfb00f,1645142577,candidate_layering,PLOT,0x72f020f8f3e8fd9382705723cd26380f8d0c66bb
0x70dcf33ca09bd87bb2a301280331406ebd32c8a0,0x05f21e62952566cefb77f5153ec6b83c14fb6b1d,erc20,250000.0,0x8a92836c8c9df7c8076449141519be746302051b31c6e2159cb9f61940e637bc,1645142811,candidate_layering,RFuel,0xaf9f549774ecedbd0966c52f250acc548d3f36e5
0x70dcf33ca09bd87bb2a301280331406ebd32c8a0,0x74de5d4fcbf63e00296fd95d33236b9794016631,erc20,10000.0,0xbc7670392780c4d547ddb55361a537b8451220216a805e5debaea2e65918dff6,1645143384,candidate_layering,HT,0x6f259637dcd74c767781e37bc6133cd6a68aa161
0x70dcf33ca09bd87bb2a301280331406ebd32c8a0,0x92cc4300b9fd36242900bca782b2e9e000bd5099,erc20,1500.0,0x5da8ca47a68ff698a26cbc6c77d248f3022e0f0a252a03ce746026feba6ca764,1645144268,candidate_layering,ROUTE,0x16eccfdbb4ee1a85a33f3a9b21175cd7ae753db4
0x70dcf33ca09bd87bb2a301280331406ebd32c8a0,0x819de42d3ab832eaf7111a222a8a5a7419f13b48,erc20,500.0,0x5da8ca47a68ff698a26cbc6c77d248f3022e0f0a252a03ce746026feba6ca764,1645144268,candidate_layering,ROUTE,0x16eccfdbb4ee1a85a33f3a9b21175cd7ae753db4
0x70dcf33ca09bd87bb2a301280331406ebd32c8a0,0x74de5d4fcbf63e00296fd95d33236b9794016631,erc20,10000.0,0xd7ef502c2d899b76983c1c401f031407e9f9872a490b8995dd8c411a0ae84f28,1645144294,candidate_layering,HT,0x6f259637dcd74c767781e37bc6133cd6a68aa161
0x70dcf33ca09bd87bb2a301280331406ebd32c8a0,0x92cc4300b9fd36242900bca782b2e9e000bd5099,erc20,1500.0,0x3cf8d8d1efbdad61fc0157f2134ccfb4b83a954d9824cb34f0f95dac3105a058,1645145150,candidate_layering,ROUTE,0x16eccfdbb4ee1a85a33f3a9b21175cd7ae753db4
0x70dcf33ca09bd87bb2a301280331406ebd32c8a0,0x819de42d3ab832eaf7111a222a8a5a7419f13b48,erc20,500.0,0x3cf8d8d1efbdad61fc0157f2134ccfb4b83a954d9824cb34f0f95dac3105a058,1645145150,candidate_layering,ROUTE,0x16eccfdbb4ee1a85a33f3a9b21175cd7ae753db4
0x70dcf33ca09bd87bb2a301280331406ebd32c8a0,0x74de5d4fcbf63e00296fd95d33236b9794016631,erc20,10000.0,0xdfdcb326c276fc3c8bea383d18f3bf0a4e34f15740fcfa5e5d88cb110d313977,1645145294,candidate_layering,HT,0x6f259637dcd74c767781e37bc6133cd6a68aa161
0x70dcf33ca09bd87bb2a301280331406ebd32c8a0,0x92cc4300b9fd36242900bca782b2e9e000bd5099,erc20,1875.0,0xed021e6f0b3f8a753b11b78f96bc90e5a85f2d3ae71905d8bbad5581cc9d7d39,1645145631,candidate_layering,ROUTE,0x16eccfdbb4ee1a85a33f3a9b21175cd7ae753db4
0x70dcf33ca09bd87bb2a301280331406ebd32c8a0,0x819de42d3ab832eaf7111a222a8a5a7419f13b48,erc20,625.0,0xed021e6f0b3f8a753b11b78f96bc90e5a85f2d3ae71905d8bbad5581cc9d7d39,1645145631,candidate_layering,ROUTE,0x16eccfdbb4ee1a85a33f3a9b21175cd7ae753db4
0x70dcf33ca09bd87bb2a301280331406ebd32c8a0,0x92cc4300b9fd36242900bca782b2e9e000bd5099,erc20,1875.0,0x11c9e5023784b228444475922d5a8f0990321aabc9cc4e3ec1a6a621b813ff95,1645145730,candidate_layering,ROUTE,0x16eccfdbb4ee1a85a33f3a9b21175cd7ae753db4
0x70dcf33ca09bd87bb2a301280331406ebd32c8a0,0x819de42d3ab832eaf7111a222a8a5a7419f13b48,erc20,625.0,0x11c9e5023784b228444475922d5a8f0990321aabc9cc4e3ec1a6a621b813ff95,1645145730,candidate_layering,ROUTE,0x16eccfdbb4ee1a85a33f3a9b21175cd7ae753db4
0x70dcf33ca09bd87bb2a301280331406ebd32c8a0,0x74de5d4fcbf63e00296fd95d33236b9794016631,erc20,10000.0,0x9af1a6b911007363e49478d77c587c9c5ea851e61776e54edac203b81899656a,1645146357,candidate_layering,HT,0x6f259637dcd74c767781e37bc6133cd6a68aa161
0x70dcf33ca09bd87bb2a301280331406ebd32c8a0,0x92cc4300b9fd36242900bca782b2e9e000bd5099,erc20,1600.0,0x91b1e9fe87a1501793710a3803471dcdbe1477899eb0cb35ce6b1d7d20145e95,1645146482,candidate_layering,ROUTE,0x16eccfdbb4ee1a85a33f3a9b21175cd7ae753db4
0x70dcf33ca09bd87bb2a301280331406ebd32c8a0,0x819de42d3ab832eaf7111a222a8a5a7419f13b48,erc20,400.0,0x91b1e9fe87a1501793710a3803471dcdbe1477899eb0cb35ce6b1d7d20145e95,1645146482,candidate_layering,ROUTE,0x16eccfdbb4ee1a85a33f3a9b21175cd7ae753db4
0x70dcf33ca09bd87bb2a301280331406ebd32c8a0,0x92cc4300b9fd36242900bca782b2e9e000bd5099,erc20,1600.0,0xb6d4db9077d18483108783a5191b026b3633c8d521909d79a4bd77afde3f34e0,1645146557,candidate_layering,ROUTE,0x16eccfdbb4ee1a85a33f3a9b21175cd7ae753db4
0x70dcf33ca09bd87bb2a301280331406ebd32c8a0,0x819de42d3ab832eaf7111a222a8a5a7419f13b48,erc20,400.0,0xb6d4db9077d18483108783a5191b026b3633c8d521909d79a4bd77afde3f34e0,1645146557,candidate_layering,ROUTE,0x16eccfdbb4ee1a85a33f3a9b21175cd7ae753db4
0x70dcf33ca09bd87bb2a301280331406ebd32c8a0,0x92cc4300b9fd36242900bca782b2e9e000bd5099,erc20,1500.0,0x4779f5c9117ca9d4030c16fcfd0bd292f495ba19af9b1358fd5f67c8938365e5,1645146686,candidate_layering,ROUTE,0x16eccfdbb4ee1a85a33f3a9b21175cd7ae753db4
0x70dcf33ca09bd87bb2a301280331406ebd32c8a0,0x74de5d4fcbf63e00296fd95d33236b9794016631,erc20,10000.0,0x296bf7b6c2d3f2e69f0495d4c39e300ac71f75d94a88831a8df7d097354e60b0,1645147042,candidate_layering,HT,0x6f259637dcd74c767781e37bc6133cd6a68aa161
0x70dcf33ca09bd87bb2a301280331406ebd32c8a0,0x92cc4300b9fd36242900bca782b2e9e000bd5099,erc20,1500.0,0xd61e87259f05db20fdd090142bb2aea936169720c86b50143c40f04069fb26a9,1645147156,candidate_layering,ROUTE,0x16eccfdbb4ee1a85a33f3a9b21175cd7ae753db4
0x70dcf33ca09bd87bb2a301280331406ebd32c8a0,0x92cc4300b9fd36242900bca782b2e9e000bd5099,erc20,1500.0,0x287d7a4d00f97eaca50723df9715644c71b0c23a85a99b8392b1e666e647c485,1645147294,candidate_layering,ROUTE,0x16eccfdbb4ee1a85a33f3a9b21175cd7ae753db4
0x70dcf33ca09bd87bb2a301280331406ebd32c8a0,0x74de5d4fcbf63e00296fd95d33236b9794016631,erc20,8268.212555057464,0x3baf28c520624c2067d8933081ddbb8578359a0b0d825d508b61422a0f05d00c,1645147566,candidate_layering,HT,0x6f259637dcd74c767781e37bc6133cd6a68aa161
0x70dcf33ca09bd87bb2a301280331406ebd32c8a0,0x92cc4300b9fd36242900bca782b2e9e000bd5099,erc20,1500.0,0xb9b048581a93ee2b5d6e1d1107e8107f3c1050535e6eeb07cb1e7d94c9646661,1645147868,candidate_layering,ROUTE,0x16eccfdbb4ee1a85a33f3a9b21175cd7ae753db4
0x70dcf33ca09bd87bb2a301280331406ebd32c8a0,0x74de5d4fcbf63e00296fd95d33236b9794016631,erc20,196643.09860509227,0xceef9b867b98d39544c33cbb2d0be277a52b256951d2740455700e1128381169,1645148047,candidate_layering,MATIC,0x7d1afa7b718fb893db30a3abc0cfc608aacfebb0
0x70dcf33ca09bd87bb2a301280331406ebd32c8a0,0x724d5c9c618a2152e99a45649a3b8cf198321f46,erc20,44000.0,0x76f3bb64f4f4ec02e17681f8c635e1955e6333639d406c3677f4c0d022477971,1645149588,candidate_layering,REVV,0x557b933a7c2c45672b610f8954a3deb39a51a8ca
0x70dcf33ca09bd87bb2a301280331406ebd32c8a0,0x3125e45d5665e98a08388a7df051a728b647eaae,erc20,36000.0,0x76f3bb64f4f4ec02e17681f8c635e1955e6333639d406c3677f4c0d022477971,1645149588,candidate_layering,REVV,0x557b933a7c2c45672b610f8954a3deb39a51a8ca
0x70dcf33ca09bd87bb2a301280331406ebd32c8a0,0x724d5c9c618a2152e99a45649a3b8cf198321f46,erc20,60000.0,0x5ef0ef9c89543532ea158f3b20409fc10fca1965ab9698dc83ba0eb83b93cdae,1645149797,candidate_layering,REVV,0x557b933a7c2c45672b610f8954a3deb39a51a8ca
0x70dcf33ca09bd87bb2a301280331406ebd32c8a0,0x3125e45d5665e98a08388a7df051a728b647eaae,erc20,40000.0,0x5ef0ef9c89543532ea158f3b20409fc10fca1965ab9698dc83ba0eb83b93cdae,1645149797,candidate_layering,REVV,0x557b933a7c2c45672b610f8954a3deb39a51a8ca
0x70dcf33ca09bd87bb2a301280331406ebd32c8a0,0x724d5c9c618a2152e99a45649a3b8cf198321f46,erc20,80000.0,0x26a40322f2d3f758a6eda7ada81c0fd9d2757ffcac23febb21df0550f15d814c,1645149924,candidate_layering,REVV,0x557b933a7c2c45672b610f8954a3deb39a51a8ca
0x70dcf33ca09bd87bb2a301280331406ebd32c8a0,0xacbf3c973eeec20c573ec930ce31198afb4ad0d5,erc20,20000.0,0x26a40322f2d3f758a6eda7ada81c0fd9d2757ffcac23febb21df0550f15d814c,1645149924,candidate_layering,REVV,0x557b933a7c2c45672b610f8954a3deb39a51a8ca
0x70dcf33ca09bd87bb2a301280331406ebd32c8a0,0x724d5c9c618a2152e99a45649a3b8cf198321f46,erc20,80000.0,0x488f9318c831d429ddcd17c7a1d755392a14cd8e7e11a969326f88eb23e439f2,1645150168,candidate_layering,REVV,0x557b933a7c2c45672b610f8954a3deb39a51a8ca
0x70dcf33ca09bd87bb2a301280331406ebd32c8a0,0x724d5c9c618a2152e99a45649a3b8cf198321f46,erc20,80000.0,0x4145cf6eea347197ac9a5b6a5d992f63268108467996b93fe209f58d8d3942db,1645150281,candidate_layering,REVV,0x557b933a7c2c45672b610f8954a3deb39a51a8ca
0x70dcf33ca09bd87bb2a301280331406ebd32c8a0,0x724d5c9c618a2152e99a45649a3b8cf198321f46,erc20,49999.99999999999,0x7c7b2f7e6caba1a15640865f3f01e4932c3162c1d785885ad753a86dc709562b,1645150650,candidate_layering,REVV,0x557b933a7c2c45672b610f8954a3deb39a51a8ca
0x70dcf33ca09bd87bb2a301280331406ebd32c8a0,0xf0644757918d29e5a9b9ca62d8a4d599ab9f5109,erc20,8000.0,0xd508d5e9799cae439b9db4c74fe238ae5b057a60b865559d91c92cb2612c837e,1645166983,candidate_layering,MAPS,0x2b915b505c017abb1547aa5ab355fbe69865cc6d
0x70dcf33ca09bd87bb2a301280331406ebd32c8a0,0xf0644757918d29e5a9b9ca62d8a4d599ab9f5109,erc20,10000.0,0xc470f9e852d145bca43ec2996cafbf499e45d8228cf3c4bba796d2509b61c1f6,1645167328,candidate_layering,MAPS,0x2b915b505c017abb1547aa5ab355fbe69865cc6d
0x70dcf33ca09bd87bb2a301280331406ebd32c8a0,0xf0644757918d29e5a9b9ca62d8a4d599ab9f5109,erc20,15000.0,0xaea35b7db9ddf5c478033eec5ba3d3bcceae0a06b00c05074504315d43871109,1645167470,candidate_layering,MAPS,0x2b915b505c017abb1547aa5ab355fbe69865cc6d
0x70dcf33ca09bd87bb2a301280331406ebd32c8a0,0xf0644757918d29e5a9b9ca62d8a4d599ab9f5109,erc20,15000.0,0x03df67fa69b5a976f7c3fd5b36a5b9585128b903026540d69bb0208da3599639,1645167688,candidate_layering,MAPS,0x2b915b505c017abb1547aa5ab355fbe69865cc6d
0x70dcf33ca09bd87bb2a301280331406ebd32c8a0,0xf0644757918d29e5a9b9ca62d8a4d599ab9f5109,erc20,15000.0,0x37af2138218e63606886f02386f8531a6367fad775d42f99434d03dfe70d9a2c,1645168010,candidate_layering,MAPS,0x2b915b505c017abb1547aa5ab355fbe69865cc6d
0x70dcf33ca09bd87bb2a301280331406ebd32c8a0,0xf0644757918d29e5a9b9ca62d8a4d599ab9f5109,erc20,10000.0,0x6fa202bc0981f235975469ce91f3924f22d9de9856657318626880295cdf13f4,1645168500,candidate_layering,MAPS,0x2b915b505c017abb1547aa5ab355fbe69865cc6d
0x70dcf33ca09bd87bb2a301280331406ebd32c8a0,0xf0644757918d29e5a9b9ca62d8a4d599ab9f5109,erc20,15000.0,0x33f894d57b33f4e4f7a07024aa8a25a39ac697b9b6cd8b2e6341c05c799094cf,1645168829,candidate_layering,MAPS,0x2b915b505c017abb1547aa5ab355fbe69865cc6d
0x70dcf33ca09bd87bb2a301280331406ebd32c8a0,0xf0644757918d29e5a9b9ca62d8a4d599ab9f5109,erc20,10000.0,0x75b67e59ad7d15c1ecad1a8eb2d49b7ca7eb90e2f426bbabdbf221fd5e3b88f1,1645169348,candidate_layering,MAPS,0x2b915b505c017abb1547aa5ab355fbe69865cc6d
0x70dcf33ca09bd87bb2a301280331406ebd32c8a0,0xf0644757918d29e5a9b9ca62d8a4d599ab9f5109,erc20,10000.0,0x4e2eabf0d7ffeda7034d266c7e1274dd7b78e19e480777358ab0cdc34be75250,1645169509,candidate_layering,MAPS,0x2b915b505c017abb1547aa5ab355fbe69865cc6d
0x70dcf33ca09bd87bb2a301280331406ebd32c8a0,0xf0644757918d29e5a9b9ca62d8a4d599ab9f5109,erc20,10000.0,0x68dc12a6a75ccb4b812d0ddca09b90f4e8b9b57351467d0a078edc397517c019,1645169636,candidate_layering,MAPS,0x2b915b505c017abb1547aa5ab355fbe69865cc6d
0x70dcf33ca09bd87bb2a301280331406ebd32c8a0,0xf0644757918d29e5a9b9ca62d8a4d599ab9f5109,erc20,15000.0,0x414d2c1f82c1678e221300391a0d371d13f664d1ad31e230f06df986b3b9bde0,1645169861,candidate_layering,MAPS,0x2b915b505c017abb1547aa5ab355fbe69865cc6d
0x70dcf33ca09bd87bb2a301280331406ebd32c8a0,0xf0644757918d29e5a9b9ca62d8a4d599ab9f5109,erc20,15000.0,0x7cf7d3436e788b745c280f290aafed0e764c52b3b22a5ee363408ac04e17f959,1645170157,candidate_layering,MAPS,0x2b915b505c017abb1547aa5ab355fbe69865cc6d
0x70dcf33ca09bd87bb2a301280331406ebd32c8a0,0xf0644757918d29e5a9b9ca62d8a4d599ab9f5109,erc20,15000.0,0xa8156de39077fe9f2477028fdf4568af0261257aaa73abd5e8c1f0877707b7f3,1645170278,candidate_layering,MAPS,0x2b915b505c017abb1547aa5ab355fbe69865cc6d
0x70dcf33ca09bd87bb2a301280331406ebd32c8a0,0xf0644757918d29e5a9b9ca62d8a4d599ab9f5109,erc20,10000.0,0xd8564e90b9c72e725e9159e5adace600d5a603c054172a95c61585168383742b,1647133127,candidate_layering,MAPS,0x2b915b505c017abb1547aa5ab355fbe69865cc6d
0x70dcf33ca09bd87bb2a301280331406ebd32c8a0,0x74de5d4fcbf63e00296fd95d33236b9794016631,erc20,50000.0,0x845671c4e2528a0f7feca59335b74cf53c811aa17dd4b6d1f81522d6afe43945,1647133254,candidate_layering,MAPS,0x2b915b505c017abb1547aa5ab355fbe69865cc6d
0x70dcf33ca09bd87bb2a301280331406ebd32c8a0,0x74de5d4fcbf63e00296fd95d33236b9794016631,erc20,25000.0,0x579e8349ec5412c2c1fd2d3a2d1a3a03151363a57760402403055712bb2b1c76,1647133462,candidate_layering,MAPS,0x2b915b505c017abb1547aa5ab355fbe69865cc6d
0x70dcf33ca09bd87bb2a301280331406ebd32c8a0,0x74de5d4fcbf63e00296fd95d33236b9794016631,erc20,25000.0,0xb190a2e0a71c73d9800ef4b89f30ea71bc5a47db20432d12336727144a397566,1647133549,candidate_layering,MAPS,0x2b915b505c017abb1547aa5ab355fbe69865cc6d
0x70dcf33ca09bd87bb2a301280331406ebd32c8a0,0x74de5d4fcbf63e00296fd95d33236b9794016631,erc20,20000.0,0xcb4159cc00276adf8016914659d7fe53be74946814bdca537e7d39b13d40edf7,1647133630,candidate_layering,MAPS,0x2b915b505c017abb1547aa5ab355fbe69865cc6d
0x70dcf33ca09bd87bb2a301280331406ebd32c8a0,0x74de5d4fcbf63e00296fd95d33236b9794016631,erc20,20000.0,0x762dcde8e54fbf697cbf427b3859735c41676022fa5cc01daaf6228ab61fc740,1647133752,candidate_layering,MAPS,0x2b915b505c017abb1547aa5ab355fbe69865cc6d
0x70dcf33ca09bd87bb2a301280331406ebd32c8a0,0x74de5d4fcbf63e00296fd95d33236b9794016631,erc20,20000.0,0x3ae30bab158c8c7afb763880313f827b57825de7cf56147cbf2672d59dbc673c,1647134213,candidate_layering,MAPS,0x2b915b505c017abb1547aa5ab355fbe69865cc6d
0x70dcf33ca09bd87bb2a301280331406ebd32c8a0,0x9db640e18390d2408c71e9927d8518c79d5569c6,erc20,5000.0,0x2e4ed7e8a0b38f796aa19c5a87e35dab5b751d8fb730b07a81febc6b605d3be7,1647134459,candidate_layering,PLOT,0x72f020f8f3e8fd9382705723cd26380f8d0c66bb
0x70dcf33ca09bd87bb2a301280331406ebd32c8a0,0xe13cf2d5d235aa25b489f55e4a940f8715d8d5ae,erc20,95000.0,0x2e4ed7e8a0b38f796aa19c5a87e35dab5b751d8fb730b07a81febc6b605d3be7,1647134459,candidate_layering,PLOT,0x72f020f8f3e8fd9382705723cd26380f8d0c66bb
0x70dcf33ca09bd87bb2a301280331406ebd32c8a0,0x74de5d4fcbf63e00296fd95d33236b9794016631,erc20,20000.0,0x9bdd1cd52d7cb677aec4de6777b85dc5dd855898168236cfbe7bfc5feb5ece66,1647134491,candidate_layering,MAPS,0x2b915b505c017abb1547aa5ab355fbe69865cc6d
0x70dcf33ca09bd87bb2a301280331406ebd32c8a0,0x9db640e18390d2408c71e9927d8518c79d5569c6,erc20,5000.0,0x6203f5454650fe309c121559f74104117403703fe99c4d7ffef22d9cfd1bcd47,1647134627,candidate_layering,PLOT,0x72f020f8f3e8fd9382705723cd26380f8d0c66bb
0x70dcf33ca09bd87bb2a301280331406ebd32c8a0,0xe13cf2d5d235aa25b489f55e4a940f8715d8d5ae,erc20,95000.0,0x6203f5454650fe309c121559f74104117403703fe99c4d7ffef22d9cfd1bcd47,1647134627,candidate_layering,PLOT,0x72f020f8f3e8fd9382705723cd26380f8d0c66bb
0x70dcf33ca09bd87bb2a301280331406ebd32c8a0,0x74de5d4fcbf63e00296fd95d33236b9794016631,erc20,20000.0,0xb10823bd35676b043db833331923efdf9ec4aa5d97d9c52e1dd808b810155658,1647134649,candidate_layering,MAPS,0x2b915b505c017abb1547aa5ab355fbe69865cc6d
0x70dcf33ca09bd87bb2a301280331406ebd32c8a0,0xe13cf2d5d235aa25b489f55e4a940f8715d8d5ae,erc20,99999.99999999999,0xfe573efe5874e45048a05b52936cafcbd556fc387fee719d78d7fb1c4092b3ad,1647134740,candidate_layering,PLOT,0x72f020f8f3e8fd9382705723cd26380f8d0c66bb
0x70dcf33ca09bd87bb2a301280331406ebd32c8a0,0x74de5d4fcbf63e00296fd95d33236b9794016631,erc20,10000.0,0x508e79ea33cce7afbdd483cb1e8a6f0a9bd9b51546a86bc218f5b7bc92fcdce0,1647134740,candidate_layering,MAPS,0x2b915b505c017abb1547aa5ab355fbe69865cc6d
0x70dcf33ca09bd87bb2a301280331406ebd32c8a0,0xe13cf2d5d235aa25b489f55e4a940f8715d8d5ae,erc20,99999.99999999999,0xce59155bd0bd4f272f060131f1aa71b20aa39fd717313ddffb1adb768e36bff3,1647134808,candidate_layering,PLOT,0x72f020f8f3e8fd9382705723cd26380f8d0c66bb
0x70dcf33ca09bd87bb2a301280331406ebd32c8a0,0x74de5d4fcbf63e00296fd95d33236b9794016631,erc20,10000.0,0x11c215eaed9987272e52a72f2e1f10ad960c5cd0f68a24c1b161c8423bb2acb1,1647134855,candidate_layering,MAPS,0x2b915b505c017abb1547aa5ab355fbe69865cc6d
0x70dcf33ca09bd87bb2a301280331406ebd32c8a0,0xe13cf2d5d235aa25b489f55e4a940f8715d8d5ae,erc20,49999.99999999999,0x4d0cb27a1fd3e419c52fb52e60aeec1ab53c58a2f092fa06e45b2e9c8fbdc362,1647135112,candidate_layering,PLOT,0x72f020f8f3e8fd9382705723cd26380f8d0c66bb
0x70dcf33ca09bd87bb2a301280331406ebd32c8a0,0x74de5d4fcbf63e00296fd95d33236b9794016631,erc20,10000.0,0xd3820527ef4a1b4891660b4126ab36006b52441a031d05d7e046642e38489cdd,1647135112,candidate_layering,MAPS,0x2b915b505c017abb1547aa5ab355fbe69865cc6d
0x70dcf33ca09bd87bb2a301280331406ebd32c8a0,0x74de5d4fcbf63e00296fd95d33236b9794016631,erc20,10000.0,0x20d258c45cc6cba78fdf24d5a56ac5bc62ef90574402dc9452560d8a6facf53e,1647135196,candidate_layering,MAPS,0x2b915b505c017abb1547aa5ab355fbe69865cc6d
0x70dcf33ca09bd87bb2a301280331406ebd32c8a0,0x74de5d4fcbf63e00296fd95d33236b9794016631,erc20,10000.0,0xc1297d7cbed90f3f0065851ae6fa686333ef16e67974afa5e6a1fe3f3eb17ff3,1647135532,candidate_layering,MAPS,0x2b915b505c017abb1547aa5ab355fbe69865cc6d
0x70dcf33ca09bd87bb2a301280331406ebd32c8a0,0x74de5d4fcbf63e00296fd95d33236b9794016631,erc20,10000.0,0xb923603c2bab3a0efa3539355bb7a1c5b7f3075866784b69efd267b9525fe207,1647135874,candidate_layering,MAPS,0x2b915b505c017abb1547aa5ab355fbe69865cc6d
0x70dcf33ca09bd87bb2a301280331406ebd32c8a0,0x80d972d2a62ba71814f4e08bd27f95e5d81d02a9,erc20,4500.0,0x2902cd46e6ea0edd2d580f9ca1bb866f684e279efe7168f67a78df55d5d47612,1647136115,candidate_layering,STOS,0x08c32b0726c5684024ea6e141c50ade9690bbdcc
0x70dcf33ca09bd87bb2a301280331406ebd32c8a0,0x70885952f174fb5396deebb66ce3b4b2adfcef8a,erc20,5500.0,0x2902cd46e6ea0edd2d580f9ca1bb866f684e279efe7168f67a78df55d5d47612,1647136115,candidate_layering,STOS,0x08c32b0726c5684024ea6e141c50ade9690bbdcc
0x70dcf33ca09bd87bb2a301280331406ebd32c8a0,0x80d972d2a62ba71814f4e08bd27f95e5d81d02a9,erc20,5000.0,0x1b7f5bda509a5b4968639d3b943b79d0f03df3a3a00fee896fee899810173788,1647136203,candidate_layering,STOS,0x08c32b0726c5684024ea6e141c50ade9690bbdcc
0x70dcf33ca09bd87bb2a301280331406ebd32c8a0,0x70885952f174fb5396deebb66ce3b4b2adfcef8a,erc20,4000.0,0x1b7f5bda509a5b4968639d3b943b79d0f03df3a3a00fee896fee899810173788,1647136203,candidate_layering,STOS,0x08c32b0726c5684024ea6e141c50ade9690bbdcc
0x70dcf33ca09bd87bb2a301280331406ebd32c8a0,0xed49728e65246d81fa65f832fd5197467abbbc40,erc20,1000.0,0x1b7f5bda509a5b4968639d3b943b79d0f03df3a3a00fee896fee899810173788,1647136203,candidate_layering,STOS,0x08c32b0726c5684024ea6e141c50ade9690bbdcc
0x70dcf33ca09bd87bb2a301280331406ebd32c8a0,0x80d972d2a62ba71814f4e08bd27f95e5d81d02a9,erc20,5000.0,0xa211c5725ad965ac5334256369cc2a7e959ce4d6b10223db8669c918edc7cfa4,1647136263,candidate_layering,STOS,0x08c32b0726c5684024ea6e141c50ade9690bbdcc
0x70dcf33ca09bd87bb2a301280331406ebd32c8a0,0x70885952f174fb5396deebb66ce3b4b2adfcef8a,erc20,4000.0,0xa211c5725ad965ac5334256369cc2a7e959ce4d6b10223db8669c918edc7cfa4,1647136263,candidate_layering,STOS,0x08c32b0726c5684024ea6e141c50ade9690bbdcc
0x70dcf33ca09bd87bb2a301280331406ebd32c8a0,0xed49728e65246d81fa65f832fd5197467abbbc40,erc20,1000.0,0xa211c5725ad965ac5334256369cc2a7e959ce4d6b10223db8669c918edc7cfa4,1647136263,candidate_layering,STOS,0x08c32b0726c5684024ea6e141c50ade9690bbdcc
0x70dcf33ca09bd87bb2a301280331406ebd32c8a0,0x74de5d4fcbf63e00296fd95d33236b9794016631,erc20,10000.0,0xf34a2453f28ba36da15895264f208e323b44528e495d0e94c5d737dba7b77688,1647136325,candidate_layering,MAPS,0x2b915b505c017abb1547aa5ab355fbe69865cc6d
0x70dcf33ca09bd87bb2a301280331406ebd32c8a0,0x80d972d2a62ba71814f4e08bd27f95e5d81d02a9,erc20,5000.0,0xddc6f12ec75231daeac63a84706722d17f2c79a39e1e9d831783333e4e4b99c1,1647136433,candidate_layering,STOS,0x08c32b0726c5684024ea6e141c50ade9690bbdcc
0x70dcf33ca09bd87bb2a301280331406ebd32c8a0,0x70885952f174fb5396deebb66ce3b4b2adfcef8a,erc20,5000.0,0xddc6f12ec75231daeac63a84706722d17f2c79a39e1e9d831783333e4e4b99c1,1647136433,candidate_layering,STOS,0x08c32b0726c5684024ea6e141c50ade9690bbdcc
0x70dcf33ca09bd87bb2a301280331406ebd32c8a0,0x05f21e62952566cefb77f5153ec6b83c14fb6b1d,erc20,500000.0,0x31363e16fcabe4549919e831c9d86b116778004407d1c3adba06d6ff89a3292d,1647136649,candidate_layering,RFuel,0xaf9f549774ecedbd0966c52f250acc548d3f36e5
0x70dcf33ca09bd87bb2a301280331406ebd32c8a0,0x80d972d2a62ba71814f4e08bd27f95e5d81d02a9,erc20,3250.0,0xe2110483a896715c844e6ec163b6dd1a9cda3742b5386936e5d8820620d0f04b,1647136801,candidate_layering,STOS,0x08c32b0726c5684024ea6e141c50ade9690bbdcc
0x70dcf33ca09bd87bb2a301280331406ebd32c8a0,0x70885952f174fb5396deebb66ce3b4b2adfcef8a,erc20,1750.0,0xe2110483a896715c844e6ec163b6dd1a9cda3742b5386936e5d8820620d0f04b,1647136801,candidate_layering,STOS,0x08c32b0726c5684024ea6e141c50ade9690bbdcc
0x70dcf33ca09bd87bb2a301280331406ebd32c8a0,0x05f21e62952566cefb77f5153ec6b83c14fb6b1d,erc20,250000.0,0x34120103bc145c23eed51ba86fcb08c589f072cbb4af325ca17c85dc3bb5f1f1,1647136860,candidate_layering,RFuel,0xaf9f549774ecedbd0966c52f250acc548d3f36e5
0x70dcf33ca09bd87bb2a301280331406ebd32c8a0,0x05f21e62952566cefb77f5153ec6b83c14fb6b1d,erc20,250000.0,0x19d610e67bec9db121156cf44e83308d768014a6ba51b0e7bdc041e94f476996,1647136968,candidate_layering,RFuel,0xaf9f549774ecedbd0966c52f250acc548d3f36e5
0x70dcf33ca09bd87bb2a301280331406ebd32c8a0,0x05f21e62952566cefb77f5153ec6b83c14fb6b1d,erc20,250000.0,0x2dd4e15a1bff32246176587180a251a7f4a1b7fd47d83be3c9166c7c094bdd70,1647137582,candidate_layering,RFuel,0xaf9f549774ecedbd0966c52f250acc548d3f36e5
0x70dcf33ca09bd87bb2a301280331406ebd32c8a0,0x70885952f174fb5396deebb66ce3b4b2adfcef8a,erc20,5000.0,0xbf2ce944fb7e4dc4f2f5298bd61e71931bcb2d3d3ce5c5be0603815e27f3eda9,1647137690,candidate_layering,STOS,0x08c32b0726c5684024ea6e141c50ade9690bbdcc
0x70dcf33ca09bd87bb2a301280331406ebd32c8a0,0x80d972d2a62ba71814f4e08bd27f95e5d81d02a9,erc20,2750.0,0x11d5a1eff13df6a2fa1156f3d170008db75b5e7682b4cd1d1a6992eb721268b8,1647138452,candidate_layering,STOS,0x08c32b0726c5684024ea6e141c50ade9690bbdcc
0x70dcf33ca09bd87bb2a301280331406ebd32c8a0,0x70885952f174fb5396deebb66ce3b4b2adfcef8a,erc20,2250.0,0x11d5a1eff13df6a2fa1156f3d170008db75b5e7682b4cd1d1a6992eb721268b8,1647138452,candidate_layering,STOS,0x08c32b0726c5684024ea6e141c50ade9690bbdcc
0x70dcf33ca09bd87bb2a301280331406ebd32c8a0,0x724d5c9c618a2152e99a45649a3b8cf198321f46,erc20,49999.99999999999,0x5365c94cda32b5ca40e4f349f4cf67f3c2bedf3620183a54ff8d0c8ea3ebef0e,1647139028,candidate_layering,REVV,0x557b933a7c2c45672b610f8954a3deb39a51a8ca
0x70dcf33ca09bd87bb2a301280331406ebd32c8a0,0xa20ad630cee74bc834aa9b8fcb432c5c02710479,erc20,49999.99999999999,0x5365c94cda32b5ca40e4f349f4cf67f3c2bedf3620183a54ff8d0c8ea3ebef0e,1647139028,candidate_layering,REVV,0x557b933a7c2c45672b610f8954a3deb39a51a8ca
0x70dcf33ca09bd87bb2a301280331406ebd32c8a0,0x724d5c9c618a2152e99a45649a3b8cf198321f46,erc20,24999.999999999996,0x72f14b7780d6289875cc00cba9be3cd836dbab3d4cd4bad63e1ffb7269bf3d2e,1647139153,candidate_layering,REVV,0x557b933a7c2c45672b610f8954a3deb39a51a8ca
0x70dcf33ca09bd87bb2a301280331406ebd32c8a0,0xa20ad630cee74bc834aa9b8fcb432c5c02710479,erc20,40000.0,0x72f14b7780d6289875cc00cba9be3cd836dbab3d4cd4bad63e1ffb7269bf3d2e,1647139153,candidate_layering,REVV,0x557b933a7c2c45672b610f8954a3deb39a51a8ca
0x70dcf33ca09bd87bb2a301280331406ebd32c8a0,0x3125e45d5665e98a08388a7df051a728b647eaae,erc20,35000.0,0x72f14b7780d6289875cc00cba9be3cd836dbab3d4cd4bad63e1ffb7269bf3d2e,1647139153,candidate_layering,REVV,0x557b933a7c2c45672b610f8954a3deb39a51a8ca
0x70dcf33ca09bd87bb2a301280331406ebd32c8a0,0x724d5c9c618a2152e99a45649a3b8cf198321f46,erc20,47096.74835874039,0x650270643c732e76004c72806fffe2ddee6b90a552049a06fb2925dc5fe9aa65,1647139168,candidate_layering,REVV,0x557b933a7c2c45672b610f8954a3deb39a51a8ca
0x70dcf33ca09bd87bb2a301280331406ebd32c8a0,0xa20ad630cee74bc834aa9b8fcb432c5c02710479,erc20,53824.855267131876,0x650270643c732e76004c72806fffe2ddee6b90a552049a06fb2925dc5fe9aa65,1647139168,candidate_layering,REVV,0x557b933a7c2c45672b610f8954a3deb39a51a8ca
0x70dcf33ca09bd87bb2a301280331406ebd32c8a0,0x3125e45d5665e98a08388a7df051a728b647eaae,erc20,33640.53454195742,0x650270643c732e76004c72806fffe2ddee6b90a552049a06fb2925dc5fe9aa65,1647139168,candidate_layering,REVV,0x557b933a7c2c45672b610f8954a3deb39a51a8ca
0x70dcf33ca09bd87bb2a301280331406ebd32c8a0,0x7bd938218d772483534d141df17272cb9d82b965,erc20,2000000.0,0x5583acc78b323a36bc048bbab44b56a4b0137bad84b00cea35049cd5c31b2b56,1647222357,candidate_layering,ZIG,0x7bebd226154e865954a87650faefa8f485d36081
0x70dcf33ca09bd87bb2a301280331406ebd32c8a0,0xe13cf2d5d235aa25b489f55e4a940f8715d8d5ae,erc20,99999.99999999999,0xb9636e925d53f39ec61e873b8c74b3fe720b02a03d1c61922e981a0859d1805c,1647224390,candidate_layering,PLOT,0x72f020f8f3e8fd9382705723cd26380f8d0c66bb
0x70dcf33ca09bd87bb2a301280331406ebd32c8a0,0x9db640e18390d2408c71e9927d8518c79d5569c6,erc20,5000.0,0x8635b6cd97956f35c6602ea61ab29c06a14b844084860588a8ea2b5de437e299,1647224494,candidate_layering,PLOT,0x72f020f8f3e8fd9382705723cd26380f8d0c66bb
0x70dcf33ca09bd87bb2a301280331406ebd32c8a0,0xe13cf2d5d235aa25b489f55e4a940f8715d8d5ae,erc20,95000.0,0x8635b6cd97956f35c6602ea61ab29c06a14b844084860588a8ea2b5de437e299,1647224494,candidate_layering,PLOT,0x72f020f8f3e8fd9382705723cd26380f8d0c66bb
0x70dcf33ca09bd87bb2a301280331406ebd32c8a0,0x74de5d4fcbf63e00296fd95d33236b9794016631,erc20,25000.0,0xcc6ce46180ba2fcb866678ffae7b984214618c191fd67753bc433592bc0f91b6,1647224620,candidate_layering,MAPS,0x2b915b505c017abb1547aa5ab355fbe69865cc6d
0x70dcf33ca09bd87bb2a301280331406ebd32c8a0,0x74de5d4fcbf63e00296fd95d33236b9794016631,erc20,25000.0,0xc6fbf0a235cbd5f5d79319b199a812d117182b2eca9fed0e804eaf88fa0ec4b9,1647224748,candidate_layering,MAPS,0x2b915b505c017abb1547aa5ab355fbe69865cc6d
0x70dcf33ca09bd87bb2a301280331406ebd32c8a0,0x7bd938218d772483534d141df17272cb9d82b965,erc20,99999.99999999999,0x18b434d1d472e932f138d954853b5b125feee469c902fc3404a1ee27f92252ca,1647225367,candidate_layering,PTF,0xc57d533c50bc22247d49a368880fb49a1caa39f7
0x70dcf33ca09bd87bb2a301280331406ebd32c8a0,0x74de5d4fcbf63e00296fd95d33236b9794016631,erc20,25000.0,0xd3482ac9cacf1b02a99f46c52ef07690d55629b9901e1ec6309a060ca329f7d6,1647225806,candidate_layering,MAPS,0x2b915b505c017abb1547aa5ab355fbe69865cc6d
0x70dcf33ca09bd87bb2a301280331406ebd32c8a0,0x7bd938218d772483534d141df17272cb9d82b965,erc20,1000000.0,0x02b5d680b104cf9c2ab26104bcec30e93e3026d9443384f8b34a2a23eefd27d6,1647227781,candidate_layering,PTF,0xc57d533c50bc22247d49a368880fb49a1caa39f7
0x70dcf33ca09bd87bb2a301280331406ebd32c8a0,0x74de5d4fcbf63e00296fd95d33236b9794016631,erc20,20000.0,0x46d4f7d4adb921e5ac5a58097280de9bd2f47f81feb76b7724f9b63de4daa38b,1647230102,candidate_layering,MAPS,0x2b915b505c017abb1547aa5ab355fbe69865cc6d
0x70dcf33ca09bd87bb2a301280331406ebd32c8a0,0xe13cf2d5d235aa25b489f55e4a940f8715d8d5ae,erc20,99999.99999999999,0xc8a787a8776aeb4e8df8b3fdc5d108fc21d48445f8619b5003144a7d9dd68e3f,1647230316,candidate_layering,PLOT,0x72f020f8f3e8fd9382705723cd26380f8d0c66bb
0x70dcf33ca09bd87bb2a301280331406ebd32c8a0,0x9db640e18390d2408c71e9927d8518c79d5569c6,erc20,5000.0,0x51fbdd19c0e8fd49aa2a7038f1d26900b4f21dd96093a1e33d2f50837f91aa36,1647230409,candidate_layering,PLOT,0x72f020f8f3e8fd9382705723cd26380f8d0c66bb
0x70dcf33ca09bd87bb2a301280331406ebd32c8a0,0xe13cf2d5d235aa25b489f55e4a940f8715d8d5ae,erc20,95000.0,0x51fbdd19c0e8fd49aa2a7038f1d26900b4f21dd96093a1e33d2f50837f91aa36,1647230409,candidate_layering,PLOT,0x72f020f8f3e8fd9382705723cd26380f8d0c66bb
0x70dcf33ca09bd87bb2a301280331406ebd32c8a0,0xe13cf2d5d235aa25b489f55e4a940f8715d8d5ae,erc20,49999.99999999999,0x2c97f142fd57f1068d1bc60d0c3f44166d55e87f8dcc7aa8c980de40d21f2c0d,1647230499,candidate_layering,PLOT,0x72f020f8f3e8fd9382705723cd26380f8d0c66bb
0x70dcf33ca09bd87bb2a301280331406ebd32c8a0,0xe13cf2d5d235aa25b489f55e4a940f8715d8d5ae,erc20,49999.99999999999,0x3558a3b3daea13e540cc7384bfabd95fa38164f29181d0de409d3c669217a095,1647231134,candidate_layering,PLOT,0x72f020f8f3e8fd9382705723cd26380f8d0c66bb
0x70dcf33ca09bd87bb2a301280331406ebd32c8a0,0xe13cf2d5d235aa25b489f55e4a940f8715d8d5ae,erc20,49999.99999999999,0xfe606cabd7d62544079f1ac55d55c120bd4ab35fab3d2a8d92d9b5563571ab16,1647231213,candidate_layering,PLOT,0x72f020f8f3e8fd9382705723cd26380f8d0c66bb
0x70dcf33ca09bd87bb2a301280331406ebd32c8a0,0x74de5d4fcbf63e00296fd95d33236b9794016631,erc20,20000.0,0xbe6fecaf875a2b8db7a4639fa75693cd2990bdeea09dcb552ad3075a4e670667,1647231414,candidate_layering,MAPS,0x2b915b505c017abb1547aa5ab355fbe69865cc6d
0x70dcf33ca09bd87bb2a301280331406ebd32c8a0,0xe13cf2d5d235aa25b489f55e4a940f8715d8d5ae,erc20,49999.99999999999,0xdf489a1735c0793e74c4a79f7b0fd202a11442617628d94f0c1c117fe8349ef2,1647231571,candidate_layering,PLOT,0x72f020f8f3e8fd9382705723cd26380f8d0c66bb
0x70dcf33ca09bd87bb2a301280331406ebd32c8a0,0x9db640e18390d2408c71e9927d8518c79d5569c6,erc20,7500.0,0xd68e4834039d784b11198a210f56fa589dedb1a2fc84840691ac5884a8edd2ca,1647231719,candidate_layering,PLOT,0x72f020f8f3e8fd9382705723cd26380f8d0c66bb
0x70dcf33ca09bd87bb2a301280331406ebd32c8a0,0xe13cf2d5d235aa25b489f55e4a940f8715d8d5ae,erc20,42500.0,0xd68e4834039d784b11198a210f56fa589dedb1a2fc84840691ac5884a8edd2ca,1647231719,candidate_layering,PLOT,0x72f020f8f3e8fd9382705723cd26380f8d0c66bb
0x70dcf33ca09bd87bb2a301280331406ebd32c8a0,0x7bd938218d772483534d141df17272cb9d82b965,erc20,1000000.0,0x6140d9dc6512a329d3726e8ebde0a39234b028f40e4a94ef838a45e705da7717,1647232373,candidate_layering,CELR,0x4f9254c83eb525f9fcf346490bbb3ed28a81c667
0x70dcf33ca09bd87bb2a301280331406ebd32c8a0,0x74de5d4fcbf63e00296fd95d33236b9794016631,erc20,20000.0,0x51d57b036f442c865fc2a0d4e50e5c303dde243b7f15e3e4b7b318eba38b1c88,1647232781,candidate_layering,MAPS,0x2b915b505c017abb1547aa5ab355fbe69865cc6d
0x70dcf33ca09bd87bb2a301280331406ebd32c8a0,0x7bd938218d772483534d141df17272cb9d82b965,erc20,2750000.0,0x8a9daedbf799f82ec09813d28c4ad1c9d8f7d4fd683c8121c1839d641009bcfb,1647233070,candidate_layering,CELR,0x4f9254c83eb525f9fcf346490bbb3ed28a81c667
0x70dcf33ca09bd87bb2a301280331406ebd32c8a0,0x461dda49d5f7dcf461446fdbbb59384fd523cce2,erc20,199999.99999999997,0x551c4a8150bfdeaa155f27ce18dd39043cc15eece78bb35a427430be4d8d7955,1647234246,candidate_layering,FRIN,0xc9fe6e1c76210be83dc1b5b20ec7fd010b0b1d15
0x70dcf33ca09bd87bb2a301280331406ebd32c8a0,0x461dda49d5f7dcf461446fdbbb59384fd523cce2,erc20,150000.0,0x780e3a04be0e56334cf3e9db4538c53776acd714891490a37ae3480a88fc2149,1647234493,candidate_layering,FRIN,0xc9fe6e1c76210be83dc1b5b20ec7fd010b0b1d15
0x70dcf33ca09bd87bb2a301280331406ebd32c8a0,0x461dda49d5f7dcf461446fdbbb59384fd523cce2,erc20,150000.0,0x1748b88363e87666604cfeda4e09030de25cb8584dd31e54fd52779e35750f30,1647234886,candidate_layering,FRIN,0xc9fe6e1c76210be83dc1b5b20ec7fd010b0b1d15
0x70dcf33ca09bd87bb2a301280331406ebd32c8a0,0x461dda49d5f7dcf461446fdbbb59384fd523cce2,erc20,150000.0,0xca7ab5fdb02b6f294d3ebfd24bee63b73d07ec5d25651f1510e4230805cc1f6f,1647235074,candidate_layering,FRIN,0xc9fe6e1c76210be83dc1b5b20ec7fd010b0b1d15
0x70dcf33ca09bd87bb2a301280331406ebd32c8a0,0x74de5d4fcbf63e00296fd95d33236b9794016631,erc20,20000.0,0x73b1e886ae5cfb3ca89ef48dd2606a2bac7d716552ec430b79e1db8f55d09da8,1647235377,candidate_layering,MAPS,0x2b915b505c017abb1547aa5ab355fbe69865cc6d
0x70dcf33ca09bd87bb2a301280331406ebd32c8a0,0x461dda49d5f7dcf461446fdbbb59384fd523cce2,erc20,150000.0,0xb8618e6dc08aeec793d4e876a174f378314abedef539b8c17d581d641df83e6c,1647235549,candidate_layering,FRIN,0xc9fe6e1c76210be83dc1b5b20ec7fd010b0b1d15
0x70dcf33ca09bd87bb2a301280331406ebd32c8a0,0x461dda49d5f7dcf461446fdbbb59384fd523cce2,erc20,199999.99999999997,0x7b8d2ec4bb20a4449b52ecea6ad9f21bcf1f408149490026e7368d4bc4a73093,1647235936,candidate_layering,FRIN,0xc9fe6e1c76210be83dc1b5b20ec7fd010b0b1d15
0x70dcf33ca09bd87bb2a301280331406ebd32c8a0,0x74de5d4fcbf63e00296fd95d33236b9794016631,erc20,22000.0,0x2ef8bac9ff1f05ae080989934365fd73082024f3c7d6b661f6db7c46d317e167,1647236053,candidate_layering,MAPS,0x2b915b505c017abb1547aa5ab355fbe69865cc6d
0x70dcf33ca09bd87bb2a301280331406ebd32c8a0,0x461dda49d5f7dcf461446fdbbb59384fd523cce2,erc20,199999.99999999997,0x3bd774171f712131593245bf3dfd96a0dd22048cf857e164ab96396df1cfb669,1647236220,candidate_layering,FRIN,0xc9fe6e1c76210be83dc1b5b20ec7fd010b0b1d15
0x70dcf33ca09bd87bb2a301280331406ebd32c8a0,0x461dda49d5f7dcf461446fdbbb59384fd523cce2,erc20,199999.99999999997,0x6e2ddfb0e29297a4847ebdd8e42d0c43d1d13e112b4cc201d110d2fbddf2209e,1647236332,candidate_layering,FRIN,0xc9fe6e1c76210be83dc1b5b20ec7fd010b0b1d15
0x70dcf33ca09bd87bb2a301280331406ebd32c8a0,0xe46935ae80e05cdebd4a4008b6ccaa36d2845370,erc20,99999.99999999999,0x9724e1c12fcf50ac9ef6e1eff9ba9afeaa0de831f5e46f97a402f77f2af28636,1647237081,candidate_layering,OM,0x3593d125a4f7849a1b059e64f4517a86dd60c95d
0x70dcf33ca09bd87bb2a301280331406ebd32c8a0,0xe46935ae80e05cdebd4a4008b6ccaa36d2845370,erc20,80000.0,0x1a035d987b497e829ac7e2da8e1d4d78c7345118516271eb14785462d20b61d6,1647237124,candidate_layering,OM,0x3593d125a4f7849a1b059e64f4517a86dd60c95d
0x70dcf33ca09bd87bb2a301280331406ebd32c8a0,0xe46935ae80e05cdebd4a4008b6ccaa36d2845370,erc20,80000.0,0xbc71e9644afd3a90624afaff8f2f16568a9e97a9a89dc70d61dbace85ff88548,1647237238,candidate_layering,OM,0x3593d125a4f7849a1b059e64f4517a86dd60c95d
0x70dcf33ca09bd87bb2a301280331406ebd32c8a0,0xe46935ae80e05cdebd4a4008b6ccaa36d2845370,erc20,80000.0,0x55d34786564fa9a8a57382da6743ccaeedbeadb104ad881c17dfb067a7af0f39,1647237290,candidate_layering,OM,0x3593d125a4f7849a1b059e64f4517a86dd60c95d
0x70dcf33ca09bd87bb2a301280331406ebd32c8a0,0xe46935ae80e05cdebd4a4008b6ccaa36d2845370,erc20,80000.0,0x82da2cf437acc54ba16786ca7878b34a80c9553cc45971c5c10ce04221b42ca3,1647237366,candidate_layering,OM,0x3593d125a4f7849a1b059e64f4517a86dd60c95d
0x70dcf33ca09bd87bb2a301280331406ebd32c8a0,0xe46935ae80e05cdebd4a4008b6ccaa36d2845370,erc20,80000.0,0xca2843c707b7aa6a9ed0d0bf77ed7e443892f34655e100b989b30aa4d823682b,1647237438,candidate_layering,OM,0x3593d125a4f7849a1b059e64f4517a86dd60c95d
0x70dcf33ca09bd87bb2a301280331406ebd32c8a0,0xe46935ae80e05cdebd4a4008b6ccaa36d2845370,erc20,177149.54311003268,0x645dacd8cc84bbfc61f497a8e1c370271fd43e3650f4abff44bd6aee8f288b43,1647237457,candidate_layering,OM,0x3593d125a4f7849a1b059e64f4517a86dd60c95d
0x70dcf33ca09bd87bb2a301280331406ebd32c8a0,0x461dda49d5f7dcf461446fdbbb59384fd523cce2,erc20,199999.99999999997,0x879afdedab0ac4307437c02456ff7b9bc4d51e93512d8da50a25b2d49fa8387d,1647237703,candidate_layering,FRIN,0xc9fe6e1c76210be83dc1b5b20ec7fd010b0b1d15
0x70dcf33ca09bd87bb2a301280331406ebd32c8a0,0x461dda49d5f7dcf461446fdbbb59384fd523cce2,erc20,199999.99999999997,0x68f8d7a571da981ece8d4f7dbf54851a80d3d339c75d8f2b4d961b7d6b20dc94,1647237858,candidate_layering,FRIN,0xc9fe6e1c76210be83dc1b5b20ec7fd010b0b1d15
0x70dcf33ca09bd87bb2a301280331406ebd32c8a0,0x461dda49d5f7dcf461446fdbbb59384fd523cce2,erc20,199999.99999999997,0x22bdba346d10c879d095ff5320be6bb781015950e2b82bf9da1a3ec175d07722,1647237927,candidate_layering,FRIN,0xc9fe6e1c76210be83dc1b5b20ec7fd010b0b1d15
0x70dcf33ca09bd87bb2a301280331406ebd32c8a0,0x461dda49d5f7dcf461446fdbbb59384fd523cce2,erc20,199999.99999999997,0x8451ffba6ecef191a40af01b056563e2626489dfd5fba02f601617447dc0d784,1647238064,candidate_layering,FRIN,0xc9fe6e1c76210be83dc1b5b20ec7fd010b0b1d15
0x70dcf33ca09bd87bb2a301280331406ebd32c8a0,0x7bd938218d772483534d141df17272cb9d82b965,erc20,3500000.0,0x9e7bedb3a7051d0fb9f50a41edc5cd6d357512a31fdc1a60c4d3acc9c4544a53,1647321065,candidate_layering,FRIN,0xc9fe6e1c76210be83dc1b5b20ec7fd010b0b1d15
0x70dcf33ca09bd87bb2a301280331406ebd32c8a0,0x7bd938218d772483534d141df17272cb9d82b965,erc20,49999.99999999999,0xeb5d0078020d563a174a93ca660aca7502510ba49a1894c3eac2b53319b4044d,1647322173,candidate_layering,AERGO,0x91af0fbb28aba7e31403cb457106ce79397fd4e6
0x70dcf33ca09bd87bb2a301280331406ebd32c8a0,0x7bd938218d772483534d141df17272cb9d82b965,erc20,600000.0,0xc7dbe41f55894de66c01517e3b06a7f996478285d6ef9970eb98cc532da3c6b5,1647325312,candidate_layering,OIN,0x9aeb50f542050172359a0e1a25a9933bc8c01259
0x70dcf33ca09bd87bb2a301280331406ebd32c8a0,0x461dda49d5f7dcf461446fdbbb59384fd523cce2,erc20,250000.0,0x32f0088d66a1eb4e14b81a2b1fe6646afca1c727df71da3eb49762173997de04,1647328974,candidate_layering,FRIN,0xc9fe6e1c76210be83dc1b5b20ec7fd010b0b1d15
0x70dcf33ca09bd87bb2a301280331406ebd32c8a0,0x461dda49d5f7dcf461446fdbbb59384fd523cce2,erc20,250000.0,0x10aec4ae804476a6f5d00fc72c425211a965906dafed3e6f2f36c19aab37dcba,1647329825,candidate_layering,FRIN,0xc9fe6e1c76210be83dc1b5b20ec7fd010b0b1d15
0x70dcf33ca09bd87bb2a301280331406ebd32c8a0,0xe13cf2d5d235aa25b489f55e4a940f8715d8d5ae,erc20,49999.99999999999,0x7abeec3ecfb4a997bfd53242e502f9c2f5f5e2861d3037a73882c97769b8c648,1647329992,candidate_layering,PLOT,0x72f020f8f3e8fd9382705723cd26380f8d0c66bb
0x70dcf33ca09bd87bb2a301280331406ebd32c8a0,0xe13cf2d5d235aa25b489f55e4a940f8715d8d5ae,erc20,49999.99999999999,0xe9ff4e4043298b8551888c5719c062b5f180142371c2d3675ab479b2149eaaac,1647330047,candidate_layering,PLOT,0x72f020f8f3e8fd9382705723cd26380f8d0c66bb
0x70dcf33ca09bd87bb2a301280331406ebd32c8a0,0xe13cf2d5d235aa25b489f55e4a940f8715d8d5ae,erc20,24999.999999999996,0x98267b9e1b986294ee20971d49a49aa2511b1f3e2c72aabe6ef65998b7494f1b,1647330366,candidate_layering,PLOT,0x72f020f8f3e8fd9382705723cd26380f8d0c66bb
0x70dcf33ca09bd87bb2a301280331406ebd32c8a0,0xe13cf2d5d235aa25b489f55e4a940f8715d8d5ae,erc20,24999.999999999996,0x0b98fdd04daf984948a06a3d9d36f6590ff45af55ab5a3b0ac15ecebde1cdf0b,1647330741,candidate_layering,PLOT,0x72f020f8f3e8fd9382705723cd26380f8d0c66bb
0x70dcf33ca09bd87bb2a301280331406ebd32c8a0,0xe13cf2d5d235aa25b489f55e4a940f8715d8d5ae,erc20,49999.99999999999,0xdf7eea53a715228160a14ccabde06d4888152e07cff9f5b8fc65084f8ca5a91c,1647331254,candidate_layering,PLOT,0x72f020f8f3e8fd9382705723cd26380f8d0c66bb
0x70dcf33ca09bd87bb2a301280331406ebd32c8a0,0x7bd938218d772483534d141df17272cb9d82b965,erc20,500000.0,0x3edc90c77d143dd628033cd44efc620e170ef1fbce64b2160d428ad36c2a8ff7,1647416073,candidate_layering,PLOT,0x72f020f8f3e8fd9382705723cd26380f8d0c66bb
0x70dcf33ca09bd87bb2a301280331406ebd32c8a0,0xe13cf2d5d235aa25b489f55e4a940f8715d8d5ae,erc20,49999.99999999999,0x5b7e4e732d6c61ba46d0ffc338e074f4cdc61e391a53282b7ad5d4dddfa18944,1648038496,candidate_layering,PLOT,0x72f020f8f3e8fd9382705723cd26380f8d0c66bb
0x70dcf33ca09bd87bb2a301280331406ebd32c8a0,0x9db640e18390d2408c71e9927d8518c79d5569c6,erc20,5000.0,0x94e4601ee8664e95b3615b1229bc4b35bc6d7f3eba2fffdc802241c6fd24917e,1648038581,candidate_layering,PLOT,0x72f020f8f3e8fd9382705723cd26380f8d0c66bb
0x70dcf33ca09bd87bb2a301280331406ebd32c8a0,0xe13cf2d5d235aa25b489f55e4a940f8715d8d5ae,erc20,45000.0,0x94e4601ee8664e95b3615b1229bc4b35bc6d7f3eba2fffdc802241c6fd24917e,1648038581,candidate_layering,PLOT,0x72f020f8f3e8fd9382705723cd26380f8d0c66bb
0x70dcf33ca09bd87bb2a301280331406ebd32c8a0,0xe13cf2d5d235aa25b489f55e4a940f8715d8d5ae,erc20,49999.99999999999,0x6cabf4ad1aca8db9f4ca657034b5f6f456b25dc53a9f4c246645e9db58ffd01e,1648039064,candidate_layering,PLOT,0x72f020f8f3e8fd9382705723cd26380f8d0c66bb
0x70dcf33ca09bd87bb2a301280331406ebd32c8a0,0xe13cf2d5d235aa25b489f55e4a940f8715d8d5ae,erc20,49999.99999999999,0xa0855cfd4cea0f8dd7231f4236935c22299cffe5e4016434d3842fe818013dfc,1648039141,candidate_layering,PLOT,0x72f020f8f3e8fd9382705723cd26380f8d0c66bb
0x70dcf33ca09bd87bb2a301280331406ebd32c8a0,0xe13cf2d5d235aa25b489f55e4a940f8715d8d5ae,erc20,49999.99999999999,0xa9b81cd995fe026189c175f5095db693095dddb3f5aefe2308b8f77803182c8a,1648039237,candidate_layering,PLOT,0x72f020f8f3e8fd9382705723cd26380f8d0c66bb
0x70dcf33ca09bd87bb2a301280331406ebd32c8a0,0x9db640e18390d2408c71e9927d8518c79d5569c6,erc20,5000.0,0x0eda2e98507d32918f6949335a043576215adedfff14793711f98b67c6415a76,1648039427,candidate_layering,PLOT,0x72f020f8f3e8fd9382705723cd26380f8d0c66bb
0x70dcf33ca09bd87bb2a301280331406ebd32c8a0,0xe13cf2d5d235aa25b489f55e4a940f8715d8d5ae,erc20,45000.0,0x0eda2e98507d32918f6949335a043576215adedfff14793711f98b67c6415a76,1648039427,candidate_layering,PLOT,0x72f020f8f3e8fd9382705723cd26380f8d0c66bb
0x70dcf33ca09bd87bb2a301280331406ebd32c8a0,0xe13cf2d5d235aa25b489f55e4a940f8715d8d5ae,erc20,49999.99999999999,0x4378ff8591697fcc05ba5134533939422e14f118b22c4254652833befe96d5bf,1648039696,candidate_layering,PLOT,0x72f020f8f3e8fd9382705723cd26380f8d0c66bb
0x70dcf33ca09bd87bb2a301280331406ebd32c8a0,0xe13cf2d5d235aa25b489f55e4a940f8715d8d5ae,erc20,49999.99999999999,0x0247b6c1d8da8c39c3203ae43f87b04bfe3c4e9138077a930c7ec136808918c8,1648039947,candidate_layering,PLOT,0x72f020f8f3e8fd9382705723cd26380f8d0c66bb
0x70dcf33ca09bd87bb2a301280331406ebd32c8a0,0xe13cf2d5d235aa25b489f55e4a940f8715d8d5ae,erc20,49999.99999999999,0x0ffe2235c305ff3fcfc781ab7a574c0949bde77aecebbd478755d462e682fa07,1648047699,candidate_layering,PLOT,0x72f020f8f3e8fd9382705723cd26380f8d0c66bb
0x70dcf33ca09bd87bb2a301280331406ebd32c8a0,0xe13cf2d5d235aa25b489f55e4a940f8715d8d5ae,erc20,49999.99999999999,0x415085698ce64f9e5f1f6d530d1b3d0141c88e1b60d563c836286e96cd88d808,1648047788,candidate_layering,PLOT,0x72f020f8f3e8fd9382705723cd26380f8d0c66bb
0x70dcf33ca09bd87bb2a301280331406ebd32c8a0,0xe13cf2d5d235aa25b489f55e4a940f8715d8d5ae,erc20,49999.99999999999,0xc0d4d80494064f845c5271326d494d79ee74b006c6410edbf00187a0b9f673ae,1648047832,candidate_layering,PLOT,0x72f020f8f3e8fd9382705723cd26380f8d0c66bb
0x70dcf33ca09bd87bb2a301280331406ebd32c8a0,0xe13cf2d5d235aa25b489f55e4a940f8715d8d5ae,erc20,49999.99999999999,0x66de744c28355616fd103d58a2775a8f254ed1cd0aa494ba3afa424baafaef84,1648047972,candidate_layering,PLOT,0x72f020f8f3e8fd9382705723cd26380f8d0c66bb
0x70dcf33ca09bd87bb2a301280331406ebd32c8a0,0x684b00a5773679f88598a19976fbeb25a68e9a5f,erc20,99999.99999999999,0x90f3ab75e685ac5b4dbfd9af94e917391f74cbdd0b126e20c1ce1cb1c90b987b,1648048117,candidate_layering,eXRD,0x6468e79a80c0eab0f9a2b574c8d5bc374af59414
0x70dcf33ca09bd87bb2a301280331406ebd32c8a0,0x684b00a5773679f88598a19976fbeb25a68e9a5f,erc20,99999.99999999999,0x74e6a6a1fb76e9269c17bce3adabf3dad9f1a254516f5c5c95d201491246e74e,1648048237,candidate_layering,eXRD,0x6468e79a80c0eab0f9a2b574c8d5bc374af59414
0x70dcf33ca09bd87bb2a301280331406ebd32c8a0,0xe13cf2d5d235aa25b489f55e4a940f8715d8d5ae,erc20,70000.0,0xf4fa436e220dea1c4f9dcecee5eefe94521a70262cd04a1b73882cc0a135de4b,1648048279,candidate_layering,PLOT,0x72f020f8f3e8fd9382705723cd26380f8d0c66bb
0x70dcf33ca09bd87bb2a301280331406ebd32c8a0,0x684b00a5773679f88598a19976fbeb25a68e9a5f,erc20,99999.99999999999,0xfb1967278b6876e30c08e0efacd0a1dd78ae841d4041af377a5cba8b8d74da95,1648048409,candidate_layering,eXRD,0x6468e79a80c0eab0f9a2b574c8d5bc374af59414
0x70dcf33ca09bd87bb2a301280331406ebd32c8a0,0x684b00a5773679f88598a19976fbeb25a68e9a5f,erc20,99999.99999999999,0x23a087db17ffd3068fd4ba849ebcab3ed0f2fe8f621c1d89197838ae88232173,1648048507,candidate_layering,eXRD,0x6468e79a80c0eab0f9a2b574c8d5bc374af59414
0x70dcf33ca09bd87bb2a301280331406ebd32c8a0,0x684b00a5773679f88598a19976fbeb25a68e9a5f,erc20,80000.0,0x2c2bf88f637f4fe9c9cfa5a2c133cfcb644e8f6b57f198722557e78bef55c394,1648048553,candidate_layering,eXRD,0x6468e79a80c0eab0f9a2b574c8d5bc374af59414
0x70dcf33ca09bd87bb2a301280331406ebd32c8a0,0x684b00a5773679f88598a19976fbeb25a68e9a5f,erc20,80000.0,0xf19019456669a1ec47bb62937a93f3d954cf0d23c67b7fef2c46821894f9e38b,1648048673,candidate_layering,eXRD,0x6468e79a80c0eab0f9a2b574c8d5bc374af59414
0x70dcf33ca09bd87bb2a301280331406ebd32c8a0,0x684b00a5773679f88598a19976fbeb25a68e9a5f,erc20,80000.0,0x2de125577f7c033d1b2f1a889f50f9194c19eee5fbc952b6ab6b3af81e10b121,1648048806,candidate_layering,eXRD,0x6468e79a80c0eab0f9a2b574c8d5bc374af59414
0x70dcf33ca09bd87bb2a301280331406ebd32c8a0,0xe13cf2d5d235aa25b489f55e4a940f8715d8d5ae,erc20,49999.99999999999,0xc320c349052015b8a78fcc9fd8df967b4d9e0f0e915d7f79ff0fe91647a4ff94,1648048858,candidate_layering,PLOT,0x72f020f8f3e8fd9382705723cd26380f8d0c66bb
0x70dcf33ca09bd87bb2a301280331406ebd32c8a0,0x9db640e18390d2408c71e9927d8518c79d5569c6,erc20,7500.0,0x16910a90f04cae3076bb645c7b269ffb4bcf294de0bbdf45eb02454c49ebe8e2,1648048963,candidate_layering,PLOT,0x72f020f8f3e8fd9382705723cd26380f8d0c66bb
0x70dcf33ca09bd87bb2a301280331406ebd32c8a0,0xe13cf2d5d235aa25b489f55e4a940f8715d8d5ae,erc20,42500.0,0x16910a90f04cae3076bb645c7b269ffb4bcf294de0bbdf45eb02454c49ebe8e2,1648048963,candidate_layering,PLOT,0x72f020f8f3e8fd9382705723cd26380f8d0c66bb
0x70dcf33ca09bd87bb2a301280331406ebd32c8a0,0x684b00a5773679f88598a19976fbeb25a68e9a5f,erc20,80000.0,0x037187647d229ab4d99be5a23deca60670bdf9341a1f5ae75c8ac68dae04d1d2,1648049061,candidate_layering,eXRD,0x6468e79a80c0eab0f9a2b574c8d5bc374af59414
0x70dcf33ca09bd87bb2a301280331406ebd32c8a0,0x684b00a5773679f88598a19976fbeb25a68e9a5f,erc20,70000.0,0xbedc7178f8813bef5f005e5ec1e8cdb11f633c4e925ee91160b48d731ee35e97,1648049217,candidate_layering,eXRD,0x6468e79a80c0eab0f9a2b574c8d5bc374af59414
0x70dcf33ca09bd87bb2a301280331406ebd32c8a0,0x684b00a5773679f88598a19976fbeb25a68e9a5f,erc20,70000.0,0xdd640dcce10db128b4d3ebcf4e2bd0e2416db7a24ed162cbd2d79fb6b215ba43,1648049290,candidate_layering,eXRD,0x6468e79a80c0eab0f9a2b574c8d5bc374af59414
0x70dcf33ca09bd87bb2a301280331406ebd32c8a0,0x684b00a5773679f88598a19976fbeb25a68e9a5f,erc20,70000.0,0x92d8b033cc902bb6b98d7e011bf177f6ec85e5ea04904bb7903ec0d139ef6c85,1648049406,candidate_layering,eXRD,0x6468e79a80c0eab0f9a2b574c8d5bc374af59414
0x70dcf33ca09bd87bb2a301280331406ebd32c8a0,0x684b00a5773679f88598a19976fbeb25a68e9a5f,erc20,70000.0,0xccb7a7279ffc1676d74ebcfdef6ea775f5e04788c7c79dbaa3c56272dfc0737b,1648049620,candidate_layering,eXRD,0x6468e79a80c0eab0f9a2b574c8d5bc374af59414
0x70dcf33ca09bd87bb2a301280331406ebd32c8a0,0x684b00a5773679f88598a19976fbeb25a68e9a5f,erc20,70000.0,0xfa197aa3715456c2ae148b54db533bad585871ed9b9feae9b86041943ede7b8d,1648049926,candidate_layering,eXRD,0x6468e79a80c0eab0f9a2b574c8d5bc374af59414
0x70dcf33ca09bd87bb2a301280331406ebd32c8a0,0x684b00a5773679f88598a19976fbeb25a68e9a5f,erc20,70000.0,0x599c1efc0f699cdfc0867e9bf781fe7b301d5b084df786a5b9945708e109e34c,1648050069,candidate_layering,eXRD,0x6468e79a80c0eab0f9a2b574c8d5bc374af59414
0x70dcf33ca09bd87bb2a301280331406ebd32c8a0,0x684b00a5773679f88598a19976fbeb25a68e9a5f,erc20,70000.0,0xa780fe6e6d06ba5ee0194c3bf6e4c7d3acb4305f8d4d420989462f05c7e7917d,1648050164,candidate_layering,eXRD,0x6468e79a80c0eab0f9a2b574c8d5bc374af59414
0x70dcf33ca09bd87bb2a301280331406ebd32c8a0,0x684b00a5773679f88598a19976fbeb25a68e9a5f,erc20,70000.0,0x9fd9099a850ac23b31213a457b2cba9fea62e071c52a03872e7ddc3ed80463a0,1648050250,candidate_layering,eXRD,0x6468e79a80c0eab0f9a2b574c8d5bc374af59414
0x70dcf33ca09bd87bb2a301280331406ebd32c8a0,0x684b00a5773679f88598a19976fbeb25a68e9a5f,erc20,70000.0,0x8a91b67a658c10ce308f7c223e145ee91d70b3534d6749224181ee32ee9d3064,1648050405,candidate_layering,eXRD,0x6468e79a80c0eab0f9a2b574c8d5bc374af59414
0x70dcf33ca09bd87bb2a301280331406ebd32c8a0,0x7bd938218d772483534d141df17272cb9d82b965,erc20,399999.99999999994,0xee988f8ce8b9f679405c7c31619ba929d9037ec5e26d32c7ec28b3a22a687b31,1648052536,candidate_layering,AERGO,0x91af0fbb28aba7e31403cb457106ce79397fd4e6
0x70dcf33ca09bd87bb2a301280331406ebd32c8a0,0x684b00a5773679f88598a19976fbeb25a68e9a5f,erc20,49999.99999999999,0xd947850da65419d0db22c98f17bf008fd3557be4225f34f1de8f049268799d2a,1648052899,candidate_layering,eXRD,0x6468e79a80c0eab0f9a2b574c8d5bc374af59414
0x70dcf33ca09bd87bb2a301280331406ebd32c8a0,0x684b00a5773679f88598a19976fbeb25a68e9a5f,erc20,49999.99999999999,0x27bf3e7285092f016ab3d12dabdd41360dd6da6ffb34cbe27c8f84abef1df10c,1648053012,candidate_layering,eXRD,0x6468e79a80c0eab0f9a2b574c8d5bc374af59414
0x70dcf33ca09bd87bb2a301280331406ebd32c8a0,0x684b00a5773679f88598a19976fbeb25a68e9a5f,erc20,49999.99999999999,0xd21a4bb5984e119653c56f0ca22d9a1d3d2d28dcc0b1106e7f6a67a190a53689,1648053391,candidate_layering,eXRD,0x6468e79a80c0eab0f9a2b574c8d5bc374af59414
0x70dcf33ca09bd87bb2a301280331406ebd32c8a0,0x7bd938218d772483534d141df17272cb9d82b965,erc20,1000000.0,0x4c56d8dc6929574d52edac467013ca9efd2d2524966d9d4c743ef506a92b900d,1648056944,candidate_layering,FRIN,0xc9fe6e1c76210be83dc1b5b20ec7fd010b0b1d15
0x70dcf33ca09bd87bb2a301280331406ebd32c8a0,0x684b00a5773679f88598a19976fbeb25a68e9a5f,erc20,85000.0,0x643c56084248cf9a146f37fea05a448fcbebad3369435adbaf610f7fe2ad8f2a,1648060018,candidate_layering,eXRD,0x6468e79a80c0eab0f9a2b574c8d5bc374af59414
0x70dcf33ca09bd87bb2a301280331406ebd32c8a0,0x7360d48b337d5322461b9e5f0346b0373e7f2cbd,erc20,10000.0,0x643c56084248cf9a146f37fea05a448fcbebad3369435adbaf610f7fe2ad8f2a,1648060018,candidate_layering,eXRD,0x6468e79a80c0eab0f9a2b574c8d5bc374af59414
0x70dcf33ca09bd87bb2a301280331406ebd32c8a0,0xa295c1301e063728d733f9fb2155448fff9c70b7,erc20,5000.0,0x643c56084248cf9a146f37fea05a448fcbebad3369435adbaf610f7fe2ad8f2a,1648060018,candidate_layering,eXRD,0x6468e79a80c0eab0f9a2b574c8d5bc374af59414
0x70dcf33ca09bd87bb2a301280331406ebd32c8a0,0x684b00a5773679f88598a19976fbeb25a68e9a5f,erc20,49999.99999999999,0x9f77d9be71165ddd74cd500b8c29de30a4e27daa80696f026833510e10ac71a8,1648060141,candidate_layering,eXRD,0x6468e79a80c0eab0f9a2b574c8d5bc374af59414
0x70dcf33ca09bd87bb2a301280331406ebd32c8a0,0x684b00a5773679f88598a19976fbeb25a68e9a5f,erc20,49999.99999999999,0xee32a11faee24f76910cf8f3055d7bb60797bec0a7e22b18c4ded8a9f9c568da,1648060158,candidate_layering,eXRD,0x6468e79a80c0eab0f9a2b574c8d5bc374af59414
0x70dcf33ca09bd87bb2a301280331406ebd32c8a0,0x684b00a5773679f88598a19976fbeb25a68e9a5f,erc20,49999.99999999999,0x7489df27f1a4b0de7266d4bd3df2aac1f2474f3ebcca908c69a315a6b5fe8fba,1648060274,candidate_layering,eXRD,0x6468e79a80c0eab0f9a2b574c8d5bc374af59414
0x70dcf33ca09bd87bb2a301280331406ebd32c8a0,0x684b00a5773679f88598a19976fbeb25a68e9a5f,erc20,49999.99999999999,0x0510d86a9663d1c57f1db53d19270b003b798f8db184172e1972c00e0770ec2a,1648060311,candidate_layering,eXRD,0x6468e79a80c0eab0f9a2b574c8d5bc374af59414
0x70dcf33ca09bd87bb2a301280331406ebd32c8a0,0x684b00a5773679f88598a19976fbeb25a68e9a5f,erc20,49999.99999999999,0xce3dc60fcff9f419a9dd47fe548dbc4ec02528961ff479d43a165cc2b57f202b,1648060429,candidate_layering,eXRD,0x6468e79a80c0eab0f9a2b574c8d5bc374af59414
0x70dcf33ca09bd87bb2a301280331406ebd32c8a0,0x684b00a5773679f88598a19976fbeb25a68e9a5f,erc20,49999.99999999999,0x7e21555801fee7d792efe448340711ce21f9edb83d6ec599c43445122f65f18e,1648060498,candidate_layering,eXRD,0x6468e79a80c0eab0f9a2b574c8d5bc374af59414
0x70dcf33ca09bd87bb2a301280331406ebd32c8a0,0x684b00a5773679f88598a19976fbeb25a68e9a5f,erc20,49999.99999999999,0xce74c22334cfa84804c3c27f66e306c5466d135c45b110b850b16b06346e7103,1648060591,candidate_layering,eXRD,0x6468e79a80c0eab0f9a2b574c8d5bc374af59414
0x70dcf33ca09bd87bb2a301280331406ebd32c8a0,0x684b00a5773679f88598a19976fbeb25a68e9a5f,erc20,49999.99999999999,0xecc4ca5408b6f9dee9eaeb0131d6f14f1919750564a15696f4d35992908f6857,1648060712,candidate_layering,eXRD,0x6468e79a80c0eab0f9a2b574c8d5bc374af59414
0x70dcf33ca09bd87bb2a301280331406ebd32c8a0,0x684b00a5773679f88598a19976fbeb25a68e9a5f,erc20,49999.99999999999,0xdfcb360fd34e5639c315c109d278222c8640aa015b076f3e9770ed2962d6c89e,1648060941,candidate_layering,eXRD,0x6468e79a80c0eab0f9a2b574c8d5bc374af59414
0x70dcf33ca09bd87bb2a301280331406ebd32c8a0,0x461dda49d5f7dcf461446fdbbb59384fd523cce2,erc20,199999.99999999997,0x0b5e8a287439f540339519912986be3723ddffe98be4da28ccf82c8634caa1bc,1648060941,candidate_layering,FRIN,0xc9fe6e1c76210be83dc1b5b20ec7fd010b0b1d15
0x70dcf33ca09bd87bb2a301280331406ebd32c8a0,0x461dda49d5f7dcf461446fdbbb59384fd523cce2,erc20,300000.0,0x8d0f594bc68a7d7c5e948e69c28569e5d2624bd8b861eb24559aff7e7f34c124,1648061000,candidate_layering,FRIN,0xc9fe6e1c76210be83dc1b5b20ec7fd010b0b1d15
0x70dcf33ca09bd87bb2a301280331406ebd32c8a0,0x461dda49d5f7dcf461446fdbbb59384fd523cce2,erc20,300000.0,0x2d3364a158102fb86942707e60fb86da1e2e873e7d53044a549121c4eb8d244e,1648061096,candidate_layering,FRIN,0xc9fe6e1c76210be83dc1b5b20ec7fd010b0b1d15
0x70dcf33ca09bd87bb2a301280331406ebd32c8a0,0x461dda49d5f7dcf461446fdbbb59384fd523cce2,erc20,300000.0,0x75f6644c9fbb8a74ca28666e5f73ee30d0b3415050955f0d38e7b7521706482c,1648061216,candidate_layering,FRIN,0xc9fe6e1c76210be83dc1b5b20ec7fd010b0b1d15
0x70dcf33ca09bd87bb2a301280331406ebd32c8a0,0x461dda49d5f7dcf461446fdbbb59384fd523cce2,erc20,199999.99999999997,0x3722ee0339a0b507230d5326ae1a4914efb4d54d4bbe289589916922b8f8c184,1648108121,candidate_layering,FRIN,0xc9fe6e1c76210be83dc1b5b20ec7fd010b0b1d15
0x70dcf33ca09bd87bb2a301280331406ebd32c8a0,0x461dda49d5f7dcf461446fdbbb59384fd523cce2,erc20,199999.99999999997,0xbae23153856a5ec78bd7fabb49b154658456cc7efe4a7c30c11624226d3991b9,1648108196,candidate_layering,FRIN,0xc9fe6e1c76210be83dc1b5b20ec7fd010b0b1d15
0x70dcf33ca09bd87bb2a301280331406ebd32c8a0,0x461dda49d5f7dcf461446fdbbb59384fd523cce2,erc20,199999.99999999997,0x463645dab8384d8b7a2564ddd894b0ee0ce100c3e6d7a50945fe3d88bf5d302f,1648108554,candidate_layering,FRIN,0xc9fe6e1c76210be83dc1b5b20ec7fd010b0b1d15
0x70dcf33ca09bd87bb2a301280331406ebd32c8a0,0xe13cf2d5d235aa25b489f55e4a940f8715d8d5ae,erc20,99999.99999999999,0x3cc5c516cb4d840f2f10c2fa4c575877137c7439316eef1a8cac6cb004eb506b,1648114909,candidate_layering,PLOT,0x72f020f8f3e8fd9382705723cd26380f8d0c66bb
0x70dcf33ca09bd87bb2a301280331406ebd32c8a0,0xe13cf2d5d235aa25b489f55e4a940f8715d8d5ae,erc20,99999.99999999999,0xd7c67f7e06692b7ba251f6126c4d01b7261a20a625314bae40a3e5c1b8ea0781,1648114986,candidate_layering,PLOT,0x72f020f8f3e8fd9382705723cd26380f8d0c66bb
0x70dcf33ca09bd87bb2a301280331406ebd32c8a0,0x9db640e18390d2408c71e9927d8518c79d5569c6,erc20,5000.0,0x35dcb600dffe37dbd6cca528ed04cccf6a2dd0b848cbf5d1da4643665b0de3ca,1648115121,candidate_layering,PLOT,0x72f020f8f3e8fd9382705723cd26380f8d0c66bb
0x70dcf33ca09bd87bb2a301280331406ebd32c8a0,0xe13cf2d5d235aa25b489f55e4a940f8715d8d5ae,erc20,95000.0,0x35dcb600dffe37dbd6cca528ed04cccf6a2dd0b848cbf5d1da4643665b0de3ca,1648115121,candidate_layering,PLOT,0x72f020f8f3e8fd9382705723cd26380f8d0c66bb
0x70dcf33ca09bd87bb2a301280331406ebd32c8a0,0xe13cf2d5d235aa25b489f55e4a940f8715d8d5ae,erc20,99999.99999999999,0xf42da8a7d819eab09f7e73113897901cfc5a9f5ade0d17b390c5b7b70b329344,1648115187,candidate_layering,PLOT,0x72f020f8f3e8fd9382705723cd26380f8d0c66bb
0x70dcf33ca09bd87bb2a301280331406ebd32c8a0,0xe13cf2d5d235aa25b489f55e4a940f8715d8d5ae,erc20,99999.99999999999,0x65664c3ed6af9d0055f5e0b082b4e13dcdfefa89a471c3ee953f97bc284a1ae4,1648115878,candidate_layering,PLOT,0x72f020f8f3e8fd9382705723cd26380f8d0c66bb
0x70dcf33ca09bd87bb2a301280331406ebd32c8a0,0xe13cf2d5d235aa25b489f55e4a940f8715d8d5ae,erc20,99999.99999999999,0xc4924efa533129df47e0fb37d183c3350368ff588eec18562d3b88759af733be,1648115987,candidate_layering,PLOT,0x72f020f8f3e8fd9382705723cd26380f8d0c66bb
0x70dcf33ca09bd87bb2a301280331406ebd32c8a0,0xe13cf2d5d235aa25b489f55e4a940f8715d8d5ae,erc20,52338.480541118246,0x63813859da9a0261ef0e7b96295d57051b8f9635be96b09d34f183855ab1d60d,1648116060,candidate_layering,PLOT,0x72f020f8f3e8fd9382705723cd26380f8d0c66bb
0x70dcf33ca09bd87bb2a301280331406ebd32c8a0,0x7bd938218d772483534d141df17272cb9d82b965,erc20,151640.0,0x600ededf2246191223295019ec0dfa1e4612874d24c83b20a77ee4a49606a50c,1648121532,candidate_layering,AERGO,0x91af0fbb28aba7e31403cb457106ce79397fd4e6
0x70dcf33ca09bd87bb2a301280331406ebd32c8a0,0x7bd938218d772483534d141df17272cb9d82b965,erc20,3000000.0,0x5424c253ad7997082120e469325dcff7c8c2a0a6ad3d070b6e0ccbef80f35068,1648125296,candidate_layering,MIX,0x5d285f735998f36631f678ff41fb56a10a4d0429
0x70dcf33ca09bd87bb2a301280331406ebd32c8a0,0x7bd938218d772483534d141df17272cb9d82b965,erc20,10000000.0,0xd5f01f2ecc0c182f4ff99b3047adebc4565fa9e4e6165f6e2c248e9f5d9c0c79,1648127237,candidate_layering,MIX,0x5d285f735998f36631f678ff41fb56a10a4d0429
0x70dcf33ca09bd87bb2a301280331406ebd32c8a0,0x7bd938218d772483534d141df17272cb9d82b965,erc20,199999.99999999997,0x5d405d2595e85fa0e45d4044dc292bd3b4c113eb2730516b075504f0969bac76,1648133810,candidate_layering,MARSH,0x5a666c7d92e5fa7edcb6390e4efd6d0cdd69cf37
0x70dcf33ca09bd87bb2a301280331406ebd32c8a0,0x7bd938218d772483534d141df17272cb9d82b965,erc20,80000.0,0x9859b1d56d4af59c76499e52a4001dcd3bd423a61126dac1d6695fa83629bf4e,1648134863,candidate_layering,MARSH,0x5a666c7d92e5fa7edcb6390e4efd6d0cdd69cf37
0x70dcf33ca09bd87bb2a301280331406ebd32c8a0,0x7bd938218d772483534d141df17272cb9d82b965,erc20,2000000.0,0xaabb184d7f4f7ed755ec4ef544234e2f3fbbd58851394b20e124d6f38f13a3fe,1648139131,candidate_layering,FRIN,0xc9fe6e1c76210be83dc1b5b20ec7fd010b0b1d15
0x70dcf33ca09bd87bb2a301280331406ebd32c8a0,0x0000000000000000000000000000000000000000,erc20,0.25981,0xbf70f3982a6cff4b3256635d760a2242d8ce563e49132888be894cd35d9f2156,1648151218,candidate_layering,anyETH,0x0615dbba33fe61a31c7ed131bda6655ed76748b1
0x70dcf33ca09bd87bb2a301280331406ebd32c8a0,0x0000000000000000000000000000000000000000,erc20,2.73088,0x33b1c9451f5e719e08ff4d30b0b8c9aa6f35dcc4902ea436eeb0b2c23a70c0fb,1648151721,candidate_layering,anyETH,0x0615dbba33fe61a31c7ed131bda6655ed76748b1
0x70dcf33ca09bd87bb2a301280331406ebd32c8a0,0x0000000000000000000000000000000000000000,erc20,32.8165506,0x39512258a04235074ab3083b543a59ef1c3a24669a75145f58ddf3b70b6e9160,1648152570,candidate_layering,anyETH,0x0615dbba33fe61a31c7ed131bda6655ed76748b1
0x70dcf33ca09bd87bb2a301280331406ebd32c8a0,0x0000000000000000000000000000000000000000,erc20,388.433178,0xf0cc93ac70dfa207b5225594d6989ffb452278cdcf127e83dbcf020e62106e73,1648158624,candidate_layering,anyETH,0x0615dbba33fe61a31c7ed131bda6655ed76748b1
0x70dcf33ca09bd87bb2a301280331406ebd32c8a0,0x0000000000000000000000000000000000000000,erc20,2067910.0,0x42d730ccf833c9b6a51a7ac497973ce708abac19daffeb122070b2c8f219497d,1648321203,candidate_layering,anyDAI,0x739ca6d71365a08f584c8fc4e1029045fa8abc4b
0x70dcf33ca09bd87bb2a301280331406ebd32c8a0,0x7bd938218d772483534d141df17272cb9d82b965,erc20,10000000.0,0x6c208d3de2e4abbde7a2aadcc645e579e1815c2ee3ccfa4fe9255a51e03ce990,1648322774,candidate_layering,MIX,0x5d285f735998f36631f678ff41fb56a10a4d0429
0x70dcf33ca09bd87bb2a301280331406ebd32c8a0,0x0000000000000000000000000000000000000000,erc20,2285780.0,0x8cceb23feafffc8fe21545c6005219d55b36ce9e5775bb63ef699974cc3c0a0b,1648324322,candidate_layering,anyDAI,0x739ca6d71365a08f584c8fc4e1029045fa8abc4b
0x70dcf33ca09bd87bb2a301280331406ebd32c8a0,0x74de5d4fcbf63e00296fd95d33236b9794016631,erc20,20000.0,0x954556cdf851018b98b75e3b7c480dd309d3fc51e71abeaf09218e576d78801d,1648325362,candidate_layering,MARSH,0x5a666c7d92e5fa7edcb6390e4efd6d0cdd69cf37
0x70dcf33ca09bd87bb2a301280331406ebd32c8a0,0x74de5d4fcbf63e00296fd95d33236b9794016631,erc20,10000.0,0x01c5851619f192ea1974dfd147977f4e14251008dadce98fc4ab03eb51476fab,1648325459,candidate_layering,MARSH,0x5a666c7d92e5fa7edcb6390e4efd6d0cdd69cf37
0x70dcf33ca09bd87bb2a301280331406ebd32c8a0,0x74de5d4fcbf63e00296fd95d33236b9794016631,erc20,71026.62682094931,0xc7cad9f4956490c6e72f5d91e7235736edafc9ca55023ec0479e5ab70049bb83,1648325561,candidate_layering,CELR,0x4f9254c83eb525f9fcf346490bbb3ed28a81c667
0x70dcf33ca09bd87bb2a301280331406ebd32c8a0,0x74de5d4fcbf63e00296fd95d33236b9794016631,erc20,39497.67909532559,0xa7485dd1bbd45cde31edf821144732f32608b7b3ff5585dc7d4b2a429f1cf112,1648325636,candidate_layering,PTF,0xc57d533c50bc22247d49a368880fb49a1caa39f7
0x70dcf33ca09bd87bb2a301280331406ebd32c8a0,0x74de5d4fcbf63e00296fd95d33236b9794016631,erc20,15000.0,0xcb893582d20653367d3e24eea8e2ccac7579a6dd53a1b203426144217defbae4,1648325895,candidate_layering,MARSH,0x5a666c7d92e5fa7edcb6390e4efd6d0cdd69cf37
0x70dcf33ca09bd87bb2a301280331406ebd32c8a0,0x74de5d4fcbf63e00296fd95d33236b9794016631,erc20,10000.0,0xd7f3d098331621bf9e0ecc4ba463e81fb296f6b73f5bfab85f03bb5b6861dc18,1648325988,candidate_layering,MARSH,0x5a666c7d92e5fa7edcb6390e4efd6d0cdd69cf37
0x70dcf33ca09bd87bb2a301280331406ebd32c8a0,0x74de5d4fcbf63e00296fd95d33236b9794016631,erc20,10000.0,0x5c32978b65fa27843338c855608cdf7b2cf77bd061690e4f12d57fb561f59e09,1648326138,candidate_layering,MARSH,0x5a666c7d92e5fa7edcb6390e4efd6d0cdd69cf37
0x70dcf33ca09bd87bb2a301280331406ebd32c8a0,0x74de5d4fcbf63e00296fd95d33236b9794016631,erc20,12651.33123454584,0x23f7c902e99b12b4ee09dceaebc393653eb18dbc46e8b19bb095fdfd198aec31,1648326252,candidate_layering,MARSH,0x5a666c7d92e5fa7edcb6390e4efd6d0cdd69cf37
0x70dcf33ca09bd87bb2a301280331406ebd32c8a0,0x0000000000000000000000000000000000000000,erc20,426582.99,0x559b6e77973bbe047087d84c230288e4ce73583098c4d4e8683dfc5ddafb84ab,1648332747,candidate_layering,anyDAI,0x739ca6d71365a08f584c8fc4e1029045fa8abc4b
0x70dcf33ca09bd87bb2a301280331406ebd32c8a0,0x73326b6764187b7176ed3c00109ddc1e6264eb8b,erc20,4821081.500003415,0x2064fe3b1febe63e6a8989e99286dbb8d89410bc01541c336234280af100c3b1,1648333275,candidate_layering,DAI,0x6b175474e89094c44da98b954eedeac495271d0f
0x70dcf33ca09bd87bb2a301280331406ebd32c8a0,0x461dda49d5f7dcf461446fdbbb59384fd523cce2,erc20,199999.99999999997,0x70a20120301cd7a789f7d512e98b2c19a8c2311935aed675e6b50ec4bfa515d0,1649222717,candidate_layering,FRIN,0xc9fe6e1c76210be83dc1b5b20ec7fd010b0b1d15
0x70dcf33ca09bd87bb2a301280331406ebd32c8a0,0x461dda49d5f7dcf461446fdbbb59384fd523cce2,erc20,399999.99999999994,0x34ee7eb307499b9886211e919a04a641f79726b471b96dcec782bbe2f1ca63f7,1649222836,candidate_layering,FRIN,0xc9fe6e1c76210be83dc1b5b20ec7fd010b0b1d15
0x70dcf33ca09bd87bb2a301280331406ebd32c8a0,0x461dda49d5f7dcf461446fdbbb59384fd523cce2,erc20,199999.99999999997,0xd8bda25d4668386722f8f78e87b70d500d7b625c6f8afa29bb3184b9fc4292d4,1649222993,candidate_layering,FRIN,0xc9fe6e1c76210be83dc1b5b20ec7fd010b0b1d15
0x70dcf33ca09bd87bb2a301280331406ebd32c8a0,0x461dda49d5f7dcf461446fdbbb59384fd523cce2,erc20,500000.0,0xdeeb90189ebf73d6c856977cbbcf8d8a19993e6d2282da0f6a62850ad17cf675,1649356215,candidate_layering,FRIN,0xc9fe6e1c76210be83dc1b5b20ec7fd010b0b1d15
0x70dcf33ca09bd87bb2a301280331406ebd32c8a0,0x461dda49d5f7dcf461446fdbbb59384fd523cce2,erc20,500000.0,0x5382520146ddfefc7cf0d8bdaa36c903dcea9a2bce723e5652a91ce422321d1c,1649356452,candidate_layering,FRIN,0xc9fe6e1c76210be83dc1b5b20ec7fd010b0b1d15
0x70dcf33ca09bd87bb2a301280331406ebd32c8a0,0x461dda49d5f7dcf461446fdbbb59384fd523cce2,erc20,500000.0,0xb7c6b10e2b6aec6e7dc156395bfa5baf27346fe433177f58c0a50c40b4bf4edc,1649356512,candidate_layering,FRIN,0xc9fe6e1c76210be83dc1b5b20ec7fd010b0b1d15
0x70dcf33ca09bd87bb2a301280331406ebd32c8a0,0x461dda49d5f7dcf461446fdbbb59384fd523cce2,erc20,500000.0,0xfe5ff5afa12d4a1325566606415e99450cf0e514382362667a083bda6c4d8299,1649356550,candidate_layering,FRIN,0xc9fe6e1c76210be83dc1b5b20ec7fd010b0b1d15
0x70dcf33ca09bd87bb2a301280331406ebd32c8a0,0x461dda49d5f7dcf461446fdbbb59384fd523cce2,erc20,500000.0,0xdfa3393cd871e0ea69ed77a6f38f2e71e1758c05cae8067621f882a5177a116c,1649356607,candidate_layering,FRIN,0xc9fe6e1c76210be83dc1b5b20ec7fd010b0b1d15
0x70dcf33ca09bd87bb2a301280331406ebd32c8a0,0x461dda49d5f7dcf461446fdbbb59384fd523cce2,erc20,593293.19,0x996b3e89f5357d27ecc50ecb88f6c36f3ee7c3b63bfbf3f9b3d8ba21f9536228,1649356651,candidate_layering,FRIN,0xc9fe6e1c76210be83dc1b5b20ec7fd010b0b1d15
0x70dcf33ca09bd87bb2a301280331406ebd32c8a0,0x40ec5b33f54e0e8a33a975908c5ba1c14e5bbbdf,erc20,1000.0,0x2f7f76cecbb359093cef28c64c1d94b07955098017523583ab52f0d7a78805c0,1649357099,candidate_layering,PRXY,0x22acaee85ddb83a3a33b7f0928a0e2c3bfdb6a4f
0x70dcf33ca09bd87bb2a301280331406ebd32c8a0,0x684b00a5773679f88598a19976fbeb25a68e9a5f,erc20,80000.0,0x3ebdecc819d8fdd67750c0e096f75d7b83b4be90b58804ad6c3d98fab0938039,1649358271,candidate_layering,eXRD,0x6468e79a80c0eab0f9a2b574c8d5bc374af59414
0x70dcf33ca09bd87bb2a301280331406ebd32c8a0,0x684b00a5773679f88598a19976fbeb25a68e9a5f,erc20,80000.0,0x64ad9da548d5da15f5155442ef04fe44b264ea5803c68b6db2bb3a82b770edac,1649358336,candidate_layering,eXRD,0x6468e79a80c0eab0f9a2b574c8d5bc374af59414
0x70dcf33ca09bd87bb2a301280331406ebd32c8a0,0x684b00a5773679f88598a19976fbeb25a68e9a5f,erc20,66000.0,0xabb3e73980cb3c1eb18509d2f25e745cae19cc93075e791aa9335a41ab35a857,1649358405,candidate_layering,eXRD,0x6468e79a80c0eab0f9a2b574c8d5bc374af59414
0x70dcf33ca09bd87bb2a301280331406ebd32c8a0,0x80d972d2a62ba71814f4e08bd27f95e5d81d02a9,erc20,5000.0,0x18fcb2689111d0e569a25c68bb6b298ae81846694e841fe20545346750b4b25c,1649358703,candidate_layering,STOS,0x08c32b0726c5684024ea6e141c50ade9690bbdcc
0x70dcf33ca09bd87bb2a301280331406ebd32c8a0,0x70885952f174fb5396deebb66ce3b4b2adfcef8a,erc20,5000.0,0x18fcb2689111d0e569a25c68bb6b298ae81846694e841fe20545346750b4b25c,1649358703,candidate_layering,STOS,0x08c32b0726c5684024ea6e141c50ade9690bbdcc
0x70dcf33ca09bd87bb2a301280331406ebd32c8a0,0x80d972d2a62ba71814f4e08bd27f95e5d81d02a9,erc20,4500.0,0x1cc2865f1bfc341ba24187be69ce0ef3c8bcf761d43d5d1a0ee4938bae5cb737,1649358769,candidate_layering,STOS,0x08c32b0726c5684024ea6e141c50ade9690bbdcc
0x70dcf33ca09bd87bb2a301280331406ebd32c8a0,0x70885952f174fb5396deebb66ce3b4b2adfcef8a,erc20,5000.0,0x1cc2865f1bfc341ba24187be69ce0ef3c8bcf761d43d5d1a0ee4938bae5cb737,1649358769,candidate_layering,STOS,0x08c32b0726c5684024ea6e141c50ade9690bbdcc
0x70dcf33ca09bd87bb2a301280331406ebd32c8a0,0xed49728e65246d81fa65f832fd5197467abbbc40,erc20,500.0,0x1cc2865f1bfc341ba24187be69ce0ef3c8bcf761d43d5d1a0ee4938bae5cb737,1649358769,candidate_layering,STOS,0x08c32b0726c5684024ea6e141c50ade9690bbdcc
0x70dcf33ca09bd87bb2a301280331406ebd32c8a0,0x80d972d2a62ba71814f4e08bd27f95e5d81d02a9,erc20,6831.881788839657,0x4c4d7a5595ace2664f0ea29041475624d307277c0745d850774df3447e536bab,1649359012,candidate_layering,STOS,0x08c32b0726c5684024ea6e141c50ade9690bbdcc
0x70dcf33ca09bd87bb2a301280331406ebd32c8a0,0x70885952f174fb5396deebb66ce3b4b2adfcef8a,erc20,3678.705578605969,0x4c4d7a5595ace2664f0ea29041475624d307277c0745d850774df3447e536bab,1649359012,candidate_layering,STOS,0x08c32b0726c5684024ea6e141c50ade9690bbdcc
0x70dcf33ca09bd87bb2a301280331406ebd32c8a0,0x99dfde431b40321a35deb6aeb55cf338ddd6eccd,erc20,15000.0,0x715cfb51cf54558c16eefa536d6d6ac47cefd10b1db16cff21b8b491798f12ec,1649360227,candidate_layering,UFT,0x0202be363b8a4820f3f4de7faf5224ff05943ab1
0x70dcf33ca09bd87bb2a301280331406ebd32c8a0,0x99dfde431b40321a35deb6aeb55cf338ddd6eccd,erc20,20000.0,0x78313585310e3f1d63d139a35a252c3ba2db9d3c0e12b5ce2e15f12e2b1fe8da,1649360334,candidate_layering,UFT,0x0202be363b8a4820f3f4de7faf5224ff05943ab1
0x70dcf33ca09bd87bb2a301280331406ebd32c8a0,0x99dfde431b40321a35deb6aeb55cf338ddd6eccd,erc20,20000.0,0x3719cb5700cb00bcedcf6a14a9ed4304c8370becf0309790f68a3f9fc4614b71,1649360383,candidate_layering,UFT,0x0202be363b8a4820f3f4de7faf5224ff05943ab1
0x70dcf33ca09bd87bb2a301280331406ebd32c8a0,0x99dfde431b40321a35deb6aeb55cf338ddd6eccd,erc20,20000.0,0x28d0d0635f61ea0ccdd7e3820514291d02f6c62794680e30a233c3ae76d20b3d,1649360512,candidate_layering,UFT,0x0202be363b8a4820f3f4de7faf5224ff05943ab1
0x70dcf33ca09bd87bb2a301280331406ebd32c8a0,0x99dfde431b40321a35deb6aeb55cf338ddd6eccd,erc20,20000.0,0xbf7995354695e3e1309e4731b4751dd8189d8566812eb9d741e4c1565bc489d0,1649360602,candidate_layering,UFT,0x0202be363b8a4820f3f4de7faf5224ff05943ab1
0x70dcf33ca09bd87bb2a301280331406ebd32c8a0,0x99dfde431b40321a35deb6aeb55cf338ddd6eccd,erc20,20000.0,0x6912c12778767d6108c1de54b1e8a82bc8f75f1cb0a525fd4371d5b9a614bd4a,1649360761,candidate_layering,UFT,0x0202be363b8a4820f3f4de7faf5224ff05943ab1
0x70dcf33ca09bd87bb2a301280331406ebd32c8a0,0x99dfde431b40321a35deb6aeb55cf338ddd6eccd,erc20,20000.0,0xe2b21c3f74840fc3a739619109d3cd5272b96eb1b54426646cbf24450bb54409,1649361174,candidate_layering,UFT,0x0202be363b8a4820f3f4de7faf5224ff05943ab1
0x70dcf33ca09bd87bb2a301280331406ebd32c8a0,0x99dfde431b40321a35deb6aeb55cf338ddd6eccd,erc20,20000.0,0xd3b7770e2b07cfb3219d83b2cb7c8f68e68806a6b4734fa849d64a8614a3867c,1649361852,candidate_layering,UFT,0x0202be363b8a4820f3f4de7faf5224ff05943ab1
0x70dcf33ca09bd87bb2a301280331406ebd32c8a0,0x99dfde431b40321a35deb6aeb55cf338ddd6eccd,erc20,17164.55677180548,0xee1ee0a62d2df492b439f7e2e8704f4daa901029397f3aa03143ce115007b758,1649361921,candidate_layering,UFT,0x0202be363b8a4820f3f4de7faf5224ff05943ab1
0x70dcf33ca09bd87bb2a301280331406ebd32c8a0,0x05f21e62952566cefb77f5153ec6b83c14fb6b1d,erc20,399999.99999999994,0xc5646b75f32e0d8a17996e82e5c6d399f385db83aacaeeb3e23db92fc3d90a9f,1649362816,candidate_layering,RFuel,0xaf9f549774ecedbd0966c52f250acc548d3f36e5
0x70dcf33ca09bd87bb2a301280331406ebd32c8a0,0x05f21e62952566cefb77f5153ec6b83c14fb6b1d,erc20,399999.99999999994,0x8c573a412fc4285eb9fb74a18d5df95cb5c9fb520c131c58be1f3e8497c0dec7,1649362916,candidate_layering,RFuel,0xaf9f549774ecedbd0966c52f250acc548d3f36e5
0x70dcf33ca09bd87bb2a301280331406ebd32c8a0,0x05f21e62952566cefb77f5153ec6b83c14fb6b1d,erc20,399999.99999999994,0xddb3e5e7ed52eab91823c32432ee075cf0564287c885b0f98c8f27c7f968e11a,1649363187,candidate_layering,RFuel,0xaf9f549774ecedbd0966c52f250acc548d3f36e5
0x70dcf33ca09bd87bb2a301280331406ebd32c8a0,0x05f21e62952566cefb77f5153ec6b83c14fb6b1d,erc20,402987.2070969578,0xe553a4f6ef4cdf56aa6c448ea75de55ede0c61a01327207c0af8f327b3f9841c,1649363241,candidate_layering,RFuel,0xaf9f549774ecedbd0966c52f250acc548d3f36e5
0x70dcf33ca09bd87bb2a301280331406ebd32c8a0,0x74de5d4fcbf63e00296fd95d33236b9794016631,erc20,100000.0,0xb143cad5aa2eec94c2870e164d97a029662ecb757f3176d7b2a6356ffe685133,1649363604,candidate_layering,OIN,0x9aeb50f542050172359a0e1a25a9933bc8c01259
0x70dcf33ca09bd87bb2a301280331406ebd32c8a0,0x74de5d4fcbf63e00296fd95d33236b9794016631,erc20,10000.0,0x225fda8ccc4254a8807a003624786312c7a1c0fd5e556aa0d8b4cd109f0b68bb,1649462049,candidate_layering,OIN,0x9aeb50f542050172359a0e1a25a9933bc8c01259
0x70dcf33ca09bd87bb2a301280331406ebd32c8a0,0x74de5d4fcbf63e00296fd95d33236b9794016631,erc20,20000.0,0xf68858a40e9e83db0e38f6284d9110eeb617288d20867dba151a5a2f82ca534d,1649462180,candidate_layering,OIN,0x9aeb50f542050172359a0e1a25a9933bc8c01259
0x70dcf33ca09bd87bb2a301280331406ebd32c8a0,0x74de5d4fcbf63e00296fd95d33236b9794016631,erc20,30000.0,0x43d4d97a5a5f4209efc2dbc35ed8e2d24cdba7e748311b06ee12399b96e81cc1,1649462251,candidate_layering,OIN,0x9aeb50f542050172359a0e1a25a9933bc8c01259
0x70dcf33ca09bd87bb2a301280331406ebd32c8a0,0x74de5d4fcbf63e00296fd95d33236b9794016631,erc20,20000.0,0xcb14281ff21d142cff458734a12b3235565c5bacece95139b4a6abb964a4bda8,1649462292,candidate_layering,OIN,0x9aeb50f542050172359a0e1a25a9933bc8c01259
0x70dcf33ca09bd87bb2a301280331406ebd32c8a0,0x74de5d4fcbf63e00296fd95d33236b9794016631,erc20,30000.0,0xda3d3533f0e1d8f452f3441a62626f00852c2e39581201e43fff4eed866a03dc,1649463852,candidate_layering,OIN,0x9aeb50f542050172359a0e1a25a9933bc8c01259
0x70dcf33ca09bd87bb2a301280331406ebd32c8a0,0x74de5d4fcbf63e00296fd95d33236b9794016631,erc20,30000.0,0x70783bdafd16fc7acfa6bf416c48e13e7bd9ee82e358276903ec2def0008eb17,1649463988,candidate_layering,OIN,0x9aeb50f542050172359a0e1a25a9933bc8c01259
0x70dcf33ca09bd87bb2a301280331406ebd32c8a0,0x74de5d4fcbf63e00296fd95d33236b9794016631,erc20,30000.0,0x4938b3b837f7c8421d1518c59f8e9f675395c5f00e24173e83e6038c5bed71af,1649464303,candidate_layering,OIN,0x9aeb50f542050172359a0e1a25a9933bc8c01259
0x70dcf33ca09bd87bb2a301280331406ebd32c8a0,0x74de5d4fcbf63e00296fd95d33236b9794016631,erc20,20000.0,0xe3c5ee6c3467625a30afb1b8ff40ddb389608171e922265fadee98cf3f53e6f6,1649465348,candidate_layering,OIN,0x9aeb50f542050172359a0e1a25a9933bc8c01259
0x70dcf33ca09bd87bb2a301280331406ebd32c8a0,0x74de5d4fcbf63e00296fd95d33236b9794016631,erc20,30000.0,0xff915decdcad3c0d68bf4d07233049f755765119a1a6f21469b4b7b31130387a,1649465367,candidate_layering,OIN,0x9aeb50f542050172359a0e1a25a9933bc8c01259
0x70dcf33ca09bd87bb2a301280331406ebd32c8a0,0x74de5d4fcbf63e00296fd95d33236b9794016631,erc20,20000.0,0x054004bcbcda784b65b762ae8903555df4f6e5622e41acd4ad32b5b47bde099a,1649466046,candidate_layering,OIN,0x9aeb50f542050172359a0e1a25a9933bc8c01259
0x70dcf33ca09bd87bb2a301280331406ebd32c8a0,0x74de5d4fcbf63e00296fd95d33236b9794016631,erc20,20000.0,0x7217db27e0a607499103d2967abe693ce77f277c485a3ff0364325bd71dcd014,1649466399,candidate_layering,OIN,0x9aeb50f542050172359a0e1a25a9933bc8c01259
0x70dcf33ca09bd87bb2a301280331406ebd32c8a0,0x74de5d4fcbf63e00296fd95d33236b9794016631,erc20,20000.0,0x9e4407e5233c6cca179ec65e27c22d5fd9730c27776c0fbee8cac7d66d75a03e,1649466734,candidate_layering,OIN,0x9aeb50f542050172359a0e1a25a9933bc8c01259
0x70dcf33ca09bd87bb2a301280331406ebd32c8a0,0x74de5d4fcbf63e00296fd95d33236b9794016631,erc20,20000.0,0xf735de13fec565737f60886c61df568327b112c04319461ba80d06c571afb986,1649467168,candidate_layering,OIN,0x9aeb50f542050172359a0e1a25a9933bc8c01259
0x70dcf33ca09bd87bb2a301280331406ebd32c8a0,0x74de5d4fcbf63e00296fd95d33236b9794016631,erc20,30000.0,0x3624e461f7fc54b68487075dee5f734b37238a06da3306a94b64e024a599d6a1,1649467584,candidate_layering,OIN,0x9aeb50f542050172359a0e1a25a9933bc8c01259
0x70dcf33ca09bd87bb2a301280331406ebd32c8a0,0x74de5d4fcbf63e00296fd95d33236b9794016631,erc20,25410.064353,0xff2596a8f521299f8150ab06b96b1f8c5802c3351b599411b34ded3181a470b0,1649467650,candidate_layering,OIN,0x9aeb50f542050172359a0e1a25a9933bc8c01259
0x70dcf33ca09bd87bb2a301280331406ebd32c8a0,0x88fcdd9cd5ee7e53ba452c45f7f704041df0b042,erc20,300000.0,0x6e2160a46e979ca3e139caa3c40a9b43a49bbea285348294bd4df487012e8947,1649470545,candidate_layering,MIX,0x5d285f735998f36631f678ff41fb56a10a4d0429
0x70dcf33ca09bd87bb2a301280331406ebd32c8a0,0xe7f70c26ac86cc6c512c9d2d84496ecdb8d2b744,erc20,300000.0,0x6e2160a46e979ca3e139caa3c40a9b43a49bbea285348294bd4df487012e8947,1649470545,candidate_layering,MIX,0x5d285f735998f36631f678ff41fb56a10a4d0429
0x70dcf33ca09bd87bb2a301280331406ebd32c8a0,0x88fcdd9cd5ee7e53ba452c45f7f704041df0b042,erc20,250000.0,0x99c04d22cea1a2b3d5d234f96536eb94eefe8cb89a1a972c1e19b14ec229f87a,1649470622,candidate_layering,MIX,0x5d285f735998f36631f678ff41fb56a10a4d0429
0x70dcf33ca09bd87bb2a301280331406ebd32c8a0,0xe7f70c26ac86cc6c512c9d2d84496ecdb8d2b744,erc20,250000.0,0x99c04d22cea1a2b3d5d234f96536eb94eefe8cb89a1a972c1e19b14ec229f87a,1649470622,candidate_layering,MIX,0x5d285f735998f36631f678ff41fb56a10a4d0429
0x70dcf33ca09bd87bb2a301280331406ebd32c8a0,0x88fcdd9cd5ee7e53ba452c45f7f704041df0b042,erc20,250000.0,0x3d5eac1da5946d106ebb3a3b3dda8368882037346e2775f508d2b649db2a06eb,1649470710,candidate_layering,MIX,0x5d285f735998f36631f678ff41fb56a10a4d0429
0x70dcf33ca09bd87bb2a301280331406ebd32c8a0,0xe7f70c26ac86cc6c512c9d2d84496ecdb8d2b744,erc20,250000.0,0x3d5eac1da5946d106ebb3a3b3dda8368882037346e2775f508d2b649db2a06eb,1649470710,candidate_layering,MIX,0x5d285f735998f36631f678ff41fb56a10a4d0429
0x70dcf33ca09bd87bb2a301280331406ebd32c8a0,0x88fcdd9cd5ee7e53ba452c45f7f704041df0b042,erc20,250000.0,0x39ba588311dd5c23303aa1881ea20bda06f14bb14fdd9df65cd1b67c6fe4c34e,1649470800,candidate_layering,MIX,0x5d285f735998f36631f678ff41fb56a10a4d0429
0x70dcf33ca09bd87bb2a301280331406ebd32c8a0,0xe7f70c26ac86cc6c512c9d2d84496ecdb8d2b744,erc20,250000.0,0x39ba588311dd5c23303aa1881ea20bda06f14bb14fdd9df65cd1b67c6fe4c34e,1649470800,candidate_layering,MIX,0x5d285f735998f36631f678ff41fb56a10a4d0429
0x70dcf33ca09bd87bb2a301280331406ebd32c8a0,0x88fcdd9cd5ee7e53ba452c45f7f704041df0b042,erc20,250000.0,0xbe5708a976cd070852fa2458d9510272e492528b1952437880a3b01dfc92e18e,1649470925,candidate_layering,MIX,0x5d285f735998f36631f678ff41fb56a10a4d0429
0x70dcf33ca09bd87bb2a301280331406ebd32c8a0,0xe7f70c26ac86cc6c512c9d2d84496ecdb8d2b744,erc20,250000.0,0xbe5708a976cd070852fa2458d9510272e492528b1952437880a3b01dfc92e18e,1649470925,candidate_layering,MIX,0x5d285f735998f36631f678ff41fb56a10a4d0429
0x70dcf33ca09bd87bb2a301280331406ebd32c8a0,0xe7f70c26ac86cc6c512c9d2d84496ecdb8d2b744,erc20,300000.0,0xac8172530e379fa993e46a7ff8ea5546dcefabfc7a77930ced5f04c35f79f510,1649471286,candidate_layering,MIX,0x5d285f735998f36631f678ff41fb56a10a4d0429
0x70dcf33ca09bd87bb2a301280331406ebd32c8a0,0x88fcdd9cd5ee7e53ba452c45f7f704041df0b042,erc20,199999.99999999997,0xac8172530e379fa993e46a7ff8ea5546dcefabfc7a77930ced5f04c35f79f510,1649471286,candidate_layering,MIX,0x5d285f735998f36631f678ff41fb56a10a4d0429
0x70dcf33ca09bd87bb2a301280331406ebd32c8a0,0x88fcdd9cd5ee7e53ba452c45f7f704041df0b042,erc20,500000.0,0x66f0d36cd64ce3a3e1be7fd286e67bc029c1437663b7e189ccb2d373369283a8,1649471662,candidate_layering,MIX,0x5d285f735998f36631f678ff41fb56a10a4d0429
0x70dcf33ca09bd87bb2a301280331406ebd32c8a0,0xe7f70c26ac86cc6c512c9d2d84496ecdb8d2b744,erc20,500000.0,0x66f0d36cd64ce3a3e1be7fd286e67bc029c1437663b7e189ccb2d373369283a8,1649471662,candidate_layering,MIX,0x5d285f735998f36631f678ff41fb56a10a4d0429
0x70dcf33ca09bd87bb2a301280331406ebd32c8a0,0x88fcdd9cd5ee7e53ba452c45f7f704041df0b042,erc20,275000.0,0x19a5ef153570691f94b674f25e4c72c1cdbbb377f8a348376e77e567308db68f,1649472574,candidate_layering,MIX,0x5d285f735998f36631f678ff41fb56a10a4d0429
0x70dcf33ca09bd87bb2a301280331406ebd32c8a0,0xe7f70c26ac86cc6c512c9d2d84496ecdb8d2b744,erc20,225000.0,0x19a5ef153570691f94b674f25e4c72c1cdbbb377f8a348376e77e567308db68f,1649472574,candidate_layering,MIX,0x5d285f735998f36631f678ff41fb56a10a4d0429
0x70dcf33ca09bd87bb2a301280331406ebd32c8a0,0xe7f70c26ac86cc6c512c9d2d84496ecdb8d2b744,erc20,325000.0,0x877901f908a892e1226d74f175dc3176b0db9c72c0f2e36627a9bd8dfc05db2b,1649472651,candidate_layering,MIX,0x5d285f735998f36631f678ff41fb56a10a4d0429
0x70dcf33ca09bd87bb2a301280331406ebd32c8a0,0x88fcdd9cd5ee7e53ba452c45f7f704041df0b042,erc20,175000.0,0x877901f908a892e1226d74f175dc3176b0db9c72c0f2e36627a9bd8dfc05db2b,1649472651,candidate_layering,MIX,0x5d285f735998f36631f678ff41fb56a10a4d0429
0x70dcf33ca09bd87bb2a301280331406ebd32c8a0,0xe7f70c26ac86cc6c512c9d2d84496ecdb8d2b744,erc20,275000.0,0x474d319e2be2ad6556e3b79988e7406d1ed39c25b1fc5b58b4918769cb9fd6d2,1649473115,candidate_layering,MIX,0x5d285f735998f36631f678ff41fb56a10a4d0429
0x70dcf33ca09bd87bb2a301280331406ebd32c8a0,0x88fcdd9cd5ee7e53ba452c45f7f704041df0b042,erc20,225000.0,0x474d319e2be2ad6556e3b79988e7406d1ed39c25b1fc5b58b4918769cb9fd6d2,1649473115,candidate_layering,MIX,0x5d285f735998f36631f678ff41fb56a10a4d0429
0x70dcf33ca09bd87bb2a301280331406ebd32c8a0,0x88fcdd9cd5ee7e53ba452c45f7f704041df0b042,erc20,500000.0,0x5ea46c873fb2a975a2e4ca91b704ba5b2472663b8c8a4ccfe96d4f7d27bcd5ba,1649478458,candidate_layering,MIX,0x5d285f735998f36631f678ff41fb56a10a4d0429
0x70dcf33ca09bd87bb2a301280331406ebd32c8a0,0xe7f70c26ac86cc6c512c9d2d84496ecdb8d2b744,erc20,500000.0,0x5ea46c873fb2a975a2e4ca91b704ba5b2472663b8c8a4ccfe96d4f7d27bcd5ba,1649478458,candidate_layering,MIX,0x5d285f735998f36631f678ff41fb56a10a4d0429
0x70dcf33ca09bd87bb2a301280331406ebd32c8a0,0x88fcdd9cd5ee7e53ba452c45f7f704041df0b042,erc20,275000.0,0xf88dbc70ba7c2f1cd9afecec48aabc1ea7eb428368051e09fe8e0bac3c1dd022,1649478568,candidate_layering,MIX,0x5d285f735998f36631f678ff41fb56a10a4d0429
0x70dcf33ca09bd87bb2a301280331406ebd32c8a0,0xe7f70c26ac86cc6c512c9d2d84496ecdb8d2b744,erc20,225000.0,0xf88dbc70ba7c2f1cd9afecec48aabc1ea7eb428368051e09fe8e0bac3c1dd022,1649478568,candidate_layering,MIX,0x5d285f735998f36631f678ff41fb56a10a4d0429
0x70dcf33ca09bd87bb2a301280331406ebd32c8a0,0x88fcdd9cd5ee7e53ba452c45f7f704041df0b042,erc20,250000.0,0x3ef86eb419582f2ad08dfbca23c9ea8aa45d421637492e8759235ef19985e3a6,1649478930,candidate_layering,MIX,0x5d285f735998f36631f678ff41fb56a10a4d0429
0x70dcf33ca09bd87bb2a301280331406ebd32c8a0,0xe7f70c26ac86cc6c512c9d2d84496ecdb8d2b744,erc20,250000.0,0x3ef86eb419582f2ad08dfbca23c9ea8aa45d421637492e8759235ef19985e3a6,1649478930,candidate_layering,MIX,0x5d285f735998f36631f678ff41fb56a10a4d0429
0x70dcf33ca09bd87bb2a301280331406ebd32c8a0,0xe7f70c26ac86cc6c512c9d2d84496ecdb8d2b744,erc20,275000.0,0x2b4523245db1870e8eda017544cc503043da8addc146744731279fad2b2c4bd4,1649479308,candidate_layering,MIX,0x5d285f735998f36631f678ff41fb56a10a4d0429
0x70dcf33ca09bd87bb2a301280331406ebd32c8a0,0x88fcdd9cd5ee7e53ba452c45f7f704041df0b042,erc20,225000.0,0x2b4523245db1870e8eda017544cc503043da8addc146744731279fad2b2c4bd4,1649479308,candidate_layering,MIX,0x5d285f735998f36631f678ff41fb56a10a4d0429
0x70dcf33ca09bd87bb2a301280331406ebd32c8a0,0x7bd938218d772483534d141df17272cb9d82b965,erc20,399999.99999999994,0x4118d4d5066498d558a9adb29a5f0259dae2a4595b4bae22fdb76f3600672e24,1649479386,candidate_layering,DEC,0x30f271c9e86d2b7d00a6376cd96a1cfbd5f0b9b3
0x70dcf33ca09bd87bb2a301280331406ebd32c8a0,0xe7f70c26ac86cc6c512c9d2d84496ecdb8d2b744,erc20,275000.0,0x51b578f0fb2c7c6b781e05557f09403283478cc1fc5429ff2e8f8b44a2ea2462,1649479587,candidate_layering,MIX,0x5d285f735998f36631f678ff41fb56a10a4d0429
0x70dcf33ca09bd87bb2a301280331406ebd32c8a0,0x88fcdd9cd5ee7e53ba452c45f7f704041df0b042,erc20,225000.0,0x51b578f0fb2c7c6b781e05557f09403283478cc1fc5429ff2e8f8b44a2ea2462,1649479587,candidate_layering,MIX,0x5d285f735998f36631f678ff41fb56a10a4d0429
0x70dcf33ca09bd87bb2a301280331406ebd32c8a0,0xe7f70c26ac86cc6c512c9d2d84496ecdb8d2b744,erc20,275000.0,0xac02aaec697fe3f827b05a0af6b5f48ff6894a527a17f5c205fe005e765261d9,1649479745,candidate_layering,MIX,0x5d285f735998f36631f678ff41fb56a10a4d0429
0x70dcf33ca09bd87bb2a301280331406ebd32c8a0,0x88fcdd9cd5ee7e53ba452c45f7f704041df0b042,erc20,225000.0,0xac02aaec697fe3f827b05a0af6b5f48ff6894a527a17f5c205fe005e765261d9,1649479745,candidate_layering,MIX,0x5d285f735998f36631f678ff41fb56a10a4d0429
0x70dcf33ca09bd87bb2a301280331406ebd32c8a0,0x88fcdd9cd5ee7e53ba452c45f7f704041df0b042,erc20,275000.0,0x9130c58e586af032c85036fece7a46efe093900b026503a1cfd99943a97e4286,1649479875,candidate_layering,MIX,0x5d285f735998f36631f678ff41fb56a10a4d0429
0x70dcf33ca09bd87bb2a301280331406ebd32c8a0,0xe7f70c26ac86cc6c512c9d2d84496ecdb8d2b744,erc20,225000.0,0x9130c58e586af032c85036fece7a46efe093900b026503a1cfd99943a97e4286,1649479875,candidate_layering,MIX,0x5d285f735998f36631f678ff41fb56a10a4d0429
0x70dcf33ca09bd87bb2a301280331406ebd32c8a0,0xe7f70c26ac86cc6c512c9d2d84496ecdb8d2b744,erc20,250000.0,0x6d4c78b8f3b3e4899a9163468810dcfcfdf944c0da2c656e93e327cabdfcb095,1649480167,candidate_layering,MIX,0x5d285f735998f36631f678ff41fb56a10a4d0429
0x70dcf33ca09bd87bb2a301280331406ebd32c8a0,0x88fcdd9cd5ee7e53ba452c45f7f704041df0b042,erc20,250000.0,0x6d4c78b8f3b3e4899a9163468810dcfcfdf944c0da2c656e93e327cabdfcb095,1649480167,candidate_layering,MIX,0x5d285f735998f36631f678ff41fb56a10a4d0429
0x70dcf33ca09bd87bb2a301280331406ebd32c8a0,0xe7f70c26ac86cc6c512c9d2d84496ecdb8d2b744,erc20,275000.0,0x126531d6c7fe5b79f802b67235ab09e8cd412cc69ab885aba63c9dc518388e12,1649480743,candidate_layering,MIX,0x5d285f735998f36631f678ff41fb56a10a4d0429
0x70dcf33ca09bd87bb2a301280331406ebd32c8a0,0x88fcdd9cd5ee7e53ba452c45f7f704041df0b042,erc20,225000.0,0x126531d6c7fe5b79f802b67235ab09e8cd412cc69ab885aba63c9dc518388e12,1649480743,candidate_layering,MIX,0x5d285f735998f36631f678ff41fb56a10a4d0429
0x70dcf33ca09bd87bb2a301280331406ebd32c8a0,0x88fcdd9cd5ee7e53ba452c45f7f704041df0b042,erc20,250000.0,0x03dcbf7e3895e63e9014921c349f8dcc273ff75d2baaf3f8a6775eaa0b30c6ab,1649480990,candidate_layering,MIX,0x5d285f735998f36631f678ff41fb56a10a4d0429
0x70dcf33ca09bd87bb2a301280331406ebd32c8a0,0xe7f70c26ac86cc6c512c9d2d84496ecdb8d2b744,erc20,250000.0,0x03dcbf7e3895e63e9014921c349f8dcc273ff75d2baaf3f8a6775eaa0b30c6ab,1649480990,candidate_layering,MIX,0x5d285f735998f36631f678ff41fb56a10a4d0429
0x70dcf33ca09bd87bb2a301280331406ebd32c8a0,0x88fcdd9cd5ee7e53ba452c45f7f704041df0b042,erc20,250000.0,0xe23c6c14f1465c8d99f570d685f1de431b8a098bca9f1494acf3da54c7a2f27b,1649481186,candidate_layering,MIX,0x5d285f735998f36631f678ff41fb56a10a4d0429
0x70dcf33ca09bd87bb2a301280331406ebd32c8a0,0xe7f70c26ac86cc6c512c9d2d84496ecdb8d2b744,erc20,250000.0,0xe23c6c14f1465c8d99f570d685f1de431b8a098bca9f1494acf3da54c7a2f27b,1649481186,candidate_layering,MIX,0x5d285f735998f36631f678ff41fb56a10a4d0429
0x70dcf33ca09bd87bb2a301280331406ebd32c8a0,0xe7f70c26ac86cc6c512c9d2d84496ecdb8d2b744,erc20,275000.0,0x5e82048ebfd7e2e8efef1c149b096f65af1c43dfb53bcf9c5f0115ba8673474b,1649481592,candidate_layering,MIX,0x5d285f735998f36631f678ff41fb56a10a4d0429
0x70dcf33ca09bd87bb2a301280331406ebd32c8a0,0x88fcdd9cd5ee7e53ba452c45f7f704041df0b042,erc20,225000.0,0x5e82048ebfd7e2e8efef1c149b096f65af1c43dfb53bcf9c5f0115ba8673474b,1649481592,candidate_layering,MIX,0x5d285f735998f36631f678ff41fb56a10a4d0429
0x70dcf33ca09bd87bb2a301280331406ebd32c8a0,0x88fcdd9cd5ee7e53ba452c45f7f704041df0b042,erc20,250000.0,0x336729e360114b5643a3d339af90b51ec5face1abf2d4ac13f887557c14afa01,1649481698,candidate_layering,MIX,0x5d285f735998f36631f678ff41fb56a10a4d0429
0x70dcf33ca09bd87bb2a301280331406ebd32c8a0,0xe7f70c26ac86cc6c512c9d2d84496ecdb8d2b744,erc20,250000.0,0x336729e360114b5643a3d339af90b51ec5face1abf2d4ac13f887557c14afa01,1649481698,candidate_layering,MIX,0x5d285f735998f36631f678ff41fb56a10a4d0429
0x70dcf33ca09bd87bb2a301280331406ebd32c8a0,0xe7f70c26ac86cc6c512c9d2d84496ecdb8d2b744,erc20,275000.0,0x51ddcfe2c071e24734fe18ba70732fd51abcb452eac7fdcde008345f79511089,1649481793,candidate_layering,MIX,0x5d285f735998f36631f678ff41fb56a10a4d0429
0x70dcf33ca09bd87bb2a301280331406ebd32c8a0,0x88fcdd9cd5ee7e53ba452c45f7f704041df0b042,erc20,225000.0,0x51ddcfe2c071e24734fe18ba70732fd51abcb452eac7fdcde008345f79511089,1649481793,candidate_layering,MIX,0x5d285f735998f36631f678ff41fb56a10a4d0429
0x70dcf33ca09bd87bb2a301280331406ebd32c8a0,0x88fcdd9cd5ee7e53ba452c45f7f704041df0b042,erc20,359000.0,0xb20f6601f5858ba160068566dc9bdfdad8a3ab1233eec66d28a87d321959f078,1649482834,candidate_layering,MIX,0x5d285f735998f36631f678ff41fb56a10a4d0429
0x70dcf33ca09bd87bb2a301280331406ebd32c8a0,0xe7f70c26ac86cc6c512c9d2d84496ecdb8d2b744,erc20,359000.0,0xb20f6601f5858ba160068566dc9bdfdad8a3ab1233eec66d28a87d321959f078,1649482834,candidate_layering,MIX,0x5d285f735998f36631f678ff41fb56a10a4d0429
0x70dcf33ca09bd87bb2a301280331406ebd32c8a0,0x2c814e0346672ce6813f7e1eaf944be8703ec10f,erc20,10000.0,0x07413f370f95b7d2750657e0bf8995c43986134999688592d302f0079207b0e4,1649494051,candidate_layering,GEEQ,0x6b9f031d718dded0d681c20cb754f97b3bb81b78
0x70dcf33ca09bd87bb2a301280331406ebd32c8a0,0x2c814e0346672ce6813f7e1eaf944be8703ec10f,erc20,10000.0,0x072534c4d51f8051886515028706607ce05165f26c1af3acbebd55979ef81052,1649494332,candidate_layering,GEEQ,0x6b9f031d718dded0d681c20cb754f97b3bb81b78
0x70dcf33ca09bd87bb2a301280331406ebd32c8a0,0x2c814e0346672ce6813f7e1eaf944be8703ec10f,erc20,10000.0,0x7a47c61e03f825f65ea134c944de4e91466d4d553f0db688fd12cdf0e220e370,1649494420,candidate_layering,GEEQ,0x6b9f031d718dded0d681c20cb754f97b3bb81b78
0x70dcf33ca09bd87bb2a301280331406ebd32c8a0,0x7bd938218d772483534d141df17272cb9d82b965,erc20,80583.41922898797,0xfa77da85d4787ee1ad834616f782a37cd3eee6aa580f9a5c41de1c65bbe08817,1649495196,candidate_layering,DFD,0x20c36f062a31865bed8a5b1e512d9a1a20aa333a
0x70dcf33ca09bd87bb2a301280331406ebd32c8a0,0x92cc4300b9fd36242900bca782b2e9e000bd5099,erc20,800.0,0x43ba84ed56e7e913e2a68da15368ca3365569b722b20ea6647b81615db776039,1649558499,candidate_layering,ROUTE,0x16eccfdbb4ee1a85a33f3a9b21175cd7ae753db4
0x70dcf33ca09bd87bb2a301280331406ebd32c8a0,0x819de42d3ab832eaf7111a222a8a5a7419f13b48,erc20,200.0,0x43ba84ed56e7e913e2a68da15368ca3365569b722b20ea6647b81615db776039,1649558499,candidate_layering,ROUTE,0x16eccfdbb4ee1a85a33f3a9b21175cd7ae753db4
0x70dcf33ca09bd87bb2a301280331406ebd32c8a0,0x92cc4300b9fd36242900bca782b2e9e000bd5099,erc20,750.0,0x246dab6d7fd45354ca741ed4352c425434e279ec105a9fc3ffbcffef66e7b2af,1649558632,candidate_layering,ROUTE,0x16eccfdbb4ee1a85a33f3a9b21175cd7ae753db4
0x70dcf33ca09bd87bb2a301280331406ebd32c8a0,0x819de42d3ab832eaf7111a222a8a5a7419f13b48,erc20,250.0,0x246dab6d7fd45354ca741ed4352c425434e279ec105a9fc3ffbcffef66e7b2af,1649558632,candidate_layering,ROUTE,0x16eccfdbb4ee1a85a33f3a9b21175cd7ae753db4
0x70dcf33ca09bd87bb2a301280331406ebd32c8a0,0x92cc4300b9fd36242900bca782b2e9e000bd5099,erc20,1000.0,0x12410791a8da733a3e62206c6a07c1934d8a246fa069175d43aeb21c1a2f1e8f,1649558690,candidate_layering,ROUTE,0x16eccfdbb4ee1a85a33f3a9b21175cd7ae753db4
0x70dcf33ca09bd87bb2a301280331406ebd32c8a0,0x92cc4300b9fd36242900bca782b2e9e000bd5099,erc20,800.0,0x8165fbc3089949d843e17f6333d519d4232e0237aeb4367d33d861c8de33cae7,1649558798,candidate_layering,ROUTE,0x16eccfdbb4ee1a85a33f3a9b21175cd7ae753db4
0x70dcf33ca09bd87bb2a301280331406ebd32c8a0,0x819de42d3ab832eaf7111a222a8a5a7419f13b48,erc20,200.0,0x8165fbc3089949d843e17f6333d519d4232e0237aeb4367d33d861c8de33cae7,1649558798,candidate_layering,ROUTE,0x16eccfdbb4ee1a85a33f3a9b21175cd7ae753db4
0x70dcf33ca09bd87bb2a301280331406ebd32c8a0,0x92cc4300b9fd36242900bca782b2e9e000bd5099,erc20,700.0,0x6eb2afd434ef1863d8acb8851dedc4c56289de1c7339900e3e4aa0ab9c31f0f6,1649560036,candidate_layering,ROUTE,0x16eccfdbb4ee1a85a33f3a9b21175cd7ae753db4
0x70dcf33ca09bd87bb2a301280331406ebd32c8a0,0x819de42d3ab832eaf7111a222a8a5a7419f13b48,erc20,300.0,0x6eb2afd434ef1863d8acb8851dedc4c56289de1c7339900e3e4aa0ab9c31f0f6,1649560036,candidate_layering,ROUTE,0x16eccfdbb4ee1a85a33f3a9b21175cd7ae753db4
0x70dcf33ca09bd87bb2a301280331406ebd32c8a0,0x92cc4300b9fd36242900bca782b2e9e000bd5099,erc20,1000.0,0x4edf26a877ceab21857ef1f5be282801a4ecc6da9f8cea2a4d51735612c98de5,1649561355,candidate_layering,ROUTE,0x16eccfdbb4ee1a85a33f3a9b21175cd7ae753db4
0x70dcf33ca09bd87bb2a301280331406ebd32c8a0,0x92cc4300b9fd36242900bca782b2e9e000bd5099,erc20,1000.0,0x18b4a1a5b9e040afbf8b949cc2c6b79a507c9565410cace2d5f70245607d4615,1649562885,candidate_layering,ROUTE,0x16eccfdbb4ee1a85a33f3a9b21175cd7ae753db4
0x70dcf33ca09bd87bb2a301280331406ebd32c8a0,0x92cc4300b9fd36242900bca782b2e9e000bd5099,erc20,1000.0,0xb80ed217c24dac25a2c79e6575859dabee28748355119e0c140d58d1b2966bd5,1649563719,candidate_layering,ROUTE,0x16eccfdbb4ee1a85a33f3a9b21175cd7ae753db4
0x70dcf33ca09bd87bb2a301280331406ebd32c8a0,0x50a2e7060781e2849baa21377573db0d6f4b2d73,erc20,500000.0,0xcd2a16d05e1e5b4f0110cc6fb15f4546c8928b940723cd455a6c4f0f5eb2d93a,1649564203,candidate_layering,LIME,0x9d0b65a76274645b29e4cc41b8f23081fa09f4a3
0x70dcf33ca09bd87bb2a301280331406ebd32c8a0,0x92cc4300b9fd36242900bca782b2e9e000bd5099,erc20,1000.0,0x7df8e073535f0d607af68427604c2cebfcb6fa3bb8598e74f7d8838464429902,1649564868,candidate_layering,ROUTE,0x16eccfdbb4ee1a85a33f3a9b21175cd7ae753db4
0x70dcf33ca09bd87bb2a301280331406ebd32c8a0,0x92cc4300b9fd36242900bca782b2e9e000bd5099,erc20,800.0,0x1b6b31438a347d3d656c8f06513ef144c89bf3cfda6c959ff04890fd4cb0a282,1649566472,candidate_layering,ROUTE,0x16eccfdbb4ee1a85a33f3a9b21175cd7ae753db4
0x70dcf33ca09bd87bb2a301280331406ebd32c8a0,0x819de42d3ab832eaf7111a222a8a5a7419f13b48,erc20,200.0,0x1b6b31438a347d3d656c8f06513ef144c89bf3cfda6c959ff04890fd4cb0a282,1649566472,candidate_layering,ROUTE,0x16eccfdbb4ee1a85a33f3a9b21175cd7ae753db4
0x70dcf33ca09bd87bb2a301280331406ebd32c8a0,0x92cc4300b9fd36242900bca782b2e9e000bd5099,erc20,1000.0,0x2910e79a68cdf1de7bae428557f15607556975544097d75b9082d0d2c575effe,1649566731,candidate_layering,ROUTE,0x16eccfdbb4ee1a85a33f3a9b21175cd7ae753db4
0x70dcf33ca09bd87bb2a301280331406ebd32c8a0,0x92cc4300b9fd36242900bca782b2e9e000bd5099,erc20,1600.0,0x27bcacdf4bb2cdab6c06019c683e36c702547caa7f11912e5391a8011a9fae24,1649566809,candidate_layering,ROUTE,0x16eccfdbb4ee1a85a33f3a9b21175cd7ae753db4
0x70dcf33ca09bd87bb2a301280331406ebd32c8a0,0x819de42d3ab832eaf7111a222a8a5a7419f13b48,erc20,400.0,0x27bcacdf4bb2cdab6c06019c683e36c702547caa7f11912e5391a8011a9fae24,1649566809,candidate_layering,ROUTE,0x16eccfdbb4ee1a85a33f3a9b21175cd7ae753db4
0x70dcf33ca09bd87bb2a301280331406ebd32c8a0,0x92cc4300b9fd36242900bca782b2e9e000bd5099,erc20,1000.0,0xd4f90962a4d47d640554f093b88573848165aa46ed1287d9ce894b24e0358db4,1649567306,candidate_layering,ROUTE,0x16eccfdbb4ee1a85a33f3a9b21175cd7ae753db4
0x70dcf33ca09bd87bb2a301280331406ebd32c8a0,0x92cc4300b9fd36242900bca782b2e9e000bd5099,erc20,700.0,0x7b96415b42aabb3f47e4d2d91b1c48700ade2710ce80e7cb9d95cfa0282be39b,1649567416,candidate_layering,ROUTE,0x16eccfdbb4ee1a85a33f3a9b21175cd7ae753db4
0x70dcf33ca09bd87bb2a301280331406ebd32c8a0,0x819de42d3ab832eaf7111a222a8a5a7419f13b48,erc20,300.0,0x7b96415b42aabb3f47e4d2d91b1c48700ade2710ce80e7cb9d95cfa0282be39b,1649567416,candidate_layering,ROUTE,0x16eccfdbb4ee1a85a33f3a9b21175cd7ae753db4
0x70dcf33ca09bd87bb2a301280331406ebd32c8a0,0x92cc4300b9fd36242900bca782b2e9e000bd5099,erc20,1000.0,0xce24c9fb8814f602d48ea960015e59f5facdc3e88fd87d92b191bcbbc7605cb9,1649568118,candidate_layering,ROUTE,0x16eccfdbb4ee1a85a33f3a9b21175cd7ae753db4
0x70dcf33ca09bd87bb2a301280331406ebd32c8a0,0x60031819a16266d896268cfea5d5be0b6c2b5d75,erc20,99999.99999999999,0x8eb94fa0179304204d30fd005723a7f1863375cc09ec2db12954da9b3e4c99fb,1649568669,candidate_layering,VRA,0xf411903cbc70a74d22900a5de66a2dda66507255
0x70dcf33ca09bd87bb2a301280331406ebd32c8a0,0x98409d8ca9629fbe01ab1b914ebf304175e384c8,erc20,1900000.0,0x8eb94fa0179304204d30fd005723a7f1863375cc09ec2db12954da9b3e4c99fb,1649568669,candidate_layering,VRA,0xf411903cbc70a74d22900a5de66a2dda66507255
0x70dcf33ca09bd87bb2a301280331406ebd32c8a0,0x98409d8ca9629fbe01ab1b914ebf304175e384c8,erc20,1000000.0,0xb887db78f8d1b41a48de5099896e8466dcae185b6ac18b3e6383e9628f66b07c,1649568827,candidate_layering,VRA,0xf411903cbc70a74d22900a5de66a2dda66507255
0x70dcf33ca09bd87bb2a301280331406ebd32c8a0,0x92cc4300b9fd36242900bca782b2e9e000bd5099,erc20,1000.0,0x57ce2bdc3587be8cf36855cfdf359a36798c2ef40703656a2bbdcdb67b153860,1649568886,candidate_layering,ROUTE,0x16eccfdbb4ee1a85a33f3a9b21175cd7ae753db4
0x70dcf33ca09bd87bb2a301280331406ebd32c8a0,0x92cc4300b9fd36242900bca782b2e9e000bd5099,erc20,800.0,0x57661416a03c270088d52efccc37fec7883de466ba8e27f325c0bbda24c12693,1649569321,candidate_layering,ROUTE,0x16eccfdbb4ee1a85a33f3a9b21175cd7ae753db4
0x70dcf33ca09bd87bb2a301280331406ebd32c8a0,0x819de42d3ab832eaf7111a222a8a5a7419f13b48,erc20,200.0,0x57661416a03c270088d52efccc37fec7883de466ba8e27f325c0bbda24c12693,1649569321,candidate_layering,ROUTE,0x16eccfdbb4ee1a85a33f3a9b21175cd7ae753db4
0x70dcf33ca09bd87bb2a301280331406ebd32c8a0,0x92cc4300b9fd36242900bca782b2e9e000bd5099,erc20,1000.0,0xdb36b2e64ab150d68beefc1d1e83690090eb6d12729ea392cd967baca4eb5407,1649570170,candidate_layering,ROUTE,0x16eccfdbb4ee1a85a33f3a9b21175cd7ae753db4
0x70dcf33ca09bd87bb2a301280331406ebd32c8a0,0x92cc4300b9fd36242900bca782b2e9e000bd5099,erc20,750.0,0x9f97853a921a5a4de3f9a7632754b3050d85a487b9fea4ddc01044356851e886,1649570617,candidate_layering,ROUTE,0x16eccfdbb4ee1a85a33f3a9b21175cd7ae753db4
0x70dcf33ca09bd87bb2a301280331406ebd32c8a0,0x819de42d3ab832eaf7111a222a8a5a7419f13b48,erc20,250.0,0x9f97853a921a5a4de3f9a7632754b3050d85a487b9fea4ddc01044356851e886,1649570617,candidate_layering,ROUTE,0x16eccfdbb4ee1a85a33f3a9b21175cd7ae753db4
0x70dcf33ca09bd87bb2a301280331406ebd32c8a0,0x92cc4300b9fd36242900bca782b2e9e000bd5099,erc20,1000.0,0x7a11f772ab1ffd6d26d256cbc873fc15aa4f94f962a31111eb71314ae3b8e048,1649571997,candidate_layering,ROUTE,0x16eccfdbb4ee1a85a33f3a9b21175cd7ae753db4
0x70dcf33ca09bd87bb2a301280331406ebd32c8a0,0x60031819a16266d896268cfea5d5be0b6c2b5d75,erc20,75000.0,0xd5ec6561380e33d5d7bc88a8e4af42c851678c1836c4516cc21bcd79bafb7678,1649572427,candidate_layering,VRA,0xf411903cbc70a74d22900a5de66a2dda66507255
0x70dcf33ca09bd87bb2a301280331406ebd32c8a0,0x98409d8ca9629fbe01ab1b914ebf304175e384c8,erc20,1425000.0000000002,0xd5ec6561380e33d5d7bc88a8e4af42c851678c1836c4516cc21bcd79bafb7678,1649572427,candidate_layering,VRA,0xf411903cbc70a74d22900a5de66a2dda66507255
0x70dcf33ca09bd87bb2a301280331406ebd32c8a0,0x92cc4300b9fd36242900bca782b2e9e000bd5099,erc20,1000.0,0x4b13f1d8293a295eec2064531aab178a1f5ac434e560dd8e8f9ab925731921b3,1649573066,candidate_layering,ROUTE,0x16eccfdbb4ee1a85a33f3a9b21175cd7ae753db4
0x70dcf33ca09bd87bb2a301280331406ebd32c8a0,0x92cc4300b9fd36242900bca782b2e9e000bd5099,erc20,750.0,0xc4ccd3fe6a08dd39c20f0a9e2c3a68fc5a155e066daaa20d1800be0764d4a99a,1649573715,candidate_layering,ROUTE,0x16eccfdbb4ee1a85a33f3a9b21175cd7ae753db4
0x70dcf33ca09bd87bb2a301280331406ebd32c8a0,0x819de42d3ab832eaf7111a222a8a5a7419f13b48,erc20,250.0,0xc4ccd3fe6a08dd39c20f0a9e2c3a68fc5a155e066daaa20d1800be0764d4a99a,1649573715,candidate_layering,ROUTE,0x16eccfdbb4ee1a85a33f3a9b21175cd7ae753db4
0x70dcf33ca09bd87bb2a301280331406ebd32c8a0,0x92cc4300b9fd36242900bca782b2e9e000bd5099,erc20,1000.0,0x65a377af510e20b39c241050385b56dae2051f39cd7ad1051e0896cf789627c7,1649573879,candidate_layering,ROUTE,0x16eccfdbb4ee1a85a33f3a9b21175cd7ae753db4
0x70dcf33ca09bd87bb2a301280331406ebd32c8a0,0x92cc4300b9fd36242900bca782b2e9e000bd5099,erc20,1000.0,0xdbea8d1cbf71054867601f9cfa594a1d7abe75f5d8c2f4beb476ed3d81101c3d,1649575108,candidate_layering,ROUTE,0x16eccfdbb4ee1a85a33f3a9b21175cd7ae753db4
0x70dcf33ca09bd87bb2a301280331406ebd32c8a0,0x2c814e0346672ce6813f7e1eaf944be8703ec10f,erc20,10000.0,0xe8ec3b35df3d2131d21ff3a3b7decc707a13cb20f4c7c78afef71d30f9f6c868,1649664550,candidate_layering,GEEQ,0x6b9f031d718dded0d681c20cb754f97b3bb81b78
0x70dcf33ca09bd87bb2a301280331406ebd32c8a0,0x2c814e0346672ce6813f7e1eaf944be8703ec10f,erc20,10000.0,0x75a5c9c2073bad26d0f5ef3c0d8b3fff453767258e76b8bb816dca0ad52176e8,1649664691,candidate_layering,GEEQ,0x6b9f031d718dded0d681c20cb754f97b3bb81b78
0x70dcf33ca09bd87bb2a301280331406ebd32c8a0,0x2c814e0346672ce6813f7e1eaf944be8703ec10f,erc20,10000.0,0x5524034a050d91c29f7635714a3ffc993286d092d89c71d5c807c9c9bb6581b1,1649664765,candidate_layering,GEEQ,0x6b9f031d718dded0d681c20cb754f97b3bb81b78
0x70dcf33ca09bd87bb2a301280331406ebd32c8a0,0x2c814e0346672ce6813f7e1eaf944be8703ec10f,erc20,10000.0,0x1db98f2c4ee7f02ff5ecca035ac8c4fcac7fb1c36c21cc82585d4ea5709d5e43,1649664986,candidate_layering,GEEQ,0x6b9f031d718dded0d681c20cb754f97b3bb81b78
0x70dcf33ca09bd87bb2a301280331406ebd32c8a0,0x2c814e0346672ce6813f7e1eaf944be8703ec10f,erc20,10000.0,0x4591deb3f075805383efda1365efed6b4aa36edac50f04c51aa02d51117a8dc4,1649665118,candidate_layering,GEEQ,0x6b9f031d718dded0d681c20cb754f97b3bb81b78
0x70dcf33ca09bd87bb2a301280331406ebd32c8a0,0x2c814e0346672ce6813f7e1eaf944be8703ec10f,erc20,10000.0,0x407c49fe23df5680243c432d1880c1d8ea82f386253b11a208ed53c07a72456b,1649665271,candidate_layering,GEEQ,0x6b9f031d718dded0d681c20cb754f97b3bb81b78
0x70dcf33ca09bd87bb2a301280331406ebd32c8a0,0x50a2e7060781e2849baa21377573db0d6f4b2d73,erc20,10000.0,0xb9039ea41af3a64c9d415a592cebb43bf155ab1ce05f9394e6ff2d7babe79456,1649683079,candidate_layering,ZIG,0x7bebd226154e865954a87650faefa8f485d36081
0x70dcf33ca09bd87bb2a301280331406ebd32c8a0,0x74de5d4fcbf63e00296fd95d33236b9794016631,erc20,99999.99999999999,0x5d53835e5a59b640a71426968fb9bc99442bc33053113f7ea814fc2e183cc19c,1649683795,candidate_layering,ZIG,0x7bebd226154e865954a87650faefa8f485d36081
0x70dcf33ca09bd87bb2a301280331406ebd32c8a0,0x74de5d4fcbf63e00296fd95d33236b9794016631,erc20,500000.0,0xb9944c3cb1f5f5303e531c7f41f20e888e23d0883151cd6a2959c473e1a34dfe,1649683950,candidate_layering,ZIG,0x7bebd226154e865954a87650faefa8f485d36081
0x70dcf33ca09bd87bb2a301280331406ebd32c8a0,0x74de5d4fcbf63e00296fd95d33236b9794016631,erc20,500000.0,0xc10cd121e9e42c79d1b19590654815d46486720f311fede328619971f06d6850,1649684040,candidate_layering,ZIG,0x7bebd226154e865954a87650faefa8f485d36081
0x70dcf33ca09bd87bb2a301280331406ebd32c8a0,0x74de5d4fcbf63e00296fd95d33236b9794016631,erc20,500000.0,0x5551a145e97c751c9c88110d8aeb561d7805be310e80abfa1ef8b27b4f128c52,1649684136,candidate_layering,ZIG,0x7bebd226154e865954a87650faefa8f485d36081
0x70dcf33ca09bd87bb2a301280331406ebd32c8a0,0x74de5d4fcbf63e00296fd95d33236b9794016631,erc20,500000.0,0xcd14251ea67f049805b876bc1a2ad0eba744c813132d64d73f4717705d4c95c0,1649684219,candidate_layering,ZIG,0x7bebd226154e865954a87650faefa8f485d36081
0x70dcf33ca09bd87bb2a301280331406ebd32c8a0,0x74de5d4fcbf63e00296fd95d33236b9794016631,erc20,500000.0,0xf862a5cb4d6f6e86ac0faba64384cba3442814b2cd432c4068035989b212ee0e,1649685476,candidate_layering,ZIG,0x7bebd226154e865954a87650faefa8f485d36081
0x70dcf33ca09bd87bb2a301280331406ebd32c8a0,0x74de5d4fcbf63e00296fd95d33236b9794016631,erc20,99999.99999999999,0x8db28721516010e5f12a92e002eb83f5643a413f756a916ca07ce0d9a286982f,1649685975,candidate_layering,ZIG,0x7bebd226154e865954a87650faefa8f485d36081
0x70dcf33ca09bd87bb2a301280331406ebd32c8a0,0x74de5d4fcbf63e00296fd95d33236b9794016631,erc20,199999.99999999997,0xa60ef5e9b50424e4d50841933ab6e093ff2ed69ce618ad74efeeed36c9165cc8,1649686462,candidate_layering,ZIG,0x7bebd226154e865954a87650faefa8f485d36081
0x70dcf33ca09bd87bb2a301280331406ebd32c8a0,0x74de5d4fcbf63e00296fd95d33236b9794016631,erc20,500000.0,0x8b04d5ecc57090100a11eb4c74ad099a8861a5f57604e54d2190097bb444f54d,1649687467,candidate_layering,ZIG,0x7bebd226154e865954a87650faefa8f485d36081
0x70dcf33ca09bd87bb2a301280331406ebd32c8a0,0x50a2e7060781e2849baa21377573db0d6f4b2d73,erc20,49999.99999999999,0x2497055edf2db5e537239e02e9cf4bb43d28a71ee1cc60b3c341a5e7e66dcc62,1649687964,candidate_layering,XCAD,0x7659ce147d0e714454073a5dd7003544234b6aa0
0x70dcf33ca09bd87bb2a301280331406ebd32c8a0,0x74de5d4fcbf63e00296fd95d33236b9794016631,erc20,500000.0,0xb7a3b764f5a72da2ca46e637a808112ef256c528dbc905317ddfb83fccbc8391,1649690686,candidate_layering,ZIG,0x7bebd226154e865954a87650faefa8f485d36081
0x70dcf33ca09bd87bb2a301280331406ebd32c8a0,0x6201744528f11ff8cd5c697b4efc4285a41cb279,erc20,10000000.0,0x800998f3000d732326df1c2fcf45dadbbf6fca53b7832b7e2b0d6b8dc4844923,1649835201,candidate_layering,ZIG,0x7bebd226154e865954a87650faefa8f485d36081
0x70dcf33ca09bd87bb2a301280331406ebd32c8a0,0x74de5d4fcbf63e00296fd95d33236b9794016631,erc20,500000.0,0x7f12fe184d75ff42de92ffb58d36dc5d4905e922cb6082483197c38401ca6b9c,1649848187,candidate_layering,ZIG,0x7bebd226154e865954a87650faefa8f485d36081
0x70dcf33ca09bd87bb2a301280331406ebd32c8a0,0x7bd938218d772483534d141df17272cb9d82b965,erc20,2900501.415141036,0x4d02edcf6a78f50f16fd24191f4e8d91d5537d71cf98ff6cb0e9b478a653d42f,1649853522,candidate_layering,DEC,0x30f271c9e86d2b7d00a6376cd96a1cfbd5f0b9b3
0x70dcf33ca09bd87bb2a301280331406ebd32c8a0,0xae6ad38e2293c3e2bb5936edcbf005b135fb168a,erc20,2500000.0,0x32667b0f02b622df59310bc6a3f5574f7183f268ecc34efdedc399ec9155df26,1650495173,candidate_layering,LINA,0x3e9bc21c9b189c09df3ef1b824798658d5011937
0x70dcf33ca09bd87bb2a301280331406ebd32c8a0,0x1445ef011d070380fee36b0b0ded3604de579e52,erc20,7910298.653541906,0xfb93ed799ca8cbf9f822c4f2fd24b51015dacb73a88d766b93d15e7da19e5787,1650498373,candidate_layering,LINA,0x3e9bc21c9b189c09df3ef1b824798658d5011937
0x70dcf33ca09bd87bb2a301280331406ebd32c8a0,0xae6ad38e2293c3e2bb5936edcbf005b135fb168a,erc20,71710.0,0x74490d2ae98c0debe7323fb28b94c7a7bfc05ac477e6b765bb20b546c0444bc1,1650498720,candidate_layering,XCAD,0x7659ce147d0e714454073a5dd7003544234b6aa0
0x70dcf33ca09bd87bb2a301280331406ebd32c8a0,0xae6ad38e2293c3e2bb5936edcbf005b135fb168a,erc20,37773.75536870589,0x90265b77bcdc7d2d43ccb777a020c0b8b50c271193208839fb9af4c54cc81a10,1650504191,candidate_layering,ROUTE,0x16eccfdbb4ee1a85a33f3a9b21175cd7ae753db4
0x70dcf33ca09bd87bb2a301280331406ebd32c8a0,0x1445ef011d070380fee36b0b0ded3604de579e52,erc20,10181431.468311803,0x542d2eed278348a8272eae1de71c0229f9bf8877584d6c62c774ba417cd85cc1,1650506094,candidate_layering,KAON,0x8ab7404063ec4dbcfd4598215992dc3f8ec853d7
0x70dcf33ca09bd87bb2a301280331406ebd32c8a0,0xcd8733f599c8c7c84fa7c13c4fc01b81c1e8d680,erc20,1981463.912,0x362cd027ae0fcfaaed0895cd5091d9cf5b610ff086a0adef587c13541e96bb6e,1650650878,candidate_layering,XEND,0xe4cfe9eaa8cdb0942a80b7bc68fd8ab0f6d44903
0x70dcf33ca09bd87bb2a301280331406ebd32c8a0,0x64c67c945cf3ad574d157486ea2ae3fed8342f36,erc20,7044846.897587709,0x1123b2c2c716238b4d29967f40d6ad92ad5a2e16594ca00d0d5027b6714a9c69,1650651132,candidate_layering,LIME,0x9d0b65a76274645b29e4cc41b8f23081fa09f4a3
0x70dcf33ca09bd87bb2a301280331406ebd32c8a0,0x35321c9c5ba98d4d85c0cf3084e246882a27a777,erc20,226921.86104733928,0xcc616b06a6aaf852432e8394a5a755cebcb3bd921611c8d6bae3bc8c4baaee6e,1650655011,candidate_layering,GEEQ,0x6b9f031d718dded0d681c20cb754f97b3bb81b78
0x70dcf33ca09bd87bb2a301280331406ebd32c8a0,0x35321c9c5ba98d4d85c0cf3084e246882a27a777,erc20,25495000.0,0xb24fab8e65012fe0784316b26fb89b723c7371af946d030eacdd329b56e1a7b1,1650655015,candidate_layering,CUDOS,0x817bbdbc3e8a1204f3691d14bb44992841e3db35
0x70dcf33ca09bd87bb2a301280331406ebd32c8a0,0x35321c9c5ba98d4d85c0cf3084e246882a27a777,erc20,50471.95943433582,0xb38bf08a8d6d0bb137abc3bd22e341bc6b47fa5041495884e6b9e882c059f9c9,1650655031,candidate_layering,CWS,0xac0104cca91d167873b8601d2e71eb3d4d8c33e0
0x70dcf33ca09bd87bb2a301280331406ebd32c8a0,0x35321c9c5ba98d4d85c0cf3084e246882a27a777,erc20,1130806.4333430538,0xba485634d7b2e7615296fd810e15fe39ebf55586ea46674cdfd682c3dd6a040e,1650655075,candidate_layering,UMB,0x6fc13eace26590b80cccab1ba5d51890577d83b2
0x70dcf33ca09bd87bb2a301280331406ebd32c8a0,0x35321c9c5ba98d4d85c0cf3084e246882a27a777,erc20,938560.22512873,0x375ce31048ce023811116edf7c6ce5bf1af9edd4ba5b19b6922a767da9cc9901,1650655285,candidate_layering,CVNT,0x6400b5522f8d448c0803e6245436dd1c81df09ce
0x70dcf33ca09bd87bb2a301280331406ebd32c8a0,0x35321c9c5ba98d4d85c0cf3084e246882a27a777,erc20,14940648.072750196,0x20c747065742d8b851980210568fe53616fe0f46d89283a277e9b4762f5a9495,1650655310,candidate_layering,VRA,0xf411903cbc70a74d22900a5de66a2dda66507255
0x70dcf33ca09bd87bb2a301280331406ebd32c8a0,0x35321c9c5ba98d4d85c0cf3084e246882a27a777,erc20,1835546.47878986,0x21f5dc5dc0f570a12921ca5491ccacbebf7d7726b079caa664c8adf8c351ad59,1650655346,candidate_layering,AGS,0xdb2f2bcce3efa95eda95a233af45f3e0d4f00e2a
0x70dcf33ca09bd87bb2a301280331406ebd32c8a0,0x35321c9c5ba98d4d85c0cf3084e246882a27a777,erc20,2977196.1516429903,0x7718a4e8c2b0013fa6ea940f150cfcd4ae71cdcdc8f58298f5cd365aa7764cbd,1650655403,candidate_layering,CPOOL,0x66761fa41377003622aee3c7675fc7b5c1c2fac5
0x70dcf33ca09bd87bb2a301280331406ebd32c8a0,0x35321c9c5ba98d4d85c0cf3084e246882a27a777,erc20,5870000.0,0x00e19a74541d7f13c05467a6a3d6f825775dac82ebd6c90cde2f163f6de03d0e,1650655443,candidate_layering,CAPS,0x03be5c903c727ee2c8c4e9bc0acc860cca4715e2
0x70dcf33ca09bd87bb2a301280331406ebd32c8a0,0x6cae2b9178e976cd9dc2e1f8160996c48f4d6898,erc20,6223866.736820037,0x0b20f3e6f0827918f121134eed4b5239f893a0255410eeab6df96e15735d270b,1668647231,candidate_layering,ZIG,0x7bebd226154e865954a87650faefa8f485d36081
0x70dcf33ca09bd87bb2a301280331406ebd32c8a0,0x6cae2b9178e976cd9dc2e1f8160996c48f4d6898,erc20,24961.200782304302,0xabc8be2bd6eb3d8eafc8a519ad5cb93e3bcd575f9c24aa1e97fd534341f39acb,1668647267,candidate_layering,PRXY,0x22acaee85ddb83a3a33b7f0928a0e2c3bfdb6a4f
0x70dcf33ca09bd87bb2a301280331406ebd32c8a0,0x6cae2b9178e976cd9dc2e1f8160996c48f4d6898,erc20,147748.2509452245,0xff5518cbbcbb8e037fe0bac8dd8bd855fa013967cd0db6fa7ac0cfe84b2dc2ee,1668647339,candidate_layering,ROOM,0xad4f86a25bbc20ffb751f2fac312a0b4d8f88c64
0x70dcf33ca09bd87bb2a301280331406ebd32c8a0,0xdef171fe48cf0115b1d80b88dc8eab59176fee57,erc20,151688.711146,0xff622b49961fe41e754518f090674561692c7f9603ff5443300267eae6568b39,1668657839,candidate_layering,CART,0x5c8c8d560048f34e5f7f8ad71f2f81a89dbd273e
0x70dcf33ca09bd87bb2a301280331406ebd32c8a0,0x6cae2b9178e976cd9dc2e1f8160996c48f4d6898,erc20,4169012.0516829398,0xaf3b4055add194257ebd78ccdf5303d672360068bed9d6d3945cdc3e636618a2,1668660863,candidate_layering,LAMBS,0x142ac3bd1c94898be6e311b020b547a11dc03990
