source,target,transaction_type,amount,hash,timeStamp,label,tokenSymbol,contractAddress
0xa160cdab225685da1d56aa342ad8841c3b53f291,0xe7cdae12fa73e168cdd134410c0d4f82314b7e0e,internal_eth,97.994,0x30272915c399e727a2a5b7e4913c53c60540d1be8929fd810e00babc511f5e14,1577555782,candidate_layering,,
0xa160cdab225685da1d56aa342ad8841c3b53f291,0x7d3bb46c78b0c4949639ce34896bfd875b97ad08,internal_eth,2.006,0x30272915c399e727a2a5b7e4913c53c60540d1be8929fd810e00babc511f5e14,1577555782,candidate_layering,,
0xa160cdab225685da1d56aa342ad8841c3b53f291,0x5f3ad92018b01acb38a3b9167b1ae2c9198f7c77,internal_eth,100.0,0xe955929707cd0999cbc91e6a6a03ae84fea3d771090d4e10d1a5019831c59aef,1577596313,candidate_layering,,
0xa160cdab225685da1d56aa342ad8841c3b53f291,0x94793d0cdd8e299735ef9f2b7e0e653db43de9ad,internal_eth,100.0,0x31ca997679770fbabea6d9306af87a13453a620bafe9562c7a608abf0323d783,1577835334,candidate_layering,,
0xa160cdab225685da1d56aa342ad8841c3b53f291,0xf1e89db62de855b802bfa63b837ffbf6f222c2b7,internal_eth,98.0895,0xc158c36e5c5b2d37814447e4cd81327d00f7ab997b4dd7c06b9d706438aa61ff,1577987650,candidate_layering,,
0xa160cdab225685da1d56aa342ad8841c3b53f291,0x0f416bc2d310a1c32bc1081cf354c15fd10d4802,internal_eth,1.9105,0xc158c36e5c5b2d37814447e4cd81327d00f7ab997b4dd7c06b9d706438aa61ff,1577987650,candidate_layering,,
0xa160cdab225685da1d56aa342ad8841c3b53f291,0xb349ee9a271921d6606b0fa7748a15b1b93790b9,internal_eth,99.094,0x6e51fc8fd2f64dea3dd188beb8ae432ac18fa7e332bc4a39f73755ae4e03e2b4,1577998796,candidate_layering,,
0xa160cdab225685da1d56aa342ad8841c3b53f291,0xe0f87651d3b65641c0fe1b71c5fbe88236d4b2e6,internal_eth,0.906,0x6e51fc8fd2f64dea3dd188beb8ae432ac18fa7e332bc4a39f73755ae4e03e2b4,1577998796,candidate_layering,,
0xa160cdab225685da1d56aa342ad8841c3b53f291,0x1a0e2a24fb52ef82fb3e0ff1313aea7b9bb1f5cf,internal_eth,99.0935,0x2bca401cb45aa5633e84d8dbbfded8b9f95e60309db98e527892a9cce5712291,1578058682,candidate_layering,,
0xa160cdab225685da1d56aa342ad8841c3b53f291,0xe0f87651d3b65641c0fe1b71c5fbe88236d4b2e6,internal_eth,0.9065,0x2bca401cb45aa5633e84d8dbbfded8b9f95e60309db98e527892a9cce5712291,1578058682,candidate_layering,,
0xa160cdab225685da1d56aa342ad8841c3b53f291,0x1a0e2a24fb52ef82fb3e0ff1313aea7b9bb1f5cf,internal_eth,98.0935,0xa21ac199b654d03c0ecf3dc82e2c694837986f833c39f9c49ee0a641aae53646,1578058848,candidate_layering,,
0xa160cdab225685da1d56aa342ad8841c3b53f291,0x0f416bc2d310a1c32bc1081cf354c15fd10d4802,internal_eth,1.9065,0xa21ac199b654d03c0ecf3dc82e2c694837986f833c39f9c49ee0a641aae53646,1578058848,candidate_layering,,
0xa160cdab225685da1d56aa342ad8841c3b53f291,0x1a0e2a24fb52ef82fb3e0ff1313aea7b9bb1f5cf,internal_eth,99.0945,0x0a26fec3be717fc9239b692ccfeaa3c4cbb6149e65795f8686ee2f92502d2428,1578058961,candidate_layering,,
0xa160cdab225685da1d56aa342ad8841c3b53f291,0xe0f87651d3b65641c0fe1b71c5fbe88236d4b2e6,internal_eth,0.9055,0x0a26fec3be717fc9239b692ccfeaa3c4cbb6149e65795f8686ee2f92502d2428,1578058961,candidate_layering,,
0xa160cdab225685da1d56aa342ad8841c3b53f291,0x1a0e2a24fb52ef82fb3e0ff1313aea7b9bb1f5cf,internal_eth,99.0945,0x4b2f1c4f1bb04867c80899d808f2bf89a3ce50029d93bbb20fb770d86da4279c,1578059035,candidate_layering,,
0xa160cdab225685da1d56aa342ad8841c3b53f291,0xe0f87651d3b65641c0fe1b71c5fbe88236d4b2e6,internal_eth,0.9055,0x4b2f1c4f1bb04867c80899d808f2bf89a3ce50029d93bbb20fb770d86da4279c,1578059035,candidate_layering,,
0xa160cdab225685da1d56aa342ad8841c3b53f291,0x1a0e2a24fb52ef82fb3e0ff1313aea7b9bb1f5cf,internal_eth,97.9945,0xbf50999e367cae2d783645d37b04f435028476f438f66c39e04e474c0b54c797,1578059120,candidate_layering,,
0xa160cdab225685da1d56aa342ad8841c3b53f291,0xefab18983029d2ba840e34698efb67fdf8120711,internal_eth,2.0055,0xbf50999e367cae2d783645d37b04f435028476f438f66c39e04e474c0b54c797,1578059120,candidate_layering,,
0xa160cdab225685da1d56aa342ad8841c3b53f291,0x1a0e2a24fb52ef82fb3e0ff1313aea7b9bb1f5cf,internal_eth,98.0945,0x12c5baea6524c94e99c889e8ec8b2d74c27e57d23140e3df747951861374a651,1578059201,candidate_layering,,
0xa160cdab225685da1d56aa342ad8841c3b53f291,0x0f416bc2d310a1c32bc1081cf354c15fd10d4802,internal_eth,1.9055,0x12c5baea6524c94e99c889e8ec8b2d74c27e57d23140e3df747951861374a651,1578059201,candidate_layering,,
0xa160cdab225685da1d56aa342ad8841c3b53f291,0x1a0e2a24fb52ef82fb3e0ff1313aea7b9bb1f5cf,internal_eth,98.0945,0x50b162d9649be2908b27ee5966c236cba4d800e4948d235743becf8bf139fac2,1578059276,candidate_layering,,
0xa160cdab225685da1d56aa342ad8841c3b53f291,0x0f416bc2d310a1c32bc1081cf354c15fd10d4802,internal_eth,1.9055,0x50b162d9649be2908b27ee5966c236cba4d800e4948d235743becf8bf139fac2,1578059276,candidate_layering,,
0xa160cdab225685da1d56aa342ad8841c3b53f291,0x1a0e2a24fb52ef82fb3e0ff1313aea7b9bb1f5cf,internal_eth,98.0945,0x349c768060f294063eb002f556363209e20d080c1e231b13803b597bdb9e6253,1578059340,candidate_layering,,
0xa160cdab225685da1d56aa342ad8841c3b53f291,0x0f416bc2d310a1c32bc1081cf354c15fd10d4802,internal_eth,1.9055,0x349c768060f294063eb002f556363209e20d080c1e231b13803b597bdb9e6253,1578059340,candidate_layering,,
0xa160cdab225685da1d56aa342ad8841c3b53f291,0x1a0e2a24fb52ef82fb3e0ff1313aea7b9bb1f5cf,internal_eth,99.0945,0xfc198d13fe1dca2ff6cc7b16c379520ca6b29863ca375b43efda22457316de30,1578059424,candidate_layering,,
0xa160cdab225685da1d56aa342ad8841c3b53f291,0xe0f87651d3b65641c0fe1b71c5fbe88236d4b2e6,internal_eth,0.9055,0xfc198d13fe1dca2ff6cc7b16c379520ca6b29863ca375b43efda22457316de30,1578059424,candidate_layering,,
0xa160cdab225685da1d56aa342ad8841c3b53f291,0x1a0e2a24fb52ef82fb3e0ff1313aea7b9bb1f5cf,internal_eth,98.0945,0x45124d9d830c1bb6f648615fb3d92195abea43970a5f4d511b6349f77e577d6e,1578059502,candidate_layering,,
0xa160cdab225685da1d56aa342ad8841c3b53f291,0x0f416bc2d310a1c32bc1081cf354c15fd10d4802,internal_eth,1.9055,0x45124d9d830c1bb6f648615fb3d92195abea43970a5f4d511b6349f77e577d6e,1578059502,candidate_layering,,
0xa160cdab225685da1d56aa342ad8841c3b53f291,0x1a0e2a24fb52ef82fb3e0ff1313aea7b9bb1f5cf,internal_eth,97.9945,0x1a49a12aac96e997b1f40b4fbe8d7fe31289a77fa24117f9dbb9442fea9d1c38,1578059686,candidate_layering,,
0xa160cdab225685da1d56aa342ad8841c3b53f291,0x7d3bb46c78b0c4949639ce34896bfd875b97ad08,internal_eth,2.0055,0x1a49a12aac96e997b1f40b4fbe8d7fe31289a77fa24117f9dbb9442fea9d1c38,1578059686,candidate_layering,,
0xa160cdab225685da1d56aa342ad8841c3b53f291,0x1a0e2a24fb52ef82fb3e0ff1313aea7b9bb1f5cf,internal_eth,98.095,0x6760f0e944cac2d00774a34004bbeeadcde3c8ebfca0289b74eef2ac7a2842d6,1578079018,candidate_layering,,
0xa160cdab225685da1d56aa342ad8841c3b53f291,0x0f416bc2d310a1c32bc1081cf354c15fd10d4802,internal_eth,1.905,0x6760f0e944cac2d00774a34004bbeeadcde3c8ebfca0289b74eef2ac7a2842d6,1578079018,candidate_layering,,
0xa160cdab225685da1d56aa342ad8841c3b53f291,0x1a0e2a24fb52ef82fb3e0ff1313aea7b9bb1f5cf,internal_eth,97.995,0x6234a1d610cb051b38535eb6b711f3be0a3d686d852febe396739936a2adfb5a,1578080612,candidate_layering,,
0xa160cdab225685da1d56aa342ad8841c3b53f291,0x7d3bb46c78b0c4949639ce34896bfd875b97ad08,internal_eth,2.005,0x6234a1d610cb051b38535eb6b711f3be0a3d686d852febe396739936a2adfb5a,1578080612,candidate_layering,,
0xa160cdab225685da1d56aa342ad8841c3b53f291,0x35b664097ab4bb626ba473b85b8020d68dcadacc,internal_eth,100.0,0x32381f9bd3fef083777d9f46e379289ecf2783d3a54ea8e1e7460dfb50da0975,1578081838,candidate_layering,,
0xa160cdab225685da1d56aa342ad8841c3b53f291,0x1a0e2a24fb52ef82fb3e0ff1313aea7b9bb1f5cf,internal_eth,97.995,0xd7a33821d9967d9b82727360b3b26ed3419e598d2bb0273fdb757f0673674963,1578091039,candidate_layering,,
0xa160cdab225685da1d56aa342ad8841c3b53f291,0xefab18983029d2ba840e34698efb67fdf8120711,internal_eth,2.005,0xd7a33821d9967d9b82727360b3b26ed3419e598d2bb0273fdb757f0673674963,1578091039,candidate_layering,,
0xa160cdab225685da1d56aa342ad8841c3b53f291,0x1a0e2a24fb52ef82fb3e0ff1313aea7b9bb1f5cf,internal_eth,98.0945,0x40659dcebc18e48fb604fdb3626078516707ce0b32ebaed15392eee264b7129b,1578132122,candidate_layering,,
0xa160cdab225685da1d56aa342ad8841c3b53f291,0x0f416bc2d310a1c32bc1081cf354c15fd10d4802,internal_eth,1.9055,0x40659dcebc18e48fb604fdb3626078516707ce0b32ebaed15392eee264b7129b,1578132122,candidate_layering,,
0xa160cdab225685da1d56aa342ad8841c3b53f291,0x56e54052994fe5742ecc80edc0b2f131fbaa920a,internal_eth,99.09405,0x3fcb944b321043a6dde430d3e9bbc8e47c438f10a6330cee3f38ef4fb381b94e,1578161255,candidate_layering,,
0xa160cdab225685da1d56aa342ad8841c3b53f291,0xe0f87651d3b65641c0fe1b71c5fbe88236d4b2e6,internal_eth,0.90595,0x3fcb944b321043a6dde430d3e9bbc8e47c438f10a6330cee3f38ef4fb381b94e,1578161255,candidate_layering,,
0xa160cdab225685da1d56aa342ad8841c3b53f291,0x1a0e2a24fb52ef82fb3e0ff1313aea7b9bb1f5cf,internal_eth,97.994,0x06ede97f04c028004cb2c341da2021fb6880e4f0a40967f118c291fe72208e43,1578230246,candidate_layering,,
0xa160cdab225685da1d56aa342ad8841c3b53f291,0xefab18983029d2ba840e34698efb67fdf8120711,internal_eth,2.006,0x06ede97f04c028004cb2c341da2021fb6880e4f0a40967f118c291fe72208e43,1578230246,candidate_layering,,
0xa160cdab225685da1d56aa342ad8841c3b53f291,0xf617a6b3c7bfdf7599c3e99d6370d5725f45a95a,internal_eth,99.0895,0x2ec79d9c54392fc22ea3b55307efcc7c8061644e344487618ad94dc10d004c7c,1578310515,candidate_layering,,
0xa160cdab225685da1d56aa342ad8841c3b53f291,0xe0f87651d3b65641c0fe1b71c5fbe88236d4b2e6,internal_eth,0.9105,0x2ec79d9c54392fc22ea3b55307efcc7c8061644e344487618ad94dc10d004c7c,1578310515,candidate_layering,,
0xa160cdab225685da1d56aa342ad8841c3b53f291,0x3638eac5d27ac15c2a5739484c40074a3309de7c,internal_eth,100.0,0x49e31f2b1ba4b756c66f7754bbcf804eb27ca9149fd90c58be2eb136f777984a,1578419747,candidate_layering,,
0xa160cdab225685da1d56aa342ad8841c3b53f291,0x1a0e2a24fb52ef82fb3e0ff1313aea7b9bb1f5cf,internal_eth,97.9935,0x8c73c3b7d34a5377cf7ba77ede1cade52ce82df7055aed1b3fb1632418a4416a,1578488165,candidate_layering,,
0xa160cdab225685da1d56aa342ad8841c3b53f291,0xefab18983029d2ba840e34698efb67fdf8120711,internal_eth,2.0065,0x8c73c3b7d34a5377cf7ba77ede1cade52ce82df7055aed1b3fb1632418a4416a,1578488165,candidate_layering,,
0xa160cdab225685da1d56aa342ad8841c3b53f291,0xc67753c4f3adc4432006d2a4d0eeb6df41b87fb5,internal_eth,100.0,0xbc2871d0d2afc4a54e941d6d6cfb2dcea5164ad0e761084f2697923b387510bb,1578536329,candidate_layering,,
0xa160cdab225685da1d56aa342ad8841c3b53f291,0x3b0f3999b96fc6923983b15593a882fbbe6ec0a4,internal_eth,100.0,0xf418a189e28aa867f93285e0db978d6482f31bf2064a3c02cf830d57e079468d,1578551633,candidate_layering,,
0xa160cdab225685da1d56aa342ad8841c3b53f291,0x08998eefa057d02a0d4d39cd5f9c2b2a616e938b,internal_eth,100.0,0x9ae3f9c696d5fbf18442b90b4248c0b7f655e3d9a088931ad64001c2a2ff2fe2,1578556432,candidate_layering,,
0xa160cdab225685da1d56aa342ad8841c3b53f291,0xef1e09e3691ad93ff80555c4da5958fef88d0da3,internal_eth,100.0,0x8a946fa09c346a5d502db74d9b4f9a5601f280941e762f93b789e5efd66bae9d,1578560484,candidate_layering,,
0xa160cdab225685da1d56aa342ad8841c3b53f291,0x08998eefa057d02a0d4d39cd5f9c2b2a616e938b,internal_eth,100.0,0x60a181ba8fc7006bc1b21d009d32d85a493fd25e9ba0e683576d4fea6268c22d,1578598840,candidate_layering,,
0xa160cdab225685da1d56aa342ad8841c3b53f291,0x08998eefa057d02a0d4d39cd5f9c2b2a616e938b,internal_eth,100.0,0x576026698fbcdf3bf8147f77cdb0158f1a1da20a8346bfe99db2f13615200d75,1578601441,candidate_layering,,
0xa160cdab225685da1d56aa342ad8841c3b53f291,0x0273e5752277aa2e63eeace9ca55b9150e3214c5,internal_eth,99.6895,0xd329c83573d69a26df7ef3dea57bb8c5910a4120183f413a0ce796e1a6a49285,1578697907,candidate_layering,,
0xa160cdab225685da1d56aa342ad8841c3b53f291,0x41a28335c5075c81502a97cebad597f28728a815,internal_eth,0.3105,0xd329c83573d69a26df7ef3dea57bb8c5910a4120183f413a0ce796e1a6a49285,1578697907,candidate_layering,,
0xa160cdab225685da1d56aa342ad8841c3b53f291,0x08998eefa057d02a0d4d39cd5f9c2b2a616e938b,internal_eth,100.0,0xa2ac55173da426090d3d82caa2039c6951c5649445435d5f84fbc4b361aeb4ad,1578766933,candidate_layering,,
0xa160cdab225685da1d56aa342ad8841c3b53f291,0x1a0e2a24fb52ef82fb3e0ff1313aea7b9bb1f5cf,internal_eth,98.0935,0x1a43ae305dbf03f1ff30c6cd3e768c25b974e423cb229ff9cd8c8e214947a41a,1578858024,candidate_layering,,
0xa160cdab225685da1d56aa342ad8841c3b53f291,0x0f416bc2d310a1c32bc1081cf354c15fd10d4802,internal_eth,1.9065,0x1a43ae305dbf03f1ff30c6cd3e768c25b974e423cb229ff9cd8c8e214947a41a,1578858024,candidate_layering,,
0xa160cdab225685da1d56aa342ad8841c3b53f291,0x08998eefa057d02a0d4d39cd5f9c2b2a616e938b,internal_eth,100.0,0x46e8087ea474199b07869e20b9cd945bf5891c01fff8f74f681f754a452444aa,1578876305,candidate_layering,,
0xa160cdab225685da1d56aa342ad8841c3b53f291,0x1a0e2a24fb52ef82fb3e0ff1313aea7b9bb1f5cf,internal_eth,98.0945,0xf3f0d27267f725f1bb3b8aac12ac4e303ea372c7a182cfa4491b0bf03fd1407a,1578947829,candidate_layering,,
0xa160cdab225685da1d56aa342ad8841c3b53f291,0x0f416bc2d310a1c32bc1081cf354c15fd10d4802,internal_eth,1.9055,0xf3f0d27267f725f1bb3b8aac12ac4e303ea372c7a182cfa4491b0bf03fd1407a,1578947829,candidate_layering,,
0xa160cdab225685da1d56aa342ad8841c3b53f291,0x1a0e2a24fb52ef82fb3e0ff1313aea7b9bb1f5cf,internal_eth,97.9945,0xb920b16cbcc3be29a738994c43579c920e8d551f873ba1e37ac13d94e35057dd,1578948016,candidate_layering,,
0xa160cdab225685da1d56aa342ad8841c3b53f291,0xefab18983029d2ba840e34698efb67fdf8120711,internal_eth,2.0055,0xb920b16cbcc3be29a738994c43579c920e8d551f873ba1e37ac13d94e35057dd,1578948016,candidate_layering,,
0xa160cdab225685da1d56aa342ad8841c3b53f291,0x1a0e2a24fb52ef82fb3e0ff1313aea7b9bb1f5cf,internal_eth,98.0945,0x16573db3c11c4779ef46fdf8f26ede37c2d1b420953623fc1a4f3fe2126afa34,1578948049,candidate_layering,,
0xa160cdab225685da1d56aa342ad8841c3b53f291,0x0f416bc2d310a1c32bc1081cf354c15fd10d4802,internal_eth,1.9055,0x16573db3c11c4779ef46fdf8f26ede37c2d1b420953623fc1a4f3fe2126afa34,1578948049,candidate_layering,,
0xa160cdab225685da1d56aa342ad8841c3b53f291,0x1a0e2a24fb52ef82fb3e0ff1313aea7b9bb1f5cf,internal_eth,97.9945,0x099f61ce1b2dae7fbfae100b304b3b63900937f19567c085c39e081dbb9cbd7b,1578948128,candidate_layering,,
0xa160cdab225685da1d56aa342ad8841c3b53f291,0x7d3bb46c78b0c4949639ce34896bfd875b97ad08,internal_eth,2.0055,0x099f61ce1b2dae7fbfae100b304b3b63900937f19567c085c39e081dbb9cbd7b,1578948128,candidate_layering,,
0xa160cdab225685da1d56aa342ad8841c3b53f291,0x1a0e2a24fb52ef82fb3e0ff1313aea7b9bb1f5cf,internal_eth,97.9945,0x6069800e659ad64bc9876f8d4c27767a03bccaa9ba489e1b6d5fbde91b64b91c,1578948202,candidate_layering,,
0xa160cdab225685da1d56aa342ad8841c3b53f291,0x7d3bb46c78b0c4949639ce34896bfd875b97ad08,internal_eth,2.0055,0x6069800e659ad64bc9876f8d4c27767a03bccaa9ba489e1b6d5fbde91b64b91c,1578948202,candidate_layering,,
0xa160cdab225685da1d56aa342ad8841c3b53f291,0x1a0e2a24fb52ef82fb3e0ff1313aea7b9bb1f5cf,internal_eth,97.9945,0x71d511454baf68eb9b7cde4f0d3b8ae895894352879ea5bdc28c4a9e718317f6,1578948277,candidate_layering,,
0xa160cdab225685da1d56aa342ad8841c3b53f291,0xefab18983029d2ba840e34698efb67fdf8120711,internal_eth,2.0055,0x71d511454baf68eb9b7cde4f0d3b8ae895894352879ea5bdc28c4a9e718317f6,1578948277,candidate_layering,,
0xa160cdab225685da1d56aa342ad8841c3b53f291,0x1a0e2a24fb52ef82fb3e0ff1313aea7b9bb1f5cf,internal_eth,97.9945,0x3706e25f7148a5d760c2b6476785e8b32fdda33771b00c7b4b9c8f9f6ce7a83d,1578948340,candidate_layering,,
0xa160cdab225685da1d56aa342ad8841c3b53f291,0x7d3bb46c78b0c4949639ce34896bfd875b97ad08,internal_eth,2.0055,0x3706e25f7148a5d760c2b6476785e8b32fdda33771b00c7b4b9c8f9f6ce7a83d,1578948340,candidate_layering,,
0xa160cdab225685da1d56aa342ad8841c3b53f291,0x1a0e2a24fb52ef82fb3e0ff1313aea7b9bb1f5cf,internal_eth,97.9945,0x17da8c20ba676f6f76506f0bdbf6fd899fc61cd09d959b19182563a0f59495ea,1578948441,candidate_layering,,
0xa160cdab225685da1d56aa342ad8841c3b53f291,0x7d3bb46c78b0c4949639ce34896bfd875b97ad08,internal_eth,2.0055,0x17da8c20ba676f6f76506f0bdbf6fd899fc61cd09d959b19182563a0f59495ea,1578948441,candidate_layering,,
0xa160cdab225685da1d56aa342ad8841c3b53f291,0x1a0e2a24fb52ef82fb3e0ff1313aea7b9bb1f5cf,internal_eth,97.994,0x7c0c24cc37d322e00af185b5ffbba4019734fb578dbbfeca2b7c7635ec8fbf5e,1578948552,candidate_layering,,
0xa160cdab225685da1d56aa342ad8841c3b53f291,0x7d3bb46c78b0c4949639ce34896bfd875b97ad08,internal_eth,2.006,0x7c0c24cc37d322e00af185b5ffbba4019734fb578dbbfeca2b7c7635ec8fbf5e,1578948552,candidate_layering,,
0xa160cdab225685da1d56aa342ad8841c3b53f291,0x1a0e2a24fb52ef82fb3e0ff1313aea7b9bb1f5cf,internal_eth,98.0935,0xfa7602e7027c1660094e209a22cec80c284ca1c54e0d89f1547dc99b908de405,1578948701,candidate_layering,,
0xa160cdab225685da1d56aa342ad8841c3b53f291,0x0f416bc2d310a1c32bc1081cf354c15fd10d4802,internal_eth,1.9065,0xfa7602e7027c1660094e209a22cec80c284ca1c54e0d89f1547dc99b908de405,1578948701,candidate_layering,,
0xa160cdab225685da1d56aa342ad8841c3b53f291,0x0fcdae4a4aeb0497f39a209009dc200a6466b7bd,internal_eth,100.0,0xf39c5aa70cf08266ea7f0198c25e9901b28b6635069b2a763e6c08f788d5bf75,1579125794,candidate_layering,,
0xa160cdab225685da1d56aa342ad8841c3b53f291,0x5d59e926033043b1c8dae698d46cb87a204c66b9,internal_eth,99.0895,0xab5f3ed8f91a00c749e6a792f3e2ba4bdf69afa15505b575e8894baddf2c99ab,1579126298,candidate_layering,,
0xa160cdab225685da1d56aa342ad8841c3b53f291,0xe0f87651d3b65641c0fe1b71c5fbe88236d4b2e6,internal_eth,0.9105,0xab5f3ed8f91a00c749e6a792f3e2ba4bdf69afa15505b575e8894baddf2c99ab,1579126298,candidate_layering,,
0xa160cdab225685da1d56aa342ad8841c3b53f291,0xdc26e05c143a1f47a6d109611c3c068820f42270,internal_eth,100.0,0xf13395150446abe77962b05d4bff0679385046e3816bbcaab1f03c3d4556a921,1579218037,candidate_layering,,
0xa160cdab225685da1d56aa342ad8841c3b53f291,0xdc26e05c143a1f47a6d109611c3c068820f42270,internal_eth,100.0,0xfa2e14b7c64ae8fe69d3da35010097eeb1acd6b677cabebd8720e8e464226dae,1579218198,candidate_layering,,
0xa160cdab225685da1d56aa342ad8841c3b53f291,0x016f1fd5a6063f1f83306eb93da224cae1d54ac3,internal_eth,98.095,0x289d51f39208846d471c54d047bdff3c804d58a446feebe0daccc87b54ef0be8,1579230120,candidate_layering,,
0xa160cdab225685da1d56aa342ad8841c3b53f291,0x0f416bc2d310a1c32bc1081cf354c15fd10d4802,internal_eth,1.905,0x289d51f39208846d471c54d047bdff3c804d58a446feebe0daccc87b54ef0be8,1579230120,candidate_layering,,
0xa160cdab225685da1d56aa342ad8841c3b53f291,0xd8d99f3c12befd5bfbba9335e8e3c45e31942559,internal_eth,99.0895,0xfb989080198d90017383d212fb26242528f91d612235de87d32ba94b4e346145,1579235309,candidate_layering,,
0xa160cdab225685da1d56aa342ad8841c3b53f291,0xe0f87651d3b65641c0fe1b71c5fbe88236d4b2e6,internal_eth,0.9105,0xfb989080198d90017383d212fb26242528f91d612235de87d32ba94b4e346145,1579235309,candidate_layering,,
0xa160cdab225685da1d56aa342ad8841c3b53f291,0x9833cd4e6c34b4ac256ceb1910da1c58c24f278f,internal_eth,100.0,0xd2e85a9d03f9cdda8e419405054e4615887466cd31d70f01233b050e5bbc5204,1579241808,candidate_layering,,
0xa160cdab225685da1d56aa342ad8841c3b53f291,0x1f540e4d3211d393c31fa343cffd080d9b11b29e,internal_eth,100.0,0xc65ba00436ee20c3236d06e2354c4a0799bb29b16f026c5039f6afec9771708b,1579289247,candidate_layering,,
0xa160cdab225685da1d56aa342ad8841c3b53f291,0x4e9b5edbcd63d5d776df95c37a15d879cfce821a,internal_eth,100.0,0x3ef6769862da54922f844c4e4578e032b16dd4d7e2ade4b9adc07d6d7ca82024,1579331520,candidate_layering,,
0xa160cdab225685da1d56aa342ad8841c3b53f291,0xdd714069d6b0851c82cf055cc969255f40524b25,internal_eth,100.0,0x737f7b7970f7fa3902f57194711809ac848cebb21a0522acb55c7c608334123a,1579341850,candidate_layering,,
0xa160cdab225685da1d56aa342ad8841c3b53f291,0x4108e817547a7c84d3b483a8d2c703ab1cadf230,internal_eth,100.0,0xdc245ba76453c36452c5b2c893df32494130cd9ae90d7044045a9871ca96d9ee,1579366360,candidate_layering,,
0xa160cdab225685da1d56aa342ad8841c3b53f291,0x28c6a861f62fd5939f82f751eab5fed7012fbb9d,internal_eth,97.9895,0x74fd62e91547b514bf08007253f93d7ab9acf8909ebd9a582c1f8831437f5d5a,1579843483,candidate_layering,,
0xa160cdab225685da1d56aa342ad8841c3b53f291,0x7d3bb46c78b0c4949639ce34896bfd875b97ad08,internal_eth,2.0105,0x74fd62e91547b514bf08007253f93d7ab9acf8909ebd9a582c1f8831437f5d5a,1579843483,candidate_layering,,
0xa160cdab225685da1d56aa342ad8841c3b53f291,0xac75b73394c329376c214663d92156afa864a77f,internal_eth,100.0,0x41b3b7ff1bf7fe7a251fe51f8c173e0427ecaaccbf13773e7f26c72c7448e970,1580067173,candidate_layering,,
0xa160cdab225685da1d56aa342ad8841c3b53f291,0x73df55055bd83d2b746792f0e9df65b254f929f9,internal_eth,99.0945,0x974a2694f57af0686d7419530e44ec4e46dc42eb8426c4b422ffdba7f60e9cdf,1580547155,candidate_layering,,
0xa160cdab225685da1d56aa342ad8841c3b53f291,0xe0f87651d3b65641c0fe1b71c5fbe88236d4b2e6,internal_eth,0.9055,0x974a2694f57af0686d7419530e44ec4e46dc42eb8426c4b422ffdba7f60e9cdf,1580547155,candidate_layering,,
0xa160cdab225685da1d56aa342ad8841c3b53f291,0x8d564391ddaa2cd85b0b5b35196739204f07aa14,internal_eth,100.0,0x2540033493296ebd3e951eab5fc34f4598c3a37eaa53ec3ace05a95b82a69d9c,1580684956,candidate_layering,,
0xa160cdab225685da1d56aa342ad8841c3b53f291,0x345ebf6d172148d5f4010a03c8ea24eb82aa19b8,internal_eth,99.0945,0x0bff2f5f2dbbe1d767699c7f9f93e81cc4cc21b5f04c149113e9ece5e01b0449,1580739519,candidate_layering,,
0xa160cdab225685da1d56aa342ad8841c3b53f291,0xe0f87651d3b65641c0fe1b71c5fbe88236d4b2e6,internal_eth,0.9055,0x0bff2f5f2dbbe1d767699c7f9f93e81cc4cc21b5f04c149113e9ece5e01b0449,1580739519,candidate_layering,,
0xa160cdab225685da1d56aa342ad8841c3b53f291,0x345ebf6d172148d5f4010a03c8ea24eb82aa19b8,internal_eth,97.9945,0x16443f61df84fc60223e4221844a9987db5e731a3247791c0e740f91bd45dc57,1580739630,candidate_layering,,
0xa160cdab225685da1d56aa342ad8841c3b53f291,0xefab18983029d2ba840e34698efb67fdf8120711,internal_eth,2.0055,0x16443f61df84fc60223e4221844a9987db5e731a3247791c0e740f91bd45dc57,1580739630,candidate_layering,,
0xa160cdab225685da1d56aa342ad8841c3b53f291,0x345ebf6d172148d5f4010a03c8ea24eb82aa19b8,internal_eth,97.9945,0xc3b888c929504214be4545c2144b5328face7a4b3d5a2a04a58490ab1c8ad4f4,1580739707,candidate_layering,,
0xa160cdab225685da1d56aa342ad8841c3b53f291,0xefab18983029d2ba840e34698efb67fdf8120711,internal_eth,2.0055,0xc3b888c929504214be4545c2144b5328face7a4b3d5a2a04a58490ab1c8ad4f4,1580739707,candidate_layering,,
0xa160cdab225685da1d56aa342ad8841c3b53f291,0x345ebf6d172148d5f4010a03c8ea24eb82aa19b8,internal_eth,98.0945,0xa468027fafd679dae90c96a2f8923d48b84185bc3bccd3906c985b7334fbe650,1580739782,candidate_layering,,
0xa160cdab225685da1d56aa342ad8841c3b53f291,0x0f416bc2d310a1c32bc1081cf354c15fd10d4802,internal_eth,1.9055,0xa468027fafd679dae90c96a2f8923d48b84185bc3bccd3906c985b7334fbe650,1580739782,candidate_layering,,
0xa160cdab225685da1d56aa342ad8841c3b53f291,0xe80363f9a5b46ce36684fd46d50cc7d6365e41ac,internal_eth,100.0,0xb8da06618d6b3fd799668e4a3871ee8b810dcdac0c6eb775c777641ce977f51b,1580776619,candidate_layering,,
0xa160cdab225685da1d56aa342ad8841c3b53f291,0xfd18b3d7fcf876d6e167309ba65f2a75ebb79b51,internal_eth,100.0,0x09e4bb03bb759b247fce1516d93c27c350936137250d108f70f2f6248f0b7c17,1581011400,candidate_layering,,
0xa160cdab225685da1d56aa342ad8841c3b53f291,0xa62010a4bb23db8f3855bbf144929d400a25d0d8,internal_eth,100.0,0x33d1989fea78e578b60e471d2aac24b1add3e9435ef5d976f71913b95a39af5b,1581013416,candidate_layering,,
0xa160cdab225685da1d56aa342ad8841c3b53f291,0x622a4d1c3871ebf6e11fac60ebf1ffc9718e3324,internal_eth,98.095,0x02cadf8585c836d079577ffd3c98afe3c25ee05ff613395789442b5dc32e8cda,1581217185,candidate_layering,,
0xa160cdab225685da1d56aa342ad8841c3b53f291,0x0f416bc2d310a1c32bc1081cf354c15fd10d4802,internal_eth,1.905,0x02cadf8585c836d079577ffd3c98afe3c25ee05ff613395789442b5dc32e8cda,1581217185,candidate_layering,,
0xa160cdab225685da1d56aa342ad8841c3b53f291,0x8333c40d51c9ee616c1a6bf7f145d1df1d047a88,internal_eth,98.09435,0x34a27277fb3e6cd7842166e7c5c7e0de1a9a6b8853432478a0c70f162b0e4e73,1581241041,candidate_layering,,
0xa160cdab225685da1d56aa342ad8841c3b53f291,0x0f416bc2d310a1c32bc1081cf354c15fd10d4802,internal_eth,1.90565,0x34a27277fb3e6cd7842166e7c5c7e0de1a9a6b8853432478a0c70f162b0e4e73,1581241041,candidate_layering,,
0xa160cdab225685da1d56aa342ad8841c3b53f291,0x4f36cb02d106de250c59354757298773ebb24604,internal_eth,99.094,0x389b675319acf23210bcf078090586dde622d5c97b91471ee49d7730dedc3a5a,1581243616,candidate_layering,,
0xa160cdab225685da1d56aa342ad8841c3b53f291,0xe0f87651d3b65641c0fe1b71c5fbe88236d4b2e6,internal_eth,0.906,0x389b675319acf23210bcf078090586dde622d5c97b91471ee49d7730dedc3a5a,1581243616,candidate_layering,,
0xa160cdab225685da1d56aa342ad8841c3b53f291,0x103a00583f9f4f8b4921820d7cae7693ff1761ff,internal_eth,99.0935,0xbe9a7a2b8274ec310a08d063a60bd6defefd9d63747d93e1afce997a343147a3,1581424438,candidate_layering,,
0xa160cdab225685da1d56aa342ad8841c3b53f291,0xe0f87651d3b65641c0fe1b71c5fbe88236d4b2e6,internal_eth,0.9065,0xbe9a7a2b8274ec310a08d063a60bd6defefd9d63747d93e1afce997a343147a3,1581424438,candidate_layering,,
0xa160cdab225685da1d56aa342ad8841c3b53f291,0xfc58aae1240db41ef97f88481efa9660d1ff70a4,internal_eth,99.093,0x2dea91cb6b065586820099d979368540aefa9708e31ce9e0bd189920be864219,1581496394,candidate_layering,,
0xa160cdab225685da1d56aa342ad8841c3b53f291,0xe0f87651d3b65641c0fe1b71c5fbe88236d4b2e6,internal_eth,0.907,0x2dea91cb6b065586820099d979368540aefa9708e31ce9e0bd189920be864219,1581496394,candidate_layering,,
0xa160cdab225685da1d56aa342ad8841c3b53f291,0x256e1fa64c39379d690b6352bed4ba215bdd304b,internal_eth,100.0,0xb2a8016db10d9973ecfed2772f48460efcc8a2db1298190449bfcafbb93566e8,1581650649,candidate_layering,,
0xa160cdab225685da1d56aa342ad8841c3b53f291,0xa9f7dfcdd51facbb631eee98697678d4eac1fb40,internal_eth,100.0,0x380f2fc15919c55434bfb0eba78b81c8f5f52593d16862944d4352889c3d762d,1581749126,candidate_layering,,
0xa160cdab225685da1d56aa342ad8841c3b53f291,0x310a8b37d953818110f4da16e8d7ab6759f8ca76,internal_eth,100.0,0xbfafae4245c7b2d2c535c6b0bb1c97e233f6c70ae598ace1d821a9c734d10d9b,1581762803,candidate_layering,,
0xa160cdab225685da1d56aa342ad8841c3b53f291,0x310a8b37d953818110f4da16e8d7ab6759f8ca76,internal_eth,100.0,0x37e950ec5619953481fc2797ba9a59a8915f23d607cc73861191b270b3a7cf3a,1581763379,candidate_layering,,
0xa160cdab225685da1d56aa342ad8841c3b53f291,0x310a8b37d953818110f4da16e8d7ab6759f8ca76,internal_eth,100.0,0xeef532b92a24a7294115d482a69470ed53cc0af6f4653f4e8c86edfa9fc76e5f,1581763705,candidate_layering,,
0xa160cdab225685da1d56aa342ad8841c3b53f291,0x44920aad8c4ae63b8b0bc8f3c1e18085edeaa5ec,internal_eth,100.0,0xa4223fbb06e9144b0d2d9929c5ef7ace56349c6935b73a60b448939008be0c0b,1581867899,candidate_layering,,
0xa160cdab225685da1d56aa342ad8841c3b53f291,0x0e54db73f82bd9fde34ebce53ea83bd197e9044c,internal_eth,100.0,0x4ff9ca7b8d7ede2e10caa1731f34d99e435664d48aaeb98d07d5774890821d98,1581868837,candidate_layering,,
0xa160cdab225685da1d56aa342ad8841c3b53f291,0x40fe56cb8331eca011072850a0b8094a20f4a73f,internal_eth,99.0935,0xd2c5976860b81e6b14c1ff0575da4ea6640566ecda9d0473565b4a2fd0130133,1581923108,candidate_layering,,
0xa160cdab225685da1d56aa342ad8841c3b53f291,0xe0f87651d3b65641c0fe1b71c5fbe88236d4b2e6,internal_eth,0.9065,0xd2c5976860b81e6b14c1ff0575da4ea6640566ecda9d0473565b4a2fd0130133,1581923108,candidate_layering,,
0xa160cdab225685da1d56aa342ad8841c3b53f291,0xbfebc3060e09eb9f0b2faa41a791454a154258d3,internal_eth,100.0,0x0b3cc737abf52a73221051aaeb528ec58e954bc55686b0cfa2b08af7cc19b3d4,1581958935,candidate_layering,,
0xa160cdab225685da1d56aa342ad8841c3b53f291,0x510b0068c0756bbefcbaffb6567e467d661291fe,internal_eth,99.0895,0x52d3885087527893bd7956be1dec07df1ccfec94db9e59c782c6316a28fc2eed,1582010230,candidate_layering,,
0xa160cdab225685da1d56aa342ad8841c3b53f291,0xe0f87651d3b65641c0fe1b71c5fbe88236d4b2e6,internal_eth,0.9105,0x52d3885087527893bd7956be1dec07df1ccfec94db9e59c782c6316a28fc2eed,1582010230,candidate_layering,,
0xa160cdab225685da1d56aa342ad8841c3b53f291,0x510b10184853d3999ab01cbce24eebf4e406829a,internal_eth,99.0895,0xc33ae110843d1541bbeef092a4b702ca903d019905a731e328670d2580382644,1582425120,candidate_layering,,
0xa160cdab225685da1d56aa342ad8841c3b53f291,0xe0f87651d3b65641c0fe1b71c5fbe88236d4b2e6,internal_eth,0.9105,0xc33ae110843d1541bbeef092a4b702ca903d019905a731e328670d2580382644,1582425120,candidate_layering,,
0xa160cdab225685da1d56aa342ad8841c3b53f291,0xa0dd8e6c5440a424cd19f5ec30f8fa485e814247,internal_eth,99.0935,0xf71218dec79e2071f1c901c48ca2033e9a6700281b65b9ac9f8480710e7c2e80,1582468569,candidate_layering,,
0xa160cdab225685da1d56aa342ad8841c3b53f291,0xe0f87651d3b65641c0fe1b71c5fbe88236d4b2e6,internal_eth,0.9065,0xf71218dec79e2071f1c901c48ca2033e9a6700281b65b9ac9f8480710e7c2e80,1582468569,candidate_layering,,
0xa160cdab225685da1d56aa342ad8841c3b53f291,0xbfebc3060e09eb9f0b2faa41a791454a154258d3,internal_eth,100.0,0x64543ec5dab7402da00139a6fdc8e7e3048570fb72241344703de28ef84db1c7,1582479108,candidate_layering,,
0xa160cdab225685da1d56aa342ad8841c3b53f291,0xbfebc3060e09eb9f0b2faa41a791454a154258d3,internal_eth,100.0,0x9f0361c3c31163d63fb94e1a6ab315a3d9643b095aa9d33728f9b132a643057b,1582479218,candidate_layering,,
0xa160cdab225685da1d56aa342ad8841c3b53f291,0xbfebc3060e09eb9f0b2faa41a791454a154258d3,internal_eth,100.0,0xd2c94ee24f44f7ab4878dbf545d82db1e5511d3f989230882a3894212ec981c8,1582479337,candidate_layering,,
0xa160cdab225685da1d56aa342ad8841c3b53f291,0xd3f68224e7788e965027d1a8fb48dd369ac9467a,internal_eth,98.0895,0xe1991b10d39b0a695072d14bdbe81df3bf11452682715b1664fe41c3a7fd5c90,1582489398,candidate_layering,,
0xa160cdab225685da1d56aa342ad8841c3b53f291,0x0f416bc2d310a1c32bc1081cf354c15fd10d4802,internal_eth,1.9105,0xe1991b10d39b0a695072d14bdbe81df3bf11452682715b1664fe41c3a7fd5c90,1582489398,candidate_layering,,
0xa160cdab225685da1d56aa342ad8841c3b53f291,0x4c8475548d821e2e4d7f2e3bd2d83a32fff8131a,internal_eth,97.9895,0x4813336799fdae3edd4ca1bf78857a5ff610b82b7860e8dc3f3021be0bad3a19,1582563519,candidate_layering,,
0xa160cdab225685da1d56aa342ad8841c3b53f291,0xefab18983029d2ba840e34698efb67fdf8120711,internal_eth,2.0105,0x4813336799fdae3edd4ca1bf78857a5ff610b82b7860e8dc3f3021be0bad3a19,1582563519,candidate_layering,,
0xa160cdab225685da1d56aa342ad8841c3b53f291,0x91ec3073185280aa2721857531b52ce4cf056388,internal_eth,100.0,0xede9be325afbc1810d8b204c764b84741095fa8730280edd6fccc77b0efddc74,1582667869,candidate_layering,,
0xa160cdab225685da1d56aa342ad8841c3b53f291,0xc4b41e88b29ba3da80c750ddeae5c5bff66b9562,internal_eth,99.0895,0x624e31b57f95f4a1ac4114ae83e7f36719cd5e577848fc8d531a5044907672fb,1582977223,candidate_layering,,
0xa160cdab225685da1d56aa342ad8841c3b53f291,0xe0f87651d3b65641c0fe1b71c5fbe88236d4b2e6,internal_eth,0.9105,0x624e31b57f95f4a1ac4114ae83e7f36719cd5e577848fc8d531a5044907672fb,1582977223,candidate_layering,,
0xa160cdab225685da1d56aa342ad8841c3b53f291,0x430ec01dba7db636f301a7d41977d64dde06a764,internal_eth,99.8895,0xc8bed6ff0262eda3c42b62a20737c29a67021552b92a0fc18d7b49048fadf28c,1583056981,candidate_layering,,
0xa160cdab225685da1d56aa342ad8841c3b53f291,0x41a28335c5075c81502a97cebad597f28728a815,internal_eth,0.1105,0xc8bed6ff0262eda3c42b62a20737c29a67021552b92a0fc18d7b49048fadf28c,1583056981,candidate_layering,,
0xa160cdab225685da1d56aa342ad8841c3b53f291,0x251b7f8974e3ca60b2c2c408ae77683da7ac1eab,internal_eth,99.8895,0xb185c2467cb525b1f20ba6e3a3adc41dfa0d2ac921101851092d741575bbe036,1583060794,candidate_layering,,
0xa160cdab225685da1d56aa342ad8841c3b53f291,0x91299962ece435071129a6f19475cd701ea9eac9,internal_eth,0.1105,0xb185c2467cb525b1f20ba6e3a3adc41dfa0d2ac921101851092d741575bbe036,1583060794,candidate_layering,,
0xa160cdab225685da1d56aa342ad8841c3b53f291,0x47dd8e1c10da25c9d03987d64c51575799ff4f9d,internal_eth,99.8895,0x3fc9341b954cb6cc132d751f90074859ad7ca76370e568161a374dcc4ebf7b25,1583063422,candidate_layering,,
0xa160cdab225685da1d56aa342ad8841c3b53f291,0xc05fc30c16f9d2af0e9fe6afa166d2288a92221c,internal_eth,0.1105,0x3fc9341b954cb6cc132d751f90074859ad7ca76370e568161a374dcc4ebf7b25,1583063422,candidate_layering,,
0xa160cdab225685da1d56aa342ad8841c3b53f291,0x17c646eae6a5232361e4b249342d2d7a82ec493d,internal_eth,99.8895,0x118fac77f7c1a139b3c0473ce134ed383f7e2285c62e4a72913d851bb0c05bc9,1583066877,candidate_layering,,
0xa160cdab225685da1d56aa342ad8841c3b53f291,0x91299962ece435071129a6f19475cd701ea9eac9,internal_eth,0.1105,0x118fac77f7c1a139b3c0473ce134ed383f7e2285c62e4a72913d851bb0c05bc9,1583066877,candidate_layering,,
0xa160cdab225685da1d56aa342ad8841c3b53f291,0x3be1596ae7b0cbc4cc8dc75e4b664809c581b6c5,internal_eth,99.8895,0xaff161f161c729f80a88fd1d27f7d767c25fc3725d66a7cdfc05682dcb8238dc,1583105594,candidate_layering,,
0xa160cdab225685da1d56aa342ad8841c3b53f291,0x41a28335c5075c81502a97cebad597f28728a815,internal_eth,0.1105,0xaff161f161c729f80a88fd1d27f7d767c25fc3725d66a7cdfc05682dcb8238dc,1583105594,candidate_layering,,
0xa160cdab225685da1d56aa342ad8841c3b53f291,0xca58fbed9e5d0c300ef4e1e0cd3e62cc59d0df5a,internal_eth,100.0,0xaf29b12a5f23bea9e18e9631b721b3b2625b838cc965b5545e1a9f15fe56371b,1583196348,candidate_layering,,
0xa160cdab225685da1d56aa342ad8841c3b53f291,0xcb646d89f3b143580f43888c4b2134f365e7eaee,internal_eth,100.0,0x8166e989b535726757fc77e2d241e422f82d9e47c1c4bdb8a215895f9452320e,1583286082,candidate_layering,,
0xa160cdab225685da1d56aa342ad8841c3b53f291,0x3f5d791107f2b9b654cfd703f1b1b47a69eee2d8,internal_eth,97.9895,0x108f50052bd14fd1ed3e0425934bd7c1863e0fc6babcd8bff1f43167c4d6ed1f,1583331088,candidate_layering,,
0xa160cdab225685da1d56aa342ad8841c3b53f291,0x7d3bb46c78b0c4949639ce34896bfd875b97ad08,internal_eth,2.0105,0x108f50052bd14fd1ed3e0425934bd7c1863e0fc6babcd8bff1f43167c4d6ed1f,1583331088,candidate_layering,,
0xa160cdab225685da1d56aa342ad8841c3b53f291,0x13e2d323847b19769193b68346a2d3d11e54f2cd,internal_eth,99.0935,0xee30664853c92b511504e091cbdf678682b7cd299ded19965a8f29ea5a5b5279,1583436313,candidate_layering,,
0xa160cdab225685da1d56aa342ad8841c3b53f291,0xe0f87651d3b65641c0fe1b71c5fbe88236d4b2e6,internal_eth,0.9065,0xee30664853c92b511504e091cbdf678682b7cd299ded19965a8f29ea5a5b5279,1583436313,candidate_layering,,
0xa160cdab225685da1d56aa342ad8841c3b53f291,0x6df7fc2e8ad50ada369fdc82a550413e19cb0a74,internal_eth,99.8895,0x7c38ac02e0c26913797d29df833eb63e7daffe9f32c4a079bdd53b210875d4c3,1583452895,candidate_layering,,
0xa160cdab225685da1d56aa342ad8841c3b53f291,0xc05fc30c16f9d2af0e9fe6afa166d2288a92221c,internal_eth,0.1105,0x7c38ac02e0c26913797d29df833eb63e7daffe9f32c4a079bdd53b210875d4c3,1583452895,candidate_layering,,
0xa160cdab225685da1d56aa342ad8841c3b53f291,0xc68b93b6c4dfb891d82250cfa32213442aeb9322,internal_eth,99.8895,0xc820579166812db66f93b284080bc2294b5d656715f108814c5a1907b27e11fe,1583460512,candidate_layering,,
0xa160cdab225685da1d56aa342ad8841c3b53f291,0x41a28335c5075c81502a97cebad597f28728a815,internal_eth,0.1105,0xc820579166812db66f93b284080bc2294b5d656715f108814c5a1907b27e11fe,1583460512,candidate_layering,,
0xa160cdab225685da1d56aa342ad8841c3b53f291,0xcff1cd462ca1435bb8eb13354b368551a138cfd8,internal_eth,99.8895,0x80e9f7b3e6cdc83a5923332827468b0682c971e07cc2f0f7c8e216a10496155f,1583462742,candidate_layering,,
0xa160cdab225685da1d56aa342ad8841c3b53f291,0x41a28335c5075c81502a97cebad597f28728a815,internal_eth,0.1105,0x80e9f7b3e6cdc83a5923332827468b0682c971e07cc2f0f7c8e216a10496155f,1583462742,candidate_layering,,
0xa160cdab225685da1d56aa342ad8841c3b53f291,0x5cdea56a4fb7d0c3bc1348c8dc392024cbf70e3a,internal_eth,99.8895,0xd92ebb66bf7c13580fc3575fd0ac679c3b85a8e38d5699d0e78f5cafec2778b7,1583463488,candidate_layering,,
0xa160cdab225685da1d56aa342ad8841c3b53f291,0x41a28335c5075c81502a97cebad597f28728a815,internal_eth,0.1105,0xd92ebb66bf7c13580fc3575fd0ac679c3b85a8e38d5699d0e78f5cafec2778b7,1583463488,candidate_layering,,
0xa160cdab225685da1d56aa342ad8841c3b53f291,0xf3890ef9b9a1ff8d133f410e0a86410f39806e5a,internal_eth,99.8895,0x700a8f64edad1719911616894dff86aa496270940189c0bd429cfe48feccfd0f,1583465241,candidate_layering,,
0xa160cdab225685da1d56aa342ad8841c3b53f291,0x5a3992044a131c2f633394065c13ba1b33cdffd9,internal_eth,0.1105,0x700a8f64edad1719911616894dff86aa496270940189c0bd429cfe48feccfd0f,1583465241,candidate_layering,,
0xa160cdab225685da1d56aa342ad8841c3b53f291,0x5236a5af8bdac86f02843610df5b47ff8af0c89f,internal_eth,99.8895,0x395cde879a6edd27cb69011fa8645de78de0df345417d0837ebcb89f23a2063f,1583466956,candidate_layering,,
0xa160cdab225685da1d56aa342ad8841c3b53f291,0x41a28335c5075c81502a97cebad597f28728a815,internal_eth,0.1105,0x395cde879a6edd27cb69011fa8645de78de0df345417d0837ebcb89f23a2063f,1583466956,candidate_layering,,
0xa160cdab225685da1d56aa342ad8841c3b53f291,0xff14cf3d34eca0bb5cb1d172908790636d250bbf,internal_eth,99.8895,0x6bbebb0abe79ba5708d4b9128f0d6bc12e6016ffafac3c2442a608bf6bbe0a9b,1583467381,candidate_layering,,
0xa160cdab225685da1d56aa342ad8841c3b53f291,0x5a3992044a131c2f633394065c13ba1b33cdffd9,internal_eth,0.1105,0x6bbebb0abe79ba5708d4b9128f0d6bc12e6016ffafac3c2442a608bf6bbe0a9b,1583467381,candidate_layering,,
0xa160cdab225685da1d56aa342ad8841c3b53f291,0x694a870ec9dc814648afe4c3e0cb8d09f3130597,internal_eth,99.8895,0x415d02803b53d643cf03c31e5b4e91074112ae7e0ab38bcc6f522a29aa794e73,1583468025,candidate_layering,,
0xa160cdab225685da1d56aa342ad8841c3b53f291,0x41a28335c5075c81502a97cebad597f28728a815,internal_eth,0.1105,0x415d02803b53d643cf03c31e5b4e91074112ae7e0ab38bcc6f522a29aa794e73,1583468025,candidate_layering,,
0xa160cdab225685da1d56aa342ad8841c3b53f291,0x2e1ec1d0edf69b8661f6e4a24deafd59decf4911,internal_eth,97.9943,0x7fe0cc1f1a3e3d4890f500dec083284de0f704db30fcbb3b968c2d0e572fcc76,1583785898,candidate_layering,,
0xa160cdab225685da1d56aa342ad8841c3b53f291,0x7d3bb46c78b0c4949639ce34896bfd875b97ad08,internal_eth,2.0057,0x7fe0cc1f1a3e3d4890f500dec083284de0f704db30fcbb3b968c2d0e572fcc76,1583785898,candidate_layering,,
0xa160cdab225685da1d56aa342ad8841c3b53f291,0x82d237ded93b958bce62093328f0c369fbb9bd37,internal_eth,100.0,0xb515808b3bcc38981b7b4172ad23e953539eafaf92d714236323801e34950eeb,1583896900,candidate_layering,,
0xa160cdab225685da1d56aa342ad8841c3b53f291,0x510b10184853d3999ab01cbce24eebf4e406829a,internal_eth,99.0895,0x697db8ef0654aea50d158255b5cc93782305d0713f5d1a2b46a1db0199dc6e54,1583913812,candidate_layering,,
0xa160cdab225685da1d56aa342ad8841c3b53f291,0xe0f87651d3b65641c0fe1b71c5fbe88236d4b2e6,internal_eth,0.9105,0x697db8ef0654aea50d158255b5cc93782305d0713f5d1a2b46a1db0199dc6e54,1583913812,candidate_layering,,
0xa160cdab225685da1d56aa342ad8841c3b53f291,0xc1f42e8f48ca2450f4363e26911241e0ccc134e0,internal_eth,97.9895,0xb4ab3f02af450d769995a913d6c1094627fd1e4e6bc2bfdd6b77809d108ebbf9,1584036662,candidate_layering,,
0xa160cdab225685da1d56aa342ad8841c3b53f291,0xefab18983029d2ba840e34698efb67fdf8120711,internal_eth,2.0105,0xb4ab3f02af450d769995a913d6c1094627fd1e4e6bc2bfdd6b77809d108ebbf9,1584036662,candidate_layering,,
0xa160cdab225685da1d56aa342ad8841c3b53f291,0xddbc3361f2b87238f21afb275171e569446f5c3c,internal_eth,100.0,0x260240967c9fb12c6e491615b0dd28094133e16ae29ba0416c082b70c26e7f0c,1584047996,candidate_layering,,
0xa160cdab225685da1d56aa342ad8841c3b53f291,0xddbc3361f2b87238f21afb275171e569446f5c3c,internal_eth,100.0,0xf57a7e2d46fcd17538ae9e313e803af038aaf9e7c988a7efe70f66aa842da3b0,1584051916,candidate_layering,,
0xa160cdab225685da1d56aa342ad8841c3b53f291,0xa0a9e3c28f511a47fea03537a062156e398c55a9,internal_eth,99.8969,0x4f93558b555a7ace03a687bc8a06fb8050f65811940459e592bb8e85aba22225,1584143334,candidate_layering,,
0xa160cdab225685da1d56aa342ad8841c3b53f291,0x41a28335c5075c81502a97cebad597f28728a815,internal_eth,0.1031,0x4f93558b555a7ace03a687bc8a06fb8050f65811940459e592bb8e85aba22225,1584143334,candidate_layering,,
0xa160cdab225685da1d56aa342ad8841c3b53f291,0x510b10184853d3999ab01cbce24eebf4e406829a,internal_eth,99.8895,0x07fffea27ea6ae0e67ec2f62795e50f74a224c6fa743b59be86c8902e48ae617,1584154049,candidate_layering,,
0xa160cdab225685da1d56aa342ad8841c3b53f291,0x0b157ac0a65319b0a18aa46b0b0d4497e1074456,internal_eth,0.1105,0x07fffea27ea6ae0e67ec2f62795e50f74a224c6fa743b59be86c8902e48ae617,1584154049,candidate_layering,,
0xa160cdab225685da1d56aa342ad8841c3b53f291,0x99063e689f5556a71419c70a93c29391310650a1,internal_eth,97.9959,0x97e82000dc1d0d99bceed80cbb4c7dc97757a18b3d853a08f9cb41faa2818a6e,1584250000,candidate_layering,,
0xa160cdab225685da1d56aa342ad8841c3b53f291,0x7d3bb46c78b0c4949639ce34896bfd875b97ad08,internal_eth,2.0041,0x97e82000dc1d0d99bceed80cbb4c7dc97757a18b3d853a08f9cb41faa2818a6e,1584250000,candidate_layering,,
0xa160cdab225685da1d56aa342ad8841c3b53f291,0x038bd0365739535f5968b58d9c029187777f70f1,internal_eth,97.9895,0x1ef7918e5292ab994ee732632c49bcde98d7cd000c1a6d08bf58e68672f3589d,1584251066,candidate_layering,,
0xa160cdab225685da1d56aa342ad8841c3b53f291,0xefab18983029d2ba840e34698efb67fdf8120711,internal_eth,2.0105,0x1ef7918e5292ab994ee732632c49bcde98d7cd000c1a6d08bf58e68672f3589d,1584251066,candidate_layering,,
0xa160cdab225685da1d56aa342ad8841c3b53f291,0xe0cc1a038f46ed10dda267eb687bb86a6501aa04,internal_eth,99.8895,0x42b50734d928b19a1020a693f5d07a1834211057ce7eaa6d93226793f2a240d0,1584463877,candidate_layering,,
0xa160cdab225685da1d56aa342ad8841c3b53f291,0x0b157ac0a65319b0a18aa46b0b0d4497e1074456,internal_eth,0.1105,0x42b50734d928b19a1020a693f5d07a1834211057ce7eaa6d93226793f2a240d0,1584463877,candidate_layering,,
0xa160cdab225685da1d56aa342ad8841c3b53f291,0xe66cb84122aaf5d664b697be4e2c410ae69c1983,internal_eth,99.8945,0xd4601f0eca7ff043f8a94a822d9003796d22c697734958ec314ed99fd29af077,1584515915,candidate_layering,,
0xa160cdab225685da1d56aa342ad8841c3b53f291,0xcade02e45cf23f678d8c492f44e6fa0861c27cb6,internal_eth,0.1055,0xd4601f0eca7ff043f8a94a822d9003796d22c697734958ec314ed99fd29af077,1584515915,candidate_layering,,
0xa160cdab225685da1d56aa342ad8841c3b53f291,0xa6fdf6bb9d7225505e494df6c23aa99134561504,internal_eth,100.0,0x205b9cd89dfbe9598a714f7a26ecbdabc29d79f6da7327f82eb43c524cc91ec9,1584547133,candidate_layering,,
0xa160cdab225685da1d56aa342ad8841c3b53f291,0x836d31d3074aee0d95d71f210e7749afff2fdc90,internal_eth,100.0,0x3db6edfba1ecb3452a91590cb039b33f462e70163911dacfdb0f3fccee0caddf,1584552830,candidate_layering,,
0xa160cdab225685da1d56aa342ad8841c3b53f291,0x836d31d3074aee0d95d71f210e7749afff2fdc90,internal_eth,100.0,0xabfd7a1b76a23083f42e659dd980983f332cd7c21268af6025d83fe2a3433a79,1584552919,candidate_layering,,
0xa160cdab225685da1d56aa342ad8841c3b53f291,0xc1f42e8f48ca2450f4363e26911241e0ccc134e0,internal_eth,99.8895,0x0c365782e031d0cbd23071388e12b83f355d57dcd265618fdaa0b499ac0a7692,1584582208,candidate_layering,,
0xa160cdab225685da1d56aa342ad8841c3b53f291,0x0b157ac0a65319b0a18aa46b0b0d4497e1074456,internal_eth,0.1105,0x0c365782e031d0cbd23071388e12b83f355d57dcd265618fdaa0b499ac0a7692,1584582208,candidate_layering,,
0xa160cdab225685da1d56aa342ad8841c3b53f291,0x792c1bbfac08f29664bc9b8c3ca5a0f4f0dc36d2,internal_eth,99.8895,0xfa3514f61d9a4d8c3a81a70faa766aa4e2dd9ffae49e3adcc1a52ff7385046fe,1585328091,candidate_layering,,
0xa160cdab225685da1d56aa342ad8841c3b53f291,0x41a28335c5075c81502a97cebad597f28728a815,internal_eth,0.1105,0xfa3514f61d9a4d8c3a81a70faa766aa4e2dd9ffae49e3adcc1a52ff7385046fe,1585328091,candidate_layering,,
0xa160cdab225685da1d56aa342ad8841c3b53f291,0xfa43d6cdcc4e889f27658ecbb4c213cc1ce18732,internal_eth,99.89715000000001,0xd0f5fd202f1bac492aadafd573c9d19364fb33a58340c516b7108bd6261f5d5e,1585385681,candidate_layering,,
0xa160cdab225685da1d56aa342ad8841c3b53f291,0x0b157ac0a65319b0a18aa46b0b0d4497e1074456,internal_eth,0.10285,0xd0f5fd202f1bac492aadafd573c9d19364fb33a58340c516b7108bd6261f5d5e,1585385681,candidate_layering,,
0xa160cdab225685da1d56aa342ad8841c3b53f291,0x5e01b2615e43151bc1c065af704a9d9d612f98ea,internal_eth,99.8895,0xe3f3bb37ab7644a21c17d3d530c9abee4955200edf7c1996edd56b3880631221,1585495259,candidate_layering,,
0xa160cdab225685da1d56aa342ad8841c3b53f291,0x0b157ac0a65319b0a18aa46b0b0d4497e1074456,internal_eth,0.1105,0xe3f3bb37ab7644a21c17d3d530c9abee4955200edf7c1996edd56b3880631221,1585495259,candidate_layering,,
0xa160cdab225685da1d56aa342ad8841c3b53f291,0xfa8e7b2b5a333e9bed4e8f38b42ce33d8b2ee1df,internal_eth,99.8895,0xd281a1c8fdd5cc162bca602dc85a0c1d9beb47dd236dc62f349e67951cb218c3,1585516314,candidate_layering,,
0xa160cdab225685da1d56aa342ad8841c3b53f291,0x41a28335c5075c81502a97cebad597f28728a815,internal_eth,0.1105,0xd281a1c8fdd5cc162bca602dc85a0c1d9beb47dd236dc62f349e67951cb218c3,1585516314,candidate_layering,,
0xa160cdab225685da1d56aa342ad8841c3b53f291,0x1a7716f6a280276eacbed887299886dc65a6d659,internal_eth,99.8895,0xeca48ae621775c2ce52ac71b3357b927abbdccb5bbb3b4fe8f614ed0a80bcf5a,1585631464,candidate_layering,,
0xa160cdab225685da1d56aa342ad8841c3b53f291,0x0b157ac0a65319b0a18aa46b0b0d4497e1074456,internal_eth,0.1105,0xeca48ae621775c2ce52ac71b3357b927abbdccb5bbb3b4fe8f614ed0a80bcf5a,1585631464,candidate_layering,,
0xa160cdab225685da1d56aa342ad8841c3b53f291,0xaed511ad396ad1ac8390d2faee21fdf5c55b4c00,internal_eth,100.0,0x4794b497282c19044fd401316cd11db4ca7efe8486a1ffb8e805ef890185b477,1585659468,candidate_layering,,
0xa160cdab225685da1d56aa342ad8841c3b53f291,0xa7e8102e664c168ee42b3f78724f44bbbc499388,internal_eth,99.8974,0xf57cce7af9b2e064c55f9b6e48ebec335a4af48933e3de1fced45645944d93bc,1585862202,candidate_layering,,
0xa160cdab225685da1d56aa342ad8841c3b53f291,0x33350f9ffe031ca593442a189b3bc7a1ea05b3c1,internal_eth,0.1026,0xf57cce7af9b2e064c55f9b6e48ebec335a4af48933e3de1fced45645944d93bc,1585862202,candidate_layering,,
0xa160cdab225685da1d56aa342ad8841c3b53f291,0xef1863a13b8dfa1bd542f1af79a38c18b9169e30,internal_eth,100.0,0x1e5025df05adec8be7027ff11aa219e2c0765cbd9641c835955acddd87dd70e4,1585919479,candidate_layering,,
0xa160cdab225685da1d56aa342ad8841c3b53f291,0xfd22382cb5aaeb165347f648bed1cda8d75f1fe0,internal_eth,99.8959,0x89a8588b6f12acde4e1753842138626384327687af0cf1d024a313fd9b3a9b61,1585929305,candidate_layering,,
0xa160cdab225685da1d56aa342ad8841c3b53f291,0x0b157ac0a65319b0a18aa46b0b0d4497e1074456,internal_eth,0.1041,0x89a8588b6f12acde4e1753842138626384327687af0cf1d024a313fd9b3a9b61,1585929305,candidate_layering,,
0xa160cdab225685da1d56aa342ad8841c3b53f291,0x20733179ef0b7c282a4f6f96684fbadbc935df14,internal_eth,100.0,0x18911b70ef7c74efe4625f8ca5df0d5d38165e568b6fb4dd751fa96548e2d94a,1585930658,candidate_layering,,
0xa160cdab225685da1d56aa342ad8841c3b53f291,0xaa84f873b0ec4eba4d2e9954dc1c62af31b59521,internal_eth,99.947,0x2d6c70d4cf8b39e2085823e941845cb9a0a4eec4eed3f369e7d8f9a65dbd6402,1585948727,candidate_layering,,
0xa160cdab225685da1d56aa342ad8841c3b53f291,0x7d3bb46c78b0c4949639ce34896bfd875b97ad08,internal_eth,0.053,0x2d6c70d4cf8b39e2085823e941845cb9a0a4eec4eed3f369e7d8f9a65dbd6402,1585948727,candidate_layering,,
0xa160cdab225685da1d56aa342ad8841c3b53f291,0xd8070d79f65b3a635995e130fa31de2d5701310b,internal_eth,99.947,0x9b44aafe1faf7f06b8db9dd7005b45d2e3afe64dda3daf612777496cf64888f0,1586106598,candidate_layering,,
0xa160cdab225685da1d56aa342ad8841c3b53f291,0x41a28335c5075c81502a97cebad597f28728a815,internal_eth,0.053,0x9b44aafe1faf7f06b8db9dd7005b45d2e3afe64dda3daf612777496cf64888f0,1586106598,candidate_layering,,
0xa160cdab225685da1d56aa342ad8841c3b53f291,0xc48ec8724b34fa19154f20b28949acf10bf02520,internal_eth,99.9444,0xe5c4d4d381fca1a04bfbfbcb71195d13a6a6fbe7bb7ef99716275340ed7642f2,1586168903,candidate_layering,,
0xa160cdab225685da1d56aa342ad8841c3b53f291,0x41a28335c5075c81502a97cebad597f28728a815,internal_eth,0.0556,0xe5c4d4d381fca1a04bfbfbcb71195d13a6a6fbe7bb7ef99716275340ed7642f2,1586168903,candidate_layering,,
0xa160cdab225685da1d56aa342ad8841c3b53f291,0xd8070d79f65b3a635995e130fa31de2d5701310b,internal_eth,99.9445,0x6345494773f07cde57211a11da256a2e109891bf406a79a7ce00cfb5892e22d2,1586197413,candidate_layering,,
0xa160cdab225685da1d56aa342ad8841c3b53f291,0x7d3bb46c78b0c4949639ce34896bfd875b97ad08,internal_eth,0.0555,0x6345494773f07cde57211a11da256a2e109891bf406a79a7ce00cfb5892e22d2,1586197413,candidate_layering,,
0xa160cdab225685da1d56aa342ad8841c3b53f291,0x545d8aaf59ea75d911bc56b5bcee0980ed231392,internal_eth,99.9454,0x690416deddc28b8ce34317cbf238e8244bd72a3145b2d9b6dcd4c661be8b7fe0,1586198897,candidate_layering,,
0xa160cdab225685da1d56aa342ad8841c3b53f291,0x41a28335c5075c81502a97cebad597f28728a815,internal_eth,0.0546,0x690416deddc28b8ce34317cbf238e8244bd72a3145b2d9b6dcd4c661be8b7fe0,1586198897,candidate_layering,,
0xa160cdab225685da1d56aa342ad8841c3b53f291,0x228f5e15ea38866325bafcd308a513002b70d1a4,internal_eth,99.946,0x41f8315dca56a84b669bbb617973986447165da32f4c0afae17bc15f3cdcd896,1586251376,candidate_layering,,
0xa160cdab225685da1d56aa342ad8841c3b53f291,0x7d3bb46c78b0c4949639ce34896bfd875b97ad08,internal_eth,0.054,0x41f8315dca56a84b669bbb617973986447165da32f4c0afae17bc15f3cdcd896,1586251376,candidate_layering,,
0xa160cdab225685da1d56aa342ad8841c3b53f291,0x6dca32c5772dce9104e68621bfdaf0648a85be7b,internal_eth,99.9444,0x16eeceeb9ed2f40316bb61588909f5b574f172e3e32cdfb6a17f7b9b45bcd2c5,1586267097,candidate_layering,,
0xa160cdab225685da1d56aa342ad8841c3b53f291,0x41a28335c5075c81502a97cebad597f28728a815,internal_eth,0.0556,0x16eeceeb9ed2f40316bb61588909f5b574f172e3e32cdfb6a17f7b9b45bcd2c5,1586267097,candidate_layering,,
0xa160cdab225685da1d56aa342ad8841c3b53f291,0x859005f10e6aaa135e50cef23ae44501696d629d,internal_eth,99.9444,0x96a98e29269aeb21f62475494cd8baf6d334f4a1a7ea9f2b78ef501d6c517001,1586267399,candidate_layering,,
0xa160cdab225685da1d56aa342ad8841c3b53f291,0x0b157ac0a65319b0a18aa46b0b0d4497e1074456,internal_eth,0.0556,0x96a98e29269aeb21f62475494cd8baf6d334f4a1a7ea9f2b78ef501d6c517001,1586267399,candidate_layering,,
0xa160cdab225685da1d56aa342ad8841c3b53f291,0xd8070d79f65b3a635995e130fa31de2d5701310b,internal_eth,99.9459,0x30dbfa2438635033fb6784c94b0b92233293fad4a3401c7901f537cf70708fc3,1586288146,candidate_layering,,
0xa160cdab225685da1d56aa342ad8841c3b53f291,0x7d3bb46c78b0c4949639ce34896bfd875b97ad08,internal_eth,0.0541,0x30dbfa2438635033fb6784c94b0b92233293fad4a3401c7901f537cf70708fc3,1586288146,candidate_layering,,
0xa160cdab225685da1d56aa342ad8841c3b53f291,0x139309d7a0e1f8dda278a6ac91c1b18410e58e43,internal_eth,99.9474,0xbe2021e94f64a7d961507f9fc966446ab8e451fa7dd5944d7db1ad7a5b3ad8a6,1586291779,candidate_layering,,
0xa160cdab225685da1d56aa342ad8841c3b53f291,0x0b157ac0a65319b0a18aa46b0b0d4497e1074456,internal_eth,0.0526,0xbe2021e94f64a7d961507f9fc966446ab8e451fa7dd5944d7db1ad7a5b3ad8a6,1586291779,candidate_layering,,
0xa160cdab225685da1d56aa342ad8841c3b53f291,0xd8070d79f65b3a635995e130fa31de2d5701310b,internal_eth,99.9459,0x3b4ec480198e5129f471a296a3c2ac008b821e3244fc76349ca11b7ff5723f7c,1586354412,candidate_layering,,
0xa160cdab225685da1d56aa342ad8841c3b53f291,0x0b157ac0a65319b0a18aa46b0b0d4497e1074456,internal_eth,0.0541,0x3b4ec480198e5129f471a296a3c2ac008b821e3244fc76349ca11b7ff5723f7c,1586354412,candidate_layering,,
0xa160cdab225685da1d56aa342ad8841c3b53f291,0xb5ec27c2c1fb3164ff43ee11e9b51a583d9110ad,internal_eth,99.096,0x5784f1984196e4256949a52f80e2fa3878f8f0f70540d62401192642a79d6d3b,1586360247,candidate_layering,,
0xa160cdab225685da1d56aa342ad8841c3b53f291,0xe0f87651d3b65641c0fe1b71c5fbe88236d4b2e6,internal_eth,0.904,0x5784f1984196e4256949a52f80e2fa3878f8f0f70540d62401192642a79d6d3b,1586360247,candidate_layering,,
0xa160cdab225685da1d56aa342ad8841c3b53f291,0xb5ec27c2c1fb3164ff43ee11e9b51a583d9110ad,internal_eth,99.7959,0x702f03a8c78dce5ae3eaba1660c7b5f0ab2f20e5a7c41f54ca2b21576a75210d,1586360636,candidate_layering,,
0xa160cdab225685da1d56aa342ad8841c3b53f291,0x0f416bc2d310a1c32bc1081cf354c15fd10d4802,internal_eth,0.2041,0x702f03a8c78dce5ae3eaba1660c7b5f0ab2f20e5a7c41f54ca2b21576a75210d,1586360636,candidate_layering,,
0xa160cdab225685da1d56aa342ad8841c3b53f291,0xfd339662d322061a7deb2fd64993fbefcc76b33b,internal_eth,99.946,0x04c9f27c0394bff06d7386f3644655dc1489351c059a9db4e83e065db724add8,1586370876,candidate_layering,,
0xa160cdab225685da1d56aa342ad8841c3b53f291,0x7d3bb46c78b0c4949639ce34896bfd875b97ad08,internal_eth,0.054,0x04c9f27c0394bff06d7386f3644655dc1489351c059a9db4e83e065db724add8,1586370876,candidate_layering,,
0xa160cdab225685da1d56aa342ad8841c3b53f291,0x91a16800c500ee30b3713e30fd885c413d388c76,internal_eth,99.946,0xe289db4ea97b63fba68ba4961fcc6a15dee3710fc60bdb2f4e53f2e82055fc23,1586371178,candidate_layering,,
0xa160cdab225685da1d56aa342ad8841c3b53f291,0x7d3bb46c78b0c4949639ce34896bfd875b97ad08,internal_eth,0.054,0xe289db4ea97b63fba68ba4961fcc6a15dee3710fc60bdb2f4e53f2e82055fc23,1586371178,candidate_layering,,
0xa160cdab225685da1d56aa342ad8841c3b53f291,0xb5ec27c2c1fb3164ff43ee11e9b51a583d9110ad,internal_eth,99.946,0x5b88cf464fda366470f1adf73a171ffb026aa63833d80a01de3762e88ce653ba,1586403354,candidate_layering,,
0xa160cdab225685da1d56aa342ad8841c3b53f291,0x41a28335c5075c81502a97cebad597f28728a815,internal_eth,0.054,0x5b88cf464fda366470f1adf73a171ffb026aa63833d80a01de3762e88ce653ba,1586403354,candidate_layering,,
0xa160cdab225685da1d56aa342ad8841c3b53f291,0xd8070d79f65b3a635995e130fa31de2d5701310b,internal_eth,99.9474,0xc499e6bb8db78e3d4c4c4971268ebae69efbd3d20cb3f3378151b5fd9902f15d,1586458789,candidate_layering,,
0xa160cdab225685da1d56aa342ad8841c3b53f291,0x41a28335c5075c81502a97cebad597f28728a815,internal_eth,0.0526,0xc499e6bb8db78e3d4c4c4971268ebae69efbd3d20cb3f3378151b5fd9902f15d,1586458789,candidate_layering,,
0xa160cdab225685da1d56aa342ad8841c3b53f291,0xd85d422317640106599128b19b40b3e8137875a3,internal_eth,100.0,0xadd5d571007e925d1ef7eec72d4eef318c887088bc0e7d2ebbeff29d7992fb70,1586479392,candidate_layering,,
0xa160cdab225685da1d56aa342ad8841c3b53f291,0xd85d422317640106599128b19b40b3e8137875a3,internal_eth,100.0,0xfc61659a936da216837fe1fa0a9c6ab4cd382abaf598c37eb0f531e413fb576a,1586479603,candidate_layering,,
0xa160cdab225685da1d56aa342ad8841c3b53f291,0xd85d422317640106599128b19b40b3e8137875a3,internal_eth,100.0,0xe80ef1e9c6aa927a9d263c249555955c3070fd2edbb7029ba85c3020877516a6,1586479749,candidate_layering,,
0xa160cdab225685da1d56aa342ad8841c3b53f291,0xd85d422317640106599128b19b40b3e8137875a3,internal_eth,100.0,0x3a306a22fbef133b017e0011a60b62a4f9984985071a80d3feb547132f86ff2f,1586479916,candidate_layering,,
0xa160cdab225685da1d56aa342ad8841c3b53f291,0xd85d422317640106599128b19b40b3e8137875a3,internal_eth,100.0,0x41077d8069028a99b09e57ae9e42ebd3937a89179f906800b2fee68ce6de2428,1586480066,candidate_layering,,
0xa160cdab225685da1d56aa342ad8841c3b53f291,0xd8070d79f65b3a635995e130fa31de2d5701310b,internal_eth,99.9445,0xc343589ff40d97c8945f0f1d4b4efed681181bfd7b0e9bad4506fcea414f816f,1586541777,candidate_layering,,
0xa160cdab225685da1d56aa342ad8841c3b53f291,0x7d3bb46c78b0c4949639ce34896bfd875b97ad08,internal_eth,0.0555,0xc343589ff40d97c8945f0f1d4b4efed681181bfd7b0e9bad4506fcea414f816f,1586541777,candidate_layering,,
0xa160cdab225685da1d56aa342ad8841c3b53f291,0xd1d13900457311488ca12c23f7922a09601f61e0,internal_eth,99.9469,0xdbef9a8cb4b2ef3334328524160e9f90747603c93c62b42c64018eeb85b19a6f,1586603904,candidate_layering,,
0xa160cdab225685da1d56aa342ad8841c3b53f291,0x7d3bb46c78b0c4949639ce34896bfd875b97ad08,internal_eth,0.0531,0xdbef9a8cb4b2ef3334328524160e9f90747603c93c62b42c64018eeb85b19a6f,1586603904,candidate_layering,,
0xa160cdab225685da1d56aa342ad8841c3b53f291,0x8bedbd286babb531bcce097238bc4e7153727139,internal_eth,99.9469,0x438d8239ed2866b300bd3aeb0a9ed72a21e58df4c093611658a3fd2a2e416ac8,1586604081,candidate_layering,,
0xa160cdab225685da1d56aa342ad8841c3b53f291,0x41a28335c5075c81502a97cebad597f28728a815,internal_eth,0.0531,0x438d8239ed2866b300bd3aeb0a9ed72a21e58df4c093611658a3fd2a2e416ac8,1586604081,candidate_layering,,
0xa160cdab225685da1d56aa342ad8841c3b53f291,0xf5c4c04cbac8bf15f05fe895e47ac38f9389ec0f,internal_eth,99.9465,0x23e42915d28a694d912fbd7fbf1e8d3d6f739b65cee966ea53ad0bdb4a57437d,1586604478,candidate_layering,,
0xa160cdab225685da1d56aa342ad8841c3b53f291,0x7d3bb46c78b0c4949639ce34896bfd875b97ad08,internal_eth,0.0535,0x23e42915d28a694d912fbd7fbf1e8d3d6f739b65cee966ea53ad0bdb4a57437d,1586604478,candidate_layering,,
0xa160cdab225685da1d56aa342ad8841c3b53f291,0xd8070d79f65b3a635995e130fa31de2d5701310b,internal_eth,99.9459,0x26e11aa095df0479691ad72f35647603559e514df23083459afb6b0e2c69bd82,1586667455,candidate_layering,,
0xa160cdab225685da1d56aa342ad8841c3b53f291,0x0b157ac0a65319b0a18aa46b0b0d4497e1074456,internal_eth,0.0541,0x26e11aa095df0479691ad72f35647603559e514df23083459afb6b0e2c69bd82,1586667455,candidate_layering,,
0xa160cdab225685da1d56aa342ad8841c3b53f291,0xd8070d79f65b3a635995e130fa31de2d5701310b,internal_eth,99.9459,0x2cde767ee2ee150e9bdd28404ab9eabe548fb38d12e998382c7eafdba3b54ddc,1586667536,candidate_layering,,
0xa160cdab225685da1d56aa342ad8841c3b53f291,0x41a28335c5075c81502a97cebad597f28728a815,internal_eth,0.0541,0x2cde767ee2ee150e9bdd28404ab9eabe548fb38d12e998382c7eafdba3b54ddc,1586667536,candidate_layering,,
0xa160cdab225685da1d56aa342ad8841c3b53f291,0x78e039b4e3ede4b24b64658d7a1ad5cb6dae1ea7,internal_eth,100.0,0x27f84fb639c98edd09306f94188eb612f38810db647748b8f721e7f7ad5552af,1586723123,candidate_layering,,
0xa160cdab225685da1d56aa342ad8841c3b53f291,0x78e039b4e3ede4b24b64658d7a1ad5cb6dae1ea7,internal_eth,100.0,0xb72cbfdf07311cc9b5ade7219ceb77d9e5da49e378233cfff2f32b3be95db431,1586723285,candidate_layering,,
0xa160cdab225685da1d56aa342ad8841c3b53f291,0x78e039b4e3ede4b24b64658d7a1ad5cb6dae1ea7,internal_eth,100.0,0x7099d6d957c15867784bd9159e5235568f4748d9f6fd87d4363e5c800a8e612b,1586723420,candidate_layering,,
0xa160cdab225685da1d56aa342ad8841c3b53f291,0x406d824745cb59839a2cdff08544bd09fed3859b,internal_eth,100.0,0xd7f1272abea6ee21ad21b2292f936f8e8b5abb60740ed05095817d582e07da5b,1586761016,candidate_layering,,
0xa160cdab225685da1d56aa342ad8841c3b53f291,0x406d824745cb59839a2cdff08544bd09fed3859b,internal_eth,99.7954,0xd0c6282df12ad5470fd309f7ad18a01fab164fd58067191e51985d002345d1ae,1586761279,candidate_layering,,
0xa160cdab225685da1d56aa342ad8841c3b53f291,0x0f416bc2d310a1c32bc1081cf354c15fd10d4802,internal_eth,0.2046,0xd0c6282df12ad5470fd309f7ad18a01fab164fd58067191e51985d002345d1ae,1586761279,candidate_layering,,
0xa160cdab225685da1d56aa342ad8841c3b53f291,0x406d824745cb59839a2cdff08544bd09fed3859b,internal_eth,100.0,0xc1e7ef0671ba00b8d37916d3b0d883026d136fe9af8b9f5abd9d405543b407c3,1586761371,candidate_layering,,
0xa160cdab225685da1d56aa342ad8841c3b53f291,0x8eb1dbf824387ebccf76249060d6faf01f855a80,internal_eth,99.9454,0xbf4aef0f00e9c0a98106a2a1a06a2ccff4248de8f5d76388ad688089852681d4,1586764023,candidate_layering,,
0xa160cdab225685da1d56aa342ad8841c3b53f291,0x41a28335c5075c81502a97cebad597f28728a815,internal_eth,0.0546,0xbf4aef0f00e9c0a98106a2a1a06a2ccff4248de8f5d76388ad688089852681d4,1586764023,candidate_layering,,
0xa160cdab225685da1d56aa342ad8841c3b53f291,0x47d07b958b78ebad104159795f95c480fc22540b,internal_eth,99.9454,0x8f3e49477bfd5c3a2bd4d8a396b44862a1f7f560eeab2431d3dc8ef5fd0d4abe,1586764175,candidate_layering,,
0xa160cdab225685da1d56aa342ad8841c3b53f291,0x7d3bb46c78b0c4949639ce34896bfd875b97ad08,internal_eth,0.0546,0x8f3e49477bfd5c3a2bd4d8a396b44862a1f7f560eeab2431d3dc8ef5fd0d4abe,1586764175,candidate_layering,,
0xa160cdab225685da1d56aa342ad8841c3b53f291,0xd8070d79f65b3a635995e130fa31de2d5701310b,internal_eth,99.9445,0x605b30ea1362ce0db4cfec3b37f359da4ea9a63d49ef7f0a350de8b2e9c0c20e,1586773659,candidate_layering,,
0xa160cdab225685da1d56aa342ad8841c3b53f291,0x7d3bb46c78b0c4949639ce34896bfd875b97ad08,internal_eth,0.0555,0x605b30ea1362ce0db4cfec3b37f359da4ea9a63d49ef7f0a350de8b2e9c0c20e,1586773659,candidate_layering,,
0xa160cdab225685da1d56aa342ad8841c3b53f291,0xe56fbbd61d667316624d8be8bdce7ec2c11b01d4,internal_eth,99.9459,0x204a18e5a3c32384008ce1efdea27444782d35458d4efdd2c0233150d4ae9a84,1586781968,candidate_layering,,
0xa160cdab225685da1d56aa342ad8841c3b53f291,0x7d3bb46c78b0c4949639ce34896bfd875b97ad08,internal_eth,0.0541,0x204a18e5a3c32384008ce1efdea27444782d35458d4efdd2c0233150d4ae9a84,1586781968,candidate_layering,,
0xa160cdab225685da1d56aa342ad8841c3b53f291,0x5e01b2615e43151bc1c065af704a9d9d612f98ea,internal_eth,99.7955,0x543ee41f9c69b1dfa3ca91ece049306b702bedff50612a659fa7afab47f1077c,1586791265,candidate_layering,,
0xa160cdab225685da1d56aa342ad8841c3b53f291,0x0f416bc2d310a1c32bc1081cf354c15fd10d4802,internal_eth,0.2045,0x543ee41f9c69b1dfa3ca91ece049306b702bedff50612a659fa7afab47f1077c,1586791265,candidate_layering,,
0xa160cdab225685da1d56aa342ad8841c3b53f291,0xa37d5d1fe58bc3689b9a5ad44e47a65f897f5f8d,internal_eth,99.9455,0xd0709b366112fd27c5e47a8a424987d4c2d7271682f0f498f916e256f05d6f0f,1586798227,candidate_layering,,
0xa160cdab225685da1d56aa342ad8841c3b53f291,0x0b157ac0a65319b0a18aa46b0b0d4497e1074456,internal_eth,0.0545,0xd0709b366112fd27c5e47a8a424987d4c2d7271682f0f498f916e256f05d6f0f,1586798227,candidate_layering,,
0xa160cdab225685da1d56aa342ad8841c3b53f291,0xc6bda2e2b22a834cf0d8f45325ce1803ce00d7fc,internal_eth,97.9955,0x1240e508db06073ec2a09b70c3d52f93d23a5d6aacb9501f08e95a00aeb4204c,1586798294,candidate_layering,,
0xa160cdab225685da1d56aa342ad8841c3b53f291,0xefab18983029d2ba840e34698efb67fdf8120711,internal_eth,2.0045,0x1240e508db06073ec2a09b70c3d52f93d23a5d6aacb9501f08e95a00aeb4204c,1586798294,candidate_layering,,
0xa160cdab225685da1d56aa342ad8841c3b53f291,0xa822a05be686a422ee984ac6affec2ea538ed0d3,internal_eth,99.9455,0xf5249239e09bc8cd7dcbb6f131a1e090546614e7b362739da374addd599df1ff,1586798415,candidate_layering,,
0xa160cdab225685da1d56aa342ad8841c3b53f291,0x41a28335c5075c81502a97cebad597f28728a815,internal_eth,0.0545,0xf5249239e09bc8cd7dcbb6f131a1e090546614e7b362739da374addd599df1ff,1586798415,candidate_layering,,
0xa160cdab225685da1d56aa342ad8841c3b53f291,0x1c35ec36f2bfd35fb5cb1e92468c8c12d0694c6d,internal_eth,99.9465,0x66346bd5c2e778b171307c512952414f74b840fc1459df93a6b5fcc0a7ac4d91,1586798484,candidate_layering,,
0xa160cdab225685da1d56aa342ad8841c3b53f291,0x7d3bb46c78b0c4949639ce34896bfd875b97ad08,internal_eth,0.0535,0x66346bd5c2e778b171307c512952414f74b840fc1459df93a6b5fcc0a7ac4d91,1586798484,candidate_layering,,
0xa160cdab225685da1d56aa342ad8841c3b53f291,0x93600bece6a1ed8a1314d9b1e6726e573f894fcd,internal_eth,99.94615,0x83bc9b1ee8dff89d4baac45c20409d3585fec2e256e3c56a163abb60df873f06,1586798589,candidate_layering,,
0xa160cdab225685da1d56aa342ad8841c3b53f291,0x0b157ac0a65319b0a18aa46b0b0d4497e1074456,internal_eth,0.05385,0x83bc9b1ee8dff89d4baac45c20409d3585fec2e256e3c56a163abb60df873f06,1586798589,candidate_layering,,
0xa160cdab225685da1d56aa342ad8841c3b53f291,0x23189f3f5db479ff0ca6798b9f4dbf1d92b01131,internal_eth,99.947,0x5fec6d907b6d0fd67f0de4499c4f7803ea2ff4183f8ef5aa8a3b1f36932c13b6,1586798634,candidate_layering,,
0xa160cdab225685da1d56aa342ad8841c3b53f291,0x0b157ac0a65319b0a18aa46b0b0d4497e1074456,internal_eth,0.053,0x5fec6d907b6d0fd67f0de4499c4f7803ea2ff4183f8ef5aa8a3b1f36932c13b6,1586798634,candidate_layering,,
0xa160cdab225685da1d56aa342ad8841c3b53f291,0x72800cc343504831b06abac72e1e99d97a8fc767,internal_eth,99.94664999999999,0x01817d60cab7dba2dec9ddceddd42b6893f06d9f8d91e8387c94d6a2deb175a8,1586799086,candidate_layering,,
0xa160cdab225685da1d56aa342ad8841c3b53f291,0x41a28335c5075c81502a97cebad597f28728a815,internal_eth,0.05335,0x01817d60cab7dba2dec9ddceddd42b6893f06d9f8d91e8387c94d6a2deb175a8,1586799086,candidate_layering,,
0xa160cdab225685da1d56aa342ad8841c3b53f291,0x43566799f0d0468232806519eb12640f79505d14,internal_eth,99.09615000000001,0xefb8fe366bac1457d75580dd11a9e42450bc0f05ecf80bccd70ea020e4cb3a7f,1586799260,candidate_layering,,
0xa160cdab225685da1d56aa342ad8841c3b53f291,0xe0f87651d3b65641c0fe1b71c5fbe88236d4b2e6,internal_eth,0.90385,0xefb8fe366bac1457d75580dd11a9e42450bc0f05ecf80bccd70ea020e4cb3a7f,1586799260,candidate_layering,,
0xa160cdab225685da1d56aa342ad8841c3b53f291,0x3bd2602d2f99480cb189449da08bce341987ac1c,internal_eth,99.94704999999999,0x12b743dd502c98162ed0e8dbb3a564af013d20d1acd56f047688316b15485bf4,1586799401,candidate_layering,,
0xa160cdab225685da1d56aa342ad8841c3b53f291,0x7d3bb46c78b0c4949639ce34896bfd875b97ad08,internal_eth,0.05295,0x12b743dd502c98162ed0e8dbb3a564af013d20d1acd56f047688316b15485bf4,1586799401,candidate_layering,,
0xa160cdab225685da1d56aa342ad8841c3b53f291,0x99f6998a61c9366c3bed0e2542a1ffa759238648,internal_eth,99.9474,0x19686934b25950835fa8fdd605dffb315a7602adb4723ee956521b568bc30909,1586799496,candidate_layering,,
0xa160cdab225685da1d56aa342ad8841c3b53f291,0x7d3bb46c78b0c4949639ce34896bfd875b97ad08,internal_eth,0.0526,0x19686934b25950835fa8fdd605dffb315a7602adb4723ee956521b568bc30909,1586799496,candidate_layering,,
0xa160cdab225685da1d56aa342ad8841c3b53f291,0x72c3b70752a81cacd9dd653ef46d0ffb6505ac89,internal_eth,99.9474,0x5d1a89ab6b1bb562d0b16ddda12caa5b554fb1be8820bef3669ebf83f40a25ed,1586799570,candidate_layering,,
0xa160cdab225685da1d56aa342ad8841c3b53f291,0x0b157ac0a65319b0a18aa46b0b0d4497e1074456,internal_eth,0.0526,0x5d1a89ab6b1bb562d0b16ddda12caa5b554fb1be8820bef3669ebf83f40a25ed,1586799570,candidate_layering,,
0xa160cdab225685da1d56aa342ad8841c3b53f291,0x7c560c4b55b7f060982982ff5f87ccdc4c9e80bd,internal_eth,100.0,0xc904ef2ac5fb24ecf1dc1220f606c03e97e87af026472e6c4461181d3a3290f2,1586821454,candidate_layering,,
0xa160cdab225685da1d56aa342ad8841c3b53f291,0xd8070d79f65b3a635995e130fa31de2d5701310b,internal_eth,99.947,0x7c93cefa850a6c2b576807eeed1ae673083ea8721aa1a3b118d8ff91a8279c12,1586881329,candidate_layering,,
0xa160cdab225685da1d56aa342ad8841c3b53f291,0x0b157ac0a65319b0a18aa46b0b0d4497e1074456,internal_eth,0.053,0x7c93cefa850a6c2b576807eeed1ae673083ea8721aa1a3b118d8ff91a8279c12,1586881329,candidate_layering,,
0xa160cdab225685da1d56aa342ad8841c3b53f291,0xa9f7dfcdd51facbb631eee98697678d4eac1fb40,internal_eth,100.0,0x771aedb90e2f85eb9ad4fe55a141f9677a5de41a061f16be922a89b766255e3a,1586886832,candidate_layering,,
0xa160cdab225685da1d56aa342ad8841c3b53f291,0xa9f7dfcdd51facbb631eee98697678d4eac1fb40,internal_eth,100.0,0x5b2b054b0e10804ba1e4f6d3b8206a1f00d45d32188ba0101000a338b917eee4,1586888400,candidate_layering,,
0xa160cdab225685da1d56aa342ad8841c3b53f291,0x6e971ee23dc7f4f8861888011aebc65f35321ba9,internal_eth,99.947,0x73353242c8372181eee44664f715f8abbdac2b9184a37a913cf62471492d825f,1586914017,candidate_layering,,
0xa160cdab225685da1d56aa342ad8841c3b53f291,0x41a28335c5075c81502a97cebad597f28728a815,internal_eth,0.053,0x73353242c8372181eee44664f715f8abbdac2b9184a37a913cf62471492d825f,1586914017,candidate_layering,,
0xa160cdab225685da1d56aa342ad8841c3b53f291,0xd8070d79f65b3a635995e130fa31de2d5701310b,internal_eth,99.9455,0x79d71d00df1d5d80c874d065a8c4d2861e98ac4a5fa60a5d002845343e2d0807,1586935675,candidate_layering,,
0xa160cdab225685da1d56aa342ad8841c3b53f291,0x0b157ac0a65319b0a18aa46b0b0d4497e1074456,internal_eth,0.0545,0x79d71d00df1d5d80c874d065a8c4d2861e98ac4a5fa60a5d002845343e2d0807,1586935675,candidate_layering,,
0xa160cdab225685da1d56aa342ad8841c3b53f291,0x9169e947fd20fd3e0afcd769bf70260743ccf490,internal_eth,99.9419,0xe8d25f8130bac6f46c5bd4722e20abcd9fc66fe446bc69e6861940bc0b9a41b0,1587025824,candidate_layering,,
0xa160cdab225685da1d56aa342ad8841c3b53f291,0x0b157ac0a65319b0a18aa46b0b0d4497e1074456,internal_eth,0.0581,0xe8d25f8130bac6f46c5bd4722e20abcd9fc66fe446bc69e6861940bc0b9a41b0,1587025824,candidate_layering,,
0xa160cdab225685da1d56aa342ad8841c3b53f291,0xd8070d79f65b3a635995e130fa31de2d5701310b,internal_eth,99.9425,0xdd1f2042c491b894869cd9210a2e5e2f53eb8f6c25b6bfb44ccb46fdacaeb819,1587047011,candidate_layering,,
0xa160cdab225685da1d56aa342ad8841c3b53f291,0x0b157ac0a65319b0a18aa46b0b0d4497e1074456,internal_eth,0.0575,0xdd1f2042c491b894869cd9210a2e5e2f53eb8f6c25b6bfb44ccb46fdacaeb819,1587047011,candidate_layering,,
0xa160cdab225685da1d56aa342ad8841c3b53f291,0xd8070d79f65b3a635995e130fa31de2d5701310b,internal_eth,99.943,0xd97eed71974425b76b36df7ff1828a786a36d88cae19e89ebfb907b327cdd014,1587047150,candidate_layering,,
0xa160cdab225685da1d56aa342ad8841c3b53f291,0x41a28335c5075c81502a97cebad597f28728a815,internal_eth,0.057,0xd97eed71974425b76b36df7ff1828a786a36d88cae19e89ebfb907b327cdd014,1587047150,candidate_layering,,
0xa160cdab225685da1d56aa342ad8841c3b53f291,0xcee7c072ee244921373c7428808e1160b0068b46,internal_eth,100.0,0x110ae0e5f22c33adf213cee4ca7b7b54a77c21cf1cc00b218b4aa276f9845a17,1587057246,candidate_layering,,
0xa160cdab225685da1d56aa342ad8841c3b53f291,0xcee7c072ee244921373c7428808e1160b0068b46,internal_eth,100.0,0x47fc198ac381b2a21854687c8e0e3441044bbef3470d08e244587ff35256b112,1587057256,candidate_layering,,
0xa160cdab225685da1d56aa342ad8841c3b53f291,0xcee7c072ee244921373c7428808e1160b0068b46,internal_eth,100.0,0x103cd8c0b7b0e6a1b1c2c3b3e08560510b2a80bdd1ae008dd248c2c8b857571a,1587057671,candidate_layering,,
0xa160cdab225685da1d56aa342ad8841c3b53f291,0xaba58edd71fde6cff13a72b97426b4750c52ce49,internal_eth,99.9471,0xb4dad6c92743f447679aa3efb7aafea98bdec2ffac9727a51dc0e8d41aff8ffe,1587085795,candidate_layering,,
0xa160cdab225685da1d56aa342ad8841c3b53f291,0x41a28335c5075c81502a97cebad597f28728a815,internal_eth,0.0529,0xb4dad6c92743f447679aa3efb7aafea98bdec2ffac9727a51dc0e8d41aff8ffe,1587085795,candidate_layering,,
0xa160cdab225685da1d56aa342ad8841c3b53f291,0x4871cbc6c888edd6e121c187a535dbb57889396a,internal_eth,100.0,0xdae5e6734193db2b757c0a1730ee4e44586998e942a2b0d82993627de1bad934,1587321166,candidate_layering,,
0xa160cdab225685da1d56aa342ad8841c3b53f291,0x8a75d5197ed2b770ee8cb672d53b566c5e224074,internal_eth,99.9438,0x6c8ed6bde464bb45bf46e04e741d361475b9402462d6cf7e97def54ef73ed99f,1587479972,candidate_layering,,
0xa160cdab225685da1d56aa342ad8841c3b53f291,0x41a28335c5075c81502a97cebad597f28728a815,internal_eth,0.0562,0x6c8ed6bde464bb45bf46e04e741d361475b9402462d6cf7e97def54ef73ed99f,1587479972,candidate_layering,,
0xa160cdab225685da1d56aa342ad8841c3b53f291,0xc0de79d6fe5e96cb6dd2de17d6dc6b7d927d94c0,internal_eth,99.9459,0x65aecfa53623af7cb001b2743f6684830b447a52fa889d737196b5cf6d4aa048,1587502509,candidate_layering,,
0xa160cdab225685da1d56aa342ad8841c3b53f291,0x0b157ac0a65319b0a18aa46b0b0d4497e1074456,internal_eth,0.0541,0x65aecfa53623af7cb001b2743f6684830b447a52fa889d737196b5cf6d4aa048,1587502509,candidate_layering,,
0xa160cdab225685da1d56aa342ad8841c3b53f291,0xc0de79d6fe5e96cb6dd2de17d6dc6b7d927d94c0,internal_eth,99.7964,0x177b6aa3f422df8e900dc8adfaf61cb93962b2d41cd443c99e529ff834067721,1587502526,candidate_layering,,
0xa160cdab225685da1d56aa342ad8841c3b53f291,0x0f416bc2d310a1c32bc1081cf354c15fd10d4802,internal_eth,0.2036,0x177b6aa3f422df8e900dc8adfaf61cb93962b2d41cd443c99e529ff834067721,1587502526,candidate_layering,,
0xa160cdab225685da1d56aa342ad8841c3b53f291,0xc0de79d6fe5e96cb6dd2de17d6dc6b7d927d94c0,internal_eth,97.9964,0x8ac50397b20fac05cdb96f1e39018d160f388db40712ad198c1550ecc9c14030,1587502591,candidate_layering,,
0xa160cdab225685da1d56aa342ad8841c3b53f291,0xefab18983029d2ba840e34698efb67fdf8120711,internal_eth,2.0036,0x8ac50397b20fac05cdb96f1e39018d160f388db40712ad198c1550ecc9c14030,1587502591,candidate_layering,,
0xa160cdab225685da1d56aa342ad8841c3b53f291,0xc0de79d6fe5e96cb6dd2de17d6dc6b7d927d94c0,internal_eth,99.9459,0x561893d96a50acb177a776134693ef20f62e8b899edc0c283b500162b417f33f,1587502634,candidate_layering,,
0xa160cdab225685da1d56aa342ad8841c3b53f291,0x41a28335c5075c81502a97cebad597f28728a815,internal_eth,0.0541,0x561893d96a50acb177a776134693ef20f62e8b899edc0c283b500162b417f33f,1587502634,candidate_layering,,
0xa160cdab225685da1d56aa342ad8841c3b53f291,0xc0de79d6fe5e96cb6dd2de17d6dc6b7d927d94c0,internal_eth,99.7959,0x64e21642c59d86887e4f89a016608fae52549dccafd03eb288379a11a8f5f363,1587502641,candidate_layering,,
0xa160cdab225685da1d56aa342ad8841c3b53f291,0x0f416bc2d310a1c32bc1081cf354c15fd10d4802,internal_eth,0.2041,0x64e21642c59d86887e4f89a016608fae52549dccafd03eb288379a11a8f5f363,1587502641,candidate_layering,,
0xa160cdab225685da1d56aa342ad8841c3b53f291,0xc0de79d6fe5e96cb6dd2de17d6dc6b7d927d94c0,internal_eth,97.9964,0xd1b717e0eda47736e617f69245b8a707a7bfaad2b138b772e4d13215f9bd5ffd,1587502783,candidate_layering,,
0xa160cdab225685da1d56aa342ad8841c3b53f291,0xefab18983029d2ba840e34698efb67fdf8120711,internal_eth,2.0036,0xd1b717e0eda47736e617f69245b8a707a7bfaad2b138b772e4d13215f9bd5ffd,1587502783,candidate_layering,,
0xa160cdab225685da1d56aa342ad8841c3b53f291,0xc0de79d6fe5e96cb6dd2de17d6dc6b7d927d94c0,internal_eth,99.0959,0x4ce2bc0da7536ae8199e29ce47aa80ad257daf61402f2cffcbe4d9385c2613fc,1587502891,candidate_layering,,
0xa160cdab225685da1d56aa342ad8841c3b53f291,0xe0f87651d3b65641c0fe1b71c5fbe88236d4b2e6,internal_eth,0.9041,0x4ce2bc0da7536ae8199e29ce47aa80ad257daf61402f2cffcbe4d9385c2613fc,1587502891,candidate_layering,,
0xa160cdab225685da1d56aa342ad8841c3b53f291,0xc0de79d6fe5e96cb6dd2de17d6dc6b7d927d94c0,internal_eth,99.7964,0x65fd100166a6b98cc5020aade05931659575419eaeb45afa19d35ac4a8d11718,1587502891,candidate_layering,,
0xa160cdab225685da1d56aa342ad8841c3b53f291,0x0f416bc2d310a1c32bc1081cf354c15fd10d4802,internal_eth,0.2036,0x65fd100166a6b98cc5020aade05931659575419eaeb45afa19d35ac4a8d11718,1587502891,candidate_layering,,
0xa160cdab225685da1d56aa342ad8841c3b53f291,0xc0de79d6fe5e96cb6dd2de17d6dc6b7d927d94c0,internal_eth,97.9959,0xb6ed977830d5bf130fe53ef4571446fbeeed94d0160ccae549e70094a12fa182,1587502905,candidate_layering,,
0xa160cdab225685da1d56aa342ad8841c3b53f291,0xefab18983029d2ba840e34698efb67fdf8120711,internal_eth,2.0041,0xb6ed977830d5bf130fe53ef4571446fbeeed94d0160ccae549e70094a12fa182,1587502905,candidate_layering,,
0xa160cdab225685da1d56aa342ad8841c3b53f291,0xc0de79d6fe5e96cb6dd2de17d6dc6b7d927d94c0,internal_eth,99.0959,0xf81e25beacb97678135e7d0a0385f9e587f77576e2b7ab9bfb6b1c75d5875dd6,1587502925,candidate_layering,,
0xa160cdab225685da1d56aa342ad8841c3b53f291,0xe0f87651d3b65641c0fe1b71c5fbe88236d4b2e6,internal_eth,0.9041,0xf81e25beacb97678135e7d0a0385f9e587f77576e2b7ab9bfb6b1c75d5875dd6,1587502925,candidate_layering,,
0xa160cdab225685da1d56aa342ad8841c3b53f291,0xc0de79d6fe5e96cb6dd2de17d6dc6b7d927d94c0,internal_eth,99.7964,0xc5afb269473578842558d8c2d5f2b05a2b6f341d6dee3f276869627af4eba01a,1587502933,candidate_layering,,
0xa160cdab225685da1d56aa342ad8841c3b53f291,0x0f416bc2d310a1c32bc1081cf354c15fd10d4802,internal_eth,0.2036,0xc5afb269473578842558d8c2d5f2b05a2b6f341d6dee3f276869627af4eba01a,1587502933,candidate_layering,,
0xa160cdab225685da1d56aa342ad8841c3b53f291,0xc0de79d6fe5e96cb6dd2de17d6dc6b7d927d94c0,internal_eth,99.9464,0x16a7b98f4ec9d1ae856ea5aebfd0ac9be6e7ffd133a35de2df60d735f9c15974,1587503034,candidate_layering,,
0xa160cdab225685da1d56aa342ad8841c3b53f291,0x41a28335c5075c81502a97cebad597f28728a815,internal_eth,0.0536,0x16a7b98f4ec9d1ae856ea5aebfd0ac9be6e7ffd133a35de2df60d735f9c15974,1587503034,candidate_layering,,
0xa160cdab225685da1d56aa342ad8841c3b53f291,0xc0de79d6fe5e96cb6dd2de17d6dc6b7d927d94c0,internal_eth,97.9964,0x3e170272377214c4ab9d782e160514c8d507b15353d0b0d3e5bdda40e233d156,1587503055,candidate_layering,,
0xa160cdab225685da1d56aa342ad8841c3b53f291,0xefab18983029d2ba840e34698efb67fdf8120711,internal_eth,2.0036,0x3e170272377214c4ab9d782e160514c8d507b15353d0b0d3e5bdda40e233d156,1587503055,candidate_layering,,
0xa160cdab225685da1d56aa342ad8841c3b53f291,0xc0de79d6fe5e96cb6dd2de17d6dc6b7d927d94c0,internal_eth,99.9464,0x56c95b42c7d6a02924de92d09fe6abb149cb69c04301aeb725c0b8740f27e1f7,1587503142,candidate_layering,,
0xa160cdab225685da1d56aa342ad8841c3b53f291,0x41a28335c5075c81502a97cebad597f28728a815,internal_eth,0.0536,0x56c95b42c7d6a02924de92d09fe6abb149cb69c04301aeb725c0b8740f27e1f7,1587503142,candidate_layering,,
0xa160cdab225685da1d56aa342ad8841c3b53f291,0x81dcbdf8388e91b7e0ef31646675f46859513a9a,internal_eth,100.0,0x6839d62555e0aa0717409ebaa9a01d7fa1160abd7652a34acf05f6e98448e343,1587648819,candidate_layering,,
0xa160cdab225685da1d56aa342ad8841c3b53f291,0x81dcbdf8388e91b7e0ef31646675f46859513a9a,internal_eth,100.0,0x240a3e5e2169ebe56fa434e88f67661f95da4b485121e5c0c20999ee59b6a68a,1587746481,candidate_layering,,
0xa160cdab225685da1d56aa342ad8841c3b53f291,0x81dcbdf8388e91b7e0ef31646675f46859513a9a,internal_eth,100.0,0x7f391e24e378cc1c0b5e1f3bc7936faf9a93900d849a80984475500a3ca5ea21,1587748020,candidate_layering,,
0xa160cdab225685da1d56aa342ad8841c3b53f291,0xddbc3361f2b87238f21afb275171e569446f5c3c,internal_eth,100.0,0xa4d39223e155d1b6c7072487c7197f030a0a88f8379bd40de9fcdffede6b502b,1587757898,candidate_layering,,
0xa160cdab225685da1d56aa342ad8841c3b53f291,0x78bb6a1170382c72acfc3a7dcc7c641c33a8f9cf,internal_eth,100.0,0xe58564ea90365b7254d60f96e7cba2de12df529af2aac2ef303b1d68b548ddbd,1587903812,candidate_layering,,
0xa160cdab225685da1d56aa342ad8841c3b53f291,0x78bb6a1170382c72acfc3a7dcc7c641c33a8f9cf,internal_eth,100.0,0x24d474b0ab5134ed9c2e33f893e37eb2ef38b2e9a87d57f7e4e6428f964c4c7c,1587904059,candidate_layering,,
0xa160cdab225685da1d56aa342ad8841c3b53f291,0xc8c4c03e491052edd15a8d2b6e284fc273619ce9,internal_eth,99.9399,0xc5c85d8d791e853a7efc4a897adfbf1e8520cc1910115112f230c0d0645c86ac,1588259147,candidate_layering,,
0xa160cdab225685da1d56aa342ad8841c3b53f291,0x0b157ac0a65319b0a18aa46b0b0d4497e1074456,internal_eth,0.0601,0xc5c85d8d791e853a7efc4a897adfbf1e8520cc1910115112f230c0d0645c86ac,1588259147,candidate_layering,,
0xa160cdab225685da1d56aa342ad8841c3b53f291,0xd20430caddd9628f6fa4b0bd24e7cb81ff31975c,internal_eth,99.89724999999999,0x027c3de378472b74cf05d2b500c89441ef047b3a72c24e8b5e66618d882777a6,1588378458,candidate_layering,,
0xa160cdab225685da1d56aa342ad8841c3b53f291,0x580e2bd60625f146bc32c75a63dbe0f61810ccda,internal_eth,0.10275,0x027c3de378472b74cf05d2b500c89441ef047b3a72c24e8b5e66618d882777a6,1588378458,candidate_layering,,
0xa160cdab225685da1d56aa342ad8841c3b53f291,0xf6b6f07862a02c85628b3a9688beae07fea9c863,internal_eth,99.947,0x351af5d64f03eaf1244a8d38859ee9a53ae6005299a053e1ca0cefd3a206aab5,1588378970,candidate_layering,,
0xa160cdab225685da1d56aa342ad8841c3b53f291,0x7d3bb46c78b0c4949639ce34896bfd875b97ad08,internal_eth,0.053,0x351af5d64f03eaf1244a8d38859ee9a53ae6005299a053e1ca0cefd3a206aab5,1588378970,candidate_layering,,
0xa160cdab225685da1d56aa342ad8841c3b53f291,0xf6b6f07862a02c85628b3a9688beae07fea9c863,internal_eth,99.897,0x5403a2ebfb85ae74e7fef04b528429324ab06460e2d064f4605e5a5034ad807b,1588379238,candidate_layering,,
0xa160cdab225685da1d56aa342ad8841c3b53f291,0x580e2bd60625f146bc32c75a63dbe0f61810ccda,internal_eth,0.103,0x5403a2ebfb85ae74e7fef04b528429324ab06460e2d064f4605e5a5034ad807b,1588379238,candidate_layering,,
0xa160cdab225685da1d56aa342ad8841c3b53f291,0x216343d36f0a7eab2829289e112299942384ca2b,internal_eth,100.0,0x37729363321784f9c2e6cf40058c17022824192a74efcd946ae1a312297505e8,1588437694,candidate_layering,,
0xa160cdab225685da1d56aa342ad8841c3b53f291,0xe989eb1ddd3e0cff345a91748dd4dce4a85f725a,internal_eth,100.0,0x209ff79d69a8d1c14247e182cd93c00ef1738dd6222c2d072b4a9f341abe1411,1588724315,candidate_layering,,
0xa160cdab225685da1d56aa342ad8841c3b53f291,0x747549cabb4c29c450c274f5e08502019a6b1b1c,internal_eth,99.0895,0x7f8ce02898fbde2341368c61281504aaa9b0b0791788e9a4d9889ca948285000,1588784403,candidate_layering,,
0xa160cdab225685da1d56aa342ad8841c3b53f291,0xe0f87651d3b65641c0fe1b71c5fbe88236d4b2e6,internal_eth,0.9105,0x7f8ce02898fbde2341368c61281504aaa9b0b0791788e9a4d9889ca948285000,1588784403,candidate_layering,,
0xa160cdab225685da1d56aa342ad8841c3b53f291,0xf5e852fcd4f1f928126c3aa0af7c795f4d1f773d,internal_eth,99.89535000000001,0x10c5920f0184e7ac469ffaababd72838f564c57d2fd5250bab8fc6b94d2883ff,1589061185,candidate_layering,,
0xa160cdab225685da1d56aa342ad8841c3b53f291,0x1f2be440a818b3b87069af6ec20528c6dbec429b,internal_eth,0.10465,0x10c5920f0184e7ac469ffaababd72838f564c57d2fd5250bab8fc6b94d2883ff,1589061185,candidate_layering,,
0xa160cdab225685da1d56aa342ad8841c3b53f291,0xf5e852fcd4f1f928126c3aa0af7c795f4d1f773d,internal_eth,99.9459,0xc5cda3644c3e82ca0ee19a6514343bf1460df9d53308fd40984468ea765aecd6,1589061230,candidate_layering,,
0xa160cdab225685da1d56aa342ad8841c3b53f291,0x7d3bb46c78b0c4949639ce34896bfd875b97ad08,internal_eth,0.0541,0xc5cda3644c3e82ca0ee19a6514343bf1460df9d53308fd40984468ea765aecd6,1589061230,candidate_layering,,
0xa160cdab225685da1d56aa342ad8841c3b53f291,0xf5e852fcd4f1f928126c3aa0af7c795f4d1f773d,internal_eth,99.8955,0x371580e1216282e4de9c7b23bf2a980eb5cd23be4d26d1a215f6049594a7730a,1589061260,candidate_layering,,
0xa160cdab225685da1d56aa342ad8841c3b53f291,0x1f2be440a818b3b87069af6ec20528c6dbec429b,internal_eth,0.1045,0x371580e1216282e4de9c7b23bf2a980eb5cd23be4d26d1a215f6049594a7730a,1589061260,candidate_layering,,
0xa160cdab225685da1d56aa342ad8841c3b53f291,0xf5e852fcd4f1f928126c3aa0af7c795f4d1f773d,internal_eth,99.9459,0xe2a37ba7f4d3acdfd3fe1bce3cd5934e5bb9c280b932fa0ed562bcfce66bdbab,1589061316,candidate_layering,,
0xa160cdab225685da1d56aa342ad8841c3b53f291,0x7d3bb46c78b0c4949639ce34896bfd875b97ad08,internal_eth,0.0541,0xe2a37ba7f4d3acdfd3fe1bce3cd5934e5bb9c280b932fa0ed562bcfce66bdbab,1589061316,candidate_layering,,
0xa160cdab225685da1d56aa342ad8841c3b53f291,0xf5e852fcd4f1f928126c3aa0af7c795f4d1f773d,internal_eth,99.8959,0x2142bc95e4b1b5c5a6973078bf9f8c7ec105fb92a06c49b83c362b8ba1bab055,1589061344,candidate_layering,,
0xa160cdab225685da1d56aa342ad8841c3b53f291,0x1f2be440a818b3b87069af6ec20528c6dbec429b,internal_eth,0.1041,0x2142bc95e4b1b5c5a6973078bf9f8c7ec105fb92a06c49b83c362b8ba1bab055,1589061344,candidate_layering,,
0xa160cdab225685da1d56aa342ad8841c3b53f291,0xce079f9f0f47df8da2adcf7a375b188679076e79,internal_eth,99.9355,0xe41eb51d4df67ccfd71a02b1a06e8e5c47f4a06b06770868d332beb75618c679,1589131623,candidate_layering,,
0xa160cdab225685da1d56aa342ad8841c3b53f291,0x0b157ac0a65319b0a18aa46b0b0d4497e1074456,internal_eth,0.0645,0xe41eb51d4df67ccfd71a02b1a06e8e5c47f4a06b06770868d332beb75618c679,1589131623,candidate_layering,,
0xa160cdab225685da1d56aa342ad8841c3b53f291,0xce079f9f0f47df8da2adcf7a375b188679076e79,internal_eth,99.9359,0xb4706e3c1111537d5c8749b392e7fa0aa3245e7ce465e010c07c2ba621cded00,1589131707,candidate_layering,,
0xa160cdab225685da1d56aa342ad8841c3b53f291,0x41a28335c5075c81502a97cebad597f28728a815,internal_eth,0.0641,0xb4706e3c1111537d5c8749b392e7fa0aa3245e7ce465e010c07c2ba621cded00,1589131707,candidate_layering,,
0xa160cdab225685da1d56aa342ad8841c3b53f291,0xce079f9f0f47df8da2adcf7a375b188679076e79,internal_eth,99.9355,0xdc928ad0b7b4b0472e8ecf4b3aaddb46d6b1e71cab76f1241edbf89be2c7097e,1589131742,candidate_layering,,
0xa160cdab225685da1d56aa342ad8841c3b53f291,0x41a28335c5075c81502a97cebad597f28728a815,internal_eth,0.0645,0xdc928ad0b7b4b0472e8ecf4b3aaddb46d6b1e71cab76f1241edbf89be2c7097e,1589131742,candidate_layering,,
0xa160cdab225685da1d56aa342ad8841c3b53f291,0xce079f9f0f47df8da2adcf7a375b188679076e79,internal_eth,99.9359,0x79c7635eee2debb3cbe099cad28b7a4fd62ea64612aaacbaebeae057c3f916e9,1589131785,candidate_layering,,
0xa160cdab225685da1d56aa342ad8841c3b53f291,0x0b157ac0a65319b0a18aa46b0b0d4497e1074456,internal_eth,0.0641,0x79c7635eee2debb3cbe099cad28b7a4fd62ea64612aaacbaebeae057c3f916e9,1589131785,candidate_layering,,
0xa160cdab225685da1d56aa342ad8841c3b53f291,0xce079f9f0f47df8da2adcf7a375b188679076e79,internal_eth,99.9359,0xc2115936594ad9ecfaa0ba07e0ad0c37bf62863d58afe1b260a136e5b77d04f1,1589131892,candidate_layering,,
0xa160cdab225685da1d56aa342ad8841c3b53f291,0x7d3bb46c78b0c4949639ce34896bfd875b97ad08,internal_eth,0.0641,0xc2115936594ad9ecfaa0ba07e0ad0c37bf62863d58afe1b260a136e5b77d04f1,1589131892,candidate_layering,,
0xa160cdab225685da1d56aa342ad8841c3b53f291,0xce079f9f0f47df8da2adcf7a375b188679076e79,internal_eth,99.9354,0x16fd2937f3322de06400803196905b5c8cc7dd6af5f7a6ec8cb4ad0106561fd9,1589131970,candidate_layering,,
0xa160cdab225685da1d56aa342ad8841c3b53f291,0x7d3bb46c78b0c4949639ce34896bfd875b97ad08,internal_eth,0.0646,0x16fd2937f3322de06400803196905b5c8cc7dd6af5f7a6ec8cb4ad0106561fd9,1589131970,candidate_layering,,
0xa160cdab225685da1d56aa342ad8841c3b53f291,0x8cf120d3fb2b994d0f111b2a779e7e158d50a707,internal_eth,99.944,0xbb34c1c9229013fad56444b7f5f52626307e53508cb5e6f68db64e1692b303d0,1589146260,candidate_layering,,
0xa160cdab225685da1d56aa342ad8841c3b53f291,0x41a28335c5075c81502a97cebad597f28728a815,internal_eth,0.056,0xbb34c1c9229013fad56444b7f5f52626307e53508cb5e6f68db64e1692b303d0,1589146260,candidate_layering,,
0xa160cdab225685da1d56aa342ad8841c3b53f291,0xbcba51fa018b98e297dcdb64467922500e6f2aa3,internal_eth,99.945,0xa1a8d476b4bfb317519e0dcd23f19917e92f3d1d4c245ca8dcf1d9bde67ecfa9,1589152093,candidate_layering,,
0xa160cdab225685da1d56aa342ad8841c3b53f291,0x7d3bb46c78b0c4949639ce34896bfd875b97ad08,internal_eth,0.055,0xa1a8d476b4bfb317519e0dcd23f19917e92f3d1d4c245ca8dcf1d9bde67ecfa9,1589152093,candidate_layering,,
0xa160cdab225685da1d56aa342ad8841c3b53f291,0xbcba51fa018b98e297dcdb64467922500e6f2aa3,internal_eth,99.945,0xfa84962333fc57d567758b3d30257047779edb6436bfbbc748543092ae609f48,1589152182,candidate_layering,,
0xa160cdab225685da1d56aa342ad8841c3b53f291,0x0b157ac0a65319b0a18aa46b0b0d4497e1074456,internal_eth,0.055,0xfa84962333fc57d567758b3d30257047779edb6436bfbbc748543092ae609f48,1589152182,candidate_layering,,
0xa160cdab225685da1d56aa342ad8841c3b53f291,0xbcba51fa018b98e297dcdb64467922500e6f2aa3,internal_eth,99.9425,0xaeecfa68eeddeeb955426477dbe8d2c4a81fcf9c0beabc4ab3d9db51c41c8d64,1589165040,candidate_layering,,
0xa160cdab225685da1d56aa342ad8841c3b53f291,0x7d3bb46c78b0c4949639ce34896bfd875b97ad08,internal_eth,0.0575,0xaeecfa68eeddeeb955426477dbe8d2c4a81fcf9c0beabc4ab3d9db51c41c8d64,1589165040,candidate_layering,,
0xa160cdab225685da1d56aa342ad8841c3b53f291,0xbcba51fa018b98e297dcdb64467922500e6f2aa3,internal_eth,99.9429,0xb599cba0103820cb2c998f11e640c6b387a4969e6e76a8cf10816a0dd76bb8b9,1589166653,candidate_layering,,
0xa160cdab225685da1d56aa342ad8841c3b53f291,0x7d3bb46c78b0c4949639ce34896bfd875b97ad08,internal_eth,0.0571,0xb599cba0103820cb2c998f11e640c6b387a4969e6e76a8cf10816a0dd76bb8b9,1589166653,candidate_layering,,
0xa160cdab225685da1d56aa342ad8841c3b53f291,0xd539fb4543d6dbbf536e023571bd54af1d987d64,internal_eth,99.9395,0x9dff0025007b163a3ee9bc50ff9be451b48fbe2cf4cd71b275c728efd4617f03,1589189827,candidate_layering,,
0xa160cdab225685da1d56aa342ad8841c3b53f291,0x7d3bb46c78b0c4949639ce34896bfd875b97ad08,internal_eth,0.0605,0x9dff0025007b163a3ee9bc50ff9be451b48fbe2cf4cd71b275c728efd4617f03,1589189827,candidate_layering,,
0xa160cdab225685da1d56aa342ad8841c3b53f291,0xd539fb4543d6dbbf536e023571bd54af1d987d64,internal_eth,99.9395,0xfdd005a9f0948b72a56b8f15582c2e173d910844be2e2e677750c9fa907d00fd,1589189915,candidate_layering,,
0xa160cdab225685da1d56aa342ad8841c3b53f291,0x7d3bb46c78b0c4949639ce34896bfd875b97ad08,internal_eth,0.0605,0xfdd005a9f0948b72a56b8f15582c2e173d910844be2e2e677750c9fa907d00fd,1589189915,candidate_layering,,
0xa160cdab225685da1d56aa342ad8841c3b53f291,0x76005b606d01fe51d86f17cc1681db65fa900aa8,internal_eth,99.9405,0x2c7d126bfd47f42f9d3f1077c02be20e0a09fdbde78e0426723d7a66d9655e90,1589226979,candidate_layering,,
0xa160cdab225685da1d56aa342ad8841c3b53f291,0x0b157ac0a65319b0a18aa46b0b0d4497e1074456,internal_eth,0.0595,0x2c7d126bfd47f42f9d3f1077c02be20e0a09fdbde78e0426723d7a66d9655e90,1589226979,candidate_layering,,
0xa160cdab225685da1d56aa342ad8841c3b53f291,0x76005b606d01fe51d86f17cc1681db65fa900aa8,internal_eth,99.9405,0x1b8c9269b83c7839d203c7c51ea79b88006a2f292d9d7bbab6501ff1478b123f,1589227053,candidate_layering,,
0xa160cdab225685da1d56aa342ad8841c3b53f291,0x7d3bb46c78b0c4949639ce34896bfd875b97ad08,internal_eth,0.0595,0x1b8c9269b83c7839d203c7c51ea79b88006a2f292d9d7bbab6501ff1478b123f,1589227053,candidate_layering,,
0xa160cdab225685da1d56aa342ad8841c3b53f291,0x76005b606d01fe51d86f17cc1681db65fa900aa8,internal_eth,99.9405,0x78799b3f18db05dea7589551eccc1dac63af8e7efccadaeebf27202505206312,1589227302,candidate_layering,,
0xa160cdab225685da1d56aa342ad8841c3b53f291,0x0b157ac0a65319b0a18aa46b0b0d4497e1074456,internal_eth,0.0595,0x78799b3f18db05dea7589551eccc1dac63af8e7efccadaeebf27202505206312,1589227302,candidate_layering,,
0xa160cdab225685da1d56aa342ad8841c3b53f291,0x76005b606d01fe51d86f17cc1681db65fa900aa8,internal_eth,99.9405,0xfdaae6f26d053e1e082b11cc6b7534b1c5ddb3ba35d6faa9a588fa431e582b39,1589227302,candidate_layering,,
0xa160cdab225685da1d56aa342ad8841c3b53f291,0x0b157ac0a65319b0a18aa46b0b0d4497e1074456,internal_eth,0.0595,0xfdaae6f26d053e1e082b11cc6b7534b1c5ddb3ba35d6faa9a588fa431e582b39,1589227302,candidate_layering,,
0xa160cdab225685da1d56aa342ad8841c3b53f291,0x25a6920a8125b36701b250363e555b58eba7e09e,internal_eth,100.0,0xc6d234aa39874fb168b559f08b06811117911f167563768f6f2671e2374a9788,1589229256,candidate_layering,,
0xa160cdab225685da1d56aa342ad8841c3b53f291,0x2d896cedbe616b635b6d6ed46dfc58982d11db13,internal_eth,99.9395,0xf47fc1bc110d282d9882d7d25ec265e47e318b94d5c9f4729c1f2348eaaa612b,1589252541,candidate_layering,,
0xa160cdab225685da1d56aa342ad8841c3b53f291,0x0b157ac0a65319b0a18aa46b0b0d4497e1074456,internal_eth,0.0605,0xf47fc1bc110d282d9882d7d25ec265e47e318b94d5c9f4729c1f2348eaaa612b,1589252541,candidate_layering,,
0xa160cdab225685da1d56aa342ad8841c3b53f291,0x3cd0e7b7a13c9bdcb0efae206bf3dc2caa22384e,internal_eth,99.9395,0x1ebba91b9ca635a588e0f1a6069015c97cd40586c62136dcbb24f637ad7b81b4,1589257989,candidate_layering,,
0xa160cdab225685da1d56aa342ad8841c3b53f291,0x7d3bb46c78b0c4949639ce34896bfd875b97ad08,internal_eth,0.0605,0x1ebba91b9ca635a588e0f1a6069015c97cd40586c62136dcbb24f637ad7b81b4,1589257989,candidate_layering,,
0xa160cdab225685da1d56aa342ad8841c3b53f291,0x76005b606d01fe51d86f17cc1681db65fa900aa8,internal_eth,99.943,0x2842d928d179d5c8c04248cca76bf5baa312ffed9d57b8a47d9d5198e69c01e0,1589323993,candidate_layering,,
0xa160cdab225685da1d56aa342ad8841c3b53f291,0x41a28335c5075c81502a97cebad597f28728a815,internal_eth,0.057,0x2842d928d179d5c8c04248cca76bf5baa312ffed9d57b8a47d9d5198e69c01e0,1589323993,candidate_layering,,
0xa160cdab225685da1d56aa342ad8841c3b53f291,0x9934820ccd5046a59db22c40e0a2a1894342d134,internal_eth,99.9434,0x5f103820dfe5fdc0bfd719526bb9e5c1ae7ec71e6c88a9b642eb35be864131b5,1589324850,candidate_layering,,
0xa160cdab225685da1d56aa342ad8841c3b53f291,0x41a28335c5075c81502a97cebad597f28728a815,internal_eth,0.0566,0x5f103820dfe5fdc0bfd719526bb9e5c1ae7ec71e6c88a9b642eb35be864131b5,1589324850,candidate_layering,,
0xa160cdab225685da1d56aa342ad8841c3b53f291,0x9934820ccd5046a59db22c40e0a2a1894342d134,internal_eth,99.943,0xea8a019b18ece23eb1219b384a7e6fca9d47437b0b00ad563d7ec4cd1a5be59f,1589324899,candidate_layering,,
0xa160cdab225685da1d56aa342ad8841c3b53f291,0x0b157ac0a65319b0a18aa46b0b0d4497e1074456,internal_eth,0.057,0xea8a019b18ece23eb1219b384a7e6fca9d47437b0b00ad563d7ec4cd1a5be59f,1589324899,candidate_layering,,
0xa160cdab225685da1d56aa342ad8841c3b53f291,0x9934820ccd5046a59db22c40e0a2a1894342d134,internal_eth,99.9434,0xa59d642fe2d7844b273d6f1d07471bd7adfafee5ab1b88a422528f2c59125eda,1589324924,candidate_layering,,
0xa160cdab225685da1d56aa342ad8841c3b53f291,0x41a28335c5075c81502a97cebad597f28728a815,internal_eth,0.0566,0xa59d642fe2d7844b273d6f1d07471bd7adfafee5ab1b88a422528f2c59125eda,1589324924,candidate_layering,,
0xa160cdab225685da1d56aa342ad8841c3b53f291,0x9934820ccd5046a59db22c40e0a2a1894342d134,internal_eth,99.943,0x15d931f682ed804ace8fb4ebb597887adeb0b63cad591e1c769ea2b912b3cc4e,1589324981,candidate_layering,,
0xa160cdab225685da1d56aa342ad8841c3b53f291,0x7d3bb46c78b0c4949639ce34896bfd875b97ad08,internal_eth,0.057,0x15d931f682ed804ace8fb4ebb597887adeb0b63cad591e1c769ea2b912b3cc4e,1589324981,candidate_layering,,
0xa160cdab225685da1d56aa342ad8841c3b53f291,0x9934820ccd5046a59db22c40e0a2a1894342d134,internal_eth,99.943,0x437ad6a8e8ffd857e23028f53981bd89b4cb8ff52df91574132d73c92eef215b,1589325077,candidate_layering,,
0xa160cdab225685da1d56aa342ad8841c3b53f291,0x0b157ac0a65319b0a18aa46b0b0d4497e1074456,internal_eth,0.057,0x437ad6a8e8ffd857e23028f53981bd89b4cb8ff52df91574132d73c92eef215b,1589325077,candidate_layering,,
0xa160cdab225685da1d56aa342ad8841c3b53f291,0x9934820ccd5046a59db22c40e0a2a1894342d134,internal_eth,99.9434,0x726ffa36de5590d9ab49052284bceb0686a32a20915f34b6db8e1f3e36523eeb,1589325125,candidate_layering,,
0xa160cdab225685da1d56aa342ad8841c3b53f291,0x41a28335c5075c81502a97cebad597f28728a815,internal_eth,0.0566,0x726ffa36de5590d9ab49052284bceb0686a32a20915f34b6db8e1f3e36523eeb,1589325125,candidate_layering,,
0xa160cdab225685da1d56aa342ad8841c3b53f291,0x9934820ccd5046a59db22c40e0a2a1894342d134,internal_eth,99.893,0x8d746f26442129f86fa938e98c7688302b02668db6de8ae985f52b7c8011f270,1589325184,candidate_layering,,
0xa160cdab225685da1d56aa342ad8841c3b53f291,0x33350f9ffe031ca593442a189b3bc7a1ea05b3c1,internal_eth,0.107,0x8d746f26442129f86fa938e98c7688302b02668db6de8ae985f52b7c8011f270,1589325184,candidate_layering,,
0xa160cdab225685da1d56aa342ad8841c3b53f291,0x9934820ccd5046a59db22c40e0a2a1894342d134,internal_eth,99.943,0x87c66145c9bd7f3a76a4b2d4488ccc824cd8a50ed924482bdd26581394fb0308,1589325947,candidate_layering,,
0xa160cdab225685da1d56aa342ad8841c3b53f291,0x7d3bb46c78b0c4949639ce34896bfd875b97ad08,internal_eth,0.057,0x87c66145c9bd7f3a76a4b2d4488ccc824cd8a50ed924482bdd26581394fb0308,1589325947,candidate_layering,,
0xa160cdab225685da1d56aa342ad8841c3b53f291,0x9934820ccd5046a59db22c40e0a2a1894342d134,internal_eth,99.893,0x1c6c419851825eaed907be49a662a2a4f7f2207cf347dba495be0d50bd21cddd,1589325966,candidate_layering,,
0xa160cdab225685da1d56aa342ad8841c3b53f291,0x33350f9ffe031ca593442a189b3bc7a1ea05b3c1,internal_eth,0.107,0x1c6c419851825eaed907be49a662a2a4f7f2207cf347dba495be0d50bd21cddd,1589325966,candidate_layering,,
0xa160cdab225685da1d56aa342ad8841c3b53f291,0x9934820ccd5046a59db22c40e0a2a1894342d134,internal_eth,99.8934,0x13d1d4b02e74f2738d5f7908e0b0bd2cf64f90bc42aa039374f31749aead686d,1589326009,candidate_layering,,
0xa160cdab225685da1d56aa342ad8841c3b53f291,0x33350f9ffe031ca593442a189b3bc7a1ea05b3c1,internal_eth,0.1066,0x13d1d4b02e74f2738d5f7908e0b0bd2cf64f90bc42aa039374f31749aead686d,1589326009,candidate_layering,,
0xa160cdab225685da1d56aa342ad8841c3b53f291,0xa4d4ad6b67931ca96c97cf9753bf498e1d0ae635,internal_eth,99.8924,0x07e6792a187077029b2d35cb4c91726f114dc5c80a9a08fcf9fc9b3eb0f01456,1589331622,candidate_layering,,
0xa160cdab225685da1d56aa342ad8841c3b53f291,0x33350f9ffe031ca593442a189b3bc7a1ea05b3c1,internal_eth,0.1076,0x07e6792a187077029b2d35cb4c91726f114dc5c80a9a08fcf9fc9b3eb0f01456,1589331622,candidate_layering,,
0xa160cdab225685da1d56aa342ad8841c3b53f291,0xb77d0e20c746959db156f22ffed6841f16c7ddef,internal_eth,100.0,0xc15a64ca38a3944256f9d74069ae3ecf7ff2ede3f42230a726026c9380049f85,1589362065,candidate_layering,,
0xa160cdab225685da1d56aa342ad8841c3b53f291,0xb77d0e20c746959db156f22ffed6841f16c7ddef,internal_eth,100.0,0x557a453742466a952d2841dca35a8df82225f358daf4364f532481c5e5bc2cf4,1589362171,candidate_layering,,
0xa160cdab225685da1d56aa342ad8841c3b53f291,0xa4d4ad6b67931ca96c97cf9753bf498e1d0ae635,internal_eth,99.933,0x957ccf4f855e2a9d95dcd041aede5dd917bcb2a8942a91cee5c3b7b5d4a37692,1589381315,candidate_layering,,
0xa160cdab225685da1d56aa342ad8841c3b53f291,0x7d3bb46c78b0c4949639ce34896bfd875b97ad08,internal_eth,0.067,0x957ccf4f855e2a9d95dcd041aede5dd917bcb2a8942a91cee5c3b7b5d4a37692,1589381315,candidate_layering,,
0xa160cdab225685da1d56aa342ad8841c3b53f291,0xa4d4ad6b67931ca96c97cf9753bf498e1d0ae635,internal_eth,99.9412,0x3e4b95fdc6cf1699d936ccd8cb1709b374e4064bcc9ca5ed863c2f2fc281d8f8,1589397235,candidate_layering,,
0xa160cdab225685da1d56aa342ad8841c3b53f291,0x0b157ac0a65319b0a18aa46b0b0d4497e1074456,internal_eth,0.0588,0x3e4b95fdc6cf1699d936ccd8cb1709b374e4064bcc9ca5ed863c2f2fc281d8f8,1589397235,candidate_layering,,
0xa160cdab225685da1d56aa342ad8841c3b53f291,0xf369af914dbed0ad7afdddebc631ee0fda1b4891,internal_eth,99.9415,0x5390929e7a9cc644390bd644dab75659229075ace0eedb8665d1e49dd487ff5f,1589402967,candidate_layering,,
0xa160cdab225685da1d56aa342ad8841c3b53f291,0x0b157ac0a65319b0a18aa46b0b0d4497e1074456,internal_eth,0.0585,0x5390929e7a9cc644390bd644dab75659229075ace0eedb8665d1e49dd487ff5f,1589402967,candidate_layering,,
0xa160cdab225685da1d56aa342ad8841c3b53f291,0xf369af914dbed0ad7afdddebc631ee0fda1b4891,internal_eth,99.9415,0x7382e67c76319d7c8217be4c79efade61dcfa04437d193584c3e6fa036b4cde5,1589403211,candidate_layering,,
0xa160cdab225685da1d56aa342ad8841c3b53f291,0x41a28335c5075c81502a97cebad597f28728a815,internal_eth,0.0585,0x7382e67c76319d7c8217be4c79efade61dcfa04437d193584c3e6fa036b4cde5,1589403211,candidate_layering,,
0xa160cdab225685da1d56aa342ad8841c3b53f291,0xa4d4ad6b67931ca96c97cf9753bf498e1d0ae635,internal_eth,99.9395,0x6a148f741b7e351b89eab1e0ed2321d409ae9d83a08c78ea532e9743a85b3e1f,1589422734,candidate_layering,,
0xa160cdab225685da1d56aa342ad8841c3b53f291,0x7d3bb46c78b0c4949639ce34896bfd875b97ad08,internal_eth,0.0605,0x6a148f741b7e351b89eab1e0ed2321d409ae9d83a08c78ea532e9743a85b3e1f,1589422734,candidate_layering,,
0xa160cdab225685da1d56aa342ad8841c3b53f291,0x0554a200988cf265b3aa35436a903d51fac47112,internal_eth,99.885,0x353d3c52e6b5eaf54b7c2b594ff151289fc6b215f1b7e4344ff4abaea5f689fb,1589560778,candidate_layering,,
0xa160cdab225685da1d56aa342ad8841c3b53f291,0x580e2bd60625f146bc32c75a63dbe0f61810ccda,internal_eth,0.115,0x353d3c52e6b5eaf54b7c2b594ff151289fc6b215f1b7e4344ff4abaea5f689fb,1589560778,candidate_layering,,
0xa160cdab225685da1d56aa342ad8841c3b53f291,0x9a9190c67ac37d7c68c62b616ee64231cde99d50,internal_eth,100.0,0xc552de1ae99902138cd7a813de280f469692d00a95641447951c7fdf8acc98d0,1589644397,candidate_layering,,
0xa160cdab225685da1d56aa342ad8841c3b53f291,0x9a9190c67ac37d7c68c62b616ee64231cde99d50,internal_eth,100.0,0x8d8c880a6882e5904ddc916e29ec6fb4a264600b12d21a468e661438bc6ca4e7,1589644493,candidate_layering,,
0xa160cdab225685da1d56aa342ad8841c3b53f291,0xf7238795da7621ed4bddd6c6e87593c5bb133fdc,internal_eth,99.8895,0x7b5bdc40f85ecd20bac8e8ca235d5c1d65751c4778bbc6bf584ef073ea0cf761,1589675020,candidate_layering,,
0xa160cdab225685da1d56aa342ad8841c3b53f291,0x1f2be440a818b3b87069af6ec20528c6dbec429b,internal_eth,0.1105,0x7b5bdc40f85ecd20bac8e8ca235d5c1d65751c4778bbc6bf584ef073ea0cf761,1589675020,candidate_layering,,
0xa160cdab225685da1d56aa342ad8841c3b53f291,0xa4d4ad6b67931ca96c97cf9753bf498e1d0ae635,internal_eth,99.8909,0x95ded592161d8a26cf238cd34c9e89e9cfceacfb756c728522e4f1532d4b319d,1589700882,candidate_layering,,
0xa160cdab225685da1d56aa342ad8841c3b53f291,0x04bb33c3a8c2d018836a1f938054ebb59e0036b2,internal_eth,0.1091,0x95ded592161d8a26cf238cd34c9e89e9cfceacfb756c728522e4f1532d4b319d,1589700882,candidate_layering,,
0xa160cdab225685da1d56aa342ad8841c3b53f291,0xe8e5376c2a78289578ad0a9cbec5f91797225a69,internal_eth,99.9409,0x3b725e25b2055af5cbeef95807cbae1abf74c26b922ff320ec5507ca471ddcd2,1589743330,candidate_layering,,
0xa160cdab225685da1d56aa342ad8841c3b53f291,0x41a28335c5075c81502a97cebad597f28728a815,internal_eth,0.0591,0x3b725e25b2055af5cbeef95807cbae1abf74c26b922ff320ec5507ca471ddcd2,1589743330,candidate_layering,,
0xa160cdab225685da1d56aa342ad8841c3b53f291,0xe8e5376c2a78289578ad0a9cbec5f91797225a69,internal_eth,99.9415,0x4f599d444b2374b8917de4499a9939c962fe836bfeecf429eb6af10eb7f28777,1589743383,candidate_layering,,
0xa160cdab225685da1d56aa342ad8841c3b53f291,0x7d3bb46c78b0c4949639ce34896bfd875b97ad08,internal_eth,0.0585,0x4f599d444b2374b8917de4499a9939c962fe836bfeecf429eb6af10eb7f28777,1589743383,candidate_layering,,
0xa160cdab225685da1d56aa342ad8841c3b53f291,0x9fe344dcd512f57f4eb2157bf8eedbf9b18fb926,internal_eth,99.8915,0x870b1c7ccbaa71b58b0284978d0d8582dcc3ca5a942587ed8aab359efbbf1246,1589743448,candidate_layering,,
0xa160cdab225685da1d56aa342ad8841c3b53f291,0x580e2bd60625f146bc32c75a63dbe0f61810ccda,internal_eth,0.1085,0x870b1c7ccbaa71b58b0284978d0d8582dcc3ca5a942587ed8aab359efbbf1246,1589743448,candidate_layering,,
0xa160cdab225685da1d56aa342ad8841c3b53f291,0xe8e5376c2a78289578ad0a9cbec5f91797225a69,internal_eth,99.94184999999999,0xa54bd29be8a440f8927b8a632ff8d1ec5dbfce471c6ddbc074e0678108cdd1c2,1589743514,candidate_layering,,
0xa160cdab225685da1d56aa342ad8841c3b53f291,0x7d3bb46c78b0c4949639ce34896bfd875b97ad08,internal_eth,0.05815,0xa54bd29be8a440f8927b8a632ff8d1ec5dbfce471c6ddbc074e0678108cdd1c2,1589743514,candidate_layering,,
0xa160cdab225685da1d56aa342ad8841c3b53f291,0xe8e5376c2a78289578ad0a9cbec5f91797225a69,internal_eth,99.94165,0x61c83c2e4de2fc55133d134d4393d78c1ab3f608488adc04c1145a53781a2fa1,1589743610,candidate_layering,,
0xa160cdab225685da1d56aa342ad8841c3b53f291,0x41a28335c5075c81502a97cebad597f28728a815,internal_eth,0.05835,0x61c83c2e4de2fc55133d134d4393d78c1ab3f608488adc04c1145a53781a2fa1,1589743610,candidate_layering,,
0xa160cdab225685da1d56aa342ad8841c3b53f291,0x9fe344dcd512f57f4eb2157bf8eedbf9b18fb926,internal_eth,99.9414,0x0ff2b4db77e2710401535b96dc0da4dcb2a3a8da61ce4d1bb829d8c1e866a04a,1589743610,candidate_layering,,
0xa160cdab225685da1d56aa342ad8841c3b53f291,0x7d3bb46c78b0c4949639ce34896bfd875b97ad08,internal_eth,0.0586,0x0ff2b4db77e2710401535b96dc0da4dcb2a3a8da61ce4d1bb829d8c1e866a04a,1589743610,candidate_layering,,
0xa160cdab225685da1d56aa342ad8841c3b53f291,0xe8e5376c2a78289578ad0a9cbec5f91797225a69,internal_eth,99.8919,0xcb7ad0e720c75f5756061b5dfccc7fa8d325fb208e5964548e1755efcdd76d57,1589743613,candidate_layering,,
0xa160cdab225685da1d56aa342ad8841c3b53f291,0x1f2be440a818b3b87069af6ec20528c6dbec429b,internal_eth,0.1081,0xcb7ad0e720c75f5756061b5dfccc7fa8d325fb208e5964548e1755efcdd76d57,1589743613,candidate_layering,,
0xa160cdab225685da1d56aa342ad8841c3b53f291,0x9fe344dcd512f57f4eb2157bf8eedbf9b18fb926,internal_eth,99.9415,0x4c37f31b28a9733962aacbf3f3a9894147ed09081de0ba6d8a239727ef709fb0,1589743613,candidate_layering,,
0xa160cdab225685da1d56aa342ad8841c3b53f291,0x7d3bb46c78b0c4949639ce34896bfd875b97ad08,internal_eth,0.0585,0x4c37f31b28a9733962aacbf3f3a9894147ed09081de0ba6d8a239727ef709fb0,1589743613,candidate_layering,,
0xa160cdab225685da1d56aa342ad8841c3b53f291,0xe8e5376c2a78289578ad0a9cbec5f91797225a69,internal_eth,99.9416,0x3a9565545c68e653a08c443a30e317643d3b400fec33d31c5e9cef8f6bc18a26,1589743745,candidate_layering,,
0xa160cdab225685da1d56aa342ad8841c3b53f291,0x41a28335c5075c81502a97cebad597f28728a815,internal_eth,0.0584,0x3a9565545c68e653a08c443a30e317643d3b400fec33d31c5e9cef8f6bc18a26,1589743745,candidate_layering,,
0xa160cdab225685da1d56aa342ad8841c3b53f291,0xe8e5376c2a78289578ad0a9cbec5f91797225a69,internal_eth,99.9415,0xd6191de1e586ba4b6180733bd10f6974bac63f2a0c1ea1981658d6a3fc48e91f,1589743832,candidate_layering,,
0xa160cdab225685da1d56aa342ad8841c3b53f291,0x41a28335c5075c81502a97cebad597f28728a815,internal_eth,0.0585,0xd6191de1e586ba4b6180733bd10f6974bac63f2a0c1ea1981658d6a3fc48e91f,1589743832,candidate_layering,,
0xa160cdab225685da1d56aa342ad8841c3b53f291,0x9fe344dcd512f57f4eb2157bf8eedbf9b18fb926,internal_eth,99.9415,0x9d45936c59c8d14ce32b1eb6859935c282568a0ec88d565d0e6507526f75d11f,1589744051,candidate_layering,,
0xa160cdab225685da1d56aa342ad8841c3b53f291,0x7d3bb46c78b0c4949639ce34896bfd875b97ad08,internal_eth,0.0585,0x9d45936c59c8d14ce32b1eb6859935c282568a0ec88d565d0e6507526f75d11f,1589744051,candidate_layering,,
0xa160cdab225685da1d56aa342ad8841c3b53f291,0x9fe344dcd512f57f4eb2157bf8eedbf9b18fb926,internal_eth,99.9414,0xcacd7ce269a287a708ac93ab39c885f6ad5da3ae92b7ae0f7a102f70e71b202a,1589744137,candidate_layering,,
0xa160cdab225685da1d56aa342ad8841c3b53f291,0x41a28335c5075c81502a97cebad597f28728a815,internal_eth,0.0586,0xcacd7ce269a287a708ac93ab39c885f6ad5da3ae92b7ae0f7a102f70e71b202a,1589744137,candidate_layering,,
0xa160cdab225685da1d56aa342ad8841c3b53f291,0xe8e5376c2a78289578ad0a9cbec5f91797225a69,internal_eth,99.941,0x9705332cad8e4281f42f060864ba064b4b09947db60e7d9234a5652b53b1c00f,1589744170,candidate_layering,,
0xa160cdab225685da1d56aa342ad8841c3b53f291,0x7d3bb46c78b0c4949639ce34896bfd875b97ad08,internal_eth,0.059,0x9705332cad8e4281f42f060864ba064b4b09947db60e7d9234a5652b53b1c00f,1589744170,candidate_layering,,
0xa160cdab225685da1d56aa342ad8841c3b53f291,0x9fe344dcd512f57f4eb2157bf8eedbf9b18fb926,internal_eth,99.941,0x800626272d14331da101861fe09fe77a0809f29d7c5246baf7a10e7f4a42acea,1589744245,candidate_layering,,
0xa160cdab225685da1d56aa342ad8841c3b53f291,0x0b157ac0a65319b0a18aa46b0b0d4497e1074456,internal_eth,0.059,0x800626272d14331da101861fe09fe77a0809f29d7c5246baf7a10e7f4a42acea,1589744245,candidate_layering,,
0xa160cdab225685da1d56aa342ad8841c3b53f291,0xe8e5376c2a78289578ad0a9cbec5f91797225a69,internal_eth,99.941,0x3f341d1285c11d735c77ca1a5e7be704c37481746966bd9da08d9718de818eb5,1589744245,candidate_layering,,
0xa160cdab225685da1d56aa342ad8841c3b53f291,0x7d3bb46c78b0c4949639ce34896bfd875b97ad08,internal_eth,0.059,0x3f341d1285c11d735c77ca1a5e7be704c37481746966bd9da08d9718de818eb5,1589744245,candidate_layering,,
0xa160cdab225685da1d56aa342ad8841c3b53f291,0xe8e5376c2a78289578ad0a9cbec5f91797225a69,internal_eth,99.941,0x6eb5a008b168c3077d4d2e51f8b1f3778f01867987dc083afdc47ac479573967,1589744285,candidate_layering,,
0xa160cdab225685da1d56aa342ad8841c3b53f291,0x41a28335c5075c81502a97cebad597f28728a815,internal_eth,0.059,0x6eb5a008b168c3077d4d2e51f8b1f3778f01867987dc083afdc47ac479573967,1589744285,candidate_layering,,
0xa160cdab225685da1d56aa342ad8841c3b53f291,0xe8e5376c2a78289578ad0a9cbec5f91797225a69,internal_eth,99.891,0x8ed0848220941bbccf7690d676c61ec42e43735c3c3d2a278209cb748e9db956,1589744376,candidate_layering,,
0xa160cdab225685da1d56aa342ad8841c3b53f291,0x33350f9ffe031ca593442a189b3bc7a1ea05b3c1,internal_eth,0.109,0x8ed0848220941bbccf7690d676c61ec42e43735c3c3d2a278209cb748e9db956,1589744376,candidate_layering,,
0xa160cdab225685da1d56aa342ad8841c3b53f291,0xe8e5376c2a78289578ad0a9cbec5f91797225a69,internal_eth,99.94165,0x96a8e0f572939b2587ad9e9b0f874e3cd4c2e621b5838ed9b21810f03a83a3b9,1589744399,candidate_layering,,
0xa160cdab225685da1d56aa342ad8841c3b53f291,0x0b157ac0a65319b0a18aa46b0b0d4497e1074456,internal_eth,0.05835,0x96a8e0f572939b2587ad9e9b0f874e3cd4c2e621b5838ed9b21810f03a83a3b9,1589744399,candidate_layering,,
0xa160cdab225685da1d56aa342ad8841c3b53f291,0x9fe344dcd512f57f4eb2157bf8eedbf9b18fb926,internal_eth,99.9414,0xac054f3a4740cb57807685759261aafc1ded398cb886a56379c3b93813831c29,1589744420,candidate_layering,,
0xa160cdab225685da1d56aa342ad8841c3b53f291,0x7d3bb46c78b0c4949639ce34896bfd875b97ad08,internal_eth,0.0586,0xac054f3a4740cb57807685759261aafc1ded398cb886a56379c3b93813831c29,1589744420,candidate_layering,,
0xa160cdab225685da1d56aa342ad8841c3b53f291,0xe8e5376c2a78289578ad0a9cbec5f91797225a69,internal_eth,99.9414,0x2b54c7d62f4c8d16030b707df1bdd8a890c0c12d0726c9cebbf7cd63861c5161,1589744457,candidate_layering,,
0xa160cdab225685da1d56aa342ad8841c3b53f291,0x0b157ac0a65319b0a18aa46b0b0d4497e1074456,internal_eth,0.0586,0x2b54c7d62f4c8d16030b707df1bdd8a890c0c12d0726c9cebbf7cd63861c5161,1589744457,candidate_layering,,
0xa160cdab225685da1d56aa342ad8841c3b53f291,0x9fe344dcd512f57f4eb2157bf8eedbf9b18fb926,internal_eth,99.94165,0x01ccbb806ac217ff701c824131a0ac852f0fbecb0c7aaf41c76d08f023c332b9,1589744457,candidate_layering,,
0xa160cdab225685da1d56aa342ad8841c3b53f291,0x7d3bb46c78b0c4949639ce34896bfd875b97ad08,internal_eth,0.05835,0x01ccbb806ac217ff701c824131a0ac852f0fbecb0c7aaf41c76d08f023c332b9,1589744457,candidate_layering,,
0xa160cdab225685da1d56aa342ad8841c3b53f291,0x9fe344dcd512f57f4eb2157bf8eedbf9b18fb926,internal_eth,99.941,0xc4ccc87d91f0bb144a6d5c644680ebd55c704cb0293719e2563bc08ee09a5350,1589744566,candidate_layering,,
0xa160cdab225685da1d56aa342ad8841c3b53f291,0x7d3bb46c78b0c4949639ce34896bfd875b97ad08,internal_eth,0.059,0xc4ccc87d91f0bb144a6d5c644680ebd55c704cb0293719e2563bc08ee09a5350,1589744566,candidate_layering,,
0xa160cdab225685da1d56aa342ad8841c3b53f291,0x9fe344dcd512f57f4eb2157bf8eedbf9b18fb926,internal_eth,99.941,0xc6ab816e1b6e63d24651f4ce0d96cc84e374c055441d9df723d150eea68d8034,1589744569,candidate_layering,,
0xa160cdab225685da1d56aa342ad8841c3b53f291,0x0b157ac0a65319b0a18aa46b0b0d4497e1074456,internal_eth,0.059,0xc6ab816e1b6e63d24651f4ce0d96cc84e374c055441d9df723d150eea68d8034,1589744569,candidate_layering,,
0xa160cdab225685da1d56aa342ad8841c3b53f291,0xe8e5376c2a78289578ad0a9cbec5f91797225a69,internal_eth,99.9414,0x8027962ceb97b7bc8273f4cb273bc2e9e0c4df54cbad4cc1e3783467d7de0788,1589744588,candidate_layering,,
0xa160cdab225685da1d56aa342ad8841c3b53f291,0x0b157ac0a65319b0a18aa46b0b0d4497e1074456,internal_eth,0.0586,0x8027962ceb97b7bc8273f4cb273bc2e9e0c4df54cbad4cc1e3783467d7de0788,1589744588,candidate_layering,,
0xa160cdab225685da1d56aa342ad8841c3b53f291,0x9fe344dcd512f57f4eb2157bf8eedbf9b18fb926,internal_eth,99.941,0x8b7e04f0a35ec2cd70662ed260dbaa20212ea9a99a6a3a89082c78c2b19dd6f9,1589744678,candidate_layering,,
0xa160cdab225685da1d56aa342ad8841c3b53f291,0x7d3bb46c78b0c4949639ce34896bfd875b97ad08,internal_eth,0.059,0x8b7e04f0a35ec2cd70662ed260dbaa20212ea9a99a6a3a89082c78c2b19dd6f9,1589744678,candidate_layering,,
0xa160cdab225685da1d56aa342ad8841c3b53f291,0x9fe344dcd512f57f4eb2157bf8eedbf9b18fb926,internal_eth,99.941,0x6fa9e1b57cf7c40ea3937518ecfc6be7ca3521a81199749715b8f448994a68b3,1589744694,candidate_layering,,
0xa160cdab225685da1d56aa342ad8841c3b53f291,0x7d3bb46c78b0c4949639ce34896bfd875b97ad08,internal_eth,0.059,0x6fa9e1b57cf7c40ea3937518ecfc6be7ca3521a81199749715b8f448994a68b3,1589744694,candidate_layering,,
0xa160cdab225685da1d56aa342ad8841c3b53f291,0x9fe344dcd512f57f4eb2157bf8eedbf9b18fb926,internal_eth,99.9414,0x2f31ae86fc1cc6e5527fc0d309f3f8f07abcb37bfc6680ffe8cd78daecb89318,1589744762,candidate_layering,,
0xa160cdab225685da1d56aa342ad8841c3b53f291,0x41a28335c5075c81502a97cebad597f28728a815,internal_eth,0.0586,0x2f31ae86fc1cc6e5527fc0d309f3f8f07abcb37bfc6680ffe8cd78daecb89318,1589744762,candidate_layering,,
0xa160cdab225685da1d56aa342ad8841c3b53f291,0xe8e5376c2a78289578ad0a9cbec5f91797225a69,internal_eth,99.9414,0x7babd61e49e549aa87ea2378d51c1a11868aee5ee8d26c7ffe26e95304ed7dc2,1589744928,candidate_layering,,
0xa160cdab225685da1d56aa342ad8841c3b53f291,0x0b157ac0a65319b0a18aa46b0b0d4497e1074456,internal_eth,0.0586,0x7babd61e49e549aa87ea2378d51c1a11868aee5ee8d26c7ffe26e95304ed7dc2,1589744928,candidate_layering,,
0xa160cdab225685da1d56aa342ad8841c3b53f291,0x9fe344dcd512f57f4eb2157bf8eedbf9b18fb926,internal_eth,99.9414,0x2d85616f51bbc3e7a28909d009aedd68aacf215f1412b07f0e9d8f5c530c38e1,1589744942,candidate_layering,,
0xa160cdab225685da1d56aa342ad8841c3b53f291,0x41a28335c5075c81502a97cebad597f28728a815,internal_eth,0.0586,0x2d85616f51bbc3e7a28909d009aedd68aacf215f1412b07f0e9d8f5c530c38e1,1589744942,candidate_layering,,
0xa160cdab225685da1d56aa342ad8841c3b53f291,0x9fe344dcd512f57f4eb2157bf8eedbf9b18fb926,internal_eth,99.941,0x0028fdd811112544ba7ebe94159792f21bb8ec4677c8d096d987c788a938a79e,1589745025,candidate_layering,,
0xa160cdab225685da1d56aa342ad8841c3b53f291,0x41a28335c5075c81502a97cebad597f28728a815,internal_eth,0.059,0x0028fdd811112544ba7ebe94159792f21bb8ec4677c8d096d987c788a938a79e,1589745025,candidate_layering,,
0xa160cdab225685da1d56aa342ad8841c3b53f291,0xe8e5376c2a78289578ad0a9cbec5f91797225a69,internal_eth,99.941,0xa617e5635103c11651d79e80800790fe31e4cd0495a4d07dace4d47a4f2d083c,1589745100,candidate_layering,,
0xa160cdab225685da1d56aa342ad8841c3b53f291,0x41a28335c5075c81502a97cebad597f28728a815,internal_eth,0.059,0xa617e5635103c11651d79e80800790fe31e4cd0495a4d07dace4d47a4f2d083c,1589745100,candidate_layering,,
0xa160cdab225685da1d56aa342ad8841c3b53f291,0x9fe344dcd512f57f4eb2157bf8eedbf9b18fb926,internal_eth,99.941,0xdb420f8bd7554ab47cdff031160718ddf46718a14d13f90b2d51a05161416177,1589745144,candidate_layering,,
0xa160cdab225685da1d56aa342ad8841c3b53f291,0x0b157ac0a65319b0a18aa46b0b0d4497e1074456,internal_eth,0.059,0xdb420f8bd7554ab47cdff031160718ddf46718a14d13f90b2d51a05161416177,1589745144,candidate_layering,,
0xa160cdab225685da1d56aa342ad8841c3b53f291,0xe8e5376c2a78289578ad0a9cbec5f91797225a69,internal_eth,99.941,0x8e9e479cbfdfab690720645317fd3b5bfeb3a7ffe494508cd0adc0b491e66755,1589745166,candidate_layering,,
0xa160cdab225685da1d56aa342ad8841c3b53f291,0x7d3bb46c78b0c4949639ce34896bfd875b97ad08,internal_eth,0.059,0x8e9e479cbfdfab690720645317fd3b5bfeb3a7ffe494508cd0adc0b491e66755,1589745166,candidate_layering,,
0xa160cdab225685da1d56aa342ad8841c3b53f291,0x9fe344dcd512f57f4eb2157bf8eedbf9b18fb926,internal_eth,99.9414,0x56902a0ebf9414cfa55479eea5379593d0df8cf6e8407a532348e3aec9f230e2,1589745175,candidate_layering,,
0xa160cdab225685da1d56aa342ad8841c3b53f291,0x7d3bb46c78b0c4949639ce34896bfd875b97ad08,internal_eth,0.0586,0x56902a0ebf9414cfa55479eea5379593d0df8cf6e8407a532348e3aec9f230e2,1589745175,candidate_layering,,
0xa160cdab225685da1d56aa342ad8841c3b53f291,0x086d295e9394f0eaae4c3e33edf136cb87c0394b,internal_eth,99.9395,0x716bab2c24b43408c245f35c7def00e79c3f4496266670f6c1cf40b92329f66f,1589752424,candidate_layering,,
0xa160cdab225685da1d56aa342ad8841c3b53f291,0x41a28335c5075c81502a97cebad597f28728a815,internal_eth,0.0605,0x716bab2c24b43408c245f35c7def00e79c3f4496266670f6c1cf40b92329f66f,1589752424,candidate_layering,,
0xa160cdab225685da1d56aa342ad8841c3b53f291,0x086d295e9394f0eaae4c3e33edf136cb87c0394b,internal_eth,99.8895,0x5c0c223d3ec175c03d0ef0b916c12fab90ca5223840efa73e2e0be9eebb2b835,1589752733,candidate_layering,,
0xa160cdab225685da1d56aa342ad8841c3b53f291,0xfa1c9d758af489a1055586de4d5f42ec2db91522,internal_eth,0.1105,0x5c0c223d3ec175c03d0ef0b916c12fab90ca5223840efa73e2e0be9eebb2b835,1589752733,candidate_layering,,
0xa160cdab225685da1d56aa342ad8841c3b53f291,0x5ddb39ae002b21dece480fd2f50ed382417d49f4,internal_eth,99.8895,0xf195339cd0aa8cab27fa421fca63809c7cd4541a72f615c5b75df0c3bf78f1eb,1589754449,candidate_layering,,
0xa160cdab225685da1d56aa342ad8841c3b53f291,0x04bb33c3a8c2d018836a1f938054ebb59e0036b2,internal_eth,0.1105,0xf195339cd0aa8cab27fa421fca63809c7cd4541a72f615c5b75df0c3bf78f1eb,1589754449,candidate_layering,,
0xa160cdab225685da1d56aa342ad8841c3b53f291,0x5ddb39ae002b21dece480fd2f50ed382417d49f4,internal_eth,99.9395,0x08612d04e4d890120b0ff6142bdbbffffd5ae78d7766c31a073f1acf573a8028,1589754588,candidate_layering,,
0xa160cdab225685da1d56aa342ad8841c3b53f291,0x0b157ac0a65319b0a18aa46b0b0d4497e1074456,internal_eth,0.0605,0x08612d04e4d890120b0ff6142bdbbffffd5ae78d7766c31a073f1acf573a8028,1589754588,candidate_layering,,
0xa160cdab225685da1d56aa342ad8841c3b53f291,0x9a6db61cdfc1c31f6963aa1932df2256311aeb24,internal_eth,99.9395,0x97e3804f8429453319e43ce3a1530597961a7e6a8f1843dc5fcf763d0f49bfe8,1589755151,candidate_layering,,
0xa160cdab225685da1d56aa342ad8841c3b53f291,0x0b157ac0a65319b0a18aa46b0b0d4497e1074456,internal_eth,0.0605,0x97e3804f8429453319e43ce3a1530597961a7e6a8f1843dc5fcf763d0f49bfe8,1589755151,candidate_layering,,
0xa160cdab225685da1d56aa342ad8841c3b53f291,0x9a6db61cdfc1c31f6963aa1932df2256311aeb24,internal_eth,99.9395,0x886b1b2bc041da54ca755b5606b24bac204472b0e650829b0f4017cee0211109,1589755251,candidate_layering,,
0xa160cdab225685da1d56aa342ad8841c3b53f291,0x0b157ac0a65319b0a18aa46b0b0d4497e1074456,internal_eth,0.0605,0x886b1b2bc041da54ca755b5606b24bac204472b0e650829b0f4017cee0211109,1589755251,candidate_layering,,
0xa160cdab225685da1d56aa342ad8841c3b53f291,0x6e199694ee94f6870ab1bf196c6e9119b799ec30,internal_eth,99.9395,0x38f60c233469f95f828ac57374859d83e8f22965b56f9097cc25d50e7abcd834,1589755450,candidate_layering,,
0xa160cdab225685da1d56aa342ad8841c3b53f291,0x7d3bb46c78b0c4949639ce34896bfd875b97ad08,internal_eth,0.0605,0x38f60c233469f95f828ac57374859d83e8f22965b56f9097cc25d50e7abcd834,1589755450,candidate_layering,,
0xa160cdab225685da1d56aa342ad8841c3b53f291,0x2942449f3a09b655dbb459e23fc2ab32b42531f4,internal_eth,99.9334,0x6612ea22109445f5c8da6e98aa0ba57ec78d4c786897deba17d0393641baf23a,1589807095,candidate_layering,,
0xa160cdab225685da1d56aa342ad8841c3b53f291,0x7d3bb46c78b0c4949639ce34896bfd875b97ad08,internal_eth,0.0666,0x6612ea22109445f5c8da6e98aa0ba57ec78d4c786897deba17d0393641baf23a,1589807095,candidate_layering,,
0xa160cdab225685da1d56aa342ad8841c3b53f291,0x57a275ff34bbb2a0e04ecd43c783e20084bf1d62,internal_eth,99.9345,0xe086bca17e36c7c52ba61f5064cee7e903d1dde489f8739f39fd05ec2a212cca,1589855708,candidate_layering,,
0xa160cdab225685da1d56aa342ad8841c3b53f291,0x41a28335c5075c81502a97cebad597f28728a815,internal_eth,0.0655,0xe086bca17e36c7c52ba61f5064cee7e903d1dde489f8739f39fd05ec2a212cca,1589855708,candidate_layering,,
0xa160cdab225685da1d56aa342ad8841c3b53f291,0x57a275ff34bbb2a0e04ecd43c783e20084bf1d62,internal_eth,99.9349,0x7953291e83f6ff12292dc5d1dd96bdfb79e6c0c14f378bc189759fc0c32a2ae1,1589855847,candidate_layering,,
0xa160cdab225685da1d56aa342ad8841c3b53f291,0x7d3bb46c78b0c4949639ce34896bfd875b97ad08,internal_eth,0.0651,0x7953291e83f6ff12292dc5d1dd96bdfb79e6c0c14f378bc189759fc0c32a2ae1,1589855847,candidate_layering,,
0xa160cdab225685da1d56aa342ad8841c3b53f291,0xdb2d5f55d79c6e0d40d00858250b295ed448574f,internal_eth,99.9345,0xedb910eecba95b94e9f3182605ce4dcab313ea3484ae274edf66a3fa77fb2fc0,1589856257,candidate_layering,,
0xa160cdab225685da1d56aa342ad8841c3b53f291,0x0b157ac0a65319b0a18aa46b0b0d4497e1074456,internal_eth,0.0655,0xedb910eecba95b94e9f3182605ce4dcab313ea3484ae274edf66a3fa77fb2fc0,1589856257,candidate_layering,,
0xa160cdab225685da1d56aa342ad8841c3b53f291,0xd3b87ca9aebc8b2009cf4e591f71831dab432e72,internal_eth,100.0,0x17b52d05021c6bbe093995e73a2c6e1e1f51239c12363f6e513ae6bd2763d41b,1589888425,candidate_layering,,
0xa160cdab225685da1d56aa342ad8841c3b53f291,0xd3b87ca9aebc8b2009cf4e591f71831dab432e72,internal_eth,100.0,0x9ee4869f9f35ad1633adb7bfb2a7375b8ead17c5f0938ee393333fc90fa9420b,1589888518,candidate_layering,,
0xa160cdab225685da1d56aa342ad8841c3b53f291,0xd3b87ca9aebc8b2009cf4e591f71831dab432e72,internal_eth,100.0,0xda1eb6593a724f270d6668932f874546a0e98317ff765d1d701986ee47975f8d,1589888520,candidate_layering,,
0xa160cdab225685da1d56aa342ad8841c3b53f291,0xd3b87ca9aebc8b2009cf4e591f71831dab432e72,internal_eth,100.0,0x59cf2290f019b92ba61e79e3370c55fbf57aa6d1b847cdf185ef1f12eef57c59,1589888598,candidate_layering,,
0xa160cdab225685da1d56aa342ad8841c3b53f291,0xd3b87ca9aebc8b2009cf4e591f71831dab432e72,internal_eth,100.0,0xf8aac98d5d7bfed8c7da801faf9a6e370b8db50ce5d05f1338eff29af16564e9,1589888659,candidate_layering,,
0xa160cdab225685da1d56aa342ad8841c3b53f291,0xdb2d5f55d79c6e0d40d00858250b295ed448574f,internal_eth,99.9349,0xfcdf01cdc8ae6d8021b26d267d98937a91399f2e5d4b4c2381e9bd919dbefc26,1589909050,candidate_layering,,
0xa160cdab225685da1d56aa342ad8841c3b53f291,0x7d3bb46c78b0c4949639ce34896bfd875b97ad08,internal_eth,0.0651,0xfcdf01cdc8ae6d8021b26d267d98937a91399f2e5d4b4c2381e9bd919dbefc26,1589909050,candidate_layering,,
0xa160cdab225685da1d56aa342ad8841c3b53f291,0x94678d25024ec4ba06a1a02b927c639efd8ffa45,internal_eth,99.937,0xcc7950ead970e5abbcb6e4a0f87a946f6ddb25546063e8fc610ec98c64f13867,1589909301,candidate_layering,,
0xa160cdab225685da1d56aa342ad8841c3b53f291,0x41a28335c5075c81502a97cebad597f28728a815,internal_eth,0.063,0xcc7950ead970e5abbcb6e4a0f87a946f6ddb25546063e8fc610ec98c64f13867,1589909301,candidate_layering,,
0xa160cdab225685da1d56aa342ad8841c3b53f291,0x94678d25024ec4ba06a1a02b927c639efd8ffa45,internal_eth,99.8849,0xb313d9d9e9128c63ba07d1bee1a464d0cad4e5ebb505f57269db3a79e03d86cb,1589909346,candidate_layering,,
0xa160cdab225685da1d56aa342ad8841c3b53f291,0xfa1c9d758af489a1055586de4d5f42ec2db91522,internal_eth,0.1151,0xb313d9d9e9128c63ba07d1bee1a464d0cad4e5ebb505f57269db3a79e03d86cb,1589909346,candidate_layering,,
0xa160cdab225685da1d56aa342ad8841c3b53f291,0x94678d25024ec4ba06a1a02b927c639efd8ffa45,internal_eth,99.9364,0x8881d506f0c028d822347d3728b969da7feca565ccf240198a948e4cd12b9e6c,1589909394,candidate_layering,,
0xa160cdab225685da1d56aa342ad8841c3b53f291,0x0b157ac0a65319b0a18aa46b0b0d4497e1074456,internal_eth,0.0636,0x8881d506f0c028d822347d3728b969da7feca565ccf240198a948e4cd12b9e6c,1589909394,candidate_layering,,
0xa160cdab225685da1d56aa342ad8841c3b53f291,0x5aa964a0ec001e4f8e909837a06dfa2ce15ce7a8,internal_eth,99.9369,0x7e83499c20f884d599e67092cbcdf789fb4dc9e82ff571e69fc81f58a563d04a,1589909773,candidate_layering,,
0xa160cdab225685da1d56aa342ad8841c3b53f291,0x0b157ac0a65319b0a18aa46b0b0d4497e1074456,internal_eth,0.0631,0x7e83499c20f884d599e67092cbcdf789fb4dc9e82ff571e69fc81f58a563d04a,1589909773,candidate_layering,,
0xa160cdab225685da1d56aa342ad8841c3b53f291,0x5aa964a0ec001e4f8e909837a06dfa2ce15ce7a8,internal_eth,99.9369,0x681124ff942b9db60a4e36f08455f671943abf1fd62f5d19ddefeec2cf3dcce3,1589910026,candidate_layering,,
0xa160cdab225685da1d56aa342ad8841c3b53f291,0x41a28335c5075c81502a97cebad597f28728a815,internal_eth,0.0631,0x681124ff942b9db60a4e36f08455f671943abf1fd62f5d19ddefeec2cf3dcce3,1589910026,candidate_layering,,
0xa160cdab225685da1d56aa342ad8841c3b53f291,0x5aa964a0ec001e4f8e909837a06dfa2ce15ce7a8,internal_eth,99.9375,0x150a9da6ece18845574fd48e5e6f4a5abf5d9dea46768d175cbb89827e347283,1589910028,candidate_layering,,
0xa160cdab225685da1d56aa342ad8841c3b53f291,0x7d3bb46c78b0c4949639ce34896bfd875b97ad08,internal_eth,0.0625,0x150a9da6ece18845574fd48e5e6f4a5abf5d9dea46768d175cbb89827e347283,1589910028,candidate_layering,,
0xa160cdab225685da1d56aa342ad8841c3b53f291,0x3c25061e72ffebbf47e485c5090908c10eb6fd7e,internal_eth,99.93775000000001,0x306253fbceb9b9c02591375083f4d0fd4fbbac8fcc79699f89e7504f9f29b5b7,1589910615,candidate_layering,,
0xa160cdab225685da1d56aa342ad8841c3b53f291,0x7d3bb46c78b0c4949639ce34896bfd875b97ad08,internal_eth,0.06225,0x306253fbceb9b9c02591375083f4d0fd4fbbac8fcc79699f89e7504f9f29b5b7,1589910615,candidate_layering,,
0xa160cdab225685da1d56aa342ad8841c3b53f291,0x3c25061e72ffebbf47e485c5090908c10eb6fd7e,internal_eth,99.9375,0x9a9e5ad372d384c12239ab93120ec9a359411f12791de40614df7a1aec81a6e3,1589910785,candidate_layering,,
0xa160cdab225685da1d56aa342ad8841c3b53f291,0x7d3bb46c78b0c4949639ce34896bfd875b97ad08,internal_eth,0.0625,0x9a9e5ad372d384c12239ab93120ec9a359411f12791de40614df7a1aec81a6e3,1589910785,candidate_layering,,
0xa160cdab225685da1d56aa342ad8841c3b53f291,0x0e1a94d2217ca8d4297247afe50752ab5c64771b,internal_eth,99.942,0x08a5fba02583bcb0b8765c16d659a31add7efa15a9a80e2e96c4ff27fa55d70f,1589932465,candidate_layering,,
0xa160cdab225685da1d56aa342ad8841c3b53f291,0x0b157ac0a65319b0a18aa46b0b0d4497e1074456,internal_eth,0.058,0x08a5fba02583bcb0b8765c16d659a31add7efa15a9a80e2e96c4ff27fa55d70f,1589932465,candidate_layering,,
0xa160cdab225685da1d56aa342ad8841c3b53f291,0x0e1a94d2217ca8d4297247afe50752ab5c64771b,internal_eth,99.942,0x7eb50a7f287866e24a36d698e238963fde2fd1b700ed06b822357d414b2b7e61,1589932543,candidate_layering,,
0xa160cdab225685da1d56aa342ad8841c3b53f291,0x7d3bb46c78b0c4949639ce34896bfd875b97ad08,internal_eth,0.058,0x7eb50a7f287866e24a36d698e238963fde2fd1b700ed06b822357d414b2b7e61,1589932543,candidate_layering,,
0xa160cdab225685da1d56aa342ad8841c3b53f291,0xf212322f7d4cae005302926934f3aafd6a8c3a5b,internal_eth,99.942,0x0873ace9f04d6eea1c449f01f5e34e3638e993fb8cf7017b7d34bb93c4f870d6,1589932599,candidate_layering,,
0xa160cdab225685da1d56aa342ad8841c3b53f291,0x7d3bb46c78b0c4949639ce34896bfd875b97ad08,internal_eth,0.058,0x0873ace9f04d6eea1c449f01f5e34e3638e993fb8cf7017b7d34bb93c4f870d6,1589932599,candidate_layering,,
0xa160cdab225685da1d56aa342ad8841c3b53f291,0xf212322f7d4cae005302926934f3aafd6a8c3a5b,internal_eth,99.942,0x4a4916474f01665a8aae8ad50d24eecacfffd19d73430c7456e4ac6795697d10,1589932732,candidate_layering,,
0xa160cdab225685da1d56aa342ad8841c3b53f291,0x0b157ac0a65319b0a18aa46b0b0d4497e1074456,internal_eth,0.058,0x4a4916474f01665a8aae8ad50d24eecacfffd19d73430c7456e4ac6795697d10,1589932732,candidate_layering,,
0xa160cdab225685da1d56aa342ad8841c3b53f291,0x0e1a94d2217ca8d4297247afe50752ab5c64771b,internal_eth,99.9424,0x7e33fa5d3f3720e1f2c0252614ba0a3b2b39af551a04f7249da03e7ead5b58ee,1589932754,candidate_layering,,
0xa160cdab225685da1d56aa342ad8841c3b53f291,0x41a28335c5075c81502a97cebad597f28728a815,internal_eth,0.0576,0x7e33fa5d3f3720e1f2c0252614ba0a3b2b39af551a04f7249da03e7ead5b58ee,1589932754,candidate_layering,,
0xa160cdab225685da1d56aa342ad8841c3b53f291,0x0e1a94d2217ca8d4297247afe50752ab5c64771b,internal_eth,99.942,0x7dc2cf68f73db0a979a2a12f3cca10d43c770c91c0e31f9d2b6f8ee1cc882fa8,1589932897,candidate_layering,,
0xa160cdab225685da1d56aa342ad8841c3b53f291,0x0b157ac0a65319b0a18aa46b0b0d4497e1074456,internal_eth,0.058,0x7dc2cf68f73db0a979a2a12f3cca10d43c770c91c0e31f9d2b6f8ee1cc882fa8,1589932897,candidate_layering,,
0xa160cdab225685da1d56aa342ad8841c3b53f291,0xf212322f7d4cae005302926934f3aafd6a8c3a5b,internal_eth,99.942,0xcde9da1481e62a01d4bd796bdab84984855079b1fd0bce1385033c86cad6ad2c,1589932926,candidate_layering,,
0xa160cdab225685da1d56aa342ad8841c3b53f291,0x0b157ac0a65319b0a18aa46b0b0d4497e1074456,internal_eth,0.058,0xcde9da1481e62a01d4bd796bdab84984855079b1fd0bce1385033c86cad6ad2c,1589932926,candidate_layering,,
0xa160cdab225685da1d56aa342ad8841c3b53f291,0xf212322f7d4cae005302926934f3aafd6a8c3a5b,internal_eth,99.9424,0xad4c68b9ba38d6b82eeccde84331a63bfcd3589155d6a4906825142998d0e90c,1589933063,candidate_layering,,
0xa160cdab225685da1d56aa342ad8841c3b53f291,0x7d3bb46c78b0c4949639ce34896bfd875b97ad08,internal_eth,0.0576,0xad4c68b9ba38d6b82eeccde84331a63bfcd3589155d6a4906825142998d0e90c,1589933063,candidate_layering,,
0xa160cdab225685da1d56aa342ad8841c3b53f291,0xe273becc863602381713956e9e6e839a901019c9,internal_eth,99.9239,0x5ec176cdda0c104e21010bffaf32d5dc872ac2c447ea3369b21d7b6a642be6e1,1590058624,candidate_layering,,
0xa160cdab225685da1d56aa342ad8841c3b53f291,0x0b157ac0a65319b0a18aa46b0b0d4497e1074456,internal_eth,0.0761,0x5ec176cdda0c104e21010bffaf32d5dc872ac2c447ea3369b21d7b6a642be6e1,1590058624,candidate_layering,,
0xa160cdab225685da1d56aa342ad8841c3b53f291,0xec50f180fb73118f81c17c30b1629e2aa3314eed,internal_eth,99.9369,0x75aa3c605d78750c9c3235ec4202a098f924c70699bad743dc7fd9e73098a179,1590111311,candidate_layering,,
0xa160cdab225685da1d56aa342ad8841c3b53f291,0x0b157ac0a65319b0a18aa46b0b0d4497e1074456,internal_eth,0.0631,0x75aa3c605d78750c9c3235ec4202a098f924c70699bad743dc7fd9e73098a179,1590111311,candidate_layering,,
0xa160cdab225685da1d56aa342ad8841c3b53f291,0x96a6e49c56da65c2c0c7f4dd73122e37478c7ddf,internal_eth,99.9304,0x0d4c5dd6b24bf552bc5f11045f5a1d3b450fe878db6c726fdf3c87c340382226,1590157176,candidate_layering,,
0xa160cdab225685da1d56aa342ad8841c3b53f291,0x7d3bb46c78b0c4949639ce34896bfd875b97ad08,internal_eth,0.0696,0x0d4c5dd6b24bf552bc5f11045f5a1d3b450fe878db6c726fdf3c87c340382226,1590157176,candidate_layering,,
0xa160cdab225685da1d56aa342ad8841c3b53f291,0x5d56b63cb6f78d434687528ea0851d568345b880,internal_eth,99.9374,0x9d1178af7972058303602807c5e4ca0d8f21166dabf97269e0ed10ad9c8f3245,1590251402,candidate_layering,,
0xa160cdab225685da1d56aa342ad8841c3b53f291,0x7d3bb46c78b0c4949639ce34896bfd875b97ad08,internal_eth,0.0626,0x9d1178af7972058303602807c5e4ca0d8f21166dabf97269e0ed10ad9c8f3245,1590251402,candidate_layering,,
0xa160cdab225685da1d56aa342ad8841c3b53f291,0x5d56b63cb6f78d434687528ea0851d568345b880,internal_eth,99.937,0xb28464b89e34f753316357226b6d8a9a2fae3ed0dccb9d3e2927c0d8161ba851,1590251450,candidate_layering,,
0xa160cdab225685da1d56aa342ad8841c3b53f291,0x7d3bb46c78b0c4949639ce34896bfd875b97ad08,internal_eth,0.063,0xb28464b89e34f753316357226b6d8a9a2fae3ed0dccb9d3e2927c0d8161ba851,1590251450,candidate_layering,,
0xa160cdab225685da1d56aa342ad8841c3b53f291,0x5d56b63cb6f78d434687528ea0851d568345b880,internal_eth,99.937,0x5d36c21aa0e7f388e54ad8a5e9e148eeebc4983cea3d3786958508e816c71626,1590251504,candidate_layering,,
0xa160cdab225685da1d56aa342ad8841c3b53f291,0x0b157ac0a65319b0a18aa46b0b0d4497e1074456,internal_eth,0.063,0x5d36c21aa0e7f388e54ad8a5e9e148eeebc4983cea3d3786958508e816c71626,1590251504,candidate_layering,,
0xa160cdab225685da1d56aa342ad8841c3b53f291,0x76453be83534e5bb09519c861d82a3fbedf7ae5c,internal_eth,99.938,0x8996a9eba38b9b38954cb406b2ed2cfb76cfd9b7c6a60b9448693e00c82af703,1590251740,candidate_layering,,
0xa160cdab225685da1d56aa342ad8841c3b53f291,0x41a28335c5075c81502a97cebad597f28728a815,internal_eth,0.062,0x8996a9eba38b9b38954cb406b2ed2cfb76cfd9b7c6a60b9448693e00c82af703,1590251740,candidate_layering,,
0xa160cdab225685da1d56aa342ad8841c3b53f291,0x32cccdf36c2756a282dc620977188c3d8561d5e3,internal_eth,99.938,0x64ca912f64eb10cf4eff69842d369323c1d5549a77595b21152db5949eb142f0,1590251900,candidate_layering,,
0xa160cdab225685da1d56aa342ad8841c3b53f291,0x0b157ac0a65319b0a18aa46b0b0d4497e1074456,internal_eth,0.062,0x64ca912f64eb10cf4eff69842d369323c1d5549a77595b21152db5949eb142f0,1590251900,candidate_layering,,
0xa160cdab225685da1d56aa342ad8841c3b53f291,0x62c8f8ae88a667b034927472107fbf566b0898e9,internal_eth,99.938,0xcd374a660e78de77054a9ddc6bc60c6c21b518b69fd3c3cdb99ed22b7e287c1d,1590252248,candidate_layering,,
0xa160cdab225685da1d56aa342ad8841c3b53f291,0x7d3bb46c78b0c4949639ce34896bfd875b97ad08,internal_eth,0.062,0xcd374a660e78de77054a9ddc6bc60c6c21b518b69fd3c3cdb99ed22b7e287c1d,1590252248,candidate_layering,,
0xa160cdab225685da1d56aa342ad8841c3b53f291,0x62c8f8ae88a667b034927472107fbf566b0898e9,internal_eth,99.9394,0x821e55509aba565b90e9f6217e06284a8eec7272698e9a4429e19282a328180b,1590252427,candidate_layering,,
0xa160cdab225685da1d56aa342ad8841c3b53f291,0x41a28335c5075c81502a97cebad597f28728a815,internal_eth,0.0606,0x821e55509aba565b90e9f6217e06284a8eec7272698e9a4429e19282a328180b,1590252427,candidate_layering,,
0xa160cdab225685da1d56aa342ad8841c3b53f291,0x62c8f8ae88a667b034927472107fbf566b0898e9,internal_eth,99.9384,0x7c032b63325bcce6457036df4d53d0cc9d98ad47efb5c6e728fd77aca91c1ace,1590252494,candidate_layering,,
0xa160cdab225685da1d56aa342ad8841c3b53f291,0x7d3bb46c78b0c4949639ce34896bfd875b97ad08,internal_eth,0.0616,0x7c032b63325bcce6457036df4d53d0cc9d98ad47efb5c6e728fd77aca91c1ace,1590252494,candidate_layering,,
0xa160cdab225685da1d56aa342ad8841c3b53f291,0xd1eb189147a03137ad43d0f347751b642e19ddce,internal_eth,99.9394,0x029ade498aa2e4c733a96f43a5bc8860fef9b72aff8141f3c5e6d423c3d4acfe,1590252861,candidate_layering,,
0xa160cdab225685da1d56aa342ad8841c3b53f291,0x7d3bb46c78b0c4949639ce34896bfd875b97ad08,internal_eth,0.0606,0x029ade498aa2e4c733a96f43a5bc8860fef9b72aff8141f3c5e6d423c3d4acfe,1590252861,candidate_layering,,
0xa160cdab225685da1d56aa342ad8841c3b53f291,0xd1eb189147a03137ad43d0f347751b642e19ddce,internal_eth,99.938,0x2d9c112796374b1277c750ccbca3f5cdf5bdc993767a1f9438ba2d3b7cd8311e,1590252894,candidate_layering,,
0xa160cdab225685da1d56aa342ad8841c3b53f291,0x0b157ac0a65319b0a18aa46b0b0d4497e1074456,internal_eth,0.062,0x2d9c112796374b1277c750ccbca3f5cdf5bdc993767a1f9438ba2d3b7cd8311e,1590252894,candidate_layering,,
0xa160cdab225685da1d56aa342ad8841c3b53f291,0xd1eb189147a03137ad43d0f347751b642e19ddce,internal_eth,99.938,0xbc83c6526dc5143b2190b59ca6ccbbe68c97b053cfe1b1182d0fdf5323e78332,1590252974,candidate_layering,,
0xa160cdab225685da1d56aa342ad8841c3b53f291,0x41a28335c5075c81502a97cebad597f28728a815,internal_eth,0.062,0xbc83c6526dc5143b2190b59ca6ccbbe68c97b053cfe1b1182d0fdf5323e78332,1590252974,candidate_layering,,
0xa160cdab225685da1d56aa342ad8841c3b53f291,0xd1eb189147a03137ad43d0f347751b642e19ddce,internal_eth,99.938,0x731dc9371bcf66e79c7f9ea9bfba67bf679a990aa5e6655bbe88cb4f4b128387,1590253033,candidate_layering,,
0xa160cdab225685da1d56aa342ad8841c3b53f291,0x7d3bb46c78b0c4949639ce34896bfd875b97ad08,internal_eth,0.062,0x731dc9371bcf66e79c7f9ea9bfba67bf679a990aa5e6655bbe88cb4f4b128387,1590253033,candidate_layering,,
0xa160cdab225685da1d56aa342ad8841c3b53f291,0xe12618a89e4295e911cb16447e33fbce22fc9d33,internal_eth,99.938,0x7941673b0a2ec4e18524b6e67328b73a242aaba4cf2e61777f2ecc257031693e,1590253064,candidate_layering,,
0xa160cdab225685da1d56aa342ad8841c3b53f291,0x41a28335c5075c81502a97cebad597f28728a815,internal_eth,0.062,0x7941673b0a2ec4e18524b6e67328b73a242aaba4cf2e61777f2ecc257031693e,1590253064,candidate_layering,,
0xa160cdab225685da1d56aa342ad8841c3b53f291,0xe12618a89e4295e911cb16447e33fbce22fc9d33,internal_eth,99.9385,0x81ad31422bc30b4bb373456db8d552d9018ad3c41fa9bde5d6d6dbbf0588e622,1590253162,candidate_layering,,
0xa160cdab225685da1d56aa342ad8841c3b53f291,0x0b157ac0a65319b0a18aa46b0b0d4497e1074456,internal_eth,0.0615,0x81ad31422bc30b4bb373456db8d552d9018ad3c41fa9bde5d6d6dbbf0588e622,1590253162,candidate_layering,,
0xa160cdab225685da1d56aa342ad8841c3b53f291,0xe12618a89e4295e911cb16447e33fbce22fc9d33,internal_eth,99.9394,0xe52b65dbda7ab46d2f599bb7eb062c55bff8586238f9cad701199a8ec678723d,1590253257,candidate_layering,,
0xa160cdab225685da1d56aa342ad8841c3b53f291,0x41a28335c5075c81502a97cebad597f28728a815,internal_eth,0.0606,0xe52b65dbda7ab46d2f599bb7eb062c55bff8586238f9cad701199a8ec678723d,1590253257,candidate_layering,,
0xa160cdab225685da1d56aa342ad8841c3b53f291,0xbddfdd9a4cf94bd241fd2aeece4025560476c091,internal_eth,99.9394,0x0eb4b0dc6cdfa899ad6973d2962a98b974d4fa5a3b65677bc48e592e5e5e44b8,1590253608,candidate_layering,,
0xa160cdab225685da1d56aa342ad8841c3b53f291,0x0b157ac0a65319b0a18aa46b0b0d4497e1074456,internal_eth,0.0606,0x0eb4b0dc6cdfa899ad6973d2962a98b974d4fa5a3b65677bc48e592e5e5e44b8,1590253608,candidate_layering,,
0xa160cdab225685da1d56aa342ad8841c3b53f291,0xbddfdd9a4cf94bd241fd2aeece4025560476c091,internal_eth,99.939,0xc1532eacbdde0a17715516a16bbd3a535f2309fcec27e7664b4229af55c80b86,1590253653,candidate_layering,,
0xa160cdab225685da1d56aa342ad8841c3b53f291,0x0b157ac0a65319b0a18aa46b0b0d4497e1074456,internal_eth,0.061,0xc1532eacbdde0a17715516a16bbd3a535f2309fcec27e7664b4229af55c80b86,1590253653,candidate_layering,,
0xa160cdab225685da1d56aa342ad8841c3b53f291,0x4e0daa6d7db4e9ff602b0fc3a1b463b489882bfd,internal_eth,99.9399,0x1c6980ab9f6f438f1079646af5865da32bcd3f156b00f30a79313f210648923e,1590259542,candidate_layering,,
0xa160cdab225685da1d56aa342ad8841c3b53f291,0x0b157ac0a65319b0a18aa46b0b0d4497e1074456,internal_eth,0.0601,0x1c6980ab9f6f438f1079646af5865da32bcd3f156b00f30a79313f210648923e,1590259542,candidate_layering,,
0xa160cdab225685da1d56aa342ad8841c3b53f291,0x4e0daa6d7db4e9ff602b0fc3a1b463b489882bfd,internal_eth,99.9395,0x566cf6d84e35630d93a486422842e51e3d9247ff4f7e15d8c764c90775b5f2a9,1590259573,candidate_layering,,
0xa160cdab225685da1d56aa342ad8841c3b53f291,0x7d3bb46c78b0c4949639ce34896bfd875b97ad08,internal_eth,0.0605,0x566cf6d84e35630d93a486422842e51e3d9247ff4f7e15d8c764c90775b5f2a9,1590259573,candidate_layering,,
0xa160cdab225685da1d56aa342ad8841c3b53f291,0x4e0daa6d7db4e9ff602b0fc3a1b463b489882bfd,internal_eth,99.94075000000001,0x2c67a4feed6c9ec06bf590643679bba573b88d40b18dd18c1a08ec585d85e6e9,1590259804,candidate_layering,,
0xa160cdab225685da1d56aa342ad8841c3b53f291,0x0b157ac0a65319b0a18aa46b0b0d4497e1074456,internal_eth,0.05925,0x2c67a4feed6c9ec06bf590643679bba573b88d40b18dd18c1a08ec585d85e6e9,1590259804,candidate_layering,,
0xa160cdab225685da1d56aa342ad8841c3b53f291,0x540bb1cac017c8177e1999e64bf57e8973b772bc,internal_eth,99.9435,0x0ae550da6cad6a166bb389b0141588dcc95dbaac6e89ba3de6dbe2be7f5b544d,1590266410,candidate_layering,,
0xa160cdab225685da1d56aa342ad8841c3b53f291,0x0b157ac0a65319b0a18aa46b0b0d4497e1074456,internal_eth,0.0565,0x0ae550da6cad6a166bb389b0141588dcc95dbaac6e89ba3de6dbe2be7f5b544d,1590266410,candidate_layering,,
0xa160cdab225685da1d56aa342ad8841c3b53f291,0x540bb1cac017c8177e1999e64bf57e8973b772bc,internal_eth,99.9435,0xd1bc3d64f23cc45df3295736d99a35ab806b10ccbc7f69b560f702942243d3af,1590266528,candidate_layering,,
0xa160cdab225685da1d56aa342ad8841c3b53f291,0x41a28335c5075c81502a97cebad597f28728a815,internal_eth,0.0565,0xd1bc3d64f23cc45df3295736d99a35ab806b10ccbc7f69b560f702942243d3af,1590266528,candidate_layering,,
0xa160cdab225685da1d56aa342ad8841c3b53f291,0xd92ca9f25a40bc5de00ae6861643bb36853752aa,internal_eth,99.94385,0x0b47ba638560f1015ea658c5ff765b20cfd557eaf24182c2bce6665f6532d57f,1590266862,candidate_layering,,
0xa160cdab225685da1d56aa342ad8841c3b53f291,0x0b157ac0a65319b0a18aa46b0b0d4497e1074456,internal_eth,0.05615,0x0b47ba638560f1015ea658c5ff765b20cfd557eaf24182c2bce6665f6532d57f,1590266862,candidate_layering,,
0xa160cdab225685da1d56aa342ad8841c3b53f291,0xd92ca9f25a40bc5de00ae6861643bb36853752aa,internal_eth,99.9444,0x4e70522e907ce089d98bbdf991cda70fdb0fa8e3341dac413bbba18ab7558caa,1590267014,candidate_layering,,
0xa160cdab225685da1d56aa342ad8841c3b53f291,0x41a28335c5075c81502a97cebad597f28728a815,internal_eth,0.0556,0x4e70522e907ce089d98bbdf991cda70fdb0fa8e3341dac413bbba18ab7558caa,1590267014,candidate_layering,,
0xa160cdab225685da1d56aa342ad8841c3b53f291,0x9e094652031bebb5b8464e83e4040942b671a4f7,internal_eth,99.9444,0xb9a0f555ed24a22ede5ac9721e21aad007fe6cbde18f8063a30f9a2d35dae478,1590267122,candidate_layering,,
0xa160cdab225685da1d56aa342ad8841c3b53f291,0x41a28335c5075c81502a97cebad597f28728a815,internal_eth,0.0556,0xb9a0f555ed24a22ede5ac9721e21aad007fe6cbde18f8063a30f9a2d35dae478,1590267122,candidate_layering,,
0xa160cdab225685da1d56aa342ad8841c3b53f291,0x9e094652031bebb5b8464e83e4040942b671a4f7,internal_eth,99.944,0x050d92d24bca72d20c6b34f1fe69d6c52467d2878700af0856e70c2c90563c14,1590267176,candidate_layering,,
0xa160cdab225685da1d56aa342ad8841c3b53f291,0x7d3bb46c78b0c4949639ce34896bfd875b97ad08,internal_eth,0.056,0x050d92d24bca72d20c6b34f1fe69d6c52467d2878700af0856e70c2c90563c14,1590267176,candidate_layering,,
0xa160cdab225685da1d56aa342ad8841c3b53f291,0x9e094652031bebb5b8464e83e4040942b671a4f7,internal_eth,99.944,0xb0f51501771ffb3d47c1505afc4b24f338aede1b956796fe0eef60c071209fb5,1590267229,candidate_layering,,
0xa160cdab225685da1d56aa342ad8841c3b53f291,0x0b157ac0a65319b0a18aa46b0b0d4497e1074456,internal_eth,0.056,0xb0f51501771ffb3d47c1505afc4b24f338aede1b956796fe0eef60c071209fb5,1590267229,candidate_layering,,
0xa160cdab225685da1d56aa342ad8841c3b53f291,0x540bb1cac017c8177e1999e64bf57e8973b772bc,internal_eth,99.9439,0xf4c1ecbde9e925a585532827c67de7c436ca6ed7443afaa6a8570cf25df2ff6e,1590267295,candidate_layering,,
0xa160cdab225685da1d56aa342ad8841c3b53f291,0x0b157ac0a65319b0a18aa46b0b0d4497e1074456,internal_eth,0.0561,0xf4c1ecbde9e925a585532827c67de7c436ca6ed7443afaa6a8570cf25df2ff6e,1590267295,candidate_layering,,
0xa160cdab225685da1d56aa342ad8841c3b53f291,0xb11d1fe0ae09b99e404e4151429d420ad30707f9,internal_eth,99.9449,0xc3c096c32f69e3c9b61ebf20963ce1453af186c9c0c1e1720b225c73df280f89,1590267633,candidate_layering,,
0xa160cdab225685da1d56aa342ad8841c3b53f291,0x0b157ac0a65319b0a18aa46b0b0d4497e1074456,internal_eth,0.0551,0xc3c096c32f69e3c9b61ebf20963ce1453af186c9c0c1e1720b225c73df280f89,1590267633,candidate_layering,,
0xa160cdab225685da1d56aa342ad8841c3b53f291,0x28bd78450d2684f517f9da917c4ff3460fd42af3,internal_eth,99.9439,0x413b2ef78d34e19e210503bf6a126afc0b157d793b09bb4cd3176b9b84657ab9,1590274568,candidate_layering,,
0xa160cdab225685da1d56aa342ad8841c3b53f291,0x7d3bb46c78b0c4949639ce34896bfd875b97ad08,internal_eth,0.0561,0x413b2ef78d34e19e210503bf6a126afc0b157d793b09bb4cd3176b9b84657ab9,1590274568,candidate_layering,,
0xa160cdab225685da1d56aa342ad8841c3b53f291,0x28bd78450d2684f517f9da917c4ff3460fd42af3,internal_eth,99.9435,0x4408e3530ce36a8522ff9d645a6dc26e4c3c1015d2ad06defc0465a201c5cfef,1590274889,candidate_layering,,
0xa160cdab225685da1d56aa342ad8841c3b53f291,0x7d3bb46c78b0c4949639ce34896bfd875b97ad08,internal_eth,0.0565,0x4408e3530ce36a8522ff9d645a6dc26e4c3c1015d2ad06defc0465a201c5cfef,1590274889,candidate_layering,,
0xa160cdab225685da1d56aa342ad8841c3b53f291,0x6e88537e73c2ec8718e13c0f37923fde6667b504,internal_eth,99.9439,0xc8152d3794ecf60771116d6df937441a0f77d02c49593643f04a97758e8a6a61,1590275306,candidate_layering,,
0xa160cdab225685da1d56aa342ad8841c3b53f291,0x7d3bb46c78b0c4949639ce34896bfd875b97ad08,internal_eth,0.0561,0xc8152d3794ecf60771116d6df937441a0f77d02c49593643f04a97758e8a6a61,1590275306,candidate_layering,,
0xa160cdab225685da1d56aa342ad8841c3b53f291,0xd24ee2fd10238ebd228e4c1f983b17a567d9e188,internal_eth,99.9435,0xae2eaf5c5a0c8d0bf7c6ea32dad6bdfd0c40a18fa9ffc4fb7e78f020970f2a79,1590276298,candidate_layering,,
0xa160cdab225685da1d56aa342ad8841c3b53f291,0x41a28335c5075c81502a97cebad597f28728a815,internal_eth,0.0565,0xae2eaf5c5a0c8d0bf7c6ea32dad6bdfd0c40a18fa9ffc4fb7e78f020970f2a79,1590276298,candidate_layering,,
0xa160cdab225685da1d56aa342ad8841c3b53f291,0xb5cebf23dc4552019d1774850fdceb150b72cd42,internal_eth,99.9415,0xaa0ad8792f8ead379a6c6316ff23a9501cd2620487cb6fe9d83eaaa7851b1e7b,1590281689,candidate_layering,,
0xa160cdab225685da1d56aa342ad8841c3b53f291,0x41a28335c5075c81502a97cebad597f28728a815,internal_eth,0.0585,0xaa0ad8792f8ead379a6c6316ff23a9501cd2620487cb6fe9d83eaaa7851b1e7b,1590281689,candidate_layering,,
0xa160cdab225685da1d56aa342ad8841c3b53f291,0xb5cebf23dc4552019d1774850fdceb150b72cd42,internal_eth,99.941,0xbc6f502cb4038a91970d43d0e6a2c94535cfb2ad4040615b2b64ea5916097d0e,1590281781,candidate_layering,,
0xa160cdab225685da1d56aa342ad8841c3b53f291,0x0b157ac0a65319b0a18aa46b0b0d4497e1074456,internal_eth,0.059,0xbc6f502cb4038a91970d43d0e6a2c94535cfb2ad4040615b2b64ea5916097d0e,1590281781,candidate_layering,,
0xa160cdab225685da1d56aa342ad8841c3b53f291,0xc2785959cafa11c2abeafd10a0843e67a0573c57,internal_eth,99.9375,0x5a877c1f619941b3c08dc0e77c26ac7f570132b4bf20810558b285ed0cd7da40,1590328099,candidate_layering,,
0xa160cdab225685da1d56aa342ad8841c3b53f291,0x0b157ac0a65319b0a18aa46b0b0d4497e1074456,internal_eth,0.0625,0x5a877c1f619941b3c08dc0e77c26ac7f570132b4bf20810558b285ed0cd7da40,1590328099,candidate_layering,,
0xa160cdab225685da1d56aa342ad8841c3b53f291,0xb5cebf23dc4552019d1774850fdceb150b72cd42,internal_eth,99.933,0xbbcd3780ce402250250745d54a0fc25324c5c9625072fa359ece0d400ab13e5e,1590344137,candidate_layering,,
0xa160cdab225685da1d56aa342ad8841c3b53f291,0x7d3bb46c78b0c4949639ce34896bfd875b97ad08,internal_eth,0.067,0xbbcd3780ce402250250745d54a0fc25324c5c9625072fa359ece0d400ab13e5e,1590344137,candidate_layering,,
0xa160cdab225685da1d56aa342ad8841c3b53f291,0xb5cebf23dc4552019d1774850fdceb150b72cd42,internal_eth,99.9334,0xfb8825981c2c92aba285295d8fc04ec11b41d2499f25b222e0c1e7a232575f8c,1590344251,candidate_layering,,
0xa160cdab225685da1d56aa342ad8841c3b53f291,0x7d3bb46c78b0c4949639ce34896bfd875b97ad08,internal_eth,0.0666,0xfb8825981c2c92aba285295d8fc04ec11b41d2499f25b222e0c1e7a232575f8c,1590344251,candidate_layering,,
0xa160cdab225685da1d56aa342ad8841c3b53f291,0xb5cebf23dc4552019d1774850fdceb150b72cd42,internal_eth,99.9335,0x6d2870ff6ad0d6eb7b52b9eee418e150d9f5ded7c2d383587dd04d98fbebc4b7,1590344296,candidate_layering,,
0xa160cdab225685da1d56aa342ad8841c3b53f291,0x7d3bb46c78b0c4949639ce34896bfd875b97ad08,internal_eth,0.0665,0x6d2870ff6ad0d6eb7b52b9eee418e150d9f5ded7c2d383587dd04d98fbebc4b7,1590344296,candidate_layering,,
0xa160cdab225685da1d56aa342ad8841c3b53f291,0xb5cebf23dc4552019d1774850fdceb150b72cd42,internal_eth,99.9329,0xe213d469ad3e4a57aebbea463b366e3ae58023cce2e8dc59eb3b140702d5ddc5,1590344441,candidate_layering,,
0xa160cdab225685da1d56aa342ad8841c3b53f291,0x41a28335c5075c81502a97cebad597f28728a815,internal_eth,0.0671,0xe213d469ad3e4a57aebbea463b366e3ae58023cce2e8dc59eb3b140702d5ddc5,1590344441,candidate_layering,,
0xa160cdab225685da1d56aa342ad8841c3b53f291,0xb5cebf23dc4552019d1774850fdceb150b72cd42,internal_eth,99.9329,0x283e1f9404ed9b03adf6f40805e2cb45fb0d596d4b2db9def137ae6486116b40,1590344449,candidate_layering,,
0xa160cdab225685da1d56aa342ad8841c3b53f291,0x0b157ac0a65319b0a18aa46b0b0d4497e1074456,internal_eth,0.0671,0x283e1f9404ed9b03adf6f40805e2cb45fb0d596d4b2db9def137ae6486116b40,1590344449,candidate_layering,,
0xa160cdab225685da1d56aa342ad8841c3b53f291,0x44b69168abe2a8ab9d4d4a2ce0e410437524ce94,internal_eth,99.9434,0x2f08107a3953d64d844fa34a470dcc63b38693bdcfc4388ea68c6d8efe32c5d5,1590358152,candidate_layering,,
0xa160cdab225685da1d56aa342ad8841c3b53f291,0x7d3bb46c78b0c4949639ce34896bfd875b97ad08,internal_eth,0.0566,0x2f08107a3953d64d844fa34a470dcc63b38693bdcfc4388ea68c6d8efe32c5d5,1590358152,candidate_layering,,
0xa160cdab225685da1d56aa342ad8841c3b53f291,0x44b69168abe2a8ab9d4d4a2ce0e410437524ce94,internal_eth,99.9432,0xab5c300dc809ae844b66c249e05dd956c25f8467b8429c3ce519e6da76e54bd2,1590358373,candidate_layering,,
0xa160cdab225685da1d56aa342ad8841c3b53f291,0x7d3bb46c78b0c4949639ce34896bfd875b97ad08,internal_eth,0.0568,0xab5c300dc809ae844b66c249e05dd956c25f8467b8429c3ce519e6da76e54bd2,1590358373,candidate_layering,,
0xa160cdab225685da1d56aa342ad8841c3b53f291,0x44b69168abe2a8ab9d4d4a2ce0e410437524ce94,internal_eth,99.9432,0x24bea0eea485226825ded2fba7df65b5b953a7179fe64d431242cdd5b2fd8b4e,1590358565,candidate_layering,,
0xa160cdab225685da1d56aa342ad8841c3b53f291,0x7d3bb46c78b0c4949639ce34896bfd875b97ad08,internal_eth,0.0568,0x24bea0eea485226825ded2fba7df65b5b953a7179fe64d431242cdd5b2fd8b4e,1590358565,candidate_layering,,
0xa160cdab225685da1d56aa342ad8841c3b53f291,0xa0dd8e6c5440a424cd19f5ec30f8fa485e814247,internal_eth,99.9319,0x14def19332cc46d1d2268de9a5c35c9ce3ea00190da01c82fd5eb392a717aad0,1590498255,candidate_layering,,
0xa160cdab225685da1d56aa342ad8841c3b53f291,0x0b157ac0a65319b0a18aa46b0b0d4497e1074456,internal_eth,0.0681,0x14def19332cc46d1d2268de9a5c35c9ce3ea00190da01c82fd5eb392a717aad0,1590498255,candidate_layering,,
0xa160cdab225685da1d56aa342ad8841c3b53f291,0xa0dd8e6c5440a424cd19f5ec30f8fa485e814247,internal_eth,99.9315,0x629566edbc07aacbca3e6f2a7c5af167003102b16fd12ad546d176aba2698a36,1590498477,candidate_layering,,
0xa160cdab225685da1d56aa342ad8841c3b53f291,0x41a28335c5075c81502a97cebad597f28728a815,internal_eth,0.0685,0x629566edbc07aacbca3e6f2a7c5af167003102b16fd12ad546d176aba2698a36,1590498477,candidate_layering,,
0xa160cdab225685da1d56aa342ad8841c3b53f291,0x24937ca0ec96e3346fc982589a837aa21d2e07fa,internal_eth,99.9359,0x1dbafa78a34686b31d18e42bb1871e1b4fb892deddadb1c677a93bc8d5407617,1590515615,candidate_layering,,
0xa160cdab225685da1d56aa342ad8841c3b53f291,0x41a28335c5075c81502a97cebad597f28728a815,internal_eth,0.0641,0x1dbafa78a34686b31d18e42bb1871e1b4fb892deddadb1c677a93bc8d5407617,1590515615,candidate_layering,,
0xa160cdab225685da1d56aa342ad8841c3b53f291,0x7c1f3a8ec4bf14e8d4e9c1117946128c04d9b97f,internal_eth,100.0,0xbe120ab41a7c63decc38268d7249bcc41ebae93b301895bd4a5d706ebd3d824f,1590533488,candidate_layering,,
0xa160cdab225685da1d56aa342ad8841c3b53f291,0xd01ad76a2337354dd458fcbb6e507e001f06b77d,internal_eth,100.0,0xc92670de45a69275eab70dbb25d33544f3269615a0ce8414b9179bdf6ce6a1c3,1590533877,candidate_layering,,
0xa160cdab225685da1d56aa342ad8841c3b53f291,0xd01ad76a2337354dd458fcbb6e507e001f06b77d,internal_eth,100.0,0x73cab03658166b19e925ddfc6a8af3931987266aaaad9d80106db7850a4c8fe3,1590533967,candidate_layering,,
0xa160cdab225685da1d56aa342ad8841c3b53f291,0xd01ad76a2337354dd458fcbb6e507e001f06b77d,internal_eth,100.0,0x75f2f2a7124cf3305439af36903c68e2213c5484b14ab31d0acb79e486626d80,1590534144,candidate_layering,,
0xa160cdab225685da1d56aa342ad8841c3b53f291,0xb5ec27c2c1fb3164ff43ee11e9b51a583d9110ad,internal_eth,99.879,0x527b01a4393f43db3d53d1cbb9a74bdca777dcadda1c3cc9ebf4c0a540d7ce38,1590675322,candidate_layering,,
0xa160cdab225685da1d56aa342ad8841c3b53f291,0x1f2be440a818b3b87069af6ec20528c6dbec429b,internal_eth,0.121,0x527b01a4393f43db3d53d1cbb9a74bdca777dcadda1c3cc9ebf4c0a540d7ce38,1590675322,candidate_layering,,
0xa160cdab225685da1d56aa342ad8841c3b53f291,0xdb796ac2b3e9754511ae5478f79f0fbaa5632837,internal_eth,99.9295,0x870f2fb8d9231ba8058acb506f85638c9f7c164ae2011aee8cf79d3d437036cf,1590768196,candidate_layering,,
0xa160cdab225685da1d56aa342ad8841c3b53f291,0x7d3bb46c78b0c4949639ce34896bfd875b97ad08,internal_eth,0.0705,0x870f2fb8d9231ba8058acb506f85638c9f7c164ae2011aee8cf79d3d437036cf,1590768196,candidate_layering,,
0xa160cdab225685da1d56aa342ad8841c3b53f291,0x5d5ec5a664adb2347f99c1484526002ad9279ac4,internal_eth,99.9295,0x429ee6686b3a312bb0cc7d926d91dc13b6f32959c12d6cb4fd6a0ccf1eaa9977,1590768425,candidate_layering,,
0xa160cdab225685da1d56aa342ad8841c3b53f291,0x7d3bb46c78b0c4949639ce34896bfd875b97ad08,internal_eth,0.0705,0x429ee6686b3a312bb0cc7d926d91dc13b6f32959c12d6cb4fd6a0ccf1eaa9977,1590768425,candidate_layering,,
0xa160cdab225685da1d56aa342ad8841c3b53f291,0x91473aa589e79cc54b19b4e3181068c90de7db9f,internal_eth,99.9424,0xe3f4dd118f3a4dcc5bb979549d303d2ef4de7bda7cd1b9a54dc16d4e92fb412d,1590800534,candidate_layering,,
0xa160cdab225685da1d56aa342ad8841c3b53f291,0x41a28335c5075c81502a97cebad597f28728a815,internal_eth,0.0576,0xe3f4dd118f3a4dcc5bb979549d303d2ef4de7bda7cd1b9a54dc16d4e92fb412d,1590800534,candidate_layering,,
0xa160cdab225685da1d56aa342ad8841c3b53f291,0x91473aa589e79cc54b19b4e3181068c90de7db9f,internal_eth,99.9424,0x0c15b3a5941f20f9e4ee3f5935ac6f96745f18f9fc9e909b6d847c45769fae78,1590800704,candidate_layering,,
0xa160cdab225685da1d56aa342ad8841c3b53f291,0x7d3bb46c78b0c4949639ce34896bfd875b97ad08,internal_eth,0.0576,0x0c15b3a5941f20f9e4ee3f5935ac6f96745f18f9fc9e909b6d847c45769fae78,1590800704,candidate_layering,,
0xa160cdab225685da1d56aa342ad8841c3b53f291,0x91473aa589e79cc54b19b4e3181068c90de7db9f,internal_eth,99.942,0xed28ea7fd4c5b0ca3b4c582a902e3274271e630b53d5040a70285497fbfeaac8,1590800833,candidate_layering,,
0xa160cdab225685da1d56aa342ad8841c3b53f291,0x41a28335c5075c81502a97cebad597f28728a815,internal_eth,0.058,0xed28ea7fd4c5b0ca3b4c582a902e3274271e630b53d5040a70285497fbfeaac8,1590800833,candidate_layering,,
0xa160cdab225685da1d56aa342ad8841c3b53f291,0x485e847c06856c81646ad8ed0f49e949fe3bc0f6,internal_eth,99.9315,0x1c7f7739ab0bc74ac644a20e58ab81154658e40e775b1ff71592f2bd1a9d8741,1590822076,candidate_layering,,
0xa160cdab225685da1d56aa342ad8841c3b53f291,0x7d3bb46c78b0c4949639ce34896bfd875b97ad08,internal_eth,0.0685,0x1c7f7739ab0bc74ac644a20e58ab81154658e40e775b1ff71592f2bd1a9d8741,1590822076,candidate_layering,,
0xa160cdab225685da1d56aa342ad8841c3b53f291,0xc73ddcbed2d9697f56091de90b70a7a36f0e87bd,internal_eth,99.9315,0x8eb40bb2549e780ce34ad18654d6134cba27ceb94c6ed09b079c73ba055f9a4c,1590822322,candidate_layering,,
0xa160cdab225685da1d56aa342ad8841c3b53f291,0x41a28335c5075c81502a97cebad597f28728a815,internal_eth,0.0685,0x8eb40bb2549e780ce34ad18654d6134cba27ceb94c6ed09b079c73ba055f9a4c,1590822322,candidate_layering,,
0xa160cdab225685da1d56aa342ad8841c3b53f291,0xe26e144260b6ecd3b2ac013b855531bf73bc846d,internal_eth,99.9315,0x2597efb1f3726bc2697d05c76cea2ed41f34ae9bb304fa7408b8b49b036dd7c8,1590822338,candidate_layering,,
0xa160cdab225685da1d56aa342ad8841c3b53f291,0x41a28335c5075c81502a97cebad597f28728a815,internal_eth,0.0685,0x2597efb1f3726bc2697d05c76cea2ed41f34ae9bb304fa7408b8b49b036dd7c8,1590822338,candidate_layering,,
0xa160cdab225685da1d56aa342ad8841c3b53f291,0x91413839c35b38a2e5b4fac0442221bfedc6dd3e,internal_eth,99.9304,0x0e8e4f8b86819beff71df6b763bf3aa0b225627e57a6ea379cc7411149deeb9c,1590825151,candidate_layering,,
0xa160cdab225685da1d56aa342ad8841c3b53f291,0x7d3bb46c78b0c4949639ce34896bfd875b97ad08,internal_eth,0.0696,0x0e8e4f8b86819beff71df6b763bf3aa0b225627e57a6ea379cc7411149deeb9c,1590825151,candidate_layering,,
0xa160cdab225685da1d56aa342ad8841c3b53f291,0x2f076c3db4dc1dcade4a3b8f1142b755735859f4,internal_eth,99.9344,0x259ac7a90aad677555dcbd541fc815c467f861b297e13991b57150e3a2d6e012,1590862449,candidate_layering,,
0xa160cdab225685da1d56aa342ad8841c3b53f291,0x7d3bb46c78b0c4949639ce34896bfd875b97ad08,internal_eth,0.0656,0x259ac7a90aad677555dcbd541fc815c467f861b297e13991b57150e3a2d6e012,1590862449,candidate_layering,,
0xa160cdab225685da1d56aa342ad8841c3b53f291,0xd6e8251a17de3626e96bdc07ac56ea2c90cdf907,internal_eth,99.9385,0x4f541acc60f4a736f3d81a706b69cae28d7e7b9269f9d0155a5d541e33e5e5e2,1590871081,candidate_layering,,
0xa160cdab225685da1d56aa342ad8841c3b53f291,0x41a28335c5075c81502a97cebad597f28728a815,internal_eth,0.0615,0x4f541acc60f4a736f3d81a706b69cae28d7e7b9269f9d0155a5d541e33e5e5e2,1590871081,candidate_layering,,
0xa160cdab225685da1d56aa342ad8841c3b53f291,0xd6e8251a17de3626e96bdc07ac56ea2c90cdf907,internal_eth,99.9385,0x80d97f3a20aa05106e49ad5e9f2c68ff066534b8b2a64a20afd64f3984bb7283,1590871150,candidate_layering,,
0xa160cdab225685da1d56aa342ad8841c3b53f291,0x41a28335c5075c81502a97cebad597f28728a815,internal_eth,0.0615,0x80d97f3a20aa05106e49ad5e9f2c68ff066534b8b2a64a20afd64f3984bb7283,1590871150,candidate_layering,,
0xa160cdab225685da1d56aa342ad8841c3b53f291,0xd6e8251a17de3626e96bdc07ac56ea2c90cdf907,internal_eth,99.9385,0x148b7fc98b485e3141b858843e0577f0336af51727c2f896ad2b8a39c3923dba,1590871175,candidate_layering,,
0xa160cdab225685da1d56aa342ad8841c3b53f291,0x41a28335c5075c81502a97cebad597f28728a815,internal_eth,0.0615,0x148b7fc98b485e3141b858843e0577f0336af51727c2f896ad2b8a39c3923dba,1590871175,candidate_layering,,
0xa160cdab225685da1d56aa342ad8841c3b53f291,0x0436086baa9e32fb936ce130d5d1e94306fefa88,internal_eth,99.9389,0xc6f8e8f6a0901b10819359a3a214ec05091013fb38d863c063245d2669c241cf,1590871697,candidate_layering,,
0xa160cdab225685da1d56aa342ad8841c3b53f291,0x41a28335c5075c81502a97cebad597f28728a815,internal_eth,0.0611,0xc6f8e8f6a0901b10819359a3a214ec05091013fb38d863c063245d2669c241cf,1590871697,candidate_layering,,
0xa160cdab225685da1d56aa342ad8841c3b53f291,0x0436086baa9e32fb936ce130d5d1e94306fefa88,internal_eth,99.9395,0x518e8f10a7f406b20c92c6d1fdf63acc6f01d6c6b2fdda0e169829c56903495f,1590871858,candidate_layering,,
0xa160cdab225685da1d56aa342ad8841c3b53f291,0x41a28335c5075c81502a97cebad597f28728a815,internal_eth,0.0605,0x518e8f10a7f406b20c92c6d1fdf63acc6f01d6c6b2fdda0e169829c56903495f,1590871858,candidate_layering,,
0xa160cdab225685da1d56aa342ad8841c3b53f291,0x0436086baa9e32fb936ce130d5d1e94306fefa88,internal_eth,99.9395,0xb66b86cdfc22cecc12b63c9e48268e1e0270d40ab973994d8ff7a4a9db710afe,1590871897,candidate_layering,,
0xa160cdab225685da1d56aa342ad8841c3b53f291,0x41a28335c5075c81502a97cebad597f28728a815,internal_eth,0.0605,0xb66b86cdfc22cecc12b63c9e48268e1e0270d40ab973994d8ff7a4a9db710afe,1590871897,candidate_layering,,
0xa160cdab225685da1d56aa342ad8841c3b53f291,0x0436086baa9e32fb936ce130d5d1e94306fefa88,internal_eth,99.93984999999999,0xb10d2eab723e37964bb3f45075a96f934366e54d31b4ce9e356c818b71686efa,1590871960,candidate_layering,,
0xa160cdab225685da1d56aa342ad8841c3b53f291,0x41a28335c5075c81502a97cebad597f28728a815,internal_eth,0.06015,0xb10d2eab723e37964bb3f45075a96f934366e54d31b4ce9e356c818b71686efa,1590871960,candidate_layering,,
0xa160cdab225685da1d56aa342ad8841c3b53f291,0xaf28e8df6b57b9bbd06ce0ac6e8186208b384849,internal_eth,99.9394,0xe4f148f104dbaaa005ed9ce19476bd8bf7b976c9ac6e8b035886b540ec59f91c,1590877318,candidate_layering,,
0xa160cdab225685da1d56aa342ad8841c3b53f291,0x7d3bb46c78b0c4949639ce34896bfd875b97ad08,internal_eth,0.0606,0xe4f148f104dbaaa005ed9ce19476bd8bf7b976c9ac6e8b035886b540ec59f91c,1590877318,candidate_layering,,
0xa160cdab225685da1d56aa342ad8841c3b53f291,0x2f2d093e9bbd092f507c5b41d88a831b207a6239,internal_eth,99.9394,0x0a0da8c1f284e23c217e72ca30c258f4473c3deaa5706ee57c5293ccc38f728a,1590915949,candidate_layering,,
0xa160cdab225685da1d56aa342ad8841c3b53f291,0x7d3bb46c78b0c4949639ce34896bfd875b97ad08,internal_eth,0.0606,0x0a0da8c1f284e23c217e72ca30c258f4473c3deaa5706ee57c5293ccc38f728a,1590915949,candidate_layering,,
0xa160cdab225685da1d56aa342ad8841c3b53f291,0x42dbf634c256acd17beddc1330488f1bea7b8bdf,internal_eth,99.9409,0xced337b6a72d07cfe6edc5f57901c4ba02a3cba43632176cbd841b58f8e19167,1590969030,candidate_layering,,
0xa160cdab225685da1d56aa342ad8841c3b53f291,0x7d3bb46c78b0c4949639ce34896bfd875b97ad08,internal_eth,0.0591,0xced337b6a72d07cfe6edc5f57901c4ba02a3cba43632176cbd841b58f8e19167,1590969030,candidate_layering,,
0xa160cdab225685da1d56aa342ad8841c3b53f291,0x24937ca0ec96e3346fc982589a837aa21d2e07fa,internal_eth,99.936,0x83bafbdc0e70786341fb5e5374621c626b34670cf1d3e669f9a1a59c04f7d35a,1591122684,candidate_layering,,
0xa160cdab225685da1d56aa342ad8841c3b53f291,0x41a28335c5075c81502a97cebad597f28728a815,internal_eth,0.064,0x83bafbdc0e70786341fb5e5374621c626b34670cf1d3e669f9a1a59c04f7d35a,1591122684,candidate_layering,,
0xa160cdab225685da1d56aa342ad8841c3b53f291,0x14ca50ace9e7c4654b9386a0890d77b443669e82,internal_eth,99.9409,0xb5ccda6a6c3c0136bf69a27c3531e3df918d2ebad7dccc06af358d5a7d29fc09,1591154631,candidate_layering,,
0xa160cdab225685da1d56aa342ad8841c3b53f291,0x1f2be440a818b3b87069af6ec20528c6dbec429b,internal_eth,0.0591,0xb5ccda6a6c3c0136bf69a27c3531e3df918d2ebad7dccc06af358d5a7d29fc09,1591154631,candidate_layering,,
0xa160cdab225685da1d56aa342ad8841c3b53f291,0x14ca50ace9e7c4654b9386a0890d77b443669e82,internal_eth,99.9405,0x105c0fd5adefd43b796eb38b63e0e8325cffa9dab56a0e6f79a997ebffed5951,1591154749,candidate_layering,,
0xa160cdab225685da1d56aa342ad8841c3b53f291,0x1f2be440a818b3b87069af6ec20528c6dbec429b,internal_eth,0.0595,0x105c0fd5adefd43b796eb38b63e0e8325cffa9dab56a0e6f79a997ebffed5951,1591154749,candidate_layering,,
0xa160cdab225685da1d56aa342ad8841c3b53f291,0x14ca50ace9e7c4654b9386a0890d77b443669e82,internal_eth,99.9405,0x82aabf3801e2f6a1159e880713973d45ace6f20e069eb2cb3692c7b69ad1da94,1591154851,candidate_layering,,
0xa160cdab225685da1d56aa342ad8841c3b53f291,0x1f2be440a818b3b87069af6ec20528c6dbec429b,internal_eth,0.0595,0x82aabf3801e2f6a1159e880713973d45ace6f20e069eb2cb3692c7b69ad1da94,1591154851,candidate_layering,,
0xa160cdab225685da1d56aa342ad8841c3b53f291,0x4dce329ca77a671849531e978ef69fae39973087,internal_eth,99.9409,0x09ec7cd5c841e2e2260df4aa439a94801f66b6b12963cd2c97ad5af13fad00e3,1591155038,candidate_layering,,
0xa160cdab225685da1d56aa342ad8841c3b53f291,0x1f2be440a818b3b87069af6ec20528c6dbec429b,internal_eth,0.0591,0x09ec7cd5c841e2e2260df4aa439a94801f66b6b12963cd2c97ad5af13fad00e3,1591155038,candidate_layering,,
0xa160cdab225685da1d56aa342ad8841c3b53f291,0xfca2405dfd3edc912d67a37eedf9c19549459717,internal_eth,99.9405,0xf4019e1979ade0a905ddb166e1adf600fc0d2411d678807127c8a3f9c7a90b2f,1591155376,candidate_layering,,
0xa160cdab225685da1d56aa342ad8841c3b53f291,0x1f2be440a818b3b87069af6ec20528c6dbec429b,internal_eth,0.0595,0xf4019e1979ade0a905ddb166e1adf600fc0d2411d678807127c8a3f9c7a90b2f,1591155376,candidate_layering,,
0xa160cdab225685da1d56aa342ad8841c3b53f291,0x50df3217c9f4dd237f802023157b6313ceaca73a,internal_eth,99.9369,0x778adfa00f0ee5271f48c12aee53e5dede463a623f11953ec4dfbcf04301bec3,1591263428,candidate_layering,,
0xa160cdab225685da1d56aa342ad8841c3b53f291,0xfa1c9d758af489a1055586de4d5f42ec2db91522,internal_eth,0.0631,0x778adfa00f0ee5271f48c12aee53e5dede463a623f11953ec4dfbcf04301bec3,1591263428,candidate_layering,,
0xa160cdab225685da1d56aa342ad8841c3b53f291,0x1150100ba6c0c0f3299df914c805f2727a3813a7,internal_eth,99.936,0x691ec769baa5d245a0a6b96a0cd6c25c0fc0b57d7e0050f0f95a6cfb2f4fc3a5,1591263574,candidate_layering,,
0xa160cdab225685da1d56aa342ad8841c3b53f291,0xfa1c9d758af489a1055586de4d5f42ec2db91522,internal_eth,0.064,0x691ec769baa5d245a0a6b96a0cd6c25c0fc0b57d7e0050f0f95a6cfb2f4fc3a5,1591263574,candidate_layering,,
0xa160cdab225685da1d56aa342ad8841c3b53f291,0x41e1f8e54c07de036720580a1a179343f90089f8,internal_eth,99.9359,0x33badd1ff15de6c57e80c536ef9a6773ee92c6eab84e6a2a12717a4937369cef,1591263802,candidate_layering,,
0xa160cdab225685da1d56aa342ad8841c3b53f291,0xfa1c9d758af489a1055586de4d5f42ec2db91522,internal_eth,0.0641,0x33badd1ff15de6c57e80c536ef9a6773ee92c6eab84e6a2a12717a4937369cef,1591263802,candidate_layering,,
0xa160cdab225685da1d56aa342ad8841c3b53f291,0x6f416cc5b01267571099e8e37519fc897b6c2959,internal_eth,99.9359,0x7992d01b13b0441e4012c2d598cc28e6301c17e839699c5d10132c8fc88198ba,1591264078,candidate_layering,,
0xa160cdab225685da1d56aa342ad8841c3b53f291,0xfa1c9d758af489a1055586de4d5f42ec2db91522,internal_eth,0.0641,0x7992d01b13b0441e4012c2d598cc28e6301c17e839699c5d10132c8fc88198ba,1591264078,candidate_layering,,
0xa160cdab225685da1d56aa342ad8841c3b53f291,0x06c588c32a899382f4287c471f39e19c0d736576,internal_eth,99.9354,0xbc3d36e42861cc7a79e6a2fc6d281bd2cae1ad993525b239ae357474bdabc679,1591264326,candidate_layering,,
0xa160cdab225685da1d56aa342ad8841c3b53f291,0xfa1c9d758af489a1055586de4d5f42ec2db91522,internal_eth,0.0646,0xbc3d36e42861cc7a79e6a2fc6d281bd2cae1ad993525b239ae357474bdabc679,1591264326,candidate_layering,,
0xa160cdab225685da1d56aa342ad8841c3b53f291,0x64f1279239cb0a736931b88b0a836f341650494a,internal_eth,99.9359,0xd8d838aecc789b8d14d41b0e3afc6e0d9c78f41d51806852c612450fc386e10d,1591264574,candidate_layering,,
0xa160cdab225685da1d56aa342ad8841c3b53f291,0xfa1c9d758af489a1055586de4d5f42ec2db91522,internal_eth,0.0641,0xd8d838aecc789b8d14d41b0e3afc6e0d9c78f41d51806852c612450fc386e10d,1591264574,candidate_layering,,
0xa160cdab225685da1d56aa342ad8841c3b53f291,0x473b9ee8e6510552bbd602caf7d07c81a7b36258,internal_eth,99.9365,0xadc293abdb4d791ac9af44f42d51ac35cb84db6306eb5dc285ee5962928fc687,1591419890,candidate_layering,,
0xa160cdab225685da1d56aa342ad8841c3b53f291,0x7d3bb46c78b0c4949639ce34896bfd875b97ad08,internal_eth,0.0635,0xadc293abdb4d791ac9af44f42d51ac35cb84db6306eb5dc285ee5962928fc687,1591419890,candidate_layering,,
0xa160cdab225685da1d56aa342ad8841c3b53f291,0x68301509feec48994b1fc70addf83b02935a6667,internal_eth,99.931,0x74bad27f82acd0f7c7a93f22306f12e50b4c9a195ed99d1f592eafc6c892dcc5,1591517425,candidate_layering,,
0xa160cdab225685da1d56aa342ad8841c3b53f291,0x0b157ac0a65319b0a18aa46b0b0d4497e1074456,internal_eth,0.069,0x74bad27f82acd0f7c7a93f22306f12e50b4c9a195ed99d1f592eafc6c892dcc5,1591517425,candidate_layering,,
0xa160cdab225685da1d56aa342ad8841c3b53f291,0x8f3ca303da8facb0dfb164280c6db82b7769f40e,internal_eth,99.9368499998835,0x530af8d03d3f2021030e1b75f304c4c0abb433deb8356036eb93c7cc64841976,1591579143,candidate_layering,,
0xa160cdab225685da1d56aa342ad8841c3b53f291,0x7d3bb46c78b0c4949639ce34896bfd875b97ad08,internal_eth,0.0631500001165,0x530af8d03d3f2021030e1b75f304c4c0abb433deb8356036eb93c7cc64841976,1591579143,candidate_layering,,
0xa160cdab225685da1d56aa342ad8841c3b53f291,0x4d78f71c4141e23dbeef097c8263876df70d0e96,internal_eth,99.9385,0x2e322e966f514f27f799d810b5b2655c0dcdc4cdcb2bfa507a30b5dfb0da67ff,1591644041,candidate_layering,,
0xa160cdab225685da1d56aa342ad8841c3b53f291,0x0b157ac0a65319b0a18aa46b0b0d4497e1074456,internal_eth,0.0615,0x2e322e966f514f27f799d810b5b2655c0dcdc4cdcb2bfa507a30b5dfb0da67ff,1591644041,candidate_layering,,
0xa160cdab225685da1d56aa342ad8841c3b53f291,0xc095afc9e953a26b390189e3a87bbac353adcb29,internal_eth,100.0,0x04431813ce7cf3abdf097437124cd5b0e5dd0a5ddeba745d5812aa907611b3b4,1591646352,candidate_layering,,
0xa160cdab225685da1d56aa342ad8841c3b53f291,0xc095afc9e953a26b390189e3a87bbac353adcb29,internal_eth,100.0,0x3659e613427533c744bba444635d39d5a8cf18b641926e1eada3e528a6a69ba7,1591646410,candidate_layering,,
0xa160cdab225685da1d56aa342ad8841c3b53f291,0x1a141147c83d5347237e5a39fbe8d357ee8b707f,internal_eth,99.9325,0x1c8ceba0156cc6af45ec660defe49cdc4709c480d3a794cbbf0694d34681277d,1591686351,candidate_layering,,
0xa160cdab225685da1d56aa342ad8841c3b53f291,0x41a28335c5075c81502a97cebad597f28728a815,internal_eth,0.0675,0x1c8ceba0156cc6af45ec660defe49cdc4709c480d3a794cbbf0694d34681277d,1591686351,candidate_layering,,
0xa160cdab225685da1d56aa342ad8841c3b53f291,0x1a141147c83d5347237e5a39fbe8d357ee8b707f,internal_eth,99.9325,0x84aabf5ebb25fbe1c84e9720586b6355db2ada6de82530cea5c91edb37c56f4b,1591686351,candidate_layering,,
0xa160cdab225685da1d56aa342ad8841c3b53f291,0x41a28335c5075c81502a97cebad597f28728a815,internal_eth,0.0675,0x84aabf5ebb25fbe1c84e9720586b6355db2ada6de82530cea5c91edb37c56f4b,1591686351,candidate_layering,,
0xa160cdab225685da1d56aa342ad8841c3b53f291,0xe445428efc7002cee72e2d5c9905679a87ac24ff,internal_eth,99.935,0x381b0c54958cda8b63d44b1a8af654117c22470a02ce9ab96f22e662edad27bb,1591733300,candidate_layering,,
0xa160cdab225685da1d56aa342ad8841c3b53f291,0x7d3bb46c78b0c4949639ce34896bfd875b97ad08,internal_eth,0.065,0x381b0c54958cda8b63d44b1a8af654117c22470a02ce9ab96f22e662edad27bb,1591733300,candidate_layering,,
0xa160cdab225685da1d56aa342ad8841c3b53f291,0xb5ec27c2c1fb3164ff43ee11e9b51a583d9110ad,internal_eth,99.9325,0xb73ddae5df6bedb84dc02e1a9a354b1a0683ec9041523bd672e9d1498b249047,1591970314,candidate_layering,,
0xa160cdab225685da1d56aa342ad8841c3b53f291,0x0b157ac0a65319b0a18aa46b0b0d4497e1074456,internal_eth,0.0675,0xb73ddae5df6bedb84dc02e1a9a354b1a0683ec9041523bd672e9d1498b249047,1591970314,candidate_layering,,
0xa160cdab225685da1d56aa342ad8841c3b53f291,0x343c8d7637df7fd1658294ff27ae64bc908f0a73,internal_eth,99.9385,0xe10642356ef2b012669b39c494ffdc93a2608e179da506ce9e235b1a6dbbbdc9,1591997697,candidate_layering,,
0xa160cdab225685da1d56aa342ad8841c3b53f291,0x41a28335c5075c81502a97cebad597f28728a815,internal_eth,0.0615,0xe10642356ef2b012669b39c494ffdc93a2608e179da506ce9e235b1a6dbbbdc9,1591997697,candidate_layering,,
0xa160cdab225685da1d56aa342ad8841c3b53f291,0x2cd385dbff045f63b9dfee94c2429d5a551fc10a,internal_eth,100.0,0x019bcb3958d177bfe3755c23337df4adf232162e590eb128f25a799b2d59dd57,1592020427,candidate_layering,,
0xa160cdab225685da1d56aa342ad8841c3b53f291,0x2cd385dbff045f63b9dfee94c2429d5a551fc10a,internal_eth,100.0,0x277ede4dcadddfe55e3d76125456f5ce60732a45f2fba5261f3eb0848383d6f4,1592021086,candidate_layering,,
0xa160cdab225685da1d56aa342ad8841c3b53f291,0x9865509886dc2a5e707af21ab56743e64ab1115d,internal_eth,99.935,0xca71f8171bc8d06d0c6c655b254140933d3d27721d9be210d60275373cc23f89,1592057352,candidate_layering,,
0xa160cdab225685da1d56aa342ad8841c3b53f291,0x41a28335c5075c81502a97cebad597f28728a815,internal_eth,0.065,0xca71f8171bc8d06d0c6c655b254140933d3d27721d9be210d60275373cc23f89,1592057352,candidate_layering,,
0xa160cdab225685da1d56aa342ad8841c3b53f291,0xa30f179cfd354e1b7ac49c63fe32447aec535c21,internal_eth,99.9429,0x081fa38d53311202eff698a24de23c069106159801840e7972f33be69633ddb3,1592089382,candidate_layering,,
0xa160cdab225685da1d56aa342ad8841c3b53f291,0x41a28335c5075c81502a97cebad597f28728a815,internal_eth,0.0571,0x081fa38d53311202eff698a24de23c069106159801840e7972f33be69633ddb3,1592089382,candidate_layering,,
0xa160cdab225685da1d56aa342ad8841c3b53f291,0x51120278db9657f073eb126329cd0bc6acd5a64f,internal_eth,99.92,0x86ea9e7d42744d17f43a316e0f5dc74f651803ef30d421a4ca2756c968c80971,1592211383,candidate_layering,,
0xa160cdab225685da1d56aa342ad8841c3b53f291,0x0b157ac0a65319b0a18aa46b0b0d4497e1074456,internal_eth,0.08,0x86ea9e7d42744d17f43a316e0f5dc74f651803ef30d421a4ca2756c968c80971,1592211383,candidate_layering,,
0xa160cdab225685da1d56aa342ad8841c3b53f291,0x734c521bb140cb067267f1e8946a6777e49d7e37,internal_eth,99.931,0xaa830840e338ce6b6c5cb8978b1be144ed3bb6ddc31de893cecf88efd3809849,1592286350,candidate_layering,,
0xa160cdab225685da1d56aa342ad8841c3b53f291,0x0b157ac0a65319b0a18aa46b0b0d4497e1074456,internal_eth,0.069,0xaa830840e338ce6b6c5cb8978b1be144ed3bb6ddc31de893cecf88efd3809849,1592286350,candidate_layering,,
0xa160cdab225685da1d56aa342ad8841c3b53f291,0x97b052c9a4e8705c067ce0c197833bbd496f2612,internal_eth,99.936,0xfb18f37a4ec3e9ef480921074ad7090549acdcd1da72d1f7673c1e5ffb14f23c,1592291569,candidate_layering,,
0xa160cdab225685da1d56aa342ad8841c3b53f291,0x1f2be440a818b3b87069af6ec20528c6dbec429b,internal_eth,0.064,0xfb18f37a4ec3e9ef480921074ad7090549acdcd1da72d1f7673c1e5ffb14f23c,1592291569,candidate_layering,,
0xa160cdab225685da1d56aa342ad8841c3b53f291,0xaaed87c14490380fdbc17a863a4538297a49590c,internal_eth,99.941,0x8d3d474d72cf4c38e9b06a9deac5aa252d061c4ea47f1156b0f7946f15ea03ce,1592336760,candidate_layering,,
0xa160cdab225685da1d56aa342ad8841c3b53f291,0x580e2bd60625f146bc32c75a63dbe0f61810ccda,internal_eth,0.059,0x8d3d474d72cf4c38e9b06a9deac5aa252d061c4ea47f1156b0f7946f15ea03ce,1592336760,candidate_layering,,
0xa160cdab225685da1d56aa342ad8841c3b53f291,0xaaed87c14490380fdbc17a863a4538297a49590c,internal_eth,99.936,0x2bd1c083c3795cf4bc92bfb50dc6f31d09342bf9aa182e985fb7774836c9869a,1592336908,candidate_layering,,
0xa160cdab225685da1d56aa342ad8841c3b53f291,0x41a28335c5075c81502a97cebad597f28728a815,internal_eth,0.064,0x2bd1c083c3795cf4bc92bfb50dc6f31d09342bf9aa182e985fb7774836c9869a,1592336908,candidate_layering,,
0xa160cdab225685da1d56aa342ad8841c3b53f291,0x727581b6fdb3085dcb23ef9151c960ce3c2eb3cd,internal_eth,99.944,0x9ebabc8d9ac530de1f1125c8e5aac02895e32e7d168c56fa2e96214b6323444a,1592605411,candidate_layering,,
0xa160cdab225685da1d56aa342ad8841c3b53f291,0xfa1c9d758af489a1055586de4d5f42ec2db91522,internal_eth,0.056,0x9ebabc8d9ac530de1f1125c8e5aac02895e32e7d168c56fa2e96214b6323444a,1592605411,candidate_layering,,
0xa160cdab225685da1d56aa342ad8841c3b53f291,0xc1a770e343ae70601881ce7e00bbf7916c082656,internal_eth,99.9395,0xac7dabfe3af373634ee3f40ec0d34ae8840187c72a2df9b855a8b433a87360bb,1592858407,candidate_layering,,
0xa160cdab225685da1d56aa342ad8841c3b53f291,0x91299962ece435071129a6f19475cd701ea9eac9,internal_eth,0.0605,0xac7dabfe3af373634ee3f40ec0d34ae8840187c72a2df9b855a8b433a87360bb,1592858407,candidate_layering,,
0xa160cdab225685da1d56aa342ad8841c3b53f291,0xc1a770e343ae70601881ce7e00bbf7916c082656,internal_eth,99.939,0x5b7521c1727050f4e97bb324b80d9f095806f013ab86d81ac53cdc5e989c8e47,1592858445,candidate_layering,,
0xa160cdab225685da1d56aa342ad8841c3b53f291,0x91299962ece435071129a6f19475cd701ea9eac9,internal_eth,0.061,0x5b7521c1727050f4e97bb324b80d9f095806f013ab86d81ac53cdc5e989c8e47,1592858445,candidate_layering,,
0xa160cdab225685da1d56aa342ad8841c3b53f291,0xc1a770e343ae70601881ce7e00bbf7916c082656,internal_eth,99.939,0x57082ae881df64be6770d7a2d58e676c241db45981726f5e6e16b44dbbb5d5bf,1592858495,candidate_layering,,
0xa160cdab225685da1d56aa342ad8841c3b53f291,0x91299962ece435071129a6f19475cd701ea9eac9,internal_eth,0.061,0x57082ae881df64be6770d7a2d58e676c241db45981726f5e6e16b44dbbb5d5bf,1592858495,candidate_layering,,
0xa160cdab225685da1d56aa342ad8841c3b53f291,0xc1a770e343ae70601881ce7e00bbf7916c082656,internal_eth,99.9395,0xc532e37a92649e0fb322dc9a0a0816f17da6febd5190bb001fe0f66772ef165a,1592858506,candidate_layering,,
0xa160cdab225685da1d56aa342ad8841c3b53f291,0x91299962ece435071129a6f19475cd701ea9eac9,internal_eth,0.0605,0xc532e37a92649e0fb322dc9a0a0816f17da6febd5190bb001fe0f66772ef165a,1592858506,candidate_layering,,
0xa160cdab225685da1d56aa342ad8841c3b53f291,0xc1a770e343ae70601881ce7e00bbf7916c082656,internal_eth,99.9395,0x630f9001e737b478b7d72fb301140af8b5f56f141316ec41e3f762b7c08cf22d,1592858541,candidate_layering,,
0xa160cdab225685da1d56aa342ad8841c3b53f291,0x91299962ece435071129a6f19475cd701ea9eac9,internal_eth,0.0605,0x630f9001e737b478b7d72fb301140af8b5f56f141316ec41e3f762b7c08cf22d,1592858541,candidate_layering,,
0xa160cdab225685da1d56aa342ad8841c3b53f291,0xc1a770e343ae70601881ce7e00bbf7916c082656,internal_eth,99.9395,0x487383ace24f94d55943a06858aeb6d5d6f69c17bd078d0a09c168a6df5a021f,1592858590,candidate_layering,,
0xa160cdab225685da1d56aa342ad8841c3b53f291,0x91299962ece435071129a6f19475cd701ea9eac9,internal_eth,0.0605,0x487383ace24f94d55943a06858aeb6d5d6f69c17bd078d0a09c168a6df5a021f,1592858590,candidate_layering,,
0xa160cdab225685da1d56aa342ad8841c3b53f291,0xc1a770e343ae70601881ce7e00bbf7916c082656,internal_eth,99.9395,0x5f711cbc235c91c5ee16bf54ff79e6c9abc542fbcd7ebcbddafdd1b31801e8ed,1592858716,candidate_layering,,
0xa160cdab225685da1d56aa342ad8841c3b53f291,0x91299962ece435071129a6f19475cd701ea9eac9,internal_eth,0.0605,0x5f711cbc235c91c5ee16bf54ff79e6c9abc542fbcd7ebcbddafdd1b31801e8ed,1592858716,candidate_layering,,
0xa160cdab225685da1d56aa342ad8841c3b53f291,0xa05d28227a349cd18adf4121cd70c605e0cbcc7b,internal_eth,99.9355,0x9dc96bda903775da3de35c1c61f3c72d5cdf9a1085703f363269da459a22f1a6,1592870864,candidate_layering,,
0xa160cdab225685da1d56aa342ad8841c3b53f291,0x0b157ac0a65319b0a18aa46b0b0d4497e1074456,internal_eth,0.0645,0x9dc96bda903775da3de35c1c61f3c72d5cdf9a1085703f363269da459a22f1a6,1592870864,candidate_layering,,
0xa160cdab225685da1d56aa342ad8841c3b53f291,0xa4bce756033c95042c5778c565d322d55c3165ee,internal_eth,99.9345,0xed5230ff1c36529884c1cb2db272aad89df646c53c6ce4aeb54e8ac7b4049bc6,1592873825,candidate_layering,,
0xa160cdab225685da1d56aa342ad8841c3b53f291,0x41a28335c5075c81502a97cebad597f28728a815,internal_eth,0.0655,0xed5230ff1c36529884c1cb2db272aad89df646c53c6ce4aeb54e8ac7b4049bc6,1592873825,candidate_layering,,
0xa160cdab225685da1d56aa342ad8841c3b53f291,0x38691fbcb4640e0665095ebe7792f559037c0334,internal_eth,99.9335,0x81770832740038fb02499fab600a4a9b0686f08af7d4fb80483d1fe51960fa82,1592884203,candidate_layering,,
0xa160cdab225685da1d56aa342ad8841c3b53f291,0x580e2bd60625f146bc32c75a63dbe0f61810ccda,internal_eth,0.0665,0x81770832740038fb02499fab600a4a9b0686f08af7d4fb80483d1fe51960fa82,1592884203,candidate_layering,,
0xa160cdab225685da1d56aa342ad8841c3b53f291,0x624ff98976baa1d3e632079cbc673e5eb81862e8,internal_eth,99.929,0x87dcfcbac707b9edcdf6ccb12fc03b1ee86933033c5582d89e669fd14fc9fc45,1592911164,candidate_layering,,
0xa160cdab225685da1d56aa342ad8841c3b53f291,0xbc1aa5ac8e750c28d6020c0ae99619e4c02a5f5a,internal_eth,0.071,0x87dcfcbac707b9edcdf6ccb12fc03b1ee86933033c5582d89e669fd14fc9fc45,1592911164,candidate_layering,,
0xa160cdab225685da1d56aa342ad8841c3b53f291,0xf0fa11a2e720c7fc0cd97fdd4b1d23edfbc10325,internal_eth,99.93,0xba6d8fb7550f06d70905b6034ac7be5871a013b949c5d55cd63de2d220451ce7,1592931134,candidate_layering,,
0xa160cdab225685da1d56aa342ad8841c3b53f291,0x33350f9ffe031ca593442a189b3bc7a1ea05b3c1,internal_eth,0.07,0xba6d8fb7550f06d70905b6034ac7be5871a013b949c5d55cd63de2d220451ce7,1592931134,candidate_layering,,
0xa160cdab225685da1d56aa342ad8841c3b53f291,0x74dc8302c6901862d70683bfbb5c8d1d0e8b3673,internal_eth,99.94,0x52c316a561a4dbaacc9b9091272267db1539e46dcd49a62d6ccabb8066a6548c,1592947633,candidate_layering,,
0xa160cdab225685da1d56aa342ad8841c3b53f291,0xfa1c9d758af489a1055586de4d5f42ec2db91522,internal_eth,0.06,0x52c316a561a4dbaacc9b9091272267db1539e46dcd49a62d6ccabb8066a6548c,1592947633,candidate_layering,,
0xa160cdab225685da1d56aa342ad8841c3b53f291,0x09af2b3f10914617244571eb1b47b3cd46ae2e07,internal_eth,99.9285,0x64b579262c078142b5944db5965abd01eb4acd16af7324917232afb348c6b50e,1592992311,candidate_layering,,
0xa160cdab225685da1d56aa342ad8841c3b53f291,0x7d3bb46c78b0c4949639ce34896bfd875b97ad08,internal_eth,0.0715,0x64b579262c078142b5944db5965abd01eb4acd16af7324917232afb348c6b50e,1592992311,candidate_layering,,
0xa160cdab225685da1d56aa342ad8841c3b53f291,0x3df71df678720133f30cfefd7430f60beabd7e64,internal_eth,99.938,0x4c9bbbd1bd07ef51f63646ff62e44c8ddc8161f8aa11594102429c88dd938cb6,1593026388,candidate_layering,,
0xa160cdab225685da1d56aa342ad8841c3b53f291,0x33350f9ffe031ca593442a189b3bc7a1ea05b3c1,internal_eth,0.062,0x4c9bbbd1bd07ef51f63646ff62e44c8ddc8161f8aa11594102429c88dd938cb6,1593026388,candidate_layering,,
0xa160cdab225685da1d56aa342ad8841c3b53f291,0xb94b6b7493b54fe57af14ffb98fcfc2073049364,internal_eth,100.0,0x2be8e55eac1d3ec5dac0f312f203ea7098d0277818c3251ce0c72fdd71599008,1593034237,candidate_layering,,
0xa160cdab225685da1d56aa342ad8841c3b53f291,0xb94b6b7493b54fe57af14ffb98fcfc2073049364,internal_eth,100.0,0x665b0f5751ee58a21798d9b915465e2923459f3e12574b614e9dc40aca84c7f1,1593034298,candidate_layering,,
0xa160cdab225685da1d56aa342ad8841c3b53f291,0x93971b83e3e22cc01ba97f81d24719f655732ba3,internal_eth,99.9335,0xc244a84aa38fe5e32803369a771debf63da432b8b6dcdd1215f1bcbe4ae454aa,1593107540,candidate_layering,,
0xa160cdab225685da1d56aa342ad8841c3b53f291,0x7d3bb46c78b0c4949639ce34896bfd875b97ad08,internal_eth,0.0665,0xc244a84aa38fe5e32803369a771debf63da432b8b6dcdd1215f1bcbe4ae454aa,1593107540,candidate_layering,,
0xa160cdab225685da1d56aa342ad8841c3b53f291,0x593bee367080581ab3fd25907cd5a7cd937f1c0e,internal_eth,99.937,0xb1d429e047dd2f914b0a45d87a16e9159e1330f01eb24cb59c9f5c5ec424a655,1593121896,candidate_layering,,
0xa160cdab225685da1d56aa342ad8841c3b53f291,0x7d3bb46c78b0c4949639ce34896bfd875b97ad08,internal_eth,0.063,0xb1d429e047dd2f914b0a45d87a16e9159e1330f01eb24cb59c9f5c5ec424a655,1593121896,candidate_layering,,
0xa160cdab225685da1d56aa342ad8841c3b53f291,0xe3c9e09e49f75d7ec947484abf74579ea5aa0e18,internal_eth,99.93,0x2c27d9407c98cbef49a1cf8a7762d083d843b71ed579dbbb159a225af8162f5c,1593193222,candidate_layering,,
0xa160cdab225685da1d56aa342ad8841c3b53f291,0x0b157ac0a65319b0a18aa46b0b0d4497e1074456,internal_eth,0.07,0x2c27d9407c98cbef49a1cf8a7762d083d843b71ed579dbbb159a225af8162f5c,1593193222,candidate_layering,,
0xa160cdab225685da1d56aa342ad8841c3b53f291,0xe3c9e09e49f75d7ec947484abf74579ea5aa0e18,internal_eth,99.929,0x8c9f187bdb54b8d8e3da9efb77c0839fd356d1f9baa8c06363e1009b2b152b80,1593193600,candidate_layering,,
0xa160cdab225685da1d56aa342ad8841c3b53f291,0x0b157ac0a65319b0a18aa46b0b0d4497e1074456,internal_eth,0.071,0x8c9f187bdb54b8d8e3da9efb77c0839fd356d1f9baa8c06363e1009b2b152b80,1593193600,candidate_layering,,
0xa160cdab225685da1d56aa342ad8841c3b53f291,0x9217b8d0e7e831cbf2366476ad1c09204f4772f0,internal_eth,99.9375,0x7e93d38d413ef98f96a332090c4c6be603e1c3059657f5ea50e314ee934a400e,1593197852,candidate_layering,,
0xa160cdab225685da1d56aa342ad8841c3b53f291,0x52faf2849177c43595341bf7a097f27be4a5ea20,internal_eth,0.0625,0x7e93d38d413ef98f96a332090c4c6be603e1c3059657f5ea50e314ee934a400e,1593197852,candidate_layering,,
0xa160cdab225685da1d56aa342ad8841c3b53f291,0x78bb272c79badd1caf359c6d0418ba4d17798075,internal_eth,99.9365,0xaa71828466fca8ee76ae878f6c987bfdb46b580f7a22d8d430e2e0ad64aec0b9,1593227216,candidate_layering,,
0xa160cdab225685da1d56aa342ad8841c3b53f291,0x41a28335c5075c81502a97cebad597f28728a815,internal_eth,0.0635,0xaa71828466fca8ee76ae878f6c987bfdb46b580f7a22d8d430e2e0ad64aec0b9,1593227216,candidate_layering,,
0xa160cdab225685da1d56aa342ad8841c3b53f291,0x40d2ce4c14f04bd91c59c6a1cd6e28f2a0fc81f8,internal_eth,100.0,0x12cd207bed5d9a79a0263fd77d5e24bad49069adc6c2274a9ca25832d46f454b,1593314821,candidate_layering,,
0xa160cdab225685da1d56aa342ad8841c3b53f291,0xa9b4def137b37a4c0d4487e65232c5bb0c42d363,internal_eth,99.938,0x8e07566c7caec8e0d2769ab15afb66e474ba267f0ccdeba7a160949e160b8ad7,1593383403,candidate_layering,,
0xa160cdab225685da1d56aa342ad8841c3b53f291,0x7d3bb46c78b0c4949639ce34896bfd875b97ad08,internal_eth,0.062,0x8e07566c7caec8e0d2769ab15afb66e474ba267f0ccdeba7a160949e160b8ad7,1593383403,candidate_layering,,
0xa160cdab225685da1d56aa342ad8841c3b53f291,0x2cd385dbff045f63b9dfee94c2429d5a551fc10a,internal_eth,100.0,0xa8ea182512557eb103ccada4f016074de91ef1d35b20c72800512663ca9da703,1593411607,candidate_layering,,
0xa160cdab225685da1d56aa342ad8841c3b53f291,0xc83e7cba163dd5c08e89e5fef2a92d660a1637db,internal_eth,99.934,0x3f59b59e45b78ad94f4937cfb3832054e624111e6c499b5e9c146f970d0a0702,1593459478,candidate_layering,,
0xa160cdab225685da1d56aa342ad8841c3b53f291,0x7d3bb46c78b0c4949639ce34896bfd875b97ad08,internal_eth,0.066,0x3f59b59e45b78ad94f4937cfb3832054e624111e6c499b5e9c146f970d0a0702,1593459478,candidate_layering,,
0xa160cdab225685da1d56aa342ad8841c3b53f291,0xf572e6e1f43fbee0ce9953e867a43a73ba7c0020,internal_eth,99.9365,0x8b07dce0864cb1be4491c8244d878259e753141a86b9bcc747994ecfc5f3f343,1593470171,candidate_layering,,
0xa160cdab225685da1d56aa342ad8841c3b53f291,0x0b157ac0a65319b0a18aa46b0b0d4497e1074456,internal_eth,0.0635,0x8b07dce0864cb1be4491c8244d878259e753141a86b9bcc747994ecfc5f3f343,1593470171,candidate_layering,,
0xa160cdab225685da1d56aa342ad8841c3b53f291,0x4a07f7d8cf6b0a53086664c2e431601496266fb3,internal_eth,99.9235,0x34ba626bc559b142d6f40ca490866bf05f721ffb6a6ae70c34f0e02d9775ea36,1593627106,candidate_layering,,
0xa160cdab225685da1d56aa342ad8841c3b53f291,0x41a28335c5075c81502a97cebad597f28728a815,internal_eth,0.0765,0x34ba626bc559b142d6f40ca490866bf05f721ffb6a6ae70c34f0e02d9775ea36,1593627106,candidate_layering,,
0xa160cdab225685da1d56aa342ad8841c3b53f291,0x21b70ef84e18b03d5e289cc0db416aae1ddfb22b,internal_eth,99.931,0xf2be394dc134da512d992f2a9ab75d0755adc8612de172f800f2a9cd00324576,1593684722,candidate_layering,,
0xa160cdab225685da1d56aa342ad8841c3b53f291,0x7d3bb46c78b0c4949639ce34896bfd875b97ad08,internal_eth,0.069,0xf2be394dc134da512d992f2a9ab75d0755adc8612de172f800f2a9cd00324576,1593684722,candidate_layering,,
0xa160cdab225685da1d56aa342ad8841c3b53f291,0x21b70ef84e18b03d5e289cc0db416aae1ddfb22b,internal_eth,99.9305,0xbdf30d44ba3c43850fe5b9f090e57b880b18e0823dd1d1ba4ec37289181b747d,1593684946,candidate_layering,,
0xa160cdab225685da1d56aa342ad8841c3b53f291,0x0b157ac0a65319b0a18aa46b0b0d4497e1074456,internal_eth,0.0695,0xbdf30d44ba3c43850fe5b9f090e57b880b18e0823dd1d1ba4ec37289181b747d,1593684946,candidate_layering,,
0xa160cdab225685da1d56aa342ad8841c3b53f291,0x21b70ef84e18b03d5e289cc0db416aae1ddfb22b,internal_eth,99.9305,0xee14c43644fcdd6f5db87c2f94154d772cf73ca021366468c8c1bbd4a6d366a3,1593685163,candidate_layering,,
0xa160cdab225685da1d56aa342ad8841c3b53f291,0x41a28335c5075c81502a97cebad597f28728a815,internal_eth,0.0695,0xee14c43644fcdd6f5db87c2f94154d772cf73ca021366468c8c1bbd4a6d366a3,1593685163,candidate_layering,,
0xa160cdab225685da1d56aa342ad8841c3b53f291,0x9f358cff325066d7cd5df9b91c343c635274f5fd,internal_eth,99.93,0x5f863ded4ac679e4075ef59097067e96182e20ce0479390d0a5613fd10443498,1593747195,candidate_layering,,
0xa160cdab225685da1d56aa342ad8841c3b53f291,0x7d3bb46c78b0c4949639ce34896bfd875b97ad08,internal_eth,0.07,0x5f863ded4ac679e4075ef59097067e96182e20ce0479390d0a5613fd10443498,1593747195,candidate_layering,,
0xa160cdab225685da1d56aa342ad8841c3b53f291,0x9f358cff325066d7cd5df9b91c343c635274f5fd,internal_eth,99.929,0x9e5e47eded0d5d29f957bf99e411b0046e3a62bdd6c438644067fc93b7e5299b,1593747987,candidate_layering,,
0xa160cdab225685da1d56aa342ad8841c3b53f291,0x41a28335c5075c81502a97cebad597f28728a815,internal_eth,0.071,0x9e5e47eded0d5d29f957bf99e411b0046e3a62bdd6c438644067fc93b7e5299b,1593747987,candidate_layering,,
0xa160cdab225685da1d56aa342ad8841c3b53f291,0xfba8d667171283d1255af8640102c4592b3823b4,internal_eth,99.927,0xcb550d2834098184f44f10ab29cc3b00b54d7970683f34a7b60bc38d3fffade2,1593760485,candidate_layering,,
0xa160cdab225685da1d56aa342ad8841c3b53f291,0x7d3bb46c78b0c4949639ce34896bfd875b97ad08,internal_eth,0.073,0xcb550d2834098184f44f10ab29cc3b00b54d7970683f34a7b60bc38d3fffade2,1593760485,candidate_layering,,
0xa160cdab225685da1d56aa342ad8841c3b53f291,0x7b94fc42288cad9023bce7b33e241b5fb0de4b6e,internal_eth,99.9265,0xb0a3e037e2360937f06d80208cb846443532b4ce27254d35390116f5d30d7d2c,1593762187,candidate_layering,,
0xa160cdab225685da1d56aa342ad8841c3b53f291,0x7d3bb46c78b0c4949639ce34896bfd875b97ad08,internal_eth,0.0735,0xb0a3e037e2360937f06d80208cb846443532b4ce27254d35390116f5d30d7d2c,1593762187,candidate_layering,,
0xa160cdab225685da1d56aa342ad8841c3b53f291,0x23b11ff67c2193b97cb37771d15a537b977d2278,internal_eth,100.0,0x6685538dbbba141891013010bc4932f49f9792897ede471d6df8f7b2ff3cdf4b,1593786989,candidate_layering,,
0xa160cdab225685da1d56aa342ad8841c3b53f291,0x42dbf634c256acd17beddc1330488f1bea7b8bdf,internal_eth,100.0,0x49679320e41df0656fe7cc5664c24b774de0fa45cf4bf3676e83ae48682e0abd,1593831579,candidate_layering,,
0xa160cdab225685da1d56aa342ad8841c3b53f291,0x42dbf634c256acd17beddc1330488f1bea7b8bdf,internal_eth,100.0,0xf8415ff78ece15311a5aa5c4b843488fd5895359363fc57fc1567f521c18f4ff,1593831731,candidate_layering,,
0xa160cdab225685da1d56aa342ad8841c3b53f291,0x42dbf634c256acd17beddc1330488f1bea7b8bdf,internal_eth,99.936,0x5c403de67d2cb664fcd44eeed704fdc52a94fa67092e1b5368a7ba529c2f1f7f,1593831747,candidate_layering,,
0xa160cdab225685da1d56aa342ad8841c3b53f291,0x0b157ac0a65319b0a18aa46b0b0d4497e1074456,internal_eth,0.064,0x5c403de67d2cb664fcd44eeed704fdc52a94fa67092e1b5368a7ba529c2f1f7f,1593831747,candidate_layering,,
0xa160cdab225685da1d56aa342ad8841c3b53f291,0x42dbf634c256acd17beddc1330488f1bea7b8bdf,internal_eth,100.0,0x6201c2e76f48197be4b0a50b751a66b776cda4a666fe51be9c6ea41bbd83dd2b,1593831801,candidate_layering,,
0xa160cdab225685da1d56aa342ad8841c3b53f291,0x2da9ce75f69f041f9be09ee6af123ec3d366c6f6,internal_eth,99.9355,0x7ec17f8d1bbf5f2be66034cdde810a0c4ecda066c7d29c4e4badf35633ccf31f,1593845559,candidate_layering,,
0xa160cdab225685da1d56aa342ad8841c3b53f291,0x0b157ac0a65319b0a18aa46b0b0d4497e1074456,internal_eth,0.0645,0x7ec17f8d1bbf5f2be66034cdde810a0c4ecda066c7d29c4e4badf35633ccf31f,1593845559,candidate_layering,,
0xa160cdab225685da1d56aa342ad8841c3b53f291,0x40d2ce4c14f04bd91c59c6a1cd6e28f2a0fc81f8,internal_eth,100.0,0x0e33430606085abc80690049a53328fe1205c7c54d2f15a08edc83dbabcd72ab,1593919728,candidate_layering,,
0xa160cdab225685da1d56aa342ad8841c3b53f291,0x66c49677f14a9a1edd135f807e536912aba43de4,internal_eth,99.9375,0x90b01a84d09072594109dcce4949bff54688feccf432ceb5ba9e8093d28003d1,1593928109,candidate_layering,,
0xa160cdab225685da1d56aa342ad8841c3b53f291,0x7d3bb46c78b0c4949639ce34896bfd875b97ad08,internal_eth,0.0625,0x90b01a84d09072594109dcce4949bff54688feccf432ceb5ba9e8093d28003d1,1593928109,candidate_layering,,
0xa160cdab225685da1d56aa342ad8841c3b53f291,0xd4ca3a2f1046b845aad5fe16211fd1686421e175,internal_eth,99.94015,0x7ced69100a3b774bd78ab6f982ae68b05fca560174660881a23d10eba59120cb,1593942354,candidate_layering,,
0xa160cdab225685da1d56aa342ad8841c3b53f291,0x4ef827a020cbed3b0d43392cee64cd83a1db3079,internal_eth,0.05985,0x7ced69100a3b774bd78ab6f982ae68b05fca560174660881a23d10eba59120cb,1593942354,candidate_layering,,
0xa160cdab225685da1d56aa342ad8841c3b53f291,0xb78741a2205f6736945ebc62226c2c2d0a91d4fd,internal_eth,99.932,0x39ec0d9a6757c01c2d64a0dc0bb8aecd7a66c83ee54019140709bfe2da181f97,1593946876,candidate_layering,,
0xa160cdab225685da1d56aa342ad8841c3b53f291,0x7d3bb46c78b0c4949639ce34896bfd875b97ad08,internal_eth,0.068,0x39ec0d9a6757c01c2d64a0dc0bb8aecd7a66c83ee54019140709bfe2da181f97,1593946876,candidate_layering,,
0xa160cdab225685da1d56aa342ad8841c3b53f291,0x3df71df678720133f30cfefd7430f60beabd7e64,internal_eth,99.9395,0x9ace46a03d30c738700a3ec256ae94e4d181acd662da8601b4af1c8e5e5d563b,1593963053,candidate_layering,,
0xa160cdab225685da1d56aa342ad8841c3b53f291,0x082a17a3e4d1e744ee31f739f33b7352372b1b36,internal_eth,0.0605,0x9ace46a03d30c738700a3ec256ae94e4d181acd662da8601b4af1c8e5e5d563b,1593963053,candidate_layering,,
0xa160cdab225685da1d56aa342ad8841c3b53f291,0xe195cc1f8e9ac3aad4551cdbcca642b1bef9318e,internal_eth,99.9385,0x69f50a373b4b4a45e02f5e8be8ade6cd74dfbd1cc267c34fff874e094a1a3c00,1594001581,candidate_layering,,
0xa160cdab225685da1d56aa342ad8841c3b53f291,0x41a28335c5075c81502a97cebad597f28728a815,internal_eth,0.0615,0x69f50a373b4b4a45e02f5e8be8ade6cd74dfbd1cc267c34fff874e094a1a3c00,1594001581,candidate_layering,,
0xa160cdab225685da1d56aa342ad8841c3b53f291,0x3c71cf9b6335cf604767d3a07fc19664ce7a9052,internal_eth,99.925,0x0d322a5003e2fa1e715b02b127d83e811ae1a075def90953ad66286753d3ffe4,1594051808,candidate_layering,,
0xa160cdab225685da1d56aa342ad8841c3b53f291,0x0b157ac0a65319b0a18aa46b0b0d4497e1074456,internal_eth,0.075,0x0d322a5003e2fa1e715b02b127d83e811ae1a075def90953ad66286753d3ffe4,1594051808,candidate_layering,,
0xa160cdab225685da1d56aa342ad8841c3b53f291,0x3a7fcdc1fa3cc36827822d13e63f2a3f424ae5c0,internal_eth,99.9245,0xf2430fd26b191842b779e387a1e2612ca76d84e765c08850ed986637626345dd,1594052060,candidate_layering,,
0xa160cdab225685da1d56aa342ad8841c3b53f291,0x41a28335c5075c81502a97cebad597f28728a815,internal_eth,0.0755,0xf2430fd26b191842b779e387a1e2612ca76d84e765c08850ed986637626345dd,1594052060,candidate_layering,,
0xa160cdab225685da1d56aa342ad8841c3b53f291,0xcf14a437b0ced9cac2cecadc88a3775a46ef98ea,internal_eth,99.9355,0x8b89f11bb01bc2410929b6e07b537ba06460aff766717810d9c7733d2329460e,1594065430,candidate_layering,,
0xa160cdab225685da1d56aa342ad8841c3b53f291,0x0b157ac0a65319b0a18aa46b0b0d4497e1074456,internal_eth,0.0645,0x8b89f11bb01bc2410929b6e07b537ba06460aff766717810d9c7733d2329460e,1594065430,candidate_layering,,
0xa160cdab225685da1d56aa342ad8841c3b53f291,0xf572e6e1f43fbee0ce9953e867a43a73ba7c0020,internal_eth,99.9365,0x6979a72fc06f60c1085560013ee2873b910a6f1d8a69c8ae18adc0ee6904c916,1594072649,candidate_layering,,
0xa160cdab225685da1d56aa342ad8841c3b53f291,0x0b157ac0a65319b0a18aa46b0b0d4497e1074456,internal_eth,0.0635,0x6979a72fc06f60c1085560013ee2873b910a6f1d8a69c8ae18adc0ee6904c916,1594072649,candidate_layering,,
0xa160cdab225685da1d56aa342ad8841c3b53f291,0x9cc6941152e43489823deed6506c809c6d04d504,internal_eth,99.9405,0xa49522a88ee847071e2d38a2b0a90e6b78b15506fcdb0962f7647daa30e7233f,1594091644,candidate_layering,,
0xa160cdab225685da1d56aa342ad8841c3b53f291,0x082a17a3e4d1e744ee31f739f33b7352372b1b36,internal_eth,0.0595,0xa49522a88ee847071e2d38a2b0a90e6b78b15506fcdb0962f7647daa30e7233f,1594091644,candidate_layering,,
0xa160cdab225685da1d56aa342ad8841c3b53f291,0x41e1f8e54c07de036720580a1a179343f90089f8,internal_eth,99.9245,0xcf375b4cc84d8b3ed9f91d7dd3cc4dd88de9a7aaa08f61cb2e2106bf8520fefa,1594139359,candidate_layering,,
0xa160cdab225685da1d56aa342ad8841c3b53f291,0x41a28335c5075c81502a97cebad597f28728a815,internal_eth,0.0755,0xcf375b4cc84d8b3ed9f91d7dd3cc4dd88de9a7aaa08f61cb2e2106bf8520fefa,1594139359,candidate_layering,,
0xa160cdab225685da1d56aa342ad8841c3b53f291,0x6ee40d2da63f7f185cc3654af1af8668e571ecb9,internal_eth,99.936,0x7f22ff55ff759569d119060b7063ca31e0f2a9a5871abe8192747353407209cb,1594152808,candidate_layering,,
0xa160cdab225685da1d56aa342ad8841c3b53f291,0x7d3bb46c78b0c4949639ce34896bfd875b97ad08,internal_eth,0.064,0x7f22ff55ff759569d119060b7063ca31e0f2a9a5871abe8192747353407209cb,1594152808,candidate_layering,,
0xa160cdab225685da1d56aa342ad8841c3b53f291,0xead732c87c07f0591a7b2c1db59e5fb1b509b2eb,internal_eth,99.9145,0x0be04b3c879cab46bbc25007ad2f358541fec34ec44b943c1bcadba4913e21f5,1594211177,candidate_layering,,
0xa160cdab225685da1d56aa342ad8841c3b53f291,0x0b157ac0a65319b0a18aa46b0b0d4497e1074456,internal_eth,0.0855,0x0be04b3c879cab46bbc25007ad2f358541fec34ec44b943c1bcadba4913e21f5,1594211177,candidate_layering,,
0xa160cdab225685da1d56aa342ad8841c3b53f291,0x23480df691dbf7c62e967952bbf2067c18cc2f16,internal_eth,99.9355,0x887751f226338ee3941ce6f3d338eb58cba812f71521ac9e2875932013b0fab8,1594237066,candidate_layering,,
0xa160cdab225685da1d56aa342ad8841c3b53f291,0x082a17a3e4d1e744ee31f739f33b7352372b1b36,internal_eth,0.0645,0x887751f226338ee3941ce6f3d338eb58cba812f71521ac9e2875932013b0fab8,1594237066,candidate_layering,,
0xa160cdab225685da1d56aa342ad8841c3b53f291,0x510b10184853d3999ab01cbce24eebf4e406829a,internal_eth,99.9315,0x3eae36d1c2358beb37cd071331e1ea4e60bbce4c155144f8b016a3f1e307ec18,1594265708,candidate_layering,,
0xa160cdab225685da1d56aa342ad8841c3b53f291,0x0b157ac0a65319b0a18aa46b0b0d4497e1074456,internal_eth,0.0685,0x3eae36d1c2358beb37cd071331e1ea4e60bbce4c155144f8b016a3f1e307ec18,1594265708,candidate_layering,,
0xa160cdab225685da1d56aa342ad8841c3b53f291,0x47e1a75dc7b40939bbdf222bfdd2a81fdb4fad14,internal_eth,99.9305,0x448323945f93b75ced9bb9329e555ceae9f428409014ba91dadb1d70d40fc6f0,1594275080,candidate_layering,,
0xa160cdab225685da1d56aa342ad8841c3b53f291,0x7d3bb46c78b0c4949639ce34896bfd875b97ad08,internal_eth,0.0695,0x448323945f93b75ced9bb9329e555ceae9f428409014ba91dadb1d70d40fc6f0,1594275080,candidate_layering,,
0xa160cdab225685da1d56aa342ad8841c3b53f291,0x5df780b28efe3395e632c36785abcf1f27696838,internal_eth,99.9285,0x0dcde9fe7b0a36575e8ef61e3f1883c10c65622c6cee39632c0f0f6306721f83,1594389050,candidate_layering,,
0xa160cdab225685da1d56aa342ad8841c3b53f291,0x0b157ac0a65319b0a18aa46b0b0d4497e1074456,internal_eth,0.0715,0x0dcde9fe7b0a36575e8ef61e3f1883c10c65622c6cee39632c0f0f6306721f83,1594389050,candidate_layering,,
0xa160cdab225685da1d56aa342ad8841c3b53f291,0x2714a145aa75b55dbd6e7448eb59c0acbacdc627,internal_eth,99.9295,0x8efce911302d43015b20806764189372321fee00b4d9507af44e9120c209cde1,1594396596,candidate_layering,,
0xa160cdab225685da1d56aa342ad8841c3b53f291,0x41a28335c5075c81502a97cebad597f28728a815,internal_eth,0.0705,0x8efce911302d43015b20806764189372321fee00b4d9507af44e9120c209cde1,1594396596,candidate_layering,,
0xa160cdab225685da1d56aa342ad8841c3b53f291,0x2714a145aa75b55dbd6e7448eb59c0acbacdc627,internal_eth,99.929,0x22c4f9402130f818096b2ca891421e987fab4f88f0346ef6054c2a5e6def1615,1594397188,candidate_layering,,
0xa160cdab225685da1d56aa342ad8841c3b53f291,0x41a28335c5075c81502a97cebad597f28728a815,internal_eth,0.071,0x22c4f9402130f818096b2ca891421e987fab4f88f0346ef6054c2a5e6def1615,1594397188,candidate_layering,,
0xa160cdab225685da1d56aa342ad8841c3b53f291,0xb5979bacb8305765d6aacd9cec67098b883657d7,internal_eth,99.933,0xe33d1503b3d0dfa30745c4c942b4d86519dacdf30b608e507f6c65ce2eb9c766,1594468681,candidate_layering,,
0xa160cdab225685da1d56aa342ad8841c3b53f291,0x7d3bb46c78b0c4949639ce34896bfd875b97ad08,internal_eth,0.067,0xe33d1503b3d0dfa30745c4c942b4d86519dacdf30b608e507f6c65ce2eb9c766,1594468681,candidate_layering,,
0xa160cdab225685da1d56aa342ad8841c3b53f291,0x26445ffc935376abde8daa44921aa2ff2c19ad1a,internal_eth,99.931,0xe919c328d2cc1b4661477ed676890392d6a41d490e794abd4481617816be100f,1594563132,candidate_layering,,
0xa160cdab225685da1d56aa342ad8841c3b53f291,0x0b157ac0a65319b0a18aa46b0b0d4497e1074456,internal_eth,0.069,0xe919c328d2cc1b4661477ed676890392d6a41d490e794abd4481617816be100f,1594563132,candidate_layering,,
0xa160cdab225685da1d56aa342ad8841c3b53f291,0x85895a5ee9eeef16a43d03da80ad9b4a8b165b68,internal_eth,99.936,0xad1edc6827633cb253a95116b01832d13424bc137e61ad7de54b144bb2ef74c0,1594575683,candidate_layering,,
0xa160cdab225685da1d56aa342ad8841c3b53f291,0xbc1aa5ac8e750c28d6020c0ae99619e4c02a5f5a,internal_eth,0.064,0xad1edc6827633cb253a95116b01832d13424bc137e61ad7de54b144bb2ef74c0,1594575683,candidate_layering,,
0xa160cdab225685da1d56aa342ad8841c3b53f291,0x85895a5ee9eeef16a43d03da80ad9b4a8b165b68,internal_eth,99.936,0x4aa40789fad5b723a897bd042bd94852b884ceaaee18eb182f7d46b534dc2299,1594575729,candidate_layering,,
0xa160cdab225685da1d56aa342ad8841c3b53f291,0xbc1aa5ac8e750c28d6020c0ae99619e4c02a5f5a,internal_eth,0.064,0x4aa40789fad5b723a897bd042bd94852b884ceaaee18eb182f7d46b534dc2299,1594575729,candidate_layering,,
0xa160cdab225685da1d56aa342ad8841c3b53f291,0x85895a5ee9eeef16a43d03da80ad9b4a8b165b68,internal_eth,99.936,0xac61a6aba49fe793c34976eb27c0a8facb78664ad7cfe57216fd421c9ad2a229,1594575775,candidate_layering,,
0xa160cdab225685da1d56aa342ad8841c3b53f291,0xbc1aa5ac8e750c28d6020c0ae99619e4c02a5f5a,internal_eth,0.064,0xac61a6aba49fe793c34976eb27c0a8facb78664ad7cfe57216fd421c9ad2a229,1594575775,candidate_layering,,
0xa160cdab225685da1d56aa342ad8841c3b53f291,0x85895a5ee9eeef16a43d03da80ad9b4a8b165b68,internal_eth,99.936,0x589e9a4329d0f1f3d42c5f3f4ffcf356a51dbae983afc342a87221714fd92599,1594575837,candidate_layering,,
0xa160cdab225685da1d56aa342ad8841c3b53f291,0xbc1aa5ac8e750c28d6020c0ae99619e4c02a5f5a,internal_eth,0.064,0x589e9a4329d0f1f3d42c5f3f4ffcf356a51dbae983afc342a87221714fd92599,1594575837,candidate_layering,,
0xa160cdab225685da1d56aa342ad8841c3b53f291,0x85895a5ee9eeef16a43d03da80ad9b4a8b165b68,internal_eth,99.936,0x2cbcec433b44c6dfade8f07dc5c30c6a911d7913e9cd32f8a94d9e678359eb05,1594575872,candidate_layering,,
0xa160cdab225685da1d56aa342ad8841c3b53f291,0xbc1aa5ac8e750c28d6020c0ae99619e4c02a5f5a,internal_eth,0.064,0x2cbcec433b44c6dfade8f07dc5c30c6a911d7913e9cd32f8a94d9e678359eb05,1594575872,candidate_layering,,
0xa160cdab225685da1d56aa342ad8841c3b53f291,0xd4ca3a2f1046b845aad5fe16211fd1686421e175,internal_eth,99.929,0x94ac3ae3ac495ab2f6b8dd00ca45afc3d8a4149c5cbc3ac8625ee99e3459eb89,1594645786,candidate_layering,,
0xa160cdab225685da1d56aa342ad8841c3b53f291,0x082a17a3e4d1e744ee31f739f33b7352372b1b36,internal_eth,0.071,0x94ac3ae3ac495ab2f6b8dd00ca45afc3d8a4149c5cbc3ac8625ee99e3459eb89,1594645786,candidate_layering,,
0xa160cdab225685da1d56aa342ad8841c3b53f291,0xcc423a62bd52b43d8f81ff6f6f47f5c5cfebe3d8,internal_eth,99.936,0x69d2498a370adb6b0a9a6aee28c04c3679b19fa739435d9ea3b600a6873b4748,1594681424,candidate_layering,,
0xa160cdab225685da1d56aa342ad8841c3b53f291,0x7d3bb46c78b0c4949639ce34896bfd875b97ad08,internal_eth,0.064,0x69d2498a370adb6b0a9a6aee28c04c3679b19fa739435d9ea3b600a6873b4748,1594681424,candidate_layering,,
0xa160cdab225685da1d56aa342ad8841c3b53f291,0xc877fcc358da9eb76f53aeebfbbdb6eefa0b313d,internal_eth,99.9305,0x6fe11487c5a274faaafdbe67ca720ee08be4f6d82e8ece04d548c33ffe223901,1594708044,candidate_layering,,
0xa160cdab225685da1d56aa342ad8841c3b53f291,0x41a28335c5075c81502a97cebad597f28728a815,internal_eth,0.0695,0x6fe11487c5a274faaafdbe67ca720ee08be4f6d82e8ece04d548c33ffe223901,1594708044,candidate_layering,,
0xa160cdab225685da1d56aa342ad8841c3b53f291,0x9859dd8f057334ae0c6c0f2c03af39803cb36d56,internal_eth,99.9225,0x0a5495bb83ca3d00415402f9f71701fbd62567ce8bdb3b1164b7e8713a672ab4,1594747829,candidate_layering,,
0xa160cdab225685da1d56aa342ad8841c3b53f291,0x7d3bb46c78b0c4949639ce34896bfd875b97ad08,internal_eth,0.0775,0x0a5495bb83ca3d00415402f9f71701fbd62567ce8bdb3b1164b7e8713a672ab4,1594747829,candidate_layering,,
0xa160cdab225685da1d56aa342ad8841c3b53f291,0xa466b4246d34a182e7b7353404b8b4f5a505fb87,internal_eth,99.9295,0xe963e80b1c8f0c2d64f8375c77cc1e93c24daddecc651b1a1de5c762f99e6405,1594753752,candidate_layering,,
0xa160cdab225685da1d56aa342ad8841c3b53f291,0x41a28335c5075c81502a97cebad597f28728a815,internal_eth,0.0705,0xe963e80b1c8f0c2d64f8375c77cc1e93c24daddecc651b1a1de5c762f99e6405,1594753752,candidate_layering,,
0xa160cdab225685da1d56aa342ad8841c3b53f291,0xe6bcd356d00dd1cd650df53e4c769c2c2cc966f6,internal_eth,99.935,0xabaf280ac367d38bc6df8c33b1ad6bfef65663ae1b8d8b29f113b522a93aa792,1594754595,candidate_layering,,
0xa160cdab225685da1d56aa342ad8841c3b53f291,0xce2142247159628c02b2e672eb55492173e44a5d,internal_eth,0.065,0xabaf280ac367d38bc6df8c33b1ad6bfef65663ae1b8d8b29f113b522a93aa792,1594754595,candidate_layering,,
0xa160cdab225685da1d56aa342ad8841c3b53f291,0xe6bcd356d00dd1cd650df53e4c769c2c2cc966f6,internal_eth,99.935,0x67a4e7c1f8df461fac2ee52cde32a70f32259ec683e63018d5e12dd532179f36,1594754687,candidate_layering,,
0xa160cdab225685da1d56aa342ad8841c3b53f291,0xce2142247159628c02b2e672eb55492173e44a5d,internal_eth,0.065,0x67a4e7c1f8df461fac2ee52cde32a70f32259ec683e63018d5e12dd532179f36,1594754687,candidate_layering,,
0xa160cdab225685da1d56aa342ad8841c3b53f291,0xe6bcd356d00dd1cd650df53e4c769c2c2cc966f6,internal_eth,99.935,0x0a8ea9f2b2edbe7ab4e45015db46e67a1effeca01202f7cda9fccafd8fef431b,1594754720,candidate_layering,,
0xa160cdab225685da1d56aa342ad8841c3b53f291,0xce2142247159628c02b2e672eb55492173e44a5d,internal_eth,0.065,0x0a8ea9f2b2edbe7ab4e45015db46e67a1effeca01202f7cda9fccafd8fef431b,1594754720,candidate_layering,,
0xa160cdab225685da1d56aa342ad8841c3b53f291,0xe6bcd356d00dd1cd650df53e4c769c2c2cc966f6,internal_eth,99.935,0x0655ec198422fba212a88453e013c934c206e7b31c1e76fe1d780e7dcfc93e6f,1594754736,candidate_layering,,
0xa160cdab225685da1d56aa342ad8841c3b53f291,0xce2142247159628c02b2e672eb55492173e44a5d,internal_eth,0.065,0x0655ec198422fba212a88453e013c934c206e7b31c1e76fe1d780e7dcfc93e6f,1594754736,candidate_layering,,
0xa160cdab225685da1d56aa342ad8841c3b53f291,0xda27d2bdf91a8919b91bdf71f8fd1d2638f9421c,internal_eth,99.9385,0x17911906bdfa0694f11054b92f4f9fc1de1a317b23fbf144f24f6bb2858c6d1b,1594773423,candidate_layering,,
0xa160cdab225685da1d56aa342ad8841c3b53f291,0x41a28335c5075c81502a97cebad597f28728a815,internal_eth,0.0615,0x17911906bdfa0694f11054b92f4f9fc1de1a317b23fbf144f24f6bb2858c6d1b,1594773423,candidate_layering,,
0xa160cdab225685da1d56aa342ad8841c3b53f291,0x42a03541db8bf1b804c08c9ff6667d7b11cd50fa,internal_eth,99.925,0xd834cd18587fdb2ad603751aec43d7af9e45a6c424a8de2b6d1d766c4891245b,1594774712,candidate_layering,,
0xa160cdab225685da1d56aa342ad8841c3b53f291,0x7d3bb46c78b0c4949639ce34896bfd875b97ad08,internal_eth,0.075,0xd834cd18587fdb2ad603751aec43d7af9e45a6c424a8de2b6d1d766c4891245b,1594774712,candidate_layering,,
0xa160cdab225685da1d56aa342ad8841c3b53f291,0xe0e9863a7ee4d43e1a6f7257313a14df2e9e1fac,internal_eth,99.938,0x2ad48906191bde8e1946e20008dd8f620cdccb1199c4cc6b3e5282e02b0bb717,1594775135,candidate_layering,,
0xa160cdab225685da1d56aa342ad8841c3b53f291,0x7d3bb46c78b0c4949639ce34896bfd875b97ad08,internal_eth,0.062,0x2ad48906191bde8e1946e20008dd8f620cdccb1199c4cc6b3e5282e02b0bb717,1594775135,candidate_layering,,
0xa160cdab225685da1d56aa342ad8841c3b53f291,0x32264c2859423cae407c4eeedb911c3a45b9a1b9,internal_eth,99.938,0xa6c4515ada74fcb8c7de1027ca14682a1de922d42af2d34e763651ad7c8176b5,1594775157,candidate_layering,,
0xa160cdab225685da1d56aa342ad8841c3b53f291,0x7d3bb46c78b0c4949639ce34896bfd875b97ad08,internal_eth,0.062,0xa6c4515ada74fcb8c7de1027ca14682a1de922d42af2d34e763651ad7c8176b5,1594775157,candidate_layering,,
0xa160cdab225685da1d56aa342ad8841c3b53f291,0xe0f75015f35f3d999214a0f76030f562971d5160,internal_eth,99.937,0xd8b1ce13b70485430c85d5030fdb9879cb508cf87d250b17cef59ffc946b830a,1594780685,candidate_layering,,
0xa160cdab225685da1d56aa342ad8841c3b53f291,0x7d3bb46c78b0c4949639ce34896bfd875b97ad08,internal_eth,0.063,0xd8b1ce13b70485430c85d5030fdb9879cb508cf87d250b17cef59ffc946b830a,1594780685,candidate_layering,,
0xa160cdab225685da1d56aa342ad8841c3b53f291,0x2b8224dc83ed1827c53413e046aab35d24dcf599,internal_eth,99.927,0x56d09b6fa161e2ed15c6ec11750cc173a8a9321bf1d76704ebc398a6bab33804,1594797202,candidate_layering,,
0xa160cdab225685da1d56aa342ad8841c3b53f291,0x7d3bb46c78b0c4949639ce34896bfd875b97ad08,internal_eth,0.073,0x56d09b6fa161e2ed15c6ec11750cc173a8a9321bf1d76704ebc398a6bab33804,1594797202,candidate_layering,,
0xa160cdab225685da1d56aa342ad8841c3b53f291,0x42dbf634c256acd17beddc1330488f1bea7b8bdf,internal_eth,100.0,0x565207c7c8315307ead43f9c9771d4346a540af42ca363839ad95de4f174aba9,1594917107,candidate_layering,,
0xa160cdab225685da1d56aa342ad8841c3b53f291,0xa76172c2875b789a6a58ef7226e4aa94e44a52c1,internal_eth,99.9335,0x26cb7a1d8860cd836def72caf5790557d2106c18f549bc7084b1c2f966e7e2bd,1595019465,candidate_layering,,
0xa160cdab225685da1d56aa342ad8841c3b53f291,0x7d3bb46c78b0c4949639ce34896bfd875b97ad08,internal_eth,0.0665,0x26cb7a1d8860cd836def72caf5790557d2106c18f549bc7084b1c2f966e7e2bd,1595019465,candidate_layering,,
0xa160cdab225685da1d56aa342ad8841c3b53f291,0xec80b5494e873fd9a7c7bf2368d743b38eb0b9ea,internal_eth,99.934,0x98701048b0cf02d4de9f91bf4ceebf38fa609986d2b6d9ff7ff33f04a29f4f7c,1595035769,candidate_layering,,
0xa160cdab225685da1d56aa342ad8841c3b53f291,0x0b157ac0a65319b0a18aa46b0b0d4497e1074456,internal_eth,0.066,0x98701048b0cf02d4de9f91bf4ceebf38fa609986d2b6d9ff7ff33f04a29f4f7c,1595035769,candidate_layering,,
0xa160cdab225685da1d56aa342ad8841c3b53f291,0xec80b5494e873fd9a7c7bf2368d743b38eb0b9ea,internal_eth,99.9335,0xa08da53e29aad8549508426d35f42eb26c646f4d3d5c491bb5a6e274a004f591,1595035991,candidate_layering,,
0xa160cdab225685da1d56aa342ad8841c3b53f291,0x41a28335c5075c81502a97cebad597f28728a815,internal_eth,0.0665,0xa08da53e29aad8549508426d35f42eb26c646f4d3d5c491bb5a6e274a004f591,1595035991,candidate_layering,,
0xa160cdab225685da1d56aa342ad8841c3b53f291,0x028e27a668f7f71a1b527c65d93be3a1c01db200,internal_eth,99.932,0xb7e43d1035c5c91cb5c9ff3bd070b9cd567108cffc864ef4196ef51bd091781b,1595040031,candidate_layering,,
0xa160cdab225685da1d56aa342ad8841c3b53f291,0x41a28335c5075c81502a97cebad597f28728a815,internal_eth,0.068,0xb7e43d1035c5c91cb5c9ff3bd070b9cd567108cffc864ef4196ef51bd091781b,1595040031,candidate_layering,,
0xa160cdab225685da1d56aa342ad8841c3b53f291,0xf572e6e1f43fbee0ce9953e867a43a73ba7c0020,internal_eth,99.9155,0x22dc8b904d407cfecfff70302f085d0e4ee14fa4c95ceb3c08c1a5f7315a4fe6,1595097107,candidate_layering,,
0xa160cdab225685da1d56aa342ad8841c3b53f291,0x41a28335c5075c81502a97cebad597f28728a815,internal_eth,0.0845,0x22dc8b904d407cfecfff70302f085d0e4ee14fa4c95ceb3c08c1a5f7315a4fe6,1595097107,candidate_layering,,
0xa160cdab225685da1d56aa342ad8841c3b53f291,0x5e75f78a7e50121f0ad6440651c5567c0578d9b5,internal_eth,99.9275,0xf8c03fd2b756ba5ed486cf1a2de6490836ffb1ed6b6e39cd085934f9f2a5e516,1595104228,candidate_layering,,
0xa160cdab225685da1d56aa342ad8841c3b53f291,0x0b157ac0a65319b0a18aa46b0b0d4497e1074456,internal_eth,0.0725,0xf8c03fd2b756ba5ed486cf1a2de6490836ffb1ed6b6e39cd085934f9f2a5e516,1595104228,candidate_layering,,
0xa160cdab225685da1d56aa342ad8841c3b53f291,0xe6b15e66f9fa566341399bd1540909cdca6e0657,internal_eth,99.925,0xdfa5e449345c79750c11eb38447363df1d65fda895c7760151e896ce9274004e,1595136846,candidate_layering,,
0xa160cdab225685da1d56aa342ad8841c3b53f291,0x7d3bb46c78b0c4949639ce34896bfd875b97ad08,internal_eth,0.075,0xdfa5e449345c79750c11eb38447363df1d65fda895c7760151e896ce9274004e,1595136846,candidate_layering,,
0xa160cdab225685da1d56aa342ad8841c3b53f291,0x1e927846307876d3121ae4fbdab16f08eecfc61a,internal_eth,99.923,0x21e5a1168f23533b2c177bd8872518784380337a7334bb768d26388583e6b841,1595151082,candidate_layering,,
0xa160cdab225685da1d56aa342ad8841c3b53f291,0x41a28335c5075c81502a97cebad597f28728a815,internal_eth,0.077,0x21e5a1168f23533b2c177bd8872518784380337a7334bb768d26388583e6b841,1595151082,candidate_layering,,
0xa160cdab225685da1d56aa342ad8841c3b53f291,0xb50f50be644f4eb4836f3cd49fce5c8c85276641,internal_eth,99.9165,0x2dc9cfbf634426758b022381051c649fada0297814c88929d9ddc7774fc45a7f,1595183271,candidate_layering,,
0xa160cdab225685da1d56aa342ad8841c3b53f291,0x7d3bb46c78b0c4949639ce34896bfd875b97ad08,internal_eth,0.0835,0x2dc9cfbf634426758b022381051c649fada0297814c88929d9ddc7774fc45a7f,1595183271,candidate_layering,,
0xa160cdab225685da1d56aa342ad8841c3b53f291,0xa76172c2875b789a6a58ef7226e4aa94e44a52c1,internal_eth,100.0,0x55c27d5860d47479f64c114bd7300a12e5d5056b4f15141738518d9a2332be32,1595215317,candidate_layering,,
0xa160cdab225685da1d56aa342ad8841c3b53f291,0x8bf9dae4e40e0e60cf9ff24a48e84b707588491a,internal_eth,99.904,0xdbd17e1430050fcd9006fd941cf84783c4f16024f66ff1f9618aa0c37c83ecb9,1595321706,candidate_layering,,
0xa160cdab225685da1d56aa342ad8841c3b53f291,0x0b157ac0a65319b0a18aa46b0b0d4497e1074456,internal_eth,0.096,0xdbd17e1430050fcd9006fd941cf84783c4f16024f66ff1f9618aa0c37c83ecb9,1595321706,candidate_layering,,
0xa160cdab225685da1d56aa342ad8841c3b53f291,0x2b72346b7e4d5bfac813bdbeb68c8842fa1c1e21,internal_eth,99.9,0x1552c05a0f08000b2e97b56fd6b803b14beb95c4d28d18c601bac4b50365a1e8,1595340141,candidate_layering,,
0xa160cdab225685da1d56aa342ad8841c3b53f291,0x7d3bb46c78b0c4949639ce34896bfd875b97ad08,internal_eth,0.1,0x1552c05a0f08000b2e97b56fd6b803b14beb95c4d28d18c601bac4b50365a1e8,1595340141,candidate_layering,,
0xa160cdab225685da1d56aa342ad8841c3b53f291,0x5ea364f253f53c6333ea35c98ad9302052bcb1d5,internal_eth,99.9125,0xddc5a1360403315333d2e094d99898083ebaf63afb0a9eb874d152a539f443a6,1595351115,candidate_layering,,
0xa160cdab225685da1d56aa342ad8841c3b53f291,0x41a28335c5075c81502a97cebad597f28728a815,internal_eth,0.0875,0xddc5a1360403315333d2e094d99898083ebaf63afb0a9eb874d152a539f443a6,1595351115,candidate_layering,,
0xa160cdab225685da1d56aa342ad8841c3b53f291,0x85c17d1a2b8e0f16bb9e015cb9dc87866d994664,internal_eth,99.9235,0xdf97246d5439cacb1df53f31c1bb581927a60bdaf01bde3b7ebea31e561e45a2,1595387119,candidate_layering,,
0xa160cdab225685da1d56aa342ad8841c3b53f291,0x7d3bb46c78b0c4949639ce34896bfd875b97ad08,internal_eth,0.0765,0xdf97246d5439cacb1df53f31c1bb581927a60bdaf01bde3b7ebea31e561e45a2,1595387119,candidate_layering,,
0xa160cdab225685da1d56aa342ad8841c3b53f291,0x85c17d1a2b8e0f16bb9e015cb9dc87866d994664,internal_eth,100.0,0x5c5fbe045e5c32f9b8f0d3207bccd29f6ddef2df14e3defa4c97f2964e73966d,1595387438,candidate_layering,,
0xa160cdab225685da1d56aa342ad8841c3b53f291,0x4771554ad18b2c9cf17ca70177b9d2715932c3b5,internal_eth,99.91,0xac4b44476de64f16e9545eb70af185769fbf84670869f591d589cd1da645bc71,1595426184,candidate_layering,,
0xa160cdab225685da1d56aa342ad8841c3b53f291,0xcc59c230d8a979d92e77115c7b7f2e18391324d5,erc20,0.8473278153170878,0x302897ded32c79c5c8f2b52b8a3f2253afd9a9deeb7f5d0e447e36502a07c1d1,1687524827,candidate_layering,WETH,0xfe9d9e5b019315bfafec27bd7a6565c4c1d56cc2
0xa160cdab225685da1d56aa342ad8841c3b53f291,0x59101e532bc728599a2d373fcdc7aff58cb48df8,erc20,777777.0,0xda68878147e2c424d3b2756fe1f507190cc1194b94a2fda259dcf13874bf28b5,1726325495,candidate_layering,SPEED,0x7f797ed4f89d60d0b2fac8b179c1a3db51dc8eab
0xa160cdab225685da1d56aa342ad8841c3b53f291,0xa160cdab225685da1d56aa342ad8841c3b53f291,erc20,99999.99999999999,0x00ec7fac14161358c233cb3218fbb434afcee97adecab95677e9b9a1ad8a17c5,1726325663,candidate_layering,SPEED,0x7f797ed4f89d60d0b2fac8b179c1a3db51dc8eab
0xa160cdab225685da1d56aa342ad8841c3b53f291,0xa160cdab225685da1d56aa342ad8841c3b53f291,erc20,99999.99999999999,0x84982178b67c9c758a052770659cedfcb5fc432069546c914ba443bbb5ccff0a,1726325687,candidate_layering,SPEED,0x7f797ed4f89d60d0b2fac8b179c1a3db51dc8eab
0xa160cdab225685da1d56aa342ad8841c3b53f291,0xa160cdab225685da1d56aa342ad8841c3b53f291,erc20,99999.99999999999,0xe4d5e3ad31e7e880120d7d9a84bc8549979ecb9ab168206d01db8321757bad37,1726326203,candidate_layering,SPEED,0x7f797ed4f89d60d0b2fac8b179c1a3db51dc8eab
0xa160cdab225685da1d56aa342ad8841c3b53f291,0x1cef1503abcf810025d300a83f5032abba3a6e6e,erc20,1000.0,0x27698ad5aae10980ee24e09c3aa92fce730e5bc9254139d6c16668cd32f1065f,1779336083,candidate_layering,AIFreeUse.cc,0xa94ba1ef6ca0dc42efd41abd7c717a3ed7996948
0xa160cdab225685da1d56aa342ad8841c3b53f291,0x083d7668e578f3938f84d9a2b75a5292d9873ca8,erc20,1000.0,0x8d38fcef5643526dc73f1965733195eb167e02826e37d85783b9fa5e02b1b127,1779336095,candidate_layering,AIFreeUse.cc,0xa94ba1ef6ca0dc42efd41abd7c717a3ed7996948
0xa160cdab225685da1d56aa342ad8841c3b53f291,0x7f54f05635d15cde17a49502fedb9d1803a3be8a,erc20,1000.0,0x8d38fcef5643526dc73f1965733195eb167e02826e37d85783b9fa5e02b1b127,1779336095,candidate_layering,AIFreeUse.cc,0xa94ba1ef6ca0dc42efd41abd7c717a3ed7996948
0xa160cdab225685da1d56aa342ad8841c3b53f291,0xecb0cb5a3380ab048faacbecc34ea5011bcff50e,erc20,1000.0,0x8d38fcef5643526dc73f1965733195eb167e02826e37d85783b9fa5e02b1b127,1779336095,candidate_layering,AIFreeUse.cc,0xa94ba1ef6ca0dc42efd41abd7c717a3ed7996948
0xa160cdab225685da1d56aa342ad8841c3b53f291,0xdfd5293d8e347dfe59e90efd55b2956a1343963d,erc20,1000.0,0x8d38fcef5643526dc73f1965733195eb167e02826e37d85783b9fa5e02b1b127,1779336095,candidate_layering,AIFreeUse.cc,0xa94ba1ef6ca0dc42efd41abd7c717a3ed7996948
0xa160cdab225685da1d56aa342ad8841c3b53f291,0x47b90f0b412b522ee99e33692b41746fc8017268,erc20,1000.0,0x8d38fcef5643526dc73f1965733195eb167e02826e37d85783b9fa5e02b1b127,1779336095,candidate_layering,AIFreeUse.cc,0xa94ba1ef6ca0dc42efd41abd7c717a3ed7996948
0xa160cdab225685da1d56aa342ad8841c3b53f291,0x4cd00e387622c35bddb9b4c962c136462338bc31,erc20,1000.0,0x8d38fcef5643526dc73f1965733195eb167e02826e37d85783b9fa5e02b1b127,1779336095,candidate_layering,AIFreeUse.cc,0xa94ba1ef6ca0dc42efd41abd7c717a3ed7996948
0xa160cdab225685da1d56aa342ad8841c3b53f291,0x8ac7e994d09da455aed22584750c023800ac7b2e,erc20,1000.0,0x8d38fcef5643526dc73f1965733195eb167e02826e37d85783b9fa5e02b1b127,1779336095,candidate_layering,AIFreeUse.cc,0xa94ba1ef6ca0dc42efd41abd7c717a3ed7996948
0xa160cdab225685da1d56aa342ad8841c3b53f291,0xc10aff701af6a2ae965cf1a8f19da4846c4708f2,erc20,1000.0,0x8d38fcef5643526dc73f1965733195eb167e02826e37d85783b9fa5e02b1b127,1779336095,candidate_layering,AIFreeUse.cc,0xa94ba1ef6ca0dc42efd41abd7c717a3ed7996948
0xa160cdab225685da1d56aa342ad8841c3b53f291,0xd0c7d073e90cb10895277a6104331f5f4a5eaf1b,erc20,1000.0,0x8d38fcef5643526dc73f1965733195eb167e02826e37d85783b9fa5e02b1b127,1779336095,candidate_layering,AIFreeUse.cc,0xa94ba1ef6ca0dc42efd41abd7c717a3ed7996948
0xa160cdab225685da1d56aa342ad8841c3b53f291,0x0d5529cede93bb4901ab687e7b62ebeafe381593,erc20,1000.0,0x8d38fcef5643526dc73f1965733195eb167e02826e37d85783b9fa5e02b1b127,1779336095,candidate_layering,AIFreeUse.cc,0xa94ba1ef6ca0dc42efd41abd7c717a3ed7996948
0xa160cdab225685da1d56aa342ad8841c3b53f291,0x3e74f88d22fcf0ea5271ba980c56bbbf5007049e,erc20,1000.0,0x72e2c64ffa1dbe1ff1b082c64fe6486fce4211a6b7c2168372330c255c01b144,1779336107,candidate_layering,AIFreeUse.cc,0xa94ba1ef6ca0dc42efd41abd7c717a3ed7996948
0xa160cdab225685da1d56aa342ad8841c3b53f291,0x533e3b12899442ca11150889568dcde2f911e1f6,erc20,1000.0,0x72e2c64ffa1dbe1ff1b082c64fe6486fce4211a6b7c2168372330c255c01b144,1779336107,candidate_layering,AIFreeUse.cc,0xa94ba1ef6ca0dc42efd41abd7c717a3ed7996948
0xa160cdab225685da1d56aa342ad8841c3b53f291,0xd84b4436b6aba0fa348c5cf35b4682448e94724a,erc20,1000.0,0x72e2c64ffa1dbe1ff1b082c64fe6486fce4211a6b7c2168372330c255c01b144,1779336107,candidate_layering,AIFreeUse.cc,0xa94ba1ef6ca0dc42efd41abd7c717a3ed7996948
0xa160cdab225685da1d56aa342ad8841c3b53f291,0x68292f1372fdb644a5f22d1ded0145ca06e75604,erc20,1000.0,0x72e2c64ffa1dbe1ff1b082c64fe6486fce4211a6b7c2168372330c255c01b144,1779336107,candidate_layering,AIFreeUse.cc,0xa94ba1ef6ca0dc42efd41abd7c717a3ed7996948
0xa160cdab225685da1d56aa342ad8841c3b53f291,0x4e6488472d8886f7e0394cd6070dfab7207807fc,erc20,1000.0,0x72e2c64ffa1dbe1ff1b082c64fe6486fce4211a6b7c2168372330c255c01b144,1779336107,candidate_layering,AIFreeUse.cc,0xa94ba1ef6ca0dc42efd41abd7c717a3ed7996948
0xa160cdab225685da1d56aa342ad8841c3b53f291,0xa26148ae51fa8e787df319c04137602cc018b521,erc20,1000.0,0x6e058785378e59ea3689e7f8bc0a783fb97634de768f6ed3455238fa3ae35a81,1779336311,candidate_layering,AIFreeUse.cc,0xa94ba1ef6ca0dc42efd41abd7c717a3ed7996948
0xa160cdab225685da1d56aa342ad8841c3b53f291,0x8fa977c64caf77120eed23467b1207590368b489,erc20,1000.0,0x8ab34cd0ef41dd566cd5105fb8fa9b729a83583712dae283db6d4af03ce4e8d1,1779336323,candidate_layering,AIFreeUse.cc,0xa94ba1ef6ca0dc42efd41abd7c717a3ed7996948
0xa160cdab225685da1d56aa342ad8841c3b53f291,0x00156e1aa205a2712a68fd96650842ab220f5561,erc20,1000.0,0x8ab34cd0ef41dd566cd5105fb8fa9b729a83583712dae283db6d4af03ce4e8d1,1779336323,candidate_layering,AIFreeUse.cc,0xa94ba1ef6ca0dc42efd41abd7c717a3ed7996948
0xa160cdab225685da1d56aa342ad8841c3b53f291,0xdb381b5cfed415a11b294dea02c75b012effcdee,erc20,1000.0,0x8ab34cd0ef41dd566cd5105fb8fa9b729a83583712dae283db6d4af03ce4e8d1,1779336323,candidate_layering,AIFreeUse.cc,0xa94ba1ef6ca0dc42efd41abd7c717a3ed7996948
0xa160cdab225685da1d56aa342ad8841c3b53f291,0x2239eccb0d91c0c648b36b967bb1ef38c5b2b13d,erc20,1000.0,0x8ab34cd0ef41dd566cd5105fb8fa9b729a83583712dae283db6d4af03ce4e8d1,1779336323,candidate_layering,AIFreeUse.cc,0xa94ba1ef6ca0dc42efd41abd7c717a3ed7996948
0xa160cdab225685da1d56aa342ad8841c3b53f291,0xce300943fd48ddfc49759b8a05ab11efc8a55276,erc20,1000.0,0x8ab34cd0ef41dd566cd5105fb8fa9b729a83583712dae283db6d4af03ce4e8d1,1779336323,candidate_layering,AIFreeUse.cc,0xa94ba1ef6ca0dc42efd41abd7c717a3ed7996948
0xa160cdab225685da1d56aa342ad8841c3b53f291,0x62bbee5b99a9b374195cf1d8e0c73b0319f00abd,erc20,1000.0,0x8ab34cd0ef41dd566cd5105fb8fa9b729a83583712dae283db6d4af03ce4e8d1,1779336323,candidate_layering,AIFreeUse.cc,0xa94ba1ef6ca0dc42efd41abd7c717a3ed7996948
0xa160cdab225685da1d56aa342ad8841c3b53f291,0x20011fa1a83bba9c8357f852ec667d8439a7da4a,erc20,1000.0,0x316300a34afd250e5ff31291068502d2152f5c5c108be63711826fd3052f89fb,1779336347,candidate_layering,AIFreeUse.cc,0xa94ba1ef6ca0dc42efd41abd7c717a3ed7996948
0xa160cdab225685da1d56aa342ad8841c3b53f291,0x6d70e53ce1f4b623ef32e3dda3523f456b5a181d,erc20,1000.0,0x80550ff15c1f974a305482b65cbb380bdd9ac543aa4585f31dc798c8dc328e26,1779336359,candidate_layering,AIFreeUse.cc,0xa94ba1ef6ca0dc42efd41abd7c717a3ed7996948
0xa160cdab225685da1d56aa342ad8841c3b53f291,0xa9d1e08c7793af67e9d92fe308d5697fb81d3e43,erc20,1000.0,0x80550ff15c1f974a305482b65cbb380bdd9ac543aa4585f31dc798c8dc328e26,1779336359,candidate_layering,AIFreeUse.cc,0xa94ba1ef6ca0dc42efd41abd7c717a3ed7996948
0xa160cdab225685da1d56aa342ad8841c3b53f291,0x1a602f1909eb58febce9f14c9f6427f2f8bdd23a,erc20,1000.0,0x80550ff15c1f974a305482b65cbb380bdd9ac543aa4585f31dc798c8dc328e26,1779336359,candidate_layering,AIFreeUse.cc,0xa94ba1ef6ca0dc42efd41abd7c717a3ed7996948
0xa160cdab225685da1d56aa342ad8841c3b53f291,0xa9d1e08c7793af67e9d92fe308d5697fb81d3e43,erc20,1000.0,0x80550ff15c1f974a305482b65cbb380bdd9ac543aa4585f31dc798c8dc328e26,1779336359,candidate_layering,AIFreeUse.cc,0xa94ba1ef6ca0dc42efd41abd7c717a3ed7996948
0xa160cdab225685da1d56aa342ad8841c3b53f291,0x2d5805a423d6ce771f06972ad4499f120902631a,erc20,1000.0,0x80550ff15c1f974a305482b65cbb380bdd9ac543aa4585f31dc798c8dc328e26,1779336359,candidate_layering,AIFreeUse.cc,0xa94ba1ef6ca0dc42efd41abd7c717a3ed7996948
0xa160cdab225685da1d56aa342ad8841c3b53f291,0x4585fe77225b41b697c938b018e2ac67ac5a20c0,erc20,1000.0,0x80550ff15c1f974a305482b65cbb380bdd9ac543aa4585f31dc798c8dc328e26,1779336359,candidate_layering,AIFreeUse.cc,0xa94ba1ef6ca0dc42efd41abd7c717a3ed7996948
0xa160cdab225685da1d56aa342ad8841c3b53f291,0xba12222222228d8ba445958a75a0704d566bf2c8,erc20,1000.0,0x80550ff15c1f974a305482b65cbb380bdd9ac543aa4585f31dc798c8dc328e26,1779336359,candidate_layering,AIFreeUse.cc,0xa94ba1ef6ca0dc42efd41abd7c717a3ed7996948
0xa160cdab225685da1d56aa342ad8841c3b53f291,0x5165230edadebb98044ffb00fdb865087f38dea3,erc20,1000.0,0x80550ff15c1f974a305482b65cbb380bdd9ac543aa4585f31dc798c8dc328e26,1779336359,candidate_layering,AIFreeUse.cc,0xa94ba1ef6ca0dc42efd41abd7c717a3ed7996948
0xa160cdab225685da1d56aa342ad8841c3b53f291,0x7e65b30f3f17034dd25288c2c4ee8e7a97df8b0a,erc20,1000.0,0x80550ff15c1f974a305482b65cbb380bdd9ac543aa4585f31dc798c8dc328e26,1779336359,candidate_layering,AIFreeUse.cc,0xa94ba1ef6ca0dc42efd41abd7c717a3ed7996948
0xa160cdab225685da1d56aa342ad8841c3b53f291,0x7eb254a7080db3181788166ce65a8a329aa628a7,erc20,1000.0,0x80550ff15c1f974a305482b65cbb380bdd9ac543aa4585f31dc798c8dc328e26,1779336359,candidate_layering,AIFreeUse.cc,0xa94ba1ef6ca0dc42efd41abd7c717a3ed7996948
0xa160cdab225685da1d56aa342ad8841c3b53f291,0x376ecf8253233fa7b465b04edcb4f7588033e308,erc20,1000.0,0x80550ff15c1f974a305482b65cbb380bdd9ac543aa4585f31dc798c8dc328e26,1779336359,candidate_layering,AIFreeUse.cc,0xa94ba1ef6ca0dc42efd41abd7c717a3ed7996948
0xa160cdab225685da1d56aa342ad8841c3b53f291,0x9cebd45ce53be93731481a2c9144a0a9ce1509cd,erc20,1000.0,0x80550ff15c1f974a305482b65cbb380bdd9ac543aa4585f31dc798c8dc328e26,1779336359,candidate_layering,AIFreeUse.cc,0xa94ba1ef6ca0dc42efd41abd7c717a3ed7996948
0xa160cdab225685da1d56aa342ad8841c3b53f291,0xe5a31fe0453cd54ba7092ddec26b0ca00f7dc407,erc20,1000.0,0x80550ff15c1f974a305482b65cbb380bdd9ac543aa4585f31dc798c8dc328e26,1779336359,candidate_layering,AIFreeUse.cc,0xa94ba1ef6ca0dc42efd41abd7c717a3ed7996948
0xa160cdab225685da1d56aa342ad8841c3b53f291,0x46340b20830761efd32832a74d7169b29feb9758,erc20,1000.0,0x80550ff15c1f974a305482b65cbb380bdd9ac543aa4585f31dc798c8dc328e26,1779336359,candidate_layering,AIFreeUse.cc,0xa94ba1ef6ca0dc42efd41abd7c717a3ed7996948
0xa160cdab225685da1d56aa342ad8841c3b53f291,0xf7c752e4e9ff0b08f95fed1a2e666951aa4eadec,erc20,1000.0,0x80550ff15c1f974a305482b65cbb380bdd9ac543aa4585f31dc798c8dc328e26,1779336359,candidate_layering,AIFreeUse.cc,0xa94ba1ef6ca0dc42efd41abd7c717a3ed7996948
0xa160cdab225685da1d56aa342ad8841c3b53f291,0x527a4249a1e12f522af200aec464990b865e57c7,erc20,1000.0,0x80550ff15c1f974a305482b65cbb380bdd9ac543aa4585f31dc798c8dc328e26,1779336359,candidate_layering,AIFreeUse.cc,0xa94ba1ef6ca0dc42efd41abd7c717a3ed7996948
0xa160cdab225685da1d56aa342ad8841c3b53f291,0x559432e18b281731c054cd703d4b49872be4ed53,erc20,1000.0,0x80550ff15c1f974a305482b65cbb380bdd9ac543aa4585f31dc798c8dc328e26,1779336359,candidate_layering,AIFreeUse.cc,0xa94ba1ef6ca0dc42efd41abd7c717a3ed7996948
0xa160cdab225685da1d56aa342ad8841c3b53f291,0x77cc344ac473569dfd27ed73db6de221be61be93,erc20,1000.0,0x80550ff15c1f974a305482b65cbb380bdd9ac543aa4585f31dc798c8dc328e26,1779336359,candidate_layering,AIFreeUse.cc,0xa94ba1ef6ca0dc42efd41abd7c717a3ed7996948
0xa160cdab225685da1d56aa342ad8841c3b53f291,0xbb1532f8209cb561a2fa064616c29448ed18ea4c,erc20,1000.0,0x80550ff15c1f974a305482b65cbb380bdd9ac543aa4585f31dc798c8dc328e26,1779336359,candidate_layering,AIFreeUse.cc,0xa94ba1ef6ca0dc42efd41abd7c717a3ed7996948
0xa160cdab225685da1d56aa342ad8841c3b53f291,0xde758db54c1b4a87b06b34b30ef0a710dc35388f,erc20,1000.0,0x80550ff15c1f974a305482b65cbb380bdd9ac543aa4585f31dc798c8dc328e26,1779336359,candidate_layering,AIFreeUse.cc,0xa94ba1ef6ca0dc42efd41abd7c717a3ed7996948
0xa160cdab225685da1d56aa342ad8841c3b53f291,0xc1af6f33498692e230b3e6f31a73aeaf0ad0ca3c,erc20,1000.0,0x80550ff15c1f974a305482b65cbb380bdd9ac543aa4585f31dc798c8dc328e26,1779336359,candidate_layering,AIFreeUse.cc,0xa94ba1ef6ca0dc42efd41abd7c717a3ed7996948
0xa160cdab225685da1d56aa342ad8841c3b53f291,0x72c2178e082fedb13246877b5aa42ebce1b72218,erc20,1000.0,0x80550ff15c1f974a305482b65cbb380bdd9ac543aa4585f31dc798c8dc328e26,1779336359,candidate_layering,AIFreeUse.cc,0xa94ba1ef6ca0dc42efd41abd7c717a3ed7996948
0xa160cdab225685da1d56aa342ad8841c3b53f291,0x559432e18b281731c054cd703d4b49872be4ed53,erc20,1000.0,0x80550ff15c1f974a305482b65cbb380bdd9ac543aa4585f31dc798c8dc328e26,1779336359,candidate_layering,AIFreeUse.cc,0xa94ba1ef6ca0dc42efd41abd7c717a3ed7996948
0xa160cdab225685da1d56aa342ad8841c3b53f291,0x42692f17645a3069182dd000b10ac831c8f58574,erc20,1000.0,0x80550ff15c1f974a305482b65cbb380bdd9ac543aa4585f31dc798c8dc328e26,1779336359,candidate_layering,AIFreeUse.cc,0xa94ba1ef6ca0dc42efd41abd7c717a3ed7996948
0xa160cdab225685da1d56aa342ad8841c3b53f291,0x1774aee80fd667f7c459a13d8c6bd94a383015b7,erc20,1000.0,0xb4fb155261108d341e2f6b702ea570a5b4d3dd471bf9d4d794075e2d715f2ecf,1779336371,candidate_layering,AIFreeUse.cc,0xa94ba1ef6ca0dc42efd41abd7c717a3ed7996948
0xa160cdab225685da1d56aa342ad8841c3b53f291,0x80b4a27276d0c9cce34bf984877c5c9ed5982a9f,erc20,1000.0,0xb4fb155261108d341e2f6b702ea570a5b4d3dd471bf9d4d794075e2d715f2ecf,1779336371,candidate_layering,AIFreeUse.cc,0xa94ba1ef6ca0dc42efd41abd7c717a3ed7996948
0xa160cdab225685da1d56aa342ad8841c3b53f291,0xab1023d1d028f2cca0b4b12e0f97ab32b2049dec,erc20,1000.0,0xb4fb155261108d341e2f6b702ea570a5b4d3dd471bf9d4d794075e2d715f2ecf,1779336371,candidate_layering,AIFreeUse.cc,0xa94ba1ef6ca0dc42efd41abd7c717a3ed7996948
0xa160cdab225685da1d56aa342ad8841c3b53f291,0x22de0d0f5f21c0d821a7b263a55d02d324ff02f7,erc20,1000.0,0xb4fb155261108d341e2f6b702ea570a5b4d3dd471bf9d4d794075e2d715f2ecf,1779336371,candidate_layering,AIFreeUse.cc,0xa94ba1ef6ca0dc42efd41abd7c717a3ed7996948
0xa160cdab225685da1d56aa342ad8841c3b53f291,0x1a58aa618df8f1ec282748fef6185c1a1cc2faa6,erc20,1000.0,0xb4fb155261108d341e2f6b702ea570a5b4d3dd471bf9d4d794075e2d715f2ecf,1779336371,candidate_layering,AIFreeUse.cc,0xa94ba1ef6ca0dc42efd41abd7c717a3ed7996948
0xa160cdab225685da1d56aa342ad8841c3b53f291,0x7f54f05635d15cde17a49502fedb9d1803a3be8a,erc20,1000.0,0xb4fb155261108d341e2f6b702ea570a5b4d3dd471bf9d4d794075e2d715f2ecf,1779336371,candidate_layering,AIFreeUse.cc,0xa94ba1ef6ca0dc42efd41abd7c717a3ed7996948
0xa160cdab225685da1d56aa342ad8841c3b53f291,0x2c15cc93e055f40503acd3e753418f6cb18239c3,erc20,1000.0,0xb4fb155261108d341e2f6b702ea570a5b4d3dd471bf9d4d794075e2d715f2ecf,1779336371,candidate_layering,AIFreeUse.cc,0xa94ba1ef6ca0dc42efd41abd7c717a3ed7996948
0xa160cdab225685da1d56aa342ad8841c3b53f291,0x2ef908c4abd23f4b4d1e0f9b9a9a80110897d4a7,erc20,1000.0,0xb4fb155261108d341e2f6b702ea570a5b4d3dd471bf9d4d794075e2d715f2ecf,1779336371,candidate_layering,AIFreeUse.cc,0xa94ba1ef6ca0dc42efd41abd7c717a3ed7996948
0xa160cdab225685da1d56aa342ad8841c3b53f291,0x63e409b2cc425ff56047fe6a3e7cd315e996add5,erc20,1000.0,0xc8ecb44c4578cd5a9a1fba81595acaeadfa81a971d1e323a6d91e829f1f7350a,1779336395,candidate_layering,AIFreeUse.cc,0xa94ba1ef6ca0dc42efd41abd7c717a3ed7996948
0xa160cdab225685da1d56aa342ad8841c3b53f291,0xaa0e9a1e2d2ccf2b867fda047bb5394bef1883e0,erc20,1000.0,0xc8ecb44c4578cd5a9a1fba81595acaeadfa81a971d1e323a6d91e829f1f7350a,1779336395,candidate_layering,AIFreeUse.cc,0xa94ba1ef6ca0dc42efd41abd7c717a3ed7996948
0xa160cdab225685da1d56aa342ad8841c3b53f291,0x5e8d1c1007234f33ac21910e93c55c52e3857b21,erc20,1000.0,0xc8ecb44c4578cd5a9a1fba81595acaeadfa81a971d1e323a6d91e829f1f7350a,1779336395,candidate_layering,AIFreeUse.cc,0xa94ba1ef6ca0dc42efd41abd7c717a3ed7996948
0xa160cdab225685da1d56aa342ad8841c3b53f291,0xd37ac934502619cee14908cef22138f4b98e06b4,erc20,1000.0,0xc8ecb44c4578cd5a9a1fba81595acaeadfa81a971d1e323a6d91e829f1f7350a,1779336395,candidate_layering,AIFreeUse.cc,0xa94ba1ef6ca0dc42efd41abd7c717a3ed7996948
0xa160cdab225685da1d56aa342ad8841c3b53f291,0x88cc0800464fcef3e643a369e8a0532990995eee,erc20,1000.0,0xc8ecb44c4578cd5a9a1fba81595acaeadfa81a971d1e323a6d91e829f1f7350a,1779336395,candidate_layering,AIFreeUse.cc,0xa94ba1ef6ca0dc42efd41abd7c717a3ed7996948
0xa160cdab225685da1d56aa342ad8841c3b53f291,0x559432e18b281731c054cd703d4b49872be4ed53,erc20,1000.0,0xc8ecb44c4578cd5a9a1fba81595acaeadfa81a971d1e323a6d91e829f1f7350a,1779336395,candidate_layering,AIFreeUse.cc,0xa94ba1ef6ca0dc42efd41abd7c717a3ed7996948
0xa160cdab225685da1d56aa342ad8841c3b53f291,0x911cb2ed7aa22b2da4501da3394aaff3d8e77aa0,erc20,1000.0,0xc8ecb44c4578cd5a9a1fba81595acaeadfa81a971d1e323a6d91e829f1f7350a,1779336395,candidate_layering,AIFreeUse.cc,0xa94ba1ef6ca0dc42efd41abd7c717a3ed7996948
0xa160cdab225685da1d56aa342ad8841c3b53f291,0x2400e885bcd1f4e5fabecf1ed54b9bffaace2613,erc20,1000.0,0xc8ecb44c4578cd5a9a1fba81595acaeadfa81a971d1e323a6d91e829f1f7350a,1779336395,candidate_layering,AIFreeUse.cc,0xa94ba1ef6ca0dc42efd41abd7c717a3ed7996948
0xa160cdab225685da1d56aa342ad8841c3b53f291,0x1111111254eeb25477b68fb85ed929f73a960582,erc20,1000.0,0xc8ecb44c4578cd5a9a1fba81595acaeadfa81a971d1e323a6d91e829f1f7350a,1779336395,candidate_layering,AIFreeUse.cc,0xa94ba1ef6ca0dc42efd41abd7c717a3ed7996948
0xa160cdab225685da1d56aa342ad8841c3b53f291,0xf2697d41c0bf2b50eaa685c6623ba8a6e519e547,erc20,1000.0,0xc8ecb44c4578cd5a9a1fba81595acaeadfa81a971d1e323a6d91e829f1f7350a,1779336395,candidate_layering,AIFreeUse.cc,0xa94ba1ef6ca0dc42efd41abd7c717a3ed7996948
0xa160cdab225685da1d56aa342ad8841c3b53f291,0xe8736af1926e9d8f5a6602fbbb0893b26436d710,erc20,1000.0,0xc8ecb44c4578cd5a9a1fba81595acaeadfa81a971d1e323a6d91e829f1f7350a,1779336395,candidate_layering,AIFreeUse.cc,0xa94ba1ef6ca0dc42efd41abd7c717a3ed7996948
0xa160cdab225685da1d56aa342ad8841c3b53f291,0xfb8eff739d9a4ded54e441f566c1a0aeb5b9e648,erc20,1000.0,0xc8ecb44c4578cd5a9a1fba81595acaeadfa81a971d1e323a6d91e829f1f7350a,1779336395,candidate_layering,AIFreeUse.cc,0xa94ba1ef6ca0dc42efd41abd7c717a3ed7996948
0xa160cdab225685da1d56aa342ad8841c3b53f291,0x264bd8291fae1d75db2c5f573b07faa6715997b5,erc20,1000.0,0xc8ecb44c4578cd5a9a1fba81595acaeadfa81a971d1e323a6d91e829f1f7350a,1779336395,candidate_layering,AIFreeUse.cc,0xa94ba1ef6ca0dc42efd41abd7c717a3ed7996948
0xa160cdab225685da1d56aa342ad8841c3b53f291,0x5c7bcd6e7de5423a257d81b442095a1a6ced35c5,erc20,1000.0,0xc8ecb44c4578cd5a9a1fba81595acaeadfa81a971d1e323a6d91e829f1f7350a,1779336395,candidate_layering,AIFreeUse.cc,0xa94ba1ef6ca0dc42efd41abd7c717a3ed7996948
0xa160cdab225685da1d56aa342ad8841c3b53f291,0x10ae4adc14e6806cf5c66fba8f86ceb2cc5a750a,erc20,1000.0,0x32d29d86ac4dc049d6dba59001edece99e1b1b116d481d14fcd758030764c6b8,1779336407,candidate_layering,AIFreeUse.cc,0xa94ba1ef6ca0dc42efd41abd7c717a3ed7996948
0xa160cdab225685da1d56aa342ad8841c3b53f291,0x6ca298d2983ab03aa1da7679389d955a4efee15c,erc20,1000.0,0x32d29d86ac4dc049d6dba59001edece99e1b1b116d481d14fcd758030764c6b8,1779336407,candidate_layering,AIFreeUse.cc,0xa94ba1ef6ca0dc42efd41abd7c717a3ed7996948
0xa160cdab225685da1d56aa342ad8841c3b53f291,0x60594a405d53811d3bc4766596efd80fd545a270,erc20,1000.0,0x32d29d86ac4dc049d6dba59001edece99e1b1b116d481d14fcd758030764c6b8,1779336407,candidate_layering,AIFreeUse.cc,0xa94ba1ef6ca0dc42efd41abd7c717a3ed7996948
0xa160cdab225685da1d56aa342ad8841c3b53f291,0xbeefb9f61cc44895d8aec381373555a64191a9c4,erc20,1000.0,0x32d29d86ac4dc049d6dba59001edece99e1b1b116d481d14fcd758030764c6b8,1779336407,candidate_layering,AIFreeUse.cc,0xa94ba1ef6ca0dc42efd41abd7c717a3ed7996948
0xa160cdab225685da1d56aa342ad8841c3b53f291,0xbeefb9f61cc44895d8aec381373555a64191a9c4,erc20,1000.0,0x32d29d86ac4dc049d6dba59001edece99e1b1b116d481d14fcd758030764c6b8,1779336407,candidate_layering,AIFreeUse.cc,0xa94ba1ef6ca0dc42efd41abd7c717a3ed7996948
0xa160cdab225685da1d56aa342ad8841c3b53f291,0x438b65522a8e570dd00ee122f271a9edd57835d8,erc20,1000.0,0x32d29d86ac4dc049d6dba59001edece99e1b1b116d481d14fcd758030764c6b8,1779336407,candidate_layering,AIFreeUse.cc,0xa94ba1ef6ca0dc42efd41abd7c717a3ed7996948
0xa160cdab225685da1d56aa342ad8841c3b53f291,0x09ea665feec9f94183adac52b3cfe7318d37f61c,erc20,1000.0,0x32d29d86ac4dc049d6dba59001edece99e1b1b116d481d14fcd758030764c6b8,1779336407,candidate_layering,AIFreeUse.cc,0xa94ba1ef6ca0dc42efd41abd7c717a3ed7996948
0xa160cdab225685da1d56aa342ad8841c3b53f291,0x8329d783f96e48d50f0f1f5a3c7f83b73a5c0218,erc20,1000.0,0x32d29d86ac4dc049d6dba59001edece99e1b1b116d481d14fcd758030764c6b8,1779336407,candidate_layering,AIFreeUse.cc,0xa94ba1ef6ca0dc42efd41abd7c717a3ed7996948
0xa160cdab225685da1d56aa342ad8841c3b53f291,0xe2cd94c812aed174b2e09750ff146f45d845d668,erc20,1000.0,0x9c07b41d38add0d6de404f049046a3cfb8a74bb77999ae12ac388261505a8d98,1779336419,candidate_layering,AIFreeUse.cc,0xa94ba1ef6ca0dc42efd41abd7c717a3ed7996948
0xa160cdab225685da1d56aa342ad8841c3b53f291,0x50d3865a63d52c0a54e4679949647ea752107390,erc20,1000.0,0x9c07b41d38add0d6de404f049046a3cfb8a74bb77999ae12ac388261505a8d98,1779336419,candidate_layering,AIFreeUse.cc,0xa94ba1ef6ca0dc42efd41abd7c717a3ed7996948
0xa160cdab225685da1d56aa342ad8841c3b53f291,0x06cff7088619c7178f5e14f0b119458d08d2f5ef,erc20,1000.0,0x9c07b41d38add0d6de404f049046a3cfb8a74bb77999ae12ac388261505a8d98,1779336419,candidate_layering,AIFreeUse.cc,0xa94ba1ef6ca0dc42efd41abd7c717a3ed7996948
0xa160cdab225685da1d56aa342ad8841c3b53f291,0x6747bcaf9bd5a5f0758cbe08903490e45ddfacb5,erc20,1000.0,0x9c07b41d38add0d6de404f049046a3cfb8a74bb77999ae12ac388261505a8d98,1779336419,candidate_layering,AIFreeUse.cc,0xa94ba1ef6ca0dc42efd41abd7c717a3ed7996948
0xa160cdab225685da1d56aa342ad8841c3b53f291,0xf827725498e6fcf62d331566965f5254bcda081f,erc20,1000.0,0x9c07b41d38add0d6de404f049046a3cfb8a74bb77999ae12ac388261505a8d98,1779336419,candidate_layering,AIFreeUse.cc,0xa94ba1ef6ca0dc42efd41abd7c717a3ed7996948
0xa160cdab225685da1d56aa342ad8841c3b53f291,0x7f54f05635d15cde17a49502fedb9d1803a3be8a,erc20,1000.0,0x9c07b41d38add0d6de404f049046a3cfb8a74bb77999ae12ac388261505a8d98,1779336419,candidate_layering,AIFreeUse.cc,0xa94ba1ef6ca0dc42efd41abd7c717a3ed7996948
0xa160cdab225685da1d56aa342ad8841c3b53f291,0xbdb3ba9ffe392549e1f8658dd2630c141fdf47b6,erc20,1000.0,0x9c07b41d38add0d6de404f049046a3cfb8a74bb77999ae12ac388261505a8d98,1779336419,candidate_layering,AIFreeUse.cc,0xa94ba1ef6ca0dc42efd41abd7c717a3ed7996948
0xa160cdab225685da1d56aa342ad8841c3b53f291,0xbed5a9852308cbd411bfd85d70c6dcbdaafbefef,erc20,1000.0,0x9c07b41d38add0d6de404f049046a3cfb8a74bb77999ae12ac388261505a8d98,1779336419,candidate_layering,AIFreeUse.cc,0xa94ba1ef6ca0dc42efd41abd7c717a3ed7996948
0xa160cdab225685da1d56aa342ad8841c3b53f291,0xe1a307b4d8880205df739abe6652ed6da95e8834,erc20,1000.0,0x689202058eeff26ee23f750f2adc22439f18b0f08000d920fec768146b2a7ac8,1779336431,candidate_layering,AIFreeUse.cc,0xa94ba1ef6ca0dc42efd41abd7c717a3ed7996948
0xa160cdab225685da1d56aa342ad8841c3b53f291,0x6e25666555add547ff17f8f8dcb02b2e93b2fafd,erc20,1000.0,0x689202058eeff26ee23f750f2adc22439f18b0f08000d920fec768146b2a7ac8,1779336431,candidate_layering,AIFreeUse.cc,0xa94ba1ef6ca0dc42efd41abd7c717a3ed7996948
0xa160cdab225685da1d56aa342ad8841c3b53f291,0x559432e18b281731c054cd703d4b49872be4ed53,erc20,1000.0,0x689202058eeff26ee23f750f2adc22439f18b0f08000d920fec768146b2a7ac8,1779336431,candidate_layering,AIFreeUse.cc,0xa94ba1ef6ca0dc42efd41abd7c717a3ed7996948
0xa160cdab225685da1d56aa342ad8841c3b53f291,0x99ed0427679db7b0f9cbc1946e08536e2757de6c,erc20,1000.0,0x689202058eeff26ee23f750f2adc22439f18b0f08000d920fec768146b2a7ac8,1779336431,candidate_layering,AIFreeUse.cc,0xa94ba1ef6ca0dc42efd41abd7c717a3ed7996948
0xa160cdab225685da1d56aa342ad8841c3b53f291,0xfa6609657a614d834c2fa6a9404b78b9af5d3ece,erc20,1000.0,0x689202058eeff26ee23f750f2adc22439f18b0f08000d920fec768146b2a7ac8,1779336431,candidate_layering,AIFreeUse.cc,0xa94ba1ef6ca0dc42efd41abd7c717a3ed7996948
0xa160cdab225685da1d56aa342ad8841c3b53f291,0x801a3b53d55a92aee1f7cfc755ab9fe5c8eaa1f2,erc20,1000.0,0x689202058eeff26ee23f750f2adc22439f18b0f08000d920fec768146b2a7ac8,1779336431,candidate_layering,AIFreeUse.cc,0xa94ba1ef6ca0dc42efd41abd7c717a3ed7996948
0xa160cdab225685da1d56aa342ad8841c3b53f291,0xb9dbb074034858e6b5da834908a9b86d3097babe,erc20,1000.0,0x689202058eeff26ee23f750f2adc22439f18b0f08000d920fec768146b2a7ac8,1779336431,candidate_layering,AIFreeUse.cc,0xa94ba1ef6ca0dc42efd41abd7c717a3ed7996948
0xa160cdab225685da1d56aa342ad8841c3b53f291,0xa03400e098f4421b34a3a44a1b4e571419517687,erc20,1000.0,0x689202058eeff26ee23f750f2adc22439f18b0f08000d920fec768146b2a7ac8,1779336431,candidate_layering,AIFreeUse.cc,0xa94ba1ef6ca0dc42efd41abd7c717a3ed7996948
0xa160cdab225685da1d56aa342ad8841c3b53f291,0x974caa59e49682cda0ad2bbe82983419a2ecc400,erc20,1000.0,0x689202058eeff26ee23f750f2adc22439f18b0f08000d920fec768146b2a7ac8,1779336431,candidate_layering,AIFreeUse.cc,0xa94ba1ef6ca0dc42efd41abd7c717a3ed7996948
0xa160cdab225685da1d56aa342ad8841c3b53f291,0x9b0736c9a53ce1b1d61a91717113e3cd34593695,erc20,1000.0,0x689202058eeff26ee23f750f2adc22439f18b0f08000d920fec768146b2a7ac8,1779336431,candidate_layering,AIFreeUse.cc,0xa94ba1ef6ca0dc42efd41abd7c717a3ed7996948
0xa160cdab225685da1d56aa342ad8841c3b53f291,0xa878049d61251ce254ec4df9f209bcf35838d8be,erc20,1000.0,0x689202058eeff26ee23f750f2adc22439f18b0f08000d920fec768146b2a7ac8,1779336431,candidate_layering,AIFreeUse.cc,0xa94ba1ef6ca0dc42efd41abd7c717a3ed7996948
0xa160cdab225685da1d56aa342ad8841c3b53f291,0x45f3f31f561c09472d359e436dd621da314363df,erc20,1000.0,0x689202058eeff26ee23f750f2adc22439f18b0f08000d920fec768146b2a7ac8,1779336431,candidate_layering,AIFreeUse.cc,0xa94ba1ef6ca0dc42efd41abd7c717a3ed7996948
0xa160cdab225685da1d56aa342ad8841c3b53f291,0xc1da33e8d60daf4f93a52357a57a076f44c45759,erc20,1000.0,0x689202058eeff26ee23f750f2adc22439f18b0f08000d920fec768146b2a7ac8,1779336431,candidate_layering,AIFreeUse.cc,0xa94ba1ef6ca0dc42efd41abd7c717a3ed7996948
0xa160cdab225685da1d56aa342ad8841c3b53f291,0xae38b2153413f1f8438340963f298e39e3b25e04,erc20,1000.0,0x689202058eeff26ee23f750f2adc22439f18b0f08000d920fec768146b2a7ac8,1779336431,candidate_layering,AIFreeUse.cc,0xa94ba1ef6ca0dc42efd41abd7c717a3ed7996948
0xa160cdab225685da1d56aa342ad8841c3b53f291,0xc270b3b858c335b6ba5d5b10e2da8a09976005ad,erc20,1000.0,0xf5dc222c705ce607e3aaedf67b31cf7c45d84bb94961f8a8f95a0dc0bb518303,1779336455,candidate_layering,AIFreeUse.cc,0xa94ba1ef6ca0dc42efd41abd7c717a3ed7996948
0xa160cdab225685da1d56aa342ad8841c3b53f291,0xc270b3b858c335b6ba5d5b10e2da8a09976005ad,erc20,1000.0,0xf5dc222c705ce607e3aaedf67b31cf7c45d84bb94961f8a8f95a0dc0bb518303,1779336455,candidate_layering,AIFreeUse.cc,0xa94ba1ef6ca0dc42efd41abd7c717a3ed7996948
0xa160cdab225685da1d56aa342ad8841c3b53f291,0xd60cc1ecbbbca7c82763af64ad2cf53290349aaf,erc20,1000.0,0xb5e1794b86f5ca16e0df3ad654ce8671281c0fc81b931d08a776220e5012782a,1779336467,candidate_layering,AIFreeUse.cc,0xa94ba1ef6ca0dc42efd41abd7c717a3ed7996948
0xa160cdab225685da1d56aa342ad8841c3b53f291,0xb9cec48d444e6b563dc613a4791787a81a8447aa,erc20,1000.0,0x5e3d55fe7191978a662b42c317fcdf4c762b6c2053180802bb26c3fee9edcb4b,1779336479,candidate_layering,AIFreeUse.cc,0xa94ba1ef6ca0dc42efd41abd7c717a3ed7996948
0xa160cdab225685da1d56aa342ad8841c3b53f291,0x0f37455823432118aafd94f051199f4a5906b470,erc20,1000.0,0x5e3d55fe7191978a662b42c317fcdf4c762b6c2053180802bb26c3fee9edcb4b,1779336479,candidate_layering,AIFreeUse.cc,0xa94ba1ef6ca0dc42efd41abd7c717a3ed7996948
0xa160cdab225685da1d56aa342ad8841c3b53f291,0x115f351acd1c4c90d3709e9715853573b2a41fce,erc20,1000.0,0x5e3d55fe7191978a662b42c317fcdf4c762b6c2053180802bb26c3fee9edcb4b,1779336479,candidate_layering,AIFreeUse.cc,0xa94ba1ef6ca0dc42efd41abd7c717a3ed7996948
0xa160cdab225685da1d56aa342ad8841c3b53f291,0x28b1dc1a5e3699a428bc51d234dfab7c9cb2a183,erc20,1000.0,0x5e3d55fe7191978a662b42c317fcdf4c762b6c2053180802bb26c3fee9edcb4b,1779336479,candidate_layering,AIFreeUse.cc,0xa94ba1ef6ca0dc42efd41abd7c717a3ed7996948
0xa160cdab225685da1d56aa342ad8841c3b53f291,0x9303288487885e281fc4a31931926742b32209c4,erc20,1000.0,0x5e3d55fe7191978a662b42c317fcdf4c762b6c2053180802bb26c3fee9edcb4b,1779336479,candidate_layering,AIFreeUse.cc,0xa94ba1ef6ca0dc42efd41abd7c717a3ed7996948
0xa160cdab225685da1d56aa342ad8841c3b53f291,0xf9f2e4edac242466aea180b1289f00732775ea70,erc20,1000.0,0x5e3d55fe7191978a662b42c317fcdf4c762b6c2053180802bb26c3fee9edcb4b,1779336479,candidate_layering,AIFreeUse.cc,0xa94ba1ef6ca0dc42efd41abd7c717a3ed7996948
0xa160cdab225685da1d56aa342ad8841c3b53f291,0x76563c75528b0f9171694650ac1d05b80f0a7ecd,erc20,1000.0,0x5e3d55fe7191978a662b42c317fcdf4c762b6c2053180802bb26c3fee9edcb4b,1779336479,candidate_layering,AIFreeUse.cc,0xa94ba1ef6ca0dc42efd41abd7c717a3ed7996948
0xa160cdab225685da1d56aa342ad8841c3b53f291,0xa77aec8a02982011390cdc5a33a328cb2effcb93,erc20,1000.0,0x5e3d55fe7191978a662b42c317fcdf4c762b6c2053180802bb26c3fee9edcb4b,1779336479,candidate_layering,AIFreeUse.cc,0xa94ba1ef6ca0dc42efd41abd7c717a3ed7996948
0xa160cdab225685da1d56aa342ad8841c3b53f291,0xf4e147db314947fc1275a8cbb6cde48c510cd8cf,erc20,1000.0,0xbf37b1c751ed5c16e0321cfce51abafe9e59c130ac6e71af38e2125afa40f5d9,1779336491,candidate_layering,AIFreeUse.cc,0xa94ba1ef6ca0dc42efd41abd7c717a3ed7996948
0xa160cdab225685da1d56aa342ad8841c3b53f291,0x1f2f10d1c40777ae1da742455c65828ff36df387,erc20,1000.0,0xbf37b1c751ed5c16e0321cfce51abafe9e59c130ac6e71af38e2125afa40f5d9,1779336491,candidate_layering,AIFreeUse.cc,0xa94ba1ef6ca0dc42efd41abd7c717a3ed7996948
0xa160cdab225685da1d56aa342ad8841c3b53f291,0xa6acc998835a924b0ebf6d65dff54714416638a9,erc20,1000.0,0xbf37b1c751ed5c16e0321cfce51abafe9e59c130ac6e71af38e2125afa40f5d9,1779336491,candidate_layering,AIFreeUse.cc,0xa94ba1ef6ca0dc42efd41abd7c717a3ed7996948
0xa160cdab225685da1d56aa342ad8841c3b53f291,0xba1333333333a1ba1108e8412f11850a5c319ba9,erc20,1000.0,0xbf37b1c751ed5c16e0321cfce51abafe9e59c130ac6e71af38e2125afa40f5d9,1779336491,candidate_layering,AIFreeUse.cc,0xa94ba1ef6ca0dc42efd41abd7c717a3ed7996948
0xa160cdab225685da1d56aa342ad8841c3b53f291,0x559432e18b281731c054cd703d4b49872be4ed53,erc20,1000.0,0x67ef3d9c1e9abd361083b33425bb71e264bd991ea155030dee8a9e0ddecd7dc9,1779336503,candidate_layering,AIFreeUse.cc,0xa94ba1ef6ca0dc42efd41abd7c717a3ed7996948
0xa160cdab225685da1d56aa342ad8841c3b53f291,0xd7b7271404d6701f77149f47bf952854899e1c89,erc20,1000.0,0x67ef3d9c1e9abd361083b33425bb71e264bd991ea155030dee8a9e0ddecd7dc9,1779336503,candidate_layering,AIFreeUse.cc,0xa94ba1ef6ca0dc42efd41abd7c717a3ed7996948
0xa160cdab225685da1d56aa342ad8841c3b53f291,0xe1a95c6b859bf6b49fe6eefdaeacbd76aadc7da7,erc20,1000.0,0xab7f76ba52da67967dca36761876afcd49b606c7b41b09ef1a32a31e12ffa359,1779336515,candidate_layering,AIFreeUse.cc,0xa94ba1ef6ca0dc42efd41abd7c717a3ed7996948
0xa160cdab225685da1d56aa342ad8841c3b53f291,0xcdeb1c2bae8b5987dd659dc8250302b2dcc09fc1,erc20,1000.0,0xab7f76ba52da67967dca36761876afcd49b606c7b41b09ef1a32a31e12ffa359,1779336515,candidate_layering,AIFreeUse.cc,0xa94ba1ef6ca0dc42efd41abd7c717a3ed7996948
0xa160cdab225685da1d56aa342ad8841c3b53f291,0x6198a823cc2d02ac68e1d13835f14a890c874061,erc20,1000.0,0xab7f76ba52da67967dca36761876afcd49b606c7b41b09ef1a32a31e12ffa359,1779336515,candidate_layering,AIFreeUse.cc,0xa94ba1ef6ca0dc42efd41abd7c717a3ed7996948
0xa160cdab225685da1d56aa342ad8841c3b53f291,0xbbd0d4d067d5af2065b1b6fd936d93237ae1c56c,erc20,1000.0,0xab7f76ba52da67967dca36761876afcd49b606c7b41b09ef1a32a31e12ffa359,1779336515,candidate_layering,AIFreeUse.cc,0xa94ba1ef6ca0dc42efd41abd7c717a3ed7996948
0xa160cdab225685da1d56aa342ad8841c3b53f291,0x477b8d5ef7c2c42db84deb555419cd817c336b6f,erc20,1000.0,0xab7f76ba52da67967dca36761876afcd49b606c7b41b09ef1a32a31e12ffa359,1779336515,candidate_layering,AIFreeUse.cc,0xa94ba1ef6ca0dc42efd41abd7c717a3ed7996948
0xa160cdab225685da1d56aa342ad8841c3b53f291,0xdbeca8fb948c42634256609bce5a3768c9b3e9eb,erc20,1000.0,0xab7f76ba52da67967dca36761876afcd49b606c7b41b09ef1a32a31e12ffa359,1779336515,candidate_layering,AIFreeUse.cc,0xa94ba1ef6ca0dc42efd41abd7c717a3ed7996948
0xa160cdab225685da1d56aa342ad8841c3b53f291,0x42e213a3ad048e899b89ea8cb11d21bc97b84748,erc20,1000.0,0x84e2d9c44c0b976c9101b17e1065204052dc36bd44632a2ce3d3af06edb4ecd0,1779336527,candidate_layering,AIFreeUse.cc,0xa94ba1ef6ca0dc42efd41abd7c717a3ed7996948
0xa160cdab225685da1d56aa342ad8841c3b53f291,0xee7ae85f2fe2239e27d9c1e23fffe168d63b4055,erc20,1000.0,0x84e2d9c44c0b976c9101b17e1065204052dc36bd44632a2ce3d3af06edb4ecd0,1779336527,candidate_layering,AIFreeUse.cc,0xa94ba1ef6ca0dc42efd41abd7c717a3ed7996948
0xa160cdab225685da1d56aa342ad8841c3b53f291,0x4171d792e310ee2e3c325caa09339a899399684d,erc20,1000.0,0x84e2d9c44c0b976c9101b17e1065204052dc36bd44632a2ce3d3af06edb4ecd0,1779336527,candidate_layering,AIFreeUse.cc,0xa94ba1ef6ca0dc42efd41abd7c717a3ed7996948
0xa160cdab225685da1d56aa342ad8841c3b53f291,0x559432e18b281731c054cd703d4b49872be4ed53,erc20,1000.0,0x84e2d9c44c0b976c9101b17e1065204052dc36bd44632a2ce3d3af06edb4ecd0,1779336527,candidate_layering,AIFreeUse.cc,0xa94ba1ef6ca0dc42efd41abd7c717a3ed7996948
0xa160cdab225685da1d56aa342ad8841c3b53f291,0x3349b243fe26b07ea912856a768cb6348d00ba35,erc20,1000.0,0x84e2d9c44c0b976c9101b17e1065204052dc36bd44632a2ce3d3af06edb4ecd0,1779336527,candidate_layering,AIFreeUse.cc,0xa94ba1ef6ca0dc42efd41abd7c717a3ed7996948
0xa160cdab225685da1d56aa342ad8841c3b53f291,0x7f54f05635d15cde17a49502fedb9d1803a3be8a,erc20,1000.0,0x60eeda9f928db48c6c94bc183140b76f9d9cfafb4ad2996b083f85b99c50a774,1779336539,candidate_layering,AIFreeUse.cc,0xa94ba1ef6ca0dc42efd41abd7c717a3ed7996948
0xa160cdab225685da1d56aa342ad8841c3b53f291,0x6338e26509ba368d5bef2fa1aaaa0cc021b9648a,erc20,1000.0,0x60eeda9f928db48c6c94bc183140b76f9d9cfafb4ad2996b083f85b99c50a774,1779336539,candidate_layering,AIFreeUse.cc,0xa94ba1ef6ca0dc42efd41abd7c717a3ed7996948
0xa160cdab225685da1d56aa342ad8841c3b53f291,0x06cd6245156c3608ae67d690c125e86a8bc6a88c,erc20,1000.0,0x60eeda9f928db48c6c94bc183140b76f9d9cfafb4ad2996b083f85b99c50a774,1779336539,candidate_layering,AIFreeUse.cc,0xa94ba1ef6ca0dc42efd41abd7c717a3ed7996948
0xa160cdab225685da1d56aa342ad8841c3b53f291,0x188fcd5bd34b5e35eb7206f429ca933616e2f91a,erc20,1000.0,0x60eeda9f928db48c6c94bc183140b76f9d9cfafb4ad2996b083f85b99c50a774,1779336539,candidate_layering,AIFreeUse.cc,0xa94ba1ef6ca0dc42efd41abd7c717a3ed7996948
0xa160cdab225685da1d56aa342ad8841c3b53f291,0x4d63da0421ab1d71fbf2a3d3c8625a66d9b9799d,erc20,1000.0,0x60eeda9f928db48c6c94bc183140b76f9d9cfafb4ad2996b083f85b99c50a774,1779336539,candidate_layering,AIFreeUse.cc,0xa94ba1ef6ca0dc42efd41abd7c717a3ed7996948
0xa160cdab225685da1d56aa342ad8841c3b53f291,0x58b704065b7aff3ed351052f8560019e05925023,erc20,1000.0,0x216cf13c0ad34d22990be6d01f3e353210ce4a2fd2589d4dafc457d95ba4b548,1779336551,candidate_layering,AIFreeUse.cc,0xa94ba1ef6ca0dc42efd41abd7c717a3ed7996948
0xa160cdab225685da1d56aa342ad8841c3b53f291,0xef8801eaf234ff82801821ffe2d78d60a0237f97,erc20,1000.0,0x216cf13c0ad34d22990be6d01f3e353210ce4a2fd2589d4dafc457d95ba4b548,1779336551,candidate_layering,AIFreeUse.cc,0xa94ba1ef6ca0dc42efd41abd7c717a3ed7996948
0xa160cdab225685da1d56aa342ad8841c3b53f291,0x04712245a771c609aa44c28136f708e1453fee7f,erc20,1000.0,0x0648304017d06873519595bfda9f33207f85a236b66a18b49c720d7180598bd6,1779336563,candidate_layering,AIFreeUse.cc,0xa94ba1ef6ca0dc42efd41abd7c717a3ed7996948
0xa160cdab225685da1d56aa342ad8841c3b53f291,0xc7bbec68d12a0d1830360f8ec58fa599ba1b0e9b,erc20,1000.0,0x0648304017d06873519595bfda9f33207f85a236b66a18b49c720d7180598bd6,1779336563,candidate_layering,AIFreeUse.cc,0xa94ba1ef6ca0dc42efd41abd7c717a3ed7996948
0xa160cdab225685da1d56aa342ad8841c3b53f291,0x68e78497a7b0db7718ccc833c164a18d8e626816,erc20,1000.0,0x0648304017d06873519595bfda9f33207f85a236b66a18b49c720d7180598bd6,1779336563,candidate_layering,AIFreeUse.cc,0xa94ba1ef6ca0dc42efd41abd7c717a3ed7996948
0xa160cdab225685da1d56aa342ad8841c3b53f291,0xbce8934ab924766263e59853f2a4f989f57739a8,erc20,1000.0,0x0648304017d06873519595bfda9f33207f85a236b66a18b49c720d7180598bd6,1779336563,candidate_layering,AIFreeUse.cc,0xa94ba1ef6ca0dc42efd41abd7c717a3ed7996948
0xa160cdab225685da1d56aa342ad8841c3b53f291,0xa250cc729bb3323e7933022a67b52200fe354767,erc20,1000.0,0x651dee0e1c39d3de66d8fe9d0c4d29c420ae22ea0fe39d92f467634c53a8e6c1,1779336575,candidate_layering,AIFreeUse.cc,0xa94ba1ef6ca0dc42efd41abd7c717a3ed7996948
0xa160cdab225685da1d56aa342ad8841c3b53f291,0x74855c54e23e1996fa31e1dba183f27ae6572af8,erc20,1000.0,0x651dee0e1c39d3de66d8fe9d0c4d29c420ae22ea0fe39d92f467634c53a8e6c1,1779336575,candidate_layering,AIFreeUse.cc,0xa94ba1ef6ca0dc42efd41abd7c717a3ed7996948
0xa160cdab225685da1d56aa342ad8841c3b53f291,0x559432e18b281731c054cd703d4b49872be4ed53,erc20,1000.0,0x651dee0e1c39d3de66d8fe9d0c4d29c420ae22ea0fe39d92f467634c53a8e6c1,1779336575,candidate_layering,AIFreeUse.cc,0xa94ba1ef6ca0dc42efd41abd7c717a3ed7996948
0xa160cdab225685da1d56aa342ad8841c3b53f291,0x016606acc6b0cfe537acc221e3bf1bb44b4049ee,erc20,1000.0,0x651dee0e1c39d3de66d8fe9d0c4d29c420ae22ea0fe39d92f467634c53a8e6c1,1779336575,candidate_layering,AIFreeUse.cc,0xa94ba1ef6ca0dc42efd41abd7c717a3ed7996948
0xa160cdab225685da1d56aa342ad8841c3b53f291,0x000000000004444c5dc75cb358380d2e3de08a90,erc20,1000.0,0x14641417acd69c03f04ab98eb454780196afb12979d73405a57839f04d0fba5e,1779336587,candidate_layering,AIFreeUse.cc,0xa94ba1ef6ca0dc42efd41abd7c717a3ed7996948
0xa160cdab225685da1d56aa342ad8841c3b53f291,0xebce6700aae45ac9dd35424bf9b84cfce79e6dc9,erc20,1000.0,0x14641417acd69c03f04ab98eb454780196afb12979d73405a57839f04d0fba5e,1779336587,candidate_layering,AIFreeUse.cc,0xa94ba1ef6ca0dc42efd41abd7c717a3ed7996948
0xa160cdab225685da1d56aa342ad8841c3b53f291,0x18e296053cbdf986196903e889b7dca7a73882f6,erc20,1000.0,0x14641417acd69c03f04ab98eb454780196afb12979d73405a57839f04d0fba5e,1779336587,candidate_layering,AIFreeUse.cc,0xa94ba1ef6ca0dc42efd41abd7c717a3ed7996948
0xa160cdab225685da1d56aa342ad8841c3b53f291,0xdae4135dac6c62937728d145f8048b2bab2ce55c,erc20,1000.0,0x14641417acd69c03f04ab98eb454780196afb12979d73405a57839f04d0fba5e,1779336587,candidate_layering,AIFreeUse.cc,0xa94ba1ef6ca0dc42efd41abd7c717a3ed7996948
0xa160cdab225685da1d56aa342ad8841c3b53f291,0x000000000004444c5dc75cb358380d2e3de08a90,erc20,1000.0,0x5c32e3c179141cb37b2f4aff3ac745be4bd953da524d4f43a23021246d80a627,1779336599,candidate_layering,AIFreeUse.cc,0xa94ba1ef6ca0dc42efd41abd7c717a3ed7996948
0xa160cdab225685da1d56aa342ad8841c3b53f291,0xbdb3ba9ffe392549e1f8658dd2630c141fdf47b6,erc20,1000.0,0x5c32e3c179141cb37b2f4aff3ac745be4bd953da524d4f43a23021246d80a627,1779336599,candidate_layering,AIFreeUse.cc,0xa94ba1ef6ca0dc42efd41abd7c717a3ed7996948
0xa160cdab225685da1d56aa342ad8841c3b53f291,0xa9d1e08c7793af67e9d92fe308d5697fb81d3e43,erc20,1000.0,0x5c32e3c179141cb37b2f4aff3ac745be4bd953da524d4f43a23021246d80a627,1779336599,candidate_layering,AIFreeUse.cc,0xa94ba1ef6ca0dc42efd41abd7c717a3ed7996948
0xa160cdab225685da1d56aa342ad8841c3b53f291,0xa9d1e08c7793af67e9d92fe308d5697fb81d3e43,erc20,1000.0,0x5c32e3c179141cb37b2f4aff3ac745be4bd953da524d4f43a23021246d80a627,1779336599,candidate_layering,AIFreeUse.cc,0xa94ba1ef6ca0dc42efd41abd7c717a3ed7996948
0xa160cdab225685da1d56aa342ad8841c3b53f291,0xa9d1e08c7793af67e9d92fe308d5697fb81d3e43,erc20,1000.0,0x5c32e3c179141cb37b2f4aff3ac745be4bd953da524d4f43a23021246d80a627,1779336599,candidate_layering,AIFreeUse.cc,0xa94ba1ef6ca0dc42efd41abd7c717a3ed7996948
0xa160cdab225685da1d56aa342ad8841c3b53f291,0x36c3b67d885d719f34d9982fc25ad21f9b2b63c3,erc20,1000.0,0x5c32e3c179141cb37b2f4aff3ac745be4bd953da524d4f43a23021246d80a627,1779336599,candidate_layering,AIFreeUse.cc,0xa94ba1ef6ca0dc42efd41abd7c717a3ed7996948
0xa160cdab225685da1d56aa342ad8841c3b53f291,0x1d3cf705925638fa87a5bad5df88b3cc9e4d2383,erc20,1000.0,0x5c32e3c179141cb37b2f4aff3ac745be4bd953da524d4f43a23021246d80a627,1779336599,candidate_layering,AIFreeUse.cc,0xa94ba1ef6ca0dc42efd41abd7c717a3ed7996948
0xa160cdab225685da1d56aa342ad8841c3b53f291,0xfa1b5dbef5365dd41282c124f2382940d2f5cf20,erc20,1000.0,0x5c32e3c179141cb37b2f4aff3ac745be4bd953da524d4f43a23021246d80a627,1779336599,candidate_layering,AIFreeUse.cc,0xa94ba1ef6ca0dc42efd41abd7c717a3ed7996948
0xa160cdab225685da1d56aa342ad8841c3b53f291,0xa690621b1d2f8cc06de2de11e4cf69935f82655a,erc20,1000.0,0x5c32e3c179141cb37b2f4aff3ac745be4bd953da524d4f43a23021246d80a627,1779336599,candidate_layering,AIFreeUse.cc,0xa94ba1ef6ca0dc42efd41abd7c717a3ed7996948
0xa160cdab225685da1d56aa342ad8841c3b53f291,0xc832be5ce54ae878550fe33eae1bb0c7cb83094f,erc20,1000.0,0x36038828e50496490da3129e3b4e9d66a43ad1fe67476a9eaaec792f23e33f58,1779336611,candidate_layering,AIFreeUse.cc,0xa94ba1ef6ca0dc42efd41abd7c717a3ed7996948
0xa160cdab225685da1d56aa342ad8841c3b53f291,0xaafc3e0ff8bb3ec75a53ec9687a9a4c74de6f7d3,erc20,1000.0,0x36038828e50496490da3129e3b4e9d66a43ad1fe67476a9eaaec792f23e33f58,1779336611,candidate_layering,AIFreeUse.cc,0xa94ba1ef6ca0dc42efd41abd7c717a3ed7996948
0xa160cdab225685da1d56aa342ad8841c3b53f291,0x5e0e8b1a61f12983507d6e6cba6ce57c284912df,erc20,1000.0,0x36038828e50496490da3129e3b4e9d66a43ad1fe67476a9eaaec792f23e33f58,1779336611,candidate_layering,AIFreeUse.cc,0xa94ba1ef6ca0dc42efd41abd7c717a3ed7996948
0xa160cdab225685da1d56aa342ad8841c3b53f291,0xd77743524bb28522ded41418e04da6ae11aa7d7e,erc20,1000.0,0x36038828e50496490da3129e3b4e9d66a43ad1fe67476a9eaaec792f23e33f58,1779336611,candidate_layering,AIFreeUse.cc,0xa94ba1ef6ca0dc42efd41abd7c717a3ed7996948
0xa160cdab225685da1d56aa342ad8841c3b53f291,0x56eddb7aa87536c09ccc2793473599fd21a8b17f,erc20,1000.0,0x36038828e50496490da3129e3b4e9d66a43ad1fe67476a9eaaec792f23e33f58,1779336611,candidate_layering,AIFreeUse.cc,0xa94ba1ef6ca0dc42efd41abd7c717a3ed7996948
0xa160cdab225685da1d56aa342ad8841c3b53f291,0xa46b465f27c6f95235c89b7a21b89d1d4785b7f9,erc20,1000.0,0x36038828e50496490da3129e3b4e9d66a43ad1fe67476a9eaaec792f23e33f58,1779336611,candidate_layering,AIFreeUse.cc,0xa94ba1ef6ca0dc42efd41abd7c717a3ed7996948
0xa160cdab225685da1d56aa342ad8841c3b53f291,0x935d2e470284fb536227a76a723f96a94efae6a9,erc20,1000.0,0x36038828e50496490da3129e3b4e9d66a43ad1fe67476a9eaaec792f23e33f58,1779336611,candidate_layering,AIFreeUse.cc,0xa94ba1ef6ca0dc42efd41abd7c717a3ed7996948
0xa160cdab225685da1d56aa342ad8841c3b53f291,0xe45a1523cd62f7eb510cb69991480afedf0db576,erc20,1000.0,0x36038828e50496490da3129e3b4e9d66a43ad1fe67476a9eaaec792f23e33f58,1779336611,candidate_layering,AIFreeUse.cc,0xa94ba1ef6ca0dc42efd41abd7c717a3ed7996948
0xa160cdab225685da1d56aa342ad8841c3b53f291,0x8c8d7c46219d9205f056f28fee5950ad564d7465,erc20,1000.0,0x374233486aaec7375346ef3ac86eb915dded04ce2d75f0e9401115c1c3c48493,1779336623,candidate_layering,AIFreeUse.cc,0xa94ba1ef6ca0dc42efd41abd7c717a3ed7996948
0xa160cdab225685da1d56aa342ad8841c3b53f291,0x130d6f9cbc45e33e800571176175d8dd0be32fca,erc20,1000.0,0x374233486aaec7375346ef3ac86eb915dded04ce2d75f0e9401115c1c3c48493,1779336623,candidate_layering,AIFreeUse.cc,0xa94ba1ef6ca0dc42efd41abd7c717a3ed7996948
0xa160cdab225685da1d56aa342ad8841c3b53f291,0xe8de83a0d674ea87eb0457f79925f5044a3e7472,erc20,1000.0,0xd397a981ea42837ce61671ce16f3849ad8bf1adad2114aa78a08be1aad0f1464,1779336635,candidate_layering,AIFreeUse.cc,0xa94ba1ef6ca0dc42efd41abd7c717a3ed7996948
0xa160cdab225685da1d56aa342ad8841c3b53f291,0x557621f2ffcff088fafefb7231356f12460bae85,erc20,1000.0,0xd397a981ea42837ce61671ce16f3849ad8bf1adad2114aa78a08be1aad0f1464,1779336635,candidate_layering,AIFreeUse.cc,0xa94ba1ef6ca0dc42efd41abd7c717a3ed7996948
0xa160cdab225685da1d56aa342ad8841c3b53f291,0x8f10b468b06c6fd214b65f87778827f7d113f996,erc20,1000.0,0xd397a981ea42837ce61671ce16f3849ad8bf1adad2114aa78a08be1aad0f1464,1779336635,candidate_layering,AIFreeUse.cc,0xa94ba1ef6ca0dc42efd41abd7c717a3ed7996948
0xa160cdab225685da1d56aa342ad8841c3b53f291,0xc94ebb328ac25b95db0e0aa968371885fa516215,erc20,1000.0,0xd397a981ea42837ce61671ce16f3849ad8bf1adad2114aa78a08be1aad0f1464,1779336635,candidate_layering,AIFreeUse.cc,0xa94ba1ef6ca0dc42efd41abd7c717a3ed7996948
0xa160cdab225685da1d56aa342ad8841c3b53f291,0xbdb3ba9ffe392549e1f8658dd2630c141fdf47b6,erc20,1000.0,0xd397a981ea42837ce61671ce16f3849ad8bf1adad2114aa78a08be1aad0f1464,1779336635,candidate_layering,AIFreeUse.cc,0xa94ba1ef6ca0dc42efd41abd7c717a3ed7996948
0xa160cdab225685da1d56aa342ad8841c3b53f291,0xe82674331ae3e8058b5224091a5e8972cf533abe,erc20,1000.0,0xd397a981ea42837ce61671ce16f3849ad8bf1adad2114aa78a08be1aad0f1464,1779336635,candidate_layering,AIFreeUse.cc,0xa94ba1ef6ca0dc42efd41abd7c717a3ed7996948
0xa160cdab225685da1d56aa342ad8841c3b53f291,0xb9c4a5522a2f8ba9e2ff7063df8c02ed443337a3,erc20,1000.0,0xd397a981ea42837ce61671ce16f3849ad8bf1adad2114aa78a08be1aad0f1464,1779336635,candidate_layering,AIFreeUse.cc,0xa94ba1ef6ca0dc42efd41abd7c717a3ed7996948
0xa160cdab225685da1d56aa342ad8841c3b53f291,0x56eddb7aa87536c09ccc2793473599fd21a8b17f,erc20,1000.0,0x68fde33cc4be6abe91f12e6fbacc0054bce7e70d836620b1ac86d9c5dbd190b2,1779336647,candidate_layering,AIFreeUse.cc,0xa94ba1ef6ca0dc42efd41abd7c717a3ed7996948
0xa160cdab225685da1d56aa342ad8841c3b53f291,0xa8b1b8610e571da441b6d0bfc49514e59dee6f2f,erc20,1000.0,0x68fde33cc4be6abe91f12e6fbacc0054bce7e70d836620b1ac86d9c5dbd190b2,1779336647,candidate_layering,AIFreeUse.cc,0xa94ba1ef6ca0dc42efd41abd7c717a3ed7996948
0xa160cdab225685da1d56aa342ad8841c3b53f291,0xf932f963323f6c3f0821b679d9a12a32d76d8223,erc20,1000.0,0x68fde33cc4be6abe91f12e6fbacc0054bce7e70d836620b1ac86d9c5dbd190b2,1779336647,candidate_layering,AIFreeUse.cc,0xa94ba1ef6ca0dc42efd41abd7c717a3ed7996948
0xa160cdab225685da1d56aa342ad8841c3b53f291,0xfbcad36568de4a25a2af198e6ce7dc42ecfad77a,erc20,1000.0,0x68fde33cc4be6abe91f12e6fbacc0054bce7e70d836620b1ac86d9c5dbd190b2,1779336647,candidate_layering,AIFreeUse.cc,0xa94ba1ef6ca0dc42efd41abd7c717a3ed7996948
0xa160cdab225685da1d56aa342ad8841c3b53f291,0xeebe65413aa30873315f1bddb9112502d29a3473,erc20,1000.0,0x963ff67f2e833fa84e041d9b47f623ec1ac1fd0fc07cab3da9db2e65ada83008,1779336659,candidate_layering,AIFreeUse.cc,0xa94ba1ef6ca0dc42efd41abd7c717a3ed7996948
0xa160cdab225685da1d56aa342ad8841c3b53f291,0x7a250d5630b4cf539739df2c5dacb4c659f2488d,erc20,1000.0,0x963ff67f2e833fa84e041d9b47f623ec1ac1fd0fc07cab3da9db2e65ada83008,1779336659,candidate_layering,AIFreeUse.cc,0xa94ba1ef6ca0dc42efd41abd7c717a3ed7996948
0xa160cdab225685da1d56aa342ad8841c3b53f291,0xfaeefd557ffd2714f16e1a44a165fcd5d6a6b6a0,erc20,1000.0,0x963ff67f2e833fa84e041d9b47f623ec1ac1fd0fc07cab3da9db2e65ada83008,1779336659,candidate_layering,AIFreeUse.cc,0xa94ba1ef6ca0dc42efd41abd7c717a3ed7996948
0xa160cdab225685da1d56aa342ad8841c3b53f291,0x9642b23ed1e01df1092b92641051881a322f5d4e,erc20,1000.0,0x465896e8c5bd9723d59943109295895d77054206ca7edce65c11626833a40b31,1779336671,candidate_layering,AIFreeUse.cc,0xa94ba1ef6ca0dc42efd41abd7c717a3ed7996948
0xa160cdab225685da1d56aa342ad8841c3b53f291,0x9642b23ed1e01df1092b92641051881a322f5d4e,erc20,1000.0,0x465896e8c5bd9723d59943109295895d77054206ca7edce65c11626833a40b31,1779336671,candidate_layering,AIFreeUse.cc,0xa94ba1ef6ca0dc42efd41abd7c717a3ed7996948
0xa160cdab225685da1d56aa342ad8841c3b53f291,0xf858df92c3becb4bbfb4f108efe9bf073e257f2e,erc20,1000.0,0x465896e8c5bd9723d59943109295895d77054206ca7edce65c11626833a40b31,1779336671,candidate_layering,AIFreeUse.cc,0xa94ba1ef6ca0dc42efd41abd7c717a3ed7996948
0xa160cdab225685da1d56aa342ad8841c3b53f291,0x10edcdd9401abfef0539e6b3a7b489f1a8afee06,erc20,1000.0,0x465896e8c5bd9723d59943109295895d77054206ca7edce65c11626833a40b31,1779336671,candidate_layering,AIFreeUse.cc,0xa94ba1ef6ca0dc42efd41abd7c717a3ed7996948
0xa160cdab225685da1d56aa342ad8841c3b53f291,0xd5524d3493dca9248d8cba0d2f37d0f8db39c3a0,erc20,1000.0,0x465896e8c5bd9723d59943109295895d77054206ca7edce65c11626833a40b31,1779336671,candidate_layering,AIFreeUse.cc,0xa94ba1ef6ca0dc42efd41abd7c717a3ed7996948
0xa160cdab225685da1d56aa342ad8841c3b53f291,0x91af999c875c8d4d8802f6dbfe83dd8c5f6003f1,erc20,1000.0,0x465896e8c5bd9723d59943109295895d77054206ca7edce65c11626833a40b31,1779336671,candidate_layering,AIFreeUse.cc,0xa94ba1ef6ca0dc42efd41abd7c717a3ed7996948
0xa160cdab225685da1d56aa342ad8841c3b53f291,0xe75fef99bb7420cbde9a25e6572ad436a3e178bb,erc20,1000.0,0x465896e8c5bd9723d59943109295895d77054206ca7edce65c11626833a40b31,1779336671,candidate_layering,AIFreeUse.cc,0xa94ba1ef6ca0dc42efd41abd7c717a3ed7996948
0xa160cdab225685da1d56aa342ad8841c3b53f291,0xa19b044bdede9198e75668dc836003150d07a2d8,erc20,1000.0,0x465896e8c5bd9723d59943109295895d77054206ca7edce65c11626833a40b31,1779336671,candidate_layering,AIFreeUse.cc,0xa94ba1ef6ca0dc42efd41abd7c717a3ed7996948
0xa160cdab225685da1d56aa342ad8841c3b53f291,0x2d88581c23a6cb61c5eb2ddb19cbf20bd6bdf652,erc20,1000.0,0xe6ed19465d428696b3f85d0b6fbb5fabbeb0aa057da832a4c799f8bedf577993,1779336683,candidate_layering,AIFreeUse.cc,0xa94ba1ef6ca0dc42efd41abd7c717a3ed7996948
0xa160cdab225685da1d56aa342ad8841c3b53f291,0x15ed69fd18c68a1728102abf4e5d870473e7c02c,erc20,1000.0,0xe6ed19465d428696b3f85d0b6fbb5fabbeb0aa057da832a4c799f8bedf577993,1779336683,candidate_layering,AIFreeUse.cc,0xa94ba1ef6ca0dc42efd41abd7c717a3ed7996948
0xa160cdab225685da1d56aa342ad8841c3b53f291,0x46d25fea417ce07a6ae610e1fd23ea561b5b8eb7,erc20,1000.0,0x36124e336d279296b1bb8befb74beb4de6e9e6c0a885029ae1e9c33cacb15a83,1779336695,candidate_layering,AIFreeUse.cc,0xa94ba1ef6ca0dc42efd41abd7c717a3ed7996948
0xa160cdab225685da1d56aa342ad8841c3b53f291,0x31dc6cf171bbc67a23ab2c3748b95b7a54a3ac93,erc20,1000.0,0x90ff9e6827ec6b14b82bf37469d275b88fe4fc4e5902148167b867af49411a42,1779336707,candidate_layering,AIFreeUse.cc,0xa94ba1ef6ca0dc42efd41abd7c717a3ed7996948
0xa160cdab225685da1d56aa342ad8841c3b53f291,0xe0554a476a092703abdb3ef35c80e0d76d32939f,erc20,1000.0,0x90ff9e6827ec6b14b82bf37469d275b88fe4fc4e5902148167b867af49411a42,1779336707,candidate_layering,AIFreeUse.cc,0xa94ba1ef6ca0dc42efd41abd7c717a3ed7996948
0xa160cdab225685da1d56aa342ad8841c3b53f291,0x9a8219ebc9529491a9a268ed6307a21d3f4fa904,erc20,1000.0,0x90ff9e6827ec6b14b82bf37469d275b88fe4fc4e5902148167b867af49411a42,1779336707,candidate_layering,AIFreeUse.cc,0xa94ba1ef6ca0dc42efd41abd7c717a3ed7996948
0xa160cdab225685da1d56aa342ad8841c3b53f291,0x6b1d635d090fcb2a27548b2ae22c352137002898,erc20,1000.0,0x90ff9e6827ec6b14b82bf37469d275b88fe4fc4e5902148167b867af49411a42,1779336707,candidate_layering,AIFreeUse.cc,0xa94ba1ef6ca0dc42efd41abd7c717a3ed7996948
0xa160cdab225685da1d56aa342ad8841c3b53f291,0x96dd17cef122c7f4b7cfdaf59bfc5d7c29d0061c,erc20,1000.0,0x90ff9e6827ec6b14b82bf37469d275b88fe4fc4e5902148167b867af49411a42,1779336707,candidate_layering,AIFreeUse.cc,0xa94ba1ef6ca0dc42efd41abd7c717a3ed7996948
0xa160cdab225685da1d56aa342ad8841c3b53f291,0xbc23b1696d421f575319dc36b9fdfffb8e9c7857,erc20,1000.0,0x90ff9e6827ec6b14b82bf37469d275b88fe4fc4e5902148167b867af49411a42,1779336707,candidate_layering,AIFreeUse.cc,0xa94ba1ef6ca0dc42efd41abd7c717a3ed7996948
0xa160cdab225685da1d56aa342ad8841c3b53f291,0x301f54d573a5f09857f76a09c30573c99ad32f87,erc20,1000.0,0x90ff9e6827ec6b14b82bf37469d275b88fe4fc4e5902148167b867af49411a42,1779336707,candidate_layering,AIFreeUse.cc,0xa94ba1ef6ca0dc42efd41abd7c717a3ed7996948
0xa160cdab225685da1d56aa342ad8841c3b53f291,0x28b1dc1a5e3699a428bc51d234dfab7c9cb2a183,erc20,1000.0,0x90ff9e6827ec6b14b82bf37469d275b88fe4fc4e5902148167b867af49411a42,1779336707,candidate_layering,AIFreeUse.cc,0xa94ba1ef6ca0dc42efd41abd7c717a3ed7996948
0xa160cdab225685da1d56aa342ad8841c3b53f291,0x1f22716cdc800d395541896f2b6b33a29acbdf2d,erc20,1000.0,0x90ff9e6827ec6b14b82bf37469d275b88fe4fc4e5902148167b867af49411a42,1779336707,candidate_layering,AIFreeUse.cc,0xa94ba1ef6ca0dc42efd41abd7c717a3ed7996948
0xa160cdab225685da1d56aa342ad8841c3b53f291,0xbbcb91440523216e2b87052a99f69c604a7b6e00,erc20,1000.0,0x90ff9e6827ec6b14b82bf37469d275b88fe4fc4e5902148167b867af49411a42,1779336707,candidate_layering,AIFreeUse.cc,0xa94ba1ef6ca0dc42efd41abd7c717a3ed7996948
0xa160cdab225685da1d56aa342ad8841c3b53f291,0x6e0082cfd2e9e7f69f356bf3cd7d4179cc4cc374,erc20,1000.0,0x90ff9e6827ec6b14b82bf37469d275b88fe4fc4e5902148167b867af49411a42,1779336707,candidate_layering,AIFreeUse.cc,0xa94ba1ef6ca0dc42efd41abd7c717a3ed7996948
0xa160cdab225685da1d56aa342ad8841c3b53f291,0x8f10b468b06c6fd214b65f87778827f7d113f996,erc20,1000.0,0x90ff9e6827ec6b14b82bf37469d275b88fe4fc4e5902148167b867af49411a42,1779336707,candidate_layering,AIFreeUse.cc,0xa94ba1ef6ca0dc42efd41abd7c717a3ed7996948
0xa160cdab225685da1d56aa342ad8841c3b53f291,0x3806b7d1f585ead0bcf4587c16eb728c9747e5b1,erc20,1000.0,0x90ff9e6827ec6b14b82bf37469d275b88fe4fc4e5902148167b867af49411a42,1779336707,candidate_layering,AIFreeUse.cc,0xa94ba1ef6ca0dc42efd41abd7c717a3ed7996948
0xa160cdab225685da1d56aa342ad8841c3b53f291,0xde758db54c1b4a87b06b34b30ef0a710dc35388f,erc20,1000.0,0x90ff9e6827ec6b14b82bf37469d275b88fe4fc4e5902148167b867af49411a42,1779336707,candidate_layering,AIFreeUse.cc,0xa94ba1ef6ca0dc42efd41abd7c717a3ed7996948
0xa160cdab225685da1d56aa342ad8841c3b53f291,0x3c2ec0b52339c488d51d3168d4737011cad15d18,erc20,1000.0,0x90ff9e6827ec6b14b82bf37469d275b88fe4fc4e5902148167b867af49411a42,1779336707,candidate_layering,AIFreeUse.cc,0xa94ba1ef6ca0dc42efd41abd7c717a3ed7996948
0xa160cdab225685da1d56aa342ad8841c3b53f291,0xc3dc20a8ed888c21205c225aef9a15f772985011,erc20,1000.0,0x90ff9e6827ec6b14b82bf37469d275b88fe4fc4e5902148167b867af49411a42,1779336707,candidate_layering,AIFreeUse.cc,0xa94ba1ef6ca0dc42efd41abd7c717a3ed7996948
0xa160cdab225685da1d56aa342ad8841c3b53f291,0x8d0b7138a0996a8bc0db5b8badd096545d90bb0f,erc20,1000.0,0x90ff9e6827ec6b14b82bf37469d275b88fe4fc4e5902148167b867af49411a42,1779336707,candidate_layering,AIFreeUse.cc,0xa94ba1ef6ca0dc42efd41abd7c717a3ed7996948
0xa160cdab225685da1d56aa342ad8841c3b53f291,0x1a8071e387f9f6f97448b4422e8fe46dc391c900,erc20,1000.0,0x90ff9e6827ec6b14b82bf37469d275b88fe4fc4e5902148167b867af49411a42,1779336707,candidate_layering,AIFreeUse.cc,0xa94ba1ef6ca0dc42efd41abd7c717a3ed7996948
0xa160cdab225685da1d56aa342ad8841c3b53f291,0x22de0d0f5f21c0d821a7b263a55d02d324ff02f7,erc20,1000.0,0xcadc21ab095e44744f90b5fdbe1512d4c187da40e0c0c9cad3079e50e22253dd,1779336719,candidate_layering,AIFreeUse.cc,0xa94ba1ef6ca0dc42efd41abd7c717a3ed7996948
0xa160cdab225685da1d56aa342ad8841c3b53f291,0x559432e18b281731c054cd703d4b49872be4ed53,erc20,1000.0,0xcadc21ab095e44744f90b5fdbe1512d4c187da40e0c0c9cad3079e50e22253dd,1779336719,candidate_layering,AIFreeUse.cc,0xa94ba1ef6ca0dc42efd41abd7c717a3ed7996948
0xa160cdab225685da1d56aa342ad8841c3b53f291,0x94dea03d8cc7029148f950c951b4ffec7e1448ce,erc20,1000.0,0xcadc21ab095e44744f90b5fdbe1512d4c187da40e0c0c9cad3079e50e22253dd,1779336719,candidate_layering,AIFreeUse.cc,0xa94ba1ef6ca0dc42efd41abd7c717a3ed7996948
0xa160cdab225685da1d56aa342ad8841c3b53f291,0xc7fa5aec3383bb50d99f8a62f0565cc474176a5d,erc20,1000.0,0xcadc21ab095e44744f90b5fdbe1512d4c187da40e0c0c9cad3079e50e22253dd,1779336719,candidate_layering,AIFreeUse.cc,0xa94ba1ef6ca0dc42efd41abd7c717a3ed7996948
0xa160cdab225685da1d56aa342ad8841c3b53f291,0x28b1dc1a5e3699a428bc51d234dfab7c9cb2a183,erc20,1000.0,0xcadc21ab095e44744f90b5fdbe1512d4c187da40e0c0c9cad3079e50e22253dd,1779336719,candidate_layering,AIFreeUse.cc,0xa94ba1ef6ca0dc42efd41abd7c717a3ed7996948
0xa160cdab225685da1d56aa342ad8841c3b53f291,0x23007b443c46bb0fe46567be852d25f3a7769177,erc20,1000.0,0xcadc21ab095e44744f90b5fdbe1512d4c187da40e0c0c9cad3079e50e22253dd,1779336719,candidate_layering,AIFreeUse.cc,0xa94ba1ef6ca0dc42efd41abd7c717a3ed7996948
0xa160cdab225685da1d56aa342ad8841c3b53f291,0x28b1dc1a5e3699a428bc51d234dfab7c9cb2a183,erc20,1000.0,0x31afbcaf17fb52a3d96f8182b511f95725308634b2472b1ad6c5a754511a090f,1779336731,candidate_layering,AIFreeUse.cc,0xa94ba1ef6ca0dc42efd41abd7c717a3ed7996948
0xa160cdab225685da1d56aa342ad8841c3b53f291,0x28b1dc1a5e3699a428bc51d234dfab7c9cb2a183,erc20,1000.0,0x31afbcaf17fb52a3d96f8182b511f95725308634b2472b1ad6c5a754511a090f,1779336731,candidate_layering,AIFreeUse.cc,0xa94ba1ef6ca0dc42efd41abd7c717a3ed7996948
0xa160cdab225685da1d56aa342ad8841c3b53f291,0x7afc12c8dd2e6591581d95586eb2c2a4905a12a9,erc20,1000.0,0x31afbcaf17fb52a3d96f8182b511f95725308634b2472b1ad6c5a754511a090f,1779336731,candidate_layering,AIFreeUse.cc,0xa94ba1ef6ca0dc42efd41abd7c717a3ed7996948
0xa160cdab225685da1d56aa342ad8841c3b53f291,0xf46ec267d65ad87c4294d42d52d10163491eadd7,erc20,1000.0,0x31afbcaf17fb52a3d96f8182b511f95725308634b2472b1ad6c5a754511a090f,1779336731,candidate_layering,AIFreeUse.cc,0xa94ba1ef6ca0dc42efd41abd7c717a3ed7996948
0xa160cdab225685da1d56aa342ad8841c3b53f291,0xe7a35f56197d9c6562de7154d524471e147df286,erc20,1000.0,0x31afbcaf17fb52a3d96f8182b511f95725308634b2472b1ad6c5a754511a090f,1779336731,candidate_layering,AIFreeUse.cc,0xa94ba1ef6ca0dc42efd41abd7c717a3ed7996948
0xa160cdab225685da1d56aa342ad8841c3b53f291,0xe37d7af46b1c6ac9dcdd268e083edee84f3189bb,erc20,1000.0,0x94e5419e5ae63b31e662c5e31febd19eaf16ddef60bce6135e9ea4cb453f0fe2,1779336743,candidate_layering,AIFreeUse.cc,0xa94ba1ef6ca0dc42efd41abd7c717a3ed7996948
0xa160cdab225685da1d56aa342ad8841c3b53f291,0xa9d1e08c7793af67e9d92fe308d5697fb81d3e43,erc20,1000.0,0x57effcf50cab0d22dace4aac53b8ddd19d795f239f0d5c342d7c4bfcaded3828,1779336755,candidate_layering,AIFreeUse.cc,0xa94ba1ef6ca0dc42efd41abd7c717a3ed7996948
0xa160cdab225685da1d56aa342ad8841c3b53f291,0xdb3a3fe97c4c44e0005d23bbdfaf9ce8b5b3dd69,erc20,1000.0,0x57effcf50cab0d22dace4aac53b8ddd19d795f239f0d5c342d7c4bfcaded3828,1779336755,candidate_layering,AIFreeUse.cc,0xa94ba1ef6ca0dc42efd41abd7c717a3ed7996948
0xa160cdab225685da1d56aa342ad8841c3b53f291,0x7f9267759b90fb79bcb33258cab821a3495793c5,erc20,1000.0,0x57effcf50cab0d22dace4aac53b8ddd19d795f239f0d5c342d7c4bfcaded3828,1779336755,candidate_layering,AIFreeUse.cc,0xa94ba1ef6ca0dc42efd41abd7c717a3ed7996948
0xa160cdab225685da1d56aa342ad8841c3b53f291,0x559432e18b281731c054cd703d4b49872be4ed53,erc20,1000.0,0x57effcf50cab0d22dace4aac53b8ddd19d795f239f0d5c342d7c4bfcaded3828,1779336755,candidate_layering,AIFreeUse.cc,0xa94ba1ef6ca0dc42efd41abd7c717a3ed7996948
0xa160cdab225685da1d56aa342ad8841c3b53f291,0xa1bf0e900fb272089c9fd299ea14bfccb1d1c2c0,erc20,1000.0,0x57effcf50cab0d22dace4aac53b8ddd19d795f239f0d5c342d7c4bfcaded3828,1779336755,candidate_layering,AIFreeUse.cc,0xa94ba1ef6ca0dc42efd41abd7c717a3ed7996948
0xa160cdab225685da1d56aa342ad8841c3b53f291,0x5f1dc28397c10bbfdf4451fbbed3f7ed6db1117b,erc20,1000.0,0x57effcf50cab0d22dace4aac53b8ddd19d795f239f0d5c342d7c4bfcaded3828,1779336755,candidate_layering,AIFreeUse.cc,0xa94ba1ef6ca0dc42efd41abd7c717a3ed7996948
0xa160cdab225685da1d56aa342ad8841c3b53f291,0x6b7dc81758483ecf91a14ba263831bfe6989716e,erc20,1000.0,0x57effcf50cab0d22dace4aac53b8ddd19d795f239f0d5c342d7c4bfcaded3828,1779336755,candidate_layering,AIFreeUse.cc,0xa94ba1ef6ca0dc42efd41abd7c717a3ed7996948
0xa160cdab225685da1d56aa342ad8841c3b53f291,0x9c1b08f4baf4f18edffbd271bd7fda90b07252c7,erc20,1000.0,0xb3c34d1c045bcb55088d0395a8fa0c3630055fe88f28729517f4de49ef5c78ef,1779336767,candidate_layering,AIFreeUse.cc,0xa94ba1ef6ca0dc42efd41abd7c717a3ed7996948
0xa160cdab225685da1d56aa342ad8841c3b53f291,0x559432e18b281731c054cd703d4b49872be4ed53,erc20,1000.0,0xb3c34d1c045bcb55088d0395a8fa0c3630055fe88f28729517f4de49ef5c78ef,1779336767,candidate_layering,AIFreeUse.cc,0xa94ba1ef6ca0dc42efd41abd7c717a3ed7996948
0xa160cdab225685da1d56aa342ad8841c3b53f291,0x559432e18b281731c054cd703d4b49872be4ed53,erc20,1000.0,0xb3c34d1c045bcb55088d0395a8fa0c3630055fe88f28729517f4de49ef5c78ef,1779336767,candidate_layering,AIFreeUse.cc,0xa94ba1ef6ca0dc42efd41abd7c717a3ed7996948
0xa160cdab225685da1d56aa342ad8841c3b53f291,0xbd4f1ff623b522ecf21c3e06cbb14ee30a905a04,erc20,1000.0,0xb3c34d1c045bcb55088d0395a8fa0c3630055fe88f28729517f4de49ef5c78ef,1779336767,candidate_layering,AIFreeUse.cc,0xa94ba1ef6ca0dc42efd41abd7c717a3ed7996948
0xa160cdab225685da1d56aa342ad8841c3b53f291,0xfe801589c70b341c2ae810a73ba59055a52e961d,erc20,1000.0,0xb3c34d1c045bcb55088d0395a8fa0c3630055fe88f28729517f4de49ef5c78ef,1779336767,candidate_layering,AIFreeUse.cc,0xa94ba1ef6ca0dc42efd41abd7c717a3ed7996948
0xa160cdab225685da1d56aa342ad8841c3b53f291,0xbbbbbbbbbb9cc5e90e3b3af64bdaf62c37eeffcb,erc20,1000.0,0xd6f90f68e9369501b27eda08b9e598fdf88c00c7170b5649125e342ba07eb310,1779336779,candidate_layering,AIFreeUse.cc,0xa94ba1ef6ca0dc42efd41abd7c717a3ed7996948
0xa160cdab225685da1d56aa342ad8841c3b53f291,0xc1649a4140741557eec8296f4dcd38eb169074c0,erc20,1000.0,0xd6f90f68e9369501b27eda08b9e598fdf88c00c7170b5649125e342ba07eb310,1779336779,candidate_layering,AIFreeUse.cc,0xa94ba1ef6ca0dc42efd41abd7c717a3ed7996948
0xa160cdab225685da1d56aa342ad8841c3b53f291,0xbb253d2ec5266061ed21264e7ec4733baf056c34,erc20,1000.0,0xd6f90f68e9369501b27eda08b9e598fdf88c00c7170b5649125e342ba07eb310,1779336779,candidate_layering,AIFreeUse.cc,0xa94ba1ef6ca0dc42efd41abd7c717a3ed7996948
0xa160cdab225685da1d56aa342ad8841c3b53f291,0x559432e18b281731c054cd703d4b49872be4ed53,erc20,1000.0,0xd6f90f68e9369501b27eda08b9e598fdf88c00c7170b5649125e342ba07eb310,1779336779,candidate_layering,AIFreeUse.cc,0xa94ba1ef6ca0dc42efd41abd7c717a3ed7996948
0xa160cdab225685da1d56aa342ad8841c3b53f291,0x35003f79b2dc3fca78b274d83be077f17b7d9c4d,erc20,1000.0,0xd6f90f68e9369501b27eda08b9e598fdf88c00c7170b5649125e342ba07eb310,1779336779,candidate_layering,AIFreeUse.cc,0xa94ba1ef6ca0dc42efd41abd7c717a3ed7996948
0xa160cdab225685da1d56aa342ad8841c3b53f291,0x08abcfef60cb4932046672aff4778a53631ffe14,erc20,1000.0,0xd6f90f68e9369501b27eda08b9e598fdf88c00c7170b5649125e342ba07eb310,1779336779,candidate_layering,AIFreeUse.cc,0xa94ba1ef6ca0dc42efd41abd7c717a3ed7996948
0xa160cdab225685da1d56aa342ad8841c3b53f291,0x62d8afa00f69e505800114ac56beeb975a60a5f5,erc20,1000.0,0xd6f90f68e9369501b27eda08b9e598fdf88c00c7170b5649125e342ba07eb310,1779336779,candidate_layering,AIFreeUse.cc,0xa94ba1ef6ca0dc42efd41abd7c717a3ed7996948
0xa160cdab225685da1d56aa342ad8841c3b53f291,0x1d0512356ab65bc5f0d60c730e7b369c958fa693,erc20,1000.0,0xd6f90f68e9369501b27eda08b9e598fdf88c00c7170b5649125e342ba07eb310,1779336779,candidate_layering,AIFreeUse.cc,0xa94ba1ef6ca0dc42efd41abd7c717a3ed7996948
0xa160cdab225685da1d56aa342ad8841c3b53f291,0xe64d94c6e9347cfdf46a875448aad88dd898c273,erc20,1000.0,0xd6f90f68e9369501b27eda08b9e598fdf88c00c7170b5649125e342ba07eb310,1779336779,candidate_layering,AIFreeUse.cc,0xa94ba1ef6ca0dc42efd41abd7c717a3ed7996948
0xa160cdab225685da1d56aa342ad8841c3b53f291,0x83ebd75e07ab6610eb53d0993db8681082470ad2,erc20,1000.0,0xd6f90f68e9369501b27eda08b9e598fdf88c00c7170b5649125e342ba07eb310,1779336779,candidate_layering,AIFreeUse.cc,0xa94ba1ef6ca0dc42efd41abd7c717a3ed7996948
0xa160cdab225685da1d56aa342ad8841c3b53f291,0xd126a7c785c91834903630a33a64d4b74f867601,erc20,1000.0,0xd6f90f68e9369501b27eda08b9e598fdf88c00c7170b5649125e342ba07eb310,1779336779,candidate_layering,AIFreeUse.cc,0xa94ba1ef6ca0dc42efd41abd7c717a3ed7996948
0xa160cdab225685da1d56aa342ad8841c3b53f291,0x7eb254a7080db3181788166ce65a8a329aa628a7,erc20,1000.0,0x07fbf785c90801a315dccee13c2b29fc2f095d808c90175a97bbe721d89914e8,1779336791,candidate_layering,AIFreeUse.cc,0xa94ba1ef6ca0dc42efd41abd7c717a3ed7996948
0xa160cdab225685da1d56aa342ad8841c3b53f291,0xd1ee705d774d59541d3d395e72a16e48389df7c7,erc20,1000.0,0x07fbf785c90801a315dccee13c2b29fc2f095d808c90175a97bbe721d89914e8,1779336791,candidate_layering,AIFreeUse.cc,0xa94ba1ef6ca0dc42efd41abd7c717a3ed7996948
0xa160cdab225685da1d56aa342ad8841c3b53f291,0x8041f228d57b6139b3ae56b56b2bc5041a6f7aa8,erc20,1000.0,0x07fbf785c90801a315dccee13c2b29fc2f095d808c90175a97bbe721d89914e8,1779336791,candidate_layering,AIFreeUse.cc,0xa94ba1ef6ca0dc42efd41abd7c717a3ed7996948
0xa160cdab225685da1d56aa342ad8841c3b53f291,0xfcb94fc1c17d99363c44fd3268abb5fa86a1ba93,erc20,1000.0,0x07fbf785c90801a315dccee13c2b29fc2f095d808c90175a97bbe721d89914e8,1779336791,candidate_layering,AIFreeUse.cc,0xa94ba1ef6ca0dc42efd41abd7c717a3ed7996948
0xa160cdab225685da1d56aa342ad8841c3b53f291,0xffe15ff598e719d29dfe5e1d60be1a5521a779ae,erc20,1000.0,0x1ce20e8c4485d4773603b62740da51b0a38bc8d325ab3626ac8a2dd9bf118890,1779336815,candidate_layering,AIFreeUse.cc,0xa94ba1ef6ca0dc42efd41abd7c717a3ed7996948
0xa160cdab225685da1d56aa342ad8841c3b53f291,0x3aef878bac1a0b8426c458efba4d8cfe29e313f0,erc20,1000.0,0x1ce20e8c4485d4773603b62740da51b0a38bc8d325ab3626ac8a2dd9bf118890,1779336815,candidate_layering,AIFreeUse.cc,0xa94ba1ef6ca0dc42efd41abd7c717a3ed7996948
0xa160cdab225685da1d56aa342ad8841c3b53f291,0x1a968a2887dd6658ed6e68f46de36d13ba69c2e3,erc20,1000.0,0x1ce20e8c4485d4773603b62740da51b0a38bc8d325ab3626ac8a2dd9bf118890,1779336815,candidate_layering,AIFreeUse.cc,0xa94ba1ef6ca0dc42efd41abd7c717a3ed7996948
0xa160cdab225685da1d56aa342ad8841c3b53f291,0x51c72848c68a965f66fa7a88855f9f7784502a7f,erc20,1000.0,0x93446fa4f83273707394bb208a75c943cd18963f8fff47727ac2d651f1b8edc2,1779336827,candidate_layering,AIFreeUse.cc,0xa94ba1ef6ca0dc42efd41abd7c717a3ed7996948
0xa160cdab225685da1d56aa342ad8841c3b53f291,0xb35985d062ff68fe205ebe26b6be18aa09efca61,erc20,1000.0,0x93446fa4f83273707394bb208a75c943cd18963f8fff47727ac2d651f1b8edc2,1779336827,candidate_layering,AIFreeUse.cc,0xa94ba1ef6ca0dc42efd41abd7c717a3ed7996948
0xa160cdab225685da1d56aa342ad8841c3b53f291,0xa4f1213de1214a27518850d64e9c9b09bbe79807,erc20,1000.0,0x93446fa4f83273707394bb208a75c943cd18963f8fff47727ac2d651f1b8edc2,1779336827,candidate_layering,AIFreeUse.cc,0xa94ba1ef6ca0dc42efd41abd7c717a3ed7996948
0xa160cdab225685da1d56aa342ad8841c3b53f291,0x67a6612372a0027758485044aee9fb2ff8b57541,erc20,1000.0,0x93446fa4f83273707394bb208a75c943cd18963f8fff47727ac2d651f1b8edc2,1779336827,candidate_layering,AIFreeUse.cc,0xa94ba1ef6ca0dc42efd41abd7c717a3ed7996948
0xa160cdab225685da1d56aa342ad8841c3b53f291,0xa3f07a2996639368a2b539d1df08c9ae0f992dbd,erc20,1000.0,0x93446fa4f83273707394bb208a75c943cd18963f8fff47727ac2d651f1b8edc2,1779336827,candidate_layering,AIFreeUse.cc,0xa94ba1ef6ca0dc42efd41abd7c717a3ed7996948
0xa160cdab225685da1d56aa342ad8841c3b53f291,0xce3a6609299a8fc273d16c03612941af343f6fc3,erc20,1000.0,0x93446fa4f83273707394bb208a75c943cd18963f8fff47727ac2d651f1b8edc2,1779336827,candidate_layering,AIFreeUse.cc,0xa94ba1ef6ca0dc42efd41abd7c717a3ed7996948
0xa160cdab225685da1d56aa342ad8841c3b53f291,0xb9080e93e2394db0fb80f39ee825546ea98618ca,erc20,1000.0,0x93446fa4f83273707394bb208a75c943cd18963f8fff47727ac2d651f1b8edc2,1779336827,candidate_layering,AIFreeUse.cc,0xa94ba1ef6ca0dc42efd41abd7c717a3ed7996948
0xa160cdab225685da1d56aa342ad8841c3b53f291,0x6222cf6ae46d6cbeef5797f9fbc78ece723c8e1e,erc20,1000.0,0x32fd4e9f6363f165f65908d2876c979691d188ca46000ca0888eeffb475e0ca1,1779336839,candidate_layering,AIFreeUse.cc,0xa94ba1ef6ca0dc42efd41abd7c717a3ed7996948
0xa160cdab225685da1d56aa342ad8841c3b53f291,0x559432e18b281731c054cd703d4b49872be4ed53,erc20,1000.0,0x32fd4e9f6363f165f65908d2876c979691d188ca46000ca0888eeffb475e0ca1,1779336839,candidate_layering,AIFreeUse.cc,0xa94ba1ef6ca0dc42efd41abd7c717a3ed7996948
0xa160cdab225685da1d56aa342ad8841c3b53f291,0x95298a3ed7abb9dde9871da401ddfc17cbe0bda5,erc20,1000.0,0x32fd4e9f6363f165f65908d2876c979691d188ca46000ca0888eeffb475e0ca1,1779336839,candidate_layering,AIFreeUse.cc,0xa94ba1ef6ca0dc42efd41abd7c717a3ed7996948
0xa160cdab225685da1d56aa342ad8841c3b53f291,0x26dc5aa3646f352e64053ff99a80ed1480afa121,erc20,1000.0,0x32fd4e9f6363f165f65908d2876c979691d188ca46000ca0888eeffb475e0ca1,1779336839,candidate_layering,AIFreeUse.cc,0xa94ba1ef6ca0dc42efd41abd7c717a3ed7996948
0xa160cdab225685da1d56aa342ad8841c3b53f291,0x307576dd4f73f91bb8c4a2edb762938e8e067d31,erc20,1000.0,0x32fd4e9f6363f165f65908d2876c979691d188ca46000ca0888eeffb475e0ca1,1779336839,candidate_layering,AIFreeUse.cc,0xa94ba1ef6ca0dc42efd41abd7c717a3ed7996948
0xa160cdab225685da1d56aa342ad8841c3b53f291,0xc30b525c1f0cf56458cf37a08b036dbbb653fbc6,erc20,1000.0,0x32fd4e9f6363f165f65908d2876c979691d188ca46000ca0888eeffb475e0ca1,1779336839,candidate_layering,AIFreeUse.cc,0xa94ba1ef6ca0dc42efd41abd7c717a3ed7996948
0xa160cdab225685da1d56aa342ad8841c3b53f291,0x5e1f62dac767b0491e3ce72469c217365d5b48cc,erc20,1000.0,0x135464896f9e1461d167f289028efb4de039762f5b72348dc4373bfa21e08542,1779336863,candidate_layering,AIFreeUse.cc,0xa94ba1ef6ca0dc42efd41abd7c717a3ed7996948
0xa160cdab225685da1d56aa342ad8841c3b53f291,0x3f98679e9af0626fbbfd7fb01dbd18d4be3c5b74,erc20,1000.0,0x135464896f9e1461d167f289028efb4de039762f5b72348dc4373bfa21e08542,1779336863,candidate_layering,AIFreeUse.cc,0xa94ba1ef6ca0dc42efd41abd7c717a3ed7996948
0xa160cdab225685da1d56aa342ad8841c3b53f291,0xa60a537961e5d8d8c1ea9ad895d96c1a30089b14,erc20,1000.0,0x135464896f9e1461d167f289028efb4de039762f5b72348dc4373bfa21e08542,1779336863,candidate_layering,AIFreeUse.cc,0xa94ba1ef6ca0dc42efd41abd7c717a3ed7996948
0xa160cdab225685da1d56aa342ad8841c3b53f291,0x46340b20830761efd32832a74d7169b29feb9758,erc20,1000.0,0x135464896f9e1461d167f289028efb4de039762f5b72348dc4373bfa21e08542,1779336863,candidate_layering,AIFreeUse.cc,0xa94ba1ef6ca0dc42efd41abd7c717a3ed7996948
0xa160cdab225685da1d56aa342ad8841c3b53f291,0x14331c1ecd863c98a368a428c1e29ab1af9157de,erc20,1000.0,0x135464896f9e1461d167f289028efb4de039762f5b72348dc4373bfa21e08542,1779336863,candidate_layering,AIFreeUse.cc,0xa94ba1ef6ca0dc42efd41abd7c717a3ed7996948
0xa160cdab225685da1d56aa342ad8841c3b53f291,0x0bea20830af2fead71df0dcd8a78494b9a434d8d,erc20,1000.0,0x135464896f9e1461d167f289028efb4de039762f5b72348dc4373bfa21e08542,1779336863,candidate_layering,AIFreeUse.cc,0xa94ba1ef6ca0dc42efd41abd7c717a3ed7996948
0xa160cdab225685da1d56aa342ad8841c3b53f291,0xbe4b41f698300729b1ade277f1d87e2c12d9b77c,erc20,1000.0,0x135464896f9e1461d167f289028efb4de039762f5b72348dc4373bfa21e08542,1779336863,candidate_layering,AIFreeUse.cc,0xa94ba1ef6ca0dc42efd41abd7c717a3ed7996948
0xa160cdab225685da1d56aa342ad8841c3b53f291,0xb6be71f39453548dee3a9026609458a954cb60df,erc20,1000.0,0x795311264fc6e0cbd7aa50ca4ecb42f413b88927fed2ed7b0668ddfa85a8e57a,1779336899,candidate_layering,AIFreeUse.cc,0x3c1f94e2d60eca16500d803d027e0e46669412e8
0xa160cdab225685da1d56aa342ad8841c3b53f291,0x00000000075d9aed2e32de0aec3d7fe316514e79,erc20,1000.0,0x795311264fc6e0cbd7aa50ca4ecb42f413b88927fed2ed7b0668ddfa85a8e57a,1779336899,candidate_layering,AIFreeUse.cc,0x3c1f94e2d60eca16500d803d027e0e46669412e8
0xa160cdab225685da1d56aa342ad8841c3b53f291,0xc7d2e63e41daa66af5ff322eabbb5bcc709a4c08,erc20,1000.0,0x795311264fc6e0cbd7aa50ca4ecb42f413b88927fed2ed7b0668ddfa85a8e57a,1779336899,candidate_layering,AIFreeUse.cc,0x3c1f94e2d60eca16500d803d027e0e46669412e8
0xa160cdab225685da1d56aa342ad8841c3b53f291,0x28b1dc1a5e3699a428bc51d234dfab7c9cb2a183,erc20,1000.0,0x795311264fc6e0cbd7aa50ca4ecb42f413b88927fed2ed7b0668ddfa85a8e57a,1779336899,candidate_layering,AIFreeUse.cc,0x3c1f94e2d60eca16500d803d027e0e46669412e8
0xa160cdab225685da1d56aa342ad8841c3b53f291,0x0abbc482fbd91dbf413e3d6cc5622e03552ac13a,erc20,1000.0,0x795311264fc6e0cbd7aa50ca4ecb42f413b88927fed2ed7b0668ddfa85a8e57a,1779336899,candidate_layering,AIFreeUse.cc,0x3c1f94e2d60eca16500d803d027e0e46669412e8
0xa160cdab225685da1d56aa342ad8841c3b53f291,0xdfd5293d8e347dfe59e90efd55b2956a1343963d,erc20,1000.0,0x795311264fc6e0cbd7aa50ca4ecb42f413b88927fed2ed7b0668ddfa85a8e57a,1779336899,candidate_layering,AIFreeUse.cc,0x3c1f94e2d60eca16500d803d027e0e46669412e8
0xa160cdab225685da1d56aa342ad8841c3b53f291,0x0b20daf58b0f09ccfcc34964ed951c9b5868aed9,erc20,1000.0,0x795311264fc6e0cbd7aa50ca4ecb42f413b88927fed2ed7b0668ddfa85a8e57a,1779336899,candidate_layering,AIFreeUse.cc,0x3c1f94e2d60eca16500d803d027e0e46669412e8
0xa160cdab225685da1d56aa342ad8841c3b53f291,0x209afa4c500dc6f5dea1d5b902a7c5390ee5a94c,erc20,1000.0,0x795311264fc6e0cbd7aa50ca4ecb42f413b88927fed2ed7b0668ddfa85a8e57a,1779336899,candidate_layering,AIFreeUse.cc,0x3c1f94e2d60eca16500d803d027e0e46669412e8
0xa160cdab225685da1d56aa342ad8841c3b53f291,0x39b6d483767891732337e78b28516f4dcfe38c86,erc20,1000.0,0x795311264fc6e0cbd7aa50ca4ecb42f413b88927fed2ed7b0668ddfa85a8e57a,1779336899,candidate_layering,AIFreeUse.cc,0x3c1f94e2d60eca16500d803d027e0e46669412e8
0xa160cdab225685da1d56aa342ad8841c3b53f291,0x411764ab5765c76544492742dc17ddea1f2c9a86,erc20,1000.0,0x795311264fc6e0cbd7aa50ca4ecb42f413b88927fed2ed7b0668ddfa85a8e57a,1779336899,candidate_layering,AIFreeUse.cc,0x3c1f94e2d60eca16500d803d027e0e46669412e8
0xa160cdab225685da1d56aa342ad8841c3b53f291,0xcc349c43700e10790037e904197b88437b8053d3,erc20,1000.0,0x795311264fc6e0cbd7aa50ca4ecb42f413b88927fed2ed7b0668ddfa85a8e57a,1779336899,candidate_layering,AIFreeUse.cc,0x3c1f94e2d60eca16500d803d027e0e46669412e8
0xa160cdab225685da1d56aa342ad8841c3b53f291,0x3656fa4ff079a6a5eff4f725d6d6d6c09c3fef24,erc20,1000.0,0x795311264fc6e0cbd7aa50ca4ecb42f413b88927fed2ed7b0668ddfa85a8e57a,1779336899,candidate_layering,AIFreeUse.cc,0x3c1f94e2d60eca16500d803d027e0e46669412e8
0xa160cdab225685da1d56aa342ad8841c3b53f291,0x2239eccb0d91c0c648b36b967bb1ef38c5b2b13d,erc20,1000.0,0x795311264fc6e0cbd7aa50ca4ecb42f413b88927fed2ed7b0668ddfa85a8e57a,1779336899,candidate_layering,AIFreeUse.cc,0x3c1f94e2d60eca16500d803d027e0e46669412e8
0xa160cdab225685da1d56aa342ad8841c3b53f291,0x46b54b85f4e5a59abe7bcf1b423224e861d5e8f8,erc20,1000.0,0xacd14a81d409d7997bec05ef68ea93763e3f55a12e760ef98b4087dab206db32,1779336911,candidate_layering,AIFreeUse.cc,0x3c1f94e2d60eca16500d803d027e0e46669412e8
0xa160cdab225685da1d56aa342ad8841c3b53f291,0x5b6a0771c752e35b2ca2aff4f22a66b1598a2bc5,erc20,1000.0,0xacd14a81d409d7997bec05ef68ea93763e3f55a12e760ef98b4087dab206db32,1779336911,candidate_layering,AIFreeUse.cc,0x3c1f94e2d60eca16500d803d027e0e46669412e8
0xa160cdab225685da1d56aa342ad8841c3b53f291,0x8b65385d53ee0c134fa4821ffbb5d8239dca220e,erc20,1000.0,0xacd14a81d409d7997bec05ef68ea93763e3f55a12e760ef98b4087dab206db32,1779336911,candidate_layering,AIFreeUse.cc,0x3c1f94e2d60eca16500d803d027e0e46669412e8
0xa160cdab225685da1d56aa342ad8841c3b53f291,0x584a7cea7cab0fcca348498876f4772dc2d00630,erc20,1000.0,0xacd14a81d409d7997bec05ef68ea93763e3f55a12e760ef98b4087dab206db32,1779336911,candidate_layering,AIFreeUse.cc,0x3c1f94e2d60eca16500d803d027e0e46669412e8
0xa160cdab225685da1d56aa342ad8841c3b53f291,0xa9d1e08c7793af67e9d92fe308d5697fb81d3e43,erc20,1000.0,0xacd14a81d409d7997bec05ef68ea93763e3f55a12e760ef98b4087dab206db32,1779336911,candidate_layering,AIFreeUse.cc,0x3c1f94e2d60eca16500d803d027e0e46669412e8
0xa160cdab225685da1d56aa342ad8841c3b53f291,0x276eccc5c33393698452f0e9d14daa1b14ef42e4,erc20,1000.0,0xacd14a81d409d7997bec05ef68ea93763e3f55a12e760ef98b4087dab206db32,1779336911,candidate_layering,AIFreeUse.cc,0x3c1f94e2d60eca16500d803d027e0e46669412e8
0xa160cdab225685da1d56aa342ad8841c3b53f291,0xa9d1e08c7793af67e9d92fe308d5697fb81d3e43,erc20,1000.0,0xacd14a81d409d7997bec05ef68ea93763e3f55a12e760ef98b4087dab206db32,1779336911,candidate_layering,AIFreeUse.cc,0x3c1f94e2d60eca16500d803d027e0e46669412e8
0xa160cdab225685da1d56aa342ad8841c3b53f291,0x30cc87de9e702fe39c6da686ba448ab1da63a98e,erc20,1000.0,0xacd14a81d409d7997bec05ef68ea93763e3f55a12e760ef98b4087dab206db32,1779336911,candidate_layering,AIFreeUse.cc,0x3c1f94e2d60eca16500d803d027e0e46669412e8
0xa160cdab225685da1d56aa342ad8841c3b53f291,0x7455510030e37f2e18f0bb03e5c79c1662eb2656,erc20,1000.0,0xacd14a81d409d7997bec05ef68ea93763e3f55a12e760ef98b4087dab206db32,1779336911,candidate_layering,AIFreeUse.cc,0x3c1f94e2d60eca16500d803d027e0e46669412e8
0xa160cdab225685da1d56aa342ad8841c3b53f291,0x53816c4b4678942935e9fe32ca37dd3a8b67089b,erc20,1000.0,0xacd14a81d409d7997bec05ef68ea93763e3f55a12e760ef98b4087dab206db32,1779336911,candidate_layering,AIFreeUse.cc,0x3c1f94e2d60eca16500d803d027e0e46669412e8
0xa160cdab225685da1d56aa342ad8841c3b53f291,0x7a462f0d2dba01953001c3ffef58c767c4b3aa9b,erc20,1000.0,0xacd14a81d409d7997bec05ef68ea93763e3f55a12e760ef98b4087dab206db32,1779336911,candidate_layering,AIFreeUse.cc,0x3c1f94e2d60eca16500d803d027e0e46669412e8
0xa160cdab225685da1d56aa342ad8841c3b53f291,0xf4e147db314947fc1275a8cbb6cde48c510cd8cf,erc20,1000.0,0xacd14a81d409d7997bec05ef68ea93763e3f55a12e760ef98b4087dab206db32,1779336911,candidate_layering,AIFreeUse.cc,0x3c1f94e2d60eca16500d803d027e0e46669412e8
0xa160cdab225685da1d56aa342ad8841c3b53f291,0xb300000b72deaeb607a12d5f54773d1c19c7028d,erc20,1000.0,0xacd14a81d409d7997bec05ef68ea93763e3f55a12e760ef98b4087dab206db32,1779336911,candidate_layering,AIFreeUse.cc,0x3c1f94e2d60eca16500d803d027e0e46669412e8
0xa160cdab225685da1d56aa342ad8841c3b53f291,0x61b25ccc3359e9b5b61ed70c2e23a9dfd6e85754,erc20,1000.0,0xacd14a81d409d7997bec05ef68ea93763e3f55a12e760ef98b4087dab206db32,1779336911,candidate_layering,AIFreeUse.cc,0x3c1f94e2d60eca16500d803d027e0e46669412e8
0xa160cdab225685da1d56aa342ad8841c3b53f291,0x0c819dc9a9991a94dd3b40a2fb589136d0c0d49b,erc20,1000.0,0xacd14a81d409d7997bec05ef68ea93763e3f55a12e760ef98b4087dab206db32,1779336911,candidate_layering,AIFreeUse.cc,0x3c1f94e2d60eca16500d803d027e0e46669412e8
0xa160cdab225685da1d56aa342ad8841c3b53f291,0x008b8bd450844f581a94c3b32a7caac26d4068a4,erc20,1000.0,0xacd14a81d409d7997bec05ef68ea93763e3f55a12e760ef98b4087dab206db32,1779336911,candidate_layering,AIFreeUse.cc,0x3c1f94e2d60eca16500d803d027e0e46669412e8
0xa160cdab225685da1d56aa342ad8841c3b53f291,0x559432e18b281731c054cd703d4b49872be4ed53,erc20,1000.0,0xacd14a81d409d7997bec05ef68ea93763e3f55a12e760ef98b4087dab206db32,1779336911,candidate_layering,AIFreeUse.cc,0x3c1f94e2d60eca16500d803d027e0e46669412e8
0xa160cdab225685da1d56aa342ad8841c3b53f291,0x21a31ee1afc51d94c2efccaa2092ad1028285549,erc20,1000.0,0xacd14a81d409d7997bec05ef68ea93763e3f55a12e760ef98b4087dab206db32,1779336911,candidate_layering,AIFreeUse.cc,0x3c1f94e2d60eca16500d803d027e0e46669412e8
0xa160cdab225685da1d56aa342ad8841c3b53f291,0xac684e2659a419a6d00bcd2b4b9cbda5910c7ffb,erc20,1000.0,0xacd14a81d409d7997bec05ef68ea93763e3f55a12e760ef98b4087dab206db32,1779336911,candidate_layering,AIFreeUse.cc,0x3c1f94e2d60eca16500d803d027e0e46669412e8
0xa160cdab225685da1d56aa342ad8841c3b53f291,0x86e9a83061adacabc6b6ea5ac15f9aaf0b24e4a8,erc20,1000.0,0xacd14a81d409d7997bec05ef68ea93763e3f55a12e760ef98b4087dab206db32,1779336911,candidate_layering,AIFreeUse.cc,0x3c1f94e2d60eca16500d803d027e0e46669412e8
0xa160cdab225685da1d56aa342ad8841c3b53f291,0x8f00556b2daf742e66565d324aabd2a03d5d80fc,erc20,1000.0,0xacd14a81d409d7997bec05ef68ea93763e3f55a12e760ef98b4087dab206db32,1779336911,candidate_layering,AIFreeUse.cc,0x3c1f94e2d60eca16500d803d027e0e46669412e8
0xa160cdab225685da1d56aa342ad8841c3b53f291,0x71307098bfa9672454d062483dc0d55877c38142,erc20,1000.0,0x73a8ce7e2ea9ce731fe33a9d75706c391e42c8e9a442b5b5a920f05098251868,1779336923,candidate_layering,AIFreeUse.cc,0x3c1f94e2d60eca16500d803d027e0e46669412e8
0xa160cdab225685da1d56aa342ad8841c3b53f291,0xba884845b4e8bc4370d2a8184dcf2351db0068e5,erc20,1000.0,0x73a8ce7e2ea9ce731fe33a9d75706c391e42c8e9a442b5b5a920f05098251868,1779336923,candidate_layering,AIFreeUse.cc,0x3c1f94e2d60eca16500d803d027e0e46669412e8
0xa160cdab225685da1d56aa342ad8841c3b53f291,0x18c5689ee25e86e1bec5f86e17e56cf5ac608ddf,erc20,1000.0,0x73a8ce7e2ea9ce731fe33a9d75706c391e42c8e9a442b5b5a920f05098251868,1779336923,candidate_layering,AIFreeUse.cc,0x3c1f94e2d60eca16500d803d027e0e46669412e8
0xa160cdab225685da1d56aa342ad8841c3b53f291,0xc1f320716e9678654c61ae37ec9d036215ae5132,erc20,1000.0,0x73a8ce7e2ea9ce731fe33a9d75706c391e42c8e9a442b5b5a920f05098251868,1779336923,candidate_layering,AIFreeUse.cc,0x3c1f94e2d60eca16500d803d027e0e46669412e8
0xa160cdab225685da1d56aa342ad8841c3b53f291,0xa7c3580ed9d7f8fc45a3afedeffca0d140dd6cf3,erc20,1000.0,0x73a8ce7e2ea9ce731fe33a9d75706c391e42c8e9a442b5b5a920f05098251868,1779336923,candidate_layering,AIFreeUse.cc,0x3c1f94e2d60eca16500d803d027e0e46669412e8
0xa160cdab225685da1d56aa342ad8841c3b53f291,0xae1324b933b67520711fbb2eaa60d62f5747dcb7,erc20,1000.0,0x73a8ce7e2ea9ce731fe33a9d75706c391e42c8e9a442b5b5a920f05098251868,1779336923,candidate_layering,AIFreeUse.cc,0x3c1f94e2d60eca16500d803d027e0e46669412e8
0xa160cdab225685da1d56aa342ad8841c3b53f291,0x6da12c1910eaf5ee2499aaf255308f50e28ab8b2,erc20,1000.0,0x73a8ce7e2ea9ce731fe33a9d75706c391e42c8e9a442b5b5a920f05098251868,1779336923,candidate_layering,AIFreeUse.cc,0x3c1f94e2d60eca16500d803d027e0e46669412e8
0xa160cdab225685da1d56aa342ad8841c3b53f291,0xa1a14ff796df0e2a9f8726b7673d59062ce534cf,erc20,1000.0,0x73a8ce7e2ea9ce731fe33a9d75706c391e42c8e9a442b5b5a920f05098251868,1779336923,candidate_layering,AIFreeUse.cc,0x3c1f94e2d60eca16500d803d027e0e46669412e8
0xa160cdab225685da1d56aa342ad8841c3b53f291,0xf0bc39fc911f6437c84d16188dd8294f7110f451,erc20,1000.0,0x73a8ce7e2ea9ce731fe33a9d75706c391e42c8e9a442b5b5a920f05098251868,1779336923,candidate_layering,AIFreeUse.cc,0x3c1f94e2d60eca16500d803d027e0e46669412e8
0xa160cdab225685da1d56aa342ad8841c3b53f291,0xd01fd0aa25496a8ff67f90e74b77c2a912c7ac68,erc20,1000.0,0x73a8ce7e2ea9ce731fe33a9d75706c391e42c8e9a442b5b5a920f05098251868,1779336923,candidate_layering,AIFreeUse.cc,0x3c1f94e2d60eca16500d803d027e0e46669412e8
0xa160cdab225685da1d56aa342ad8841c3b53f291,0xb8052d0b80323783b9051c179d0f9ac19bdd3d9a,erc20,1000.0,0x73a8ce7e2ea9ce731fe33a9d75706c391e42c8e9a442b5b5a920f05098251868,1779336923,candidate_layering,AIFreeUse.cc,0x3c1f94e2d60eca16500d803d027e0e46669412e8
0xa160cdab225685da1d56aa342ad8841c3b53f291,0x1d3e4c246951bfb399928a8a6e84e694f7b313f8,erc20,1000.0,0x73a8ce7e2ea9ce731fe33a9d75706c391e42c8e9a442b5b5a920f05098251868,1779336923,candidate_layering,AIFreeUse.cc,0x3c1f94e2d60eca16500d803d027e0e46669412e8
0xa160cdab225685da1d56aa342ad8841c3b53f291,0x5f7858100b0c9af1d46bc5d3403c99bca25d8cfa,erc20,1000.0,0x167eb707a5a5b9bc36a0ce80fc7abcace03e88dc1bb965a5f08a6c5c2d677667,1779336935,candidate_layering,AIFreeUse.cc,0x3c1f94e2d60eca16500d803d027e0e46669412e8
0xa160cdab225685da1d56aa342ad8841c3b53f291,0x03894d4ac41dd6c4c2f524ed4417c90fa46972c6,erc20,1000.0,0x7b1c4edf85698e8e45f961f36f1c44fbabd04619f1396e449e3d6eb6d5c39105,1779336947,candidate_layering,AIFreeUse.cc,0x3c1f94e2d60eca16500d803d027e0e46669412e8
0xa160cdab225685da1d56aa342ad8841c3b53f291,0x974caa59e49682cda0ad2bbe82983419a2ecc400,erc20,1000.0,0x7b1c4edf85698e8e45f961f36f1c44fbabd04619f1396e449e3d6eb6d5c39105,1779336947,candidate_layering,AIFreeUse.cc,0x3c1f94e2d60eca16500d803d027e0e46669412e8
0xa160cdab225685da1d56aa342ad8841c3b53f291,0xddcdf30b41c8b5bb86725cd8d508f76138478530,erc20,1000.0,0x63890e3fa573fcc595f3686617896485b7b129f255715ec06ed6d5ba76cc4bc8,1779336983,candidate_layering,AIFreeUse.cc,0x3c1f94e2d60eca16500d803d027e0e46669412e8
0xa160cdab225685da1d56aa342ad8841c3b53f291,0xb300000b72deaeb607a12d5f54773d1c19c7028d,erc20,1000.0,0x63890e3fa573fcc595f3686617896485b7b129f255715ec06ed6d5ba76cc4bc8,1779336983,candidate_layering,AIFreeUse.cc,0x3c1f94e2d60eca16500d803d027e0e46669412e8
0xa160cdab225685da1d56aa342ad8841c3b53f291,0x37305b1cd40574e4c5ce33f8e8306be057fd7341,erc20,1000.0,0x63890e3fa573fcc595f3686617896485b7b129f255715ec06ed6d5ba76cc4bc8,1779336983,candidate_layering,AIFreeUse.cc,0x3c1f94e2d60eca16500d803d027e0e46669412e8
0xa160cdab225685da1d56aa342ad8841c3b53f291,0x9b6fe71b415f2bae5376b802b7a4ddee99a0d665,erc20,1000.0,0x63890e3fa573fcc595f3686617896485b7b129f255715ec06ed6d5ba76cc4bc8,1779336983,candidate_layering,AIFreeUse.cc,0x3c1f94e2d60eca16500d803d027e0e46669412e8
0xa160cdab225685da1d56aa342ad8841c3b53f291,0x619c1f3ba6376a126c2c32e4e05dd04b1415d06b,erc20,1000.0,0x63890e3fa573fcc595f3686617896485b7b129f255715ec06ed6d5ba76cc4bc8,1779336983,candidate_layering,AIFreeUse.cc,0x3c1f94e2d60eca16500d803d027e0e46669412e8
0xa160cdab225685da1d56aa342ad8841c3b53f291,0x2b9681015a1fa2225d1fc8ae40538d3d64c58290,erc20,1000.0,0x63890e3fa573fcc595f3686617896485b7b129f255715ec06ed6d5ba76cc4bc8,1779336983,candidate_layering,AIFreeUse.cc,0x3c1f94e2d60eca16500d803d027e0e46669412e8
0xa160cdab225685da1d56aa342ad8841c3b53f291,0x65078cfef8f7c07441661393eab6cb93b31db0dd,erc20,1000.0,0x63890e3fa573fcc595f3686617896485b7b129f255715ec06ed6d5ba76cc4bc8,1779336983,candidate_layering,AIFreeUse.cc,0x3c1f94e2d60eca16500d803d027e0e46669412e8
0xa160cdab225685da1d56aa342ad8841c3b53f291,0x559432e18b281731c054cd703d4b49872be4ed53,erc20,1000.0,0x63890e3fa573fcc595f3686617896485b7b129f255715ec06ed6d5ba76cc4bc8,1779336983,candidate_layering,AIFreeUse.cc,0x3c1f94e2d60eca16500d803d027e0e46669412e8
0xa160cdab225685da1d56aa342ad8841c3b53f291,0x555ce236c0220695b68341bc48c68d52210cc35b,erc20,1000.0,0x63890e3fa573fcc595f3686617896485b7b129f255715ec06ed6d5ba76cc4bc8,1779336983,candidate_layering,AIFreeUse.cc,0x3c1f94e2d60eca16500d803d027e0e46669412e8
0xa160cdab225685da1d56aa342ad8841c3b53f291,0x385a460e7a9c89691851dee5212b99d401b67539,erc20,1000.0,0x63890e3fa573fcc595f3686617896485b7b129f255715ec06ed6d5ba76cc4bc8,1779336983,candidate_layering,AIFreeUse.cc,0x3c1f94e2d60eca16500d803d027e0e46669412e8
0xa160cdab225685da1d56aa342ad8841c3b53f291,0x18cd890f4e23422dc4aa8c2d6e0bd3f3bd8873d8,erc20,1000.0,0x63890e3fa573fcc595f3686617896485b7b129f255715ec06ed6d5ba76cc4bc8,1779336983,candidate_layering,AIFreeUse.cc,0x3c1f94e2d60eca16500d803d027e0e46669412e8
0xa160cdab225685da1d56aa342ad8841c3b53f291,0xb6cf8a0c5982d96cd758734d3c053ca839fabbc2,erc20,1000.0,0x007d99646a57b06dc652ab287a224019316439a84f10f679c44adf17f2a28522,1779336995,candidate_layering,AIFreeUse.cc,0x3c1f94e2d60eca16500d803d027e0e46669412e8
0xa160cdab225685da1d56aa342ad8841c3b53f291,0x1d27ad3613e84e201bc87929590f95e75454cdc0,erc20,1000.0,0x007d99646a57b06dc652ab287a224019316439a84f10f679c44adf17f2a28522,1779336995,candidate_layering,AIFreeUse.cc,0x3c1f94e2d60eca16500d803d027e0e46669412e8
0xa160cdab225685da1d56aa342ad8841c3b53f291,0x6747bcaf9bd5a5f0758cbe08903490e45ddfacb5,erc20,1000.0,0x007d99646a57b06dc652ab287a224019316439a84f10f679c44adf17f2a28522,1779336995,candidate_layering,AIFreeUse.cc,0x3c1f94e2d60eca16500d803d027e0e46669412e8
0xa160cdab225685da1d56aa342ad8841c3b53f291,0x15794836254780d69291c954753f58288862d886,erc20,1000.0,0x007d99646a57b06dc652ab287a224019316439a84f10f679c44adf17f2a28522,1779336995,candidate_layering,AIFreeUse.cc,0x3c1f94e2d60eca16500d803d027e0e46669412e8
0xa160cdab225685da1d56aa342ad8841c3b53f291,0x009a8dbad7000f0000009b002d050058ca881b57,erc20,1000.0,0x007d99646a57b06dc652ab287a224019316439a84f10f679c44adf17f2a28522,1779336995,candidate_layering,AIFreeUse.cc,0x3c1f94e2d60eca16500d803d027e0e46669412e8
0xa160cdab225685da1d56aa342ad8841c3b53f291,0xdd3d72c53ff982ff59853da71158bf1538b3ceee,erc20,1000.0,0x007d99646a57b06dc652ab287a224019316439a84f10f679c44adf17f2a28522,1779336995,candidate_layering,AIFreeUse.cc,0x3c1f94e2d60eca16500d803d027e0e46669412e8
0xa160cdab225685da1d56aa342ad8841c3b53f291,0x28c6c06298d514db089934071355e5743bf21d60,erc20,1000.0,0x007d99646a57b06dc652ab287a224019316439a84f10f679c44adf17f2a28522,1779336995,candidate_layering,AIFreeUse.cc,0x3c1f94e2d60eca16500d803d027e0e46669412e8
0xa160cdab225685da1d56aa342ad8841c3b53f291,0xf1088841ab08fc1cb3835fd75207bcb3137f6ee3,erc20,1000.0,0x007d99646a57b06dc652ab287a224019316439a84f10f679c44adf17f2a28522,1779336995,candidate_layering,AIFreeUse.cc,0x3c1f94e2d60eca16500d803d027e0e46669412e8
0xa160cdab225685da1d56aa342ad8841c3b53f291,0x6fe038b6f7384191086a7a25ecabbc73b4ac7aab,erc20,1000.0,0x007d99646a57b06dc652ab287a224019316439a84f10f679c44adf17f2a28522,1779336995,candidate_layering,AIFreeUse.cc,0x3c1f94e2d60eca16500d803d027e0e46669412e8
0xa160cdab225685da1d56aa342ad8841c3b53f291,0xff091e8372fc57784050e8224047343b22c46b28,erc20,1000.0,0x43fab1914fd4082af69c22f16234d4e547ce3c14d52b39aab68567e0e2fd8f8e,1779337007,candidate_layering,AIFreeUse.cc,0x3c1f94e2d60eca16500d803d027e0e46669412e8
0xa160cdab225685da1d56aa342ad8841c3b53f291,0xbbd0d4d067d5af2065b1b6fd936d93237ae1c56c,erc20,1000.0,0x43fab1914fd4082af69c22f16234d4e547ce3c14d52b39aab68567e0e2fd8f8e,1779337007,candidate_layering,AIFreeUse.cc,0x3c1f94e2d60eca16500d803d027e0e46669412e8
0xa160cdab225685da1d56aa342ad8841c3b53f291,0x65b7a3fd029c59c805735e7f18e48beddf7d4590,erc20,1000.0,0x43fab1914fd4082af69c22f16234d4e547ce3c14d52b39aab68567e0e2fd8f8e,1779337007,candidate_layering,AIFreeUse.cc,0x3c1f94e2d60eca16500d803d027e0e46669412e8
0xa160cdab225685da1d56aa342ad8841c3b53f291,0x2cff890f0378a11913b6129b2e97417a2c302680,erc20,1000.0,0x43fab1914fd4082af69c22f16234d4e547ce3c14d52b39aab68567e0e2fd8f8e,1779337007,candidate_layering,AIFreeUse.cc,0x3c1f94e2d60eca16500d803d027e0e46669412e8
0xa160cdab225685da1d56aa342ad8841c3b53f291,0xc7bbec68d12a0d1830360f8ec58fa599ba1b0e9b,erc20,1000.0,0xd22627ea5dd30c0bb3416d25fdafab0f9b916d15a9d531646ae2f3398b624cc0,1779337019,candidate_layering,AIFreeUse.cc,0x3c1f94e2d60eca16500d803d027e0e46669412e8
0xa160cdab225685da1d56aa342ad8841c3b53f291,0xb6cf8a0c5982d96cd758734d3c053ca839fabbc2,erc20,1000.0,0xd22627ea5dd30c0bb3416d25fdafab0f9b916d15a9d531646ae2f3398b624cc0,1779337019,candidate_layering,AIFreeUse.cc,0x3c1f94e2d60eca16500d803d027e0e46669412e8
0xa160cdab225685da1d56aa342ad8841c3b53f291,0xca51b71fa137d04f157b9286ff4ed8ae65edd6f3,erc20,1000.0,0xd22627ea5dd30c0bb3416d25fdafab0f9b916d15a9d531646ae2f3398b624cc0,1779337019,candidate_layering,AIFreeUse.cc,0x3c1f94e2d60eca16500d803d027e0e46669412e8
0xa160cdab225685da1d56aa342ad8841c3b53f291,0x168470c67f1b6d6e89d0c7cb51c1adc6b5c6cc8a,erc20,1000.0,0xd22627ea5dd30c0bb3416d25fdafab0f9b916d15a9d531646ae2f3398b624cc0,1779337019,candidate_layering,AIFreeUse.cc,0x3c1f94e2d60eca16500d803d027e0e46669412e8
0xa160cdab225685da1d56aa342ad8841c3b53f291,0xc0f871ddfd32c43116232ac54753bb851702a6be,erc20,1000.0,0xd22627ea5dd30c0bb3416d25fdafab0f9b916d15a9d531646ae2f3398b624cc0,1779337019,candidate_layering,AIFreeUse.cc,0x3c1f94e2d60eca16500d803d027e0e46669412e8
0xa160cdab225685da1d56aa342ad8841c3b53f291,0x55fe002aeff02f77364de339a1292923a15844b8,erc20,1000.0,0xd22627ea5dd30c0bb3416d25fdafab0f9b916d15a9d531646ae2f3398b624cc0,1779337019,candidate_layering,AIFreeUse.cc,0x3c1f94e2d60eca16500d803d027e0e46669412e8
0xa160cdab225685da1d56aa342ad8841c3b53f291,0x559432e18b281731c054cd703d4b49872be4ed53,erc20,1000.0,0xd22627ea5dd30c0bb3416d25fdafab0f9b916d15a9d531646ae2f3398b624cc0,1779337019,candidate_layering,AIFreeUse.cc,0x3c1f94e2d60eca16500d803d027e0e46669412e8
0xa160cdab225685da1d56aa342ad8841c3b53f291,0xa65d0ede05680ed9e831cf73b35f5fd24b89ee1e,erc20,1000.0,0xd22627ea5dd30c0bb3416d25fdafab0f9b916d15a9d531646ae2f3398b624cc0,1779337019,candidate_layering,AIFreeUse.cc,0x3c1f94e2d60eca16500d803d027e0e46669412e8
0xa160cdab225685da1d56aa342ad8841c3b53f291,0x2d5805a423d6ce771f06972ad4499f120902631a,erc20,1000.0,0xd22627ea5dd30c0bb3416d25fdafab0f9b916d15a9d531646ae2f3398b624cc0,1779337019,candidate_layering,AIFreeUse.cc,0x3c1f94e2d60eca16500d803d027e0e46669412e8
0xa160cdab225685da1d56aa342ad8841c3b53f291,0x307576dd4f73f91bb8c4a2edb762938e8e067d31,erc20,1000.0,0xd22627ea5dd30c0bb3416d25fdafab0f9b916d15a9d531646ae2f3398b624cc0,1779337019,candidate_layering,AIFreeUse.cc,0x3c1f94e2d60eca16500d803d027e0e46669412e8
0xa160cdab225685da1d56aa342ad8841c3b53f291,0xbbbbbbbbbb9cc5e90e3b3af64bdaf62c37eeffcb,erc20,1000.0,0x3ae2545c93651d34ef6f8eaa458af7a0f38825943b18780f9052ead63522d9aa,1779337031,candidate_layering,AIFreeUse.cc,0x3c1f94e2d60eca16500d803d027e0e46669412e8
0xa160cdab225685da1d56aa342ad8841c3b53f291,0x40781fb9155f4f659ac2afb7408c5a978e88cc8a,erc20,1000.0,0x3ae2545c93651d34ef6f8eaa458af7a0f38825943b18780f9052ead63522d9aa,1779337031,candidate_layering,AIFreeUse.cc,0x3c1f94e2d60eca16500d803d027e0e46669412e8
0xa160cdab225685da1d56aa342ad8841c3b53f291,0x31531968d263567b0b93494e888ee23fc41a41bc,erc20,1000.0,0x3ae2545c93651d34ef6f8eaa458af7a0f38825943b18780f9052ead63522d9aa,1779337031,candidate_layering,AIFreeUse.cc,0x3c1f94e2d60eca16500d803d027e0e46669412e8
0xa160cdab225685da1d56aa342ad8841c3b53f291,0xdfaa75323fb721e5f29d43859390f62cc4b600b8,erc20,1000.0,0x3ae2545c93651d34ef6f8eaa458af7a0f38825943b18780f9052ead63522d9aa,1779337031,candidate_layering,AIFreeUse.cc,0x3c1f94e2d60eca16500d803d027e0e46669412e8
0xa160cdab225685da1d56aa342ad8841c3b53f291,0xfd2f55a9fe476cd39dfc731514cbd37bb350af77,erc20,1000.0,0x3ae2545c93651d34ef6f8eaa458af7a0f38825943b18780f9052ead63522d9aa,1779337031,candidate_layering,AIFreeUse.cc,0x3c1f94e2d60eca16500d803d027e0e46669412e8
0xa160cdab225685da1d56aa342ad8841c3b53f291,0xd91efec7e42f80156d1d9f660a69847188950747,erc20,1000.0,0x324b93680b080f4b15c01436455d6cadedac657cbcb18d11dc4f502a7f1a51e6,1779337043,candidate_layering,AIFreeUse.cc,0x3c1f94e2d60eca16500d803d027e0e46669412e8
0xa160cdab225685da1d56aa342ad8841c3b53f291,0xd1f2d929881abb26e5780d202d3c550df264791c,erc20,1000.0,0x324b93680b080f4b15c01436455d6cadedac657cbcb18d11dc4f502a7f1a51e6,1779337043,candidate_layering,AIFreeUse.cc,0x3c1f94e2d60eca16500d803d027e0e46669412e8
0xa160cdab225685da1d56aa342ad8841c3b53f291,0x631b822174f33c0b947ab218eeaae3dcf9738c10,erc20,1000.0,0x324b93680b080f4b15c01436455d6cadedac657cbcb18d11dc4f502a7f1a51e6,1779337043,candidate_layering,AIFreeUse.cc,0x3c1f94e2d60eca16500d803d027e0e46669412e8
0xa160cdab225685da1d56aa342ad8841c3b53f291,0x3a897ab183f61a091e4de1a2b2ff913803b3b14b,erc20,1000.0,0x324b93680b080f4b15c01436455d6cadedac657cbcb18d11dc4f502a7f1a51e6,1779337043,candidate_layering,AIFreeUse.cc,0x3c1f94e2d60eca16500d803d027e0e46669412e8
0xa160cdab225685da1d56aa342ad8841c3b53f291,0x08368cfb1b69f5821ec0e8340bee726568f8d662,erc20,1000.0,0xa557e967afa4bf76e1159f5261e70b171cb6b9800d545b8c87818768f507c069,1779337067,candidate_layering,AIFreeUse.cc,0x3c1f94e2d60eca16500d803d027e0e46669412e8
0xa160cdab225685da1d56aa342ad8841c3b53f291,0xba3cb449bd2b4adddbc894d8697f5170800eadec,erc20,1000.0,0x4e9c018de2613f5ba51809118c65644f93707fe047fe635386b0f46084bb8ba1,1779338183,candidate_layering,AIFreeUse.cc,0x3c1f94e2d60eca16500d803d027e0e46669412e8
0xa160cdab225685da1d56aa342ad8841c3b53f291,0x0000000aa232009084bd71a5797d089aa4edfad4,erc20,1000.0,0xd44c196e41dca88feeb12e3d07bbce6c9fdb29c8c25fb51c6eeced29b44d10a6,1779338207,candidate_layering,AIFreeUse.cc,0x3c1f94e2d60eca16500d803d027e0e46669412e8
0xa160cdab225685da1d56aa342ad8841c3b53f291,0x1231deb6f5749ef6ce6943a275a1d3e7486f4eae,erc20,1000.0,0xd44c196e41dca88feeb12e3d07bbce6c9fdb29c8c25fb51c6eeced29b44d10a6,1779338207,candidate_layering,AIFreeUse.cc,0x3c1f94e2d60eca16500d803d027e0e46669412e8
0xa160cdab225685da1d56aa342ad8841c3b53f291,0x18e296053cbdf986196903e889b7dca7a73882f6,erc20,1000.0,0xd44c196e41dca88feeb12e3d07bbce6c9fdb29c8c25fb51c6eeced29b44d10a6,1779338207,candidate_layering,AIFreeUse.cc,0x3c1f94e2d60eca16500d803d027e0e46669412e8
0xa160cdab225685da1d56aa342ad8841c3b53f291,0x72b0e991c2594890d75b6ba1be051322c0f26a0b,erc20,1000.0,0xd44c196e41dca88feeb12e3d07bbce6c9fdb29c8c25fb51c6eeced29b44d10a6,1779338207,candidate_layering,AIFreeUse.cc,0x3c1f94e2d60eca16500d803d027e0e46669412e8
0xa160cdab225685da1d56aa342ad8841c3b53f291,0x98c23e9d8f34fefb1b7bd6a91b7ff122f4e16f5c,erc20,1000.0,0xd44c196e41dca88feeb12e3d07bbce6c9fdb29c8c25fb51c6eeced29b44d10a6,1779338207,candidate_layering,AIFreeUse.cc,0x3c1f94e2d60eca16500d803d027e0e46669412e8
0xa160cdab225685da1d56aa342ad8841c3b53f291,0x8041f228d57b6139b3ae56b56b2bc5041a6f7aa8,erc20,1000.0,0xd44c196e41dca88feeb12e3d07bbce6c9fdb29c8c25fb51c6eeced29b44d10a6,1779338207,candidate_layering,AIFreeUse.cc,0x3c1f94e2d60eca16500d803d027e0e46669412e8
0xa160cdab225685da1d56aa342ad8841c3b53f291,0x056ad80040ef129fdc1f1e007a8e5468e2724cb9,erc20,1000.0,0xd44c196e41dca88feeb12e3d07bbce6c9fdb29c8c25fb51c6eeced29b44d10a6,1779338207,candidate_layering,AIFreeUse.cc,0x3c1f94e2d60eca16500d803d027e0e46669412e8
0xa160cdab225685da1d56aa342ad8841c3b53f291,0xc7bbec68d12a0d1830360f8ec58fa599ba1b0e9b,erc20,1000.0,0xd44c196e41dca88feeb12e3d07bbce6c9fdb29c8c25fb51c6eeced29b44d10a6,1779338207,candidate_layering,AIFreeUse.cc,0x3c1f94e2d60eca16500d803d027e0e46669412e8
0xa160cdab225685da1d56aa342ad8841c3b53f291,0xdea2ed7af4bda85ce39f9d80a35591ff9a6ec7e1,erc20,1000.0,0x45d45831e6a299bf0f61158c638f10b66c14fbd57fdb33631e44970bc924786e,1779338219,candidate_layering,AIFreeUse.cc,0x3c1f94e2d60eca16500d803d027e0e46669412e8
0xa160cdab225685da1d56aa342ad8841c3b53f291,0xa9d1e08c7793af67e9d92fe308d5697fb81d3e43,erc20,1000.0,0x45d45831e6a299bf0f61158c638f10b66c14fbd57fdb33631e44970bc924786e,1779338219,candidate_layering,AIFreeUse.cc,0x3c1f94e2d60eca16500d803d027e0e46669412e8
0xa160cdab225685da1d56aa342ad8841c3b53f291,0xecd7eef15713997528896cb5db7ec316db4c2101,erc20,1000.0,0x45d45831e6a299bf0f61158c638f10b66c14fbd57fdb33631e44970bc924786e,1779338219,candidate_layering,AIFreeUse.cc,0x3c1f94e2d60eca16500d803d027e0e46669412e8
0xa160cdab225685da1d56aa342ad8841c3b53f291,0x1c727a55ea3c11b0ab7d3a361fe0f3c47ce6de5d,erc20,1000.0,0x45d45831e6a299bf0f61158c638f10b66c14fbd57fdb33631e44970bc924786e,1779338219,candidate_layering,AIFreeUse.cc,0x3c1f94e2d60eca16500d803d027e0e46669412e8
0xa160cdab225685da1d56aa342ad8841c3b53f291,0xb2b96f91f44d789809630e1b12ac5d4742c11014,erc20,1000.0,0x45d45831e6a299bf0f61158c638f10b66c14fbd57fdb33631e44970bc924786e,1779338219,candidate_layering,AIFreeUse.cc,0x3c1f94e2d60eca16500d803d027e0e46669412e8
0xa160cdab225685da1d56aa342ad8841c3b53f291,0x1445f32d1a74872ba41f3d8cf4022e9996120b31,erc20,1000.0,0x45d45831e6a299bf0f61158c638f10b66c14fbd57fdb33631e44970bc924786e,1779338219,candidate_layering,AIFreeUse.cc,0x3c1f94e2d60eca16500d803d027e0e46669412e8
0xa160cdab225685da1d56aa342ad8841c3b53f291,0xcffad3200574698b78f32232aa9d63eabd290703,erc20,1000.0,0x45d45831e6a299bf0f61158c638f10b66c14fbd57fdb33631e44970bc924786e,1779338219,candidate_layering,AIFreeUse.cc,0x3c1f94e2d60eca16500d803d027e0e46669412e8
0xa160cdab225685da1d56aa342ad8841c3b53f291,0x4585fe77225b41b697c938b018e2ac67ac5a20c0,erc20,1000.0,0xe948f08770cde3280c418cb41db3c5193c7623747537c45dffcf80a839c363d5,1779338231,candidate_layering,AIFreeUse.cc,0x3c1f94e2d60eca16500d803d027e0e46669412e8
0xa160cdab225685da1d56aa342ad8841c3b53f291,0x29365e683ccc945ba65610324f4aa0455fc8149e,erc20,1000.0,0xe948f08770cde3280c418cb41db3c5193c7623747537c45dffcf80a839c363d5,1779338231,candidate_layering,AIFreeUse.cc,0x3c1f94e2d60eca16500d803d027e0e46669412e8
0xa160cdab225685da1d56aa342ad8841c3b53f291,0x44e00aca5c2eed63e2c56e4a903156650616363f,erc20,1000.0,0xe948f08770cde3280c418cb41db3c5193c7623747537c45dffcf80a839c363d5,1779338231,candidate_layering,AIFreeUse.cc,0x3c1f94e2d60eca16500d803d027e0e46669412e8
0xa160cdab225685da1d56aa342ad8841c3b53f291,0x099587c5f7cab0ddd38b8140ec8d0d831c7d2558,erc20,1000.0,0xe948f08770cde3280c418cb41db3c5193c7623747537c45dffcf80a839c363d5,1779338231,candidate_layering,AIFreeUse.cc,0x3c1f94e2d60eca16500d803d027e0e46669412e8
0xa160cdab225685da1d56aa342ad8841c3b53f291,0x559432e18b281731c054cd703d4b49872be4ed53,erc20,1000.0,0xe948f08770cde3280c418cb41db3c5193c7623747537c45dffcf80a839c363d5,1779338231,candidate_layering,AIFreeUse.cc,0x3c1f94e2d60eca16500d803d027e0e46669412e8
0xa160cdab225685da1d56aa342ad8841c3b53f291,0x559432e18b281731c054cd703d4b49872be4ed53,erc20,1000.0,0xe948f08770cde3280c418cb41db3c5193c7623747537c45dffcf80a839c363d5,1779338231,candidate_layering,AIFreeUse.cc,0x3c1f94e2d60eca16500d803d027e0e46669412e8
0xa160cdab225685da1d56aa342ad8841c3b53f291,0x3207cdb4a988b12374e0bf0317b30b0d8ad0cd59,erc20,1000.0,0xe948f08770cde3280c418cb41db3c5193c7623747537c45dffcf80a839c363d5,1779338231,candidate_layering,AIFreeUse.cc,0x3c1f94e2d60eca16500d803d027e0e46669412e8
0xa160cdab225685da1d56aa342ad8841c3b53f291,0xb9ba9d5f3c206c0680faecdb4a0ee289fd43aacf,erc20,1000.0,0xe948f08770cde3280c418cb41db3c5193c7623747537c45dffcf80a839c363d5,1779338231,candidate_layering,AIFreeUse.cc,0x3c1f94e2d60eca16500d803d027e0e46669412e8
0xa160cdab225685da1d56aa342ad8841c3b53f291,0xb17f49c960000012eb6073b5061164f2762851a5,erc20,1000.0,0xe948f08770cde3280c418cb41db3c5193c7623747537c45dffcf80a839c363d5,1779338231,candidate_layering,AIFreeUse.cc,0x3c1f94e2d60eca16500d803d027e0e46669412e8
0xa160cdab225685da1d56aa342ad8841c3b53f291,0xc10ee9031f2a0b84766a86b55a8d90f357910fb4,erc20,1000.0,0xe948f08770cde3280c418cb41db3c5193c7623747537c45dffcf80a839c363d5,1779338231,candidate_layering,AIFreeUse.cc,0x3c1f94e2d60eca16500d803d027e0e46669412e8
0xa160cdab225685da1d56aa342ad8841c3b53f291,0xe13c94b6815c662790684b52433674428144aa47,erc20,1000.0,0xe948f08770cde3280c418cb41db3c5193c7623747537c45dffcf80a839c363d5,1779338231,candidate_layering,AIFreeUse.cc,0x3c1f94e2d60eca16500d803d027e0e46669412e8
0xa160cdab225685da1d56aa342ad8841c3b53f291,0x1ab4973a48dc892cd9971ece8e01dcc7688f8f23,erc20,1000.0,0xe948f08770cde3280c418cb41db3c5193c7623747537c45dffcf80a839c363d5,1779338231,candidate_layering,AIFreeUse.cc,0x3c1f94e2d60eca16500d803d027e0e46669412e8
0xa160cdab225685da1d56aa342ad8841c3b53f291,0x6dfa45d6bd4db20e07d75d069d159e23f0375d84,erc20,1000.0,0xe948f08770cde3280c418cb41db3c5193c7623747537c45dffcf80a839c363d5,1779338231,candidate_layering,AIFreeUse.cc,0x3c1f94e2d60eca16500d803d027e0e46669412e8
0xa160cdab225685da1d56aa342ad8841c3b53f291,0x00000000009e50a7ddb7a7b0e2ee6604fd120e49,erc20,1000.0,0xe948f08770cde3280c418cb41db3c5193c7623747537c45dffcf80a839c363d5,1779338231,candidate_layering,AIFreeUse.cc,0x3c1f94e2d60eca16500d803d027e0e46669412e8
0xa160cdab225685da1d56aa342ad8841c3b53f291,0xfbf60197e0a5e8663733923f0fd3196c3deea730,erc20,1000.0,0x84de93502a3421b2e29b7b32bbcf168b292f12af21df42d7761524293bbaa155,1779338243,candidate_layering,AIFreeUse.cc,0x3c1f94e2d60eca16500d803d027e0e46669412e8
0xa160cdab225685da1d56aa342ad8841c3b53f291,0x061162295d604f7576aeec130ab6bbf1626480c1,erc20,1000.0,0x84de93502a3421b2e29b7b32bbcf168b292f12af21df42d7761524293bbaa155,1779338243,candidate_layering,AIFreeUse.cc,0x3c1f94e2d60eca16500d803d027e0e46669412e8
0xa160cdab225685da1d56aa342ad8841c3b53f291,0x28b1dc1a5e3699a428bc51d234dfab7c9cb2a183,erc20,1000.0,0x5624cfe2d1fad9b7cd6e6026e5aa3f738f2dc2098d2ae6fde2e498fcefadc38e,1779338267,candidate_layering,AIFreeUse.cc,0x3c1f94e2d60eca16500d803d027e0e46669412e8
0xa160cdab225685da1d56aa342ad8841c3b53f291,0xe0554a476a092703abdb3ef35c80e0d76d32939f,erc20,1000.0,0x5624cfe2d1fad9b7cd6e6026e5aa3f738f2dc2098d2ae6fde2e498fcefadc38e,1779338267,candidate_layering,AIFreeUse.cc,0x3c1f94e2d60eca16500d803d027e0e46669412e8
0xa160cdab225685da1d56aa342ad8841c3b53f291,0x74de5d4fcbf63e00296fd95d33236b9794016631,erc20,1000.0,0x5624cfe2d1fad9b7cd6e6026e5aa3f738f2dc2098d2ae6fde2e498fcefadc38e,1779338267,candidate_layering,AIFreeUse.cc,0x3c1f94e2d60eca16500d803d027e0e46669412e8
0xa160cdab225685da1d56aa342ad8841c3b53f291,0x9baefb2eb210669335524bc56eb3098162ac8e02,erc20,1000.0,0x5624cfe2d1fad9b7cd6e6026e5aa3f738f2dc2098d2ae6fde2e498fcefadc38e,1779338267,candidate_layering,AIFreeUse.cc,0x3c1f94e2d60eca16500d803d027e0e46669412e8
0xa160cdab225685da1d56aa342ad8841c3b53f291,0x09ad820aac5779683b481c4674208a4e1b024afa,erc20,1000.0,0x5624cfe2d1fad9b7cd6e6026e5aa3f738f2dc2098d2ae6fde2e498fcefadc38e,1779338267,candidate_layering,AIFreeUse.cc,0x3c1f94e2d60eca16500d803d027e0e46669412e8
0xa160cdab225685da1d56aa342ad8841c3b53f291,0x89c97135859b3a96f29e2462b490643f46473b96,erc20,1000.0,0x5624cfe2d1fad9b7cd6e6026e5aa3f738f2dc2098d2ae6fde2e498fcefadc38e,1779338267,candidate_layering,AIFreeUse.cc,0x3c1f94e2d60eca16500d803d027e0e46669412e8
0xa160cdab225685da1d56aa342ad8841c3b53f291,0xe1f4e6c98fea6059ba1b7134714188d64239eaa9,erc20,1000.0,0x5624cfe2d1fad9b7cd6e6026e5aa3f738f2dc2098d2ae6fde2e498fcefadc38e,1779338267,candidate_layering,AIFreeUse.cc,0x3c1f94e2d60eca16500d803d027e0e46669412e8
0xa160cdab225685da1d56aa342ad8841c3b53f291,0x3d90f66b534dd8482b181e24655a9e8265316be9,erc20,1000.0,0x5624cfe2d1fad9b7cd6e6026e5aa3f738f2dc2098d2ae6fde2e498fcefadc38e,1779338267,candidate_layering,AIFreeUse.cc,0x3c1f94e2d60eca16500d803d027e0e46669412e8
0xa160cdab225685da1d56aa342ad8841c3b53f291,0xf5b03311fcac16ade7bf6dc1b30c2ac1c80ba4ae,erc20,1000.0,0x5624cfe2d1fad9b7cd6e6026e5aa3f738f2dc2098d2ae6fde2e498fcefadc38e,1779338267,candidate_layering,AIFreeUse.cc,0x3c1f94e2d60eca16500d803d027e0e46669412e8
0xa160cdab225685da1d56aa342ad8841c3b53f291,0xfd78ee919681417d192449715b2594ab58f5d002,erc20,1000.0,0x5624cfe2d1fad9b7cd6e6026e5aa3f738f2dc2098d2ae6fde2e498fcefadc38e,1779338267,candidate_layering,AIFreeUse.cc,0x3c1f94e2d60eca16500d803d027e0e46669412e8
0xa160cdab225685da1d56aa342ad8841c3b53f291,0xac796fc1e91f4522c050816e0167e7996775216b,erc20,1000.0,0x5624cfe2d1fad9b7cd6e6026e5aa3f738f2dc2098d2ae6fde2e498fcefadc38e,1779338267,candidate_layering,AIFreeUse.cc,0x3c1f94e2d60eca16500d803d027e0e46669412e8
0xa160cdab225685da1d56aa342ad8841c3b53f291,0x5d7dc9ab6927a762a5e4724124f241142446bff2,erc20,1000.0,0x5624cfe2d1fad9b7cd6e6026e5aa3f738f2dc2098d2ae6fde2e498fcefadc38e,1779338267,candidate_layering,AIFreeUse.cc,0x3c1f94e2d60eca16500d803d027e0e46669412e8
0xa160cdab225685da1d56aa342ad8841c3b53f291,0x000000000004444c5dc75cb358380d2e3de08a90,erc20,1000.0,0x5624cfe2d1fad9b7cd6e6026e5aa3f738f2dc2098d2ae6fde2e498fcefadc38e,1779338267,candidate_layering,AIFreeUse.cc,0x3c1f94e2d60eca16500d803d027e0e46669412e8
0xa160cdab225685da1d56aa342ad8841c3b53f291,0x93e117b5204d393444b5edaf05fc7cb354be48f2,erc20,1000.0,0x46cdd20c9f57179663cd8b67d6a9d9d0e7290b637a8b54f5cd759e6f2a00d056,1779338279,candidate_layering,AIFreeUse.cc,0x3c1f94e2d60eca16500d803d027e0e46669412e8
0xa160cdab225685da1d56aa342ad8841c3b53f291,0x1f2f10d1c40777ae1da742455c65828ff36df387,erc20,1000.0,0xb6a49eb52981d0c6c21284eff3f736b362e552f898e487389fc8a486f6bda70b,1779338327,candidate_layering,AIFreeUse.cc,0x3c1f94e2d60eca16500d803d027e0e46669412e8
0xa160cdab225685da1d56aa342ad8841c3b53f291,0xc6acbee42e9e323140c1ed060c2f6ea9cc3b4b75,erc20,1000.0,0x5d76c2bd481e3731925061240e6dbb81deb0fea8fe56f2d58cd0996a59f754e7,1779338339,candidate_layering,AIFreeUse.cc,0x3c1f94e2d60eca16500d803d027e0e46669412e8
0xa160cdab225685da1d56aa342ad8841c3b53f291,0xb70f98e53bee56a2e18a15bcd826579f495076f0,erc20,1000.0,0x5d76c2bd481e3731925061240e6dbb81deb0fea8fe56f2d58cd0996a59f754e7,1779338339,candidate_layering,AIFreeUse.cc,0x3c1f94e2d60eca16500d803d027e0e46669412e8
0xa160cdab225685da1d56aa342ad8841c3b53f291,0x149a48d3ddffcf1b4b62d985bb46baaa60eeb043,erc20,1000.0,0x5d76c2bd481e3731925061240e6dbb81deb0fea8fe56f2d58cd0996a59f754e7,1779338339,candidate_layering,AIFreeUse.cc,0x3c1f94e2d60eca16500d803d027e0e46669412e8
0xa160cdab225685da1d56aa342ad8841c3b53f291,0x53e3d506f468c4bc30cc8caa21eb7e56c2fa2d55,erc20,1000.0,0x5d76c2bd481e3731925061240e6dbb81deb0fea8fe56f2d58cd0996a59f754e7,1779338339,candidate_layering,AIFreeUse.cc,0x3c1f94e2d60eca16500d803d027e0e46669412e8
0xa160cdab225685da1d56aa342ad8841c3b53f291,0xcd109f77df623aa7424dcff2d86f121850369c7a,erc20,1000.0,0x5d76c2bd481e3731925061240e6dbb81deb0fea8fe56f2d58cd0996a59f754e7,1779338339,candidate_layering,AIFreeUse.cc,0x3c1f94e2d60eca16500d803d027e0e46669412e8
0xa160cdab225685da1d56aa342ad8841c3b53f291,0x5c7bcd6e7de5423a257d81b442095a1a6ced35c5,erc20,1000.0,0x5d76c2bd481e3731925061240e6dbb81deb0fea8fe56f2d58cd0996a59f754e7,1779338339,candidate_layering,AIFreeUse.cc,0x3c1f94e2d60eca16500d803d027e0e46669412e8
0xa160cdab225685da1d56aa342ad8841c3b53f291,0x6c96de32cea08842dcc4058c14d3aaad7fa41dee,erc20,1000.0,0x5d76c2bd481e3731925061240e6dbb81deb0fea8fe56f2d58cd0996a59f754e7,1779338339,candidate_layering,AIFreeUse.cc,0x3c1f94e2d60eca16500d803d027e0e46669412e8
0xa160cdab225685da1d56aa342ad8841c3b53f291,0x39953e6429210c39d11688fa40219c811287caad,erc20,1000.0,0x00ec7ee1aee93309ba4557806764659752ef748d914d94dc4e31bc09ee7ca517,1779338399,candidate_layering,AIFreeUse.cc,0x3c1f94e2d60eca16500d803d027e0e46669412e8
0xa160cdab225685da1d56aa342ad8841c3b53f291,0x322b2e96b81db9b19a8723127d69a9b826439b1e,erc20,1000.0,0x00ec7ee1aee93309ba4557806764659752ef748d914d94dc4e31bc09ee7ca517,1779338399,candidate_layering,AIFreeUse.cc,0x3c1f94e2d60eca16500d803d027e0e46669412e8
0xa160cdab225685da1d56aa342ad8841c3b53f291,0xcd531ae9efcce479654c4926dec5f6209531ca7b,erc20,1000.0,0x00ec7ee1aee93309ba4557806764659752ef748d914d94dc4e31bc09ee7ca517,1779338399,candidate_layering,AIFreeUse.cc,0x3c1f94e2d60eca16500d803d027e0e46669412e8
0xa160cdab225685da1d56aa342ad8841c3b53f291,0x6d37fb5342bef90c16b6f8b310991971ee573ba2,erc20,1000.0,0xb3bb5cabc51f085f0f535aee9669d4342316b19f5eb1e945f8913a96d6c8b8a4,1779338447,candidate_layering,AIFreeUse.cc,0x3c1f94e2d60eca16500d803d027e0e46669412e8
0xa160cdab225685da1d56aa342ad8841c3b53f291,0x559432e18b281731c054cd703d4b49872be4ed53,erc20,1000.0,0xb3bb5cabc51f085f0f535aee9669d4342316b19f5eb1e945f8913a96d6c8b8a4,1779338447,candidate_layering,AIFreeUse.cc,0x3c1f94e2d60eca16500d803d027e0e46669412e8
0xa160cdab225685da1d56aa342ad8841c3b53f291,0xeaa5fe9584faf9c51025214d3442b8e7246b622e,erc20,1000.0,0x0197c24d41b02cae72c04e40121656d7cad4c16c8b69596284a75c1139148806,1779338459,candidate_layering,AIFreeUse.cc,0x3c1f94e2d60eca16500d803d027e0e46669412e8
0xa160cdab225685da1d56aa342ad8841c3b53f291,0xc01dd8ea538a9b3e97ab39e7c0dd056222c0212a,erc20,1000.0,0x8f9db717d4b95423f287d1d528384e83ffa9163a3b4d8e891c9c4359e4fb525f,1779338927,candidate_layering,AIFreeUse.cc,0x3c1f94e2d60eca16500d803d027e0e46669412e8
0xa160cdab225685da1d56aa342ad8841c3b53f291,0x366a680c66829aee614bb22927dd265501a29121,erc20,1000.0,0x8f9db717d4b95423f287d1d528384e83ffa9163a3b4d8e891c9c4359e4fb525f,1779338927,candidate_layering,AIFreeUse.cc,0x3c1f94e2d60eca16500d803d027e0e46669412e8
0xa160cdab225685da1d56aa342ad8841c3b53f291,0x787b8840100d9baadd7463f4a73b5ba73b00c6ca,erc20,1000.0,0x8f9db717d4b95423f287d1d528384e83ffa9163a3b4d8e891c9c4359e4fb525f,1779338927,candidate_layering,AIFreeUse.cc,0x3c1f94e2d60eca16500d803d027e0e46669412e8
0xa160cdab225685da1d56aa342ad8841c3b53f291,0x5cb0e2a6ee55c73b07ba5b3d29f14b71ff7e389d,erc20,1000.0,0x8f9db717d4b95423f287d1d528384e83ffa9163a3b4d8e891c9c4359e4fb525f,1779338927,candidate_layering,AIFreeUse.cc,0x3c1f94e2d60eca16500d803d027e0e46669412e8
0xa160cdab225685da1d56aa342ad8841c3b53f291,0xbab92c32dae43dce69d19a0fd3d16e36d0f803e2,erc20,1000.0,0xed8827d6e9a9eb30fc33638c33808c60838303a0aa4c62ef94e46e8a192baa0d,1779338939,candidate_layering,AIFreeUse.cc,0x3c1f94e2d60eca16500d803d027e0e46669412e8
0xa160cdab225685da1d56aa342ad8841c3b53f291,0x4c82d1fbfe28c977cbb58d8c7ff8fcf9f70a2cca,erc20,1000.0,0xed8827d6e9a9eb30fc33638c33808c60838303a0aa4c62ef94e46e8a192baa0d,1779338939,candidate_layering,AIFreeUse.cc,0x3c1f94e2d60eca16500d803d027e0e46669412e8
0xa160cdab225685da1d56aa342ad8841c3b53f291,0xaa8ba7d4611437141192e7ceced531bc0a133efb,erc20,1000.0,0xed8827d6e9a9eb30fc33638c33808c60838303a0aa4c62ef94e46e8a192baa0d,1779338939,candidate_layering,AIFreeUse.cc,0x3c1f94e2d60eca16500d803d027e0e46669412e8
0xa160cdab225685da1d56aa342ad8841c3b53f291,0x2ce6db7c14c66247a759366ba940579b6c28c8af,erc20,1000.0,0xed8827d6e9a9eb30fc33638c33808c60838303a0aa4c62ef94e46e8a192baa0d,1779338939,candidate_layering,AIFreeUse.cc,0x3c1f94e2d60eca16500d803d027e0e46669412e8
0xa160cdab225685da1d56aa342ad8841c3b53f291,0x418ce55b7206512e533121c5818809bcf17ed461,erc20,1000.0,0xed8827d6e9a9eb30fc33638c33808c60838303a0aa4c62ef94e46e8a192baa0d,1779338939,candidate_layering,AIFreeUse.cc,0x3c1f94e2d60eca16500d803d027e0e46669412e8
0xa160cdab225685da1d56aa342ad8841c3b53f291,0xbdb3ba9ffe392549e1f8658dd2630c141fdf47b6,erc20,1000.0,0xed8827d6e9a9eb30fc33638c33808c60838303a0aa4c62ef94e46e8a192baa0d,1779338939,candidate_layering,AIFreeUse.cc,0x3c1f94e2d60eca16500d803d027e0e46669412e8
0xa160cdab225685da1d56aa342ad8841c3b53f291,0x28b1dc1a5e3699a428bc51d234dfab7c9cb2a183,erc20,1000.0,0xed8827d6e9a9eb30fc33638c33808c60838303a0aa4c62ef94e46e8a192baa0d,1779338939,candidate_layering,AIFreeUse.cc,0x3c1f94e2d60eca16500d803d027e0e46669412e8
0xa160cdab225685da1d56aa342ad8841c3b53f291,0x972c8716dfab717c36092eb126e43e710f2fba45,erc20,1000.0,0xed8827d6e9a9eb30fc33638c33808c60838303a0aa4c62ef94e46e8a192baa0d,1779338939,candidate_layering,AIFreeUse.cc,0x3c1f94e2d60eca16500d803d027e0e46669412e8
0xa160cdab225685da1d56aa342ad8841c3b53f291,0x4585fe77225b41b697c938b018e2ac67ac5a20c0,erc20,1000.0,0xed8827d6e9a9eb30fc33638c33808c60838303a0aa4c62ef94e46e8a192baa0d,1779338939,candidate_layering,AIFreeUse.cc,0x3c1f94e2d60eca16500d803d027e0e46669412e8
0xa160cdab225685da1d56aa342ad8841c3b53f291,0x4c82d1fbfe28c977cbb58d8c7ff8fcf9f70a2cca,erc20,1000.0,0xed8827d6e9a9eb30fc33638c33808c60838303a0aa4c62ef94e46e8a192baa0d,1779338939,candidate_layering,AIFreeUse.cc,0x3c1f94e2d60eca16500d803d027e0e46669412e8
0xa160cdab225685da1d56aa342ad8841c3b53f291,0x6747bcaf9bd5a5f0758cbe08903490e45ddfacb5,erc20,1000.0,0xed8827d6e9a9eb30fc33638c33808c60838303a0aa4c62ef94e46e8a192baa0d,1779338939,candidate_layering,AIFreeUse.cc,0x3c1f94e2d60eca16500d803d027e0e46669412e8
0xa160cdab225685da1d56aa342ad8841c3b53f291,0xb300000b72deaeb607a12d5f54773d1c19c7028d,erc20,1000.0,0xed8827d6e9a9eb30fc33638c33808c60838303a0aa4c62ef94e46e8a192baa0d,1779338939,candidate_layering,AIFreeUse.cc,0x3c1f94e2d60eca16500d803d027e0e46669412e8
0xa160cdab225685da1d56aa342ad8841c3b53f291,0x22b102f09f1d06aa88471395a0dc3a40a49b5b18,erc20,1000.0,0xed8827d6e9a9eb30fc33638c33808c60838303a0aa4c62ef94e46e8a192baa0d,1779338939,candidate_layering,AIFreeUse.cc,0x3c1f94e2d60eca16500d803d027e0e46669412e8
0xa160cdab225685da1d56aa342ad8841c3b53f291,0x45719b393d18509e94d34f97cf593e6e9687cc08,erc20,1000.0,0xed8827d6e9a9eb30fc33638c33808c60838303a0aa4c62ef94e46e8a192baa0d,1779338939,candidate_layering,AIFreeUse.cc,0x3c1f94e2d60eca16500d803d027e0e46669412e8
0xa160cdab225685da1d56aa342ad8841c3b53f291,0xacdb27b266142223e1e676841c1e809255fc6d07,erc20,1000.0,0xed8827d6e9a9eb30fc33638c33808c60838303a0aa4c62ef94e46e8a192baa0d,1779338939,candidate_layering,AIFreeUse.cc,0x3c1f94e2d60eca16500d803d027e0e46669412e8
0xa160cdab225685da1d56aa342ad8841c3b53f291,0xfa8d1df92c1edfdcd70469fb87138a737949e672,erc20,1000.0,0x821e80e75094c4736b48f35af4c0c9f412d94ee9609f1cf199c6457f5b6788b1,1779338963,candidate_layering,AIFreeUse.cc,0x3c1f94e2d60eca16500d803d027e0e46669412e8
0xa160cdab225685da1d56aa342ad8841c3b53f291,0xfbd04dc0a24383ff47f9cde181b597a7e6eac0b7,erc20,1000.0,0x386e4a385ae580d7daf1d49379bd6f91c861d071c7196cccc65c4e902f889c57,1779338975,candidate_layering,AIFreeUse.cc,0x3c1f94e2d60eca16500d803d027e0e46669412e8
0xa160cdab225685da1d56aa342ad8841c3b53f291,0xcad97616f91872c02ba3553db315db4015cbe850,erc20,1000.0,0x386e4a385ae580d7daf1d49379bd6f91c861d071c7196cccc65c4e902f889c57,1779338975,candidate_layering,AIFreeUse.cc,0x3c1f94e2d60eca16500d803d027e0e46669412e8
0xa160cdab225685da1d56aa342ad8841c3b53f291,0x4e68ccd3e89f51c3074ca5072bbac773960dfa36,erc20,1000.0,0x386e4a385ae580d7daf1d49379bd6f91c861d071c7196cccc65c4e902f889c57,1779338975,candidate_layering,AIFreeUse.cc,0x3c1f94e2d60eca16500d803d027e0e46669412e8
0xa160cdab225685da1d56aa342ad8841c3b53f291,0x1c727a55ea3c11b0ab7d3a361fe0f3c47ce6de5d,erc20,1000.0,0x386e4a385ae580d7daf1d49379bd6f91c861d071c7196cccc65c4e902f889c57,1779338975,candidate_layering,AIFreeUse.cc,0x3c1f94e2d60eca16500d803d027e0e46669412e8
0xa160cdab225685da1d56aa342ad8841c3b53f291,0x5be08b43b5f613b4844c9760c39a1e297068c614,erc20,1000.0,0x386e4a385ae580d7daf1d49379bd6f91c861d071c7196cccc65c4e902f889c57,1779338975,candidate_layering,AIFreeUse.cc,0x3c1f94e2d60eca16500d803d027e0e46669412e8
0xa160cdab225685da1d56aa342ad8841c3b53f291,0x76a411f14a704099ba476ce8dffc288a53295218,erc20,1000.0,0xc768a3e9a377957fd307dc4a3f197762b316ccf8f0f025ee816d7dcfc5b27f22,1779339035,candidate_layering,AIFreeUse.cc,0x3c1f94e2d60eca16500d803d027e0e46669412e8
0xa160cdab225685da1d56aa342ad8841c3b53f291,0x7f54f05635d15cde17a49502fedb9d1803a3be8a,erc20,1000.0,0xc768a3e9a377957fd307dc4a3f197762b316ccf8f0f025ee816d7dcfc5b27f22,1779339035,candidate_layering,AIFreeUse.cc,0x3c1f94e2d60eca16500d803d027e0e46669412e8
0xa160cdab225685da1d56aa342ad8841c3b53f291,0x168e9b3c9ddfb013a4130276f9c500a3ce50fde7,erc20,1000.0,0xc768a3e9a377957fd307dc4a3f197762b316ccf8f0f025ee816d7dcfc5b27f22,1779339035,candidate_layering,AIFreeUse.cc,0x3c1f94e2d60eca16500d803d027e0e46669412e8
0xa160cdab225685da1d56aa342ad8841c3b53f291,0xf22fdd2be7c6da9788e4941a6ffc78ca99d7b15c,erc20,1000.0,0xc768a3e9a377957fd307dc4a3f197762b316ccf8f0f025ee816d7dcfc5b27f22,1779339035,candidate_layering,AIFreeUse.cc,0x3c1f94e2d60eca16500d803d027e0e46669412e8
0xa160cdab225685da1d56aa342ad8841c3b53f291,0x56613ad9f3d5df30c48f278bf2b9e41bbe287039,erc20,1000.0,0xc768a3e9a377957fd307dc4a3f197762b316ccf8f0f025ee816d7dcfc5b27f22,1779339035,candidate_layering,AIFreeUse.cc,0x3c1f94e2d60eca16500d803d027e0e46669412e8
0xa160cdab225685da1d56aa342ad8841c3b53f291,0x56613ad9f3d5df30c48f278bf2b9e41bbe287039,erc20,1000.0,0xc768a3e9a377957fd307dc4a3f197762b316ccf8f0f025ee816d7dcfc5b27f22,1779339035,candidate_layering,AIFreeUse.cc,0x3c1f94e2d60eca16500d803d027e0e46669412e8
0xa160cdab225685da1d56aa342ad8841c3b53f291,0x8377d393cca7ee75b4e91c612a967e89442d460d,erc20,1000.0,0xc768a3e9a377957fd307dc4a3f197762b316ccf8f0f025ee816d7dcfc5b27f22,1779339035,candidate_layering,AIFreeUse.cc,0x3c1f94e2d60eca16500d803d027e0e46669412e8
0xa160cdab225685da1d56aa342ad8841c3b53f291,0x3ca0b334296340169c4d5483042b3aa6d27d4dcf,erc20,1000.0,0xc768a3e9a377957fd307dc4a3f197762b316ccf8f0f025ee816d7dcfc5b27f22,1779339035,candidate_layering,AIFreeUse.cc,0x3c1f94e2d60eca16500d803d027e0e46669412e8
0xa160cdab225685da1d56aa342ad8841c3b53f291,0x3d90f66b534dd8482b181e24655a9e8265316be9,erc20,1000.0,0xc768a3e9a377957fd307dc4a3f197762b316ccf8f0f025ee816d7dcfc5b27f22,1779339035,candidate_layering,AIFreeUse.cc,0x3c1f94e2d60eca16500d803d027e0e46669412e8
0xa160cdab225685da1d56aa342ad8841c3b53f291,0x293f0d69cd277326e69725ba0497727098dc6a5a,erc20,1000.0,0xc768a3e9a377957fd307dc4a3f197762b316ccf8f0f025ee816d7dcfc5b27f22,1779339035,candidate_layering,AIFreeUse.cc,0x3c1f94e2d60eca16500d803d027e0e46669412e8
0xa160cdab225685da1d56aa342ad8841c3b53f291,0xb906b72ee485286514c7a4426672197d886e90a5,erc20,1000.0,0xc768a3e9a377957fd307dc4a3f197762b316ccf8f0f025ee816d7dcfc5b27f22,1779339035,candidate_layering,AIFreeUse.cc,0x3c1f94e2d60eca16500d803d027e0e46669412e8
0xa160cdab225685da1d56aa342ad8841c3b53f291,0xdb861e302ef7b7578a448e951aede06302936c28,erc20,1000.0,0xc768a3e9a377957fd307dc4a3f197762b316ccf8f0f025ee816d7dcfc5b27f22,1779339035,candidate_layering,AIFreeUse.cc,0x3c1f94e2d60eca16500d803d027e0e46669412e8
0xa160cdab225685da1d56aa342ad8841c3b53f291,0x5bd2bac8c0f0f38c5e56ee66595ccf942628f663,erc20,1000.0,0x432d2617fdb3a44e0d3c68f63086d5b414204ce26eed9626b863589185dd612b,1779339047,candidate_layering,AIFreeUse.cc,0x3c1f94e2d60eca16500d803d027e0e46669412e8
0xa160cdab225685da1d56aa342ad8841c3b53f291,0x4c3ccc98c01103be72bcfd29e1d2454c98d1a6e3,erc20,1000.0,0x6ef1f34ae3770cdf2d5524fd95e32c33f2cd98fe09f9cd8fec8f70870f1d3641,1779339083,candidate_layering,AIFreeUse.cc,0x3c1f94e2d60eca16500d803d027e0e46669412e8
0xa160cdab225685da1d56aa342ad8841c3b53f291,0x8d6b61ec9e161a0095b20f40a3c859854ac5f764,erc20,1000.0,0xd5a151ff3e89e374dbfd6c7892baf19b76bed7ecd212fe195a09acb355c8a34a,1779339095,candidate_layering,AIFreeUse.cc,0x3c1f94e2d60eca16500d803d027e0e46669412e8
0xa160cdab225685da1d56aa342ad8841c3b53f291,0x41492c7c22deacbc433d3df65924c4097310807d,erc20,1000.0,0xd5a151ff3e89e374dbfd6c7892baf19b76bed7ecd212fe195a09acb355c8a34a,1779339095,candidate_layering,AIFreeUse.cc,0x3c1f94e2d60eca16500d803d027e0e46669412e8
0xa160cdab225685da1d56aa342ad8841c3b53f291,0x307576dd4f73f91bb8c4a2edb762938e8e067d31,erc20,1000.0,0xd5a151ff3e89e374dbfd6c7892baf19b76bed7ecd212fe195a09acb355c8a34a,1779339095,candidate_layering,AIFreeUse.cc,0x3c1f94e2d60eca16500d803d027e0e46669412e8
0xa160cdab225685da1d56aa342ad8841c3b53f291,0x4313c378cc91ea583c91387b9216e2c03096b27f,erc20,1000.0,0xdc8dfae4858c36b3214c268aa53d8280d08e5e70201b4d58608341e2917bc065,1779339107,candidate_layering,AIFreeUse.cc,0x3c1f94e2d60eca16500d803d027e0e46669412e8
0xa160cdab225685da1d56aa342ad8841c3b53f291,0xff8a035ea6c80673f741c2265985ed976a40d390,erc20,1000.0,0xdc8dfae4858c36b3214c268aa53d8280d08e5e70201b4d58608341e2917bc065,1779339107,candidate_layering,AIFreeUse.cc,0x3c1f94e2d60eca16500d803d027e0e46669412e8
0xa160cdab225685da1d56aa342ad8841c3b53f291,0x28b1dc1a5e3699a428bc51d234dfab7c9cb2a183,erc20,1000.0,0xdc8dfae4858c36b3214c268aa53d8280d08e5e70201b4d58608341e2917bc065,1779339107,candidate_layering,AIFreeUse.cc,0x3c1f94e2d60eca16500d803d027e0e46669412e8
0xa160cdab225685da1d56aa342ad8841c3b53f291,0x886aba1ad5863ad256fca743ea1cfff87a4a8d2f,erc20,1000.0,0x66497eb1d78ee08c5bf898906511aa1fe0dc28d691a0da9d2c71cbf33b35bbdb,1779339119,candidate_layering,AIFreeUse.cc,0x3c1f94e2d60eca16500d803d027e0e46669412e8
0xa160cdab225685da1d56aa342ad8841c3b53f291,0x2744dfd9898f0babbc570cc594bbbc84b487a22b,erc20,1000.0,0x66497eb1d78ee08c5bf898906511aa1fe0dc28d691a0da9d2c71cbf33b35bbdb,1779339119,candidate_layering,AIFreeUse.cc,0x3c1f94e2d60eca16500d803d027e0e46669412e8
0xa160cdab225685da1d56aa342ad8841c3b53f291,0xaa8ba7d4611437141192e7ceced531bc0a133efb,erc20,1000.0,0x66497eb1d78ee08c5bf898906511aa1fe0dc28d691a0da9d2c71cbf33b35bbdb,1779339119,candidate_layering,AIFreeUse.cc,0x3c1f94e2d60eca16500d803d027e0e46669412e8
0xa160cdab225685da1d56aa342ad8841c3b53f291,0x00000000fda4c75bfb5e0f3a75ce3d811b6f6c88,erc20,1000.0,0x66497eb1d78ee08c5bf898906511aa1fe0dc28d691a0da9d2c71cbf33b35bbdb,1779339119,candidate_layering,AIFreeUse.cc,0x3c1f94e2d60eca16500d803d027e0e46669412e8
0xa160cdab225685da1d56aa342ad8841c3b53f291,0xab3bcf8ca980889fd412e27f00141e7108371313,erc20,1000.0,0x66497eb1d78ee08c5bf898906511aa1fe0dc28d691a0da9d2c71cbf33b35bbdb,1779339119,candidate_layering,AIFreeUse.cc,0x3c1f94e2d60eca16500d803d027e0e46669412e8
0xa160cdab225685da1d56aa342ad8841c3b53f291,0x2be1338532920c81f7f2750a316ed6e10dd10949,erc20,1000.0,0x66497eb1d78ee08c5bf898906511aa1fe0dc28d691a0da9d2c71cbf33b35bbdb,1779339119,candidate_layering,AIFreeUse.cc,0x3c1f94e2d60eca16500d803d027e0e46669412e8
0xa160cdab225685da1d56aa342ad8841c3b53f291,0x9696f59e4d72e237be84ffd425dcad154bf96976,erc20,1000.0,0x6eb324a1698d9290adfeebaa0553dd0ce3a5d8887c2fbf028ff2544ee7e14b21,1779339143,candidate_layering,AIFreeUse.cc,0x3c1f94e2d60eca16500d803d027e0e46669412e8
0xa160cdab225685da1d56aa342ad8841c3b53f291,0x4c82d1fbfe28c977cbb58d8c7ff8fcf9f70a2cca,erc20,1000.0,0x6eb324a1698d9290adfeebaa0553dd0ce3a5d8887c2fbf028ff2544ee7e14b21,1779339143,candidate_layering,AIFreeUse.cc,0x3c1f94e2d60eca16500d803d027e0e46669412e8
0xa160cdab225685da1d56aa342ad8841c3b53f291,0xf4f82f8d84c529987201609cecee8ab136a50c8c,erc20,1000.0,0x6eb324a1698d9290adfeebaa0553dd0ce3a5d8887c2fbf028ff2544ee7e14b21,1779339143,candidate_layering,AIFreeUse.cc,0x3c1f94e2d60eca16500d803d027e0e46669412e8
0xa160cdab225685da1d56aa342ad8841c3b53f291,0xbdb449a33b2f61c1b35e379e76ad4d5e5f452872,erc20,1000.0,0x6eb324a1698d9290adfeebaa0553dd0ce3a5d8887c2fbf028ff2544ee7e14b21,1779339143,candidate_layering,AIFreeUse.cc,0x3c1f94e2d60eca16500d803d027e0e46669412e8
0xa160cdab225685da1d56aa342ad8841c3b53f291,0x389aa657f2249d0225b337e338a84b01d0fb74eb,erc20,1000.0,0x6eb324a1698d9290adfeebaa0553dd0ce3a5d8887c2fbf028ff2544ee7e14b21,1779339143,candidate_layering,AIFreeUse.cc,0x3c1f94e2d60eca16500d803d027e0e46669412e8
0xa160cdab225685da1d56aa342ad8841c3b53f291,0x7825de5586e4d2fd04459091bbe783fa243e1bf3,erc20,1000.0,0xf92a1745ca6c186bb9c229cf41f66ac12ba0176337deae1a6187d39bd31f491d,1779339155,candidate_layering,AIFreeUse.cc,0x3c1f94e2d60eca16500d803d027e0e46669412e8
0xa160cdab225685da1d56aa342ad8841c3b53f291,0x1103fc560de8b710983e7f3ec09d587f3f848566,erc20,1000.0,0xf92a1745ca6c186bb9c229cf41f66ac12ba0176337deae1a6187d39bd31f491d,1779339155,candidate_layering,AIFreeUse.cc,0x3c1f94e2d60eca16500d803d027e0e46669412e8
0xa160cdab225685da1d56aa342ad8841c3b53f291,0xbdb3ba9ffe392549e1f8658dd2630c141fdf47b6,erc20,1000.0,0xf92a1745ca6c186bb9c229cf41f66ac12ba0176337deae1a6187d39bd31f491d,1779339155,candidate_layering,AIFreeUse.cc,0x3c1f94e2d60eca16500d803d027e0e46669412e8
0xa160cdab225685da1d56aa342ad8841c3b53f291,0x9575be1e07db197034b593b3b795e7f9977261ac,erc20,1000.0,0xf92a1745ca6c186bb9c229cf41f66ac12ba0176337deae1a6187d39bd31f491d,1779339155,candidate_layering,AIFreeUse.cc,0x3c1f94e2d60eca16500d803d027e0e46669412e8
0xa160cdab225685da1d56aa342ad8841c3b53f291,0x12e6ad13e280779264e2c4ee0b40b312d4b97142,erc20,1000.0,0xf6bf0c3d22deace702a6407bf84aaaa6b2d5d7d00458c782ac667f3d6910a37d,1779339167,candidate_layering,AIFreeUse.cc,0x3c1f94e2d60eca16500d803d027e0e46669412e8
0xa160cdab225685da1d56aa342ad8841c3b53f291,0xce16f69375520ab01377ce7b88f5ba8c48f8d666,erc20,1000.0,0xf6bf0c3d22deace702a6407bf84aaaa6b2d5d7d00458c782ac667f3d6910a37d,1779339167,candidate_layering,AIFreeUse.cc,0x3c1f94e2d60eca16500d803d027e0e46669412e8
0xa160cdab225685da1d56aa342ad8841c3b53f291,0x84e38e11d1c2ca619387833db23af95aed86c1a4,erc20,1000.0,0xf6bf0c3d22deace702a6407bf84aaaa6b2d5d7d00458c782ac667f3d6910a37d,1779339167,candidate_layering,AIFreeUse.cc,0x3c1f94e2d60eca16500d803d027e0e46669412e8
0xa160cdab225685da1d56aa342ad8841c3b53f291,0x73b799541656f61ed4e9d26040084311648c268f,erc20,1000.0,0xf6bf0c3d22deace702a6407bf84aaaa6b2d5d7d00458c782ac667f3d6910a37d,1779339167,candidate_layering,AIFreeUse.cc,0x3c1f94e2d60eca16500d803d027e0e46669412e8
0xa160cdab225685da1d56aa342ad8841c3b53f291,0x1f97b2bde8058ae5a11b9fd4d270bfe0c3058380,erc20,1000.0,0x9b6566e838889aa03961f27f5d0b0c0280671045032d98c4e551d0ddab10480e,1779339203,candidate_layering,AIFreeUse.cc,0x14e83c9649b9721ffbcefec7d4e0aad429465911
0xa160cdab225685da1d56aa342ad8841c3b53f291,0x9696f59e4d72e237be84ffd425dcad154bf96976,erc20,1000.0,0x9b6566e838889aa03961f27f5d0b0c0280671045032d98c4e551d0ddab10480e,1779339203,candidate_layering,AIFreeUse.cc,0x14e83c9649b9721ffbcefec7d4e0aad429465911
0xa160cdab225685da1d56aa342ad8841c3b53f291,0xd437f9ef0b837ad5c865833fdaa2fbf10795ed93,erc20,1000.0,0x9b6566e838889aa03961f27f5d0b0c0280671045032d98c4e551d0ddab10480e,1779339203,candidate_layering,AIFreeUse.cc,0x14e83c9649b9721ffbcefec7d4e0aad429465911
0xa160cdab225685da1d56aa342ad8841c3b53f291,0x89a2fa5b24b40f4a08570e0b0481c59fe43e969c,erc20,1000.0,0x9b6566e838889aa03961f27f5d0b0c0280671045032d98c4e551d0ddab10480e,1779339203,candidate_layering,AIFreeUse.cc,0x14e83c9649b9721ffbcefec7d4e0aad429465911
0xa160cdab225685da1d56aa342ad8841c3b53f291,0xd31738001a73a1d541500068f1831947001d7817,erc20,1000.0,0x9b6566e838889aa03961f27f5d0b0c0280671045032d98c4e551d0ddab10480e,1779339203,candidate_layering,AIFreeUse.cc,0x14e83c9649b9721ffbcefec7d4e0aad429465911
0xa160cdab225685da1d56aa342ad8841c3b53f291,0x0fda84fe4dbca9a71f792ed7ee8d9823d62cc7b0,erc20,1000.0,0x9b6566e838889aa03961f27f5d0b0c0280671045032d98c4e551d0ddab10480e,1779339203,candidate_layering,AIFreeUse.cc,0x14e83c9649b9721ffbcefec7d4e0aad429465911
0xa160cdab225685da1d56aa342ad8841c3b53f291,0xeff6cb8b614999d130e537751ee99724d01aa167,erc20,1000.0,0x95b12ac75b9a899ef64c2c1c3ae6a46e03549373254d437cecf4b3a731c05725,1779339227,candidate_layering,AIFreeUse.cc,0x14e83c9649b9721ffbcefec7d4e0aad429465911
0xa160cdab225685da1d56aa342ad8841c3b53f291,0x7a78e801284182cb6cc769bfb602786bf97743bd,erc20,1000.0,0x95b12ac75b9a899ef64c2c1c3ae6a46e03549373254d437cecf4b3a731c05725,1779339227,candidate_layering,AIFreeUse.cc,0x14e83c9649b9721ffbcefec7d4e0aad429465911
0xa160cdab225685da1d56aa342ad8841c3b53f291,0x000000000004444c5dc75cb358380d2e3de08a90,erc20,1000.0,0x95b12ac75b9a899ef64c2c1c3ae6a46e03549373254d437cecf4b3a731c05725,1779339227,candidate_layering,AIFreeUse.cc,0x14e83c9649b9721ffbcefec7d4e0aad429465911
0xa160cdab225685da1d56aa342ad8841c3b53f291,0xe57db29c9888136c66ce5d2788e228e935b0efa3,erc20,1000.0,0x95b12ac75b9a899ef64c2c1c3ae6a46e03549373254d437cecf4b3a731c05725,1779339227,candidate_layering,AIFreeUse.cc,0x14e83c9649b9721ffbcefec7d4e0aad429465911
0xa160cdab225685da1d56aa342ad8841c3b53f291,0xbbbbbbb520d69a9775e85b458c58c648259fad5f,erc20,1000.0,0x95b12ac75b9a899ef64c2c1c3ae6a46e03549373254d437cecf4b3a731c05725,1779339227,candidate_layering,AIFreeUse.cc,0x14e83c9649b9721ffbcefec7d4e0aad429465911
0xa160cdab225685da1d56aa342ad8841c3b53f291,0xc4922d64a24675e16e1586e3e3aa56c06fabe907,erc20,1000.0,0xdd2cf8eb865bfbd300f8d0e60877fb46a264307aa03e6e714546df027b3d3123,1779339251,candidate_layering,AIFreeUse.cc,0x14e83c9649b9721ffbcefec7d4e0aad429465911
0xa160cdab225685da1d56aa342ad8841c3b53f291,0xc3b4acd01c91e813d49332f11c0ec294c76104fa,erc20,1000.0,0xdd2cf8eb865bfbd300f8d0e60877fb46a264307aa03e6e714546df027b3d3123,1779339251,candidate_layering,AIFreeUse.cc,0x14e83c9649b9721ffbcefec7d4e0aad429465911
0xa160cdab225685da1d56aa342ad8841c3b53f291,0xe6b738da243e8fa2a0ed5915645789add5de5152,erc20,1000.0,0x7a9332010b61107e1a83519e7b34b6b056c57827c6dc16bad1ceba8c19ea4ed3,1779339263,candidate_layering,AIFreeUse.cc,0x14e83c9649b9721ffbcefec7d4e0aad429465911
0xa160cdab225685da1d56aa342ad8841c3b53f291,0x4585fe77225b41b697c938b018e2ac67ac5a20c0,erc20,1000.0,0x7a9332010b61107e1a83519e7b34b6b056c57827c6dc16bad1ceba8c19ea4ed3,1779339263,candidate_layering,AIFreeUse.cc,0x14e83c9649b9721ffbcefec7d4e0aad429465911
0xa160cdab225685da1d56aa342ad8841c3b53f291,0xa7858a2bc15fcd3576376c779c4f193f87524823,erc20,1000.0,0x7a9332010b61107e1a83519e7b34b6b056c57827c6dc16bad1ceba8c19ea4ed3,1779339263,candidate_layering,AIFreeUse.cc,0x14e83c9649b9721ffbcefec7d4e0aad429465911
0xa160cdab225685da1d56aa342ad8841c3b53f291,0x559432e18b281731c054cd703d4b49872be4ed53,erc20,1000.0,0x7a9332010b61107e1a83519e7b34b6b056c57827c6dc16bad1ceba8c19ea4ed3,1779339263,candidate_layering,AIFreeUse.cc,0x14e83c9649b9721ffbcefec7d4e0aad429465911
0xa160cdab225685da1d56aa342ad8841c3b53f291,0x45c7687d57076b3dec1f24271dd91f416f5677f6,erc20,1000.0,0x7a9332010b61107e1a83519e7b34b6b056c57827c6dc16bad1ceba8c19ea4ed3,1779339263,candidate_layering,AIFreeUse.cc,0x14e83c9649b9721ffbcefec7d4e0aad429465911
0xa160cdab225685da1d56aa342ad8841c3b53f291,0xfbb81382cce6b9ce58f8645353f70d9db1bb69af,erc20,1000.0,0x7a9332010b61107e1a83519e7b34b6b056c57827c6dc16bad1ceba8c19ea4ed3,1779339263,candidate_layering,AIFreeUse.cc,0x14e83c9649b9721ffbcefec7d4e0aad429465911
0xa160cdab225685da1d56aa342ad8841c3b53f291,0xbdb3ba9ffe392549e1f8658dd2630c141fdf47b6,erc20,1000.0,0x7a9332010b61107e1a83519e7b34b6b056c57827c6dc16bad1ceba8c19ea4ed3,1779339263,candidate_layering,AIFreeUse.cc,0x14e83c9649b9721ffbcefec7d4e0aad429465911
0xa160cdab225685da1d56aa342ad8841c3b53f291,0x3c2623c79920ca5137ebcaaaedb7bdf38c3f2ed6,erc20,1000.0,0x7a9332010b61107e1a83519e7b34b6b056c57827c6dc16bad1ceba8c19ea4ed3,1779339263,candidate_layering,AIFreeUse.cc,0x14e83c9649b9721ffbcefec7d4e0aad429465911
0xa160cdab225685da1d56aa342ad8841c3b53f291,0xd4e8d5f8442418ea23e3f1f20e31382090800901,erc20,1000.0,0x7a9332010b61107e1a83519e7b34b6b056c57827c6dc16bad1ceba8c19ea4ed3,1779339263,candidate_layering,AIFreeUse.cc,0x14e83c9649b9721ffbcefec7d4e0aad429465911
0xa160cdab225685da1d56aa342ad8841c3b53f291,0x57445448c888674b23bfe5937e4dd1b847b9b7dc,erc20,1000.0,0x7a9332010b61107e1a83519e7b34b6b056c57827c6dc16bad1ceba8c19ea4ed3,1779339263,candidate_layering,AIFreeUse.cc,0x14e83c9649b9721ffbcefec7d4e0aad429465911
0xa160cdab225685da1d56aa342ad8841c3b53f291,0x9642b23ed1e01df1092b92641051881a322f5d4e,erc20,1000.0,0x1c9bda7cc4f3cb58c05fb8100e58ad0b443d707f0d1bfa3cb901dce2a6a9897e,1779339275,candidate_layering,AIFreeUse.cc,0x14e83c9649b9721ffbcefec7d4e0aad429465911
0xa160cdab225685da1d56aa342ad8841c3b53f291,0x7c4426f0b01ff928330bb93b3e8d44e37396ec59,erc20,1000.0,0x3cfcb2fbd4aa21656b15018c765ed1716d8b407c1a20edeafe12b78551e96a89,1779339287,candidate_layering,AIFreeUse.cc,0x14e83c9649b9721ffbcefec7d4e0aad429465911
0xa160cdab225685da1d56aa342ad8841c3b53f291,0x03cfefaf138ab04bd587fdc35e70aaa9fb0dc2c7,erc20,1000.0,0x3cfcb2fbd4aa21656b15018c765ed1716d8b407c1a20edeafe12b78551e96a89,1779339287,candidate_layering,AIFreeUse.cc,0x14e83c9649b9721ffbcefec7d4e0aad429465911
0xa160cdab225685da1d56aa342ad8841c3b53f291,0x065ac3d33fec104fba9f2f4d674afaa7c4ebcf43,erc20,1000.0,0x3cfcb2fbd4aa21656b15018c765ed1716d8b407c1a20edeafe12b78551e96a89,1779339287,candidate_layering,AIFreeUse.cc,0x14e83c9649b9721ffbcefec7d4e0aad429465911
0xa160cdab225685da1d56aa342ad8841c3b53f291,0x77021d475e36b3ab1921a0e3a8380f069d3263de,erc20,1000.0,0x3cfcb2fbd4aa21656b15018c765ed1716d8b407c1a20edeafe12b78551e96a89,1779339287,candidate_layering,AIFreeUse.cc,0x14e83c9649b9721ffbcefec7d4e0aad429465911
0xa160cdab225685da1d56aa342ad8841c3b53f291,0xcdd37ada79f589c15bd4f8fd2083dc88e34a2af2,erc20,1000.0,0x0a0b989bba4771c4b81852ad303c4def08217688441092d1721e686303a737aa,1779339335,candidate_layering,AIFreeUse.cc,0x14e83c9649b9721ffbcefec7d4e0aad429465911
0xa160cdab225685da1d56aa342ad8841c3b53f291,0x38a0bd9da7313e9418442d86a75caffb975b2fb4,erc20,1000.0,0x0a0b989bba4771c4b81852ad303c4def08217688441092d1721e686303a737aa,1779339335,candidate_layering,AIFreeUse.cc,0x14e83c9649b9721ffbcefec7d4e0aad429465911
0xa160cdab225685da1d56aa342ad8841c3b53f291,0xcc3fa524315e58cab14b7e659d14270a740a6afe,erc20,1000.0,0x0a0b989bba4771c4b81852ad303c4def08217688441092d1721e686303a737aa,1779339335,candidate_layering,AIFreeUse.cc,0x14e83c9649b9721ffbcefec7d4e0aad429465911
0xa160cdab225685da1d56aa342ad8841c3b53f291,0x5152a95e6e7e50e78ce791eb90029ca4d09017a9,erc20,1000.0,0xd69b1fd4488b9eb507f199fb28e8afa09f95bbdbe269a2eff042e346ea431bb5,1779339347,candidate_layering,AIFreeUse.cc,0x14e83c9649b9721ffbcefec7d4e0aad429465911
0xa160cdab225685da1d56aa342ad8841c3b53f291,0xbe78c51c71f431fd8a9362b9c46899ff185499b2,erc20,1000.0,0xd69b1fd4488b9eb507f199fb28e8afa09f95bbdbe269a2eff042e346ea431bb5,1779339347,candidate_layering,AIFreeUse.cc,0x14e83c9649b9721ffbcefec7d4e0aad429465911
0xa160cdab225685da1d56aa342ad8841c3b53f291,0x7a250d5630b4cf539739df2c5dacb4c659f2488d,erc20,1000.0,0xd69b1fd4488b9eb507f199fb28e8afa09f95bbdbe269a2eff042e346ea431bb5,1779339347,candidate_layering,AIFreeUse.cc,0x14e83c9649b9721ffbcefec7d4e0aad429465911
0xa160cdab225685da1d56aa342ad8841c3b53f291,0x31657e12fc850e9ea399a0bb773279601967901d,erc20,1000.0,0xd69b1fd4488b9eb507f199fb28e8afa09f95bbdbe269a2eff042e346ea431bb5,1779339347,candidate_layering,AIFreeUse.cc,0x14e83c9649b9721ffbcefec7d4e0aad429465911
0xa160cdab225685da1d56aa342ad8841c3b53f291,0x53913d1f41c3595c7eb3e5d6ad37e6c604b51483,erc20,1000.0,0xd69b1fd4488b9eb507f199fb28e8afa09f95bbdbe269a2eff042e346ea431bb5,1779339347,candidate_layering,AIFreeUse.cc,0x14e83c9649b9721ffbcefec7d4e0aad429465911
0xa160cdab225685da1d56aa342ad8841c3b53f291,0xea8b2c56f3724dc29719eae2e1b025561ce3d8c6,erc20,1000.0,0xd69b1fd4488b9eb507f199fb28e8afa09f95bbdbe269a2eff042e346ea431bb5,1779339347,candidate_layering,AIFreeUse.cc,0x14e83c9649b9721ffbcefec7d4e0aad429465911
0xa160cdab225685da1d56aa342ad8841c3b53f291,0xdb15831ace6b99f9e4e653c74073c3ab4929f789,erc20,1000.0,0xd69b1fd4488b9eb507f199fb28e8afa09f95bbdbe269a2eff042e346ea431bb5,1779339347,candidate_layering,AIFreeUse.cc,0x14e83c9649b9721ffbcefec7d4e0aad429465911
0xa160cdab225685da1d56aa342ad8841c3b53f291,0x56feaccb7f750b997b36a68625c7c596f0b41a58,erc20,1000.0,0x0952957d9c438113675a451b724f818101200b4f9cb06b22983b4ff94a52e37e,1779339371,candidate_layering,AIFreeUse.cc,0x14e83c9649b9721ffbcefec7d4e0aad429465911
0xa160cdab225685da1d56aa342ad8841c3b53f291,0x06cff7088619c7178f5e14f0b119458d08d2f5ef,erc20,1000.0,0x0952957d9c438113675a451b724f818101200b4f9cb06b22983b4ff94a52e37e,1779339371,candidate_layering,AIFreeUse.cc,0x14e83c9649b9721ffbcefec7d4e0aad429465911
0xa160cdab225685da1d56aa342ad8841c3b53f291,0x559432e18b281731c054cd703d4b49872be4ed53,erc20,1000.0,0xc1249a8c937ee8f02f950a8657f14c1eb08e1c2bf8f1a8599782ffb4b1d05343,1779339383,candidate_layering,AIFreeUse.cc,0x14e83c9649b9721ffbcefec7d4e0aad429465911
0xa160cdab225685da1d56aa342ad8841c3b53f291,0x508acb99822aa78a1b1d41e5631ea76dd769205f,erc20,1000.0,0xc1249a8c937ee8f02f950a8657f14c1eb08e1c2bf8f1a8599782ffb4b1d05343,1779339383,candidate_layering,AIFreeUse.cc,0x14e83c9649b9721ffbcefec7d4e0aad429465911
0xa160cdab225685da1d56aa342ad8841c3b53f291,0xd19b437f80831d36a11dada7165dccc32e3556e8,erc20,1000.0,0x65552b10d0fb0de9952bfb173ea8f01a5566818b22902d53aab3525476479ba6,1779339443,candidate_layering,AIFreeUse.cc,0x14e83c9649b9721ffbcefec7d4e0aad429465911
0xa160cdab225685da1d56aa342ad8841c3b53f291,0x52b947b5d3427d051edec68d6fe3ab8370e7385c,erc20,1000.0,0x65552b10d0fb0de9952bfb173ea8f01a5566818b22902d53aab3525476479ba6,1779339443,candidate_layering,AIFreeUse.cc,0x14e83c9649b9721ffbcefec7d4e0aad429465911
0xa160cdab225685da1d56aa342ad8841c3b53f291,0x4830750e9e8895f3ade2a9ec7d9786792667f81d,erc20,1000.0,0x65552b10d0fb0de9952bfb173ea8f01a5566818b22902d53aab3525476479ba6,1779339443,candidate_layering,AIFreeUse.cc,0x14e83c9649b9721ffbcefec7d4e0aad429465911
0xa160cdab225685da1d56aa342ad8841c3b53f291,0xfc741c4258aaa097b281fecfb4ef9c012fa73db0,erc20,1000.0,0x65552b10d0fb0de9952bfb173ea8f01a5566818b22902d53aab3525476479ba6,1779339443,candidate_layering,AIFreeUse.cc,0x14e83c9649b9721ffbcefec7d4e0aad429465911
0xa160cdab225685da1d56aa342ad8841c3b53f291,0xb300000b72deaeb607a12d5f54773d1c19c7028d,erc20,1000.0,0x65552b10d0fb0de9952bfb173ea8f01a5566818b22902d53aab3525476479ba6,1779339443,candidate_layering,AIFreeUse.cc,0x14e83c9649b9721ffbcefec7d4e0aad429465911
0xa160cdab225685da1d56aa342ad8841c3b53f291,0xca5285a2adf041076b6c8cd92c5f8323d849f264,erc20,1000.0,0x65552b10d0fb0de9952bfb173ea8f01a5566818b22902d53aab3525476479ba6,1779339443,candidate_layering,AIFreeUse.cc,0x14e83c9649b9721ffbcefec7d4e0aad429465911
0xa160cdab225685da1d56aa342ad8841c3b53f291,0x278d858f05b94576c1e6f73285886876ff6ef8d2,erc20,1000.0,0x65552b10d0fb0de9952bfb173ea8f01a5566818b22902d53aab3525476479ba6,1779339443,candidate_layering,AIFreeUse.cc,0x14e83c9649b9721ffbcefec7d4e0aad429465911
0xa160cdab225685da1d56aa342ad8841c3b53f291,0x7d7e38b0a778815404d5a914fbeeab077ebd79ba,erc20,1000.0,0x65552b10d0fb0de9952bfb173ea8f01a5566818b22902d53aab3525476479ba6,1779339443,candidate_layering,AIFreeUse.cc,0x14e83c9649b9721ffbcefec7d4e0aad429465911
0xa160cdab225685da1d56aa342ad8841c3b53f291,0xfbc37a708e54dd49c8f8e8023590a83c0aeb7774,erc20,1000.0,0x65552b10d0fb0de9952bfb173ea8f01a5566818b22902d53aab3525476479ba6,1779339443,candidate_layering,AIFreeUse.cc,0x14e83c9649b9721ffbcefec7d4e0aad429465911
0xa160cdab225685da1d56aa342ad8841c3b53f291,0xa305f3aad48e285c002a2dbadbbba58fea10ad45,erc20,1000.0,0xd3f10793aaeb083483b9c53bce15c1e6794192868634640c42323a621f4b7971,1779339455,candidate_layering,AIFreeUse.cc,0x14e83c9649b9721ffbcefec7d4e0aad429465911
0xa160cdab225685da1d56aa342ad8841c3b53f291,0x977215c99f4921499c1f263448c179c5d7867477,erc20,1000.0,0xd3f10793aaeb083483b9c53bce15c1e6794192868634640c42323a621f4b7971,1779339455,candidate_layering,AIFreeUse.cc,0x14e83c9649b9721ffbcefec7d4e0aad429465911
0xa160cdab225685da1d56aa342ad8841c3b53f291,0x8d5ef3171faaa4909654e50da8c21e4e6a7b234f,erc20,1000.0,0xd3f10793aaeb083483b9c53bce15c1e6794192868634640c42323a621f4b7971,1779339455,candidate_layering,AIFreeUse.cc,0x14e83c9649b9721ffbcefec7d4e0aad429465911
0xa160cdab225685da1d56aa342ad8841c3b53f291,0x4e5b2e1dc63f6b91cb6cd759936495434c7e972f,erc20,1000.0,0x501463dc97b935507ffa108cf748d766d899b2b3bde2a93f97b93e5aaf77d258,1779339467,candidate_layering,AIFreeUse.cc,0x14e83c9649b9721ffbcefec7d4e0aad429465911
0xa160cdab225685da1d56aa342ad8841c3b53f291,0x790f117af8169487725a1c3e92828176042cfc88,erc20,1000.0,0xbb8718a97bd8b0ae41fccc0689e5510852a502c2c730dd225d5edd75ac3d7098,1779339479,candidate_layering,AIFreeUse.cc,0x14e83c9649b9721ffbcefec7d4e0aad429465911
0xa160cdab225685da1d56aa342ad8841c3b53f291,0x111111125421ca6dc452d289314280a0f8842a65,erc20,1000.0,0xbb8718a97bd8b0ae41fccc0689e5510852a502c2c730dd225d5edd75ac3d7098,1779339479,candidate_layering,AIFreeUse.cc,0x14e83c9649b9721ffbcefec7d4e0aad429465911
0xa160cdab225685da1d56aa342ad8841c3b53f291,0x21a31ee1afc51d94c2efccaa2092ad1028285549,erc20,1000.0,0xbb8718a97bd8b0ae41fccc0689e5510852a502c2c730dd225d5edd75ac3d7098,1779339479,candidate_layering,AIFreeUse.cc,0x14e83c9649b9721ffbcefec7d4e0aad429465911
0xa160cdab225685da1d56aa342ad8841c3b53f291,0x977510df7651d7a572618faa928da609e416369a,erc20,1000.0,0xbb8718a97bd8b0ae41fccc0689e5510852a502c2c730dd225d5edd75ac3d7098,1779339479,candidate_layering,AIFreeUse.cc,0x14e83c9649b9721ffbcefec7d4e0aad429465911
0xa160cdab225685da1d56aa342ad8841c3b53f291,0x893d8f17ce09db88615a0c29bfaa9afba90d7c90,erc20,1000.0,0xbb8718a97bd8b0ae41fccc0689e5510852a502c2c730dd225d5edd75ac3d7098,1779339479,candidate_layering,AIFreeUse.cc,0x14e83c9649b9721ffbcefec7d4e0aad429465911
0xa160cdab225685da1d56aa342ad8841c3b53f291,0xf4d0cf32908b2c7f1021339c43df0f77f06896d7,erc20,1000.0,0xbb8718a97bd8b0ae41fccc0689e5510852a502c2c730dd225d5edd75ac3d7098,1779339479,candidate_layering,AIFreeUse.cc,0x14e83c9649b9721ffbcefec7d4e0aad429465911
0xa160cdab225685da1d56aa342ad8841c3b53f291,0x2744dfd9898f0babbc570cc594bbbc84b487a22b,erc20,1000.0,0xd983c41ff3e2bb0cb80129c52801eb6f46548963a2068f8c43b3b931f9ecf392,1779339527,candidate_layering,AIFreeUse.cc,0x14e83c9649b9721ffbcefec7d4e0aad429465911
0xa160cdab225685da1d56aa342ad8841c3b53f291,0x6f5dcb0eb514a405952783c297b16e6930fdaae1,erc20,1000.0,0xd983c41ff3e2bb0cb80129c52801eb6f46548963a2068f8c43b3b931f9ecf392,1779339527,candidate_layering,AIFreeUse.cc,0x14e83c9649b9721ffbcefec7d4e0aad429465911
0xa160cdab225685da1d56aa342ad8841c3b53f291,0x05d9617595e69ff577076355abc5e7c51ed0bdf3,erc20,1000.0,0xd983c41ff3e2bb0cb80129c52801eb6f46548963a2068f8c43b3b931f9ecf392,1779339527,candidate_layering,AIFreeUse.cc,0x14e83c9649b9721ffbcefec7d4e0aad429465911
0xa160cdab225685da1d56aa342ad8841c3b53f291,0x559432e18b281731c054cd703d4b49872be4ed53,erc20,1000.0,0xd983c41ff3e2bb0cb80129c52801eb6f46548963a2068f8c43b3b931f9ecf392,1779339527,candidate_layering,AIFreeUse.cc,0x14e83c9649b9721ffbcefec7d4e0aad429465911
0xa160cdab225685da1d56aa342ad8841c3b53f291,0x3fc91a3afd70395cd496c647d5a6cc9d4b2b7fad,erc20,1000.0,0xd983c41ff3e2bb0cb80129c52801eb6f46548963a2068f8c43b3b931f9ecf392,1779339527,candidate_layering,AIFreeUse.cc,0x14e83c9649b9721ffbcefec7d4e0aad429465911
0xa160cdab225685da1d56aa342ad8841c3b53f291,0x4c82d1fbfe28c977cbb58d8c7ff8fcf9f70a2cca,erc20,1000.0,0xf0a25d56214984a771d080f6faf1c179a63ef2a0365c2ce7aac8b637729eb215,1779339587,candidate_layering,AIFreeUse.cc,0x14e83c9649b9721ffbcefec7d4e0aad429465911
0xa160cdab225685da1d56aa342ad8841c3b53f291,0x0337afb8ce79ccb4c64a350862c0f4677dc2b853,erc20,1000.0,0xf0a25d56214984a771d080f6faf1c179a63ef2a0365c2ce7aac8b637729eb215,1779339587,candidate_layering,AIFreeUse.cc,0x14e83c9649b9721ffbcefec7d4e0aad429465911
0xa160cdab225685da1d56aa342ad8841c3b53f291,0x4edcfd1b54111a5f1026fe5f313f49ba68db4caf,erc20,1000.0,0xf0a25d56214984a771d080f6faf1c179a63ef2a0365c2ce7aac8b637729eb215,1779339587,candidate_layering,AIFreeUse.cc,0x14e83c9649b9721ffbcefec7d4e0aad429465911
0xa160cdab225685da1d56aa342ad8841c3b53f291,0x91dca37856240e5e1906222ec79278b16420dc92,erc20,1000.0,0xf0a25d56214984a771d080f6faf1c179a63ef2a0365c2ce7aac8b637729eb215,1779339587,candidate_layering,AIFreeUse.cc,0x14e83c9649b9721ffbcefec7d4e0aad429465911
0xa160cdab225685da1d56aa342ad8841c3b53f291,0x1d42064fc4beb5f8aaf85f4617ae8b3b5b8bd801,erc20,1000.0,0xf0a25d56214984a771d080f6faf1c179a63ef2a0365c2ce7aac8b637729eb215,1779339587,candidate_layering,AIFreeUse.cc,0x14e83c9649b9721ffbcefec7d4e0aad429465911
0xa160cdab225685da1d56aa342ad8841c3b53f291,0x5ad655587a755b7122a05b3cc8ce55f97519e779,erc20,1000.0,0xf0a25d56214984a771d080f6faf1c179a63ef2a0365c2ce7aac8b637729eb215,1779339587,candidate_layering,AIFreeUse.cc,0x14e83c9649b9721ffbcefec7d4e0aad429465911
0xa160cdab225685da1d56aa342ad8841c3b53f291,0xe964ee4f00a8acc81a7819a744daecb903246e03,erc20,1000.0,0xf4b6f6be5f7c2b6089194b808d32801214745c2327aa2842d4b614ff66a6f28a,1779339623,candidate_layering,AIFreeUse.cc,0x14e83c9649b9721ffbcefec7d4e0aad429465911
0xa160cdab225685da1d56aa342ad8841c3b53f291,0x9300b491d0ded6c3ac42bed96b3552a6988e660e,erc20,1000.0,0x8a37472f326066e5eabe2dfb946b93ff0742540ba77077d21e515b4d8860a5be,1779339635,candidate_layering,AIFreeUse.cc,0x14e83c9649b9721ffbcefec7d4e0aad429465911
0xa160cdab225685da1d56aa342ad8841c3b53f291,0x20f6ee51340adeed01a59b0e65cb3703f3dc860c,erc20,1000.0,0x8a37472f326066e5eabe2dfb946b93ff0742540ba77077d21e515b4d8860a5be,1779339635,candidate_layering,AIFreeUse.cc,0x14e83c9649b9721ffbcefec7d4e0aad429465911
0xa160cdab225685da1d56aa342ad8841c3b53f291,0xbdb3ba9ffe392549e1f8658dd2630c141fdf47b6,erc20,1000.0,0x60a03c3d49f88ea2ce24e0a8bfcb356d4c7aa5f65587af1e0cefaf9568615bb3,1779339707,candidate_layering,AIFreeUse.cc,0x14e83c9649b9721ffbcefec7d4e0aad429465911
0xa160cdab225685da1d56aa342ad8841c3b53f291,0x91496d9d9e4a014981ccf9740908ef527dbe9bf2,erc20,1000.0,0x60a03c3d49f88ea2ce24e0a8bfcb356d4c7aa5f65587af1e0cefaf9568615bb3,1779339707,candidate_layering,AIFreeUse.cc,0x14e83c9649b9721ffbcefec7d4e0aad429465911
0xa160cdab225685da1d56aa342ad8841c3b53f291,0xc7bbec68d12a0d1830360f8ec58fa599ba1b0e9b,erc20,1000.0,0x60a03c3d49f88ea2ce24e0a8bfcb356d4c7aa5f65587af1e0cefaf9568615bb3,1779339707,candidate_layering,AIFreeUse.cc,0x14e83c9649b9721ffbcefec7d4e0aad429465911
0xa160cdab225685da1d56aa342ad8841c3b53f291,0x184d0b72376c88752bdf7ddde34e72df0f1f6846,erc20,1000.0,0x60a03c3d49f88ea2ce24e0a8bfcb356d4c7aa5f65587af1e0cefaf9568615bb3,1779339707,candidate_layering,AIFreeUse.cc,0x14e83c9649b9721ffbcefec7d4e0aad429465911
0xa160cdab225685da1d56aa342ad8841c3b53f291,0xbee3211ab312a8d065c4fef0247448e17a8da000,erc20,1000.0,0x763c1261734140ab8b7d20ca8d5de2c7b224c8ab1648446f7b31d8b6a3849809,1779339719,candidate_layering,AIFreeUse.cc,0x14e83c9649b9721ffbcefec7d4e0aad429465911
0xa160cdab225685da1d56aa342ad8841c3b53f291,0x7f54f05635d15cde17a49502fedb9d1803a3be8a,erc20,1000.0,0x763c1261734140ab8b7d20ca8d5de2c7b224c8ab1648446f7b31d8b6a3849809,1779339719,candidate_layering,AIFreeUse.cc,0x14e83c9649b9721ffbcefec7d4e0aad429465911
0xa160cdab225685da1d56aa342ad8841c3b53f291,0x4674abc5796e1334b5075326b39b748bee9eaa34,erc20,1000.0,0x763c1261734140ab8b7d20ca8d5de2c7b224c8ab1648446f7b31d8b6a3849809,1779339719,candidate_layering,AIFreeUse.cc,0x14e83c9649b9721ffbcefec7d4e0aad429465911
0xa160cdab225685da1d56aa342ad8841c3b53f291,0x689d55905019e4e909de11ce675f96467cb43748,erc20,1000.0,0x763c1261734140ab8b7d20ca8d5de2c7b224c8ab1648446f7b31d8b6a3849809,1779339719,candidate_layering,AIFreeUse.cc,0x14e83c9649b9721ffbcefec7d4e0aad429465911
0xa160cdab225685da1d56aa342ad8841c3b53f291,0x1601843c5e9bc251a3272907010afa41fa18347e,erc20,1000.0,0x763c1261734140ab8b7d20ca8d5de2c7b224c8ab1648446f7b31d8b6a3849809,1779339719,candidate_layering,AIFreeUse.cc,0x14e83c9649b9721ffbcefec7d4e0aad429465911
0xa160cdab225685da1d56aa342ad8841c3b53f291,0xa71000e63a0c79de02387e98e6ea52350dd8fdc3,erc20,1000.0,0x763c1261734140ab8b7d20ca8d5de2c7b224c8ab1648446f7b31d8b6a3849809,1779339719,candidate_layering,AIFreeUse.cc,0x14e83c9649b9721ffbcefec7d4e0aad429465911
0xa160cdab225685da1d56aa342ad8841c3b53f291,0x5d2bf0c44fa073286b5907436677e35bfbc7a37e,erc20,1000.0,0x0dbfc2da1cb20f40d902f72ce7dbad83af9516c8ccbf3de4f6c67d3ffb64c137,1779339803,candidate_layering,AIFreeUse.cc,0x14e83c9649b9721ffbcefec7d4e0aad429465911
0xa160cdab225685da1d56aa342ad8841c3b53f291,0xe700e0342f4552ca46046816ab63d11edf95be97,erc20,1000.0,0x0dbfc2da1cb20f40d902f72ce7dbad83af9516c8ccbf3de4f6c67d3ffb64c137,1779339803,candidate_layering,AIFreeUse.cc,0x14e83c9649b9721ffbcefec7d4e0aad429465911
0xa160cdab225685da1d56aa342ad8841c3b53f291,0x559432e18b281731c054cd703d4b49872be4ed53,erc20,1000.0,0x0dbfc2da1cb20f40d902f72ce7dbad83af9516c8ccbf3de4f6c67d3ffb64c137,1779339803,candidate_layering,AIFreeUse.cc,0x14e83c9649b9721ffbcefec7d4e0aad429465911
0xa160cdab225685da1d56aa342ad8841c3b53f291,0x559432e18b281731c054cd703d4b49872be4ed53,erc20,1000.0,0x0dbfc2da1cb20f40d902f72ce7dbad83af9516c8ccbf3de4f6c67d3ffb64c137,1779339803,candidate_layering,AIFreeUse.cc,0x14e83c9649b9721ffbcefec7d4e0aad429465911
0xa160cdab225685da1d56aa342ad8841c3b53f291,0xc78c759beb83982723240a5fec3ea797abdf1301,erc20,1000.0,0x0dbfc2da1cb20f40d902f72ce7dbad83af9516c8ccbf3de4f6c67d3ffb64c137,1779339803,candidate_layering,AIFreeUse.cc,0x14e83c9649b9721ffbcefec7d4e0aad429465911
0xa160cdab225685da1d56aa342ad8841c3b53f291,0xbc3fcf7722dd4f6f6b2265e3739de079247f401d,erc20,1000.0,0x0dbfc2da1cb20f40d902f72ce7dbad83af9516c8ccbf3de4f6c67d3ffb64c137,1779339803,candidate_layering,AIFreeUse.cc,0x14e83c9649b9721ffbcefec7d4e0aad429465911
0xa160cdab225685da1d56aa342ad8841c3b53f291,0x7f54f05635d15cde17a49502fedb9d1803a3be8a,erc20,1000.0,0x0dbfc2da1cb20f40d902f72ce7dbad83af9516c8ccbf3de4f6c67d3ffb64c137,1779339803,candidate_layering,AIFreeUse.cc,0x14e83c9649b9721ffbcefec7d4e0aad429465911
0xa160cdab225685da1d56aa342ad8841c3b53f291,0x41a561b972039a9ccb975a4c17b84c9f95099e15,erc20,1000.0,0x0dbfc2da1cb20f40d902f72ce7dbad83af9516c8ccbf3de4f6c67d3ffb64c137,1779339803,candidate_layering,AIFreeUse.cc,0x14e83c9649b9721ffbcefec7d4e0aad429465911
0xa160cdab225685da1d56aa342ad8841c3b53f291,0x61192eb6ca9fe34a3ccc5f4cd4bf6fefb77a037f,erc20,1000.0,0x0dbfc2da1cb20f40d902f72ce7dbad83af9516c8ccbf3de4f6c67d3ffb64c137,1779339803,candidate_layering,AIFreeUse.cc,0x14e83c9649b9721ffbcefec7d4e0aad429465911
0xa160cdab225685da1d56aa342ad8841c3b53f291,0x6d37fb5342bef90c16b6f8b310991971ee573ba2,erc20,1000.0,0x0dbfc2da1cb20f40d902f72ce7dbad83af9516c8ccbf3de4f6c67d3ffb64c137,1779339803,candidate_layering,AIFreeUse.cc,0x14e83c9649b9721ffbcefec7d4e0aad429465911
0xa160cdab225685da1d56aa342ad8841c3b53f291,0x42b8c6665f16172a120578f8cc8ec5182727fcd8,erc20,1000.0,0x0dbfc2da1cb20f40d902f72ce7dbad83af9516c8ccbf3de4f6c67d3ffb64c137,1779339803,candidate_layering,AIFreeUse.cc,0x14e83c9649b9721ffbcefec7d4e0aad429465911
0xa160cdab225685da1d56aa342ad8841c3b53f291,0x1176aab8938ff632c2dbe2298860c5a7187b8c1e,erc20,1000.0,0xaf19d6fc26cb10dc4592b91623652111bf6ef2155db78c83e93c76e4c8328b06,1779339815,candidate_layering,AIFreeUse.cc,0x14e83c9649b9721ffbcefec7d4e0aad429465911
0xa160cdab225685da1d56aa342ad8841c3b53f291,0x4b7f3d00d750a42177f474c6eab89e45a85eec3b,erc20,1000.0,0xaf19d6fc26cb10dc4592b91623652111bf6ef2155db78c83e93c76e4c8328b06,1779339815,candidate_layering,AIFreeUse.cc,0x14e83c9649b9721ffbcefec7d4e0aad429465911
0xa160cdab225685da1d56aa342ad8841c3b53f291,0xd1f5807533e5860848050b8b461d85cfe65130f7,erc20,1000.0,0xaf19d6fc26cb10dc4592b91623652111bf6ef2155db78c83e93c76e4c8328b06,1779339815,candidate_layering,AIFreeUse.cc,0x14e83c9649b9721ffbcefec7d4e0aad429465911
0xa160cdab225685da1d56aa342ad8841c3b53f291,0xf3f4dfd1b442c2baa4ef9d4d4cd4a4494ecfd845,erc20,1000.0,0xaf19d6fc26cb10dc4592b91623652111bf6ef2155db78c83e93c76e4c8328b06,1779339815,candidate_layering,AIFreeUse.cc,0x14e83c9649b9721ffbcefec7d4e0aad429465911
0xa160cdab225685da1d56aa342ad8841c3b53f291,0x24421279416be36e5234d72969885af6504b0637,erc20,1000.0,0xaf19d6fc26cb10dc4592b91623652111bf6ef2155db78c83e93c76e4c8328b06,1779339815,candidate_layering,AIFreeUse.cc,0x14e83c9649b9721ffbcefec7d4e0aad429465911
0xa160cdab225685da1d56aa342ad8841c3b53f291,0x20f6ee51340adeed01a59b0e65cb3703f3dc860c,erc20,1000.0,0xaf19d6fc26cb10dc4592b91623652111bf6ef2155db78c83e93c76e4c8328b06,1779339815,candidate_layering,AIFreeUse.cc,0x14e83c9649b9721ffbcefec7d4e0aad429465911
0xa160cdab225685da1d56aa342ad8841c3b53f291,0x974caa59e49682cda0ad2bbe82983419a2ecc400,erc20,1000.0,0xaf19d6fc26cb10dc4592b91623652111bf6ef2155db78c83e93c76e4c8328b06,1779339815,candidate_layering,AIFreeUse.cc,0x14e83c9649b9721ffbcefec7d4e0aad429465911
0xa160cdab225685da1d56aa342ad8841c3b53f291,0x7a250d5630b4cf539739df2c5dacb4c659f2488d,erc20,1000.0,0xaf19d6fc26cb10dc4592b91623652111bf6ef2155db78c83e93c76e4c8328b06,1779339815,candidate_layering,AIFreeUse.cc,0x14e83c9649b9721ffbcefec7d4e0aad429465911
0xa160cdab225685da1d56aa342ad8841c3b53f291,0xaf0e7932774e0722921c0a0a60a1c212379aa595,erc20,1000.0,0xaf19d6fc26cb10dc4592b91623652111bf6ef2155db78c83e93c76e4c8328b06,1779339815,candidate_layering,AIFreeUse.cc,0x14e83c9649b9721ffbcefec7d4e0aad429465911
0xa160cdab225685da1d56aa342ad8841c3b53f291,0x695d8cf54970913c9bf11f642ea84caba76627d3,erc20,1000.0,0xaf19d6fc26cb10dc4592b91623652111bf6ef2155db78c83e93c76e4c8328b06,1779339815,candidate_layering,AIFreeUse.cc,0x14e83c9649b9721ffbcefec7d4e0aad429465911
0xa160cdab225685da1d56aa342ad8841c3b53f291,0xdf90141ef47191be64e979be83370919a1ee6711,erc20,1000.0,0xaf19d6fc26cb10dc4592b91623652111bf6ef2155db78c83e93c76e4c8328b06,1779339815,candidate_layering,AIFreeUse.cc,0x14e83c9649b9721ffbcefec7d4e0aad429465911
0xa160cdab225685da1d56aa342ad8841c3b53f291,0x8287b3ed2051d0180827515cb88d2d8d786fab9e,erc20,1000.0,0xaf19d6fc26cb10dc4592b91623652111bf6ef2155db78c83e93c76e4c8328b06,1779339815,candidate_layering,AIFreeUse.cc,0x14e83c9649b9721ffbcefec7d4e0aad429465911
0xa160cdab225685da1d56aa342ad8841c3b53f291,0x4514ce8efae80ba7352072d0225d059db06bc5b0,erc20,1000.0,0x6dc53a7c1d8d69d159522b2a799b969504380be7dff2a4a7fa8ce162d8b66001,1779339827,candidate_layering,AIFreeUse.cc,0x14e83c9649b9721ffbcefec7d4e0aad429465911
0xa160cdab225685da1d56aa342ad8841c3b53f291,0x0da3705e55c7665cba0034f7c53fb3b594ddc033,erc20,1000.0,0x6dc53a7c1d8d69d159522b2a799b969504380be7dff2a4a7fa8ce162d8b66001,1779339827,candidate_layering,AIFreeUse.cc,0x14e83c9649b9721ffbcefec7d4e0aad429465911
0xa160cdab225685da1d56aa342ad8841c3b53f291,0xee7ae85f2fe2239e27d9c1e23fffe168d63b4055,erc20,1000.0,0x6dc53a7c1d8d69d159522b2a799b969504380be7dff2a4a7fa8ce162d8b66001,1779339827,candidate_layering,AIFreeUse.cc,0x14e83c9649b9721ffbcefec7d4e0aad429465911
0xa160cdab225685da1d56aa342ad8841c3b53f291,0x8b60e4c0f7089d2a3e85b6132216bd14233973f0,erc20,1000.0,0x6dc53a7c1d8d69d159522b2a799b969504380be7dff2a4a7fa8ce162d8b66001,1779339827,candidate_layering,AIFreeUse.cc,0x14e83c9649b9721ffbcefec7d4e0aad429465911
0xa160cdab225685da1d56aa342ad8841c3b53f291,0xa9d1e08c7793af67e9d92fe308d5697fb81d3e43,erc20,1000.0,0x6dc53a7c1d8d69d159522b2a799b969504380be7dff2a4a7fa8ce162d8b66001,1779339827,candidate_layering,AIFreeUse.cc,0x14e83c9649b9721ffbcefec7d4e0aad429465911
0xa160cdab225685da1d56aa342ad8841c3b53f291,0x7c497b216b80ee6c1a279599f0df5d2e92e42121,erc20,1000.0,0x6dc53a7c1d8d69d159522b2a799b969504380be7dff2a4a7fa8ce162d8b66001,1779339827,candidate_layering,AIFreeUse.cc,0x14e83c9649b9721ffbcefec7d4e0aad429465911
0xa160cdab225685da1d56aa342ad8841c3b53f291,0x000000000004444c5dc75cb358380d2e3de08a90,erc20,1000.0,0x6dc53a7c1d8d69d159522b2a799b969504380be7dff2a4a7fa8ce162d8b66001,1779339827,candidate_layering,AIFreeUse.cc,0x14e83c9649b9721ffbcefec7d4e0aad429465911
0xa160cdab225685da1d56aa342ad8841c3b53f291,0x8e88b32eb2a6cc55f997ae4358b33f1c7682cf48,erc20,1000.0,0x6dc53a7c1d8d69d159522b2a799b969504380be7dff2a4a7fa8ce162d8b66001,1779339827,candidate_layering,AIFreeUse.cc,0x14e83c9649b9721ffbcefec7d4e0aad429465911
0xa160cdab225685da1d56aa342ad8841c3b53f291,0x853f2c11774bb08031e7dea93803569bbe2058f8,erc20,1000.0,0x6dc53a7c1d8d69d159522b2a799b969504380be7dff2a4a7fa8ce162d8b66001,1779339827,candidate_layering,AIFreeUse.cc,0x14e83c9649b9721ffbcefec7d4e0aad429465911
0xa160cdab225685da1d56aa342ad8841c3b53f291,0x8e32e434d01783b9d48c3a4b4fd360302d83eba6,erc20,1000.0,0x6dc53a7c1d8d69d159522b2a799b969504380be7dff2a4a7fa8ce162d8b66001,1779339827,candidate_layering,AIFreeUse.cc,0x14e83c9649b9721ffbcefec7d4e0aad429465911
0xa160cdab225685da1d56aa342ad8841c3b53f291,0x365084b05fa7d5028346bd21d842ed0601bab5b8,erc20,1000.0,0x272bc273eae29c4f25a81d9382fbba938a3dd244c4aef39a6bc5b566b6893f3e,1779339839,candidate_layering,AIFreeUse.cc,0x14e83c9649b9721ffbcefec7d4e0aad429465911
0xa160cdab225685da1d56aa342ad8841c3b53f291,0x08b00ceee2fb66029b53d76110b19eeaabfd1e65,erc20,1000.0,0x272bc273eae29c4f25a81d9382fbba938a3dd244c4aef39a6bc5b566b6893f3e,1779339839,candidate_layering,AIFreeUse.cc,0x14e83c9649b9721ffbcefec7d4e0aad429465911
0xa160cdab225685da1d56aa342ad8841c3b53f291,0x08ec0883dec73e786ccf01461e4e543e23a731a7,erc20,1000.0,0x272bc273eae29c4f25a81d9382fbba938a3dd244c4aef39a6bc5b566b6893f3e,1779339839,candidate_layering,AIFreeUse.cc,0x14e83c9649b9721ffbcefec7d4e0aad429465911
0xa160cdab225685da1d56aa342ad8841c3b53f291,0x4a9a16755a6bf64291cd2c9eb027b39c129ff58d,erc20,1000.0,0x272bc273eae29c4f25a81d9382fbba938a3dd244c4aef39a6bc5b566b6893f3e,1779339839,candidate_layering,AIFreeUse.cc,0x14e83c9649b9721ffbcefec7d4e0aad429465911
0xa160cdab225685da1d56aa342ad8841c3b53f291,0xc1da33e8d60daf4f93a52357a57a076f44c45759,erc20,1000.0,0x272bc273eae29c4f25a81d9382fbba938a3dd244c4aef39a6bc5b566b6893f3e,1779339839,candidate_layering,AIFreeUse.cc,0x14e83c9649b9721ffbcefec7d4e0aad429465911
0xa160cdab225685da1d56aa342ad8841c3b53f291,0x5dc608aa7cbe8a6c68e691d9728a96e3df6a7317,erc20,1000.0,0xe0bc557d51bcc2950fa88f1d3660d01ad9270af2331f5e9ef48241c4592648c2,1779339863,candidate_layering,AIFreeUse.cc,0x14e83c9649b9721ffbcefec7d4e0aad429465911
0xa160cdab225685da1d56aa342ad8841c3b53f291,0x04d272efea9219ae45765ebb735278cf900453cf,erc20,1000.0,0xe0bc557d51bcc2950fa88f1d3660d01ad9270af2331f5e9ef48241c4592648c2,1779339863,candidate_layering,AIFreeUse.cc,0x14e83c9649b9721ffbcefec7d4e0aad429465911
0xa160cdab225685da1d56aa342ad8841c3b53f291,0x12d4a9374c23c280308cc9c4cfa944ea797c66a4,erc20,1000.0,0xe0bc557d51bcc2950fa88f1d3660d01ad9270af2331f5e9ef48241c4592648c2,1779339863,candidate_layering,AIFreeUse.cc,0x14e83c9649b9721ffbcefec7d4e0aad429465911
0xa160cdab225685da1d56aa342ad8841c3b53f291,0xfba820b0bc6e5935f767ac7266af56a67c9e60ad,erc20,1000.0,0xe0bc557d51bcc2950fa88f1d3660d01ad9270af2331f5e9ef48241c4592648c2,1779339863,candidate_layering,AIFreeUse.cc,0x14e83c9649b9721ffbcefec7d4e0aad429465911
0xa160cdab225685da1d56aa342ad8841c3b53f291,0x41a561b972039a9ccb975a4c17b84c9f95099e15,erc20,1000.0,0xe0bc557d51bcc2950fa88f1d3660d01ad9270af2331f5e9ef48241c4592648c2,1779339863,candidate_layering,AIFreeUse.cc,0x14e83c9649b9721ffbcefec7d4e0aad429465911
0xa160cdab225685da1d56aa342ad8841c3b53f291,0x000000000004444c5dc75cb358380d2e3de08a90,erc20,1000.0,0xe0bc557d51bcc2950fa88f1d3660d01ad9270af2331f5e9ef48241c4592648c2,1779339863,candidate_layering,AIFreeUse.cc,0x14e83c9649b9721ffbcefec7d4e0aad429465911
0xa160cdab225685da1d56aa342ad8841c3b53f291,0xf3c2de39a77b0966cedccfdfb4de0a22dcc416b8,erc20,1000.0,0xe0bc557d51bcc2950fa88f1d3660d01ad9270af2331f5e9ef48241c4592648c2,1779339863,candidate_layering,AIFreeUse.cc,0x14e83c9649b9721ffbcefec7d4e0aad429465911
0xa160cdab225685da1d56aa342ad8841c3b53f291,0xb771f724c504b329623b0ce9199907137670600e,erc20,1000.0,0xe0bc557d51bcc2950fa88f1d3660d01ad9270af2331f5e9ef48241c4592648c2,1779339863,candidate_layering,AIFreeUse.cc,0x14e83c9649b9721ffbcefec7d4e0aad429465911
0xa160cdab225685da1d56aa342ad8841c3b53f291,0x00000000000014aa86c5d3c41765bb24e11bd701,erc20,1000.0,0xe0bc557d51bcc2950fa88f1d3660d01ad9270af2331f5e9ef48241c4592648c2,1779339863,candidate_layering,AIFreeUse.cc,0x14e83c9649b9721ffbcefec7d4e0aad429465911
0xa160cdab225685da1d56aa342ad8841c3b53f291,0xbbcb91440523216e2b87052a99f69c604a7b6e00,erc20,1000.0,0xe0bc557d51bcc2950fa88f1d3660d01ad9270af2331f5e9ef48241c4592648c2,1779339863,candidate_layering,AIFreeUse.cc,0x14e83c9649b9721ffbcefec7d4e0aad429465911
0xa160cdab225685da1d56aa342ad8841c3b53f291,0x6a000f20005980200259b80c5102003040001068,erc20,1000.0,0xe0bc557d51bcc2950fa88f1d3660d01ad9270af2331f5e9ef48241c4592648c2,1779339863,candidate_layering,AIFreeUse.cc,0x14e83c9649b9721ffbcefec7d4e0aad429465911
0xa160cdab225685da1d56aa342ad8841c3b53f291,0x4c2c0f0bb2631b02ac9299c59690914ee7a200b8,erc20,1000.0,0xe0bc557d51bcc2950fa88f1d3660d01ad9270af2331f5e9ef48241c4592648c2,1779339863,candidate_layering,AIFreeUse.cc,0x14e83c9649b9721ffbcefec7d4e0aad429465911
0xa160cdab225685da1d56aa342ad8841c3b53f291,0x445f16314284b43dfa1fd3cd77b9dea4a1bebd97,erc20,1000.0,0x8c9af8cc04b4ff99bd6a7fdeb7e162dd403c234efe43d76ec3d055b9bea696df,1779339875,candidate_layering,AIFreeUse.cc,0x14e83c9649b9721ffbcefec7d4e0aad429465911
0xa160cdab225685da1d56aa342ad8841c3b53f291,0x445f16314284b43dfa1fd3cd77b9dea4a1bebd97,erc20,1000.0,0x8c9af8cc04b4ff99bd6a7fdeb7e162dd403c234efe43d76ec3d055b9bea696df,1779339875,candidate_layering,AIFreeUse.cc,0x14e83c9649b9721ffbcefec7d4e0aad429465911
0xa160cdab225685da1d56aa342ad8841c3b53f291,0xdd3d72c53ff982ff59853da71158bf1538b3ceee,erc20,1000.0,0x8c9af8cc04b4ff99bd6a7fdeb7e162dd403c234efe43d76ec3d055b9bea696df,1779339875,candidate_layering,AIFreeUse.cc,0x14e83c9649b9721ffbcefec7d4e0aad429465911
0xa160cdab225685da1d56aa342ad8841c3b53f291,0x7d328f5d5f4640f81b2f93d2903ec0a6c030eed6,erc20,1000.0,0x8c9af8cc04b4ff99bd6a7fdeb7e162dd403c234efe43d76ec3d055b9bea696df,1779339875,candidate_layering,AIFreeUse.cc,0x14e83c9649b9721ffbcefec7d4e0aad429465911
0xa160cdab225685da1d56aa342ad8841c3b53f291,0x21a31ee1afc51d94c2efccaa2092ad1028285549,erc20,1000.0,0x8c9af8cc04b4ff99bd6a7fdeb7e162dd403c234efe43d76ec3d055b9bea696df,1779339875,candidate_layering,AIFreeUse.cc,0x14e83c9649b9721ffbcefec7d4e0aad429465911
0xa160cdab225685da1d56aa342ad8841c3b53f291,0x41ab88594ac554cfe75ea2d4dcc938868ba1e967,erc20,1000.0,0x8c9af8cc04b4ff99bd6a7fdeb7e162dd403c234efe43d76ec3d055b9bea696df,1779339875,candidate_layering,AIFreeUse.cc,0x14e83c9649b9721ffbcefec7d4e0aad429465911
0xa160cdab225685da1d56aa342ad8841c3b53f291,0x28b1dc1a5e3699a428bc51d234dfab7c9cb2a183,erc20,1000.0,0xa7a9593cc0aa72086aca62e6776bbe8af444d998b9f6b2b88d228df0cf7abf66,1779339887,candidate_layering,AIFreeUse.cc,0x14e83c9649b9721ffbcefec7d4e0aad429465911
0xa160cdab225685da1d56aa342ad8841c3b53f291,0xa6a2a6ea02370775e0bd8867361b1995e7dcc714,erc20,1000.0,0xa7a9593cc0aa72086aca62e6776bbe8af444d998b9f6b2b88d228df0cf7abf66,1779339887,candidate_layering,AIFreeUse.cc,0x14e83c9649b9721ffbcefec7d4e0aad429465911
0xa160cdab225685da1d56aa342ad8841c3b53f291,0x1f2f10d1c40777ae1da742455c65828ff36df387,erc20,1000.0,0xc5f9a8facd523b2963206bf94ad3a3590a8e8eb853d2d17059cdae5adcc26d0d,1779339899,candidate_layering,AIFreeUse.cc,0x14e83c9649b9721ffbcefec7d4e0aad429465911
0xa160cdab225685da1d56aa342ad8841c3b53f291,0x05afaaf9f2341bbbded9d327d5bae7a19ce42207,erc20,1000.0,0xc5f9a8facd523b2963206bf94ad3a3590a8e8eb853d2d17059cdae5adcc26d0d,1779339899,candidate_layering,AIFreeUse.cc,0x14e83c9649b9721ffbcefec7d4e0aad429465911
0xa160cdab225685da1d56aa342ad8841c3b53f291,0xbdb3ba9ffe392549e1f8658dd2630c141fdf47b6,erc20,1000.0,0xc5f9a8facd523b2963206bf94ad3a3590a8e8eb853d2d17059cdae5adcc26d0d,1779339899,candidate_layering,AIFreeUse.cc,0x14e83c9649b9721ffbcefec7d4e0aad429465911
0xa160cdab225685da1d56aa342ad8841c3b53f291,0x915177a92677f58e84275bfbcf9d38ce54a8a0af,erc20,1000.0,0xc5f9a8facd523b2963206bf94ad3a3590a8e8eb853d2d17059cdae5adcc26d0d,1779339899,candidate_layering,AIFreeUse.cc,0x14e83c9649b9721ffbcefec7d4e0aad429465911
0xa160cdab225685da1d56aa342ad8841c3b53f291,0xe94061b463623538f0a74a0f821f954ea18f539d,erc20,1000.0,0xc5f9a8facd523b2963206bf94ad3a3590a8e8eb853d2d17059cdae5adcc26d0d,1779339899,candidate_layering,AIFreeUse.cc,0x14e83c9649b9721ffbcefec7d4e0aad429465911
0xa160cdab225685da1d56aa342ad8841c3b53f291,0xd2a92c264474f5cafe927e38596da96640a588a7,erc20,1000.0,0xc5f9a8facd523b2963206bf94ad3a3590a8e8eb853d2d17059cdae5adcc26d0d,1779339899,candidate_layering,AIFreeUse.cc,0x14e83c9649b9721ffbcefec7d4e0aad429465911
0xa160cdab225685da1d56aa342ad8841c3b53f291,0xe3fe800b0de664bf0bca8ad58ecbc73b259047b0,erc20,1000.0,0xc5f9a8facd523b2963206bf94ad3a3590a8e8eb853d2d17059cdae5adcc26d0d,1779339899,candidate_layering,AIFreeUse.cc,0x14e83c9649b9721ffbcefec7d4e0aad429465911
0xa160cdab225685da1d56aa342ad8841c3b53f291,0x744159757cac173a7a3ecf5e97adb10d1a725377,erc20,1000.0,0xc5f9a8facd523b2963206bf94ad3a3590a8e8eb853d2d17059cdae5adcc26d0d,1779339899,candidate_layering,AIFreeUse.cc,0x14e83c9649b9721ffbcefec7d4e0aad429465911
0xa160cdab225685da1d56aa342ad8841c3b53f291,0xbba4188ade85a39fb235a8a96d36762f726b236a,erc20,1000.0,0xc5f9a8facd523b2963206bf94ad3a3590a8e8eb853d2d17059cdae5adcc26d0d,1779339899,candidate_layering,AIFreeUse.cc,0x14e83c9649b9721ffbcefec7d4e0aad429465911
0xa160cdab225685da1d56aa342ad8841c3b53f291,0x1a58aa618df8f1ec282748fef6185c1a1cc2faa6,erc20,1000.0,0x5147f440ecd3d34d53a08cf9fdcd7cc32af7b737a4a21cb5c3731aff46e03c2a,1779339923,candidate_layering,AIFreeUse.cc,0x14e83c9649b9721ffbcefec7d4e0aad429465911
0xa160cdab225685da1d56aa342ad8841c3b53f291,0x00000f91109c4d0007e90000d9facad5298a0cac,erc20,1000.0,0x5147f440ecd3d34d53a08cf9fdcd7cc32af7b737a4a21cb5c3731aff46e03c2a,1779339923,candidate_layering,AIFreeUse.cc,0x14e83c9649b9721ffbcefec7d4e0aad429465911
0xa160cdab225685da1d56aa342ad8841c3b53f291,0x04571c32a4e1c5f39bc3a238cb95b215058c432c,erc20,1000.0,0x753df423dcd0e35db6e7dd6a114ab35eb8d69f537ce4b8de7e812966872d5d5a,1779339935,candidate_layering,AIFreeUse.cc,0x14e83c9649b9721ffbcefec7d4e0aad429465911
0xa160cdab225685da1d56aa342ad8841c3b53f291,0x168e9b3c9ddfb013a4130276f9c500a3ce50fde7,erc20,1000.0,0x753df423dcd0e35db6e7dd6a114ab35eb8d69f537ce4b8de7e812966872d5d5a,1779339935,candidate_layering,AIFreeUse.cc,0x14e83c9649b9721ffbcefec7d4e0aad429465911
0xa160cdab225685da1d56aa342ad8841c3b53f291,0x459a226adef28d11279bfbb6b19b1d63986665ea,erc20,1000.0,0x753df423dcd0e35db6e7dd6a114ab35eb8d69f537ce4b8de7e812966872d5d5a,1779339935,candidate_layering,AIFreeUse.cc,0x14e83c9649b9721ffbcefec7d4e0aad429465911
0xa160cdab225685da1d56aa342ad8841c3b53f291,0x1ee3bd00526160d3e06989af8720280bd2cccbd6,erc20,1000.0,0x753df423dcd0e35db6e7dd6a114ab35eb8d69f537ce4b8de7e812966872d5d5a,1779339935,candidate_layering,AIFreeUse.cc,0x14e83c9649b9721ffbcefec7d4e0aad429465911
0xa160cdab225685da1d56aa342ad8841c3b53f291,0xbaca5af50ec00f05aa2eb16067ecbc3e58e2f9fe,erc20,1000.0,0x753df423dcd0e35db6e7dd6a114ab35eb8d69f537ce4b8de7e812966872d5d5a,1779339935,candidate_layering,AIFreeUse.cc,0x14e83c9649b9721ffbcefec7d4e0aad429465911
0xa160cdab225685da1d56aa342ad8841c3b53f291,0xee2ad59ae77c6601ccd51c009cee9b791e474503,erc20,1000.0,0x753df423dcd0e35db6e7dd6a114ab35eb8d69f537ce4b8de7e812966872d5d5a,1779339935,candidate_layering,AIFreeUse.cc,0x14e83c9649b9721ffbcefec7d4e0aad429465911
0xa160cdab225685da1d56aa342ad8841c3b53f291,0xaa1255ed7cb2dae1252b0549af6f6bc78c8d8364,erc20,1000.0,0x753df423dcd0e35db6e7dd6a114ab35eb8d69f537ce4b8de7e812966872d5d5a,1779339935,candidate_layering,AIFreeUse.cc,0x14e83c9649b9721ffbcefec7d4e0aad429465911
0xa160cdab225685da1d56aa342ad8841c3b53f291,0xaa1255ed7cb2dae1252b0549af6f6bc78c8d8364,erc20,1000.0,0x753df423dcd0e35db6e7dd6a114ab35eb8d69f537ce4b8de7e812966872d5d5a,1779339935,candidate_layering,AIFreeUse.cc,0x14e83c9649b9721ffbcefec7d4e0aad429465911
0xa160cdab225685da1d56aa342ad8841c3b53f291,0xaa1255ed7cb2dae1252b0549af6f6bc78c8d8364,erc20,1000.0,0x753df423dcd0e35db6e7dd6a114ab35eb8d69f537ce4b8de7e812966872d5d5a,1779339935,candidate_layering,AIFreeUse.cc,0x14e83c9649b9721ffbcefec7d4e0aad429465911
0xa160cdab225685da1d56aa342ad8841c3b53f291,0xaa1255ed7cb2dae1252b0549af6f6bc78c8d8364,erc20,1000.0,0x753df423dcd0e35db6e7dd6a114ab35eb8d69f537ce4b8de7e812966872d5d5a,1779339935,candidate_layering,AIFreeUse.cc,0x14e83c9649b9721ffbcefec7d4e0aad429465911
0xa160cdab225685da1d56aa342ad8841c3b53f291,0xe65e57c79f121b1496baf1bcc52e3c22a64c74b4,erc20,1000.0,0x753df423dcd0e35db6e7dd6a114ab35eb8d69f537ce4b8de7e812966872d5d5a,1779339935,candidate_layering,AIFreeUse.cc,0x14e83c9649b9721ffbcefec7d4e0aad429465911
0xa160cdab225685da1d56aa342ad8841c3b53f291,0x6f5dcb0eb514a405952783c297b16e6930fdaae1,erc20,1000.0,0x753df423dcd0e35db6e7dd6a114ab35eb8d69f537ce4b8de7e812966872d5d5a,1779339935,candidate_layering,AIFreeUse.cc,0x14e83c9649b9721ffbcefec7d4e0aad429465911
0xa160cdab225685da1d56aa342ad8841c3b53f291,0xadaa36b6237434196964711015824a1bfc3f2b3b,erc20,1000.0,0x753df423dcd0e35db6e7dd6a114ab35eb8d69f537ce4b8de7e812966872d5d5a,1779339935,candidate_layering,AIFreeUse.cc,0x14e83c9649b9721ffbcefec7d4e0aad429465911
0xa160cdab225685da1d56aa342ad8841c3b53f291,0x88bbcaeeaf0dca4ad50e8aab9387cd78c60be758,erc20,1000.0,0x753df423dcd0e35db6e7dd6a114ab35eb8d69f537ce4b8de7e812966872d5d5a,1779339935,candidate_layering,AIFreeUse.cc,0x14e83c9649b9721ffbcefec7d4e0aad429465911
0xa160cdab225685da1d56aa342ad8841c3b53f291,0xaa294bd5a466473e9c3b81d17c3f4edd16b1c260,erc20,1000.0,0x753df423dcd0e35db6e7dd6a114ab35eb8d69f537ce4b8de7e812966872d5d5a,1779339935,candidate_layering,AIFreeUse.cc,0x14e83c9649b9721ffbcefec7d4e0aad429465911
0xa160cdab225685da1d56aa342ad8841c3b53f291,0xc7bbec68d12a0d1830360f8ec58fa599ba1b0e9b,erc20,1000.0,0x5884f3461938ffe8900fe21f1563d552ca4150a34f1f7fece7ab7ac1661a64e0,1779339959,candidate_layering,AIFreeUse.cc,0x14e83c9649b9721ffbcefec7d4e0aad429465911
0xa160cdab225685da1d56aa342ad8841c3b53f291,0xdac3d57ebeb2c1cf029b7844d5698483d4c3ca19,erc20,1000.0,0x5884f3461938ffe8900fe21f1563d552ca4150a34f1f7fece7ab7ac1661a64e0,1779339959,candidate_layering,AIFreeUse.cc,0x14e83c9649b9721ffbcefec7d4e0aad429465911
0xa160cdab225685da1d56aa342ad8841c3b53f291,0x93e117b5204d393444b5edaf05fc7cb354be48f2,erc20,1000.0,0x5884f3461938ffe8900fe21f1563d552ca4150a34f1f7fece7ab7ac1661a64e0,1779339959,candidate_layering,AIFreeUse.cc,0x14e83c9649b9721ffbcefec7d4e0aad429465911
0xa160cdab225685da1d56aa342ad8841c3b53f291,0x7a0a63ce6e95b03e2df2dfc526ddb4b8adb1664d,erc20,1000.0,0x9c21bfb3c1297185d80072f0ac166da0f30e774d4af319fedd8bb09c41c85270,1779339971,candidate_layering,AIFreeUse.cc,0x14e83c9649b9721ffbcefec7d4e0aad429465911
0xa160cdab225685da1d56aa342ad8841c3b53f291,0x8f97d4757a6bb21d7435f992baa138c80115e2d3,erc20,1000.0,0x9c21bfb3c1297185d80072f0ac166da0f30e774d4af319fedd8bb09c41c85270,1779339971,candidate_layering,AIFreeUse.cc,0x14e83c9649b9721ffbcefec7d4e0aad429465911
0xa160cdab225685da1d56aa342ad8841c3b53f291,0x1231deb6f5749ef6ce6943a275a1d3e7486f4eae,erc20,1000.0,0xdbd9526530fc54458dc05aa310d700bf970fb2854e3483b90624f089367dab19,1779339983,candidate_layering,AIFreeUse.cc,0x14e83c9649b9721ffbcefec7d4e0aad429465911
0xa160cdab225685da1d56aa342ad8841c3b53f291,0xf53dcd757f208fb4f3631d16d8c17ddb21a9d98d,erc20,1000.0,0xdbd9526530fc54458dc05aa310d700bf970fb2854e3483b90624f089367dab19,1779339983,candidate_layering,AIFreeUse.cc,0x14e83c9649b9721ffbcefec7d4e0aad429465911
0xa160cdab225685da1d56aa342ad8841c3b53f291,0x51c72848c68a965f66fa7a88855f9f7784502a7f,erc20,1000.0,0x10666c158371362074d6fa37ff6b6d80a286903f2b66e5def010c52daaf6211f,1779340019,candidate_layering,AIFreeUse.cc,0x14e83c9649b9721ffbcefec7d4e0aad429465911
0xa160cdab225685da1d56aa342ad8841c3b53f291,0x337685fdab40d39bd02028545a4ffa7d287cc3e2,erc20,1000.0,0xba7d233bafd218f2b6b68d64b73d06356fe1910ad178c8449e69cbb751ac3b05,1779340031,candidate_layering,AIFreeUse.cc,0x14e83c9649b9721ffbcefec7d4e0aad429465911
0xa160cdab225685da1d56aa342ad8841c3b53f291,0x698271d7d56694be5b09e9166224591866911b39,erc20,1000.0,0xba7d233bafd218f2b6b68d64b73d06356fe1910ad178c8449e69cbb751ac3b05,1779340031,candidate_layering,AIFreeUse.cc,0x14e83c9649b9721ffbcefec7d4e0aad429465911
0xa160cdab225685da1d56aa342ad8841c3b53f291,0x23007b443c46bb0fe46567be852d25f3a7769177,erc20,1000.0,0xba7d233bafd218f2b6b68d64b73d06356fe1910ad178c8449e69cbb751ac3b05,1779340031,candidate_layering,AIFreeUse.cc,0x14e83c9649b9721ffbcefec7d4e0aad429465911
0xa160cdab225685da1d56aa342ad8841c3b53f291,0x00338c080351d5d1e1e5ab6ae1295aa27facaef6,erc20,1000.0,0xba7d233bafd218f2b6b68d64b73d06356fe1910ad178c8449e69cbb751ac3b05,1779340031,candidate_layering,AIFreeUse.cc,0x14e83c9649b9721ffbcefec7d4e0aad429465911
0xa160cdab225685da1d56aa342ad8841c3b53f291,0xf504930772cb7b70eeeb407a181fa08a2eb449bc,erc20,1000.0,0xba7d233bafd218f2b6b68d64b73d06356fe1910ad178c8449e69cbb751ac3b05,1779340031,candidate_layering,AIFreeUse.cc,0x14e83c9649b9721ffbcefec7d4e0aad429465911
0xa160cdab225685da1d56aa342ad8841c3b53f291,0xed35038f915ab9f37c726c7218737f8f83c4b9a3,erc20,1000.0,0xba7d233bafd218f2b6b68d64b73d06356fe1910ad178c8449e69cbb751ac3b05,1779340031,candidate_layering,AIFreeUse.cc,0x14e83c9649b9721ffbcefec7d4e0aad429465911
0xa160cdab225685da1d56aa342ad8841c3b53f291,0x6f5dcb0eb514a405952783c297b16e6930fdaae1,erc20,1000.0,0xba7d233bafd218f2b6b68d64b73d06356fe1910ad178c8449e69cbb751ac3b05,1779340031,candidate_layering,AIFreeUse.cc,0x14e83c9649b9721ffbcefec7d4e0aad429465911
0xa160cdab225685da1d56aa342ad8841c3b53f291,0x51a9a32a789b1469555752e92bfc855bee46ec0a,erc20,1000.0,0xba7d233bafd218f2b6b68d64b73d06356fe1910ad178c8449e69cbb751ac3b05,1779340031,candidate_layering,AIFreeUse.cc,0x14e83c9649b9721ffbcefec7d4e0aad429465911
0xa160cdab225685da1d56aa342ad8841c3b53f291,0xe4dc6c5895edb3f5d43ffab27723de7f3cdd8f55,erc20,1000.0,0xba7d233bafd218f2b6b68d64b73d06356fe1910ad178c8449e69cbb751ac3b05,1779340031,candidate_layering,AIFreeUse.cc,0x14e83c9649b9721ffbcefec7d4e0aad429465911
0xa160cdab225685da1d56aa342ad8841c3b53f291,0x50ec20396dde61183c419449c6aef88f69adaa20,erc20,1000.0,0xba7d233bafd218f2b6b68d64b73d06356fe1910ad178c8449e69cbb751ac3b05,1779340031,candidate_layering,AIFreeUse.cc,0x14e83c9649b9721ffbcefec7d4e0aad429465911
0xa160cdab225685da1d56aa342ad8841c3b53f291,0xb6480e06de315bb7c34b9fbb947a2a71e1272c7d,erc20,1000.0,0xba7d233bafd218f2b6b68d64b73d06356fe1910ad178c8449e69cbb751ac3b05,1779340031,candidate_layering,AIFreeUse.cc,0x14e83c9649b9721ffbcefec7d4e0aad429465911
0xa160cdab225685da1d56aa342ad8841c3b53f291,0x01989c93890aed05a63d179b03424997075b6acf,erc20,1000.0,0xba7d233bafd218f2b6b68d64b73d06356fe1910ad178c8449e69cbb751ac3b05,1779340031,candidate_layering,AIFreeUse.cc,0x14e83c9649b9721ffbcefec7d4e0aad429465911
0xa160cdab225685da1d56aa342ad8841c3b53f291,0x18e296053cbdf986196903e889b7dca7a73882f6,erc20,1000.0,0x4cf821e393975930b4a4be3c9c4e7f58ee766937cb8936c656c09de5ec50175d,1779340043,candidate_layering,AIFreeUse.cc,0x14e83c9649b9721ffbcefec7d4e0aad429465911
0xa160cdab225685da1d56aa342ad8841c3b53f291,0x548f6d1c5923c2183aabcf248c2476a7393821ed,erc20,1000.0,0x4cf821e393975930b4a4be3c9c4e7f58ee766937cb8936c656c09de5ec50175d,1779340043,candidate_layering,AIFreeUse.cc,0x14e83c9649b9721ffbcefec7d4e0aad429465911
0xa160cdab225685da1d56aa342ad8841c3b53f291,0xc7bbec68d12a0d1830360f8ec58fa599ba1b0e9b,erc20,1000.0,0x4cf821e393975930b4a4be3c9c4e7f58ee766937cb8936c656c09de5ec50175d,1779340043,candidate_layering,AIFreeUse.cc,0x14e83c9649b9721ffbcefec7d4e0aad429465911
0xa160cdab225685da1d56aa342ad8841c3b53f291,0x8d5ef3171faaa4909654e50da8c21e4e6a7b234f,erc20,1000.0,0x4cf821e393975930b4a4be3c9c4e7f58ee766937cb8936c656c09de5ec50175d,1779340043,candidate_layering,AIFreeUse.cc,0x14e83c9649b9721ffbcefec7d4e0aad429465911
0xa160cdab225685da1d56aa342ad8841c3b53f291,0xae78f054c46c2cd9c5e6bbe18cbb75b2d2d803df,erc20,1000.0,0x4cf821e393975930b4a4be3c9c4e7f58ee766937cb8936c656c09de5ec50175d,1779340043,candidate_layering,AIFreeUse.cc,0x14e83c9649b9721ffbcefec7d4e0aad429465911
0xa160cdab225685da1d56aa342ad8841c3b53f291,0xc3a99a855d060d727367c599ecb2423e0bebee24,erc20,1000.0,0xa5940a796dada4f0c4d14722ae2da5d9f654cbafb463956a56084ccbee8f1cf9,1779340055,candidate_layering,AIFreeUse.cc,0x14e83c9649b9721ffbcefec7d4e0aad429465911
0xa160cdab225685da1d56aa342ad8841c3b53f291,0x72827608b4849d834d9530a39a440e579fd92a6e,erc20,1000.0,0xa5940a796dada4f0c4d14722ae2da5d9f654cbafb463956a56084ccbee8f1cf9,1779340055,candidate_layering,AIFreeUse.cc,0x14e83c9649b9721ffbcefec7d4e0aad429465911
0xa160cdab225685da1d56aa342ad8841c3b53f291,0x111111125421ca6dc452d289314280a0f8842a65,erc20,1000.0,0x59e7f862cad9294214d391ed7bc94132b43f06b24a7978db7c6b3c3da79517e9,1779340067,candidate_layering,AIFreeUse.cc,0x14e83c9649b9721ffbcefec7d4e0aad429465911
0xa160cdab225685da1d56aa342ad8841c3b53f291,0x5f574d9a91d2dce3e38fa1a432439ed78220cdb8,erc20,1000.0,0x1f74c065c597fe30545204a88ce440d5ad1f7d5e487091d657f0db4a599c58d3,1779340079,candidate_layering,AIFreeUse.cc,0x14e83c9649b9721ffbcefec7d4e0aad429465911
0xa160cdab225685da1d56aa342ad8841c3b53f291,0x28b3a8fb53b741a8fd78c0fb9a6b2393d896a43d,erc20,1000.0,0x1f74c065c597fe30545204a88ce440d5ad1f7d5e487091d657f0db4a599c58d3,1779340079,candidate_layering,AIFreeUse.cc,0x14e83c9649b9721ffbcefec7d4e0aad429465911
0xa160cdab225685da1d56aa342ad8841c3b53f291,0x86ce2637f272a2972b0652492c4830458d008d29,erc20,1000.0,0x1f74c065c597fe30545204a88ce440d5ad1f7d5e487091d657f0db4a599c58d3,1779340079,candidate_layering,AIFreeUse.cc,0x14e83c9649b9721ffbcefec7d4e0aad429465911
0xa160cdab225685da1d56aa342ad8841c3b53f291,0x86ce2637f272a2972b0652492c4830458d008d29,erc20,1000.0,0x1f74c065c597fe30545204a88ce440d5ad1f7d5e487091d657f0db4a599c58d3,1779340079,candidate_layering,AIFreeUse.cc,0x14e83c9649b9721ffbcefec7d4e0aad429465911
0xa160cdab225685da1d56aa342ad8841c3b53f291,0x6f5dcb0eb514a405952783c297b16e6930fdaae1,erc20,1000.0,0x1f74c065c597fe30545204a88ce440d5ad1f7d5e487091d657f0db4a599c58d3,1779340079,candidate_layering,AIFreeUse.cc,0x14e83c9649b9721ffbcefec7d4e0aad429465911
0xa160cdab225685da1d56aa342ad8841c3b53f291,0xf70da97812cb96acdf810712aa562db8dfa3dbef,erc20,1000.0,0x1f74c065c597fe30545204a88ce440d5ad1f7d5e487091d657f0db4a599c58d3,1779340079,candidate_layering,AIFreeUse.cc,0x14e83c9649b9721ffbcefec7d4e0aad429465911
0xa160cdab225685da1d56aa342ad8841c3b53f291,0x0e9b5b092cad6f1c5e6bc7f89ffe1abb5c95f1c2,erc20,1000.0,0x1f74c065c597fe30545204a88ce440d5ad1f7d5e487091d657f0db4a599c58d3,1779340079,candidate_layering,AIFreeUse.cc,0x14e83c9649b9721ffbcefec7d4e0aad429465911
0xa160cdab225685da1d56aa342ad8841c3b53f291,0xc4fc3183b044dfd4bb05ea050cac58db1dd5ed0d,erc20,1000.0,0x1f74c065c597fe30545204a88ce440d5ad1f7d5e487091d657f0db4a599c58d3,1779340079,candidate_layering,AIFreeUse.cc,0x14e83c9649b9721ffbcefec7d4e0aad429465911
0xa160cdab225685da1d56aa342ad8841c3b53f291,0xfd4fc9db7dba46b1bd0c5e325831f8d43dcef8f5,erc20,1000.0,0x62670d8f95822fba73dce56263ae25cb08df9d4c8b87e19f149cbed079b3b1cd,1779340115,candidate_layering,AIFreeUse.cc,0x14e83c9649b9721ffbcefec7d4e0aad429465911
0xa160cdab225685da1d56aa342ad8841c3b53f291,0xcbc34d384dab4a06de7f4b9538a2ac89a36c29ea,erc20,1000.0,0x62670d8f95822fba73dce56263ae25cb08df9d4c8b87e19f149cbed079b3b1cd,1779340115,candidate_layering,AIFreeUse.cc,0x14e83c9649b9721ffbcefec7d4e0aad429465911
0xa160cdab225685da1d56aa342ad8841c3b53f291,0x20b71392201dd46be64fd08eab9d1643e2fab747,erc20,1000.0,0x62670d8f95822fba73dce56263ae25cb08df9d4c8b87e19f149cbed079b3b1cd,1779340115,candidate_layering,AIFreeUse.cc,0x14e83c9649b9721ffbcefec7d4e0aad429465911
0xa160cdab225685da1d56aa342ad8841c3b53f291,0x602a10b2f4b37ad2cd89d9310f1e9d172eba3e37,erc20,1000.0,0x62670d8f95822fba73dce56263ae25cb08df9d4c8b87e19f149cbed079b3b1cd,1779340115,candidate_layering,AIFreeUse.cc,0x14e83c9649b9721ffbcefec7d4e0aad429465911
0xa160cdab225685da1d56aa342ad8841c3b53f291,0x1563e9af51616e78830de3325da752de369c1714,erc20,1000.0,0x62670d8f95822fba73dce56263ae25cb08df9d4c8b87e19f149cbed079b3b1cd,1779340115,candidate_layering,AIFreeUse.cc,0x14e83c9649b9721ffbcefec7d4e0aad429465911
0xa160cdab225685da1d56aa342ad8841c3b53f291,0xf65fdcc9bdb1a69a4ec10c36fd759756db5572b1,erc20,1000.0,0x62670d8f95822fba73dce56263ae25cb08df9d4c8b87e19f149cbed079b3b1cd,1779340115,candidate_layering,AIFreeUse.cc,0x14e83c9649b9721ffbcefec7d4e0aad429465911
0xa160cdab225685da1d56aa342ad8841c3b53f291,0xa7fb5ca286fc3fd67525629048a4de3ba24cba2e,erc20,1000.0,0x5aa48bc594161fb3d34e4f21761ebcb641e7cb8fe0fba6a828b46876a2a575da,1779340163,candidate_layering,AIFreeUse.cc,0x360dd817e5f00e4f20cc8fe1bd55eecaa26a5cbe
0xa160cdab225685da1d56aa342ad8841c3b53f291,0x2fce59e819d3640300b8d59ee2aa839dfa5b22d6,erc20,1000.0,0x5aa48bc594161fb3d34e4f21761ebcb641e7cb8fe0fba6a828b46876a2a575da,1779340163,candidate_layering,AIFreeUse.cc,0x360dd817e5f00e4f20cc8fe1bd55eecaa26a5cbe
0xa160cdab225685da1d56aa342ad8841c3b53f291,0x4809010926aec940b550d34a46a52739f996d75d,erc20,1000.0,0x5aa48bc594161fb3d34e4f21761ebcb641e7cb8fe0fba6a828b46876a2a575da,1779340163,candidate_layering,AIFreeUse.cc,0x360dd817e5f00e4f20cc8fe1bd55eecaa26a5cbe
0xa160cdab225685da1d56aa342ad8841c3b53f291,0x09ad820aac5779683b481c4674208a4e1b024afa,erc20,1000.0,0x5aa48bc594161fb3d34e4f21761ebcb641e7cb8fe0fba6a828b46876a2a575da,1779340163,candidate_layering,AIFreeUse.cc,0x360dd817e5f00e4f20cc8fe1bd55eecaa26a5cbe
0xa160cdab225685da1d56aa342ad8841c3b53f291,0x28b1dc1a5e3699a428bc51d234dfab7c9cb2a183,erc20,1000.0,0x5aa48bc594161fb3d34e4f21761ebcb641e7cb8fe0fba6a828b46876a2a575da,1779340163,candidate_layering,AIFreeUse.cc,0x360dd817e5f00e4f20cc8fe1bd55eecaa26a5cbe
0xa160cdab225685da1d56aa342ad8841c3b53f291,0xc03b3bcd30c62d786d529da2418156f14755e112,erc20,1000.0,0x5aa48bc594161fb3d34e4f21761ebcb641e7cb8fe0fba6a828b46876a2a575da,1779340163,candidate_layering,AIFreeUse.cc,0x360dd817e5f00e4f20cc8fe1bd55eecaa26a5cbe
0xa160cdab225685da1d56aa342ad8841c3b53f291,0xbdb3ba9ffe392549e1f8658dd2630c141fdf47b6,erc20,1000.0,0x2da3a25b0aec6e78dadfba2457cd7da0377a4b50549679f54350c7216bd5a50b,1779340199,candidate_layering,AIFreeUse.cc,0x360dd817e5f00e4f20cc8fe1bd55eecaa26a5cbe
0xa160cdab225685da1d56aa342ad8841c3b53f291,0x28b1dc1a5e3699a428bc51d234dfab7c9cb2a183,erc20,1000.0,0x2da3a25b0aec6e78dadfba2457cd7da0377a4b50549679f54350c7216bd5a50b,1779340199,candidate_layering,AIFreeUse.cc,0x360dd817e5f00e4f20cc8fe1bd55eecaa26a5cbe
0xa160cdab225685da1d56aa342ad8841c3b53f291,0x4a5ce52e6fe43d8064f1043c4f5b6f67c7057913,erc20,1000.0,0x2da3a25b0aec6e78dadfba2457cd7da0377a4b50549679f54350c7216bd5a50b,1779340199,candidate_layering,AIFreeUse.cc,0x360dd817e5f00e4f20cc8fe1bd55eecaa26a5cbe
0xa160cdab225685da1d56aa342ad8841c3b53f291,0x000000000004444c5dc75cb358380d2e3de08a90,erc20,1000.0,0xfaf574e9ee7287c711a66a1d5928204edf1298df0c5d27bbed8784b8839bb6e5,1779340211,candidate_layering,AIFreeUse.cc,0x360dd817e5f00e4f20cc8fe1bd55eecaa26a5cbe
0xa160cdab225685da1d56aa342ad8841c3b53f291,0xe62bbc112b874d672f5c4f03c09f58483532c0eb,erc20,1000.0,0xfaf574e9ee7287c711a66a1d5928204edf1298df0c5d27bbed8784b8839bb6e5,1779340211,candidate_layering,AIFreeUse.cc,0x360dd817e5f00e4f20cc8fe1bd55eecaa26a5cbe
0xa160cdab225685da1d56aa342ad8841c3b53f291,0xa9d1e08c7793af67e9d92fe308d5697fb81d3e43,erc20,1000.0,0xfaf574e9ee7287c711a66a1d5928204edf1298df0c5d27bbed8784b8839bb6e5,1779340211,candidate_layering,AIFreeUse.cc,0x360dd817e5f00e4f20cc8fe1bd55eecaa26a5cbe
0xa160cdab225685da1d56aa342ad8841c3b53f291,0x9c8b5b82fd99c6e46c9da84d9a1bf176aabdc16d,erc20,1000.0,0xfaf574e9ee7287c711a66a1d5928204edf1298df0c5d27bbed8784b8839bb6e5,1779340211,candidate_layering,AIFreeUse.cc,0x360dd817e5f00e4f20cc8fe1bd55eecaa26a5cbe
0xa160cdab225685da1d56aa342ad8841c3b53f291,0x5e866ded4c498d456af63d4d8fecb38432c32835,erc20,1000.0,0xfaf574e9ee7287c711a66a1d5928204edf1298df0c5d27bbed8784b8839bb6e5,1779340211,candidate_layering,AIFreeUse.cc,0x360dd817e5f00e4f20cc8fe1bd55eecaa26a5cbe
0xa160cdab225685da1d56aa342ad8841c3b53f291,0x28b1dc1a5e3699a428bc51d234dfab7c9cb2a183,erc20,1000.0,0xfaf574e9ee7287c711a66a1d5928204edf1298df0c5d27bbed8784b8839bb6e5,1779340211,candidate_layering,AIFreeUse.cc,0x360dd817e5f00e4f20cc8fe1bd55eecaa26a5cbe
0xa160cdab225685da1d56aa342ad8841c3b53f291,0x6eaf9ad720223f69e5c1b2b31b3d00d61431dc34,erc20,1000.0,0x59e04717c7279b5ce2ffb52b4c4e5586dadfab3d45df207d2aec6d52a6e925d1,1779340223,candidate_layering,AIFreeUse.cc,0x360dd817e5f00e4f20cc8fe1bd55eecaa26a5cbe
0xa160cdab225685da1d56aa342ad8841c3b53f291,0x59b7bb7a7bb658f1b0a6263be3acc892a036e038,erc20,1000.0,0x59e04717c7279b5ce2ffb52b4c4e5586dadfab3d45df207d2aec6d52a6e925d1,1779340223,candidate_layering,AIFreeUse.cc,0x360dd817e5f00e4f20cc8fe1bd55eecaa26a5cbe
0xa160cdab225685da1d56aa342ad8841c3b53f291,0xa7e490afa321831a828d609fc881bc090dbcf326,erc20,1000.0,0x59e04717c7279b5ce2ffb52b4c4e5586dadfab3d45df207d2aec6d52a6e925d1,1779340223,candidate_layering,AIFreeUse.cc,0x360dd817e5f00e4f20cc8fe1bd55eecaa26a5cbe
0xa160cdab225685da1d56aa342ad8841c3b53f291,0xcde2f55e11677fcc520ade4d15e22548ce6ad601,erc20,1000.0,0x59e04717c7279b5ce2ffb52b4c4e5586dadfab3d45df207d2aec6d52a6e925d1,1779340223,candidate_layering,AIFreeUse.cc,0x360dd817e5f00e4f20cc8fe1bd55eecaa26a5cbe
0xa160cdab225685da1d56aa342ad8841c3b53f291,0x1c727a55ea3c11b0ab7d3a361fe0f3c47ce6de5d,erc20,1000.0,0x59e04717c7279b5ce2ffb52b4c4e5586dadfab3d45df207d2aec6d52a6e925d1,1779340223,candidate_layering,AIFreeUse.cc,0x360dd817e5f00e4f20cc8fe1bd55eecaa26a5cbe
0xa160cdab225685da1d56aa342ad8841c3b53f291,0x90105c4245256f6bcf7b4aa385297349f8b80a13,erc20,1000.0,0x59e04717c7279b5ce2ffb52b4c4e5586dadfab3d45df207d2aec6d52a6e925d1,1779340223,candidate_layering,AIFreeUse.cc,0x360dd817e5f00e4f20cc8fe1bd55eecaa26a5cbe
0xa160cdab225685da1d56aa342ad8841c3b53f291,0xd92023e9d9911199a6711321d1277285e6d4e2db,erc20,1000.0,0x59e04717c7279b5ce2ffb52b4c4e5586dadfab3d45df207d2aec6d52a6e925d1,1779340223,candidate_layering,AIFreeUse.cc,0x360dd817e5f00e4f20cc8fe1bd55eecaa26a5cbe
0xa160cdab225685da1d56aa342ad8841c3b53f291,0x09ad820aac5779683b481c4674208a4e1b024afa,erc20,1000.0,0x383b944911af6abafa54e2e7a87771d3a44c91e0ba968cc55218b1678e905ddb,1779340283,candidate_layering,AIFreeUse.cc,0x360dd817e5f00e4f20cc8fe1bd55eecaa26a5cbe
0xa160cdab225685da1d56aa342ad8841c3b53f291,0x21d7f10712d222b66106ce0ad9c7a8e5434347b2,erc20,1000.0,0x383b944911af6abafa54e2e7a87771d3a44c91e0ba968cc55218b1678e905ddb,1779340283,candidate_layering,AIFreeUse.cc,0x360dd817e5f00e4f20cc8fe1bd55eecaa26a5cbe
0xa160cdab225685da1d56aa342ad8841c3b53f291,0x74de5d4fcbf63e00296fd95d33236b9794016631,erc20,1000.0,0x383b944911af6abafa54e2e7a87771d3a44c91e0ba968cc55218b1678e905ddb,1779340283,candidate_layering,AIFreeUse.cc,0x360dd817e5f00e4f20cc8fe1bd55eecaa26a5cbe
0xa160cdab225685da1d56aa342ad8841c3b53f291,0xcfef8898b6e95d17122695f2f1f1cb0369e7ce1b,erc20,1000.0,0x383b944911af6abafa54e2e7a87771d3a44c91e0ba968cc55218b1678e905ddb,1779340283,candidate_layering,AIFreeUse.cc,0x360dd817e5f00e4f20cc8fe1bd55eecaa26a5cbe
0xa160cdab225685da1d56aa342ad8841c3b53f291,0x36da0bfe6e0cb2d84ee84b1d832e5b1693b76448,erc20,1000.0,0x383b944911af6abafa54e2e7a87771d3a44c91e0ba968cc55218b1678e905ddb,1779340283,candidate_layering,AIFreeUse.cc,0x360dd817e5f00e4f20cc8fe1bd55eecaa26a5cbe
0xa160cdab225685da1d56aa342ad8841c3b53f291,0x5c7bcd6e7de5423a257d81b442095a1a6ced35c5,erc20,1000.0,0x383b944911af6abafa54e2e7a87771d3a44c91e0ba968cc55218b1678e905ddb,1779340283,candidate_layering,AIFreeUse.cc,0x360dd817e5f00e4f20cc8fe1bd55eecaa26a5cbe
0xa160cdab225685da1d56aa342ad8841c3b53f291,0x2c48b28cbd966949dc15f743c1450cc7ef93a6d8,erc20,1000.0,0x383b944911af6abafa54e2e7a87771d3a44c91e0ba968cc55218b1678e905ddb,1779340283,candidate_layering,AIFreeUse.cc,0x360dd817e5f00e4f20cc8fe1bd55eecaa26a5cbe
0xa160cdab225685da1d56aa342ad8841c3b53f291,0x40ffe85a28dc9993541449464d7529a922142960,erc20,1000.0,0xd05700924ad761de55decaec8d12d2e98788fb452f6edeb77fb7b2da9d8ba2b0,1779340307,candidate_layering,AIFreeUse.cc,0x360dd817e5f00e4f20cc8fe1bd55eecaa26a5cbe
0xa160cdab225685da1d56aa342ad8841c3b53f291,0x86ce2637f272a2972b0652492c4830458d008d29,erc20,1000.0,0xd05700924ad761de55decaec8d12d2e98788fb452f6edeb77fb7b2da9d8ba2b0,1779340307,candidate_layering,AIFreeUse.cc,0x360dd817e5f00e4f20cc8fe1bd55eecaa26a5cbe
0xa160cdab225685da1d56aa342ad8841c3b53f291,0x279935f65bd25cc7fe3d9252f915c231d2d857f6,erc20,1000.0,0xd05700924ad761de55decaec8d12d2e98788fb452f6edeb77fb7b2da9d8ba2b0,1779340307,candidate_layering,AIFreeUse.cc,0x360dd817e5f00e4f20cc8fe1bd55eecaa26a5cbe
0xa160cdab225685da1d56aa342ad8841c3b53f291,0x6cdb7776f6a20b9ed4441b791e9541a6fc04e313,erc20,1000.0,0x4f653aa57515a1c8880f182f0a796459e72d6013c74c238515fa7eba77daaa3c,1779340319,candidate_layering,AIFreeUse.cc,0x360dd817e5f00e4f20cc8fe1bd55eecaa26a5cbe
0xa160cdab225685da1d56aa342ad8841c3b53f291,0x66007a7744a95c29f65d9ab1518592b51bc74726,erc20,1000.0,0x4f653aa57515a1c8880f182f0a796459e72d6013c74c238515fa7eba77daaa3c,1779340319,candidate_layering,AIFreeUse.cc,0x360dd817e5f00e4f20cc8fe1bd55eecaa26a5cbe
0xa160cdab225685da1d56aa342ad8841c3b53f291,0xe4f095157b2e455d5f1fb6123e721d70ebf72797,erc20,1000.0,0x4f653aa57515a1c8880f182f0a796459e72d6013c74c238515fa7eba77daaa3c,1779340319,candidate_layering,AIFreeUse.cc,0x360dd817e5f00e4f20cc8fe1bd55eecaa26a5cbe
0xa160cdab225685da1d56aa342ad8841c3b53f291,0x28c6c06298d514db089934071355e5743bf21d60,erc20,1000.0,0x4f653aa57515a1c8880f182f0a796459e72d6013c74c238515fa7eba77daaa3c,1779340319,candidate_layering,AIFreeUse.cc,0x360dd817e5f00e4f20cc8fe1bd55eecaa26a5cbe
0xa160cdab225685da1d56aa342ad8841c3b53f291,0xadad02c3ff5cdd6da1fe6946edb2d02f3061d095,erc20,1000.0,0x4f653aa57515a1c8880f182f0a796459e72d6013c74c238515fa7eba77daaa3c,1779340319,candidate_layering,AIFreeUse.cc,0x360dd817e5f00e4f20cc8fe1bd55eecaa26a5cbe
0xa160cdab225685da1d56aa342ad8841c3b53f291,0xd5b4ae6c62c179bdb47ff2f1bb6c1abd17c88a94,erc20,1000.0,0x4f653aa57515a1c8880f182f0a796459e72d6013c74c238515fa7eba77daaa3c,1779340319,candidate_layering,AIFreeUse.cc,0x360dd817e5f00e4f20cc8fe1bd55eecaa26a5cbe
0xa160cdab225685da1d56aa342ad8841c3b53f291,0xdd48484525ca1c2a195a449c82f31952aa71a4c6,erc20,1000.0,0x59872fc45f94091df31074f41968f33ed4ba409eb948bd539c0dc34cacd9e85a,1779340331,candidate_layering,AIFreeUse.cc,0x360dd817e5f00e4f20cc8fe1bd55eecaa26a5cbe
0xa160cdab225685da1d56aa342ad8841c3b53f291,0x61df0edc49f5c8bf262a8d80922648666059e970,erc20,1000.0,0x59872fc45f94091df31074f41968f33ed4ba409eb948bd539c0dc34cacd9e85a,1779340331,candidate_layering,AIFreeUse.cc,0x360dd817e5f00e4f20cc8fe1bd55eecaa26a5cbe
0xa160cdab225685da1d56aa342ad8841c3b53f291,0xfd0b31d2e955fa55e3fa641fe90e08b677188d35,erc20,1000.0,0x59872fc45f94091df31074f41968f33ed4ba409eb948bd539c0dc34cacd9e85a,1779340331,candidate_layering,AIFreeUse.cc,0x360dd817e5f00e4f20cc8fe1bd55eecaa26a5cbe
0xa160cdab225685da1d56aa342ad8841c3b53f291,0xbed095080910099be5205b3f992434be0ae8610b,erc20,1000.0,0x59872fc45f94091df31074f41968f33ed4ba409eb948bd539c0dc34cacd9e85a,1779340331,candidate_layering,AIFreeUse.cc,0x360dd817e5f00e4f20cc8fe1bd55eecaa26a5cbe
0xa160cdab225685da1d56aa342ad8841c3b53f291,0xb23360ccdd9ed1b15d45e5d3824bb409c8d7c460,erc20,1000.0,0x59872fc45f94091df31074f41968f33ed4ba409eb948bd539c0dc34cacd9e85a,1779340331,candidate_layering,AIFreeUse.cc,0x360dd817e5f00e4f20cc8fe1bd55eecaa26a5cbe
0xa160cdab225685da1d56aa342ad8841c3b53f291,0xe3d41d19564922c9952f692c5dd0563030f5f2ef,erc20,1000.0,0x69009dd83d73719d639daad395e59f615e069cea97058c8890327378d54451d4,1779340343,candidate_layering,AIFreeUse.cc,0x360dd817e5f00e4f20cc8fe1bd55eecaa26a5cbe
0xa160cdab225685da1d56aa342ad8841c3b53f291,0x1b93d4973d87676ad821f54f58eb09c877f2f1e9,erc20,1000.0,0x69009dd83d73719d639daad395e59f615e069cea97058c8890327378d54451d4,1779340343,candidate_layering,AIFreeUse.cc,0x360dd817e5f00e4f20cc8fe1bd55eecaa26a5cbe
0xa160cdab225685da1d56aa342ad8841c3b53f291,0x29a6fbe21008843b95a0e4920a90a38f6e9c7ca3,erc20,1000.0,0x69009dd83d73719d639daad395e59f615e069cea97058c8890327378d54451d4,1779340343,candidate_layering,AIFreeUse.cc,0x360dd817e5f00e4f20cc8fe1bd55eecaa26a5cbe
0xa160cdab225685da1d56aa342ad8841c3b53f291,0x3c2348e54c5d1bdd985a1767165e0b8a00d25dea,erc20,1000.0,0x69009dd83d73719d639daad395e59f615e069cea97058c8890327378d54451d4,1779340343,candidate_layering,AIFreeUse.cc,0x360dd817e5f00e4f20cc8fe1bd55eecaa26a5cbe
0xa160cdab225685da1d56aa342ad8841c3b53f291,0x8ca361835cb8907e12a26a6b0e8e5fc3a26af135,erc20,1000.0,0x69009dd83d73719d639daad395e59f615e069cea97058c8890327378d54451d4,1779340343,candidate_layering,AIFreeUse.cc,0x360dd817e5f00e4f20cc8fe1bd55eecaa26a5cbe
0xa160cdab225685da1d56aa342ad8841c3b53f291,0x3733be8fd44f6094eb3232212807bd23fa2c5f3b,erc20,1000.0,0x69009dd83d73719d639daad395e59f615e069cea97058c8890327378d54451d4,1779340343,candidate_layering,AIFreeUse.cc,0x360dd817e5f00e4f20cc8fe1bd55eecaa26a5cbe
0xa160cdab225685da1d56aa342ad8841c3b53f291,0xb818879184c6f882ebc2f9d2fa5437905830b42b,erc20,1000.0,0x69009dd83d73719d639daad395e59f615e069cea97058c8890327378d54451d4,1779340343,candidate_layering,AIFreeUse.cc,0x360dd817e5f00e4f20cc8fe1bd55eecaa26a5cbe
0xa160cdab225685da1d56aa342ad8841c3b53f291,0xa6633126ab01bd7ebc9bca3facc995a2c2bc6ce4,erc20,1000.0,0xdf71259770fd93c13bdd13f7387cef0807db522c3ce972f2ecee39a98c071cbd,1779340355,candidate_layering,AIFreeUse.cc,0x360dd817e5f00e4f20cc8fe1bd55eecaa26a5cbe
0xa160cdab225685da1d56aa342ad8841c3b53f291,0x79672062c5a45e3808d6b784129cf3ecf59d4224,erc20,1000.0,0xdf71259770fd93c13bdd13f7387cef0807db522c3ce972f2ecee39a98c071cbd,1779340355,candidate_layering,AIFreeUse.cc,0x360dd817e5f00e4f20cc8fe1bd55eecaa26a5cbe
0xa160cdab225685da1d56aa342ad8841c3b53f291,0x7fdd4e8b74d2d159bc2b31255894b1ceb1a8cd69,erc20,1000.0,0xdf71259770fd93c13bdd13f7387cef0807db522c3ce972f2ecee39a98c071cbd,1779340355,candidate_layering,AIFreeUse.cc,0x360dd817e5f00e4f20cc8fe1bd55eecaa26a5cbe
0xa160cdab225685da1d56aa342ad8841c3b53f291,0x56eddb7aa87536c09ccc2793473599fd21a8b17f,erc20,1000.0,0xdf71259770fd93c13bdd13f7387cef0807db522c3ce972f2ecee39a98c071cbd,1779340355,candidate_layering,AIFreeUse.cc,0x360dd817e5f00e4f20cc8fe1bd55eecaa26a5cbe
0xa160cdab225685da1d56aa342ad8841c3b53f291,0x2b2775a691bb6a44605f51202d59420828a3d2f4,erc20,1000.0,0xdf71259770fd93c13bdd13f7387cef0807db522c3ce972f2ecee39a98c071cbd,1779340355,candidate_layering,AIFreeUse.cc,0x360dd817e5f00e4f20cc8fe1bd55eecaa26a5cbe
0xa160cdab225685da1d56aa342ad8841c3b53f291,0xa9d1e08c7793af67e9d92fe308d5697fb81d3e43,erc20,1000.0,0xdf71259770fd93c13bdd13f7387cef0807db522c3ce972f2ecee39a98c071cbd,1779340355,candidate_layering,AIFreeUse.cc,0x360dd817e5f00e4f20cc8fe1bd55eecaa26a5cbe
0xa160cdab225685da1d56aa342ad8841c3b53f291,0x207f0003336fe0f562ff53440720153eb7b44009,erc20,1000.0,0xdf71259770fd93c13bdd13f7387cef0807db522c3ce972f2ecee39a98c071cbd,1779340355,candidate_layering,AIFreeUse.cc,0x360dd817e5f00e4f20cc8fe1bd55eecaa26a5cbe
0xa160cdab225685da1d56aa342ad8841c3b53f291,0x5f22f9f049580c2655f864e97b7abe5399088cbe,erc20,1000.0,0xdf71259770fd93c13bdd13f7387cef0807db522c3ce972f2ecee39a98c071cbd,1779340355,candidate_layering,AIFreeUse.cc,0x360dd817e5f00e4f20cc8fe1bd55eecaa26a5cbe
0xa160cdab225685da1d56aa342ad8841c3b53f291,0xac8ba9d6fa2f9ff7c712bef5670cb0f7e4177965,erc20,1000.0,0xdf71259770fd93c13bdd13f7387cef0807db522c3ce972f2ecee39a98c071cbd,1779340355,candidate_layering,AIFreeUse.cc,0x360dd817e5f00e4f20cc8fe1bd55eecaa26a5cbe
0xa160cdab225685da1d56aa342ad8841c3b53f291,0x3d90f66b534dd8482b181e24655a9e8265316be9,erc20,1000.0,0xdf71259770fd93c13bdd13f7387cef0807db522c3ce972f2ecee39a98c071cbd,1779340355,candidate_layering,AIFreeUse.cc,0x360dd817e5f00e4f20cc8fe1bd55eecaa26a5cbe
0xa160cdab225685da1d56aa342ad8841c3b53f291,0xf3c9342bb992839cfe051ab119eaf7f4723884cd,erc20,1000.0,0xdf71259770fd93c13bdd13f7387cef0807db522c3ce972f2ecee39a98c071cbd,1779340355,candidate_layering,AIFreeUse.cc,0x360dd817e5f00e4f20cc8fe1bd55eecaa26a5cbe
0xa160cdab225685da1d56aa342ad8841c3b53f291,0x46340b20830761efd32832a74d7169b29feb9758,erc20,1000.0,0xdf71259770fd93c13bdd13f7387cef0807db522c3ce972f2ecee39a98c071cbd,1779340355,candidate_layering,AIFreeUse.cc,0x360dd817e5f00e4f20cc8fe1bd55eecaa26a5cbe
0xa160cdab225685da1d56aa342ad8841c3b53f291,0x8f9bfc0533c705effe831a4412ca0e120846117b,erc20,1000.0,0xdf71259770fd93c13bdd13f7387cef0807db522c3ce972f2ecee39a98c071cbd,1779340355,candidate_layering,AIFreeUse.cc,0x360dd817e5f00e4f20cc8fe1bd55eecaa26a5cbe
0xa160cdab225685da1d56aa342ad8841c3b53f291,0x50e5b825fbe2c9c7fd138ee5ca74171478e7862c,erc20,1000.0,0xdf71259770fd93c13bdd13f7387cef0807db522c3ce972f2ecee39a98c071cbd,1779340355,candidate_layering,AIFreeUse.cc,0x360dd817e5f00e4f20cc8fe1bd55eecaa26a5cbe
0xa160cdab225685da1d56aa342ad8841c3b53f291,0x935d2e470284fb536227a76a723f96a94efae6a9,erc20,1000.0,0xdf71259770fd93c13bdd13f7387cef0807db522c3ce972f2ecee39a98c071cbd,1779340355,candidate_layering,AIFreeUse.cc,0x360dd817e5f00e4f20cc8fe1bd55eecaa26a5cbe
0xa160cdab225685da1d56aa342ad8841c3b53f291,0xdf2e584f71feaa7cb7b7315fdb9e42d3843cdcc0,erc20,1000.0,0xdf71259770fd93c13bdd13f7387cef0807db522c3ce972f2ecee39a98c071cbd,1779340355,candidate_layering,AIFreeUse.cc,0x360dd817e5f00e4f20cc8fe1bd55eecaa26a5cbe
0xa160cdab225685da1d56aa342ad8841c3b53f291,0xf2d60a67f64863b0109e564c1979e7e1b0fe3c51,erc20,1000.0,0xf6bb7f3906a1e1087f101d0323d80dbecb367796d8ef464b136ac3928d7f60bf,1779340367,candidate_layering,AIFreeUse.cc,0x360dd817e5f00e4f20cc8fe1bd55eecaa26a5cbe
0xa160cdab225685da1d56aa342ad8841c3b53f291,0x2c158bc456e027b2affccadf1bdbd9f5fc4c5c8c,erc20,1000.0,0x322d94cef4ae4e06d94dda1364f199fe83969dff5d63616ff115ae0e51879237,1779340379,candidate_layering,AIFreeUse.cc,0x360dd817e5f00e4f20cc8fe1bd55eecaa26a5cbe
0xa160cdab225685da1d56aa342ad8841c3b53f291,0xbdb3ba9ffe392549e1f8658dd2630c141fdf47b6,erc20,1000.0,0x322d94cef4ae4e06d94dda1364f199fe83969dff5d63616ff115ae0e51879237,1779340379,candidate_layering,AIFreeUse.cc,0x360dd817e5f00e4f20cc8fe1bd55eecaa26a5cbe
0xa160cdab225685da1d56aa342ad8841c3b53f291,0xd6ab201e7b8443451918ec88569bea6759362d04,erc20,1000.0,0x322d94cef4ae4e06d94dda1364f199fe83969dff5d63616ff115ae0e51879237,1779340379,candidate_layering,AIFreeUse.cc,0x360dd817e5f00e4f20cc8fe1bd55eecaa26a5cbe
0xa160cdab225685da1d56aa342ad8841c3b53f291,0x1b47b6b2651b7b82155d7a8b57550dea39d0f55e,erc20,1000.0,0xb5bc2acb1be6046c874de1b9f41718ca7acfacfe67f5917841a97b8c3175bec6,1779340439,candidate_layering,AIFreeUse.cc,0x360dd817e5f00e4f20cc8fe1bd55eecaa26a5cbe
0xa160cdab225685da1d56aa342ad8841c3b53f291,0x936671bd8b8567d060de51139f41f04b242fd546,erc20,1000.0,0x57aa6b88198229cab761e100c2dff942de4f7bc5c128132fb0dbca46db95f7e2,1779340451,candidate_layering,AIFreeUse.cc,0x360dd817e5f00e4f20cc8fe1bd55eecaa26a5cbe
0xa160cdab225685da1d56aa342ad8841c3b53f291,0xb2eb0a19d6420ce13d0a51f182c3201eff787ab2,erc20,1000.0,0x57aa6b88198229cab761e100c2dff942de4f7bc5c128132fb0dbca46db95f7e2,1779340451,candidate_layering,AIFreeUse.cc,0x360dd817e5f00e4f20cc8fe1bd55eecaa26a5cbe
0xa160cdab225685da1d56aa342ad8841c3b53f291,0x8ae3fc8ab23f46301be7985a4c3993ce0f3a400f,erc20,1000.0,0x57aa6b88198229cab761e100c2dff942de4f7bc5c128132fb0dbca46db95f7e2,1779340451,candidate_layering,AIFreeUse.cc,0x360dd817e5f00e4f20cc8fe1bd55eecaa26a5cbe
0xa160cdab225685da1d56aa342ad8841c3b53f291,0x32462a330e4c7342345f7930177a6eb5361307e9,erc20,1000.0,0x57aa6b88198229cab761e100c2dff942de4f7bc5c128132fb0dbca46db95f7e2,1779340451,candidate_layering,AIFreeUse.cc,0x360dd817e5f00e4f20cc8fe1bd55eecaa26a5cbe
0xa160cdab225685da1d56aa342ad8841c3b53f291,0x4e5b2e1dc63f6b91cb6cd759936495434c7e972f,erc20,1000.0,0x57aa6b88198229cab761e100c2dff942de4f7bc5c128132fb0dbca46db95f7e2,1779340451,candidate_layering,AIFreeUse.cc,0x360dd817e5f00e4f20cc8fe1bd55eecaa26a5cbe
0xa160cdab225685da1d56aa342ad8841c3b53f291,0xec2fc74bc974ed16e393c0f769e4a4cef95757a3,erc20,1000.0,0x59c2775745816afe0d75bba0e59434946c0a060e334777f837d0007f24661f3a,1779340499,candidate_layering,AIFreeUse.cc,0x360dd817e5f00e4f20cc8fe1bd55eecaa26a5cbe
0xa160cdab225685da1d56aa342ad8841c3b53f291,0x1445f32d1a74872ba41f3d8cf4022e9996120b31,erc20,1000.0,0xd04bc942058aadf54b13951b25dc1749f3f8b827933895877f8133e10de9b83e,1779340511,candidate_layering,AIFreeUse.cc,0x360dd817e5f00e4f20cc8fe1bd55eecaa26a5cbe
0xa160cdab225685da1d56aa342ad8841c3b53f291,0x1472b8c0d92925e16f4a0d7efc09dc89450b2a30,erc20,1000.0,0xd04bc942058aadf54b13951b25dc1749f3f8b827933895877f8133e10de9b83e,1779340511,candidate_layering,AIFreeUse.cc,0x360dd817e5f00e4f20cc8fe1bd55eecaa26a5cbe
0xa160cdab225685da1d56aa342ad8841c3b53f291,0x278d858f05b94576c1e6f73285886876ff6ef8d2,erc20,1000.0,0xd04bc942058aadf54b13951b25dc1749f3f8b827933895877f8133e10de9b83e,1779340511,candidate_layering,AIFreeUse.cc,0x360dd817e5f00e4f20cc8fe1bd55eecaa26a5cbe
0xa160cdab225685da1d56aa342ad8841c3b53f291,0x7e5c09556cfea0deb1ae9ba498781e602329f854,erc20,1000.0,0xd04bc942058aadf54b13951b25dc1749f3f8b827933895877f8133e10de9b83e,1779340511,candidate_layering,AIFreeUse.cc,0x360dd817e5f00e4f20cc8fe1bd55eecaa26a5cbe
0xa160cdab225685da1d56aa342ad8841c3b53f291,0x163f3103de041d25464e2c8a4f8f3187ec1856e0,erc20,1000.0,0xd04bc942058aadf54b13951b25dc1749f3f8b827933895877f8133e10de9b83e,1779340511,candidate_layering,AIFreeUse.cc,0x360dd817e5f00e4f20cc8fe1bd55eecaa26a5cbe
0xa160cdab225685da1d56aa342ad8841c3b53f291,0x35314c606e10788695eba710d24b8007e4f6efb3,erc20,1000.0,0xd04bc942058aadf54b13951b25dc1749f3f8b827933895877f8133e10de9b83e,1779340511,candidate_layering,AIFreeUse.cc,0x360dd817e5f00e4f20cc8fe1bd55eecaa26a5cbe
0xa160cdab225685da1d56aa342ad8841c3b53f291,0x35348867c37a9422c5e7d5cde59e7673a796d40c,erc20,1000.0,0xd04bc942058aadf54b13951b25dc1749f3f8b827933895877f8133e10de9b83e,1779340511,candidate_layering,AIFreeUse.cc,0x360dd817e5f00e4f20cc8fe1bd55eecaa26a5cbe
0xa160cdab225685da1d56aa342ad8841c3b53f291,0xf22fdd2be7c6da9788e4941a6ffc78ca99d7b15c,erc20,1000.0,0xd04bc942058aadf54b13951b25dc1749f3f8b827933895877f8133e10de9b83e,1779340511,candidate_layering,AIFreeUse.cc,0x360dd817e5f00e4f20cc8fe1bd55eecaa26a5cbe
0xa160cdab225685da1d56aa342ad8841c3b53f291,0x42e213a3ad048e899b89ea8cb11d21bc97b84748,erc20,1000.0,0xd04bc942058aadf54b13951b25dc1749f3f8b827933895877f8133e10de9b83e,1779340511,candidate_layering,AIFreeUse.cc,0x360dd817e5f00e4f20cc8fe1bd55eecaa26a5cbe
0xa160cdab225685da1d56aa342ad8841c3b53f291,0x1ee3bd00526160d3e06989af8720280bd2cccbd6,erc20,1000.0,0xd04bc942058aadf54b13951b25dc1749f3f8b827933895877f8133e10de9b83e,1779340511,candidate_layering,AIFreeUse.cc,0x360dd817e5f00e4f20cc8fe1bd55eecaa26a5cbe
0xa160cdab225685da1d56aa342ad8841c3b53f291,0x3233a63487b9ac6c4ab1f59934c3d945e89e50d0,erc20,1000.0,0xd04bc942058aadf54b13951b25dc1749f3f8b827933895877f8133e10de9b83e,1779340511,candidate_layering,AIFreeUse.cc,0x360dd817e5f00e4f20cc8fe1bd55eecaa26a5cbe
0xa160cdab225685da1d56aa342ad8841c3b53f291,0x8d8d7ea4761e3c0a78652331a844a121a63ac2b3,erc20,1000.0,0xd7314a5575e7fd95c7f9512d3b402c44c4c40d0ad80c8abbea0b7b38e63d1a56,1779340535,candidate_layering,AIFreeUse.cc,0x360dd817e5f00e4f20cc8fe1bd55eecaa26a5cbe
0xa160cdab225685da1d56aa342ad8841c3b53f291,0xea0d165c354a589e52fa227391f8e34dfc87fea0,erc20,1000.0,0xd7314a5575e7fd95c7f9512d3b402c44c4c40d0ad80c8abbea0b7b38e63d1a56,1779340535,candidate_layering,AIFreeUse.cc,0x360dd817e5f00e4f20cc8fe1bd55eecaa26a5cbe
0xa160cdab225685da1d56aa342ad8841c3b53f291,0xa9d1e08c7793af67e9d92fe308d5697fb81d3e43,erc20,1000.0,0xe3db1d9625ee24d8d69fcc23f873271f66faf152ba2d6c0a204d2c5095c95270,1779340547,candidate_layering,AIFreeUse.cc,0x360dd817e5f00e4f20cc8fe1bd55eecaa26a5cbe
0xa160cdab225685da1d56aa342ad8841c3b53f291,0x462709e017396c77b8e9ccb4a3a756a647a91343,erc20,1000.0,0xe3db1d9625ee24d8d69fcc23f873271f66faf152ba2d6c0a204d2c5095c95270,1779340547,candidate_layering,AIFreeUse.cc,0x360dd817e5f00e4f20cc8fe1bd55eecaa26a5cbe
0xa160cdab225685da1d56aa342ad8841c3b53f291,0xa9d1e08c7793af67e9d92fe308d5697fb81d3e43,erc20,1000.0,0xe3db1d9625ee24d8d69fcc23f873271f66faf152ba2d6c0a204d2c5095c95270,1779340547,candidate_layering,AIFreeUse.cc,0x360dd817e5f00e4f20cc8fe1bd55eecaa26a5cbe
0xa160cdab225685da1d56aa342ad8841c3b53f291,0xf8bd49eb08d4c656a12981f6ec871fa1382a348a,erc20,1000.0,0xe3db1d9625ee24d8d69fcc23f873271f66faf152ba2d6c0a204d2c5095c95270,1779340547,candidate_layering,AIFreeUse.cc,0x360dd817e5f00e4f20cc8fe1bd55eecaa26a5cbe
0xa160cdab225685da1d56aa342ad8841c3b53f291,0x2898a159bd728aaad9c887ea5ea858e4f43b162c,erc20,1000.0,0x518a3a25c5b2cc96acde4925dab0e9e7225e8720eb1583c6f5aadba6c056bf3b,1779340559,candidate_layering,AIFreeUse.cc,0x360dd817e5f00e4f20cc8fe1bd55eecaa26a5cbe
0xa160cdab225685da1d56aa342ad8841c3b53f291,0xdfd5293d8e347dfe59e90efd55b2956a1343963d,erc20,1000.0,0x518a3a25c5b2cc96acde4925dab0e9e7225e8720eb1583c6f5aadba6c056bf3b,1779340559,candidate_layering,AIFreeUse.cc,0x360dd817e5f00e4f20cc8fe1bd55eecaa26a5cbe
0xa160cdab225685da1d56aa342ad8841c3b53f291,0x587eecb28994fb373870cb4dcbf3836c43690e18,erc20,1000.0,0x518a3a25c5b2cc96acde4925dab0e9e7225e8720eb1583c6f5aadba6c056bf3b,1779340559,candidate_layering,AIFreeUse.cc,0x360dd817e5f00e4f20cc8fe1bd55eecaa26a5cbe
0xa160cdab225685da1d56aa342ad8841c3b53f291,0x8f10b468b06c6fd214b65f87778827f7d113f996,erc20,1000.0,0x518a3a25c5b2cc96acde4925dab0e9e7225e8720eb1583c6f5aadba6c056bf3b,1779340559,candidate_layering,AIFreeUse.cc,0x360dd817e5f00e4f20cc8fe1bd55eecaa26a5cbe
0xa160cdab225685da1d56aa342ad8841c3b53f291,0xf9b6a1eb0190bf76274b0876957ee9f4f508af41,erc20,1000.0,0x518a3a25c5b2cc96acde4925dab0e9e7225e8720eb1583c6f5aadba6c056bf3b,1779340559,candidate_layering,AIFreeUse.cc,0x360dd817e5f00e4f20cc8fe1bd55eecaa26a5cbe
0xa160cdab225685da1d56aa342ad8841c3b53f291,0x28b1dc1a5e3699a428bc51d234dfab7c9cb2a183,erc20,1000.0,0x518a3a25c5b2cc96acde4925dab0e9e7225e8720eb1583c6f5aadba6c056bf3b,1779340559,candidate_layering,AIFreeUse.cc,0x360dd817e5f00e4f20cc8fe1bd55eecaa26a5cbe
0xa160cdab225685da1d56aa342ad8841c3b53f291,0xf4d0cf32908b2c7f1021339c43df0f77f06896d7,erc20,1000.0,0x518a3a25c5b2cc96acde4925dab0e9e7225e8720eb1583c6f5aadba6c056bf3b,1779340559,candidate_layering,AIFreeUse.cc,0x360dd817e5f00e4f20cc8fe1bd55eecaa26a5cbe
0xa160cdab225685da1d56aa342ad8841c3b53f291,0xcad97616f91872c02ba3553db315db4015cbe850,erc20,1000.0,0x0e9e16bd939e74768f329ecc5853d23c95610bfd72a37a32ec4c0a8f52a54db1,1779340571,candidate_layering,AIFreeUse.cc,0x360dd817e5f00e4f20cc8fe1bd55eecaa26a5cbe
0xa160cdab225685da1d56aa342ad8841c3b53f291,0x790f117af8169487725a1c3e92828176042cfc88,erc20,1000.0,0x0e9e16bd939e74768f329ecc5853d23c95610bfd72a37a32ec4c0a8f52a54db1,1779340571,candidate_layering,AIFreeUse.cc,0x360dd817e5f00e4f20cc8fe1bd55eecaa26a5cbe
0xa160cdab225685da1d56aa342ad8841c3b53f291,0xc09e82f81cb811db0922dd48206fc2e212322caf,erc20,1000.0,0xa53cae31c0ccd8137ce49bd47db4179226dbd961ac2ca7cfc13c522eb7a44849,1779340583,candidate_layering,AIFreeUse.cc,0x360dd817e5f00e4f20cc8fe1bd55eecaa26a5cbe
0xa160cdab225685da1d56aa342ad8841c3b53f291,0x03ba854bafc8ad509d6cd9dce0d8e52e1fbaa436,erc20,1000.0,0xa53cae31c0ccd8137ce49bd47db4179226dbd961ac2ca7cfc13c522eb7a44849,1779340583,candidate_layering,AIFreeUse.cc,0x360dd817e5f00e4f20cc8fe1bd55eecaa26a5cbe
0xa160cdab225685da1d56aa342ad8841c3b53f291,0x9de7143888fa8efec7483c50536a47d1b3bf6d03,erc20,1000.0,0xa53cae31c0ccd8137ce49bd47db4179226dbd961ac2ca7cfc13c522eb7a44849,1779340583,candidate_layering,AIFreeUse.cc,0x360dd817e5f00e4f20cc8fe1bd55eecaa26a5cbe
0xa160cdab225685da1d56aa342ad8841c3b53f291,0x38db9c08b78c9caa06353eb0692a9f35360138ac,erc20,1000.0,0xa53cae31c0ccd8137ce49bd47db4179226dbd961ac2ca7cfc13c522eb7a44849,1779340583,candidate_layering,AIFreeUse.cc,0x360dd817e5f00e4f20cc8fe1bd55eecaa26a5cbe
0xa160cdab225685da1d56aa342ad8841c3b53f291,0x2322e5517a3cbc75a3f02d74c96f82dda120d841,erc20,1000.0,0xa53cae31c0ccd8137ce49bd47db4179226dbd961ac2ca7cfc13c522eb7a44849,1779340583,candidate_layering,AIFreeUse.cc,0x360dd817e5f00e4f20cc8fe1bd55eecaa26a5cbe
0xa160cdab225685da1d56aa342ad8841c3b53f291,0xad2eae16157002a97e11b4201d111e6cd4c977ca,erc20,1000.0,0xa53cae31c0ccd8137ce49bd47db4179226dbd961ac2ca7cfc13c522eb7a44849,1779340583,candidate_layering,AIFreeUse.cc,0x360dd817e5f00e4f20cc8fe1bd55eecaa26a5cbe
0xa160cdab225685da1d56aa342ad8841c3b53f291,0x3b4d794a66304f130a4db8f2551b0070dfcf5ca7,erc20,1000.0,0xa53cae31c0ccd8137ce49bd47db4179226dbd961ac2ca7cfc13c522eb7a44849,1779340583,candidate_layering,AIFreeUse.cc,0x360dd817e5f00e4f20cc8fe1bd55eecaa26a5cbe
0xa160cdab225685da1d56aa342ad8841c3b53f291,0x7a250d5630b4cf539739df2c5dacb4c659f2488d,erc20,1000.0,0x98c92bda5d5fe1e578f000e456e39c295ae459620a04c1b0e1ecc1ac9a638473,1779340595,candidate_layering,AIFreeUse.cc,0x360dd817e5f00e4f20cc8fe1bd55eecaa26a5cbe
0xa160cdab225685da1d56aa342ad8841c3b53f291,0x3f111e7cbfcf48e3081ed1d89abcc1cca0d5d946,erc20,1000.0,0x98c92bda5d5fe1e578f000e456e39c295ae459620a04c1b0e1ecc1ac9a638473,1779340595,candidate_layering,AIFreeUse.cc,0x360dd817e5f00e4f20cc8fe1bd55eecaa26a5cbe
0xa160cdab225685da1d56aa342ad8841c3b53f291,0x9e570af6c90636f39cddf05867a22e2774b63dac,erc20,1000.0,0xbc9c1636fe60184c395cf3cecec8f4c01845f5035b7f75761364e35aa085dda1,1779340607,candidate_layering,AIFreeUse.cc,0x360dd817e5f00e4f20cc8fe1bd55eecaa26a5cbe
0xa160cdab225685da1d56aa342ad8841c3b53f291,0xe592427a0aece92de3edee1f18e0157c05861564,erc20,1000.0,0xbc9c1636fe60184c395cf3cecec8f4c01845f5035b7f75761364e35aa085dda1,1779340607,candidate_layering,AIFreeUse.cc,0x360dd817e5f00e4f20cc8fe1bd55eecaa26a5cbe
0xa160cdab225685da1d56aa342ad8841c3b53f291,0x51c72848c68a965f66fa7a88855f9f7784502a7f,erc20,1000.0,0xae22023add1f7fb426919f9e66559a828eeb7e0d376e5cc19e64a5f0171efb48,1779340619,candidate_layering,AIFreeUse.cc,0x360dd817e5f00e4f20cc8fe1bd55eecaa26a5cbe
0xa160cdab225685da1d56aa342ad8841c3b53f291,0xa9d1e08c7793af67e9d92fe308d5697fb81d3e43,erc20,1000.0,0xae22023add1f7fb426919f9e66559a828eeb7e0d376e5cc19e64a5f0171efb48,1779340619,candidate_layering,AIFreeUse.cc,0x360dd817e5f00e4f20cc8fe1bd55eecaa26a5cbe
0xa160cdab225685da1d56aa342ad8841c3b53f291,0x299e5c662905635a297d38d9a7d920f1b738eaff,erc20,1000.0,0xae22023add1f7fb426919f9e66559a828eeb7e0d376e5cc19e64a5f0171efb48,1779340619,candidate_layering,AIFreeUse.cc,0x360dd817e5f00e4f20cc8fe1bd55eecaa26a5cbe
0xa160cdab225685da1d56aa342ad8841c3b53f291,0x5e1fc8e8e1b66ff90a231d7a8d19dd11b08e0351,erc20,1000.0,0xae22023add1f7fb426919f9e66559a828eeb7e0d376e5cc19e64a5f0171efb48,1779340619,candidate_layering,AIFreeUse.cc,0x360dd817e5f00e4f20cc8fe1bd55eecaa26a5cbe
0xa160cdab225685da1d56aa342ad8841c3b53f291,0xe44eaa75c5b4c4bf419f5a01a29a093ebf56a0da,erc20,1000.0,0xae22023add1f7fb426919f9e66559a828eeb7e0d376e5cc19e64a5f0171efb48,1779340619,candidate_layering,AIFreeUse.cc,0x360dd817e5f00e4f20cc8fe1bd55eecaa26a5cbe
0xa160cdab225685da1d56aa342ad8841c3b53f291,0xabe5e524ae61c300cd6a7af42ac86e4e46d1e607,erc20,1000.0,0xae22023add1f7fb426919f9e66559a828eeb7e0d376e5cc19e64a5f0171efb48,1779340619,candidate_layering,AIFreeUse.cc,0x360dd817e5f00e4f20cc8fe1bd55eecaa26a5cbe
0xa160cdab225685da1d56aa342ad8841c3b53f291,0xbdb3ba9ffe392549e1f8658dd2630c141fdf47b6,erc20,1000.0,0xae22023add1f7fb426919f9e66559a828eeb7e0d376e5cc19e64a5f0171efb48,1779340619,candidate_layering,AIFreeUse.cc,0x360dd817e5f00e4f20cc8fe1bd55eecaa26a5cbe
0xa160cdab225685da1d56aa342ad8841c3b53f291,0xebf6c883a1d60ab38c8ed4780aadbfe4c805ed4f,erc20,1000.0,0x84661179d05f7caa90613567b45f68ce42cb4821922ef2fb57db4f54ed144481,1779340631,candidate_layering,AIFreeUse.cc,0x360dd817e5f00e4f20cc8fe1bd55eecaa26a5cbe
0xa160cdab225685da1d56aa342ad8841c3b53f291,0x00c21ca82d94dade0d5d1ed420a4728f58427d21,erc20,1000.0,0x404d70026498bbef8ddfe021de89913271d24f8528527275767de00158472359,1779340643,candidate_layering,AIFreeUse.cc,0x360dd817e5f00e4f20cc8fe1bd55eecaa26a5cbe
0xa160cdab225685da1d56aa342ad8841c3b53f291,0xa51a3cd39ef8dca93227f689fbc201ba1249c864,erc20,1000.0,0x404d70026498bbef8ddfe021de89913271d24f8528527275767de00158472359,1779340643,candidate_layering,AIFreeUse.cc,0x360dd817e5f00e4f20cc8fe1bd55eecaa26a5cbe
0xa160cdab225685da1d56aa342ad8841c3b53f291,0x3eb35672b161418629463f126a404537f6da3383,erc20,1000.0,0x404d70026498bbef8ddfe021de89913271d24f8528527275767de00158472359,1779340643,candidate_layering,AIFreeUse.cc,0x360dd817e5f00e4f20cc8fe1bd55eecaa26a5cbe
0xa160cdab225685da1d56aa342ad8841c3b53f291,0x2cff890f0378a11913b6129b2e97417a2c302680,erc20,1000.0,0x404d70026498bbef8ddfe021de89913271d24f8528527275767de00158472359,1779340643,candidate_layering,AIFreeUse.cc,0x360dd817e5f00e4f20cc8fe1bd55eecaa26a5cbe
0xa160cdab225685da1d56aa342ad8841c3b53f291,0xce9daf24f6f7b1c2df7513bfda28552a2994a73d,erc20,1000.0,0x404d70026498bbef8ddfe021de89913271d24f8528527275767de00158472359,1779340643,candidate_layering,AIFreeUse.cc,0x360dd817e5f00e4f20cc8fe1bd55eecaa26a5cbe
0xa160cdab225685da1d56aa342ad8841c3b53f291,0xd2af1cff934ab7fe45e090bccd8833381d52a146,erc20,1000.0,0x404d70026498bbef8ddfe021de89913271d24f8528527275767de00158472359,1779340643,candidate_layering,AIFreeUse.cc,0x360dd817e5f00e4f20cc8fe1bd55eecaa26a5cbe
0xa160cdab225685da1d56aa342ad8841c3b53f291,0xc74f05c1e7b86fa42ab07ab4a1361286b9a90087,erc20,1000.0,0x3a25218ff78f2f5faa35a09454e379e0e2aa72f4b41811e8104a63588c6d567f,1779340667,candidate_layering,AIFreeUse.cc,0x360dd817e5f00e4f20cc8fe1bd55eecaa26a5cbe
0xa160cdab225685da1d56aa342ad8841c3b53f291,0x260b364fe0d3d37e6fd3cda0fa50926a06c54cea,erc20,1000.0,0x3a25218ff78f2f5faa35a09454e379e0e2aa72f4b41811e8104a63588c6d567f,1779340667,candidate_layering,AIFreeUse.cc,0x360dd817e5f00e4f20cc8fe1bd55eecaa26a5cbe
0xa160cdab225685da1d56aa342ad8841c3b53f291,0x28c6c06298d514db089934071355e5743bf21d60,erc20,1000.0,0x21dbb306d8dd170dce926b58163920317c24ef5bf921eb895669182a89416b77,1779340679,candidate_layering,AIFreeUse.cc,0x360dd817e5f00e4f20cc8fe1bd55eecaa26a5cbe
0xa160cdab225685da1d56aa342ad8841c3b53f291,0xb300000b72deaeb607a12d5f54773d1c19c7028d,erc20,1000.0,0x21dbb306d8dd170dce926b58163920317c24ef5bf921eb895669182a89416b77,1779340679,candidate_layering,AIFreeUse.cc,0x360dd817e5f00e4f20cc8fe1bd55eecaa26a5cbe
0xa160cdab225685da1d56aa342ad8841c3b53f291,0xe4703ee3ba665ae0f14903aa7fec3ae04547ba01,erc20,1000.0,0x21dbb306d8dd170dce926b58163920317c24ef5bf921eb895669182a89416b77,1779340679,candidate_layering,AIFreeUse.cc,0x360dd817e5f00e4f20cc8fe1bd55eecaa26a5cbe
0xa160cdab225685da1d56aa342ad8841c3b53f291,0x559432e18b281731c054cd703d4b49872be4ed53,erc20,1000.0,0x21dbb306d8dd170dce926b58163920317c24ef5bf921eb895669182a89416b77,1779340679,candidate_layering,AIFreeUse.cc,0x360dd817e5f00e4f20cc8fe1bd55eecaa26a5cbe
0xa160cdab225685da1d56aa342ad8841c3b53f291,0xe6d7ebb9f1a9519dc06d557e03c522d53520e76a,erc20,1000.0,0x21dbb306d8dd170dce926b58163920317c24ef5bf921eb895669182a89416b77,1779340679,candidate_layering,AIFreeUse.cc,0x360dd817e5f00e4f20cc8fe1bd55eecaa26a5cbe
0xa160cdab225685da1d56aa342ad8841c3b53f291,0xf3ac2f80e815e454c4e6c7d37aeaf9b6603db91f,erc20,1000.0,0x21dbb306d8dd170dce926b58163920317c24ef5bf921eb895669182a89416b77,1779340679,candidate_layering,AIFreeUse.cc,0x360dd817e5f00e4f20cc8fe1bd55eecaa26a5cbe
0xa160cdab225685da1d56aa342ad8841c3b53f291,0xa03400e098f4421b34a3a44a1b4e571419517687,erc20,1000.0,0x21dbb306d8dd170dce926b58163920317c24ef5bf921eb895669182a89416b77,1779340679,candidate_layering,AIFreeUse.cc,0x360dd817e5f00e4f20cc8fe1bd55eecaa26a5cbe
0xa160cdab225685da1d56aa342ad8841c3b53f291,0x49f1f1367f104d03e527f680a9e36533a8fd8b3e,erc20,1000.0,0x21dbb306d8dd170dce926b58163920317c24ef5bf921eb895669182a89416b77,1779340679,candidate_layering,AIFreeUse.cc,0x360dd817e5f00e4f20cc8fe1bd55eecaa26a5cbe
0xa160cdab225685da1d56aa342ad8841c3b53f291,0xce1bd54127e07422f0c359c306324ba41444ff82,erc20,1000.0,0x21dbb306d8dd170dce926b58163920317c24ef5bf921eb895669182a89416b77,1779340679,candidate_layering,AIFreeUse.cc,0x360dd817e5f00e4f20cc8fe1bd55eecaa26a5cbe
0xa160cdab225685da1d56aa342ad8841c3b53f291,0xf3ea6f5af5c64544a5d007e4dccdc2d0db8107a1,erc20,1000.0,0x21dbb306d8dd170dce926b58163920317c24ef5bf921eb895669182a89416b77,1779340679,candidate_layering,AIFreeUse.cc,0x360dd817e5f00e4f20cc8fe1bd55eecaa26a5cbe
0xa160cdab225685da1d56aa342ad8841c3b53f291,0x559432e18b281731c054cd703d4b49872be4ed53,erc20,1000.0,0x21dbb306d8dd170dce926b58163920317c24ef5bf921eb895669182a89416b77,1779340679,candidate_layering,AIFreeUse.cc,0x360dd817e5f00e4f20cc8fe1bd55eecaa26a5cbe
0xa160cdab225685da1d56aa342ad8841c3b53f291,0x4a6c312ec70e8747a587ee860a0353cd42be0ae0,erc20,1000.0,0x21dbb306d8dd170dce926b58163920317c24ef5bf921eb895669182a89416b77,1779340679,candidate_layering,AIFreeUse.cc,0x360dd817e5f00e4f20cc8fe1bd55eecaa26a5cbe
0xa160cdab225685da1d56aa342ad8841c3b53f291,0x78cc6df84233c28fca18eafed212756143d54301,erc20,1000.0,0x21dbb306d8dd170dce926b58163920317c24ef5bf921eb895669182a89416b77,1779340679,candidate_layering,AIFreeUse.cc,0x360dd817e5f00e4f20cc8fe1bd55eecaa26a5cbe
0xa160cdab225685da1d56aa342ad8841c3b53f291,0x38d3b6b19f7177bfac5a7de69da7592cf124a0a7,erc20,1000.0,0x21dbb306d8dd170dce926b58163920317c24ef5bf921eb895669182a89416b77,1779340679,candidate_layering,AIFreeUse.cc,0x360dd817e5f00e4f20cc8fe1bd55eecaa26a5cbe
0xa160cdab225685da1d56aa342ad8841c3b53f291,0xb77681b58c2515b7a9dd1a41b00f09c214757d86,erc20,1000.0,0x5b297d1f4e01f3215f58e35d68fa087a22f61acd4a18274508f9df630f8e0c0c,1779340691,candidate_layering,AIFreeUse.cc,0x360dd817e5f00e4f20cc8fe1bd55eecaa26a5cbe
0xa160cdab225685da1d56aa342ad8841c3b53f291,0x622b49eb9cd07972a953d55aba8c2cce81684252,erc20,1000.0,0x69e28c798ca4153cecbe64e7c7d487a4319ef949b829a6cf320ec50b5efd8b6a,1779340715,candidate_layering,AIFreeUse.cc,0x360dd817e5f00e4f20cc8fe1bd55eecaa26a5cbe
0xa160cdab225685da1d56aa342ad8841c3b53f291,0xacbabb22236ec652b51fb59ae1e99eee2d5fa75b,erc20,1000.0,0x69e28c798ca4153cecbe64e7c7d487a4319ef949b829a6cf320ec50b5efd8b6a,1779340715,candidate_layering,AIFreeUse.cc,0x360dd817e5f00e4f20cc8fe1bd55eecaa26a5cbe
0xa160cdab225685da1d56aa342ad8841c3b53f291,0xa9d1e08c7793af67e9d92fe308d5697fb81d3e43,erc20,1000.0,0xc2d77c884af0c1d8930a39e25fdb73d7a25b81f4fbdca07b020deeddfadab8cc,1779340727,candidate_layering,AIFreeUse.cc,0x360dd817e5f00e4f20cc8fe1bd55eecaa26a5cbe
0xa160cdab225685da1d56aa342ad8841c3b53f291,0x5ec7766da4e13f2d93076fb9f58e4be6e3bbc605,erc20,1000.0,0xc2d77c884af0c1d8930a39e25fdb73d7a25b81f4fbdca07b020deeddfadab8cc,1779340727,candidate_layering,AIFreeUse.cc,0x360dd817e5f00e4f20cc8fe1bd55eecaa26a5cbe
0xa160cdab225685da1d56aa342ad8841c3b53f291,0x3cc0d7e65b6318a3de4b21c1f8f392ae29408ff7,erc20,1000.0,0xc2d77c884af0c1d8930a39e25fdb73d7a25b81f4fbdca07b020deeddfadab8cc,1779340727,candidate_layering,AIFreeUse.cc,0x360dd817e5f00e4f20cc8fe1bd55eecaa26a5cbe
0xa160cdab225685da1d56aa342ad8841c3b53f291,0x7ac40cf17becaf3278067cbe856a551bdd0defb8,erc20,1000.0,0xc2d77c884af0c1d8930a39e25fdb73d7a25b81f4fbdca07b020deeddfadab8cc,1779340727,candidate_layering,AIFreeUse.cc,0x360dd817e5f00e4f20cc8fe1bd55eecaa26a5cbe
0xa160cdab225685da1d56aa342ad8841c3b53f291,0x15ab0333985fd1e289adf4fbbe19261454776642,erc20,1000.0,0xc2d77c884af0c1d8930a39e25fdb73d7a25b81f4fbdca07b020deeddfadab8cc,1779340727,candidate_layering,AIFreeUse.cc,0x360dd817e5f00e4f20cc8fe1bd55eecaa26a5cbe
0xa160cdab225685da1d56aa342ad8841c3b53f291,0x0d0707963952f2fba59dd06f2b425ace40b492fe,erc20,1000.0,0xc2d77c884af0c1d8930a39e25fdb73d7a25b81f4fbdca07b020deeddfadab8cc,1779340727,candidate_layering,AIFreeUse.cc,0x360dd817e5f00e4f20cc8fe1bd55eecaa26a5cbe
0xa160cdab225685da1d56aa342ad8841c3b53f291,0x21a31ee1afc51d94c2efccaa2092ad1028285549,erc20,1000.0,0xc2d77c884af0c1d8930a39e25fdb73d7a25b81f4fbdca07b020deeddfadab8cc,1779340727,candidate_layering,AIFreeUse.cc,0x360dd817e5f00e4f20cc8fe1bd55eecaa26a5cbe
0xa160cdab225685da1d56aa342ad8841c3b53f291,0x559432e18b281731c054cd703d4b49872be4ed53,erc20,1000.0,0xc2d77c884af0c1d8930a39e25fdb73d7a25b81f4fbdca07b020deeddfadab8cc,1779340727,candidate_layering,AIFreeUse.cc,0x360dd817e5f00e4f20cc8fe1bd55eecaa26a5cbe
0xa160cdab225685da1d56aa342ad8841c3b53f291,0x559432e18b281731c054cd703d4b49872be4ed53,erc20,1000.0,0xc2d77c884af0c1d8930a39e25fdb73d7a25b81f4fbdca07b020deeddfadab8cc,1779340727,candidate_layering,AIFreeUse.cc,0x360dd817e5f00e4f20cc8fe1bd55eecaa26a5cbe
0xa160cdab225685da1d56aa342ad8841c3b53f291,0xd315a9c38ec871068fec378e4ce78af528c76293,erc20,1000.0,0xc2d77c884af0c1d8930a39e25fdb73d7a25b81f4fbdca07b020deeddfadab8cc,1779340727,candidate_layering,AIFreeUse.cc,0x360dd817e5f00e4f20cc8fe1bd55eecaa26a5cbe
0xa160cdab225685da1d56aa342ad8841c3b53f291,0x1111111254eeb25477b68fb85ed929f73a960582,erc20,1000.0,0xc2d77c884af0c1d8930a39e25fdb73d7a25b81f4fbdca07b020deeddfadab8cc,1779340727,candidate_layering,AIFreeUse.cc,0x360dd817e5f00e4f20cc8fe1bd55eecaa26a5cbe
0xa160cdab225685da1d56aa342ad8841c3b53f291,0x9368aecfe05843426fb7c70b6609d45aa5d05259,erc20,1000.0,0xc2d77c884af0c1d8930a39e25fdb73d7a25b81f4fbdca07b020deeddfadab8cc,1779340727,candidate_layering,AIFreeUse.cc,0x360dd817e5f00e4f20cc8fe1bd55eecaa26a5cbe
0xa160cdab225685da1d56aa342ad8841c3b53f291,0x6cb1773596b67c4299b012f4f36a7497958e9143,erc20,1000.0,0xc2d77c884af0c1d8930a39e25fdb73d7a25b81f4fbdca07b020deeddfadab8cc,1779340727,candidate_layering,AIFreeUse.cc,0x360dd817e5f00e4f20cc8fe1bd55eecaa26a5cbe
0xa160cdab225685da1d56aa342ad8841c3b53f291,0xcdcc39c0dc707eb7ef0ea64a244fa37bc102a3ed,erc20,1000.0,0xc2d77c884af0c1d8930a39e25fdb73d7a25b81f4fbdca07b020deeddfadab8cc,1779340727,candidate_layering,AIFreeUse.cc,0x360dd817e5f00e4f20cc8fe1bd55eecaa26a5cbe
0xa160cdab225685da1d56aa342ad8841c3b53f291,0x9c87e5efc511e27739abc88ad2bd8db304de3e27,erc20,1000.0,0xc2d77c884af0c1d8930a39e25fdb73d7a25b81f4fbdca07b020deeddfadab8cc,1779340727,candidate_layering,AIFreeUse.cc,0x360dd817e5f00e4f20cc8fe1bd55eecaa26a5cbe
0xa160cdab225685da1d56aa342ad8841c3b53f291,0x42923ce4191e7ae09fce9c4e44d6770447d3424c,erc20,1000.0,0xc2d77c884af0c1d8930a39e25fdb73d7a25b81f4fbdca07b020deeddfadab8cc,1779340727,candidate_layering,AIFreeUse.cc,0x360dd817e5f00e4f20cc8fe1bd55eecaa26a5cbe
0xa160cdab225685da1d56aa342ad8841c3b53f291,0x175df9ca930f4d8223c1ada8a7aa89048e042653,erc20,1000.0,0xf013cde3c028a1d452acc636bb7f7861baacdf79bfa8ce184deced227a1c0068,1779340739,candidate_layering,AIFreeUse.cc,0x360dd817e5f00e4f20cc8fe1bd55eecaa26a5cbe
0xa160cdab225685da1d56aa342ad8841c3b53f291,0xad38b3ede48262c1ba0725cc567aa0e1c8bd2687,erc20,1000.0,0xf013cde3c028a1d452acc636bb7f7861baacdf79bfa8ce184deced227a1c0068,1779340739,candidate_layering,AIFreeUse.cc,0x360dd817e5f00e4f20cc8fe1bd55eecaa26a5cbe
0xa160cdab225685da1d56aa342ad8841c3b53f291,0x9383194007216ad453011eda2ec37eaaef545352,erc20,1000.0,0x57416351ee956e8778c2db68b86c831b2034465b3cc64f6a0f19f859dd6535d5,1779340751,candidate_layering,AIFreeUse.cc,0x360dd817e5f00e4f20cc8fe1bd55eecaa26a5cbe
0xa160cdab225685da1d56aa342ad8841c3b53f291,0xc37d029e2e8b395c79e29f80b2f20ab86101eeb4,erc20,1000.0,0x57416351ee956e8778c2db68b86c831b2034465b3cc64f6a0f19f859dd6535d5,1779340751,candidate_layering,AIFreeUse.cc,0x360dd817e5f00e4f20cc8fe1bd55eecaa26a5cbe
0xa160cdab225685da1d56aa342ad8841c3b53f291,0x58b704065b7aff3ed351052f8560019e05925023,erc20,1000.0,0x75f1d269002fd75feb4eb586c2a42dcc69994754b68a1bb142d3a72ca4ce104d,1779340763,candidate_layering,AIFreeUse.cc,0x360dd817e5f00e4f20cc8fe1bd55eecaa26a5cbe
0xa160cdab225685da1d56aa342ad8841c3b53f291,0x3ba38531461f3c733fbfa0c61ffa2ccbb45f0966,erc20,1000.0,0xb9f1776b3030ab30d611d35c0fdec01db6a9d1d7cf1f15c945fd37e2b27fe20f,1779340799,candidate_layering,AIFreeUse.cc,0x360dd817e5f00e4f20cc8fe1bd55eecaa26a5cbe
0xa160cdab225685da1d56aa342ad8841c3b53f291,0x2744dfd9898f0babbc570cc594bbbc84b487a22b,erc20,1000.0,0x70d2cb680c0d4b8f788b4a86d544a340f71cd8e5e07e1446d91a67f06c73036d,1779340871,candidate_layering,AIFreeUse.cc,0x360dd817e5f00e4f20cc8fe1bd55eecaa26a5cbe
0xa160cdab225685da1d56aa342ad8841c3b53f291,0xd4e8d5f8442418ea23e3f1f20e31382090800901,erc20,1000.0,0x70d2cb680c0d4b8f788b4a86d544a340f71cd8e5e07e1446d91a67f06c73036d,1779340871,candidate_layering,AIFreeUse.cc,0x360dd817e5f00e4f20cc8fe1bd55eecaa26a5cbe
0xa160cdab225685da1d56aa342ad8841c3b53f291,0x974caa59e49682cda0ad2bbe82983419a2ecc400,erc20,1000.0,0x70d2cb680c0d4b8f788b4a86d544a340f71cd8e5e07e1446d91a67f06c73036d,1779340871,candidate_layering,AIFreeUse.cc,0x360dd817e5f00e4f20cc8fe1bd55eecaa26a5cbe
0xa160cdab225685da1d56aa342ad8841c3b53f291,0xf06c8a811e0d9c6d51d864e4a1c27ab56727d60d,erc20,1000.0,0x70d2cb680c0d4b8f788b4a86d544a340f71cd8e5e07e1446d91a67f06c73036d,1779340871,candidate_layering,AIFreeUse.cc,0x360dd817e5f00e4f20cc8fe1bd55eecaa26a5cbe
0xa160cdab225685da1d56aa342ad8841c3b53f291,0xaa8ba7d4611437141192e7ceced531bc0a133efb,erc20,1000.0,0xe633ce7e4ea7143dbe5e51edd8d6bd2368b41e85e1f259999a4e115dca0abda1,1779340919,candidate_layering,AIFreeUse.cc,0x360dd817e5f00e4f20cc8fe1bd55eecaa26a5cbe
0xa160cdab225685da1d56aa342ad8841c3b53f291,0x4b7e8c79ccb4ffaa4dbdbcd59dca76af132fa619,erc20,1000.0,0x7be6604309bcf8c3fb78800033eaeeda847dde3f660fa926546acaadb6dd7685,1779340931,candidate_layering,AIFreeUse.cc,0x360dd817e5f00e4f20cc8fe1bd55eecaa26a5cbe
0xa160cdab225685da1d56aa342ad8841c3b53f291,0x559432e18b281731c054cd703d4b49872be4ed53,erc20,1000.0,0x7be6604309bcf8c3fb78800033eaeeda847dde3f660fa926546acaadb6dd7685,1779340931,candidate_layering,AIFreeUse.cc,0x360dd817e5f00e4f20cc8fe1bd55eecaa26a5cbe
0xa160cdab225685da1d56aa342ad8841c3b53f291,0x559432e18b281731c054cd703d4b49872be4ed53,erc20,1000.0,0x7be6604309bcf8c3fb78800033eaeeda847dde3f660fa926546acaadb6dd7685,1779340931,candidate_layering,AIFreeUse.cc,0x360dd817e5f00e4f20cc8fe1bd55eecaa26a5cbe
0xa160cdab225685da1d56aa342ad8841c3b53f291,0x099587c5f7cab0ddd38b8140ec8d0d831c7d2558,erc20,1000.0,0x7be6604309bcf8c3fb78800033eaeeda847dde3f660fa926546acaadb6dd7685,1779340931,candidate_layering,AIFreeUse.cc,0x360dd817e5f00e4f20cc8fe1bd55eecaa26a5cbe
0xa160cdab225685da1d56aa342ad8841c3b53f291,0x000000000004444c5dc75cb358380d2e3de08a90,erc20,1000.0,0x7be6604309bcf8c3fb78800033eaeeda847dde3f660fa926546acaadb6dd7685,1779340931,candidate_layering,AIFreeUse.cc,0x360dd817e5f00e4f20cc8fe1bd55eecaa26a5cbe
0xa160cdab225685da1d56aa342ad8841c3b53f291,0xd2c4470ea92cab643aba9c6834895066d4a871cb,erc20,1000.0,0x7be6604309bcf8c3fb78800033eaeeda847dde3f660fa926546acaadb6dd7685,1779340931,candidate_layering,AIFreeUse.cc,0x360dd817e5f00e4f20cc8fe1bd55eecaa26a5cbe
0xa160cdab225685da1d56aa342ad8841c3b53f291,0xf1088841ab08fc1cb3835fd75207bcb3137f6ee3,erc20,1000.0,0x7be6604309bcf8c3fb78800033eaeeda847dde3f660fa926546acaadb6dd7685,1779340931,candidate_layering,AIFreeUse.cc,0x360dd817e5f00e4f20cc8fe1bd55eecaa26a5cbe
0xa160cdab225685da1d56aa342ad8841c3b53f291,0x5bcbdfb6cc624b959c39a2d16110d1f2d9204f72,erc20,1000.0,0x7be6604309bcf8c3fb78800033eaeeda847dde3f660fa926546acaadb6dd7685,1779340931,candidate_layering,AIFreeUse.cc,0x360dd817e5f00e4f20cc8fe1bd55eecaa26a5cbe
0xa160cdab225685da1d56aa342ad8841c3b53f291,0xd01607c3c5ecaba394d8be377a08590149325722,erc20,1000.0,0x7be6604309bcf8c3fb78800033eaeeda847dde3f660fa926546acaadb6dd7685,1779340931,candidate_layering,AIFreeUse.cc,0x360dd817e5f00e4f20cc8fe1bd55eecaa26a5cbe
0xa160cdab225685da1d56aa342ad8841c3b53f291,0x77b0712ca5a47cfbfec7c62b486c0f07e9f1f479,erc20,1000.0,0x7be6604309bcf8c3fb78800033eaeeda847dde3f660fa926546acaadb6dd7685,1779340931,candidate_layering,AIFreeUse.cc,0x360dd817e5f00e4f20cc8fe1bd55eecaa26a5cbe
0xa160cdab225685da1d56aa342ad8841c3b53f291,0x9642b23ed1e01df1092b92641051881a322f5d4e,erc20,1000.0,0xf0264f411425489936527c7e40021c1827bda163d514633d75fc2f751c3d1497,1779341003,candidate_layering,AIFreeUse.cc,0x360dd817e5f00e4f20cc8fe1bd55eecaa26a5cbe
0xa160cdab225685da1d56aa342ad8841c3b53f291,0xcdc6914c3277f90cacfe7fec3e40e9c45e968cab,erc20,1000.0,0xf0264f411425489936527c7e40021c1827bda163d514633d75fc2f751c3d1497,1779341003,candidate_layering,AIFreeUse.cc,0x360dd817e5f00e4f20cc8fe1bd55eecaa26a5cbe
0xa160cdab225685da1d56aa342ad8841c3b53f291,0x5535af1abeae1072b272ce9f803885412f539165,erc20,1000.0,0xf0264f411425489936527c7e40021c1827bda163d514633d75fc2f751c3d1497,1779341003,candidate_layering,AIFreeUse.cc,0x360dd817e5f00e4f20cc8fe1bd55eecaa26a5cbe
0xa160cdab225685da1d56aa342ad8841c3b53f291,0x115d0801ad9e53e31967c567c7a9adc167e26877,erc20,1000.0,0xf0264f411425489936527c7e40021c1827bda163d514633d75fc2f751c3d1497,1779341003,candidate_layering,AIFreeUse.cc,0x360dd817e5f00e4f20cc8fe1bd55eecaa26a5cbe
0xa160cdab225685da1d56aa342ad8841c3b53f291,0xf266c31895bed06c5f28ed567db6791c84ef360e,erc20,1000.0,0xf0264f411425489936527c7e40021c1827bda163d514633d75fc2f751c3d1497,1779341003,candidate_layering,AIFreeUse.cc,0x360dd817e5f00e4f20cc8fe1bd55eecaa26a5cbe
0xa160cdab225685da1d56aa342ad8841c3b53f291,0x62fe3eea463c6881d31c4b4026e66fe46fe81eb6,erc20,1000.0,0x1dbe10f7fbf8ad38dc1c8e918d564e8cb37218f7d8bb9fe6a991f6d3f4fc7181,1779426575,candidate_layering,AIMevBot.com,0x83c4c3772d6a725b0fed96b8f546c30f9ebf5c2d
