source,target,transaction_type,amount,tokenSymbol,contractAddress,hash,timeStamp,label
0xb270176ba6075196df88b855c3ec7776871fdb33,0x0000000000007f150bd6f54c40a34d7c3d5e9f56,erc20,0.833016015879191,WETH,0xc02aaa39b223fe8d0a0e5c4f27ead9083c756cc2,0xef79d63c3193dd8391f74fe6c2cca6f2fc9184d102b23e0d0bdb10666589e9de,1612809767,candidate_layering
0xb270176ba6075196df88b855c3ec7776871fdb33,0x0c722a487876989af8a05fffb6e32e45cc23fb3a,erc20,1.8325332956553078,TORN,0x77777feddddffc19ff86db637967013e6c6a116c,0x39fc6aa19c5b4aff825c37d19c23bcdeb8a73776260a9fcaa3438ab6448f3ba0,1612809802,candidate_layering
0xb270176ba6075196df88b855c3ec7776871fdb33,0x860bd2dba9cd475a61e6d1b45e16c365f6d78f66,erc20,2.061535172009063,TORN,0x77777feddddffc19ff86db637967013e6c6a116c,0x958438a0c9d2f38b7be7883ef7e7c5a4243c7c50628dc28277548ec62b7cb5ec,1612809812,candidate_layering
0xb270176ba6075196df88b855c3ec7776871fdb33,0x0000000000007f150bd6f54c40a34d7c3d5e9f56,erc20,0.1595641723789236,WETH,0xc02aaa39b223fe8d0a0e5c4f27ead9083c756cc2,0xc33f458822ccb26c407f489e5e836291a4423f9fe91a3c818c7def1f74c19ee5,1612809816,candidate_layering
0xb270176ba6075196df88b855c3ec7776871fdb33,0x860bd2dba9cd475a61e6d1b45e16c365f6d78f66,erc20,1.2660357437562821,TORN,0x77777feddddffc19ff86db637967013e6c6a116c,0x8275c7e428bf176dbe636c715539771edacc32c4cb10637b0ae2cc255f27916a,1612809840,candidate_layering
0xb270176ba6075196df88b855c3ec7776871fdb33,0x6f9b1e4e3e5e1e2eb797d53a666b0d9963ea761d,erc20,0.6126295003239338,TORN,0x77777feddddffc19ff86db637967013e6c6a116c,0xd043e6eca49815e6e82b56702372c0e382c555c4cde0b406ca3f0b8622d72d37,1612809840,candidate_layering
0xb270176ba6075196df88b855c3ec7776871fdb33,0x0000000000007f150bd6f54c40a34d7c3d5e9f56,erc20,0.27473812707998607,WETH,0xc02aaa39b223fe8d0a0e5c4f27ead9083c756cc2,0x1d6e89e2deec741b969fd6d76875367e2e3beace91d02e4ca8f42edd01ccf1b1,1612809876,candidate_layering
0xb270176ba6075196df88b855c3ec7776871fdb33,0xe069cb01d06ba617bcdf789bf2ff0d5e5ca20c71,erc20,0.2577783921260007,WETH,0xc02aaa39b223fe8d0a0e5c4f27ead9083c756cc2,0x33e8e8ccf1841ac1716666ecd212b2cfa8a4f71dd7f63fca623f8abeff5fb9a8,1612809947,candidate_layering
0xb270176ba6075196df88b855c3ec7776871fdb33,0x6ee25007b73fa79902a152a78cab50f4f7fa9eff,erc20,0.31049211269094695,TORN,0x77777feddddffc19ff86db637967013e6c6a116c,0xd872670614787a1d78bbef8caf370efb617df2e6b8361243c96a2a7f84273f16,1612810002,candidate_layering
0xb270176ba6075196df88b855c3ec7776871fdb33,0xd9e1ce17f2641f24ae83637ab66a2cca9c378b9f,erc20,0.03657216064338991,WETH,0xc02aaa39b223fe8d0a0e5c4f27ead9083c756cc2,0x3a97c50616ae86f600d830e45724309553812a324314494a804b82f1a37199df,1612810041,candidate_layering
0xb270176ba6075196df88b855c3ec7776871fdb33,0x0e49d6ec5e22daa59bc845b3353d81e59a45ee0d,erc20,1.345305053165976,TORN,0x77777feddddffc19ff86db637967013e6c6a116c,0xb84058274c8f253c5ef30ccfa0d846c07234b1403a5dd7d9a47f809a5a6506e4,1612810047,candidate_layering
0xb270176ba6075196df88b855c3ec7776871fdb33,0x75ec7970fbf8bcc130a5aa89cc3b3b270a47b832,erc20,1.0,TORN,0x77777feddddffc19ff86db637967013e6c6a116c,0xbed241682e421e346b6a30d5fb215c1c4fa836e56700aadfc11274af14df1d86,1612810105,candidate_layering
0xb270176ba6075196df88b855c3ec7776871fdb33,0xd9e1ce17f2641f24ae83637ab66a2cca9c378b9f,erc20,0.4000944383337629,WETH,0xc02aaa39b223fe8d0a0e5c4f27ead9083c756cc2,0x8cc617fa4a4ec9e4d54b7f27bbfed0c6785c92c6a062be1fc1a29935f29812fe,1612810123,candidate_layering
0xb270176ba6075196df88b855c3ec7776871fdb33,0x0000000000007f150bd6f54c40a34d7c3d5e9f56,erc20,7.793548555611041,TORN,0x77777feddddffc19ff86db637967013e6c6a116c,0x772fcc2375dce4cecedd8166c7156806563189462d7f7b81f3dccf312e7decb7,1612810248,candidate_layering
0xb270176ba6075196df88b855c3ec7776871fdb33,0x860bd2dba9cd475a61e6d1b45e16c365f6d78f66,erc20,0.1468155610519022,TORN,0x77777feddddffc19ff86db637967013e6c6a116c,0xc2ddf32b21bae517fae493e17ba21065336af647e44c7f84b118ade456cbfe92,1612810248,candidate_layering
0xb270176ba6075196df88b855c3ec7776871fdb33,0x0c722a487876989af8a05fffb6e32e45cc23fb3a,erc20,0.7624275389348237,TORN,0x77777feddddffc19ff86db637967013e6c6a116c,0x7de88086040c41a8a02a89d1e40c75f0a3618e0a7f5da3ec161c9a10273d12c8,1612810361,candidate_layering
0xb270176ba6075196df88b855c3ec7776871fdb33,0x75ec7970fbf8bcc130a5aa89cc3b3b270a47b832,erc20,1.0066845550050902,TORN,0x77777feddddffc19ff86db637967013e6c6a116c,0xd31932a7f4cb9a47b8df8c9f18f852fd0d558eb85be6cbc97825b4720c01d9af,1612810512,candidate_layering
0xb270176ba6075196df88b855c3ec7776871fdb33,0xe069cb01d06ba617bcdf789bf2ff0d5e5ca20c71,erc20,0.24894425209579457,WETH,0xc02aaa39b223fe8d0a0e5c4f27ead9083c756cc2,0xb9ce08ac7971267fcbb764a70f0db4018c1f13a648840de8618f20c77b9af876,1612810620,candidate_layering
0xb270176ba6075196df88b855c3ec7776871fdb33,0x75ec7970fbf8bcc130a5aa89cc3b3b270a47b832,erc20,1.957100548798352,TORN,0x77777feddddffc19ff86db637967013e6c6a116c,0x6850159e1f7ce2ed9ebc3727d2e9d8092089568671c8ecd0b1803d0353640bbd,1612810898,candidate_layering
0xb270176ba6075196df88b855c3ec7776871fdb33,0x860bd2dba9cd475a61e6d1b45e16c365f6d78f66,erc20,0.19280576080956094,WETH,0xc02aaa39b223fe8d0a0e5c4f27ead9083c756cc2,0xf29402ff8b293eaac4cae45731cd5cb46328d142fda251cee2be68404150708a,1612810910,candidate_layering
0xb270176ba6075196df88b855c3ec7776871fdb33,0x75ec7970fbf8bcc130a5aa89cc3b3b270a47b832,erc20,0.8483163015000883,TORN,0x77777feddddffc19ff86db637967013e6c6a116c,0x73522d9c6e6b7a16333924fa839530597b011a7a663a3fe28403e7ef00ac0f2a,1612811223,candidate_layering
0xb270176ba6075196df88b855c3ec7776871fdb33,0x0000000000007f150bd6f54c40a34d7c3d5e9f56,erc20,0.17874725630387328,WETH,0xc02aaa39b223fe8d0a0e5c4f27ead9083c756cc2,0x301cb6df3d9c40d4d1949fa429ef98da77ced9325268d36778a4c406bd539282,1612811307,candidate_layering
0xb270176ba6075196df88b855c3ec7776871fdb33,0x75ec7970fbf8bcc130a5aa89cc3b3b270a47b832,erc20,1.433938265491456,TORN,0x77777feddddffc19ff86db637967013e6c6a116c,0x1179b38e01321b137252284568d1b004a0cb246d6160f21d895f390b3314a55b,1612811354,candidate_layering
0xb270176ba6075196df88b855c3ec7776871fdb33,0x75ec7970fbf8bcc130a5aa89cc3b3b270a47b832,erc20,1.0,TORN,0x77777feddddffc19ff86db637967013e6c6a116c,0xb5ae972929485ac667cb75e915948408f2e194cb9219a3fe27104d7a11d9f4ee,1612811512,candidate_layering
0xb270176ba6075196df88b855c3ec7776871fdb33,0x0000000000007f150bd6f54c40a34d7c3d5e9f56,erc20,0.19098334836571076,WETH,0xc02aaa39b223fe8d0a0e5c4f27ead9083c756cc2,0xe5cf379d9f6ce428e67ca64ca635c642a0874cb804ebb1f6ab50257b5769ea9e,1612811536,candidate_layering
0xb270176ba6075196df88b855c3ec7776871fdb33,0x75ec7970fbf8bcc130a5aa89cc3b3b270a47b832,erc20,1.0,TORN,0x77777feddddffc19ff86db637967013e6c6a116c,0x3c22daf6c41bbc81da16ebe7c517f050b77303e991467d344eac35ebed9dac87,1612811595,candidate_layering
0xb270176ba6075196df88b855c3ec7776871fdb33,0xb958a8f59ac6145851729f73c7a6968311d8b633,erc20,0.2136738041168125,WETH,0xc02aaa39b223fe8d0a0e5c4f27ead9083c756cc2,0x22b7204625ce3483af0568c31f4b230a2c2c441f27207f585bab8eb1c2c54f27,1612811856,candidate_layering
0xb270176ba6075196df88b855c3ec7776871fdb33,0x0c722a487876989af8a05fffb6e32e45cc23fb3a,erc20,2.318268681164862,TORN,0x77777feddddffc19ff86db637967013e6c6a116c,0x217d41af13aa1bcf1ad577ff4f6c05a56872198974d9114d8c93892e7e461572,1612811935,candidate_layering
0xb270176ba6075196df88b855c3ec7776871fdb33,0xe069cb01d06ba617bcdf789bf2ff0d5e5ca20c71,erc20,1.2079275651803014,TORN,0x77777feddddffc19ff86db637967013e6c6a116c,0xea78dfa72a6d039d1eb8d16f82a49deb80e53d04911d3fb8e6259afa3ca0d802,1612811935,candidate_layering
0xb270176ba6075196df88b855c3ec7776871fdb33,0x860bd2dba9cd475a61e6d1b45e16c365f6d78f66,erc20,0.7254642570380619,WETH,0xc02aaa39b223fe8d0a0e5c4f27ead9083c756cc2,0x69d9c34b0090e1ea5fbdd39091e64ee4860dfa52500df97d8920a7aff7967ec0,1612812328,candidate_layering
0xb270176ba6075196df88b855c3ec7776871fdb33,0xe069cb01d06ba617bcdf789bf2ff0d5e5ca20c71,erc20,0.5033153540941552,WETH,0xc02aaa39b223fe8d0a0e5c4f27ead9083c756cc2,0xc54d612b81cfaa5b0a938f38b297a9d08d33968d602accff72cb7852fe6cb605,1612812460,candidate_layering
0xb270176ba6075196df88b855c3ec7776871fdb33,0x860bd2dba9cd475a61e6d1b45e16c365f6d78f66,erc20,5.549678430930205,TORN,0x77777feddddffc19ff86db637967013e6c6a116c,0x301f9191e72e9522d98c2938ae99d3b160c7fb105117fb6c91056a1280d80630,1612812490,candidate_layering
0xb270176ba6075196df88b855c3ec7776871fdb33,0xe069cb01d06ba617bcdf789bf2ff0d5e5ca20c71,erc20,5.374138200671599,TORN,0x77777feddddffc19ff86db637967013e6c6a116c,0xc957507d9c059b66094d71b2da3dfc1413a69816c41c25fa7b71eff1b17cbe93,1612812514,candidate_layering
0xb270176ba6075196df88b855c3ec7776871fdb33,0x0000000000007f150bd6f54c40a34d7c3d5e9f56,erc20,0.5684627445469551,WETH,0xc02aaa39b223fe8d0a0e5c4f27ead9083c756cc2,0xe9e2ec3f0af6bf660afd973043e0363786150a6c6c6fb8f2892d407ede00cf85,1612812520,candidate_layering
0xb270176ba6075196df88b855c3ec7776871fdb33,0x7e39f9af59db70e717effacdc088fe5d1a8a742e,erc20,2.5891297889667104,TORN,0x77777feddddffc19ff86db637967013e6c6a116c,0xce695d9e04de72f6c192290d8ee9deedfa813311d05cbaf27fa0315f761f1970,1612812639,candidate_layering
0xb270176ba6075196df88b855c3ec7776871fdb33,0x7e39f9af59db70e717effacdc088fe5d1a8a742e,erc20,2.165660656199833,TORN,0x77777feddddffc19ff86db637967013e6c6a116c,0x68dca3bb98d8b8566a93fc2f280ae8ed282ab517c1c4a280c49f9c08db7f9c3f,1612812682,candidate_layering
0xb270176ba6075196df88b855c3ec7776871fdb33,0x0000000000007f150bd6f54c40a34d7c3d5e9f56,erc20,0.49243005557525416,WETH,0xc02aaa39b223fe8d0a0e5c4f27ead9083c756cc2,0xfecf64ded732a9bb3b1ddae85af9a4c188b5f16ac49cf6a5de8edd0077fba799,1612812762,candidate_layering
0xb270176ba6075196df88b855c3ec7776871fdb33,0x7e39f9af59db70e717effacdc088fe5d1a8a742e,erc20,2.831623919133234,TORN,0x77777feddddffc19ff86db637967013e6c6a116c,0xe493efb973eb9e3c064c3eae4fdcc8c0d36d487aa9c6774b6ad1d7b9329ec1cb,1612812762,candidate_layering
0xb270176ba6075196df88b855c3ec7776871fdb33,0x7e39f9af59db70e717effacdc088fe5d1a8a742e,erc20,2.8768053748558033,TORN,0x77777feddddffc19ff86db637967013e6c6a116c,0x03c0d39f77be17b9f9e84b3abd3ff47f64f12e5cfd033efac46748a41c8f8bf1,1612812842,candidate_layering
0xb270176ba6075196df88b855c3ec7776871fdb33,0xe069cb01d06ba617bcdf789bf2ff0d5e5ca20c71,erc20,0.6052136119975526,WETH,0xc02aaa39b223fe8d0a0e5c4f27ead9083c756cc2,0x6232f1482c12b229df294fd7656cd2c48a1e93d1ef1578ce634e0aa501a5c8bd,1612812889,candidate_layering
0xb270176ba6075196df88b855c3ec7776871fdb33,0x860bd2dba9cd475a61e6d1b45e16c365f6d78f66,erc20,6.777195322985825,TORN,0x77777feddddffc19ff86db637967013e6c6a116c,0x6a7230889a8e2fcb9dd1aa89c806fb068d988b90140089fbdd66f319a42e2a26,1612812889,candidate_layering
0xb270176ba6075196df88b855c3ec7776871fdb33,0x7e39f9af59db70e717effacdc088fe5d1a8a742e,erc20,1.1184372786308396,TORN,0x77777feddddffc19ff86db637967013e6c6a116c,0x75bf163e459d3e9d46d103d79c8cdc852e3bbb4071c2f089d47d9cd239c2d72d,1612812901,candidate_layering
0xb270176ba6075196df88b855c3ec7776871fdb33,0x7e39f9af59db70e717effacdc088fe5d1a8a742e,erc20,2.4213352967364843,TORN,0x77777feddddffc19ff86db637967013e6c6a116c,0x82eff6a809248703350f220da7461b7a2bd48340405c7a156b2e3cc833ee1a03,1612812992,candidate_layering
0xb270176ba6075196df88b855c3ec7776871fdb33,0x0000000000007f150bd6f54c40a34d7c3d5e9f56,erc20,0.5597117473397297,WETH,0xc02aaa39b223fe8d0a0e5c4f27ead9083c756cc2,0xb528a51ee8af575bcde4932dd29292ceb48a84645de9fdf41f0be6691c070f32,1612813004,candidate_layering
0xb270176ba6075196df88b855c3ec7776871fdb33,0x7e39f9af59db70e717effacdc088fe5d1a8a742e,erc20,3.1667022537420677,TORN,0x77777feddddffc19ff86db637967013e6c6a116c,0x7225674f3ecaab7c74844aa1a90c52d6f3cd91c9fd4ae8d7ba8ed94da9f4f9ea,1612813067,candidate_layering
0xb270176ba6075196df88b855c3ec7776871fdb33,0xe069cb01d06ba617bcdf789bf2ff0d5e5ca20c71,erc20,4.826352840671621,TORN,0x77777feddddffc19ff86db637967013e6c6a116c,0x23f67e9f0addc29468f153fe6b984f2b8f5b3803335c7b6a45ecad9fbcecdfc6,1612813067,candidate_layering
0xb270176ba6075196df88b855c3ec7776871fdb33,0xe069cb01d06ba617bcdf789bf2ff0d5e5ca20c71,erc20,0.9788177857144744,WETH,0xc02aaa39b223fe8d0a0e5c4f27ead9083c756cc2,0x529879a136a7a0c5ddb0cec61dc44f51d1fd1664944800a8261039b21baed653,1612813076,candidate_layering
0xb270176ba6075196df88b855c3ec7776871fdb33,0x00000000cd47aa64daf64f5144b0d7885754374c,erc20,14.78863831466627,TORN,0x77777feddddffc19ff86db637967013e6c6a116c,0x0d2392c859fadfc464c5076dfbc69d32e0d9cf34e8a75e262568a51f46a34760,1612813160,candidate_layering
0xb270176ba6075196df88b855c3ec7776871fdb33,0x7e39f9af59db70e717effacdc088fe5d1a8a742e,erc20,1.2102977188622956,TORN,0x77777feddddffc19ff86db637967013e6c6a116c,0x062e83a56c5893e6c6cddfc2b076ad3364ab94cbb88492c751a9d88c5af5b657,1612813160,candidate_layering
0xb270176ba6075196df88b855c3ec7776871fdb33,0x00000000cd47aa64daf64f5144b0d7885754374c,erc20,1.7198722660770933,WETH,0xc02aaa39b223fe8d0a0e5c4f27ead9083c756cc2,0x4a779447591eea35b482bedae65db64be3e1b3b4ec9c4a12f8927879eb9277e2,1612813160,candidate_layering
0xb270176ba6075196df88b855c3ec7776871fdb33,0x7e39f9af59db70e717effacdc088fe5d1a8a742e,erc20,6.440832594242401,TORN,0x77777feddddffc19ff86db637967013e6c6a116c,0xf882602750f1ffe3493dfbb1f322dd4b0c3811024aaaeff1a530703a1dd1c2bf,1612813208,candidate_layering
0xb270176ba6075196df88b855c3ec7776871fdb33,0x860bd2dba9cd475a61e6d1b45e16c365f6d78f66,erc20,0.4665632619722654,WETH,0xc02aaa39b223fe8d0a0e5c4f27ead9083c756cc2,0x43b77896337e188493bc1a7a5493516e2100a9ff01206584f722412377dd6bf7,1612813215,candidate_layering
0xb270176ba6075196df88b855c3ec7776871fdb33,0x7e39f9af59db70e717effacdc088fe5d1a8a742e,erc20,3.479578901388162,TORN,0x77777feddddffc19ff86db637967013e6c6a116c,0xe0c3de15dea89f1908e442b883d7e274018da6ac7cb769e5d27b970dde8dd1ad,1612813305,candidate_layering
0xb270176ba6075196df88b855c3ec7776871fdb33,0x7e39f9af59db70e717effacdc088fe5d1a8a742e,erc20,2.263064077978437,TORN,0x77777feddddffc19ff86db637967013e6c6a116c,0x6bc1d4faa3000114f8c89b0cba67259854bd9e72b4ee637108201361d8e3cca8,1612813337,candidate_layering
0xb270176ba6075196df88b855c3ec7776871fdb33,0xe069cb01d06ba617bcdf789bf2ff0d5e5ca20c71,erc20,0.3893565091200201,WETH,0xc02aaa39b223fe8d0a0e5c4f27ead9083c756cc2,0x994021c394f5c9eb89730d25bdedd04c5eaef50cfc52a1edacd6af9659af7bf5,1612813480,candidate_layering
0xb270176ba6075196df88b855c3ec7776871fdb33,0x860bd2dba9cd475a61e6d1b45e16c365f6d78f66,erc20,5.553273601933267,TORN,0x77777feddddffc19ff86db637967013e6c6a116c,0x806d68281d8b1548b26d8fddc6da9bf65b1e9dbb5f539b546e08ac17f8d00ef4,1612813577,candidate_layering
0xb270176ba6075196df88b855c3ec7776871fdb33,0x860bd2dba9cd475a61e6d1b45e16c365f6d78f66,erc20,0.555871769371078,WETH,0xc02aaa39b223fe8d0a0e5c4f27ead9083c756cc2,0xc7a98fb92ba23767a096e61e79a600ba04f458f62b1c655d0f77ab14d6373942,1612813634,candidate_layering
0xb270176ba6075196df88b855c3ec7776871fdb33,0x7e39f9af59db70e717effacdc088fe5d1a8a742e,erc20,4.2273269343264825,TORN,0x77777feddddffc19ff86db637967013e6c6a116c,0xd9663b938f7c4d80eec93c7563f539032b972a165a1b79e01dd74db9d1bd34b5,1612813720,candidate_layering
0xb270176ba6075196df88b855c3ec7776871fdb33,0x7e39f9af59db70e717effacdc088fe5d1a8a742e,erc20,2.7992828935491163,TORN,0x77777feddddffc19ff86db637967013e6c6a116c,0xaec7a5a52125e73bdfe78cdba95b5af29cce36bc1285c2ead5c9aae0c87272ff,1612813824,candidate_layering
0xb270176ba6075196df88b855c3ec7776871fdb33,0xe069cb01d06ba617bcdf789bf2ff0d5e5ca20c71,erc20,0.48041368072343277,WETH,0xc02aaa39b223fe8d0a0e5c4f27ead9083c756cc2,0xcc7e164282807c6d9f0cd310f1b200957e02646e1421a7716546636fe29755a1,1612813867,candidate_layering
0xb270176ba6075196df88b855c3ec7776871fdb33,0xe069cb01d06ba617bcdf789bf2ff0d5e5ca20c71,erc20,0.41340084747312494,WETH,0xc02aaa39b223fe8d0a0e5c4f27ead9083c756cc2,0x4e997b4fe4589690af6f730199de12cdf5da62e850100d6e941521eff0e77804,1612813878,candidate_layering
0xb270176ba6075196df88b855c3ec7776871fdb33,0x0c722a487876989af8a05fffb6e32e45cc23fb3a,erc20,8.78754827047114,TORN,0x77777feddddffc19ff86db637967013e6c6a116c,0xb8b8e0322fefaadc2c832ea744979e574100beddc52f90255ac559d6a62c949a,1612813881,candidate_layering
0xb270176ba6075196df88b855c3ec7776871fdb33,0x7e39f9af59db70e717effacdc088fe5d1a8a742e,erc20,5.583086461435244,TORN,0x77777feddddffc19ff86db637967013e6c6a116c,0x9c9dadf1dd9c74992469221bacd66fabf6557b9476707720cdf94e4b7b27de32,1612813942,candidate_layering
0xb270176ba6075196df88b855c3ec7776871fdb33,0x0000000000007f150bd6f54c40a34d7c3d5e9f56,erc20,0.3991417213229981,WETH,0xc02aaa39b223fe8d0a0e5c4f27ead9083c756cc2,0xb18eec96c5602b6a257fd650c7ecbd294f0fee60ffeb0f3567cb92fd40104a19,1612814013,candidate_layering
0xb270176ba6075196df88b855c3ec7776871fdb33,0xb958a8f59ac6145851729f73c7a6968311d8b633,erc20,0.23232676685114367,WETH,0xc02aaa39b223fe8d0a0e5c4f27ead9083c756cc2,0x19d4c2d3d503d10d0a275c0981507d0f3e29811864985fa9a0b8b1679b929e1e,1612814886,candidate_layering
0xb270176ba6075196df88b855c3ec7776871fdb33,0xcf824aa715dec3d79ab8db33fd63ae0ba06d77dd,erc20,1.4074478897669087,TORN,0x77777feddddffc19ff86db637967013e6c6a116c,0x951a0723e2a2eedf48243f2baace33f94ba88809cf7f2a222dbcd91459f1b967,1612815176,candidate_layering
0xb270176ba6075196df88b855c3ec7776871fdb33,0xb958a8f59ac6145851729f73c7a6968311d8b633,erc20,0.23606301834482898,WETH,0xc02aaa39b223fe8d0a0e5c4f27ead9083c756cc2,0x4360d0bf0b210d5596a0db98e909ab17b4828c6fb3927d9187fc9b12a317c4ae,1612815410,candidate_layering
0xb270176ba6075196df88b855c3ec7776871fdb33,0x16731946f50416acc945559a2cad0f7f070e8dfa,erc20,7.692345415208715,TORN,0x77777feddddffc19ff86db637967013e6c6a116c,0x66d3186455f57b706c08edf859afd656ed2c58f9792f8f4a24b9432583f2aa62,1612815432,candidate_layering
0xb270176ba6075196df88b855c3ec7776871fdb33,0x860bd2dba9cd475a61e6d1b45e16c365f6d78f66,erc20,0.3933025302420693,WETH,0xc02aaa39b223fe8d0a0e5c4f27ead9083c756cc2,0xe655a36c3929cd65d2a8849766a8b697ac05de51ed98888b08a2d9edfbd5e109,1612815537,candidate_layering
0xb270176ba6075196df88b855c3ec7776871fdb33,0xe069cb01d06ba617bcdf789bf2ff0d5e5ca20c71,erc20,1.481722137772747,TORN,0x77777feddddffc19ff86db637967013e6c6a116c,0x2c2aec85f5b6a6e615d9344820caa41a1da76d21cca7c42650a08ec5909fcc5f,1612816088,candidate_layering
0xb270176ba6075196df88b855c3ec7776871fdb33,0xb958a8f59ac6145851729f73c7a6968311d8b633,erc20,0.2145100388228511,WETH,0xc02aaa39b223fe8d0a0e5c4f27ead9083c756cc2,0xf6a5268df291921f9f81b216ca613cf6f4436532e49279401ecbd6cfece530bb,1612816742,candidate_layering
0xb270176ba6075196df88b855c3ec7776871fdb33,0x860bd2dba9cd475a61e6d1b45e16c365f6d78f66,erc20,6.547645797028718,TORN,0x77777feddddffc19ff86db637967013e6c6a116c,0x9088ed2cf604ae713aa86955b7f61191597794f2a66b242526b566f88dc24ac9,1612817074,candidate_layering
0xb270176ba6075196df88b855c3ec7776871fdb33,0x0000000000007f150bd6f54c40a34d7c3d5e9f56,erc20,0.40740921043671546,WETH,0xc02aaa39b223fe8d0a0e5c4f27ead9083c756cc2,0xe73451e61fde9cb7c0fead0f3fba8ac569972b9690d29de20060319d03e7ddf0,1612817117,candidate_layering
0xb270176ba6075196df88b855c3ec7776871fdb33,0xe069cb01d06ba617bcdf789bf2ff0d5e5ca20c71,erc20,0.2853029792188264,WETH,0xc02aaa39b223fe8d0a0e5c4f27ead9083c756cc2,0x71c19f72851e62ab454ccddf93b6aa2cf1dc6da36ecc8eeb2c6cc65106c6f32f,1612817187,candidate_layering
0xb270176ba6075196df88b855c3ec7776871fdb33,0x0c722a487876989af8a05fffb6e32e45cc23fb3a,erc20,5.2451006502135,TORN,0x77777feddddffc19ff86db637967013e6c6a116c,0xb6635eb7aed3b2775c51579a895deb9937aa62d57ff9f8089c84e7e60e59723d,1612817189,candidate_layering
0xb270176ba6075196df88b855c3ec7776871fdb33,0xe069cb01d06ba617bcdf789bf2ff0d5e5ca20c71,erc20,0.3171906864883527,WETH,0xc02aaa39b223fe8d0a0e5c4f27ead9083c756cc2,0x78cc45d63cc04a039d7429b81f536e66900ce40f2ac0e2d04d54fe1f1d1adc4d,1612817251,candidate_layering
0xb270176ba6075196df88b855c3ec7776871fdb33,0xe069cb01d06ba617bcdf789bf2ff0d5e5ca20c71,erc20,6.020105956088792,TORN,0x77777feddddffc19ff86db637967013e6c6a116c,0xc30d0155d8fd5f0af0ec19878b37a215d3ac9f9385f866950ecd7e4be8c0b7be,1612817274,candidate_layering
0xb270176ba6075196df88b855c3ec7776871fdb33,0xe069cb01d06ba617bcdf789bf2ff0d5e5ca20c71,erc20,0.3755358309128808,WETH,0xc02aaa39b223fe8d0a0e5c4f27ead9083c756cc2,0xbb4286c18917b99a3129ce808bb774d588eaa0ac8c137da2207cff75b57aea74,1612817410,candidate_layering
0xb270176ba6075196df88b855c3ec7776871fdb33,0x860bd2dba9cd475a61e6d1b45e16c365f6d78f66,erc20,5.113623991168998,TORN,0x77777feddddffc19ff86db637967013e6c6a116c,0xe01b434ad6b2aadba4b426bd1b95095b14fc9a0fd906b90b83c825d4cc1aca7d,1612817536,candidate_layering
0xb270176ba6075196df88b855c3ec7776871fdb33,0xe069cb01d06ba617bcdf789bf2ff0d5e5ca20c71,erc20,0.3389365159501425,WETH,0xc02aaa39b223fe8d0a0e5c4f27ead9083c756cc2,0xcf883f34f1035993aff02678663141d2adb1c98f0ab47a734e69eb96056af50b,1612818136,candidate_layering
0xb270176ba6075196df88b855c3ec7776871fdb33,0xe069cb01d06ba617bcdf789bf2ff0d5e5ca20c71,erc20,5.171260351658365,TORN,0x77777feddddffc19ff86db637967013e6c6a116c,0x3e9b91323b99b54621b94a7d7cf24eb473957b2196bae77738a3398a760a6904,1612818154,candidate_layering
0xb270176ba6075196df88b855c3ec7776871fdb33,0xe069cb01d06ba617bcdf789bf2ff0d5e5ca20c71,erc20,0.4087276734771027,WETH,0xc02aaa39b223fe8d0a0e5c4f27ead9083c756cc2,0x522e7678ce43450c20f8a29753420e09be5e030ad71a4ae155996198a013985a,1612818415,candidate_layering
0xb270176ba6075196df88b855c3ec7776871fdb33,0x0c722a487876989af8a05fffb6e32e45cc23fb3a,erc20,5.256778093800443,TORN,0x77777feddddffc19ff86db637967013e6c6a116c,0x82a3320d5a61ef67ea97154894da5d41740d4ed6c501de3c6deb8278311c2e6e,1612818416,candidate_layering
0xb270176ba6075196df88b855c3ec7776871fdb33,0xe069cb01d06ba617bcdf789bf2ff0d5e5ca20c71,erc20,1.0862066995618143,TORN,0x77777feddddffc19ff86db637967013e6c6a116c,0x4afa06f369c1bb4e4ce7b3a768c518ac435ef8f7da879998af9237337a13dc93,1612818757,candidate_layering
0xb270176ba6075196df88b855c3ec7776871fdb33,0x0000000000000000000000000000000000000000,erc20,0.999999999999999,SLP,0xb270176ba6075196df88b855c3ec7776871fdb33,0x24813983f11e6e78bfcdf7a38c108e9ec5f6d75c7c5c234dda1b3ed0a2499287,1612819972,candidate_layering
0xb270176ba6075196df88b855c3ec7776871fdb33,0xd9e1ce17f2641f24ae83637ab66a2cca9c378b9f,erc20,3.6266203249842497,TORN,0x77777feddddffc19ff86db637967013e6c6a116c,0x24813983f11e6e78bfcdf7a38c108e9ec5f6d75c7c5c234dda1b3ed0a2499287,1612819972,candidate_layering
0xb270176ba6075196df88b855c3ec7776871fdb33,0xd9e1ce17f2641f24ae83637ab66a2cca9c378b9f,erc20,0.2896121941156013,WETH,0xc02aaa39b223fe8d0a0e5c4f27ead9083c756cc2,0x24813983f11e6e78bfcdf7a38c108e9ec5f6d75c7c5c234dda1b3ed0a2499287,1612819972,candidate_layering
0xb270176ba6075196df88b855c3ec7776871fdb33,0x7d92ad7e1b6ae22c6a43283af3856028cd3d856a,erc20,4.585188780500783,TORN,0x77777feddddffc19ff86db637967013e6c6a116c,0xdfdb59a2916dba937755e61537bb131633b6d403a8b88d6d595e38d5e8fa7c78,1612820082,candidate_layering
0xb270176ba6075196df88b855c3ec7776871fdb33,0x860bd2dba9cd475a61e6d1b45e16c365f6d78f66,erc20,4.011284274675264,TORN,0x77777feddddffc19ff86db637967013e6c6a116c,0x369969e1fb98a4511a4d1ecb931da41934a4ab916d8737886669ca2705d57e83,1612820616,candidate_layering
0xb270176ba6075196df88b855c3ec7776871fdb33,0xe069cb01d06ba617bcdf789bf2ff0d5e5ca20c71,erc20,0.2728779765060965,WETH,0xc02aaa39b223fe8d0a0e5c4f27ead9083c756cc2,0xf9edfaf8acb832d1edf9cc7f6004fd51760e6c99ad68710c5b6f952a6635b253,1612820652,candidate_layering
0xb270176ba6075196df88b855c3ec7776871fdb33,0xe069cb01d06ba617bcdf789bf2ff0d5e5ca20c71,erc20,2.758979726565643,TORN,0x77777feddddffc19ff86db637967013e6c6a116c,0x74ba26b461e36d8bbc8d36872efbb60d64dba7b9b6d798c3b832477ed4e0e2e7,1612820999,candidate_layering
0xb270176ba6075196df88b855c3ec7776871fdb33,0x860bd2dba9cd475a61e6d1b45e16c365f6d78f66,erc20,0.5155004779348378,WETH,0xc02aaa39b223fe8d0a0e5c4f27ead9083c756cc2,0xf2103d0ddb6160e2f9e05cb4762741abd986c75df41280aebc8849e46811df37,1612821063,candidate_layering
0xb270176ba6075196df88b855c3ec7776871fdb33,0x0c722a487876989af8a05fffb6e32e45cc23fb3a,erc20,2.414291583550168,TORN,0x77777feddddffc19ff86db637967013e6c6a116c,0x4b275fe90a45ae13a1e36a27bb35d90e76e8befaf40a48640aef1035b0e40f94,1612821534,candidate_layering
0xb270176ba6075196df88b855c3ec7776871fdb33,0xe069cb01d06ba617bcdf789bf2ff0d5e5ca20c71,erc20,0.3451391776855579,WETH,0xc02aaa39b223fe8d0a0e5c4f27ead9083c756cc2,0x641d3b22fd2b009a38faec475c332819d882c67afee22f48b33e6714e06fa792,1612821538,candidate_layering
0xb270176ba6075196df88b855c3ec7776871fdb33,0xe069cb01d06ba617bcdf789bf2ff0d5e5ca20c71,erc20,3.8285436469605827,TORN,0x77777feddddffc19ff86db637967013e6c6a116c,0x74abd623a44339de992f87235984409b6fa578e41e2be7a889fd239e187dcaee,1612821551,candidate_layering
0xb270176ba6075196df88b855c3ec7776871fdb33,0xe069cb01d06ba617bcdf789bf2ff0d5e5ca20c71,erc20,0.485765680475647,WETH,0xc02aaa39b223fe8d0a0e5c4f27ead9083c756cc2,0xa19b302a938c671c5a404b4fe9ee2cb0bbbbe27547149942d9408ba0e20a08f1,1612822066,candidate_layering
0xb270176ba6075196df88b855c3ec7776871fdb33,0x0c722a487876989af8a05fffb6e32e45cc23fb3a,erc20,2.3424867912914324,TORN,0x77777feddddffc19ff86db637967013e6c6a116c,0xd03dfad09115e81821571abbc9904fc611f9402ce1a98e8606a74833cde0e267,1612822142,candidate_layering
0xb270176ba6075196df88b855c3ec7776871fdb33,0xde08b96895c99f9983c631f7a9b7d504bebeeb94,erc20,0.8127242666954647,TORN,0x77777feddddffc19ff86db637967013e6c6a116c,0xbe3235da6558c488b80f9231c07e0a794afabe329e56188c400d8ee100c4fc0f,1612822290,candidate_layering
0xb270176ba6075196df88b855c3ec7776871fdb33,0x860bd2dba9cd475a61e6d1b45e16c365f6d78f66,erc20,0.6035626282705236,WETH,0xc02aaa39b223fe8d0a0e5c4f27ead9083c756cc2,0x9558c17e8a2d6dfc11ed9c71ca17c95d9b6667dd3bcba42ac968b90ee51910fd,1612822792,candidate_layering
0xb270176ba6075196df88b855c3ec7776871fdb33,0x0c722a487876989af8a05fffb6e32e45cc23fb3a,erc20,4.330286343603009,TORN,0x77777feddddffc19ff86db637967013e6c6a116c,0xc8e718cc590a70383c41bd70281a3c4e272fc118462b470e09ba8664d07be176,1612822895,candidate_layering
0xb270176ba6075196df88b855c3ec7776871fdb33,0x0000000000007f150bd6f54c40a34d7c3d5e9f56,erc20,0.3101894320678048,WETH,0xc02aaa39b223fe8d0a0e5c4f27ead9083c756cc2,0x48e2d0f24e5ca15313f56eeb8f2b8bece2e80e43b536b5c6f4afb04261575beb,1612823518,candidate_layering
0xb270176ba6075196df88b855c3ec7776871fdb33,0x860bd2dba9cd475a61e6d1b45e16c365f6d78f66,erc20,0.4003093089893672,WETH,0xc02aaa39b223fe8d0a0e5c4f27ead9083c756cc2,0xcd7e17b8b34ec67b95de69ca25a4bad0f715c3500aedcfa563bad443909a3be1,1612824375,candidate_layering
0xb270176ba6075196df88b855c3ec7776871fdb33,0xe069cb01d06ba617bcdf789bf2ff0d5e5ca20c71,erc20,1.001797378894918,TORN,0x77777feddddffc19ff86db637967013e6c6a116c,0x8d19b0fd494a71efd9459a45e3f1b33a36bdd816f79951a8178bf63623c031a1,1612824954,candidate_layering
0xb270176ba6075196df88b855c3ec7776871fdb33,0xe069cb01d06ba617bcdf789bf2ff0d5e5ca20c71,erc20,2.6284859962674534,TORN,0x77777feddddffc19ff86db637967013e6c6a116c,0xcaca979d21c61ba7333e5972b746e3f2c10c5fda0af0d1fe8b605d83bb2dd442,1612828604,candidate_layering
0xb270176ba6075196df88b855c3ec7776871fdb33,0x0000000000007f150bd6f54c40a34d7c3d5e9f56,erc20,0.2940424516148149,WETH,0xc02aaa39b223fe8d0a0e5c4f27ead9083c756cc2,0x6bafee2fe93ca68e04427629ad37ef4b945e132a17d153816e69bfca46e2a3d4,1612828707,candidate_layering
0xb270176ba6075196df88b855c3ec7776871fdb33,0xe069cb01d06ba617bcdf789bf2ff0d5e5ca20c71,erc20,4.107035620192642,TORN,0x77777feddddffc19ff86db637967013e6c6a116c,0xc64aceae9f10699b00bf9c3c30a145b0e418f867fcddacee9ba692bd2429a8cf,1612831090,candidate_layering
0xb270176ba6075196df88b855c3ec7776871fdb33,0x0000000000007f150bd6f54c40a34d7c3d5e9f56,erc20,0.32196665347133097,WETH,0xc02aaa39b223fe8d0a0e5c4f27ead9083c756cc2,0xb3c5d3b6662fafa28bc11542e2be3d377ec2ac6d7258ec9070d7cf5691894385,1612831109,candidate_layering
0xb270176ba6075196df88b855c3ec7776871fdb33,0xe069cb01d06ba617bcdf789bf2ff0d5e5ca20c71,erc20,2.2347196827410447,TORN,0x77777feddddffc19ff86db637967013e6c6a116c,0x27e08c45d8d9c614a85fd72ffabb5752063003eef1cb6456511ddfb816f9a137,1612831395,candidate_layering
0xb270176ba6075196df88b855c3ec7776871fdb33,0xe069cb01d06ba617bcdf789bf2ff0d5e5ca20c71,erc20,1.0264319424145714,TORN,0x77777feddddffc19ff86db637967013e6c6a116c,0xf1712ab83ee8d49f0d69dd38810d1513b72d272c134138a393e7b05f69420be1,1612837752,candidate_layering
0xb270176ba6075196df88b855c3ec7776871fdb33,0x0c722a487876989af8a05fffb6e32e45cc23fb3a,erc20,1.601108882157734,TORN,0x77777feddddffc19ff86db637967013e6c6a116c,0x7dc904bd56429704f7316bd1c73cc593e08853f44fa9750cf2df21c538e49df7,1612838081,candidate_layering
0xb270176ba6075196df88b855c3ec7776871fdb33,0x860bd2dba9cd475a61e6d1b45e16c365f6d78f66,erc20,0.48068719710966207,WETH,0xc02aaa39b223fe8d0a0e5c4f27ead9083c756cc2,0x756286a616abaa1d09feef4c84de673287a6b423d9729f3c721d6b5d327a353c,1612839055,candidate_layering
0xb270176ba6075196df88b855c3ec7776871fdb33,0x0c722a487876989af8a05fffb6e32e45cc23fb3a,erc20,2.2113726482231195,TORN,0x77777feddddffc19ff86db637967013e6c6a116c,0xa829f2d1a927382d6bbf2a06cf52a244d136e7e743dc2e4f80b8387042836ca8,1612839068,candidate_layering
0xb270176ba6075196df88b855c3ec7776871fdb33,0x860bd2dba9cd475a61e6d1b45e16c365f6d78f66,erc20,0.4750400069186875,WETH,0xc02aaa39b223fe8d0a0e5c4f27ead9083c756cc2,0xb493186d3e9f7d2340c5db1d995148fb636813dffe8b840505b90184f4a98984,1612840348,candidate_layering
0xb270176ba6075196df88b855c3ec7776871fdb33,0xe069cb01d06ba617bcdf789bf2ff0d5e5ca20c71,erc20,1.5397265943714,TORN,0x77777feddddffc19ff86db637967013e6c6a116c,0x1070bcc3615571264b7748d4caa348462bed1459a68dd2164825769df68341f6,1612840757,candidate_layering
0xb270176ba6075196df88b855c3ec7776871fdb33,0xe069cb01d06ba617bcdf789bf2ff0d5e5ca20c71,erc20,1.169839012690643,TORN,0x77777feddddffc19ff86db637967013e6c6a116c,0xb04ed6ecd702a3f4f2c7da8526b8e7ac9b7c4d69436f0970713ec77b8dbce667,1612844185,candidate_layering
0xb270176ba6075196df88b855c3ec7776871fdb33,0xe069cb01d06ba617bcdf789bf2ff0d5e5ca20c71,erc20,0.30198820572484536,WETH,0xc02aaa39b223fe8d0a0e5c4f27ead9083c756cc2,0x98344123f67755186d86164f84e6c86cfc3d1f77fdbc4f1462de4d4ea8177af3,1612849658,candidate_layering
0xb270176ba6075196df88b855c3ec7776871fdb33,0x914c0740a8e3abb3cf422a57115152ba8be44fd1,erc20,2.020558315157647,TORN,0x77777feddddffc19ff86db637967013e6c6a116c,0x9afaf102203126f2f386eb3d03e0822e6f2d616965eae93f65c5d9d568564d92,1612851004,candidate_layering
0xb270176ba6075196df88b855c3ec7776871fdb33,0x860bd2dba9cd475a61e6d1b45e16c365f6d78f66,erc20,0.4871369058342432,WETH,0xc02aaa39b223fe8d0a0e5c4f27ead9083c756cc2,0x8835e95def28ad247adbffb911fcebfd6615725848da26b9ce91b54a80172a44,1612852462,candidate_layering
0xb270176ba6075196df88b855c3ec7776871fdb33,0xe069cb01d06ba617bcdf789bf2ff0d5e5ca20c71,erc20,3.9731556667244834,TORN,0x77777feddddffc19ff86db637967013e6c6a116c,0xbcc77547f15d7c81665af3d00d2e421a48dc82cbcc4b265a42ea83b6fcf4203f,1612852872,candidate_layering
0xb270176ba6075196df88b855c3ec7776871fdb33,0xe069cb01d06ba617bcdf789bf2ff0d5e5ca20c71,erc20,0.3198176390764025,WETH,0xc02aaa39b223fe8d0a0e5c4f27ead9083c756cc2,0x7e7d07c3a7cc4cf79e6ddbc5829e8737ec0d41e13d20c7856ba1a556ee78a4d8,1612853062,candidate_layering
0xb270176ba6075196df88b855c3ec7776871fdb33,0x0c722a487876989af8a05fffb6e32e45cc23fb3a,erc20,1.9582631398925066,TORN,0x77777feddddffc19ff86db637967013e6c6a116c,0x27477ec54ab03de39e162979b27436de4d3d1e2e2fb275303b4e99e35c66e804,1612864405,candidate_layering
0xb270176ba6075196df88b855c3ec7776871fdb33,0xe069cb01d06ba617bcdf789bf2ff0d5e5ca20c71,erc20,0.33097516120078857,TORN,0x77777feddddffc19ff86db637967013e6c6a116c,0x0fb31b3b28cd60468525b9933023dbdd3d40063b48b8f30788f06277cfc96c2e,1612871231,candidate_layering
0xb270176ba6075196df88b855c3ec7776871fdb33,0x0c722a487876989af8a05fffb6e32e45cc23fb3a,erc20,2.125129871151925,TORN,0x77777feddddffc19ff86db637967013e6c6a116c,0xf8204253caf2aa67e286adbfe6824037539994ca5ef9b025a79cc1d508faa490,1612880923,candidate_layering
0xb270176ba6075196df88b855c3ec7776871fdb33,0x74de5d4fcbf63e00296fd95d33236b9794016631,erc20,0.5185435027016031,TORN,0x77777feddddffc19ff86db637967013e6c6a116c,0xc4c9ed4ea4334d0dc442b0a8243d87254ebf62e63ceca705589c8c792c0ccd23,1612881844,candidate_layering
0xb270176ba6075196df88b855c3ec7776871fdb33,0xe069cb01d06ba617bcdf789bf2ff0d5e5ca20c71,erc20,1.2646683578578684,TORN,0x77777feddddffc19ff86db637967013e6c6a116c,0x250490bfd42954628edefcbb3ce37b8ead96c0a1feafd63f26d9ffbe638f83f1,1612882644,candidate_layering
0xb270176ba6075196df88b855c3ec7776871fdb33,0xd6629c2873c714d49793f48bed4cd700976b2cdd,erc20,0.02237528202918454,TORN,0x77777feddddffc19ff86db637967013e6c6a116c,0x9c770a9f826e2a8ce182106839124330d451a9c2da7eb0251a4e15ec12033eaa,1612883859,candidate_layering
0xb270176ba6075196df88b855c3ec7776871fdb33,0xe069cb01d06ba617bcdf789bf2ff0d5e5ca20c71,erc20,1.0550895794810964,TORN,0x77777feddddffc19ff86db637967013e6c6a116c,0xe65b4895e1a8d9bf5b4a1d240e4a16a45a9c93863933fea9ab1f1b8486be3865,1612885605,candidate_layering
0xb270176ba6075196df88b855c3ec7776871fdb33,0xd9e1ce17f2641f24ae83637ab66a2cca9c378b9f,erc20,0.6410700450008957,WETH,0xc02aaa39b223fe8d0a0e5c4f27ead9083c756cc2,0x66834ff269e9b244fcea2b7a7d9656c46921cea677858a4035b40ccb127c07c8,1612886677,candidate_layering
0xb270176ba6075196df88b855c3ec7776871fdb33,0x860bd2dba9cd475a61e6d1b45e16c365f6d78f66,erc20,2.715030417953096,TORN,0x77777feddddffc19ff86db637967013e6c6a116c,0xa806f6b536ae3188eb919fe2949b1b536973f25f83939cee6fd82c597b2c5e03,1612886677,candidate_layering
0xb270176ba6075196df88b855c3ec7776871fdb33,0x860bd2dba9cd475a61e6d1b45e16c365f6d78f66,erc20,0.6235979196094966,WETH,0xc02aaa39b223fe8d0a0e5c4f27ead9083c756cc2,0xb7928017f15bf0cc49c8da0312b2f8fc6fee30c4db1b1222bb08987826c68021,1612890024,candidate_layering
0xb270176ba6075196df88b855c3ec7776871fdb33,0xe069cb01d06ba617bcdf789bf2ff0d5e5ca20c71,erc20,1.034971209484278,TORN,0x77777feddddffc19ff86db637967013e6c6a116c,0xba11edfcac961d81bb15ea513b771e133327030f25e3f2691842d7c64a7edfdd,1612891398,candidate_layering
0xb270176ba6075196df88b855c3ec7776871fdb33,0xe069cb01d06ba617bcdf789bf2ff0d5e5ca20c71,erc20,0.5674483308324765,WETH,0xc02aaa39b223fe8d0a0e5c4f27ead9083c756cc2,0x4d522d12b4191a5b4ad54dcd2af8d2e942e70198eb28c586427156797b3190f1,1612901240,candidate_layering
0xb270176ba6075196df88b855c3ec7776871fdb33,0xa633fe9ae83fb8e197755da2b735da8314a10c47,erc20,0.568428215120606,TORN,0x77777feddddffc19ff86db637967013e6c6a116c,0x4e5798d1bd64bc757d561bcc83376e337250a526965723a85a4ceda1049ae613,1612902311,candidate_layering
0xb270176ba6075196df88b855c3ec7776871fdb33,0x860bd2dba9cd475a61e6d1b45e16c365f6d78f66,erc20,0.7799196438021679,WETH,0xc02aaa39b223fe8d0a0e5c4f27ead9083c756cc2,0x7beaf6229b95e46a845d534366e9066a01dd361c33cdb9089a5d287b9d5ada77,1612903210,candidate_layering
0xb270176ba6075196df88b855c3ec7776871fdb33,0xe069cb01d06ba617bcdf789bf2ff0d5e5ca20c71,erc20,1.3278859977902364,TORN,0x77777feddddffc19ff86db637967013e6c6a116c,0x7e276353679e0ee1d1c0992a7fcedaf2113dedd458bf5ac8c7976e07943ff194,1612903211,candidate_layering
0xb270176ba6075196df88b855c3ec7776871fdb33,0xe069cb01d06ba617bcdf789bf2ff0d5e5ca20c71,erc20,0.6391479159997077,TORN,0x77777feddddffc19ff86db637967013e6c6a116c,0x26da41b2d3cb23a85368a2c74e88712e3e5030a6cdd5a7e3a9b82b21f4793888,1612903354,candidate_layering
0xb270176ba6075196df88b855c3ec7776871fdb33,0xe069cb01d06ba617bcdf789bf2ff0d5e5ca20c71,erc20,0.6234388912218957,TORN,0x77777feddddffc19ff86db637967013e6c6a116c,0x2838d8e25e090281ec935dbd127477a3cda781e55b6dc575eca4d90673a14335,1612907392,candidate_layering
0xb270176ba6075196df88b855c3ec7776871fdb33,0xe069cb01d06ba617bcdf789bf2ff0d5e5ca20c71,erc20,0.9069565990379527,TORN,0x77777feddddffc19ff86db637967013e6c6a116c,0x3551f62be6abafc2600d2013a11cd4693b3e391f6d31f51a0d08fee8cf527af7,1612907740,candidate_layering
0xb270176ba6075196df88b855c3ec7776871fdb33,0xe76a6586cab3c83a179ffa2eb8759726b13e6007,erc20,0.2950616402652853,TORN,0x77777feddddffc19ff86db637967013e6c6a116c,0xd1532267ccb07fbac45853aec144a6442767eb29eefe06c9bbd8eafaac7b1157,1612908061,candidate_layering
0xb270176ba6075196df88b855c3ec7776871fdb33,0x6463bd6026a2e7bfab5851b62969a92f7cca0eb6,erc20,0.4370800221106954,WETH,0xc02aaa39b223fe8d0a0e5c4f27ead9083c756cc2,0x22a316e5755406456ad3199a592296b8d99dbc993bee9ae20048ba3dbf5399d4,1612912842,candidate_layering
0xb270176ba6075196df88b855c3ec7776871fdb33,0x860bd2dba9cd475a61e6d1b45e16c365f6d78f66,erc20,1.0576467372925111,WETH,0xc02aaa39b223fe8d0a0e5c4f27ead9083c756cc2,0x486c08e098eefcd8e76c51218ab8859fc8939f03efa60b2ed65e8375faa12277,1612914498,candidate_layering
0xb270176ba6075196df88b855c3ec7776871fdb33,0x0000000000007f150bd6f54c40a34d7c3d5e9f56,erc20,7.130963285639691,TORN,0x77777feddddffc19ff86db637967013e6c6a116c,0x60e0a00fda6e21e5459ae67580b422fe720d69c686f4ad861d401f3ad3aa643c,1612914544,candidate_layering
0xb270176ba6075196df88b855c3ec7776871fdb33,0xa7b95d2a2d10028cc4450e453151181cbcac74fc,erc20,3.563335624241521,TORN,0x77777feddddffc19ff86db637967013e6c6a116c,0xccb6c4c89e5ebe5aec77dc4aa5a7128141e4bb9377f6938fc955f69f7f1c327e,1612916108,candidate_layering
0xb270176ba6075196df88b855c3ec7776871fdb33,0xe069cb01d06ba617bcdf789bf2ff0d5e5ca20c71,erc20,0.3252741505116965,WETH,0xc02aaa39b223fe8d0a0e5c4f27ead9083c756cc2,0x21fa02fe1b877af06997843d0f7f0f640a06c6fc4b5b39ff4a625bec813d1c62,1612916366,candidate_layering
0xb270176ba6075196df88b855c3ec7776871fdb33,0x010946a9189f4fa8d6bf01d2fa32e0edf3d6e03b,erc20,2.7240787044177557,TORN,0x77777feddddffc19ff86db637967013e6c6a116c,0x146f6c5fae57cdd6707c9438062cbc240d05dd48ae9c5aa53c185b65a3d2d4f9,1612921370,candidate_layering
0xb270176ba6075196df88b855c3ec7776871fdb33,0xd9e1ce17f2641f24ae83637ab66a2cca9c378b9f,erc20,0.4908740590704856,WETH,0xc02aaa39b223fe8d0a0e5c4f27ead9083c756cc2,0x03293f60f165f75e3e465510ef1f5cc6cccb1e9507c314149940b1365aeac602,1612922080,candidate_layering
0xb270176ba6075196df88b855c3ec7776871fdb33,0x384bfb7db2e58c02dd68c8d584ba639fe4308704,erc20,3.3150119836596015,TORN,0x77777feddddffc19ff86db637967013e6c6a116c,0x3ef2f248fb5b3b7c5a6b2a01890f60e7a78403184ace539884c10a726d1f5534,1612922080,candidate_layering
0xb270176ba6075196df88b855c3ec7776871fdb33,0xbfc530fe1ec08d4cdd40efca5a419ba9094d68f7,erc20,5.117759731143822,TORN,0x77777feddddffc19ff86db637967013e6c6a116c,0x8ce176e053187e30844b7ec04c5851e6f0070b67f9b4c9795cdbbbdd32b6e395,1612925137,candidate_layering
0xb270176ba6075196df88b855c3ec7776871fdb33,0x393e0000cc906900d800a91b9830380028eebfc6,erc20,0.9788920464532613,WETH,0xc02aaa39b223fe8d0a0e5c4f27ead9083c756cc2,0x8f04f21ebe466ceec9798970539daf6a709058db2d40ef7efe07fa48ccb6c5c7,1612925137,candidate_layering
0xb270176ba6075196df88b855c3ec7776871fdb33,0xa7b95d2a2d10028cc4450e453151181cbcac74fc,erc20,2.921037728009618,TORN,0x77777feddddffc19ff86db637967013e6c6a116c,0xbe8a60a68ca8580cd237ebf7752143b1a8af04f3e9e723f9ea83ace422f62a93,1612927422,candidate_layering
0xb270176ba6075196df88b855c3ec7776871fdb33,0x0000000000007f150bd6f54c40a34d7c3d5e9f56,erc20,0.6606545054705739,WETH,0xc02aaa39b223fe8d0a0e5c4f27ead9083c756cc2,0xfe7d7125a7915039e40981ab5fe26f162b7b1dcda646e8dc4e6291379e62f975,1612927431,candidate_layering
0xb270176ba6075196df88b855c3ec7776871fdb33,0xe069cb01d06ba617bcdf789bf2ff0d5e5ca20c71,erc20,0.25267309160192986,WETH,0xc02aaa39b223fe8d0a0e5c4f27ead9083c756cc2,0x74302fc507d46648e42c74a2752ce2fd9f7b8993096564835aff7576716848f4,1612928645,candidate_layering
0xb270176ba6075196df88b855c3ec7776871fdb33,0xcd4352cedb070c2bc03e1497f05285deb24f9176,erc20,0.38933307511854004,WETH,0xc02aaa39b223fe8d0a0e5c4f27ead9083c756cc2,0x7ed3ed23f777573fc710b3f671d8a99c1fe5f4d8d60e4184a0303cbd3e47e477,1612931807,candidate_layering
0xb270176ba6075196df88b855c3ec7776871fdb33,0xe069cb01d06ba617bcdf789bf2ff0d5e5ca20c71,erc20,1.539095309694943,TORN,0x77777feddddffc19ff86db637967013e6c6a116c,0x7f8b3e77df6d6992b612d66f34f24a19b0ea1af483a16ab11adb7b8b3302f55d,1612936969,candidate_layering
0xb270176ba6075196df88b855c3ec7776871fdb33,0x80dd72e4252f2d54af2b131d9ab09af24f893ae1,erc20,0.17790389730323194,TORN,0x77777feddddffc19ff86db637967013e6c6a116c,0xaec5dbb0f621ba5c9836dbd823fc3babf7b544a634593d70aa71716b95266588,1612947493,candidate_layering
0xb270176ba6075196df88b855c3ec7776871fdb33,0xd9e1ce17f2641f24ae83637ab66a2cca9c378b9f,erc20,0.6492712594978857,WETH,0xc02aaa39b223fe8d0a0e5c4f27ead9083c756cc2,0xa6e2d9b5a426ed6c93c60a1fb4c9ab68a840ef84d7af53f37961eb18b7cca6d8,1612975314,candidate_layering
0xb270176ba6075196df88b855c3ec7776871fdb33,0xbcac361dab6a11f17894b31732cfc88c47993c41,erc20,0.944356984783759,TORN,0x77777feddddffc19ff86db637967013e6c6a116c,0xd49d146b461987b2c1dcfd30b828b04a2db84d49023d49ab0d75d9818f38a715,1612976702,candidate_layering
0xb270176ba6075196df88b855c3ec7776871fdb33,0xe069cb01d06ba617bcdf789bf2ff0d5e5ca20c71,erc20,0.6406323662741016,WETH,0xc02aaa39b223fe8d0a0e5c4f27ead9083c756cc2,0x6c785d0fff2c37b9c45400e7bb3140707779228dd790da1c99d0d07bbe21a545,1612979250,candidate_layering
0xb270176ba6075196df88b855c3ec7776871fdb33,0x6fc1b3e4aeb54772d0cb96f5acb4c60e70c29ab9,erc20,3.9487683142697922,TORN,0x77777feddddffc19ff86db637967013e6c6a116c,0xd1e02c6efdb1dc508d90144fe06fc5ceefb3d8b8fb8e9c9a51da0e22d1dded29,1612980037,candidate_layering
0xb270176ba6075196df88b855c3ec7776871fdb33,0xfa8c3f98debf3d0a192e2edf9182352332def35c,erc20,0.2597754511236684,WETH,0xc02aaa39b223fe8d0a0e5c4f27ead9083c756cc2,0xe94dfa35e4e2239e0a793ee1050f72f4b6bc909f161ec55dda29f7390a2a960e,1612982189,candidate_layering
0xb270176ba6075196df88b855c3ec7776871fdb33,0x8b8d7522e80fdd1dc2b59dfd5562b68b2cb11d90,erc20,2.0048777576343513,TORN,0x77777feddddffc19ff86db637967013e6c6a116c,0x7f1341294238f18c31f90b87eb7500b6cf3b1d7c9d3dc06b1f581d820e608d82,1612984328,candidate_layering
0xb270176ba6075196df88b855c3ec7776871fdb33,0xdef1c0ded9bec7f1a1670819833240f027b25eff,erc20,0.1450307837103428,WETH,0xc02aaa39b223fe8d0a0e5c4f27ead9083c756cc2,0x49d417a89364871faa16145e2db529cdbd393459ff4cbf7d765809e8534e90f5,1612985093,candidate_layering
0xb270176ba6075196df88b855c3ec7776871fdb33,0x74de5d4fcbf63e00296fd95d33236b9794016631,erc20,0.07601086486938705,TORN,0x77777feddddffc19ff86db637967013e6c6a116c,0xaa954b8c34a89d13145d54eaab59d45240d487fb655f76569de383e5b0516cb5,1612986579,candidate_layering
0xb270176ba6075196df88b855c3ec7776871fdb33,0xe069cb01d06ba617bcdf789bf2ff0d5e5ca20c71,erc20,7.120123433979458,TORN,0x77777feddddffc19ff86db637967013e6c6a116c,0x15ccf42ac541738394d0e7a05387969d712ad08d0cccbc566cc3c469cacf2a9e,1612990997,candidate_layering
0xb270176ba6075196df88b855c3ec7776871fdb33,0xb17b1342579e4bce6b6e9a426092ea57d33843d9,erc20,0.7800277735990833,WETH,0xc02aaa39b223fe8d0a0e5c4f27ead9083c756cc2,0x494dbc39930759dc2894df9ef8547c5dad273efddf032f3867d4ed5a8c9018bf,1612991545,candidate_layering
0xb270176ba6075196df88b855c3ec7776871fdb33,0xd9e1ce17f2641f24ae83637ab66a2cca9c378b9f,erc20,0.25668209200783937,WETH,0xc02aaa39b223fe8d0a0e5c4f27ead9083c756cc2,0xf133d359bb67730ddea970103ef515ceb02f60b5893dc441173ac31a4487b725,1612992591,candidate_layering
0xb270176ba6075196df88b855c3ec7776871fdb33,0x0000000000000000000000000000000000000000,erc20,9.941496642429291,SLP,0xb270176ba6075196df88b855c3ec7776871fdb33,0x58c5fbac6cc3f6ed623937498cd10edf738d19c7c15927d7a2314e178dfb9676,1612993093,candidate_layering
0xb270176ba6075196df88b855c3ec7776871fdb33,0x09641015fb8b08388a7367b946e634d37dddffaa,erc20,28.5394063946597,TORN,0x77777feddddffc19ff86db637967013e6c6a116c,0x58c5fbac6cc3f6ed623937498cd10edf738d19c7c15927d7a2314e178dfb9676,1612993093,candidate_layering
0xb270176ba6075196df88b855c3ec7776871fdb33,0x09641015fb8b08388a7367b946e634d37dddffaa,erc20,3.691491519323853,WETH,0xc02aaa39b223fe8d0a0e5c4f27ead9083c756cc2,0x58c5fbac6cc3f6ed623937498cd10edf738d19c7c15927d7a2314e178dfb9676,1612993093,candidate_layering
0xb270176ba6075196df88b855c3ec7776871fdb33,0xd9e1ce17f2641f24ae83637ab66a2cca9c378b9f,erc20,0.2575635661746446,WETH,0xc02aaa39b223fe8d0a0e5c4f27ead9083c756cc2,0x36eec20ff7762e79b95b2bfe50a84566b234192745a60f41aa60d0dac8ed54cf,1612993461,candidate_layering
0xb270176ba6075196df88b855c3ec7776871fdb33,0x000000000000006f6502b7f2bbac8c30a3f67e9a,erc20,2.0349741256997644,WETH,0xc02aaa39b223fe8d0a0e5c4f27ead9083c756cc2,0x6ea25ce1b1633967d61fdd62f079adeceb69a55f22630d118c6441f208c3397b,1612993557,candidate_layering
0xb270176ba6075196df88b855c3ec7776871fdb33,0x860bd2dba9cd475a61e6d1b45e16c365f6d78f66,erc20,3.0353999423588136,WETH,0xc02aaa39b223fe8d0a0e5c4f27ead9083c756cc2,0xc92be8bec64dc0631cdefe19c2d4d8cdba39cb8d969eac0940c471645d96ed82,1612993722,candidate_layering
0xb270176ba6075196df88b855c3ec7776871fdb33,0x0000000000000000000000000000000000000000,erc20,18.851587802036043,SLP,0xb270176ba6075196df88b855c3ec7776871fdb33,0x8b5639ace50a717586a6e9329c7ec9ffc46f27a4a09741e416d9ce3c47490486,1612994216,candidate_layering
0xb270176ba6075196df88b855c3ec7776871fdb33,0xe76d6b70421ad42c46225ff5c9d92eb5e53428dd,erc20,55.70693816868824,TORN,0x77777feddddffc19ff86db637967013e6c6a116c,0x8b5639ace50a717586a6e9329c7ec9ffc46f27a4a09741e416d9ce3c47490486,1612994216,candidate_layering
0xb270176ba6075196df88b855c3ec7776871fdb33,0xe76d6b70421ad42c46225ff5c9d92eb5e53428dd,erc20,6.800816644524893,WETH,0xc02aaa39b223fe8d0a0e5c4f27ead9083c756cc2,0x8b5639ace50a717586a6e9329c7ec9ffc46f27a4a09741e416d9ce3c47490486,1612994216,candidate_layering
0xb270176ba6075196df88b855c3ec7776871fdb33,0xe069cb01d06ba617bcdf789bf2ff0d5e5ca20c71,erc20,18.304308346311405,TORN,0x77777feddddffc19ff86db637967013e6c6a116c,0xc420dd9b31a31edf34a51a730243fd0f60fa881f20d6f7b2e7c0013fa28c76c6,1612994671,candidate_layering
0xb270176ba6075196df88b855c3ec7776871fdb33,0xe069cb01d06ba617bcdf789bf2ff0d5e5ca20c71,erc20,1.2501004750246327,WETH,0xc02aaa39b223fe8d0a0e5c4f27ead9083c756cc2,0x9be6595d0494c3983b913767c1b4f5f4300b42dfc1517af4b9159692cc489240,1612995230,candidate_layering
0xb270176ba6075196df88b855c3ec7776871fdb33,0xe069cb01d06ba617bcdf789bf2ff0d5e5ca20c71,erc20,8.034861250703273,TORN,0x77777feddddffc19ff86db637967013e6c6a116c,0x946b7bd3e041d74ed6a8c1bea2a08b0e009f9a5b99db5cbb6b1d2946c3899394,1612995486,candidate_layering
0xb270176ba6075196df88b855c3ec7776871fdb33,0xe24d0bbb74afee53f45e2279a11562656743814f,erc20,1.5966794187659257,TORN,0x77777feddddffc19ff86db637967013e6c6a116c,0xe550fe8a012f28458c2cfd13fa64cdfd8a2bcf4f9722bf9caf06a1f4a219f93a,1612995767,candidate_layering
0xb270176ba6075196df88b855c3ec7776871fdb33,0x20ed35c9c9e9a99bb02c4642bb212a762777d961,erc20,1.1952759782840967,TORN,0x77777feddddffc19ff86db637967013e6c6a116c,0xfc25150e7108b136694d4fabb93881a5f19e7f9fca93092e8e5d10893b85aa6f,1612995908,candidate_layering
0xb270176ba6075196df88b855c3ec7776871fdb33,0xe069cb01d06ba617bcdf789bf2ff0d5e5ca20c71,erc20,11.064571665717182,TORN,0x77777feddddffc19ff86db637967013e6c6a116c,0x2ac6ba8020d8284fe0e03295b39b990f59feb5199bb28989e2334af24cb45d99,1612995988,candidate_layering
0xb270176ba6075196df88b855c3ec7776871fdb33,0x22f9dcf4647084d6c31b2765f6910cd85c178c18,erc20,1.5374880363555354,WETH,0xc02aaa39b223fe8d0a0e5c4f27ead9083c756cc2,0xbe70d78535fcef5eafcdf108c9378a1bbd8a26d3bbd6d7a041d562975f882219,1612996370,candidate_layering
0xb270176ba6075196df88b855c3ec7776871fdb33,0xe069cb01d06ba617bcdf789bf2ff0d5e5ca20c71,erc20,3.1793767188191184,WETH,0xc02aaa39b223fe8d0a0e5c4f27ead9083c756cc2,0x067bff6f245c35d01ceff83219c50c22ffc910642b463596004990d8bf52d70b,1612996732,candidate_layering
0xb270176ba6075196df88b855c3ec7776871fdb33,0xf69bdc03fddb5150903faef0bad973e78bf3bdf1,erc20,10.49318450868946,TORN,0x77777feddddffc19ff86db637967013e6c6a116c,0x05fad5b0c774b40e84f3201860d67b27d7d207e16d464fe2e0e519f6ed1ea3f5,1612996791,candidate_layering
0xb270176ba6075196df88b855c3ec7776871fdb33,0x0000000000000000000000000000000000000000,erc20,59.684890557895066,SLP,0xb270176ba6075196df88b855c3ec7776871fdb33,0xde9b9dccee88ce8765e4f6e2911761e06f9d0eaccdce0b40bfd1dd459ba92925,1612996822,candidate_layering
0xb270176ba6075196df88b855c3ec7776871fdb33,0x4f9582763d17ab5fb410c5d07f373e46111d8d41,erc20,176.086155083607,TORN,0x77777feddddffc19ff86db637967013e6c6a116c,0xde9b9dccee88ce8765e4f6e2911761e06f9d0eaccdce0b40bfd1dd459ba92925,1612996822,candidate_layering
0xb270176ba6075196df88b855c3ec7776871fdb33,0x4f9582763d17ab5fb410c5d07f373e46111d8d41,erc20,21.569954867065196,WETH,0xc02aaa39b223fe8d0a0e5c4f27ead9083c756cc2,0xde9b9dccee88ce8765e4f6e2911761e06f9d0eaccdce0b40bfd1dd459ba92925,1612996822,candidate_layering
0xb270176ba6075196df88b855c3ec7776871fdb33,0x0c722a487876989af8a05fffb6e32e45cc23fb3a,erc20,26.962510258853865,TORN,0x77777feddddffc19ff86db637967013e6c6a116c,0x27ab43a47b48b390abc407ae99358cdb6245b0a6425902bf6c57cc66ccc68a8d,1612996875,candidate_layering
0xb270176ba6075196df88b855c3ec7776871fdb33,0x860bd2dba9cd475a61e6d1b45e16c365f6d78f66,erc20,3.717167821931941,WETH,0xc02aaa39b223fe8d0a0e5c4f27ead9083c756cc2,0x838d197207e7a289f16d580cd5e555269dd5e0921b76cf3bd7a8ead13712b560,1612998095,candidate_layering
0xb270176ba6075196df88b855c3ec7776871fdb33,0xad81e01b66d69f45d557d93bc746bfc3db85bcae,erc20,20.108555410190675,TORN,0x77777feddddffc19ff86db637967013e6c6a116c,0x428eba134b7221bfa853d27a1a9bd4b3a06687f37ed97fc63b14d1803404689b,1612998537,candidate_layering
0xb270176ba6075196df88b855c3ec7776871fdb33,0xe069cb01d06ba617bcdf789bf2ff0d5e5ca20c71,erc20,8.638932366419082,WETH,0xc02aaa39b223fe8d0a0e5c4f27ead9083c756cc2,0x8b583cdd070ee6ed43920ce9878d6e7f43a93c198adccaf3a311b81df27b6a20,1612999768,candidate_layering
0xb270176ba6075196df88b855c3ec7776871fdb33,0x384bfb7db2e58c02dd68c8d584ba639fe4308704,erc20,22.273670981885232,TORN,0x77777feddddffc19ff86db637967013e6c6a116c,0x5b6df13dbfb128e5fcef226649bd3e6980ef077414a80b0da0ce6e7b12857e8e,1613000076,candidate_layering
0xb270176ba6075196df88b855c3ec7776871fdb33,0xe069cb01d06ba617bcdf789bf2ff0d5e5ca20c71,erc20,31.78032881174033,TORN,0x77777feddddffc19ff86db637967013e6c6a116c,0x13ed11fd6b35d34d24ceabc54581186f099521183defbc48c22e6dec83996fe2,1613000152,candidate_layering
0xb270176ba6075196df88b855c3ec7776871fdb33,0xbfc530fe1ec08d4cdd40efca5a419ba9094d68f7,erc20,8.089814032363345,TORN,0x77777feddddffc19ff86db637967013e6c6a116c,0x6d8d5a32513ab81cacd53cd9357220e3df145b5bbcf0ec3e72d65a2f09d0a135,1613000378,candidate_layering
0xb270176ba6075196df88b855c3ec7776871fdb33,0x0000000000438f975cbde76d5fdd1aa76be46577,erc20,2.2540138695472116,WETH,0xc02aaa39b223fe8d0a0e5c4f27ead9083c756cc2,0x9358fe94205cf4084e56b58b18bf04303168ed682ebf0d78332068f28ad67e20,1613000808,candidate_layering
0xb270176ba6075196df88b855c3ec7776871fdb33,0xbefeaa0335d842b31053b091d5e2ba5d6a696dbe,erc20,1.313897927997223,WETH,0xc02aaa39b223fe8d0a0e5c4f27ead9083c756cc2,0xa1b1b45d95bacb7f9aa3bb8d661d9fd5ed848e0276cb3807933afd7ec0d4dbb6,1613001054,candidate_layering
0xb270176ba6075196df88b855c3ec7776871fdb33,0xe24d0bbb74afee53f45e2279a11562656743814f,erc20,1.0048669427912476,TORN,0x77777feddddffc19ff86db637967013e6c6a116c,0x24bcd4d4e6677b1163fcec8701fd809cd493d2fa71de080ef92c76d7f1af14ae,1613001109,candidate_layering
0xb270176ba6075196df88b855c3ec7776871fdb33,0x0000000000000000000000000000000000000000,erc20,1.0450283903896695,SLP,0xb270176ba6075196df88b855c3ec7776871fdb33,0x31d1010dcf262c37c4f8468bda1704a9649f286bd9fd6be710f98c52bd0867f3,1613001723,candidate_layering
0xb270176ba6075196df88b855c3ec7776871fdb33,0x3d16451a4b73e778bfec126025ba79716a17e32d,erc20,3.1281454525103025,TORN,0x77777feddddffc19ff86db637967013e6c6a116c,0x31d1010dcf262c37c4f8468bda1704a9649f286bd9fd6be710f98c52bd0867f3,1613001723,candidate_layering
0xb270176ba6075196df88b855c3ec7776871fdb33,0x3d16451a4b73e778bfec126025ba79716a17e32d,erc20,0.37239247176164614,WETH,0xc02aaa39b223fe8d0a0e5c4f27ead9083c756cc2,0x31d1010dcf262c37c4f8468bda1704a9649f286bd9fd6be710f98c52bd0867f3,1613001723,candidate_layering
0xb270176ba6075196df88b855c3ec7776871fdb33,0x74de5d4fcbf63e00296fd95d33236b9794016631,erc20,8.253288303944679,TORN,0x77777feddddffc19ff86db637967013e6c6a116c,0x05c7827e8be8818f6df795ef78fdaa4a840bba64db5eb1a96cc878ebf904b142,1613001958,candidate_layering
0xb270176ba6075196df88b855c3ec7776871fdb33,0xad81e01b66d69f45d557d93bc746bfc3db85bcae,erc20,20.394100066007212,TORN,0x77777feddddffc19ff86db637967013e6c6a116c,0x16d88734697f26809eb631ac5d0fefe64969bd035a2ca7e9e0150a4d9971d0ab,1613002252,candidate_layering
0xb270176ba6075196df88b855c3ec7776871fdb33,0x22f9dcf4647084d6c31b2765f6910cd85c178c18,erc20,2.1728307840807175,WETH,0xc02aaa39b223fe8d0a0e5c4f27ead9083c756cc2,0x6a13efe403815c949eff94cdd8a944bdc873f9e27c21127e1b79b87faacfeb30,1613002333,candidate_layering
0xb270176ba6075196df88b855c3ec7776871fdb33,0xd9e1ce17f2641f24ae83637ab66a2cca9c378b9f,erc20,2.024762477468787,WETH,0xc02aaa39b223fe8d0a0e5c4f27ead9083c756cc2,0x7c530febfa3984537c5c0ff9e0f9327ed603c4132bdc2c930a71faddd5b2e087,1613003888,candidate_layering
0xb270176ba6075196df88b855c3ec7776871fdb33,0x860bd2dba9cd475a61e6d1b45e16c365f6d78f66,erc20,30.71515698994946,TORN,0x77777feddddffc19ff86db637967013e6c6a116c,0xf772f7215627eb8059db3b9292c900a1517b5fc3a33b9de96b103a118f78e278,1613004129,candidate_layering
0xb270176ba6075196df88b855c3ec7776871fdb33,0xe069cb01d06ba617bcdf789bf2ff0d5e5ca20c71,erc20,24.635197613405307,TORN,0x77777feddddffc19ff86db637967013e6c6a116c,0x79114f8569e59a711e52b2c800e7718912cf4a4f40caa7c3a97b8c807c3c3ecf,1613004605,candidate_layering
0xb270176ba6075196df88b855c3ec7776871fdb33,0x74de5d4fcbf63e00296fd95d33236b9794016631,erc20,3.0490504330232233,TORN,0x77777feddddffc19ff86db637967013e6c6a116c,0xddebeda3458e61a981d3469f3ae53cef7378e004c3464dd6da1bfeb00ab74104,1613005404,candidate_layering
0xb270176ba6075196df88b855c3ec7776871fdb33,0x860bd2dba9cd475a61e6d1b45e16c365f6d78f66,erc20,36.99960770415385,TORN,0x77777feddddffc19ff86db637967013e6c6a116c,0x721080d07b889a78a4f03445257f69cc44977804cbb999b499f33858d58cdaf9,1613006194,candidate_layering
0xb270176ba6075196df88b855c3ec7776871fdb33,0x0000000000000000000000000000000000000000,erc20,237.91785117301112,SLP,0xb270176ba6075196df88b855c3ec7776871fdb33,0x7990eb94159a236010bb0cfc9c7cd6b0511f12044aa3790bf27a134a77e9542a,1613006265,candidate_layering
0xb270176ba6075196df88b855c3ec7776871fdb33,0xacba954a83dea5d5ae37afad29bc7c76ca24dd98,erc20,674.8847778936074,TORN,0x77777feddddffc19ff86db637967013e6c6a116c,0x7990eb94159a236010bb0cfc9c7cd6b0511f12044aa3790bf27a134a77e9542a,1613006265,candidate_layering
0xb270176ba6075196df88b855c3ec7776871fdb33,0xacba954a83dea5d5ae37afad29bc7c76ca24dd98,erc20,89.48857078910933,WETH,0xc02aaa39b223fe8d0a0e5c4f27ead9083c756cc2,0x7990eb94159a236010bb0cfc9c7cd6b0511f12044aa3790bf27a134a77e9542a,1613006265,candidate_layering
0xb270176ba6075196df88b855c3ec7776871fdb33,0xe069cb01d06ba617bcdf789bf2ff0d5e5ca20c71,erc20,2.997782823606145,TORN,0x77777feddddffc19ff86db637967013e6c6a116c,0xc6f179eaf67cf3fda58f7678a8c346bb06b0c73faee6759ebd17b46a6d432a2f,1613007883,candidate_layering
0xb270176ba6075196df88b855c3ec7776871fdb33,0x860bd2dba9cd475a61e6d1b45e16c365f6d78f66,erc20,25.755977057925627,TORN,0x77777feddddffc19ff86db637967013e6c6a116c,0x02f4b4f47492f0be0fefbc5f4867054301b9f886a35de5c7675b82ec984341c6,1613008559,candidate_layering
0xb270176ba6075196df88b855c3ec7776871fdb33,0x000000002605006ff4ad30ac969f0726821ebd7c,erc20,2.11876929816904,WETH,0xc02aaa39b223fe8d0a0e5c4f27ead9083c756cc2,0x5a93f23371d1f70ba4029eda242ce6aa8dcae8fd40b5a92619ae1e7a1286d567,1613008561,candidate_layering
0xb270176ba6075196df88b855c3ec7776871fdb33,0x6cb3e907a0fce5b0053383518f2d60c0ebd9924b,erc20,5.441847509460257,TORN,0x77777feddddffc19ff86db637967013e6c6a116c,0x32f90b8ab8762961a6a895f056714ab9284445ee0e1200a2fd4bc5631e2aa876,1613009608,candidate_layering
0xb270176ba6075196df88b855c3ec7776871fdb33,0xe069cb01d06ba617bcdf789bf2ff0d5e5ca20c71,erc20,0.8647422359551784,TORN,0x77777feddddffc19ff86db637967013e6c6a116c,0x6399c89c06fc2e78645bf666bc65a921974ff07c2d346f92e70f9beffc3289da,1613010145,candidate_layering
0xb270176ba6075196df88b855c3ec7776871fdb33,0x0c722a487876989af8a05fffb6e32e45cc23fb3a,erc20,20.796786603873265,TORN,0x77777feddddffc19ff86db637967013e6c6a116c,0x7e569a2c5cc013840ba68629c302966ca30e5400cb79de7ded5f87c7ac14b019,1613010376,candidate_layering
0xb270176ba6075196df88b855c3ec7776871fdb33,0x384bfb7db2e58c02dd68c8d584ba639fe4308704,erc20,2.615982385963072,WETH,0xc02aaa39b223fe8d0a0e5c4f27ead9083c756cc2,0x68a568f860094e483074b799765118b43c685c68949ef2b3f195f979d5efb8fd,1613010658,candidate_layering
0xb270176ba6075196df88b855c3ec7776871fdb33,0x78a55b9b3bbeffb36a43d9905f654d2769dc55e8,erc20,29.918538508315017,TORN,0x77777feddddffc19ff86db637967013e6c6a116c,0x0e515be2cefb1baf887abd477d535579f53bd3b1e87058a0539816738c1f0f5a,1613010696,candidate_layering
0xb270176ba6075196df88b855c3ec7776871fdb33,0xeb5d3a91b5e721fa251e03bda2c9578e90f30f84,erc20,26.363027991343493,TORN,0x77777feddddffc19ff86db637967013e6c6a116c,0x78691fcbdbee98e73dd683b161a3303d72f258e4f76518aa120734ccfdf53e78,1613010696,candidate_layering
0xb270176ba6075196df88b855c3ec7776871fdb33,0x0000000000007f150bd6f54c40a34d7c3d5e9f56,erc20,3.6240654576299627,WETH,0xc02aaa39b223fe8d0a0e5c4f27ead9083c756cc2,0x81ef8fb31e5f2e25bfffb367426a4d105d7950b3a78d9a9ac28d50a8df1ccf02,1613010697,candidate_layering
0xb270176ba6075196df88b855c3ec7776871fdb33,0xe069cb01d06ba617bcdf789bf2ff0d5e5ca20c71,erc20,15.70785698759428,TORN,0x77777feddddffc19ff86db637967013e6c6a116c,0xa3a7c0ba6b63bd9b2080e8a6a4899247377ec89b46bd3e05264445c602c96e9e,1613010802,candidate_layering
0xb270176ba6075196df88b855c3ec7776871fdb33,0x393e0000cc906900d800a91b9830380028eebfc6,erc20,2.8225802590063345,WETH,0xc02aaa39b223fe8d0a0e5c4f27ead9083c756cc2,0x9206ffb1b729aa559d84f6e5b21dcf98522f83314d554441c4d94329a0eac184,1613010802,candidate_layering
0xb270176ba6075196df88b855c3ec7776871fdb33,0xf26e5b93453a69a0297dc66e7bbd750d2b28160b,erc20,12.046869177666665,TORN,0x77777feddddffc19ff86db637967013e6c6a116c,0x57df41828359e8fd4fd0712785218172fe97c0cd85c4a5c46a724d5d50357330,1613010972,candidate_layering
0xb270176ba6075196df88b855c3ec7776871fdb33,0x0000000000438f975cbde76d5fdd1aa76be46577,erc20,0.545130131351162,WETH,0xc02aaa39b223fe8d0a0e5c4f27ead9083c756cc2,0x2289118744891eefeea16b454434b691a8d5eda8f9f1ff3c5f1c3be1710687a2,1613010974,candidate_layering
0xb270176ba6075196df88b855c3ec7776871fdb33,0x000000000000006f6502b7f2bbac8c30a3f67e9a,erc20,2.289541348914636,WETH,0xc02aaa39b223fe8d0a0e5c4f27ead9083c756cc2,0x2a8fd0d150037873313bf91dc075b927873f51743da547f290d4d534a1553784,1613011079,candidate_layering
0xb270176ba6075196df88b855c3ec7776871fdb33,0x384bfb7db2e58c02dd68c8d584ba639fe4308704,erc20,20.577515690936803,TORN,0x77777feddddffc19ff86db637967013e6c6a116c,0x87e026765303421fd71e5d5e516fa8a93ae5644748972cc3457ae79266453716,1613011079,candidate_layering
0xb270176ba6075196df88b855c3ec7776871fdb33,0x47b47cf8f4762f2a2850e5560eb911472e9dd55a,erc20,5.442403171185103,TORN,0x77777feddddffc19ff86db637967013e6c6a116c,0x52439b9a51b0184325a70637c143b214635800d47f18a96731b29ebc0937913d,1613011415,candidate_layering
0xb270176ba6075196df88b855c3ec7776871fdb33,0x0000000000438f975cbde76d5fdd1aa76be46577,erc20,2.1473112032026433,WETH,0xc02aaa39b223fe8d0a0e5c4f27ead9083c756cc2,0x7425945f858dbe8b2ecab36ad20d3a3a252a9b376353a01e0c0db467d5d7d1a4,1613011429,candidate_layering
0xb270176ba6075196df88b855c3ec7776871fdb33,0xe069cb01d06ba617bcdf789bf2ff0d5e5ca20c71,erc20,2.6105311345207456,TORN,0x77777feddddffc19ff86db637967013e6c6a116c,0x12edaa5394e6f8d5a2392bcd982a8a708f2a5c937d6417e904de6fecf853b7f8,1613011965,candidate_layering
0xb270176ba6075196df88b855c3ec7776871fdb33,0x860bd2dba9cd475a61e6d1b45e16c365f6d78f66,erc20,2.4725962270915334,WETH,0xc02aaa39b223fe8d0a0e5c4f27ead9083c756cc2,0x37936deedeed872a7b66ff6dbaf6d6e14e55171f6491bac96520baf8bec2b462,1613013105,candidate_layering
0xb270176ba6075196df88b855c3ec7776871fdb33,0x0c722a487876989af8a05fffb6e32e45cc23fb3a,erc20,11.11764643515232,TORN,0x77777feddddffc19ff86db637967013e6c6a116c,0x7b73e0901bccc8d82aa3a8be82986ec23af26f534799ba8bf510a4db11a872c9,1613013151,candidate_layering
0xb270176ba6075196df88b855c3ec7776871fdb33,0xe069cb01d06ba617bcdf789bf2ff0d5e5ca20c71,erc20,6.707521819513668,TORN,0x77777feddddffc19ff86db637967013e6c6a116c,0xa630b9e55e70e02e99022d54b11fe5f73cbb48d0fc09bb69d62bbf74f2bfe750,1613014076,candidate_layering
0xb270176ba6075196df88b855c3ec7776871fdb33,0x000000000a2daefe11b26dcdaecde7d33ad03e9d,erc20,1.504572703228751,WETH,0xc02aaa39b223fe8d0a0e5c4f27ead9083c756cc2,0xc7b6d7e4fa03706d352171fa3a9376758d00117edb7f94d691b27f3ca676c753,1613015503,candidate_layering
0xb270176ba6075196df88b855c3ec7776871fdb33,0xc68ca205c01e9cf30c26c36e061d071936433fd5,erc20,3.902294542258352,TORN,0x77777feddddffc19ff86db637967013e6c6a116c,0x7658d91a5e3a3c759d158a1a1eda8c18925e44b0a41651d358c4b910927f021a,1613016238,candidate_layering
0xb270176ba6075196df88b855c3ec7776871fdb33,0xe069cb01d06ba617bcdf789bf2ff0d5e5ca20c71,erc20,6.701598607341588,TORN,0x77777feddddffc19ff86db637967013e6c6a116c,0xd4020bf2ada5508296f0f59cd5080e7beef983e6f56aad5f505472a44ac3b62d,1613016320,candidate_layering
0xb270176ba6075196df88b855c3ec7776871fdb33,0x0000000000000000000000000000000000000000,erc20,1.554924403344326,SLP,0xb270176ba6075196df88b855c3ec7776871fdb33,0x9664c84b22fc545d6773b69c754ef35b3857de3e183152022e2af3d95b70f131,1613016596,candidate_layering
0xb270176ba6075196df88b855c3ec7776871fdb33,0xaa9e20bab58d013220d632874e9fe44f8f971e4d,erc20,4.152147942220268,TORN,0x77777feddddffc19ff86db637967013e6c6a116c,0x9664c84b22fc545d6773b69c754ef35b3857de3e183152022e2af3d95b70f131,1613016596,candidate_layering
0xb270176ba6075196df88b855c3ec7776871fdb33,0xaa9e20bab58d013220d632874e9fe44f8f971e4d,erc20,0.6217964935357361,WETH,0xc02aaa39b223fe8d0a0e5c4f27ead9083c756cc2,0x9664c84b22fc545d6773b69c754ef35b3857de3e183152022e2af3d95b70f131,1613016596,candidate_layering
0xb270176ba6075196df88b855c3ec7776871fdb33,0x0000000000000000000000000000000000000000,erc20,10.844376148275437,SLP,0xb270176ba6075196df88b855c3ec7776871fdb33,0xfc1669c0c27a4b2750edd5c96aca53097e321fd50e09a8bd652278d889561046,1613017735,candidate_layering
0xb270176ba6075196df88b855c3ec7776871fdb33,0xe8b60b147990023367408d904d2b081b4304f1e0,erc20,28.95796992566297,TORN,0x77777feddddffc19ff86db637967013e6c6a116c,0xfc1669c0c27a4b2750edd5c96aca53097e321fd50e09a8bd652278d889561046,1613017735,candidate_layering
0xb270176ba6075196df88b855c3ec7776871fdb33,0xe8b60b147990023367408d904d2b081b4304f1e0,erc20,4.336542052512282,WETH,0xc02aaa39b223fe8d0a0e5c4f27ead9083c756cc2,0xfc1669c0c27a4b2750edd5c96aca53097e321fd50e09a8bd652278d889561046,1613017735,candidate_layering
0xb270176ba6075196df88b855c3ec7776871fdb33,0x91baf383abc0c332a69a73041c866f6761a90b3c,erc20,3.077167905065132,WETH,0xc02aaa39b223fe8d0a0e5c4f27ead9083c756cc2,0x5072d633fe5f7ceaffe792532fd68ea178b1268c29bf6328d402638dd3040cfe,1613017898,candidate_layering
0xb270176ba6075196df88b855c3ec7776871fdb33,0x0000000000007f150bd6f54c40a34d7c3d5e9f56,erc20,14.776843660726419,TORN,0x77777feddddffc19ff86db637967013e6c6a116c,0x1ff1066496e0a44f128b62126a636bbb3d68a3663f0b00214ff87012f6d58e4c,1613017899,candidate_layering
0xb270176ba6075196df88b855c3ec7776871fdb33,0x3700006fbcde59a8b3af2c134d00e9530000e379,erc20,1.8716250473702627,WETH,0xc02aaa39b223fe8d0a0e5c4f27ead9083c756cc2,0xac7dc0a2fa4d59de725b75d332aea3767583beac1fff98a8ed1c2f94fa92ce0d,1613020243,candidate_layering
0xb270176ba6075196df88b855c3ec7776871fdb33,0xe069cb01d06ba617bcdf789bf2ff0d5e5ca20c71,erc20,8.615481725543289,WETH,0xc02aaa39b223fe8d0a0e5c4f27ead9083c756cc2,0x845e20c47558b5b210386a9b11fe147c4cac55e9d613cab0212282310beffb17,1613020848,candidate_layering
0xb270176ba6075196df88b855c3ec7776871fdb33,0x0c722a487876989af8a05fffb6e32e45cc23fb3a,erc20,16.491476505959074,TORN,0x77777feddddffc19ff86db637967013e6c6a116c,0x50f92f5c02172ba3b060593a3d87dcedcb54baa4785d4f894f8f1d312da6a6f4,1613020889,candidate_layering
0xb270176ba6075196df88b855c3ec7776871fdb33,0x000000000000006f6502b7f2bbac8c30a3f67e9a,erc20,16.761190087832038,TORN,0x77777feddddffc19ff86db637967013e6c6a116c,0x8c9f5036d4cb20f089ed1404809abaae1fa53a26824952278a608651f6302a9d,1613020924,candidate_layering
0xb270176ba6075196df88b855c3ec7776871fdb33,0xe069cb01d06ba617bcdf789bf2ff0d5e5ca20c71,erc20,0.6906597430169624,TORN,0x77777feddddffc19ff86db637967013e6c6a116c,0x374f9db40590d30785e216800fec31cce86616e12e85e3880957b27b96feea03,1613021113,candidate_layering
0xb270176ba6075196df88b855c3ec7776871fdb33,0xe069cb01d06ba617bcdf789bf2ff0d5e5ca20c71,erc20,70.31477242436499,TORN,0x77777feddddffc19ff86db637967013e6c6a116c,0x1006f68c4dfd8d538d743b46d4ec1edf64fc41581ed65659b36fe9484d4a8502,1613021118,candidate_layering
0xb270176ba6075196df88b855c3ec7776871fdb33,0x9e372c76698f54f769637277650d5b9f998e0e43,erc20,5.399769311249421,WETH,0xc02aaa39b223fe8d0a0e5c4f27ead9083c756cc2,0x422bcc2f2bc44c730ab5ca39ba4b72c34b5ca4f1eaf26d07038eb4cf150a94ab,1613021118,candidate_layering
0xb270176ba6075196df88b855c3ec7776871fdb33,0x5dc60bc57d7846eeb5c046345950c69224c83b6e,erc20,2.3029979293835443,WETH,0xc02aaa39b223fe8d0a0e5c4f27ead9083c756cc2,0x3982ab8a782534c56b548511269355a4f7b47d548fd67ea109416d976d58bb13,1613021235,candidate_layering
0xb270176ba6075196df88b855c3ec7776871fdb33,0xa23cfbdb35cb9461de490a86ddce30653bd00c8c,erc20,3.522747401278313,TORN,0x77777feddddffc19ff86db637967013e6c6a116c,0x3a6a64a2367819c1e59c9334f59e30aa6676d9fba563b7799c043876d7d21c60,1613021341,candidate_layering
0xb270176ba6075196df88b855c3ec7776871fdb33,0xe069cb01d06ba617bcdf789bf2ff0d5e5ca20c71,erc20,3.4248328410026128,WETH,0xc02aaa39b223fe8d0a0e5c4f27ead9083c756cc2,0x30c4c38768ef05127046a6d74d23060177e22f54db4c90c2e672e4b9539265d9,1613021523,candidate_layering
0xb270176ba6075196df88b855c3ec7776871fdb33,0x384bfb7db2e58c02dd68c8d584ba639fe4308704,erc20,15.728435472848474,TORN,0x77777feddddffc19ff86db637967013e6c6a116c,0x1509fc1452d0ae2e40bb2cc99c0c48a65f1816f887d01d149999ca2dc6c02df6,1613022238,candidate_layering
0xb270176ba6075196df88b855c3ec7776871fdb33,0xe069cb01d06ba617bcdf789bf2ff0d5e5ca20c71,erc20,2.1015020053523523,WETH,0xc02aaa39b223fe8d0a0e5c4f27ead9083c756cc2,0x383bb7bbb4f478217fc995cd98a8ec98bf13b838053913a1b632585536e7d314,1613022999,candidate_layering
0xb270176ba6075196df88b855c3ec7776871fdb33,0xe069cb01d06ba617bcdf789bf2ff0d5e5ca20c71,erc20,20.688077242564898,TORN,0x77777feddddffc19ff86db637967013e6c6a116c,0xf488414dcfd4ada8fdb558243e25d80c2c0ccc3b2f6f453b8c4b826739d146f9,1613024697,candidate_layering
0xb270176ba6075196df88b855c3ec7776871fdb33,0xd9e1ce17f2641f24ae83637ab66a2cca9c378b9f,erc20,3.1,WETH,0xc02aaa39b223fe8d0a0e5c4f27ead9083c756cc2,0xb3aeaf7aa76306918bdf7bb1e9dd8e438169e75d3b18e2991abd84ad85447608,1613025252,candidate_layering
0xb270176ba6075196df88b855c3ec7776871fdb33,0x0c722a487876989af8a05fffb6e32e45cc23fb3a,erc20,19.578918982505037,TORN,0x77777feddddffc19ff86db637967013e6c6a116c,0xa7e5580a956234a0352084a508115537cff12dbef98f26c7ac58edd814092d82,1613025252,candidate_layering
0xb270176ba6075196df88b855c3ec7776871fdb33,0xd9e1ce17f2641f24ae83637ab66a2cca9c378b9f,erc20,4.734643228328097,WETH,0xc02aaa39b223fe8d0a0e5c4f27ead9083c756cc2,0x80b7da3f1d489f83da3df276d392a82d1015296a61a4cf03e0e4884f1e6542c6,1613025541,candidate_layering
0xb270176ba6075196df88b855c3ec7776871fdb33,0x78a55b9b3bbeffb36a43d9905f654d2769dc55e8,erc20,33.450334650507834,TORN,0x77777feddddffc19ff86db637967013e6c6a116c,0x2f086412d6acf95405f25083b62a5c67f1f7769903dbd0f1e549073dc29988e8,1613025541,candidate_layering
0xb270176ba6075196df88b855c3ec7776871fdb33,0x000000000000006f6502b7f2bbac8c30a3f67e9a,erc20,15.798194850609889,TORN,0x77777feddddffc19ff86db637967013e6c6a116c,0x37ff5088e970cf7e8afa707e992a8d40fc379b3fb7220308a37d6e363f332631,1613025707,candidate_layering
0xb270176ba6075196df88b855c3ec7776871fdb33,0xdef1c0ded9bec7f1a1670819833240f027b25eff,erc20,1.2343658860608693,WETH,0xc02aaa39b223fe8d0a0e5c4f27ead9083c756cc2,0x2d1891fd414239215b25e59d6e1ea9f8d9b33ce086bc8003f40c901e91ab7fcb,1613025949,candidate_layering
0xb270176ba6075196df88b855c3ec7776871fdb33,0x42be44ca7cde2536af651ec41c5e83213ad7b6c7,erc20,2.0,TORN,0x77777feddddffc19ff86db637967013e6c6a116c,0xab8f90c81cd174933034debd4b184b90f5df624c0bf2d490ac5e833cf210740c,1613026074,candidate_layering
0xb270176ba6075196df88b855c3ec7776871fdb33,0xdef1c0ded9bec7f1a1670819833240f027b25eff,erc20,0.45352246852623196,WETH,0xc02aaa39b223fe8d0a0e5c4f27ead9083c756cc2,0x05b478bbb7430434850ec9007336e7abb56f474e960228896c00b1f1e640ded1,1613026969,candidate_layering
0xb270176ba6075196df88b855c3ec7776871fdb33,0xe069cb01d06ba617bcdf789bf2ff0d5e5ca20c71,erc20,3.7669502314913563,WETH,0xc02aaa39b223fe8d0a0e5c4f27ead9083c756cc2,0x7d1c3dede229344c9aea820e607d8a088341a8a618556bce557fcb28363ac641,1613027476,candidate_layering
0xb270176ba6075196df88b855c3ec7776871fdb33,0xe069cb01d06ba617bcdf789bf2ff0d5e5ca20c71,erc20,2.9007210187499,TORN,0x77777feddddffc19ff86db637967013e6c6a116c,0x5266f6e64f6330f9002512de714d207e5eaaf0f3f70bb53ba90892750a82b68e,1613027623,candidate_layering
0xb270176ba6075196df88b855c3ec7776871fdb33,0x0c722a487876989af8a05fffb6e32e45cc23fb3a,erc20,20.93736629907032,TORN,0x77777feddddffc19ff86db637967013e6c6a116c,0xd6663419a688fd54e689a0927ef1c6d15f3180fed7c651ded3a9dff5b4e934cd,1613027728,candidate_layering
0xb270176ba6075196df88b855c3ec7776871fdb33,0xbf724646cc2a58e8031ea2693d511c3c79fcdd94,erc20,0.1759442984012855,TORN,0x77777feddddffc19ff86db637967013e6c6a116c,0xc85e90285a77472a1a471100aae9bf3d25f22db9b478da1db913ee277e9441dc,1613029254,candidate_layering
0xb270176ba6075196df88b855c3ec7776871fdb33,0xe069cb01d06ba617bcdf789bf2ff0d5e5ca20c71,erc20,4.9364424432217335,TORN,0x77777feddddffc19ff86db637967013e6c6a116c,0x9a3c64cc893e575d3738ba6468304d03a33b8e7842c507fe2aa90226d5e5bae0,1613029327,candidate_layering
0xb270176ba6075196df88b855c3ec7776871fdb33,0x0a121c9aab0a5007d02c2126396ce149e57f2b37,erc20,20.7350134403597,TORN,0x77777feddddffc19ff86db637967013e6c6a116c,0xf99ddbf88d92e1b4e34797ae1f85647b035d0264cc638030088ac7a4c971377d,1613029541,candidate_layering
0xb270176ba6075196df88b855c3ec7776871fdb33,0xd84d55532b231dbb305908bc5a10b8c55ba21e5e,erc20,0.6529511081713156,WETH,0xc02aaa39b223fe8d0a0e5c4f27ead9083c756cc2,0x3763c96d103f63b5e31c32ab42f21762626ce38bc5b504628ddaacc7d266dd85,1613029809,candidate_layering
0xb270176ba6075196df88b855c3ec7776871fdb33,0xc3d03e4f041fd4cd388c549ee2a29a9e5075882f,erc20,1.4402046865685258,WETH,0xc02aaa39b223fe8d0a0e5c4f27ead9083c756cc2,0x8afb45a05ee84cbd1523bc2db568b2f7a6868abdca7eac08dd885e805fb0e0f4,1613030138,candidate_layering
0xb270176ba6075196df88b855c3ec7776871fdb33,0xe069cb01d06ba617bcdf789bf2ff0d5e5ca20c71,erc20,0.1375477350235357,WETH,0xc02aaa39b223fe8d0a0e5c4f27ead9083c756cc2,0x3d991314ecf502c8477d307a35402d3cfe999a7f273e5568c6bb4ebae1da8fe2,1613033308,candidate_layering
0xb270176ba6075196df88b855c3ec7776871fdb33,0xdd7108e2656d42153f8fc70a73c55880e988da99,erc20,19.418803022421063,TORN,0x77777feddddffc19ff86db637967013e6c6a116c,0x23d9839b38a642182848565ebc0dcd5569c889e161f5caa0df4fe8bab8d32c39,1613035252,candidate_layering
0xb270176ba6075196df88b855c3ec7776871fdb33,0x0000000000007f150bd6f54c40a34d7c3d5e9f56,erc20,2.0418328247776905,WETH,0xc02aaa39b223fe8d0a0e5c4f27ead9083c756cc2,0xb237c11658ff951a242564c47d3215f46bf38a984bebde78a193aa2f38d24e71,1613036402,candidate_layering
0xb270176ba6075196df88b855c3ec7776871fdb33,0xe069cb01d06ba617bcdf789bf2ff0d5e5ca20c71,erc20,0.13829137371657463,TORN,0x77777feddddffc19ff86db637967013e6c6a116c,0x83742ac6cfcedf1c51b684fc73706f862070c14a83818e89e353c9e7b811cc4a,1613037287,candidate_layering
0xb270176ba6075196df88b855c3ec7776871fdb33,0xe069cb01d06ba617bcdf789bf2ff0d5e5ca20c71,erc20,2.069021278847855,WETH,0xc02aaa39b223fe8d0a0e5c4f27ead9083c756cc2,0x0c55a2a65e53cbd9cd9805e4adb92b97474fb1dd8f5b5c572cfed9d4674050bb,1613037746,candidate_layering
0xb270176ba6075196df88b855c3ec7776871fdb33,0xe069cb01d06ba617bcdf789bf2ff0d5e5ca20c71,erc20,28.045783430309143,TORN,0x77777feddddffc19ff86db637967013e6c6a116c,0xb6e7e55fce97c54a881998ef0ebe2a1097ac22315a9423b172da6a62dfc307e7,1613040240,candidate_layering
0xb270176ba6075196df88b855c3ec7776871fdb33,0x0000000000438f975cbde76d5fdd1aa76be46577,erc20,2.613824529466474,WETH,0xc02aaa39b223fe8d0a0e5c4f27ead9083c756cc2,0x3322944b478eb9265b5e89f73ab885b4ef14f4aba16e5ac3f635b2f38ac40665,1613040352,candidate_layering
0xb270176ba6075196df88b855c3ec7776871fdb33,0xe069cb01d06ba617bcdf789bf2ff0d5e5ca20c71,erc20,6.923518733925277,TORN,0x77777feddddffc19ff86db637967013e6c6a116c,0xfd407a741976dfb9bde2abd938b5b4ca4f93e787da4b499a8d412c9bce81763a,1613042545,candidate_layering
0xb270176ba6075196df88b855c3ec7776871fdb33,0xc3d03e4f041fd4cd388c549ee2a29a9e5075882f,erc20,1.4328447882020106,WETH,0xc02aaa39b223fe8d0a0e5c4f27ead9083c756cc2,0xc46a140344ace5fd93301a29d9abfbc5fd5dac42558bdac305e69ed00aadf6a1,1613044039,candidate_layering
0xb270176ba6075196df88b855c3ec7776871fdb33,0xe069cb01d06ba617bcdf789bf2ff0d5e5ca20c71,erc20,27.6479819362476,TORN,0x77777feddddffc19ff86db637967013e6c6a116c,0xf7e6cc3324e1d8ccc045ff384346552d4bdf1afb8abeee1c83b99e8e0b3553c9,1613044958,candidate_layering
0xb270176ba6075196df88b855c3ec7776871fdb33,0xe069cb01d06ba617bcdf789bf2ff0d5e5ca20c71,erc20,21.901837240323523,TORN,0x77777feddddffc19ff86db637967013e6c6a116c,0x55a612f346f8b8549476c8b67e91a314f8a3eb943d13807e77ceca27ef98d0b9,1613046055,candidate_layering
0xb270176ba6075196df88b855c3ec7776871fdb33,0x0000000000000eb4ec62758aae93400b3e5f7f18,erc20,0.7531488159610952,WETH,0xc02aaa39b223fe8d0a0e5c4f27ead9083c756cc2,0xf86fa431d5cee01469b4d42557cd689fd592db07da3cc7da19ca6daf874d7dbc,1613046155,candidate_layering
0xb270176ba6075196df88b855c3ec7776871fdb33,0x860bd2dba9cd475a61e6d1b45e16c365f6d78f66,erc20,18.216072465568867,TORN,0x77777feddddffc19ff86db637967013e6c6a116c,0xbdf5368eda877c05d73acee751f911e192a9cb628922316fde7b27b53fad12db,1613046374,candidate_layering
0xb270176ba6075196df88b855c3ec7776871fdb33,0xe069cb01d06ba617bcdf789bf2ff0d5e5ca20c71,erc20,1.472912237755438,WETH,0xc02aaa39b223fe8d0a0e5c4f27ead9083c756cc2,0xbf0ca22107e7df37351da4d6f3cca7734f8c45bffe1b16d73f75bd61013c497c,1613046843,candidate_layering
0xb270176ba6075196df88b855c3ec7776871fdb33,0xe069cb01d06ba617bcdf789bf2ff0d5e5ca20c71,erc20,2.130566450586039,WETH,0xc02aaa39b223fe8d0a0e5c4f27ead9083c756cc2,0xef033055bc8c69b02b6aca76b344636a6ef7b07137bfce6f269cea7641244119,1613047368,candidate_layering
0xb270176ba6075196df88b855c3ec7776871fdb33,0x22f9dcf4647084d6c31b2765f6910cd85c178c18,erc20,21.914103008966833,TORN,0x77777feddddffc19ff86db637967013e6c6a116c,0xe37da04ab461fdacc943449dd23833d93fce72e9c884358b61e9729caefb1214,1613048075,candidate_layering
0xb270176ba6075196df88b855c3ec7776871fdb33,0x2a015980f843923dece20a83ee275e98840f10b8,erc20,0.4317629740497805,WETH,0xc02aaa39b223fe8d0a0e5c4f27ead9083c756cc2,0x795b1a824f27b8b6163a7b7fca991d1c6dc5b7d383e3d762a062e211593d875a,1613048103,candidate_layering
0xb270176ba6075196df88b855c3ec7776871fdb33,0xe069cb01d06ba617bcdf789bf2ff0d5e5ca20c71,erc20,21.00268075389666,TORN,0x77777feddddffc19ff86db637967013e6c6a116c,0x54847b321be04f07d2dd827cd14221001c1bdb8bb9add4cf18fcca1bb6b0e38c,1613048537,candidate_layering
0xb270176ba6075196df88b855c3ec7776871fdb33,0x000000000a2daefe11b26dcdaecde7d33ad03e9d,erc20,2.1650903064085565,WETH,0xc02aaa39b223fe8d0a0e5c4f27ead9083c756cc2,0x3ec4eea65102394e9a1140549d77ac9a8d9d20d6f9c3b8bcc1e7e3f9abad5b67,1613048613,candidate_layering
0xb270176ba6075196df88b855c3ec7776871fdb33,0xe069cb01d06ba617bcdf789bf2ff0d5e5ca20c71,erc20,1.009433841128736,TORN,0x77777feddddffc19ff86db637967013e6c6a116c,0xbc9124f52bf737836cc29ec0df00d46d3c7d9325f0c0270574339393e2515b3d,1613049306,candidate_layering
0xb270176ba6075196df88b855c3ec7776871fdb33,0xc3d03e4f041fd4cd388c549ee2a29a9e5075882f,erc20,2.3119405135597035,WETH,0xc02aaa39b223fe8d0a0e5c4f27ead9083c756cc2,0x688b54d61d19f48426ef8d71a728f153192dc98a218cf16c1a0dcbbffac2f2a9,1613050083,candidate_layering
0xb270176ba6075196df88b855c3ec7776871fdb33,0x384bfb7db2e58c02dd68c8d584ba639fe4308704,erc20,17.310537338404018,TORN,0x77777feddddffc19ff86db637967013e6c6a116c,0x62f03fba76a4c597212ea7d527e245cb8e196e4ca68e6be3e5c65d802952b1b7,1613050083,candidate_layering
0xb270176ba6075196df88b855c3ec7776871fdb33,0xe069cb01d06ba617bcdf789bf2ff0d5e5ca20c71,erc20,27.86733084154077,TORN,0x77777feddddffc19ff86db637967013e6c6a116c,0xc217eb059fe4822d3d01be718b51856443d7766bb0a6e54888f3fc01708a70c6,1613051958,candidate_layering
0xb270176ba6075196df88b855c3ec7776871fdb33,0xa9b813a1dbd6d8d12af77318fa8067a676ab50d7,erc20,16.537253472221945,TORN,0x77777feddddffc19ff86db637967013e6c6a116c,0x048e68b157091f6a4fb43d2bc8eaf1b7cfd3c1c749bf8a7e50cba94db1ec68a7,1613052702,candidate_layering
0xb270176ba6075196df88b855c3ec7776871fdb33,0x0000000000007f150bd6f54c40a34d7c3d5e9f56,erc20,3.4611747367064,WETH,0xc02aaa39b223fe8d0a0e5c4f27ead9083c756cc2,0xc06fadda59ddfd195959fe612733f37344aa884d7e74edcfaf1dad8cfcaf63fb,1613052753,candidate_layering
0xb270176ba6075196df88b855c3ec7776871fdb33,0xe069cb01d06ba617bcdf789bf2ff0d5e5ca20c71,erc20,2.709844079659006,WETH,0xc02aaa39b223fe8d0a0e5c4f27ead9083c756cc2,0x51b1f1fb092e754deb10d3cb743379b46fe7c8aeb15a0092e921bb2ab8b4c2b1,1613052753,candidate_layering
0xb270176ba6075196df88b855c3ec7776871fdb33,0xe069cb01d06ba617bcdf789bf2ff0d5e5ca20c71,erc20,3.5679399541539376,WETH,0xc02aaa39b223fe8d0a0e5c4f27ead9083c756cc2,0xc307757e993a59ee098d3d3568328fcc8a8e5097f9b9a03ad1747f87ea31cfdd,1613052964,candidate_layering
0xb270176ba6075196df88b855c3ec7776871fdb33,0x0c722a487876989af8a05fffb6e32e45cc23fb3a,erc20,13.551382458251872,TORN,0x77777feddddffc19ff86db637967013e6c6a116c,0x6e682f2de08f96e0395d28c65f5c16a4567a7168b8c6e1ba18805bce7bb7409d,1613054633,candidate_layering
0xb270176ba6075196df88b855c3ec7776871fdb33,0xe069cb01d06ba617bcdf789bf2ff0d5e5ca20c71,erc20,0.830246774259952,TORN,0x77777feddddffc19ff86db637967013e6c6a116c,0xb907b69206be23221bab52ff5d90c2971cc656d825938b7e1e09220717548609,1613054643,candidate_layering
0xb270176ba6075196df88b855c3ec7776871fdb33,0xe069cb01d06ba617bcdf789bf2ff0d5e5ca20c71,erc20,2.6029931931613834,WETH,0xc02aaa39b223fe8d0a0e5c4f27ead9083c756cc2,0x44c4767af9ff66f50d51ec3ef6d4430c9197f9d9cc30803e48e5426915e24773,1613054961,candidate_layering
0xb270176ba6075196df88b855c3ec7776871fdb33,0x0c722a487876989af8a05fffb6e32e45cc23fb3a,erc20,15.567134354951149,TORN,0x77777feddddffc19ff86db637967013e6c6a116c,0x2e0abc3d9727aa562ab3d0a7b3417385b9fd4f9736a7ece2dd83f983f613f379,1613055073,candidate_layering
0xb270176ba6075196df88b855c3ec7776871fdb33,0x3700006fbcde59a8b3af2c134d00e9530000e379,erc20,5.515773747166846,WETH,0xc02aaa39b223fe8d0a0e5c4f27ead9083c756cc2,0x3a8cf9f137b7797acfac7f61028fcf3a8b44319ceab9051ea31a343ccc96fe6a,1613055339,candidate_layering
0xb270176ba6075196df88b855c3ec7776871fdb33,0x0c722a487876989af8a05fffb6e32e45cc23fb3a,erc20,27.98666082856013,TORN,0x77777feddddffc19ff86db637967013e6c6a116c,0xb4f87fa1dcf411e21843730013597f59d4a742b6621f98f6deae5ea98a3f5e0d,1613055356,candidate_layering
0xb270176ba6075196df88b855c3ec7776871fdb33,0xe069cb01d06ba617bcdf789bf2ff0d5e5ca20c71,erc20,3.225952142739203,TORN,0x77777feddddffc19ff86db637967013e6c6a116c,0xca4b34a98d27d4ec9f56e2d1edb3d6eed7832789d276061cfefe7f6e42f1219d,1613057946,candidate_layering
0xb270176ba6075196df88b855c3ec7776871fdb33,0xeb5d3a91b5e721fa251e03bda2c9578e90f30f84,erc20,42.57715678695196,TORN,0x77777feddddffc19ff86db637967013e6c6a116c,0x254584ad6fa618ecc70edd47963b24130f80c88037816dbdb76cd6e4b333cf00,1613058067,candidate_layering
0xb270176ba6075196df88b855c3ec7776871fdb33,0x0000000000007f150bd6f54c40a34d7c3d5e9f56,erc20,4.461762158983572,WETH,0xc02aaa39b223fe8d0a0e5c4f27ead9083c756cc2,0x2ab53647e835a17b7fa387c50f4b7138b09ab1e10d380f6dd3703754e5c9c097,1613058072,candidate_layering
0xb270176ba6075196df88b855c3ec7776871fdb33,0x000000000a2daefe11b26dcdaecde7d33ad03e9d,erc20,2.2819632388678737,WETH,0xc02aaa39b223fe8d0a0e5c4f27ead9083c756cc2,0x369820cd827a00e36a9235101f0283a56de41fc7046ddfb79b4286d2c3a999c3,1613058406,candidate_layering
0xb270176ba6075196df88b855c3ec7776871fdb33,0xe069cb01d06ba617bcdf789bf2ff0d5e5ca20c71,erc20,33.993197198631925,TORN,0x77777feddddffc19ff86db637967013e6c6a116c,0x5b336dbf6276365033f4c8cd18f88f308c8602f9ac0631826921bf9bdbd66aaa,1613058550,candidate_layering
0xb270176ba6075196df88b855c3ec7776871fdb33,0x000000000a2daefe11b26dcdaecde7d33ad03e9d,erc20,2.6583580079470615,WETH,0xc02aaa39b223fe8d0a0e5c4f27ead9083c756cc2,0xd61d186ea407b4c8ff440a2ca83e6047e33180f33672fc14894220f28350f749,1613059049,candidate_layering
0xb270176ba6075196df88b855c3ec7776871fdb33,0x74de5d4fcbf63e00296fd95d33236b9794016631,erc20,6.21787044417471,TORN,0x77777feddddffc19ff86db637967013e6c6a116c,0xe674f3b2e878fbeec76056561f1e01166c97560cdcaeed84cb1c3696d2e2ded5,1613060025,candidate_layering
0xb270176ba6075196df88b855c3ec7776871fdb33,0x74de5d4fcbf63e00296fd95d33236b9794016631,erc20,12.290588309513888,TORN,0x77777feddddffc19ff86db637967013e6c6a116c,0xa5e2d1d28f2e061253a9f1dd4fb0f2d138adac70ff4cd69bbeddb4355042a541,1613061786,candidate_layering
0xb270176ba6075196df88b855c3ec7776871fdb33,0xc3d03e4f041fd4cd388c549ee2a29a9e5075882f,erc20,0.8054199905040337,WETH,0xc02aaa39b223fe8d0a0e5c4f27ead9083c756cc2,0xedbb92702c89c9dd67133302b00ff1e2ab13befe89291c49f4a1f7d42ffac093,1613062039,candidate_layering
0xb270176ba6075196df88b855c3ec7776871fdb33,0x860bd2dba9cd475a61e6d1b45e16c365f6d78f66,erc20,38.02584838496444,TORN,0x77777feddddffc19ff86db637967013e6c6a116c,0xcd8fd30c573f06fd3e4ebe2167ba14e73f0cd5a564075e9235435b080eb9abfc,1613062086,candidate_layering
0xb270176ba6075196df88b855c3ec7776871fdb33,0xd9e1ce17f2641f24ae83637ab66a2cca9c378b9f,erc20,1.6754695939207196,WETH,0xc02aaa39b223fe8d0a0e5c4f27ead9083c756cc2,0xd3a930fe29ea4fdc538f5de593180695eed7c7e7c73fbe4b0a2c0cb058d19dc5,1613062331,candidate_layering
0xb270176ba6075196df88b855c3ec7776871fdb33,0xe069cb01d06ba617bcdf789bf2ff0d5e5ca20c71,erc20,3.2456696478608107,WETH,0xc02aaa39b223fe8d0a0e5c4f27ead9083c756cc2,0x351092c01ee92d3e4df7e5a9e557db121b0cd49ceda1d297b7456decef630022,1613062494,candidate_layering
0xb270176ba6075196df88b855c3ec7776871fdb33,0x0c722a487876989af8a05fffb6e32e45cc23fb3a,erc20,14.037267209532285,TORN,0x77777feddddffc19ff86db637967013e6c6a116c,0x51a10d6303d22272e23c26119dac9e2223d2d793c6964656ef02c5b0d115f2f6,1613063894,candidate_layering
0xb270176ba6075196df88b855c3ec7776871fdb33,0xe069cb01d06ba617bcdf789bf2ff0d5e5ca20c71,erc20,3.925260016282947,WETH,0xc02aaa39b223fe8d0a0e5c4f27ead9083c756cc2,0x0f54f385e0cf14c93f49f8980b7bdd678ed913639280db11802bf08304cfa042,1613064195,candidate_layering
0xb270176ba6075196df88b855c3ec7776871fdb33,0x22f9dcf4647084d6c31b2765f6910cd85c178c18,erc20,41.644738582531254,TORN,0x77777feddddffc19ff86db637967013e6c6a116c,0x1d170505ac0775c78600121a645f1f732fa64cc1509b9170f815aa108496ed0e,1613064227,candidate_layering
0xb270176ba6075196df88b855c3ec7776871fdb33,0x7e5a536f3d79791e283940ec379cee10c9c40e86,erc20,0.842608038041698,WETH,0xc02aaa39b223fe8d0a0e5c4f27ead9083c756cc2,0xaf21854ab344c9db162f7b02a76440cd0737885b7cdad27bef165f92c3a13141,1613064521,candidate_layering
0xb270176ba6075196df88b855c3ec7776871fdb33,0xc3d03e4f041fd4cd388c549ee2a29a9e5075882f,erc20,2.4953616051918606,WETH,0xc02aaa39b223fe8d0a0e5c4f27ead9083c756cc2,0x6902138aaa454179daa218b2697048b7f3d34e9cf3525aad4dd1853337afa1ba,1613064789,candidate_layering
0xb270176ba6075196df88b855c3ec7776871fdb33,0xe069cb01d06ba617bcdf789bf2ff0d5e5ca20c71,erc20,4.811758166230798,TORN,0x77777feddddffc19ff86db637967013e6c6a116c,0x8f46844fb10b3078afc675d47133aa6932b579e276e98ef723abcc505ef4ddd8,1613064826,candidate_layering
0xb270176ba6075196df88b855c3ec7776871fdb33,0x0c722a487876989af8a05fffb6e32e45cc23fb3a,erc20,13.137274998442592,TORN,0x77777feddddffc19ff86db637967013e6c6a116c,0x4507d102e2feb064a0ab2360a8686abb5f2a56033c126d2bd75de91fadf4dbf3,1613064982,candidate_layering
0xb270176ba6075196df88b855c3ec7776871fdb33,0xe069cb01d06ba617bcdf789bf2ff0d5e5ca20c71,erc20,4.0784330664743305,WETH,0xc02aaa39b223fe8d0a0e5c4f27ead9083c756cc2,0x95c4ad497360959a1f281d23e7275bb1659f51cee33c6c88bb14f3fae55178d3,1613064996,candidate_layering
0xb270176ba6075196df88b855c3ec7776871fdb33,0x000000000000006f6502b7f2bbac8c30a3f67e9a,erc20,22.486640630320263,TORN,0x77777feddddffc19ff86db637967013e6c6a116c,0xb7e82fa3b5dbc5faced5bf696f01b4cf14151988f186e074804c7489407887ee,1613065860,candidate_layering
0xb270176ba6075196df88b855c3ec7776871fdb33,0xe069cb01d06ba617bcdf789bf2ff0d5e5ca20c71,erc20,5.350266808505915,WETH,0xc02aaa39b223fe8d0a0e5c4f27ead9083c756cc2,0x6a143b6032432602377f3fd10d4122d2412b35cd48199208cadf3e940682092b,1613066614,candidate_layering
0xb270176ba6075196df88b855c3ec7776871fdb33,0xe069cb01d06ba617bcdf789bf2ff0d5e5ca20c71,erc20,4.486734261100928,WETH,0xc02aaa39b223fe8d0a0e5c4f27ead9083c756cc2,0x0e2cf9e85c360adeecd63c1a594aac3722305e0bdf9d948b839cbfcbf2b58b90,1613067003,candidate_layering
0xb270176ba6075196df88b855c3ec7776871fdb33,0x0c722a487876989af8a05fffb6e32e45cc23fb3a,erc20,21.65578105662319,TORN,0x77777feddddffc19ff86db637967013e6c6a116c,0x1818df12b22ceca21546a1a1d902053672c31c10407d948c65329b10c24aa99a,1613067470,candidate_layering
0xb270176ba6075196df88b855c3ec7776871fdb33,0xd9e1ce17f2641f24ae83637ab66a2cca9c378b9f,erc20,0.15986900912051155,WETH,0xc02aaa39b223fe8d0a0e5c4f27ead9083c756cc2,0x60bb2ccf175a7dce230272d9f1bfec5a9cb0971869587f882db8b02af79cfae2,1613067572,candidate_layering
0xb270176ba6075196df88b855c3ec7776871fdb33,0x0000000000007f150bd6f54c40a34d7c3d5e9f56,erc20,2.4596453794009667,WETH,0xc02aaa39b223fe8d0a0e5c4f27ead9083c756cc2,0x94925bea65039c1dfbc3c6a14b0fe8768d536c5614e65478b8f1f2bca745d886,1613067944,candidate_layering
0xb270176ba6075196df88b855c3ec7776871fdb33,0xe069cb01d06ba617bcdf789bf2ff0d5e5ca20c71,erc20,9.623266999596726,WETH,0xc02aaa39b223fe8d0a0e5c4f27ead9083c756cc2,0xaf36828513bd444f83adb466c0fd8dc4848ba95fa35c0d7beb201fab72913492,1613068297,candidate_layering
0xb270176ba6075196df88b855c3ec7776871fdb33,0x0000000000007f150bd6f54c40a34d7c3d5e9f56,erc20,29.33784565190963,TORN,0x77777feddddffc19ff86db637967013e6c6a116c,0xb0d1bc858ac7906d70b4e265149724897c8826d245ed3da1a5147edc28b3f175,1613068334,candidate_layering
0xb270176ba6075196df88b855c3ec7776871fdb33,0x0c722a487876989af8a05fffb6e32e45cc23fb3a,erc20,14.63957431854154,TORN,0x77777feddddffc19ff86db637967013e6c6a116c,0x5a15b20ce2581f5e01afe8bc4771bbd3f1be34b6a35d0b77b968baaec73f607d,1613068672,candidate_layering
0xb270176ba6075196df88b855c3ec7776871fdb33,0x22f9dcf4647084d6c31b2765f6910cd85c178c18,erc20,2.8942423851521673,WETH,0xc02aaa39b223fe8d0a0e5c4f27ead9083c756cc2,0x1c76324c1dd92bed5cd485ae748a28fc90e5b47b03a3159d00a7b27385431e82,1613069126,candidate_layering
0xb270176ba6075196df88b855c3ec7776871fdb33,0x010946a9189f4fa8d6bf01d2fa32e0edf3d6e03b,erc20,2.2764078609547695,TORN,0x77777feddddffc19ff86db637967013e6c6a116c,0x1e60a5ee04073d6845fd7223f86d9ddce43c306a72a179db6c33532112e52968,1613069920,candidate_layering
0xb270176ba6075196df88b855c3ec7776871fdb33,0x9814a23a54702e8cf1c13ecd29214b19a1ab1628,erc20,2.773162527496371,TORN,0x77777feddddffc19ff86db637967013e6c6a116c,0x729ee00da4526b759229e40310cb6854105c37e64ee85344dbb968f5ddc0701c,1613071354,candidate_layering
0xb270176ba6075196df88b855c3ec7776871fdb33,0xdef1c0ded9bec7f1a1670819833240f027b25eff,erc20,5.944264775160397,WETH,0xc02aaa39b223fe8d0a0e5c4f27ead9083c756cc2,0xb241eb26da403e9bea7fd63d477fcd5dff2c73206a7c8c4de650cf93492077b7,1613071750,candidate_layering
0xb270176ba6075196df88b855c3ec7776871fdb33,0x0c722a487876989af8a05fffb6e32e45cc23fb3a,erc20,25.3725600536373,TORN,0x77777feddddffc19ff86db637967013e6c6a116c,0xf4f5229fae2f9d13abf294c34a6f48f131b6729eaba9fde36f23a2c81b896635,1613071870,candidate_layering
0xb270176ba6075196df88b855c3ec7776871fdb33,0xe069cb01d06ba617bcdf789bf2ff0d5e5ca20c71,erc20,4.8169423092015515,WETH,0xc02aaa39b223fe8d0a0e5c4f27ead9083c756cc2,0xfab27d4d9a08a4f80b926d8494a437f91f7e011a502727d8ba2c86487d92e92f,1613072335,candidate_layering
0xb270176ba6075196df88b855c3ec7776871fdb33,0x0000000000007f150bd6f54c40a34d7c3d5e9f56,erc20,25.819600363722785,TORN,0x77777feddddffc19ff86db637967013e6c6a116c,0xf5af4a85bab0cc040a2f8d3e2a040381737f8aeb0e4cb40fbe37581058bd2d0a,1613072439,candidate_layering
0xb270176ba6075196df88b855c3ec7776871fdb33,0x0000000000007f150bd6f54c40a34d7c3d5e9f56,erc20,4.544941439547498,WETH,0xc02aaa39b223fe8d0a0e5c4f27ead9083c756cc2,0xfbb90af97bc421cc1cda700453cb4c0c9e53753602e93fa958b5aeb830aa0d5e,1613072823,candidate_layering
0xb270176ba6075196df88b855c3ec7776871fdb33,0x0c722a487876989af8a05fffb6e32e45cc23fb3a,erc20,22.25928069048841,TORN,0x77777feddddffc19ff86db637967013e6c6a116c,0x1752916ce847e69af9b638f8a92050537c999b3cf5a6dd0a1e93e4ff067f90c3,1613072829,candidate_layering
0xb270176ba6075196df88b855c3ec7776871fdb33,0x8a8366f994960363fd0345486dad9df5c7805628,erc20,6.059812053836939,TORN,0x77777feddddffc19ff86db637967013e6c6a116c,0x6cf830cc67d92b307526fd20cd01dbe73b4ae7a9596e3a71d9eb86bee7a2175f,1613072951,candidate_layering
0xb270176ba6075196df88b855c3ec7776871fdb33,0xe069cb01d06ba617bcdf789bf2ff0d5e5ca20c71,erc20,6.2983128831770365,WETH,0xc02aaa39b223fe8d0a0e5c4f27ead9083c756cc2,0xef0d81cd9c487cf2a5ec824f5f6ab020f81f37e4e15d1924024ce8d4697b4c8f,1613073333,candidate_layering
0xb270176ba6075196df88b855c3ec7776871fdb33,0x736df811a0274fedd88bc3fc958219578b0f2554,erc20,29.059920024849866,TORN,0x77777feddddffc19ff86db637967013e6c6a116c,0x5195fa1a9c6818dd9dcc9f58d8de38fef5964ff3c09669cc127effd09b748dc5,1613073661,candidate_layering
0xb270176ba6075196df88b855c3ec7776871fdb33,0xe069cb01d06ba617bcdf789bf2ff0d5e5ca20c71,erc20,7.300435379640884,WETH,0xc02aaa39b223fe8d0a0e5c4f27ead9083c756cc2,0xc27a74f95f7491caf1707996d689f8bfb024dc8bdd750f202420b8d18fb58bf6,1613073707,candidate_layering
0xb270176ba6075196df88b855c3ec7776871fdb33,0x736df811a0274fedd88bc3fc958219578b0f2554,erc20,29.357002455981366,TORN,0x77777feddddffc19ff86db637967013e6c6a116c,0xd19fb2c661e9016f987d9e05de81eaf883594bbbc5fb7550e04db3302db88e0f,1613076415,candidate_layering
0xb270176ba6075196df88b855c3ec7776871fdb33,0x860bd2dba9cd475a61e6d1b45e16c365f6d78f66,erc20,10.90659356031795,WETH,0xc02aaa39b223fe8d0a0e5c4f27ead9083c756cc2,0xfb70cda0a5c1ec89f6fd979e007a9a9fd412b1eb19bfc4fe3a66a0d47ad6811d,1613077736,candidate_layering
0xb270176ba6075196df88b855c3ec7776871fdb33,0x0c722a487876989af8a05fffb6e32e45cc23fb3a,erc20,40.41431579166457,TORN,0x77777feddddffc19ff86db637967013e6c6a116c,0xe8be262593940d0203373417e8eed2a309de395f26b86acd23e87a9037d7f80b,1613077744,candidate_layering
0xb270176ba6075196df88b855c3ec7776871fdb33,0xd9e1ce17f2641f24ae83637ab66a2cca9c378b9f,erc20,6.852679596586262,WETH,0xc02aaa39b223fe8d0a0e5c4f27ead9083c756cc2,0x9071467e44ea2001b5ecbcc09523363753b8bf730917220e91774005de565d40,1613079370,candidate_layering
0xb270176ba6075196df88b855c3ec7776871fdb33,0x384bfb7db2e58c02dd68c8d584ba639fe4308704,erc20,28.7750877415946,TORN,0x77777feddddffc19ff86db637967013e6c6a116c,0x469da503d977502ca82a6b10b9ba29ead80355f85e7e9e0ca63e565c763568f2,1613079370,candidate_layering
0xb270176ba6075196df88b855c3ec7776871fdb33,0xe069cb01d06ba617bcdf789bf2ff0d5e5ca20c71,erc20,4.93089381413105,WETH,0xc02aaa39b223fe8d0a0e5c4f27ead9083c756cc2,0xc600ce709525bc5a7b2a993b054082fc787f777ee1d5a4bab9cdc3eff1e1d62f,1613079525,candidate_layering
0xb270176ba6075196df88b855c3ec7776871fdb33,0x0c722a487876989af8a05fffb6e32e45cc23fb3a,erc20,17.07160386234442,TORN,0x77777feddddffc19ff86db637967013e6c6a116c,0x552705a4f5ec8e1a61ba4b583dc08bacd044763a047f54862824fd6dcfeb8e7a,1613079534,candidate_layering
0xb270176ba6075196df88b855c3ec7776871fdb33,0x384bfb7db2e58c02dd68c8d584ba639fe4308704,erc20,23.522036213759716,TORN,0x77777feddddffc19ff86db637967013e6c6a116c,0x958e65543c9a064fac6e1d1aae6b47fbfd1f3c8583457dc89c3a554835d5e4df,1613079749,candidate_layering
0xb270176ba6075196df88b855c3ec7776871fdb33,0x3700006fbcde59a8b3af2c134d00e9530000e379,erc20,3.450040148427452,WETH,0xc02aaa39b223fe8d0a0e5c4f27ead9083c756cc2,0x797f16ed1946a48fb2a31e083e751dc79ab4a801f3c99d03eda5609e09acfb98,1613079967,candidate_layering
0xb270176ba6075196df88b855c3ec7776871fdb33,0xe069cb01d06ba617bcdf789bf2ff0d5e5ca20c71,erc20,11.295219743752163,TORN,0x77777feddddffc19ff86db637967013e6c6a116c,0xa515b8115ec3ef022eba7cd0de8fa934caf413f8ae8100bf9cf0aae29a2c3f4c,1613080115,candidate_layering
0xb270176ba6075196df88b855c3ec7776871fdb33,0xe069cb01d06ba617bcdf789bf2ff0d5e5ca20c71,erc20,2.2442456140392997,TORN,0x77777feddddffc19ff86db637967013e6c6a116c,0xf3a399ecf3518675e7063814fbb06c3aa50824757e8ddae186251874b5483e86,1613081037,candidate_layering
0xb270176ba6075196df88b855c3ec7776871fdb33,0xf92620bb99832cb0bdf19f2cd60700f9ddb01a9c,erc20,0.37356537683416274,TORN,0x77777feddddffc19ff86db637967013e6c6a116c,0x1e5e7b8fadbffb41de2ae5eab8f144cf96a8811970236d9bc6b7a54859101acb,1613081781,candidate_layering
0xb270176ba6075196df88b855c3ec7776871fdb33,0xe069cb01d06ba617bcdf789bf2ff0d5e5ca20c71,erc20,1.0079572494521194,TORN,0x77777feddddffc19ff86db637967013e6c6a116c,0x0b9ad634fd1ec982467755271cab2ae53f8360c2ce32c8e8945b98fd18024ed0,1613082114,candidate_layering
0xb270176ba6075196df88b855c3ec7776871fdb33,0x0000000000007f150bd6f54c40a34d7c3d5e9f56,erc20,3.5584900520369502,WETH,0xc02aaa39b223fe8d0a0e5c4f27ead9083c756cc2,0x0983ed7dc853dc7a0cdce92b2b2939e8ddec6110d9e6d99fa458e694f1562174,1613083987,candidate_layering
0xb270176ba6075196df88b855c3ec7776871fdb33,0xe069cb01d06ba617bcdf789bf2ff0d5e5ca20c71,erc20,3.8218948802930335,TORN,0x77777feddddffc19ff86db637967013e6c6a116c,0xa7ab7af755b4a4f7f673e5baefc2ca8b7c6a1e91e220f781aa7509184b048a63,1613085997,candidate_layering
0xb270176ba6075196df88b855c3ec7776871fdb33,0x0c722a487876989af8a05fffb6e32e45cc23fb3a,erc20,15.666306449382933,TORN,0x77777feddddffc19ff86db637967013e6c6a116c,0x6c333fe6de9d414224ae5d047327bd5cef7994429cbc202044c8ee0f6e72586e,1613087216,candidate_layering
0xb270176ba6075196df88b855c3ec7776871fdb33,0xe069cb01d06ba617bcdf789bf2ff0d5e5ca20c71,erc20,85.50915066767739,TORN,0x77777feddddffc19ff86db637967013e6c6a116c,0x01bccc668955d0f294d779100f8359638a7d1d8ce06919ee7b813fd3869b11a4,1613088146,candidate_layering
0xb270176ba6075196df88b855c3ec7776871fdb33,0x0000000000007f150bd6f54c40a34d7c3d5e9f56,erc20,4.259296984936777,WETH,0xc02aaa39b223fe8d0a0e5c4f27ead9083c756cc2,0x5f76ed190ce153346794b2535762dbbeee199c5553b133f915ad201da981ca98,1613088172,candidate_layering
0xb270176ba6075196df88b855c3ec7776871fdb33,0xe069cb01d06ba617bcdf789bf2ff0d5e5ca20c71,erc20,7.103170681078827,TORN,0x77777feddddffc19ff86db637967013e6c6a116c,0x25b516eeade4db377a75d48e410d235881314701c1f3d2cd131e038629346125,1613088314,candidate_layering
0xb270176ba6075196df88b855c3ec7776871fdb33,0x0c722a487876989af8a05fffb6e32e45cc23fb3a,erc20,21.01539888850267,TORN,0x77777feddddffc19ff86db637967013e6c6a116c,0x902364ced7e098d359c5c12faed28f0163e24540e055bbc66e104a737db586ee,1613090032,candidate_layering
0xb270176ba6075196df88b855c3ec7776871fdb33,0x860bd2dba9cd475a61e6d1b45e16c365f6d78f66,erc20,3.6799264861525054,WETH,0xc02aaa39b223fe8d0a0e5c4f27ead9083c756cc2,0x674ad95d2fb57d7b86664b1eacb2b5538f10ce1c8855a4ecdb1f3bead215a20d,1613090339,candidate_layering
0xb270176ba6075196df88b855c3ec7776871fdb33,0x397ff1542f962076d0bfe58ea045ffa2d347aca0,erc20,3.452164148360972,WETH,0xc02aaa39b223fe8d0a0e5c4f27ead9083c756cc2,0x6a3a722bd6970d0ff437c8cda3497e78a0d15166370c222c3ba0f923df5f3c6a,1613091027,candidate_layering
0xb270176ba6075196df88b855c3ec7776871fdb33,0xe069cb01d06ba617bcdf789bf2ff0d5e5ca20c71,erc20,14.470387031328139,TORN,0x77777feddddffc19ff86db637967013e6c6a116c,0x46382e6fb88cd61d93e52eb8aed60085da007cda9a92d1682d94831125fa6ec3,1613091157,candidate_layering
0xb270176ba6075196df88b855c3ec7776871fdb33,0xe069cb01d06ba617bcdf789bf2ff0d5e5ca20c71,erc20,22.91808246526137,TORN,0x77777feddddffc19ff86db637967013e6c6a116c,0x9792e5c7225518a533d08e21f50b5afed17cdd887dc4eef89cd5af48f86ce58b,1613091492,candidate_layering
0xb270176ba6075196df88b855c3ec7776871fdb33,0xe069cb01d06ba617bcdf789bf2ff0d5e5ca20c71,erc20,8.974896502462748,WETH,0xc02aaa39b223fe8d0a0e5c4f27ead9083c756cc2,0xe5291213a84cc48bf50cf87641b04556c395e4a0a9ee224e08706d421ebb65d4,1613091681,candidate_layering
0xb270176ba6075196df88b855c3ec7776871fdb33,0x860bd2dba9cd475a61e6d1b45e16c365f6d78f66,erc20,48.22450820628167,TORN,0x77777feddddffc19ff86db637967013e6c6a116c,0xae9c94f7b9896014bd326a6531ae5a2c78247861a03b9af9e246512a495006a7,1613091775,candidate_layering
0xb270176ba6075196df88b855c3ec7776871fdb33,0x0000000000007f150bd6f54c40a34d7c3d5e9f56,erc20,2.8469279324458614,WETH,0xc02aaa39b223fe8d0a0e5c4f27ead9083c756cc2,0xb8d0e603bc5fdf0c31d380f920d8600fee963225eefc002912893c98b5b0cfc2,1613091786,candidate_layering
0xb270176ba6075196df88b855c3ec7776871fdb33,0x0000000000000000000000000000000000000000,erc20,59.282427731132486,SLP,0xb270176ba6075196df88b855c3ec7776871fdb33,0x2469f3324c39e7ad047c6b02194e1f58297d01bcff84c25be2fbbf6fb21d5cc8,1613091840,candidate_layering
0xb270176ba6075196df88b855c3ec7776871fdb33,0x604dfcffc8ee8fcff12ca011479a6136f7416d23,erc20,165.99314372251405,TORN,0x77777feddddffc19ff86db637967013e6c6a116c,0x2469f3324c39e7ad047c6b02194e1f58297d01bcff84c25be2fbbf6fb21d5cc8,1613091840,candidate_layering
0xb270176ba6075196df88b855c3ec7776871fdb33,0x604dfcffc8ee8fcff12ca011479a6136f7416d23,erc20,22.70943845247186,WETH,0xc02aaa39b223fe8d0a0e5c4f27ead9083c756cc2,0x2469f3324c39e7ad047c6b02194e1f58297d01bcff84c25be2fbbf6fb21d5cc8,1613091840,candidate_layering
0xb270176ba6075196df88b855c3ec7776871fdb33,0xe069cb01d06ba617bcdf789bf2ff0d5e5ca20c71,erc20,14.465333800762307,TORN,0x77777feddddffc19ff86db637967013e6c6a116c,0x2d8df1099942f6a6972200289e6788f24b1860f73cbf24d0a66db683daa7b375,1613091976,candidate_layering
0xb270176ba6075196df88b855c3ec7776871fdb33,0xe069cb01d06ba617bcdf789bf2ff0d5e5ca20c71,erc20,21.714913657850353,TORN,0x77777feddddffc19ff86db637967013e6c6a116c,0xea55acc688059eb9e50b84fb46961fb399d8eb898ad9696c18ef1597d22932dd,1613092862,candidate_layering
0xb270176ba6075196df88b855c3ec7776871fdb33,0x0000000000007f150bd6f54c40a34d7c3d5e9f56,erc20,2.336101725761123,WETH,0xc02aaa39b223fe8d0a0e5c4f27ead9083c756cc2,0x0da90089f7b7c1791d7bb8af1ff88cef55d87aa2b35c35c7cde14070326d78c8,1613092895,candidate_layering
0xb270176ba6075196df88b855c3ec7776871fdb33,0x74de5d4fcbf63e00296fd95d33236b9794016631,erc20,19.264655088336646,TORN,0x77777feddddffc19ff86db637967013e6c6a116c,0x80f285bfe06919e41b98c0653e113373747fca292a1f7832159b4dde0c189eb3,1613093233,candidate_layering
0xb270176ba6075196df88b855c3ec7776871fdb33,0x860bd2dba9cd475a61e6d1b45e16c365f6d78f66,erc20,3.1376567192303324,WETH,0xc02aaa39b223fe8d0a0e5c4f27ead9083c756cc2,0x704726ba9ed60ce02843a0c89499c582480d987b774e0fcd2d79226c1a54e0ba,1613093377,candidate_layering
0xb270176ba6075196df88b855c3ec7776871fdb33,0xe069cb01d06ba617bcdf789bf2ff0d5e5ca20c71,erc20,10.802386483298307,WETH,0xc02aaa39b223fe8d0a0e5c4f27ead9083c756cc2,0xb4627cf69a72fe18ca3e9fe98df4ea12fb53097b8cc0480bb23be0cad087b2bd,1613093800,candidate_layering
0xb270176ba6075196df88b855c3ec7776871fdb33,0x0000000000007f150bd6f54c40a34d7c3d5e9f56,erc20,25.562838298916922,TORN,0x77777feddddffc19ff86db637967013e6c6a116c,0x9a1e86be1723d0e6a1a9e519dff6c7f5df7176068af14d3379eac6e4538e9c66,1613093851,candidate_layering
0xb270176ba6075196df88b855c3ec7776871fdb33,0x000000000000006f6502b7f2bbac8c30a3f67e9a,erc20,20.626299409756953,TORN,0x77777feddddffc19ff86db637967013e6c6a116c,0x044b75e753a5dcb308f75b8044da1e1b560d98971ef432f929d41df4e29e1333,1613094012,candidate_layering
0xb270176ba6075196df88b855c3ec7776871fdb33,0xe069cb01d06ba617bcdf789bf2ff0d5e5ca20c71,erc20,1.112806165348837,TORN,0x77777feddddffc19ff86db637967013e6c6a116c,0x589e83fbc77c24cd1deae2d50157e3b69aa0961b183e444e27d3ddfd62802ab2,1613095577,candidate_layering
0xb270176ba6075196df88b855c3ec7776871fdb33,0xe069cb01d06ba617bcdf789bf2ff0d5e5ca20c71,erc20,14.71947890115589,TORN,0x77777feddddffc19ff86db637967013e6c6a116c,0xd8be70674a31c1b0ff399a11a602393a5ce80c77d81758ac5a6b01a3c6012aa4,1613095646,candidate_layering
0xb270176ba6075196df88b855c3ec7776871fdb33,0x3700006fbcde59a8b3af2c134d00e9530000e379,erc20,8.148399417281984,WETH,0xc02aaa39b223fe8d0a0e5c4f27ead9083c756cc2,0x3da0403ea34595084d0c6f79958d1e48b61810c26d2b7bcc4da314023cdd187a,1613096108,candidate_layering
0xb270176ba6075196df88b855c3ec7776871fdb33,0x384bfb7db2e58c02dd68c8d584ba639fe4308704,erc20,26.714577079927132,TORN,0x77777feddddffc19ff86db637967013e6c6a116c,0x974d5604d5237e92fbbd5612d1d8706425a26a6dbfa26c4a126dc960385ad612,1613096108,candidate_layering
0xb270176ba6075196df88b855c3ec7776871fdb33,0xe069cb01d06ba617bcdf789bf2ff0d5e5ca20c71,erc20,23.448732665813655,TORN,0x77777feddddffc19ff86db637967013e6c6a116c,0x28f7e57616ba741c73bca718feec8d9419750b0b282ab7454ad9eb5d6477a833,1613096279,candidate_layering
0xb270176ba6075196df88b855c3ec7776871fdb33,0xd9e1ce17f2641f24ae83637ab66a2cca9c378b9f,erc20,5.931591969789324,WETH,0xc02aaa39b223fe8d0a0e5c4f27ead9083c756cc2,0x70f5aa24d90b294d8a6224bab75a480add8ef8a7faab1ce956c2e06ad2d277c9,1613096569,candidate_layering
0xb270176ba6075196df88b855c3ec7776871fdb33,0x0000000000007f150bd6f54c40a34d7c3d5e9f56,erc20,26.302474546227938,TORN,0x77777feddddffc19ff86db637967013e6c6a116c,0xec442cf9d57468af36559fb152da8e8389ba8c90147fb8c63269908ad97906bc,1613096584,candidate_layering
0xb270176ba6075196df88b855c3ec7776871fdb33,0xe069cb01d06ba617bcdf789bf2ff0d5e5ca20c71,erc20,39.10852346117177,TORN,0x77777feddddffc19ff86db637967013e6c6a116c,0xbd8ee4771b175bb47b8d97613bde2c1d0dff0bf081866f9b5e909db84be4f0ac,1613097522,candidate_layering
0xb270176ba6075196df88b855c3ec7776871fdb33,0x0000000000007f150bd6f54c40a34d7c3d5e9f56,erc20,2.4868685493406044,WETH,0xc02aaa39b223fe8d0a0e5c4f27ead9083c756cc2,0xd8a3bcb64f51f8c8006784fa416e2317876f3564482778fa5f10396e7d5bcc45,1613097887,candidate_layering
0xb270176ba6075196df88b855c3ec7776871fdb33,0x0c722a487876989af8a05fffb6e32e45cc23fb3a,erc20,32.788401857932335,TORN,0x77777feddddffc19ff86db637967013e6c6a116c,0xc15ae3213254f2fe0fcf5dbcf500cade4aad0f51b55dde0b52db2441b42224a5,1613099263,candidate_layering
0xb270176ba6075196df88b855c3ec7776871fdb33,0x2c013b3e99e2d17e83bf4edf3a85047ee5740a59,erc20,2.0189540873775935,WETH,0xc02aaa39b223fe8d0a0e5c4f27ead9083c756cc2,0xfe8436025d37e7561b35c0c40d827ae7eb785bcda647e353ccd2b22228f9a767,1613099394,candidate_layering
0xb270176ba6075196df88b855c3ec7776871fdb33,0x6cb3e907a0fce5b0053383518f2d60c0ebd9924b,erc20,1.8079058589873769,TORN,0x77777feddddffc19ff86db637967013e6c6a116c,0xd09da4cd9a765025019b6f1ca6b7214f057bb1fb8cd3375262b2a2f822239cbb,1613100928,candidate_layering
0xb270176ba6075196df88b855c3ec7776871fdb33,0x860bd2dba9cd475a61e6d1b45e16c365f6d78f66,erc20,4.160020272393086,WETH,0xc02aaa39b223fe8d0a0e5c4f27ead9083c756cc2,0xcf0c37be8290efa95f6707ff67a9c5221a1f1b78c741f200264e11e8d5482b0f,1613101877,candidate_layering
0xb270176ba6075196df88b855c3ec7776871fdb33,0x22f9dcf4647084d6c31b2765f6910cd85c178c18,erc20,44.713528239416796,TORN,0x77777feddddffc19ff86db637967013e6c6a116c,0x95800499fab6ba8a1894befca39c6c0e897d09a1036a43f14ced1e60fb7dbf04,1613102956,candidate_layering
0xb270176ba6075196df88b855c3ec7776871fdb33,0x0000000000007f150bd6f54c40a34d7c3d5e9f56,erc20,2.327985661717824,WETH,0xc02aaa39b223fe8d0a0e5c4f27ead9083c756cc2,0xd0808ffdec0182e32330c5d94f64be3c851e3d0b7602c1eec982ee5a0545cb5c,1613102974,candidate_layering
0xb270176ba6075196df88b855c3ec7776871fdb33,0xe069cb01d06ba617bcdf789bf2ff0d5e5ca20c71,erc20,4.8551858872731035,WETH,0xc02aaa39b223fe8d0a0e5c4f27ead9083c756cc2,0x11726b95c308f615d5f5768fa0a90fdc9cf55930150cc322355160e2ef306bd8,1613103307,candidate_layering
0xb270176ba6075196df88b855c3ec7776871fdb33,0x0c722a487876989af8a05fffb6e32e45cc23fb3a,erc20,14.1079107077277,TORN,0x77777feddddffc19ff86db637967013e6c6a116c,0xb312b77e74dbd2e6b50492ae615bee2f7c2546a5c607c74b2efefa9b43ec712e,1613104004,candidate_layering
0xb270176ba6075196df88b855c3ec7776871fdb33,0x06ff5559465b39220a91ea8477d296ef3b1e3759,erc20,14.703066133952813,TORN,0x77777feddddffc19ff86db637967013e6c6a116c,0x3bd5c0a8ecc72621f6e5484ffef33098d7fb52ea14266e0063108e7557e9806a,1613104375,candidate_layering
0xb270176ba6075196df88b855c3ec7776871fdb33,0xb11b38a7c3fdb1a151050dd13e62ec63c611ab47,erc20,3.641843423281675,TORN,0x77777feddddffc19ff86db637967013e6c6a116c,0xd11fc021156b76bb4844c23af7ad70f098605211bb51fb43be7b1860b883abba,1613104585,candidate_layering
0xb270176ba6075196df88b855c3ec7776871fdb33,0x91baf383abc0c332a69a73041c866f6761a90b3c,erc20,4.424212957759827,TORN,0x77777feddddffc19ff86db637967013e6c6a116c,0xe0e8ebf444784940fcde7947872a37908e4ac67ed25401782efaccf4946aa7d2,1613105641,candidate_layering
0xb270176ba6075196df88b855c3ec7776871fdb33,0xe069cb01d06ba617bcdf789bf2ff0d5e5ca20c71,erc20,25.146327721298185,TORN,0x77777feddddffc19ff86db637967013e6c6a116c,0x9b43cc2668dc804318948cf37086acbd1a927d45e664f1f40894753bc3a24195,1613105959,candidate_layering
0xb270176ba6075196df88b855c3ec7776871fdb33,0xc3d03e4f041fd4cd388c549ee2a29a9e5075882f,erc20,0.2790737043299285,WETH,0xc02aaa39b223fe8d0a0e5c4f27ead9083c756cc2,0x225e665af1dd3e82648e59e89faa83798baf903d2737c68309e65349a471d65b,1613107612,candidate_layering
0xb270176ba6075196df88b855c3ec7776871fdb33,0x0c722a487876989af8a05fffb6e32e45cc23fb3a,erc20,41.26718623769328,TORN,0x77777feddddffc19ff86db637967013e6c6a116c,0x76e54dc08f0db8bbcf5430209cd706e16188d2eadf883b5e7dbe588149fa3006,1613107620,candidate_layering
0xb270176ba6075196df88b855c3ec7776871fdb33,0x384bfb7db2e58c02dd68c8d584ba639fe4308704,erc20,3.2602368162342605,WETH,0xc02aaa39b223fe8d0a0e5c4f27ead9083c756cc2,0xe9db60beb8d2abc2c60ec45fc3b088f3c77a0cd8c4f7e6b2d684a3e12cbf3eab,1613107620,candidate_layering
0xb270176ba6075196df88b855c3ec7776871fdb33,0xd9e1ce17f2641f24ae83637ab66a2cca9c378b9f,erc20,4.6897671543656285,WETH,0xc02aaa39b223fe8d0a0e5c4f27ead9083c756cc2,0x77f5246b566cc3cfbc26067e0e04c079e5954066fbec6ac3ec101bd0891204e4,1613108674,candidate_layering
0xb270176ba6075196df88b855c3ec7776871fdb33,0x0c722a487876989af8a05fffb6e32e45cc23fb3a,erc20,13.732702314201381,TORN,0x77777feddddffc19ff86db637967013e6c6a116c,0xb75ef68c34deeef5551d6b64d4e4fd2304a20c17ed4a8e54eefd16d9e168c3a0,1613108857,candidate_layering
0xb270176ba6075196df88b855c3ec7776871fdb33,0x107a074e2a04e87ab472de71e614eeeec69295e1,erc20,20.99020483446934,TORN,0x77777feddddffc19ff86db637967013e6c6a116c,0xfb23395337cecf4a8e7e91217048ded7a96c277a2c32da86359036812b086efa,1613109444,candidate_layering
0xb270176ba6075196df88b855c3ec7776871fdb33,0xe069cb01d06ba617bcdf789bf2ff0d5e5ca20c71,erc20,0.22595016945561802,WETH,0xc02aaa39b223fe8d0a0e5c4f27ead9083c756cc2,0xa020b3c7007dc65acc0a8402e40e93545ccae883ae2280eb19efcda076c47f10,1613110228,candidate_layering
0xb270176ba6075196df88b855c3ec7776871fdb33,0xe069cb01d06ba617bcdf789bf2ff0d5e5ca20c71,erc20,2.6139956357227,WETH,0xc02aaa39b223fe8d0a0e5c4f27ead9083c756cc2,0x1a82b0412a206f994805550f322e3b6229225f9f95e7444840d9946b88d3bdb8,1613110484,candidate_layering
0xb270176ba6075196df88b855c3ec7776871fdb33,0x0c722a487876989af8a05fffb6e32e45cc23fb3a,erc20,13.398810592600048,TORN,0x77777feddddffc19ff86db637967013e6c6a116c,0x6a6cb6a3d6392cf7a35ff8a31d05a76d41bcd3d2178a1ea7959dbbe414c3e0ff,1613110599,candidate_layering
0xb270176ba6075196df88b855c3ec7776871fdb33,0x000000000000006f6502b7f2bbac8c30a3f67e9a,erc20,2.790398494638488,WETH,0xc02aaa39b223fe8d0a0e5c4f27ead9083c756cc2,0x028ddd8154971ad819eddd528b67c4e3e8ca73a46d959abe53339e473f9c75a9,1613110818,candidate_layering
0xb270176ba6075196df88b855c3ec7776871fdb33,0x87b01a1935cdd35588a2aff22ecba1a9ce7cebd2,erc20,0.13972790947960506,WETH,0xc02aaa39b223fe8d0a0e5c4f27ead9083c756cc2,0x0974c65ceb0ec94ad0a266e9e0c1bcb3ff059dd5f5c78770e101978b7c30576b,1613110824,candidate_layering
0xb270176ba6075196df88b855c3ec7776871fdb33,0xe069cb01d06ba617bcdf789bf2ff0d5e5ca20c71,erc20,4.26215259687309,TORN,0x77777feddddffc19ff86db637967013e6c6a116c,0x040b04746dc09d130998061b1b5ae60920a266220c9ef2f51eeb22adc7af4897,1613112124,candidate_layering
0xb270176ba6075196df88b855c3ec7776871fdb33,0xe069cb01d06ba617bcdf789bf2ff0d5e5ca20c71,erc20,13.293050362711927,TORN,0x77777feddddffc19ff86db637967013e6c6a116c,0xeae353678a090b5477706b1ffb263b7d7b265370084de9aaebe743b2c640d859,1613112232,candidate_layering
0xb270176ba6075196df88b855c3ec7776871fdb33,0x00000000000017c75025d397b91d284bbe8fc7f2,erc20,72.09222917313035,TORN,0x77777feddddffc19ff86db637967013e6c6a116c,0xf428f4cef505c9da5674af0c7c77ef484555a77ff0d7f2b89163f40c3f2f0eaa,1613112919,candidate_layering
0xb270176ba6075196df88b855c3ec7776871fdb33,0x0000000000007f150bd6f54c40a34d7c3d5e9f56,erc20,6.489152467417775,WETH,0xc02aaa39b223fe8d0a0e5c4f27ead9083c756cc2,0x0fd9756e16ff8670a7245ee52a83ba9105e25474e716c0711d94934ff06c219b,1613112928,candidate_layering
0xb270176ba6075196df88b855c3ec7776871fdb33,0x0c722a487876989af8a05fffb6e32e45cc23fb3a,erc20,18.935395367648322,TORN,0x77777feddddffc19ff86db637967013e6c6a116c,0xf21a7b324c0c798383647e179e551ecc93fb5fc8ae5267c64d1dd12e0fd62d3b,1613115179,candidate_layering
0xb270176ba6075196df88b855c3ec7776871fdb33,0xe069cb01d06ba617bcdf789bf2ff0d5e5ca20c71,erc20,26.98071639744945,TORN,0x77777feddddffc19ff86db637967013e6c6a116c,0xd04011917feb5a02dcf7c73517995c5fb1e65864543a16a9a367aa2e06299f06,1613115218,candidate_layering
0xb270176ba6075196df88b855c3ec7776871fdb33,0xa423687ddf458a3a0ae4b738dc2cca3c4312a742,erc20,20.0,TORN,0x77777feddddffc19ff86db637967013e6c6a116c,0xfb92fad3ee8b6097e2b469ed8c70832749a9598e7dcb5ee7b48f826eab0c8cae,1613115797,candidate_layering
0xb270176ba6075196df88b855c3ec7776871fdb33,0x384bfb7db2e58c02dd68c8d584ba639fe4308704,erc20,3.2144000081995117,WETH,0xc02aaa39b223fe8d0a0e5c4f27ead9083c756cc2,0xaa66f836694da5904fb3fd956640499a5e976b09b3e76bc604d8aff274b050ff,1613116887,candidate_layering
0xb270176ba6075196df88b855c3ec7776871fdb33,0x84c191dcfd652f6b1012bde262aaa933a793e56f,erc20,3.6670429330902317,TORN,0x77777feddddffc19ff86db637967013e6c6a116c,0xef2c50805f155fbaf4ac5249659acf64ba759296db1f8faca981757b4413e8b6,1613117024,candidate_layering
0xb270176ba6075196df88b855c3ec7776871fdb33,0x397ff1542f962076d0bfe58ea045ffa2d347aca0,erc20,0.8183659033387851,WETH,0xc02aaa39b223fe8d0a0e5c4f27ead9083c756cc2,0xdd0df06c719b6b22a9c1d8fd926b4a16a174e504deea396db602c97e375fb821,1613117334,candidate_layering
0xb270176ba6075196df88b855c3ec7776871fdb33,0xe069cb01d06ba617bcdf789bf2ff0d5e5ca20c71,erc20,14.31752936303389,WETH,0xc02aaa39b223fe8d0a0e5c4f27ead9083c756cc2,0x5248f932df64acfb5c11dea432a9720b29426a5c4270f7024645ee77b426df28,1613118675,candidate_layering
0xb270176ba6075196df88b855c3ec7776871fdb33,0x0000000000007f150bd6f54c40a34d7c3d5e9f56,erc20,32.76071644373287,TORN,0x77777feddddffc19ff86db637967013e6c6a116c,0x0546cad8b95428f77841e5e87912b5e5e93f4fd81443c5e77cf723da3fb76a60,1613118699,candidate_layering
0xb270176ba6075196df88b855c3ec7776871fdb33,0xe069cb01d06ba617bcdf789bf2ff0d5e5ca20c71,erc20,82.45566802968669,TORN,0x77777feddddffc19ff86db637967013e6c6a116c,0x5732d5912c0d5f53e287ff9758a66f43743fcb3ea43d75d6b7a35ace3b14cb4c,1613118815,candidate_layering
0xb270176ba6075196df88b855c3ec7776871fdb33,0x000000002605006ff4ad30ac969f0726821ebd7c,erc20,3.452844494671719,WETH,0xc02aaa39b223fe8d0a0e5c4f27ead9083c756cc2,0xe8cd6f1ceb8ff659ef7ce5fe8a5de8cfdc1b32de926b227645f10a000a47f7fc,1613118962,candidate_layering
0xb270176ba6075196df88b855c3ec7776871fdb33,0xe069cb01d06ba617bcdf789bf2ff0d5e5ca20c71,erc20,4.387713525378874,WETH,0xc02aaa39b223fe8d0a0e5c4f27ead9083c756cc2,0xe8bb79c5970ebd67acca365bfdca98208729c235d281b9d6e0f541c5ee0bde38,1613119136,candidate_layering
0xb270176ba6075196df88b855c3ec7776871fdb33,0x384bfb7db2e58c02dd68c8d584ba639fe4308704,erc20,26.073551609823827,TORN,0x77777feddddffc19ff86db637967013e6c6a116c,0x60130a37b54d694f625c949343f61d44908ea1167a2b3b561f224085a8b95d16,1613120223,candidate_layering
0xb270176ba6075196df88b855c3ec7776871fdb33,0x78a55b9b3bbeffb36a43d9905f654d2769dc55e8,erc20,4.787181754589393,WETH,0xc02aaa39b223fe8d0a0e5c4f27ead9083c756cc2,0x3bb72abb7e56a37528bc39b4d5f92b564ba84577707acaab7aa4821b5ddb852a,1613120407,candidate_layering
0xb270176ba6075196df88b855c3ec7776871fdb33,0xdef1c0ded9bec7f1a1670819833240f027b25eff,erc20,0.8185910536699808,WETH,0xc02aaa39b223fe8d0a0e5c4f27ead9083c756cc2,0x04e549c7ec9de226abbd973de3d36d25b6205c8376486700b307c1918cfcf39d,1613121054,candidate_layering
0xb270176ba6075196df88b855c3ec7776871fdb33,0x860bd2dba9cd475a61e6d1b45e16c365f6d78f66,erc20,4.8216390588377465,WETH,0xc02aaa39b223fe8d0a0e5c4f27ead9083c756cc2,0xe9a597fa144a8293e7649ead04b84ac883610d82a544f8b87b3e16edb7d48dcc,1613121427,candidate_layering
0xb270176ba6075196df88b855c3ec7776871fdb33,0x860bd2dba9cd475a61e6d1b45e16c365f6d78f66,erc20,10.743889200524762,WETH,0xc02aaa39b223fe8d0a0e5c4f27ead9083c756cc2,0x789b79ea183411a19e1422d10acd1089d5cc5c23cc8b07944aad8ac364eadd60,1613121427,candidate_layering
0xb270176ba6075196df88b855c3ec7776871fdb33,0x0c722a487876989af8a05fffb6e32e45cc23fb3a,erc20,84.32996066639295,TORN,0x77777feddddffc19ff86db637967013e6c6a116c,0xfdcfa6b9def24d965af0cd352a9dbdb2bbfec9fdd0f0e69b154d7c961dd31e82,1613121449,candidate_layering
0xb270176ba6075196df88b855c3ec7776871fdb33,0x860bd2dba9cd475a61e6d1b45e16c365f6d78f66,erc20,24.60409494908962,TORN,0x77777feddddffc19ff86db637967013e6c6a116c,0xa3b9afffd730bea7ad1a3e66b9e8e85a7f21fac622dc76fe53695d8a3e322c09,1613121882,candidate_layering
0xb270176ba6075196df88b855c3ec7776871fdb33,0x0000000000000000000000000000000000000000,erc20,7.614452109206593,SLP,0xb270176ba6075196df88b855c3ec7776871fdb33,0xfb32621adb0aca6b21adc3f2b96dc8366b562f8ebd68e33e7ed71f8b2c905a20,1613122010,candidate_layering
0xb270176ba6075196df88b855c3ec7776871fdb33,0xa423687ddf458a3a0ae4b738dc2cca3c4312a742,erc20,20.702906029128876,TORN,0x77777feddddffc19ff86db637967013e6c6a116c,0xfb32621adb0aca6b21adc3f2b96dc8366b562f8ebd68e33e7ed71f8b2c905a20,1613122010,candidate_layering
0xb270176ba6075196df88b855c3ec7776871fdb33,0xa423687ddf458a3a0ae4b738dc2cca3c4312a742,erc20,3.010058164056632,WETH,0xc02aaa39b223fe8d0a0e5c4f27ead9083c756cc2,0xfb32621adb0aca6b21adc3f2b96dc8366b562f8ebd68e33e7ed71f8b2c905a20,1613122010,candidate_layering
0xb270176ba6075196df88b855c3ec7776871fdb33,0x860bd2dba9cd475a61e6d1b45e16c365f6d78f66,erc20,3.295178054825571,WETH,0xc02aaa39b223fe8d0a0e5c4f27ead9083c756cc2,0x2811367a7d764dee14109324894dfa94b0856e3f007fa764c91e3ca417ad3cc3,1613122016,candidate_layering
0xb270176ba6075196df88b855c3ec7776871fdb33,0xe069cb01d06ba617bcdf789bf2ff0d5e5ca20c71,erc20,1.400082458675279,TORN,0x77777feddddffc19ff86db637967013e6c6a116c,0x084cfb269c675f941cd0a437eb0c39420d4342f642276969e1ee63ba7b8adc8e,1613122101,candidate_layering
0xb270176ba6075196df88b855c3ec7776871fdb33,0xa423687ddf458a3a0ae4b738dc2cca3c4312a742,erc20,10.0,TORN,0x77777feddddffc19ff86db637967013e6c6a116c,0x035c28977a863952f3cdd0b926481eb4955aee61d70d4e429f8b10bda2ea39d4,1613122625,candidate_layering
0xb270176ba6075196df88b855c3ec7776871fdb33,0x91baf383abc0c332a69a73041c866f6761a90b3c,erc20,6.90901961731248,TORN,0x77777feddddffc19ff86db637967013e6c6a116c,0x8866d33f9a040a2ed96596dd9b73dfeee66b2ab74257326489289612bb5d4149,1613122739,candidate_layering
0xb270176ba6075196df88b855c3ec7776871fdb33,0x91baf383abc0c332a69a73041c866f6761a90b3c,erc20,0.4981569909221744,WETH,0xc02aaa39b223fe8d0a0e5c4f27ead9083c756cc2,0x8866d33f9a040a2ed96596dd9b73dfeee66b2ab74257326489289612bb5d4149,1613122739,candidate_layering
0xb270176ba6075196df88b855c3ec7776871fdb33,0xe069cb01d06ba617bcdf789bf2ff0d5e5ca20c71,erc20,3.485150348112814,WETH,0xc02aaa39b223fe8d0a0e5c4f27ead9083c756cc2,0xeeb16668b316bd3a5b330cdcbbdee3f2df8ef5fc89b166176318eb859f062134,1613123038,candidate_layering
0xb270176ba6075196df88b855c3ec7776871fdb33,0x7c5bf44bf58f2bb4e34922cc0863fb3664cc8b38,erc20,3.527675251082952,TORN,0x77777feddddffc19ff86db637967013e6c6a116c,0x8e10db14d2d7b4b8d8037eaf5ce695c3ff0d67705e8ab2d823c81caf22a4bb47,1613123115,candidate_layering
0xb270176ba6075196df88b855c3ec7776871fdb33,0xe069cb01d06ba617bcdf789bf2ff0d5e5ca20c71,erc20,15.010698688227592,TORN,0x77777feddddffc19ff86db637967013e6c6a116c,0x3567118d3f40108a4e5077e9ff449bb04b76c485ed6a2a4ff97c988fe0d57b21,1613123417,candidate_layering
0xb270176ba6075196df88b855c3ec7776871fdb33,0x08650bb9dc722c9c8c62e79c2bafa2d3fc5b3293,erc20,2.170831185430713,WETH,0xc02aaa39b223fe8d0a0e5c4f27ead9083c756cc2,0x148edec6e5de1e7124032ba82609c143a76adc18f92822c9b0b8a2b84ea81015,1613123615,candidate_layering
0xb270176ba6075196df88b855c3ec7776871fdb33,0x860bd2dba9cd475a61e6d1b45e16c365f6d78f66,erc20,42.18859722787051,TORN,0x77777feddddffc19ff86db637967013e6c6a116c,0x81bd81e6b5bd2091880fbdc602d52fca7bbb468efe72bf9f21926d6a6bdbcf79,1613123689,candidate_layering
0xb270176ba6075196df88b855c3ec7776871fdb33,0x384bfb7db2e58c02dd68c8d584ba639fe4308704,erc20,2.74679159468025,WETH,0xc02aaa39b223fe8d0a0e5c4f27ead9083c756cc2,0xfae1dd9a6480102096ad9c0bbba49caeba013c072eba9e1673c4433a82368656,1613123713,candidate_layering
0xb270176ba6075196df88b855c3ec7776871fdb33,0xe069cb01d06ba617bcdf789bf2ff0d5e5ca20c71,erc20,54.43313077369518,TORN,0x77777feddddffc19ff86db637967013e6c6a116c,0xf32f1eb992777d912493210efaaa19d11d13cb176f0e196956e6a757f2129e97,1613124406,candidate_layering
0xb270176ba6075196df88b855c3ec7776871fdb33,0x384bfb7db2e58c02dd68c8d584ba639fe4308704,erc20,3.792250002208477,WETH,0xc02aaa39b223fe8d0a0e5c4f27ead9083c756cc2,0x6d9b4ac1cd85240b970c25ea9f4643b8c55825c902c9a1fd23cde3d540897864,1613124486,candidate_layering
0xb270176ba6075196df88b855c3ec7776871fdb33,0xe069cb01d06ba617bcdf789bf2ff0d5e5ca20c71,erc20,3.4228112723349504,WETH,0xc02aaa39b223fe8d0a0e5c4f27ead9083c756cc2,0x4705bc5519a9adb68d986093dc5653b27277b210510c6eda2aaa482d1da35b9b,1613125570,candidate_layering
