source,target,transaction_type,amount,tokenSymbol,contractAddress,hash,timeStamp,label
0xc7a1cb6edc22e94f17c80eb5b959f2ad28511d4e,0xd3d74b500ea00fed85bdc2c28e62f44f85d7dc6f,erc20,353.3033477292,HBT,0x0ace32f6e87ac1457a5385f8eb0208f37263b415,0x1a8bb70fbb100007a576f1b4f876b2bdd64231c4b7ffb42af49982bac148422c,1615375495,candidate_layering
0xc7a1cb6edc22e94f17c80eb5b959f2ad28511d4e,0x496b6eb9b0540c935b627514a3e71bc292a306e7,erc20,180.0,HBT,0x0ace32f6e87ac1457a5385f8eb0208f37263b415,0x9fdb4704675b0b2e054ede085f4067b4c3f95086c0bce87f8e08cd482f87734e,1615378150,candidate_layering
0xc7a1cb6edc22e94f17c80eb5b959f2ad28511d4e,0xa478c2975ab1ea89e8196811f51a7b7ade33eb11,erc20,0.04347344259202043,WETH,0xc02aaa39b223fe8d0a0e5c4f27ead9083c756cc2,0x0caef02820b313eb2ecec4daad98959d72a7a0bd3d0ce51b60011f34ef0df2b7,1615378220,candidate_layering
0xc7a1cb6edc22e94f17c80eb5b959f2ad28511d4e,0xa478c2975ab1ea89e8196811f51a7b7ade33eb11,erc20,0.03489255652147778,WETH,0xc02aaa39b223fe8d0a0e5c4f27ead9083c756cc2,0x40922ec186e2bda93c8f09bc05a04b7737a6b9943e4736b30096a7e6a4a1f1b9,1615378287,candidate_layering
0xc7a1cb6edc22e94f17c80eb5b959f2ad28511d4e,0x496b6eb9b0540c935b627514a3e71bc292a306e7,erc20,180.0,HBT,0x0ace32f6e87ac1457a5385f8eb0208f37263b415,0x091fdbc5e584fd19beea1deb29e688abff0f1d04fcb156ee1f25ca044d49d3d4,1615378310,candidate_layering
0xc7a1cb6edc22e94f17c80eb5b959f2ad28511d4e,0x194d5c4f2508bc8a2f4ddeffd50d2b81d3749b88,erc20,449.8510580361,HBT,0x0ace32f6e87ac1457a5385f8eb0208f37263b415,0x88014ca3a00d582e0c37f408e1d75c591dcdf4aa3b4ee45f59525f459bd5f0e2,1615378445,candidate_layering
0xc7a1cb6edc22e94f17c80eb5b959f2ad28511d4e,0xf21f7adb8c3771888e5ccec9658b231f042169d7,erc20,366.9802511594,HBT,0x0ace32f6e87ac1457a5385f8eb0208f37263b415,0x4f23ce6ae5202cd8ff6c8859d15e3288fd9caec4c4da4f1f911bed254e2669b1,1615379153,candidate_layering
0xc7a1cb6edc22e94f17c80eb5b959f2ad28511d4e,0x2be68e381eaad342b9892961beb822270ef1fbd4,erc20,578.7605976084,HBT,0x0ace32f6e87ac1457a5385f8eb0208f37263b415,0x05fc6aeca0c1c87de340bd30c698b72cb45c846d1312cc37813bc67e62affc10,1615379799,candidate_layering
0xc7a1cb6edc22e94f17c80eb5b959f2ad28511d4e,0xa0f053fe761f99f9752e687b26fbe8202ea119c6,erc20,451.1024315243,HBT,0x0ace32f6e87ac1457a5385f8eb0208f37263b415,0xe79bd6b7e2e09a3a74b2537db41263692435ffbc13ab5f1e4cf0e2a244d5caa7,1615380388,candidate_layering
0xc7a1cb6edc22e94f17c80eb5b959f2ad28511d4e,0x2be68e381eaad342b9892961beb822270ef1fbd4,erc20,529.0317532953,HBT,0x0ace32f6e87ac1457a5385f8eb0208f37263b415,0x6746e67367655a710bdecd979349e41a178b9aab1ec8ad96286b129b2dabfc0a,1615380745,candidate_layering
0xc7a1cb6edc22e94f17c80eb5b959f2ad28511d4e,0x420d8a4be9ce20f8cf67b8b2600157cfc8298e84,erc20,379.1955982757,HBT,0x0ace32f6e87ac1457a5385f8eb0208f37263b415,0xbb927d2ca0b6f0ceb40074f3125a80dda8364c4b03be684b2bd3a032e64ad7d1,1615380835,candidate_layering
0xc7a1cb6edc22e94f17c80eb5b959f2ad28511d4e,0xdbddeee008cd513573fa67fdb85bb424f22e2853,erc20,184.4565058961,HBT,0x0ace32f6e87ac1457a5385f8eb0208f37263b415,0x33ad5bb08fb4bf444c3aea40a56137d3b40883cf948bdd47e1bf81963798acdb,1615380973,candidate_layering
0xc7a1cb6edc22e94f17c80eb5b959f2ad28511d4e,0x4dbc6ec9f3b96e9b0c86f45cb0fed45666254f01,erc20,99.8272197989,HBT,0x0ace32f6e87ac1457a5385f8eb0208f37263b415,0xa6d5a2670cb1a15fa5ec3266619fc3480abb18d575c8f3012f30c481a2687a69,1615381233,candidate_layering
0xc7a1cb6edc22e94f17c80eb5b959f2ad28511d4e,0x7a7892b3ef64abede8348684ba57a37fd7edc0d9,erc20,304.0857625198,HBT,0x0ace32f6e87ac1457a5385f8eb0208f37263b415,0x14c92eb08e5d5cc6acfb5320e2f44d5b9d9df893dc19d6ced19214e83ca876e4,1615381312,candidate_layering
0xc7a1cb6edc22e94f17c80eb5b959f2ad28511d4e,0xdbddeee008cd513573fa67fdb85bb424f22e2853,erc20,123.9375397923,HBT,0x0ace32f6e87ac1457a5385f8eb0208f37263b415,0x3d7d655280c3ebda3a653da348549e8a596c0ea12517a189ce5beb15676bbe14,1615381372,candidate_layering
0xc7a1cb6edc22e94f17c80eb5b959f2ad28511d4e,0xe97a8888c89951ed4567d61fbca8a6c6c7e762c2,erc20,109.5587009566,HBT,0x0ace32f6e87ac1457a5385f8eb0208f37263b415,0x510f9f01894fc652c7635f69c30ee07cae5d2df5211b0865ade553754e4c260b,1615381400,candidate_layering
0xc7a1cb6edc22e94f17c80eb5b959f2ad28511d4e,0x13adb88d0ce40651625b43b597019f9ce3d60bcc,erc20,89.206295187,HBT,0x0ace32f6e87ac1457a5385f8eb0208f37263b415,0x61f74d0798dcc97fe8b898c364a892aec9d09ad2c571ba597092f852ee12ce3f,1615381497,candidate_layering
0xc7a1cb6edc22e94f17c80eb5b959f2ad28511d4e,0x4dbc6ec9f3b96e9b0c86f45cb0fed45666254f01,erc20,80.0,HBT,0x0ace32f6e87ac1457a5385f8eb0208f37263b415,0x15c1c5836dc31d36737a481fcf0db57551f0086c298f12ed5f028623ad1e7d06,1615381512,candidate_layering
0xc7a1cb6edc22e94f17c80eb5b959f2ad28511d4e,0x4dbc6ec9f3b96e9b0c86f45cb0fed45666254f01,erc20,80.0,HBT,0x0ace32f6e87ac1457a5385f8eb0208f37263b415,0xf877ec95f83235de0ad489f7746e7c5088b0ea2b0080c42a0c56c3d29b768265,1615381540,candidate_layering
0xc7a1cb6edc22e94f17c80eb5b959f2ad28511d4e,0x4dbc6ec9f3b96e9b0c86f45cb0fed45666254f01,erc20,75.0,HBT,0x0ace32f6e87ac1457a5385f8eb0208f37263b415,0xa5adb908b36349372cb2d44f4c45bd9e23f619d3f1acaf350f4e69ba25f7d77f,1615381627,candidate_layering
0xc7a1cb6edc22e94f17c80eb5b959f2ad28511d4e,0x4dbc6ec9f3b96e9b0c86f45cb0fed45666254f01,erc20,70.0,HBT,0x0ace32f6e87ac1457a5385f8eb0208f37263b415,0x7144ec4f63abd95068dd7c628e061596afe5c504cfb9dc88140c800cf8914e25,1615381664,candidate_layering
0xc7a1cb6edc22e94f17c80eb5b959f2ad28511d4e,0x0555bdebc3429585b4594285a76f853725a49532,erc20,125.1798292154,HBT,0x0ace32f6e87ac1457a5385f8eb0208f37263b415,0xb72b260607e77232334871853e31c6d4db41f17ac9e2c1302495cc88c1696ec0,1615381709,candidate_layering
0xc7a1cb6edc22e94f17c80eb5b959f2ad28511d4e,0xcb114805b901f7a9c38d5675272ef26459a7d805,erc20,127.3200942539,HBT,0x0ace32f6e87ac1457a5385f8eb0208f37263b415,0x764c8f17670beda92c15a9d39407d251e7229c83e9229d1fa62981054dc61012,1615381709,candidate_layering
0xc7a1cb6edc22e94f17c80eb5b959f2ad28511d4e,0x0555bdebc3429585b4594285a76f853725a49532,erc20,0.2680086740281474,WETH,0xc02aaa39b223fe8d0a0e5c4f27ead9083c756cc2,0x97e080fdbf21bf9c7404dbaa09e33da040c48960c419d3feb03b785608bc5731,1615381709,candidate_layering
0xc7a1cb6edc22e94f17c80eb5b959f2ad28511d4e,0xb39551d4214237d5344724d6dacadd9f8bfa1a8f,erc20,49.5217063457,HBT,0x0ace32f6e87ac1457a5385f8eb0208f37263b415,0x95835ce52d88d0e8612a7f9fc1df179bd6d64c9ced7a27cf6e6388276f6e45ac,1615381818,candidate_layering
0xc7a1cb6edc22e94f17c80eb5b959f2ad28511d4e,0xc9f8878ebba65ab04743f374f57fb652981e222c,erc20,0.6873209063731633,WETH,0xc02aaa39b223fe8d0a0e5c4f27ead9083c756cc2,0x3eb85f01a59cfe72658e9fb97ff57ac502f0a7d761dfa0f001c2ec10d55335c2,1615381860,candidate_layering
0xc7a1cb6edc22e94f17c80eb5b959f2ad28511d4e,0xc2b02eda5ced799e554d2e5492819df918160008,erc20,84.9648615238,HBT,0x0ace32f6e87ac1457a5385f8eb0208f37263b415,0xe65915b60355d2d1961ac2fe8bb79431ca5428d880afe8299e5541209b938b0a,1615381879,candidate_layering
0xc7a1cb6edc22e94f17c80eb5b959f2ad28511d4e,0x0555bdebc3429585b4594285a76f853725a49532,erc20,139.5994836618,HBT,0x0ace32f6e87ac1457a5385f8eb0208f37263b415,0xb1526b5f7de3dcc1ed97bc5751cb2a4cc1dd7dd9c0ca74c85889e4a7dc332717,1615381955,candidate_layering
0xc7a1cb6edc22e94f17c80eb5b959f2ad28511d4e,0xcb114805b901f7a9c38d5675272ef26459a7d805,erc20,161.9224154819,HBT,0x0ace32f6e87ac1457a5385f8eb0208f37263b415,0x2bf40524c35c0a1d4e36c621c12142d92a859471f91a0dad3be80d90622cdf67,1615381955,candidate_layering
0xc7a1cb6edc22e94f17c80eb5b959f2ad28511d4e,0x0555bdebc3429585b4594285a76f853725a49532,erc20,0.2374043282101723,WETH,0xc02aaa39b223fe8d0a0e5c4f27ead9083c756cc2,0x3ead79435f67eba2b36c504922bea29e4af4407fd65b6489d5c62ac7353cf8fb,1615381961,candidate_layering
0xc7a1cb6edc22e94f17c80eb5b959f2ad28511d4e,0x0d4a11d5eeaac28ec3f61d100daf4d40471f1852,erc20,0.268706875146257,WETH,0xc02aaa39b223fe8d0a0e5c4f27ead9083c756cc2,0xad4f1c00d5ececdc517af39f395935f8b08ecb936acdd81e3957e4c5c3758782,1615381998,candidate_layering
0xc7a1cb6edc22e94f17c80eb5b959f2ad28511d4e,0x4dbc6ec9f3b96e9b0c86f45cb0fed45666254f01,erc20,80.0,HBT,0x0ace32f6e87ac1457a5385f8eb0208f37263b415,0xd5062d52b4244471bd21260dfb488414e82f1f45405a3b0bfc8f2284ac3fdecd,1615382062,candidate_layering
0xc7a1cb6edc22e94f17c80eb5b959f2ad28511d4e,0x0d4a11d5eeaac28ec3f61d100daf4d40471f1852,erc20,0.24472889415703383,WETH,0xc02aaa39b223fe8d0a0e5c4f27ead9083c756cc2,0xa9e60cfb2e506978d41699ebc99b74915fd5688617194a895f796d54fb15de0b,1615382302,candidate_layering
0xc7a1cb6edc22e94f17c80eb5b959f2ad28511d4e,0x7a250d5630b4cf539739df2c5dacb4c659f2488d,erc20,0.29630104713156147,WETH,0xc02aaa39b223fe8d0a0e5c4f27ead9083c756cc2,0x6e0105cd49ba31cb5f43f67f87d27b7c5bbd3f8bea18bf4f1bba2c0cf7d70ae7,1615382383,candidate_layering
0xc7a1cb6edc22e94f17c80eb5b959f2ad28511d4e,0x4dbc6ec9f3b96e9b0c86f45cb0fed45666254f01,erc20,100.0,HBT,0x0ace32f6e87ac1457a5385f8eb0208f37263b415,0x7f14146520ce4e479d7f6f18c57c1c113544eab3dac3b1d2da6b5f2dfea57e56,1615382483,candidate_layering
0xc7a1cb6edc22e94f17c80eb5b959f2ad28511d4e,0x9ca2c56c0f876108a5ec1c518baad5b86e651fb3,erc20,243.4238859266,HBT,0x0ace32f6e87ac1457a5385f8eb0208f37263b415,0x3949d86d2164caf823280b4831312f394f299d491892632338d6a10c6d609391,1615382796,candidate_layering
0xc7a1cb6edc22e94f17c80eb5b959f2ad28511d4e,0x0d4a11d5eeaac28ec3f61d100daf4d40471f1852,erc20,0.22504285442473212,WETH,0xc02aaa39b223fe8d0a0e5c4f27ead9083c756cc2,0x3d76454bec84be49bac056d98783ea38ccd82145db9ddfb9aecdff990f500061,1615382863,candidate_layering
0xc7a1cb6edc22e94f17c80eb5b959f2ad28511d4e,0x26235d2be231e97a15c5387e47ad54a0e09d7cce,erc20,219.5035082926,HBT,0x0ace32f6e87ac1457a5385f8eb0208f37263b415,0x523dbd8c81eb4028ba855749487d0efeeaf3b35a3eaf2036babcc8acbbd4e931,1615382942,candidate_layering
0xc7a1cb6edc22e94f17c80eb5b959f2ad28511d4e,0x8f1c582b85259f7bbdb8c093f58268131a4ecd87,erc20,0.37181229726201115,WETH,0xc02aaa39b223fe8d0a0e5c4f27ead9083c756cc2,0xbe4eb101b2d54cdafd9e9c7798cfa112dfc763baae9236fce55d5afa7cd1c31a,1615383048,candidate_layering
0xc7a1cb6edc22e94f17c80eb5b959f2ad28511d4e,0x7a250d5630b4cf539739df2c5dacb4c659f2488d,erc20,0.42988048303896265,WETH,0xc02aaa39b223fe8d0a0e5c4f27ead9083c756cc2,0xb4b0c35389671f980b66d58108895ad5463f4845852a357ab73bb26f869dce96,1615383087,candidate_layering
0xc7a1cb6edc22e94f17c80eb5b959f2ad28511d4e,0x2ad091ea4f161391a73e03e56ca7ece50fea110e,erc20,126.7146565405,HBT,0x0ace32f6e87ac1457a5385f8eb0208f37263b415,0x5c5dfa4ba6c55d6c6736b7cb8648694ed94975df2cc0d59379cd3535a6a0e066,1615383137,candidate_layering
0xc7a1cb6edc22e94f17c80eb5b959f2ad28511d4e,0x9ca2c56c0f876108a5ec1c518baad5b86e651fb3,erc20,159.7543070353,HBT,0x0ace32f6e87ac1457a5385f8eb0208f37263b415,0x1bebfb12e643754d169a589bfd626f207f3b48897949c89825148cd1f82c8d54,1615383165,candidate_layering
0xc7a1cb6edc22e94f17c80eb5b959f2ad28511d4e,0x7a250d5630b4cf539739df2c5dacb4c659f2488d,erc20,1.7922583103570584,WETH,0xc02aaa39b223fe8d0a0e5c4f27ead9083c756cc2,0x472a30aa1ce8b8b058e3caf1f2fac57c69a83070f43fc081285abf40dba0abcf,1615383386,candidate_layering
0xc7a1cb6edc22e94f17c80eb5b959f2ad28511d4e,0x4dbc6ec9f3b96e9b0c86f45cb0fed45666254f01,erc20,400.0,HBT,0x0ace32f6e87ac1457a5385f8eb0208f37263b415,0x5e93fc29c65dbc55b265b4af27cf50eacf5c58785a1a2ad0d229c9270e5cd79a,1615383405,candidate_layering
0xc7a1cb6edc22e94f17c80eb5b959f2ad28511d4e,0x6cf51fdef74d02296017a1129086ee9c3477dc01,erc20,871.3521537599,HBT,0x0ace32f6e87ac1457a5385f8eb0208f37263b415,0xf3ff2804bad0eff9dbda213fb4f237b26ab5492f5776f6186b4e51675c61b446,1615383439,candidate_layering
0xc7a1cb6edc22e94f17c80eb5b959f2ad28511d4e,0x2be68e381eaad342b9892961beb822270ef1fbd4,erc20,395.9898057504,HBT,0x0ace32f6e87ac1457a5385f8eb0208f37263b415,0x78c4c87d0f5d70a2a4888743e4a9917093ad904989190d6512d7a15383e871c0,1615383523,candidate_layering
0xc7a1cb6edc22e94f17c80eb5b959f2ad28511d4e,0x9f7eeca178bbd940595f18f743d202b344ac6122,erc20,621.8793150005,HBT,0x0ace32f6e87ac1457a5385f8eb0208f37263b415,0x237f397121732178df08ba19eb1b93e49160f4bc5763fb127ca2569671ba69ce,1615383523,candidate_layering
0xc7a1cb6edc22e94f17c80eb5b959f2ad28511d4e,0x6cf51fdef74d02296017a1129086ee9c3477dc01,erc20,738.0615572859,HBT,0x0ace32f6e87ac1457a5385f8eb0208f37263b415,0xeed0e0ae530f30f491e4e1fee84dc427941677a9455822b010eb753b67c141ce,1615383594,candidate_layering
0xc7a1cb6edc22e94f17c80eb5b959f2ad28511d4e,0x26235d2be231e97a15c5387e47ad54a0e09d7cce,erc20,206.5464210821,HBT,0x0ace32f6e87ac1457a5385f8eb0208f37263b415,0x4b2bc703e9a26727606d4e3103ae475ca1e57c8036649a6f9a2eac768e12efcc,1615383641,candidate_layering
0xc7a1cb6edc22e94f17c80eb5b959f2ad28511d4e,0x13adb88d0ce40651625b43b597019f9ce3d60bcc,erc20,208.8866671492,HBT,0x0ace32f6e87ac1457a5385f8eb0208f37263b415,0xb9f73bbd922660e7871edbd930bc949168bf80f8b03bfb1b9128161197c41e20,1615383646,candidate_layering
0xc7a1cb6edc22e94f17c80eb5b959f2ad28511d4e,0x4dbc6ec9f3b96e9b0c86f45cb0fed45666254f01,erc20,201.6038818069,HBT,0x0ace32f6e87ac1457a5385f8eb0208f37263b415,0x7015f40b5192387419cc799aef8bad7b1cf6a1fd09d2c0e8e906e0177305330a,1615383698,candidate_layering
0xc7a1cb6edc22e94f17c80eb5b959f2ad28511d4e,0x9ca2c56c0f876108a5ec1c518baad5b86e651fb3,erc20,214.8776715023,HBT,0x0ace32f6e87ac1457a5385f8eb0208f37263b415,0xdc8be95e0f17ebdcac4e5f5f53f536c699e410f9e0538a30e691785068123534,1615383717,candidate_layering
0xc7a1cb6edc22e94f17c80eb5b959f2ad28511d4e,0xc2b02eda5ced799e554d2e5492819df918160008,erc20,146.1938645443,HBT,0x0ace32f6e87ac1457a5385f8eb0208f37263b415,0x6e597bd1c7b9f90513a58514e745ad54db69477e2ed7f226e5b73ef7b8ec6107,1615383832,candidate_layering
0xc7a1cb6edc22e94f17c80eb5b959f2ad28511d4e,0x0d4a11d5eeaac28ec3f61d100daf4d40471f1852,erc20,0.19887609190534564,WETH,0xc02aaa39b223fe8d0a0e5c4f27ead9083c756cc2,0x50cca79841daf74543cbd403bcbde918fabf12cfbbd214aa023c74beba5bd914,1615383841,candidate_layering
0xc7a1cb6edc22e94f17c80eb5b959f2ad28511d4e,0x28265b4188ff587e5cfe1155606026cd2ccd243d,erc20,316.9690138599,HBT,0x0ace32f6e87ac1457a5385f8eb0208f37263b415,0x2178f2942f0cfc61359c983448849f80dbca2ac61d3cb5374cc810f1882415d9,1615383861,candidate_layering
0xc7a1cb6edc22e94f17c80eb5b959f2ad28511d4e,0xcb114805b901f7a9c38d5675272ef26459a7d805,erc20,348.4071674081,HBT,0x0ace32f6e87ac1457a5385f8eb0208f37263b415,0xbd1832b613c2a1c43e56e5c9457f3fcc540ee4d13bfe20de75d07c4340ab06ce,1615383903,candidate_layering
0xc7a1cb6edc22e94f17c80eb5b959f2ad28511d4e,0x7a250d5630b4cf539739df2c5dacb4c659f2488d,erc20,0.43792784991136785,WETH,0xc02aaa39b223fe8d0a0e5c4f27ead9083c756cc2,0x70f74a3658b14b386d40b3ab69c429a1d5232fec4835147facc5f5aa75d97910,1615384546,candidate_layering
0xc7a1cb6edc22e94f17c80eb5b959f2ad28511d4e,0x0555bdebc3429585b4594285a76f853725a49532,erc20,778.8696692747,HBT,0x0ace32f6e87ac1457a5385f8eb0208f37263b415,0xa433ec64f1677c17a0644f4cf6dfe82504cdead65b1302b94795b3404a6c5f16,1615385214,candidate_layering
0xc7a1cb6edc22e94f17c80eb5b959f2ad28511d4e,0x2e902f0fb18841e773c40c062fd44def73d821cc,erc20,201.9107269368,HBT,0x0ace32f6e87ac1457a5385f8eb0208f37263b415,0x1db978511fed99a64e388b3d237cf94fbe4748979c7a48e86147f2b54f3b776c,1615385271,candidate_layering
0xc7a1cb6edc22e94f17c80eb5b959f2ad28511d4e,0x0555bdebc3429585b4594285a76f853725a49532,erc20,0.6624668506169616,WETH,0xc02aaa39b223fe8d0a0e5c4f27ead9083c756cc2,0x3b37c86a789c198f25352c90c9c387bb35c435f852a4cc6a2a71674551805772,1615385283,candidate_layering
0xc7a1cb6edc22e94f17c80eb5b959f2ad28511d4e,0x6dd064d9de98c1e19045c3d674e336a6d3ac3a80,erc20,76.3375411215,HBT,0x0ace32f6e87ac1457a5385f8eb0208f37263b415,0x0676b21cc8ba846c51834f6e1d436dd73b26cefae46712f8fd39855485895827,1615385356,candidate_layering
0xc7a1cb6edc22e94f17c80eb5b959f2ad28511d4e,0x7a250d5630b4cf539739df2c5dacb4c659f2488d,erc20,0.37713930087940944,WETH,0xc02aaa39b223fe8d0a0e5c4f27ead9083c756cc2,0x84a889a0c4d03ea0ba3b3a1f8ec500a262ff34c179b5846ee352a071fdac0222,1615386359,candidate_layering
0xc7a1cb6edc22e94f17c80eb5b959f2ad28511d4e,0x46109814e431d2d7b17b14c6a8e3080e88d40c3c,erc20,140.5446547765,HBT,0x0ace32f6e87ac1457a5385f8eb0208f37263b415,0xe1ad70dbacf83a16d2d6a47e60d349b9d302dc2b9858ac8daa92d9073ef80da7,1615386516,candidate_layering
0xc7a1cb6edc22e94f17c80eb5b959f2ad28511d4e,0x175e62e73dadcfa666cb0bb6473e2977dc05307f,erc20,317.401853665,HBT,0x0ace32f6e87ac1457a5385f8eb0208f37263b415,0x0d83f8e594577f720173bef3bd33d12e8daa0e8bf1b934072f32ba810f7727ee,1615388651,candidate_layering
0xc7a1cb6edc22e94f17c80eb5b959f2ad28511d4e,0x89cdccb649cca5a30a928500a010d685b09863ac,erc20,142.7994518044,HBT,0x0ace32f6e87ac1457a5385f8eb0208f37263b415,0x81a295379466a67b2d722c13937dbb506db11d7563cb0960716ff66c9141496a,1615388914,candidate_layering
0xc7a1cb6edc22e94f17c80eb5b959f2ad28511d4e,0x7a250d5630b4cf539739df2c5dacb4c659f2488d,erc20,0.44175371474568564,WETH,0xc02aaa39b223fe8d0a0e5c4f27ead9083c756cc2,0xfedec42828d6a867654550599080ec42d418f22c1d77a908b7a1287622c4f919,1615388932,candidate_layering
0xc7a1cb6edc22e94f17c80eb5b959f2ad28511d4e,0x7a250d5630b4cf539739df2c5dacb4c659f2488d,erc20,0.28841521890226285,WETH,0xc02aaa39b223fe8d0a0e5c4f27ead9083c756cc2,0x568a4f201fff85eb6d6fccf881d100dbae80a53ebabc9acee9b52b64d980c85b,1615389941,candidate_layering
0xc7a1cb6edc22e94f17c80eb5b959f2ad28511d4e,0x7a250d5630b4cf539739df2c5dacb4c659f2488d,erc20,0.18942710045979724,WETH,0xc02aaa39b223fe8d0a0e5c4f27ead9083c756cc2,0xd845c0a7179f2608189aea49e7e33aef0648ccccf8fde94b30c60361b98e04b7,1615393422,candidate_layering
0xc7a1cb6edc22e94f17c80eb5b959f2ad28511d4e,0x0555bdebc3429585b4594285a76f853725a49532,erc20,546.588801639,HBT,0x0ace32f6e87ac1457a5385f8eb0208f37263b415,0x99301c37a20a967ca754b262104660966105b12d2ea12e09e8d489663db80aee,1615393784,candidate_layering
0xc7a1cb6edc22e94f17c80eb5b959f2ad28511d4e,0x2fcc020f72e5d2edd2a24d04f3dc90d7fdfbd1dd,erc20,1000.0,HBT,0x0ace32f6e87ac1457a5385f8eb0208f37263b415,0x51ecffb88eaef60626246f2f5bdd618de8f699913ae10430eab4b061e7a617e9,1615393786,candidate_layering
0xc7a1cb6edc22e94f17c80eb5b959f2ad28511d4e,0x0555bdebc3429585b4594285a76f853725a49532,erc20,0.29980356458660423,WETH,0xc02aaa39b223fe8d0a0e5c4f27ead9083c756cc2,0x27de179ef6a0353b278930a8face978772f7756464677301feac3952cbe978f6,1615393786,candidate_layering
0xc7a1cb6edc22e94f17c80eb5b959f2ad28511d4e,0x2fcc020f72e5d2edd2a24d04f3dc90d7fdfbd1dd,erc20,1000.0,HBT,0x0ace32f6e87ac1457a5385f8eb0208f37263b415,0x339567f95f42efa12a33658750691294eb7e6675bc8c95cb54b85a1ce4f96f8a,1615393849,candidate_layering
0xc7a1cb6edc22e94f17c80eb5b959f2ad28511d4e,0x4dbc6ec9f3b96e9b0c86f45cb0fed45666254f01,erc20,110.0,HBT,0x0ace32f6e87ac1457a5385f8eb0208f37263b415,0x81bc11fd9ec6866385d3033104c7b8cac2d8fc4b4c2b346e15b2d4ddbf624405,1615394055,candidate_layering
0xc7a1cb6edc22e94f17c80eb5b959f2ad28511d4e,0x4dbc6ec9f3b96e9b0c86f45cb0fed45666254f01,erc20,174.2786432532,HBT,0x0ace32f6e87ac1457a5385f8eb0208f37263b415,0x03a764510d024afdb15bf0032578fedfc014d50a792a3574f24d0e266aec63cd,1615394292,candidate_layering
0xc7a1cb6edc22e94f17c80eb5b959f2ad28511d4e,0x7a250d5630b4cf539739df2c5dacb4c659f2488d,erc20,0.16534938448374287,WETH,0xc02aaa39b223fe8d0a0e5c4f27ead9083c756cc2,0x63b785afe281de2d5e97e23868977e1f5576fc0c684f3836ce661bdc38a54081,1615395856,candidate_layering
0xc7a1cb6edc22e94f17c80eb5b959f2ad28511d4e,0x7a250d5630b4cf539739df2c5dacb4c659f2488d,erc20,0.2298813008095767,WETH,0xc02aaa39b223fe8d0a0e5c4f27ead9083c756cc2,0x7731dac8a541963302405eb1998d875b50070fbb336fbd57c2564929ce797689,1615396484,candidate_layering
0xc7a1cb6edc22e94f17c80eb5b959f2ad28511d4e,0x7a250d5630b4cf539739df2c5dacb4c659f2488d,erc20,0.4433828129049937,WETH,0xc02aaa39b223fe8d0a0e5c4f27ead9083c756cc2,0x6dd82746efaadd5cab7cd22e7c6bcd78e052dd4554d446e44e1980abba0ec974,1615403846,candidate_layering
0xc7a1cb6edc22e94f17c80eb5b959f2ad28511d4e,0x7a250d5630b4cf539739df2c5dacb4c659f2488d,erc20,0.3829939071732195,WETH,0xc02aaa39b223fe8d0a0e5c4f27ead9083c756cc2,0x1430cc541b897386bf60ffecbe0db43fa9dfefbe5a40600f3e3a5703a4b4bbb8,1615404094,candidate_layering
0xc7a1cb6edc22e94f17c80eb5b959f2ad28511d4e,0x2fcc020f72e5d2edd2a24d04f3dc90d7fdfbd1dd,erc20,1000.0,HBT,0x0ace32f6e87ac1457a5385f8eb0208f37263b415,0x408b1c05b8c9aba5d652f7b670636803733d691f7994f74caf4eeebba71067c2,1615404372,candidate_layering
0xc7a1cb6edc22e94f17c80eb5b959f2ad28511d4e,0x7a250d5630b4cf539739df2c5dacb4c659f2488d,erc20,0.36090788107543487,WETH,0xc02aaa39b223fe8d0a0e5c4f27ead9083c756cc2,0xff1f384a5999c39ce3f9222d5683ab57cf52f375d58c04bdedd894c0a771b45e,1615404501,candidate_layering
0xc7a1cb6edc22e94f17c80eb5b959f2ad28511d4e,0xe069cb01d06ba617bcdf789bf2ff0d5e5ca20c71,erc20,0.671687335450336,WETH,0xc02aaa39b223fe8d0a0e5c4f27ead9083c756cc2,0xaa94c6d10e17e8e2a4086446799b717b8c1490df1892649476ed4b5398d312ff,1615405060,candidate_layering
0xc7a1cb6edc22e94f17c80eb5b959f2ad28511d4e,0x4dbc6ec9f3b96e9b0c86f45cb0fed45666254f01,erc20,413.7752573008,HBT,0x0ace32f6e87ac1457a5385f8eb0208f37263b415,0x4fa4e3c4a13fc49cf34143e78abb45173f4012e9c854e630b9bcad0639327f79,1615411271,candidate_layering
0xc7a1cb6edc22e94f17c80eb5b959f2ad28511d4e,0x5fb716a4b09d42f5894f3a2c7d3da3ee1711c3f8,erc20,584.9503462985,HBT,0x0ace32f6e87ac1457a5385f8eb0208f37263b415,0x410e7a940e66fa1580ab6a5bc8beaa63272c8782321a6a4285d870a54083ab68,1615417138,candidate_layering
0xc7a1cb6edc22e94f17c80eb5b959f2ad28511d4e,0x4dbc6ec9f3b96e9b0c86f45cb0fed45666254f01,erc20,410.0,HBT,0x0ace32f6e87ac1457a5385f8eb0208f37263b415,0x10a0bf51ad1f6392f023d0c9c0fa1c68c58b92c71b036e8a2b3dfeef1e399ea1,1615422367,candidate_layering
0xc7a1cb6edc22e94f17c80eb5b959f2ad28511d4e,0x4dbc6ec9f3b96e9b0c86f45cb0fed45666254f01,erc20,390.0,HBT,0x0ace32f6e87ac1457a5385f8eb0208f37263b415,0x6a16b41966af434f773c5d1f641a3f73952222df736f93197593a7ed57571e52,1615422497,candidate_layering
0xc7a1cb6edc22e94f17c80eb5b959f2ad28511d4e,0x7a250d5630b4cf539739df2c5dacb4c659f2488d,erc20,0.3863458043501277,WETH,0xc02aaa39b223fe8d0a0e5c4f27ead9083c756cc2,0xc43df3c1a36b0b1c0c3834b7bafa2f3da6d1c3834566793c5d314e6c84524ef8,1615422826,candidate_layering
0xc7a1cb6edc22e94f17c80eb5b959f2ad28511d4e,0x6e55d8ecc8c25e74592ad1c63ba60da93e9114ba,erc20,1000.0,HBT,0x0ace32f6e87ac1457a5385f8eb0208f37263b415,0xa2d1ec12351ea666152a72bddf606b5fae10bc679ea04b3860bf95be364e8cc1,1615428744,candidate_layering
0xc7a1cb6edc22e94f17c80eb5b959f2ad28511d4e,0xd9cfab54f1234aeea22b2818ab919866a2809c1c,erc20,684.3278395211,HBT,0x0ace32f6e87ac1457a5385f8eb0208f37263b415,0x9f2b0216cfabda85b291c4313826facb66da7035c3eb7fb26d6370821e0255c3,1615429346,candidate_layering
0xc7a1cb6edc22e94f17c80eb5b959f2ad28511d4e,0xd9ab3eecb0c2859f540453c78b5ae96a64353df8,erc20,350.7189884724,HBT,0x0ace32f6e87ac1457a5385f8eb0208f37263b415,0x514e659ead2d04f33c9eaaae9ab15fb7d5c7df9c3fabd8f93278dfb94b70b63a,1615429420,candidate_layering
0xc7a1cb6edc22e94f17c80eb5b959f2ad28511d4e,0xb60bfd02207823360263ed5886c9f3c240a05045,erc20,506.4674148632,HBT,0x0ace32f6e87ac1457a5385f8eb0208f37263b415,0x5935520bb9a2b83779d45c79dc33ad0d7d0bd87bdf6ec0e04efb51150328ce83,1615429838,candidate_layering
0xc7a1cb6edc22e94f17c80eb5b959f2ad28511d4e,0x0d4a11d5eeaac28ec3f61d100daf4d40471f1852,erc20,0.20676422749234255,WETH,0xc02aaa39b223fe8d0a0e5c4f27ead9083c756cc2,0xc17a549295da7e3aceb3cbbbc3a3a8471f6f7746d31e0f1ea5d47385129293e8,1615429906,candidate_layering
0xc7a1cb6edc22e94f17c80eb5b959f2ad28511d4e,0xb60bfd02207823360263ed5886c9f3c240a05045,erc20,500.0,HBT,0x0ace32f6e87ac1457a5385f8eb0208f37263b415,0xd1f021759c926924e0ac75a9cf8f33793dad167774e7748b56152c89fb3431f3,1615429952,candidate_layering
0xc7a1cb6edc22e94f17c80eb5b959f2ad28511d4e,0x0d4a11d5eeaac28ec3f61d100daf4d40471f1852,erc20,0.23061388407102726,WETH,0xc02aaa39b223fe8d0a0e5c4f27ead9083c756cc2,0xe8270621faef6f9f55f47185f7e7c4d5126c31ebbda896d48ab2e3558792a4a7,1615429981,candidate_layering
0xc7a1cb6edc22e94f17c80eb5b959f2ad28511d4e,0x7a250d5630b4cf539739df2c5dacb4c659f2488d,erc20,0.6896111811806077,WETH,0xc02aaa39b223fe8d0a0e5c4f27ead9083c756cc2,0x041567805feff13c623792086fa9d280ceb7113c582dc4fcb7845144308b365d,1615430120,candidate_layering
0xc7a1cb6edc22e94f17c80eb5b959f2ad28511d4e,0x19ba26834b8263ba087443e1bdf903b2e228e35b,erc20,111.7527408918,HBT,0x0ace32f6e87ac1457a5385f8eb0208f37263b415,0x728fc548ce1bb3b4560cc741065a9f0a001f8f6097bd0011d9c7e2e4941d7711,1615430161,candidate_layering
0xc7a1cb6edc22e94f17c80eb5b959f2ad28511d4e,0xb39551d4214237d5344724d6dacadd9f8bfa1a8f,erc20,82.0968974678,HBT,0x0ace32f6e87ac1457a5385f8eb0208f37263b415,0x337f2ad8d00a87300dac05e88acf45d2215a5a9be51e138115a7497f5ddda5e2,1615430212,candidate_layering
0xc7a1cb6edc22e94f17c80eb5b959f2ad28511d4e,0x56bfc207b3cfeea6402a56cf8ceca0fe9f04b2f9,erc20,490.0305408484,HBT,0x0ace32f6e87ac1457a5385f8eb0208f37263b415,0x0a0ed2abd0f2db730155d8ef28f359a68e3f88813a80702d8ce036bf4b88db63,1615430485,candidate_layering
0xc7a1cb6edc22e94f17c80eb5b959f2ad28511d4e,0x7698369cfc1d804bd9048bf1778376d412ef464e,erc20,376.934187532,HBT,0x0ace32f6e87ac1457a5385f8eb0208f37263b415,0xa43a0c40a89b24930a79243afecb150e9bfea9ea3cf8c1f7a18c31c591488ec7,1615430570,candidate_layering
0xc7a1cb6edc22e94f17c80eb5b959f2ad28511d4e,0x7a250d5630b4cf539739df2c5dacb4c659f2488d,erc20,1.0663685388073405,WETH,0xc02aaa39b223fe8d0a0e5c4f27ead9083c756cc2,0xb47790f39ab6a6dfdeacd7bd7398972bc885bafe697e5f64439f42b32ea49d45,1615430604,candidate_layering
0xc7a1cb6edc22e94f17c80eb5b959f2ad28511d4e,0x2952c225639041f920722fdb71044baa824c22c2,erc20,256.2910863742,HBT,0x0ace32f6e87ac1457a5385f8eb0208f37263b415,0xaa52af3a4bdcc3c28b3a6201f0088a4714dcb3cb7287dd29037cea456de01011,1615431063,candidate_layering
0xc7a1cb6edc22e94f17c80eb5b959f2ad28511d4e,0x7a250d5630b4cf539739df2c5dacb4c659f2488d,erc20,0.6077168681231668,WETH,0xc02aaa39b223fe8d0a0e5c4f27ead9083c756cc2,0x4da23050b2d049f2dbd95828163769fe7f26326f861e5a9333258effffd753e7,1615431167,candidate_layering
0xc7a1cb6edc22e94f17c80eb5b959f2ad28511d4e,0x7a250d5630b4cf539739df2c5dacb4c659f2488d,erc20,0.10005292813940476,WETH,0xc02aaa39b223fe8d0a0e5c4f27ead9083c756cc2,0xc6fe8002b083533f8c5e23bcffb89b94a80b9f184abb5ed5f0c5c924e4556d84,1615431529,candidate_layering
0xc7a1cb6edc22e94f17c80eb5b959f2ad28511d4e,0x7a250d5630b4cf539739df2c5dacb4c659f2488d,erc20,0.6484562334448076,WETH,0xc02aaa39b223fe8d0a0e5c4f27ead9083c756cc2,0x902c6d7cd42aa2a7604d94646bcbb3e3b007ceb668fbfcf91f936fc0485d1f96,1615432528,candidate_layering
0xc7a1cb6edc22e94f17c80eb5b959f2ad28511d4e,0x00000000e8080db3ed60313725643d38bec42071,erc20,1618.506146865,HBT,0x0ace32f6e87ac1457a5385f8eb0208f37263b415,0x3d72694d92f0de47d234c7cabb9c3d76b87909af1a1a01f47b6b6f27b101d84d,1615432531,candidate_layering
0xc7a1cb6edc22e94f17c80eb5b959f2ad28511d4e,0xa56eadee891bdc6c1ae35dad3465f6a8a4048ab1,erc20,766.8151969458,HBT,0x0ace32f6e87ac1457a5385f8eb0208f37263b415,0xb3d6969a7f172ceb219bfe1aeaade366647eb5d6cc41cacd2c2608b75429c5e6,1615432531,candidate_layering
0xc7a1cb6edc22e94f17c80eb5b959f2ad28511d4e,0x00000000e8080db3ed60313725643d38bec42071,erc20,1.473326388886233,WETH,0xc02aaa39b223fe8d0a0e5c4f27ead9083c756cc2,0x91f5f12a17be4425483401f0d6b8d4c0506b51c788c7abc5ed68b8ff16bf22d0,1615432531,candidate_layering
0xc7a1cb6edc22e94f17c80eb5b959f2ad28511d4e,0x2be68e381eaad342b9892961beb822270ef1fbd4,erc20,229.0122135311,HBT,0x0ace32f6e87ac1457a5385f8eb0208f37263b415,0x83875222b7eaf391d356a9977b1132460b82f17886cae9fe35b135decbbb7f55,1615432531,candidate_layering
0xc7a1cb6edc22e94f17c80eb5b959f2ad28511d4e,0x0555bdebc3429585b4594285a76f853725a49532,erc20,168.863516714,HBT,0x0ace32f6e87ac1457a5385f8eb0208f37263b415,0xb1c4af3299ac60e040ab5817c695c8504a47b796dd9a96e8e83f2554f57e27f2,1615433000,candidate_layering
0xc7a1cb6edc22e94f17c80eb5b959f2ad28511d4e,0xd24751c85d9b6e71ed272d79149f3c24f72b9c40,erc20,876.6206283489,HBT,0x0ace32f6e87ac1457a5385f8eb0208f37263b415,0x0617a58ac034a1fe342ec1b71229f2780287f0083aef0c6c825b83e0aec644cd,1615433000,candidate_layering
0xc7a1cb6edc22e94f17c80eb5b959f2ad28511d4e,0x0555bdebc3429585b4594285a76f853725a49532,erc20,0.17192479921479606,WETH,0xc02aaa39b223fe8d0a0e5c4f27ead9083c756cc2,0x483b0076b7e475d1b55cb68b7ed69df86746d71d9030aca9e86a8c5a8575c298,1615433000,candidate_layering
0xc7a1cb6edc22e94f17c80eb5b959f2ad28511d4e,0x7a250d5630b4cf539739df2c5dacb4c659f2488d,erc20,0.34997741186204223,WETH,0xc02aaa39b223fe8d0a0e5c4f27ead9083c756cc2,0xe4f0e095bdfd69e3bd5317b5e254ab95206b07c225907a6be58e4aeaf830ecbf,1615433218,candidate_layering
0xc7a1cb6edc22e94f17c80eb5b959f2ad28511d4e,0x7a250d5630b4cf539739df2c5dacb4c659f2488d,erc20,0.548475712400853,WETH,0xc02aaa39b223fe8d0a0e5c4f27ead9083c756cc2,0x8b7b8ebee53c0573ff676ef29c6a8dccf9b6dc76b3017073bbcfbf3def0cd8bf,1615433264,candidate_layering
0xc7a1cb6edc22e94f17c80eb5b959f2ad28511d4e,0xd24751c85d9b6e71ed272d79149f3c24f72b9c40,erc20,314.7340940927,HBT,0x0ace32f6e87ac1457a5385f8eb0208f37263b415,0x62b925bcf4ee2f57498403fa88173848b1c97ead215c1d3900e7312c0a66c4da,1615433348,candidate_layering
0xc7a1cb6edc22e94f17c80eb5b959f2ad28511d4e,0xb9302f58415a5a8dba9678570cd8150407b7f644,erc20,585.6378286265,HBT,0x0ace32f6e87ac1457a5385f8eb0208f37263b415,0x9d1739db93ae37c51f8699108ce7cbc7230887ee6a3091fcf2aa9154eac5f759,1615433376,candidate_layering
0xc7a1cb6edc22e94f17c80eb5b959f2ad28511d4e,0x7a250d5630b4cf539739df2c5dacb4c659f2488d,erc20,0.1,WETH,0xc02aaa39b223fe8d0a0e5c4f27ead9083c756cc2,0x3cbafca301e1ca53d020871c730e8d42416c0b78e1e0d218630bf19a4f674da9,1615433638,candidate_layering
0xc7a1cb6edc22e94f17c80eb5b959f2ad28511d4e,0x3131cda50b3c12a7dafe5e3fcb9b4fdc54745682,erc20,506.9435950455,HBT,0x0ace32f6e87ac1457a5385f8eb0208f37263b415,0x2245fcf0e92348802744bd850e1643a7a145d28e6120d0d50c4dc7e282e1f38b,1615433678,candidate_layering
0xc7a1cb6edc22e94f17c80eb5b959f2ad28511d4e,0x7a250d5630b4cf539739df2c5dacb4c659f2488d,erc20,0.49099978736239736,WETH,0xc02aaa39b223fe8d0a0e5c4f27ead9083c756cc2,0xd43f97b33dad60cbf378e58a2402d6d6108f5933859d5f6bacd8b6d2c8511754,1615433953,candidate_layering
0xc7a1cb6edc22e94f17c80eb5b959f2ad28511d4e,0x74d1f7040dcecb26c3746c133a4a9d16e2351e35,erc20,43.7940996888,HBT,0x0ace32f6e87ac1457a5385f8eb0208f37263b415,0xb35412eff939898bea4085b068d90fd562de3ba9fbdab4b37e3636085d72f629,1615434036,candidate_layering
0xc7a1cb6edc22e94f17c80eb5b959f2ad28511d4e,0xdd9d244a1fbb27686a819b9df731139869625c1c,erc20,158.7613273691,HBT,0x0ace32f6e87ac1457a5385f8eb0208f37263b415,0xf63a8e32dd7ccdb99dfa170600f8d013e00f57d88ccde647937d3b815df0035e,1615434177,candidate_layering
0xc7a1cb6edc22e94f17c80eb5b959f2ad28511d4e,0x7a250d5630b4cf539739df2c5dacb4c659f2488d,erc20,0.8248539099709985,WETH,0xc02aaa39b223fe8d0a0e5c4f27ead9083c756cc2,0x154a398960975a7703327d800d4f14464e76a54d91526d3aad34b03a99633c32,1615434216,candidate_layering
0xc7a1cb6edc22e94f17c80eb5b959f2ad28511d4e,0xd6f5c5671a63710b7d96727b1db7bf6a212ba889,erc20,639.442621407,HBT,0x0ace32f6e87ac1457a5385f8eb0208f37263b415,0x0cf91634aa36e8b056ef06c97f33dcdd6e18c369a3b7194612a2ed223c132772,1615434351,candidate_layering
0xc7a1cb6edc22e94f17c80eb5b959f2ad28511d4e,0x7a250d5630b4cf539739df2c5dacb4c659f2488d,erc20,0.5396436602437131,WETH,0xc02aaa39b223fe8d0a0e5c4f27ead9083c756cc2,0x052ac0729a0c2a947eda2b650d35e786df9ff74d09c1707f3e6d27cbd6e2dfda,1615434523,candidate_layering
0xc7a1cb6edc22e94f17c80eb5b959f2ad28511d4e,0x0698be8e21131b724ffd8bf080df01d063c5deee,erc20,140.4863396393,HBT,0x0ace32f6e87ac1457a5385f8eb0208f37263b415,0x41badfbd0629192e620af10f3b563d75edf63df2d5373e6cf3c08fd66b725f9a,1615435345,candidate_layering
0xc7a1cb6edc22e94f17c80eb5b959f2ad28511d4e,0xdba22f0d11107eb7ca73b1e2b3ea501c14536e9b,erc20,327.5346607759,HBT,0x0ace32f6e87ac1457a5385f8eb0208f37263b415,0x9312bccf7763b10c7ee59669ac90d7f9e950f261c09c03916b9d516a9fe3f21f,1615435448,candidate_layering
0xc7a1cb6edc22e94f17c80eb5b959f2ad28511d4e,0x8c7f2c4a3adc9edf470557d4374f72d0221d27a9,erc20,568.7299643014,HBT,0x0ace32f6e87ac1457a5385f8eb0208f37263b415,0xafb438b7258f4d5647202d7721dbdd416faf880e361f4f869bea28e746bda183,1615435647,candidate_layering
0xc7a1cb6edc22e94f17c80eb5b959f2ad28511d4e,0x8c7f2c4a3adc9edf470557d4374f72d0221d27a9,erc20,476.8253180023,HBT,0x0ace32f6e87ac1457a5385f8eb0208f37263b415,0x84df9dd158a64620c30beeaf6a390a19b2752cbda038ed16ce1e30d89b0161f3,1615435737,candidate_layering
0xc7a1cb6edc22e94f17c80eb5b959f2ad28511d4e,0xb9302f58415a5a8dba9678570cd8150407b7f644,erc20,250.8122394154,HBT,0x0ace32f6e87ac1457a5385f8eb0208f37263b415,0x20ab4bb1cdac69df4aa0322d1e6265dc1ee6d2247df4f1a54af9262bf06a10f8,1615435812,candidate_layering
0xc7a1cb6edc22e94f17c80eb5b959f2ad28511d4e,0x0d4a11d5eeaac28ec3f61d100daf4d40471f1852,erc20,0.2400944169863219,WETH,0xc02aaa39b223fe8d0a0e5c4f27ead9083c756cc2,0x4c6aa514516296a5ca2f8690b1be17c1f23afe5418f611039a363b618d9e559b,1615435885,candidate_layering
0xc7a1cb6edc22e94f17c80eb5b959f2ad28511d4e,0x0555bdebc3429585b4594285a76f853725a49532,erc20,277.3248174173,HBT,0x0ace32f6e87ac1457a5385f8eb0208f37263b415,0x8a0a2a08335534228829878e649cbca4c457449d1a91716fa3f83dd0d312a909,1615435885,candidate_layering
0xc7a1cb6edc22e94f17c80eb5b959f2ad28511d4e,0xb620c73f87f4c1ca9a9f984c840c2de94ef9d54a,erc20,359.5227242335,HBT,0x0ace32f6e87ac1457a5385f8eb0208f37263b415,0xefadc46edcc338e0a13a1f30c2826803f9ff5a28fcc59bb9fdde37937b88c064,1615435885,candidate_layering
0xc7a1cb6edc22e94f17c80eb5b959f2ad28511d4e,0x0555bdebc3429585b4594285a76f853725a49532,erc20,0.3897946274453923,WETH,0xc02aaa39b223fe8d0a0e5c4f27ead9083c756cc2,0x1081e618c8189394f4b87b8047eb3d86d6a1b6c064059961507009c360cd0296,1615435885,candidate_layering
0xc7a1cb6edc22e94f17c80eb5b959f2ad28511d4e,0xb620c73f87f4c1ca9a9f984c840c2de94ef9d54a,erc20,348.3117094809,HBT,0x0ace32f6e87ac1457a5385f8eb0208f37263b415,0xf5618dd87a93c52b5b0975dac74120f2d69b55326b6172f1a1ca210934da023c,1615435940,candidate_layering
0xc7a1cb6edc22e94f17c80eb5b959f2ad28511d4e,0x7a250d5630b4cf539739df2c5dacb4c659f2488d,erc20,0.8157354885048202,WETH,0xc02aaa39b223fe8d0a0e5c4f27ead9083c756cc2,0x25bb8d9fc8747795c6334949da330e618168e57c7eaa06ea12d71dd9509a68ec,1615435973,candidate_layering
0xc7a1cb6edc22e94f17c80eb5b959f2ad28511d4e,0x0555bdebc3429585b4594285a76f853725a49532,erc20,644.507075272,HBT,0x0ace32f6e87ac1457a5385f8eb0208f37263b415,0x354c016ab3d4577793e9f733b2bf3cec71449b6f533fc27fbe17e4dcb7816a9a,1615435983,candidate_layering
0xc7a1cb6edc22e94f17c80eb5b959f2ad28511d4e,0x03db22bcdb7a59a8dd93197284233b5a165c4ab5,erc20,123.6948206262,HBT,0x0ace32f6e87ac1457a5385f8eb0208f37263b415,0xa8aeaff759a459774f42b0c21e0020a3ad708c37ff349821021c8e3eb9b2d7fd,1615435983,candidate_layering
0xc7a1cb6edc22e94f17c80eb5b959f2ad28511d4e,0x0555bdebc3429585b4594285a76f853725a49532,erc20,0.9315430438775122,WETH,0xc02aaa39b223fe8d0a0e5c4f27ead9083c756cc2,0xd7f5a6f1673e65459886f99e4418599e1153e42612d9f316247894b217c37b69,1615435983,candidate_layering
0xc7a1cb6edc22e94f17c80eb5b959f2ad28511d4e,0x5c50b8f75e7e6bca7ea0529ace284787512e1608,erc20,98.0402768337,HBT,0x0ace32f6e87ac1457a5385f8eb0208f37263b415,0xe60f6bc13ab792277eeced883232bb7b93b73fcde6e6b51adf2655cb4dc1cfa7,1615436073,candidate_layering
0xc7a1cb6edc22e94f17c80eb5b959f2ad28511d4e,0x7a250d5630b4cf539739df2c5dacb4c659f2488d,erc20,0.7050191113756016,WETH,0xc02aaa39b223fe8d0a0e5c4f27ead9083c756cc2,0x34e062b608926e567fec49fef747680322232d430516651353081809a551b1e0,1615436079,candidate_layering
0xc7a1cb6edc22e94f17c80eb5b959f2ad28511d4e,0xeeaa946b2b5c818370aa3af5a66c8a2c0f402533,erc20,93.0805643247,HBT,0x0ace32f6e87ac1457a5385f8eb0208f37263b415,0x37442dd916cf586285666fcafb7ec9f0d0cb842fa67d3f989e8206d1b9518336,1615436112,candidate_layering
0xc7a1cb6edc22e94f17c80eb5b959f2ad28511d4e,0x6e55d8ecc8c25e74592ad1c63ba60da93e9114ba,erc20,500.0,HBT,0x0ace32f6e87ac1457a5385f8eb0208f37263b415,0x9a695c68f62ad44387e59e9905270154afe70ff084767e9a253fbf933713094e,1615436125,candidate_layering
0xc7a1cb6edc22e94f17c80eb5b959f2ad28511d4e,0x7a250d5630b4cf539739df2c5dacb4c659f2488d,erc20,0.8067026922790408,WETH,0xc02aaa39b223fe8d0a0e5c4f27ead9083c756cc2,0x57fd0f401c1019b8cc00cde4321898c237c2e92e0b3c33089201acc9e49214fa,1615436181,candidate_layering
0xc7a1cb6edc22e94f17c80eb5b959f2ad28511d4e,0x97293998c18ac8ade7bc3605642de171238b24a4,erc20,452.3710174824,HBT,0x0ace32f6e87ac1457a5385f8eb0208f37263b415,0x08937cdea2d1670c08a9cbc7df657ee0db5c2e497fb2c0c04d8cb855baaba2b9,1615436181,candidate_layering
0xc7a1cb6edc22e94f17c80eb5b959f2ad28511d4e,0xfc8b1d7c25aac0fad9d9b5329043965d3b7a91f6,erc20,200.5010737734,HBT,0x0ace32f6e87ac1457a5385f8eb0208f37263b415,0xe0404de4734570effd535099331510997e56bd8ae4e3b6d822e1953ac91f1a4e,1615436202,candidate_layering
0xc7a1cb6edc22e94f17c80eb5b959f2ad28511d4e,0x677c507ba41f4990cddb826554523210af37a154,erc20,358.7119371755,HBT,0x0ace32f6e87ac1457a5385f8eb0208f37263b415,0x43cc88b69a8d2178c83a529c2e365b448a987f489d2759c9f2e813a492d33a36,1615436271,candidate_layering
0xc7a1cb6edc22e94f17c80eb5b959f2ad28511d4e,0x7a250d5630b4cf539739df2c5dacb4c659f2488d,erc20,0.6744487703680462,WETH,0xc02aaa39b223fe8d0a0e5c4f27ead9083c756cc2,0x641bef5dc8600b73b851951db9bc81ece71a2c02bf1d1f54f390b38057eab1c8,1615436352,candidate_layering
0xc7a1cb6edc22e94f17c80eb5b959f2ad28511d4e,0x1350804da29d56eb3ec41189d8a7168fc017401a,erc20,315.1037931611,HBT,0x0ace32f6e87ac1457a5385f8eb0208f37263b415,0xcbcb7fefe84be83e4cf13e1dea6d671c2bc81a86794bbafba25f66f852507fe4,1615436362,candidate_layering
0xc7a1cb6edc22e94f17c80eb5b959f2ad28511d4e,0x7a250d5630b4cf539739df2c5dacb4c659f2488d,erc20,0.6273664205000453,WETH,0xc02aaa39b223fe8d0a0e5c4f27ead9083c756cc2,0xd75be3a72458e62124e35bf8b2a7aacaa82801567c9ba3f7d14d023560df52bb,1615436393,candidate_layering
0xc7a1cb6edc22e94f17c80eb5b959f2ad28511d4e,0x0555bdebc3429585b4594285a76f853725a49532,erc20,520.6667234057,HBT,0x0ace32f6e87ac1457a5385f8eb0208f37263b415,0x1b078dc4754b55eb285599350eb00940d32ffde7765dba1b1d13b115e39d643c,1615436475,candidate_layering
0xc7a1cb6edc22e94f17c80eb5b959f2ad28511d4e,0x8c7f2c4a3adc9edf470557d4374f72d0221d27a9,erc20,332.4172782007,HBT,0x0ace32f6e87ac1457a5385f8eb0208f37263b415,0x3aa20d0ba6a40379a3c32748fa0eb6e54573b3a8f4dbe2afe533a68c4e32b412,1615436475,candidate_layering
0xc7a1cb6edc22e94f17c80eb5b959f2ad28511d4e,0x0555bdebc3429585b4594285a76f853725a49532,erc20,0.7501137491969118,WETH,0xc02aaa39b223fe8d0a0e5c4f27ead9083c756cc2,0x3643b64f77080e406a7d7c09f73c72924ad01ab94fdb9a9a4785ea97885da2e6,1615436481,candidate_layering
0xc7a1cb6edc22e94f17c80eb5b959f2ad28511d4e,0x2fcc020f72e5d2edd2a24d04f3dc90d7fdfbd1dd,erc20,500.0,HBT,0x0ace32f6e87ac1457a5385f8eb0208f37263b415,0xbcc8d20906b11ff57a969a3b82cca28d64b673bf05dfd60dad31f8d6d60afda2,1615436583,candidate_layering
0xc7a1cb6edc22e94f17c80eb5b959f2ad28511d4e,0x0555bdebc3429585b4594285a76f853725a49532,erc20,314.4119878054,HBT,0x0ace32f6e87ac1457a5385f8eb0208f37263b415,0x0244618d2d3a2ac3cd0623477c46913fece6b45eabde4c7b23c318c63f27f59d,1615436611,candidate_layering
0xc7a1cb6edc22e94f17c80eb5b959f2ad28511d4e,0x7c48be64e65fd88790005fea3ab3b8eb8db35d07,erc20,247.5468982115,HBT,0x0ace32f6e87ac1457a5385f8eb0208f37263b415,0x834b7eef46c9687ba7e66db69267a7e7ccb9a59baebdb570ef3c484c6e077bbc,1615436611,candidate_layering
0xc7a1cb6edc22e94f17c80eb5b959f2ad28511d4e,0x0555bdebc3429585b4594285a76f853725a49532,erc20,0.602414806336561,WETH,0xc02aaa39b223fe8d0a0e5c4f27ead9083c756cc2,0x60e5d42e10c2058953b0142d270289cfe08fa0ed0a9ba56e9dc398c017f6e924,1615436611,candidate_layering
0xc7a1cb6edc22e94f17c80eb5b959f2ad28511d4e,0x0d4a11d5eeaac28ec3f61d100daf4d40471f1852,erc20,0.38806570933091245,WETH,0xc02aaa39b223fe8d0a0e5c4f27ead9083c756cc2,0xcaa96c42b5033448f3e5ab6dba4602322c8b76dff31e4c7e33d4923ea61c6332,1615436627,candidate_layering
0xc7a1cb6edc22e94f17c80eb5b959f2ad28511d4e,0x6b601a6a9097ad7b8634de4792010b733c2de1ce,erc20,120.6719467298,HBT,0x0ace32f6e87ac1457a5385f8eb0208f37263b415,0xbb4f84d71ec2e6a5062c218853569ced428a927b677837fbcaf60e195417068f,1615436812,candidate_layering
0xc7a1cb6edc22e94f17c80eb5b959f2ad28511d4e,0x0555bdebc3429585b4594285a76f853725a49532,erc20,201.9056448829,HBT,0x0ace32f6e87ac1457a5385f8eb0208f37263b415,0x4ddcd29895fd327600e4b01f80c6dff353047bc5c9a84cac3e827db0879b39b9,1615436891,candidate_layering
0xc7a1cb6edc22e94f17c80eb5b959f2ad28511d4e,0x46f5c799890573808ce0b59febee07c1d34c93ef,erc20,200.0,HBT,0x0ace32f6e87ac1457a5385f8eb0208f37263b415,0xc006208fd23eabd1259793c58e65786707e026e7485f9e7789d899d855a84ed5,1615436891,candidate_layering
0xc7a1cb6edc22e94f17c80eb5b959f2ad28511d4e,0x0555bdebc3429585b4594285a76f853725a49532,erc20,0.3932506128159907,WETH,0xc02aaa39b223fe8d0a0e5c4f27ead9083c756cc2,0x8822429c7fab7180762474f7d3067131c558f8eab92c4e17e4d32048ba286acf,1615436891,candidate_layering
0xc7a1cb6edc22e94f17c80eb5b959f2ad28511d4e,0x7a250d5630b4cf539739df2c5dacb4c659f2488d,erc20,1.1,WETH,0xc02aaa39b223fe8d0a0e5c4f27ead9083c756cc2,0xc042e10b6a5dcc4f53a94b5c8f04e0b4509d799dbc2a91d8350afbb432ba2992,1615437009,candidate_layering
0xc7a1cb6edc22e94f17c80eb5b959f2ad28511d4e,0x44424c777a8710cd583188d4d3126b7b03320d0f,erc20,574.7501965571,HBT,0x0ace32f6e87ac1457a5385f8eb0208f37263b415,0x52679cc07bad649b292be45033b5f3e94f9f4772a750fdde4f8cf9aace059004,1615437118,candidate_layering
0xc7a1cb6edc22e94f17c80eb5b959f2ad28511d4e,0x7a250d5630b4cf539739df2c5dacb4c659f2488d,erc20,1.0,WETH,0xc02aaa39b223fe8d0a0e5c4f27ead9083c756cc2,0xf9622c1acf2408d1a08c343316aa2a95bd21167b59c89fc229d3bc1ee7d24fa2,1615437135,candidate_layering
0xc7a1cb6edc22e94f17c80eb5b959f2ad28511d4e,0x7a250d5630b4cf539739df2c5dacb4c659f2488d,erc20,1.0,WETH,0xc02aaa39b223fe8d0a0e5c4f27ead9083c756cc2,0xf38b93b87d516648a5180fcaef6149fd2893aec5dda495bc444f54f47bb4ea75,1615437344,candidate_layering
0xc7a1cb6edc22e94f17c80eb5b959f2ad28511d4e,0x8729811b8bf086a260180b8e51289fa4b3ca8965,erc20,516.9567365457,HBT,0x0ace32f6e87ac1457a5385f8eb0208f37263b415,0x8d443723761ea06af2af4ebf28257811a6347f91b65c0d4bc295e6e708edabf7,1615437401,candidate_layering
0xc7a1cb6edc22e94f17c80eb5b959f2ad28511d4e,0x7a250d5630b4cf539739df2c5dacb4c659f2488d,erc20,0.94,WETH,0xc02aaa39b223fe8d0a0e5c4f27ead9083c756cc2,0x125528c71285b4c6678b7fb68de6819dc1403ef540c74a69fcc05bc65fe5a582,1615437430,candidate_layering
0xc7a1cb6edc22e94f17c80eb5b959f2ad28511d4e,0x2be68e381eaad342b9892961beb822270ef1fbd4,erc20,189.8795642981,HBT,0x0ace32f6e87ac1457a5385f8eb0208f37263b415,0x194c8655e5e15a6066884bc8bfb2f16bc938203f0209a699b02d2641ab82d6cb,1615437482,candidate_layering
0xc7a1cb6edc22e94f17c80eb5b959f2ad28511d4e,0x7c48be64e65fd88790005fea3ab3b8eb8db35d07,erc20,500.0,HBT,0x0ace32f6e87ac1457a5385f8eb0208f37263b415,0x9bf7b8867831473e39579b699f305ffb7974d054473ed90775f2d494ce3f04a5,1615437594,candidate_layering
0xc7a1cb6edc22e94f17c80eb5b959f2ad28511d4e,0x7a250d5630b4cf539739df2c5dacb4c659f2488d,erc20,0.6658388290501965,WETH,0xc02aaa39b223fe8d0a0e5c4f27ead9083c756cc2,0xc89f99afa1f060559c7752be642b903d85fec3cab8960572921145c0031a3fcf,1615437644,candidate_layering
0xc7a1cb6edc22e94f17c80eb5b959f2ad28511d4e,0xd6a5448eb47709bcdc7948166dad3461630ad851,erc20,175.890597343,HBT,0x0ace32f6e87ac1457a5385f8eb0208f37263b415,0xd6fd5f84c4bd47aca437db402a9ec36bac6ca0228ba19b327cd11da08a2f801b,1615437676,candidate_layering
0xc7a1cb6edc22e94f17c80eb5b959f2ad28511d4e,0x7a250d5630b4cf539739df2c5dacb4c659f2488d,erc20,0.37100877745607275,WETH,0xc02aaa39b223fe8d0a0e5c4f27ead9083c756cc2,0x8454f754345022f7a5a7e5a36e484a6881b52e518a89c6e0e792418899702f25,1615437684,candidate_layering
0xc7a1cb6edc22e94f17c80eb5b959f2ad28511d4e,0x5fc64499864ab082756cc0fdfb0267d74b0dffb8,erc20,479.9234774914,HBT,0x0ace32f6e87ac1457a5385f8eb0208f37263b415,0x57abdaa9337d868848704903f55693399d914e197a4da2b90f1c784308e4cdcf,1615437684,candidate_layering
0xc7a1cb6edc22e94f17c80eb5b959f2ad28511d4e,0xd6a5448eb47709bcdc7948166dad3461630ad851,erc20,316.6526398708,HBT,0x0ace32f6e87ac1457a5385f8eb0208f37263b415,0x52afed20600a917992036647663706106a4dd5487c5d8d9f0617810ae09e03ea,1615437684,candidate_layering
0xc7a1cb6edc22e94f17c80eb5b959f2ad28511d4e,0x7a250d5630b4cf539739df2c5dacb4c659f2488d,erc20,0.35997469500905827,WETH,0xc02aaa39b223fe8d0a0e5c4f27ead9083c756cc2,0xc9444d467ffcc25319fac6cdeebeb61d3662a17d9b3b3754f0a4f3cd8680b342,1615437757,candidate_layering
0xc7a1cb6edc22e94f17c80eb5b959f2ad28511d4e,0x6e55d8ecc8c25e74592ad1c63ba60da93e9114ba,erc20,250.0,HBT,0x0ace32f6e87ac1457a5385f8eb0208f37263b415,0x990961f802bb7d59696a4ad6119b794b5ba72d7142aac15a8a7e0f99bf9ff4a6,1615437868,candidate_layering
0xc7a1cb6edc22e94f17c80eb5b959f2ad28511d4e,0x7a250d5630b4cf539739df2c5dacb4c659f2488d,erc20,0.7421083650699831,WETH,0xc02aaa39b223fe8d0a0e5c4f27ead9083c756cc2,0x9e279262b7f634e76f2f1957900af6eb527fd76d43a3f12156b1bb4b7c975fa1,1615437880,candidate_layering
0xc7a1cb6edc22e94f17c80eb5b959f2ad28511d4e,0x44424c777a8710cd583188d4d3126b7b03320d0f,erc20,452.5522104337,HBT,0x0ace32f6e87ac1457a5385f8eb0208f37263b415,0x6ab3e47ac1164e9cb00a49d462b4447457395aa306472d37651b9abc3a77c1de,1615437914,candidate_layering
0xc7a1cb6edc22e94f17c80eb5b959f2ad28511d4e,0x8c7f2c4a3adc9edf470557d4374f72d0221d27a9,erc20,553.0048669579,HBT,0x0ace32f6e87ac1457a5385f8eb0208f37263b415,0x6f89f4ec7d8c9bd5cfc853123fc59b309823fbac4f60729b901ecf776ac8e13e,1615437934,candidate_layering
0xc7a1cb6edc22e94f17c80eb5b959f2ad28511d4e,0x7a250d5630b4cf539739df2c5dacb4c659f2488d,erc20,0.7678968846145412,WETH,0xc02aaa39b223fe8d0a0e5c4f27ead9083c756cc2,0xdc64cca224c55cce02613effff82a00aa57799d429287b279d9982a3f30cb550,1615438003,candidate_layering
0xc7a1cb6edc22e94f17c80eb5b959f2ad28511d4e,0x2fcfdecb0889ce743fa793bb8c70411a71fca4e9,erc20,704.719444228,HBT,0x0ace32f6e87ac1457a5385f8eb0208f37263b415,0xf18264021340cd217675f374da460bb1a6aa3a61805b1c43a49f860238a02dda,1615438034,candidate_layering
0xc7a1cb6edc22e94f17c80eb5b959f2ad28511d4e,0xb7a666fae24b126d999717f874eea35606cde576,erc20,755.0768111312,HBT,0x0ace32f6e87ac1457a5385f8eb0208f37263b415,0xb6ccd82e682084b800149a606975791bce214f7f00240149bbd82c6d20a6be43,1615438120,candidate_layering
0xc7a1cb6edc22e94f17c80eb5b959f2ad28511d4e,0x7a250d5630b4cf539739df2c5dacb4c659f2488d,erc20,1.0131199356642364,WETH,0xc02aaa39b223fe8d0a0e5c4f27ead9083c756cc2,0x2de5252243b28cfc31f4a53bfd2fb1b94ef92b44cabda542cc42ec223e8a8737,1615438130,candidate_layering
0xc7a1cb6edc22e94f17c80eb5b959f2ad28511d4e,0x6e55d8ecc8c25e74592ad1c63ba60da93e9114ba,erc20,250.0,HBT,0x0ace32f6e87ac1457a5385f8eb0208f37263b415,0x5c72c772eb6362f1ce6df651e758b03bb1fb9e3b308371444513ad0dcd4c01e2,1615438172,candidate_layering
0xc7a1cb6edc22e94f17c80eb5b959f2ad28511d4e,0x7a250d5630b4cf539739df2c5dacb4c659f2488d,erc20,0.7938077540225782,WETH,0xc02aaa39b223fe8d0a0e5c4f27ead9083c756cc2,0x86d352f9d5e7ed9a4d2a0ca8afe367de40f265e39b1c06525e56d81f3e18cc49,1615438256,candidate_layering
0xc7a1cb6edc22e94f17c80eb5b959f2ad28511d4e,0x5a361a1dfd52538a158e352d21b5b622360a7c13,erc20,177.7688312068,HBT,0x0ace32f6e87ac1457a5385f8eb0208f37263b415,0x275204e0729197453da874f3b74648e59b4e7e7dcc7304b32438b5dbaa30b947,1615438304,candidate_layering
0xc7a1cb6edc22e94f17c80eb5b959f2ad28511d4e,0x897cf008f5f4d53011232fb3c77b6d373983d858,erc20,850.4254354587,HBT,0x0ace32f6e87ac1457a5385f8eb0208f37263b415,0x0fa035e325141803a6525dd698b36d2a2589bd8643b4dd8be95d2939ace14a41,1615438418,candidate_layering
0xc7a1cb6edc22e94f17c80eb5b959f2ad28511d4e,0x6b601a6a9097ad7b8634de4792010b733c2de1ce,erc20,155.5331595748,HBT,0x0ace32f6e87ac1457a5385f8eb0208f37263b415,0x7140f179f8ed5c3643b3d50260b18a128151571e489bf4abe017f4bd82fc6f30,1615438570,candidate_layering
0xc7a1cb6edc22e94f17c80eb5b959f2ad28511d4e,0x7a250d5630b4cf539739df2c5dacb4c659f2488d,erc20,0.8413208634889193,WETH,0xc02aaa39b223fe8d0a0e5c4f27ead9083c756cc2,0x55eb550cad7a05811941c5f3680883aa0e037564da25281f141cb6549568316a,1615438570,candidate_layering
0xc7a1cb6edc22e94f17c80eb5b959f2ad28511d4e,0x8c7f2c4a3adc9edf470557d4374f72d0221d27a9,erc20,391.1790285615,HBT,0x0ace32f6e87ac1457a5385f8eb0208f37263b415,0x03c273f73977e66c8ee93bb7303b2a4ec3be5fa8d315be7f907c2c113dae1368,1615438850,candidate_layering
0xc7a1cb6edc22e94f17c80eb5b959f2ad28511d4e,0x7a250d5630b4cf539739df2c5dacb4c659f2488d,erc20,0.7006997354464143,WETH,0xc02aaa39b223fe8d0a0e5c4f27ead9083c756cc2,0x67653f9ac5f3f6447473cfac6cf75bae0c0dbaf3156351cabafe27a982a20cd7,1615438906,candidate_layering
0xc7a1cb6edc22e94f17c80eb5b959f2ad28511d4e,0xa84b6fde0ef95ff18d6b6a1a8fecd490b1b6b30e,erc20,500.0,HBT,0x0ace32f6e87ac1457a5385f8eb0208f37263b415,0x94fa8809ae9978804e221c54eac6aa357a9b270c4d67bef789f4796d5306054b,1615439351,candidate_layering
0xc7a1cb6edc22e94f17c80eb5b959f2ad28511d4e,0x0555bdebc3429585b4594285a76f853725a49532,erc20,490.4347621298,HBT,0x0ace32f6e87ac1457a5385f8eb0208f37263b415,0x5ce9db5da358ed0d52e388a7976ae34e2fada4c6b92b3c67c1128073b8f69231,1615439423,candidate_layering
0xc7a1cb6edc22e94f17c80eb5b959f2ad28511d4e,0xa56eadee891bdc6c1ae35dad3465f6a8a4048ab1,erc20,562.686634199,HBT,0x0ace32f6e87ac1457a5385f8eb0208f37263b415,0x4e34b9a40148485c3e726afbd2e51d6103753ada31495e75c5772d27dc13def0,1615439423,candidate_layering
0xc7a1cb6edc22e94f17c80eb5b959f2ad28511d4e,0x0555bdebc3429585b4594285a76f853725a49532,erc20,0.4382757882021944,WETH,0xc02aaa39b223fe8d0a0e5c4f27ead9083c756cc2,0x098eb7b68553367e19a78a71441e318024027e186f20426b2df05408543be9ac,1615439423,candidate_layering
0xc7a1cb6edc22e94f17c80eb5b959f2ad28511d4e,0x7a250d5630b4cf539739df2c5dacb4c659f2488d,erc20,0.714450526720235,WETH,0xc02aaa39b223fe8d0a0e5c4f27ead9083c756cc2,0xa4a172946a30592ff40b8722a716d707458c97e82c4ab8b48892c33c678ffca6,1615439563,candidate_layering
0xc7a1cb6edc22e94f17c80eb5b959f2ad28511d4e,0x6e55d8ecc8c25e74592ad1c63ba60da93e9114ba,erc20,500.0,HBT,0x0ace32f6e87ac1457a5385f8eb0208f37263b415,0x2234e975958f96323bdc2a8f0daca1c1df2c2c52b7efafefae46759b3e8208c5,1615439591,candidate_layering
0xc7a1cb6edc22e94f17c80eb5b959f2ad28511d4e,0xd24751c85d9b6e71ed272d79149f3c24f72b9c40,erc20,683.1201569796,HBT,0x0ace32f6e87ac1457a5385f8eb0208f37263b415,0x3b6c904ae3277bf99c0a098ddcc80f3d673f775d3a60dc1c2226636fee7e9da5,1615439839,candidate_layering
0xc7a1cb6edc22e94f17c80eb5b959f2ad28511d4e,0x7a250d5630b4cf539739df2c5dacb4c659f2488d,erc20,0.3901727298350491,WETH,0xc02aaa39b223fe8d0a0e5c4f27ead9083c756cc2,0x9602716ca63dd409518261be6d135abfdc4fcf68c58b8d9c109f310b7629c9e3,1615439870,candidate_layering
0xc7a1cb6edc22e94f17c80eb5b959f2ad28511d4e,0x7a250d5630b4cf539739df2c5dacb4c659f2488d,erc20,0.5572548112830082,WETH,0xc02aaa39b223fe8d0a0e5c4f27ead9083c756cc2,0x2997386dcfc29bd3f16543e5e7b27cf1d82bf0198020b936e4029b2d9110f154,1615439925,candidate_layering
0xc7a1cb6edc22e94f17c80eb5b959f2ad28511d4e,0x2fcfdecb0889ce743fa793bb8c70411a71fca4e9,erc20,351.1703807906,HBT,0x0ace32f6e87ac1457a5385f8eb0208f37263b415,0x008ca8182f3ca7f702473201c2b0e5c70208788a6b04467a87d20b78e15f5d80,1615440058,candidate_layering
0xc7a1cb6edc22e94f17c80eb5b959f2ad28511d4e,0xd6a5448eb47709bcdc7948166dad3461630ad851,erc20,289.8360853044,HBT,0x0ace32f6e87ac1457a5385f8eb0208f37263b415,0x7ff033b36a66052a2918721a96c7c49dd9093069a08637153a74396dfc34b99e,1615440215,candidate_layering
0xc7a1cb6edc22e94f17c80eb5b959f2ad28511d4e,0xd6a5448eb47709bcdc7948166dad3461630ad851,erc20,267.3594465257,HBT,0x0ace32f6e87ac1457a5385f8eb0208f37263b415,0x8640d0ba5fc0517d8a53573b5bf6c598b3d6bc2601f0deb22c9c081f215624d8,1615440330,candidate_layering
0xc7a1cb6edc22e94f17c80eb5b959f2ad28511d4e,0xdba22f0d11107eb7ca73b1e2b3ea501c14536e9b,erc20,306.3963484707,HBT,0x0ace32f6e87ac1457a5385f8eb0208f37263b415,0xeec111a01a26350c67f3de74e850fe41d4ef786466d79aeb74b826b9ca4ffbe5,1615440371,candidate_layering
0xc7a1cb6edc22e94f17c80eb5b959f2ad28511d4e,0x7a250d5630b4cf539739df2c5dacb4c659f2488d,erc20,0.7347242337035814,WETH,0xc02aaa39b223fe8d0a0e5c4f27ead9083c756cc2,0xe5b9f503b87c377df0fc77750c8e5c93d878eb17d39aade07a656e5e12e039cc,1615440675,candidate_layering
0xc7a1cb6edc22e94f17c80eb5b959f2ad28511d4e,0x0555bdebc3429585b4594285a76f853725a49532,erc20,343.4331424143,HBT,0x0ace32f6e87ac1457a5385f8eb0208f37263b415,0xa940303690f692c6a25b171fe440cbe835a0c4a04af664e87606a316ca5fe12d,1615440795,candidate_layering
0xc7a1cb6edc22e94f17c80eb5b959f2ad28511d4e,0xa56eadee891bdc6c1ae35dad3465f6a8a4048ab1,erc20,586.6160612309,HBT,0x0ace32f6e87ac1457a5385f8eb0208f37263b415,0x9970069838271fccf38639b02f5bc77b9f0f3eb5c71d88c45cdb13140545ed25,1615440795,candidate_layering
0xc7a1cb6edc22e94f17c80eb5b959f2ad28511d4e,0x0555bdebc3429585b4594285a76f853725a49532,erc20,0.2714244547062806,WETH,0xc02aaa39b223fe8d0a0e5c4f27ead9083c756cc2,0x02fa4f18d5d3a0f1022f7f33ba3fb35c13b26cb7295ef7ea2a87dca28c3bf31b,1615440795,candidate_layering
0xc7a1cb6edc22e94f17c80eb5b959f2ad28511d4e,0x7a250d5630b4cf539739df2c5dacb4c659f2488d,erc20,0.6534949197683226,WETH,0xc02aaa39b223fe8d0a0e5c4f27ead9083c756cc2,0x133aa7b66dbd40caaf453c07986369b5f1a6eb14434f24f1bd87bac131260311,1615440986,candidate_layering
0xc7a1cb6edc22e94f17c80eb5b959f2ad28511d4e,0x0698be8e21131b724ffd8bf080df01d063c5deee,erc20,170.8052510744,HBT,0x0ace32f6e87ac1457a5385f8eb0208f37263b415,0xdeb453a9611bdc6329dd807f428d7220af19a6c9f2819e923b97a485693bc32c,1615441110,candidate_layering
0xc7a1cb6edc22e94f17c80eb5b959f2ad28511d4e,0x6e55d8ecc8c25e74592ad1c63ba60da93e9114ba,erc20,250.0,HBT,0x0ace32f6e87ac1457a5385f8eb0208f37263b415,0x63e77c4df26dfc21b03fcaf4c52bd5d38fb188a505ee99290900a10edf8cafc2,1615441112,candidate_layering
0xc7a1cb6edc22e94f17c80eb5b959f2ad28511d4e,0xe9387bf7f1c7cbc2972387f582de4a093caba9ec,erc20,122.8391308381,HBT,0x0ace32f6e87ac1457a5385f8eb0208f37263b415,0x23a971bce46512fbabc5a7fa90fe4c6920fcd11a103814b6cbce18c839303612,1615441266,candidate_layering
0xc7a1cb6edc22e94f17c80eb5b959f2ad28511d4e,0xd27afa32f3e2dd0f4d22181a8dc329fd14349138,erc20,147.8663687272,HBT,0x0ace32f6e87ac1457a5385f8eb0208f37263b415,0x1ad1636b6a745eef43575dab33b9dfdee60409e455209ef3cbed4a1b9a4a1c2e,1615441734,candidate_layering
0xc7a1cb6edc22e94f17c80eb5b959f2ad28511d4e,0xbb98134e96f5cc7c0f9299aa5ac6577ef965f6a0,erc20,344.3770931463,HBT,0x0ace32f6e87ac1457a5385f8eb0208f37263b415,0x2b3c6e36e83dba7b170278f194016e76f60e0056d9d16ea1fd5fdcf2601fdf65,1615442845,candidate_layering
0xc7a1cb6edc22e94f17c80eb5b959f2ad28511d4e,0xbb98134e96f5cc7c0f9299aa5ac6577ef965f6a0,erc20,312.2721074065,HBT,0x0ace32f6e87ac1457a5385f8eb0208f37263b415,0xb5608f0347fa5f6e205809344c3110c22c69cfa687c06fbed4df19a5c323bd49,1615442851,candidate_layering
0xc7a1cb6edc22e94f17c80eb5b959f2ad28511d4e,0x7a250d5630b4cf539739df2c5dacb4c659f2488d,erc20,0.7221944355581549,WETH,0xc02aaa39b223fe8d0a0e5c4f27ead9083c756cc2,0xd70ef40f0920703934891e5646c63f305aed1ed6118c3bb8a22eee987a7c1b2c,1615442978,candidate_layering
0xc7a1cb6edc22e94f17c80eb5b959f2ad28511d4e,0x6e55d8ecc8c25e74592ad1c63ba60da93e9114ba,erc20,500.0,HBT,0x0ace32f6e87ac1457a5385f8eb0208f37263b415,0xcca7cbd95200f0ad9470258711dae9dee29be1c17d213f2b3d8eaeb8bfd5847b,1615443055,candidate_layering
0xc7a1cb6edc22e94f17c80eb5b959f2ad28511d4e,0x56bfc207b3cfeea6402a56cf8ceca0fe9f04b2f9,erc20,135.6162464417,HBT,0x0ace32f6e87ac1457a5385f8eb0208f37263b415,0x0ca5d0afabe8f562650b27481746c69bb9cf37edac23ef5f8bd4a265e30dfee9,1615445520,candidate_layering
0xc7a1cb6edc22e94f17c80eb5b959f2ad28511d4e,0x5c0b616c00db56fc1176e87aa1141af1e599dec1,erc20,316.7830881022,HBT,0x0ace32f6e87ac1457a5385f8eb0208f37263b415,0xc923f8e501d1f0e4383e37eeca85d614e4643c1bbe4b1e5bf19296bc6f064929,1615445952,candidate_layering
0xc7a1cb6edc22e94f17c80eb5b959f2ad28511d4e,0x7a250d5630b4cf539739df2c5dacb4c659f2488d,erc20,0.712851400781097,WETH,0xc02aaa39b223fe8d0a0e5c4f27ead9083c756cc2,0x90630d394d65fe6703f85a98bb9883cd2d802310da6f484caa5d81a4f8cee6f6,1615446060,candidate_layering
0xc7a1cb6edc22e94f17c80eb5b959f2ad28511d4e,0x1e27c17432abff8e314b421be50c63a42d3e95e0,erc20,471.3715316703,HBT,0x0ace32f6e87ac1457a5385f8eb0208f37263b415,0x706360532ef5af3620b67ddbd5cc582f23f894247b3df44906b03f7870743d64,1615446275,candidate_layering
0xc7a1cb6edc22e94f17c80eb5b959f2ad28511d4e,0x926c5be9a0c755584fef616fcd7d05fb791b05cd,erc20,349.0,HBT,0x0ace32f6e87ac1457a5385f8eb0208f37263b415,0xb52b86642c60528613e1de3ac45798334cb513ac4ae56844a0b93eb3516067e5,1615446536,candidate_layering
0xc7a1cb6edc22e94f17c80eb5b959f2ad28511d4e,0x7a250d5630b4cf539739df2c5dacb4c659f2488d,erc20,0.6776794482346227,WETH,0xc02aaa39b223fe8d0a0e5c4f27ead9083c756cc2,0x5e791a1b1166e3ab7f41ef0be012783ce06d6d16d568eae6333d857d7ccd3ba8,1615446665,candidate_layering
0xc7a1cb6edc22e94f17c80eb5b959f2ad28511d4e,0x2be68e381eaad342b9892961beb822270ef1fbd4,erc20,200.0,HBT,0x0ace32f6e87ac1457a5385f8eb0208f37263b415,0xf3fc8122be680d0af329f48dc9f0e09863e7859e8977f9b3a4d3c5add10dde38,1615446783,candidate_layering
0xc7a1cb6edc22e94f17c80eb5b959f2ad28511d4e,0xd24751c85d9b6e71ed272d79149f3c24f72b9c40,erc20,799.9894761806,HBT,0x0ace32f6e87ac1457a5385f8eb0208f37263b415,0x6546e18fb4047b412db57e141c7bc137ef585bade7b0cd843bc4bb04671e7f5b,1615446814,candidate_layering
0xc7a1cb6edc22e94f17c80eb5b959f2ad28511d4e,0xd24751c85d9b6e71ed272d79149f3c24f72b9c40,erc20,452.5603082843,HBT,0x0ace32f6e87ac1457a5385f8eb0208f37263b415,0x7c3ae9af1a4ea735aee77d114ff3249757ad759d50686620d9f4ac17e956dd50,1615446870,candidate_layering
0xc7a1cb6edc22e94f17c80eb5b959f2ad28511d4e,0x7a250d5630b4cf539739df2c5dacb4c659f2488d,erc20,0.6014605742259838,WETH,0xc02aaa39b223fe8d0a0e5c4f27ead9083c756cc2,0x7476eb9e2ef49ca3383454d27d923a9358300a147606e927d023485e22135576,1615447151,candidate_layering
0xc7a1cb6edc22e94f17c80eb5b959f2ad28511d4e,0xe4b877bff75923c16a43e4672aad1867ad89aa0d,erc20,340.0,HBT,0x0ace32f6e87ac1457a5385f8eb0208f37263b415,0xad60d38b32f79dcd89bff83280ee932b0bd2fb759427c58da8751b0ba87d7fe0,1615447738,candidate_layering
0xc7a1cb6edc22e94f17c80eb5b959f2ad28511d4e,0x7a250d5630b4cf539739df2c5dacb4c659f2488d,erc20,0.6869024100300294,WETH,0xc02aaa39b223fe8d0a0e5c4f27ead9083c756cc2,0x4b7165cc986ff66b342c6d5c467b6780385c32ac71dd616c5bc0a74b96e9e0ac,1615447896,candidate_layering
0xc7a1cb6edc22e94f17c80eb5b959f2ad28511d4e,0x56bfc207b3cfeea6402a56cf8ceca0fe9f04b2f9,erc20,163.1092082149,HBT,0x0ace32f6e87ac1457a5385f8eb0208f37263b415,0xde38c0914eb00498d4aa1ee0619e1dc1175af63de8b8167c07029afd19708f2a,1615448290,candidate_layering
0xc7a1cb6edc22e94f17c80eb5b959f2ad28511d4e,0x42efa3e81a02849cd1783b15e7fa7bb603d17888,erc20,254.2969567638,HBT,0x0ace32f6e87ac1457a5385f8eb0208f37263b415,0x31e18ebe458ba8c3ae45fe68bc39e967e472b1b059fd13d0c6c8fc267896beea,1615451058,candidate_layering
0xc7a1cb6edc22e94f17c80eb5b959f2ad28511d4e,0x4dbc6ec9f3b96e9b0c86f45cb0fed45666254f01,erc20,350.0,HBT,0x0ace32f6e87ac1457a5385f8eb0208f37263b415,0x221d8764f1f4d00c527dd2102d146aa2fbaabade2e33783cada6051212b4aecc,1615451869,candidate_layering
0xc7a1cb6edc22e94f17c80eb5b959f2ad28511d4e,0x44424c777a8710cd583188d4d3126b7b03320d0f,erc20,500.156,HBT,0x0ace32f6e87ac1457a5385f8eb0208f37263b415,0x09c1499c5ea4887baa8b0faa3072ed1198b716ca7494f83aa28b29cb467decc4,1615451952,candidate_layering
0xc7a1cb6edc22e94f17c80eb5b959f2ad28511d4e,0x7a250d5630b4cf539739df2c5dacb4c659f2488d,erc20,0.5422155498066695,WETH,0xc02aaa39b223fe8d0a0e5c4f27ead9083c756cc2,0x45b1aa30dc46e1fc898e2f97b67005edb5b88b5b7c1fe999bc0d627f73067f4e,1615452053,candidate_layering
0xc7a1cb6edc22e94f17c80eb5b959f2ad28511d4e,0x97de9677bd2eff871c53baedec29e029aff2d5c4,erc20,324.6650988661,HBT,0x0ace32f6e87ac1457a5385f8eb0208f37263b415,0x68f453cef424c4c3a91bcce2f8b5a228fd0e071b5188eed9eeef23138fb7c174,1615453565,candidate_layering
0xc7a1cb6edc22e94f17c80eb5b959f2ad28511d4e,0xd777d3971cf9bccef65b0b665f0e4a5e9d05c041,erc20,251.7417722986,HBT,0x0ace32f6e87ac1457a5385f8eb0208f37263b415,0xe65d7bd1e2b7e2771f10171c807e4aad66084bdc30a6f0d3f0624894bd4eac48,1615454654,candidate_layering
0xc7a1cb6edc22e94f17c80eb5b959f2ad28511d4e,0x7a250d5630b4cf539739df2c5dacb4c659f2488d,erc20,0.7169253634916326,WETH,0xc02aaa39b223fe8d0a0e5c4f27ead9083c756cc2,0x6b988935d1938f9042f3d4b2c4e1fd04b19da99ef1314325ef876bbe44fd029f,1615455026,candidate_layering
0xc7a1cb6edc22e94f17c80eb5b959f2ad28511d4e,0x44424c777a8710cd583188d4d3126b7b03320d0f,erc20,1001.0,HBT,0x0ace32f6e87ac1457a5385f8eb0208f37263b415,0x13a0a6380db284639089954d737bc2b5164c0673e69fb24857fdb94e4dd7ca9b,1615455267,candidate_layering
0xc7a1cb6edc22e94f17c80eb5b959f2ad28511d4e,0x7a250d5630b4cf539739df2c5dacb4c659f2488d,erc20,0.7177131031952281,WETH,0xc02aaa39b223fe8d0a0e5c4f27ead9083c756cc2,0xe9f7500715e7971285106c39b569ce57885547ebe10fd891cfd9293e18f87bc3,1615455349,candidate_layering
0xc7a1cb6edc22e94f17c80eb5b959f2ad28511d4e,0x4dbc6ec9f3b96e9b0c86f45cb0fed45666254f01,erc20,370.0,HBT,0x0ace32f6e87ac1457a5385f8eb0208f37263b415,0x34db14afdcaaa92c810e109108a1c2cbaf020d5399b4cd90735bf9feb154b0de,1615456884,candidate_layering
0xc7a1cb6edc22e94f17c80eb5b959f2ad28511d4e,0x7a250d5630b4cf539739df2c5dacb4c659f2488d,erc20,0.5602234707470304,WETH,0xc02aaa39b223fe8d0a0e5c4f27ead9083c756cc2,0x72cc96fffc2562556c2e76d381f8385c23b7149d19fc1101a7ecf08521f6dfd7,1615458496,candidate_layering
0xc7a1cb6edc22e94f17c80eb5b959f2ad28511d4e,0x7a250d5630b4cf539739df2c5dacb4c659f2488d,erc20,0.24173876800849606,WETH,0xc02aaa39b223fe8d0a0e5c4f27ead9083c756cc2,0x01dada2c9b17bb06483084a84a4a158a95a863307502a4766c601f18eb1ba6ef,1615460730,candidate_layering
0xc7a1cb6edc22e94f17c80eb5b959f2ad28511d4e,0x2be68e381eaad342b9892961beb822270ef1fbd4,erc20,214.2850976531,HBT,0x0ace32f6e87ac1457a5385f8eb0208f37263b415,0xec26d38419a2b0346ff2535edf8556c10f86cd5b6f1b766565e455963447d05f,1615461082,candidate_layering
0xc7a1cb6edc22e94f17c80eb5b959f2ad28511d4e,0x677c507ba41f4990cddb826554523210af37a154,erc20,357.2151066177,HBT,0x0ace32f6e87ac1457a5385f8eb0208f37263b415,0x60bb3a41d9c4e959e02110a516cc62d4b638bda30dd85a75d11f8bfa738bf01f,1615461192,candidate_layering
0xc7a1cb6edc22e94f17c80eb5b959f2ad28511d4e,0xb60bfd02207823360263ed5886c9f3c240a05045,erc20,905.0,HBT,0x0ace32f6e87ac1457a5385f8eb0208f37263b415,0x184fd26eb470656f8e127cb54027f79f68f423ce3fd1068b37decf99a8ee2ea7,1615462974,candidate_layering
0xc7a1cb6edc22e94f17c80eb5b959f2ad28511d4e,0x78e499d4a73309f016dd70d79585e9cc5c6c6681,erc20,1017.522190991,HBT,0x0ace32f6e87ac1457a5385f8eb0208f37263b415,0x4107cfcc34d3d6c39e39a88d68f48bbdb48def654e5f721c0bc462fa52159a89,1615464035,candidate_layering
0xc7a1cb6edc22e94f17c80eb5b959f2ad28511d4e,0x0d4a11d5eeaac28ec3f61d100daf4d40471f1852,erc20,0.17903417651228945,WETH,0xc02aaa39b223fe8d0a0e5c4f27ead9083c756cc2,0xd3d7911f94c613d5137c9c62f87819b6152a100ae6d6a344cb0c75b2467a7ed7,1615464307,candidate_layering
0xc7a1cb6edc22e94f17c80eb5b959f2ad28511d4e,0x7a250d5630b4cf539739df2c5dacb4c659f2488d,erc20,0.7701186932133199,WETH,0xc02aaa39b223fe8d0a0e5c4f27ead9083c756cc2,0x4b5728b6a0c008ba64d5fff19b8f10214f1cbabb569b8610c1b93a8998d945f9,1615464466,candidate_layering
0xc7a1cb6edc22e94f17c80eb5b959f2ad28511d4e,0x7a250d5630b4cf539739df2c5dacb4c659f2488d,erc20,0.07504688676832079,WETH,0xc02aaa39b223fe8d0a0e5c4f27ead9083c756cc2,0x12412ec39364f5a6fd4ad15ee29c6b84e5510ef3593d02c473b04beeb8ad23a7,1615471466,candidate_layering
0xc7a1cb6edc22e94f17c80eb5b959f2ad28511d4e,0xb1637be0173330664adecb343faf112ca837da06,erc20,0.6039568808383454,WETH,0xc02aaa39b223fe8d0a0e5c4f27ead9083c756cc2,0xd911080c377fa2fb68879193f99578893a45ef103367b172c92723d008763509,1615473472,candidate_layering
0xc7a1cb6edc22e94f17c80eb5b959f2ad28511d4e,0x92eb3e659dcdccd499ff4cbed12ab0a7364ce21a,erc20,1006.1192612568,HBT,0x0ace32f6e87ac1457a5385f8eb0208f37263b415,0xe716c65d791829353d6de5b698ea222cab7a15789be3d2a4ec58ffa3dae7a48f,1615474588,candidate_layering
0xc7a1cb6edc22e94f17c80eb5b959f2ad28511d4e,0xd9cfab54f1234aeea22b2818ab919866a2809c1c,erc20,691.4942902994,HBT,0x0ace32f6e87ac1457a5385f8eb0208f37263b415,0x732c753db91ce2f15fc114bf68b9edef07644f535dda7288ee1bc4926b8ed56b,1615478970,candidate_layering
0xc7a1cb6edc22e94f17c80eb5b959f2ad28511d4e,0xfc8b1d7c25aac0fad9d9b5329043965d3b7a91f6,erc20,306.0081139069,HBT,0x0ace32f6e87ac1457a5385f8eb0208f37263b415,0x010e8ddd9ea5a5d6331f2adbaf143819d3164d1f81f9107094c2e0948828de72,1615480279,candidate_layering
0xc7a1cb6edc22e94f17c80eb5b959f2ad28511d4e,0x7a250d5630b4cf539739df2c5dacb4c659f2488d,erc20,1.0,WETH,0xc02aaa39b223fe8d0a0e5c4f27ead9083c756cc2,0xaf4afe464b9caf9fc904dc97ca4c9507313e406bf6c490f1104492d44a725c5d,1615482599,candidate_layering
0xc7a1cb6edc22e94f17c80eb5b959f2ad28511d4e,0x7a250d5630b4cf539739df2c5dacb4c659f2488d,erc20,0.783124692984097,WETH,0xc02aaa39b223fe8d0a0e5c4f27ead9083c756cc2,0x802ae233726fc4c8bbcaf905a4cb8bdbf169fc381ee9b3ff84793e13fe2b2ff5,1615484938,candidate_layering
0xc7a1cb6edc22e94f17c80eb5b959f2ad28511d4e,0x9c35f7a27c0f24b5711f31fb6e35e88e3602cf3d,erc20,0.4090674787787627,WETH,0xc02aaa39b223fe8d0a0e5c4f27ead9083c756cc2,0xbfae66bdc4ebd24c0245b8cee369515d3171aecac735e758e69c6d7d5b97fca8,1615486152,candidate_layering
0xc7a1cb6edc22e94f17c80eb5b959f2ad28511d4e,0x0243d1863b29155ddde9c83b8e040835140970e2,erc20,511.4051368652,HBT,0x0ace32f6e87ac1457a5385f8eb0208f37263b415,0x24dbc4c7d054695c45f2c0953f374e69990e9dd56b33035b89ebc86d97b695ed,1615486152,candidate_layering
0xc7a1cb6edc22e94f17c80eb5b959f2ad28511d4e,0x56bfc207b3cfeea6402a56cf8ceca0fe9f04b2f9,erc20,239.1404337612,HBT,0x0ace32f6e87ac1457a5385f8eb0208f37263b415,0x607bb1ff4cd708a99162e6ec58cab76771c62aacf592bbb6a5e3270d61777225,1615486452,candidate_layering
0xc7a1cb6edc22e94f17c80eb5b959f2ad28511d4e,0xdba22f0d11107eb7ca73b1e2b3ea501c14536e9b,erc20,448.6135195903,HBT,0x0ace32f6e87ac1457a5385f8eb0208f37263b415,0x5064623833d828a2cc932068d5270869e09b7036239ebf823a8c7071a967f0bf,1615486507,candidate_layering
0xc7a1cb6edc22e94f17c80eb5b959f2ad28511d4e,0x926c5be9a0c755584fef616fcd7d05fb791b05cd,erc20,409.5920317658,HBT,0x0ace32f6e87ac1457a5385f8eb0208f37263b415,0x7a68c913738d4852391d63528a5af0c56d532883d84697f22f33a4243c61d2bd,1615486555,candidate_layering
0xc7a1cb6edc22e94f17c80eb5b959f2ad28511d4e,0xfc8b1d7c25aac0fad9d9b5329043965d3b7a91f6,erc20,381.6654406527,HBT,0x0ace32f6e87ac1457a5385f8eb0208f37263b415,0x36b277b86a3ca00dc2088befbc3aae04ac0ba7a00b15690567c62d00fd938020,1615486776,candidate_layering
0xc7a1cb6edc22e94f17c80eb5b959f2ad28511d4e,0x4dbc6ec9f3b96e9b0c86f45cb0fed45666254f01,erc20,326.3846304377,HBT,0x0ace32f6e87ac1457a5385f8eb0208f37263b415,0x8b192ca1c16137c775cbfaaad2df121810476357055b48d7f149f836153b648b,1615486889,candidate_layering
0xc7a1cb6edc22e94f17c80eb5b959f2ad28511d4e,0x97450d7b8ee82caa797abb9d4e1698ec852b9a7f,erc20,500.0,HBT,0x0ace32f6e87ac1457a5385f8eb0208f37263b415,0x8a1cb3a4cb1d913783bf8f59fab37aab2bd23ebed9dbee867787faf8cedae457,1615487742,candidate_layering
0xc7a1cb6edc22e94f17c80eb5b959f2ad28511d4e,0x7a250d5630b4cf539739df2c5dacb4c659f2488d,erc20,0.582337414844077,WETH,0xc02aaa39b223fe8d0a0e5c4f27ead9083c756cc2,0xbf50b0367c6eb7e03fd7dada4697f96bc9af736b5e00eab1e15c8dd5216514cf,1615488236,candidate_layering
0xc7a1cb6edc22e94f17c80eb5b959f2ad28511d4e,0xb12eda73397c0170487fa4bbbb177fa659f75a6c,erc20,866.4293229891,HBT,0x0ace32f6e87ac1457a5385f8eb0208f37263b415,0xf0809e9bf8e86e642439e1b62f8325810a0015d2110e82a2d9dbc064b457b936,1615489557,candidate_layering
0xc7a1cb6edc22e94f17c80eb5b959f2ad28511d4e,0x7a250d5630b4cf539739df2c5dacb4c659f2488d,erc20,0.5662270538859536,WETH,0xc02aaa39b223fe8d0a0e5c4f27ead9083c756cc2,0x6e0fc3dd0f2d04d659c214abfebb90563437b09acb627592e1c82da0fa809840,1615489816,candidate_layering
0xc7a1cb6edc22e94f17c80eb5b959f2ad28511d4e,0x7a250d5630b4cf539739df2c5dacb4c659f2488d,erc20,0.12502229837745138,WETH,0xc02aaa39b223fe8d0a0e5c4f27ead9083c756cc2,0xb63ac67391f1299cf162ded0a48fdb2d9433f7b8896a387b95f5c709c5bffeb5,1615490969,candidate_layering
0xc7a1cb6edc22e94f17c80eb5b959f2ad28511d4e,0x897cf008f5f4d53011232fb3c77b6d373983d858,erc20,822.5201944666,HBT,0x0ace32f6e87ac1457a5385f8eb0208f37263b415,0x40282b742decc13320afeadee7c342845312be2eb1969f9a2d4c07258580f404,1615491563,candidate_layering
0xc7a1cb6edc22e94f17c80eb5b959f2ad28511d4e,0x2f69a93b5b62833049d032e298d777a5750653d2,erc20,853.1708932798,HBT,0x0ace32f6e87ac1457a5385f8eb0208f37263b415,0x327c6bfa2d0bea60bb32ea46f921b801c592ca3094066ff9d99ee158ace68740,1615501365,candidate_layering
0xc7a1cb6edc22e94f17c80eb5b959f2ad28511d4e,0x7a250d5630b4cf539739df2c5dacb4c659f2488d,erc20,0.47871856834136683,WETH,0xc02aaa39b223fe8d0a0e5c4f27ead9083c756cc2,0xcd342d0c3746cc5c3f353df1b6cd679526d55c36f67edf4ffe6b24ad0181c9ae,1615507922,candidate_layering
0xc7a1cb6edc22e94f17c80eb5b959f2ad28511d4e,0x7a250d5630b4cf539739df2c5dacb4c659f2488d,erc20,0.14628845591385747,WETH,0xc02aaa39b223fe8d0a0e5c4f27ead9083c756cc2,0xd0111604f812884868df62a28aac5c39dde148c7a97871ab007e9fdc436fe235,1615508049,candidate_layering
0xc7a1cb6edc22e94f17c80eb5b959f2ad28511d4e,0x4fc850399f4d3bfd706702803cc57ce192716897,erc20,0.2494730350546728,WETH,0xc02aaa39b223fe8d0a0e5c4f27ead9083c756cc2,0x8fa3e12b99422c4972d13c577114c69ffd140bddb49115d68e1359e0b0a63d2d,1615512822,candidate_layering
0xc7a1cb6edc22e94f17c80eb5b959f2ad28511d4e,0x7a250d5630b4cf539739df2c5dacb4c659f2488d,erc20,0.08807634761367501,WETH,0xc02aaa39b223fe8d0a0e5c4f27ead9083c756cc2,0xe9b8daec84e91634da0f5a10b5418649589efcd8394ceac3e48c16765f099c86,1615515778,candidate_layering
0xc7a1cb6edc22e94f17c80eb5b959f2ad28511d4e,0xd9cfab54f1234aeea22b2818ab919866a2809c1c,erc20,927.7480846506,HBT,0x0ace32f6e87ac1457a5385f8eb0208f37263b415,0x9c2ddbf26b3fe7bd71cc59da80576dddba8b77ca67c5fa0d6e6c6a8ec45e3b39,1615516625,candidate_layering
0xc7a1cb6edc22e94f17c80eb5b959f2ad28511d4e,0xa415f57e78c7db9a69198e3931750aa333756575,erc20,650.0,HBT,0x0ace32f6e87ac1457a5385f8eb0208f37263b415,0xf4a7a52fee4fd6b1cb502bc6e67672984b873825bae023a307c3683721be0afe,1615516768,candidate_layering
0xc7a1cb6edc22e94f17c80eb5b959f2ad28511d4e,0x7a65d7bcda8dbd86264f5c5a6fc1a1c2a9a7ed13,erc20,200.0,HBT,0x0ace32f6e87ac1457a5385f8eb0208f37263b415,0x6050eab1b7b5225c9246575a7064c58e1d2f1ff8169dcf255ffeeaebf94235cc,1615517526,candidate_layering
0xc7a1cb6edc22e94f17c80eb5b959f2ad28511d4e,0xc20ba3d0ce47f54ea2f160e87dae916a58fb903f,erc20,1000.0,HBT,0x0ace32f6e87ac1457a5385f8eb0208f37263b415,0x2b81c8b60df18ab48fe61c5df7e2982f035409fcc11d1eb40aa6abb8fb0d6ea2,1615517892,candidate_layering
0xc7a1cb6edc22e94f17c80eb5b959f2ad28511d4e,0x0555bdebc3429585b4594285a76f853725a49532,erc20,529.7991355985,HBT,0x0ace32f6e87ac1457a5385f8eb0208f37263b415,0xa29a271ce9cea53123ee686069a1ffda982045647a631776fb75ea76e1b77a64,1615518207,candidate_layering
0xc7a1cb6edc22e94f17c80eb5b959f2ad28511d4e,0x9266de273d7d4d19e680782a2b0039c79af58ca8,erc20,966.9526261295,HBT,0x0ace32f6e87ac1457a5385f8eb0208f37263b415,0x23972be8c9c5c5583fee5256ae1f850bf4973d9883fc6dd0131629fd0d9df24f,1615518207,candidate_layering
0xc7a1cb6edc22e94f17c80eb5b959f2ad28511d4e,0x0555bdebc3429585b4594285a76f853725a49532,erc20,0.7065170589030121,WETH,0xc02aaa39b223fe8d0a0e5c4f27ead9083c756cc2,0x5cabe5fe9e1a62e3a179c497c476df3dd154b9cf90a50c006f4551b9f340b662,1615518207,candidate_layering
0xc7a1cb6edc22e94f17c80eb5b959f2ad28511d4e,0x7a250d5630b4cf539739df2c5dacb4c659f2488d,erc20,0.6714120283324015,WETH,0xc02aaa39b223fe8d0a0e5c4f27ead9083c756cc2,0x3fad8651564e9951267ab60da36f8c0dd575ce71339327459292ac3164db7bb0,1615518237,candidate_layering
0xc7a1cb6edc22e94f17c80eb5b959f2ad28511d4e,0x0d4a11d5eeaac28ec3f61d100daf4d40471f1852,erc20,0.19899975698749606,WETH,0xc02aaa39b223fe8d0a0e5c4f27ead9083c756cc2,0x06685bd0346152853c31618f099b21674656aeba6724155c042d0c3254d3dd44,1615518322,candidate_layering
0xc7a1cb6edc22e94f17c80eb5b959f2ad28511d4e,0x7a250d5630b4cf539739df2c5dacb4c659f2488d,erc20,0.494486448611315,WETH,0xc02aaa39b223fe8d0a0e5c4f27ead9083c756cc2,0x4f64608d54ca994f5adb5f67ffc8c2ed4ac3396d511c885d30696b4889769338,1615518365,candidate_layering
0xc7a1cb6edc22e94f17c80eb5b959f2ad28511d4e,0x7a250d5630b4cf539739df2c5dacb4c659f2488d,erc20,0.5365286995851839,WETH,0xc02aaa39b223fe8d0a0e5c4f27ead9083c756cc2,0x77cd5633e7635a6526b2f07e48b9aa2c340ab9ec75a09670a100ac336ef1f9df,1615518652,candidate_layering
0xc7a1cb6edc22e94f17c80eb5b959f2ad28511d4e,0x7a65d7bcda8dbd86264f5c5a6fc1a1c2a9a7ed13,erc20,200.0,HBT,0x0ace32f6e87ac1457a5385f8eb0208f37263b415,0xb5d4e193fc339c58f853ccdbc1e3f5a8f442a5d431ae11ea6de61bb5991bc359,1615518695,candidate_layering
0xc7a1cb6edc22e94f17c80eb5b959f2ad28511d4e,0x7c48be64e65fd88790005fea3ab3b8eb8db35d07,erc20,632.0,HBT,0x0ace32f6e87ac1457a5385f8eb0208f37263b415,0x961a95db79cb0c7327ebb35589cf0553e44a2413020591b52742f740d3c032cd,1615518823,candidate_layering
0xc7a1cb6edc22e94f17c80eb5b959f2ad28511d4e,0x44424c777a8710cd583188d4d3126b7b03320d0f,erc20,353.719762105,HBT,0x0ace32f6e87ac1457a5385f8eb0208f37263b415,0xc31bcfe9f1ce848e44962a974f5a0ecfa80c823e0100ee5623c2d3c941a15bba,1615519334,candidate_layering
0xc7a1cb6edc22e94f17c80eb5b959f2ad28511d4e,0x7a65d7bcda8dbd86264f5c5a6fc1a1c2a9a7ed13,erc20,200.0,HBT,0x0ace32f6e87ac1457a5385f8eb0208f37263b415,0xb1e4e34e00d6e5d8e8c74698cafc820097e9069afd69763454e3bb3dcf9c362e,1615519612,candidate_layering
0xc7a1cb6edc22e94f17c80eb5b959f2ad28511d4e,0x7a250d5630b4cf539739df2c5dacb4c659f2488d,erc20,0.5564816052541263,WETH,0xc02aaa39b223fe8d0a0e5c4f27ead9083c756cc2,0x3f9969fa67ecc12a2d06faa0f576d96ab5814c80b2f55692334eb9df509d1c05,1615520738,candidate_layering
0xc7a1cb6edc22e94f17c80eb5b959f2ad28511d4e,0x0f88f23859837b66f10c3ca32664f3c085239475,erc20,1009.703811107,HBT,0x0ace32f6e87ac1457a5385f8eb0208f37263b415,0xb9ae1424a9033b6374f70b4a7eabdeffaf5a3d7b1ee5d4c2cd7aa45910933b27,1615521388,candidate_layering
0xc7a1cb6edc22e94f17c80eb5b959f2ad28511d4e,0x7a250d5630b4cf539739df2c5dacb4c659f2488d,erc20,0.6243719349056231,WETH,0xc02aaa39b223fe8d0a0e5c4f27ead9083c756cc2,0xa3874518f3ab553a046ebdd727f45c562ca00ca4f3406914e2402b9fdf2548cf,1615521510,candidate_layering
0xc7a1cb6edc22e94f17c80eb5b959f2ad28511d4e,0x11689346364ad2359a742711b21081b94df19fcd,erc20,366.1534454248,HBT,0x0ace32f6e87ac1457a5385f8eb0208f37263b415,0x64ee73e648b85f221d77ec1a2953e1d25356c1d2947b88ec06017c9308a1b403,1615521752,candidate_layering
0xc7a1cb6edc22e94f17c80eb5b959f2ad28511d4e,0x7a250d5630b4cf539739df2c5dacb4c659f2488d,erc20,0.4496158771070109,WETH,0xc02aaa39b223fe8d0a0e5c4f27ead9083c756cc2,0xc9bce317e21ec24aafc45f465b5bcf3ab4edb34fbdc55e4c2e0acee4e590456e,1615522125,candidate_layering
0xc7a1cb6edc22e94f17c80eb5b959f2ad28511d4e,0x7a250d5630b4cf539739df2c5dacb4c659f2488d,erc20,0.6732057077001636,WETH,0xc02aaa39b223fe8d0a0e5c4f27ead9083c756cc2,0xa2cb335606a2f1eb9b1b35372e9bc66d0116a7579675c8d00a5c499245a53c0d,1615522585,candidate_layering
0xc7a1cb6edc22e94f17c80eb5b959f2ad28511d4e,0x9b4e6a6f1576d413f9b020a226a9c2eb40ba6a0e,erc20,128.9015494249,HBT,0x0ace32f6e87ac1457a5385f8eb0208f37263b415,0x3bb73bb94f510e70b5ef63c8797e57b83e52ea6f5ba579410b615c23f0f154d0,1615524198,candidate_layering
0xc7a1cb6edc22e94f17c80eb5b959f2ad28511d4e,0x7a250d5630b4cf539739df2c5dacb4c659f2488d,erc20,0.27593260446752865,WETH,0xc02aaa39b223fe8d0a0e5c4f27ead9083c756cc2,0xb9ecf3134fefb5b6795bd7ebbe28d8987a1ec75b942d4bedee2316e0b8cd8a4f,1615525162,candidate_layering
0xc7a1cb6edc22e94f17c80eb5b959f2ad28511d4e,0xa415f57e78c7db9a69198e3931750aa333756575,erc20,350.0,HBT,0x0ace32f6e87ac1457a5385f8eb0208f37263b415,0xc249642f0576f9c792fd81fda17bbde85d61a751339ed89e0da27e81f156df51,1615525835,candidate_layering
0xc7a1cb6edc22e94f17c80eb5b959f2ad28511d4e,0x2609008d74818905c895c4cfe4062cbb565d17fd,erc20,306.3759901542,HBT,0x0ace32f6e87ac1457a5385f8eb0208f37263b415,0xbf79079bc87d9d4aa67080e07738432dcfe6f4f06a408677dd4609b8474acad0,1615526064,candidate_layering
0xc7a1cb6edc22e94f17c80eb5b959f2ad28511d4e,0x7a250d5630b4cf539739df2c5dacb4c659f2488d,erc20,0.7470530759675441,WETH,0xc02aaa39b223fe8d0a0e5c4f27ead9083c756cc2,0xd19edfcd8d8832d7f7559c34714e7b9278476dd9bce59951ac2940bf2c44b39e,1615526821,candidate_layering
0xc7a1cb6edc22e94f17c80eb5b959f2ad28511d4e,0x6b601a6a9097ad7b8634de4792010b733c2de1ce,erc20,290.5167534793,HBT,0x0ace32f6e87ac1457a5385f8eb0208f37263b415,0xb4cbcfa0ac2a8bb4154e6e2e35488955fd6a027138b377eaffda2a85519526a7,1615530210,candidate_layering
0xc7a1cb6edc22e94f17c80eb5b959f2ad28511d4e,0xa25ff8c58927a42d70e9d831bcd15c99bcd90ea2,erc20,727.3547168494,HBT,0x0ace32f6e87ac1457a5385f8eb0208f37263b415,0xa1115c4aa9225210483b14881d868d7ada8cd8dce73b9c1af6eb788ade6ffc17,1615530336,candidate_layering
0xc7a1cb6edc22e94f17c80eb5b959f2ad28511d4e,0x03db22bcdb7a59a8dd93197284233b5a165c4ab5,erc20,544.8381519346,HBT,0x0ace32f6e87ac1457a5385f8eb0208f37263b415,0x86c7908904e1b4114457584ce31a7c2bf71441e6fad63c7fdf1194fd124a3bfa,1615530441,candidate_layering
0xc7a1cb6edc22e94f17c80eb5b959f2ad28511d4e,0x7a250d5630b4cf539739df2c5dacb4c659f2488d,erc20,0.8619127873490372,WETH,0xc02aaa39b223fe8d0a0e5c4f27ead9083c756cc2,0xfe748ba787396c7d6e5896e01be97706949301a288c31b9edb929814326a15b1,1615530521,candidate_layering
0xc7a1cb6edc22e94f17c80eb5b959f2ad28511d4e,0x03db22bcdb7a59a8dd93197284233b5a165c4ab5,erc20,376.065938721,HBT,0x0ace32f6e87ac1457a5385f8eb0208f37263b415,0x7a9105587046e3671bf513b2532e51b8270259d0d8b92872ba0e614ceb8fd80b,1615531324,candidate_layering
0xc7a1cb6edc22e94f17c80eb5b959f2ad28511d4e,0x186c20652a42ec20a9d9bf8937a91addbb01b911,erc20,342.9407431621,HBT,0x0ace32f6e87ac1457a5385f8eb0208f37263b415,0x4bdce4c62abf8b81948cc51033df4c1b6dfd29b3cda4e6a640c926a421086ddf,1615531546,candidate_layering
0xc7a1cb6edc22e94f17c80eb5b959f2ad28511d4e,0x7a250d5630b4cf539739df2c5dacb4c659f2488d,erc20,0.5052583757536724,WETH,0xc02aaa39b223fe8d0a0e5c4f27ead9083c756cc2,0x5dbca4695d9c373714a165b15edc12cd6e1ebd4215788e225fc50826632d267b,1615531886,candidate_layering
0xc7a1cb6edc22e94f17c80eb5b959f2ad28511d4e,0xc099d09cf467f85b63e3c4f6bbaa9c93150e8702,erc20,247.4184821422,HBT,0x0ace32f6e87ac1457a5385f8eb0208f37263b415,0x4fa52a0316ec430d5ea19e9b8b46847287acb0e8d487463b8ddfcf65f0176f66,1615533268,candidate_layering
0xc7a1cb6edc22e94f17c80eb5b959f2ad28511d4e,0x7a250d5630b4cf539739df2c5dacb4c659f2488d,erc20,0.7538303860429094,WETH,0xc02aaa39b223fe8d0a0e5c4f27ead9083c756cc2,0xc8d9956f9a650e476296abc48a2d0866b13802710dd906405726ffef9eaac782,1615533571,candidate_layering
0xc7a1cb6edc22e94f17c80eb5b959f2ad28511d4e,0x090ee38080c5042b6ce147ece13a1a140432fbcc,erc20,723.6568354279,HBT,0x0ace32f6e87ac1457a5385f8eb0208f37263b415,0x98d44ebfa1a5d46306cf63c063d71617fb5f24438fe558b8c86f7a3f6be7324a,1615533948,candidate_layering
0xc7a1cb6edc22e94f17c80eb5b959f2ad28511d4e,0x9ddd23c1ec9c69bc833008d4d2f86f6aa491bc91,erc20,0.18465585302096063,WETH,0xc02aaa39b223fe8d0a0e5c4f27ead9083c756cc2,0x135bf44af577941ee866897382dfedbc2ba2da3a7e0674c2cc30a445e72731eb,1615536458,candidate_layering
0xc7a1cb6edc22e94f17c80eb5b959f2ad28511d4e,0x2e902f0fb18841e773c40c062fd44def73d821cc,erc20,265.7699117812,HBT,0x0ace32f6e87ac1457a5385f8eb0208f37263b415,0xfec06631789e1681af8af96b892efac5fb9d28baa680dba73813ed0fcfac3443,1615540501,candidate_layering
0xc7a1cb6edc22e94f17c80eb5b959f2ad28511d4e,0x7a250d5630b4cf539739df2c5dacb4c659f2488d,erc20,0.5337705693981286,WETH,0xc02aaa39b223fe8d0a0e5c4f27ead9083c756cc2,0x467a136a76ab846b096c40f92d87d492c9d8bb8cdea6a02a4c49145741b51598,1615541686,candidate_layering
0xc7a1cb6edc22e94f17c80eb5b959f2ad28511d4e,0x2f69a93b5b62833049d032e298d777a5750653d2,erc20,500.0,HBT,0x0ace32f6e87ac1457a5385f8eb0208f37263b415,0xfd413e4240889e1c7c4159c1727b9bf376e7ba9cd617cc5d31156c31de51855d,1615542745,candidate_layering
0xc7a1cb6edc22e94f17c80eb5b959f2ad28511d4e,0x7a250d5630b4cf539739df2c5dacb4c659f2488d,erc20,0.6489788436733527,WETH,0xc02aaa39b223fe8d0a0e5c4f27ead9083c756cc2,0x427dbcbe3bd620aaa6016d3704cb954dc8cc854ea955451002fab67b46dc9c5f,1615542956,candidate_layering
0xc7a1cb6edc22e94f17c80eb5b959f2ad28511d4e,0x9ddd23c1ec9c69bc833008d4d2f86f6aa491bc91,erc20,0.4123289722542144,WETH,0xc02aaa39b223fe8d0a0e5c4f27ead9083c756cc2,0xd0f9681277f88efdcc45bc7572473646c3b0cc452cf3713792f0d27a2d314a79,1615545345,candidate_layering
0xc7a1cb6edc22e94f17c80eb5b959f2ad28511d4e,0x2be68e381eaad342b9892961beb822270ef1fbd4,erc20,221.2285163814,HBT,0x0ace32f6e87ac1457a5385f8eb0208f37263b415,0xbb0dcd4623cd6ab51d04833a23e8a7b5a5990e4294523bbcda07be6b8bc6853b,1615545933,candidate_layering
0xc7a1cb6edc22e94f17c80eb5b959f2ad28511d4e,0x12849ec7cb1a7b29fafd3e16dc5159b2f5d67303,erc20,188.5139966217,HBT,0x0ace32f6e87ac1457a5385f8eb0208f37263b415,0x5185359f954949ffd178835bbd63938add99142f08cf0033f89405fd6efff5d8,1615546829,candidate_layering
0xc7a1cb6edc22e94f17c80eb5b959f2ad28511d4e,0xc20ba3d0ce47f54ea2f160e87dae916a58fb903f,erc20,500.0,HBT,0x0ace32f6e87ac1457a5385f8eb0208f37263b415,0x4b54e96a990af130f99f38b32a705dabee0fb2859a0c379a5a9e210fe33d2d2f,1615547383,candidate_layering
0xc7a1cb6edc22e94f17c80eb5b959f2ad28511d4e,0x12849ec7cb1a7b29fafd3e16dc5159b2f5d67303,erc20,330.8991624318,HBT,0x0ace32f6e87ac1457a5385f8eb0208f37263b415,0xef49573dbe809b4d830e822f3fd2c51e18f8e80e14d69968c651bd8c67386637,1615547632,candidate_layering
0xc7a1cb6edc22e94f17c80eb5b959f2ad28511d4e,0x7a250d5630b4cf539739df2c5dacb4c659f2488d,erc20,0.5781291380789167,WETH,0xc02aaa39b223fe8d0a0e5c4f27ead9083c756cc2,0xf79cdccf2b1d58551b83118de6dab88a3ed7aab06c00ed741b42947ec9338d3b,1615547719,candidate_layering
0xc7a1cb6edc22e94f17c80eb5b959f2ad28511d4e,0xbdcee5e6df63283fbf380c3193cd1e78a511d682,erc20,200.0,HBT,0x0ace32f6e87ac1457a5385f8eb0208f37263b415,0x19b921db754da84e291aaea66fc33bd7419656c54d18c0a9d9a19e499c37c924,1615549150,candidate_layering
0xc7a1cb6edc22e94f17c80eb5b959f2ad28511d4e,0x92eb3e659dcdccd499ff4cbed12ab0a7364ce21a,erc20,1134.6627047389,HBT,0x0ace32f6e87ac1457a5385f8eb0208f37263b415,0xd4003265a7baa6b73bc3987854763b097559fb3beb7e3a97c90d8887504810ba,1615549590,candidate_layering
0xc7a1cb6edc22e94f17c80eb5b959f2ad28511d4e,0xbdcee5e6df63283fbf380c3193cd1e78a511d682,erc20,276.8120047615,HBT,0x0ace32f6e87ac1457a5385f8eb0208f37263b415,0xf543a9eaf62d1de6382119a71178a56532e59fbb36fec44483a3d0c853e1b345,1615550176,candidate_layering
0xc7a1cb6edc22e94f17c80eb5b959f2ad28511d4e,0x7a250d5630b4cf539739df2c5dacb4c659f2488d,erc20,0.6624147811215522,WETH,0xc02aaa39b223fe8d0a0e5c4f27ead9083c756cc2,0x916ecf2e5e1ac09c177a887a63265026eaaa41568475b8353ffd295b2f4cfd6e,1615550556,candidate_layering
0xc7a1cb6edc22e94f17c80eb5b959f2ad28511d4e,0xb3c9669a5706477a2b237d98edb9b57678926f04,erc20,0.538200280132133,WETH,0xc02aaa39b223fe8d0a0e5c4f27ead9083c756cc2,0x9f65b88e9ad805b366e8c7a6bbad2609173b00331febf7593f7851175f0fa6a3,1615554232,candidate_layering
0xc7a1cb6edc22e94f17c80eb5b959f2ad28511d4e,0x7a65d7bcda8dbd86264f5c5a6fc1a1c2a9a7ed13,erc20,200.0,HBT,0x0ace32f6e87ac1457a5385f8eb0208f37263b415,0xdbb39d18be3098c12f9e1fe4f64df509654d368024c410a62c655f41140595c0,1615558163,candidate_layering
0xc7a1cb6edc22e94f17c80eb5b959f2ad28511d4e,0x7a65d7bcda8dbd86264f5c5a6fc1a1c2a9a7ed13,erc20,200.0,HBT,0x0ace32f6e87ac1457a5385f8eb0208f37263b415,0x4eed6e1da09351a1bfe14491c212c25ad813a215458a1c9ab90cf80aa50cf11e,1615558319,candidate_layering
0xc7a1cb6edc22e94f17c80eb5b959f2ad28511d4e,0xd6a5448eb47709bcdc7948166dad3461630ad851,erc20,455.4658539398,HBT,0x0ace32f6e87ac1457a5385f8eb0208f37263b415,0xf7260e7b524d2893ac69d6a578111c9dc240cf60b2bc52aebdf8e2b65690c376,1615558967,candidate_layering
0xc7a1cb6edc22e94f17c80eb5b959f2ad28511d4e,0x2f69a93b5b62833049d032e298d777a5750653d2,erc20,500.0,HBT,0x0ace32f6e87ac1457a5385f8eb0208f37263b415,0x9e7f0e315793bbc66e22ba7d084c083bf901b1341bcd470d723c9a16f502815c,1615560094,candidate_layering
0xc7a1cb6edc22e94f17c80eb5b959f2ad28511d4e,0x7a250d5630b4cf539739df2c5dacb4c659f2488d,erc20,0.12482601750997142,WETH,0xc02aaa39b223fe8d0a0e5c4f27ead9083c756cc2,0xb8e026470e4c3735e6f8d093c037987cc49954d7d68e8eb204a97d41016caac1,1615563540,candidate_layering
0xc7a1cb6edc22e94f17c80eb5b959f2ad28511d4e,0x1a616dae57382a9084c026d3f475aed59c2668cb,erc20,283.9750942894,HBT,0x0ace32f6e87ac1457a5385f8eb0208f37263b415,0x4d60b066955282d3276feb1bb08800ccd763bff1fcacf823b77de2795a56840a,1615563702,candidate_layering
0xc7a1cb6edc22e94f17c80eb5b959f2ad28511d4e,0x7a250d5630b4cf539739df2c5dacb4c659f2488d,erc20,0.5844326659423821,WETH,0xc02aaa39b223fe8d0a0e5c4f27ead9083c756cc2,0x3a12773c6c4795bcbacf3b41119a3728d5073640b92aeb6dfb76cbaa54af5ca6,1615563717,candidate_layering
0xc7a1cb6edc22e94f17c80eb5b959f2ad28511d4e,0x2fcc020f72e5d2edd2a24d04f3dc90d7fdfbd1dd,erc20,1500.0,HBT,0x0ace32f6e87ac1457a5385f8eb0208f37263b415,0x18a1e550290a3e46f699c0b401d0ee904572690856489e4d3b1422ccbb2af181,1615563778,candidate_layering
0xc7a1cb6edc22e94f17c80eb5b959f2ad28511d4e,0x1a616dae57382a9084c026d3f475aed59c2668cb,erc20,144.2621035148,HBT,0x0ace32f6e87ac1457a5385f8eb0208f37263b415,0xa8d7b91c34058c55f9a523b622418ad70233f4cebe4ce83598286736ffe90423,1615563921,candidate_layering
0xc7a1cb6edc22e94f17c80eb5b959f2ad28511d4e,0xb3c9669a5706477a2b237d98edb9b57678926f04,erc20,187.6132328322,HBT,0x0ace32f6e87ac1457a5385f8eb0208f37263b415,0x2c3c74d6c8f0d829a46ab375cbbbddaccebb267f336062e8b0c597674365dc11,1615567132,candidate_layering
0xc7a1cb6edc22e94f17c80eb5b959f2ad28511d4e,0x7a250d5630b4cf539739df2c5dacb4c659f2488d,erc20,0.7054077246239718,WETH,0xc02aaa39b223fe8d0a0e5c4f27ead9083c756cc2,0x756176deb2344d0738d00c9a752d77009502d4885b216814443d47cd9548cf25,1615569345,candidate_layering
0xc7a1cb6edc22e94f17c80eb5b959f2ad28511d4e,0x9f47a0c2f636cfdc39369e1ef4afcd9bc7e93c0c,erc20,592.3534876604,HBT,0x0ace32f6e87ac1457a5385f8eb0208f37263b415,0x43a57580ff88464be37ee5ae71c17d4920119537c3941a9a0cea38ff6d0eee1d,1615573907,candidate_layering
0xc7a1cb6edc22e94f17c80eb5b959f2ad28511d4e,0x897cf008f5f4d53011232fb3c77b6d373983d858,erc20,519.1376737558,HBT,0x0ace32f6e87ac1457a5385f8eb0208f37263b415,0x33213161bd528826021ebb55363c13d8724512d0b603d3dbfd0a31ad25951d16,1615573965,candidate_layering
0xc7a1cb6edc22e94f17c80eb5b959f2ad28511d4e,0x7a250d5630b4cf539739df2c5dacb4c659f2488d,erc20,0.38395920581819254,WETH,0xc02aaa39b223fe8d0a0e5c4f27ead9083c756cc2,0x7dcb69e966bcb923b9a13d9ec26af91b32a93686aba701a522bd64314cf16df0,1615574053,candidate_layering
0xc7a1cb6edc22e94f17c80eb5b959f2ad28511d4e,0x90ad7fb850c5369c2fb60e951503315e71d0f2a9,erc20,393.5621794417,HBT,0x0ace32f6e87ac1457a5385f8eb0208f37263b415,0x894e5486b1cdf5e6483d72d045833a18f4a258f2e8a8c30747afa0f7cfdbd685,1615574133,candidate_layering
0xc7a1cb6edc22e94f17c80eb5b959f2ad28511d4e,0xda3706c9a099077e6bc389d1baf918565212a54d,erc20,0.3232359547800631,WETH,0xc02aaa39b223fe8d0a0e5c4f27ead9083c756cc2,0x2f914e8ea9aa78f0e9f0ed75869a1037a3da936d6b763f78508914f94ea38b12,1615574341,candidate_layering
0xc7a1cb6edc22e94f17c80eb5b959f2ad28511d4e,0x15c10571b6bbca14dee2221c65172fe02af4baca,erc20,120.0,HBT,0x0ace32f6e87ac1457a5385f8eb0208f37263b415,0xfa5ff4a33c8d25a15f86113a4d82712ff88ee7816d74a45843bd912b2cf36a40,1615575986,candidate_layering
0xc7a1cb6edc22e94f17c80eb5b959f2ad28511d4e,0x7a250d5630b4cf539739df2c5dacb4c659f2488d,erc20,0.3477980941514536,WETH,0xc02aaa39b223fe8d0a0e5c4f27ead9083c756cc2,0x5d07234c0a08ee1842c0e7301e8dbcfcaf2c95b8f12be1c097b017be713dc95e,1615577356,candidate_layering
0xc7a1cb6edc22e94f17c80eb5b959f2ad28511d4e,0x759dd44817d3cf72a8218f63c4aac7fae54a9caa,erc20,221.5346747232,HBT,0x0ace32f6e87ac1457a5385f8eb0208f37263b415,0xa3e01808117ab88b83146a5f7b587e9ffbc5c84ca8e02c088a5b13fe377d7451,1615584576,candidate_layering
0xc7a1cb6edc22e94f17c80eb5b959f2ad28511d4e,0xad38b6e109db583707e689f6bc5cddee32b8fcfe,erc20,500.0,HBT,0x0ace32f6e87ac1457a5385f8eb0208f37263b415,0x91443d0a9cc119961f10c32cd384fe7124abf2b534ceae0e5d04f6ab737f0ce6,1615586233,candidate_layering
0xc7a1cb6edc22e94f17c80eb5b959f2ad28511d4e,0x7a250d5630b4cf539739df2c5dacb4c659f2488d,erc20,0.6931538997348946,WETH,0xc02aaa39b223fe8d0a0e5c4f27ead9083c756cc2,0x8e86603f76df899b838addcf5faf66b6ffff2f9f75808ac383592d2a968bf9bd,1615586504,candidate_layering
0xc7a1cb6edc22e94f17c80eb5b959f2ad28511d4e,0xdba22f0d11107eb7ca73b1e2b3ea501c14536e9b,erc20,458.9924849185,HBT,0x0ace32f6e87ac1457a5385f8eb0208f37263b415,0xba826325b11696ce0eff06ed89ec2addc067892e199f691d47e5cc90ede2a24b,1615589971,candidate_layering
0xc7a1cb6edc22e94f17c80eb5b959f2ad28511d4e,0x7a250d5630b4cf539739df2c5dacb4c659f2488d,erc20,0.443199483064176,WETH,0xc02aaa39b223fe8d0a0e5c4f27ead9083c756cc2,0x7ddc801f2fa46758d727afd0b781feafa9fa4f3156955569850c9dd6904aa3a6,1615591781,candidate_layering
0xc7a1cb6edc22e94f17c80eb5b959f2ad28511d4e,0xa3b4817245ce62dc062672110d873f70325c26cb,erc20,500.0,HBT,0x0ace32f6e87ac1457a5385f8eb0208f37263b415,0x3992f9fce1f50c52e489001f5486b2bd6265e59ce5966841fc2f7e737ea982e9,1615591954,candidate_layering
0xc7a1cb6edc22e94f17c80eb5b959f2ad28511d4e,0x7a250d5630b4cf539739df2c5dacb4c659f2488d,erc20,0.8388359507663855,WETH,0xc02aaa39b223fe8d0a0e5c4f27ead9083c756cc2,0x0c2a6542388a1adf303b874e566e9979b3563e8d6432e1f6c64f5048e63cf18c,1615592147,candidate_layering
0xc7a1cb6edc22e94f17c80eb5b959f2ad28511d4e,0x2be68e381eaad342b9892961beb822270ef1fbd4,erc20,229.0518917372,HBT,0x0ace32f6e87ac1457a5385f8eb0208f37263b415,0x35ed16f2192ade896641ef23500e5219f1a9b83ed03a421d7606c4ae29cb6365,1615592528,candidate_layering
0xc7a1cb6edc22e94f17c80eb5b959f2ad28511d4e,0xd6a5448eb47709bcdc7948166dad3461630ad851,erc20,473.7317241861,HBT,0x0ace32f6e87ac1457a5385f8eb0208f37263b415,0x23fe9735071c255c836e4a1d20aa023bfdfae43d3e11181471a750daeb2f6e95,1615592773,candidate_layering
0xc7a1cb6edc22e94f17c80eb5b959f2ad28511d4e,0xa3b4817245ce62dc062672110d873f70325c26cb,erc20,500.0,HBT,0x0ace32f6e87ac1457a5385f8eb0208f37263b415,0x25412d154f9da4227405203a25cbf10fe84bece7f94234594ecb1198e80bd247,1615593270,candidate_layering
0xc7a1cb6edc22e94f17c80eb5b959f2ad28511d4e,0x7a250d5630b4cf539739df2c5dacb4c659f2488d,erc20,0.5521985173306375,WETH,0xc02aaa39b223fe8d0a0e5c4f27ead9083c756cc2,0x0a807fc9b75aed9e2e598e32d0af6dbb446fd4d874053c147b9afaba34d913be,1615597263,candidate_layering
0xc7a1cb6edc22e94f17c80eb5b959f2ad28511d4e,0xdba22f0d11107eb7ca73b1e2b3ea501c14536e9b,erc20,475.8719497027,HBT,0x0ace32f6e87ac1457a5385f8eb0208f37263b415,0x87cca1ebc86709a26fa7a8fae78addc1afb1c24fa6d093886d0097dc9e5aa06f,1615597416,candidate_layering
0xc7a1cb6edc22e94f17c80eb5b959f2ad28511d4e,0x7a250d5630b4cf539739df2c5dacb4c659f2488d,erc20,0.19335002513713537,WETH,0xc02aaa39b223fe8d0a0e5c4f27ead9083c756cc2,0xfca603470d00de6f8ae53e9fdb43bfaae8ef7540668136505ef82a9e1f4b9878,1615599253,candidate_layering
0xc7a1cb6edc22e94f17c80eb5b959f2ad28511d4e,0xdba22f0d11107eb7ca73b1e2b3ea501c14536e9b,erc20,465.7401653585,HBT,0x0ace32f6e87ac1457a5385f8eb0208f37263b415,0xc058bca9ea5870199de747d8c10627bb9eda3e77ccc73890da83f229bdbb6394,1615609700,candidate_layering
0xc7a1cb6edc22e94f17c80eb5b959f2ad28511d4e,0x47bb55752db81389b684e8660ca9712470e3d843,erc20,738.602369942,HBT,0x0ace32f6e87ac1457a5385f8eb0208f37263b415,0x3c1e562a38a6b8147f6901ef96916a469eb27697449430a18903879b8942d2b6,1615615689,candidate_layering
0xc7a1cb6edc22e94f17c80eb5b959f2ad28511d4e,0xda3a20aad0c34fa742bd9813d45bbf67c787ae0b,erc20,0.6202290307705598,WETH,0xc02aaa39b223fe8d0a0e5c4f27ead9083c756cc2,0xbe770d72096dde0fa1b0bbc9a613d01e30e663d34670aa457fb603217cac9c61,1615617957,candidate_layering
0xc7a1cb6edc22e94f17c80eb5b959f2ad28511d4e,0x12849ec7cb1a7b29fafd3e16dc5159b2f5d67303,erc20,857.5917187276,HBT,0x0ace32f6e87ac1457a5385f8eb0208f37263b415,0x813771c2a5ecfd46ea2aa12330ff6b6cb0d8257b70e673733abdf4b6e4c6762d,1615636565,candidate_layering
0xc7a1cb6edc22e94f17c80eb5b959f2ad28511d4e,0x7a250d5630b4cf539739df2c5dacb4c659f2488d,erc20,0.40885162250769247,WETH,0xc02aaa39b223fe8d0a0e5c4f27ead9083c756cc2,0x25008698274bc0f298be9ba4fea74b42df069f1305fb6a3cf146c17b62509a1c,1615636959,candidate_layering
0xc7a1cb6edc22e94f17c80eb5b959f2ad28511d4e,0xa51fa51788de0bc5b534ab4cba23f0329ec5512c,erc20,837.9027547702,HBT,0x0ace32f6e87ac1457a5385f8eb0208f37263b415,0xa88fc35dc732cda0ec25826efb2c598cf7ee966e93e9b0f56e32976f41281ccb,1615639836,candidate_layering
0xc7a1cb6edc22e94f17c80eb5b959f2ad28511d4e,0x78dcaaef07e07f1dce2738200c7afbfd7627156a,erc20,1301.0938405736,HBT,0x0ace32f6e87ac1457a5385f8eb0208f37263b415,0x7492d8250f08534ab7f7536e1fa3b5efed50cbb075be122327b2dc2e9f351f44,1615641994,candidate_layering
0xc7a1cb6edc22e94f17c80eb5b959f2ad28511d4e,0x7a250d5630b4cf539739df2c5dacb4c659f2488d,erc20,0.41850292293855096,WETH,0xc02aaa39b223fe8d0a0e5c4f27ead9083c756cc2,0x90f3afefbd36dba82687f23fa496d61ecf3b31ea0206ca206b24c6977ef27688,1615643258,candidate_layering
0xc7a1cb6edc22e94f17c80eb5b959f2ad28511d4e,0x7a250d5630b4cf539739df2c5dacb4c659f2488d,erc20,1.3292774698103191,WETH,0xc02aaa39b223fe8d0a0e5c4f27ead9083c756cc2,0x830e7bf3746cbb29861013e4e5b822631669f9b8ef548a79ebffbe78c5177162,1615643960,candidate_layering
0xc7a1cb6edc22e94f17c80eb5b959f2ad28511d4e,0x12849ec7cb1a7b29fafd3e16dc5159b2f5d67303,erc20,735.0620635503,HBT,0x0ace32f6e87ac1457a5385f8eb0208f37263b415,0x733e82b212cd5f407ccb3e7f7bac7b1adf217b1f4295e0e8d7d937e4613ebd73,1615644351,candidate_layering
0xc7a1cb6edc22e94f17c80eb5b959f2ad28511d4e,0xbdcee5e6df63283fbf380c3193cd1e78a511d682,erc20,336.414706123,HBT,0x0ace32f6e87ac1457a5385f8eb0208f37263b415,0x6c8c49362d7dcedb39c98b8bcc2404368ee78879c0b159d1e3d4571a1b45472d,1615648782,candidate_layering
0xc7a1cb6edc22e94f17c80eb5b959f2ad28511d4e,0xd6b06ded7655a80b383ddfc14533b2d2febc55b2,erc20,0.5524909815995885,WETH,0xc02aaa39b223fe8d0a0e5c4f27ead9083c756cc2,0xc64d614732ee81e0da42aa675328253fb43afca3f73c5d859fbfa93d05299401,1615649133,candidate_layering
0xc7a1cb6edc22e94f17c80eb5b959f2ad28511d4e,0x9ca2c56c0f876108a5ec1c518baad5b86e651fb3,erc20,42.0625309863,HBT,0x0ace32f6e87ac1457a5385f8eb0208f37263b415,0x66e9b5e1c1877b8baff7596db79b1c47788121a757ca62339c10dafb7c8bdcf4,1615656525,candidate_layering
0xc7a1cb6edc22e94f17c80eb5b959f2ad28511d4e,0x9ca2c56c0f876108a5ec1c518baad5b86e651fb3,erc20,497.1779853922,HBT,0x0ace32f6e87ac1457a5385f8eb0208f37263b415,0x2c45cfad416fa70d60934e71e4703889bd41fa82ea82d8ba6e7c809f4be3b8ac,1615656811,candidate_layering
0xc7a1cb6edc22e94f17c80eb5b959f2ad28511d4e,0x0d089508d5fcdc92363fe84c84a44738863d9201,erc20,818.2805932304,HBT,0x0ace32f6e87ac1457a5385f8eb0208f37263b415,0x690a7ad50d98b901793a2c5345dcd4c9ce546e16b320c545f14e677caca9bee6,1615656906,candidate_layering
0xc7a1cb6edc22e94f17c80eb5b959f2ad28511d4e,0x9ca2c56c0f876108a5ec1c518baad5b86e651fb3,erc20,378.158292637,HBT,0x0ace32f6e87ac1457a5385f8eb0208f37263b415,0x3d1d82d0c1abf694a411d3fa4fefec9e6e695412870856268d9c8630d002280f,1615657040,candidate_layering
0xc7a1cb6edc22e94f17c80eb5b959f2ad28511d4e,0x7a250d5630b4cf539739df2c5dacb4c659f2488d,erc20,0.6484226301356293,WETH,0xc02aaa39b223fe8d0a0e5c4f27ead9083c756cc2,0xda82a4a42176135f8544e864b1165c1683e5ca8acb218c9dbd68e25641d0e51b,1615657270,candidate_layering
0xc7a1cb6edc22e94f17c80eb5b959f2ad28511d4e,0x7a250d5630b4cf539739df2c5dacb4c659f2488d,erc20,0.43631724442365927,WETH,0xc02aaa39b223fe8d0a0e5c4f27ead9083c756cc2,0x53f205bad4cb5d49f68ed5796d2645ee9a8be8460086ed20ced20260c2b9b2a0,1615662211,candidate_layering
0xc7a1cb6edc22e94f17c80eb5b959f2ad28511d4e,0x7a250d5630b4cf539739df2c5dacb4c659f2488d,erc20,0.449728425980227,WETH,0xc02aaa39b223fe8d0a0e5c4f27ead9083c756cc2,0x34d0c2fb43e4554a4cf7df53af8c465b4a59936b8f406ebf576195ae27eb9ce8,1615668974,candidate_layering
0xc7a1cb6edc22e94f17c80eb5b959f2ad28511d4e,0xa51fa51788de0bc5b534ab4cba23f0329ec5512c,erc20,1095.5161508343,HBT,0x0ace32f6e87ac1457a5385f8eb0208f37263b415,0x2e52f84c73581f1cf0c25928d5e8ce15e371177ccec633ae5aed6a80ddaa6cd7,1615670480,candidate_layering
0xc7a1cb6edc22e94f17c80eb5b959f2ad28511d4e,0xdba22f0d11107eb7ca73b1e2b3ea501c14536e9b,erc20,475.8377668426,HBT,0x0ace32f6e87ac1457a5385f8eb0208f37263b415,0x17be0ebfbdaa10f25a6405bf0851868981ce39b147660b76901c09f5172535c9,1615671230,candidate_layering
0xc7a1cb6edc22e94f17c80eb5b959f2ad28511d4e,0xa680e83809ec7a20745427fe12118d6e1d2eb208,erc20,351.7070262173,HBT,0x0ace32f6e87ac1457a5385f8eb0208f37263b415,0xf348c6fbc8c90e9d75812a8d991a89263c0d0ba558e229475082253f5bac1107,1615671534,candidate_layering
0xc7a1cb6edc22e94f17c80eb5b959f2ad28511d4e,0x65f411b7de8117c299b0497d066b9ed867402cbc,erc20,328.7036534451,HBT,0x0ace32f6e87ac1457a5385f8eb0208f37263b415,0x6e4df396e20bb217ebec02afad7e1a811360916a89c943f674dcf64523f000e7,1615678842,candidate_layering
0xc7a1cb6edc22e94f17c80eb5b959f2ad28511d4e,0x7a250d5630b4cf539739df2c5dacb4c659f2488d,erc20,0.35345636897726646,WETH,0xc02aaa39b223fe8d0a0e5c4f27ead9083c756cc2,0xd6d82a2a8bfa6d57c4eec365bf35a00840b0581e2ae9032bc82474904ccd63b0,1615679471,candidate_layering
0xc7a1cb6edc22e94f17c80eb5b959f2ad28511d4e,0xb39d0181295a858a680eb178de61c215064a7a78,erc20,176.0808656857,HBT,0x0ace32f6e87ac1457a5385f8eb0208f37263b415,0x9b46068d7f2f57779b52e713919e261ef0ec6f7a087d7417a5005cb9e3a277ad,1615681152,candidate_layering
0xc7a1cb6edc22e94f17c80eb5b959f2ad28511d4e,0xce0cf0030bb898a31ffeb96e95c02a6e80e621e3,erc20,170.1744512378,HBT,0x0ace32f6e87ac1457a5385f8eb0208f37263b415,0x1da38bb7c8f1c45729e91fb79cc20af5dba7af7fbd712ff22e4ea4e29687e395,1615681414,candidate_layering
0xc7a1cb6edc22e94f17c80eb5b959f2ad28511d4e,0xb39d0181295a858a680eb178de61c215064a7a78,erc20,477.9380618942,HBT,0x0ace32f6e87ac1457a5385f8eb0208f37263b415,0x5f28e3d80ec23d7eb2906333967d8776d7dc02a8cfa2b64bf91ff5baf4aca871,1615681714,candidate_layering
0xc7a1cb6edc22e94f17c80eb5b959f2ad28511d4e,0x7a250d5630b4cf539739df2c5dacb4c659f2488d,erc20,0.5932083119128859,WETH,0xc02aaa39b223fe8d0a0e5c4f27ead9083c756cc2,0x6c203daea14daf734a70455408d5e439a71adbff26228f1678e6288094ba1250,1615683251,candidate_layering
0xc7a1cb6edc22e94f17c80eb5b959f2ad28511d4e,0xa478c2975ab1ea89e8196811f51a7b7ade33eb11,erc20,0.49029097048389103,WETH,0xc02aaa39b223fe8d0a0e5c4f27ead9083c756cc2,0x8b5a0a348d251c4f55c91c3ef54b7b0dc32a4695f33bedbbf80a6bbf1eac1c61,1615699789,candidate_layering
0xc7a1cb6edc22e94f17c80eb5b959f2ad28511d4e,0xe02a1070699632b1a7a8bdf68c95c2ba79014ae0,erc20,1012.4888085733,HBT,0x0ace32f6e87ac1457a5385f8eb0208f37263b415,0xcc3b168d584a8e77822390c41913d1b3dc12c4ae29210734457cf678aae10b9e,1615699899,candidate_layering
0xc7a1cb6edc22e94f17c80eb5b959f2ad28511d4e,0x7a250d5630b4cf539739df2c5dacb4c659f2488d,erc20,0.1627716984359472,WETH,0xc02aaa39b223fe8d0a0e5c4f27ead9083c756cc2,0x1c5002007fe93299b46e622b4a41086cbdb0c2339c6b9102e7e29587d5ee4679,1615701301,candidate_layering
0xc7a1cb6edc22e94f17c80eb5b959f2ad28511d4e,0x0025befed0d57a11db1dc26a80e651bb38c97027,erc20,377.7895127937,HBT,0x0ace32f6e87ac1457a5385f8eb0208f37263b415,0xa4a1059432622c52c11f53dca5a2b61d72471d4183247215c52c768164fab25a,1615702685,candidate_layering
0xc7a1cb6edc22e94f17c80eb5b959f2ad28511d4e,0x26235d2be231e97a15c5387e47ad54a0e09d7cce,erc20,108.2309369849,HBT,0x0ace32f6e87ac1457a5385f8eb0208f37263b415,0xa0847e7181cdf79dea7323017a31c6c168f80611270ec275e6cb0b167d6c02d5,1615710296,candidate_layering
0xc7a1cb6edc22e94f17c80eb5b959f2ad28511d4e,0x7a250d5630b4cf539739df2c5dacb4c659f2488d,erc20,0.19061721978880516,WETH,0xc02aaa39b223fe8d0a0e5c4f27ead9083c756cc2,0x44f63b4fb096a005f8f13bc027596fb6d8a7769d6b36aecfd531290aee678076,1615710631,candidate_layering
0xc7a1cb6edc22e94f17c80eb5b959f2ad28511d4e,0x7a250d5630b4cf539739df2c5dacb4c659f2488d,erc20,0.15192260893343887,WETH,0xc02aaa39b223fe8d0a0e5c4f27ead9083c756cc2,0x5a51dd3d37d4ff178d18294f3ae41196e9a0ad19485b8e0a58e01fe1672d4e5c,1615710684,candidate_layering
0xc7a1cb6edc22e94f17c80eb5b959f2ad28511d4e,0xd9cfab54f1234aeea22b2818ab919866a2809c1c,erc20,924.082109266,HBT,0x0ace32f6e87ac1457a5385f8eb0208f37263b415,0x76e46f289f60e2b14c8ec2e1e31c4240ce98d06e97b1bc5aef7a83a18a990af1,1615718447,candidate_layering
0xc7a1cb6edc22e94f17c80eb5b959f2ad28511d4e,0x7a250d5630b4cf539739df2c5dacb4c659f2488d,erc20,0.5344230914968027,WETH,0xc02aaa39b223fe8d0a0e5c4f27ead9083c756cc2,0x9e654398ae65ca411a1fda7e25ab710f79d7b062786f1ed5699b709666e1731d,1615721022,candidate_layering
0xc7a1cb6edc22e94f17c80eb5b959f2ad28511d4e,0x7a250d5630b4cf539739df2c5dacb4c659f2488d,erc20,0.6422565898753939,WETH,0xc02aaa39b223fe8d0a0e5c4f27ead9083c756cc2,0x08d579c5ceea5012d0f0af1115f97b691582bb3f1a950bf41fcb51359c8ac21f,1615722564,candidate_layering
0xc7a1cb6edc22e94f17c80eb5b959f2ad28511d4e,0x2be68e381eaad342b9892961beb822270ef1fbd4,erc20,274.1035441571,HBT,0x0ace32f6e87ac1457a5385f8eb0208f37263b415,0xc372a1cf60e3a970f26470f40cd828cbce256769476f4a4aa77c8f1722d14e42,1615723761,candidate_layering
0xc7a1cb6edc22e94f17c80eb5b959f2ad28511d4e,0xbdcee5e6df63283fbf380c3193cd1e78a511d682,erc20,253.5579399867,HBT,0x0ace32f6e87ac1457a5385f8eb0208f37263b415,0x83cddc84a6177887bf9d36e32955783b60f12b838f0effc123b121c025286b9a,1615724610,candidate_layering
0xc7a1cb6edc22e94f17c80eb5b959f2ad28511d4e,0x48616d7ecbf2a439cadd4801fbd643ad2e9d4ee6,erc20,0.6779649822008187,WETH,0xc02aaa39b223fe8d0a0e5c4f27ead9083c756cc2,0x4d1088e11b286987c0cbbfc92cffacfac23447c2894d830c2369d28bbed82dab,1615725125,candidate_layering
0xc7a1cb6edc22e94f17c80eb5b959f2ad28511d4e,0xa51fa51788de0bc5b534ab4cba23f0329ec5512c,erc20,910.7079366795,HBT,0x0ace32f6e87ac1457a5385f8eb0208f37263b415,0xeadd66bf2dfe2cd561c2a21bb764c3f881593d9712e86f41c7942c1fc985f24d,1615725974,candidate_layering
0xc7a1cb6edc22e94f17c80eb5b959f2ad28511d4e,0xd9cfab54f1234aeea22b2818ab919866a2809c1c,erc20,1279.1550770857,HBT,0x0ace32f6e87ac1457a5385f8eb0208f37263b415,0x36352bd796a4ed2e28c3aac021781cb6c494d9643938f099c44e1d64d92b8589,1615727355,candidate_layering
0xc7a1cb6edc22e94f17c80eb5b959f2ad28511d4e,0xd0fb3dde4ff67763afdc60b31364a26d89df73f6,erc20,114.2025336203,HBT,0x0ace32f6e87ac1457a5385f8eb0208f37263b415,0xd074cfb36ea92015f160e0149fe783bcbbd7d64e602772a5b25b752c25a27190,1615729980,candidate_layering
0xc7a1cb6edc22e94f17c80eb5b959f2ad28511d4e,0xbb98134e96f5cc7c0f9299aa5ac6577ef965f6a0,erc20,539.2421810457,HBT,0x0ace32f6e87ac1457a5385f8eb0208f37263b415,0xd936a1c1bae5f2be125a2e4e14d2b3e0042ab88c4df170314538503ac80b8fed,1615730163,candidate_layering
0xc7a1cb6edc22e94f17c80eb5b959f2ad28511d4e,0x2620f8464d46fa4416ba24f89a0f1a28409d777e,erc20,396.6415086215,HBT,0x0ace32f6e87ac1457a5385f8eb0208f37263b415,0xb6341694f654d0f9e624bd320c6df6b32930a998fb7ee1b638860efee8727756,1615730244,candidate_layering
0xc7a1cb6edc22e94f17c80eb5b959f2ad28511d4e,0x7a250d5630b4cf539739df2c5dacb4c659f2488d,erc20,0.4595519740380243,WETH,0xc02aaa39b223fe8d0a0e5c4f27ead9083c756cc2,0x8fa3ecb453ed2c8db0969ab44c5ad0b8ad7ccc703f65848ddf4e2ea68fbc3b15,1615739221,candidate_layering
0xc7a1cb6edc22e94f17c80eb5b959f2ad28511d4e,0x59c8071f9f09b297afe65e5b748d7b67007f1c05,erc20,437.2416273751,HBT,0x0ace32f6e87ac1457a5385f8eb0208f37263b415,0xac6149c4a3450be5b358536bf1460a37e3cf31596386b51f546af3e893afb797,1615740817,candidate_layering
0xc7a1cb6edc22e94f17c80eb5b959f2ad28511d4e,0xc8d46eb7881975f9ae15216feeba2ff58e55803c,erc20,1000.0,HBT,0x0ace32f6e87ac1457a5385f8eb0208f37263b415,0xb3b582238268605f423ef43b3a6f67f2cb389478830992dc073a9e2182666ee1,1615741705,candidate_layering
0xc7a1cb6edc22e94f17c80eb5b959f2ad28511d4e,0xbdcee5e6df63283fbf380c3193cd1e78a511d682,erc20,337.5578810534,HBT,0x0ace32f6e87ac1457a5385f8eb0208f37263b415,0x9960dea326cd82c22bba0f8e12663b2473e07a8b14ababa904b5b7bb5d49ed69,1615750748,candidate_layering
0xc7a1cb6edc22e94f17c80eb5b959f2ad28511d4e,0x368a2d5cd67bb2c4c742d9482aa09f3126aa0f52,erc20,1241.8800467116,HBT,0x0ace32f6e87ac1457a5385f8eb0208f37263b415,0xbcaea799e8ddccc9987c3d9833cd21317ce6f9bd468f730dc872cd6fd76b0ad5,1615752526,candidate_layering
0xc7a1cb6edc22e94f17c80eb5b959f2ad28511d4e,0x7a250d5630b4cf539739df2c5dacb4c659f2488d,erc20,0.7145451043758164,WETH,0xc02aaa39b223fe8d0a0e5c4f27ead9083c756cc2,0xb0984e58cfe222489a4958dfb827ff1073f82886be6acf0973f2221f6d65dee3,1615753230,candidate_layering
0xc7a1cb6edc22e94f17c80eb5b959f2ad28511d4e,0x40344fd93ab662ad448a9bddddc0e982666741c8,erc20,718.2201771515,HBT,0x0ace32f6e87ac1457a5385f8eb0208f37263b415,0x7cb4261f67c4640301e988fa8c12432afa69447fe2615fbea2b2fdc3abe7151b,1615753698,candidate_layering
0xc7a1cb6edc22e94f17c80eb5b959f2ad28511d4e,0x7a250d5630b4cf539739df2c5dacb4c659f2488d,erc20,0.4205216727921453,WETH,0xc02aaa39b223fe8d0a0e5c4f27ead9083c756cc2,0xab634f200c52e024f381d8a144afecd8703786c509eff2c12aff3133f21da988,1615755287,candidate_layering
0xc7a1cb6edc22e94f17c80eb5b959f2ad28511d4e,0x0d4a11d5eeaac28ec3f61d100daf4d40471f1852,erc20,0.2521418901447636,WETH,0xc02aaa39b223fe8d0a0e5c4f27ead9083c756cc2,0x3245ee9900825c35f70a228854c1845a4d07eda8444625b877357bddc7d32b24,1615756649,candidate_layering
0xc7a1cb6edc22e94f17c80eb5b959f2ad28511d4e,0x87d833890352aaa6d4c90d7deabdf111c5495e58,erc20,928.1599365068,HBT,0x0ace32f6e87ac1457a5385f8eb0208f37263b415,0x1a281c0506e3cb7d0f8ddc9d13ba2483cc10186fff088cbf8992014871b9350d,1615772432,candidate_layering
0xc7a1cb6edc22e94f17c80eb5b959f2ad28511d4e,0x049dfbb80a26075846d8d4d3b48e8a60fb946ac2,erc20,335.0037945365,HBT,0x0ace32f6e87ac1457a5385f8eb0208f37263b415,0x0e2075d8737827b65bfbc8f124d3c15a952791483cbdfb5d190cc4e2c2ee82f3,1615774066,candidate_layering
0xc7a1cb6edc22e94f17c80eb5b959f2ad28511d4e,0x7a250d5630b4cf539739df2c5dacb4c659f2488d,erc20,0.4459150993376458,WETH,0xc02aaa39b223fe8d0a0e5c4f27ead9083c756cc2,0xacaf942d6cdc1fc5b6ab817e9a2b2aefd304c9a862fce783d5402439444995c0,1615774247,candidate_layering
0xc7a1cb6edc22e94f17c80eb5b959f2ad28511d4e,0x7a250d5630b4cf539739df2c5dacb4c659f2488d,erc20,0.39174693226559937,WETH,0xc02aaa39b223fe8d0a0e5c4f27ead9083c756cc2,0x189d95f2972fba9a1125361781ad91e1c9334f509eae89be749a98853738a20a,1615774406,candidate_layering
0xc7a1cb6edc22e94f17c80eb5b959f2ad28511d4e,0x93f5af632ce523286e033f0510e9b3c9710f4489,erc20,748.9735160176,HBT,0x0ace32f6e87ac1457a5385f8eb0208f37263b415,0xdfb2c29909bfe5244dd4f9e9aef6b80dc6e26fcbde1d84e3a2df1fa44baf66c5,1615774485,candidate_layering
0xc7a1cb6edc22e94f17c80eb5b959f2ad28511d4e,0x7a250d5630b4cf539739df2c5dacb4c659f2488d,erc20,0.6228405593759416,WETH,0xc02aaa39b223fe8d0a0e5c4f27ead9083c756cc2,0xd3de2c9cd0854c28974085fde020fbd7fc720769cf421e5e2d8d42b30319b7b9,1615774570,candidate_layering
0xc7a1cb6edc22e94f17c80eb5b959f2ad28511d4e,0x304cb3e7ac683571eea99baab5ad47b5163c4798,erc20,779.424010014,HBT,0x0ace32f6e87ac1457a5385f8eb0208f37263b415,0x2a3d9f52939c369af6f4ab9846659a51e340104febf3350be07ee92a48aae289,1615775110,candidate_layering
0xc7a1cb6edc22e94f17c80eb5b959f2ad28511d4e,0x7a250d5630b4cf539739df2c5dacb4c659f2488d,erc20,0.6243212556161667,WETH,0xc02aaa39b223fe8d0a0e5c4f27ead9083c756cc2,0xd3373426243dfb7a77e74b62c04daea32c21715362f0e7c9a8660d024bc2f9c8,1615775266,candidate_layering
0xc7a1cb6edc22e94f17c80eb5b959f2ad28511d4e,0xd6a5448eb47709bcdc7948166dad3461630ad851,erc20,422.7548667415,HBT,0x0ace32f6e87ac1457a5385f8eb0208f37263b415,0x598ba2a583a463629de97dd308ae07e3381e4fc10c6773bc5d7efa08698ca164,1615779442,candidate_layering
0xc7a1cb6edc22e94f17c80eb5b959f2ad28511d4e,0x7a250d5630b4cf539739df2c5dacb4c659f2488d,erc20,1.0319439552697505,WETH,0xc02aaa39b223fe8d0a0e5c4f27ead9083c756cc2,0x99313c4b3473cbcfac645b41997b35d44300145157cdeb2a8750c1038c9f2823,1615784354,candidate_layering
0xc7a1cb6edc22e94f17c80eb5b959f2ad28511d4e,0xdba22f0d11107eb7ca73b1e2b3ea501c14536e9b,erc20,1071.3698131425,HBT,0x0ace32f6e87ac1457a5385f8eb0208f37263b415,0xa73bc60504185f35e32cbdfb3b72f41ac2b7ae2e5e7f2215fde715be13906bd5,1615785362,candidate_layering
0xc7a1cb6edc22e94f17c80eb5b959f2ad28511d4e,0x87d833890352aaa6d4c90d7deabdf111c5495e58,erc20,499.5435693754,HBT,0x0ace32f6e87ac1457a5385f8eb0208f37263b415,0x5c02a171f12652bad79c670b2b8763318d40f1a9c9594e538ed0473870f25605,1615785711,candidate_layering
0xc7a1cb6edc22e94f17c80eb5b959f2ad28511d4e,0xeadbec94c5f9061b9a277f9dbb4739768c4b7a2c,erc20,663.7619878604,HBT,0x0ace32f6e87ac1457a5385f8eb0208f37263b415,0x25f978fc2b8520557b8b23f2d7d776be665838b798af273a50b554f2d8de0fc7,1615786286,candidate_layering
0xc7a1cb6edc22e94f17c80eb5b959f2ad28511d4e,0x7a250d5630b4cf539739df2c5dacb4c659f2488d,erc20,0.5804065397150622,WETH,0xc02aaa39b223fe8d0a0e5c4f27ead9083c756cc2,0xfd32ca891fe1e69e1af381a43e3534ccc782ea896db168ec9aaf555bcd4c7f65,1615788025,candidate_layering
0xc7a1cb6edc22e94f17c80eb5b959f2ad28511d4e,0xc8d46eb7881975f9ae15216feeba2ff58e55803c,erc20,1000.0,HBT,0x0ace32f6e87ac1457a5385f8eb0208f37263b415,0x7f44be4f7c95d1d059a9543b548018020a09f261b2f30338188e98dc231e8f6f,1615798512,candidate_layering
0xc7a1cb6edc22e94f17c80eb5b959f2ad28511d4e,0x7a250d5630b4cf539739df2c5dacb4c659f2488d,erc20,0.5807336338169349,WETH,0xc02aaa39b223fe8d0a0e5c4f27ead9083c756cc2,0xc7936fca63c62487a3772318b1985cce2e9139a89e6143eed32368c0d334d6c9,1615808436,candidate_layering
0xc7a1cb6edc22e94f17c80eb5b959f2ad28511d4e,0x7a250d5630b4cf539739df2c5dacb4c659f2488d,erc20,0.38234174223295625,WETH,0xc02aaa39b223fe8d0a0e5c4f27ead9083c756cc2,0xcc79013ae35d65ffb9244aa2124555a14a23059805f2d679a9adda4bbe186af8,1615818912,candidate_layering
0xc7a1cb6edc22e94f17c80eb5b959f2ad28511d4e,0x90ad7fb850c5369c2fb60e951503315e71d0f2a9,erc20,418.9646594519,HBT,0x0ace32f6e87ac1457a5385f8eb0208f37263b415,0xd061b5921e95d6fa4bb1ad82e48f746eabf81da8596f0e3e6f29a5c6dd42e086,1615832320,candidate_layering
0xc7a1cb6edc22e94f17c80eb5b959f2ad28511d4e,0xa862597f24c0841e2ca20e160e4a6d7df9c9bb20,erc20,959.1211968792,HBT,0x0ace32f6e87ac1457a5385f8eb0208f37263b415,0xa8cadc088993277fd2483ead0e6ab6b434b22ff473acc319c305163303cb018c,1615832794,candidate_layering
0xc7a1cb6edc22e94f17c80eb5b959f2ad28511d4e,0xc8d46eb7881975f9ae15216feeba2ff58e55803c,erc20,300.0,HBT,0x0ace32f6e87ac1457a5385f8eb0208f37263b415,0x8b3d3cacef06194efa200f278060862d766b6c2434fabd74aaa88f54719934e0,1615835772,candidate_layering
0xc7a1cb6edc22e94f17c80eb5b959f2ad28511d4e,0xda3a20aad0c34fa742bd9813d45bbf67c787ae0b,erc20,0.1973509185831088,WETH,0xc02aaa39b223fe8d0a0e5c4f27ead9083c756cc2,0x5c44745730a6f22161a51aecfe83d7df06a84defb7b83c25a8f86e5baec5d3c0,1615837176,candidate_layering
0xc7a1cb6edc22e94f17c80eb5b959f2ad28511d4e,0xb4e16d0168e52d35cacd2c6185b44281ec28c9dc,erc20,0.380406942182865,WETH,0xc02aaa39b223fe8d0a0e5c4f27ead9083c756cc2,0xad429ea6f0da41f1275b3a8eb2fefade418c9f5674944c90066b6b9ac7bc5b48,1615846277,candidate_layering
0xc7a1cb6edc22e94f17c80eb5b959f2ad28511d4e,0xc8d46eb7881975f9ae15216feeba2ff58e55803c,erc20,200.0,HBT,0x0ace32f6e87ac1457a5385f8eb0208f37263b415,0x6a62eeab992efb244e8c5eab7baf8158d3a0ce5a716cbd31f437ba52fb1e3653,1615849598,candidate_layering
0xc7a1cb6edc22e94f17c80eb5b959f2ad28511d4e,0x46326ef623effd18d38c3fe4b51aa6521669b14c,erc20,358.8969413437,HBT,0x0ace32f6e87ac1457a5385f8eb0208f37263b415,0xc35396d64469f8a05033dab15d632a52c302c9d6355d3f4b93217f737567c51c,1615872939,candidate_layering
0xc7a1cb6edc22e94f17c80eb5b959f2ad28511d4e,0x46326ef623effd18d38c3fe4b51aa6521669b14c,erc20,494.8624985198,HBT,0x0ace32f6e87ac1457a5385f8eb0208f37263b415,0xd88764e074068828b0c41377738ac6cc6ea11f6bf9419fba312c158b0e1b1654,1615872995,candidate_layering
0xc7a1cb6edc22e94f17c80eb5b959f2ad28511d4e,0x7a250d5630b4cf539739df2c5dacb4c659f2488d,erc20,0.574469126884814,WETH,0xc02aaa39b223fe8d0a0e5c4f27ead9083c756cc2,0xaa2c33aa543698a0ab3b2f2b7ea62895b6f1bca94138b19d6dc297f11db4b09d,1615876522,candidate_layering
0xc7a1cb6edc22e94f17c80eb5b959f2ad28511d4e,0xd0b49376903cadc2426e73e06de21142f2b9c673,erc20,1034.5032855846,HBT,0x0ace32f6e87ac1457a5385f8eb0208f37263b415,0x3db17afaacbac8fa3b35409bc93c13b45b4eed86627fc2f3555692d339a095d3,1615884514,candidate_layering
0xc7a1cb6edc22e94f17c80eb5b959f2ad28511d4e,0x7a250d5630b4cf539739df2c5dacb4c659f2488d,erc20,0.5787039913516299,WETH,0xc02aaa39b223fe8d0a0e5c4f27ead9083c756cc2,0x1ad9bdb3c1ae46d2bb080c0ce58fb448e13effa5e79f99a86751b8176e6b0a9c,1615890473,candidate_layering
0xc7a1cb6edc22e94f17c80eb5b959f2ad28511d4e,0x06d07310c77ed346ff536975d3d4e036a8fb26ac,erc20,870.3126604849,HBT,0x0ace32f6e87ac1457a5385f8eb0208f37263b415,0xe219fcaafc77c326a7bdcee6726c1f997cd4bf9fd7234b6b29d163991eae886d,1615897670,candidate_layering
0xc7a1cb6edc22e94f17c80eb5b959f2ad28511d4e,0x50b05deac74c4d5b8e5d07b31d46dd26717ec443,erc20,500.6461817937,HBT,0x0ace32f6e87ac1457a5385f8eb0208f37263b415,0x94871932567256f92a59afef946e301b697a8adcac12c8b1846305f348d604ca,1615898771,candidate_layering
0xc7a1cb6edc22e94f17c80eb5b959f2ad28511d4e,0x3875881f52c1b030d1cf9a3ca29ec05b16d196b2,erc20,668.1986661022,HBT,0x0ace32f6e87ac1457a5385f8eb0208f37263b415,0x4aa3b0fb5f2f148d5f068a82ef19803e31d3701e04ce747b8e5efcce7ad2633c,1615900963,candidate_layering
0xc7a1cb6edc22e94f17c80eb5b959f2ad28511d4e,0x86a53c9e32abd3677e38bd0b390f24dd080e6426,erc20,377.1802613753,HBT,0x0ace32f6e87ac1457a5385f8eb0208f37263b415,0xa48853384510095e048034afd1dc6abff851d60e40a6678070fcc885fa17bc37,1615901050,candidate_layering
0xc7a1cb6edc22e94f17c80eb5b959f2ad28511d4e,0xa87d676d9d71b64ff88196c46f2b87a5f91e2a17,erc20,1000.0,HBT,0x0ace32f6e87ac1457a5385f8eb0208f37263b415,0x1ceae2264d8a5230ce18821606b74c8079896ce0174721d92fbf8dd3a36e7949,1615901050,candidate_layering
0xc7a1cb6edc22e94f17c80eb5b959f2ad28511d4e,0x86a53c9e32abd3677e38bd0b390f24dd080e6426,erc20,0.40668953205937713,WETH,0xc02aaa39b223fe8d0a0e5c4f27ead9083c756cc2,0x8fea7d0707feb1ad166487af2998080ac4dac88fe4c5d5d9c09009f2fbdd9931,1615901050,candidate_layering
0xc7a1cb6edc22e94f17c80eb5b959f2ad28511d4e,0x7a250d5630b4cf539739df2c5dacb4c659f2488d,erc20,0.5846710385679528,WETH,0xc02aaa39b223fe8d0a0e5c4f27ead9083c756cc2,0xffd00970967b5e4805a65a3beb7ffe52101e58a4396dda25e5cf51fb53a369a7,1615901273,candidate_layering
0xc7a1cb6edc22e94f17c80eb5b959f2ad28511d4e,0xbd898c2945d78932fe4a4924a0ce49b0f1baee13,erc20,529.6519895538,HBT,0x0ace32f6e87ac1457a5385f8eb0208f37263b415,0x5f4cc25db12aa3777fe63cfd2255c3068df39289127329fca62daca6afe83193,1615901293,candidate_layering
0xc7a1cb6edc22e94f17c80eb5b959f2ad28511d4e,0x0555bdebc3429585b4594285a76f853725a49532,erc20,341.1347841783,HBT,0x0ace32f6e87ac1457a5385f8eb0208f37263b415,0xed848b4f9daaca9d9e9574fff1ffed91e34e0530486519a1ef9bb9a1e842896d,1615901295,candidate_layering
0xc7a1cb6edc22e94f17c80eb5b959f2ad28511d4e,0x0555bdebc3429585b4594285a76f853725a49532,erc20,0.35793800773692613,WETH,0xc02aaa39b223fe8d0a0e5c4f27ead9083c756cc2,0x28e09f5957973c671992cc0135758bc7825e72974b9223a55446f7801eacb37d,1615901295,candidate_layering
0xc7a1cb6edc22e94f17c80eb5b959f2ad28511d4e,0x0d4a11d5eeaac28ec3f61d100daf4d40471f1852,erc20,0.19556667911969228,WETH,0xc02aaa39b223fe8d0a0e5c4f27ead9083c756cc2,0xc67da227bd89639949b171e9ca7850705d01ab3506f565351eb5e4b716d61b9f,1615901317,candidate_layering
0xc7a1cb6edc22e94f17c80eb5b959f2ad28511d4e,0x7a250d5630b4cf539739df2c5dacb4c659f2488d,erc20,0.3,WETH,0xc02aaa39b223fe8d0a0e5c4f27ead9083c756cc2,0x02577111ad9e448999c116fbc504cb18e14475aa059fa456833ac355521ebe90,1615901922,candidate_layering
0xc7a1cb6edc22e94f17c80eb5b959f2ad28511d4e,0xe5936d9de1527832d39d05f9f9f7ec88cc2755ed,erc20,1000.0,HBT,0x0ace32f6e87ac1457a5385f8eb0208f37263b415,0x25394cb7f302e503de6bd22c8b4a13e166420753588a02d29abe031a0388a9e6,1615901983,candidate_layering
0xc7a1cb6edc22e94f17c80eb5b959f2ad28511d4e,0x7a250d5630b4cf539739df2c5dacb4c659f2488d,erc20,1.0009506899332545,WETH,0xc02aaa39b223fe8d0a0e5c4f27ead9083c756cc2,0x9e87b98bdc9d991ff91a2d7a599870df2d68898539a46916bb1cc52ab00f6fde,1615901983,candidate_layering
0xc7a1cb6edc22e94f17c80eb5b959f2ad28511d4e,0x0555bdebc3429585b4594285a76f853725a49532,erc20,356.7126905423,HBT,0x0ace32f6e87ac1457a5385f8eb0208f37263b415,0xc1096dec1c18c3b4238f024026b21f37c8cbb13fd4e8cab821f424c3b53e19b6,1615902000,candidate_layering
0xc7a1cb6edc22e94f17c80eb5b959f2ad28511d4e,0x0555bdebc3429585b4594285a76f853725a49532,erc20,0.32810801052711946,WETH,0xc02aaa39b223fe8d0a0e5c4f27ead9083c756cc2,0x3cf4925b1cabf8375f1bc2df6b682c17c705466d1208b99f47e534b61ce0be7b,1615902029,candidate_layering
0xc7a1cb6edc22e94f17c80eb5b959f2ad28511d4e,0x7a250d5630b4cf539739df2c5dacb4c659f2488d,erc20,0.8357567821199265,WETH,0xc02aaa39b223fe8d0a0e5c4f27ead9083c756cc2,0x60215514504d005e80f8b0a63fc83bd62b443f895bf1c8cdd2642271913c8b4f,1615902293,candidate_layering
0xc7a1cb6edc22e94f17c80eb5b959f2ad28511d4e,0xfcb831a15f31aa915e4611073301cb3581015f20,erc20,539.0338938771,HBT,0x0ace32f6e87ac1457a5385f8eb0208f37263b415,0xc0010902df76209f4f3743f802694475b583afadfecfd40f409db77308708bec,1615903343,candidate_layering
0xc7a1cb6edc22e94f17c80eb5b959f2ad28511d4e,0x7a250d5630b4cf539739df2c5dacb4c659f2488d,erc20,0.6347018338019748,WETH,0xc02aaa39b223fe8d0a0e5c4f27ead9083c756cc2,0xa98c4989b49782e732d7d7eb04d3d80bb60771bdd6977d422ca3222f27e2bea0,1615904215,candidate_layering
0xc7a1cb6edc22e94f17c80eb5b959f2ad28511d4e,0xf1598b6dccacd5b35c92c5fa16ca8f3fd8ddab51,erc20,719.2204904395,HBT,0x0ace32f6e87ac1457a5385f8eb0208f37263b415,0x50a5a0be47ab9b10282380dbd80191fda83e5d9a6ad73864f09829a5d25d47d3,1615906888,candidate_layering
0xc7a1cb6edc22e94f17c80eb5b959f2ad28511d4e,0x7a250d5630b4cf539739df2c5dacb4c659f2488d,erc20,0.6719484496272413,WETH,0xc02aaa39b223fe8d0a0e5c4f27ead9083c756cc2,0x5ef83a129d8c4765a82731e1f700d9bbddfcfa0243c96e7dd9cb6922c4aefe96,1615909152,candidate_layering
0xc7a1cb6edc22e94f17c80eb5b959f2ad28511d4e,0xe5936d9de1527832d39d05f9f9f7ec88cc2755ed,erc20,1117.6888430505,HBT,0x0ace32f6e87ac1457a5385f8eb0208f37263b415,0x84feef55c2e1141871e1f6815d623b14f105764b4a4179a217b19b11449bc1bd,1615909989,candidate_layering
0xc7a1cb6edc22e94f17c80eb5b959f2ad28511d4e,0x9ca2c56c0f876108a5ec1c518baad5b86e651fb3,erc20,278.1233693701,HBT,0x0ace32f6e87ac1457a5385f8eb0208f37263b415,0x6512c09d0be57c9bc12109f08b7dca3a785171bcff5f26231171c6e3f11fd99f,1615913402,candidate_layering
0xc7a1cb6edc22e94f17c80eb5b959f2ad28511d4e,0x96479da95a9d1f921d4478e33b5ccdb7811c898a,erc20,293.5765019077,HBT,0x0ace32f6e87ac1457a5385f8eb0208f37263b415,0x42398dc4fb8e9e2eb688407adb4378997cdb0afd8cb42ee6ffde4b5ae72e6c25,1615913486,candidate_layering
0xc7a1cb6edc22e94f17c80eb5b959f2ad28511d4e,0x96479da95a9d1f921d4478e33b5ccdb7811c898a,erc20,326.8073060435,HBT,0x0ace32f6e87ac1457a5385f8eb0208f37263b415,0xb3b6f71262ffc3415c31e5833f80a118cd918a06063c5bcef87e287d4b70b989,1615914053,candidate_layering
0xc7a1cb6edc22e94f17c80eb5b959f2ad28511d4e,0x7a250d5630b4cf539739df2c5dacb4c659f2488d,erc20,0.6260510368556064,WETH,0xc02aaa39b223fe8d0a0e5c4f27ead9083c756cc2,0xcddc78413c91ccd3437bbc2f22d1cc02c924cf4902f5b14714acd8d3435f6262,1615916790,candidate_layering
0xc7a1cb6edc22e94f17c80eb5b959f2ad28511d4e,0xb7c121a985f7f7fd6056bc2fbeb872afaf7c225c,erc20,1193.2562398748,HBT,0x0ace32f6e87ac1457a5385f8eb0208f37263b415,0xef90bd7481b0dbaf50d58de6e1bd72573531f6249b9f4e17b0cd327ee5c32a42,1615920390,candidate_layering
0xc7a1cb6edc22e94f17c80eb5b959f2ad28511d4e,0x3b228235aa52dd0b691777a61c5fd5a65649a75a,erc20,310.2245828816,HBT,0x0ace32f6e87ac1457a5385f8eb0208f37263b415,0xefb385f0237f1b54aeac52c0ee7bb907ddcf1e03f72fd8c1ebe94ef248eae1bf,1615922237,candidate_layering
0xc7a1cb6edc22e94f17c80eb5b959f2ad28511d4e,0xa3ae5b4157c10bbd1c4ac4a47ecd34fc6fc47f36,erc20,285.1726178343,HBT,0x0ace32f6e87ac1457a5385f8eb0208f37263b415,0x352cf80dd9cfe1cce6520fdfd5611b2bb2cb6662e9bddb55296cfc5a8b8816ac,1615922587,candidate_layering
0xc7a1cb6edc22e94f17c80eb5b959f2ad28511d4e,0xbdcee5e6df63283fbf380c3193cd1e78a511d682,erc20,227.0,HBT,0x0ace32f6e87ac1457a5385f8eb0208f37263b415,0x65502817f52beaaa3740295db0faa067c5c0fac839fcf12781000624fa985c77,1615922736,candidate_layering
0xc7a1cb6edc22e94f17c80eb5b959f2ad28511d4e,0x7a250d5630b4cf539739df2c5dacb4c659f2488d,erc20,0.5,WETH,0xc02aaa39b223fe8d0a0e5c4f27ead9083c756cc2,0xada600932e1d1666ced3d638eef2e487d21f152cef4f99d3e12ca19f307ca9e7,1615922843,candidate_layering
0xc7a1cb6edc22e94f17c80eb5b959f2ad28511d4e,0x7a250d5630b4cf539739df2c5dacb4c659f2488d,erc20,0.5657376243726602,WETH,0xc02aaa39b223fe8d0a0e5c4f27ead9083c756cc2,0xfee8e80ab29c9dfbe99822551e81a2ad209a03f596531356cf19588c2b0fc9bc,1615924937,candidate_layering
0xc7a1cb6edc22e94f17c80eb5b959f2ad28511d4e,0x7a250d5630b4cf539739df2c5dacb4c659f2488d,erc20,0.6119108425707891,WETH,0xc02aaa39b223fe8d0a0e5c4f27ead9083c756cc2,0xd8cb8fd52bbeb9a7939bf722319a99f864bd682664004d5d2d40f69dcf6d3de6,1615926313,candidate_layering
0xc7a1cb6edc22e94f17c80eb5b959f2ad28511d4e,0x7cb9fa2edbba7a8013f250b08d0c480aba176cea,erc20,670.0,HBT,0x0ace32f6e87ac1457a5385f8eb0208f37263b415,0x166b4998795b47633c22b7577da3ace001540f191e07901af831ca65ce843e4c,1615926615,candidate_layering
0xc7a1cb6edc22e94f17c80eb5b959f2ad28511d4e,0x7a250d5630b4cf539739df2c5dacb4c659f2488d,erc20,0.35834333124774215,WETH,0xc02aaa39b223fe8d0a0e5c4f27ead9083c756cc2,0x492cff0b2b8cd6e76b7f3158fa1c187f18e8145d31ac347361e7bd8da9ab59b9,1615926957,candidate_layering
0xc7a1cb6edc22e94f17c80eb5b959f2ad28511d4e,0x0d4a11d5eeaac28ec3f61d100daf4d40471f1852,erc20,0.2879030086047787,WETH,0xc02aaa39b223fe8d0a0e5c4f27ead9083c756cc2,0x4087300df7a5d79915cd707ad5c4890b5755c55ebb327a87cfabcfd54f874f1a,1615927205,candidate_layering
0xc7a1cb6edc22e94f17c80eb5b959f2ad28511d4e,0x7a250d5630b4cf539739df2c5dacb4c659f2488d,erc20,0.42624445123189486,WETH,0xc02aaa39b223fe8d0a0e5c4f27ead9083c756cc2,0x9bbe91ad2839181109ec2dfa900af1bd9629f1586d0ba0e2b480bc55f05b880c,1615927639,candidate_layering
0xc7a1cb6edc22e94f17c80eb5b959f2ad28511d4e,0x7a250d5630b4cf539739df2c5dacb4c659f2488d,erc20,0.6,WETH,0xc02aaa39b223fe8d0a0e5c4f27ead9083c756cc2,0xe0fe71fef3db5baff10c9c6f1b5902f1fc1dbde34c710a5d21584dc205153636,1615928631,candidate_layering
0xc7a1cb6edc22e94f17c80eb5b959f2ad28511d4e,0x7a250d5630b4cf539739df2c5dacb4c659f2488d,erc20,0.7124304180639712,WETH,0xc02aaa39b223fe8d0a0e5c4f27ead9083c756cc2,0x3645d5fde07a4d072f26b99c4abf0b5d1a605cbb4e703002110cf2148c5d72b0,1615928753,candidate_layering
0xc7a1cb6edc22e94f17c80eb5b959f2ad28511d4e,0x0555bdebc3429585b4594285a76f853725a49532,erc20,274.2867511721,HBT,0x0ace32f6e87ac1457a5385f8eb0208f37263b415,0xc0323d253f5dbb4549d3197dddc2432e6f24a10684df69b975a242e28cffa871,1615929024,candidate_layering
0xc7a1cb6edc22e94f17c80eb5b959f2ad28511d4e,0x63fc588966deacb2908b6a596a6386f3b1dad723,erc20,1521.1998756073,HBT,0x0ace32f6e87ac1457a5385f8eb0208f37263b415,0x56809fa8a7f0c333f90e3f7d2325e48b35c50ca23689c684b3ce5ec58b02c467,1615929024,candidate_layering
0xc7a1cb6edc22e94f17c80eb5b959f2ad28511d4e,0x0555bdebc3429585b4594285a76f853725a49532,erc20,0.20372377239526382,WETH,0xc02aaa39b223fe8d0a0e5c4f27ead9083c756cc2,0x9da1232602c154acd66ef371a0b39079672b71fb1b3a28e657a4e38a4baf2a5e,1615929024,candidate_layering
0xc7a1cb6edc22e94f17c80eb5b959f2ad28511d4e,0x7cb9fa2edbba7a8013f250b08d0c480aba176cea,erc20,641.5087011359,HBT,0x0ace32f6e87ac1457a5385f8eb0208f37263b415,0x8b648ff5113208ec3bcf6b5b01eb30027b3f39b6a18a95ef828f99c82b675e2a,1615929182,candidate_layering
0xc7a1cb6edc22e94f17c80eb5b959f2ad28511d4e,0xa3ae5b4157c10bbd1c4ac4a47ecd34fc6fc47f36,erc20,587.7929570405,HBT,0x0ace32f6e87ac1457a5385f8eb0208f37263b415,0x80e8aaeb0dd2e3debdda4ae3bdabbd4f6bc8866f822a27572622d8a722820611,1615930996,candidate_layering
0xc7a1cb6edc22e94f17c80eb5b959f2ad28511d4e,0x7a250d5630b4cf539739df2c5dacb4c659f2488d,erc20,0.5690726771751128,WETH,0xc02aaa39b223fe8d0a0e5c4f27ead9083c756cc2,0x98bc938a9772ab3dc2b665fa4cd75870eca2de4e307a4633ddf6eee96670cf76,1615939613,candidate_layering
0xc7a1cb6edc22e94f17c80eb5b959f2ad28511d4e,0x7a250d5630b4cf539739df2c5dacb4c659f2488d,erc20,0.803204987685924,WETH,0xc02aaa39b223fe8d0a0e5c4f27ead9083c756cc2,0x61c74522cf4666c0a4ae747fc4641e2fb2719d6142e8e941071e0c8e1c807bac,1615941677,candidate_layering
0xc7a1cb6edc22e94f17c80eb5b959f2ad28511d4e,0x7a250d5630b4cf539739df2c5dacb4c659f2488d,erc20,0.8054459783339682,WETH,0xc02aaa39b223fe8d0a0e5c4f27ead9083c756cc2,0xa8b4b40304f6e789654b4bf1dab9ad08ed96aed76a2c4d6edd359250f553a8bb,1615950304,candidate_layering
0xc7a1cb6edc22e94f17c80eb5b959f2ad28511d4e,0x2be68e381eaad342b9892961beb822270ef1fbd4,erc20,272.0,HBT,0x0ace32f6e87ac1457a5385f8eb0208f37263b415,0x1c71408f545e19987f831f407a771439e4205ac8243f1ed73ece0ce571131754,1615950391,candidate_layering
0xc7a1cb6edc22e94f17c80eb5b959f2ad28511d4e,0x46326ef623effd18d38c3fe4b51aa6521669b14c,erc20,371.589526772,HBT,0x0ace32f6e87ac1457a5385f8eb0208f37263b415,0xa3bee20f5503413186e871695a7afae4bec56a6a8cb4cdb2b4e68f9a2561306d,1615950561,candidate_layering
0xc7a1cb6edc22e94f17c80eb5b959f2ad28511d4e,0xdba22f0d11107eb7ca73b1e2b3ea501c14536e9b,erc20,826.1489771695,HBT,0x0ace32f6e87ac1457a5385f8eb0208f37263b415,0x6d36fb3b2e6b1c3bd4f8e918541b213f7dde618e3b6d09b9bf34260fd28ddfb4,1615951117,candidate_layering
0xc7a1cb6edc22e94f17c80eb5b959f2ad28511d4e,0xc6e6dd6a0c61651d1bc055dc1c22418a729d41bb,erc20,756.9974141249,HBT,0x0ace32f6e87ac1457a5385f8eb0208f37263b415,0x7e616018cdb74d6044a10741a4535d6d5dd9248dd7ad865fb99aab96cac2def8,1615957322,candidate_layering
0xc7a1cb6edc22e94f17c80eb5b959f2ad28511d4e,0x8eec4127d8ec181b628a65ae0ed64ec792a13644,erc20,930.0005671935,HBT,0x0ace32f6e87ac1457a5385f8eb0208f37263b415,0xf1395a28af8e8c931a24aebc90611a4c21a98ecde020cfe0aaf2d260b19e69e8,1615957322,candidate_layering
0xc7a1cb6edc22e94f17c80eb5b959f2ad28511d4e,0xc6e6dd6a0c61651d1bc055dc1c22418a729d41bb,erc20,0.6642114112419104,WETH,0xc02aaa39b223fe8d0a0e5c4f27ead9083c756cc2,0x2966f0f985e9498d2d157462da73f1d28cf08a448bef32ab23b853911a7b8255,1615957322,candidate_layering
