source,target,transaction_type,amount,hash,timeStamp,label,tokenSymbol,contractAddress,source_layer
0x26a76f4fe7a21160274d060acb209f515f35429c,0x722122df12d4e14e13ac3b6895a86e84145b6967,normal_eth,10.0,0xcb091c5920c9a78817a9e17a18d7fdee2dceb410dd14ec173fc5d9244f9e083b,1638371039,candidate_layering,,,0
0x26a76f4fe7a21160274d060acb209f515f35429c,0x722122df12d4e14e13ac3b6895a86e84145b6967,normal_eth,10.0,0x960b35f0184cfd65329b799552f062f21f4a5e255a77c023fc645e915496ca21,1638371066,candidate_layering,,,0
0x26a76f4fe7a21160274d060acb209f515f35429c,0x722122df12d4e14e13ac3b6895a86e84145b6967,normal_eth,10.0,0x766ba662d6f0030abcc8cec2bf66e949a01972f882de93fc073508daf7789701,1638371191,candidate_layering,,,0
0x26a76f4fe7a21160274d060acb209f515f35429c,0x722122df12d4e14e13ac3b6895a86e84145b6967,normal_eth,10.0,0x596fdc71dc47ee2b273ec51fc59d99ad3b44a6fe7b3c71af4d143f8e3358257a,1638371237,candidate_layering,,,0
0x26a76f4fe7a21160274d060acb209f515f35429c,0x722122df12d4e14e13ac3b6895a86e84145b6967,normal_eth,10.0,0x5ffd5f5aa65cd7c271e2eaf63b1d2d62ff2bfdf30cbd894997dea57ee4f8552d,1638371292,candidate_layering,,,0
0x26a76f4fe7a21160274d060acb209f515f35429c,0x722122df12d4e14e13ac3b6895a86e84145b6967,normal_eth,1.0,0xef0e8c1ab78dfa5664d2fdcf094ade7802a9f34af60267a5a4d2913ef0a006ae,1638371367,candidate_layering,,,0
0x26a76f4fe7a21160274d060acb209f515f35429c,0x722122df12d4e14e13ac3b6895a86e84145b6967,normal_eth,1.0,0x8e5c545383bd9a740a8131ca12c6d0e7c29b5650549fc8d39f3e5dbb03c6e64c,1638371393,candidate_layering,,,0
0x26a76f4fe7a21160274d060acb209f515f35429c,0x722122df12d4e14e13ac3b6895a86e84145b6967,normal_eth,1.0,0xdbe53001673570d328e8cd6587caa9bf133fbfd970a5cbfae4e2a3852129a0bb,1638371456,candidate_layering,,,0
0x26a76f4fe7a21160274d060acb209f515f35429c,0x722122df12d4e14e13ac3b6895a86e84145b6967,normal_eth,1.0,0xc625da24507eed436034b5f8db58754798c768c44b3db2694f7fcd0dcf96f262,1638371488,candidate_layering,,,0
0x26a76f4fe7a21160274d060acb209f515f35429c,0x722122df12d4e14e13ac3b6895a86e84145b6967,normal_eth,1.0,0x0dc34758c0f88a44ef5b6bda976f89db2d6f518bc2d641c54a3ba7be3c9b72ac,1638371545,candidate_layering,,,0
0x26a76f4fe7a21160274d060acb209f515f35429c,0x722122df12d4e14e13ac3b6895a86e84145b6967,normal_eth,1.0,0x5f6057f64721f1d18fdb75e7406a1210890aaa57b515d668db3108e264b1db02,1638371588,candidate_layering,,,0
0x26a76f4fe7a21160274d060acb209f515f35429c,0x722122df12d4e14e13ac3b6895a86e84145b6967,normal_eth,0.1,0x258d38d943cb8463be0590eaab67cb710c1be8c5df287ee975f0c590ca117096,1638371746,candidate_layering,,,0
0x26a76f4fe7a21160274d060acb209f515f35429c,0x722122df12d4e14e13ac3b6895a86e84145b6967,normal_eth,0.1,0x8620a13517da1f2c96b2f94dae27a0c3feb87c520cc9b9f90b1b179acea0621e,1638371814,candidate_layering,,,0
0x26a76f4fe7a21160274d060acb209f515f35429c,0xc7a1cb6edc22e94f17c80eb5b959f2ad28511d4e,erc20,409081.0,0xe01d706d668418e3c349c6dfb47b92a4ed17b4c680b974b937e4ffb0cf3b1552,1638369515,candidate_layering,HBT,0x0ace32f6e87ac1457a5385f8eb0208f37263b415,0
0x26a76f4fe7a21160274d060acb209f515f35429c,0xa023cca9de8486d867e8b2f7bfd133a96455f850,erc20,400000.0,0xa685835be4ae4f5d3a9098305cb5c188d0f6a567c79c977b79a712fde66e86aa,1638369642,candidate_layering,HBT,0x0ace32f6e87ac1457a5385f8eb0208f37263b415,0
0x26a76f4fe7a21160274d060acb209f515f35429c,0xa023cca9de8486d867e8b2f7bfd133a96455f850,erc20,609081.3758327898,0xf535d56957d08ad883905b87c286510f85e03024970a2c0e3cde417171e67d16,1638369675,candidate_layering,HBT,0x0ace32f6e87ac1457a5385f8eb0208f37263b415,0
0x26a76f4fe7a21160274d060acb209f515f35429c,0xc3d03e4f041fd4cd388c549ee2a29a9e5075882f,erc20,114008.58619384792,0xe10d6beacc1cdfa706a65e20480011bde4e5b6c9bbfa86630f0f27068bfd0320,1638370360,candidate_layering,DAI,0x6b175474e89094c44da98b954eedeac495271d0f,0
0x26a76f4fe7a21160274d060acb209f515f35429c,0xa023cca9de8486d867e8b2f7bfd133a96455f850,erc20,0.0210181398660756,0xaa1108e1bc4ec4902525cd0a27adaf0cac9d3c79c355fbf88efbfd8eed60e25c,1638370718,candidate_layering,SLP,0xa023cca9de8486d867e8b2f7bfd133a96455f850,0
0x26a76f4fe7a21160274d060acb209f515f35429c,0xc7a1cb6edc22e94f17c80eb5b959f2ad28511d4e,erc20,77782.4706313863,0xa482955e69e55e32deb2e5eb89fae1171e79658395faf002c9cd6188ca811802,1638370842,candidate_layering,HBT,0x0ace32f6e87ac1457a5385f8eb0208f37263b415,0
0x722122df12d4e14e13ac3b6895a86e84145b6967,0xa160cdab225685da1d56aa342ad8841c3b53f291,internal_eth,100.0,0x98e6acf253978cad6c075e8fc48deca74330b70b730931355cc3cb9195bb7242,1617152051,candidate_layering,,,1
0x722122df12d4e14e13ac3b6895a86e84145b6967,0xa160cdab225685da1d56aa342ad8841c3b53f291,internal_eth,100.0,0x688b2407342e2f2c07d9c909e4d440ba3890b6c907eb48e1b1b981f7bafb4cc2,1617152137,candidate_layering,,,1
0x722122df12d4e14e13ac3b6895a86e84145b6967,0xa160cdab225685da1d56aa342ad8841c3b53f291,internal_eth,100.0,0xfd544afc20fb30b29b2b753c2251bec014bc759c931f5030c12af09db5a21c4f,1617152137,candidate_layering,,,1
0x722122df12d4e14e13ac3b6895a86e84145b6967,0xa160cdab225685da1d56aa342ad8841c3b53f291,internal_eth,100.0,0x455712653f3ef4703489ae3e0af90c49f76d9f78085f71d8e2da4da2bb206371,1617155604,candidate_layering,,,1
0x722122df12d4e14e13ac3b6895a86e84145b6967,0xa160cdab225685da1d56aa342ad8841c3b53f291,internal_eth,100.0,0x85ddd693ee40bc3b3174fd38f7237e5d7b0fa7c9b5a5a51fe47a6b730d68e728,1617155608,candidate_layering,,,1
0x722122df12d4e14e13ac3b6895a86e84145b6967,0xa160cdab225685da1d56aa342ad8841c3b53f291,internal_eth,100.0,0x98625e90383412eba85d89c39a1cf1d163e3c7983fd646e8d41b2a345dad8d22,1617155620,candidate_layering,,,1
0x722122df12d4e14e13ac3b6895a86e84145b6967,0xa160cdab225685da1d56aa342ad8841c3b53f291,internal_eth,100.0,0xbec4c9fe4e630731a2ccf14d15ddc7039af2978f0f90918e5035b1112466ff1e,1617155666,candidate_layering,,,1
0x722122df12d4e14e13ac3b6895a86e84145b6967,0xa160cdab225685da1d56aa342ad8841c3b53f291,internal_eth,100.0,0x44e36e72207b5338138c6edb8845db94d1229b66fa296c92d477548663272471,1617155672,candidate_layering,,,1
0x722122df12d4e14e13ac3b6895a86e84145b6967,0xa160cdab225685da1d56aa342ad8841c3b53f291,internal_eth,100.0,0x4fbb1252608097fe167f87529f79b273dd02779ac915e0e7abf80d306e8413e6,1617155731,candidate_layering,,,1
0x722122df12d4e14e13ac3b6895a86e84145b6967,0xa160cdab225685da1d56aa342ad8841c3b53f291,internal_eth,100.0,0x68bb956d88af6e19cfafcdc0e24dda041bb506f9e83bc6f7c0d20e892b030789,1617155868,candidate_layering,,,1
0x722122df12d4e14e13ac3b6895a86e84145b6967,0xa160cdab225685da1d56aa342ad8841c3b53f291,internal_eth,100.0,0xecd7e63f85a27064e8ffa89eba006237edda7cd148cdddb89b7ff7c24431fdec,1617156047,candidate_layering,,,1
0x722122df12d4e14e13ac3b6895a86e84145b6967,0xa160cdab225685da1d56aa342ad8841c3b53f291,internal_eth,100.0,0x874c3a200b1436e88e464ecc23211baf29c576afc2a8af58ca7f40abe3687ce1,1617156047,candidate_layering,,,1
0x722122df12d4e14e13ac3b6895a86e84145b6967,0xa160cdab225685da1d56aa342ad8841c3b53f291,internal_eth,100.0,0x508b43bd0d509a0dfd92bc00d34b8592b8f11f60be4af3313806cad7d6412c3c,1617156048,candidate_layering,,,1
0x722122df12d4e14e13ac3b6895a86e84145b6967,0x910cbd523d972eb0a6f4cae4618ad62622b39dbf,internal_eth,10.0,0x9f161874e6e95c24dd278d0577a940c565d42e2b53a876c4e9ab7c127670a7c4,1617159747,candidate_layering,,,1
0x722122df12d4e14e13ac3b6895a86e84145b6967,0xa160cdab225685da1d56aa342ad8841c3b53f291,internal_eth,100.0,0x254c66759a2e6e9564625fe23caf03696d13a313ec0f6c0337d0b6757c2a7067,1617162240,candidate_layering,,,1
0x722122df12d4e14e13ac3b6895a86e84145b6967,0x910cbd523d972eb0a6f4cae4618ad62622b39dbf,internal_eth,10.0,0xb20179b0eb5c2609a13382ca313bd04cfcf3871012d28c2070340fa647149293,1617162532,candidate_layering,,,1
0x722122df12d4e14e13ac3b6895a86e84145b6967,0xa160cdab225685da1d56aa342ad8841c3b53f291,internal_eth,100.0,0xefe54b37fe11cc37d7f95ed377aa12b39b49e43ccbd7ec82aa1c8438817fa833,1617163287,candidate_layering,,,1
0x722122df12d4e14e13ac3b6895a86e84145b6967,0xa160cdab225685da1d56aa342ad8841c3b53f291,internal_eth,100.0,0x00e7676f5d1b396198c63ab5093c0308e671b3dbcc1d86fbd12baecb42893219,1617163635,candidate_layering,,,1
0x722122df12d4e14e13ac3b6895a86e84145b6967,0xa160cdab225685da1d56aa342ad8841c3b53f291,internal_eth,100.0,0x1cc1bd9f6d48866710ad572ceaf14baec44797a202ef04927214c0ddb03eb6e5,1617163642,candidate_layering,,,1
0x722122df12d4e14e13ac3b6895a86e84145b6967,0xa160cdab225685da1d56aa342ad8841c3b53f291,internal_eth,100.0,0x8b46d4123de03173a81515012e06f728c84268a1747f8b9b63531c7de1a3cc63,1617164104,candidate_layering,,,1
0x722122df12d4e14e13ac3b6895a86e84145b6967,0xa160cdab225685da1d56aa342ad8841c3b53f291,internal_eth,100.0,0xed648e2f9c160a6225ea5ac6d413c4472217f5197492a6cf434ef2fc9f87ddf6,1617164104,candidate_layering,,,1
0x722122df12d4e14e13ac3b6895a86e84145b6967,0xa160cdab225685da1d56aa342ad8841c3b53f291,internal_eth,100.0,0x87929f1a8070a41a370ec580e8e414fc390f61ba2af296a7a6a51f870531027a,1617164151,candidate_layering,,,1
0x722122df12d4e14e13ac3b6895a86e84145b6967,0x47ce0c6ed5b0ce3d3a51fdb1c52dc66a7c3c2936,internal_eth,1.0,0xee16c15768136c74e8dd613c4e1e96ebb338e0103e3ddacccc7b5566834f993a,1617164384,candidate_layering,,,1
0x722122df12d4e14e13ac3b6895a86e84145b6967,0x910cbd523d972eb0a6f4cae4618ad62622b39dbf,internal_eth,10.0,0xd88e91c901973584f7a8d9f852625cc992c0a1c3fbbbac9cc4b61a5f3fa5642f,1617165838,candidate_layering,,,1
0x722122df12d4e14e13ac3b6895a86e84145b6967,0x12d66f87a04a9e220743712ce6d9bb1b5616b8fc,internal_eth,0.1,0xa1f2ce0274d386cb2f6b53b2596e079d6e66ce13b53e522dbcb9c9a3f8abf6ac,1617166294,candidate_layering,,,1
0x722122df12d4e14e13ac3b6895a86e84145b6967,0x12d66f87a04a9e220743712ce6d9bb1b5616b8fc,internal_eth,0.1,0x80fc488416b4a684c05a11f7e83e38b3559db9ade399cf8b1641958fa062d6f8,1617168356,candidate_layering,,,1
0x722122df12d4e14e13ac3b6895a86e84145b6967,0x47ce0c6ed5b0ce3d3a51fdb1c52dc66a7c3c2936,internal_eth,1.0,0xda968dacaaad59f72da134c272ab65c3e40f1d5e999b5f29a7cc1318895de940,1617168526,candidate_layering,,,1
0x722122df12d4e14e13ac3b6895a86e84145b6967,0x47ce0c6ed5b0ce3d3a51fdb1c52dc66a7c3c2936,internal_eth,1.0,0xc539044c0d187f2c3766a067e536f30223f240f4437c3e9e125121edf5d4f304,1617168538,candidate_layering,,,1
0x722122df12d4e14e13ac3b6895a86e84145b6967,0x47ce0c6ed5b0ce3d3a51fdb1c52dc66a7c3c2936,internal_eth,1.0,0x4384ca410bae4aaea11b9930a959770531a92b7e687565b183f8f9cf3b2f9d3a,1617168538,candidate_layering,,,1
0x722122df12d4e14e13ac3b6895a86e84145b6967,0x47ce0c6ed5b0ce3d3a51fdb1c52dc66a7c3c2936,internal_eth,1.0,0x3c06cd33e5ede50f4f76b61792607d8c90c5ad2cf199ce68de4934e3252cf333,1617168538,candidate_layering,,,1
0x722122df12d4e14e13ac3b6895a86e84145b6967,0x47ce0c6ed5b0ce3d3a51fdb1c52dc66a7c3c2936,internal_eth,1.0,0x5adda65f719256755b1181906b51db8332546e4ecda4052e13a6a2727d339869,1617168538,candidate_layering,,,1
0x722122df12d4e14e13ac3b6895a86e84145b6967,0x47ce0c6ed5b0ce3d3a51fdb1c52dc66a7c3c2936,internal_eth,1.0,0x8ca476a44a0fce761a6bf5c27eee512d9a8eca747a34c9a5b9edd1a3041519e9,1617168538,candidate_layering,,,1
0x722122df12d4e14e13ac3b6895a86e84145b6967,0x47ce0c6ed5b0ce3d3a51fdb1c52dc66a7c3c2936,internal_eth,1.0,0x3ebb598ded5d251d9aed2f3eab88a0391782a19e03c8b1144f0009a998aa3736,1617168542,candidate_layering,,,1
0x722122df12d4e14e13ac3b6895a86e84145b6967,0x47ce0c6ed5b0ce3d3a51fdb1c52dc66a7c3c2936,internal_eth,1.0,0x7329d69d7aed71f589758c08717128c23892a4f834e451eb705104e58c30ceb3,1617168542,candidate_layering,,,1
0x722122df12d4e14e13ac3b6895a86e84145b6967,0x47ce0c6ed5b0ce3d3a51fdb1c52dc66a7c3c2936,internal_eth,1.0,0x59195ae16512445aa0c775184ea6a7dcd6f3305c77306a441102708921492928,1617168542,candidate_layering,,,1
0x722122df12d4e14e13ac3b6895a86e84145b6967,0x47ce0c6ed5b0ce3d3a51fdb1c52dc66a7c3c2936,internal_eth,1.0,0x649f77bf26ec0e3bfff22fce1c45022230ab26ab75696d5e44b180f42010afdf,1617168542,candidate_layering,,,1
0x722122df12d4e14e13ac3b6895a86e84145b6967,0x12d66f87a04a9e220743712ce6d9bb1b5616b8fc,internal_eth,0.1,0x1f9ba8f2406d70e263d20ac4d161733e56fa2521068602c339aa4b236e31e2cc,1617168728,candidate_layering,,,1
0x722122df12d4e14e13ac3b6895a86e84145b6967,0x12d66f87a04a9e220743712ce6d9bb1b5616b8fc,internal_eth,0.1,0x0161430960500ba35d3e7e3972c688a8c963cd4523f17c8215096b0878568c7b,1617168730,candidate_layering,,,1
0x722122df12d4e14e13ac3b6895a86e84145b6967,0x47ce0c6ed5b0ce3d3a51fdb1c52dc66a7c3c2936,internal_eth,1.0,0x6e35154cf2748528a90cc82e88e5bfc6ff95a3de1a6d96e336a396b91e8b3907,1617169414,candidate_layering,,,1
0x722122df12d4e14e13ac3b6895a86e84145b6967,0x47ce0c6ed5b0ce3d3a51fdb1c52dc66a7c3c2936,internal_eth,1.0,0x0799545eaa179a135c920179462cc4f2435e76676074a5fdac224af645b1286d,1617169728,candidate_layering,,,1
0x722122df12d4e14e13ac3b6895a86e84145b6967,0x47ce0c6ed5b0ce3d3a51fdb1c52dc66a7c3c2936,internal_eth,1.0,0x3f672017e5ed21902c5bc3360610690986062e62c398df02a757825e1c539791,1617169735,candidate_layering,,,1
0x722122df12d4e14e13ac3b6895a86e84145b6967,0x47ce0c6ed5b0ce3d3a51fdb1c52dc66a7c3c2936,internal_eth,1.0,0x0159e56967a19fa9a392057633d0bd0af0eb90805fd559149b9925c892c8e36f,1617169735,candidate_layering,,,1
0x722122df12d4e14e13ac3b6895a86e84145b6967,0x47ce0c6ed5b0ce3d3a51fdb1c52dc66a7c3c2936,internal_eth,1.0,0x1e849029f111415c9f6eb6d503b4c157be39bc596011f3fc6881201d40f42f55,1617169754,candidate_layering,,,1
0x722122df12d4e14e13ac3b6895a86e84145b6967,0x47ce0c6ed5b0ce3d3a51fdb1c52dc66a7c3c2936,internal_eth,1.0,0x2aa776c24c24e843d4d08c3316e34f4ff2a4ddbc724a0aeec8cec7644a992124,1617169808,candidate_layering,,,1
0x722122df12d4e14e13ac3b6895a86e84145b6967,0x47ce0c6ed5b0ce3d3a51fdb1c52dc66a7c3c2936,internal_eth,1.0,0xe0d3341c1a35d7ac10fb0495f5df5dc61dd15879b4433cee9da55d922a84d1e8,1617169808,candidate_layering,,,1
0x722122df12d4e14e13ac3b6895a86e84145b6967,0x47ce0c6ed5b0ce3d3a51fdb1c52dc66a7c3c2936,internal_eth,1.0,0x84489e1b71ed30ad2292bd8766ec0528703ad1c7fa3cd208523aa79fcdbd6bc5,1617169808,candidate_layering,,,1
0x722122df12d4e14e13ac3b6895a86e84145b6967,0x47ce0c6ed5b0ce3d3a51fdb1c52dc66a7c3c2936,internal_eth,1.0,0xb10d13311329a002a53bff2dc0fdec32692c1c25965ed9877753f83e1a3985dd,1617170973,candidate_layering,,,1
0x722122df12d4e14e13ac3b6895a86e84145b6967,0x47ce0c6ed5b0ce3d3a51fdb1c52dc66a7c3c2936,internal_eth,1.0,0x336fb59ebbb5a34258b95c7fc796848e244bfc0a1c57502d63f04e2ead9c1a10,1617170973,candidate_layering,,,1
0x722122df12d4e14e13ac3b6895a86e84145b6967,0x47ce0c6ed5b0ce3d3a51fdb1c52dc66a7c3c2936,internal_eth,1.0,0x10b5da43df19db38f77bd41ffd006ba8763adc6b5f3e2844cbced1fcacf4e1f8,1617170973,candidate_layering,,,1
0x722122df12d4e14e13ac3b6895a86e84145b6967,0x910cbd523d972eb0a6f4cae4618ad62622b39dbf,internal_eth,10.0,0x72af758276e4c5b2ae1793e4b58b6b6351b3114171056446df05ef4225530aee,1617176192,candidate_layering,,,1
0x722122df12d4e14e13ac3b6895a86e84145b6967,0x910cbd523d972eb0a6f4cae4618ad62622b39dbf,internal_eth,10.0,0x924496c5c72834c34606ef7afa0eac6adf9fe11d543008482322024d8aff1f2a,1617177673,candidate_layering,,,1
0x722122df12d4e14e13ac3b6895a86e84145b6967,0xa160cdab225685da1d56aa342ad8841c3b53f291,internal_eth,100.0,0xaf28cb6c674dbb6bcc50b563872174a96073b48952254eff84841b4efca20c21,1617180698,candidate_layering,,,1
0x722122df12d4e14e13ac3b6895a86e84145b6967,0xa160cdab225685da1d56aa342ad8841c3b53f291,internal_eth,100.0,0xff01c5558df40f07edeac0ecf534cf2e8b8cf0facdd8707a03f5a6d358f59f3e,1617181339,candidate_layering,,,1
0x722122df12d4e14e13ac3b6895a86e84145b6967,0xa160cdab225685da1d56aa342ad8841c3b53f291,internal_eth,100.0,0xe4a618cbb24b6f2c22873b2d522bcde456fb210c4de6f72a12956e0a1c29a99b,1617182935,candidate_layering,,,1
0x722122df12d4e14e13ac3b6895a86e84145b6967,0xa160cdab225685da1d56aa342ad8841c3b53f291,internal_eth,100.0,0x847158c9b48cbc1197d2bca9820a81084da941c266f5af87085fa86fca4945c4,1617183179,candidate_layering,,,1
0x722122df12d4e14e13ac3b6895a86e84145b6967,0xa160cdab225685da1d56aa342ad8841c3b53f291,internal_eth,100.0,0xc9660e5591bbf3be57e45493568a22f604d55c00171057bf1b84cf6ecf90ae7d,1617183643,candidate_layering,,,1
0x722122df12d4e14e13ac3b6895a86e84145b6967,0xa160cdab225685da1d56aa342ad8841c3b53f291,internal_eth,100.0,0x175c833f903b1aee47d391b0d194f0faf26277d000db17becf20ca0ca25d341c,1617184498,candidate_layering,,,1
0x722122df12d4e14e13ac3b6895a86e84145b6967,0x910cbd523d972eb0a6f4cae4618ad62622b39dbf,internal_eth,10.0,0xca49b442dceef2899438c0fe162b6098510fc58c4f155a943978e24fabbe79cf,1617184763,candidate_layering,,,1
0x722122df12d4e14e13ac3b6895a86e84145b6967,0x910cbd523d972eb0a6f4cae4618ad62622b39dbf,internal_eth,10.0,0xf038956e4b188d023b531f7f116aaf2d766d16f55a712094b2405597f51b046f,1617184962,candidate_layering,,,1
0x722122df12d4e14e13ac3b6895a86e84145b6967,0x910cbd523d972eb0a6f4cae4618ad62622b39dbf,internal_eth,10.0,0x64e008813b35beb6b4d40c80f5067bcd1ea5c8e325b41d7a061225da9d049cc7,1617185647,candidate_layering,,,1
0x722122df12d4e14e13ac3b6895a86e84145b6967,0x910cbd523d972eb0a6f4cae4618ad62622b39dbf,internal_eth,10.0,0x7cfabfd7ced7c82f2bbbbe754bab4364842cefcd057c715f78ee44a2dc833615,1617185799,candidate_layering,,,1
0x722122df12d4e14e13ac3b6895a86e84145b6967,0x47ce0c6ed5b0ce3d3a51fdb1c52dc66a7c3c2936,internal_eth,1.0,0x782223655235ef7ad397d9c9a3ea6196b05bc564d088a34747bd5d7cf660980c,1617186234,candidate_layering,,,1
0x722122df12d4e14e13ac3b6895a86e84145b6967,0xa160cdab225685da1d56aa342ad8841c3b53f291,internal_eth,100.0,0xa6c6db9f79f04d23b52365a026377aa65ab05af3644ad28226070e3314baba63,1617186777,candidate_layering,,,1
0x722122df12d4e14e13ac3b6895a86e84145b6967,0xa160cdab225685da1d56aa342ad8841c3b53f291,internal_eth,100.0,0x314dc91c9e7d5e31ffb8c36dfe0656fc52da02d23b3fdb9bae936e378c237e39,1617186780,candidate_layering,,,1
0x722122df12d4e14e13ac3b6895a86e84145b6967,0x910cbd523d972eb0a6f4cae4618ad62622b39dbf,internal_eth,10.0,0x5cb2d1e4d6a97e5fc7a3e5d29f922a3eaa35d343cf06a1410c0041a9bcbe8aaa,1617187374,candidate_layering,,,1
0x722122df12d4e14e13ac3b6895a86e84145b6967,0x910cbd523d972eb0a6f4cae4618ad62622b39dbf,internal_eth,10.0,0x6605a6d74bc9ffcc70d253cfdf66f3fe75f2a329afe8b080c9d1cd85ae3d73ad,1617187489,candidate_layering,,,1
0x722122df12d4e14e13ac3b6895a86e84145b6967,0xa160cdab225685da1d56aa342ad8841c3b53f291,internal_eth,100.0,0x995a9cc1fdc3532480d8a234437614ec1cfd717340213f67cd762d0973490f21,1617188750,candidate_layering,,,1
0x722122df12d4e14e13ac3b6895a86e84145b6967,0x910cbd523d972eb0a6f4cae4618ad62622b39dbf,internal_eth,10.0,0x1a011150d79c8e738515e9be8698852fee5d575a5b51f58b49b03ead990ed3a7,1617189410,candidate_layering,,,1
0x722122df12d4e14e13ac3b6895a86e84145b6967,0xa160cdab225685da1d56aa342ad8841c3b53f291,internal_eth,100.0,0x8e4800424841a087c1955f41866d9a31c9971c5611aae2bcd0ebbc6981ea03ce,1617189994,candidate_layering,,,1
0x722122df12d4e14e13ac3b6895a86e84145b6967,0xa160cdab225685da1d56aa342ad8841c3b53f291,internal_eth,100.0,0x69676f16de78bd934bc0e1001b28f7515d05e1b7ff036a51d9d845f5402097fb,1617190855,candidate_layering,,,1
0x722122df12d4e14e13ac3b6895a86e84145b6967,0xa160cdab225685da1d56aa342ad8841c3b53f291,internal_eth,100.0,0x52fd29759addbf5899eead439c455dfbdbb56bad5266926b52fb1869bf6c921d,1617190897,candidate_layering,,,1
0x722122df12d4e14e13ac3b6895a86e84145b6967,0x910cbd523d972eb0a6f4cae4618ad62622b39dbf,internal_eth,10.0,0x78b2ffd1481e58c9032c4a424bfa7559c1a369cbc86074063634c2169ea0ded8,1617190947,candidate_layering,,,1
0x722122df12d4e14e13ac3b6895a86e84145b6967,0x910cbd523d972eb0a6f4cae4618ad62622b39dbf,internal_eth,10.0,0xaa8ea8928419dd90327be5a7c78e6c3e61f68b4047f150cb0632f4e06183f0a5,1617191050,candidate_layering,,,1
0x722122df12d4e14e13ac3b6895a86e84145b6967,0xa160cdab225685da1d56aa342ad8841c3b53f291,internal_eth,100.0,0x6734c32be1c820a387a23090bd07e2257a2a6ab26c28f8a57a7c4ca1bdfc81a4,1617191775,candidate_layering,,,1
0x722122df12d4e14e13ac3b6895a86e84145b6967,0xa160cdab225685da1d56aa342ad8841c3b53f291,internal_eth,100.0,0xdc1984cf6d44d76df015386e509d990c885c3f17de8c25cabb367608f5022ab4,1617191881,candidate_layering,,,1
0x722122df12d4e14e13ac3b6895a86e84145b6967,0xa160cdab225685da1d56aa342ad8841c3b53f291,internal_eth,100.0,0x028b244aafa41a77a05db50121fc74dfbcb6c23aa1478964186d7a3d827a829a,1617191962,candidate_layering,,,1
0x722122df12d4e14e13ac3b6895a86e84145b6967,0xa160cdab225685da1d56aa342ad8841c3b53f291,internal_eth,100.0,0x8bf7ab4df779955c1683e1c41ff22466a1ddc46da21c125bd639bc9e697cf74f,1617192025,candidate_layering,,,1
0x722122df12d4e14e13ac3b6895a86e84145b6967,0xa160cdab225685da1d56aa342ad8841c3b53f291,internal_eth,100.0,0x365dc0e44a5d5b706207dae4feb900aee7c9f52dd7374d6e35b93f0b5ee9785c,1617192117,candidate_layering,,,1
0x722122df12d4e14e13ac3b6895a86e84145b6967,0xa160cdab225685da1d56aa342ad8841c3b53f291,internal_eth,100.0,0x0a5286c528c12e524b22e629dd47a86ff416223bc037042922f66e251a1cef4a,1617192143,candidate_layering,,,1
0x722122df12d4e14e13ac3b6895a86e84145b6967,0xa160cdab225685da1d56aa342ad8841c3b53f291,internal_eth,100.0,0xc1d03088d8fc6d8f935ef35bfd54d9f71b30eb9a84413c6e869968e7bd6afa5d,1617192217,candidate_layering,,,1
0x722122df12d4e14e13ac3b6895a86e84145b6967,0xa160cdab225685da1d56aa342ad8841c3b53f291,internal_eth,100.0,0x56482a2b2014ed42acfa5caac47e68892e6a969bdfb1c6071d3dd4f698c192ab,1617192281,candidate_layering,,,1
0x722122df12d4e14e13ac3b6895a86e84145b6967,0xa160cdab225685da1d56aa342ad8841c3b53f291,internal_eth,100.0,0xfc64e67496f54234d4a8a2c9ed94f5043bea4293a1177aa9b542b35399547b8f,1617192408,candidate_layering,,,1
0x722122df12d4e14e13ac3b6895a86e84145b6967,0xa160cdab225685da1d56aa342ad8841c3b53f291,internal_eth,100.0,0xc3abd38771fc9c9274272826adff91828c5f297b4fd15ea108278b3353d55255,1617192615,candidate_layering,,,1
0x722122df12d4e14e13ac3b6895a86e84145b6967,0xa160cdab225685da1d56aa342ad8841c3b53f291,internal_eth,100.0,0xb2df618ca8fc3d05bfd45c28dcb759b129ba6e81e76c0ca1f01662c57b451c1e,1617192674,candidate_layering,,,1
0x722122df12d4e14e13ac3b6895a86e84145b6967,0xa160cdab225685da1d56aa342ad8841c3b53f291,internal_eth,100.0,0x3575a444efae5b60c639bb7bb4b6b732edced5ddf0bfa3a7d2c60a82fbc909fc,1617192715,candidate_layering,,,1
0x722122df12d4e14e13ac3b6895a86e84145b6967,0xa160cdab225685da1d56aa342ad8841c3b53f291,internal_eth,100.0,0xcdbc7d27c8ea409a065f6b18f95bf03ac5b96c0bfd46e98d90584c924764c604,1617192803,candidate_layering,,,1
0x722122df12d4e14e13ac3b6895a86e84145b6967,0xa160cdab225685da1d56aa342ad8841c3b53f291,internal_eth,100.0,0x269f9207552effc916f1ecc72ff12505652674fddc7a7b66e547d5c32099640a,1617192931,candidate_layering,,,1
0x722122df12d4e14e13ac3b6895a86e84145b6967,0x910cbd523d972eb0a6f4cae4618ad62622b39dbf,internal_eth,10.0,0x924486d2689116d628bb0c84028e8cd8cb7cd4e8f028e39469fba592ad511d64,1617193106,candidate_layering,,,1
0x722122df12d4e14e13ac3b6895a86e84145b6967,0x910cbd523d972eb0a6f4cae4618ad62622b39dbf,internal_eth,10.0,0x741730bfcd1abbb3563bea6a1bee597464c2f3c835bc83ea87f07d784d060927,1617193106,candidate_layering,,,1
0x722122df12d4e14e13ac3b6895a86e84145b6967,0xa160cdab225685da1d56aa342ad8841c3b53f291,internal_eth,100.0,0x53c5d6d3dc7668dfef901557cbdf0ea5e93fcaf87011285de6936985aa78166c,1617193136,candidate_layering,,,1
0x722122df12d4e14e13ac3b6895a86e84145b6967,0x910cbd523d972eb0a6f4cae4618ad62622b39dbf,internal_eth,10.0,0x1372edf0fbac1da8430d9f17a16fdc35a5868f50f5bafd75c93eb9aa25b1cacf,1617193451,candidate_layering,,,1
0x722122df12d4e14e13ac3b6895a86e84145b6967,0xa160cdab225685da1d56aa342ad8841c3b53f291,internal_eth,100.0,0x50c171728cbe77451921071c7b87ab0e0b8371192405112f79aecd259f231bd5,1617193461,candidate_layering,,,1
0x722122df12d4e14e13ac3b6895a86e84145b6967,0x47ce0c6ed5b0ce3d3a51fdb1c52dc66a7c3c2936,internal_eth,1.0,0xc9d9f6e06e07b613ee0be9e1535c1868eb4e5faa8512047f2dbc7b13365dbf3d,1617193555,candidate_layering,,,1
0x722122df12d4e14e13ac3b6895a86e84145b6967,0xa160cdab225685da1d56aa342ad8841c3b53f291,internal_eth,100.0,0xb695aafd830c02e8c584884641e806996eaa8925a51065c7badb3cd097d96f6d,1617194559,candidate_layering,,,1
0x722122df12d4e14e13ac3b6895a86e84145b6967,0x47ce0c6ed5b0ce3d3a51fdb1c52dc66a7c3c2936,internal_eth,1.0,0xad9ed61dc78732ef75191f6b6c92fedeb00a35299272349af0138605af306a0a,1617194744,candidate_layering,,,1
0x722122df12d4e14e13ac3b6895a86e84145b6967,0x47ce0c6ed5b0ce3d3a51fdb1c52dc66a7c3c2936,internal_eth,1.0,0xf748ad32708da4f7928b98ea4d62adcc9bb84516e503187e03d24710932d6c53,1617195148,candidate_layering,,,1
0x722122df12d4e14e13ac3b6895a86e84145b6967,0x47ce0c6ed5b0ce3d3a51fdb1c52dc66a7c3c2936,internal_eth,1.0,0xaa9f529c8fb36c37b7f18f352dbbe51c3c8e02a98b0a3ed1846e2c6d492c2c1c,1617195947,candidate_layering,,,1
0x722122df12d4e14e13ac3b6895a86e84145b6967,0x47ce0c6ed5b0ce3d3a51fdb1c52dc66a7c3c2936,internal_eth,1.0,0x7d8548726c0c389517887d531d594f36c08fcb0a94d6b7a105d17f64843012a3,1617196459,candidate_layering,,,1
0x722122df12d4e14e13ac3b6895a86e84145b6967,0x910cbd523d972eb0a6f4cae4618ad62622b39dbf,internal_eth,10.0,0x020f59770ccb71b431568d24271383dee1cd28dbd38af6535cb5769ef1b430ef,1617196680,candidate_layering,,,1
0x722122df12d4e14e13ac3b6895a86e84145b6967,0x47ce0c6ed5b0ce3d3a51fdb1c52dc66a7c3c2936,internal_eth,1.0,0x056cd846d0edbf6a10df0ee0339a1d02ff62a92bc21676bab916a9288d8c2a0f,1617196790,candidate_layering,,,1
0x722122df12d4e14e13ac3b6895a86e84145b6967,0x47ce0c6ed5b0ce3d3a51fdb1c52dc66a7c3c2936,internal_eth,1.0,0xe78b026cdce565f3811d102b4f37ddfa4ffae81ec2e88b64386d39ee262ecf83,1617197042,candidate_layering,,,1
0x722122df12d4e14e13ac3b6895a86e84145b6967,0x47ce0c6ed5b0ce3d3a51fdb1c52dc66a7c3c2936,internal_eth,1.0,0x9c39e3d9013f3aa139ff9fdb3534dba88344f12d6c88b272ac19e826daf1e51f,1617197165,candidate_layering,,,1
0x722122df12d4e14e13ac3b6895a86e84145b6967,0x47ce0c6ed5b0ce3d3a51fdb1c52dc66a7c3c2936,internal_eth,1.0,0xdcff75e15974741eeb88c0a1084bf8a696c37a1b54ad187dd2af6ba141840ebf,1617197331,candidate_layering,,,1
0x722122df12d4e14e13ac3b6895a86e84145b6967,0x47ce0c6ed5b0ce3d3a51fdb1c52dc66a7c3c2936,internal_eth,1.0,0x8fbc44091c7720e51986d131348ca6f61d05aeb98118159f67a64b4fbbf8eec9,1617197383,candidate_layering,,,1
0x722122df12d4e14e13ac3b6895a86e84145b6967,0xa160cdab225685da1d56aa342ad8841c3b53f291,internal_eth,100.0,0xd8ae378c4072eec84a106e152fb87ae9045f6a2d1684a609f4910bb687ee0ae3,1617197774,candidate_layering,,,1
0x722122df12d4e14e13ac3b6895a86e84145b6967,0x47ce0c6ed5b0ce3d3a51fdb1c52dc66a7c3c2936,internal_eth,1.0,0xd45e77e3d60f7bd2fe0666dfb0404e7d17e8e4e0e2677651e1c502eae460c259,1617197867,candidate_layering,,,1
0x722122df12d4e14e13ac3b6895a86e84145b6967,0x910cbd523d972eb0a6f4cae4618ad62622b39dbf,internal_eth,10.0,0xe0d53a9960049be1aec9b34f769a0f27b048c0378dc86e39c9163c278c58476c,1617201980,candidate_layering,,,1
0x722122df12d4e14e13ac3b6895a86e84145b6967,0xa160cdab225685da1d56aa342ad8841c3b53f291,internal_eth,100.0,0x4baf404261a66ebdd20e5a6fe01b1f20ebd61852d556204e1ebd1d09fd61d853,1617202286,candidate_layering,,,1
0x722122df12d4e14e13ac3b6895a86e84145b6967,0x910cbd523d972eb0a6f4cae4618ad62622b39dbf,internal_eth,10.0,0x9396ff3ee78b4730f42d3da1ab3443baf819d70c14f9ee3a1734c7650087ee24,1617203102,candidate_layering,,,1
0x722122df12d4e14e13ac3b6895a86e84145b6967,0x910cbd523d972eb0a6f4cae4618ad62622b39dbf,internal_eth,10.0,0x7f321964acfd42bc726e1a1a570d0eb401573d622ee9f87285fa13bdb1a9aa2a,1617203160,candidate_layering,,,1
0x722122df12d4e14e13ac3b6895a86e84145b6967,0xa160cdab225685da1d56aa342ad8841c3b53f291,internal_eth,100.0,0x4810f7aeccc1505211abdeb8de7328f6dbf61a6ec270f55ff6fdce6f633ad7b2,1617207376,candidate_layering,,,1
0x722122df12d4e14e13ac3b6895a86e84145b6967,0xa160cdab225685da1d56aa342ad8841c3b53f291,internal_eth,100.0,0x07c1c8bdb1220976e0c96ba13503c468551d171b1ba420661e212d2938bc9556,1617209746,candidate_layering,,,1
0x722122df12d4e14e13ac3b6895a86e84145b6967,0x910cbd523d972eb0a6f4cae4618ad62622b39dbf,internal_eth,10.0,0x9df4fa130af7356218b310d0fd9bdee0debdaa4711c46198b0eb85ef9c29fad0,1617213317,candidate_layering,,,1
0x722122df12d4e14e13ac3b6895a86e84145b6967,0x910cbd523d972eb0a6f4cae4618ad62622b39dbf,internal_eth,10.0,0x3daa73f48150cdb9ee8353389f6e19aae0c27f0e714b440156168537e089b6bc,1617213540,candidate_layering,,,1
0x722122df12d4e14e13ac3b6895a86e84145b6967,0xa160cdab225685da1d56aa342ad8841c3b53f291,internal_eth,100.0,0xaa0178d5bdfb0ad8c7f9c168ab39b951e9f7c33bd99806c577adcfc1ae4d9aa5,1617213847,candidate_layering,,,1
0x722122df12d4e14e13ac3b6895a86e84145b6967,0xa160cdab225685da1d56aa342ad8841c3b53f291,internal_eth,100.0,0x60d728ede28016b122684b9fadb03b3239a3d245567ee826a52037d19bfcf2e2,1617213870,candidate_layering,,,1
0x722122df12d4e14e13ac3b6895a86e84145b6967,0xa160cdab225685da1d56aa342ad8841c3b53f291,internal_eth,100.0,0x22c16df27e864170539e75ff9db325e3e72037e6d1b447ebb5d9c07f07ff1e50,1617213870,candidate_layering,,,1
0x722122df12d4e14e13ac3b6895a86e84145b6967,0xa160cdab225685da1d56aa342ad8841c3b53f291,internal_eth,100.0,0x3d7ea4a356f4607b52d7fd0a9660c579d870c4b3964a5c4d2759272654436ee7,1617213870,candidate_layering,,,1
0x722122df12d4e14e13ac3b6895a86e84145b6967,0xa160cdab225685da1d56aa342ad8841c3b53f291,internal_eth,100.0,0x1898d2a0632b23b77d10ae5fae4f6c2d59ef302c69fc56f0c30d4bb3d7af0e27,1617213870,candidate_layering,,,1
0x722122df12d4e14e13ac3b6895a86e84145b6967,0xa160cdab225685da1d56aa342ad8841c3b53f291,internal_eth,100.0,0x0fe751d6b8bdd417d72aa19021b666ec07af5d11039838f006a1e09f556f429c,1617213876,candidate_layering,,,1
0x722122df12d4e14e13ac3b6895a86e84145b6967,0xa160cdab225685da1d56aa342ad8841c3b53f291,internal_eth,100.0,0x6c29febc0e04dc8434b97a55daa5657537d5e97da5d387a6d3e541680a324168,1617213876,candidate_layering,,,1
0x722122df12d4e14e13ac3b6895a86e84145b6967,0xa160cdab225685da1d56aa342ad8841c3b53f291,internal_eth,100.0,0xcf54e9a9da6e8c4e8ecbf83b0445fe1b5a77623a82a136e785b4bd6da971f066,1617213876,candidate_layering,,,1
0x722122df12d4e14e13ac3b6895a86e84145b6967,0xa160cdab225685da1d56aa342ad8841c3b53f291,internal_eth,100.0,0xe594c3742d387f7ac5ad53d1cbb8fe9da83f6a316caf9e58fd197eeedfeee6d9,1617213876,candidate_layering,,,1
0x722122df12d4e14e13ac3b6895a86e84145b6967,0xa160cdab225685da1d56aa342ad8841c3b53f291,internal_eth,100.0,0x7cde082b56e43bd837716f29888b8257d210d1ad8ce39ce1dd5cc5930acf25dd,1617213876,candidate_layering,,,1
0x722122df12d4e14e13ac3b6895a86e84145b6967,0xa160cdab225685da1d56aa342ad8841c3b53f291,internal_eth,100.0,0xb7ba65bc17b5f7d1d0fc74ac13b85e7f533bfc260bab3773d7a55b2f6a7d2961,1617213876,candidate_layering,,,1
0x722122df12d4e14e13ac3b6895a86e84145b6967,0x910cbd523d972eb0a6f4cae4618ad62622b39dbf,internal_eth,10.0,0xdf442a7dd6872dcefffb4eb363d1ced29c6ef6c1ba93ed5aab8ed1ae623fa088,1617213879,candidate_layering,,,1
0x722122df12d4e14e13ac3b6895a86e84145b6967,0x910cbd523d972eb0a6f4cae4618ad62622b39dbf,internal_eth,10.0,0xdefa7923cde56484ab5fe0a6c0bb7b8fbfbbca4e737522941d1b09236428cc63,1617214097,candidate_layering,,,1
0x722122df12d4e14e13ac3b6895a86e84145b6967,0x910cbd523d972eb0a6f4cae4618ad62622b39dbf,internal_eth,10.0,0xa4c2fac613a946d7083e388475d23633561c62b150bd163aff325d8492bd5dc5,1617214577,candidate_layering,,,1
0x722122df12d4e14e13ac3b6895a86e84145b6967,0xa160cdab225685da1d56aa342ad8841c3b53f291,internal_eth,100.0,0xe4bfe2cd5f0ac5d1d2cb1cea37caad7d12a0a12c92f8b8aef90255f86d91422d,1617214693,candidate_layering,,,1
0x722122df12d4e14e13ac3b6895a86e84145b6967,0xa160cdab225685da1d56aa342ad8841c3b53f291,internal_eth,100.0,0xc1807e146a710d83099227257d84aeaaad0926a436563ad8ed7e8233cbfdd180,1617214713,candidate_layering,,,1
0x722122df12d4e14e13ac3b6895a86e84145b6967,0xa160cdab225685da1d56aa342ad8841c3b53f291,internal_eth,100.0,0x86bdc8dfdc322554feb7b257f262e00c8e26488fbfd9e9a9475097047c1d0744,1617214713,candidate_layering,,,1
0x722122df12d4e14e13ac3b6895a86e84145b6967,0xa160cdab225685da1d56aa342ad8841c3b53f291,internal_eth,100.0,0xe9fd312114e6b504b453f42a18928afad5fa7befcef6a61c794d69a6fb69020b,1617214873,candidate_layering,,,1
0x722122df12d4e14e13ac3b6895a86e84145b6967,0xa160cdab225685da1d56aa342ad8841c3b53f291,internal_eth,100.0,0xeb535ea8c99b4a6d064e8b281452fb4a25598eacd324bb66eb91fbdc5b4d4995,1617214873,candidate_layering,,,1
0x722122df12d4e14e13ac3b6895a86e84145b6967,0xa160cdab225685da1d56aa342ad8841c3b53f291,internal_eth,100.0,0x9f33855ba1c2c12314aa39505a3656957a611be633979f096d02e359dd10b28b,1617214873,candidate_layering,,,1
0x722122df12d4e14e13ac3b6895a86e84145b6967,0xa160cdab225685da1d56aa342ad8841c3b53f291,internal_eth,100.0,0xce97220e627ac18f7bdd9f20205371898a9698d4076b0037a4b1bc1f8a11429d,1617214873,candidate_layering,,,1
0x722122df12d4e14e13ac3b6895a86e84145b6967,0xa160cdab225685da1d56aa342ad8841c3b53f291,internal_eth,100.0,0xc7060960490d287719709728cccd90713ea45a21a41c254ec7630255e805a1f8,1617214873,candidate_layering,,,1
0x722122df12d4e14e13ac3b6895a86e84145b6967,0xa160cdab225685da1d56aa342ad8841c3b53f291,internal_eth,100.0,0xc974cc0d3041ae32e7eaa699a0c213983f0c586135d32e445ffa6b8a6189e5a6,1617214873,candidate_layering,,,1
0x722122df12d4e14e13ac3b6895a86e84145b6967,0xa160cdab225685da1d56aa342ad8841c3b53f291,internal_eth,100.0,0xd87bb69c3d721da8ffca0126f9606889def15e9021aa59d6d161d139d2f44385,1617214877,candidate_layering,,,1
0x722122df12d4e14e13ac3b6895a86e84145b6967,0xa160cdab225685da1d56aa342ad8841c3b53f291,internal_eth,100.0,0x2c90fd952f31dc56e6af47213c6573c09edc6eb7abac0c34187f72d788a6c2b3,1617215249,candidate_layering,,,1
0x722122df12d4e14e13ac3b6895a86e84145b6967,0x910cbd523d972eb0a6f4cae4618ad62622b39dbf,internal_eth,10.0,0xde458018264e530d852f1050c0b5f7114d9fba8c23b1f3a0844c72cc92d4b4b9,1617216433,candidate_layering,,,1
0x722122df12d4e14e13ac3b6895a86e84145b6967,0x910cbd523d972eb0a6f4cae4618ad62622b39dbf,internal_eth,10.0,0xf1d983bad80f1446d314d4369e6433b6e7d137fb7bb765e905920df353f21061,1617218597,candidate_layering,,,1
0x722122df12d4e14e13ac3b6895a86e84145b6967,0x12d66f87a04a9e220743712ce6d9bb1b5616b8fc,internal_eth,0.1,0xf4f214dfde213ad1ed5e12e12a6776fc9a53cb8b5675eb55e051ea8d3c8b3e9f,1617219834,candidate_layering,,,1
0x722122df12d4e14e13ac3b6895a86e84145b6967,0x910cbd523d972eb0a6f4cae4618ad62622b39dbf,internal_eth,10.0,0x46ad4a3e06ada3b96c6ee69e80677870e69147589e349324aff6b91ccf6f92eb,1617221235,candidate_layering,,,1
0x722122df12d4e14e13ac3b6895a86e84145b6967,0xa160cdab225685da1d56aa342ad8841c3b53f291,internal_eth,100.0,0x71df7301205056442a212f15e5b8e04e903690ed6350940d1487ff26a1f4da62,1617222406,candidate_layering,,,1
0x722122df12d4e14e13ac3b6895a86e84145b6967,0xa160cdab225685da1d56aa342ad8841c3b53f291,internal_eth,100.0,0x1ad5fc47e27da8a752e7d81f22819df5b1d190ddae243457e9e8cd6884c8624b,1617224773,candidate_layering,,,1
0x722122df12d4e14e13ac3b6895a86e84145b6967,0xa160cdab225685da1d56aa342ad8841c3b53f291,internal_eth,100.0,0xd6728814f8cdec147764114dd075e0119d335e8c0ed02de908492edc5a0c9ad3,1617224969,candidate_layering,,,1
0x722122df12d4e14e13ac3b6895a86e84145b6967,0xa160cdab225685da1d56aa342ad8841c3b53f291,internal_eth,100.0,0x3aa64dd5319cd45243c902d9a067935088081c022b4ef9ade53ea6fea5d3b7f5,1617224986,candidate_layering,,,1
0x722122df12d4e14e13ac3b6895a86e84145b6967,0xa160cdab225685da1d56aa342ad8841c3b53f291,internal_eth,100.0,0xa292660b267eca672c961b62ba5c36dd573000a81be576ef5d6ff583fb55619f,1617225035,candidate_layering,,,1
0x722122df12d4e14e13ac3b6895a86e84145b6967,0xa160cdab225685da1d56aa342ad8841c3b53f291,internal_eth,100.0,0xf206f8eaeebae9e0272e74fa75913c56338b63d3273e211e0b0766ac7695ab9b,1617225116,candidate_layering,,,1
0x722122df12d4e14e13ac3b6895a86e84145b6967,0xa160cdab225685da1d56aa342ad8841c3b53f291,internal_eth,100.0,0xee4b98d25b5aac3b378593a66f57a42d6a6617b9c0665f977c28552eb3db11c1,1617225219,candidate_layering,,,1
0x722122df12d4e14e13ac3b6895a86e84145b6967,0x47ce0c6ed5b0ce3d3a51fdb1c52dc66a7c3c2936,internal_eth,1.0,0xc598e1fffe6bc6e493701365f3425fdadba03f1a95b006f5f880bdafcef9e345,1617225234,candidate_layering,,,1
0x722122df12d4e14e13ac3b6895a86e84145b6967,0xa160cdab225685da1d56aa342ad8841c3b53f291,internal_eth,100.0,0xd60848f8afb7ae1293f1802a1d4d84d4590818e610b058e085bca77b1151ae81,1617225269,candidate_layering,,,1
0x722122df12d4e14e13ac3b6895a86e84145b6967,0xa160cdab225685da1d56aa342ad8841c3b53f291,internal_eth,100.0,0x4cffb3036600858a9ebeabaab0a58e0f56d55696473bd5a19d099dad261fc947,1617225420,candidate_layering,,,1
0x722122df12d4e14e13ac3b6895a86e84145b6967,0x47ce0c6ed5b0ce3d3a51fdb1c52dc66a7c3c2936,internal_eth,1.0,0x0ec4b0c717eaa9f7229a7abd098df221f141c05482895260ed7690807f69bce9,1617225434,candidate_layering,,,1
0x722122df12d4e14e13ac3b6895a86e84145b6967,0xa160cdab225685da1d56aa342ad8841c3b53f291,internal_eth,100.0,0x44c80232c777db7d1ac2a78a01b93511a66b2ad5d700820599764021039b1ed2,1617225455,candidate_layering,,,1
0x722122df12d4e14e13ac3b6895a86e84145b6967,0xa160cdab225685da1d56aa342ad8841c3b53f291,internal_eth,100.0,0x35dad0a41cf53f8eb2b80261e42446a4dafad6a2de7e0a931dd6d1eb5ecae161,1617225587,candidate_layering,,,1
0x722122df12d4e14e13ac3b6895a86e84145b6967,0xa160cdab225685da1d56aa342ad8841c3b53f291,internal_eth,100.0,0xfff50b998232cb6905f424a2d39448b6d19eb3021d4d5b1adb2cb38a1dfc384a,1617229961,candidate_layering,,,1
0x722122df12d4e14e13ac3b6895a86e84145b6967,0xa160cdab225685da1d56aa342ad8841c3b53f291,internal_eth,100.0,0xf8bb067f289aeeb7c6b10326c93bcb6e484b1feb908861ee157a6cfc7948afb3,1617230041,candidate_layering,,,1
0x722122df12d4e14e13ac3b6895a86e84145b6967,0xa160cdab225685da1d56aa342ad8841c3b53f291,internal_eth,100.0,0x5e1eade4a042de7726fd1fc348dc0420da36e6c09b9ee46370d9ce4784cbb0a7,1617230044,candidate_layering,,,1
0x722122df12d4e14e13ac3b6895a86e84145b6967,0xa160cdab225685da1d56aa342ad8841c3b53f291,internal_eth,100.0,0x8094d05f371084fe233d62bc47c036f5b47ba0cd6c4d1a13c03334a08fd81242,1617230109,candidate_layering,,,1
0x722122df12d4e14e13ac3b6895a86e84145b6967,0xa160cdab225685da1d56aa342ad8841c3b53f291,internal_eth,100.0,0xe71d38afa72af47eac953ebdd22b20c20a6ffce06edb06e7f059acb4d3648f59,1617230114,candidate_layering,,,1
0x722122df12d4e14e13ac3b6895a86e84145b6967,0xa160cdab225685da1d56aa342ad8841c3b53f291,internal_eth,100.0,0x8141f03e8e9ca82c0ecd347a76008d191eb92ce21d9b5dfb1f492e5586bcd24c,1617230114,candidate_layering,,,1
0x722122df12d4e14e13ac3b6895a86e84145b6967,0xa160cdab225685da1d56aa342ad8841c3b53f291,internal_eth,100.0,0xff508ce1adabddc669e89bdbf46b83a1b744494a7805c3be6755d542ad1ef485,1617230149,candidate_layering,,,1
0x722122df12d4e14e13ac3b6895a86e84145b6967,0x910cbd523d972eb0a6f4cae4618ad62622b39dbf,internal_eth,10.0,0x7833423b8bba83232ed1005bcb4508bc35833d316fe08e2662876bd5e4f4e741,1617230301,candidate_layering,,,1
0x722122df12d4e14e13ac3b6895a86e84145b6967,0x910cbd523d972eb0a6f4cae4618ad62622b39dbf,internal_eth,10.0,0x4b6023d50db9c55a6b1b606bb327a46c342644c63659dcbed90b33c768afa8fc,1617230301,candidate_layering,,,1
0x722122df12d4e14e13ac3b6895a86e84145b6967,0x910cbd523d972eb0a6f4cae4618ad62622b39dbf,internal_eth,10.0,0x7b8951fa4e59fd624cce922f7e2a2c09242f98bb82a554164794aee08e0119ca,1617230352,candidate_layering,,,1
0x722122df12d4e14e13ac3b6895a86e84145b6967,0x910cbd523d972eb0a6f4cae4618ad62622b39dbf,internal_eth,10.0,0x49d3e48883b6a8e64c3d40e79d16293eb9e223b330b537a136af33c8c0887b21,1617230352,candidate_layering,,,1
0x722122df12d4e14e13ac3b6895a86e84145b6967,0x910cbd523d972eb0a6f4cae4618ad62622b39dbf,internal_eth,10.0,0xb82aeac29d7321443b6646188b854db2605fae08ec4c6c2ad6f28269dc9eceb7,1617230356,candidate_layering,,,1
0x722122df12d4e14e13ac3b6895a86e84145b6967,0x910cbd523d972eb0a6f4cae4618ad62622b39dbf,internal_eth,10.0,0xb82ae260160e8b04bf658930fb562e4d85f96c6395e4c3597d9a8c821319c650,1617230402,candidate_layering,,,1
0x722122df12d4e14e13ac3b6895a86e84145b6967,0x910cbd523d972eb0a6f4cae4618ad62622b39dbf,internal_eth,10.0,0x1cb63926d3c75549a370fb5bbe3a282526a4de1030ef8ff46251c8ece53dd43a,1617230429,candidate_layering,,,1
0x722122df12d4e14e13ac3b6895a86e84145b6967,0x910cbd523d972eb0a6f4cae4618ad62622b39dbf,internal_eth,10.0,0x5b1b637d33370143d980bed027bf19099a661f1e7119ba41f3299b1a3bf4615f,1617230474,candidate_layering,,,1
0x722122df12d4e14e13ac3b6895a86e84145b6967,0x910cbd523d972eb0a6f4cae4618ad62622b39dbf,internal_eth,10.0,0x8cb2341d7e6023efb9def1b4bdf1c3ca74db80ee907faef5d8896ddd28065ad4,1617230572,candidate_layering,,,1
0x722122df12d4e14e13ac3b6895a86e84145b6967,0xa160cdab225685da1d56aa342ad8841c3b53f291,internal_eth,100.0,0xccced629f69862ca0b1181e85a2295273539c59d09972a3327995d5c2370b335,1617230676,candidate_layering,,,1
0x722122df12d4e14e13ac3b6895a86e84145b6967,0xa160cdab225685da1d56aa342ad8841c3b53f291,internal_eth,100.0,0x5dd1ac265b46f1ee9e8f61d8ab22738675d1a4c0a11f9af38a37c9eea9313f41,1617230707,candidate_layering,,,1
0x722122df12d4e14e13ac3b6895a86e84145b6967,0x910cbd523d972eb0a6f4cae4618ad62622b39dbf,internal_eth,10.0,0xfc5315aa602e61f8bc7819b6fc1a2a33d4c0ffe9526ab60f1359fe710b575edf,1617230778,candidate_layering,,,1
0x722122df12d4e14e13ac3b6895a86e84145b6967,0x47ce0c6ed5b0ce3d3a51fdb1c52dc66a7c3c2936,internal_eth,1.0,0x72d1854c8f7d922887ed5d1d43938fbc44122e7d46ff37fc173b7bd939a2726d,1617231423,candidate_layering,,,1
0x722122df12d4e14e13ac3b6895a86e84145b6967,0xa160cdab225685da1d56aa342ad8841c3b53f291,internal_eth,100.0,0x35cdfb20089daef30f0d77e3a660fbaf98b5e1f5680b843f6f905161ed3719fc,1617231794,candidate_layering,,,1
0x722122df12d4e14e13ac3b6895a86e84145b6967,0xa160cdab225685da1d56aa342ad8841c3b53f291,internal_eth,100.0,0xbe4305611bb1b16e851bdf8e83bcfb2fdbaea7f4f147c8f58bc525e702d5656d,1617233537,candidate_layering,,,1
0x722122df12d4e14e13ac3b6895a86e84145b6967,0xa160cdab225685da1d56aa342ad8841c3b53f291,internal_eth,100.0,0x520d8973ee32d8c7de054c9d9567bd466751326b4ef13bde24b1bedbb6cf6fbf,1617234853,candidate_layering,,,1
0x722122df12d4e14e13ac3b6895a86e84145b6967,0xa160cdab225685da1d56aa342ad8841c3b53f291,internal_eth,100.0,0xddc2ba36319bec298eb3959dd94717bed5d8ae2fedc54a13bbbcba223b0bd543,1617234854,candidate_layering,,,1
0x722122df12d4e14e13ac3b6895a86e84145b6967,0xa160cdab225685da1d56aa342ad8841c3b53f291,internal_eth,100.0,0x757bfacd04340fdb39639dad9782bb0bc32427d3259d7c76cc73bfcf98957967,1617234854,candidate_layering,,,1
0x722122df12d4e14e13ac3b6895a86e84145b6967,0xa160cdab225685da1d56aa342ad8841c3b53f291,internal_eth,100.0,0x18b758d97dc589ed3cff5886103af3c836449439350358b1a35ee8702ad60ef4,1617234854,candidate_layering,,,1
0x722122df12d4e14e13ac3b6895a86e84145b6967,0x47ce0c6ed5b0ce3d3a51fdb1c52dc66a7c3c2936,internal_eth,1.0,0x6489f0d03db058729df40e042d08fc84d5eafce90c11f4b2e790e126da2a55eb,1617238052,candidate_layering,,,1
0x722122df12d4e14e13ac3b6895a86e84145b6967,0xa160cdab225685da1d56aa342ad8841c3b53f291,internal_eth,100.0,0x2d3e1d777e8fb32727163c285409690295e5ff3159db55f726e9a8a25d11f967,1617238328,candidate_layering,,,1
0x722122df12d4e14e13ac3b6895a86e84145b6967,0x47ce0c6ed5b0ce3d3a51fdb1c52dc66a7c3c2936,internal_eth,1.0,0x3f2d88330df8bd018a2659cc3e03e3f49f90291f068c12acd5210a4268f7452b,1617238328,candidate_layering,,,1
0x722122df12d4e14e13ac3b6895a86e84145b6967,0x910cbd523d972eb0a6f4cae4618ad62622b39dbf,internal_eth,10.0,0x01006501434ac78724f2f95b24ab3029548d20861efe0a15ccc7030c5a52a59f,1617243485,candidate_layering,,,1
0x722122df12d4e14e13ac3b6895a86e84145b6967,0xa160cdab225685da1d56aa342ad8841c3b53f291,internal_eth,100.0,0x07bfca23befd90f830e26e3dbe3c17b74bf7c7e681fa0ced38b162ec2b8a5ff6,1617243505,candidate_layering,,,1
0x722122df12d4e14e13ac3b6895a86e84145b6967,0xa160cdab225685da1d56aa342ad8841c3b53f291,internal_eth,100.0,0xc2298370438e016fc5c0e649739969a755ca8451dfc53fa1e08dbf770127659b,1617243505,candidate_layering,,,1
0x722122df12d4e14e13ac3b6895a86e84145b6967,0xa160cdab225685da1d56aa342ad8841c3b53f291,internal_eth,100.0,0x5bfb04409002ec3001ccd29bb0ab2706345b9f7e97690feb6213abeae2eb821b,1617243833,candidate_layering,,,1
0x722122df12d4e14e13ac3b6895a86e84145b6967,0x47ce0c6ed5b0ce3d3a51fdb1c52dc66a7c3c2936,internal_eth,1.0,0x3910f43d6c84fba9fb223a9524ec379905a73e71bf5d9397ca8a1e0b016fd0ed,1617244170,candidate_layering,,,1
0x722122df12d4e14e13ac3b6895a86e84145b6967,0xa160cdab225685da1d56aa342ad8841c3b53f291,internal_eth,100.0,0xbb10ef8af7f2bee5e0c2a999a6b6418b8b4dcdffbe1e7349511a4df25a052f7f,1617244269,candidate_layering,,,1
0x722122df12d4e14e13ac3b6895a86e84145b6967,0xa160cdab225685da1d56aa342ad8841c3b53f291,internal_eth,100.0,0xde312bbc4cfb22cea4426b1b8d9a989848f4635b26ffacff2aa4687a15f8f33c,1617244351,candidate_layering,,,1
0x722122df12d4e14e13ac3b6895a86e84145b6967,0x910cbd523d972eb0a6f4cae4618ad62622b39dbf,internal_eth,10.0,0x20f87a48e227e086a18110b119dc7a5571d8e702caaa300cfa7a69dbcccd5b49,1617244530,candidate_layering,,,1
0x722122df12d4e14e13ac3b6895a86e84145b6967,0xa160cdab225685da1d56aa342ad8841c3b53f291,internal_eth,100.0,0x35d0c7d0edc17f4fddf0f98a8f3f915387d7f50defed760767649f9d9cbd9492,1617244579,candidate_layering,,,1
0x722122df12d4e14e13ac3b6895a86e84145b6967,0x910cbd523d972eb0a6f4cae4618ad62622b39dbf,internal_eth,10.0,0xabe9c86166873c5408fb66473d6906dd97399dd90ba8d7783e7f917f56ce4723,1617244579,candidate_layering,,,1
0x722122df12d4e14e13ac3b6895a86e84145b6967,0xa160cdab225685da1d56aa342ad8841c3b53f291,internal_eth,100.0,0x7393024e26192ac17cd7f6ba4d8ab43ddcee2611242b5e17b735d605a1080055,1617245534,candidate_layering,,,1
0x722122df12d4e14e13ac3b6895a86e84145b6967,0xa160cdab225685da1d56aa342ad8841c3b53f291,internal_eth,100.0,0x42544d6395a97393a61e9dab4898386d4ba265a4a28ac51157fef8ca2279dcdb,1617245668,candidate_layering,,,1
0x722122df12d4e14e13ac3b6895a86e84145b6967,0xa160cdab225685da1d56aa342ad8841c3b53f291,internal_eth,100.0,0x1e182eda19b9b439dbe9725277b6b08282bb3ed13502b313d05198bad5aefa0e,1617245833,candidate_layering,,,1
0x722122df12d4e14e13ac3b6895a86e84145b6967,0xa160cdab225685da1d56aa342ad8841c3b53f291,internal_eth,100.0,0xe58e4c6d5ce1c347893bdf5ead8a2782739aba6e54fbbba86fa8a8048edb2c83,1617246215,candidate_layering,,,1
0x722122df12d4e14e13ac3b6895a86e84145b6967,0xa160cdab225685da1d56aa342ad8841c3b53f291,internal_eth,100.0,0xe684190894272bfdcfe22d6f078fe3bd1c254650ffcf1ec74adfa9ed2a2856b6,1617246350,candidate_layering,,,1
0x722122df12d4e14e13ac3b6895a86e84145b6967,0xa160cdab225685da1d56aa342ad8841c3b53f291,internal_eth,100.0,0xa483e985a6a11780ee94b93febdba17aa9932af2cdc8311be7bbf6d6941a31d8,1617246576,candidate_layering,,,1
0x722122df12d4e14e13ac3b6895a86e84145b6967,0xa160cdab225685da1d56aa342ad8841c3b53f291,internal_eth,100.0,0x0a47022197cd556a67f79d1b67c76bd12262c90871dfb70e60d45372c3b27618,1617246816,candidate_layering,,,1
0x722122df12d4e14e13ac3b6895a86e84145b6967,0x47ce0c6ed5b0ce3d3a51fdb1c52dc66a7c3c2936,internal_eth,1.0,0xc18492c646d1f8f0ec2f75a89f521d82bc2c3fa21e5bd870753ad0ad5e609986,1617248160,candidate_layering,,,1
0x722122df12d4e14e13ac3b6895a86e84145b6967,0x910cbd523d972eb0a6f4cae4618ad62622b39dbf,internal_eth,10.0,0x7fd2cdc9755e87588f7d7aed28857c0ded7fc3fc6fa907ffec5256866eba486a,1617248171,candidate_layering,,,1
0x722122df12d4e14e13ac3b6895a86e84145b6967,0xa160cdab225685da1d56aa342ad8841c3b53f291,internal_eth,100.0,0xb62b080953c4d9c7a77f1bf4e7a49961f55518454193587c7469ea4ce8ae0d01,1617249487,candidate_layering,,,1
0x722122df12d4e14e13ac3b6895a86e84145b6967,0x47ce0c6ed5b0ce3d3a51fdb1c52dc66a7c3c2936,internal_eth,1.0,0xbb55f0159df3b8a228304e737643a8c4a66f559edaa799976be366d875314382,1617249499,candidate_layering,,,1
0x722122df12d4e14e13ac3b6895a86e84145b6967,0xa160cdab225685da1d56aa342ad8841c3b53f291,internal_eth,100.0,0xa6ec091147d3d950a7696a73273e760fbab3f138d31f466f7b85004d6c4dca50,1617250043,candidate_layering,,,1
0x722122df12d4e14e13ac3b6895a86e84145b6967,0x12d66f87a04a9e220743712ce6d9bb1b5616b8fc,internal_eth,0.1,0x930145a1d474dd1bf15172d5cdb8efbc79f6109c0ec580ad0c4f9a6c3ca811fb,1617250849,candidate_layering,,,1
0x722122df12d4e14e13ac3b6895a86e84145b6967,0xa160cdab225685da1d56aa342ad8841c3b53f291,internal_eth,100.0,0x6f12c33180fcdfc7e928c86be6b09ac3f3a6360c4a5c9b32d69971a76e149559,1617250906,candidate_layering,,,1
0x722122df12d4e14e13ac3b6895a86e84145b6967,0x47ce0c6ed5b0ce3d3a51fdb1c52dc66a7c3c2936,internal_eth,1.0,0x68b56853cac1d8e0e18b583aae09c8d39c3226e4dd946f1aa10a31491b79292d,1617250950,candidate_layering,,,1
0x722122df12d4e14e13ac3b6895a86e84145b6967,0x47ce0c6ed5b0ce3d3a51fdb1c52dc66a7c3c2936,internal_eth,1.0,0x64401be5b1ba8939e757eae605fc03f26466479bc540232e0de4092379c6cee6,1617251791,candidate_layering,,,1
0x722122df12d4e14e13ac3b6895a86e84145b6967,0x910cbd523d972eb0a6f4cae4618ad62622b39dbf,internal_eth,10.0,0x3e5a1e593d06cd9396f5bd748a33abceca33287a9d22afa2cb52b36c100ec8d0,1617252131,candidate_layering,,,1
0x722122df12d4e14e13ac3b6895a86e84145b6967,0x47ce0c6ed5b0ce3d3a51fdb1c52dc66a7c3c2936,internal_eth,1.0,0x8b8a9832bf4ea039f78e3799fe451550b5669acd701a9f8b321465cbe7818e68,1617253633,candidate_layering,,,1
0x722122df12d4e14e13ac3b6895a86e84145b6967,0x47ce0c6ed5b0ce3d3a51fdb1c52dc66a7c3c2936,internal_eth,1.0,0x1d54e9d831aa733604da61bd581f137b31d64c82d26eeb773247b09353976c22,1617253701,candidate_layering,,,1
0x722122df12d4e14e13ac3b6895a86e84145b6967,0xa160cdab225685da1d56aa342ad8841c3b53f291,internal_eth,100.0,0xa3134b66ffc03f8272c002cca91a069e6fe754391392909a78fe273ab80abb08,1617253979,candidate_layering,,,1
0x722122df12d4e14e13ac3b6895a86e84145b6967,0xa160cdab225685da1d56aa342ad8841c3b53f291,internal_eth,100.0,0x0b799b8e683c1cd1eb3b3c1be64072f2ae0be78717791fc8b9509a48601d5f15,1617254161,candidate_layering,,,1
0x722122df12d4e14e13ac3b6895a86e84145b6967,0xa160cdab225685da1d56aa342ad8841c3b53f291,internal_eth,100.0,0xe7d394a4651f691cdba094854fc545433ab5cf3c2c394393086fc91e7a48de0c,1617254188,candidate_layering,,,1
0x722122df12d4e14e13ac3b6895a86e84145b6967,0x47ce0c6ed5b0ce3d3a51fdb1c52dc66a7c3c2936,internal_eth,1.0,0xc2e34cd128cac2d3fb3a849fc6675c45c0fc6fce57597e27488fff60f324ecd7,1617254387,candidate_layering,,,1
0x722122df12d4e14e13ac3b6895a86e84145b6967,0xa160cdab225685da1d56aa342ad8841c3b53f291,internal_eth,100.0,0x6898834f2f94143203038332c902b7df3e3329f1b211bd0891042e0d930c6335,1617254411,candidate_layering,,,1
0x722122df12d4e14e13ac3b6895a86e84145b6967,0xa160cdab225685da1d56aa342ad8841c3b53f291,internal_eth,100.0,0x9af0963a9df4d90622f89704be644669bb3c5b97c2275b80381046e5bd119d01,1617254411,candidate_layering,,,1
0x722122df12d4e14e13ac3b6895a86e84145b6967,0xa160cdab225685da1d56aa342ad8841c3b53f291,internal_eth,100.0,0x6c53b1f700960d0ff266fc78895bade42bd047ef018fbbc346e6e134fa2cd505,1617254440,candidate_layering,,,1
0x722122df12d4e14e13ac3b6895a86e84145b6967,0x910cbd523d972eb0a6f4cae4618ad62622b39dbf,internal_eth,10.0,0x42335da7cf72a7b3135ee764b8ad1d2b3c4636bf22aeb017746210aaf412fac7,1617255868,candidate_layering,,,1
0x722122df12d4e14e13ac3b6895a86e84145b6967,0x47ce0c6ed5b0ce3d3a51fdb1c52dc66a7c3c2936,internal_eth,1.0,0xfd37c427d9d45dc44180e25bfbda4ef3b822e5b8158f349dbdd59b30bf98053a,1617256132,candidate_layering,,,1
0x722122df12d4e14e13ac3b6895a86e84145b6967,0x12d66f87a04a9e220743712ce6d9bb1b5616b8fc,internal_eth,0.1,0xccd9db55f7da983216910501b444f9483cdc5ef11b2b82615c79a7df4b50f97d,1617256525,candidate_layering,,,1
0x722122df12d4e14e13ac3b6895a86e84145b6967,0x910cbd523d972eb0a6f4cae4618ad62622b39dbf,internal_eth,10.0,0x7872c928751c0d234bea5d22d25b7dc1a9fb1d416d7332dc49007e46cb7804d0,1617259520,candidate_layering,,,1
0x722122df12d4e14e13ac3b6895a86e84145b6967,0xa160cdab225685da1d56aa342ad8841c3b53f291,internal_eth,100.0,0x0c2b9f34b1a72efec9a99f0a6e51facdcbd01feebb180105ca1333c73ee50191,1617261279,candidate_layering,,,1
0x722122df12d4e14e13ac3b6895a86e84145b6967,0x910cbd523d972eb0a6f4cae4618ad62622b39dbf,internal_eth,10.0,0xd7af8fcceede8f4a457bdde465e8277ba4e09da1288c62c99a6e640c2684b432,1617262699,candidate_layering,,,1
0x722122df12d4e14e13ac3b6895a86e84145b6967,0x12d66f87a04a9e220743712ce6d9bb1b5616b8fc,internal_eth,0.1,0x5ab6c81b29884a098e191007043942f96b1067b270079b4c79f379036fc22b25,1617263502,candidate_layering,,,1
0x722122df12d4e14e13ac3b6895a86e84145b6967,0xa160cdab225685da1d56aa342ad8841c3b53f291,internal_eth,100.0,0x383844e38bd6a36bf8e0dc55122a80bf521f950b94b1f3e3a74b0186257ee2fd,1617266021,candidate_layering,,,1
0x722122df12d4e14e13ac3b6895a86e84145b6967,0xa160cdab225685da1d56aa342ad8841c3b53f291,internal_eth,100.0,0x45c0de5e2108c65388dae7f397bfb1d433e5428cd03a75f53872ef046410434d,1617267770,candidate_layering,,,1
0x722122df12d4e14e13ac3b6895a86e84145b6967,0xa160cdab225685da1d56aa342ad8841c3b53f291,internal_eth,100.0,0x9789256b5788681f6164678af314af7e76d70a5ccd2e39b1e505383056f396a8,1617268801,candidate_layering,,,1
0x722122df12d4e14e13ac3b6895a86e84145b6967,0xa160cdab225685da1d56aa342ad8841c3b53f291,internal_eth,100.0,0xc7d93343b77e3981789bc6d9d42736bce35d6efb671f946fa0b5d9ba12ad9849,1617269372,candidate_layering,,,1
0x722122df12d4e14e13ac3b6895a86e84145b6967,0xa160cdab225685da1d56aa342ad8841c3b53f291,internal_eth,100.0,0x199167e0f4ae81b17d4b8564b84181fceadaf7ecd2defebf7d1b47fc07a2a618,1617271266,candidate_layering,,,1
0x722122df12d4e14e13ac3b6895a86e84145b6967,0xa160cdab225685da1d56aa342ad8841c3b53f291,internal_eth,100.0,0xa9c55494cc0d8e522c12803ca7da0b2067458e53c8fe9cca4a3a4a64335ec182,1617271342,candidate_layering,,,1
0x722122df12d4e14e13ac3b6895a86e84145b6967,0xa160cdab225685da1d56aa342ad8841c3b53f291,internal_eth,100.0,0x367ae541bf0413ea0167fbab3623a3720406c1ff86b31f488f32e38661d25575,1617271754,candidate_layering,,,1
0x722122df12d4e14e13ac3b6895a86e84145b6967,0xa160cdab225685da1d56aa342ad8841c3b53f291,internal_eth,100.0,0xa61d7abaf520d0ecb7ef12412f00fadede10334b929598f2a4e4b45ee931335e,1617272660,candidate_layering,,,1
0x722122df12d4e14e13ac3b6895a86e84145b6967,0x47ce0c6ed5b0ce3d3a51fdb1c52dc66a7c3c2936,internal_eth,1.0,0x00040b5ef8c9737e729794d01e247503ff707ad21f8c46b15a3a7edc3b87b7fa,1617272882,candidate_layering,,,1
0x722122df12d4e14e13ac3b6895a86e84145b6967,0xa160cdab225685da1d56aa342ad8841c3b53f291,internal_eth,100.0,0xc39cafc709825813366c41fdef65cbfc30faf1a596f6451f02d00168981f624c,1617273054,candidate_layering,,,1
0x722122df12d4e14e13ac3b6895a86e84145b6967,0xa160cdab225685da1d56aa342ad8841c3b53f291,internal_eth,100.0,0xc9f3853a7f8251f42a1d8bdfe1a171c3a3fa0f56947d2a97beaf591d9cd87f29,1617273313,candidate_layering,,,1
0x722122df12d4e14e13ac3b6895a86e84145b6967,0x47ce0c6ed5b0ce3d3a51fdb1c52dc66a7c3c2936,internal_eth,1.0,0xfd6d3f8ef76c2beafcdcf58d716d8f80adc78b2ce7888685b0463bfb2a29e15a,1617274683,candidate_layering,,,1
0x722122df12d4e14e13ac3b6895a86e84145b6967,0x47ce0c6ed5b0ce3d3a51fdb1c52dc66a7c3c2936,internal_eth,1.0,0xe96d35da4225d9208438f0f4280f50f61fca6618416f7dd548dbc43d1882e488,1617275091,candidate_layering,,,1
0x722122df12d4e14e13ac3b6895a86e84145b6967,0xa160cdab225685da1d56aa342ad8841c3b53f291,internal_eth,100.0,0xd69097f57a3769061ac331b7854f8cf63761b4c4cc3368ab73921182af90f2e4,1617280240,candidate_layering,,,1
0x722122df12d4e14e13ac3b6895a86e84145b6967,0xa160cdab225685da1d56aa342ad8841c3b53f291,internal_eth,100.0,0x045cbfdee44a16df20d10e64d60ac3de8d12e68c940543cb74b9eb08a24b5b01,1617280274,candidate_layering,,,1
0x722122df12d4e14e13ac3b6895a86e84145b6967,0xa160cdab225685da1d56aa342ad8841c3b53f291,internal_eth,100.0,0x33484ca8995accd781d589905654f6393b614f1f43ad4b93ff9c214e0103d5b1,1617280459,candidate_layering,,,1
0x722122df12d4e14e13ac3b6895a86e84145b6967,0xa160cdab225685da1d56aa342ad8841c3b53f291,internal_eth,100.0,0x556fe2506b6d5a49a8b478bd987cce0ee6fe30764bde5b3be547ff45508518b3,1617280581,candidate_layering,,,1
0x722122df12d4e14e13ac3b6895a86e84145b6967,0xa160cdab225685da1d56aa342ad8841c3b53f291,internal_eth,100.0,0x3cd6dd412dcc7138b9dbe9bfb0129f63ab2d874a89a7eaac241b8cc4b5d8d1f2,1617280624,candidate_layering,,,1
0x722122df12d4e14e13ac3b6895a86e84145b6967,0xa160cdab225685da1d56aa342ad8841c3b53f291,internal_eth,100.0,0xd8140e02ddbbd4a17d5a2b1789b1f5b8d12d4b161c3de1df467d7cf64349a960,1617280717,candidate_layering,,,1
0x722122df12d4e14e13ac3b6895a86e84145b6967,0x47ce0c6ed5b0ce3d3a51fdb1c52dc66a7c3c2936,internal_eth,1.0,0x5281d2a77ca0989fb94bd2255093147d872b05097444f9a4f0cff72ffdcc87bb,1617281226,candidate_layering,,,1
0x722122df12d4e14e13ac3b6895a86e84145b6967,0xa160cdab225685da1d56aa342ad8841c3b53f291,internal_eth,100.0,0xa13d1b946f4af01d4724f94cc29f856a40e993ffb43e4bacfedb822cd78ad1aa,1617282165,candidate_layering,,,1
0x722122df12d4e14e13ac3b6895a86e84145b6967,0xa160cdab225685da1d56aa342ad8841c3b53f291,internal_eth,100.0,0xb74526a2699ba0207a7c6edc05f0a23433c2e05c5aee2b9b17e97bbfaea541db,1617282585,candidate_layering,,,1
0x722122df12d4e14e13ac3b6895a86e84145b6967,0x47ce0c6ed5b0ce3d3a51fdb1c52dc66a7c3c2936,internal_eth,1.0,0xf5b8c1f40c68aca14f2e6bcb8042d5ab31a4407855c328b377e8c17266471566,1617282662,candidate_layering,,,1
0x722122df12d4e14e13ac3b6895a86e84145b6967,0x47ce0c6ed5b0ce3d3a51fdb1c52dc66a7c3c2936,internal_eth,1.0,0x91f900194d3bc2fa7005f20ff3dfb40ad463ae984a197a71f5bf8047b33e632b,1617282693,candidate_layering,,,1
0x722122df12d4e14e13ac3b6895a86e84145b6967,0x47ce0c6ed5b0ce3d3a51fdb1c52dc66a7c3c2936,internal_eth,1.0,0x23c0ba9a999186c717dfdeeab241557980ad8c7d5ba74e491dcbc168b992c2f6,1617282776,candidate_layering,,,1
0x722122df12d4e14e13ac3b6895a86e84145b6967,0x47ce0c6ed5b0ce3d3a51fdb1c52dc66a7c3c2936,internal_eth,1.0,0xadd9d6f3096c9b98202880a1d4751b2dfef388d99325817e49ca6a217c614985,1617282804,candidate_layering,,,1
0x722122df12d4e14e13ac3b6895a86e84145b6967,0x910cbd523d972eb0a6f4cae4618ad62622b39dbf,internal_eth,10.0,0x420925cf10950f692442efda86a73ee907b7047693b270dedf0d0f07c4566fc5,1617283029,candidate_layering,,,1
0x722122df12d4e14e13ac3b6895a86e84145b6967,0x910cbd523d972eb0a6f4cae4618ad62622b39dbf,internal_eth,10.0,0x0d795fb719cb46a31463422a13fd9869d3f6ec58e2cf185e5c816c84210e6dcb,1617283238,candidate_layering,,,1
0x722122df12d4e14e13ac3b6895a86e84145b6967,0x910cbd523d972eb0a6f4cae4618ad62622b39dbf,internal_eth,10.0,0x01d84cbc37adc733aa031b760152b57408f093c5acb98b471b2d70309684c99f,1617283341,candidate_layering,,,1
0x722122df12d4e14e13ac3b6895a86e84145b6967,0xa160cdab225685da1d56aa342ad8841c3b53f291,internal_eth,100.0,0x311cd9db542a9b2a0c0db4dc0d9cc94eca359958c281be020a1c1a8dc9585bed,1617283970,candidate_layering,,,1
0x722122df12d4e14e13ac3b6895a86e84145b6967,0xa160cdab225685da1d56aa342ad8841c3b53f291,internal_eth,100.0,0xf0cc13b59b2e5ea1f7b9b75a298365939e8b0ff3fa999e77db205278b863deba,1617284046,candidate_layering,,,1
0x722122df12d4e14e13ac3b6895a86e84145b6967,0xa160cdab225685da1d56aa342ad8841c3b53f291,internal_eth,100.0,0xd38aa76fc8dadf432a86029728719463772e6d94e0b5893b0a4610a8b97f793f,1617284131,candidate_layering,,,1
0x722122df12d4e14e13ac3b6895a86e84145b6967,0x910cbd523d972eb0a6f4cae4618ad62622b39dbf,internal_eth,10.0,0x50c87429bb1672958978940a8114238442b224129c5a631f28e06556fb4865cf,1617284198,candidate_layering,,,1
0x722122df12d4e14e13ac3b6895a86e84145b6967,0xa160cdab225685da1d56aa342ad8841c3b53f291,internal_eth,100.0,0x9e7f336c8f91b84a56f4d69d442cd3f3eeb6528ae29ed1c4785259f093ea6f0a,1617284314,candidate_layering,,,1
0x722122df12d4e14e13ac3b6895a86e84145b6967,0xa160cdab225685da1d56aa342ad8841c3b53f291,internal_eth,100.0,0x2f6327433f22ae8a206126b4155dfbd2705825881f84bc601b199aa33d17bb61,1617285880,candidate_layering,,,1
0x722122df12d4e14e13ac3b6895a86e84145b6967,0x910cbd523d972eb0a6f4cae4618ad62622b39dbf,internal_eth,10.0,0xfadd7ef7e7154dddf0e0124364cdb833faeaeeafda19220f8c28214a4b2529fd,1617290628,candidate_layering,,,1
0x722122df12d4e14e13ac3b6895a86e84145b6967,0x910cbd523d972eb0a6f4cae4618ad62622b39dbf,internal_eth,10.0,0x88a08fd5e31f098f63440d6d46c16ab6e7cbd8ab9757a02f515837f62b55caf4,1617291872,candidate_layering,,,1
0x722122df12d4e14e13ac3b6895a86e84145b6967,0xa160cdab225685da1d56aa342ad8841c3b53f291,internal_eth,100.0,0xdf8d1b6a092c6ba5b44d78d124e912430bf99a4b906a2f6c30d94e1938f6d7b7,1617293171,candidate_layering,,,1
0x722122df12d4e14e13ac3b6895a86e84145b6967,0x910cbd523d972eb0a6f4cae4618ad62622b39dbf,internal_eth,10.0,0x6836ad1e104ce055175311d49626f5695456f152fa2a7b50a31efb5ffe8b69e1,1617294975,candidate_layering,,,1
0x722122df12d4e14e13ac3b6895a86e84145b6967,0x910cbd523d972eb0a6f4cae4618ad62622b39dbf,internal_eth,10.0,0x78d309ea5314ba4fc6e75cc087052b1295ac38b70a7de85372cc9ef5f0a8dea2,1617294975,candidate_layering,,,1
0x722122df12d4e14e13ac3b6895a86e84145b6967,0x910cbd523d972eb0a6f4cae4618ad62622b39dbf,internal_eth,10.0,0x3171753d3a04a00b19e5f3dfa3e3248480422152f0f1fb3f64455b2844e3f7ee,1617295088,candidate_layering,,,1
0x722122df12d4e14e13ac3b6895a86e84145b6967,0xa160cdab225685da1d56aa342ad8841c3b53f291,internal_eth,100.0,0x28b4059e8f5714438a9f4f00b64bffeaf75d2a5344bfe618be9ae869446fb990,1617295486,candidate_layering,,,1
0x722122df12d4e14e13ac3b6895a86e84145b6967,0xa160cdab225685da1d56aa342ad8841c3b53f291,internal_eth,100.0,0xfef6d2b6ed826aecf95f0125adab633888e1c6d2514a129aa14356da29eff52e,1617295869,candidate_layering,,,1
0x722122df12d4e14e13ac3b6895a86e84145b6967,0xa160cdab225685da1d56aa342ad8841c3b53f291,internal_eth,100.0,0xe59c35b1e3d26c5f29e01f3a7422055c99ea430b2987f48147896300c9d0aab2,1617296063,candidate_layering,,,1
0x722122df12d4e14e13ac3b6895a86e84145b6967,0x910cbd523d972eb0a6f4cae4618ad62622b39dbf,internal_eth,10.0,0x74f73ce561de6c9c65554aa60c22223e96c81e67dbb2255ab980fb64f07f30ea,1617296268,candidate_layering,,,1
0x722122df12d4e14e13ac3b6895a86e84145b6967,0xa160cdab225685da1d56aa342ad8841c3b53f291,internal_eth,100.0,0x2ddbda329b72b107a35b04b2dbeb729ef840b68a290cdd84a0b3ffdcd8102b2a,1617296624,candidate_layering,,,1
0x722122df12d4e14e13ac3b6895a86e84145b6967,0x910cbd523d972eb0a6f4cae4618ad62622b39dbf,internal_eth,10.0,0xfd9b869fc6c835c30796a8e319bb32609cc6dff8c4bb6d6d49fb63d4aabfd9ef,1617298752,candidate_layering,,,1
0x722122df12d4e14e13ac3b6895a86e84145b6967,0x47ce0c6ed5b0ce3d3a51fdb1c52dc66a7c3c2936,internal_eth,1.0,0xf4bed5b7b28a01b0444c72dbede573ca9b44ac328c95e35ef67aae5bbd052eee,1617299429,candidate_layering,,,1
0x722122df12d4e14e13ac3b6895a86e84145b6967,0x910cbd523d972eb0a6f4cae4618ad62622b39dbf,internal_eth,10.0,0xa7d7d19f00512902d742344d81a7c5704264aa5a6a0248d8ad64a1be75a09484,1617300269,candidate_layering,,,1
0x722122df12d4e14e13ac3b6895a86e84145b6967,0x910cbd523d972eb0a6f4cae4618ad62622b39dbf,internal_eth,10.0,0xa1021c4072dca83f321cff6dc1bf63c55fb1e1a09e0e73c142085619642b7e5b,1617300307,candidate_layering,,,1
0x722122df12d4e14e13ac3b6895a86e84145b6967,0x47ce0c6ed5b0ce3d3a51fdb1c52dc66a7c3c2936,internal_eth,1.0,0xbce2bfe41f6e8f1bf1119d8c4843559373dac491a041592ad916caffa717b960,1617300372,candidate_layering,,,1
0x722122df12d4e14e13ac3b6895a86e84145b6967,0x910cbd523d972eb0a6f4cae4618ad62622b39dbf,internal_eth,10.0,0xb4dc7bc05ea55b59026d28ab3376cbc808b8c899438a378095309c69a5453ed1,1617302306,candidate_layering,,,1
0x722122df12d4e14e13ac3b6895a86e84145b6967,0x910cbd523d972eb0a6f4cae4618ad62622b39dbf,internal_eth,10.0,0x5b81415401e57814c7ae4c37b544be320390a7ee85605cfb7f24814b7fc6d08a,1617302593,candidate_layering,,,1
0x722122df12d4e14e13ac3b6895a86e84145b6967,0x47ce0c6ed5b0ce3d3a51fdb1c52dc66a7c3c2936,internal_eth,1.0,0x76e157048cf92862effc9cbd392c4c1718b31493dfc246db2a5e8f12e5982dca,1617303816,candidate_layering,,,1
0x722122df12d4e14e13ac3b6895a86e84145b6967,0x910cbd523d972eb0a6f4cae4618ad62622b39dbf,internal_eth,10.0,0x8021c095a31650e02ad64013a46b8219fe759344fd649a2e84b5a7d9944f1cc2,1617304587,candidate_layering,,,1
0x722122df12d4e14e13ac3b6895a86e84145b6967,0x910cbd523d972eb0a6f4cae4618ad62622b39dbf,internal_eth,10.0,0x4b8d33594ef89cfa69a1703910b42864e5b18f5a528ec6aeea3a9c6b20d4290a,1617306814,candidate_layering,,,1
0x722122df12d4e14e13ac3b6895a86e84145b6967,0x910cbd523d972eb0a6f4cae4618ad62622b39dbf,internal_eth,10.0,0x4cfc98f1d7c94e883c2a3cfd902d4769dca4bdb0507d97d0875aced767101c29,1617306841,candidate_layering,,,1
0x722122df12d4e14e13ac3b6895a86e84145b6967,0x910cbd523d972eb0a6f4cae4618ad62622b39dbf,internal_eth,10.0,0x839081604af8f41552a6c2b51b7680121c005f4df94dcf7e9a02a756126c0559,1617306918,candidate_layering,,,1
0x722122df12d4e14e13ac3b6895a86e84145b6967,0xa160cdab225685da1d56aa342ad8841c3b53f291,internal_eth,100.0,0x167df5db4107566d2e8623e95a51b7713f5e0b65e8efa44bc181e053f207e2db,1617307612,candidate_layering,,,1
0x722122df12d4e14e13ac3b6895a86e84145b6967,0xa160cdab225685da1d56aa342ad8841c3b53f291,internal_eth,100.0,0xb62b375b56e0b6f0a641cb95a5b5bb45793ce6a7c7a0da09ab63fb061e4806ad,1617308612,candidate_layering,,,1
0x722122df12d4e14e13ac3b6895a86e84145b6967,0x910cbd523d972eb0a6f4cae4618ad62622b39dbf,internal_eth,10.0,0x80e9ec94bef3d59ba0071fdc4c67e86743096fb9d5c9457797a64bb363fde94f,1617310945,candidate_layering,,,1
0x722122df12d4e14e13ac3b6895a86e84145b6967,0x12d66f87a04a9e220743712ce6d9bb1b5616b8fc,internal_eth,0.1,0x29d8b0ebe88bfe08c1b81bcf8f1b5edc616ae972de16aa4f0e1205f4423838b4,1617312370,candidate_layering,,,1
0x722122df12d4e14e13ac3b6895a86e84145b6967,0xa160cdab225685da1d56aa342ad8841c3b53f291,internal_eth,100.0,0x9390bdf2cd67153c9e3f1c713be28501a728467a557c201bf9b335212e90fa63,1617312631,candidate_layering,,,1
0x722122df12d4e14e13ac3b6895a86e84145b6967,0x910cbd523d972eb0a6f4cae4618ad62622b39dbf,internal_eth,10.0,0xa14ce5bdbda6bd7d95a055452f5003fd4439ab79230c7b349872e3d8a9cfcafa,1617313217,candidate_layering,,,1
0x722122df12d4e14e13ac3b6895a86e84145b6967,0x910cbd523d972eb0a6f4cae4618ad62622b39dbf,internal_eth,10.0,0xab2ddb391797620737aac2acf85598621203482451cb5acbb0a1f3e1efb57ad8,1617314338,candidate_layering,,,1
0x722122df12d4e14e13ac3b6895a86e84145b6967,0x910cbd523d972eb0a6f4cae4618ad62622b39dbf,internal_eth,10.0,0x22cd4ff6ecbce7b2d7da208072125c8d1c3b85cab98e2d4d081bba92e6e8631d,1617314338,candidate_layering,,,1
0x722122df12d4e14e13ac3b6895a86e84145b6967,0x910cbd523d972eb0a6f4cae4618ad62622b39dbf,internal_eth,10.0,0xbc111e0c71613f0098ae14ec57eb34969d210b633081aa5a46d8b28d7426c784,1617314338,candidate_layering,,,1
0x722122df12d4e14e13ac3b6895a86e84145b6967,0x910cbd523d972eb0a6f4cae4618ad62622b39dbf,internal_eth,10.0,0x74b7b095133e008028fe37cbcea10f0136a60e012a99fe2ede56b5bd9a218803,1617314338,candidate_layering,,,1
0x722122df12d4e14e13ac3b6895a86e84145b6967,0x910cbd523d972eb0a6f4cae4618ad62622b39dbf,internal_eth,10.0,0xb1def7723108495d5707edd64e9b0a3175af022933dc5963eb7a4867459945b5,1617314338,candidate_layering,,,1
0x722122df12d4e14e13ac3b6895a86e84145b6967,0x910cbd523d972eb0a6f4cae4618ad62622b39dbf,internal_eth,10.0,0xe7f5efb3f2eb5d94d86f5944e382060472e6833fe7934f5733ad47d9eba2d934,1617314388,candidate_layering,,,1
0x722122df12d4e14e13ac3b6895a86e84145b6967,0x910cbd523d972eb0a6f4cae4618ad62622b39dbf,internal_eth,10.0,0x6e7a8c78944f523b0714f2fa49576d85763428b5dbe907f696a9076e92bf1869,1617314407,candidate_layering,,,1
0x722122df12d4e14e13ac3b6895a86e84145b6967,0x910cbd523d972eb0a6f4cae4618ad62622b39dbf,internal_eth,10.0,0x4b00347aa0247ed6fb9c17abe537c80b6c3d411164f930546c7df5bbd059b0a9,1617314482,candidate_layering,,,1
0x722122df12d4e14e13ac3b6895a86e84145b6967,0x47ce0c6ed5b0ce3d3a51fdb1c52dc66a7c3c2936,internal_eth,1.0,0x946aeeb3030cee4a724091f508c069b8da64cdc7434389331c6aa01469a81a1b,1617314697,candidate_layering,,,1
0x722122df12d4e14e13ac3b6895a86e84145b6967,0x910cbd523d972eb0a6f4cae4618ad62622b39dbf,internal_eth,10.0,0x4cc2c9cc09f12e9e0bf3710361a5ec6714599219da398f3e36c409e0ab8812e2,1617314778,candidate_layering,,,1
0x722122df12d4e14e13ac3b6895a86e84145b6967,0x47ce0c6ed5b0ce3d3a51fdb1c52dc66a7c3c2936,internal_eth,1.0,0x478d37540e2af47e2b154622322dd3396c8a5a4c6b4099633a990e9e5821519d,1617314784,candidate_layering,,,1
0x722122df12d4e14e13ac3b6895a86e84145b6967,0xa160cdab225685da1d56aa342ad8841c3b53f291,internal_eth,100.0,0x8ce6462171efdc300cabc81419b94186e4cf420c80d2240ebb1fb99e3e484897,1617315297,candidate_layering,,,1
0x722122df12d4e14e13ac3b6895a86e84145b6967,0xa160cdab225685da1d56aa342ad8841c3b53f291,internal_eth,100.0,0x36b5bb60da81d6a1c810e08d6b6ab5c36ee5cb4cd1e47f98388b72e25856d4c4,1617315367,candidate_layering,,,1
0x722122df12d4e14e13ac3b6895a86e84145b6967,0xa160cdab225685da1d56aa342ad8841c3b53f291,internal_eth,100.0,0xd64f2c8f45a6b7e9d8609c205f6692bd3995e9c70bb2e0027ca43d7d0deaaef2,1617315501,candidate_layering,,,1
0x722122df12d4e14e13ac3b6895a86e84145b6967,0xa160cdab225685da1d56aa342ad8841c3b53f291,internal_eth,100.0,0x8585baef58436ebb746922a81bb2d3580493f8f6be88094ac28865f06607bd91,1617315647,candidate_layering,,,1
0x722122df12d4e14e13ac3b6895a86e84145b6967,0xa160cdab225685da1d56aa342ad8841c3b53f291,internal_eth,100.0,0x14369e70228ab19d1e4301487912e8f782ce2e2e207b26bfda9afe313d3f604a,1617315661,candidate_layering,,,1
0x722122df12d4e14e13ac3b6895a86e84145b6967,0xa160cdab225685da1d56aa342ad8841c3b53f291,internal_eth,100.0,0x6cacfcc0fbccfeadd50bbc604c363afedd5f0e71e1cdaf0719902dbbd4a3d694,1617315763,candidate_layering,,,1
0x722122df12d4e14e13ac3b6895a86e84145b6967,0xa160cdab225685da1d56aa342ad8841c3b53f291,internal_eth,100.0,0x4a740291fba59f560f62497be74a9b4b44659c57b1c48819bfa9df27efe250cd,1617316340,candidate_layering,,,1
0x722122df12d4e14e13ac3b6895a86e84145b6967,0x910cbd523d972eb0a6f4cae4618ad62622b39dbf,internal_eth,10.0,0x56c116082724f8ed9c5935c03ea661531dc21db0a4af5244aba731f479158fce,1617316355,candidate_layering,,,1
0x722122df12d4e14e13ac3b6895a86e84145b6967,0x910cbd523d972eb0a6f4cae4618ad62622b39dbf,internal_eth,10.0,0xd6a8b666f51c65c7b2e756ab4fdbfaed09395110ed85dd7d377e694d66550207,1617317752,candidate_layering,,,1
0x722122df12d4e14e13ac3b6895a86e84145b6967,0x910cbd523d972eb0a6f4cae4618ad62622b39dbf,internal_eth,10.0,0x134d55773d293587107e18cb1e3a4b8086f3e6d88daeb197c7b3677be4c22185,1617317872,candidate_layering,,,1
0x722122df12d4e14e13ac3b6895a86e84145b6967,0x47ce0c6ed5b0ce3d3a51fdb1c52dc66a7c3c2936,internal_eth,1.0,0x032bf24c6213144686aaee4765e9f367822d3ee82ba4f78c429764dcb887627c,1617318600,candidate_layering,,,1
0x722122df12d4e14e13ac3b6895a86e84145b6967,0x12d66f87a04a9e220743712ce6d9bb1b5616b8fc,internal_eth,0.1,0xb9e8362b590f65feec93468b0946a9d842d38fb55ebb4317a265df879129e40e,1617319164,candidate_layering,,,1
0x722122df12d4e14e13ac3b6895a86e84145b6967,0x47ce0c6ed5b0ce3d3a51fdb1c52dc66a7c3c2936,internal_eth,1.0,0x67155e15ffa42a8b07ad365cd55121b932a3e6560c56acad87ac147d1d63c34d,1617320892,candidate_layering,,,1
0x722122df12d4e14e13ac3b6895a86e84145b6967,0x910cbd523d972eb0a6f4cae4618ad62622b39dbf,internal_eth,10.0,0xb4fc2bfade59e534394165fdca1e5c03eeba81fd432368e1159438a9fb6e62e8,1617321002,candidate_layering,,,1
0x722122df12d4e14e13ac3b6895a86e84145b6967,0x910cbd523d972eb0a6f4cae4618ad62622b39dbf,internal_eth,10.0,0x03d48085e19c07f1c47318dbe54a0795a303fe0780d6538ab34eeead2a3141d5,1617321304,candidate_layering,,,1
0x722122df12d4e14e13ac3b6895a86e84145b6967,0x910cbd523d972eb0a6f4cae4618ad62622b39dbf,internal_eth,10.0,0xad203512b8a011aa75f010df55adba51566e6615e46189d012604ea3948fc9e5,1617321856,candidate_layering,,,1
0x722122df12d4e14e13ac3b6895a86e84145b6967,0x12d66f87a04a9e220743712ce6d9bb1b5616b8fc,internal_eth,0.1,0xff99dee9b7272f0b6537303aab5ef5d24ffdbff7a5b0ffd7fc1195f9df620218,1617323121,candidate_layering,,,1
0x722122df12d4e14e13ac3b6895a86e84145b6967,0xa160cdab225685da1d56aa342ad8841c3b53f291,internal_eth,100.0,0x84be74abf6d339a4741a707c08d23d30976dc4581ce11c6430f69a6ea6e1eb3f,1617323408,candidate_layering,,,1
0x722122df12d4e14e13ac3b6895a86e84145b6967,0xa160cdab225685da1d56aa342ad8841c3b53f291,internal_eth,100.0,0xcc28af53b76850331b8cfc65f5143c6225768187873b3a7e374dfa3764bf7cac,1617325201,candidate_layering,,,1
0x722122df12d4e14e13ac3b6895a86e84145b6967,0x47ce0c6ed5b0ce3d3a51fdb1c52dc66a7c3c2936,internal_eth,1.0,0x619794bacfdf03c005e8123d46d177c3635ef473a0eeb0f5ad5cb3b597fb5e9a,1617326079,candidate_layering,,,1
0x722122df12d4e14e13ac3b6895a86e84145b6967,0xa160cdab225685da1d56aa342ad8841c3b53f291,internal_eth,100.0,0x05f98c895d6ab277790877ce620b32f2d42d6a56f5378a6e868044e75d2fcc6d,1617326343,candidate_layering,,,1
0x722122df12d4e14e13ac3b6895a86e84145b6967,0xa160cdab225685da1d56aa342ad8841c3b53f291,internal_eth,100.0,0x461b6fad301dd30364a205de5935f594a69f1bf0edc215a0e9a7408f08c51f4e,1617326380,candidate_layering,,,1
0x722122df12d4e14e13ac3b6895a86e84145b6967,0x47ce0c6ed5b0ce3d3a51fdb1c52dc66a7c3c2936,internal_eth,1.0,0x7bc11ca9525f8b9e72c2006e8cb15126350de5659df78daa0024c6f3f13033f9,1617326475,candidate_layering,,,1
0x722122df12d4e14e13ac3b6895a86e84145b6967,0x47ce0c6ed5b0ce3d3a51fdb1c52dc66a7c3c2936,internal_eth,1.0,0xf5bbe4afb8e35895de468c26b2dd1d4d555ae1e44d669883bd408937e210a6c5,1617326475,candidate_layering,,,1
0x722122df12d4e14e13ac3b6895a86e84145b6967,0x47ce0c6ed5b0ce3d3a51fdb1c52dc66a7c3c2936,internal_eth,1.0,0x14174767c52f7f03f28a6ea8cb0d6efd2fd240251786818c046cceb0c4a753fc,1617326481,candidate_layering,,,1
0x722122df12d4e14e13ac3b6895a86e84145b6967,0x47ce0c6ed5b0ce3d3a51fdb1c52dc66a7c3c2936,internal_eth,1.0,0x839712e15f23c67e1ebca6c6b27bdc58a6f735ff7952b266e45c73d424789657,1617326481,candidate_layering,,,1
0x722122df12d4e14e13ac3b6895a86e84145b6967,0x910cbd523d972eb0a6f4cae4618ad62622b39dbf,internal_eth,10.0,0xe59bec89e394e6f20aa8c57036819150cd3101f648634d59d3e4c4658c25b01a,1617326620,candidate_layering,,,1
0x722122df12d4e14e13ac3b6895a86e84145b6967,0x910cbd523d972eb0a6f4cae4618ad62622b39dbf,internal_eth,10.0,0x1225903d0a1a9931388655c2cfc58aec6a7a9bf9add823c4d846c260ff6cb970,1617326692,candidate_layering,,,1
0x722122df12d4e14e13ac3b6895a86e84145b6967,0x910cbd523d972eb0a6f4cae4618ad62622b39dbf,internal_eth,10.0,0xaf36e8e758679e2f9da90c03d58dbc09f7a39d8534c309d93ccd30ab3eda8f40,1617326780,candidate_layering,,,1
0x722122df12d4e14e13ac3b6895a86e84145b6967,0x910cbd523d972eb0a6f4cae4618ad62622b39dbf,internal_eth,10.0,0x76eca782c459d35636a53de058856da108a21e60ad645c8da6c992d869921e0a,1617326908,candidate_layering,,,1
0x722122df12d4e14e13ac3b6895a86e84145b6967,0x910cbd523d972eb0a6f4cae4618ad62622b39dbf,internal_eth,10.0,0x2fde4fa58a21761bb7dd8b2e1e86f71be5fdd5c22b082f24d31ea6805509cd1e,1617327060,candidate_layering,,,1
0x722122df12d4e14e13ac3b6895a86e84145b6967,0x910cbd523d972eb0a6f4cae4618ad62622b39dbf,internal_eth,10.0,0x69c4663645f9ede222fcc0ef39ed4d288305a6cc2e0d832363b6c016d31f5f3a,1617327153,candidate_layering,,,1
0x722122df12d4e14e13ac3b6895a86e84145b6967,0x910cbd523d972eb0a6f4cae4618ad62622b39dbf,internal_eth,10.0,0x761acfa388e39069fd6777538c02a89ba5c84b2e3ef4cdd6918ecec090681741,1617327253,candidate_layering,,,1
0x722122df12d4e14e13ac3b6895a86e84145b6967,0x910cbd523d972eb0a6f4cae4618ad62622b39dbf,internal_eth,10.0,0x7d2f57d2d7851872642a257cdc683f60aa2952245a413c5377f84defa2c9d424,1617327369,candidate_layering,,,1
0x722122df12d4e14e13ac3b6895a86e84145b6967,0x910cbd523d972eb0a6f4cae4618ad62622b39dbf,internal_eth,10.0,0xdbb4708e8de03dc232f00538aaf8ec5ba50502cd1a907c302db3d88a3cafc852,1617327469,candidate_layering,,,1
0x722122df12d4e14e13ac3b6895a86e84145b6967,0xa160cdab225685da1d56aa342ad8841c3b53f291,internal_eth,100.0,0x2259c376a9a7f1b37609278bf37c56494ad278f1b78e8057072e4d10c08d8ce2,1617329226,candidate_layering,,,1
0x722122df12d4e14e13ac3b6895a86e84145b6967,0x910cbd523d972eb0a6f4cae4618ad62622b39dbf,internal_eth,10.0,0xa10ca5c65408714ba3156e6cf8147ff7ab300915793dae6976aab436e87192eb,1617329386,candidate_layering,,,1
0x722122df12d4e14e13ac3b6895a86e84145b6967,0x910cbd523d972eb0a6f4cae4618ad62622b39dbf,internal_eth,10.0,0x7acd981b205fc4bd5c9da77dfbba64a5bbb7abc421e9217dd3368d6260ecf567,1617331516,candidate_layering,,,1
0x722122df12d4e14e13ac3b6895a86e84145b6967,0x910cbd523d972eb0a6f4cae4618ad62622b39dbf,internal_eth,10.0,0x4dea415a0572a75b7a81536f5c6f463734219e6207f87fc600fec365f555a523,1617332067,candidate_layering,,,1
0x722122df12d4e14e13ac3b6895a86e84145b6967,0xa160cdab225685da1d56aa342ad8841c3b53f291,internal_eth,100.0,0xf57a976e9072386e6eccc62534725e3133ffe418086b3763b43e51c58397e280,1617332196,candidate_layering,,,1
0x722122df12d4e14e13ac3b6895a86e84145b6967,0x47ce0c6ed5b0ce3d3a51fdb1c52dc66a7c3c2936,internal_eth,1.0,0x32671aa04d0d73feaecfa9a1200559e8de2a1306f4a528f1fab3675350261f0b,1617332937,candidate_layering,,,1
0x722122df12d4e14e13ac3b6895a86e84145b6967,0xa160cdab225685da1d56aa342ad8841c3b53f291,internal_eth,100.0,0x975841e0bf2650786b9b88cb9bc1af4ddecc21a8cfb22483c10b53a847b8abd6,1617332937,candidate_layering,,,1
0x722122df12d4e14e13ac3b6895a86e84145b6967,0x910cbd523d972eb0a6f4cae4618ad62622b39dbf,internal_eth,10.0,0x5369415e117603c745e4e6ba459c2fed26f6b178799766e4bd534a717ef476ce,1617333935,candidate_layering,,,1
0x722122df12d4e14e13ac3b6895a86e84145b6967,0xa160cdab225685da1d56aa342ad8841c3b53f291,internal_eth,100.0,0x6532fbb235a8d0616174d03f12701d7fa9dd6abffd975c307b812bfd8ae14401,1617334115,candidate_layering,,,1
0x722122df12d4e14e13ac3b6895a86e84145b6967,0xa160cdab225685da1d56aa342ad8841c3b53f291,internal_eth,100.0,0x1d792da95275fac377684b8044c40518f18bb76a95c56668f46398f7940ca65e,1617334172,candidate_layering,,,1
0x722122df12d4e14e13ac3b6895a86e84145b6967,0xa160cdab225685da1d56aa342ad8841c3b53f291,internal_eth,100.0,0x54ce2a9746a6060ffdc62a91c7ddb6a50999888bc2f832790be1909665e53c76,1617334185,candidate_layering,,,1
0x722122df12d4e14e13ac3b6895a86e84145b6967,0xa160cdab225685da1d56aa342ad8841c3b53f291,internal_eth,100.0,0x6e92838046d86162cc36ecc63746730d8890d7383fdf11e906eb880470e15711,1617334198,candidate_layering,,,1
0x722122df12d4e14e13ac3b6895a86e84145b6967,0xa160cdab225685da1d56aa342ad8841c3b53f291,internal_eth,100.0,0xc97d62505c5ba82d7726f96bcc337af28c83051d21a0ae948a21c0a70bfa9077,1617334304,candidate_layering,,,1
0x722122df12d4e14e13ac3b6895a86e84145b6967,0x910cbd523d972eb0a6f4cae4618ad62622b39dbf,internal_eth,10.0,0x8b12d35a0c73b38508c1fcfcc13e883c04463b566e9a2bec1970266554fb0ba7,1617334456,candidate_layering,,,1
0x722122df12d4e14e13ac3b6895a86e84145b6967,0x910cbd523d972eb0a6f4cae4618ad62622b39dbf,internal_eth,10.0,0x3abadb815e630e203d18d0630d04768a922fb340eff78a743a496b8e4f7a7b25,1617334483,candidate_layering,,,1
0x722122df12d4e14e13ac3b6895a86e84145b6967,0x47ce0c6ed5b0ce3d3a51fdb1c52dc66a7c3c2936,internal_eth,1.0,0xde5e2c71f4a8b80efc706d8adbdb008b63f2d49a57fd69c49a2983bb111f0ac3,1617334522,candidate_layering,,,1
0x722122df12d4e14e13ac3b6895a86e84145b6967,0x47ce0c6ed5b0ce3d3a51fdb1c52dc66a7c3c2936,internal_eth,1.0,0x1fb081697702feec144b2cb96fc3b12ca87d8f2f6887267ffc2d67d1fcbcdb08,1617335827,candidate_layering,,,1
0x722122df12d4e14e13ac3b6895a86e84145b6967,0x47ce0c6ed5b0ce3d3a51fdb1c52dc66a7c3c2936,internal_eth,1.0,0xc583b029bb487913472d71e2fb133a328f16fb420dc35d044885ce1454a7b73c,1617335827,candidate_layering,,,1
0x722122df12d4e14e13ac3b6895a86e84145b6967,0x47ce0c6ed5b0ce3d3a51fdb1c52dc66a7c3c2936,internal_eth,1.0,0x63802178d573e08ad57593991732b74ce69d69b10d63cfea3b6c6c41d49246a9,1617335827,candidate_layering,,,1
0x722122df12d4e14e13ac3b6895a86e84145b6967,0x47ce0c6ed5b0ce3d3a51fdb1c52dc66a7c3c2936,internal_eth,1.0,0x2432901e066e86a521ee229821dd43d65c3d0d5ca5977c559bff0a97afa3163c,1617335827,candidate_layering,,,1
0x722122df12d4e14e13ac3b6895a86e84145b6967,0xa160cdab225685da1d56aa342ad8841c3b53f291,internal_eth,100.0,0xf588fdeb60460dcef7961da8af94726cc9b6c193e0339a4643930bd42dc030cd,1617337229,candidate_layering,,,1
0x722122df12d4e14e13ac3b6895a86e84145b6967,0xa160cdab225685da1d56aa342ad8841c3b53f291,internal_eth,100.0,0x0722fd4ce441bb1b223bf9f55adf407d2b415ead72024228b08e32dc0fedf72a,1617337382,candidate_layering,,,1
0x722122df12d4e14e13ac3b6895a86e84145b6967,0xa160cdab225685da1d56aa342ad8841c3b53f291,internal_eth,100.0,0x6bafbf08b218d56e878af6365b8ff62e5d8fc870fdfedaed9ec41ea0fed8cd9b,1617337382,candidate_layering,,,1
0x722122df12d4e14e13ac3b6895a86e84145b6967,0xa160cdab225685da1d56aa342ad8841c3b53f291,internal_eth,100.0,0xc7c442c108c3bd8e40aaadaf60243ffbe9f0ab5a8a0fa13ee3811b8db83e9147,1617337382,candidate_layering,,,1
0x722122df12d4e14e13ac3b6895a86e84145b6967,0xa160cdab225685da1d56aa342ad8841c3b53f291,internal_eth,100.0,0x1165e7c5f0cfe014457f4d955f9145f18f3f7513101664628079a2bc835d6f46,1617337382,candidate_layering,,,1
0x722122df12d4e14e13ac3b6895a86e84145b6967,0x910cbd523d972eb0a6f4cae4618ad62622b39dbf,internal_eth,10.0,0xa8db6f747b8fb2f57bb787807b633b0c1bae90e50de693e2816c068c89cbd8ad,1617337421,candidate_layering,,,1
0x722122df12d4e14e13ac3b6895a86e84145b6967,0x12d66f87a04a9e220743712ce6d9bb1b5616b8fc,internal_eth,0.1,0x7dc91ea5e2c70c1c86d732635d18474adb57c3f878854a722149ec212fdd1da3,1617338030,candidate_layering,,,1
0x722122df12d4e14e13ac3b6895a86e84145b6967,0xa160cdab225685da1d56aa342ad8841c3b53f291,internal_eth,100.0,0x48e2ed61eeb928703486e319738b77ad22233301ae0bc2cb34fb8edb02a30341,1617338241,candidate_layering,,,1
0x722122df12d4e14e13ac3b6895a86e84145b6967,0x47ce0c6ed5b0ce3d3a51fdb1c52dc66a7c3c2936,internal_eth,1.0,0xa5a2596b7b7921ec5debacc51c1d39f481d11d67fc5973950daf26b135625668,1617338321,candidate_layering,,,1
0x722122df12d4e14e13ac3b6895a86e84145b6967,0x47ce0c6ed5b0ce3d3a51fdb1c52dc66a7c3c2936,internal_eth,1.0,0xae5052337e72685d74a3dea166fb90dd15f32edfa61b9153a195122e4c53a6f4,1617338344,candidate_layering,,,1
0x722122df12d4e14e13ac3b6895a86e84145b6967,0x47ce0c6ed5b0ce3d3a51fdb1c52dc66a7c3c2936,internal_eth,1.0,0xd35c4d4aaba6f1469348fecdcaf80228067d2e963c8fd9f3f4949bf7b0e3ba8c,1617338362,candidate_layering,,,1
0x722122df12d4e14e13ac3b6895a86e84145b6967,0x12d66f87a04a9e220743712ce6d9bb1b5616b8fc,internal_eth,0.1,0x66935b04dec80ae151f4484beb59d357a127e40d3d4b0a24730cb0d44a64b902,1617338449,candidate_layering,,,1
0x722122df12d4e14e13ac3b6895a86e84145b6967,0x12d66f87a04a9e220743712ce6d9bb1b5616b8fc,internal_eth,0.1,0xa4f3d6511ed43c59878b885cdafdc9f024c0b4a102969f750093fffb82244ac0,1617338513,candidate_layering,,,1
0x722122df12d4e14e13ac3b6895a86e84145b6967,0x12d66f87a04a9e220743712ce6d9bb1b5616b8fc,internal_eth,0.1,0x0d031a227879c66cb6b123cda4b92845c174864d621015106e397b97aae32c04,1617338513,candidate_layering,,,1
0x722122df12d4e14e13ac3b6895a86e84145b6967,0x910cbd523d972eb0a6f4cae4618ad62622b39dbf,internal_eth,10.0,0x21ee39c5daf499a9fc850a5f60b84a58a6b54b34febb985b1b76e721ba3a0976,1617339403,candidate_layering,,,1
0x722122df12d4e14e13ac3b6895a86e84145b6967,0xa160cdab225685da1d56aa342ad8841c3b53f291,internal_eth,100.0,0x00aa03585ad238e36f17d63b7f6e83b1df9cd563c76060824e1a675e328724b0,1617339423,candidate_layering,,,1
0x722122df12d4e14e13ac3b6895a86e84145b6967,0xa160cdab225685da1d56aa342ad8841c3b53f291,internal_eth,100.0,0xe4c964d2239bbfe4c316eff971dd4c8b2e3b851bd4db28ba21c278c048a96de0,1617339541,candidate_layering,,,1
0x722122df12d4e14e13ac3b6895a86e84145b6967,0x47ce0c6ed5b0ce3d3a51fdb1c52dc66a7c3c2936,internal_eth,1.0,0x5d20725805c7c4d24b223c4b6e99bd5d6383a8d8aa4ff82840d5cabf14ef568f,1617340253,candidate_layering,,,1
0x722122df12d4e14e13ac3b6895a86e84145b6967,0x47ce0c6ed5b0ce3d3a51fdb1c52dc66a7c3c2936,internal_eth,1.0,0x5327122c12530c16c1f13a84b8d70d6d14f8ba0f36adb804b33fa4c7f6ca0107,1617340259,candidate_layering,,,1
0x722122df12d4e14e13ac3b6895a86e84145b6967,0x47ce0c6ed5b0ce3d3a51fdb1c52dc66a7c3c2936,internal_eth,1.0,0xef183de4c18d9c74d6e85b6fc00af581a6d4628698476d21fdf1b36ad09c5b14,1617340259,candidate_layering,,,1
0x722122df12d4e14e13ac3b6895a86e84145b6967,0x47ce0c6ed5b0ce3d3a51fdb1c52dc66a7c3c2936,internal_eth,1.0,0x2b077eca2e4851306c2fdee78bfd61249a9e94344189b339fa58561f7183296b,1617340263,candidate_layering,,,1
0x722122df12d4e14e13ac3b6895a86e84145b6967,0x47ce0c6ed5b0ce3d3a51fdb1c52dc66a7c3c2936,internal_eth,1.0,0x1013f0c18002e056f7404a1a6fbaf10634b5f56df24d2c8f80c0d34a0ff6dc88,1617340506,candidate_layering,,,1
0x722122df12d4e14e13ac3b6895a86e84145b6967,0x47ce0c6ed5b0ce3d3a51fdb1c52dc66a7c3c2936,internal_eth,1.0,0x1db86fdfef39795818003f34586d2da82081c1076190fc899cd4bc81ce18400e,1617341380,candidate_layering,,,1
0x722122df12d4e14e13ac3b6895a86e84145b6967,0x910cbd523d972eb0a6f4cae4618ad62622b39dbf,internal_eth,10.0,0xb47c166243b84727c60deee935da554c358f972cebd45717c4b0508fff285960,1617341837,candidate_layering,,,1
0x722122df12d4e14e13ac3b6895a86e84145b6967,0x47ce0c6ed5b0ce3d3a51fdb1c52dc66a7c3c2936,internal_eth,1.0,0x4ee33b22dd38b256f43691020901ba22f9eede4f706ad8d1a9d43c7004dccce7,1617343378,candidate_layering,,,1
0x722122df12d4e14e13ac3b6895a86e84145b6967,0x910cbd523d972eb0a6f4cae4618ad62622b39dbf,internal_eth,10.0,0x6a80a12e9f21fb1c30f8593d697cc207a0aadf4d011255320255c462164fc852,1617344371,candidate_layering,,,1
0x722122df12d4e14e13ac3b6895a86e84145b6967,0x910cbd523d972eb0a6f4cae4618ad62622b39dbf,internal_eth,10.0,0x43120a435d2f2d18d2674e7ed127a3727e7ea76b6ace320d76c1957f51d6ef70,1617344371,candidate_layering,,,1
0x722122df12d4e14e13ac3b6895a86e84145b6967,0x910cbd523d972eb0a6f4cae4618ad62622b39dbf,internal_eth,10.0,0x78a250fd9b1da24f4fc91ec8b5e069133962c8181af1864dc4be58b327980fdc,1617344371,candidate_layering,,,1
0x722122df12d4e14e13ac3b6895a86e84145b6967,0x910cbd523d972eb0a6f4cae4618ad62622b39dbf,internal_eth,10.0,0x96900c5eec3696058fe54fa89706be2f631fe2ec843e38bd05e75edb4d492d13,1617345783,candidate_layering,,,1
0x722122df12d4e14e13ac3b6895a86e84145b6967,0xa160cdab225685da1d56aa342ad8841c3b53f291,internal_eth,100.0,0x1fa2feee91ee8da6771a71fe2fe001e15af342aac23ef65502bfeb121f952581,1617346238,candidate_layering,,,1
0x722122df12d4e14e13ac3b6895a86e84145b6967,0x910cbd523d972eb0a6f4cae4618ad62622b39dbf,internal_eth,10.0,0x57d5a41167e4ee65e39b087851650c625a93a84b777a5bcb72c866c2d3aff236,1617346923,candidate_layering,,,1
0x722122df12d4e14e13ac3b6895a86e84145b6967,0x47ce0c6ed5b0ce3d3a51fdb1c52dc66a7c3c2936,internal_eth,1.0,0x0c14c992cc6bc1f5dfe7d3f3a5b46289f251cc6dc575d7a158951a41690b5a68,1617347255,candidate_layering,,,1
0x722122df12d4e14e13ac3b6895a86e84145b6967,0x910cbd523d972eb0a6f4cae4618ad62622b39dbf,internal_eth,10.0,0x6de27cc74fe461dd5234fc1fa9bf64036081e3cf853089c356b7e631d60f69e1,1617349410,candidate_layering,,,1
0x722122df12d4e14e13ac3b6895a86e84145b6967,0x910cbd523d972eb0a6f4cae4618ad62622b39dbf,internal_eth,10.0,0xb65a00327842fa27ce5954550a26727edff2a7156ffc7ba1098e46242298a906,1617349592,candidate_layering,,,1
0x722122df12d4e14e13ac3b6895a86e84145b6967,0x910cbd523d972eb0a6f4cae4618ad62622b39dbf,internal_eth,10.0,0xe867ee42e68535098071685a3c8f3652e912922b470836ab49981266af09ad0f,1617350937,candidate_layering,,,1
0x722122df12d4e14e13ac3b6895a86e84145b6967,0xa160cdab225685da1d56aa342ad8841c3b53f291,internal_eth,100.0,0x91b94331b5a008a1ba98daaf1e9172242fdf1525d72cb7b814e8a8f3de93f0be,1617351261,candidate_layering,,,1
0x722122df12d4e14e13ac3b6895a86e84145b6967,0x910cbd523d972eb0a6f4cae4618ad62622b39dbf,internal_eth,10.0,0xd3ba84a2c1d11cfcd474fd7f6c4d5b6fc5164c44ae7a67e3d2af1ab63df2dcdf,1617354750,candidate_layering,,,1
0x722122df12d4e14e13ac3b6895a86e84145b6967,0x910cbd523d972eb0a6f4cae4618ad62622b39dbf,internal_eth,10.0,0x3bb8f9d6548018f46e1db27df0c2b317f22bf3b38bd7deed6963e4bf4d9fdefe,1617354759,candidate_layering,,,1
0x722122df12d4e14e13ac3b6895a86e84145b6967,0xa160cdab225685da1d56aa342ad8841c3b53f291,internal_eth,100.0,0xd0ef37ba22381b7f74e0b9dad742495e8061cdba74b55db5f65cd9d5d1c7ad62,1617355034,candidate_layering,,,1
0x722122df12d4e14e13ac3b6895a86e84145b6967,0x910cbd523d972eb0a6f4cae4618ad62622b39dbf,internal_eth,10.0,0x97cce48835ada5937c3a1d88789498c9be9587bd9966d70d0054089935ed8f6a,1617355049,candidate_layering,,,1
0x722122df12d4e14e13ac3b6895a86e84145b6967,0x910cbd523d972eb0a6f4cae4618ad62622b39dbf,internal_eth,10.0,0xc662b4fc8cd93f27dedacd20c532b0f9d5eadbcf6d33e89b1ff195b83038e03e,1617355347,candidate_layering,,,1
0x722122df12d4e14e13ac3b6895a86e84145b6967,0xa160cdab225685da1d56aa342ad8841c3b53f291,internal_eth,100.0,0x430bf9eac001345d2913f02b02143314cf3383d978e2e642e790953d79549f14,1617356021,candidate_layering,,,1
0x722122df12d4e14e13ac3b6895a86e84145b6967,0x910cbd523d972eb0a6f4cae4618ad62622b39dbf,internal_eth,10.0,0xc596855b48c0d37de0f7d122cf35bf405d6803323c33ff43c6581ede97637588,1617356248,candidate_layering,,,1
0x722122df12d4e14e13ac3b6895a86e84145b6967,0x47ce0c6ed5b0ce3d3a51fdb1c52dc66a7c3c2936,internal_eth,1.0,0x44f5bdf39022dceefc9e82e8b182ffdceabfa1d9126dbe20c066665028dd4e00,1617356822,candidate_layering,,,1
0x722122df12d4e14e13ac3b6895a86e84145b6967,0x910cbd523d972eb0a6f4cae4618ad62622b39dbf,internal_eth,10.0,0x4ad08d783f0fabd87c2cccd0684189113933f3db4a151c68293d37caa8474303,1617358424,candidate_layering,,,1
0x722122df12d4e14e13ac3b6895a86e84145b6967,0x47ce0c6ed5b0ce3d3a51fdb1c52dc66a7c3c2936,internal_eth,1.0,0x4065fc42d2e359ced0353e4cb96198f864a4fc625a3a1dc893633254bfa706b9,1617359216,candidate_layering,,,1
0x722122df12d4e14e13ac3b6895a86e84145b6967,0x47ce0c6ed5b0ce3d3a51fdb1c52dc66a7c3c2936,internal_eth,1.0,0x300b3988d9ce0f0cdf37bb914f45511d62fb6b384a1a8d300e01ad9e5d480348,1617359335,candidate_layering,,,1
0x722122df12d4e14e13ac3b6895a86e84145b6967,0x47ce0c6ed5b0ce3d3a51fdb1c52dc66a7c3c2936,internal_eth,1.0,0x9ec961364070a59c9801ec8c708422b7c31521020c5159ad8a93a20ea9625d14,1617359506,candidate_layering,,,1
0x722122df12d4e14e13ac3b6895a86e84145b6967,0xa160cdab225685da1d56aa342ad8841c3b53f291,internal_eth,100.0,0x74176963901b208b541817118aa96f360926e8de91a5ef7762fa9b39802d2757,1617359726,candidate_layering,,,1
0x722122df12d4e14e13ac3b6895a86e84145b6967,0x910cbd523d972eb0a6f4cae4618ad62622b39dbf,internal_eth,10.0,0x2d25cc00ad5118bd033cc32f958b132a71fcb1d8bdd2cd668825a96f2c37a127,1617361403,candidate_layering,,,1
0x722122df12d4e14e13ac3b6895a86e84145b6967,0xa160cdab225685da1d56aa342ad8841c3b53f291,internal_eth,100.0,0xa9a5fff00c79c92472fe88cfd924bd54c05a9ece532538f0e17f0b26ecf774cd,1617361782,candidate_layering,,,1
0x722122df12d4e14e13ac3b6895a86e84145b6967,0xa160cdab225685da1d56aa342ad8841c3b53f291,internal_eth,100.0,0xbbac3fae68dde75c9831b36f1af4fa0a35e171d5df75256318e5f0da5c585e93,1617361894,candidate_layering,,,1
0x722122df12d4e14e13ac3b6895a86e84145b6967,0xa160cdab225685da1d56aa342ad8841c3b53f291,internal_eth,100.0,0xbd07af359339cc0ae3a823c60e2e3efe07e7d2a2818149de9fd5047eca1fe3d0,1617361894,candidate_layering,,,1
0x722122df12d4e14e13ac3b6895a86e84145b6967,0xa160cdab225685da1d56aa342ad8841c3b53f291,internal_eth,100.0,0x855022b57004d75fef6e21bccb061b2de4491440b320ad7370967833f28f44f7,1617361894,candidate_layering,,,1
0x722122df12d4e14e13ac3b6895a86e84145b6967,0xa160cdab225685da1d56aa342ad8841c3b53f291,internal_eth,100.0,0xa884df03c3470dd1c9d51814559312705a8aaaf293a943eb57eb79ec17176058,1617361894,candidate_layering,,,1
0x722122df12d4e14e13ac3b6895a86e84145b6967,0xa160cdab225685da1d56aa342ad8841c3b53f291,internal_eth,100.0,0xc4f11ee9cc7cbdf0c9d0c872462c6c9593e45c867187efc2feb24ebd21c96c2d,1617361894,candidate_layering,,,1
0x722122df12d4e14e13ac3b6895a86e84145b6967,0x47ce0c6ed5b0ce3d3a51fdb1c52dc66a7c3c2936,internal_eth,1.0,0x50bc8d9952eea8b034a9ced01deca020452e7d88b537fa0e2d8367fc96e3f10a,1617363771,candidate_layering,,,1
0x722122df12d4e14e13ac3b6895a86e84145b6967,0x47ce0c6ed5b0ce3d3a51fdb1c52dc66a7c3c2936,internal_eth,1.0,0x401bfb72e12d678c6ac8c20738b66857cbcc7a585eeca75af7953bdc9213fd0d,1617363771,candidate_layering,,,1
0x722122df12d4e14e13ac3b6895a86e84145b6967,0xa160cdab225685da1d56aa342ad8841c3b53f291,internal_eth,100.0,0x5be2230966a65661c14bb466cd74bfb5baf41f38cd2e72866fd1e6b7e15a14e1,1617364583,candidate_layering,,,1
0x722122df12d4e14e13ac3b6895a86e84145b6967,0xa160cdab225685da1d56aa342ad8841c3b53f291,internal_eth,100.0,0x43ebe80cf0aec58959c0eba505baf7893d8fa8a7af5d3dba79e4e9c123691ed1,1617366239,candidate_layering,,,1
0x722122df12d4e14e13ac3b6895a86e84145b6967,0x910cbd523d972eb0a6f4cae4618ad62622b39dbf,internal_eth,10.0,0x0eef1184d3d6a3094c57457e4ec07d639c0d365d2fb04fec9159453b07e69366,1617366808,candidate_layering,,,1
0x722122df12d4e14e13ac3b6895a86e84145b6967,0xa160cdab225685da1d56aa342ad8841c3b53f291,internal_eth,100.0,0x0151ba60d194444bd355d84ca99c7a6ba0d6a6fd3de823abb5f255d42643293f,1617367578,candidate_layering,,,1
0x722122df12d4e14e13ac3b6895a86e84145b6967,0x12d66f87a04a9e220743712ce6d9bb1b5616b8fc,internal_eth,0.1,0x4e8ec75deefe0a48e40c16a9da6127421058b28cce98c9c8e3d6caebfe79a1b3,1617367597,candidate_layering,,,1
0x722122df12d4e14e13ac3b6895a86e84145b6967,0x910cbd523d972eb0a6f4cae4618ad62622b39dbf,internal_eth,10.0,0xab4e58a913983fa0bf01cfe08338ccf157b172487a25f8f8cf92cc0f1d2cfa60,1617368654,candidate_layering,,,1
0x722122df12d4e14e13ac3b6895a86e84145b6967,0xa160cdab225685da1d56aa342ad8841c3b53f291,internal_eth,100.0,0x44a987a6436efe43e694eab740a4b38fddc18ea5d44d54e1e87cda92d515be4b,1617370670,candidate_layering,,,1
0x722122df12d4e14e13ac3b6895a86e84145b6967,0xa160cdab225685da1d56aa342ad8841c3b53f291,internal_eth,100.0,0x3c2e774306733c6a4818bf4b2fd0013c017d9b823f72b3664675a33ba5d1f4e9,1617370886,candidate_layering,,,1
0x722122df12d4e14e13ac3b6895a86e84145b6967,0xa160cdab225685da1d56aa342ad8841c3b53f291,internal_eth,100.0,0xe7053a23f51f542018d75121f5559398bc9e4addab52f5284c86f458a93cbff2,1617371976,candidate_layering,,,1
0x722122df12d4e14e13ac3b6895a86e84145b6967,0x910cbd523d972eb0a6f4cae4618ad62622b39dbf,internal_eth,10.0,0x6b8722598b896d125ab702d4fa024a0bdabb382b562f9dfdc2e0d2e7636c6147,1617371995,candidate_layering,,,1
0x722122df12d4e14e13ac3b6895a86e84145b6967,0xa160cdab225685da1d56aa342ad8841c3b53f291,internal_eth,100.0,0x5df171baaf189897c52f53213cddf1c878fe6ecb708494a3ffd1f765b245ceb3,1617372084,candidate_layering,,,1
0x722122df12d4e14e13ac3b6895a86e84145b6967,0xa160cdab225685da1d56aa342ad8841c3b53f291,internal_eth,100.0,0xe1d6ebb1e85ee451725309e2b87e175fcc9e8d9bf4668cd1e782070425b63c92,1617372139,candidate_layering,,,1
0x722122df12d4e14e13ac3b6895a86e84145b6967,0x47ce0c6ed5b0ce3d3a51fdb1c52dc66a7c3c2936,internal_eth,1.0,0x8a6d4ead2cf24fdb48c6d1bb48ec0a3c68976fb16a6f3fa433b3ca58444ce06f,1617372508,candidate_layering,,,1
0x722122df12d4e14e13ac3b6895a86e84145b6967,0x910cbd523d972eb0a6f4cae4618ad62622b39dbf,internal_eth,10.0,0xa84ef1e3c351346b47d73f764dc910bb0be72102c730ce3a1b461e8f94f378cf,1617373378,candidate_layering,,,1
0x722122df12d4e14e13ac3b6895a86e84145b6967,0xa160cdab225685da1d56aa342ad8841c3b53f291,internal_eth,100.0,0x94c3baa50ef67da1cb376901ed71829bebb20188338637b8543cab8283654284,1617379673,candidate_layering,,,1
0x722122df12d4e14e13ac3b6895a86e84145b6967,0xa160cdab225685da1d56aa342ad8841c3b53f291,internal_eth,100.0,0x2f5b181a4434bb34a0ca01cc5982efb64740651dfbce62e3f116412069c7a6c5,1617379720,candidate_layering,,,1
0x722122df12d4e14e13ac3b6895a86e84145b6967,0xa160cdab225685da1d56aa342ad8841c3b53f291,internal_eth,100.0,0xa7a80181e5e9597b365de45ea502a8ce7efa4de1c4f9f462acc5335ee2368280,1617379786,candidate_layering,,,1
0x722122df12d4e14e13ac3b6895a86e84145b6967,0xa160cdab225685da1d56aa342ad8841c3b53f291,internal_eth,100.0,0x4b53fd559e021ca9b60b920f0cfaae8b823aeb20b0484854f3d55d9bf67ac84d,1617379841,candidate_layering,,,1
0x722122df12d4e14e13ac3b6895a86e84145b6967,0x910cbd523d972eb0a6f4cae4618ad62622b39dbf,internal_eth,10.0,0xb580b9417dec8452a2187baa539ef1ad89fd72d8869f8f05d6d409a26e62f00e,1617379986,candidate_layering,,,1
0x722122df12d4e14e13ac3b6895a86e84145b6967,0xa160cdab225685da1d56aa342ad8841c3b53f291,internal_eth,100.0,0x9e4bc67487aff619d51cb5ebabafb41b871c41ee412d2c0ef1b5a218870a9c37,1617380736,candidate_layering,,,1
0x722122df12d4e14e13ac3b6895a86e84145b6967,0x910cbd523d972eb0a6f4cae4618ad62622b39dbf,internal_eth,10.0,0x04d61c2c7fc1c1ef1b8334e7daea845fd3c0e7e6845bf599fbccab3972016383,1617383095,candidate_layering,,,1
0x722122df12d4e14e13ac3b6895a86e84145b6967,0x910cbd523d972eb0a6f4cae4618ad62622b39dbf,internal_eth,10.0,0xe0bd5b8ed19a2a54482c079f8fd1561ac2b1c7f09912f65578f2fc34ae1b860e,1617383148,candidate_layering,,,1
0x722122df12d4e14e13ac3b6895a86e84145b6967,0x910cbd523d972eb0a6f4cae4618ad62622b39dbf,internal_eth,10.0,0x6ac78d28c7e09b9f8e0282a2687eadf57250bd2f1e0c6978a1c6b332d17189b0,1617383218,candidate_layering,,,1
0x722122df12d4e14e13ac3b6895a86e84145b6967,0x910cbd523d972eb0a6f4cae4618ad62622b39dbf,internal_eth,10.0,0x6bab9c556fb20bb074ba02e1cd8f94b2279d582b2f08f2f2c07c843860064ba8,1617383306,candidate_layering,,,1
0x722122df12d4e14e13ac3b6895a86e84145b6967,0x910cbd523d972eb0a6f4cae4618ad62622b39dbf,internal_eth,10.0,0xaf391d8eb13a519b5852c9adb5a70c2dc7e9f9d7544ae9a3888458974d0794df,1617383372,candidate_layering,,,1
0x722122df12d4e14e13ac3b6895a86e84145b6967,0x910cbd523d972eb0a6f4cae4618ad62622b39dbf,internal_eth,10.0,0x7f8e3273107bcba247ce8919d6eb25d596fac7bcdd7b801f982f6033779159c5,1617383610,candidate_layering,,,1
0x722122df12d4e14e13ac3b6895a86e84145b6967,0x47ce0c6ed5b0ce3d3a51fdb1c52dc66a7c3c2936,internal_eth,1.0,0x7acf423005064a437604ad4e49825f152250b5fae8baba62b9fb88877951e7ae,1617384530,candidate_layering,,,1
0x722122df12d4e14e13ac3b6895a86e84145b6967,0xa160cdab225685da1d56aa342ad8841c3b53f291,internal_eth,100.0,0xf397bf0e97ad97f9df234267c69f92fbc080c679a9d7132685a64fe6cf7119e1,1617385396,candidate_layering,,,1
0x722122df12d4e14e13ac3b6895a86e84145b6967,0xa160cdab225685da1d56aa342ad8841c3b53f291,internal_eth,100.0,0xd921d78c6304afc6d42acaace3bb9fc78b752af3ba901c1dce1c9738026fac47,1617385502,candidate_layering,,,1
0x722122df12d4e14e13ac3b6895a86e84145b6967,0xa160cdab225685da1d56aa342ad8841c3b53f291,internal_eth,100.0,0x0a0c69dfebcadc797dbb21301d65b1525e68822e7dfff38722dba3571d7ff360,1617385656,candidate_layering,,,1
0x722122df12d4e14e13ac3b6895a86e84145b6967,0xa160cdab225685da1d56aa342ad8841c3b53f291,internal_eth,100.0,0x6246d285c137922c74efd67ba6d74565c35cb6f7fadf58f22bd91f5d2d779591,1617385760,candidate_layering,,,1
0x722122df12d4e14e13ac3b6895a86e84145b6967,0xa160cdab225685da1d56aa342ad8841c3b53f291,internal_eth,100.0,0x62863fa09a833a10e10a23339b7ca24342824ac87229937ff25bdf23dc1b785e,1617385838,candidate_layering,,,1
0x722122df12d4e14e13ac3b6895a86e84145b6967,0xa160cdab225685da1d56aa342ad8841c3b53f291,internal_eth,100.0,0xfe716deecff9eb6e3adc2d212a6260fdc9c97c32a3da282078ef6f450bf78ff5,1617385963,candidate_layering,,,1
0x722122df12d4e14e13ac3b6895a86e84145b6967,0xa160cdab225685da1d56aa342ad8841c3b53f291,internal_eth,100.0,0x2ea2c13e39650aa007583f88fd8c6c284f99b20d9cd71157c4c405ea028dd887,1617386061,candidate_layering,,,1
0x722122df12d4e14e13ac3b6895a86e84145b6967,0xa160cdab225685da1d56aa342ad8841c3b53f291,internal_eth,100.0,0xb013bb2de187230fa992fbe916fdb4f4d5cd6127607fd13a7768492602155dc0,1617386110,candidate_layering,,,1
0x722122df12d4e14e13ac3b6895a86e84145b6967,0xa160cdab225685da1d56aa342ad8841c3b53f291,internal_eth,100.0,0x557e08b60361bb6569bd830f12baa796eb3b8ea29388bdd92d091544c34acb41,1617386168,candidate_layering,,,1
0x722122df12d4e14e13ac3b6895a86e84145b6967,0xa160cdab225685da1d56aa342ad8841c3b53f291,internal_eth,100.0,0x34a28ccd1da2ffb730495ba5b0adfd3190c11c29c9df1b837a1de93881dd40c5,1617386215,candidate_layering,,,1
0x722122df12d4e14e13ac3b6895a86e84145b6967,0xa160cdab225685da1d56aa342ad8841c3b53f291,internal_eth,100.0,0xe3f281332e5d330bdd3082ba39352b7c443bc392bb1b69e9d940c1ddc59987ea,1617386268,candidate_layering,,,1
0x722122df12d4e14e13ac3b6895a86e84145b6967,0xa160cdab225685da1d56aa342ad8841c3b53f291,internal_eth,100.0,0xc7e229b05dc256b3f069bbe55edf4d7d79d56ef3d4711e613885db9ea5ef0de3,1617386343,candidate_layering,,,1
0x722122df12d4e14e13ac3b6895a86e84145b6967,0xa160cdab225685da1d56aa342ad8841c3b53f291,internal_eth,100.0,0xc343f09c1ba0fcf57c8bde7b83b5cf322cc0a541c8769f851b0308e3c6f8c7a6,1617386419,candidate_layering,,,1
0x722122df12d4e14e13ac3b6895a86e84145b6967,0xa160cdab225685da1d56aa342ad8841c3b53f291,internal_eth,100.0,0x7006c38d431c3ae7aabb4bc74361ee65dd9fb245eb3315ebf783cfaa1e4c3163,1617386490,candidate_layering,,,1
0x722122df12d4e14e13ac3b6895a86e84145b6967,0xa160cdab225685da1d56aa342ad8841c3b53f291,internal_eth,100.0,0xfcae85c315336e2e751369eda6f284b35f8d600066e1a5f4cc410fc7ecfbf3dd,1617386617,candidate_layering,,,1
0x722122df12d4e14e13ac3b6895a86e84145b6967,0xa160cdab225685da1d56aa342ad8841c3b53f291,internal_eth,100.0,0x521d1fd25039ed5fdf2e753602c3688dca5b855f8e2d89c68784f1aecec8e20d,1617386777,candidate_layering,,,1
0x722122df12d4e14e13ac3b6895a86e84145b6967,0xa160cdab225685da1d56aa342ad8841c3b53f291,internal_eth,100.0,0x899c0d450e5d635c2a8dcf6f0eccad2619699776e92e37aca27899820a2e1a8b,1617386809,candidate_layering,,,1
0x722122df12d4e14e13ac3b6895a86e84145b6967,0xa160cdab225685da1d56aa342ad8841c3b53f291,internal_eth,100.0,0x0a5287f266781c30b5d110b83b9ee9d54e79189774fa17b58c7151ca757e9e4e,1617386860,candidate_layering,,,1
0x722122df12d4e14e13ac3b6895a86e84145b6967,0xa160cdab225685da1d56aa342ad8841c3b53f291,internal_eth,100.0,0xa850c62cc8eee6290ea6d3f3535addc5be839ed425f45fe3d5b335bc21e36064,1617386933,candidate_layering,,,1
0x722122df12d4e14e13ac3b6895a86e84145b6967,0xa160cdab225685da1d56aa342ad8841c3b53f291,internal_eth,100.0,0xa999814cb68a0df695a1876469368507c5d3a5cfcb4469ca335bc7cdd606525e,1617387036,candidate_layering,,,1
0x722122df12d4e14e13ac3b6895a86e84145b6967,0x47ce0c6ed5b0ce3d3a51fdb1c52dc66a7c3c2936,internal_eth,1.0,0xb255431e2ccb645755c27a91cfc50aa5ec259430943a752baa85322747f487f7,1617388034,candidate_layering,,,1
0x722122df12d4e14e13ac3b6895a86e84145b6967,0x910cbd523d972eb0a6f4cae4618ad62622b39dbf,internal_eth,10.0,0xf680bf44cd21afa53f738aadea87da90847055b0438058e4a8d64e91b5bf95a3,1617388318,candidate_layering,,,1
0x722122df12d4e14e13ac3b6895a86e84145b6967,0xa160cdab225685da1d56aa342ad8841c3b53f291,internal_eth,100.0,0x6f70749ec33625262c0c277dcfa3162c71272efc1d2c7b40f9e46fac1a9a574e,1617388650,candidate_layering,,,1
0x722122df12d4e14e13ac3b6895a86e84145b6967,0xa160cdab225685da1d56aa342ad8841c3b53f291,internal_eth,100.0,0x3b269a4c6cba86d30b29258674dfb55917f481d7ac156466e667700a4d21cd4c,1617391400,candidate_layering,,,1
0x722122df12d4e14e13ac3b6895a86e84145b6967,0x610b717796ad172b316836ac95a2ffad065ceab4,internal_eth,0.02,0xb230966cee985627952e2be3e39ef9a71abf88ac438f9f367fddad7f9c57be07,1617393867,candidate_layering,,,1
0x722122df12d4e14e13ac3b6895a86e84145b6967,0x23773e65ed146a459791799d01336db287f25334,internal_eth,0.02,0x921df7e125245a958e12d26a5d761016e2d6a3df4baa61820933c2d7049a9c2c,1617394511,candidate_layering,,,1
0x722122df12d4e14e13ac3b6895a86e84145b6967,0xa160cdab225685da1d56aa342ad8841c3b53f291,internal_eth,100.0,0x560e7d3afa6400cb8c99bf48bc3524ada0a6be56326c7dbf8f2694c961c22418,1617398119,candidate_layering,,,1
0x722122df12d4e14e13ac3b6895a86e84145b6967,0x12d66f87a04a9e220743712ce6d9bb1b5616b8fc,internal_eth,0.1,0x36123943b5a92b298570cf088ce567077f885b9c8c5e57d223f799d156a6c7a9,1617398201,candidate_layering,,,1
0x722122df12d4e14e13ac3b6895a86e84145b6967,0x12d66f87a04a9e220743712ce6d9bb1b5616b8fc,internal_eth,0.1,0xe3651abefefbfaf7736d890ce2231a160319bda86193f2e7977959fa2f025f31,1617398215,candidate_layering,,,1
0x722122df12d4e14e13ac3b6895a86e84145b6967,0x47ce0c6ed5b0ce3d3a51fdb1c52dc66a7c3c2936,internal_eth,1.0,0x9a74ae8f4e6b8bd3f1ee180591ef318ab404176f7623e6990c25db4f26e1056d,1617401243,candidate_layering,,,1
0x722122df12d4e14e13ac3b6895a86e84145b6967,0x47ce0c6ed5b0ce3d3a51fdb1c52dc66a7c3c2936,internal_eth,1.0,0xb591d7238f569a6ce4cbec736ba526f3154ff1b7f2d0fce2c000b7baa3ef0c25,1617401946,candidate_layering,,,1
0x722122df12d4e14e13ac3b6895a86e84145b6967,0x910cbd523d972eb0a6f4cae4618ad62622b39dbf,internal_eth,10.0,0xe3e8bde6e1dde36df76ad91daf041fd27c9f1197f3708a4c79b22ee14bdf7347,1617404321,candidate_layering,,,1
0x722122df12d4e14e13ac3b6895a86e84145b6967,0x910cbd523d972eb0a6f4cae4618ad62622b39dbf,internal_eth,10.0,0x0982f636a3c36db604130197ddd4f1f7d0a9b2dd2b55ed4f6bc9b65edbed97d0,1617404391,candidate_layering,,,1
0x722122df12d4e14e13ac3b6895a86e84145b6967,0x910cbd523d972eb0a6f4cae4618ad62622b39dbf,internal_eth,10.0,0xb43094bb9d4f1662182e699fc1c4e72d2f4f6ec4d543c20f5eadbf3d472d94e4,1617404391,candidate_layering,,,1
0x722122df12d4e14e13ac3b6895a86e84145b6967,0xa160cdab225685da1d56aa342ad8841c3b53f291,internal_eth,100.0,0x5251673f8073f6d26c8d75bb2c9ccefda13d8376c833deb3bf4fde9c69dbf8ae,1617404863,candidate_layering,,,1
0x722122df12d4e14e13ac3b6895a86e84145b6967,0x910cbd523d972eb0a6f4cae4618ad62622b39dbf,internal_eth,10.0,0x8ac00a676fa5b0feb2b30635b4604a68964a7d5e9bcbce4b42b528c2b46d0e49,1617405073,candidate_layering,,,1
0x722122df12d4e14e13ac3b6895a86e84145b6967,0x910cbd523d972eb0a6f4cae4618ad62622b39dbf,internal_eth,10.0,0xfbf2495325844151cb45078cd10d3d7be032ca7a3677dbee4867aa878a5f7d6d,1617405073,candidate_layering,,,1
0x722122df12d4e14e13ac3b6895a86e84145b6967,0x910cbd523d972eb0a6f4cae4618ad62622b39dbf,internal_eth,10.0,0x6d8f50b86b516e3fb0a6dd9f76589535b167ff6b4b043dc04dfc6c04f75925c5,1617405073,candidate_layering,,,1
0x722122df12d4e14e13ac3b6895a86e84145b6967,0x910cbd523d972eb0a6f4cae4618ad62622b39dbf,internal_eth,10.0,0x86b64ee7fb64c2c3bb14f177bda4158ef28c24614c1a537d3960ae927e7de715,1617405252,candidate_layering,,,1
0x722122df12d4e14e13ac3b6895a86e84145b6967,0x910cbd523d972eb0a6f4cae4618ad62622b39dbf,internal_eth,10.0,0xa4dc2703c49a01dc92cfe7b3dab54b92a5bd2636113bc98ceb5529d47f67fc32,1617407126,candidate_layering,,,1
0x722122df12d4e14e13ac3b6895a86e84145b6967,0x910cbd523d972eb0a6f4cae4618ad62622b39dbf,internal_eth,10.0,0x1661596fc5213fddd3676f31c9190d0bc4cb0d4220e704439dfba59e3539a22f,1617407128,candidate_layering,,,1
0x722122df12d4e14e13ac3b6895a86e84145b6967,0x47ce0c6ed5b0ce3d3a51fdb1c52dc66a7c3c2936,internal_eth,1.0,0x96e22daafdbaeca1995472455fcc411866f6dd6307d626a5c96cea491339b36d,1617407128,candidate_layering,,,1
0x722122df12d4e14e13ac3b6895a86e84145b6967,0x47ce0c6ed5b0ce3d3a51fdb1c52dc66a7c3c2936,internal_eth,1.0,0x58d2143d94fb7aea885871de6b6fd3f44e4ce24668398be19bb4dc1de48a51c8,1617407128,candidate_layering,,,1
0x722122df12d4e14e13ac3b6895a86e84145b6967,0x47ce0c6ed5b0ce3d3a51fdb1c52dc66a7c3c2936,internal_eth,1.0,0x3928897a48f1728d9b5ecc4ffec8499d2771e4a51ce21e019151ad57f2178b0f,1617407173,candidate_layering,,,1
0x722122df12d4e14e13ac3b6895a86e84145b6967,0xa160cdab225685da1d56aa342ad8841c3b53f291,internal_eth,100.0,0x160e33139155308bda3e642ab7b7723ca1b1f0c568d9676f2c4fc9c1a2ffd4e9,1617407193,candidate_layering,,,1
0x722122df12d4e14e13ac3b6895a86e84145b6967,0xa160cdab225685da1d56aa342ad8841c3b53f291,internal_eth,100.0,0x146b51ded854dc935709381fe669289a012acc240c73c5a0cdea18146dd99fa4,1617407193,candidate_layering,,,1
0x722122df12d4e14e13ac3b6895a86e84145b6967,0xa160cdab225685da1d56aa342ad8841c3b53f291,internal_eth,100.0,0x365a6534fd6fb43a3ba8fa95893a80a7effe18bac0d93c3065575e11c9a287e7,1617407193,candidate_layering,,,1
0x722122df12d4e14e13ac3b6895a86e84145b6967,0xa160cdab225685da1d56aa342ad8841c3b53f291,internal_eth,100.0,0x3f1542c8db86338a32eca1afc5686703c9aa3501565122db9112470124b80e30,1617408786,candidate_layering,,,1
0x722122df12d4e14e13ac3b6895a86e84145b6967,0xa160cdab225685da1d56aa342ad8841c3b53f291,internal_eth,100.0,0x39ee6766889d05003e434eace0af3790b5ceb040b4ec696e25370dc47bdc0711,1617408806,candidate_layering,,,1
0x722122df12d4e14e13ac3b6895a86e84145b6967,0x910cbd523d972eb0a6f4cae4618ad62622b39dbf,internal_eth,10.0,0x9d1a30c3ac25c36f98f67b93ee0ba5e1e0e578ab4cf025604ff93535022e830a,1617408806,candidate_layering,,,1
0x722122df12d4e14e13ac3b6895a86e84145b6967,0x910cbd523d972eb0a6f4cae4618ad62622b39dbf,internal_eth,10.0,0x221cfa5cc4edad1e85fe9bb2962aaacc7cbe5ce5bc57d528719613205aceb82e,1617409170,candidate_layering,,,1
0x722122df12d4e14e13ac3b6895a86e84145b6967,0x910cbd523d972eb0a6f4cae4618ad62622b39dbf,internal_eth,10.0,0xbc931e0573905f4a058d17de8a672d84b305496fd451f75b40e7baaadc1da55e,1617410145,candidate_layering,,,1
0x722122df12d4e14e13ac3b6895a86e84145b6967,0x910cbd523d972eb0a6f4cae4618ad62622b39dbf,internal_eth,10.0,0xbed02f3046c17096efb18dda81d4d57a4ab3ff012f6df587bd6d285f21680c74,1617410747,candidate_layering,,,1
0x722122df12d4e14e13ac3b6895a86e84145b6967,0x47ce0c6ed5b0ce3d3a51fdb1c52dc66a7c3c2936,internal_eth,1.0,0x8894b30db4bb96da7ab959db563fce6ed1dbccb0e04d4db913c3049669c2286c,1617410762,candidate_layering,,,1
0x722122df12d4e14e13ac3b6895a86e84145b6967,0x12d66f87a04a9e220743712ce6d9bb1b5616b8fc,internal_eth,0.1,0x0fddc8003f7ad8a3c30a859cf88bae9d141bf339bb3cf550fd79411e7af845a7,1617411903,candidate_layering,,,1
0x722122df12d4e14e13ac3b6895a86e84145b6967,0x910cbd523d972eb0a6f4cae4618ad62622b39dbf,internal_eth,10.0,0xd91392d39023b2ae79658973eb2c961305c51a431f5adc43fb56448fc49415af,1617412340,candidate_layering,,,1
0x722122df12d4e14e13ac3b6895a86e84145b6967,0x47ce0c6ed5b0ce3d3a51fdb1c52dc66a7c3c2936,internal_eth,1.0,0x61af4f1b2a989d8f3c478d852773fa12b9bcf40cad3678aec318c7f1cf299d30,1617413602,candidate_layering,,,1
0x722122df12d4e14e13ac3b6895a86e84145b6967,0xa160cdab225685da1d56aa342ad8841c3b53f291,internal_eth,100.0,0xee64df44bfeba0f589ab7758c227cbcfc64070c2d7ef4dee1df990206bf38271,1617414497,candidate_layering,,,1
0x722122df12d4e14e13ac3b6895a86e84145b6967,0xa160cdab225685da1d56aa342ad8841c3b53f291,internal_eth,100.0,0x242b377ccb5d64058975e3c6a84af18a6c84ddf9f17e5d37af67d9737391a523,1617414602,candidate_layering,,,1
0x722122df12d4e14e13ac3b6895a86e84145b6967,0x610b717796ad172b316836ac95a2ffad065ceab4,internal_eth,0.02,0x530d02dbfba78c913dcb8eab83d0391c63df8292c8aa53a331b32ed06928c721,1617415346,candidate_layering,,,1
0x722122df12d4e14e13ac3b6895a86e84145b6967,0x610b717796ad172b316836ac95a2ffad065ceab4,internal_eth,0.02,0xa05d63a4a33dec12ca6321adc2d43d8350ee16db52ae1ac8cbfe72206a259d83,1617415376,candidate_layering,,,1
0x722122df12d4e14e13ac3b6895a86e84145b6967,0xa160cdab225685da1d56aa342ad8841c3b53f291,internal_eth,100.0,0xe84cc4ec0d6dfac1d5d6939ccb7214c818046f3ddcf818c8065953c10a0c9e57,1617417020,candidate_layering,,,1
0x722122df12d4e14e13ac3b6895a86e84145b6967,0x910cbd523d972eb0a6f4cae4618ad62622b39dbf,internal_eth,10.0,0x35b5af47c589fc1eaeb6bbf7237ba277ce9933301348a7d2a19864e86ac09ec4,1617417126,candidate_layering,,,1
0x722122df12d4e14e13ac3b6895a86e84145b6967,0x910cbd523d972eb0a6f4cae4618ad62622b39dbf,internal_eth,10.0,0x07fa3c57488f9e6abc9b4cecae26def16f1e4d34b8d340d4d29e3ff4c16acca0,1617417172,candidate_layering,,,1
0x722122df12d4e14e13ac3b6895a86e84145b6967,0x12d66f87a04a9e220743712ce6d9bb1b5616b8fc,internal_eth,0.1,0xdfc4909381b2c7ea27644cac1adb36b08386d9aaca8fe6232fe1372a4bb97083,1617417294,candidate_layering,,,1
0x722122df12d4e14e13ac3b6895a86e84145b6967,0x47ce0c6ed5b0ce3d3a51fdb1c52dc66a7c3c2936,internal_eth,1.0,0x9df6de2286e55a02d57a11340ff6d82e2c14bde58d0ed452ea14d2fd75b7d457,1617417720,candidate_layering,,,1
0x722122df12d4e14e13ac3b6895a86e84145b6967,0xa160cdab225685da1d56aa342ad8841c3b53f291,internal_eth,100.0,0xd95b0b9fcd9a35b6e959c4bd8dc3362f9e0a164708b163e0aa81d2c53c36500f,1617418212,candidate_layering,,,1
0x722122df12d4e14e13ac3b6895a86e84145b6967,0xa160cdab225685da1d56aa342ad8841c3b53f291,internal_eth,100.0,0x3a054f99c8b2152eae36d700bce44dbf1588f91cf7749fe4865c5360f5d90488,1617418282,candidate_layering,,,1
0x722122df12d4e14e13ac3b6895a86e84145b6967,0xa160cdab225685da1d56aa342ad8841c3b53f291,internal_eth,100.0,0x93613fc5ddfc32e107ec21ef103ff61c082a600c8d9e202d6094f4d66a8d2a87,1617418398,candidate_layering,,,1
0x722122df12d4e14e13ac3b6895a86e84145b6967,0x910cbd523d972eb0a6f4cae4618ad62622b39dbf,internal_eth,10.0,0xe556eb125de9395a62103128a18dd74663780921c553af2bcadd87bf4a13fa24,1617418400,candidate_layering,,,1
0x722122df12d4e14e13ac3b6895a86e84145b6967,0xa160cdab225685da1d56aa342ad8841c3b53f291,internal_eth,100.0,0xd3e0474e57d9754127017bc5013ef4077d78b414a16a9c0d6d58ddba1bc2b7a4,1617418541,candidate_layering,,,1
0x722122df12d4e14e13ac3b6895a86e84145b6967,0xa160cdab225685da1d56aa342ad8841c3b53f291,internal_eth,100.0,0xacc74607c8b82573a67e70ba73fe2b512e385c4f97878ecb9cff9e9f563d94dd,1617418633,candidate_layering,,,1
0x722122df12d4e14e13ac3b6895a86e84145b6967,0xa160cdab225685da1d56aa342ad8841c3b53f291,internal_eth,100.0,0x3f72e917cebbaf29f8cb8e51d22bddf2679b3d09c8a8cd1dc2eefc976f39d008,1617418703,candidate_layering,,,1
0x722122df12d4e14e13ac3b6895a86e84145b6967,0x910cbd523d972eb0a6f4cae4618ad62622b39dbf,internal_eth,10.0,0x224383b8675f370a88ff80b6d251c33d6c306afefeabed37c9f1050ed12e6a9f,1617418734,candidate_layering,,,1
0x722122df12d4e14e13ac3b6895a86e84145b6967,0x910cbd523d972eb0a6f4cae4618ad62622b39dbf,internal_eth,10.0,0x01f39ebf418cbaf82d913100fb5b2796c507dabb589605b5afb91b988aff4896,1617418879,candidate_layering,,,1
0x722122df12d4e14e13ac3b6895a86e84145b6967,0xa160cdab225685da1d56aa342ad8841c3b53f291,internal_eth,100.0,0x2987549588c3374ac43a5ebfabe0172406cabbbf415d9b4caa03ed22d46636c6,1617418884,candidate_layering,,,1
0x722122df12d4e14e13ac3b6895a86e84145b6967,0xa160cdab225685da1d56aa342ad8841c3b53f291,internal_eth,100.0,0xd4ece134a35ae17f2d860c8e877991dd686c17ac298a4bcc8bd71e4da8f024cc,1617418978,candidate_layering,,,1
0x722122df12d4e14e13ac3b6895a86e84145b6967,0x12d66f87a04a9e220743712ce6d9bb1b5616b8fc,internal_eth,0.1,0x112add736b39b5f5ba0c51e82dbd0083fcce214bc1d28af1775472ee35af0c0f,1617419021,candidate_layering,,,1
0x722122df12d4e14e13ac3b6895a86e84145b6967,0x910cbd523d972eb0a6f4cae4618ad62622b39dbf,internal_eth,10.0,0xc52ca1a37e01cf6e816c069acc48f6055dc95eba9de2186e13f43673e17334da,1617419626,candidate_layering,,,1
0x722122df12d4e14e13ac3b6895a86e84145b6967,0xa160cdab225685da1d56aa342ad8841c3b53f291,internal_eth,100.0,0x35bce5dae307902be9b526e93e2fb3f00422aa5bf7600be0c9f9faae1a36f6e9,1617419984,candidate_layering,,,1
0x722122df12d4e14e13ac3b6895a86e84145b6967,0x910cbd523d972eb0a6f4cae4618ad62622b39dbf,internal_eth,10.0,0x9f4c32dcd44cb44fc178d20b66e529d6f50ba24decdf0136d98877b7d602a3c3,1617419986,candidate_layering,,,1
0x722122df12d4e14e13ac3b6895a86e84145b6967,0xa160cdab225685da1d56aa342ad8841c3b53f291,internal_eth,100.0,0x1130e6c3158be6d104f70cce2dc6e5030841830b12185dcbe6d20fa83c97a32d,1617420053,candidate_layering,,,1
0x722122df12d4e14e13ac3b6895a86e84145b6967,0x47ce0c6ed5b0ce3d3a51fdb1c52dc66a7c3c2936,internal_eth,1.0,0xb96d4a7cf7669431b444fe88f52472f5cbe5334c8d03c88e2370cbb1cf40fcbb,1617421308,candidate_layering,,,1
0x722122df12d4e14e13ac3b6895a86e84145b6967,0x47ce0c6ed5b0ce3d3a51fdb1c52dc66a7c3c2936,internal_eth,1.0,0xb2d85e1d7ab61c46c2f694140dd652f3ac9145e807989e27499ee47e136d83ce,1617421442,candidate_layering,,,1
0x722122df12d4e14e13ac3b6895a86e84145b6967,0x47ce0c6ed5b0ce3d3a51fdb1c52dc66a7c3c2936,internal_eth,1.0,0xa71c3b5abbdb567706acaed78fbaf0b3cea141c936e18e3f8354eb8a99705f8c,1617421658,candidate_layering,,,1
0x722122df12d4e14e13ac3b6895a86e84145b6967,0x910cbd523d972eb0a6f4cae4618ad62622b39dbf,internal_eth,10.0,0x71629e7e40ec8d2fe4f88970432c28118676edd8e79c767278004a0c0b444d1b,1617421952,candidate_layering,,,1
0x722122df12d4e14e13ac3b6895a86e84145b6967,0xa160cdab225685da1d56aa342ad8841c3b53f291,internal_eth,100.0,0xa7d6c9ec18b693786e15b0c3e4e5a40867e2c0b52dcf5971aa35d1e7d6142ddd,1617422256,candidate_layering,,,1
0x722122df12d4e14e13ac3b6895a86e84145b6967,0xa160cdab225685da1d56aa342ad8841c3b53f291,internal_eth,100.0,0x30d6be14ad7266e04ebe301e22f2dcbb16e78b262057609ffb85a94e2bf9bfcc,1617422331,candidate_layering,,,1
0x722122df12d4e14e13ac3b6895a86e84145b6967,0xa160cdab225685da1d56aa342ad8841c3b53f291,internal_eth,100.0,0x6ec26fb838c7809b4177e8798f0b73675e3a3228a8d71f4751a1b5b309d6bbf0,1617422501,candidate_layering,,,1
0x722122df12d4e14e13ac3b6895a86e84145b6967,0x910cbd523d972eb0a6f4cae4618ad62622b39dbf,internal_eth,10.0,0xfb3474ef00ff984ce179ddbab44fbab81e7cffff12ea99ff24b7267f0c07a44b,1617422937,candidate_layering,,,1
0x722122df12d4e14e13ac3b6895a86e84145b6967,0x910cbd523d972eb0a6f4cae4618ad62622b39dbf,internal_eth,10.0,0x924fac4b8dfc3165ca80f3d22df9742e0957e0400f66526949dc1c3a476bb675,1617423043,candidate_layering,,,1
0x722122df12d4e14e13ac3b6895a86e84145b6967,0x47ce0c6ed5b0ce3d3a51fdb1c52dc66a7c3c2936,internal_eth,1.0,0x7a97b478590925c23555e9470325bd113719cabfd358b0704aec391abfe52c6f,1617423074,candidate_layering,,,1
0x722122df12d4e14e13ac3b6895a86e84145b6967,0x910cbd523d972eb0a6f4cae4618ad62622b39dbf,internal_eth,10.0,0x2608cf1611e56ff8f7312fc53cbd9c69994164162c30f43fb3dc0f32fcc9e52e,1617423161,candidate_layering,,,1
0x722122df12d4e14e13ac3b6895a86e84145b6967,0x910cbd523d972eb0a6f4cae4618ad62622b39dbf,internal_eth,10.0,0x20faa4ac91fdda14f0e1ee626f16d969e6ef90f2cc157a41621cf279cb445cdc,1617423571,candidate_layering,,,1
0x722122df12d4e14e13ac3b6895a86e84145b6967,0x910cbd523d972eb0a6f4cae4618ad62622b39dbf,internal_eth,10.0,0xb99926fe727b5341ad63bdac1468b3415797c61989311902e60792cb2744d4b5,1617424132,candidate_layering,,,1
0x722122df12d4e14e13ac3b6895a86e84145b6967,0x910cbd523d972eb0a6f4cae4618ad62622b39dbf,internal_eth,10.0,0x0a5f733a3fb5e1b63ddd286c55c5adbbdfe891f2db4df5c147dbe9a7734c74ec,1617424617,candidate_layering,,,1
0x722122df12d4e14e13ac3b6895a86e84145b6967,0x47ce0c6ed5b0ce3d3a51fdb1c52dc66a7c3c2936,internal_eth,1.0,0x9f8e059c1c8ca9fc87d4ade654e5f8ba42daa1d1bfd4a943e1b4fa986f575a55,1617424915,candidate_layering,,,1
0x722122df12d4e14e13ac3b6895a86e84145b6967,0x47ce0c6ed5b0ce3d3a51fdb1c52dc66a7c3c2936,internal_eth,1.0,0x9e8a23a02afe1c4dbdf0e97350ae60dd9d7427ab79c14fd05e7ad7cf0ce7a2db,1617424923,candidate_layering,,,1
0x722122df12d4e14e13ac3b6895a86e84145b6967,0x47ce0c6ed5b0ce3d3a51fdb1c52dc66a7c3c2936,internal_eth,1.0,0x10dc026965b31ef7350e8483dcc55bb46b2bc9dbd64cb9c948a8b4e3aee7b89d,1617424944,candidate_layering,,,1
0x722122df12d4e14e13ac3b6895a86e84145b6967,0x47ce0c6ed5b0ce3d3a51fdb1c52dc66a7c3c2936,internal_eth,1.0,0x47532758b0637ea75095a45f1d0a0c572f69fdf706b096eb238ad6211de53761,1617425044,candidate_layering,,,1
0x722122df12d4e14e13ac3b6895a86e84145b6967,0xa160cdab225685da1d56aa342ad8841c3b53f291,internal_eth,100.0,0x365090e3112de42e39e2ef7dfb40f5f16a18c3d939ff9a0b21296e9738ff201b,1617425224,candidate_layering,,,1
0x722122df12d4e14e13ac3b6895a86e84145b6967,0xa160cdab225685da1d56aa342ad8841c3b53f291,internal_eth,100.0,0x23abb5c0fc3e3174d2213157386193bc324375a914fe65c2bc437091c78005dc,1617425372,candidate_layering,,,1
0x722122df12d4e14e13ac3b6895a86e84145b6967,0xa160cdab225685da1d56aa342ad8841c3b53f291,internal_eth,100.0,0x400d367735aefe3b75f5d9c08e8647d43700d5b2fe779301d62b799b6c546768,1617425372,candidate_layering,,,1
0x722122df12d4e14e13ac3b6895a86e84145b6967,0xa160cdab225685da1d56aa342ad8841c3b53f291,internal_eth,100.0,0xf13c98a7499a12b6355f3c51c9c24a7ff58028c91737c017d91fff5c61cdaf40,1617425372,candidate_layering,,,1
0x722122df12d4e14e13ac3b6895a86e84145b6967,0xa160cdab225685da1d56aa342ad8841c3b53f291,internal_eth,100.0,0xbfbcdae0c6ef7f434901efcd8676adfb9ef641fb9cb733e68aef0cfa6c013f4b,1617425422,candidate_layering,,,1
0x722122df12d4e14e13ac3b6895a86e84145b6967,0xa160cdab225685da1d56aa342ad8841c3b53f291,internal_eth,100.0,0x9b04f6f753ad1fc22547eb5883122cd0a9e826af36e3218cab5326462b0b9f63,1617425448,candidate_layering,,,1
0x722122df12d4e14e13ac3b6895a86e84145b6967,0xa160cdab225685da1d56aa342ad8841c3b53f291,internal_eth,100.0,0x3812e7a574d580e890fcb02c1368d621c8f3cf34508f4da3d55bd0da54367582,1617425540,candidate_layering,,,1
0x722122df12d4e14e13ac3b6895a86e84145b6967,0x910cbd523d972eb0a6f4cae4618ad62622b39dbf,internal_eth,10.0,0xfa2f52fcb2ca9f42ff98b30978d015b0a72fa9ec19a7d1f46536025eba08ea1b,1617425628,candidate_layering,,,1
0x722122df12d4e14e13ac3b6895a86e84145b6967,0x910cbd523d972eb0a6f4cae4618ad62622b39dbf,internal_eth,10.0,0xa1548eb499e232d9fa86ce80a5cdadeeaeab6eb0a5ca0416ed5aa862cf608556,1617425882,candidate_layering,,,1
0x722122df12d4e14e13ac3b6895a86e84145b6967,0x910cbd523d972eb0a6f4cae4618ad62622b39dbf,internal_eth,10.0,0x06159418c4104da2947cffd747e7d0a51eda0a6b93e28e56ab0567cd7ce47472,1617426066,candidate_layering,,,1
0x722122df12d4e14e13ac3b6895a86e84145b6967,0x910cbd523d972eb0a6f4cae4618ad62622b39dbf,internal_eth,10.0,0xb33038c97f8aea29041c98daac29986bec0e1f3995c9336c387fc7aa25b99764,1617426066,candidate_layering,,,1
0x722122df12d4e14e13ac3b6895a86e84145b6967,0xa160cdab225685da1d56aa342ad8841c3b53f291,internal_eth,100.0,0x42d838354c17106fab11808c405d7dbe44382ca21ab40156c6d6e770537fdc26,1617426330,candidate_layering,,,1
0x722122df12d4e14e13ac3b6895a86e84145b6967,0x910cbd523d972eb0a6f4cae4618ad62622b39dbf,internal_eth,10.0,0xff3106b2c5289809beb9f22cf8d6d3dee41a8e98eea07750c07a60e912afe02a,1617426854,candidate_layering,,,1
0x722122df12d4e14e13ac3b6895a86e84145b6967,0x910cbd523d972eb0a6f4cae4618ad62622b39dbf,internal_eth,10.0,0x22928f1d53544020a3db396fa98c350bce8f837acdbb283bc37bcb6c071ef48a,1617426854,candidate_layering,,,1
0x722122df12d4e14e13ac3b6895a86e84145b6967,0x910cbd523d972eb0a6f4cae4618ad62622b39dbf,internal_eth,10.0,0x2591dd0f25576c1c1ad705ee78bc60110595f76183c5715b6d296bc4f82f07fb,1617426854,candidate_layering,,,1
0x722122df12d4e14e13ac3b6895a86e84145b6967,0x910cbd523d972eb0a6f4cae4618ad62622b39dbf,internal_eth,10.0,0x12f63f8cf1d169d2b845dc71b7bdd285ea3c84ce6b9d862d55291d51b874bccf,1617426854,candidate_layering,,,1
0x722122df12d4e14e13ac3b6895a86e84145b6967,0x910cbd523d972eb0a6f4cae4618ad62622b39dbf,internal_eth,10.0,0xee956ccdeaa6de7f46f65b05cc22ef75082a74b64ebc056abeadb911cebfb639,1617426854,candidate_layering,,,1
0x722122df12d4e14e13ac3b6895a86e84145b6967,0x910cbd523d972eb0a6f4cae4618ad62622b39dbf,internal_eth,10.0,0xc11737676d1bf8625173ef753268375ba80fcb7c1598e7c2e51cdbd80b4833c3,1617427376,candidate_layering,,,1
0x722122df12d4e14e13ac3b6895a86e84145b6967,0x910cbd523d972eb0a6f4cae4618ad62622b39dbf,internal_eth,10.0,0xcfac5d827410e0a51e569a99ad930e0564200e835b7410ebe75246bd19999559,1617427377,candidate_layering,,,1
0x722122df12d4e14e13ac3b6895a86e84145b6967,0x910cbd523d972eb0a6f4cae4618ad62622b39dbf,internal_eth,10.0,0xf7ac51f4d6a9130fa13f7eb10cfc2e4edf3b8da2c86e3efeea02714defe8bb34,1617427377,candidate_layering,,,1
0x722122df12d4e14e13ac3b6895a86e84145b6967,0x910cbd523d972eb0a6f4cae4618ad62622b39dbf,internal_eth,10.0,0xd065452e53d2cd1b1b68b1a418ac21484bd79676f57b34cfc2748d56175973b3,1617427377,candidate_layering,,,1
0x722122df12d4e14e13ac3b6895a86e84145b6967,0x47ce0c6ed5b0ce3d3a51fdb1c52dc66a7c3c2936,internal_eth,1.0,0x1fbffef0e80fb2af0bafa1374c0c13c76405237b1248719a950577bf25032a1f,1617428061,candidate_layering,,,1
0x722122df12d4e14e13ac3b6895a86e84145b6967,0x910cbd523d972eb0a6f4cae4618ad62622b39dbf,internal_eth,10.0,0xdf5b49600cbe24b3753f75efac21b3b40a9d9f8de938af835848b9b8f095a4d3,1617430679,candidate_layering,,,1
0x722122df12d4e14e13ac3b6895a86e84145b6967,0xa160cdab225685da1d56aa342ad8841c3b53f291,internal_eth,100.0,0xaa250f466406a4f1b0b556e4b1deb622b24ac7c332e976ed1c8d672322a7b2ae,1617431250,candidate_layering,,,1
0x722122df12d4e14e13ac3b6895a86e84145b6967,0xa160cdab225685da1d56aa342ad8841c3b53f291,internal_eth,100.0,0x696c768fcb732381a25f7e3be48bc84152b49f7783e14cb4a0cadc8b19bbe3da,1617431327,candidate_layering,,,1
0x722122df12d4e14e13ac3b6895a86e84145b6967,0xa160cdab225685da1d56aa342ad8841c3b53f291,internal_eth,100.0,0x71cfc76dd66a5529a8e70903215ae29fda97fc6303ecd73e4ef041ff5caf8f16,1617431343,candidate_layering,,,1
0x722122df12d4e14e13ac3b6895a86e84145b6967,0xa160cdab225685da1d56aa342ad8841c3b53f291,internal_eth,100.0,0xa30f19b095bd333096258fb9f51116480c566c42b346a15ef8e19c1950114f86,1617431395,candidate_layering,,,1
0x722122df12d4e14e13ac3b6895a86e84145b6967,0x47ce0c6ed5b0ce3d3a51fdb1c52dc66a7c3c2936,internal_eth,1.0,0x000d064578a5a47ff9b6f2ec98e9a7ae1636b2e63c263393b52b5f82189d8178,1617431566,candidate_layering,,,1
0x722122df12d4e14e13ac3b6895a86e84145b6967,0xa160cdab225685da1d56aa342ad8841c3b53f291,internal_eth,100.0,0x06ae1744f968a6b1677d0605f85c8833dfd14596ee55d6ad8ab64d662751412d,1617432135,candidate_layering,,,1
0x722122df12d4e14e13ac3b6895a86e84145b6967,0xa160cdab225685da1d56aa342ad8841c3b53f291,internal_eth,100.0,0x09f596fc4ed5ec9dfeed7e93a94c8ef6e24c2aa2c74676609ae48d7ccc1597bd,1617433198,candidate_layering,,,1
0x722122df12d4e14e13ac3b6895a86e84145b6967,0x910cbd523d972eb0a6f4cae4618ad62622b39dbf,internal_eth,10.0,0xb3e16c863b7cfd3dff8fcdb2e68e3954dec3da011ec7941e5eb9ac587f82f3e2,1617433245,candidate_layering,,,1
0x722122df12d4e14e13ac3b6895a86e84145b6967,0xa160cdab225685da1d56aa342ad8841c3b53f291,internal_eth,100.0,0xa8862dc236653ac5047554be992324b8f21bd4652f4cf46bc67eba0b7e2e355c,1617433260,candidate_layering,,,1
0x722122df12d4e14e13ac3b6895a86e84145b6967,0x47ce0c6ed5b0ce3d3a51fdb1c52dc66a7c3c2936,internal_eth,1.0,0x681f7cf2c28487f5e69a357c0ea330003e08740506b5fa86c81c53b36277fffa,1617434299,candidate_layering,,,1
0x722122df12d4e14e13ac3b6895a86e84145b6967,0x47ce0c6ed5b0ce3d3a51fdb1c52dc66a7c3c2936,internal_eth,1.0,0x903035cb51049747a1e98f6e25870b204c6eae40dee9baa412bfc6bd28075824,1617434913,candidate_layering,,,1
0x722122df12d4e14e13ac3b6895a86e84145b6967,0x910cbd523d972eb0a6f4cae4618ad62622b39dbf,internal_eth,10.0,0x92a33fbeed5c43ed62dcde879b06c450cb9cfed1c34c6f8554b940f948c32729,1617435486,candidate_layering,,,1
0x722122df12d4e14e13ac3b6895a86e84145b6967,0x910cbd523d972eb0a6f4cae4618ad62622b39dbf,internal_eth,10.0,0x86941fe1528e78ddbffcb46886fe62b65ba67c4dc2e6f061d80deaca547bc4a3,1617435570,candidate_layering,,,1
0x722122df12d4e14e13ac3b6895a86e84145b6967,0x910cbd523d972eb0a6f4cae4618ad62622b39dbf,internal_eth,10.0,0xd2dc2182905bc2d3c687627739c85946e310c9a882c591a2c8629b84b7434980,1617435692,candidate_layering,,,1
0x722122df12d4e14e13ac3b6895a86e84145b6967,0x47ce0c6ed5b0ce3d3a51fdb1c52dc66a7c3c2936,internal_eth,1.0,0x0c9141a28e5daa64f9b686c6dfb6622cc2bb40403d7344857f9e986032104f9a,1617435837,candidate_layering,,,1
0x722122df12d4e14e13ac3b6895a86e84145b6967,0xa160cdab225685da1d56aa342ad8841c3b53f291,internal_eth,100.0,0x845b814ccc71aaac8e6c859496466251be7a75f2f9fa973aa57ef50082c7910b,1617438579,candidate_layering,,,1
0x722122df12d4e14e13ac3b6895a86e84145b6967,0xa160cdab225685da1d56aa342ad8841c3b53f291,internal_eth,100.0,0xb571cf1c3a133d7cd6874e0f2ea39c9689a9793d5f0ddff6d535a43dff13168b,1617438747,candidate_layering,,,1
0x722122df12d4e14e13ac3b6895a86e84145b6967,0xa160cdab225685da1d56aa342ad8841c3b53f291,internal_eth,100.0,0x6b43a25e406ec2a866d29f8489f2de96e76a3fcabee718465d4044d3ab8959d3,1617438846,candidate_layering,,,1
0x722122df12d4e14e13ac3b6895a86e84145b6967,0xa160cdab225685da1d56aa342ad8841c3b53f291,internal_eth,100.0,0xd95c864f04220240d24b455f87c02b644862c330223634dbaba79373c13cb861,1617438973,candidate_layering,,,1
0x722122df12d4e14e13ac3b6895a86e84145b6967,0xa160cdab225685da1d56aa342ad8841c3b53f291,internal_eth,100.0,0xc45b17cd9f7e6754087a11494b58f4ce6c146c5739404e88db74eeee5f3c61da,1617439038,candidate_layering,,,1
0x722122df12d4e14e13ac3b6895a86e84145b6967,0xa160cdab225685da1d56aa342ad8841c3b53f291,internal_eth,100.0,0x7eb18e767ad99ca58e76d9aac3f95fd6d56e861ac0b59e5b7666114fee29015f,1617439147,candidate_layering,,,1
0x722122df12d4e14e13ac3b6895a86e84145b6967,0x910cbd523d972eb0a6f4cae4618ad62622b39dbf,internal_eth,10.0,0x82f6fe6d2a6ba4145c1756eac9b083430e7c64c4646a7e461cac7de327a74e76,1617439244,candidate_layering,,,1
0x722122df12d4e14e13ac3b6895a86e84145b6967,0x910cbd523d972eb0a6f4cae4618ad62622b39dbf,internal_eth,10.0,0x751dabd4175ba1b5211a7b65864de3ee9115fafeb5c9ddafb2786f26a6334395,1617439244,candidate_layering,,,1
0x722122df12d4e14e13ac3b6895a86e84145b6967,0xa160cdab225685da1d56aa342ad8841c3b53f291,internal_eth,100.0,0x9e102e1d67bd0d1c0e5cdb7aaf82b1dda1abf2d76fac7f91bf9f308e4e8b23b9,1617441557,candidate_layering,,,1
0x722122df12d4e14e13ac3b6895a86e84145b6967,0xa160cdab225685da1d56aa342ad8841c3b53f291,internal_eth,100.0,0x60080cc2c48d59bd383727ba721419d94b299bdab9093fe4141e904ba63ab623,1617441596,candidate_layering,,,1
0x722122df12d4e14e13ac3b6895a86e84145b6967,0xa160cdab225685da1d56aa342ad8841c3b53f291,internal_eth,100.0,0x4adc225ecf9da3f2f576cfcb79791df3db40bee8ff3ddaf37def400cab0dff5c,1617442129,candidate_layering,,,1
0x722122df12d4e14e13ac3b6895a86e84145b6967,0x910cbd523d972eb0a6f4cae4618ad62622b39dbf,internal_eth,10.0,0x7442349d42b564c6dbac7ebf5a31faaf421bcb5843bc3b8381074bd7a0980fee,1617442349,candidate_layering,,,1
0x722122df12d4e14e13ac3b6895a86e84145b6967,0x910cbd523d972eb0a6f4cae4618ad62622b39dbf,internal_eth,10.0,0x6ebc1cb546df16d38b99dae3fb079c6cd77ef9cca0d8b655677e34d447969b82,1617442349,candidate_layering,,,1
0x722122df12d4e14e13ac3b6895a86e84145b6967,0x910cbd523d972eb0a6f4cae4618ad62622b39dbf,internal_eth,10.0,0xf9e7b3bf2de3b22d81a659caa0ecc51981d60fb28f942ae950a478f9c5b6d0f7,1617443099,candidate_layering,,,1
0x722122df12d4e14e13ac3b6895a86e84145b6967,0x47ce0c6ed5b0ce3d3a51fdb1c52dc66a7c3c2936,internal_eth,1.0,0x6f68499e38dde394bfd4d2e569e35fc9e9a0fe3e904a21b76dc24fe2bdb60555,1617443965,candidate_layering,,,1
0x722122df12d4e14e13ac3b6895a86e84145b6967,0x47ce0c6ed5b0ce3d3a51fdb1c52dc66a7c3c2936,internal_eth,1.0,0x796f9deed2b366602caea7176d8ee51070b153e3bc5f2c2d170ed8261814bceb,1617443965,candidate_layering,,,1
0x722122df12d4e14e13ac3b6895a86e84145b6967,0x47ce0c6ed5b0ce3d3a51fdb1c52dc66a7c3c2936,internal_eth,1.0,0x46016b86cf7a35a0816e12ea0d47997eb95f65c20df2d5fa12047cf52d6d4ea2,1617443965,candidate_layering,,,1
0x722122df12d4e14e13ac3b6895a86e84145b6967,0x47ce0c6ed5b0ce3d3a51fdb1c52dc66a7c3c2936,internal_eth,1.0,0x4045014daf751f248482145c4e60d9c998ffd05aedbd637b132bbea74b7eedf7,1617443988,candidate_layering,,,1
0x722122df12d4e14e13ac3b6895a86e84145b6967,0x910cbd523d972eb0a6f4cae4618ad62622b39dbf,internal_eth,10.0,0x33c6bd2069814ac76bf5c4905b3e3d6ebaf8f862079016b0941371e05b504c0f,1617445444,candidate_layering,,,1
0x722122df12d4e14e13ac3b6895a86e84145b6967,0x47ce0c6ed5b0ce3d3a51fdb1c52dc66a7c3c2936,internal_eth,1.0,0xb159d2e12d5a6a1c8f377c30e9bf09aa63951acd3492901aa46a655de23f6873,1617446111,candidate_layering,,,1
0x722122df12d4e14e13ac3b6895a86e84145b6967,0x910cbd523d972eb0a6f4cae4618ad62622b39dbf,internal_eth,10.0,0x768a63c5faee653aad9749593d2728d65f37a81bcb7b17e3625804de6b4475cc,1617447408,candidate_layering,,,1
0x722122df12d4e14e13ac3b6895a86e84145b6967,0x910cbd523d972eb0a6f4cae4618ad62622b39dbf,internal_eth,10.0,0x3315c8996f0642dbaeaceaf97a78ebcc2a74c6efd0ad628f4392ee18bfbef49d,1617447436,candidate_layering,,,1
0x722122df12d4e14e13ac3b6895a86e84145b6967,0x47ce0c6ed5b0ce3d3a51fdb1c52dc66a7c3c2936,internal_eth,1.0,0x0d77b069450ff19dcb389a2853e6acd18da91a1d4b560fda68899bf99ed9a84f,1617449154,candidate_layering,,,1
0x722122df12d4e14e13ac3b6895a86e84145b6967,0x910cbd523d972eb0a6f4cae4618ad62622b39dbf,internal_eth,10.0,0x2c779457a49f71d712ac450c642bff3a5bf34e5f38e1e6ab58ddf27ea5a28816,1617449621,candidate_layering,,,1
0x722122df12d4e14e13ac3b6895a86e84145b6967,0x910cbd523d972eb0a6f4cae4618ad62622b39dbf,internal_eth,10.0,0xeb95d380ce855dddaec569e7ff72977a52e6fd85becd37a9316ded2c1a317147,1617449685,candidate_layering,,,1
0x722122df12d4e14e13ac3b6895a86e84145b6967,0x910cbd523d972eb0a6f4cae4618ad62622b39dbf,internal_eth,10.0,0x00ff3443ede0da1ef1329c61d3520fbc70038625cf01c83be8964a97448949bd,1617449733,candidate_layering,,,1
0x722122df12d4e14e13ac3b6895a86e84145b6967,0x910cbd523d972eb0a6f4cae4618ad62622b39dbf,internal_eth,10.0,0x9023852c4ef7525c14a6d18dba928c9203876a47024cd0f3d23b7421c2ed8ac5,1617449783,candidate_layering,,,1
0x722122df12d4e14e13ac3b6895a86e84145b6967,0xa160cdab225685da1d56aa342ad8841c3b53f291,internal_eth,100.0,0x9618b8d9fe44befed99f016d00ccc41dfdc2b8cbdcdb8c7e16b92489aaa0e23e,1617449794,candidate_layering,,,1
0x722122df12d4e14e13ac3b6895a86e84145b6967,0x910cbd523d972eb0a6f4cae4618ad62622b39dbf,internal_eth,10.0,0xee161f43951d5cf6ae8221a4007748f44d1b24e38e78a8f9a7663e0defe78ffa,1617449794,candidate_layering,,,1
0x722122df12d4e14e13ac3b6895a86e84145b6967,0x910cbd523d972eb0a6f4cae4618ad62622b39dbf,internal_eth,10.0,0x27c109352b56ed6e5bbb19c0dc276d22f5316bbfec46aac87676b0ecdcbf2c46,1617449876,candidate_layering,,,1
0x722122df12d4e14e13ac3b6895a86e84145b6967,0x47ce0c6ed5b0ce3d3a51fdb1c52dc66a7c3c2936,internal_eth,1.0,0x4023be73af6a6c3d1bca52309c3b22bfce578a239c2d1408263cf2cfdda72e96,1617451814,candidate_layering,,,1
0x722122df12d4e14e13ac3b6895a86e84145b6967,0x47ce0c6ed5b0ce3d3a51fdb1c52dc66a7c3c2936,internal_eth,1.0,0x82e63763210a22d475f82153e1c80af1b604ca3a8920a6bd1510af6b87c51870,1617451893,candidate_layering,,,1
0x722122df12d4e14e13ac3b6895a86e84145b6967,0xa160cdab225685da1d56aa342ad8841c3b53f291,internal_eth,100.0,0x86af8d0107970c11209cadedb053067bfc044de6f98ad5683f555dec431691e0,1617452736,candidate_layering,,,1
0x722122df12d4e14e13ac3b6895a86e84145b6967,0x47ce0c6ed5b0ce3d3a51fdb1c52dc66a7c3c2936,internal_eth,1.0,0x896c874ddac8cc0adb60014c0e923d3b928637091e03a2104af31ae84ccab913,1617452766,candidate_layering,,,1
0x722122df12d4e14e13ac3b6895a86e84145b6967,0xa160cdab225685da1d56aa342ad8841c3b53f291,internal_eth,100.0,0x28ae6d4f904c5af772cb06fb5bae9279185db9c63daa7b1980c909c7c4da0a23,1617452933,candidate_layering,,,1
0x722122df12d4e14e13ac3b6895a86e84145b6967,0xa160cdab225685da1d56aa342ad8841c3b53f291,internal_eth,100.0,0x8752d641042a4dcdd7c7e854aaf8af6aab88860f405e9d01445a1aaf3fdaf8f1,1617453005,candidate_layering,,,1
0x722122df12d4e14e13ac3b6895a86e84145b6967,0xa160cdab225685da1d56aa342ad8841c3b53f291,internal_eth,100.0,0xdb574d5331afcb24b50b774cb6fe7583ae8cd279b332d62a9e7581bb41f9ee28,1617453142,candidate_layering,,,1
0x722122df12d4e14e13ac3b6895a86e84145b6967,0xa160cdab225685da1d56aa342ad8841c3b53f291,internal_eth,100.0,0x7a6704be3238ea491fa7ced862e4d6a62854d55a2653530b620cb66ec5baef26,1617453339,candidate_layering,,,1
0x722122df12d4e14e13ac3b6895a86e84145b6967,0xa160cdab225685da1d56aa342ad8841c3b53f291,internal_eth,100.0,0xf76e8fe6453a7d9c089a144928b7749544d8ba4c7b7b524a39530935a2975a60,1617453431,candidate_layering,,,1
0x722122df12d4e14e13ac3b6895a86e84145b6967,0xa160cdab225685da1d56aa342ad8841c3b53f291,internal_eth,100.0,0x7bf909348e302270d47cf69f09de3b24367dba53d65c6722f46025572de6f83d,1617453485,candidate_layering,,,1
0x722122df12d4e14e13ac3b6895a86e84145b6967,0x47ce0c6ed5b0ce3d3a51fdb1c52dc66a7c3c2936,internal_eth,1.0,0x28f2101caf4cdd0798a0f5834027d2ae4c8c13471b1201a8c1b6e225d75d3309,1617453666,candidate_layering,,,1
0x722122df12d4e14e13ac3b6895a86e84145b6967,0xa160cdab225685da1d56aa342ad8841c3b53f291,internal_eth,100.0,0x68b92f1ec87950fa21a587bafb8ce020f015522ab84d185e39c8b8ce72bd8e1f,1617453684,candidate_layering,,,1
0x722122df12d4e14e13ac3b6895a86e84145b6967,0xa160cdab225685da1d56aa342ad8841c3b53f291,internal_eth,100.0,0x49bf41b6a94774d9a30a344111ad66d2f04e56f433489dc61de879df1be87cf3,1617453759,candidate_layering,,,1
0x722122df12d4e14e13ac3b6895a86e84145b6967,0x910cbd523d972eb0a6f4cae4618ad62622b39dbf,internal_eth,10.0,0x88373e1b1a60f5900f0c20b72431f3be327b9d7a5c1d6890cadf2ec2ba2d767c,1617453851,candidate_layering,,,1
0x722122df12d4e14e13ac3b6895a86e84145b6967,0xa160cdab225685da1d56aa342ad8841c3b53f291,internal_eth,100.0,0x66c86e1cf0b744cfbf06058a15f5be68bbdf996ac21780ea7579cc97b7ae2c5f,1617453891,candidate_layering,,,1
0x722122df12d4e14e13ac3b6895a86e84145b6967,0x47ce0c6ed5b0ce3d3a51fdb1c52dc66a7c3c2936,internal_eth,1.0,0x9c5e797537e43b8d0ece619b2a2c569832467a364363fecb89f73d368836ad18,1617453974,candidate_layering,,,1
0x722122df12d4e14e13ac3b6895a86e84145b6967,0xa160cdab225685da1d56aa342ad8841c3b53f291,internal_eth,100.0,0x13f347f0a172bec4270d2c851cc03b4f51afa6ab2b41d4303e9552f89b6c3868,1617453975,candidate_layering,,,1
0x722122df12d4e14e13ac3b6895a86e84145b6967,0xa160cdab225685da1d56aa342ad8841c3b53f291,internal_eth,100.0,0x7682e86eea29362e292010ba99fd4221f5cce446a9b6f638603d44b88689cc42,1617454130,candidate_layering,,,1
0x722122df12d4e14e13ac3b6895a86e84145b6967,0xa160cdab225685da1d56aa342ad8841c3b53f291,internal_eth,100.0,0xfe201463da11f137f0fe1a016daa1b44f1de5a2adb93f27bb4186cf716c775d3,1617454191,candidate_layering,,,1
0x722122df12d4e14e13ac3b6895a86e84145b6967,0xa160cdab225685da1d56aa342ad8841c3b53f291,internal_eth,100.0,0x20af493f15f51cfdbc92d946fe26c7c340583d3ba848901275a395e4dde0c668,1617454305,candidate_layering,,,1
0x722122df12d4e14e13ac3b6895a86e84145b6967,0xa160cdab225685da1d56aa342ad8841c3b53f291,internal_eth,100.0,0xbe38aec542e29f8bb8d4e742143acf5eccb049fc5e912d16db11d20e54888d4d,1617454390,candidate_layering,,,1
0x722122df12d4e14e13ac3b6895a86e84145b6967,0x47ce0c6ed5b0ce3d3a51fdb1c52dc66a7c3c2936,internal_eth,1.0,0xe5aead00a576ded1b6a9240f528c993f47c6cbac828b9c921894a0f206cfd5b8,1617454768,candidate_layering,,,1
0x722122df12d4e14e13ac3b6895a86e84145b6967,0xa160cdab225685da1d56aa342ad8841c3b53f291,internal_eth,100.0,0x0e7ed882f55838ea1c97ef81c70efdaec5652e6b22e5f2e5fb198a47c906d728,1617454790,candidate_layering,,,1
0x722122df12d4e14e13ac3b6895a86e84145b6967,0xa160cdab225685da1d56aa342ad8841c3b53f291,internal_eth,100.0,0xdce56af84b5bc434198624645f3c16a9f2002c2246dc71d2b70031329f1b58b1,1617454849,candidate_layering,,,1
0x722122df12d4e14e13ac3b6895a86e84145b6967,0xa160cdab225685da1d56aa342ad8841c3b53f291,internal_eth,100.0,0x99e3007bc29d2f7fc40b3b4df1dd5584b8761723962fb8b7cea5d9337732e026,1617455061,candidate_layering,,,1
0x722122df12d4e14e13ac3b6895a86e84145b6967,0xa160cdab225685da1d56aa342ad8841c3b53f291,internal_eth,100.0,0xe0f55913656f4b24cb0f313d6ab77ea739d48701fb537624dd20d0a9f3dbcfc9,1617457991,candidate_layering,,,1
0x722122df12d4e14e13ac3b6895a86e84145b6967,0xa160cdab225685da1d56aa342ad8841c3b53f291,internal_eth,100.0,0xb40c25c5fe6a3b32d89395297d95e592436ff59c175778a032ac612035a2de1f,1617458191,candidate_layering,,,1
0x722122df12d4e14e13ac3b6895a86e84145b6967,0x47ce0c6ed5b0ce3d3a51fdb1c52dc66a7c3c2936,internal_eth,1.0,0xb4205f56d0b09a1feb34e2cf672def0b719da35e2999abd96c0bc1d3810554a6,1617458516,candidate_layering,,,1
0x722122df12d4e14e13ac3b6895a86e84145b6967,0x910cbd523d972eb0a6f4cae4618ad62622b39dbf,internal_eth,10.0,0x9d152d9f2999deeceb927ceaef73cdfa361dfb3d80007225849da7c75f28e0f7,1617460312,candidate_layering,,,1
0x722122df12d4e14e13ac3b6895a86e84145b6967,0xa160cdab225685da1d56aa342ad8841c3b53f291,internal_eth,100.0,0xe9d60cccb843729bccf6a7761aff8a21b7197c2e19b5c4ff318b79963d6b5b5c,1617461306,candidate_layering,,,1
0x722122df12d4e14e13ac3b6895a86e84145b6967,0x47ce0c6ed5b0ce3d3a51fdb1c52dc66a7c3c2936,internal_eth,1.0,0xaea09079bda295699b75302430d43cb3bb78316e0a4e445639151feccc1205ae,1617461444,candidate_layering,,,1
0x722122df12d4e14e13ac3b6895a86e84145b6967,0x910cbd523d972eb0a6f4cae4618ad62622b39dbf,internal_eth,10.0,0xbf6171b1d7f5dde6dc9429707d7d7dc1fd1b92bb0a21bd19ab357beb9a8093a4,1617461475,candidate_layering,,,1
0x722122df12d4e14e13ac3b6895a86e84145b6967,0x910cbd523d972eb0a6f4cae4618ad62622b39dbf,internal_eth,10.0,0x8d5bc3e8d66402b89d0b1b74e44ffd16cfc289e670271da8f9435836570e55b8,1617461713,candidate_layering,,,1
0x722122df12d4e14e13ac3b6895a86e84145b6967,0x47ce0c6ed5b0ce3d3a51fdb1c52dc66a7c3c2936,internal_eth,1.0,0x3e9c50c317b68182777a4b262e722ab1fd44d657b5ee7fc1a656b6a6830253d6,1617462539,candidate_layering,,,1
0x722122df12d4e14e13ac3b6895a86e84145b6967,0xa160cdab225685da1d56aa342ad8841c3b53f291,internal_eth,100.0,0x75384921af02b4ead919fd306e8a668e5f5b4c2864dafa26c82695b941c1f62f,1617463914,candidate_layering,,,1
0x722122df12d4e14e13ac3b6895a86e84145b6967,0x47ce0c6ed5b0ce3d3a51fdb1c52dc66a7c3c2936,internal_eth,1.0,0x2fab671f47f114c47c2b1816e70563948eae89b91c951596af970700be63eea5,1617464183,candidate_layering,,,1
0x722122df12d4e14e13ac3b6895a86e84145b6967,0x910cbd523d972eb0a6f4cae4618ad62622b39dbf,internal_eth,10.0,0x0c5c2c8b01041713856e082085567bf03e65f4a13dff4f29194f177501e11103,1617464790,candidate_layering,,,1
0x722122df12d4e14e13ac3b6895a86e84145b6967,0x910cbd523d972eb0a6f4cae4618ad62622b39dbf,internal_eth,10.0,0x4a0e8dafcfbf2242b865c6f8c4013a0abe2c38e300a019b1ee3d1e36b96d8b09,1617468160,candidate_layering,,,1
0x722122df12d4e14e13ac3b6895a86e84145b6967,0x47ce0c6ed5b0ce3d3a51fdb1c52dc66a7c3c2936,internal_eth,1.0,0x3120f4eba45a11e563fede6e56f40a4c621d30044f58749f519c91a493042b78,1617470546,candidate_layering,,,1
0x722122df12d4e14e13ac3b6895a86e84145b6967,0x47ce0c6ed5b0ce3d3a51fdb1c52dc66a7c3c2936,internal_eth,1.0,0xea649fe348ed156127ee9f1fa22e20caa2666ccfcfe59f0221eeb8e1f4d1060e,1617470688,candidate_layering,,,1
0x722122df12d4e14e13ac3b6895a86e84145b6967,0x12d66f87a04a9e220743712ce6d9bb1b5616b8fc,internal_eth,0.1,0xd967cdb9a450a4464e5b7945ab87c1829f81190de36b5b1115ebf6e190979f87,1617470899,candidate_layering,,,1
0x722122df12d4e14e13ac3b6895a86e84145b6967,0xa160cdab225685da1d56aa342ad8841c3b53f291,internal_eth,100.0,0xc6c8e1e81d0f7b0f0de997ffa35d488a7fc8fc4223def85dace9eb88f58764fe,1617471482,candidate_layering,,,1
0x722122df12d4e14e13ac3b6895a86e84145b6967,0x47ce0c6ed5b0ce3d3a51fdb1c52dc66a7c3c2936,internal_eth,1.0,0xcaf5d53ddc26cbc26c0874277f824ee6187a80753235a77e124dbf45f59ef548,1617474215,candidate_layering,,,1
0x722122df12d4e14e13ac3b6895a86e84145b6967,0x910cbd523d972eb0a6f4cae4618ad62622b39dbf,internal_eth,10.0,0xeeec21fec365438c990688bc72b7315a903818cf132180ab0d46399862fb4ffa,1617474497,candidate_layering,,,1
0x722122df12d4e14e13ac3b6895a86e84145b6967,0xa160cdab225685da1d56aa342ad8841c3b53f291,internal_eth,100.0,0x4f7bf8ab9fe0e951bfa79c38dadb9c34b6009e4c91fdb52ea63878314a1616d0,1617479039,candidate_layering,,,1
0x722122df12d4e14e13ac3b6895a86e84145b6967,0x47ce0c6ed5b0ce3d3a51fdb1c52dc66a7c3c2936,internal_eth,1.0,0xd7f1e1c0d5cf1e57d5901ecc986c8b79518e1d0e59da0c042ac7151d219743b7,1617479181,candidate_layering,,,1
0x722122df12d4e14e13ac3b6895a86e84145b6967,0x910cbd523d972eb0a6f4cae4618ad62622b39dbf,internal_eth,10.0,0xbd6f818082dd664e91f6955d99b034d1ae94d0d87edc611e1242d2241b4585cb,1617479800,candidate_layering,,,1
0x722122df12d4e14e13ac3b6895a86e84145b6967,0xa160cdab225685da1d56aa342ad8841c3b53f291,internal_eth,100.0,0x40b693dc2ed0e3d837ec34fabd96e2af9b93d4b0e89d07d1420adc271c68c592,1617480855,candidate_layering,,,1
0x722122df12d4e14e13ac3b6895a86e84145b6967,0xa160cdab225685da1d56aa342ad8841c3b53f291,internal_eth,100.0,0x272f6d06e04cea68e4a817d3fac7cbca5971584c4ca90d3c068dd1d3a421b77d,1617482551,candidate_layering,,,1
0x722122df12d4e14e13ac3b6895a86e84145b6967,0xa160cdab225685da1d56aa342ad8841c3b53f291,internal_eth,100.0,0x3aeddccc016579615c4989455d7efbb71a27569a0cecd9bdf91ad8ce2613b903,1617482738,candidate_layering,,,1
0x722122df12d4e14e13ac3b6895a86e84145b6967,0xa160cdab225685da1d56aa342ad8841c3b53f291,internal_eth,100.0,0x3be78c51687fc9254ad99f4209eb33e60cd474f9a3b1736bb70a1b4ab6306abd,1617482815,candidate_layering,,,1
0x722122df12d4e14e13ac3b6895a86e84145b6967,0x910cbd523d972eb0a6f4cae4618ad62622b39dbf,internal_eth,10.0,0x790f8f7f96b2f0554ff66516e09d1469a55a7de5857fd753e5840fd7bc5a4dda,1617482859,candidate_layering,,,1
0x722122df12d4e14e13ac3b6895a86e84145b6967,0xa160cdab225685da1d56aa342ad8841c3b53f291,internal_eth,100.0,0x2f0ee5b406f6ab1900747b4f4f0159c7bb632aa8957a448413c6580a89546d81,1617482985,candidate_layering,,,1
0x722122df12d4e14e13ac3b6895a86e84145b6967,0xa160cdab225685da1d56aa342ad8841c3b53f291,internal_eth,100.0,0x9ae0e57e9086c13e140d12044ba8b5218bdd6397b892282c2713e2ade483710e,1617483221,candidate_layering,,,1
0x722122df12d4e14e13ac3b6895a86e84145b6967,0xa160cdab225685da1d56aa342ad8841c3b53f291,internal_eth,100.0,0xfb78ad27502ce234d2cdfba5efa5b583f05fac38c7d6903905302182beda38bd,1617483665,candidate_layering,,,1
0x722122df12d4e14e13ac3b6895a86e84145b6967,0x910cbd523d972eb0a6f4cae4618ad62622b39dbf,internal_eth,10.0,0x4137ace5f799f11452b61573b72dfc2630cc62ccbb0baa386be1c6783f08594d,1617485340,candidate_layering,,,1
0x722122df12d4e14e13ac3b6895a86e84145b6967,0x910cbd523d972eb0a6f4cae4618ad62622b39dbf,internal_eth,10.0,0xf9b8d61c21aab94f1d5998c0ffdacbb2724bdc67f1a31084264cb9be5ac0163c,1617485340,candidate_layering,,,1
0x722122df12d4e14e13ac3b6895a86e84145b6967,0x910cbd523d972eb0a6f4cae4618ad62622b39dbf,internal_eth,10.0,0x41ff15e36e863d237bc52ee192732a1f308d602a568b22d112702e36e2aa247c,1617485353,candidate_layering,,,1
0x722122df12d4e14e13ac3b6895a86e84145b6967,0xa160cdab225685da1d56aa342ad8841c3b53f291,internal_eth,100.0,0xf5f8593505c01e62cc35e118c14781feec630ad266358783d826aa8776c53e01,1617485515,candidate_layering,,,1
0x722122df12d4e14e13ac3b6895a86e84145b6967,0xa160cdab225685da1d56aa342ad8841c3b53f291,internal_eth,100.0,0xad18ff4b8fb21d44791b9718fdfef0399f2939d157f6d48653f33d028b75b1e7,1617485515,candidate_layering,,,1
0x722122df12d4e14e13ac3b6895a86e84145b6967,0xa160cdab225685da1d56aa342ad8841c3b53f291,internal_eth,100.0,0x3be4db72982014b77f760ff86f2af7f316e2326bdfa798439163261dfbeb84e4,1617485515,candidate_layering,,,1
0x722122df12d4e14e13ac3b6895a86e84145b6967,0xa160cdab225685da1d56aa342ad8841c3b53f291,internal_eth,100.0,0x47648ab44152ece5a443e09cd9ed2dab1ab1aabb52c047ac5ef927536c0dbce8,1617485515,candidate_layering,,,1
0x722122df12d4e14e13ac3b6895a86e84145b6967,0xa160cdab225685da1d56aa342ad8841c3b53f291,internal_eth,100.0,0x8a1b294d3d4e6d28caa7a5c9bee6d289e760b8c2f897933b3fcfdf0c7f24818e,1617485515,candidate_layering,,,1
0x722122df12d4e14e13ac3b6895a86e84145b6967,0xa160cdab225685da1d56aa342ad8841c3b53f291,internal_eth,100.0,0xcdde05aec5be34bbafae210d7286b0759d2139486b7e827adca89a58dc576a2d,1617485515,candidate_layering,,,1
0x722122df12d4e14e13ac3b6895a86e84145b6967,0x910cbd523d972eb0a6f4cae4618ad62622b39dbf,internal_eth,10.0,0x70d68c4a90442d89a760bce7f06a18039f40394cd860f4a7fbf95b3200319960,1617487459,candidate_layering,,,1
0x722122df12d4e14e13ac3b6895a86e84145b6967,0xa160cdab225685da1d56aa342ad8841c3b53f291,internal_eth,100.0,0x5a74b363a2007f13891f97a012092db661147e5b1428d00bbf41004387b3f1c5,1617487885,candidate_layering,,,1
0x722122df12d4e14e13ac3b6895a86e84145b6967,0xa160cdab225685da1d56aa342ad8841c3b53f291,internal_eth,100.0,0x535381a42b5166f9d272f3d90f9611b4fefdee95f2474c2effc6ff515b6fef5c,1617488111,candidate_layering,,,1
0x722122df12d4e14e13ac3b6895a86e84145b6967,0xa160cdab225685da1d56aa342ad8841c3b53f291,internal_eth,100.0,0x4bc277f51810cb14b3e5db3745c9bedc00974afd49340b245aed77623b05daac,1617488112,candidate_layering,,,1
0x722122df12d4e14e13ac3b6895a86e84145b6967,0xa160cdab225685da1d56aa342ad8841c3b53f291,internal_eth,100.0,0xd3beaeb5b97c0d4ef1e49db58f5f2c8acb434f1503e23ce135ef160f635af0f0,1617488127,candidate_layering,,,1
0x722122df12d4e14e13ac3b6895a86e84145b6967,0xa160cdab225685da1d56aa342ad8841c3b53f291,internal_eth,100.0,0x53b14ff7d119c4051ae25517f65b51a59b702b323fea25485bfa2bcf3d8bd447,1617488149,candidate_layering,,,1
0x722122df12d4e14e13ac3b6895a86e84145b6967,0xa160cdab225685da1d56aa342ad8841c3b53f291,internal_eth,100.0,0xb45778ab89aa2bae4a7acfce5742b5438db0bb5ad5c76e66af5302ee1374146a,1617488189,candidate_layering,,,1
0x722122df12d4e14e13ac3b6895a86e84145b6967,0xa160cdab225685da1d56aa342ad8841c3b53f291,internal_eth,100.0,0xc27e947e272f581b3b05ff7d358605d033c74b8ec25b093474e23b9f878c5df2,1617488228,candidate_layering,,,1
0x722122df12d4e14e13ac3b6895a86e84145b6967,0xa160cdab225685da1d56aa342ad8841c3b53f291,internal_eth,100.0,0x9f80d3655ce53b79533b43ea2c214834e7d32f582aad6847fd9e2aa7126564bf,1617488242,candidate_layering,,,1
0x722122df12d4e14e13ac3b6895a86e84145b6967,0xa160cdab225685da1d56aa342ad8841c3b53f291,internal_eth,100.0,0x34e9d090c1e5f3677135a00f49da1f54f1e5e7b41c287c32ce74db8557e0c44e,1617488325,candidate_layering,,,1
0x722122df12d4e14e13ac3b6895a86e84145b6967,0xa160cdab225685da1d56aa342ad8841c3b53f291,internal_eth,100.0,0x0c9ec7d43808635ce9cc1878985c94155996455756ea4d1dd8d6314c21403fc9,1617488325,candidate_layering,,,1
0x722122df12d4e14e13ac3b6895a86e84145b6967,0x910cbd523d972eb0a6f4cae4618ad62622b39dbf,internal_eth,10.0,0xce49ad2a136185c88562dfbb58979ab8d90c0aaaa7b2ab9cc7cad8f86e8f9e4d,1617489927,candidate_layering,,,1
0x722122df12d4e14e13ac3b6895a86e84145b6967,0x910cbd523d972eb0a6f4cae4618ad62622b39dbf,internal_eth,10.0,0x6d963ad2f0669f555c9036cba621be97d1d8b2f5bac5fb526e05d5c3c9c2c9cc,1617491722,candidate_layering,,,1
0x722122df12d4e14e13ac3b6895a86e84145b6967,0x47ce0c6ed5b0ce3d3a51fdb1c52dc66a7c3c2936,internal_eth,1.0,0x06996049fde6a0d237f391fb756adb9cab53fec835f0a998a7e0d1c84df50950,1617492644,candidate_layering,,,1
0x722122df12d4e14e13ac3b6895a86e84145b6967,0x47ce0c6ed5b0ce3d3a51fdb1c52dc66a7c3c2936,internal_eth,1.0,0x392162ca60d8dc598b6489009d003dfdab5921d60a34733825aec89f7f6e3ea1,1617492644,candidate_layering,,,1
0x722122df12d4e14e13ac3b6895a86e84145b6967,0x47ce0c6ed5b0ce3d3a51fdb1c52dc66a7c3c2936,internal_eth,1.0,0x84cf1a2a1d8f22ba63d745778a1da328239b705cbe7c5a09b83052d7e872488b,1617492653,candidate_layering,,,1
0x722122df12d4e14e13ac3b6895a86e84145b6967,0x47ce0c6ed5b0ce3d3a51fdb1c52dc66a7c3c2936,internal_eth,1.0,0x58d7774f97341feb9976a9aab0bbdfd2e8acc089f94bd71e02ce70efdf657539,1617493143,candidate_layering,,,1
0x722122df12d4e14e13ac3b6895a86e84145b6967,0x910cbd523d972eb0a6f4cae4618ad62622b39dbf,internal_eth,10.0,0x67233d79225a92ebdf8cb21032427ffaefeaa5461e7ce9bf3e42ec145aa9ed0a,1617493244,candidate_layering,,,1
0x722122df12d4e14e13ac3b6895a86e84145b6967,0x910cbd523d972eb0a6f4cae4618ad62622b39dbf,internal_eth,10.0,0xfeabcd4873fb483767e56a90544d3baa31287dd50ce64925c69a7cab37332370,1617493382,candidate_layering,,,1
0x722122df12d4e14e13ac3b6895a86e84145b6967,0x47ce0c6ed5b0ce3d3a51fdb1c52dc66a7c3c2936,internal_eth,1.0,0x44eae4e17414b5cda0fb0028ac0e35b7d3d03354e8b690e343d54c9b61cb47f4,1617495546,candidate_layering,,,1
0x722122df12d4e14e13ac3b6895a86e84145b6967,0xa160cdab225685da1d56aa342ad8841c3b53f291,internal_eth,100.0,0x10637fe20754609866dc1d1a478b645f2f089fca80e94be35409de933e2a2960,1617496461,candidate_layering,,,1
0x722122df12d4e14e13ac3b6895a86e84145b6967,0xa160cdab225685da1d56aa342ad8841c3b53f291,internal_eth,100.0,0xd67cab5b65d7a768672ec0f837d6d3ccace2e8c38fc1a3dc1955bfda0648e844,1617497301,candidate_layering,,,1
0x722122df12d4e14e13ac3b6895a86e84145b6967,0x47ce0c6ed5b0ce3d3a51fdb1c52dc66a7c3c2936,internal_eth,1.0,0xdfd19f09641828884146ae8823d318533012416667c4f3c84bdef3d23f543517,1617499183,candidate_layering,,,1
0x722122df12d4e14e13ac3b6895a86e84145b6967,0x47ce0c6ed5b0ce3d3a51fdb1c52dc66a7c3c2936,internal_eth,1.0,0xe1c1b8837a1bb1b3b64fde22582d5165b51a169a1a5eb36255a6e42f08664390,1617499239,candidate_layering,,,1
0x722122df12d4e14e13ac3b6895a86e84145b6967,0x12d66f87a04a9e220743712ce6d9bb1b5616b8fc,internal_eth,0.1,0x681de8c235e1d0ddb501d919f87ec98db5ff4c2c5deb8e8da94ffe6b69112c56,1617501065,candidate_layering,,,1
0x722122df12d4e14e13ac3b6895a86e84145b6967,0x47ce0c6ed5b0ce3d3a51fdb1c52dc66a7c3c2936,internal_eth,1.0,0x5283c4ad7a914f49e8f8ab4963e5096b9e5b922707b7646e1ffa4194c91ee61a,1617502176,candidate_layering,,,1
0x722122df12d4e14e13ac3b6895a86e84145b6967,0x47ce0c6ed5b0ce3d3a51fdb1c52dc66a7c3c2936,internal_eth,1.0,0xa6e4882a98345cde6e212506cbb153cfebeb1b67b7252912f2055cc4ee079dfc,1617502359,candidate_layering,,,1
0x722122df12d4e14e13ac3b6895a86e84145b6967,0x47ce0c6ed5b0ce3d3a51fdb1c52dc66a7c3c2936,internal_eth,1.0,0xaf5b8e6fc04bfd79efc62dc4e6ac83dd5ea0bf936bd6930c5b2b4053c8fae785,1617502359,candidate_layering,,,1
0x722122df12d4e14e13ac3b6895a86e84145b6967,0x47ce0c6ed5b0ce3d3a51fdb1c52dc66a7c3c2936,internal_eth,1.0,0xc99c4bd4ea9eb3241fa685fd31cb27f2b0dbd784a92e1bb29e08a480ae1a1547,1617502428,candidate_layering,,,1
0x722122df12d4e14e13ac3b6895a86e84145b6967,0x12d66f87a04a9e220743712ce6d9bb1b5616b8fc,internal_eth,0.1,0xdea43dc4e6c3eda489bdaee3750e5aab1fb0035036c3294e880984976aaad3a7,1617502459,candidate_layering,,,1
0x722122df12d4e14e13ac3b6895a86e84145b6967,0xa160cdab225685da1d56aa342ad8841c3b53f291,internal_eth,100.0,0x80df710b2ec24a7cd2478f02d32c82837090c87a40ff4e39974640a717261759,1617502618,candidate_layering,,,1
0x722122df12d4e14e13ac3b6895a86e84145b6967,0x47ce0c6ed5b0ce3d3a51fdb1c52dc66a7c3c2936,internal_eth,1.0,0xdc3b630b6278dbd7d21f5e3f65a60074949cc9ba96f6c18f29846dc05b96504e,1617502683,candidate_layering,,,1
0x722122df12d4e14e13ac3b6895a86e84145b6967,0x47ce0c6ed5b0ce3d3a51fdb1c52dc66a7c3c2936,internal_eth,1.0,0xc6b064ccb4302ec957d4ad1671591dcc49d72fecb174d31d6cc2dd9e07318255,1617504354,candidate_layering,,,1
0x722122df12d4e14e13ac3b6895a86e84145b6967,0xa160cdab225685da1d56aa342ad8841c3b53f291,internal_eth,100.0,0x633bd4e6d3d7bd896beb9d3a07e7e39b61cee79598a014cc8410e1db12343e94,1617504424,candidate_layering,,,1
0x722122df12d4e14e13ac3b6895a86e84145b6967,0x910cbd523d972eb0a6f4cae4618ad62622b39dbf,internal_eth,10.0,0xb1e5ce6e0f4d5ba81f3fc0defa45f4366c0306bffdc6410ffab155b640f8aa9c,1617505107,candidate_layering,,,1
0x722122df12d4e14e13ac3b6895a86e84145b6967,0x47ce0c6ed5b0ce3d3a51fdb1c52dc66a7c3c2936,internal_eth,1.0,0x8d21c46a2c8830be1e10b28b9a65f4f07887c839e6711a0b16fd37e3c3e5a099,1617505774,candidate_layering,,,1
0x722122df12d4e14e13ac3b6895a86e84145b6967,0x47ce0c6ed5b0ce3d3a51fdb1c52dc66a7c3c2936,internal_eth,1.0,0xb90835ac1397ba9c2be8a99635426b88daecfba0213cbb2a351f503da943df87,1617505774,candidate_layering,,,1
0x722122df12d4e14e13ac3b6895a86e84145b6967,0x47ce0c6ed5b0ce3d3a51fdb1c52dc66a7c3c2936,internal_eth,1.0,0x59862ef3a9549ade0e3172d951c437347797b085fcedb0a4184dd13a21e8f5b1,1617505779,candidate_layering,,,1
0x722122df12d4e14e13ac3b6895a86e84145b6967,0x47ce0c6ed5b0ce3d3a51fdb1c52dc66a7c3c2936,internal_eth,1.0,0x3732a53c05718242bdca9a30a68d38f311a05deb312869526a8030ff9d31ff7d,1617505779,candidate_layering,,,1
0x722122df12d4e14e13ac3b6895a86e84145b6967,0x910cbd523d972eb0a6f4cae4618ad62622b39dbf,internal_eth,10.0,0xa2248d78a35e38112cfffcef257973993d14d4828c9e3a192ddab5b973c09c7d,1617505951,candidate_layering,,,1
0x722122df12d4e14e13ac3b6895a86e84145b6967,0x910cbd523d972eb0a6f4cae4618ad62622b39dbf,internal_eth,10.0,0xb00e4238873dac13dd50225586ef39f51f0d84766b1de6bfbe78c7a6218e8562,1617505960,candidate_layering,,,1
0x722122df12d4e14e13ac3b6895a86e84145b6967,0x910cbd523d972eb0a6f4cae4618ad62622b39dbf,internal_eth,10.0,0xf4c822f955b328150602e9485e742a1dca21903cf06ae59fd8ee26f477cfa3cd,1617505960,candidate_layering,,,1
0x722122df12d4e14e13ac3b6895a86e84145b6967,0x910cbd523d972eb0a6f4cae4618ad62622b39dbf,internal_eth,10.0,0xd95d3c9ffb72dcb5a36c0eb47dc2fd47e30863cf26f55ab97d5ae6514eb5cca7,1617505960,candidate_layering,,,1
0x722122df12d4e14e13ac3b6895a86e84145b6967,0x910cbd523d972eb0a6f4cae4618ad62622b39dbf,internal_eth,10.0,0x2a2110e287124d5172d98a02fd58d80ed972dcbf4f38d3fc7f4967a216aec025,1617505960,candidate_layering,,,1
0x722122df12d4e14e13ac3b6895a86e84145b6967,0x910cbd523d972eb0a6f4cae4618ad62622b39dbf,internal_eth,10.0,0xb58f7aa43eaf929230551e860d30a841a4526512c6552a858489a624b5c14c33,1617505960,candidate_layering,,,1
0x722122df12d4e14e13ac3b6895a86e84145b6967,0x910cbd523d972eb0a6f4cae4618ad62622b39dbf,internal_eth,10.0,0x2545afbe7702d5562ea64a0f82f278e623b02ad65e5c8dc43393500071202464,1617506028,candidate_layering,,,1
0x722122df12d4e14e13ac3b6895a86e84145b6967,0x47ce0c6ed5b0ce3d3a51fdb1c52dc66a7c3c2936,internal_eth,1.0,0x1b0ddb7848fde239302ebcb1ea36a2cce9356a93b393f8cfe48c629ffaf4c7e4,1617506028,candidate_layering,,,1
0x722122df12d4e14e13ac3b6895a86e84145b6967,0xa160cdab225685da1d56aa342ad8841c3b53f291,internal_eth,100.0,0xe4d789fdc2edb502b2e072792f7abf361992141f04a00e80ec656d69cba6e60e,1617506929,candidate_layering,,,1
0x722122df12d4e14e13ac3b6895a86e84145b6967,0xa160cdab225685da1d56aa342ad8841c3b53f291,internal_eth,100.0,0xf210fa065640dd4d0f3b4537e362d68c1d82205488cc69e93107f46adf01342d,1617507850,candidate_layering,,,1
0x722122df12d4e14e13ac3b6895a86e84145b6967,0x910cbd523d972eb0a6f4cae4618ad62622b39dbf,internal_eth,10.0,0xab29a55112ead820f97e816cb7bb75461eb129d6a85321b729909ba6dff7138e,1617508048,candidate_layering,,,1
0x722122df12d4e14e13ac3b6895a86e84145b6967,0x910cbd523d972eb0a6f4cae4618ad62622b39dbf,internal_eth,10.0,0x938265a509496c44ddcbad5d2dde99de143d03e2d232549bdc373cc8acd85220,1617508048,candidate_layering,,,1
0x722122df12d4e14e13ac3b6895a86e84145b6967,0xa160cdab225685da1d56aa342ad8841c3b53f291,internal_eth,100.0,0x3bb502050a49ac7684c7c6249714f92f437f25992211e0e740b627b0c0f02ed3,1617508091,candidate_layering,,,1
0x722122df12d4e14e13ac3b6895a86e84145b6967,0xa160cdab225685da1d56aa342ad8841c3b53f291,internal_eth,100.0,0x9cfe6113d2b3066df4bab1f1ead4d7695a37ab266cb5469b4e99dfb5681c9d81,1617508234,candidate_layering,,,1
0x722122df12d4e14e13ac3b6895a86e84145b6967,0xa160cdab225685da1d56aa342ad8841c3b53f291,internal_eth,100.0,0xd20f97134d4d6ebe0ba318f38b0c4f8bffc871657cb07d3f107f3b7219fb4a59,1617508290,candidate_layering,,,1
0x722122df12d4e14e13ac3b6895a86e84145b6967,0xa160cdab225685da1d56aa342ad8841c3b53f291,internal_eth,100.0,0xae7d18c231f9a9af67eb2886469a49efd38b745034373cf9307a7accc2e4d157,1617508395,candidate_layering,,,1
0x722122df12d4e14e13ac3b6895a86e84145b6967,0xa160cdab225685da1d56aa342ad8841c3b53f291,internal_eth,100.0,0xb2aec9f6b3d237586d8c2a0303639a376565dce4852b8c4308b2271e6fe7a2cc,1617508536,candidate_layering,,,1
0x722122df12d4e14e13ac3b6895a86e84145b6967,0xa160cdab225685da1d56aa342ad8841c3b53f291,internal_eth,100.0,0x0a91327e5ff0425daec5a728cdeb407f3d7b9663303f0befca3d6772efc37b64,1617508903,candidate_layering,,,1
0x722122df12d4e14e13ac3b6895a86e84145b6967,0xa160cdab225685da1d56aa342ad8841c3b53f291,internal_eth,100.0,0xd0aaff663c5b750a1f20bd53f01bccc8efa4652064b33927db03c1cbc63da1f8,1617508903,candidate_layering,,,1
0x722122df12d4e14e13ac3b6895a86e84145b6967,0xa160cdab225685da1d56aa342ad8841c3b53f291,internal_eth,100.0,0xb5ad655e9c013f1180d289465d9a174d9f95415b815dede4f1f45aa9023dd5de,1617509121,candidate_layering,,,1
0x722122df12d4e14e13ac3b6895a86e84145b6967,0xa160cdab225685da1d56aa342ad8841c3b53f291,internal_eth,100.0,0x66cec274129a0a2f331e467a69c5df52f5bf42372c23fabcfc12d1f0ff15c4ab,1617509275,candidate_layering,,,1
0x722122df12d4e14e13ac3b6895a86e84145b6967,0xa160cdab225685da1d56aa342ad8841c3b53f291,internal_eth,100.0,0x067789eadb927590829a870df0458c7c5eb6e2205e96d09813ea115b25b512fd,1617509288,candidate_layering,,,1
0x722122df12d4e14e13ac3b6895a86e84145b6967,0xa160cdab225685da1d56aa342ad8841c3b53f291,internal_eth,100.0,0x2de22ec834e93156c33114d4deec867a0a0b934a7fa9503f3fad544dc3bd7ab7,1617509303,candidate_layering,,,1
0x722122df12d4e14e13ac3b6895a86e84145b6967,0xa160cdab225685da1d56aa342ad8841c3b53f291,internal_eth,100.0,0x3d1d37f26790a63072901ed82389eeca39781c4321c3c707335dfc23cc684d0a,1617509362,candidate_layering,,,1
0x722122df12d4e14e13ac3b6895a86e84145b6967,0xa160cdab225685da1d56aa342ad8841c3b53f291,internal_eth,100.0,0x308c2f275e8dd03bce154b2f09e431243ec1434572c01c72d9585446d756ab5f,1617509372,candidate_layering,,,1
0x722122df12d4e14e13ac3b6895a86e84145b6967,0xa160cdab225685da1d56aa342ad8841c3b53f291,internal_eth,100.0,0x3c25cb1949332f45c40ab247e6111a49ffc930a5883d2ad49cb7ee8dfaf90ac0,1617509431,candidate_layering,,,1
0x722122df12d4e14e13ac3b6895a86e84145b6967,0xa160cdab225685da1d56aa342ad8841c3b53f291,internal_eth,100.0,0x2b5e397aa9b9e33fc2636c2e6c98be1a562ac72466de8d6a92948adddf272810,1617509431,candidate_layering,,,1
0x722122df12d4e14e13ac3b6895a86e84145b6967,0xa160cdab225685da1d56aa342ad8841c3b53f291,internal_eth,100.0,0x62c3f5c4f168a8a59000b6cdc96965f26daa0eac62469bff0d28e74887a47fd0,1617509478,candidate_layering,,,1
0x722122df12d4e14e13ac3b6895a86e84145b6967,0x910cbd523d972eb0a6f4cae4618ad62622b39dbf,internal_eth,10.0,0x4ca68d3ba631a52e9033751b92c2561312d8bc435d0151e64e238b4a2ddabb9e,1617509529,candidate_layering,,,1
0x722122df12d4e14e13ac3b6895a86e84145b6967,0x910cbd523d972eb0a6f4cae4618ad62622b39dbf,internal_eth,10.0,0x0f5285b824c7ae5639517d960530fcde304e017e4e042b58d97957b9a10cdc0c,1617509553,candidate_layering,,,1
0x722122df12d4e14e13ac3b6895a86e84145b6967,0x47ce0c6ed5b0ce3d3a51fdb1c52dc66a7c3c2936,internal_eth,1.0,0x57a673952ce28efae6abdb424029d040c7a85fdd6850abbe6ab1041192f2602c,1617509807,candidate_layering,,,1
0x722122df12d4e14e13ac3b6895a86e84145b6967,0x12d66f87a04a9e220743712ce6d9bb1b5616b8fc,internal_eth,0.1,0x932d533918e17987211fc0741b9f52ac8cb8b4b40ff1f130ab2ceeecd90e5715,1617510095,candidate_layering,,,1
0x722122df12d4e14e13ac3b6895a86e84145b6967,0x12d66f87a04a9e220743712ce6d9bb1b5616b8fc,internal_eth,0.1,0xb7d70c5c9236875145d5b13c21a393a252c2fdb76e19ea409fc533c7ea45ebd5,1617510154,candidate_layering,,,1
0x722122df12d4e14e13ac3b6895a86e84145b6967,0x910cbd523d972eb0a6f4cae4618ad62622b39dbf,internal_eth,10.0,0x0613e31fb8ec053391f3c31860e803d6c875dcf76870a7a217bea0573334e3f4,1617511533,candidate_layering,,,1
0x722122df12d4e14e13ac3b6895a86e84145b6967,0x47ce0c6ed5b0ce3d3a51fdb1c52dc66a7c3c2936,internal_eth,1.0,0xfb78e269dbb9fcaa6ad4523c089787aff8c6bf41ff1e2cb14ea055318ae995a0,1617513027,candidate_layering,,,1
0x722122df12d4e14e13ac3b6895a86e84145b6967,0x12d66f87a04a9e220743712ce6d9bb1b5616b8fc,internal_eth,0.1,0x46c080e0ce4b0be5856c7bf43442dcb8329e1572993876b989b471076886cd4a,1617513873,candidate_layering,,,1
0x722122df12d4e14e13ac3b6895a86e84145b6967,0x12d66f87a04a9e220743712ce6d9bb1b5616b8fc,internal_eth,0.1,0xdedd428861641f77b968ea1e8a38192f80a54264d1f02b9576396c6799f2db8d,1617513914,candidate_layering,,,1
0x722122df12d4e14e13ac3b6895a86e84145b6967,0x12d66f87a04a9e220743712ce6d9bb1b5616b8fc,internal_eth,0.1,0x6c85ef31b75d8bb7c5f4d256f4927fa3f1856fe8c20b8fedf55e5e1dddde5fe9,1617513916,candidate_layering,,,1
0x722122df12d4e14e13ac3b6895a86e84145b6967,0x12d66f87a04a9e220743712ce6d9bb1b5616b8fc,internal_eth,0.1,0xad922563ebfa5387e213b50b15748c94a2e4f8ebdba0114fb23d713867b25143,1617513916,candidate_layering,,,1
0x722122df12d4e14e13ac3b6895a86e84145b6967,0x12d66f87a04a9e220743712ce6d9bb1b5616b8fc,internal_eth,0.1,0x0240b41cccac75e7c6c5537679ebb07537b76eb08774c258bba69387f36fc824,1617513916,candidate_layering,,,1
0x722122df12d4e14e13ac3b6895a86e84145b6967,0x12d66f87a04a9e220743712ce6d9bb1b5616b8fc,internal_eth,0.1,0x8143ff372c5309594fadb2f29851162ab67ff517d82c0cb344d78651af6b3829,1617513916,candidate_layering,,,1
0x722122df12d4e14e13ac3b6895a86e84145b6967,0x12d66f87a04a9e220743712ce6d9bb1b5616b8fc,internal_eth,0.1,0xc198eccdcd2d0d1ec37ea1df3b6f68766a506b1bdf9ef8cb421e68323aa2e040,1617513916,candidate_layering,,,1
0x722122df12d4e14e13ac3b6895a86e84145b6967,0x12d66f87a04a9e220743712ce6d9bb1b5616b8fc,internal_eth,0.1,0x779f3bdddc56c6a9987c44b27810564dd2bba2d6b387570dd9e284baecfa2112,1617513916,candidate_layering,,,1
0x722122df12d4e14e13ac3b6895a86e84145b6967,0x12d66f87a04a9e220743712ce6d9bb1b5616b8fc,internal_eth,0.1,0xe074ce4259414640dc6b86ddbeb630eab80fe9ea7dab103c068fdf0f9c7526d3,1617513916,candidate_layering,,,1
0x722122df12d4e14e13ac3b6895a86e84145b6967,0x12d66f87a04a9e220743712ce6d9bb1b5616b8fc,internal_eth,0.1,0x23c3abde51b246fb8075b23f5aebc7c2f93b0932414173f5be30cc74e75abd7f,1617513916,candidate_layering,,,1
0x722122df12d4e14e13ac3b6895a86e84145b6967,0x12d66f87a04a9e220743712ce6d9bb1b5616b8fc,internal_eth,0.1,0x9a840fc98af5c31a7db874d3cad357ae1cfbb258ff2a5a777b2a6d5ea5f977ca,1617513916,candidate_layering,,,1
0x722122df12d4e14e13ac3b6895a86e84145b6967,0x12d66f87a04a9e220743712ce6d9bb1b5616b8fc,internal_eth,0.1,0x816dd0ad15e3bf013e51f59bdebe74d6695dabc58bf32cf5ee4b0525b41259d8,1617513916,candidate_layering,,,1
0x722122df12d4e14e13ac3b6895a86e84145b6967,0x12d66f87a04a9e220743712ce6d9bb1b5616b8fc,internal_eth,0.1,0x822017d601632a05f217a8e044e4fe94e6b11373d292f289e5288f3ae43a47db,1617513918,candidate_layering,,,1
0x722122df12d4e14e13ac3b6895a86e84145b6967,0x12d66f87a04a9e220743712ce6d9bb1b5616b8fc,internal_eth,0.1,0x97735e5dd1f786aebcba05105d4eb7e73393fc8d7aec7cc7137416416c65d084,1617513918,candidate_layering,,,1
0x722122df12d4e14e13ac3b6895a86e84145b6967,0x12d66f87a04a9e220743712ce6d9bb1b5616b8fc,internal_eth,0.1,0x1dcad23e433a4b0c6df423094c3b8de2f2173c2c4d715f3ad7d336aa4b344759,1617513937,candidate_layering,,,1
0x722122df12d4e14e13ac3b6895a86e84145b6967,0x12d66f87a04a9e220743712ce6d9bb1b5616b8fc,internal_eth,0.1,0xffffe3e6d24c29cb12896f180713f1d2ca5076daa6b0ab6ef70ad4d471787d36,1617513937,candidate_layering,,,1
0x722122df12d4e14e13ac3b6895a86e84145b6967,0x12d66f87a04a9e220743712ce6d9bb1b5616b8fc,internal_eth,0.1,0xd3a36aab8a46f260f08c0aff16c01ddc69c1f314530224676dc3cbd6ca46c957,1617513937,candidate_layering,,,1
0x722122df12d4e14e13ac3b6895a86e84145b6967,0x12d66f87a04a9e220743712ce6d9bb1b5616b8fc,internal_eth,0.1,0x1145ccbb415bf8b4f34e90f302352882dad21b2450decaf5bf09adae45351857,1617513939,candidate_layering,,,1
0x722122df12d4e14e13ac3b6895a86e84145b6967,0x12d66f87a04a9e220743712ce6d9bb1b5616b8fc,internal_eth,0.1,0xeeed3b234a447cc10c6d2263e0531bbccad6692c893888a42db7cd1f815fcef7,1617513939,candidate_layering,,,1
0x722122df12d4e14e13ac3b6895a86e84145b6967,0x12d66f87a04a9e220743712ce6d9bb1b5616b8fc,internal_eth,0.1,0xf9b1ff8cfee5910f0ef7ec3e2394456092b8ab22a8d7905c3284525a208855f5,1617513939,candidate_layering,,,1
0x722122df12d4e14e13ac3b6895a86e84145b6967,0x12d66f87a04a9e220743712ce6d9bb1b5616b8fc,internal_eth,0.1,0x8042445d930c741cf9369aca13f48958041b1cc2b961007503df4be613eae22d,1617513939,candidate_layering,,,1
0x722122df12d4e14e13ac3b6895a86e84145b6967,0x12d66f87a04a9e220743712ce6d9bb1b5616b8fc,internal_eth,0.1,0xbe2606af66b3f0f112c3ea67e0601241cafe3a6dee6eafaf6496a23af272cb1e,1617513939,candidate_layering,,,1
0x722122df12d4e14e13ac3b6895a86e84145b6967,0x12d66f87a04a9e220743712ce6d9bb1b5616b8fc,internal_eth,0.1,0xb2991225eaa78480c21d1b914eea209618d1a93f864fb65c88eba991dc8ba98f,1617513939,candidate_layering,,,1
0x722122df12d4e14e13ac3b6895a86e84145b6967,0x12d66f87a04a9e220743712ce6d9bb1b5616b8fc,internal_eth,0.1,0xf4d93a93583258f5f7b702e64f1a1e148ff74b74722cc12374381faab370011e,1617513968,candidate_layering,,,1
0x722122df12d4e14e13ac3b6895a86e84145b6967,0x12d66f87a04a9e220743712ce6d9bb1b5616b8fc,internal_eth,0.1,0x47df6931d42edb47fdac68870793fcf590f7e4468e000de1f77c1beb232957c3,1617513968,candidate_layering,,,1
0x722122df12d4e14e13ac3b6895a86e84145b6967,0x47ce0c6ed5b0ce3d3a51fdb1c52dc66a7c3c2936,internal_eth,1.0,0xb4ed261cf071ac45c5009a10f391b5f188cfebdea2b92428a12efeeb3a135c6d,1617513968,candidate_layering,,,1
0x722122df12d4e14e13ac3b6895a86e84145b6967,0x47ce0c6ed5b0ce3d3a51fdb1c52dc66a7c3c2936,internal_eth,1.0,0x12a0e33c90e634993e2fc250c73e9c19d5181d431ebdb3d16083d35e9549f6fa,1617513968,candidate_layering,,,1
0x722122df12d4e14e13ac3b6895a86e84145b6967,0x47ce0c6ed5b0ce3d3a51fdb1c52dc66a7c3c2936,internal_eth,1.0,0x8ca24cecb908c1f71b78ff5f11f4d02c2bd726c4e78f43d5d2e08d3a1e9aae86,1617513969,candidate_layering,,,1
0x722122df12d4e14e13ac3b6895a86e84145b6967,0x47ce0c6ed5b0ce3d3a51fdb1c52dc66a7c3c2936,internal_eth,1.0,0xec9f3c3c799fb4f02c94fedf3f9b52fd214515620e2f9240403e61e39a68e5aa,1617513969,candidate_layering,,,1
0x722122df12d4e14e13ac3b6895a86e84145b6967,0x47ce0c6ed5b0ce3d3a51fdb1c52dc66a7c3c2936,internal_eth,1.0,0xea1fcddcf5869cc15aa48d29df8ab0d952b8b3025b0d657b89c99e9137b369d1,1617514643,candidate_layering,,,1
0x722122df12d4e14e13ac3b6895a86e84145b6967,0x47ce0c6ed5b0ce3d3a51fdb1c52dc66a7c3c2936,internal_eth,1.0,0x3d96bc093c295494ec2929b71f691418e3ca2071a327fc371b212eafec0ff209,1617514838,candidate_layering,,,1
0x722122df12d4e14e13ac3b6895a86e84145b6967,0x12d66f87a04a9e220743712ce6d9bb1b5616b8fc,internal_eth,0.1,0x7a1f01667e981ea1033355cf5640b657deb1a1afd82587ef4844cec662af3938,1617515179,candidate_layering,,,1
0x722122df12d4e14e13ac3b6895a86e84145b6967,0x47ce0c6ed5b0ce3d3a51fdb1c52dc66a7c3c2936,internal_eth,1.0,0x0fe8a478aa5ebe5d4e6cb055daa095ec4a1cddbfbdadc25a4b44a1aa8cd4ca9b,1617515967,candidate_layering,,,1
0x722122df12d4e14e13ac3b6895a86e84145b6967,0x47ce0c6ed5b0ce3d3a51fdb1c52dc66a7c3c2936,internal_eth,1.0,0x2d4a2a4658b6ddc2378fba43932d265281dabd99b16a42a1590dd6fbd29306d2,1617515997,candidate_layering,,,1
0x722122df12d4e14e13ac3b6895a86e84145b6967,0x47ce0c6ed5b0ce3d3a51fdb1c52dc66a7c3c2936,internal_eth,1.0,0xcd8d1a4e5c39a968078359074e42897e4458cdae1d29347cbf98fbff1fbcbb38,1617515997,candidate_layering,,,1
0x722122df12d4e14e13ac3b6895a86e84145b6967,0x47ce0c6ed5b0ce3d3a51fdb1c52dc66a7c3c2936,internal_eth,1.0,0x2c97b410e4a56f46d63ff00dc718b55ad1d27832d5cbafef4b6822a409a5885b,1617516061,candidate_layering,,,1
0x722122df12d4e14e13ac3b6895a86e84145b6967,0x47ce0c6ed5b0ce3d3a51fdb1c52dc66a7c3c2936,internal_eth,1.0,0x3405c866952da6c6628f53d66fb1379b0934a7a9c7d23fc09ecbdd6e6b323454,1617516953,candidate_layering,,,1
0x722122df12d4e14e13ac3b6895a86e84145b6967,0xa160cdab225685da1d56aa342ad8841c3b53f291,internal_eth,100.0,0x7faa623e143707cfeef25e941127bfa98a439bb4fe7995417671d2c7e20f3128,1617517161,candidate_layering,,,1
0x722122df12d4e14e13ac3b6895a86e84145b6967,0x910cbd523d972eb0a6f4cae4618ad62622b39dbf,internal_eth,10.0,0xcdeebc622e6b92c63e46e50366403e84d62d36dcac9e6fef2a99b4b10ab9e0bb,1617517604,candidate_layering,,,1
0x722122df12d4e14e13ac3b6895a86e84145b6967,0xa160cdab225685da1d56aa342ad8841c3b53f291,internal_eth,100.0,0x4cc74549606643e5445111fabd1235d6ff82b3abf6eaee29cb1104babd3e96e6,1617519922,candidate_layering,,,1
0x722122df12d4e14e13ac3b6895a86e84145b6967,0x12d66f87a04a9e220743712ce6d9bb1b5616b8fc,internal_eth,0.1,0xf782bbb9db6b9f626cc3cb31bc5c5dabba7b7f8e06a8abf87a3c1bd8eb6ddc0b,1617522477,candidate_layering,,,1
0x722122df12d4e14e13ac3b6895a86e84145b6967,0x07687e702b410fa43f4cb4af7fa097918ffd2730,internal_eth,0.02,0xd0a1d4c32f87d6209f24d7b95a36c2b0ebb340d59623d53d9235e81c95237aad,1617523658,candidate_layering,,,1
0x722122df12d4e14e13ac3b6895a86e84145b6967,0xa160cdab225685da1d56aa342ad8841c3b53f291,internal_eth,100.0,0x02f71329d45a7987b2842bdfd4dbbdf7d13912bcd6a0e75b21f2b33cda41ba55,1617524515,candidate_layering,,,1
0x722122df12d4e14e13ac3b6895a86e84145b6967,0xa160cdab225685da1d56aa342ad8841c3b53f291,internal_eth,100.0,0x28ce70f1d420ece569fb2c0c2f336c0ce0b5185130b2b1dae46e08c6ab59e70c,1617524813,candidate_layering,,,1
0x722122df12d4e14e13ac3b6895a86e84145b6967,0xa160cdab225685da1d56aa342ad8841c3b53f291,internal_eth,100.0,0xc36024b2c5cf0545e403ee8af34f19b0aac45fc985c341bba5cd75019879c42f,1617524874,candidate_layering,,,1
0x722122df12d4e14e13ac3b6895a86e84145b6967,0xa160cdab225685da1d56aa342ad8841c3b53f291,internal_eth,100.0,0xd28eda6eded22cbc8d7cb2c8da663da01749ca7c3e655ed05b4706c59b2fcd7d,1617524966,candidate_layering,,,1
0x722122df12d4e14e13ac3b6895a86e84145b6967,0xa160cdab225685da1d56aa342ad8841c3b53f291,internal_eth,100.0,0xfe0de22ed15a9fa2683f965df55867782b94968a94d3872d8bb66745fe354ad6,1617525115,candidate_layering,,,1
0x722122df12d4e14e13ac3b6895a86e84145b6967,0xa160cdab225685da1d56aa342ad8841c3b53f291,internal_eth,100.0,0x8aa6486f6de41b633f943275d7caec5122aa37e250547d09efd13002ae085d6d,1617525324,candidate_layering,,,1
0x722122df12d4e14e13ac3b6895a86e84145b6967,0xa160cdab225685da1d56aa342ad8841c3b53f291,internal_eth,100.0,0xe4eea75e40f1c4c2727dd5bbf49fa66d1ef5d5aba02be7654477bbddb0feb3e9,1617525527,candidate_layering,,,1
0x722122df12d4e14e13ac3b6895a86e84145b6967,0xa160cdab225685da1d56aa342ad8841c3b53f291,internal_eth,100.0,0x59abd329abef0448ac8f14aef6290128a451b6b095d00889526e40edab8b596e,1617525686,candidate_layering,,,1
0x722122df12d4e14e13ac3b6895a86e84145b6967,0xa160cdab225685da1d56aa342ad8841c3b53f291,internal_eth,100.0,0x21e64e5b069c47af9d9db4d493df3a379be19e5afee7b2647be8427547b2c985,1617525842,candidate_layering,,,1
0x722122df12d4e14e13ac3b6895a86e84145b6967,0xa160cdab225685da1d56aa342ad8841c3b53f291,internal_eth,100.0,0x7766445a514bb4342af8393300a96ca690fee706f8f13e803f2a62c63e5c3b32,1617526015,candidate_layering,,,1
0x722122df12d4e14e13ac3b6895a86e84145b6967,0x47ce0c6ed5b0ce3d3a51fdb1c52dc66a7c3c2936,internal_eth,1.0,0x7cf9734064415a5cccbbcb45fc1ed6bbac9d2a0627c4cfa444808a9431183b0a,1617526495,candidate_layering,,,1
0x722122df12d4e14e13ac3b6895a86e84145b6967,0x910cbd523d972eb0a6f4cae4618ad62622b39dbf,internal_eth,10.0,0x60c80d091b7f161ec3a457fe619fc27e5831c65c9d4cce8996c287ffcce83ac7,1617531090,candidate_layering,,,1
0x722122df12d4e14e13ac3b6895a86e84145b6967,0x910cbd523d972eb0a6f4cae4618ad62622b39dbf,internal_eth,10.0,0xaff7fe6487948d24c641f485276c503a6575afaf7e17835a2f0604ae760d1e21,1617531163,candidate_layering,,,1
0x722122df12d4e14e13ac3b6895a86e84145b6967,0x910cbd523d972eb0a6f4cae4618ad62622b39dbf,internal_eth,10.0,0x8513d005c82a384c498ce472b54ba4203248f961bc7bd2de05e31a64db5a57dc,1617531282,candidate_layering,,,1
0x722122df12d4e14e13ac3b6895a86e84145b6967,0x910cbd523d972eb0a6f4cae4618ad62622b39dbf,internal_eth,10.0,0xb0e2e59fc90598ebbf7b5b1cdc79cf89e4b43e7a11f800dcfd6155bfcc253723,1617531321,candidate_layering,,,1
0x722122df12d4e14e13ac3b6895a86e84145b6967,0x910cbd523d972eb0a6f4cae4618ad62622b39dbf,internal_eth,10.0,0x50d785c25ddc91819c91a51a7004b7c78ccb626353523fe7e6876b1e4d8eceff,1617531326,candidate_layering,,,1
0x722122df12d4e14e13ac3b6895a86e84145b6967,0x910cbd523d972eb0a6f4cae4618ad62622b39dbf,internal_eth,10.0,0x2f84749b229117b70b87f757e6ebc0f8882e21f4294e3b1c6665ce0a64d08c3c,1617531326,candidate_layering,,,1
0x722122df12d4e14e13ac3b6895a86e84145b6967,0x910cbd523d972eb0a6f4cae4618ad62622b39dbf,internal_eth,10.0,0x1f1f169c8e489961501f8d7c5f2461251648c4fe14a6ed6adadf41a4945c2081,1617531354,candidate_layering,,,1
0x722122df12d4e14e13ac3b6895a86e84145b6967,0x910cbd523d972eb0a6f4cae4618ad62622b39dbf,internal_eth,10.0,0x6527e451e5f6ea433bae13bdac8bf55f651b79e7ac62018f9e9504c6356082d2,1617531354,candidate_layering,,,1
0x722122df12d4e14e13ac3b6895a86e84145b6967,0x910cbd523d972eb0a6f4cae4618ad62622b39dbf,internal_eth,10.0,0x2f38551cdbcd6cd72196b7c1f994c2bbce1f724b46bc6645d34b27ae8dcc12bd,1617531354,candidate_layering,,,1
0x722122df12d4e14e13ac3b6895a86e84145b6967,0x910cbd523d972eb0a6f4cae4618ad62622b39dbf,internal_eth,10.0,0xfd51306268a973c0c4d0bd09494a6c1e869842213e1aad1c27260c0ce8d6eb20,1617531461,candidate_layering,,,1
0x722122df12d4e14e13ac3b6895a86e84145b6967,0x47ce0c6ed5b0ce3d3a51fdb1c52dc66a7c3c2936,internal_eth,1.0,0xf0a26a4fc3470b1dfa72240af95b51b1b8874f422ee84b7fb2b68ce8812ed320,1617531461,candidate_layering,,,1
0x722122df12d4e14e13ac3b6895a86e84145b6967,0x47ce0c6ed5b0ce3d3a51fdb1c52dc66a7c3c2936,internal_eth,1.0,0x6c043a9cb34855a1738d08c684e999bcfa4e559a367c27819b19beef5dfeb561,1617531461,candidate_layering,,,1
0x722122df12d4e14e13ac3b6895a86e84145b6967,0x47ce0c6ed5b0ce3d3a51fdb1c52dc66a7c3c2936,internal_eth,1.0,0x00d002b187c68d7fb7a0917d28fe33490a2009831482242440681865330fad9b,1617532167,candidate_layering,,,1
0x722122df12d4e14e13ac3b6895a86e84145b6967,0xa160cdab225685da1d56aa342ad8841c3b53f291,internal_eth,100.0,0x4785d0ef6c2141f75c7b53273e1015cdd7fa914d99128b0010cf094e3361fe71,1617534092,candidate_layering,,,1
0x722122df12d4e14e13ac3b6895a86e84145b6967,0x910cbd523d972eb0a6f4cae4618ad62622b39dbf,internal_eth,10.0,0xa24cf64124f37b098229d37dd7739cae9ede208e168cbce18fd120f86b71bb8a,1617534259,candidate_layering,,,1
0x722122df12d4e14e13ac3b6895a86e84145b6967,0x910cbd523d972eb0a6f4cae4618ad62622b39dbf,internal_eth,10.0,0x62f149c030dc13f72c9e8aa110158cdad47bdd841b91eafaefc817ae87fe13d5,1617534358,candidate_layering,,,1
0x722122df12d4e14e13ac3b6895a86e84145b6967,0x910cbd523d972eb0a6f4cae4618ad62622b39dbf,internal_eth,10.0,0x1cc3990e7c54b11b353e3e96cd014e7a14e3d1eee0f10c7d7d09fca2e14e56fb,1617534373,candidate_layering,,,1
0x722122df12d4e14e13ac3b6895a86e84145b6967,0x47ce0c6ed5b0ce3d3a51fdb1c52dc66a7c3c2936,internal_eth,1.0,0x96dca2a164e2e50a5468dcb135796024258c5eab4a603b6156665c7104eacabc,1617534477,candidate_layering,,,1
0x722122df12d4e14e13ac3b6895a86e84145b6967,0x910cbd523d972eb0a6f4cae4618ad62622b39dbf,internal_eth,10.0,0x1110583d9b29a4af4490bd3d6f644492763e6a9cac95e5e42128da820e1af30c,1617534477,candidate_layering,,,1
0x722122df12d4e14e13ac3b6895a86e84145b6967,0x47ce0c6ed5b0ce3d3a51fdb1c52dc66a7c3c2936,internal_eth,1.0,0x4adfcce0c6a14be07c01f08fb219a14b507f58daa9875a9b47d95a4803d3af8f,1617534744,candidate_layering,,,1
0x722122df12d4e14e13ac3b6895a86e84145b6967,0x910cbd523d972eb0a6f4cae4618ad62622b39dbf,internal_eth,10.0,0xb22d0d7d630f431290a8f6ba69a70dfb21ebe9d07151bc2bd4f851ad1840d6d5,1617534802,candidate_layering,,,1
0x722122df12d4e14e13ac3b6895a86e84145b6967,0x910cbd523d972eb0a6f4cae4618ad62622b39dbf,internal_eth,10.0,0xcc363831254e85465eb5956cb9e8f999362eacb03dc16d4410d949485b60dad7,1617534802,candidate_layering,,,1
0x722122df12d4e14e13ac3b6895a86e84145b6967,0x910cbd523d972eb0a6f4cae4618ad62622b39dbf,internal_eth,10.0,0x833960fb1349f0811ee533c5d7c071692be5d070b1e26f9518933e2c241b0268,1617535656,candidate_layering,,,1
0x722122df12d4e14e13ac3b6895a86e84145b6967,0x47ce0c6ed5b0ce3d3a51fdb1c52dc66a7c3c2936,internal_eth,1.0,0x7b1805a62e97c236c7b38bcd58d65457756e099962ec72dd05ed5b90c9142a5b,1617535914,candidate_layering,,,1
0x722122df12d4e14e13ac3b6895a86e84145b6967,0xa160cdab225685da1d56aa342ad8841c3b53f291,internal_eth,100.0,0x3cc72e4d4fa88a60be709c29b71ce0ee16ea9468f92a15e012952168ceaf3d7d,1617537348,candidate_layering,,,1
0x722122df12d4e14e13ac3b6895a86e84145b6967,0x910cbd523d972eb0a6f4cae4618ad62622b39dbf,internal_eth,10.0,0x50e9a3834d849f85f227761b35091c9787cce48dd73777082f9bbde5907427ef,1617537893,candidate_layering,,,1
0x722122df12d4e14e13ac3b6895a86e84145b6967,0x910cbd523d972eb0a6f4cae4618ad62622b39dbf,internal_eth,10.0,0x872835d8ddc9352f2dfca7139c4e7fad1ede4dca40aad28485355f9a284e9356,1617537898,candidate_layering,,,1
0x722122df12d4e14e13ac3b6895a86e84145b6967,0x47ce0c6ed5b0ce3d3a51fdb1c52dc66a7c3c2936,internal_eth,1.0,0x1ba72c3a6221c54ca17ace7e29f99d2b9e37142064ba3cccc926263ad7a0f0fd,1617539310,candidate_layering,,,1
0x722122df12d4e14e13ac3b6895a86e84145b6967,0x47ce0c6ed5b0ce3d3a51fdb1c52dc66a7c3c2936,internal_eth,1.0,0xa9d5e32fcf793deffae6ae20978f53fa3afd757e63feb4cfaedfeeeb88588e1e,1617539406,candidate_layering,,,1
0x722122df12d4e14e13ac3b6895a86e84145b6967,0x47ce0c6ed5b0ce3d3a51fdb1c52dc66a7c3c2936,internal_eth,1.0,0x88a3f082b4dcfceefe45dfc4303829a461a7ef47cf89e570938c92def3bc0fb6,1617539540,candidate_layering,,,1
0x722122df12d4e14e13ac3b6895a86e84145b6967,0x47ce0c6ed5b0ce3d3a51fdb1c52dc66a7c3c2936,internal_eth,1.0,0xec7f307e3fbf4fe1dd118f5846b21ff3a2e2ec447caa249215fdf5e447a1c88e,1617539742,candidate_layering,,,1
0x722122df12d4e14e13ac3b6895a86e84145b6967,0x12d66f87a04a9e220743712ce6d9bb1b5616b8fc,internal_eth,0.1,0x07033422ad72c41b7e94cfb628709e9453848d74ac2a5336a5c731f8e7559d97,1617539846,candidate_layering,,,1
0x722122df12d4e14e13ac3b6895a86e84145b6967,0x12d66f87a04a9e220743712ce6d9bb1b5616b8fc,internal_eth,0.1,0xbdbc66995f75c483a209f5d8ec32cc8518c57eaf97fefe60dad9a3888d9d5d4d,1617540003,candidate_layering,,,1
0x722122df12d4e14e13ac3b6895a86e84145b6967,0xa160cdab225685da1d56aa342ad8841c3b53f291,internal_eth,100.0,0x46ed8b83496b9a854eab563b82ea4e6ba74d5957538ffda4ab2738b6595323fe,1617540476,candidate_layering,,,1
0x722122df12d4e14e13ac3b6895a86e84145b6967,0x910cbd523d972eb0a6f4cae4618ad62622b39dbf,internal_eth,10.0,0x42067e3322edc086ec06f3e37a1fc0684430e7a5f9718b03cb357cd8cbf43a5a,1617540632,candidate_layering,,,1
0x722122df12d4e14e13ac3b6895a86e84145b6967,0x12d66f87a04a9e220743712ce6d9bb1b5616b8fc,internal_eth,0.1,0xd619955152c2323aaa2d71a3470813dc14d5fc1f39514c7d9d23da1dcbf388ea,1617540814,candidate_layering,,,1
0x722122df12d4e14e13ac3b6895a86e84145b6967,0x910cbd523d972eb0a6f4cae4618ad62622b39dbf,internal_eth,10.0,0x08425186c44115963940c5e2793db73838e9e031532154deaa827b4fa8b31c26,1617542445,candidate_layering,,,1
0x722122df12d4e14e13ac3b6895a86e84145b6967,0x47ce0c6ed5b0ce3d3a51fdb1c52dc66a7c3c2936,internal_eth,1.0,0x282bcaec0111a121491e31b9f148364f9e9270e1b7e318e8eabbb629796bcdc7,1617542672,candidate_layering,,,1
0x722122df12d4e14e13ac3b6895a86e84145b6967,0xa160cdab225685da1d56aa342ad8841c3b53f291,internal_eth,100.0,0xa51606eaf5247d30099aa4cd7cc88b3e81553723a982e9b6b7576c9479fe8d13,1617542828,candidate_layering,,,1
0x722122df12d4e14e13ac3b6895a86e84145b6967,0xa160cdab225685da1d56aa342ad8841c3b53f291,internal_eth,100.0,0x353e249506f724e12df94890cb421e5a7df7c7c32e4d760d24e771a746a6b288,1617542828,candidate_layering,,,1
0x722122df12d4e14e13ac3b6895a86e84145b6967,0xa160cdab225685da1d56aa342ad8841c3b53f291,internal_eth,100.0,0x8d6f2be7944bab10aba76acb55eac1716370df0c4bbef1cc9397e9629f296896,1617542828,candidate_layering,,,1
0x722122df12d4e14e13ac3b6895a86e84145b6967,0xa160cdab225685da1d56aa342ad8841c3b53f291,internal_eth,100.0,0x8e60a091d9daa336615aaee04bd91d71b58e5eaf6e326ab0967c180a0274c585,1617542828,candidate_layering,,,1
0x722122df12d4e14e13ac3b6895a86e84145b6967,0xa160cdab225685da1d56aa342ad8841c3b53f291,internal_eth,100.0,0x1aed2121b1fef3555beba079b35cc006a2e66d2d92ae076c02544b22dc56c797,1617542828,candidate_layering,,,1
0x722122df12d4e14e13ac3b6895a86e84145b6967,0x47ce0c6ed5b0ce3d3a51fdb1c52dc66a7c3c2936,internal_eth,1.0,0x1f60f5016ea6aa31daff6c5f364ed9a412eaa8e814dad2305a1e8b6e4bd0a928,1617542983,candidate_layering,,,1
0x722122df12d4e14e13ac3b6895a86e84145b6967,0xa160cdab225685da1d56aa342ad8841c3b53f291,internal_eth,100.0,0x106b4e234f65090aa42beb2320a8305c8811a46e9e4e846841e9009ffa51844c,1617543284,candidate_layering,,,1
0x722122df12d4e14e13ac3b6895a86e84145b6967,0xa160cdab225685da1d56aa342ad8841c3b53f291,internal_eth,100.0,0xa3d10e5be707b65d6e3f0b7ac76156d26b2a094d51c4dc480c1654ad828a50ab,1617543284,candidate_layering,,,1
0x722122df12d4e14e13ac3b6895a86e84145b6967,0xa160cdab225685da1d56aa342ad8841c3b53f291,internal_eth,100.0,0x9b73ba9b7846aa6b9c1e5fc971b53af8eb366baa1a898b3431759b9276643e08,1617543284,candidate_layering,,,1
0x722122df12d4e14e13ac3b6895a86e84145b6967,0xa160cdab225685da1d56aa342ad8841c3b53f291,internal_eth,100.0,0x1a80539f252837b699691685e3d707670fee16d57d6aded6a24d35167540bca1,1617543284,candidate_layering,,,1
0x722122df12d4e14e13ac3b6895a86e84145b6967,0xa160cdab225685da1d56aa342ad8841c3b53f291,internal_eth,100.0,0x7a17f9b72471e7a540143a985e57b76155a912b4ddda7ee3e38db8231a5d9929,1617543284,candidate_layering,,,1
0x722122df12d4e14e13ac3b6895a86e84145b6967,0xa160cdab225685da1d56aa342ad8841c3b53f291,internal_eth,100.0,0xc36b5b10315f39acad4dfe1422bc871c2f36d5fc14945e8e39ded220acdf2bcd,1617543288,candidate_layering,,,1
0x722122df12d4e14e13ac3b6895a86e84145b6967,0xa160cdab225685da1d56aa342ad8841c3b53f291,internal_eth,100.0,0x20cb78d67bc10425a77a3c5e93e4bfc2f42ad2211ee43ccfa6b2cbce27c035c4,1617543288,candidate_layering,,,1
0x722122df12d4e14e13ac3b6895a86e84145b6967,0xa160cdab225685da1d56aa342ad8841c3b53f291,internal_eth,100.0,0xab9383a657b07253845d0f7af5f93dc81597aab03a8c1d860a06f16552b88e51,1617543676,candidate_layering,,,1
0x722122df12d4e14e13ac3b6895a86e84145b6967,0xa160cdab225685da1d56aa342ad8841c3b53f291,internal_eth,100.0,0x33133a30257fbd559b59342b7d2641bc798f368e0fabaa6eb745432a7b39d894,1617543676,candidate_layering,,,1
0x722122df12d4e14e13ac3b6895a86e84145b6967,0xa160cdab225685da1d56aa342ad8841c3b53f291,internal_eth,100.0,0x3f817401287a543041a3b4f8fb6d73fb8aac1610c4565f9731c9e70f9aab2713,1617543676,candidate_layering,,,1
0x722122df12d4e14e13ac3b6895a86e84145b6967,0xa160cdab225685da1d56aa342ad8841c3b53f291,internal_eth,100.0,0xc517fcec6a318060bb407d41020df6a1ef18f36ac2c9ae6459b4a4a72e03926f,1617543676,candidate_layering,,,1
0x722122df12d4e14e13ac3b6895a86e84145b6967,0xa160cdab225685da1d56aa342ad8841c3b53f291,internal_eth,100.0,0x3fce37441e8c7d49fb9795371cc4cef3dc021ef46ac2abff7f5cfa5442753545,1617543676,candidate_layering,,,1
0x722122df12d4e14e13ac3b6895a86e84145b6967,0xa160cdab225685da1d56aa342ad8841c3b53f291,internal_eth,100.0,0x6b88598166a7a35c129482c6c41a7ca3c604b3351e03fcca620c7417cb262976,1617543677,candidate_layering,,,1
0x722122df12d4e14e13ac3b6895a86e84145b6967,0xa160cdab225685da1d56aa342ad8841c3b53f291,internal_eth,100.0,0xe013d4235a8dd3ee8cc0ce27b11c2f2de3b5f19b4457c0caf05cbf19aa009b2c,1617543677,candidate_layering,,,1
0x722122df12d4e14e13ac3b6895a86e84145b6967,0xa160cdab225685da1d56aa342ad8841c3b53f291,internal_eth,100.0,0x5a82aab85cb50da050592d93266dec62327c3b12875426980356603ed3976e4a,1617543677,candidate_layering,,,1
0x722122df12d4e14e13ac3b6895a86e84145b6967,0x47ce0c6ed5b0ce3d3a51fdb1c52dc66a7c3c2936,internal_eth,1.0,0x8c49a2c2b8127f078ec355e9659f8081ffa22951f393ffb6bc46459684a9b6ad,1617543938,candidate_layering,,,1
0x722122df12d4e14e13ac3b6895a86e84145b6967,0x910cbd523d972eb0a6f4cae4618ad62622b39dbf,internal_eth,10.0,0xe4aea3d4b548f4634d3c9cea57405071c500d46303e038d37f5247b7aefa6ee1,1617544096,candidate_layering,,,1
0x722122df12d4e14e13ac3b6895a86e84145b6967,0xa160cdab225685da1d56aa342ad8841c3b53f291,internal_eth,100.0,0x5c08c249d986c0c984cb6d9d431bd725ebedb3e99548f09742debb7bd4e8594d,1617544498,candidate_layering,,,1
0x722122df12d4e14e13ac3b6895a86e84145b6967,0xa160cdab225685da1d56aa342ad8841c3b53f291,internal_eth,100.0,0x29ba72ad71f43ec29bb901accb72bb42f8d60eb614d93f036bcc1ee0c3e0d9fb,1617544498,candidate_layering,,,1
0x722122df12d4e14e13ac3b6895a86e84145b6967,0xa160cdab225685da1d56aa342ad8841c3b53f291,internal_eth,100.0,0xfbb038f16b4a0a0ead30e23b293ca880f506c261b8d0ec7b4cec48d1b48f65bc,1617544502,candidate_layering,,,1
0x722122df12d4e14e13ac3b6895a86e84145b6967,0xa160cdab225685da1d56aa342ad8841c3b53f291,internal_eth,100.0,0x0562ee9f9a9205c143b778f20d520737cadf42c503e637d4e5c45b2966edeb8b,1617544502,candidate_layering,,,1
0x722122df12d4e14e13ac3b6895a86e84145b6967,0xa160cdab225685da1d56aa342ad8841c3b53f291,internal_eth,100.0,0x971b98b70bc54c6534e295c9a4c94fda222fe449ab49942e00b5b787a4e14d4f,1617544502,candidate_layering,,,1
0x722122df12d4e14e13ac3b6895a86e84145b6967,0xa160cdab225685da1d56aa342ad8841c3b53f291,internal_eth,100.0,0xc30db892f393595e6ca2ea01562168e2f47d2d1df2a8337830101327738afd31,1617544502,candidate_layering,,,1
0x722122df12d4e14e13ac3b6895a86e84145b6967,0xa160cdab225685da1d56aa342ad8841c3b53f291,internal_eth,100.0,0xde3b07154c43e09ff1fcb5d3f5f31eabe95a540aa009eec7964f573e055c4cf0,1617544502,candidate_layering,,,1
0x722122df12d4e14e13ac3b6895a86e84145b6967,0xa160cdab225685da1d56aa342ad8841c3b53f291,internal_eth,100.0,0x2d1dc7ec283dd14b7160bdf368c8db8d82f71bc35a2bf6736d63ce95d1d815f5,1617544692,candidate_layering,,,1
0x722122df12d4e14e13ac3b6895a86e84145b6967,0xa160cdab225685da1d56aa342ad8841c3b53f291,internal_eth,100.0,0x5a1cb3756fce064ef48032be422dd674ce67fda2ce91ba188d4132bc0c8075e2,1617544692,candidate_layering,,,1
0x722122df12d4e14e13ac3b6895a86e84145b6967,0xa160cdab225685da1d56aa342ad8841c3b53f291,internal_eth,100.0,0x584ba1a3d7a5ead099c960fcadc1fc2afe5a56cf3a38872bf783847462e90625,1617544692,candidate_layering,,,1
0x722122df12d4e14e13ac3b6895a86e84145b6967,0xa160cdab225685da1d56aa342ad8841c3b53f291,internal_eth,100.0,0x77390f1617e45c1168a080acd324baa7cb9ef35b6d8de949464707151e560918,1617544696,candidate_layering,,,1
0x722122df12d4e14e13ac3b6895a86e84145b6967,0xa160cdab225685da1d56aa342ad8841c3b53f291,internal_eth,100.0,0xde94823fe93ddeef7dd92a661c37ecbbfff99929a9ea66517b906ef058d5e5b9,1617544696,candidate_layering,,,1
0x722122df12d4e14e13ac3b6895a86e84145b6967,0xa160cdab225685da1d56aa342ad8841c3b53f291,internal_eth,100.0,0xc84a81305e9b02ab18a48f98f6359d9db17c1269ff313aa50e51dc6d04406db8,1617544696,candidate_layering,,,1
0x722122df12d4e14e13ac3b6895a86e84145b6967,0xa160cdab225685da1d56aa342ad8841c3b53f291,internal_eth,100.0,0x4aef8cfceb87af3ebf0c3cd95efef37d9f3cdf3ad25341431f466882e457f78e,1617544696,candidate_layering,,,1
0x722122df12d4e14e13ac3b6895a86e84145b6967,0xa160cdab225685da1d56aa342ad8841c3b53f291,internal_eth,100.0,0xed435e39bac99fab28f1ad6298e6316ec416c511add1d49c14fe9605485c5244,1617544974,candidate_layering,,,1
0x722122df12d4e14e13ac3b6895a86e84145b6967,0x910cbd523d972eb0a6f4cae4618ad62622b39dbf,internal_eth,10.0,0x3251770fe82169ef6326a35bfeec52e3263ee2ef047870eb4d4b76a312474fe8,1617545327,candidate_layering,,,1
0x722122df12d4e14e13ac3b6895a86e84145b6967,0x910cbd523d972eb0a6f4cae4618ad62622b39dbf,internal_eth,10.0,0x6943f1865bf8ab8b88fea9967c764af77179e699321cafb18d7239fcc8bb3477,1617545620,candidate_layering,,,1
0x722122df12d4e14e13ac3b6895a86e84145b6967,0x910cbd523d972eb0a6f4cae4618ad62622b39dbf,internal_eth,10.0,0xb66bb2be52076a96fd80f4202d2e30a19054fae4129d9bcc8053643024663829,1617545984,candidate_layering,,,1
0x722122df12d4e14e13ac3b6895a86e84145b6967,0x910cbd523d972eb0a6f4cae4618ad62622b39dbf,internal_eth,10.0,0xd8d127dd60349f15a91171e41ebdcfbab61b11b08fa68a8b1777e099ff10b94b,1617545984,candidate_layering,,,1
0x722122df12d4e14e13ac3b6895a86e84145b6967,0x910cbd523d972eb0a6f4cae4618ad62622b39dbf,internal_eth,10.0,0x1272d2f5d362ccf0ae5d9ed11e0cb42a42508a3adcd07046b5771dfae780a100,1617546382,candidate_layering,,,1
0x722122df12d4e14e13ac3b6895a86e84145b6967,0x910cbd523d972eb0a6f4cae4618ad62622b39dbf,internal_eth,10.0,0x6a392c63bc886d472a823d61bbebcd027dcd26832f03b522fa6b829ac64164ce,1617546382,candidate_layering,,,1
0x722122df12d4e14e13ac3b6895a86e84145b6967,0x910cbd523d972eb0a6f4cae4618ad62622b39dbf,internal_eth,10.0,0xe1ea9e096dbe2b0ac48f66df0327dcf68b09e765ccbdc1aa9b2c6494131850af,1617546382,candidate_layering,,,1
0x722122df12d4e14e13ac3b6895a86e84145b6967,0xa160cdab225685da1d56aa342ad8841c3b53f291,internal_eth,100.0,0x0bda60b6cd0d9e429eacbbf57ee14e05f1d6e453b6eb1cf40dab9d064ae8b5a3,1617547625,candidate_layering,,,1
0x722122df12d4e14e13ac3b6895a86e84145b6967,0xa160cdab225685da1d56aa342ad8841c3b53f291,internal_eth,100.0,0xdf121736bb3fd5fde6f41fbd7e946db35f293b9cae5dc8255e2959ead4679d8a,1617548896,candidate_layering,,,1
0x722122df12d4e14e13ac3b6895a86e84145b6967,0xa160cdab225685da1d56aa342ad8841c3b53f291,internal_eth,100.0,0x002dc311e920b507499ab12b0b5fe1103e8f2a995c24af6b0ea62c2837b89ec9,1617549098,candidate_layering,,,1
0x722122df12d4e14e13ac3b6895a86e84145b6967,0xa160cdab225685da1d56aa342ad8841c3b53f291,internal_eth,100.0,0xe944023cbe4ac4da88f8ad08e2a9040cdcaa6eb51b67b4e5b5b069b1f37c5cb5,1617549188,candidate_layering,,,1
0x722122df12d4e14e13ac3b6895a86e84145b6967,0xa160cdab225685da1d56aa342ad8841c3b53f291,internal_eth,100.0,0x3c5647a4d89571c319436a2befc9803382bba9ba0c4b3567725a927ab16fffad,1617549341,candidate_layering,,,1
0x722122df12d4e14e13ac3b6895a86e84145b6967,0x47ce0c6ed5b0ce3d3a51fdb1c52dc66a7c3c2936,internal_eth,1.0,0x23f0717f7b228f567f6c8f28a41234460c10cc1fe5c69412b452340fbada28f9,1617550086,candidate_layering,,,1
0x722122df12d4e14e13ac3b6895a86e84145b6967,0x12d66f87a04a9e220743712ce6d9bb1b5616b8fc,internal_eth,0.1,0x2510d6402cbd67a825c1b36876efd74851140e3b6ba7cc2d3623122e544f4866,1617551597,candidate_layering,,,1
0x722122df12d4e14e13ac3b6895a86e84145b6967,0x910cbd523d972eb0a6f4cae4618ad62622b39dbf,internal_eth,10.0,0x86e60993b9b3e579d8612ef4296ea2da660cb6ea1cdcc5bbf4a76a7e35fb086b,1617551649,candidate_layering,,,1
0x722122df12d4e14e13ac3b6895a86e84145b6967,0xa160cdab225685da1d56aa342ad8841c3b53f291,internal_eth,100.0,0xccb4dc011239923f6f8c87503d366e3d07799ecb4c92d465e29f9de85ee59538,1617551964,candidate_layering,,,1
0x722122df12d4e14e13ac3b6895a86e84145b6967,0x12d66f87a04a9e220743712ce6d9bb1b5616b8fc,internal_eth,0.1,0xf4be3cdb48c2f84aa33e22875b3b5434dcca86ee32f9e67ec84af917542eb676,1617553144,candidate_layering,,,1
0x722122df12d4e14e13ac3b6895a86e84145b6967,0x12d66f87a04a9e220743712ce6d9bb1b5616b8fc,internal_eth,0.1,0x7f7924de3b6b40cb1d66243370fa1f958cfbf2dfd947d5c7d2ae1219353d116f,1617554049,candidate_layering,,,1
0x722122df12d4e14e13ac3b6895a86e84145b6967,0x12d66f87a04a9e220743712ce6d9bb1b5616b8fc,internal_eth,0.1,0x9c1dfe025ca1d0eaf1b638ab7f1ed12cfc9edd3e58ad220fde5fa0c87576bbb2,1617555153,candidate_layering,,,1
0x722122df12d4e14e13ac3b6895a86e84145b6967,0x47ce0c6ed5b0ce3d3a51fdb1c52dc66a7c3c2936,internal_eth,1.0,0x8a934e905007a459fc8b54fa67dc5a374dabbfcfbd410dd9db028363f7def9c7,1617555740,candidate_layering,,,1
0x722122df12d4e14e13ac3b6895a86e84145b6967,0x910cbd523d972eb0a6f4cae4618ad62622b39dbf,internal_eth,10.0,0x541442ce09662c6015ccd14083c9d2b695fba883a6107919cf105655b317d370,1617556251,candidate_layering,,,1
0x722122df12d4e14e13ac3b6895a86e84145b6967,0x47ce0c6ed5b0ce3d3a51fdb1c52dc66a7c3c2936,internal_eth,1.0,0x36a29123abbc90b2e5fdfc44a472a6a9f52759f7d424381ae714392b6e382f96,1617557558,candidate_layering,,,1
0x722122df12d4e14e13ac3b6895a86e84145b6967,0x910cbd523d972eb0a6f4cae4618ad62622b39dbf,internal_eth,10.0,0xc4815a60645ac4577595538e33282c73e7d1a6b8124c851e8fdb2fdecbf03a06,1617558611,candidate_layering,,,1
0x722122df12d4e14e13ac3b6895a86e84145b6967,0xa160cdab225685da1d56aa342ad8841c3b53f291,internal_eth,100.0,0xa4e374c3505f2a2f5ad9da6ea8f486dc563a4ff1bbcf504d56ca2e5c79fe7752,1617558651,candidate_layering,,,1
0x722122df12d4e14e13ac3b6895a86e84145b6967,0x47ce0c6ed5b0ce3d3a51fdb1c52dc66a7c3c2936,internal_eth,1.0,0x710e930112e2bdca820e465634ae6eadd38658018195e3e344db369d73c1df1c,1617558811,candidate_layering,,,1
0x722122df12d4e14e13ac3b6895a86e84145b6967,0x12d66f87a04a9e220743712ce6d9bb1b5616b8fc,internal_eth,0.1,0x2b2648e44a8dbfc4e69d1d6f68db8f0bc4c7a73e9a5ac353ae324a59f2f18c9a,1617558916,candidate_layering,,,1
0x722122df12d4e14e13ac3b6895a86e84145b6967,0x12d66f87a04a9e220743712ce6d9bb1b5616b8fc,internal_eth,0.1,0x2798cd02cc6ea6544e47c826d1bdb8ea9d3f0555aa906811c27d3e863f698f9a,1617558934,candidate_layering,,,1
0x722122df12d4e14e13ac3b6895a86e84145b6967,0x12d66f87a04a9e220743712ce6d9bb1b5616b8fc,internal_eth,0.1,0x785ef88f2b7c17d9351619c270d077ae076d82f45fd56a5190b443aaaf86de1a,1617558993,candidate_layering,,,1
0x722122df12d4e14e13ac3b6895a86e84145b6967,0x47ce0c6ed5b0ce3d3a51fdb1c52dc66a7c3c2936,internal_eth,1.0,0xd8d90b639ab391f5119b26a868fe256bfe45c4355589938a67d7bb19cff07df7,1617559073,candidate_layering,,,1
0x722122df12d4e14e13ac3b6895a86e84145b6967,0x12d66f87a04a9e220743712ce6d9bb1b5616b8fc,internal_eth,0.1,0x10a42d6c33e039360fa030a0a78b93cc3781c2a95ae79c761c764e9f19efe8f8,1617559105,candidate_layering,,,1
0x722122df12d4e14e13ac3b6895a86e84145b6967,0x12d66f87a04a9e220743712ce6d9bb1b5616b8fc,internal_eth,0.1,0x0be38532c81d85a3aadd068f4906119ab5dd4a9a7636649b3cd2cd643ae755a8,1617559201,candidate_layering,,,1
0x722122df12d4e14e13ac3b6895a86e84145b6967,0x12d66f87a04a9e220743712ce6d9bb1b5616b8fc,internal_eth,0.1,0x6c1ff0806a3143818747f00747cf0ff9e2393e77ba8077494d7a57068ca52e90,1617559422,candidate_layering,,,1
0x722122df12d4e14e13ac3b6895a86e84145b6967,0x47ce0c6ed5b0ce3d3a51fdb1c52dc66a7c3c2936,internal_eth,1.0,0x3e08868ea47a6bb4a9ec2ea0b1aad50ab1436c0088c1d54ba7c4a00f28505cc9,1617560056,candidate_layering,,,1
0x722122df12d4e14e13ac3b6895a86e84145b6967,0x12d66f87a04a9e220743712ce6d9bb1b5616b8fc,internal_eth,0.1,0x30f6912f210158a010e0e2ebc93a2182e6bd1acb7a507a6eda5b903d93e55e5a,1617560245,candidate_layering,,,1
0x722122df12d4e14e13ac3b6895a86e84145b6967,0x47ce0c6ed5b0ce3d3a51fdb1c52dc66a7c3c2936,internal_eth,1.0,0x623af25943e0bdfbb55f0846d66cfc2622832481922433409b914bc87ef103d3,1617560488,candidate_layering,,,1
0x722122df12d4e14e13ac3b6895a86e84145b6967,0x12d66f87a04a9e220743712ce6d9bb1b5616b8fc,internal_eth,0.1,0x44b994f3534e02e68eb8da754fea219b8270d3d4383a54c30d544cd5ae74459f,1617561482,candidate_layering,,,1
0x722122df12d4e14e13ac3b6895a86e84145b6967,0x47ce0c6ed5b0ce3d3a51fdb1c52dc66a7c3c2936,internal_eth,1.0,0xfe45b84b2decca65d9783366fbebf754a60810f2a59374842f373a45b4af69bc,1617561489,candidate_layering,,,1
0x722122df12d4e14e13ac3b6895a86e84145b6967,0x47ce0c6ed5b0ce3d3a51fdb1c52dc66a7c3c2936,internal_eth,1.0,0x652ce2adf41ce9f42d64af7cf733580bdf1cb1b65b1d0b9282180391fa290c18,1617561489,candidate_layering,,,1
0x722122df12d4e14e13ac3b6895a86e84145b6967,0x47ce0c6ed5b0ce3d3a51fdb1c52dc66a7c3c2936,internal_eth,1.0,0x6e565a766d094fe92ccb494cd818310e793c7e50bd3dfdcb2e959e708570af31,1617561509,candidate_layering,,,1
0x722122df12d4e14e13ac3b6895a86e84145b6967,0x47ce0c6ed5b0ce3d3a51fdb1c52dc66a7c3c2936,internal_eth,1.0,0xbda8255cf344ef1b8a1f81def3e646dcf15af2fc3fbc1681e04ce4d524565b8a,1617561509,candidate_layering,,,1
0x722122df12d4e14e13ac3b6895a86e84145b6967,0x47ce0c6ed5b0ce3d3a51fdb1c52dc66a7c3c2936,internal_eth,1.0,0x13bf83b652a3044b53531fe7ff049380eacb495372291b561ed66eb02c73feee,1617561509,candidate_layering,,,1
0x722122df12d4e14e13ac3b6895a86e84145b6967,0x47ce0c6ed5b0ce3d3a51fdb1c52dc66a7c3c2936,internal_eth,1.0,0x3599ce72c996a8139185c4e341ff15f3e7e0dc5047e70157ae8b1c171361050e,1617561516,candidate_layering,,,1
0x722122df12d4e14e13ac3b6895a86e84145b6967,0x47ce0c6ed5b0ce3d3a51fdb1c52dc66a7c3c2936,internal_eth,1.0,0x62e2eb74d78dbe0c8e21d02e3d18d71f288b579c8b89d9aabbeb31bddd009e4c,1617561516,candidate_layering,,,1
0x722122df12d4e14e13ac3b6895a86e84145b6967,0x47ce0c6ed5b0ce3d3a51fdb1c52dc66a7c3c2936,internal_eth,1.0,0xa5cd31d618fa097873a12f35366760ba705758b5941935d38a76536ea6ae2b46,1617561516,candidate_layering,,,1
0x722122df12d4e14e13ac3b6895a86e84145b6967,0x47ce0c6ed5b0ce3d3a51fdb1c52dc66a7c3c2936,internal_eth,1.0,0x00b376c11647335bd7857e3a42b403c56cf02ab0f8b89df89ff8c3015deb8c41,1617561516,candidate_layering,,,1
0x722122df12d4e14e13ac3b6895a86e84145b6967,0x47ce0c6ed5b0ce3d3a51fdb1c52dc66a7c3c2936,internal_eth,1.0,0xa41ce2f36d69d338ebc2e8d88d934c63675891cadcccaa538e222a3fbf78ab96,1617561516,candidate_layering,,,1
0x722122df12d4e14e13ac3b6895a86e84145b6967,0x47ce0c6ed5b0ce3d3a51fdb1c52dc66a7c3c2936,internal_eth,1.0,0xea468c715710562af4b1723ff019285f7ab4c070317a96aeeb392e52f335924a,1617561630,candidate_layering,,,1
0x722122df12d4e14e13ac3b6895a86e84145b6967,0x47ce0c6ed5b0ce3d3a51fdb1c52dc66a7c3c2936,internal_eth,1.0,0x966a72b98188c0fafe849899c2ec384e490d817dc4c3893bb2beda8d3ed075b1,1617561876,candidate_layering,,,1
0x722122df12d4e14e13ac3b6895a86e84145b6967,0x47ce0c6ed5b0ce3d3a51fdb1c52dc66a7c3c2936,internal_eth,1.0,0xc48d652f6b72b25174a64c13f7492a697f74f104eeecc3dd26a95d07ff01e6c6,1617561880,candidate_layering,,,1
0x722122df12d4e14e13ac3b6895a86e84145b6967,0x47ce0c6ed5b0ce3d3a51fdb1c52dc66a7c3c2936,internal_eth,1.0,0x14b90d2aa64e6cf6b7a08199103984d7eafdd10e00331e8476687390fcdadfb3,1617561880,candidate_layering,,,1
0x722122df12d4e14e13ac3b6895a86e84145b6967,0x47ce0c6ed5b0ce3d3a51fdb1c52dc66a7c3c2936,internal_eth,1.0,0xdd2c241bfe503629073a27ec01e28ea157be8a0d1ae8add794919370f1c7cc94,1617561901,candidate_layering,,,1
0x722122df12d4e14e13ac3b6895a86e84145b6967,0x47ce0c6ed5b0ce3d3a51fdb1c52dc66a7c3c2936,internal_eth,1.0,0xcdc4fa8ef62d210c2e838f81690681a53922964f7422ed9996af40dae50fd284,1617562103,candidate_layering,,,1
0x722122df12d4e14e13ac3b6895a86e84145b6967,0x47ce0c6ed5b0ce3d3a51fdb1c52dc66a7c3c2936,internal_eth,1.0,0x70f8ecdeb1720abfc22cb13f99a400b80703706f426bc8a89e9da4bbf82e62de,1617562103,candidate_layering,,,1
0x722122df12d4e14e13ac3b6895a86e84145b6967,0x47ce0c6ed5b0ce3d3a51fdb1c52dc66a7c3c2936,internal_eth,1.0,0x972ab78f1be1bae8b7afa9bffb680ff575bb34399f71103840f04c4818b1bf29,1617562103,candidate_layering,,,1
0x722122df12d4e14e13ac3b6895a86e84145b6967,0x47ce0c6ed5b0ce3d3a51fdb1c52dc66a7c3c2936,internal_eth,1.0,0xb473d2127878f2187f3b782d26ba2b0d046db26d9cddec6c715d49809b9c5f8a,1617562116,candidate_layering,,,1
0x722122df12d4e14e13ac3b6895a86e84145b6967,0x47ce0c6ed5b0ce3d3a51fdb1c52dc66a7c3c2936,internal_eth,1.0,0xd9009753b94e9228827fd60089c7800103334162a7130d46825379f609634f38,1617562116,candidate_layering,,,1
0x722122df12d4e14e13ac3b6895a86e84145b6967,0x47ce0c6ed5b0ce3d3a51fdb1c52dc66a7c3c2936,internal_eth,1.0,0x7378e29027884ef12e06d2fc1ab79ff6a149e9b3bca20d3577a45e2d7c9257e5,1617562262,candidate_layering,,,1
0x722122df12d4e14e13ac3b6895a86e84145b6967,0x47ce0c6ed5b0ce3d3a51fdb1c52dc66a7c3c2936,internal_eth,1.0,0xbeca25715649b04a0abdef985022f9410fedd175fc91bd78d3660a6d5f21e0e3,1617562427,candidate_layering,,,1
0x722122df12d4e14e13ac3b6895a86e84145b6967,0x47ce0c6ed5b0ce3d3a51fdb1c52dc66a7c3c2936,internal_eth,1.0,0xce3693736c91183a1e196a92d3711d4804eb57d67bb0757792f3c1e3bbac6ec7,1617562427,candidate_layering,,,1
0x722122df12d4e14e13ac3b6895a86e84145b6967,0x47ce0c6ed5b0ce3d3a51fdb1c52dc66a7c3c2936,internal_eth,1.0,0x653c8ece5c2f3b156bb9aa144f9581a0b59bd0ddfa4d17c6fafd38f56e355a41,1617562427,candidate_layering,,,1
0x722122df12d4e14e13ac3b6895a86e84145b6967,0x47ce0c6ed5b0ce3d3a51fdb1c52dc66a7c3c2936,internal_eth,1.0,0x8fd5ba9cf5c7e8bde67479c9a4ca4da4d0b535c346e24f88ab518ffddd933dbf,1617562805,candidate_layering,,,1
0x722122df12d4e14e13ac3b6895a86e84145b6967,0x47ce0c6ed5b0ce3d3a51fdb1c52dc66a7c3c2936,internal_eth,1.0,0x5d4f1ffc45362d144f84fb0a5b7bf7973ae7bbddbb15bdd0e0901b1114b9f88f,1617562805,candidate_layering,,,1
0x722122df12d4e14e13ac3b6895a86e84145b6967,0x47ce0c6ed5b0ce3d3a51fdb1c52dc66a7c3c2936,internal_eth,1.0,0x1a88fb6d808ec481bcd61d0d32ade4e64ce40ba2296ce486efc7369502000cf0,1617563296,candidate_layering,,,1
0x722122df12d4e14e13ac3b6895a86e84145b6967,0x47ce0c6ed5b0ce3d3a51fdb1c52dc66a7c3c2936,internal_eth,1.0,0x301bcddbfdc2c0cce05b817843f01eac9d506a88544fa9004d2f6ae4ac063032,1617563296,candidate_layering,,,1
0x722122df12d4e14e13ac3b6895a86e84145b6967,0x47ce0c6ed5b0ce3d3a51fdb1c52dc66a7c3c2936,internal_eth,1.0,0x18ee84214a749d41caf10d3c67a33fb77a6cee181d4662d3fe823a1a5241bede,1617563296,candidate_layering,,,1
0x722122df12d4e14e13ac3b6895a86e84145b6967,0x47ce0c6ed5b0ce3d3a51fdb1c52dc66a7c3c2936,internal_eth,1.0,0x6df17161eda82404d3a419805d96ef91a9f0558c7b801b6b89a9cfaab817ecdb,1617563296,candidate_layering,,,1
0x722122df12d4e14e13ac3b6895a86e84145b6967,0x47ce0c6ed5b0ce3d3a51fdb1c52dc66a7c3c2936,internal_eth,1.0,0xb6bb4188b26ad94020aee402b5d96a47de478c8fefef39fab3418a6b803f6a2f,1617563296,candidate_layering,,,1
0x722122df12d4e14e13ac3b6895a86e84145b6967,0x910cbd523d972eb0a6f4cae4618ad62622b39dbf,internal_eth,10.0,0x5f728e58e60342a7f0c06f099b1126e89cace91b94ee2532340a024b8f329bc1,1617564187,candidate_layering,,,1
0x722122df12d4e14e13ac3b6895a86e84145b6967,0x12d66f87a04a9e220743712ce6d9bb1b5616b8fc,internal_eth,0.1,0x104f516d00ce98374631707a48c979174c8f9d0d53a94e6057216729f9fae03f,1617564187,candidate_layering,,,1
0x722122df12d4e14e13ac3b6895a86e84145b6967,0xa160cdab225685da1d56aa342ad8841c3b53f291,internal_eth,100.0,0xaaf2d305b6c58a82079584895962193db7239749d44fd5af2efc9632b31beda8,1617564345,candidate_layering,,,1
0x722122df12d4e14e13ac3b6895a86e84145b6967,0xa160cdab225685da1d56aa342ad8841c3b53f291,internal_eth,100.0,0x19b26c23f7384344290bfa4e3d81faa813a92fb4932f0277382e3cb26aa6cb14,1617565053,candidate_layering,,,1
0x722122df12d4e14e13ac3b6895a86e84145b6967,0x47ce0c6ed5b0ce3d3a51fdb1c52dc66a7c3c2936,internal_eth,1.0,0x824955c5c412433c82520ea29db3ae4c9339cb0433960383f17692fbf93ed64f,1617565070,candidate_layering,,,1
0x722122df12d4e14e13ac3b6895a86e84145b6967,0x47ce0c6ed5b0ce3d3a51fdb1c52dc66a7c3c2936,internal_eth,1.0,0xd26bdf76ea0030968d464d05e61fb5ff8a1a54eef238068fa7d96ab24ef9f019,1617565070,candidate_layering,,,1
0x722122df12d4e14e13ac3b6895a86e84145b6967,0x47ce0c6ed5b0ce3d3a51fdb1c52dc66a7c3c2936,internal_eth,1.0,0x5c5d6c11a9cbbc6597d717454083e0d421c7ff0149b2a8b6fe9147e09a64f09c,1617565070,candidate_layering,,,1
0x722122df12d4e14e13ac3b6895a86e84145b6967,0x47ce0c6ed5b0ce3d3a51fdb1c52dc66a7c3c2936,internal_eth,1.0,0x39a390c23e5905a20fc1c01a1869f96e0db3c96be92c9f52b29df72f7c0bddab,1617565070,candidate_layering,,,1
0x722122df12d4e14e13ac3b6895a86e84145b6967,0x47ce0c6ed5b0ce3d3a51fdb1c52dc66a7c3c2936,internal_eth,1.0,0x001dc6bbc7b33baaa6c106eda42e66c9b1bf3012bec6a74cbb67b0423494d6ab,1617565507,candidate_layering,,,1
0x722122df12d4e14e13ac3b6895a86e84145b6967,0x47ce0c6ed5b0ce3d3a51fdb1c52dc66a7c3c2936,internal_eth,1.0,0x89864a986f89e8fe58e568e091a4c7c0514c7e2c697fae966b32bd5768add64a,1617565568,candidate_layering,,,1
0x722122df12d4e14e13ac3b6895a86e84145b6967,0x47ce0c6ed5b0ce3d3a51fdb1c52dc66a7c3c2936,internal_eth,1.0,0xd0867028ff4a9316f558ae722b2ce870daa8229277ba843e8629b89475a33dd0,1617565573,candidate_layering,,,1
0x722122df12d4e14e13ac3b6895a86e84145b6967,0x47ce0c6ed5b0ce3d3a51fdb1c52dc66a7c3c2936,internal_eth,1.0,0x37caa5d0a7857620dc8e4fe7a4950907de8350e1b22356e1cadca86575f7bd4d,1617565573,candidate_layering,,,1
0x722122df12d4e14e13ac3b6895a86e84145b6967,0x47ce0c6ed5b0ce3d3a51fdb1c52dc66a7c3c2936,internal_eth,1.0,0x9f188555d90765eec090da6b92f36aaec41f477c1c19b50e2103315b23497527,1617565573,candidate_layering,,,1
0x722122df12d4e14e13ac3b6895a86e84145b6967,0x47ce0c6ed5b0ce3d3a51fdb1c52dc66a7c3c2936,internal_eth,1.0,0x29be17faf16ac0e610940942d8f34f5b6ca057b60e05b6a4f2f44d3821abc112,1617565580,candidate_layering,,,1
0x722122df12d4e14e13ac3b6895a86e84145b6967,0x47ce0c6ed5b0ce3d3a51fdb1c52dc66a7c3c2936,internal_eth,1.0,0x73db5f9a3463086cd71327ddea9c46a39781862a2a80c803e8b471ced464e418,1617565583,candidate_layering,,,1
0x722122df12d4e14e13ac3b6895a86e84145b6967,0x910cbd523d972eb0a6f4cae4618ad62622b39dbf,internal_eth,10.0,0x2cd64a39be18a02d3b8691ebc1707afa5d40d8d4eaab69e8f5739d5f45e9d913,1617565651,candidate_layering,,,1
0x722122df12d4e14e13ac3b6895a86e84145b6967,0x47ce0c6ed5b0ce3d3a51fdb1c52dc66a7c3c2936,internal_eth,1.0,0xe16578cf6ec1b1b95d7e85c2579e022ad6147f9c4e21633c7bee0a43e8c326d6,1617565702,candidate_layering,,,1
0x722122df12d4e14e13ac3b6895a86e84145b6967,0x47ce0c6ed5b0ce3d3a51fdb1c52dc66a7c3c2936,internal_eth,1.0,0x248e3e806e50912297af7198b21a6abd849c3a46e75382fbbea153f66807bd0c,1617565763,candidate_layering,,,1
0x722122df12d4e14e13ac3b6895a86e84145b6967,0x47ce0c6ed5b0ce3d3a51fdb1c52dc66a7c3c2936,internal_eth,1.0,0xdf2136ba69daba2752b462928417250bca052f87fea96cc0e4f48e868236b55c,1617565763,candidate_layering,,,1
0x722122df12d4e14e13ac3b6895a86e84145b6967,0x47ce0c6ed5b0ce3d3a51fdb1c52dc66a7c3c2936,internal_eth,1.0,0xb5f2d8e8626bd7156a2c891fe5b422adcc67ee6c633652f6c25f67031b15d016,1617565763,candidate_layering,,,1
0x722122df12d4e14e13ac3b6895a86e84145b6967,0x47ce0c6ed5b0ce3d3a51fdb1c52dc66a7c3c2936,internal_eth,1.0,0xf589a5f08647ef29e1a46462ee5cb81451527efcc2a5e40284faf7d86d2edc34,1617565773,candidate_layering,,,1
0x722122df12d4e14e13ac3b6895a86e84145b6967,0x47ce0c6ed5b0ce3d3a51fdb1c52dc66a7c3c2936,internal_eth,1.0,0x0d79b205b195f9f814ccbe9a98c279a55d2c33f2d4969324db3f61f55ace9781,1617565779,candidate_layering,,,1
0x722122df12d4e14e13ac3b6895a86e84145b6967,0x47ce0c6ed5b0ce3d3a51fdb1c52dc66a7c3c2936,internal_eth,1.0,0x3afd043f4d47baf3f6c15926945c2954e9fbada4f020cd3cc0b08e0550a389b1,1617565787,candidate_layering,,,1
0x722122df12d4e14e13ac3b6895a86e84145b6967,0x47ce0c6ed5b0ce3d3a51fdb1c52dc66a7c3c2936,internal_eth,1.0,0xef807d4693cb73cf5e2381b861c9e5276b23f3f6e5a46b9b38f279b1c7d2ef8f,1617565787,candidate_layering,,,1
0x722122df12d4e14e13ac3b6895a86e84145b6967,0x47ce0c6ed5b0ce3d3a51fdb1c52dc66a7c3c2936,internal_eth,1.0,0xad7a6d9378a97b2fb1e14200681f7278d98c99e3db26fd09c4076fe6da5e8cf0,1617565839,candidate_layering,,,1
0x722122df12d4e14e13ac3b6895a86e84145b6967,0x47ce0c6ed5b0ce3d3a51fdb1c52dc66a7c3c2936,internal_eth,1.0,0xbc7029a2e255c5256755c7e86e846df99760d42dc4554f17956cc69b4ec134f5,1617565877,candidate_layering,,,1
0x722122df12d4e14e13ac3b6895a86e84145b6967,0x47ce0c6ed5b0ce3d3a51fdb1c52dc66a7c3c2936,internal_eth,1.0,0x305831c7a78ca7ce1ac089c468d5fc1557ab5cf8efc99dc02590a814036bea16,1617565983,candidate_layering,,,1
0x722122df12d4e14e13ac3b6895a86e84145b6967,0x47ce0c6ed5b0ce3d3a51fdb1c52dc66a7c3c2936,internal_eth,1.0,0x268bdab0f255388b076e6448b073f67b799cd5f513e7b76ecdcc456faf8fd6d0,1617565983,candidate_layering,,,1
0x722122df12d4e14e13ac3b6895a86e84145b6967,0x47ce0c6ed5b0ce3d3a51fdb1c52dc66a7c3c2936,internal_eth,1.0,0xdc52e8d65bf5719c5117a8344ae85f4fb74e29ea50245165d16c795ffcb32eab,1617565983,candidate_layering,,,1
0x722122df12d4e14e13ac3b6895a86e84145b6967,0x47ce0c6ed5b0ce3d3a51fdb1c52dc66a7c3c2936,internal_eth,1.0,0xca50d5e30b88a8640c17a1ef1668456ea2d34230ce8035a140a9946f2ee3211b,1617565983,candidate_layering,,,1
0x722122df12d4e14e13ac3b6895a86e84145b6967,0x47ce0c6ed5b0ce3d3a51fdb1c52dc66a7c3c2936,internal_eth,1.0,0x4f59848af09dd72bb4a8abc6aa4474d639e355ddcdfe57c12cebfa320ca3c01d,1617565983,candidate_layering,,,1
0x722122df12d4e14e13ac3b6895a86e84145b6967,0x47ce0c6ed5b0ce3d3a51fdb1c52dc66a7c3c2936,internal_eth,1.0,0x4204b972cf262d9c3a8c3c5d6fa175006b304e43866fbbcd357264ba1b6b5860,1617566084,candidate_layering,,,1
0x722122df12d4e14e13ac3b6895a86e84145b6967,0x47ce0c6ed5b0ce3d3a51fdb1c52dc66a7c3c2936,internal_eth,1.0,0x2fe9f1665920ba5830f37e12824982be0fb59095fbab86686d9c23109a495805,1617566084,candidate_layering,,,1
0x722122df12d4e14e13ac3b6895a86e84145b6967,0x47ce0c6ed5b0ce3d3a51fdb1c52dc66a7c3c2936,internal_eth,1.0,0x253f4a2fc0c70c18d9efc04b6c046bb7c85ba217f62ced546272d27033307131,1617566084,candidate_layering,,,1
0x722122df12d4e14e13ac3b6895a86e84145b6967,0x47ce0c6ed5b0ce3d3a51fdb1c52dc66a7c3c2936,internal_eth,1.0,0xaf6fa3453ef4498837ef64969b39c6e03791aa58bdb9a5d67cc5012f0991d1da,1617566131,candidate_layering,,,1
0x722122df12d4e14e13ac3b6895a86e84145b6967,0x47ce0c6ed5b0ce3d3a51fdb1c52dc66a7c3c2936,internal_eth,1.0,0xbda9811f5f55f62d7fb94fcddb7801c5bd4ba26c9e879103c0b0fe4d4c29a522,1617566192,candidate_layering,,,1
0x722122df12d4e14e13ac3b6895a86e84145b6967,0x47ce0c6ed5b0ce3d3a51fdb1c52dc66a7c3c2936,internal_eth,1.0,0xa28d90d842deb51e07d8d5dd4fe4d7a0a254a6ff571cb605ac2ab313788af6c2,1617566192,candidate_layering,,,1
0x722122df12d4e14e13ac3b6895a86e84145b6967,0x47ce0c6ed5b0ce3d3a51fdb1c52dc66a7c3c2936,internal_eth,1.0,0x129ce514cd080899aadccf6c2dcabd5271ae09e3ea616990497d19bdcf1d84b9,1617566192,candidate_layering,,,1
0x722122df12d4e14e13ac3b6895a86e84145b6967,0x47ce0c6ed5b0ce3d3a51fdb1c52dc66a7c3c2936,internal_eth,1.0,0x72b2bb6aa9be680bc944dba4c5180c82cab458642620ba2c5849c29ce5e53280,1617566192,candidate_layering,,,1
0x722122df12d4e14e13ac3b6895a86e84145b6967,0x47ce0c6ed5b0ce3d3a51fdb1c52dc66a7c3c2936,internal_eth,1.0,0xb2fab8a3c69d52fc3d21aad88931578f671a5cc964a9aede0f0b69af9b23ee77,1617566192,candidate_layering,,,1
0x722122df12d4e14e13ac3b6895a86e84145b6967,0x47ce0c6ed5b0ce3d3a51fdb1c52dc66a7c3c2936,internal_eth,1.0,0xe9fba7bda43499a74f78a2074192bfa643b4237e6a2a9054123bce80de417b48,1617566231,candidate_layering,,,1
0x722122df12d4e14e13ac3b6895a86e84145b6967,0x47ce0c6ed5b0ce3d3a51fdb1c52dc66a7c3c2936,internal_eth,1.0,0x56a002626ba48b3e87667112478c68dbb3e503a32e2d07ac519ec5a954d98e9d,1617566231,candidate_layering,,,1
0x722122df12d4e14e13ac3b6895a86e84145b6967,0x47ce0c6ed5b0ce3d3a51fdb1c52dc66a7c3c2936,internal_eth,1.0,0x77d3d4abae02bff2f2464e2fd23d30aaf254c7e8b5a704ed6ce9bd0469c6e627,1617566233,candidate_layering,,,1
0x722122df12d4e14e13ac3b6895a86e84145b6967,0x47ce0c6ed5b0ce3d3a51fdb1c52dc66a7c3c2936,internal_eth,1.0,0x8119197c4c1ffa5ef5e62a69e666940077f019dde9abe9f6278c1cae62b2b645,1617566233,candidate_layering,,,1
0x722122df12d4e14e13ac3b6895a86e84145b6967,0x47ce0c6ed5b0ce3d3a51fdb1c52dc66a7c3c2936,internal_eth,1.0,0x9ac1ad14b0cfce23c5aee92b14e860c10fe5cbb4f46ffe6e1518aed7f4f233c5,1617566233,candidate_layering,,,1
0x722122df12d4e14e13ac3b6895a86e84145b6967,0x47ce0c6ed5b0ce3d3a51fdb1c52dc66a7c3c2936,internal_eth,1.0,0x160093497c4dc5845c555f239f16570ed6b3c21ce67c4077f4330c4df95404bd,1617566279,candidate_layering,,,1
0x722122df12d4e14e13ac3b6895a86e84145b6967,0x47ce0c6ed5b0ce3d3a51fdb1c52dc66a7c3c2936,internal_eth,1.0,0x9782d933e93dcf9156dbb76131a5d79b32434dd0ad383c655ce930eee2cc5f42,1617566279,candidate_layering,,,1
0x722122df12d4e14e13ac3b6895a86e84145b6967,0x47ce0c6ed5b0ce3d3a51fdb1c52dc66a7c3c2936,internal_eth,1.0,0x7e6ed8b6e1215b70154768e9e8dc0535cbcfda5fcd656771c0e131ac40224d1b,1617566279,candidate_layering,,,1
0x722122df12d4e14e13ac3b6895a86e84145b6967,0x47ce0c6ed5b0ce3d3a51fdb1c52dc66a7c3c2936,internal_eth,1.0,0xd5ce61139ec3baddc74969314595f4a5034db567f0b6a00b814535700c2bc72b,1617566279,candidate_layering,,,1
0x722122df12d4e14e13ac3b6895a86e84145b6967,0x47ce0c6ed5b0ce3d3a51fdb1c52dc66a7c3c2936,internal_eth,1.0,0x3c742d93d2526b67383e8e1fdec44570b2f6568bb533e9cad9adcbfd1a1b3cbc,1617566279,candidate_layering,,,1
0x722122df12d4e14e13ac3b6895a86e84145b6967,0x47ce0c6ed5b0ce3d3a51fdb1c52dc66a7c3c2936,internal_eth,1.0,0x736d4d35b404a5ebdd88219718b1ca533a77dc84a04a0b99345aca5ec591d5a5,1617566286,candidate_layering,,,1
0x722122df12d4e14e13ac3b6895a86e84145b6967,0x47ce0c6ed5b0ce3d3a51fdb1c52dc66a7c3c2936,internal_eth,1.0,0xdb8df23dd0d8e1720ef2e7046c6f0545dc48361e6735ae7ac4d91c537cff226b,1617566286,candidate_layering,,,1
0x722122df12d4e14e13ac3b6895a86e84145b6967,0x47ce0c6ed5b0ce3d3a51fdb1c52dc66a7c3c2936,internal_eth,1.0,0x080fc5ba84f0402c07067ce031e656c15a2d18eb5863eb40ffc258bf1b8f7410,1617566286,candidate_layering,,,1
0x722122df12d4e14e13ac3b6895a86e84145b6967,0x47ce0c6ed5b0ce3d3a51fdb1c52dc66a7c3c2936,internal_eth,1.0,0x1f18b1d2fd5fa37829242470e12706cfae3c1e143cec1412220087e7ab8d2ad5,1617566286,candidate_layering,,,1
0x722122df12d4e14e13ac3b6895a86e84145b6967,0x610b717796ad172b316836ac95a2ffad065ceab4,erc20,1.0,0x861ac2d8d689303627f0c3b5a5b56f1c5a1844919ccf1fdbc3b17f027449d6c6,1617324953,candidate_layering,WBTC,0x2260fac5e5542a773aa44fbcfedf7c193bc2c599,1
0x722122df12d4e14e13ac3b6895a86e84145b6967,0x610b717796ad172b316836ac95a2ffad065ceab4,erc20,1.0,0x1064adf56cb6888f9ddae1b710052a0c18b1615af8a55cec421b72cf498b10dd,1617325038,candidate_layering,WBTC,0x2260fac5e5542a773aa44fbcfedf7c193bc2c599,1
0x722122df12d4e14e13ac3b6895a86e84145b6967,0x610b717796ad172b316836ac95a2ffad065ceab4,erc20,1.0,0x4e76e29b57004af97b393381cdd8e92bc67fe63c46d85eb278cf23f92529c64e,1617392841,candidate_layering,WBTC,0x2260fac5e5542a773aa44fbcfedf7c193bc2c599,1
0x722122df12d4e14e13ac3b6895a86e84145b6967,0x23773e65ed146a459791799d01336db287f25334,erc20,100000.0,0xaf243330708c936bd87f01e1544af6feffc8aba28452fbd2bf3ba4d32c5b2139,1617393448,candidate_layering,DAI,0x6b175474e89094c44da98b954eedeac495271d0f,1
0x722122df12d4e14e13ac3b6895a86e84145b6967,0x610b717796ad172b316836ac95a2ffad065ceab4,erc20,1.0,0xd359070a446d71fb0f838dddb274dd6efe7304c855b38948e06258aa7696bebe,1617422845,candidate_layering,WBTC,0x2260fac5e5542a773aa44fbcfedf7c193bc2c599,1
0x722122df12d4e14e13ac3b6895a86e84145b6967,0x07687e702b410fa43f4cb4af7fa097918ffd2730,erc20,10000.0,0xcd598b9a2adb3c301cea8522f06faa2c1a79749b6af7dd51c9ba74e5f4352c9e,1617423904,candidate_layering,DAI,0x6b175474e89094c44da98b954eedeac495271d0f,1
0x722122df12d4e14e13ac3b6895a86e84145b6967,0x610b717796ad172b316836ac95a2ffad065ceab4,erc20,1.0,0x2d0074589e291355eb4a6f1d5884f9c03adf90cb7fa97c4e3c2a5d4a144912e7,1617455819,candidate_layering,WBTC,0x2260fac5e5542a773aa44fbcfedf7c193bc2c599,1
0x722122df12d4e14e13ac3b6895a86e84145b6967,0x23773e65ed146a459791799d01336db287f25334,erc20,100000.0,0xfaffef3cd39965866cfbdb68630fa3020cacb532414630bc6428ef46f480201f,1617503854,candidate_layering,DAI,0x6b175474e89094c44da98b954eedeac495271d0f,1
0x722122df12d4e14e13ac3b6895a86e84145b6967,0x07687e702b410fa43f4cb4af7fa097918ffd2730,erc20,10000.0,0x6bd19a161dd0781238b2cbc3726ce7444e027cf0beb1a0d28cfdecca0dc2440d,1617519860,candidate_layering,DAI,0x6b175474e89094c44da98b954eedeac495271d0f,1
0x722122df12d4e14e13ac3b6895a86e84145b6967,0x23773e65ed146a459791799d01336db287f25334,erc20,100000.0,0x59cfc628eb2fb3fba3c9f3e806ffda56f58693e2b363a754b2a49bc160ca2fa5,1617563272,candidate_layering,DAI,0x6b175474e89094c44da98b954eedeac495271d0f,1
0x722122df12d4e14e13ac3b6895a86e84145b6967,0xfd8610d20aa15b7b2e3be39b396a1bc3516c7144,erc20,1000.0,0xbe195c4606953178d9e24d1e89ef60413abffd170f49483df09fdf73f8c49b80,1617604487,candidate_layering,DAI,0x6b175474e89094c44da98b954eedeac495271d0f,1
0x722122df12d4e14e13ac3b6895a86e84145b6967,0x0836222f2b2b24a3f36f98668ed8f0b38d1a872f,erc20,1000.0,0x279dae319a890fa9baf66bcc4854584af141f034b45fb4c337f9e2c5c61b4c39,1617731528,candidate_layering,USDT,0xdac17f958d2ee523a2206206994597c13d831ec7,1
0x722122df12d4e14e13ac3b6895a86e84145b6967,0x0836222f2b2b24a3f36f98668ed8f0b38d1a872f,erc20,1000.0,0x8916d5d3b9d074cef8affe144d8c73e3ae6529378e9f47a83148af075275e5f1,1617746373,candidate_layering,USDT,0xdac17f958d2ee523a2206206994597c13d831ec7,1
0x722122df12d4e14e13ac3b6895a86e84145b6967,0x0836222f2b2b24a3f36f98668ed8f0b38d1a872f,erc20,1000.0,0xb0315cc1dd8aca8c5c10dd03e99beeb60c536044b9312dc1c94e7d17c32c118b,1617748095,candidate_layering,USDT,0xdac17f958d2ee523a2206206994597c13d831ec7,1
0x722122df12d4e14e13ac3b6895a86e84145b6967,0x23773e65ed146a459791799d01336db287f25334,erc20,100000.0,0x65af6a249c82177a3be036c9cf9a9d95e3b338f6f418222676a79b4f4e518a8e,1617885029,candidate_layering,DAI,0x6b175474e89094c44da98b954eedeac495271d0f,1
0x722122df12d4e14e13ac3b6895a86e84145b6967,0xbb93e510bbcd0b7beb5a853875f9ec60275cf498,erc20,10.0,0xfa5072a8be340e8e70015c6fb7815a976365bf9c2c00f23d141d96debce1cc33,1617891045,candidate_layering,WBTC,0x2260fac5e5542a773aa44fbcfedf7c193bc2c599,1
0x722122df12d4e14e13ac3b6895a86e84145b6967,0x169ad27a470d064dede56a2d3ff727986b15d52b,erc20,100.0,0xbd1d090d984fb79117610d6963dd40293c21daca9b2db32edb5237b52ccac3a2,1617937002,candidate_layering,USDT,0xdac17f958d2ee523a2206206994597c13d831ec7,1
0x722122df12d4e14e13ac3b6895a86e84145b6967,0xd21be7248e0197ee08e0c20d4a96debdac3d20af,erc20,5000000.0,0x1a63233d9b5d815907d5b83e38391d06beb046b8aa11a9b33961ae1d6bb7c66c,1617999146,candidate_layering,cDAI,0x5d3a536e4d6dbd6114cc1ead35777bab948e3643,1
0x722122df12d4e14e13ac3b6895a86e84145b6967,0x07687e702b410fa43f4cb4af7fa097918ffd2730,erc20,10000.0,0x78229ed750c840b8bc1bfc862d5b857691c21d12487309541bef58d5b9b815c4,1618016162,candidate_layering,DAI,0x6b175474e89094c44da98b954eedeac495271d0f,1
0x722122df12d4e14e13ac3b6895a86e84145b6967,0x23773e65ed146a459791799d01336db287f25334,erc20,100000.0,0xde0d50465dcd69766da9ff982eab7422bc5c1ef7361084a5ecd51b655227875a,1618039942,candidate_layering,DAI,0x6b175474e89094c44da98b954eedeac495271d0f,1
0x722122df12d4e14e13ac3b6895a86e84145b6967,0x4736dcf1b7a3d580672cce6e7c65cd5cc9cfba9d,erc20,1000.0,0x92aca913409dca4fe941057d1bbd20f671d0207b9744a7a4e7dbc75d7c405446,1618152539,candidate_layering,USDC,0xa0b86991c6218b36c1d19d4a2e9eb0ce3606eb48,1
0x722122df12d4e14e13ac3b6895a86e84145b6967,0xd21be7248e0197ee08e0c20d4a96debdac3d20af,erc20,5000000.0,0x9edf8fc042bf219f234915ec165210e1de0eca606d0beb5a04ae6ec60b0838bd,1618189284,candidate_layering,cDAI,0x5d3a536e4d6dbd6114cc1ead35777bab948e3643,1
0x722122df12d4e14e13ac3b6895a86e84145b6967,0x2717c5e28cf931547b621a5dddb772ab6a35b701,erc20,500000.0,0xbb6045a49e7e70448c053a67527335b9f6d4c7ec7c0ffd0e954b4b5469534433,1618189370,candidate_layering,cDAI,0x5d3a536e4d6dbd6114cc1ead35777bab948e3643,1
0x722122df12d4e14e13ac3b6895a86e84145b6967,0x2717c5e28cf931547b621a5dddb772ab6a35b701,erc20,500000.0,0x1edc285b15eabe29c6de2553a9c61bd5de70b11bc411a75c2ff65059d5fdde36,1618190174,candidate_layering,cDAI,0x5d3a536e4d6dbd6114cc1ead35777bab948e3643,1
0x722122df12d4e14e13ac3b6895a86e84145b6967,0xfd8610d20aa15b7b2e3be39b396a1bc3516c7144,erc20,1000.0,0x89f7a951d6a775e54e7e543670a20b63be4a9c0d23fc9ccc3aa8eff24f606aa6,1618204104,candidate_layering,DAI,0x6b175474e89094c44da98b954eedeac495271d0f,1
0x722122df12d4e14e13ac3b6895a86e84145b6967,0x07687e702b410fa43f4cb4af7fa097918ffd2730,erc20,10000.0,0xc76066b828e949989c96720cc8620810147c686a0ca2863d85da7aef1fd0d55b,1618263065,candidate_layering,DAI,0x6b175474e89094c44da98b954eedeac495271d0f,1
0x722122df12d4e14e13ac3b6895a86e84145b6967,0x23773e65ed146a459791799d01336db287f25334,erc20,100000.0,0x4911a06c190743a8126e797084069b2525ccedc561ba90a74335bb1b5bf194de,1618273722,candidate_layering,DAI,0x6b175474e89094c44da98b954eedeac495271d0f,1
0x722122df12d4e14e13ac3b6895a86e84145b6967,0x610b717796ad172b316836ac95a2ffad065ceab4,erc20,1.0,0x4bcdec589436c6d11e72db22a85b54cd400f26e24ee4f30a1110b72b6a767500,1618281096,candidate_layering,WBTC,0x2260fac5e5542a773aa44fbcfedf7c193bc2c599,1
0x722122df12d4e14e13ac3b6895a86e84145b6967,0x07687e702b410fa43f4cb4af7fa097918ffd2730,erc20,10000.0,0x5bef9aabe8ccfc4e12b927ec149c051e388a6b5a25717d9e3ec70f04287ae36c,1618356586,candidate_layering,DAI,0x6b175474e89094c44da98b954eedeac495271d0f,1
0x722122df12d4e14e13ac3b6895a86e84145b6967,0x07687e702b410fa43f4cb4af7fa097918ffd2730,erc20,10000.0,0xc1f67b4a9217a246beb9dbaac22c0f704b6685526d29253d32e285540ca82358,1618356829,candidate_layering,DAI,0x6b175474e89094c44da98b954eedeac495271d0f,1
0x722122df12d4e14e13ac3b6895a86e84145b6967,0x07687e702b410fa43f4cb4af7fa097918ffd2730,erc20,10000.0,0x5e0813a49464a8b2a84e6f5c0adb79f0b5f16d1852078dbe0789e43d323667c1,1618366075,candidate_layering,DAI,0x6b175474e89094c44da98b954eedeac495271d0f,1
0x722122df12d4e14e13ac3b6895a86e84145b6967,0x0836222f2b2b24a3f36f98668ed8f0b38d1a872f,erc20,1000.0,0x77590435991758be57541f157038d2b0aa0ccef9744796769de74c8866aaab49,1618384592,candidate_layering,USDT,0xdac17f958d2ee523a2206206994597c13d831ec7,1
0x722122df12d4e14e13ac3b6895a86e84145b6967,0x07687e702b410fa43f4cb4af7fa097918ffd2730,erc20,10000.0,0xf33d641a9d05b437f289cfee79201e25356de6d677333caee0856392db8af0e1,1618451578,candidate_layering,DAI,0x6b175474e89094c44da98b954eedeac495271d0f,1
0x722122df12d4e14e13ac3b6895a86e84145b6967,0x23773e65ed146a459791799d01336db287f25334,erc20,100000.0,0x06ce9a7d84788e61b03800fc9c1c4f59768224b527746a870ac7b4493b1258a6,1618453170,candidate_layering,DAI,0x6b175474e89094c44da98b954eedeac495271d0f,1
0x722122df12d4e14e13ac3b6895a86e84145b6967,0x169ad27a470d064dede56a2d3ff727986b15d52b,erc20,100.0,0x835fbdd5e5e70e4ad29912cc84015fd35324dd03a1b680f180b7c5cdadfa7910,1618473985,candidate_layering,USDT,0xdac17f958d2ee523a2206206994597c13d831ec7,1
0x722122df12d4e14e13ac3b6895a86e84145b6967,0xd21be7248e0197ee08e0c20d4a96debdac3d20af,erc20,5000000.0,0xef6bd5d0264787451d5ddd0b0e80ae55465b2f47b23135644967b56094fd6df1,1618481940,candidate_layering,cDAI,0x5d3a536e4d6dbd6114cc1ead35777bab948e3643,1
0x722122df12d4e14e13ac3b6895a86e84145b6967,0xd21be7248e0197ee08e0c20d4a96debdac3d20af,erc20,5000000.0,0xd96d7dd2dd9bb7c0f4bf5b0b95e10feb705cd71693f99d0c74e4b50ab7848ac5,1618482021,candidate_layering,cDAI,0x5d3a536e4d6dbd6114cc1ead35777bab948e3643,1
0x722122df12d4e14e13ac3b6895a86e84145b6967,0xd21be7248e0197ee08e0c20d4a96debdac3d20af,erc20,5000000.0,0x919bfb5dbe29c016f1ba1a8c4f28655aaa29019284c4ba728fa1a06e91574dbb,1618482785,candidate_layering,cDAI,0x5d3a536e4d6dbd6114cc1ead35777bab948e3643,1
0x722122df12d4e14e13ac3b6895a86e84145b6967,0xd21be7248e0197ee08e0c20d4a96debdac3d20af,erc20,5000000.0,0x336e1ecf6dc112d77f4e7eee741f0e5d971ef63d0baaf45c255eb7e08a03bdd5,1618510350,candidate_layering,cDAI,0x5d3a536e4d6dbd6114cc1ead35777bab948e3643,1
0x722122df12d4e14e13ac3b6895a86e84145b6967,0xd21be7248e0197ee08e0c20d4a96debdac3d20af,erc20,5000000.0,0xd3f55f35c19f1523c968d010bb88c97fca2a41409575257823785b88e6163e6c,1618510354,candidate_layering,cDAI,0x5d3a536e4d6dbd6114cc1ead35777bab948e3643,1
0x722122df12d4e14e13ac3b6895a86e84145b6967,0xd21be7248e0197ee08e0c20d4a96debdac3d20af,erc20,5000000.0,0xff99b60bc7005d35259c416038c2b9fb0738e6ac05f8db3b556df75d3c3da66d,1618510363,candidate_layering,cDAI,0x5d3a536e4d6dbd6114cc1ead35777bab948e3643,1
0x722122df12d4e14e13ac3b6895a86e84145b6967,0x03893a7c7463ae47d46bc7f091665f1893656003,erc20,50000.0,0x3088fa4b8e84ee8a141f95e282b8ceb86e1399de26e5dbc86ec8051a0fb69047,1618510927,candidate_layering,cDAI,0x5d3a536e4d6dbd6114cc1ead35777bab948e3643,1
0x722122df12d4e14e13ac3b6895a86e84145b6967,0x610b717796ad172b316836ac95a2ffad065ceab4,erc20,1.0,0x8c0bb50f688500c054e76c3258e1b46e9c4c243a06654c5eee7ea6d81ad94f20,1618515985,candidate_layering,WBTC,0x2260fac5e5542a773aa44fbcfedf7c193bc2c599,1
0x722122df12d4e14e13ac3b6895a86e84145b6967,0x2717c5e28cf931547b621a5dddb772ab6a35b701,erc20,500000.0,0xc16e4a00f9c5e8057abd612d94eed4c83d15822464489a51392e78ea0c996f49,1618516271,candidate_layering,cDAI,0x5d3a536e4d6dbd6114cc1ead35777bab948e3643,1
0x722122df12d4e14e13ac3b6895a86e84145b6967,0x2717c5e28cf931547b621a5dddb772ab6a35b701,erc20,500000.0,0xf5ed5214d7c607534690e337d2aeeecc6f81f4659ec9fb7cf952693b4c3eb401,1618517292,candidate_layering,cDAI,0x5d3a536e4d6dbd6114cc1ead35777bab948e3643,1
0x722122df12d4e14e13ac3b6895a86e84145b6967,0x2717c5e28cf931547b621a5dddb772ab6a35b701,erc20,500000.0,0x121a138952eb03898f24039adc6394df2f44b9199ff95701c192896549ffdda4,1618517716,candidate_layering,cDAI,0x5d3a536e4d6dbd6114cc1ead35777bab948e3643,1
0x722122df12d4e14e13ac3b6895a86e84145b6967,0x610b717796ad172b316836ac95a2ffad065ceab4,erc20,1.0,0x82db99060c56ad42e4fcc653b6d2ed61f8a951e4b9d9cf451e358119ab28a5b7,1618518353,candidate_layering,WBTC,0x2260fac5e5542a773aa44fbcfedf7c193bc2c599,1
0x722122df12d4e14e13ac3b6895a86e84145b6967,0x2717c5e28cf931547b621a5dddb772ab6a35b701,erc20,500000.0,0x5831586818b66a8fc88c05684c948f9637369aadd08c26c1b67f1783f0cf41b4,1618518353,candidate_layering,cDAI,0x5d3a536e4d6dbd6114cc1ead35777bab948e3643,1
0x722122df12d4e14e13ac3b6895a86e84145b6967,0xfd8610d20aa15b7b2e3be39b396a1bc3516c7144,erc20,1000.0,0x5d00024496a106b0bd2bc36542e2fbac6f754a365f24edca98ae3311565dbc36,1618520109,candidate_layering,DAI,0x6b175474e89094c44da98b954eedeac495271d0f,1
0x722122df12d4e14e13ac3b6895a86e84145b6967,0xfd8610d20aa15b7b2e3be39b396a1bc3516c7144,erc20,1000.0,0x4c8295d8eecdc5812a0f69d5449fbee4ec0f0d80001dc7867f439bbaf2e81c8b,1618520351,candidate_layering,DAI,0x6b175474e89094c44da98b954eedeac495271d0f,1
0x722122df12d4e14e13ac3b6895a86e84145b6967,0x03893a7c7463ae47d46bc7f091665f1893656003,erc20,50000.0,0xade7cb15e967438c42a9eeede86245195591a4d7f12f327f18231eaa3802ed93,1618520762,candidate_layering,cDAI,0x5d3a536e4d6dbd6114cc1ead35777bab948e3643,1
0x722122df12d4e14e13ac3b6895a86e84145b6967,0xd4b88df4d29f5cedd6857912842cff3b20c8cfa3,erc20,100.0,0xa39a744583709c1d510cbaaf82daf36bcda8b67cc8d3659472f5556230d585a9,1618522676,candidate_layering,DAI,0x6b175474e89094c44da98b954eedeac495271d0f,1
0x722122df12d4e14e13ac3b6895a86e84145b6967,0xfd8610d20aa15b7b2e3be39b396a1bc3516c7144,erc20,1000.0,0x104bbe76b1c3f1d2e470d9c0ed000ce382c3ea88c11a55806cc2e7952f685f50,1618522892,candidate_layering,DAI,0x6b175474e89094c44da98b954eedeac495271d0f,1
0x722122df12d4e14e13ac3b6895a86e84145b6967,0x07687e702b410fa43f4cb4af7fa097918ffd2730,erc20,10000.0,0xc0f164b388eeb5af242f29a0c58929baea000025356e67866a5d0c2e98ba4d97,1618523010,candidate_layering,DAI,0x6b175474e89094c44da98b954eedeac495271d0f,1
0x722122df12d4e14e13ac3b6895a86e84145b6967,0x23773e65ed146a459791799d01336db287f25334,erc20,100000.0,0xc1f322d29c6fb005abff5256040f3b0619bc776a3686b1f38f3998c81cfeada2,1618523143,candidate_layering,DAI,0x6b175474e89094c44da98b954eedeac495271d0f,1
0x722122df12d4e14e13ac3b6895a86e84145b6967,0x07687e702b410fa43f4cb4af7fa097918ffd2730,erc20,10000.0,0x0c0b34f7dd13431ded189dc2d83670b71f779460922fe2362c729f5de238dc8d,1618525016,candidate_layering,DAI,0x6b175474e89094c44da98b954eedeac495271d0f,1
0x722122df12d4e14e13ac3b6895a86e84145b6967,0x07687e702b410fa43f4cb4af7fa097918ffd2730,erc20,10000.0,0x73062e31e3d99606527160a145aa80e65b1cafc0afc9a7f8c0f0e4008e5c4997,1618526781,candidate_layering,DAI,0x6b175474e89094c44da98b954eedeac495271d0f,1
0x722122df12d4e14e13ac3b6895a86e84145b6967,0x610b717796ad172b316836ac95a2ffad065ceab4,erc20,1.0,0x1797e3c751904159a93cc5c783166b24e8f58209d6cff48292bd7158b220bd16,1618527262,candidate_layering,WBTC,0x2260fac5e5542a773aa44fbcfedf7c193bc2c599,1
0x722122df12d4e14e13ac3b6895a86e84145b6967,0x2717c5e28cf931547b621a5dddb772ab6a35b701,erc20,500000.0,0x94c4f602dc85ab1a145ca5941200dc2b46b8d39eb4f540ecee8f83e94d328060,1618527289,candidate_layering,cDAI,0x5d3a536e4d6dbd6114cc1ead35777bab948e3643,1
0x722122df12d4e14e13ac3b6895a86e84145b6967,0x07687e702b410fa43f4cb4af7fa097918ffd2730,erc20,10000.0,0x35bbf469572e9a813a8224bdc6723d31a813e946c88ea5e6ea8dd8378567cdf9,1618527747,candidate_layering,DAI,0x6b175474e89094c44da98b954eedeac495271d0f,1
0x722122df12d4e14e13ac3b6895a86e84145b6967,0x07687e702b410fa43f4cb4af7fa097918ffd2730,erc20,10000.0,0xe1c4efdcce87176a51e5bc3e48bbf446de95c6e2fdff44d4b12b5fefc7a2efa0,1618528917,candidate_layering,DAI,0x6b175474e89094c44da98b954eedeac495271d0f,1
0x722122df12d4e14e13ac3b6895a86e84145b6967,0x2717c5e28cf931547b621a5dddb772ab6a35b701,erc20,500000.0,0x2778e5a0b7be8870d4a9863333ec4c750a537aecd5ad03d0e206e687405ab8ca,1618528917,candidate_layering,cDAI,0x5d3a536e4d6dbd6114cc1ead35777bab948e3643,1
0x722122df12d4e14e13ac3b6895a86e84145b6967,0x2717c5e28cf931547b621a5dddb772ab6a35b701,erc20,500000.0,0x52f2b9b0eacaa347ef3caa17d6ec85a2785793cc3fb06407ec150a68546becd2,1618529234,candidate_layering,cDAI,0x5d3a536e4d6dbd6114cc1ead35777bab948e3643,1
0x722122df12d4e14e13ac3b6895a86e84145b6967,0x2717c5e28cf931547b621a5dddb772ab6a35b701,erc20,500000.0,0x07adb67fb2865760ff949ebec78bca044de435bdcec5a56c35d0c0d2e44e1b97,1618529234,candidate_layering,cDAI,0x5d3a536e4d6dbd6114cc1ead35777bab948e3643,1
0x722122df12d4e14e13ac3b6895a86e84145b6967,0x2717c5e28cf931547b621a5dddb772ab6a35b701,erc20,500000.0,0x30f74de24152f9444ed5dc8ca1d177f3765093c030e759cc8d0659105a11a2df,1618529234,candidate_layering,cDAI,0x5d3a536e4d6dbd6114cc1ead35777bab948e3643,1
0x722122df12d4e14e13ac3b6895a86e84145b6967,0x2717c5e28cf931547b621a5dddb772ab6a35b701,erc20,500000.0,0x76684c6837aa977e69b61267cf867e70c5c3c27539282a64915c9de2698ed17b,1618529234,candidate_layering,cDAI,0x5d3a536e4d6dbd6114cc1ead35777bab948e3643,1
0x722122df12d4e14e13ac3b6895a86e84145b6967,0x2717c5e28cf931547b621a5dddb772ab6a35b701,erc20,500000.0,0xdc9e06ea0d2edc51d27410c04ce29adf6f5c5f062d5879fe2c06a201b6de3f78,1618529234,candidate_layering,cDAI,0x5d3a536e4d6dbd6114cc1ead35777bab948e3643,1
0x722122df12d4e14e13ac3b6895a86e84145b6967,0x2717c5e28cf931547b621a5dddb772ab6a35b701,erc20,500000.0,0xb5fc58fb1ff3b52a7475892ea912b93552cb4f28d2eb723c43dedf4dbf61e1c0,1618529234,candidate_layering,cDAI,0x5d3a536e4d6dbd6114cc1ead35777bab948e3643,1
0x722122df12d4e14e13ac3b6895a86e84145b6967,0x2717c5e28cf931547b621a5dddb772ab6a35b701,erc20,500000.0,0x4bc23f96afcfb22b22e3acb8296cd95d888d0b0167a7b2f63bfb9cff52c3b98b,1618529238,candidate_layering,cDAI,0x5d3a536e4d6dbd6114cc1ead35777bab948e3643,1
0x722122df12d4e14e13ac3b6895a86e84145b6967,0x2717c5e28cf931547b621a5dddb772ab6a35b701,erc20,500000.0,0xdd9a32213c2fce45858a918b91996bd897e80abe67de432483b54a69b84840d4,1618529238,candidate_layering,cDAI,0x5d3a536e4d6dbd6114cc1ead35777bab948e3643,1
0x722122df12d4e14e13ac3b6895a86e84145b6967,0xd21be7248e0197ee08e0c20d4a96debdac3d20af,erc20,5000000.0,0x64f50d7abc17e33b1fad5cdc4de4ea7e254bbcaccff29f37bbb4b4a93f75d062,1618529455,candidate_layering,cDAI,0x5d3a536e4d6dbd6114cc1ead35777bab948e3643,1
0x722122df12d4e14e13ac3b6895a86e84145b6967,0x03893a7c7463ae47d46bc7f091665f1893656003,erc20,50000.0,0x04915a0cb222b7e52fdca48cbdca8ebbd5b6bb893b133b93ad5294655f79fc53,1618533047,candidate_layering,cDAI,0x5d3a536e4d6dbd6114cc1ead35777bab948e3643,1
0x722122df12d4e14e13ac3b6895a86e84145b6967,0xd21be7248e0197ee08e0c20d4a96debdac3d20af,erc20,5000000.0,0xe0d738ce8c416d9b65917539e6c5ef5a8e569865a04e8deec61ac256f398e4a9,1618533779,candidate_layering,cDAI,0x5d3a536e4d6dbd6114cc1ead35777bab948e3643,1
0x722122df12d4e14e13ac3b6895a86e84145b6967,0x2717c5e28cf931547b621a5dddb772ab6a35b701,erc20,500000.0,0x94de53896dfff91722e86472fc3e9b4148455ae1ddbc1fde6999a8e82738b244,1618536447,candidate_layering,cDAI,0x5d3a536e4d6dbd6114cc1ead35777bab948e3643,1
0x722122df12d4e14e13ac3b6895a86e84145b6967,0x23773e65ed146a459791799d01336db287f25334,erc20,100000.0,0x3f571f82efc7aba0c21d462822222c4e8e36b15f9f8cf1b85c8e2fd38e0616b9,1618537237,candidate_layering,DAI,0x6b175474e89094c44da98b954eedeac495271d0f,1
0x722122df12d4e14e13ac3b6895a86e84145b6967,0x23773e65ed146a459791799d01336db287f25334,erc20,100000.0,0xb57a8138dc0b4d65fb74ac547584b90321d281a2b2d3f1aba9ac56461327f2a5,1618537336,candidate_layering,DAI,0x6b175474e89094c44da98b954eedeac495271d0f,1
0x722122df12d4e14e13ac3b6895a86e84145b6967,0x23773e65ed146a459791799d01336db287f25334,erc20,100000.0,0xd069bb9179f46895a47e70a372e7de459f1ad5e59f5a46c8ba284dc39e3af00e,1618538241,candidate_layering,DAI,0x6b175474e89094c44da98b954eedeac495271d0f,1
0x722122df12d4e14e13ac3b6895a86e84145b6967,0x178169b423a011fff22b9e3f3abea13414ddd0f1,erc20,0.1,0xdb24b829d7e084eb912e46f56431120c85946851f2af844f0b2fdffac298adef,1618540882,candidate_layering,WBTC,0x2260fac5e5542a773aa44fbcfedf7c193bc2c599,1
0x722122df12d4e14e13ac3b6895a86e84145b6967,0x07687e702b410fa43f4cb4af7fa097918ffd2730,erc20,10000.0,0xacafc704ec7320dbd6018aeb07cdd6e42041f12aa7efe08dfb69c6c00b6cd39a,1618552901,candidate_layering,DAI,0x6b175474e89094c44da98b954eedeac495271d0f,1
0x722122df12d4e14e13ac3b6895a86e84145b6967,0x07687e702b410fa43f4cb4af7fa097918ffd2730,erc20,10000.0,0x384093baa8de9b0335585025f09adae4ef14fdefbfe3c8ec6b0c61852211561d,1618553319,candidate_layering,DAI,0x6b175474e89094c44da98b954eedeac495271d0f,1
0x722122df12d4e14e13ac3b6895a86e84145b6967,0x23773e65ed146a459791799d01336db287f25334,erc20,100000.0,0x56bf06a0897e54d9ba19296d1f1c9d7f34b983de89c00730222b25261598c7b6,1618557501,candidate_layering,DAI,0x6b175474e89094c44da98b954eedeac495271d0f,1
0x722122df12d4e14e13ac3b6895a86e84145b6967,0x169ad27a470d064dede56a2d3ff727986b15d52b,erc20,100.0,0x13b52b7b777bfeeae26130c8e8b44a269d27ca17de393660bf87ada6e9fd7df5,1618568261,candidate_layering,USDT,0xdac17f958d2ee523a2206206994597c13d831ec7,1
0x722122df12d4e14e13ac3b6895a86e84145b6967,0xd21be7248e0197ee08e0c20d4a96debdac3d20af,erc20,5000000.0,0x980011020ecd3adedc4c8ed68422924897a116cce3cd9253a42c1d3b88ed5844,1618569180,candidate_layering,cDAI,0x5d3a536e4d6dbd6114cc1ead35777bab948e3643,1
0x722122df12d4e14e13ac3b6895a86e84145b6967,0x23773e65ed146a459791799d01336db287f25334,erc20,100000.0,0x4f4cb013be5a7f599803d8f9ede4855242ed9e03e4a562a0c46b8aadfa6f4aaa,1618656678,candidate_layering,DAI,0x6b175474e89094c44da98b954eedeac495271d0f,1
0x722122df12d4e14e13ac3b6895a86e84145b6967,0x23773e65ed146a459791799d01336db287f25334,erc20,100000.0,0xab48f39e15b086c75e07f83184a4471e123c6dc6cc384f8e153cac725a5fc307,1618673716,candidate_layering,DAI,0x6b175474e89094c44da98b954eedeac495271d0f,1
0x722122df12d4e14e13ac3b6895a86e84145b6967,0xd21be7248e0197ee08e0c20d4a96debdac3d20af,erc20,5000000.0,0x3fcfb6b586f5f8a2d55d68a77b7b953bedfe66a5fa492f6c874bbb8fc8df3bab,1618685812,candidate_layering,cDAI,0x5d3a536e4d6dbd6114cc1ead35777bab948e3643,1
0x722122df12d4e14e13ac3b6895a86e84145b6967,0xd21be7248e0197ee08e0c20d4a96debdac3d20af,erc20,5000000.0,0x9e6b6dbbad21ea4001446f58a741cf1f288e16849ea48c7dc8101bf87af98fb9,1618690556,candidate_layering,cDAI,0x5d3a536e4d6dbd6114cc1ead35777bab948e3643,1
0x722122df12d4e14e13ac3b6895a86e84145b6967,0xd21be7248e0197ee08e0c20d4a96debdac3d20af,erc20,5000000.0,0xe36e99d600896190b57b1c02b25ba2b4783ee123d03f42f7941aaf3e52bfef96,1618690644,candidate_layering,cDAI,0x5d3a536e4d6dbd6114cc1ead35777bab948e3643,1
0x722122df12d4e14e13ac3b6895a86e84145b6967,0x4736dcf1b7a3d580672cce6e7c65cd5cc9cfba9d,erc20,1000.0,0xee21ce7a96c2b1fff660dd56279e9b548e118fe5dc27522514b75213cfa91c45,1618697306,candidate_layering,USDC,0xa0b86991c6218b36c1d19d4a2e9eb0ce3606eb48,1
0x722122df12d4e14e13ac3b6895a86e84145b6967,0xfd8610d20aa15b7b2e3be39b396a1bc3516c7144,erc20,1000.0,0xd96fc29af419422460aa3b1e9b4d04c7098e9ac60822a958e97db4b7677ae47e,1618697953,candidate_layering,DAI,0x6b175474e89094c44da98b954eedeac495271d0f,1
0x722122df12d4e14e13ac3b6895a86e84145b6967,0x07687e702b410fa43f4cb4af7fa097918ffd2730,erc20,10000.0,0x4c5fd732ccdf0ef5533986b5f578938f3a6cd5f6dd03eec43dbd565f061c0679,1618697959,candidate_layering,DAI,0x6b175474e89094c44da98b954eedeac495271d0f,1
0x722122df12d4e14e13ac3b6895a86e84145b6967,0x2717c5e28cf931547b621a5dddb772ab6a35b701,erc20,500000.0,0xfd9515fdbb3afd2547814eaf57fa940754e2c65cbf062f7625fb5697830654e6,1618701107,candidate_layering,cDAI,0x5d3a536e4d6dbd6114cc1ead35777bab948e3643,1
0x722122df12d4e14e13ac3b6895a86e84145b6967,0x610b717796ad172b316836ac95a2ffad065ceab4,erc20,1.0,0x870835e876ce8837d4be9221537804c8cb831aee7a1b6b086f8bb5a2b2d8c0b1,1618703461,candidate_layering,WBTC,0x2260fac5e5542a773aa44fbcfedf7c193bc2c599,1
0x722122df12d4e14e13ac3b6895a86e84145b6967,0x610b717796ad172b316836ac95a2ffad065ceab4,erc20,1.0,0x30347c2f51e39037dbe3f57c037db668ac879ccb2a5c13a6eb9c6d033b64137b,1618704495,candidate_layering,WBTC,0x2260fac5e5542a773aa44fbcfedf7c193bc2c599,1
0x722122df12d4e14e13ac3b6895a86e84145b6967,0x610b717796ad172b316836ac95a2ffad065ceab4,erc20,1.0,0xd91cb780463066c7b93be929ec482dee5c7b249b80f2f466fb7aca3ebca463a4,1618714154,candidate_layering,WBTC,0x2260fac5e5542a773aa44fbcfedf7c193bc2c599,1
0x722122df12d4e14e13ac3b6895a86e84145b6967,0x2717c5e28cf931547b621a5dddb772ab6a35b701,erc20,500000.0,0xb66032717f58caa0014b8f1813b559942c4da41cacb6c6b28e446b83b7c622c8,1618714256,candidate_layering,cDAI,0x5d3a536e4d6dbd6114cc1ead35777bab948e3643,1
0x722122df12d4e14e13ac3b6895a86e84145b6967,0x2717c5e28cf931547b621a5dddb772ab6a35b701,erc20,500000.0,0x7279f0c1047e8695cdd501e9a940f0dbd524a549aff6285c6038d1a42d593f45,1618714802,candidate_layering,cDAI,0x5d3a536e4d6dbd6114cc1ead35777bab948e3643,1
0x722122df12d4e14e13ac3b6895a86e84145b6967,0x2717c5e28cf931547b621a5dddb772ab6a35b701,erc20,500000.0,0x9fef72add4abdbf796560438b9b4cb0ffe49919bb10398fa75d69ac185b9ad11,1618714851,candidate_layering,cDAI,0x5d3a536e4d6dbd6114cc1ead35777bab948e3643,1
0x722122df12d4e14e13ac3b6895a86e84145b6967,0x2717c5e28cf931547b621a5dddb772ab6a35b701,erc20,500000.0,0x9704491582460f3e35d16ddb85e7629c26b5096d729be2c4aa0915d6fb0adafe,1618715133,candidate_layering,cDAI,0x5d3a536e4d6dbd6114cc1ead35777bab948e3643,1
0x722122df12d4e14e13ac3b6895a86e84145b6967,0x07687e702b410fa43f4cb4af7fa097918ffd2730,erc20,10000.0,0x8b86b736b628cb2fbed4c6eb24d74b226ee8c2e4ea1f7cab02e12973a32ae48b,1618719554,candidate_layering,DAI,0x6b175474e89094c44da98b954eedeac495271d0f,1
0x722122df12d4e14e13ac3b6895a86e84145b6967,0x4736dcf1b7a3d580672cce6e7c65cd5cc9cfba9d,erc20,1000.0,0x7b5f0b5dbc4f8c435ae6298997c8ebb1dd2b194c84133a2bfa3f337be1085743,1618739048,candidate_layering,USDC,0xa0b86991c6218b36c1d19d4a2e9eb0ce3606eb48,1
0x722122df12d4e14e13ac3b6895a86e84145b6967,0xfd8610d20aa15b7b2e3be39b396a1bc3516c7144,erc20,1000.0,0x22b7208f02beb34f90f1faba7517f40d32cc384720b11baa6bb843cdf10dd6a0,1618739155,candidate_layering,DAI,0x6b175474e89094c44da98b954eedeac495271d0f,1
0x722122df12d4e14e13ac3b6895a86e84145b6967,0xfd8610d20aa15b7b2e3be39b396a1bc3516c7144,erc20,1000.0,0xcb5e90af2f8bfbe8307fbe9ef47652ae0a4c1f4d36e40fa48c31446e6afad34f,1618739718,candidate_layering,DAI,0x6b175474e89094c44da98b954eedeac495271d0f,1
0x722122df12d4e14e13ac3b6895a86e84145b6967,0x23773e65ed146a459791799d01336db287f25334,erc20,100000.0,0x07815706275599ae4dabf59d0b4e335d9ba2b1abb0ef56df6ad4248a64e2374c,1618740029,candidate_layering,DAI,0x6b175474e89094c44da98b954eedeac495271d0f,1
0x722122df12d4e14e13ac3b6895a86e84145b6967,0x169ad27a470d064dede56a2d3ff727986b15d52b,erc20,100.0,0x2cf63641b1e81fd452cb605f4cdb6fb5477fa5893bc4737ef4e7d9f8012b92b0,1618745695,candidate_layering,USDT,0xdac17f958d2ee523a2206206994597c13d831ec7,1
0x722122df12d4e14e13ac3b6895a86e84145b6967,0xfd8610d20aa15b7b2e3be39b396a1bc3516c7144,erc20,1000.0,0x882a4022b2aac8e016d5b7eaf397d1bd4d207e87b58b59f29d0c00f8888866a4,1618764029,candidate_layering,DAI,0x6b175474e89094c44da98b954eedeac495271d0f,1
0x722122df12d4e14e13ac3b6895a86e84145b6967,0x610b717796ad172b316836ac95a2ffad065ceab4,erc20,1.0,0xfc3cd02fed2a4b8322d622638e31d74f4e77be11141eb71d5ee9fda418a47c0e,1618772193,candidate_layering,WBTC,0x2260fac5e5542a773aa44fbcfedf7c193bc2c599,1
0x722122df12d4e14e13ac3b6895a86e84145b6967,0x610b717796ad172b316836ac95a2ffad065ceab4,erc20,1.0,0x773d0041752549dbffa735b3a5778746789adcdce51bd991b26515ee55541ecb,1618783201,candidate_layering,WBTC,0x2260fac5e5542a773aa44fbcfedf7c193bc2c599,1
0x722122df12d4e14e13ac3b6895a86e84145b6967,0x610b717796ad172b316836ac95a2ffad065ceab4,erc20,1.0,0xdcff8a461764775fb2204fa3560fe2612fbf4322c97cf0e51e4366e3abf62963,1618784542,candidate_layering,WBTC,0x2260fac5e5542a773aa44fbcfedf7c193bc2c599,1
0x722122df12d4e14e13ac3b6895a86e84145b6967,0x178169b423a011fff22b9e3f3abea13414ddd0f1,erc20,0.1,0x1d554cf0946a5dcb16c7965b944ee6e980fa8b5f6f92e1559306951b668cf40a,1618786857,candidate_layering,WBTC,0x2260fac5e5542a773aa44fbcfedf7c193bc2c599,1
0x722122df12d4e14e13ac3b6895a86e84145b6967,0xd21be7248e0197ee08e0c20d4a96debdac3d20af,erc20,5000000.0,0x8364209ee888bd656600eea28b68434572f196545379ab181e09fddedb1ce842,1618815200,candidate_layering,cDAI,0x5d3a536e4d6dbd6114cc1ead35777bab948e3643,1
0x722122df12d4e14e13ac3b6895a86e84145b6967,0xd21be7248e0197ee08e0c20d4a96debdac3d20af,erc20,5000000.0,0x8c34d7e1171771ac8989416bea91e63a3661f76b1c3a2d0add8a5fd90a7a0368,1618860414,candidate_layering,cDAI,0x5d3a536e4d6dbd6114cc1ead35777bab948e3643,1
0x722122df12d4e14e13ac3b6895a86e84145b6967,0xd21be7248e0197ee08e0c20d4a96debdac3d20af,erc20,5000000.0,0xd4af4f49bed58f8f7bd92bcb4e42321b248815fa4a07dfd9bac7dc009e6476cb,1618860493,candidate_layering,cDAI,0x5d3a536e4d6dbd6114cc1ead35777bab948e3643,1
0x722122df12d4e14e13ac3b6895a86e84145b6967,0x23773e65ed146a459791799d01336db287f25334,erc20,100000.0,0x5918399d5e2ee7da4432c92712693c719c3b374a1e5e3178f1b5762ce5223560,1618931033,candidate_layering,DAI,0x6b175474e89094c44da98b954eedeac495271d0f,1
0x722122df12d4e14e13ac3b6895a86e84145b6967,0x07687e702b410fa43f4cb4af7fa097918ffd2730,erc20,10000.0,0x937a9f29975878f0c665b078ce1e51684fb1eda5fe4868c6be48606181d0ebf5,1618958398,candidate_layering,DAI,0x6b175474e89094c44da98b954eedeac495271d0f,1
0x722122df12d4e14e13ac3b6895a86e84145b6967,0x07687e702b410fa43f4cb4af7fa097918ffd2730,erc20,10000.0,0xbc247fdaf4e4d9c8db6749300d948953c7ab342776b581c21c7445b8402f80ea,1618982740,candidate_layering,DAI,0x6b175474e89094c44da98b954eedeac495271d0f,1
0x722122df12d4e14e13ac3b6895a86e84145b6967,0x23773e65ed146a459791799d01336db287f25334,erc20,100000.0,0x0aa380c42a76c38ba083fb3dd4b9064db91e777af6ec586866d9c8a654fa8a5e,1618997303,candidate_layering,DAI,0x6b175474e89094c44da98b954eedeac495271d0f,1
0x722122df12d4e14e13ac3b6895a86e84145b6967,0x23773e65ed146a459791799d01336db287f25334,erc20,100000.0,0x5b60bc2dc4a2622677ad218e27d6cf5e863e817bfd827b35310bf75b9daf6524,1618997303,candidate_layering,DAI,0x6b175474e89094c44da98b954eedeac495271d0f,1
0x722122df12d4e14e13ac3b6895a86e84145b6967,0x23773e65ed146a459791799d01336db287f25334,erc20,100000.0,0xcecd7c867ff9136f7d9c72cf7042ca95002e67ec6f15f2ee9033e46dedc7306b,1618997323,candidate_layering,DAI,0x6b175474e89094c44da98b954eedeac495271d0f,1
0x722122df12d4e14e13ac3b6895a86e84145b6967,0x23773e65ed146a459791799d01336db287f25334,erc20,100000.0,0x76f87f7029396f0e59daf8811feb2482fa3e7fb523ddeac6ba587a21af6031b2,1618997364,candidate_layering,DAI,0x6b175474e89094c44da98b954eedeac495271d0f,1
0x722122df12d4e14e13ac3b6895a86e84145b6967,0x23773e65ed146a459791799d01336db287f25334,erc20,100000.0,0x37de67ad397f588a0d0c746f21f91c7cc32f44fc61d339ca11bf0ad5e57f9fc7,1618997364,candidate_layering,DAI,0x6b175474e89094c44da98b954eedeac495271d0f,1
0x722122df12d4e14e13ac3b6895a86e84145b6967,0x23773e65ed146a459791799d01336db287f25334,erc20,100000.0,0x00ac3599960a94ab4bcdcba1246781405fecf838f117c0c9bc1e9baf7f2ce43d,1618997364,candidate_layering,DAI,0x6b175474e89094c44da98b954eedeac495271d0f,1
0x722122df12d4e14e13ac3b6895a86e84145b6967,0x23773e65ed146a459791799d01336db287f25334,erc20,100000.0,0xbdb50eb4da935142b3446bcc6dc34403a78326f9d71e729204f244e8f5e15751,1618997364,candidate_layering,DAI,0x6b175474e89094c44da98b954eedeac495271d0f,1
0x722122df12d4e14e13ac3b6895a86e84145b6967,0x23773e65ed146a459791799d01336db287f25334,erc20,100000.0,0xe9006de4a54a6aee5994e83f700b5e5a5a6dacce42fbcf89fd3236c908d727fb,1618997364,candidate_layering,DAI,0x6b175474e89094c44da98b954eedeac495271d0f,1
0x722122df12d4e14e13ac3b6895a86e84145b6967,0x23773e65ed146a459791799d01336db287f25334,erc20,100000.0,0x32ddf36a4f1cd14902e6fc1ed1afaca386e1ba14b818406f8cacbf5020ea706f,1618997364,candidate_layering,DAI,0x6b175474e89094c44da98b954eedeac495271d0f,1
0x722122df12d4e14e13ac3b6895a86e84145b6967,0x23773e65ed146a459791799d01336db287f25334,erc20,100000.0,0xf7c1d5d0c9d41ac5353e399889f6205510c5dcb756f81b7dbc88f067846ffd36,1618997364,candidate_layering,DAI,0x6b175474e89094c44da98b954eedeac495271d0f,1
0x722122df12d4e14e13ac3b6895a86e84145b6967,0x23773e65ed146a459791799d01336db287f25334,erc20,100000.0,0x3212e33bb63c2b1f2408697478da680a0c7cc5dfc443b18447aceced9ca419d1,1618997821,candidate_layering,DAI,0x6b175474e89094c44da98b954eedeac495271d0f,1
0x722122df12d4e14e13ac3b6895a86e84145b6967,0x23773e65ed146a459791799d01336db287f25334,erc20,100000.0,0xebc5f8097a3e4da77995b4bfd1f2c3202fdaa90b96f8bb83a57b1dc9eb068849,1618997821,candidate_layering,DAI,0x6b175474e89094c44da98b954eedeac495271d0f,1
0x722122df12d4e14e13ac3b6895a86e84145b6967,0x610b717796ad172b316836ac95a2ffad065ceab4,erc20,1.0,0x5c355078311a2a3ea0c9edcaef1b6ca4c8efc9775a16bc7e3820a80518a2d67a,1618997835,candidate_layering,WBTC,0x2260fac5e5542a773aa44fbcfedf7c193bc2c599,1
0x722122df12d4e14e13ac3b6895a86e84145b6967,0x23773e65ed146a459791799d01336db287f25334,erc20,100000.0,0xe8b940d29b0e558c9d7e35ff7569498c23fd8c38ceb0b0047840017ffbb068d2,1618998674,candidate_layering,DAI,0x6b175474e89094c44da98b954eedeac495271d0f,1
0x722122df12d4e14e13ac3b6895a86e84145b6967,0x23773e65ed146a459791799d01336db287f25334,erc20,100000.0,0x497502caad015d27f26bd96a48f76385d422ad8f49da0c79ab91913f703e7aff,1618998788,candidate_layering,DAI,0x6b175474e89094c44da98b954eedeac495271d0f,1
0x722122df12d4e14e13ac3b6895a86e84145b6967,0x23773e65ed146a459791799d01336db287f25334,erc20,100000.0,0x8d77f22def0a6fa7694d61488871312659f7cd654e9edce3d1a7ccd25ded5392,1618998788,candidate_layering,DAI,0x6b175474e89094c44da98b954eedeac495271d0f,1
0x722122df12d4e14e13ac3b6895a86e84145b6967,0x23773e65ed146a459791799d01336db287f25334,erc20,100000.0,0x597d9f461685a3a0d7faa1114c2c384cf7658f8f57a110a78f7d1855db6827ef,1618998788,candidate_layering,DAI,0x6b175474e89094c44da98b954eedeac495271d0f,1
0x722122df12d4e14e13ac3b6895a86e84145b6967,0x23773e65ed146a459791799d01336db287f25334,erc20,100000.0,0x9d85534a7f305c444a55f580ce3d7e2cade7f27a10d0207cece17e99aa56f2ef,1618998841,candidate_layering,DAI,0x6b175474e89094c44da98b954eedeac495271d0f,1
0x722122df12d4e14e13ac3b6895a86e84145b6967,0x23773e65ed146a459791799d01336db287f25334,erc20,100000.0,0xbc999672b195068e28026501f76c0983ad95c3028a3aaf595648c27ae78682f0,1618998952,candidate_layering,DAI,0x6b175474e89094c44da98b954eedeac495271d0f,1
0x722122df12d4e14e13ac3b6895a86e84145b6967,0x23773e65ed146a459791799d01336db287f25334,erc20,100000.0,0x1e5576d264a6ef59820f5fd98a238903d77db805a58c90a4eeaf4ad4eb0a0af5,1618998952,candidate_layering,DAI,0x6b175474e89094c44da98b954eedeac495271d0f,1
0x722122df12d4e14e13ac3b6895a86e84145b6967,0x23773e65ed146a459791799d01336db287f25334,erc20,100000.0,0x883fca08154ea363e61ad4222dddb99a315d0f5c550dc6b7d68dea925b7ed17a,1618998952,candidate_layering,DAI,0x6b175474e89094c44da98b954eedeac495271d0f,1
0x722122df12d4e14e13ac3b6895a86e84145b6967,0x23773e65ed146a459791799d01336db287f25334,erc20,100000.0,0x8ef3a186e23f4de537e7d392788bab9a691317aaacc1f313d6347d5d8e960783,1618998952,candidate_layering,DAI,0x6b175474e89094c44da98b954eedeac495271d0f,1
0x722122df12d4e14e13ac3b6895a86e84145b6967,0x23773e65ed146a459791799d01336db287f25334,erc20,100000.0,0xbe5d4176534a130df9b4c31111ec67c2b959b3ef5d9a4b5b5cdd078cb09da86c,1618999263,candidate_layering,DAI,0x6b175474e89094c44da98b954eedeac495271d0f,1
0x722122df12d4e14e13ac3b6895a86e84145b6967,0x23773e65ed146a459791799d01336db287f25334,erc20,100000.0,0xe7fa635825d3ab97cf7cc439f3c5733b9c2c80b6108d98c2b01f3130a97a9af6,1618999263,candidate_layering,DAI,0x6b175474e89094c44da98b954eedeac495271d0f,1
0x722122df12d4e14e13ac3b6895a86e84145b6967,0x23773e65ed146a459791799d01336db287f25334,erc20,100000.0,0xff71f51ba45aac7ed3a0c1c496819829329225b5ad989b366483f8e2df634724,1618999422,candidate_layering,DAI,0x6b175474e89094c44da98b954eedeac495271d0f,1
0x722122df12d4e14e13ac3b6895a86e84145b6967,0x23773e65ed146a459791799d01336db287f25334,erc20,100000.0,0x1ca9926d9fc7e9a09d15d1980946f28eb58853cb7f55baa0d827554451497dc0,1618999422,candidate_layering,DAI,0x6b175474e89094c44da98b954eedeac495271d0f,1
0x722122df12d4e14e13ac3b6895a86e84145b6967,0x23773e65ed146a459791799d01336db287f25334,erc20,100000.0,0x07868978ef3780346e3d0ac2780251951398834dd313ea80d31b6ae9d54ca192,1618999422,candidate_layering,DAI,0x6b175474e89094c44da98b954eedeac495271d0f,1
0x722122df12d4e14e13ac3b6895a86e84145b6967,0x23773e65ed146a459791799d01336db287f25334,erc20,100000.0,0xb3bb5405af53fb2d59cd7fe35e6085b91baad49b0d16846aed84a97769b9218e,1618999422,candidate_layering,DAI,0x6b175474e89094c44da98b954eedeac495271d0f,1
0x722122df12d4e14e13ac3b6895a86e84145b6967,0x23773e65ed146a459791799d01336db287f25334,erc20,100000.0,0xc52b7d4668837401b1aba1a45545b96c84c71a2d92b6c222116e45fe91ea6925,1618999422,candidate_layering,DAI,0x6b175474e89094c44da98b954eedeac495271d0f,1
0x722122df12d4e14e13ac3b6895a86e84145b6967,0x23773e65ed146a459791799d01336db287f25334,erc20,100000.0,0xe271f5b4a96368246dace6e4d744984ff00e893b906d0a024a1f68114f46d8de,1618999422,candidate_layering,DAI,0x6b175474e89094c44da98b954eedeac495271d0f,1
0x722122df12d4e14e13ac3b6895a86e84145b6967,0x23773e65ed146a459791799d01336db287f25334,erc20,100000.0,0x6338f3631fd0d8c058c84414c092d3599161151f92c09b8ce8ad0734abcb49f8,1618999422,candidate_layering,DAI,0x6b175474e89094c44da98b954eedeac495271d0f,1
0x722122df12d4e14e13ac3b6895a86e84145b6967,0x610b717796ad172b316836ac95a2ffad065ceab4,erc20,1.0,0x1455a4aaae01361fa78121bb1c56120b9c7e861b6e39953e389d5fcfdcdf68bd,1619000637,candidate_layering,WBTC,0x2260fac5e5542a773aa44fbcfedf7c193bc2c599,1
0x722122df12d4e14e13ac3b6895a86e84145b6967,0x23773e65ed146a459791799d01336db287f25334,erc20,100000.0,0xbc67a67fb1120fb0c5c8799afd8624f77288dbcdba700d2de90512434a0823b7,1619012027,candidate_layering,DAI,0x6b175474e89094c44da98b954eedeac495271d0f,1
0x722122df12d4e14e13ac3b6895a86e84145b6967,0xfd8610d20aa15b7b2e3be39b396a1bc3516c7144,erc20,1000.0,0x358e5ecd82eb003eeb31c49485ec547ec13a92a265a72a85132b4cb118cc956f,1619012197,candidate_layering,DAI,0x6b175474e89094c44da98b954eedeac495271d0f,1
0x722122df12d4e14e13ac3b6895a86e84145b6967,0x23773e65ed146a459791799d01336db287f25334,erc20,100000.0,0x8baeba051f2395813804e73ef2c8f713e8fcaac949bfdc81171ffcecbbafa51b,1619043859,candidate_layering,DAI,0x6b175474e89094c44da98b954eedeac495271d0f,1
0x722122df12d4e14e13ac3b6895a86e84145b6967,0xbb93e510bbcd0b7beb5a853875f9ec60275cf498,erc20,10.0,0x82a8e5d8da01f4d3f5f408346de00d8a898e2639fa49aea3ae3ad5e1033d4daf,1619045113,candidate_layering,WBTC,0x2260fac5e5542a773aa44fbcfedf7c193bc2c599,1
0x722122df12d4e14e13ac3b6895a86e84145b6967,0x610b717796ad172b316836ac95a2ffad065ceab4,erc20,1.0,0xadb60dd2735596fdc90bcf029c01fa3ffc4067e6a7b1be595068c38649030d41,1619049729,candidate_layering,WBTC,0x2260fac5e5542a773aa44fbcfedf7c193bc2c599,1
0x722122df12d4e14e13ac3b6895a86e84145b6967,0x07687e702b410fa43f4cb4af7fa097918ffd2730,erc20,10000.0,0x12dd21c6cd1526d6d2e8d0141c5b5866cf76bb502b09cd10ff0a5cd2159ea654,1619049887,candidate_layering,DAI,0x6b175474e89094c44da98b954eedeac495271d0f,1
0x722122df12d4e14e13ac3b6895a86e84145b6967,0x178169b423a011fff22b9e3f3abea13414ddd0f1,erc20,0.1,0x9e644bc26e344fc259a79cc5cd9149d6dcf78d693e8315e42796d85b6d194477,1619062034,candidate_layering,WBTC,0x2260fac5e5542a773aa44fbcfedf7c193bc2c599,1
0x722122df12d4e14e13ac3b6895a86e84145b6967,0x610b717796ad172b316836ac95a2ffad065ceab4,erc20,1.0,0xcb4586b19cf30d266fb4b6ca3e8bc30306b6f7ce3506c0e81ccb07e5c9eee693,1619062347,candidate_layering,WBTC,0x2260fac5e5542a773aa44fbcfedf7c193bc2c599,1
0x722122df12d4e14e13ac3b6895a86e84145b6967,0x610b717796ad172b316836ac95a2ffad065ceab4,erc20,1.0,0xbbf488324a4995aeaa1201ca10b1a0b6b5adec4f2be203f8d98f1676e24d4127,1619067469,candidate_layering,WBTC,0x2260fac5e5542a773aa44fbcfedf7c193bc2c599,1
0x722122df12d4e14e13ac3b6895a86e84145b6967,0x610b717796ad172b316836ac95a2ffad065ceab4,erc20,1.0,0xe087284de63af69e5e1d7dc89f0fd47e5b89ffc2160a82d8669b79d8e48d9430,1619067469,candidate_layering,WBTC,0x2260fac5e5542a773aa44fbcfedf7c193bc2c599,1
0x722122df12d4e14e13ac3b6895a86e84145b6967,0x610b717796ad172b316836ac95a2ffad065ceab4,erc20,1.0,0xbb2020c222e264cc17374d09a9af9ad524ba0b8d14e09397ff9661a7fe348ec9,1619067485,candidate_layering,WBTC,0x2260fac5e5542a773aa44fbcfedf7c193bc2c599,1
0x722122df12d4e14e13ac3b6895a86e84145b6967,0x610b717796ad172b316836ac95a2ffad065ceab4,erc20,1.0,0x592e6f19f29f07cd868f7cd3840d71b89a510b778faa5cdd56f84e494e353353,1619068870,candidate_layering,WBTC,0x2260fac5e5542a773aa44fbcfedf7c193bc2c599,1
0x722122df12d4e14e13ac3b6895a86e84145b6967,0x610b717796ad172b316836ac95a2ffad065ceab4,erc20,1.0,0x6946d0656a946ea53383802e7ac483decbc5b466fff592fe70e0cd2403500886,1619081668,candidate_layering,WBTC,0x2260fac5e5542a773aa44fbcfedf7c193bc2c599,1
0x722122df12d4e14e13ac3b6895a86e84145b6967,0x610b717796ad172b316836ac95a2ffad065ceab4,erc20,1.0,0x616ebe67827e20a63cd08eec1a6c4bfbc2de6fad8c3ff5bf818acb20c0b6fb44,1619081809,candidate_layering,WBTC,0x2260fac5e5542a773aa44fbcfedf7c193bc2c599,1
0x722122df12d4e14e13ac3b6895a86e84145b6967,0x610b717796ad172b316836ac95a2ffad065ceab4,erc20,1.0,0x158efc4463a3210b4fe55d7d7f255a6ce94a18259910bfc9dc3316247b3215ed,1619087578,candidate_layering,WBTC,0x2260fac5e5542a773aa44fbcfedf7c193bc2c599,1
0x722122df12d4e14e13ac3b6895a86e84145b6967,0x0836222f2b2b24a3f36f98668ed8f0b38d1a872f,erc20,1000.0,0xf4a9ab4e98ec94810aed817a365cc4be2253b68a69d3eaa5c0e3522a74de4624,1619103968,candidate_layering,USDT,0xdac17f958d2ee523a2206206994597c13d831ec7,1
0x722122df12d4e14e13ac3b6895a86e84145b6967,0x610b717796ad172b316836ac95a2ffad065ceab4,erc20,1.0,0xa7ec1a24dcbd1661f68bf92150ebf0fa5cb64dc0863da773f0b8d6f5bb9d0316,1619149594,candidate_layering,WBTC,0x2260fac5e5542a773aa44fbcfedf7c193bc2c599,1
0x722122df12d4e14e13ac3b6895a86e84145b6967,0x610b717796ad172b316836ac95a2ffad065ceab4,erc20,1.0,0xff5fb75d72dd04b8cbef002e9ddf70227933103dfb97f427a02d7d6c31fe4fd4,1619176008,candidate_layering,WBTC,0x2260fac5e5542a773aa44fbcfedf7c193bc2c599,1
0x722122df12d4e14e13ac3b6895a86e84145b6967,0x610b717796ad172b316836ac95a2ffad065ceab4,erc20,1.0,0x7218ca14bb0a754dbaf1b26629cdbec8354af25de20f02fde9f0aed89f8bbf6e,1619176008,candidate_layering,WBTC,0x2260fac5e5542a773aa44fbcfedf7c193bc2c599,1
0x722122df12d4e14e13ac3b6895a86e84145b6967,0xbb93e510bbcd0b7beb5a853875f9ec60275cf498,erc20,10.0,0x5b0cca7ca429eb1e7ff6cc22371f5a3a4d1660aedfb0eef6620c1818645afb20,1619186255,candidate_layering,WBTC,0x2260fac5e5542a773aa44fbcfedf7c193bc2c599,1
0x722122df12d4e14e13ac3b6895a86e84145b6967,0xbb93e510bbcd0b7beb5a853875f9ec60275cf498,erc20,10.0,0xbc17db2eae2dde0ccee6a0c1f6ffc25c4363449d7f8602b84c707ec29268827f,1619186255,candidate_layering,WBTC,0x2260fac5e5542a773aa44fbcfedf7c193bc2c599,1
0x722122df12d4e14e13ac3b6895a86e84145b6967,0x169ad27a470d064dede56a2d3ff727986b15d52b,erc20,100.0,0x578108ac1e02dffb5a7762872f4218d7d4a675831710a24694d8b4017634e1fa,1619190852,candidate_layering,USDT,0xdac17f958d2ee523a2206206994597c13d831ec7,1
0x722122df12d4e14e13ac3b6895a86e84145b6967,0xbb93e510bbcd0b7beb5a853875f9ec60275cf498,erc20,10.0,0x013acaeb48cb8b70da414765029329dc57c3e75b37997621d9523fcaa2c07863,1619196735,candidate_layering,WBTC,0x2260fac5e5542a773aa44fbcfedf7c193bc2c599,1
0x722122df12d4e14e13ac3b6895a86e84145b6967,0xbb93e510bbcd0b7beb5a853875f9ec60275cf498,erc20,10.0,0x68aef1fe8e449b3dff654149e654bd3a26c7c1f3c79056364ed89bd7ac9d3f5e,1619196871,candidate_layering,WBTC,0x2260fac5e5542a773aa44fbcfedf7c193bc2c599,1
0x722122df12d4e14e13ac3b6895a86e84145b6967,0x23773e65ed146a459791799d01336db287f25334,erc20,100000.0,0x8d72de4fcbb00187a4989390e39e4e49bb5554d9af3471301d3539b6a6785f6c,1619200511,candidate_layering,DAI,0x6b175474e89094c44da98b954eedeac495271d0f,1
0x722122df12d4e14e13ac3b6895a86e84145b6967,0x23773e65ed146a459791799d01336db287f25334,erc20,100000.0,0x7c9f8a1419c17768b9151d1289e9a1c256f2a826695e1d458791d2ed12cf1ff4,1619208689,candidate_layering,DAI,0x6b175474e89094c44da98b954eedeac495271d0f,1
0x722122df12d4e14e13ac3b6895a86e84145b6967,0x07687e702b410fa43f4cb4af7fa097918ffd2730,erc20,10000.0,0x90de0142af679dc4819c724db6b5a080fda325040d10a0d187fe6212d3b951cc,1619220664,candidate_layering,DAI,0x6b175474e89094c44da98b954eedeac495271d0f,1
0x722122df12d4e14e13ac3b6895a86e84145b6967,0x07687e702b410fa43f4cb4af7fa097918ffd2730,erc20,10000.0,0x6b187834b50144fce6daf68a99c938e4b49509a454537a72973f5be1067a18bd,1619220999,candidate_layering,DAI,0x6b175474e89094c44da98b954eedeac495271d0f,1
0x722122df12d4e14e13ac3b6895a86e84145b6967,0x23773e65ed146a459791799d01336db287f25334,erc20,100000.0,0x1af9aaa8423a5f8bb729ca024e265494b763be3fb788522248b634fe15ccd401,1619227486,candidate_layering,DAI,0x6b175474e89094c44da98b954eedeac495271d0f,1
0x722122df12d4e14e13ac3b6895a86e84145b6967,0xd21be7248e0197ee08e0c20d4a96debdac3d20af,erc20,5000000.0,0x8771ab23af013dca8ff8d94625a1ba2e16cddf013e157038c4901a7be9e731fd,1619230398,candidate_layering,cDAI,0x5d3a536e4d6dbd6114cc1ead35777bab948e3643,1
0x722122df12d4e14e13ac3b6895a86e84145b6967,0xd21be7248e0197ee08e0c20d4a96debdac3d20af,erc20,5000000.0,0xf0800ccf40374eee22cdf1471b052a4bd409dcb33f9d558ea12d37953d6559ad,1619230756,candidate_layering,cDAI,0x5d3a536e4d6dbd6114cc1ead35777bab948e3643,1
0x722122df12d4e14e13ac3b6895a86e84145b6967,0xd21be7248e0197ee08e0c20d4a96debdac3d20af,erc20,5000000.0,0x2f6975528b2ca294efe0e91613ce37ef384a1063f10b9c1f2b3f6edc2e5577b8,1619231078,candidate_layering,cDAI,0x5d3a536e4d6dbd6114cc1ead35777bab948e3643,1
0x722122df12d4e14e13ac3b6895a86e84145b6967,0xbb93e510bbcd0b7beb5a853875f9ec60275cf498,erc20,10.0,0xaf66338ea26c9c01dfa0b6dfd28b1b1fdad02260e47407e03197820cb6698630,1619241989,candidate_layering,WBTC,0x2260fac5e5542a773aa44fbcfedf7c193bc2c599,1
0x722122df12d4e14e13ac3b6895a86e84145b6967,0x23773e65ed146a459791799d01336db287f25334,erc20,100000.0,0x09dfc8121c8c2860ab933974d8db5dc87fcc81a704d2b3fc29325467dd92cde6,1619242332,candidate_layering,DAI,0x6b175474e89094c44da98b954eedeac495271d0f,1
0x722122df12d4e14e13ac3b6895a86e84145b6967,0x23773e65ed146a459791799d01336db287f25334,erc20,100000.0,0xce21c35890edbda780342c1a867f06c21c19421b3dd133bf982cf5e9e4b0cba9,1619242589,candidate_layering,DAI,0x6b175474e89094c44da98b954eedeac495271d0f,1
0x722122df12d4e14e13ac3b6895a86e84145b6967,0x2717c5e28cf931547b621a5dddb772ab6a35b701,erc20,500000.0,0x6fec6a8d3d61a3b31973a64dc57129919d30733a81fb2324ed2f02adfd142f59,1619253193,candidate_layering,cDAI,0x5d3a536e4d6dbd6114cc1ead35777bab948e3643,1
0x722122df12d4e14e13ac3b6895a86e84145b6967,0x2717c5e28cf931547b621a5dddb772ab6a35b701,erc20,500000.0,0xda0b8ec393d3849c49d9c36373252f604e58de957bd59557b9f0c89a6e521f61,1619253771,candidate_layering,cDAI,0x5d3a536e4d6dbd6114cc1ead35777bab948e3643,1
0x722122df12d4e14e13ac3b6895a86e84145b6967,0x2717c5e28cf931547b621a5dddb772ab6a35b701,erc20,500000.0,0xa72dbe7a70480b004d638db5dcc0d85414fe356289e13bd916feb92463706776,1619253955,candidate_layering,cDAI,0x5d3a536e4d6dbd6114cc1ead35777bab948e3643,1
0x722122df12d4e14e13ac3b6895a86e84145b6967,0x2717c5e28cf931547b621a5dddb772ab6a35b701,erc20,500000.0,0x44699b9baa60cf826d4060689b91fc23a3061eb449458e59f9c520422e314515,1619254035,candidate_layering,cDAI,0x5d3a536e4d6dbd6114cc1ead35777bab948e3643,1
0x722122df12d4e14e13ac3b6895a86e84145b6967,0x2717c5e28cf931547b621a5dddb772ab6a35b701,erc20,500000.0,0x9b22c17b806c5f4bd215bf157ce3934b03c79c80eb2dae093f6bf5d632c01107,1619254609,candidate_layering,cDAI,0x5d3a536e4d6dbd6114cc1ead35777bab948e3643,1
0x722122df12d4e14e13ac3b6895a86e84145b6967,0x610b717796ad172b316836ac95a2ffad065ceab4,erc20,1.0,0x17eca4a19c57771dbceb33965fc29bbc0f4ee8dab6ad3a2f9da8a60ebe97397d,1619262623,candidate_layering,WBTC,0x2260fac5e5542a773aa44fbcfedf7c193bc2c599,1
0x722122df12d4e14e13ac3b6895a86e84145b6967,0x178169b423a011fff22b9e3f3abea13414ddd0f1,erc20,0.1,0x7cd0d48dc2cfa1ab45e3dc1fca230acdb4ee452605985e7b0e4fba66f727d56a,1619262923,candidate_layering,WBTC,0x2260fac5e5542a773aa44fbcfedf7c193bc2c599,1
0x722122df12d4e14e13ac3b6895a86e84145b6967,0x178169b423a011fff22b9e3f3abea13414ddd0f1,erc20,0.1,0x76d16e5c13c710e02da2b418ae7a4cf78424f649978a5946710338563d781ab0,1619263284,candidate_layering,WBTC,0x2260fac5e5542a773aa44fbcfedf7c193bc2c599,1
0x722122df12d4e14e13ac3b6895a86e84145b6967,0x178169b423a011fff22b9e3f3abea13414ddd0f1,erc20,0.1,0xea67df343b087a118b737d40533c556d150ca3fd1205501926f54ccfbefb69db,1619267021,candidate_layering,WBTC,0x2260fac5e5542a773aa44fbcfedf7c193bc2c599,1
0x722122df12d4e14e13ac3b6895a86e84145b6967,0x178169b423a011fff22b9e3f3abea13414ddd0f1,erc20,0.1,0x0bf3d373a6ebd76f163c5bfb19e9f9b3b70a0db05ad09638c41d81a7f7d86dcb,1619267134,candidate_layering,WBTC,0x2260fac5e5542a773aa44fbcfedf7c193bc2c599,1
0x722122df12d4e14e13ac3b6895a86e84145b6967,0xfd8610d20aa15b7b2e3be39b396a1bc3516c7144,erc20,1000.0,0xd33a5309eb4c9904945bf6f4f7b12249fbbc9479266eba86f094e1f14e812e77,1619284933,candidate_layering,DAI,0x6b175474e89094c44da98b954eedeac495271d0f,1
0x722122df12d4e14e13ac3b6895a86e84145b6967,0xfd8610d20aa15b7b2e3be39b396a1bc3516c7144,erc20,1000.0,0xffe9adac2453974f15166fa544a17073eb8131ded3d2b86e7b042347775c3e44,1619285416,candidate_layering,DAI,0x6b175474e89094c44da98b954eedeac495271d0f,1
0x722122df12d4e14e13ac3b6895a86e84145b6967,0xfd8610d20aa15b7b2e3be39b396a1bc3516c7144,erc20,1000.0,0x35025cdda96cb5b907ad399bfe11800d9ffb5a31bfd66824e2d4fdd74fbeaa8b,1619285684,candidate_layering,DAI,0x6b175474e89094c44da98b954eedeac495271d0f,1
0x722122df12d4e14e13ac3b6895a86e84145b6967,0xfd8610d20aa15b7b2e3be39b396a1bc3516c7144,erc20,1000.0,0xb70dfc6df60d27abf9fd210b8f391da42cc2f40d572f6388e016f6cc4fb9f95a,1619285909,candidate_layering,DAI,0x6b175474e89094c44da98b954eedeac495271d0f,1
0x722122df12d4e14e13ac3b6895a86e84145b6967,0xfd8610d20aa15b7b2e3be39b396a1bc3516c7144,erc20,1000.0,0x98e7c5b94a0dd4b40e8efe3a17da9d903a80dcb260bf17d6ba1c7dc1a2233902,1619286147,candidate_layering,DAI,0x6b175474e89094c44da98b954eedeac495271d0f,1
0x722122df12d4e14e13ac3b6895a86e84145b6967,0x07687e702b410fa43f4cb4af7fa097918ffd2730,erc20,10000.0,0x87608e3b8977dcb58c4271555af01d932c0afaaf7cb84641b33eeac39d327720,1619297312,candidate_layering,DAI,0x6b175474e89094c44da98b954eedeac495271d0f,1
0x722122df12d4e14e13ac3b6895a86e84145b6967,0xfd8610d20aa15b7b2e3be39b396a1bc3516c7144,erc20,1000.0,0x1d71fe39fcdff4d4bae798d8da6b495ec7eeacf41b93bb85e87f61899e99a9d3,1619305611,candidate_layering,DAI,0x6b175474e89094c44da98b954eedeac495271d0f,1
0x722122df12d4e14e13ac3b6895a86e84145b6967,0xfd8610d20aa15b7b2e3be39b396a1bc3516c7144,erc20,1000.0,0xedefb92409d5088ee78cdd68b19d2c282fb722e97d9fb6c78216577153fb3472,1619313053,candidate_layering,DAI,0x6b175474e89094c44da98b954eedeac495271d0f,1
0x722122df12d4e14e13ac3b6895a86e84145b6967,0xfd8610d20aa15b7b2e3be39b396a1bc3516c7144,erc20,1000.0,0x4c83900f1eefbd676a63f125f1a1cbcbf2d59d669aec592e0d6af3f6f15336c3,1619315118,candidate_layering,DAI,0x6b175474e89094c44da98b954eedeac495271d0f,1
0x722122df12d4e14e13ac3b6895a86e84145b6967,0xbb93e510bbcd0b7beb5a853875f9ec60275cf498,erc20,10.0,0x9e10b3ab304c83e465d4a9d8dbd228459db7e366c12ec1a0afba7459d417d897,1619323003,candidate_layering,WBTC,0x2260fac5e5542a773aa44fbcfedf7c193bc2c599,1
0x722122df12d4e14e13ac3b6895a86e84145b6967,0x0836222f2b2b24a3f36f98668ed8f0b38d1a872f,erc20,1000.0,0xab287019b618c09d69eb5105793731d09ca4f56e45320770f55e5e399737753d,1619330423,candidate_layering,USDT,0xdac17f958d2ee523a2206206994597c13d831ec7,1
0x722122df12d4e14e13ac3b6895a86e84145b6967,0xd4b88df4d29f5cedd6857912842cff3b20c8cfa3,erc20,100.0,0xe7bc45f2176245cd0443c852dde90c0561dc1d327f38e17ff03030bc1e0c2ba6,1619341607,candidate_layering,DAI,0x6b175474e89094c44da98b954eedeac495271d0f,1
0x722122df12d4e14e13ac3b6895a86e84145b6967,0xfd8610d20aa15b7b2e3be39b396a1bc3516c7144,erc20,1000.0,0xc398c171a47cc0a33c56bab51dacaa54c19a7d864e7e103d2d5c553bd5b88000,1619356335,candidate_layering,DAI,0x6b175474e89094c44da98b954eedeac495271d0f,1
0x722122df12d4e14e13ac3b6895a86e84145b6967,0xfd8610d20aa15b7b2e3be39b396a1bc3516c7144,erc20,1000.0,0x3ed7d6e0fa287abe7d5cb72f53907b573727870d490a4b9ef9e3f7753a66eaa5,1619356335,candidate_layering,DAI,0x6b175474e89094c44da98b954eedeac495271d0f,1
0x722122df12d4e14e13ac3b6895a86e84145b6967,0xfd8610d20aa15b7b2e3be39b396a1bc3516c7144,erc20,1000.0,0xda6a9cb2fd0bdc227b0c200f4535f2c7e2c00f76e894771759e0a64e541307bf,1619356532,candidate_layering,DAI,0x6b175474e89094c44da98b954eedeac495271d0f,1
0x722122df12d4e14e13ac3b6895a86e84145b6967,0xfd8610d20aa15b7b2e3be39b396a1bc3516c7144,erc20,1000.0,0xfce0a60f2afe2c2ae18554fab983aebc3b76a4c001637e36f0876cc1f00b65c2,1619356532,candidate_layering,DAI,0x6b175474e89094c44da98b954eedeac495271d0f,1
0x722122df12d4e14e13ac3b6895a86e84145b6967,0xfd8610d20aa15b7b2e3be39b396a1bc3516c7144,erc20,1000.0,0xcbb918834055c3e8922792bbd9c56d0bc0a9ea6a1b5a7a497f040393987652b5,1619356532,candidate_layering,DAI,0x6b175474e89094c44da98b954eedeac495271d0f,1
0x722122df12d4e14e13ac3b6895a86e84145b6967,0x4736dcf1b7a3d580672cce6e7c65cd5cc9cfba9d,erc20,1000.0,0x1911714b4ba762b33abfef0af55a468188f57ee6b3c02dd476eb4f6e88227413,1619356773,candidate_layering,USDC,0xa0b86991c6218b36c1d19d4a2e9eb0ce3606eb48,1
0x722122df12d4e14e13ac3b6895a86e84145b6967,0x4736dcf1b7a3d580672cce6e7c65cd5cc9cfba9d,erc20,1000.0,0xbdc97baa3261ad42b2ba709ef2fa72ef5e10d9c2f61ad6b04351e6341c000a40,1619356849,candidate_layering,USDC,0xa0b86991c6218b36c1d19d4a2e9eb0ce3606eb48,1
0x722122df12d4e14e13ac3b6895a86e84145b6967,0xfd8610d20aa15b7b2e3be39b396a1bc3516c7144,erc20,1000.0,0xc1ada511b616111b62bba77458b932567f7c993f48fc96b06accb685afeaffd8,1619357306,candidate_layering,DAI,0x6b175474e89094c44da98b954eedeac495271d0f,1
0x722122df12d4e14e13ac3b6895a86e84145b6967,0xfd8610d20aa15b7b2e3be39b396a1bc3516c7144,erc20,1000.0,0xbb37baca77eb80e8091523c366420804483530b03231b3af99ff1178ccd572a6,1619358490,candidate_layering,DAI,0x6b175474e89094c44da98b954eedeac495271d0f,1
0x722122df12d4e14e13ac3b6895a86e84145b6967,0xfd8610d20aa15b7b2e3be39b396a1bc3516c7144,erc20,1000.0,0x372a81951f66110254b512a39c4750166b4a8bf33af7623d54e61a58f2675edc,1619358991,candidate_layering,DAI,0x6b175474e89094c44da98b954eedeac495271d0f,1
0x722122df12d4e14e13ac3b6895a86e84145b6967,0x07687e702b410fa43f4cb4af7fa097918ffd2730,erc20,10000.0,0x2367bf6cb5184c1ef99e427c4ac97a2acc5883c7aca12e5ba4917fa382417ff4,1619364109,candidate_layering,DAI,0x6b175474e89094c44da98b954eedeac495271d0f,1
0x722122df12d4e14e13ac3b6895a86e84145b6967,0x07687e702b410fa43f4cb4af7fa097918ffd2730,erc20,10000.0,0x6cf7733d7d98df5202c6e99a7d8af6a1708514544417e992c14ccbb1ebf6283f,1619365026,candidate_layering,DAI,0x6b175474e89094c44da98b954eedeac495271d0f,1
0x722122df12d4e14e13ac3b6895a86e84145b6967,0x23773e65ed146a459791799d01336db287f25334,erc20,100000.0,0x9a8b58cb55aa7a8d24ea07029a706016afa52594129ed9d7e97773372b383f37,1619371227,candidate_layering,DAI,0x6b175474e89094c44da98b954eedeac495271d0f,1
0x722122df12d4e14e13ac3b6895a86e84145b6967,0x23773e65ed146a459791799d01336db287f25334,erc20,100000.0,0x6c424bd916d3ae6c47ea14c82e69f6c25713b768221c62c362457de05c3bc0b4,1619371394,candidate_layering,DAI,0x6b175474e89094c44da98b954eedeac495271d0f,1
0x722122df12d4e14e13ac3b6895a86e84145b6967,0x07687e702b410fa43f4cb4af7fa097918ffd2730,erc20,10000.0,0xb644e8822ab4a58c44c781ce9207fa6351b2eb7169de407305f3898a32223637,1619371600,candidate_layering,DAI,0x6b175474e89094c44da98b954eedeac495271d0f,1
0x722122df12d4e14e13ac3b6895a86e84145b6967,0x07687e702b410fa43f4cb4af7fa097918ffd2730,erc20,10000.0,0x1fc4e0d300e83e5f8cfcd11e5f9160844907b7533f7377d4445851ed478fe6dc,1619371679,candidate_layering,DAI,0x6b175474e89094c44da98b954eedeac495271d0f,1
0x722122df12d4e14e13ac3b6895a86e84145b6967,0x07687e702b410fa43f4cb4af7fa097918ffd2730,erc20,10000.0,0xbf835bfaa11f8fc5cd92074d32c2d0d41e944ff48003c7c6e2633c481d2c1d5b,1619371902,candidate_layering,DAI,0x6b175474e89094c44da98b954eedeac495271d0f,1
0x722122df12d4e14e13ac3b6895a86e84145b6967,0x23773e65ed146a459791799d01336db287f25334,erc20,100000.0,0xffff6d0b1d1fd599ff549ef81529548d9d82d98f7c1b07488342a51a65effef6,1619374831,candidate_layering,DAI,0x6b175474e89094c44da98b954eedeac495271d0f,1
0x722122df12d4e14e13ac3b6895a86e84145b6967,0x23773e65ed146a459791799d01336db287f25334,erc20,100000.0,0xb3b9fc0502e6c0075fd2e1eb6d05d07eeaf3e3a2671df9a8cd2ad0102c70373d,1619374889,candidate_layering,DAI,0x6b175474e89094c44da98b954eedeac495271d0f,1
0x722122df12d4e14e13ac3b6895a86e84145b6967,0x07687e702b410fa43f4cb4af7fa097918ffd2730,erc20,10000.0,0xec7d20b38b52a2f1e28db901d3a7378bac982c46b941d0f7b6fbc1c12bcc9f11,1619376161,candidate_layering,DAI,0x6b175474e89094c44da98b954eedeac495271d0f,1
0x722122df12d4e14e13ac3b6895a86e84145b6967,0xfd8610d20aa15b7b2e3be39b396a1bc3516c7144,erc20,1000.0,0x6e44acf15f35ced501a8848041b327dab9d4e35f17ac782ad4ca449f03682bb6,1619385976,candidate_layering,DAI,0x6b175474e89094c44da98b954eedeac495271d0f,1
0x722122df12d4e14e13ac3b6895a86e84145b6967,0x23773e65ed146a459791799d01336db287f25334,erc20,100000.0,0x7cf55a3b2ff8975b5a669880e415633927ecdf67bb37b368584ed445c4915167,1619395030,candidate_layering,DAI,0x6b175474e89094c44da98b954eedeac495271d0f,1
0x722122df12d4e14e13ac3b6895a86e84145b6967,0x23773e65ed146a459791799d01336db287f25334,erc20,100000.0,0x2a0900266b6baf010e74a770e0fadac7a3bf8deb772caf26f80c172a57aa23e5,1619396175,candidate_layering,DAI,0x6b175474e89094c44da98b954eedeac495271d0f,1
0x722122df12d4e14e13ac3b6895a86e84145b6967,0x23773e65ed146a459791799d01336db287f25334,erc20,100000.0,0xef8650a7cf529e82457c859eeaf42d8d65452d128a1d8e23f09546b6a2c6c1b3,1619401962,candidate_layering,DAI,0x6b175474e89094c44da98b954eedeac495271d0f,1
0x722122df12d4e14e13ac3b6895a86e84145b6967,0x07687e702b410fa43f4cb4af7fa097918ffd2730,erc20,10000.0,0xdf366051e5af2bf845568b9f35551acc15742687e4d44391cae34b697d752f7c,1619402294,candidate_layering,DAI,0x6b175474e89094c44da98b954eedeac495271d0f,1
0x722122df12d4e14e13ac3b6895a86e84145b6967,0x23773e65ed146a459791799d01336db287f25334,erc20,100000.0,0x2a006f48a94d10cfc7a4a743b71d4fb1cb1e7faa54bb3c822c059b8d234f8dfa,1619402435,candidate_layering,DAI,0x6b175474e89094c44da98b954eedeac495271d0f,1
0x722122df12d4e14e13ac3b6895a86e84145b6967,0x23773e65ed146a459791799d01336db287f25334,erc20,100000.0,0x952710c8e8887c59ddaf85af2f916459ae2cef111b6d41c769fe900530403e22,1619402591,candidate_layering,DAI,0x6b175474e89094c44da98b954eedeac495271d0f,1
0x722122df12d4e14e13ac3b6895a86e84145b6967,0x23773e65ed146a459791799d01336db287f25334,erc20,100000.0,0xeec8ac757c5e5b5c2c4d234e959cc66d1368d267f3e5d45d610c52848a0fda77,1619402898,candidate_layering,DAI,0x6b175474e89094c44da98b954eedeac495271d0f,1
0x722122df12d4e14e13ac3b6895a86e84145b6967,0x07687e702b410fa43f4cb4af7fa097918ffd2730,erc20,10000.0,0x4f416cf88fbd9196e1798c0f6105a7801b27aafbd720e5c8a4705d6b138e0f10,1619424356,candidate_layering,DAI,0x6b175474e89094c44da98b954eedeac495271d0f,1
0x722122df12d4e14e13ac3b6895a86e84145b6967,0x07687e702b410fa43f4cb4af7fa097918ffd2730,erc20,10000.0,0x3188c5a58f9e7c3901bfe1ba57306e7c30a2e05f80e67f8c3b1772fd3a3ab0fb,1619424557,candidate_layering,DAI,0x6b175474e89094c44da98b954eedeac495271d0f,1
0x722122df12d4e14e13ac3b6895a86e84145b6967,0x07687e702b410fa43f4cb4af7fa097918ffd2730,erc20,10000.0,0xb87ba91aea991431b011d71d5d285c08145efe026b0763f19ad8b2ab813b8036,1619426159,candidate_layering,DAI,0x6b175474e89094c44da98b954eedeac495271d0f,1
0x722122df12d4e14e13ac3b6895a86e84145b6967,0x03893a7c7463ae47d46bc7f091665f1893656003,erc20,50000.0,0x17bb86c5e8b4c99acad0737783377883ea974860f41766daa3c5b994fdc23d83,1619429456,candidate_layering,cDAI,0x5d3a536e4d6dbd6114cc1ead35777bab948e3643,1
0x722122df12d4e14e13ac3b6895a86e84145b6967,0x03893a7c7463ae47d46bc7f091665f1893656003,erc20,50000.0,0xcb7e6a27cd0e9bf71054b61982b20d12e98885667ee61447d02f7ae1de9ce671,1619430589,candidate_layering,cDAI,0x5d3a536e4d6dbd6114cc1ead35777bab948e3643,1
0x722122df12d4e14e13ac3b6895a86e84145b6967,0x03893a7c7463ae47d46bc7f091665f1893656003,erc20,50000.0,0x2311c0ecb661deeab18893493a985c31667399db8d5bb78156d0f63a6ea529e3,1619431283,candidate_layering,cDAI,0x5d3a536e4d6dbd6114cc1ead35777bab948e3643,1
0x722122df12d4e14e13ac3b6895a86e84145b6967,0x03893a7c7463ae47d46bc7f091665f1893656003,erc20,50000.0,0xe3570dea76756868c24df310b8e224fede38651c00d198070ac853b8521eb3a9,1619431289,candidate_layering,cDAI,0x5d3a536e4d6dbd6114cc1ead35777bab948e3643,1
0x722122df12d4e14e13ac3b6895a86e84145b6967,0x03893a7c7463ae47d46bc7f091665f1893656003,erc20,50000.0,0x8da9143b6c548f2b6936678f8ea173552cba032882bb3d078c2f0ba9f56c2892,1619431289,candidate_layering,cDAI,0x5d3a536e4d6dbd6114cc1ead35777bab948e3643,1
0x722122df12d4e14e13ac3b6895a86e84145b6967,0x03893a7c7463ae47d46bc7f091665f1893656003,erc20,50000.0,0xa78a81dd3c47d1972c4a1531fa542fa265c696d61bbf465e9394d5c1f0c1a812,1619431289,candidate_layering,cDAI,0x5d3a536e4d6dbd6114cc1ead35777bab948e3643,1
0x722122df12d4e14e13ac3b6895a86e84145b6967,0x03893a7c7463ae47d46bc7f091665f1893656003,erc20,50000.0,0xa2f62a68ac774f471e05cd28f82ad3ef354d2ba0293e119d21e1b660baa48aff,1619431289,candidate_layering,cDAI,0x5d3a536e4d6dbd6114cc1ead35777bab948e3643,1
0x722122df12d4e14e13ac3b6895a86e84145b6967,0x03893a7c7463ae47d46bc7f091665f1893656003,erc20,50000.0,0xdc4cf6bcfc09cb2fe09d620e6a64bbbb79e1f15aa9c2414a9ce4219ea6f19f56,1619431289,candidate_layering,cDAI,0x5d3a536e4d6dbd6114cc1ead35777bab948e3643,1
0x722122df12d4e14e13ac3b6895a86e84145b6967,0x03893a7c7463ae47d46bc7f091665f1893656003,erc20,50000.0,0xca930e041930f58b7468aa52bde4973825a7aeefcc72ef45e3e89ffa4cdf6425,1619431289,candidate_layering,cDAI,0x5d3a536e4d6dbd6114cc1ead35777bab948e3643,1
0x722122df12d4e14e13ac3b6895a86e84145b6967,0x03893a7c7463ae47d46bc7f091665f1893656003,erc20,50000.0,0x4e5bdcb615c6b818e389ab8d7fc4dc646e2b85b95d32590a1c05e203cf8f3a4b,1619431333,candidate_layering,cDAI,0x5d3a536e4d6dbd6114cc1ead35777bab948e3643,1
0x722122df12d4e14e13ac3b6895a86e84145b6967,0x03893a7c7463ae47d46bc7f091665f1893656003,erc20,50000.0,0x409c58491cf49ad01d809e609cfc3a6102bd4740e117013f6a0f486bb08868f2,1619431333,candidate_layering,cDAI,0x5d3a536e4d6dbd6114cc1ead35777bab948e3643,1
0x722122df12d4e14e13ac3b6895a86e84145b6967,0x03893a7c7463ae47d46bc7f091665f1893656003,erc20,50000.0,0x1b899ee116bc06588acc69618308bd27c2fedc21cd35fd4f86f19d47b7252c1b,1619431411,candidate_layering,cDAI,0x5d3a536e4d6dbd6114cc1ead35777bab948e3643,1
0x722122df12d4e14e13ac3b6895a86e84145b6967,0x03893a7c7463ae47d46bc7f091665f1893656003,erc20,50000.0,0x2d7e2f114b879b02f1c46f6a85ad26d17443ca52874ec221a989edfa33c83d25,1619431805,candidate_layering,cDAI,0x5d3a536e4d6dbd6114cc1ead35777bab948e3643,1
0x722122df12d4e14e13ac3b6895a86e84145b6967,0x03893a7c7463ae47d46bc7f091665f1893656003,erc20,50000.0,0xfc12f087489f79e8e6f184c2c4a6850f0d9da2f0be8c6dec42fa08ceaa9ba44d,1619431805,candidate_layering,cDAI,0x5d3a536e4d6dbd6114cc1ead35777bab948e3643,1
0x722122df12d4e14e13ac3b6895a86e84145b6967,0x03893a7c7463ae47d46bc7f091665f1893656003,erc20,50000.0,0x9224ed3a567c8af58795c8701ad892d61fdcf37503628c687e117c108760d531,1619431809,candidate_layering,cDAI,0x5d3a536e4d6dbd6114cc1ead35777bab948e3643,1
0x722122df12d4e14e13ac3b6895a86e84145b6967,0x03893a7c7463ae47d46bc7f091665f1893656003,erc20,50000.0,0xa790eb5e3a1ddc74c044e2c1e09683f7d6b74b7b42100c8a8734d4b03398d017,1619431811,candidate_layering,cDAI,0x5d3a536e4d6dbd6114cc1ead35777bab948e3643,1
0x722122df12d4e14e13ac3b6895a86e84145b6967,0xbb93e510bbcd0b7beb5a853875f9ec60275cf498,erc20,10.0,0x9f69c6fcfca3e375b300b91120657dd8f81166bc5ad9932e1b2dec3957ae20b6,1619431823,candidate_layering,WBTC,0x2260fac5e5542a773aa44fbcfedf7c193bc2c599,1
0x722122df12d4e14e13ac3b6895a86e84145b6967,0x03893a7c7463ae47d46bc7f091665f1893656003,erc20,50000.0,0x0fc93dcbb7538c097f1e738529dd5137337b0447fad87e06ddf73e357ed0f84a,1619432028,candidate_layering,cDAI,0x5d3a536e4d6dbd6114cc1ead35777bab948e3643,1
0x722122df12d4e14e13ac3b6895a86e84145b6967,0x03893a7c7463ae47d46bc7f091665f1893656003,erc20,50000.0,0xc048d486e73c857ae02c27eb9f3461a56065e083526046203911bc5f03e04f19,1619432028,candidate_layering,cDAI,0x5d3a536e4d6dbd6114cc1ead35777bab948e3643,1
0x722122df12d4e14e13ac3b6895a86e84145b6967,0x03893a7c7463ae47d46bc7f091665f1893656003,erc20,50000.0,0xb7767ed0b65e58d2aa279c41a591a25746683565254a59b4ec37774031a1ad36,1619432028,candidate_layering,cDAI,0x5d3a536e4d6dbd6114cc1ead35777bab948e3643,1
0x722122df12d4e14e13ac3b6895a86e84145b6967,0x03893a7c7463ae47d46bc7f091665f1893656003,erc20,50000.0,0x3a92fecf159a079bc3cb722667058680f9d4e194ab25dce3053cb59e62e5da72,1619432068,candidate_layering,cDAI,0x5d3a536e4d6dbd6114cc1ead35777bab948e3643,1
0x722122df12d4e14e13ac3b6895a86e84145b6967,0x03893a7c7463ae47d46bc7f091665f1893656003,erc20,50000.0,0x14c30e926008c3a34529e58a8e37c91df11b0b9df86f1a1c688b5f53524d7f93,1619432115,candidate_layering,cDAI,0x5d3a536e4d6dbd6114cc1ead35777bab948e3643,1
0x722122df12d4e14e13ac3b6895a86e84145b6967,0x03893a7c7463ae47d46bc7f091665f1893656003,erc20,50000.0,0x3194b63aa7fd19ba2a9783425c0579f4b81e6cc103194083d886c4b7d546ec76,1619432115,candidate_layering,cDAI,0x5d3a536e4d6dbd6114cc1ead35777bab948e3643,1
0x722122df12d4e14e13ac3b6895a86e84145b6967,0x03893a7c7463ae47d46bc7f091665f1893656003,erc20,50000.0,0xe2f7125948a17a2f60797b30b63c9238aa23a4dbdbb0be91eec39abaf1f668e5,1619432172,candidate_layering,cDAI,0x5d3a536e4d6dbd6114cc1ead35777bab948e3643,1
0x722122df12d4e14e13ac3b6895a86e84145b6967,0x03893a7c7463ae47d46bc7f091665f1893656003,erc20,50000.0,0x7eb0d9e85fae74b5f10d2fb9eab76fd4f55915b15d57b49d06f825169290aed8,1619432254,candidate_layering,cDAI,0x5d3a536e4d6dbd6114cc1ead35777bab948e3643,1
0x722122df12d4e14e13ac3b6895a86e84145b6967,0x03893a7c7463ae47d46bc7f091665f1893656003,erc20,50000.0,0xba5fe0902f90796ec36efb23d0ea0684105fe77393ec9d075b2db067e624c017,1619432287,candidate_layering,cDAI,0x5d3a536e4d6dbd6114cc1ead35777bab948e3643,1
0x722122df12d4e14e13ac3b6895a86e84145b6967,0x03893a7c7463ae47d46bc7f091665f1893656003,erc20,50000.0,0x6548843197db4cff5c99790aa66382e6ebc35f3ae85859bc91a371312c0d2942,1619432287,candidate_layering,cDAI,0x5d3a536e4d6dbd6114cc1ead35777bab948e3643,1
0x722122df12d4e14e13ac3b6895a86e84145b6967,0x03893a7c7463ae47d46bc7f091665f1893656003,erc20,50000.0,0x0693694f65064c50a19cd7cf2a985a6b2aea6c9cc03c95c42071686dce1deb28,1619432334,candidate_layering,cDAI,0x5d3a536e4d6dbd6114cc1ead35777bab948e3643,1
0x722122df12d4e14e13ac3b6895a86e84145b6967,0x03893a7c7463ae47d46bc7f091665f1893656003,erc20,50000.0,0x1a27b5e04c784277e7532f52a7c194619ad264afc1c0567f4807c755cc65b74c,1619432336,candidate_layering,cDAI,0x5d3a536e4d6dbd6114cc1ead35777bab948e3643,1
0x722122df12d4e14e13ac3b6895a86e84145b6967,0x03893a7c7463ae47d46bc7f091665f1893656003,erc20,50000.0,0xbfeb56a61d4d3260efc7410713158ee238992e7f3d8ddcd32b0a052d6adb179c,1619432336,candidate_layering,cDAI,0x5d3a536e4d6dbd6114cc1ead35777bab948e3643,1
0x722122df12d4e14e13ac3b6895a86e84145b6967,0x03893a7c7463ae47d46bc7f091665f1893656003,erc20,50000.0,0xed68fa6d51f8e2ebf8826fb63ed94802d76943deec1e2d13128f7af75ffb08a7,1619432336,candidate_layering,cDAI,0x5d3a536e4d6dbd6114cc1ead35777bab948e3643,1
0x722122df12d4e14e13ac3b6895a86e84145b6967,0x03893a7c7463ae47d46bc7f091665f1893656003,erc20,50000.0,0x3f8e5b6ebdfd36b4af47ecb6b00ddcf9793780d7beb4e9935b205b379230b150,1619432336,candidate_layering,cDAI,0x5d3a536e4d6dbd6114cc1ead35777bab948e3643,1
0x722122df12d4e14e13ac3b6895a86e84145b6967,0x03893a7c7463ae47d46bc7f091665f1893656003,erc20,50000.0,0xdba3a8d297578947bca38eb991129a4c9a4bc29b1cb99a70d035cceab9e02f2e,1619432336,candidate_layering,cDAI,0x5d3a536e4d6dbd6114cc1ead35777bab948e3643,1
0x722122df12d4e14e13ac3b6895a86e84145b6967,0x03893a7c7463ae47d46bc7f091665f1893656003,erc20,50000.0,0x021d6e28c2d9b7c8fee6c59a508939bddf61c5dc0fef0ca5946128786fbec0d6,1619432336,candidate_layering,cDAI,0x5d3a536e4d6dbd6114cc1ead35777bab948e3643,1
0x722122df12d4e14e13ac3b6895a86e84145b6967,0x03893a7c7463ae47d46bc7f091665f1893656003,erc20,50000.0,0x746fa4e5843707af8311df736f4796ca8a18736ebbf46b3281d9d1dde25faa0b,1619432336,candidate_layering,cDAI,0x5d3a536e4d6dbd6114cc1ead35777bab948e3643,1
0x722122df12d4e14e13ac3b6895a86e84145b6967,0x03893a7c7463ae47d46bc7f091665f1893656003,erc20,50000.0,0x18c9deb80c73a39d439fc8494135d9e3e42c3fff1940552299f062a5dcdca513,1619432336,candidate_layering,cDAI,0x5d3a536e4d6dbd6114cc1ead35777bab948e3643,1
0x722122df12d4e14e13ac3b6895a86e84145b6967,0x03893a7c7463ae47d46bc7f091665f1893656003,erc20,50000.0,0x39976c2711ea04c42bb39012f617471215a49862633de13b4d3b6eeb883eb619,1619432336,candidate_layering,cDAI,0x5d3a536e4d6dbd6114cc1ead35777bab948e3643,1
0x722122df12d4e14e13ac3b6895a86e84145b6967,0x03893a7c7463ae47d46bc7f091665f1893656003,erc20,50000.0,0x06eba91a8977c69265b664ce691e4c1759cad76ad7908c3140dbd9a0e04cd59d,1619432336,candidate_layering,cDAI,0x5d3a536e4d6dbd6114cc1ead35777bab948e3643,1
0x722122df12d4e14e13ac3b6895a86e84145b6967,0x03893a7c7463ae47d46bc7f091665f1893656003,erc20,50000.0,0x84ca7dae1506e3a9f4d29c7d69224bf8aef4cef3b753d368f3950c658245c2f3,1619432336,candidate_layering,cDAI,0x5d3a536e4d6dbd6114cc1ead35777bab948e3643,1
0x722122df12d4e14e13ac3b6895a86e84145b6967,0x03893a7c7463ae47d46bc7f091665f1893656003,erc20,50000.0,0xbf269ac99ae36075bcebc8d4734938c57ce70b24d78890a2f068b377bd5c0bda,1619432339,candidate_layering,cDAI,0x5d3a536e4d6dbd6114cc1ead35777bab948e3643,1
0x722122df12d4e14e13ac3b6895a86e84145b6967,0x03893a7c7463ae47d46bc7f091665f1893656003,erc20,50000.0,0x81d4461e4d80969ad79257ade5585380b31602ecc5ed739f43fbfe8068cec6e5,1619432339,candidate_layering,cDAI,0x5d3a536e4d6dbd6114cc1ead35777bab948e3643,1
0x722122df12d4e14e13ac3b6895a86e84145b6967,0x03893a7c7463ae47d46bc7f091665f1893656003,erc20,50000.0,0x95343f3b04567b5839604b3b328782583836e40b478c31baf2e4cb0cbe99ca93,1619432339,candidate_layering,cDAI,0x5d3a536e4d6dbd6114cc1ead35777bab948e3643,1
0x722122df12d4e14e13ac3b6895a86e84145b6967,0x03893a7c7463ae47d46bc7f091665f1893656003,erc20,50000.0,0xd4ba8bd02b22d0903c6ec34a82f9100662b1b4e57aafd26b3b996febc30aefdd,1619432339,candidate_layering,cDAI,0x5d3a536e4d6dbd6114cc1ead35777bab948e3643,1
0x722122df12d4e14e13ac3b6895a86e84145b6967,0x03893a7c7463ae47d46bc7f091665f1893656003,erc20,50000.0,0x48e5bdce093c776f393fb4acc7125a0f82b593f95444d1f52195e6e9f7b7199c,1619432675,candidate_layering,cDAI,0x5d3a536e4d6dbd6114cc1ead35777bab948e3643,1
0x722122df12d4e14e13ac3b6895a86e84145b6967,0x03893a7c7463ae47d46bc7f091665f1893656003,erc20,50000.0,0x7840879a1773832ba12804dfcde75b087a17e1d482b3a6e971fbc69965e26dce,1619432675,candidate_layering,cDAI,0x5d3a536e4d6dbd6114cc1ead35777bab948e3643,1
0x722122df12d4e14e13ac3b6895a86e84145b6967,0x03893a7c7463ae47d46bc7f091665f1893656003,erc20,50000.0,0x6927c770ec68579c048ca65d12a94088ffc46baf48f07fa45fc4317044213723,1619432675,candidate_layering,cDAI,0x5d3a536e4d6dbd6114cc1ead35777bab948e3643,1
0x722122df12d4e14e13ac3b6895a86e84145b6967,0x03893a7c7463ae47d46bc7f091665f1893656003,erc20,50000.0,0x0fd7c29701426bc5a70a414e97eb08e4a3e88e1a7fa5b77ca5f58e1998808348,1619432675,candidate_layering,cDAI,0x5d3a536e4d6dbd6114cc1ead35777bab948e3643,1
0x722122df12d4e14e13ac3b6895a86e84145b6967,0x03893a7c7463ae47d46bc7f091665f1893656003,erc20,50000.0,0xb3ae365023af8862a5946c37757cd33dd2ce0f2e3dd76185abd2288094bca81c,1619432675,candidate_layering,cDAI,0x5d3a536e4d6dbd6114cc1ead35777bab948e3643,1
0x722122df12d4e14e13ac3b6895a86e84145b6967,0x03893a7c7463ae47d46bc7f091665f1893656003,erc20,50000.0,0x2002e20292bd1b0ad697fde8bde3cfd4f678cdbdba10143e316b6025de2c87d1,1619432675,candidate_layering,cDAI,0x5d3a536e4d6dbd6114cc1ead35777bab948e3643,1
0x722122df12d4e14e13ac3b6895a86e84145b6967,0x03893a7c7463ae47d46bc7f091665f1893656003,erc20,50000.0,0x3a69c73cd2d93d87c9f3c930a1e4c9a13ef75c47a56f9b50331f5b4deafad0f9,1619432962,candidate_layering,cDAI,0x5d3a536e4d6dbd6114cc1ead35777bab948e3643,1
0x722122df12d4e14e13ac3b6895a86e84145b6967,0x03893a7c7463ae47d46bc7f091665f1893656003,erc20,50000.0,0x2156ae6a9d379c24c6b77b513cc2ca30a14107fff3e3adb83f0c9d67dd1542f3,1619432962,candidate_layering,cDAI,0x5d3a536e4d6dbd6114cc1ead35777bab948e3643,1
0x722122df12d4e14e13ac3b6895a86e84145b6967,0x03893a7c7463ae47d46bc7f091665f1893656003,erc20,50000.0,0xf5da073b63a0ce23b05b1743cb899d7f11ba5ff2c461a5780a0b5aed39fea700,1619432962,candidate_layering,cDAI,0x5d3a536e4d6dbd6114cc1ead35777bab948e3643,1
0x722122df12d4e14e13ac3b6895a86e84145b6967,0x03893a7c7463ae47d46bc7f091665f1893656003,erc20,50000.0,0xbdeac99e79516c89a3997abb18b90c391781986f67fa8599373851993281f1f1,1619433301,candidate_layering,cDAI,0x5d3a536e4d6dbd6114cc1ead35777bab948e3643,1
0x722122df12d4e14e13ac3b6895a86e84145b6967,0x03893a7c7463ae47d46bc7f091665f1893656003,erc20,50000.0,0xbdedc4bb1573b8853936b3f2c8a4a09560553bbbfabe73871b6bf660653b6ce5,1619433314,candidate_layering,cDAI,0x5d3a536e4d6dbd6114cc1ead35777bab948e3643,1
0x722122df12d4e14e13ac3b6895a86e84145b6967,0x03893a7c7463ae47d46bc7f091665f1893656003,erc20,50000.0,0x53eab2ca046f55db1bcda26c802e88cd957f16df18777dd3e1487f8b451fed3d,1619433314,candidate_layering,cDAI,0x5d3a536e4d6dbd6114cc1ead35777bab948e3643,1
0x722122df12d4e14e13ac3b6895a86e84145b6967,0x03893a7c7463ae47d46bc7f091665f1893656003,erc20,50000.0,0x406892e0c07d242a51a24ad0ed6f52d2f5ac346e4b620721c32622b080c77fcd,1619433314,candidate_layering,cDAI,0x5d3a536e4d6dbd6114cc1ead35777bab948e3643,1
0x722122df12d4e14e13ac3b6895a86e84145b6967,0x03893a7c7463ae47d46bc7f091665f1893656003,erc20,50000.0,0x1f6f603a8e10981a31382e457f956d76a52f6cc03329080522ab6e4eacbaa41c,1619433380,candidate_layering,cDAI,0x5d3a536e4d6dbd6114cc1ead35777bab948e3643,1
0x722122df12d4e14e13ac3b6895a86e84145b6967,0x03893a7c7463ae47d46bc7f091665f1893656003,erc20,50000.0,0x11144b96356cacf6a7da76bce2e2a356581aa7e8c84c8c49fdd7b2484b4966b2,1619433380,candidate_layering,cDAI,0x5d3a536e4d6dbd6114cc1ead35777bab948e3643,1
0x722122df12d4e14e13ac3b6895a86e84145b6967,0x03893a7c7463ae47d46bc7f091665f1893656003,erc20,50000.0,0x2868e7d482735e347f80afb79eccecc7e0f8dac28610f8a0ab45d280713a1eff,1619433380,candidate_layering,cDAI,0x5d3a536e4d6dbd6114cc1ead35777bab948e3643,1
0x722122df12d4e14e13ac3b6895a86e84145b6967,0x03893a7c7463ae47d46bc7f091665f1893656003,erc20,50000.0,0x21819b8086c0ef87d78a06dd6931a1773ae305b70ede8195e595fa5d8dda01dd,1619433380,candidate_layering,cDAI,0x5d3a536e4d6dbd6114cc1ead35777bab948e3643,1
0x722122df12d4e14e13ac3b6895a86e84145b6967,0x03893a7c7463ae47d46bc7f091665f1893656003,erc20,50000.0,0x9b80674af95d5ab1b835976586ac0c78694ad3eb70220a0a78021d3c0c13a7b0,1619433496,candidate_layering,cDAI,0x5d3a536e4d6dbd6114cc1ead35777bab948e3643,1
0x722122df12d4e14e13ac3b6895a86e84145b6967,0x03893a7c7463ae47d46bc7f091665f1893656003,erc20,50000.0,0x94f9e0df5b2753ce74eb4bfc4c062b1ae0976d2fa77477ff18728b907f791941,1619433497,candidate_layering,cDAI,0x5d3a536e4d6dbd6114cc1ead35777bab948e3643,1
0x722122df12d4e14e13ac3b6895a86e84145b6967,0x03893a7c7463ae47d46bc7f091665f1893656003,erc20,50000.0,0x83c2dac2b6f0a4ca4afdb9f17834712ae6d5ddedb8b94629335d01e5e698a47d,1619433497,candidate_layering,cDAI,0x5d3a536e4d6dbd6114cc1ead35777bab948e3643,1
0x722122df12d4e14e13ac3b6895a86e84145b6967,0x03893a7c7463ae47d46bc7f091665f1893656003,erc20,50000.0,0x69514e80bea5f3719bd652ae378f384359879fd437f5a72c8386de496bff56d5,1619433497,candidate_layering,cDAI,0x5d3a536e4d6dbd6114cc1ead35777bab948e3643,1
0x722122df12d4e14e13ac3b6895a86e84145b6967,0x03893a7c7463ae47d46bc7f091665f1893656003,erc20,50000.0,0x177fe4d44d92f554bb97d99061d5c93fc9d871d14aa17143bd80620a5eae0bad,1619433497,candidate_layering,cDAI,0x5d3a536e4d6dbd6114cc1ead35777bab948e3643,1
0x722122df12d4e14e13ac3b6895a86e84145b6967,0x03893a7c7463ae47d46bc7f091665f1893656003,erc20,50000.0,0x1b8585287f5e99a93942c4a464d9a78b81a55d2b3a2d99ecdc0bbca05a274828,1619433497,candidate_layering,cDAI,0x5d3a536e4d6dbd6114cc1ead35777bab948e3643,1
0x722122df12d4e14e13ac3b6895a86e84145b6967,0x03893a7c7463ae47d46bc7f091665f1893656003,erc20,50000.0,0xfaa141411b6b8bbad363eafd7d404f2cba0f98a901e699f3a7a74ef0a5152407,1619433497,candidate_layering,cDAI,0x5d3a536e4d6dbd6114cc1ead35777bab948e3643,1
0x722122df12d4e14e13ac3b6895a86e84145b6967,0x03893a7c7463ae47d46bc7f091665f1893656003,erc20,50000.0,0x0cba8a1d79c7107d472ab20e453ff6a22ebba72062a6bde680b2412bf436cf31,1619433497,candidate_layering,cDAI,0x5d3a536e4d6dbd6114cc1ead35777bab948e3643,1
0x722122df12d4e14e13ac3b6895a86e84145b6967,0x03893a7c7463ae47d46bc7f091665f1893656003,erc20,50000.0,0x061682c7f14f9fdde2ae427fe5205133af51b807644988c4915e2eb6c0f885a0,1619433509,candidate_layering,cDAI,0x5d3a536e4d6dbd6114cc1ead35777bab948e3643,1
0x722122df12d4e14e13ac3b6895a86e84145b6967,0x03893a7c7463ae47d46bc7f091665f1893656003,erc20,50000.0,0xe67cc1676acb1aa793f5b4177ac5b03bfb94f613c4b0510423d1a03538289006,1619433509,candidate_layering,cDAI,0x5d3a536e4d6dbd6114cc1ead35777bab948e3643,1
0x722122df12d4e14e13ac3b6895a86e84145b6967,0x03893a7c7463ae47d46bc7f091665f1893656003,erc20,50000.0,0x2e5aca21b6db76b57f233ee4abb098813c740b5e17c6a82bfcd9c0a0f2d0b573,1619434145,candidate_layering,cDAI,0x5d3a536e4d6dbd6114cc1ead35777bab948e3643,1
0x722122df12d4e14e13ac3b6895a86e84145b6967,0x03893a7c7463ae47d46bc7f091665f1893656003,erc20,50000.0,0xc3fe0265bc605eb4d61daf69e2e11d3596660012cd0c4d6ec5a6d26a063cde12,1619434145,candidate_layering,cDAI,0x5d3a536e4d6dbd6114cc1ead35777bab948e3643,1
0x722122df12d4e14e13ac3b6895a86e84145b6967,0x03893a7c7463ae47d46bc7f091665f1893656003,erc20,50000.0,0x6d2c7f6f9e293a2ae8f73a5523a30b5ff7830e32e88fffea5a61fc945e3a140f,1619434145,candidate_layering,cDAI,0x5d3a536e4d6dbd6114cc1ead35777bab948e3643,1
0x722122df12d4e14e13ac3b6895a86e84145b6967,0x03893a7c7463ae47d46bc7f091665f1893656003,erc20,50000.0,0x5cf631c998cdf402382e99373d92ec9e7bee8794ebf7b58a88ac7b283f1b351c,1619434145,candidate_layering,cDAI,0x5d3a536e4d6dbd6114cc1ead35777bab948e3643,1
0x722122df12d4e14e13ac3b6895a86e84145b6967,0x03893a7c7463ae47d46bc7f091665f1893656003,erc20,50000.0,0xf05d4f7cedd2dc57552131a9c5ce61317b811e855d8cce1b1f41ee4d88139bda,1619434145,candidate_layering,cDAI,0x5d3a536e4d6dbd6114cc1ead35777bab948e3643,1
0x722122df12d4e14e13ac3b6895a86e84145b6967,0x03893a7c7463ae47d46bc7f091665f1893656003,erc20,50000.0,0x7699f8ad497b5e680984c6c536fb49c936786de863ffbf38d4517aa60f111dc1,1619434145,candidate_layering,cDAI,0x5d3a536e4d6dbd6114cc1ead35777bab948e3643,1
0x722122df12d4e14e13ac3b6895a86e84145b6967,0x03893a7c7463ae47d46bc7f091665f1893656003,erc20,50000.0,0xb726e197871adec376da612d7341ec195f92d211109015a359becf8c59e64a9d,1619434189,candidate_layering,cDAI,0x5d3a536e4d6dbd6114cc1ead35777bab948e3643,1
0x722122df12d4e14e13ac3b6895a86e84145b6967,0x03893a7c7463ae47d46bc7f091665f1893656003,erc20,50000.0,0xccf1ada28539c0120b63c3f33fda5e635b21c4e857ade240b97284ccfa12534b,1619434189,candidate_layering,cDAI,0x5d3a536e4d6dbd6114cc1ead35777bab948e3643,1
0x722122df12d4e14e13ac3b6895a86e84145b6967,0x03893a7c7463ae47d46bc7f091665f1893656003,erc20,50000.0,0x91873ca6413fa176cf38a53ef4b55e044caedd71a78ff279c4788ee6d12513d4,1619434190,candidate_layering,cDAI,0x5d3a536e4d6dbd6114cc1ead35777bab948e3643,1
0x722122df12d4e14e13ac3b6895a86e84145b6967,0x03893a7c7463ae47d46bc7f091665f1893656003,erc20,50000.0,0x930a7ed529bd13ebde25c26973641c34741a0fd9fea6419efed0a7d115c83b0e,1619434190,candidate_layering,cDAI,0x5d3a536e4d6dbd6114cc1ead35777bab948e3643,1
0x722122df12d4e14e13ac3b6895a86e84145b6967,0x03893a7c7463ae47d46bc7f091665f1893656003,erc20,50000.0,0x68faa5b60a946ce28581371ed602b675ab4414121bde00b69c18cfc0d39c0e7b,1619434190,candidate_layering,cDAI,0x5d3a536e4d6dbd6114cc1ead35777bab948e3643,1
0x722122df12d4e14e13ac3b6895a86e84145b6967,0x03893a7c7463ae47d46bc7f091665f1893656003,erc20,50000.0,0xac73278219ddf85a9270042e53ee1ea3af72a6648a230337a622ed0ae19887bc,1619434190,candidate_layering,cDAI,0x5d3a536e4d6dbd6114cc1ead35777bab948e3643,1
0x722122df12d4e14e13ac3b6895a86e84145b6967,0x03893a7c7463ae47d46bc7f091665f1893656003,erc20,50000.0,0x4cb39d889130533c9dc98a8e08bd5a4060a520a03c99247b2840069f46a0ac87,1619434340,candidate_layering,cDAI,0x5d3a536e4d6dbd6114cc1ead35777bab948e3643,1
0x722122df12d4e14e13ac3b6895a86e84145b6967,0x03893a7c7463ae47d46bc7f091665f1893656003,erc20,50000.0,0x9a5c14b8d7ddc9635b54351bf6f58fd21bdd48536a420aacb2f2366d97ac1950,1619434340,candidate_layering,cDAI,0x5d3a536e4d6dbd6114cc1ead35777bab948e3643,1
0x722122df12d4e14e13ac3b6895a86e84145b6967,0x03893a7c7463ae47d46bc7f091665f1893656003,erc20,50000.0,0x0801c60f58916e175b92b7a5bdb7bc6f4f100d3fb1be2e4873404daedf0ed670,1619434346,candidate_layering,cDAI,0x5d3a536e4d6dbd6114cc1ead35777bab948e3643,1
0x722122df12d4e14e13ac3b6895a86e84145b6967,0x03893a7c7463ae47d46bc7f091665f1893656003,erc20,50000.0,0x352849ff766dec8a710e48e5886ab851cf0250672daaa4286bec65f86da6550e,1619434458,candidate_layering,cDAI,0x5d3a536e4d6dbd6114cc1ead35777bab948e3643,1
0x722122df12d4e14e13ac3b6895a86e84145b6967,0x03893a7c7463ae47d46bc7f091665f1893656003,erc20,50000.0,0xff61cfa11197df8c638bc60c7fad5622232709b4de12e26c4a469e740b704a07,1619434461,candidate_layering,cDAI,0x5d3a536e4d6dbd6114cc1ead35777bab948e3643,1
0x722122df12d4e14e13ac3b6895a86e84145b6967,0x03893a7c7463ae47d46bc7f091665f1893656003,erc20,50000.0,0x36f15332befacac83d4fcb1fcfb36b3852463fd20239ad581bee39b7f79f326a,1619434461,candidate_layering,cDAI,0x5d3a536e4d6dbd6114cc1ead35777bab948e3643,1
0x722122df12d4e14e13ac3b6895a86e84145b6967,0x03893a7c7463ae47d46bc7f091665f1893656003,erc20,50000.0,0xe571501cfbc7c7d835745aef2eb7d13cd002e3714a50ca6e02afd4f8a8cf6351,1619438470,candidate_layering,cDAI,0x5d3a536e4d6dbd6114cc1ead35777bab948e3643,1
0x722122df12d4e14e13ac3b6895a86e84145b6967,0x03893a7c7463ae47d46bc7f091665f1893656003,erc20,50000.0,0x0422656e387eda1f7d2b7f1efabaa117223acc15ef092ac5e17600e609d84072,1619438470,candidate_layering,cDAI,0x5d3a536e4d6dbd6114cc1ead35777bab948e3643,1
0x722122df12d4e14e13ac3b6895a86e84145b6967,0x03893a7c7463ae47d46bc7f091665f1893656003,erc20,50000.0,0x06f3f7321be7bbefa1c22f082d0cb0b5ba7ef699c8e5536f22095a9ae62d2587,1619438470,candidate_layering,cDAI,0x5d3a536e4d6dbd6114cc1ead35777bab948e3643,1
0x722122df12d4e14e13ac3b6895a86e84145b6967,0x03893a7c7463ae47d46bc7f091665f1893656003,erc20,50000.0,0xd493c66a61c5af8fd19373defb45829e96bfd0a6ac3ab5cf37450a8cac15d085,1619438471,candidate_layering,cDAI,0x5d3a536e4d6dbd6114cc1ead35777bab948e3643,1
0x722122df12d4e14e13ac3b6895a86e84145b6967,0x03893a7c7463ae47d46bc7f091665f1893656003,erc20,50000.0,0x6e5ff7a745b5d829cad86f9f709447270b3db9e6e32ac2f3288c97dad78c9260,1619438471,candidate_layering,cDAI,0x5d3a536e4d6dbd6114cc1ead35777bab948e3643,1
0x722122df12d4e14e13ac3b6895a86e84145b6967,0x03893a7c7463ae47d46bc7f091665f1893656003,erc20,50000.0,0x587b4767235a16ec0966c9915521a827eb857d3b66dd377ea40287f30a94d070,1619438471,candidate_layering,cDAI,0x5d3a536e4d6dbd6114cc1ead35777bab948e3643,1
0x722122df12d4e14e13ac3b6895a86e84145b6967,0x03893a7c7463ae47d46bc7f091665f1893656003,erc20,50000.0,0x548ec947d72a2162862acee1e23dc2eb21d61794f93159732049af1314496bfc,1619438471,candidate_layering,cDAI,0x5d3a536e4d6dbd6114cc1ead35777bab948e3643,1
0x722122df12d4e14e13ac3b6895a86e84145b6967,0x03893a7c7463ae47d46bc7f091665f1893656003,erc20,50000.0,0x6bcb2854ed37b6d34d24ed6af1f4fc30f957bd7116c6e215340ea69a7c8f57ed,1619438471,candidate_layering,cDAI,0x5d3a536e4d6dbd6114cc1ead35777bab948e3643,1
0x722122df12d4e14e13ac3b6895a86e84145b6967,0x2717c5e28cf931547b621a5dddb772ab6a35b701,erc20,500000.0,0xc4566c92aa3c4f38c62e8381f4ffee7469e86584319774f7a26f17c1ea8c15ac,1619440277,candidate_layering,cDAI,0x5d3a536e4d6dbd6114cc1ead35777bab948e3643,1
0x722122df12d4e14e13ac3b6895a86e84145b6967,0x2717c5e28cf931547b621a5dddb772ab6a35b701,erc20,500000.0,0xfe9b9d6f8157c40f7c07c01599738c37dc56bd033696755ff207f60dcc18c18f,1619440277,candidate_layering,cDAI,0x5d3a536e4d6dbd6114cc1ead35777bab948e3643,1
0x722122df12d4e14e13ac3b6895a86e84145b6967,0x2717c5e28cf931547b621a5dddb772ab6a35b701,erc20,500000.0,0xbf13ef281bdba1b39577af3b06c9fda187636d6964a64d8099a83473f7f8aeb3,1619440277,candidate_layering,cDAI,0x5d3a536e4d6dbd6114cc1ead35777bab948e3643,1
0x722122df12d4e14e13ac3b6895a86e84145b6967,0x2717c5e28cf931547b621a5dddb772ab6a35b701,erc20,500000.0,0xf3fa5de09d1b4ea63c337800245aea43c80d25292951730a9ab41d6b5ce895a1,1619440279,candidate_layering,cDAI,0x5d3a536e4d6dbd6114cc1ead35777bab948e3643,1
0x722122df12d4e14e13ac3b6895a86e84145b6967,0x2717c5e28cf931547b621a5dddb772ab6a35b701,erc20,500000.0,0x018ab7b4f67420ea72f84993d57ddf50da5a2800369714a944f8b8c158864f34,1619440279,candidate_layering,cDAI,0x5d3a536e4d6dbd6114cc1ead35777bab948e3643,1
0x722122df12d4e14e13ac3b6895a86e84145b6967,0x2717c5e28cf931547b621a5dddb772ab6a35b701,erc20,500000.0,0xe59f5f61ca32fb59426ff94a264dc1d1f1bd6af4b029eac6374ccfd8dadd2d3d,1619440324,candidate_layering,cDAI,0x5d3a536e4d6dbd6114cc1ead35777bab948e3643,1
0x722122df12d4e14e13ac3b6895a86e84145b6967,0x2717c5e28cf931547b621a5dddb772ab6a35b701,erc20,500000.0,0xded927b9728b6535058ea6f882fd5bb0da34c109bbec4435d230736363640bb7,1619440328,candidate_layering,cDAI,0x5d3a536e4d6dbd6114cc1ead35777bab948e3643,1
0x722122df12d4e14e13ac3b6895a86e84145b6967,0x2717c5e28cf931547b621a5dddb772ab6a35b701,erc20,500000.0,0xe15e176d0eba62fa53a98f24fbe25c1cd8123c07c1a999a988d801e188dd61d2,1619440328,candidate_layering,cDAI,0x5d3a536e4d6dbd6114cc1ead35777bab948e3643,1
0x722122df12d4e14e13ac3b6895a86e84145b6967,0x2717c5e28cf931547b621a5dddb772ab6a35b701,erc20,500000.0,0xe44fe2f63413e902fb864aecd5c717fa69589ab237385285f6a6a786ac48c6e1,1619440328,candidate_layering,cDAI,0x5d3a536e4d6dbd6114cc1ead35777bab948e3643,1
0x722122df12d4e14e13ac3b6895a86e84145b6967,0x2717c5e28cf931547b621a5dddb772ab6a35b701,erc20,500000.0,0xede9d9dce871823c9a92d0d8dfd68b28742cca7824af062b1a216dfe9cdcc03c,1619440338,candidate_layering,cDAI,0x5d3a536e4d6dbd6114cc1ead35777bab948e3643,1
0x722122df12d4e14e13ac3b6895a86e84145b6967,0x0836222f2b2b24a3f36f98668ed8f0b38d1a872f,erc20,1000.0,0xa12300acc7acf776355abfbf8f5e6feaebefa9f6a1f451b2d1691a270caf7152,1619442658,candidate_layering,USDT,0xdac17f958d2ee523a2206206994597c13d831ec7,1
0x722122df12d4e14e13ac3b6895a86e84145b6967,0x07687e702b410fa43f4cb4af7fa097918ffd2730,erc20,10000.0,0x7eaa00d4db7687f25492f3c70609361a3f652ebbb98f706596a1fa6c93c7008c,1619448896,candidate_layering,DAI,0x6b175474e89094c44da98b954eedeac495271d0f,1
0x722122df12d4e14e13ac3b6895a86e84145b6967,0x07687e702b410fa43f4cb4af7fa097918ffd2730,erc20,10000.0,0xd17ffbf994f43d8940cd814b84df1e1dc70b5942f8374c71587fe7da1608774b,1619448952,candidate_layering,DAI,0x6b175474e89094c44da98b954eedeac495271d0f,1
0x722122df12d4e14e13ac3b6895a86e84145b6967,0x07687e702b410fa43f4cb4af7fa097918ffd2730,erc20,10000.0,0x0117c38dcf00828f0869e4de79522bd19e837114e138b8027d3e8d24a6fa2e07,1619449009,candidate_layering,DAI,0x6b175474e89094c44da98b954eedeac495271d0f,1
0x722122df12d4e14e13ac3b6895a86e84145b6967,0x0836222f2b2b24a3f36f98668ed8f0b38d1a872f,erc20,1000.0,0xd7d3d4ad88e30d623c88bfce47ba6c59f50bb7d808fb8cfc7b2d2e94332cfd4a,1619449101,candidate_layering,USDT,0xdac17f958d2ee523a2206206994597c13d831ec7,1
0x722122df12d4e14e13ac3b6895a86e84145b6967,0x23773e65ed146a459791799d01336db287f25334,erc20,100000.0,0x99d548485ba621f82d3cf7cd3365e45a6e1fe76aa4f0d1eb2560ba46ff0458a2,1619450386,candidate_layering,DAI,0x6b175474e89094c44da98b954eedeac495271d0f,1
0x722122df12d4e14e13ac3b6895a86e84145b6967,0x23773e65ed146a459791799d01336db287f25334,erc20,100000.0,0x6c9c0af21243dab9e9a8e6cb012842ab17ec0f42a9684940c25bca42cba3ddf9,1619450502,candidate_layering,DAI,0x6b175474e89094c44da98b954eedeac495271d0f,1
0x722122df12d4e14e13ac3b6895a86e84145b6967,0x23773e65ed146a459791799d01336db287f25334,erc20,100000.0,0xefdd8829a97c8bf1d44b311ef7d45dcea9edd31aaacbde508c9f6726f227ab01,1619450678,candidate_layering,DAI,0x6b175474e89094c44da98b954eedeac495271d0f,1
0x722122df12d4e14e13ac3b6895a86e84145b6967,0x23773e65ed146a459791799d01336db287f25334,erc20,100000.0,0xcd2913b18b77fb2d080cc8483a6d24af3d4209ee029c964e10bd18963208cfd1,1619450853,candidate_layering,DAI,0x6b175474e89094c44da98b954eedeac495271d0f,1
0x722122df12d4e14e13ac3b6895a86e84145b6967,0x23773e65ed146a459791799d01336db287f25334,erc20,100000.0,0x7450c847fe12c4b9b50331b5492baa5cd858c30ae3a56c9c3d5fef3dad389a00,1619450884,candidate_layering,DAI,0x6b175474e89094c44da98b954eedeac495271d0f,1
0x722122df12d4e14e13ac3b6895a86e84145b6967,0x23773e65ed146a459791799d01336db287f25334,erc20,100000.0,0x081739c6fc128988e78b1c97a18588395bb5f7e031e494ca0c342966fd15d6f0,1619451322,candidate_layering,DAI,0x6b175474e89094c44da98b954eedeac495271d0f,1
0x722122df12d4e14e13ac3b6895a86e84145b6967,0x23773e65ed146a459791799d01336db287f25334,erc20,100000.0,0xc60e1eab975cd97f395152ad8177401e1d5ef9c6d2b36d4dc83bbcd26ce52d33,1619451506,candidate_layering,DAI,0x6b175474e89094c44da98b954eedeac495271d0f,1
0x722122df12d4e14e13ac3b6895a86e84145b6967,0x23773e65ed146a459791799d01336db287f25334,erc20,100000.0,0x8c8ebddad48aeab7844ff3e85c4ed8f73b5c49c4986c807210ae7f34c4972202,1619451953,candidate_layering,DAI,0x6b175474e89094c44da98b954eedeac495271d0f,1
0x722122df12d4e14e13ac3b6895a86e84145b6967,0x178169b423a011fff22b9e3f3abea13414ddd0f1,erc20,0.1,0x279e10630c8fbd9132d9d70ca53e17314ff930e1f32b4734d1b947978611f8b7,1619469817,candidate_layering,WBTC,0x2260fac5e5542a773aa44fbcfedf7c193bc2c599,1
0x722122df12d4e14e13ac3b6895a86e84145b6967,0x4736dcf1b7a3d580672cce6e7c65cd5cc9cfba9d,erc20,1000.0,0x6df90069ba5e09418500d82e10717ee5dc07385b9ac09d14d3db437759e994be,1619478786,candidate_layering,USDC,0xa0b86991c6218b36c1d19d4a2e9eb0ce3606eb48,1
0x722122df12d4e14e13ac3b6895a86e84145b6967,0x23773e65ed146a459791799d01336db287f25334,erc20,100000.0,0x39c3c88d0478fa480b02e571b4e48e643143572e082de53891091d1085304ad5,1619482398,candidate_layering,DAI,0x6b175474e89094c44da98b954eedeac495271d0f,1
0x722122df12d4e14e13ac3b6895a86e84145b6967,0x23773e65ed146a459791799d01336db287f25334,erc20,100000.0,0xac88149bb9e985f8ae785ff71a3f662efc2c5145ad6801d436a480da10edcd71,1619482546,candidate_layering,DAI,0x6b175474e89094c44da98b954eedeac495271d0f,1
0x722122df12d4e14e13ac3b6895a86e84145b6967,0x23773e65ed146a459791799d01336db287f25334,erc20,100000.0,0x2cf3f38866cf44b0d7e932df02c5ef1deb7b261b37f0ee3860ac1c0753aed0ed,1619482831,candidate_layering,DAI,0x6b175474e89094c44da98b954eedeac495271d0f,1
0x722122df12d4e14e13ac3b6895a86e84145b6967,0x23773e65ed146a459791799d01336db287f25334,erc20,100000.0,0x154570612296ea1de573361352b1064073b19eef799ddfa9de4baa7ef3db4cde,1619482917,candidate_layering,DAI,0x6b175474e89094c44da98b954eedeac495271d0f,1
0x722122df12d4e14e13ac3b6895a86e84145b6967,0x23773e65ed146a459791799d01336db287f25334,erc20,100000.0,0xd930039a9afd8bb350320974f735bfbf3c4ed7eb313a829134e6fc401b9bf61d,1619483048,candidate_layering,DAI,0x6b175474e89094c44da98b954eedeac495271d0f,1
0x722122df12d4e14e13ac3b6895a86e84145b6967,0x23773e65ed146a459791799d01336db287f25334,erc20,100000.0,0xf05cfcbcbe621d52ea17198a7bdc5c04d88508db20241d9145ded2502fbcdcd0,1619483214,candidate_layering,DAI,0x6b175474e89094c44da98b954eedeac495271d0f,1
0x722122df12d4e14e13ac3b6895a86e84145b6967,0x23773e65ed146a459791799d01336db287f25334,erc20,100000.0,0x29353206df31846e04084751342fc2beb0d73bb7bb3a51f28ef7131f4d9b3b58,1619483380,candidate_layering,DAI,0x6b175474e89094c44da98b954eedeac495271d0f,1
0x722122df12d4e14e13ac3b6895a86e84145b6967,0x23773e65ed146a459791799d01336db287f25334,erc20,100000.0,0x7b1df30bd27c311dbc14de3239877e57de66727bd1da9e6683f28ddbec8686c0,1619483503,candidate_layering,DAI,0x6b175474e89094c44da98b954eedeac495271d0f,1
0x722122df12d4e14e13ac3b6895a86e84145b6967,0x23773e65ed146a459791799d01336db287f25334,erc20,100000.0,0x86dcca306d06224c5434d8e7ff060366010a43aff85dc7cd7b0c1e13b1c43caa,1619483564,candidate_layering,DAI,0x6b175474e89094c44da98b954eedeac495271d0f,1
0x722122df12d4e14e13ac3b6895a86e84145b6967,0x23773e65ed146a459791799d01336db287f25334,erc20,100000.0,0xd0fba427fe0751fdcc212c874b6028321dd0aabcf4b8b79f673509c095bf9c7a,1619483722,candidate_layering,DAI,0x6b175474e89094c44da98b954eedeac495271d0f,1
0x722122df12d4e14e13ac3b6895a86e84145b6967,0x23773e65ed146a459791799d01336db287f25334,erc20,100000.0,0x8000a34d98c0a8aeb694f44b97a4b848bac212d1c662b44c8603f5cfc065db10,1619483811,candidate_layering,DAI,0x6b175474e89094c44da98b954eedeac495271d0f,1
0x722122df12d4e14e13ac3b6895a86e84145b6967,0x23773e65ed146a459791799d01336db287f25334,erc20,100000.0,0x522db0242ba971a0c5cd593bda5b5923796ffed9953899a7d5a222669765829f,1619484252,candidate_layering,DAI,0x6b175474e89094c44da98b954eedeac495271d0f,1
0x722122df12d4e14e13ac3b6895a86e84145b6967,0x23773e65ed146a459791799d01336db287f25334,erc20,100000.0,0x9decc81ea0b5d4b2ca7ee953583e37c4de103201b2acd12c2cbb4451f2a183d5,1619484459,candidate_layering,DAI,0x6b175474e89094c44da98b954eedeac495271d0f,1
0x722122df12d4e14e13ac3b6895a86e84145b6967,0xbb93e510bbcd0b7beb5a853875f9ec60275cf498,erc20,10.0,0x2d621bdebf114fcaec1dd11c356eef1f96af1449c2cb6f6a720c1ae2a7d04c6d,1619504993,candidate_layering,WBTC,0x2260fac5e5542a773aa44fbcfedf7c193bc2c599,1
0x722122df12d4e14e13ac3b6895a86e84145b6967,0xfd8610d20aa15b7b2e3be39b396a1bc3516c7144,erc20,1000.0,0xa5e021970f7ab4bcfa612e574f138c2c05cae75002822eb51a18c38ed942fc9a,1619511368,candidate_layering,DAI,0x6b175474e89094c44da98b954eedeac495271d0f,1
0x722122df12d4e14e13ac3b6895a86e84145b6967,0xfd8610d20aa15b7b2e3be39b396a1bc3516c7144,erc20,1000.0,0x574c67a822e60708b682b9d468e13f7d0f22056c4e0dc530d7c8b180bf7e93b0,1619531696,candidate_layering,DAI,0x6b175474e89094c44da98b954eedeac495271d0f,1
0x722122df12d4e14e13ac3b6895a86e84145b6967,0x610b717796ad172b316836ac95a2ffad065ceab4,erc20,1.0,0x2775b6de603440281b538a092d363bedc598117ef053ae6043e52d0aa73a8e1a,1619533602,candidate_layering,WBTC,0x2260fac5e5542a773aa44fbcfedf7c193bc2c599,1
0x722122df12d4e14e13ac3b6895a86e84145b6967,0x2717c5e28cf931547b621a5dddb772ab6a35b701,erc20,500000.0,0xdf9469073cf1ec902154db629f405899aa8be8fa8e0889ae03683580223e89b9,1619549081,candidate_layering,cDAI,0x5d3a536e4d6dbd6114cc1ead35777bab948e3643,1
0x722122df12d4e14e13ac3b6895a86e84145b6967,0x2717c5e28cf931547b621a5dddb772ab6a35b701,erc20,500000.0,0xa0b25f9187747b7d61b7e721c2a230677a92bd6fbdac1abf522fd4c4053f961d,1619549535,candidate_layering,cDAI,0x5d3a536e4d6dbd6114cc1ead35777bab948e3643,1
0x722122df12d4e14e13ac3b6895a86e84145b6967,0x07687e702b410fa43f4cb4af7fa097918ffd2730,erc20,10000.0,0x24d8165cef090e38308cbf29f931a7f66a1c23dc839ebff9b5cb7dc997ac8254,1619557357,candidate_layering,DAI,0x6b175474e89094c44da98b954eedeac495271d0f,1
0x722122df12d4e14e13ac3b6895a86e84145b6967,0x07687e702b410fa43f4cb4af7fa097918ffd2730,erc20,10000.0,0x0967bd0037637d5cb67b35a4dec1abaaed0897534a2951d13bfd5f1e257fc335,1619557522,candidate_layering,DAI,0x6b175474e89094c44da98b954eedeac495271d0f,1
0x722122df12d4e14e13ac3b6895a86e84145b6967,0x07687e702b410fa43f4cb4af7fa097918ffd2730,erc20,10000.0,0xa5bb31be4f3de043395cc5b0c54796235a028c429c860dc9da802c8431c0df09,1619557784,candidate_layering,DAI,0x6b175474e89094c44da98b954eedeac495271d0f,1
0x722122df12d4e14e13ac3b6895a86e84145b6967,0x07687e702b410fa43f4cb4af7fa097918ffd2730,erc20,10000.0,0xf88e3ebb8a39699e6f527cb03760d569e769130cda879d0e9400297b82f0f874,1619557885,candidate_layering,DAI,0x6b175474e89094c44da98b954eedeac495271d0f,1
0x722122df12d4e14e13ac3b6895a86e84145b6967,0x07687e702b410fa43f4cb4af7fa097918ffd2730,erc20,10000.0,0x47ef491fa3d85f9834c3b0e85f2f1589dff3e1d00ea57ce05dee835e6438da48,1619558026,candidate_layering,DAI,0x6b175474e89094c44da98b954eedeac495271d0f,1
0x722122df12d4e14e13ac3b6895a86e84145b6967,0x07687e702b410fa43f4cb4af7fa097918ffd2730,erc20,10000.0,0xe24d4e862dc5e183d4fb8dd05da17ada6d73a85a6f2013ce9e8bb1805a11ce3a,1619570103,candidate_layering,DAI,0x6b175474e89094c44da98b954eedeac495271d0f,1
0x722122df12d4e14e13ac3b6895a86e84145b6967,0x07687e702b410fa43f4cb4af7fa097918ffd2730,erc20,10000.0,0xc7bb1af07d18bbeaf78823972112087f150fffa4c0ac80f7fb94d770b643299f,1619570155,candidate_layering,DAI,0x6b175474e89094c44da98b954eedeac495271d0f,1
0x722122df12d4e14e13ac3b6895a86e84145b6967,0x610b717796ad172b316836ac95a2ffad065ceab4,erc20,1.0,0xc6ecb1f990e7434e2edf7f9926220d12fc8bc700cde3c32eb2721a224e1b112a,1619579243,candidate_layering,WBTC,0x2260fac5e5542a773aa44fbcfedf7c193bc2c599,1
0x722122df12d4e14e13ac3b6895a86e84145b6967,0x07687e702b410fa43f4cb4af7fa097918ffd2730,erc20,10000.0,0x135c029b8f8fdc17684219e64fba801e1ffff2077d5bee6bba56c614e839acd8,1619579942,candidate_layering,DAI,0x6b175474e89094c44da98b954eedeac495271d0f,1
0x722122df12d4e14e13ac3b6895a86e84145b6967,0x07687e702b410fa43f4cb4af7fa097918ffd2730,erc20,10000.0,0x2bb174e4b852d0c226c3e113bd3b1c7de2b1b02baa0e954bfe5314c603c99c62,1619589800,candidate_layering,DAI,0x6b175474e89094c44da98b954eedeac495271d0f,1
0x722122df12d4e14e13ac3b6895a86e84145b6967,0x610b717796ad172b316836ac95a2ffad065ceab4,erc20,1.0,0x7fd4775fcb80c858e5e9afde0326ab8dd660dc9ddf7ba8656c9861c04278d465,1619592416,candidate_layering,WBTC,0x2260fac5e5542a773aa44fbcfedf7c193bc2c599,1
0x722122df12d4e14e13ac3b6895a86e84145b6967,0x07687e702b410fa43f4cb4af7fa097918ffd2730,erc20,10000.0,0x8a83978c89d11d075d7afbcaeff767eaf6714159da0e8b7ef6e1346438caadee,1619665534,candidate_layering,DAI,0x6b175474e89094c44da98b954eedeac495271d0f,1
0x722122df12d4e14e13ac3b6895a86e84145b6967,0x23773e65ed146a459791799d01336db287f25334,erc20,100000.0,0x945b6003c22901d34f844de38d5f9e09893f85ad35ee0f437802b362b8d23b99,1619666212,candidate_layering,DAI,0x6b175474e89094c44da98b954eedeac495271d0f,1
0x722122df12d4e14e13ac3b6895a86e84145b6967,0x23773e65ed146a459791799d01336db287f25334,erc20,100000.0,0x5b792065934838fae4df29486981e8d65c3830dbc0a93d70329a640c1ace95b0,1619666240,candidate_layering,DAI,0x6b175474e89094c44da98b954eedeac495271d0f,1
0x722122df12d4e14e13ac3b6895a86e84145b6967,0x23773e65ed146a459791799d01336db287f25334,erc20,100000.0,0xca5bbde8b79a5ff424663cbab49290163bd14630c7939248cd3cbc1c2e300874,1619666317,candidate_layering,DAI,0x6b175474e89094c44da98b954eedeac495271d0f,1
0x722122df12d4e14e13ac3b6895a86e84145b6967,0x0836222f2b2b24a3f36f98668ed8f0b38d1a872f,erc20,1000.0,0x0c7f50947bbe3f628a8287ff94bb3c533ddaa71f29f1538abf0a2c6b86399926,1619669169,candidate_layering,USDT,0xdac17f958d2ee523a2206206994597c13d831ec7,1
0x722122df12d4e14e13ac3b6895a86e84145b6967,0x07687e702b410fa43f4cb4af7fa097918ffd2730,erc20,10000.0,0x96c51b09300a7badf9ece893ec0dd30fb3de517837bc101297235be484f712dd,1619679242,candidate_layering,DAI,0x6b175474e89094c44da98b954eedeac495271d0f,1
0x722122df12d4e14e13ac3b6895a86e84145b6967,0xfd8610d20aa15b7b2e3be39b396a1bc3516c7144,erc20,1000.0,0x9f3e3bcf43a04d34eafd5975050bb7365b9c948ad740c3d1b9162730aa7b1097,1619723995,candidate_layering,DAI,0x6b175474e89094c44da98b954eedeac495271d0f,1
0x722122df12d4e14e13ac3b6895a86e84145b6967,0x23773e65ed146a459791799d01336db287f25334,erc20,100000.0,0x33a01ef939df58db622be2462a587be1ccfa345d99f0c4c4533c78d3f99a7ae6,1619725391,candidate_layering,DAI,0x6b175474e89094c44da98b954eedeac495271d0f,1
0x722122df12d4e14e13ac3b6895a86e84145b6967,0x07687e702b410fa43f4cb4af7fa097918ffd2730,erc20,10000.0,0x8de84bf287fbc77bf7e0e17337c4e768c0a3bf58684a9a6f1e5f45245c524424,1619727838,candidate_layering,DAI,0x6b175474e89094c44da98b954eedeac495271d0f,1
0x722122df12d4e14e13ac3b6895a86e84145b6967,0x2717c5e28cf931547b621a5dddb772ab6a35b701,erc20,500000.0,0x276e71bc7ac9a3df4263d5874146783c70661a39aa868bed84b42fd760140de2,1619729577,candidate_layering,cDAI,0x5d3a536e4d6dbd6114cc1ead35777bab948e3643,1
0x722122df12d4e14e13ac3b6895a86e84145b6967,0x2717c5e28cf931547b621a5dddb772ab6a35b701,erc20,500000.0,0x7df94971ab535bfaab19b62c2e6502481e2f32b98623db0b648b9528bf2ef708,1619731242,candidate_layering,cDAI,0x5d3a536e4d6dbd6114cc1ead35777bab948e3643,1
0x722122df12d4e14e13ac3b6895a86e84145b6967,0x23773e65ed146a459791799d01336db287f25334,erc20,100000.0,0x932684ef05e02bba179f2123dfdc29dfd3be558c86e6533d758c9c116e468538,1619731341,candidate_layering,DAI,0x6b175474e89094c44da98b954eedeac495271d0f,1
0x722122df12d4e14e13ac3b6895a86e84145b6967,0x2717c5e28cf931547b621a5dddb772ab6a35b701,erc20,500000.0,0xf581cabb13da5271a6550f812ffba6a0372e6aaf76547b216062ef96865834ec,1619731754,candidate_layering,cDAI,0x5d3a536e4d6dbd6114cc1ead35777bab948e3643,1
0x722122df12d4e14e13ac3b6895a86e84145b6967,0x2717c5e28cf931547b621a5dddb772ab6a35b701,erc20,500000.0,0xbaf90019667ff5d135ed543699b3db32260044481354a017b0488acdc4f604d2,1619731801,candidate_layering,cDAI,0x5d3a536e4d6dbd6114cc1ead35777bab948e3643,1
0x722122df12d4e14e13ac3b6895a86e84145b6967,0x2717c5e28cf931547b621a5dddb772ab6a35b701,erc20,500000.0,0x6715107b8bfb6a623d4bfd06f56c6b72ab4e99d4a508c328e785dd2f337bbbfa,1619732581,candidate_layering,cDAI,0x5d3a536e4d6dbd6114cc1ead35777bab948e3643,1
0x722122df12d4e14e13ac3b6895a86e84145b6967,0x23773e65ed146a459791799d01336db287f25334,erc20,100000.0,0xa784b1f553972480b441e4d389852bc98566e7e96f41146a0a40d62b38116d92,1619740029,candidate_layering,DAI,0x6b175474e89094c44da98b954eedeac495271d0f,1
0x722122df12d4e14e13ac3b6895a86e84145b6967,0x23773e65ed146a459791799d01336db287f25334,erc20,100000.0,0x92bf8afb8810e0dd3ae7e4a5743240bb634c6bec65ad0d34116b1688b640fbc4,1619748175,candidate_layering,DAI,0x6b175474e89094c44da98b954eedeac495271d0f,1
0x722122df12d4e14e13ac3b6895a86e84145b6967,0xfd8610d20aa15b7b2e3be39b396a1bc3516c7144,erc20,1000.0,0x2ee109b14baf84d26cbaf2859d1440bc9881703f2496bfac9688ebf2c82b5563,1619752549,candidate_layering,DAI,0x6b175474e89094c44da98b954eedeac495271d0f,1
0x722122df12d4e14e13ac3b6895a86e84145b6967,0xfd8610d20aa15b7b2e3be39b396a1bc3516c7144,erc20,1000.0,0xa75100f2a62eeaad632dbb8473af9ec0cc5efb913d9ac034748f7d877e0a5aa5,1619752760,candidate_layering,DAI,0x6b175474e89094c44da98b954eedeac495271d0f,1
0x722122df12d4e14e13ac3b6895a86e84145b6967,0xfd8610d20aa15b7b2e3be39b396a1bc3516c7144,erc20,1000.0,0x922138fddd7dba9e96532a528b9ffd734aa626afb0f7d5a943a1dd609743bc6d,1619752940,candidate_layering,DAI,0x6b175474e89094c44da98b954eedeac495271d0f,1
0x722122df12d4e14e13ac3b6895a86e84145b6967,0xfd8610d20aa15b7b2e3be39b396a1bc3516c7144,erc20,1000.0,0x0caa39ac94a0d2bdb92e13a3a34a56ca4053a1666d20fd303f61a34cc5ef49b5,1619753129,candidate_layering,DAI,0x6b175474e89094c44da98b954eedeac495271d0f,1
0x722122df12d4e14e13ac3b6895a86e84145b6967,0xfd8610d20aa15b7b2e3be39b396a1bc3516c7144,erc20,1000.0,0xac94a157de5e189d44ce8548da8aa8a9eb3b7d9bf811532ab3003c9f1f26e750,1619756633,candidate_layering,DAI,0x6b175474e89094c44da98b954eedeac495271d0f,1
0x722122df12d4e14e13ac3b6895a86e84145b6967,0xfd8610d20aa15b7b2e3be39b396a1bc3516c7144,erc20,1000.0,0x308cd6a069e7d2b352c3eaf0aea25a5afd43f38cb99e823a36221cd2b0670009,1619756640,candidate_layering,DAI,0x6b175474e89094c44da98b954eedeac495271d0f,1
0x722122df12d4e14e13ac3b6895a86e84145b6967,0xfd8610d20aa15b7b2e3be39b396a1bc3516c7144,erc20,1000.0,0xd718efa060874fb7f1c69afc6ef3e6f8b3c9228755176311ce09952f844445f1,1619756640,candidate_layering,DAI,0x6b175474e89094c44da98b954eedeac495271d0f,1
0x722122df12d4e14e13ac3b6895a86e84145b6967,0xfd8610d20aa15b7b2e3be39b396a1bc3516c7144,erc20,1000.0,0x68d7618db2558b4a27888ecdd4e6c086cd42417a9144ee4ce091976a57466120,1619756665,candidate_layering,DAI,0x6b175474e89094c44da98b954eedeac495271d0f,1
0x722122df12d4e14e13ac3b6895a86e84145b6967,0xfd8610d20aa15b7b2e3be39b396a1bc3516c7144,erc20,1000.0,0xef5f9948dd225919bdc5003002a35f038c9b94c4bcccd4abffedba19f21a6541,1619756763,candidate_layering,DAI,0x6b175474e89094c44da98b954eedeac495271d0f,1
0x722122df12d4e14e13ac3b6895a86e84145b6967,0x07687e702b410fa43f4cb4af7fa097918ffd2730,erc20,10000.0,0x17a6a7dc7e0d762e7951ba0a033ae5a4477ad6b426c6cff84c3ce6da48b58d6d,1619765476,candidate_layering,DAI,0x6b175474e89094c44da98b954eedeac495271d0f,1
0x722122df12d4e14e13ac3b6895a86e84145b6967,0x07687e702b410fa43f4cb4af7fa097918ffd2730,erc20,10000.0,0xc4419bdd98a1ee189889426793f36e412abf68e4f5f0138f518b8a173aa8bea9,1619765487,candidate_layering,DAI,0x6b175474e89094c44da98b954eedeac495271d0f,1
0x722122df12d4e14e13ac3b6895a86e84145b6967,0x07687e702b410fa43f4cb4af7fa097918ffd2730,erc20,10000.0,0x4e2a8b6e0a7caebac446dfdfc3a5e4d004ec5ce9ff716231f70cf34fc196e724,1619765623,candidate_layering,DAI,0x6b175474e89094c44da98b954eedeac495271d0f,1
0x722122df12d4e14e13ac3b6895a86e84145b6967,0x4736dcf1b7a3d580672cce6e7c65cd5cc9cfba9d,erc20,1000.0,0xbac23fb90a30badf90fec31dec6775a99c1082b12a46084171baafed229eda18,1619767446,candidate_layering,USDC,0xa0b86991c6218b36c1d19d4a2e9eb0ce3606eb48,1
0x722122df12d4e14e13ac3b6895a86e84145b6967,0x178169b423a011fff22b9e3f3abea13414ddd0f1,erc20,0.1,0x298f3e36be4c5d27c0585e9bfee2cd6f002d634bc5fb171984f5a505de1d9187,1619769193,candidate_layering,WBTC,0x2260fac5e5542a773aa44fbcfedf7c193bc2c599,1
0x722122df12d4e14e13ac3b6895a86e84145b6967,0x178169b423a011fff22b9e3f3abea13414ddd0f1,erc20,0.1,0x8a64238071d58d80cd839c661518e19751884686cffb4527dfbedeb917c35bb5,1619769231,candidate_layering,WBTC,0x2260fac5e5542a773aa44fbcfedf7c193bc2c599,1
0x722122df12d4e14e13ac3b6895a86e84145b6967,0x178169b423a011fff22b9e3f3abea13414ddd0f1,erc20,0.1,0x69e876fa83c31656d977a95d2d67d07223e953cdffee19078717e1a3905f9c08,1619769339,candidate_layering,WBTC,0x2260fac5e5542a773aa44fbcfedf7c193bc2c599,1
0x722122df12d4e14e13ac3b6895a86e84145b6967,0x07687e702b410fa43f4cb4af7fa097918ffd2730,erc20,10000.0,0x934260abc0a904d388968e3021607eb4945bcc70d36304973ee9f9f80a807cd2,1619771681,candidate_layering,DAI,0x6b175474e89094c44da98b954eedeac495271d0f,1
0x722122df12d4e14e13ac3b6895a86e84145b6967,0x610b717796ad172b316836ac95a2ffad065ceab4,erc20,1.0,0x125c20071d913f99f0fd4ed23acb5782cfa737e14927d4218af4b35696d8c929,1619773727,candidate_layering,WBTC,0x2260fac5e5542a773aa44fbcfedf7c193bc2c599,1
0x722122df12d4e14e13ac3b6895a86e84145b6967,0x610b717796ad172b316836ac95a2ffad065ceab4,erc20,1.0,0xe6224a635e26420eca53377a3de1429eafce679fc487a780f4c52a0058780f0e,1619773985,candidate_layering,WBTC,0x2260fac5e5542a773aa44fbcfedf7c193bc2c599,1
0x722122df12d4e14e13ac3b6895a86e84145b6967,0x07687e702b410fa43f4cb4af7fa097918ffd2730,erc20,10000.0,0xcfef02c52e40c856080aad8450bccbda02c430bbb8ba837eea8002f2215476e2,1619796465,candidate_layering,DAI,0x6b175474e89094c44da98b954eedeac495271d0f,1
0x722122df12d4e14e13ac3b6895a86e84145b6967,0xbb93e510bbcd0b7beb5a853875f9ec60275cf498,erc20,10.0,0x99bf2f66610cef8b7b00c350b5a387a4c40d19eed824ca0326f91518a16ed221,1619799901,candidate_layering,WBTC,0x2260fac5e5542a773aa44fbcfedf7c193bc2c599,1
0x722122df12d4e14e13ac3b6895a86e84145b6967,0xbb93e510bbcd0b7beb5a853875f9ec60275cf498,erc20,10.0,0x483e730c918a4d7e1d9db55b6d54e5e4dc09e7db8adedc585d9be0faed1a6a52,1619800126,candidate_layering,WBTC,0x2260fac5e5542a773aa44fbcfedf7c193bc2c599,1
0x722122df12d4e14e13ac3b6895a86e84145b6967,0xbb93e510bbcd0b7beb5a853875f9ec60275cf498,erc20,10.0,0xb2be30800da0e59a90fca1eafe1d47bf182b8f4853bd2c654ccc1bdb1ff1dbf7,1619800307,candidate_layering,WBTC,0x2260fac5e5542a773aa44fbcfedf7c193bc2c599,1
0x722122df12d4e14e13ac3b6895a86e84145b6967,0xbb93e510bbcd0b7beb5a853875f9ec60275cf498,erc20,10.0,0xbc0734803f0ec890cdeb9b72b09808a4f7ef469b936f1df4c709b505d12c099b,1619800400,candidate_layering,WBTC,0x2260fac5e5542a773aa44fbcfedf7c193bc2c599,1
0x722122df12d4e14e13ac3b6895a86e84145b6967,0xbb93e510bbcd0b7beb5a853875f9ec60275cf498,erc20,10.0,0x8ff7f5ed88ca2180b63e5f8354fb5c8699aafeff093016fb215d03973fd6c11c,1619800505,candidate_layering,WBTC,0x2260fac5e5542a773aa44fbcfedf7c193bc2c599,1
0x722122df12d4e14e13ac3b6895a86e84145b6967,0xbb93e510bbcd0b7beb5a853875f9ec60275cf498,erc20,10.0,0x3eb2366be725b82f5ceef7b75ce28a1935737349cae1d4413a72c03ef6cd9d80,1619800607,candidate_layering,WBTC,0x2260fac5e5542a773aa44fbcfedf7c193bc2c599,1
0x722122df12d4e14e13ac3b6895a86e84145b6967,0xbb93e510bbcd0b7beb5a853875f9ec60275cf498,erc20,10.0,0x4918d147ddce1244985d2ac1f5e83d87bfabc8a295c4a78ef653c0f03b5dc24f,1619800800,candidate_layering,WBTC,0x2260fac5e5542a773aa44fbcfedf7c193bc2c599,1
0x722122df12d4e14e13ac3b6895a86e84145b6967,0xbb93e510bbcd0b7beb5a853875f9ec60275cf498,erc20,10.0,0xc66dfa3f84883c9917c735d9f111f4bdd5c93d4a51c03a20b98e576f673eb57f,1619801178,candidate_layering,WBTC,0x2260fac5e5542a773aa44fbcfedf7c193bc2c599,1
0x722122df12d4e14e13ac3b6895a86e84145b6967,0xbb93e510bbcd0b7beb5a853875f9ec60275cf498,erc20,10.0,0x1740644933b526205dd6166abe00dc32c422f9365a7c53c93ccfd3cc92570b1b,1619801331,candidate_layering,WBTC,0x2260fac5e5542a773aa44fbcfedf7c193bc2c599,1
0x722122df12d4e14e13ac3b6895a86e84145b6967,0xbb93e510bbcd0b7beb5a853875f9ec60275cf498,erc20,10.0,0x2a1b89d0527049329bed205b9ae18b8c10f67ddb90330ab6b31e11c75f83b1db,1619801657,candidate_layering,WBTC,0x2260fac5e5542a773aa44fbcfedf7c193bc2c599,1
0x722122df12d4e14e13ac3b6895a86e84145b6967,0xfd8610d20aa15b7b2e3be39b396a1bc3516c7144,erc20,1000.0,0x80cefe7d6cf2b1ea57040bdfba867ee9ae06ea311ed26f7c944ca4dd186123e0,1619806990,candidate_layering,DAI,0x6b175474e89094c44da98b954eedeac495271d0f,1
0x722122df12d4e14e13ac3b6895a86e84145b6967,0x07687e702b410fa43f4cb4af7fa097918ffd2730,erc20,10000.0,0x6beab89b7e8cd0b612c053d17c85766ac1434890f999fd508e706405bec2ae89,1619811486,candidate_layering,DAI,0x6b175474e89094c44da98b954eedeac495271d0f,1
0x722122df12d4e14e13ac3b6895a86e84145b6967,0x07687e702b410fa43f4cb4af7fa097918ffd2730,erc20,10000.0,0x47126a0eb3e72d7fb5fad043967cf1c258f9b0c1f61e473cd200607c100c4011,1619812015,candidate_layering,DAI,0x6b175474e89094c44da98b954eedeac495271d0f,1
0x722122df12d4e14e13ac3b6895a86e84145b6967,0x23773e65ed146a459791799d01336db287f25334,erc20,100000.0,0xeef1ddb38103d2a370d3fe770cc7bda3c238f91a7f67a37d2ffa755a9efa22d5,1619818073,candidate_layering,DAI,0x6b175474e89094c44da98b954eedeac495271d0f,1
0x722122df12d4e14e13ac3b6895a86e84145b6967,0x23773e65ed146a459791799d01336db287f25334,erc20,100000.0,0x2cf6575bcf1da17a1b2f514afe1db63224ec122edc7a99236cf5ecabc9cdb32c,1619818684,candidate_layering,DAI,0x6b175474e89094c44da98b954eedeac495271d0f,1
0x722122df12d4e14e13ac3b6895a86e84145b6967,0x07687e702b410fa43f4cb4af7fa097918ffd2730,erc20,10000.0,0x30f868b431f3c8f3c5682db119bef776dd087f4736df2e580ebba6a330d5b0e7,1619820039,candidate_layering,DAI,0x6b175474e89094c44da98b954eedeac495271d0f,1
0x722122df12d4e14e13ac3b6895a86e84145b6967,0x07687e702b410fa43f4cb4af7fa097918ffd2730,erc20,10000.0,0x5d2befbd7cdf1720d965a35afb123a0cac39b088888d1ffcfcbec32408ad14b1,1619820194,candidate_layering,DAI,0x6b175474e89094c44da98b954eedeac495271d0f,1
0x722122df12d4e14e13ac3b6895a86e84145b6967,0x610b717796ad172b316836ac95a2ffad065ceab4,erc20,1.0,0x92a8eca1f962a0ac25d79c82be1134e8b040837d8faaa484d1f5f46292c5e323,1619822258,candidate_layering,WBTC,0x2260fac5e5542a773aa44fbcfedf7c193bc2c599,1
0x722122df12d4e14e13ac3b6895a86e84145b6967,0x23773e65ed146a459791799d01336db287f25334,erc20,100000.0,0x9de8bd4560530d173045f37d5c9109e02216a17f9c8da434e6b7c4971d30a1d9,1619822674,candidate_layering,DAI,0x6b175474e89094c44da98b954eedeac495271d0f,1
0x722122df12d4e14e13ac3b6895a86e84145b6967,0x610b717796ad172b316836ac95a2ffad065ceab4,erc20,1.0,0x72480a7aa9692bc91f2310c0d9a7f08c136c1045d07fe01879a59502ce42ae82,1619823417,candidate_layering,WBTC,0x2260fac5e5542a773aa44fbcfedf7c193bc2c599,1
0x722122df12d4e14e13ac3b6895a86e84145b6967,0xbb93e510bbcd0b7beb5a853875f9ec60275cf498,erc20,10.0,0x200ea88caab20879a03694b3aadee4e3258ffb0d76c93a5176c887c367c65ce1,1619823616,candidate_layering,WBTC,0x2260fac5e5542a773aa44fbcfedf7c193bc2c599,1
0x722122df12d4e14e13ac3b6895a86e84145b6967,0xbb93e510bbcd0b7beb5a853875f9ec60275cf498,erc20,10.0,0xff199af581874ca77fd282f53afacd95902aacf1229abd5170e3c65a82a7cddb,1619823744,candidate_layering,WBTC,0x2260fac5e5542a773aa44fbcfedf7c193bc2c599,1
0x722122df12d4e14e13ac3b6895a86e84145b6967,0x178169b423a011fff22b9e3f3abea13414ddd0f1,erc20,0.1,0x2c03f795f3a8e8bbdbe0328e7ed5e896e8df954936215e61140f55e7d930153a,1619824099,candidate_layering,WBTC,0x2260fac5e5542a773aa44fbcfedf7c193bc2c599,1
0x722122df12d4e14e13ac3b6895a86e84145b6967,0x23773e65ed146a459791799d01336db287f25334,erc20,100000.0,0x3414d8441f9ad14e406d65df8420df57e2f64cd9916671640aff2e328d4551c4,1619824410,candidate_layering,DAI,0x6b175474e89094c44da98b954eedeac495271d0f,1
0x722122df12d4e14e13ac3b6895a86e84145b6967,0x610b717796ad172b316836ac95a2ffad065ceab4,erc20,1.0,0xd6e5bcb0a506bec0fb560592269915690e108955e62a5494999b5f318f9c6eb8,1619826806,candidate_layering,WBTC,0x2260fac5e5542a773aa44fbcfedf7c193bc2c599,1
0x722122df12d4e14e13ac3b6895a86e84145b6967,0x610b717796ad172b316836ac95a2ffad065ceab4,erc20,1.0,0x1f60e1d54939a0b6a760bc457a5e6fc33b7b846ef1fa96d252c4a164af79ddf7,1619827986,candidate_layering,WBTC,0x2260fac5e5542a773aa44fbcfedf7c193bc2c599,1
0x722122df12d4e14e13ac3b6895a86e84145b6967,0x07687e702b410fa43f4cb4af7fa097918ffd2730,erc20,10000.0,0xabb89d113a625b5a0f0430f0da452b06e7f61c46ed24e91f495d6ac64eacc359,1619830016,candidate_layering,DAI,0x6b175474e89094c44da98b954eedeac495271d0f,1
0x722122df12d4e14e13ac3b6895a86e84145b6967,0x07687e702b410fa43f4cb4af7fa097918ffd2730,erc20,10000.0,0xef8c7a30391ccc4be0d76a183f3b08753c1763eb33baa2e6a256e4df454ac5e0,1619830033,candidate_layering,DAI,0x6b175474e89094c44da98b954eedeac495271d0f,1
0x722122df12d4e14e13ac3b6895a86e84145b6967,0xbb93e510bbcd0b7beb5a853875f9ec60275cf498,erc20,10.0,0x26713b264f8199d7dcd37d0e125c0ffe86099c2481bd1a42cdd7a24bf4da01e3,1619839814,candidate_layering,WBTC,0x2260fac5e5542a773aa44fbcfedf7c193bc2c599,1
0x722122df12d4e14e13ac3b6895a86e84145b6967,0xbb93e510bbcd0b7beb5a853875f9ec60275cf498,erc20,10.0,0xd92139d7297eab15c821d2bd56698901966be361f1799f87da2d449a8c7ef615,1619840134,candidate_layering,WBTC,0x2260fac5e5542a773aa44fbcfedf7c193bc2c599,1
0x722122df12d4e14e13ac3b6895a86e84145b6967,0x07687e702b410fa43f4cb4af7fa097918ffd2730,erc20,10000.0,0x7bfb5912f131ed212002623d0e4c6d108e1b8cb3b3de49ab61cc310e4c5de9bc,1619862418,candidate_layering,DAI,0x6b175474e89094c44da98b954eedeac495271d0f,1
0x722122df12d4e14e13ac3b6895a86e84145b6967,0xfd8610d20aa15b7b2e3be39b396a1bc3516c7144,erc20,1000.0,0x1074534ca2cf5896aeeeff79df1fccde78295c81fa844395c4fc01ed05b263ef,1619862551,candidate_layering,DAI,0x6b175474e89094c44da98b954eedeac495271d0f,1
0x722122df12d4e14e13ac3b6895a86e84145b6967,0xfd8610d20aa15b7b2e3be39b396a1bc3516c7144,erc20,1000.0,0xe72cd6f78afce92b402c6d6558885b2f0b457c6401ededc41fa2b2c005184cb9,1619862551,candidate_layering,DAI,0x6b175474e89094c44da98b954eedeac495271d0f,1
0x722122df12d4e14e13ac3b6895a86e84145b6967,0xfd8610d20aa15b7b2e3be39b396a1bc3516c7144,erc20,1000.0,0x2b6d777b98a785d2060fb826dbc1fb8af943cecbd5219cb8e9e39a8feda640be,1619862718,candidate_layering,DAI,0x6b175474e89094c44da98b954eedeac495271d0f,1
0x722122df12d4e14e13ac3b6895a86e84145b6967,0x07687e702b410fa43f4cb4af7fa097918ffd2730,erc20,10000.0,0xcf882083cbbcab82c4e7eaac2f0de60d229b0e0f43e1289b60e8db34ebac9ea4,1619864692,candidate_layering,DAI,0x6b175474e89094c44da98b954eedeac495271d0f,1
0x722122df12d4e14e13ac3b6895a86e84145b6967,0x07687e702b410fa43f4cb4af7fa097918ffd2730,erc20,10000.0,0xab8702a95ffaf19063b6d6add9bd6efeae29cbf9a3687c4a2eefccf0fddbaa17,1619865060,candidate_layering,DAI,0x6b175474e89094c44da98b954eedeac495271d0f,1
0x722122df12d4e14e13ac3b6895a86e84145b6967,0x23773e65ed146a459791799d01336db287f25334,erc20,100000.0,0x91bec7065ab9282bab0097615a8d93db3e113512276db60bae23694333c2374b,1619872867,candidate_layering,DAI,0x6b175474e89094c44da98b954eedeac495271d0f,1
0x722122df12d4e14e13ac3b6895a86e84145b6967,0x23773e65ed146a459791799d01336db287f25334,erc20,100000.0,0x253b4cb77399982e0e1f53472f208d010c5ea8dd9ee9bf4d5de007d7852d5c03,1619879645,candidate_layering,DAI,0x6b175474e89094c44da98b954eedeac495271d0f,1
0x722122df12d4e14e13ac3b6895a86e84145b6967,0x07687e702b410fa43f4cb4af7fa097918ffd2730,erc20,10000.0,0x4bff912ad5b31be70cd2210546c9c0ab424aa7934b5066faa6ec3c7402521103,1619879738,candidate_layering,DAI,0x6b175474e89094c44da98b954eedeac495271d0f,1
0x722122df12d4e14e13ac3b6895a86e84145b6967,0x23773e65ed146a459791799d01336db287f25334,erc20,100000.0,0x4618eb11625970c99fc18606ab1d8423581bb790d0a8c891d585e73bf1ef4ace,1619880291,candidate_layering,DAI,0x6b175474e89094c44da98b954eedeac495271d0f,1
0x722122df12d4e14e13ac3b6895a86e84145b6967,0x23773e65ed146a459791799d01336db287f25334,erc20,100000.0,0x657f8df31e6f69561b0a018372cbb8653015dc62535e600a653d434c202b6c05,1619880369,candidate_layering,DAI,0x6b175474e89094c44da98b954eedeac495271d0f,1
0x722122df12d4e14e13ac3b6895a86e84145b6967,0x23773e65ed146a459791799d01336db287f25334,erc20,100000.0,0x613928073a04bc39b9c45e5aa7132264ef9b21d9d4c6aa48cb85ccf188120cd7,1619880369,candidate_layering,DAI,0x6b175474e89094c44da98b954eedeac495271d0f,1
0x722122df12d4e14e13ac3b6895a86e84145b6967,0x23773e65ed146a459791799d01336db287f25334,erc20,100000.0,0x3be23002a32b06067c26e2f33004a5ebc85d384fbaf4f6be75618ce993e8ddb9,1619880439,candidate_layering,DAI,0x6b175474e89094c44da98b954eedeac495271d0f,1
0x722122df12d4e14e13ac3b6895a86e84145b6967,0x23773e65ed146a459791799d01336db287f25334,erc20,100000.0,0xa8a416cea0a1f4e3f19be978755627f39c1915e6ccff5b2ff66fbbd01dcd053b,1619880439,candidate_layering,DAI,0x6b175474e89094c44da98b954eedeac495271d0f,1
0x722122df12d4e14e13ac3b6895a86e84145b6967,0x23773e65ed146a459791799d01336db287f25334,erc20,100000.0,0x56aa08ffcfe8ee6e86b25c72c395f679b0d1ce2740f8d55419cdbc4c39a0b069,1619882204,candidate_layering,DAI,0x6b175474e89094c44da98b954eedeac495271d0f,1
0x722122df12d4e14e13ac3b6895a86e84145b6967,0x23773e65ed146a459791799d01336db287f25334,erc20,100000.0,0x435e89dd8f5f77d8ee5246ef2a84bf8d8fa9c6541524475e7b3fede91bcbe6da,1619882311,candidate_layering,DAI,0x6b175474e89094c44da98b954eedeac495271d0f,1
0x722122df12d4e14e13ac3b6895a86e84145b6967,0x07687e702b410fa43f4cb4af7fa097918ffd2730,erc20,10000.0,0x5e41d698d96890f932ed187cbe6a9df03407a0a04bbf42e76c784fdf6ee77850,1619884669,candidate_layering,DAI,0x6b175474e89094c44da98b954eedeac495271d0f,1
0x722122df12d4e14e13ac3b6895a86e84145b6967,0x07687e702b410fa43f4cb4af7fa097918ffd2730,erc20,10000.0,0x117875b4ea2c9dc3c106b01dd106931cdc230e5d7648b4fb93031a616d627df5,1619884800,candidate_layering,DAI,0x6b175474e89094c44da98b954eedeac495271d0f,1
0x722122df12d4e14e13ac3b6895a86e84145b6967,0x07687e702b410fa43f4cb4af7fa097918ffd2730,erc20,10000.0,0xe5bd5078475958157187e221c573f95411c4304e9c88c4bedfc531950b24b3b2,1619884852,candidate_layering,DAI,0x6b175474e89094c44da98b954eedeac495271d0f,1
0x722122df12d4e14e13ac3b6895a86e84145b6967,0x4736dcf1b7a3d580672cce6e7c65cd5cc9cfba9d,erc20,1000.0,0x0532aec0471a9ac1dfa5347fa5b93b4158b11364d93765fbc87bf5bf551db662,1619886604,candidate_layering,USDC,0xa0b86991c6218b36c1d19d4a2e9eb0ce3606eb48,1
0x722122df12d4e14e13ac3b6895a86e84145b6967,0x610b717796ad172b316836ac95a2ffad065ceab4,erc20,1.0,0x40165addce4b7b28b51014e908ee22084b32d18a79ce7de114f84bcc5c18fdd8,1619887414,candidate_layering,WBTC,0x2260fac5e5542a773aa44fbcfedf7c193bc2c599,1
0x722122df12d4e14e13ac3b6895a86e84145b6967,0x610b717796ad172b316836ac95a2ffad065ceab4,erc20,1.0,0xb2a5bf314a1a05ffa67a34aac7017e2154b63c04552be2841218ac8f4d14a3f6,1619888034,candidate_layering,WBTC,0x2260fac5e5542a773aa44fbcfedf7c193bc2c599,1
0x722122df12d4e14e13ac3b6895a86e84145b6967,0xbb93e510bbcd0b7beb5a853875f9ec60275cf498,erc20,10.0,0xf1e75c3387f6e30154e54edcca26fc45091b7a8a133e123e5e9086670f36fbd2,1619891371,candidate_layering,WBTC,0x2260fac5e5542a773aa44fbcfedf7c193bc2c599,1
0x722122df12d4e14e13ac3b6895a86e84145b6967,0x610b717796ad172b316836ac95a2ffad065ceab4,erc20,1.0,0x41162a654f13680d130b51a978ec662df3cd278b6081f9d05748ddcb6d1135da,1619894633,candidate_layering,WBTC,0x2260fac5e5542a773aa44fbcfedf7c193bc2c599,1
0x722122df12d4e14e13ac3b6895a86e84145b6967,0x4736dcf1b7a3d580672cce6e7c65cd5cc9cfba9d,erc20,1000.0,0xbc724bc00084ee19572521301e7291b1c130ba0afbd1ce2373e0b6260431aaa1,1619894808,candidate_layering,USDC,0xa0b86991c6218b36c1d19d4a2e9eb0ce3606eb48,1
0x722122df12d4e14e13ac3b6895a86e84145b6967,0x07687e702b410fa43f4cb4af7fa097918ffd2730,erc20,10000.0,0x1978834f581426fd00f05a7ddd4b2e8da412d18c09692a467a91d522ccc60008,1619898452,candidate_layering,DAI,0x6b175474e89094c44da98b954eedeac495271d0f,1
0x722122df12d4e14e13ac3b6895a86e84145b6967,0xd4b88df4d29f5cedd6857912842cff3b20c8cfa3,erc20,100.0,0xa619d97c2a504b5ec29ad167cdfc4ce3b40972735496b320780dd8ad350db246,1619900854,candidate_layering,DAI,0x6b175474e89094c44da98b954eedeac495271d0f,1
0x722122df12d4e14e13ac3b6895a86e84145b6967,0x07687e702b410fa43f4cb4af7fa097918ffd2730,erc20,10000.0,0x7166f71f89fe502b9f4938ec61599dab07c9c27b511de033deba180b25df8d9f,1619900900,candidate_layering,DAI,0x6b175474e89094c44da98b954eedeac495271d0f,1
0x722122df12d4e14e13ac3b6895a86e84145b6967,0x169ad27a470d064dede56a2d3ff727986b15d52b,erc20,100.0,0xcd186510484438d1851064f3c3980026b0dff75ce92c707bd26f188d90d97806,1619907473,candidate_layering,USDT,0xdac17f958d2ee523a2206206994597c13d831ec7,1
0x722122df12d4e14e13ac3b6895a86e84145b6967,0x169ad27a470d064dede56a2d3ff727986b15d52b,erc20,100.0,0x160bcb6971400de80482afabf97a436cd8031c90bbe9c15e41b8f842cfeeba79,1619909708,candidate_layering,USDT,0xdac17f958d2ee523a2206206994597c13d831ec7,1
0x722122df12d4e14e13ac3b6895a86e84145b6967,0x07687e702b410fa43f4cb4af7fa097918ffd2730,erc20,10000.0,0x52dd80aab46b7d9477e6e233c5c8c59727a9660fc7fcaccf819808298d8e5e93,1619909752,candidate_layering,DAI,0x6b175474e89094c44da98b954eedeac495271d0f,1
0x722122df12d4e14e13ac3b6895a86e84145b6967,0x23773e65ed146a459791799d01336db287f25334,erc20,100000.0,0x5ae8cc9f7697ab7a7609e8c02657b5f7ba37d52d22ff785e74e8b62fb2e6d7ea,1619911747,candidate_layering,DAI,0x6b175474e89094c44da98b954eedeac495271d0f,1
0x722122df12d4e14e13ac3b6895a86e84145b6967,0x23773e65ed146a459791799d01336db287f25334,erc20,100000.0,0x5923f0ce723a980109a9c7decfa58bed5a462e5b732658ee07964faa9544d7dd,1619911796,candidate_layering,DAI,0x6b175474e89094c44da98b954eedeac495271d0f,1
0x722122df12d4e14e13ac3b6895a86e84145b6967,0x07687e702b410fa43f4cb4af7fa097918ffd2730,erc20,10000.0,0xbb59dffe8317b8e692f94b535ea31a51e0fb1cb54b6377851e1b45e7bc69c3b6,1619915642,candidate_layering,DAI,0x6b175474e89094c44da98b954eedeac495271d0f,1
0x722122df12d4e14e13ac3b6895a86e84145b6967,0x07687e702b410fa43f4cb4af7fa097918ffd2730,erc20,10000.0,0x65d872a6a4479b5d3b0aa079660cf98a9d788850cb1bbade4c80edc7a0b042e0,1619918140,candidate_layering,DAI,0x6b175474e89094c44da98b954eedeac495271d0f,1
0x722122df12d4e14e13ac3b6895a86e84145b6967,0x23773e65ed146a459791799d01336db287f25334,erc20,100000.0,0xbf79fa9c4c34d6d245ed0ba210c58bc04ad409a72256f86e0c2d194c23686d1f,1619925182,candidate_layering,DAI,0x6b175474e89094c44da98b954eedeac495271d0f,1
0x722122df12d4e14e13ac3b6895a86e84145b6967,0x23773e65ed146a459791799d01336db287f25334,erc20,100000.0,0x86fe04d01f44b576831f1d54f0e4fb5c31c9f91c3560b81aa9b415c492e8c912,1619925253,candidate_layering,DAI,0x6b175474e89094c44da98b954eedeac495271d0f,1
0x722122df12d4e14e13ac3b6895a86e84145b6967,0x23773e65ed146a459791799d01336db287f25334,erc20,100000.0,0xa088cfac8dc7fb4c966be1f67a1e458f1cc12c3051d18cdbf4d242bb6e2463d3,1619925290,candidate_layering,DAI,0x6b175474e89094c44da98b954eedeac495271d0f,1
0x722122df12d4e14e13ac3b6895a86e84145b6967,0xfd8610d20aa15b7b2e3be39b396a1bc3516c7144,erc20,1000.0,0x7db8812be45cf9a7b634de7693c64e80cd417c8b32d1223d1e049f70d83c7ede,1619927056,candidate_layering,DAI,0x6b175474e89094c44da98b954eedeac495271d0f,1
0x722122df12d4e14e13ac3b6895a86e84145b6967,0xfd8610d20aa15b7b2e3be39b396a1bc3516c7144,erc20,1000.0,0xa3929df91eab3d593bf5cd19609f090dbc047a9e0e39c7a172a6c121afa16459,1619927341,candidate_layering,DAI,0x6b175474e89094c44da98b954eedeac495271d0f,1
0x722122df12d4e14e13ac3b6895a86e84145b6967,0xbb93e510bbcd0b7beb5a853875f9ec60275cf498,erc20,10.0,0x88d3976983ea71794dc1f5c8e247e761e40a3438d95ead3f7ba9202a719c7af9,1619928062,candidate_layering,WBTC,0x2260fac5e5542a773aa44fbcfedf7c193bc2c599,1
0x722122df12d4e14e13ac3b6895a86e84145b6967,0xbb93e510bbcd0b7beb5a853875f9ec60275cf498,erc20,10.0,0xaed95ff6daad370cb3d86bd0847f1c4bbe3cc6664b73c8b36c1270a0762e8644,1619928141,candidate_layering,WBTC,0x2260fac5e5542a773aa44fbcfedf7c193bc2c599,1
0x722122df12d4e14e13ac3b6895a86e84145b6967,0xbb93e510bbcd0b7beb5a853875f9ec60275cf498,erc20,10.0,0x8207016c12f6bb5c648da5d743e143018551709b2029ac47f65c7e4777c19a24,1619941923,candidate_layering,WBTC,0x2260fac5e5542a773aa44fbcfedf7c193bc2c599,1
0x722122df12d4e14e13ac3b6895a86e84145b6967,0xbb93e510bbcd0b7beb5a853875f9ec60275cf498,erc20,10.0,0xdd562a0ef3a6bbfe3474b48270a1b9fef40d9ff3bbc9e3b3a8f74f47e77b7c5a,1619942020,candidate_layering,WBTC,0x2260fac5e5542a773aa44fbcfedf7c193bc2c599,1
0x722122df12d4e14e13ac3b6895a86e84145b6967,0xbb93e510bbcd0b7beb5a853875f9ec60275cf498,erc20,10.0,0x2a1edf4365efc80e97dbd1d2d1cc1d85eef8b5c6fee7be20affeb69235f0584e,1619942069,candidate_layering,WBTC,0x2260fac5e5542a773aa44fbcfedf7c193bc2c599,1
0x722122df12d4e14e13ac3b6895a86e84145b6967,0xbb93e510bbcd0b7beb5a853875f9ec60275cf498,erc20,10.0,0xc0c304960d01ad65bee98a517c51eb322daff910e66c850416afd760e6fd34d2,1619942158,candidate_layering,WBTC,0x2260fac5e5542a773aa44fbcfedf7c193bc2c599,1
