source,target,transaction_type,amount,hash,timeStamp,label,tokenSymbol,contractAddress,source_layer,source_clean,target_clean,is_service_provider,service_matched_side,service_provider_name,service_provider_category,service_provider_source,service_provider_note
0x9fc53c75046900d1f58209f50f534852ae9f912a,0x439c0da3061ef171090e8a723f930bb14bea509c,normal_eth,4.5,0x7d2ede91bcb8ddd2abb379ee3c6cf89fbc33d03f47c1515b5294ff0252565b75,1635606152,candidate_layering,,,0,0x9fc53c75046900d1f58209f50f534852ae9f912a,0x439c0da3061ef171090e8a723f930bb14bea509c,False,none,,,,
0x9fc53c75046900d1f58209f50f534852ae9f912a,0x439c0da3061ef171090e8a723f930bb14bea509c,normal_eth,0.2787114160624112,0x49951cbf6ecc016ef9c540b406d4c685b18ca8791eb674ce459655d902913c46,1635608896,candidate_layering,,,0,0x9fc53c75046900d1f58209f50f534852ae9f912a,0x439c0da3061ef171090e8a723f930bb14bea509c,False,none,,,,
0x9fc53c75046900d1f58209f50f534852ae9f912a,0x551a4fe9388ff34a4f9b289e092ea3ed3d201b3e,normal_eth,0.0104298764766721,0xae777bbd2a671d3d0d0a2892697f7abb0ea650ad0910c48265b8ff31ca328e7f,1635651427,candidate_layering,,,0,0x9fc53c75046900d1f58209f50f534852ae9f912a,0x551a4fe9388ff34a4f9b289e092ea3ed3d201b3e,False,none,,,,
0x9fc53c75046900d1f58209f50f534852ae9f912a,0xb1302743acf31f567e9020810523f5030942e211,erc20,13597.269715633476,0x002724097966061607100ad99dcb991971b864ad6efa75e4f46145d6d1c904b4,1635513748,candidate_layering,WETH,0xc02aaa39b223fe8d0a0e5c4f27ead9083c756cc2,0,0x9fc53c75046900d1f58209f50f534852ae9f912a,0xb1302743acf31f567e9020810523f5030942e211,False,none,,,,
0x9fc53c75046900d1f58209f50f534852ae9f912a,0x3069388b2c7e45a53ebb32c31bc3817304401d9e,erc20,6832724184.8454685,0xf5ca72e03d5f7a63b51cfc6f1314c279dcba52d87ded6d9065f9f95fa9464728,1635614133,candidate_layering,Meta,0xa0f65d903f62c1e9867d9368eef000293fc0a82e,0,0x9fc53c75046900d1f58209f50f534852ae9f912a,0x3069388b2c7e45a53ebb32c31bc3817304401d9e,False,none,,,,
0x9fc53c75046900d1f58209f50f534852ae9f912a,0x3069388b2c7e45a53ebb32c31bc3817304401d9e,erc20,9242990925995.33,0xf280b6546f64e174ce86fbca8d986321341dae3ca1466ac22eb56872eb73dc9f,1635614258,candidate_layering,$T1mes,0x1811591c776ab78e0718534a6a3e79842f595eb2,0,0x9fc53c75046900d1f58209f50f534852ae9f912a,0x3069388b2c7e45a53ebb32c31bc3817304401d9e,False,none,,,,
0x551a4fe9388ff34a4f9b289e092ea3ed3d201b3e,0x149915f1fd17fe5899adac2542be90690ed8a526,normal_eth,0.06,0xa3310d9a1cd3794c414f9eeb0d1f69d445015050e6aa0de1aa31941656ee005c,1628787962,candidate_layering,,,1,0x551a4fe9388ff34a4f9b289e092ea3ed3d201b3e,0x149915f1fd17fe5899adac2542be90690ed8a526,False,none,,,,
0x551a4fe9388ff34a4f9b289e092ea3ed3d201b3e,0x149915f1fd17fe5899adac2542be90690ed8a526,normal_eth,0.12,0xc391c26cfc855a87a4267507941203632569229723d5e3b5dd82a877ffa943e0,1628787962,candidate_layering,,,1,0x551a4fe9388ff34a4f9b289e092ea3ed3d201b3e,0x149915f1fd17fe5899adac2542be90690ed8a526,False,none,,,,
0x551a4fe9388ff34a4f9b289e092ea3ed3d201b3e,0xc84cf3277549845d6a6ba7e761d2fdfa56663546,normal_eth,0.1634,0xb70e8f6766f5b3bd757d60f301fe815368334c4d58a7a6540ec1f4937874c650,1628802861,candidate_layering,,,1,0x551a4fe9388ff34a4f9b289e092ea3ed3d201b3e,0xc84cf3277549845d6a6ba7e761d2fdfa56663546,False,none,,,,
0x551a4fe9388ff34a4f9b289e092ea3ed3d201b3e,0x0e4245ccb9954ead73f8bab13607cd2d86efc84c,normal_eth,0.06,0x99b4d6e06fb77e28c571fae541cc62ff29a27560d40ba7b1d66625096f749f62,1628816566,candidate_layering,,,1,0x551a4fe9388ff34a4f9b289e092ea3ed3d201b3e,0x0e4245ccb9954ead73f8bab13607cd2d86efc84c,False,none,,,,
0x551a4fe9388ff34a4f9b289e092ea3ed3d201b3e,0xf5f2eabac16bc2527b53fcc5f452f638881769e0,normal_eth,0.1,0x9f2042aaaf8ced48c38ac71f4462563a23317cf070cfaee0ccc671040371b816,1628827332,candidate_layering,,,1,0x551a4fe9388ff34a4f9b289e092ea3ed3d201b3e,0xf5f2eabac16bc2527b53fcc5f452f638881769e0,False,none,,,,
0x551a4fe9388ff34a4f9b289e092ea3ed3d201b3e,0x6a86442a9df14051ea9e2f7230a70fb2b1809f2a,normal_eth,0.049600000001,0x1f6e4b75bb7e00c6c8c0306fe9bfae8f36dc45db5fae280a47d0d3b15d1a42fb,1628838795,candidate_layering,,,1,0x551a4fe9388ff34a4f9b289e092ea3ed3d201b3e,0x6a86442a9df14051ea9e2f7230a70fb2b1809f2a,False,none,,,,
0x551a4fe9388ff34a4f9b289e092ea3ed3d201b3e,0x6a86442a9df14051ea9e2f7230a70fb2b1809f2a,normal_eth,0.059800000001,0x5d612c14c50300e7ea70fd64b87447f52d37f813ddbb60551965da405de3a541,1628839290,candidate_layering,,,1,0x551a4fe9388ff34a4f9b289e092ea3ed3d201b3e,0x6a86442a9df14051ea9e2f7230a70fb2b1809f2a,False,none,,,,
0x551a4fe9388ff34a4f9b289e092ea3ed3d201b3e,0x6a86442a9df14051ea9e2f7230a70fb2b1809f2a,normal_eth,0.060300000001,0xff56e54aba4266ba50fc85870c54ce8a91a61a72d7b8e9503ebfef48056ac643,1628842035,candidate_layering,,,1,0x551a4fe9388ff34a4f9b289e092ea3ed3d201b3e,0x6a86442a9df14051ea9e2f7230a70fb2b1809f2a,False,none,,,,
0x551a4fe9388ff34a4f9b289e092ea3ed3d201b3e,0x6a86442a9df14051ea9e2f7230a70fb2b1809f2a,normal_eth,0.061200000001,0x15a71bfe80eadc681e077805127a480cf533c70d07fe1daf8798f421911191c3,1628842142,candidate_layering,,,1,0x551a4fe9388ff34a4f9b289e092ea3ed3d201b3e,0x6a86442a9df14051ea9e2f7230a70fb2b1809f2a,False,none,,,,
0x551a4fe9388ff34a4f9b289e092ea3ed3d201b3e,0x6a86442a9df14051ea9e2f7230a70fb2b1809f2a,normal_eth,0.062900000001,0x2f832e3dede55183cace66bdfb0e201fa3e748ab87a78bbcc0a8c9ea6ad0d617,1628843068,candidate_layering,,,1,0x551a4fe9388ff34a4f9b289e092ea3ed3d201b3e,0x6a86442a9df14051ea9e2f7230a70fb2b1809f2a,False,none,,,,
0x551a4fe9388ff34a4f9b289e092ea3ed3d201b3e,0x84af25e45dce0c5e974cfb442c49a3f18d61b1fd,normal_eth,0.2866076871517868,0x1fa6d466f8bc4060ba996b3227a6e59685e8c88b9356840beada101c77ad136b,1628896529,candidate_layering,,,1,0x551a4fe9388ff34a4f9b289e092ea3ed3d201b3e,0x84af25e45dce0c5e974cfb442c49a3f18d61b1fd,False,none,,,,
0x551a4fe9388ff34a4f9b289e092ea3ed3d201b3e,0x4f9501a24dc73b20303dc9937f2544eef044cffa,normal_eth,0.5697971158567263,0x4ea989a5f946c9b9352435825bffac2a69d5395c3e959274c4273d25d65b1d0a,1628896643,candidate_layering,,,1,0x551a4fe9388ff34a4f9b289e092ea3ed3d201b3e,0x4f9501a24dc73b20303dc9937f2544eef044cffa,False,none,,,,
0x551a4fe9388ff34a4f9b289e092ea3ed3d201b3e,0x909a9043ace95c0154db3360ce002c27b8b06d3b,normal_eth,0.07,0xf775844b5fd02fc03ddf51e4f14af54721dd96dcc0ca6a9d475e41fbcbfd110b,1628897096,candidate_layering,,,1,0x551a4fe9388ff34a4f9b289e092ea3ed3d201b3e,0x909a9043ace95c0154db3360ce002c27b8b06d3b,False,none,,,,
0x551a4fe9388ff34a4f9b289e092ea3ed3d201b3e,0x7be8076f4ea4a4ad08075c2508e481d6c946d12b,normal_eth,0.02,0x26a9c4ae36ef8dcb8b5a3d76844cd38a116223c168214c3fbf6ac1c50e2f28f9,1628950322,candidate_layering,,,1,0x551a4fe9388ff34a4f9b289e092ea3ed3d201b3e,0x7be8076f4ea4a4ad08075c2508e481d6c946d12b,False,none,,,,
0x551a4fe9388ff34a4f9b289e092ea3ed3d201b3e,0x895d18f8ed1c233a47a39cdf4451bbc6f4190b62,normal_eth,0.02,0x2ff40a946688dd665f4af0f6411b94f26462fba99b53b2341b642d166592c821,1628962727,candidate_layering,,,1,0x551a4fe9388ff34a4f9b289e092ea3ed3d201b3e,0x895d18f8ed1c233a47a39cdf4451bbc6f4190b62,False,none,,,,
0x551a4fe9388ff34a4f9b289e092ea3ed3d201b3e,0x3f4a885ed8d9cdf10f3349357e3b243f3695b24a,normal_eth,0.085,0xde78847e90e8b748490ee98ec423ddb6d06b2996b919a59748ab286eac3a79ea,1628976779,candidate_layering,,,1,0x551a4fe9388ff34a4f9b289e092ea3ed3d201b3e,0x3f4a885ed8d9cdf10f3349357e3b243f3695b24a,False,none,,,,
0x551a4fe9388ff34a4f9b289e092ea3ed3d201b3e,0x686925ac7257a4aa5232cbfc7281e6ef8bfda942,normal_eth,0.104,0xa1710c90a4a5275979d167753e3c2957d40b580f9864586ae614d5600d200185,1628989548,candidate_layering,,,1,0x551a4fe9388ff34a4f9b289e092ea3ed3d201b3e,0x686925ac7257a4aa5232cbfc7281e6ef8bfda942,False,none,,,,
0x551a4fe9388ff34a4f9b289e092ea3ed3d201b3e,0x8184a482a5038b124d933b779e0ea6e0fb72f54e,normal_eth,0.08,0x4b8d3c1da63245db92aaac250a1c0e35bb39e7f8f27258ef9751e9b0e8c5fed0,1629044483,candidate_layering,,,1,0x551a4fe9388ff34a4f9b289e092ea3ed3d201b3e,0x8184a482a5038b124d933b779e0ea6e0fb72f54e,False,none,,,,
0x551a4fe9388ff34a4f9b289e092ea3ed3d201b3e,0x686925ac7257a4aa5232cbfc7281e6ef8bfda942,normal_eth,0.275,0x084cb4ca3eac02981f2db109466a6f3a49109070954998d85b1a61380c47a06e,1629055888,candidate_layering,,,1,0x551a4fe9388ff34a4f9b289e092ea3ed3d201b3e,0x686925ac7257a4aa5232cbfc7281e6ef8bfda942,False,none,,,,
0x551a4fe9388ff34a4f9b289e092ea3ed3d201b3e,0xa7e43a08cb3af445e0df22aa7cc0d68f17703d10,normal_eth,0.02331,0x932ff98ec548d5b2935dcc70dbe063135e1a514d83b3c4b51d0aa3b0907143f2,1629062238,candidate_layering,,,1,0x551a4fe9388ff34a4f9b289e092ea3ed3d201b3e,0xa7e43a08cb3af445e0df22aa7cc0d68f17703d10,False,none,,,,
0x551a4fe9388ff34a4f9b289e092ea3ed3d201b3e,0x7be8076f4ea4a4ad08075c2508e481d6c946d12b,normal_eth,0.2099,0x34ef78fd7ac877759b4e524f17e1e99d1d0d285a52ec3f52c1eee2007fef8be7,1629070407,candidate_layering,,,1,0x551a4fe9388ff34a4f9b289e092ea3ed3d201b3e,0x7be8076f4ea4a4ad08075c2508e481d6c946d12b,False,none,,,,
0x551a4fe9388ff34a4f9b289e092ea3ed3d201b3e,0x7be8076f4ea4a4ad08075c2508e481d6c946d12b,normal_eth,0.18,0xda5216bbf3bc62e69ef591604b18ac999847387cd80ba321de25222b8f4b7f81,1629071715,candidate_layering,,,1,0x551a4fe9388ff34a4f9b289e092ea3ed3d201b3e,0x7be8076f4ea4a4ad08075c2508e481d6c946d12b,False,none,,,,
0x551a4fe9388ff34a4f9b289e092ea3ed3d201b3e,0x2d14040b89c274929ff266ad5b08cb43200b22ed,normal_eth,0.065,0x87dacbae47eaf0c37dc9cbe8707d8814c0f05cc6633d400634de485e80a4afc2,1629216355,candidate_layering,,,1,0x551a4fe9388ff34a4f9b289e092ea3ed3d201b3e,0x2d14040b89c274929ff266ad5b08cb43200b22ed,False,none,,,,
0x551a4fe9388ff34a4f9b289e092ea3ed3d201b3e,0x686925ac7257a4aa5232cbfc7281e6ef8bfda942,normal_eth,0.103,0x7575c44e86842f356ba4b7201965288982d002d175dd5bb68b3f668907b01cc5,1629300914,candidate_layering,,,1,0x551a4fe9388ff34a4f9b289e092ea3ed3d201b3e,0x686925ac7257a4aa5232cbfc7281e6ef8bfda942,False,none,,,,
0x551a4fe9388ff34a4f9b289e092ea3ed3d201b3e,0x248de15e3a0da895f4f82cd24bff89964e4aa381,normal_eth,0.05,0x1478c40ff9915666f872d853f71d877c22dc20ac5e94690d6b4552e5e198b828,1629337327,candidate_layering,,,1,0x551a4fe9388ff34a4f9b289e092ea3ed3d201b3e,0x248de15e3a0da895f4f82cd24bff89964e4aa381,False,none,,,,
0x551a4fe9388ff34a4f9b289e092ea3ed3d201b3e,0xbbd76ef928bffd09489381b06ee34fd4be7c7b26,normal_eth,0.16,0x4213dc9717fc53d529f2ebd032a2c039e918227cc971a5928030f4088dae2ede,1629395128,candidate_layering,,,1,0x551a4fe9388ff34a4f9b289e092ea3ed3d201b3e,0xbbd76ef928bffd09489381b06ee34fd4be7c7b26,False,none,,,,
0x551a4fe9388ff34a4f9b289e092ea3ed3d201b3e,0x7be8076f4ea4a4ad08075c2508e481d6c946d12b,normal_eth,0.03,0x2351c4b41202d75d1ef822eab01643838a87262dea30241971324e2b33377220,1629417367,candidate_layering,,,1,0x551a4fe9388ff34a4f9b289e092ea3ed3d201b3e,0x7be8076f4ea4a4ad08075c2508e481d6c946d12b,False,none,,,,
0x551a4fe9388ff34a4f9b289e092ea3ed3d201b3e,0xc22c8cdb8d1b410fc36bff7510ab8013717649ea,normal_eth,0.037,0x82dab9e8fb42f3baa56635c11272fe905f19196822f862c837593b09c9fb011f,1629417520,candidate_layering,,,1,0x551a4fe9388ff34a4f9b289e092ea3ed3d201b3e,0xc22c8cdb8d1b410fc36bff7510ab8013717649ea,False,none,,,,
0x551a4fe9388ff34a4f9b289e092ea3ed3d201b3e,0x686925ac7257a4aa5232cbfc7281e6ef8bfda942,normal_eth,0.443,0x2a7d580a7ffb35c69449b6f2814c7253fe6f79c1c189e034ec642fe8e32488f2,1629475907,candidate_layering,,,1,0x551a4fe9388ff34a4f9b289e092ea3ed3d201b3e,0x686925ac7257a4aa5232cbfc7281e6ef8bfda942,False,none,,,,
0x551a4fe9388ff34a4f9b289e092ea3ed3d201b3e,0x2f7445cf648fd1d4d299e4bd0a550df697de055b,normal_eth,0.069,0x60b54ec3c972312ea09125ed3ae061213a867fedc6803d02ee9342bda3d662ac,1629480853,candidate_layering,,,1,0x551a4fe9388ff34a4f9b289e092ea3ed3d201b3e,0x2f7445cf648fd1d4d299e4bd0a550df697de055b,False,none,,,,
0x551a4fe9388ff34a4f9b289e092ea3ed3d201b3e,0xf3ae416615a4b7c0920ca32c2dfebf73d9d61514,normal_eth,0.2,0x35ce8111b32a196160a6d2440f00a2eff47a3db7c2553b63ab349f4552317d67,1629500418,candidate_layering,,,1,0x551a4fe9388ff34a4f9b289e092ea3ed3d201b3e,0xf3ae416615a4b7c0920ca32c2dfebf73d9d61514,False,none,,,,
0x551a4fe9388ff34a4f9b289e092ea3ed3d201b3e,0x0f0cebf99c37dfd69b25a66a957e23ec5193065e,normal_eth,1.0916,0xd4db89b1d90a35c801877075aacbdfdd4e0ee3e6b3ce051039b36a66754eff6c,1629503455,candidate_layering,,,1,0x551a4fe9388ff34a4f9b289e092ea3ed3d201b3e,0x0f0cebf99c37dfd69b25a66a957e23ec5193065e,False,none,,,,
0x551a4fe9388ff34a4f9b289e092ea3ed3d201b3e,0x11faf848f03eee6908b68d6919270af3b0a90db5,normal_eth,0.05,0x76da0cc56901d63002240d325a7daf2e9044ceb44b2aa8c8e5e4238215067a31,1629646037,candidate_layering,,,1,0x551a4fe9388ff34a4f9b289e092ea3ed3d201b3e,0x11faf848f03eee6908b68d6919270af3b0a90db5,False,none,,,,
0x551a4fe9388ff34a4f9b289e092ea3ed3d201b3e,0x2fedd7f5ad4456352692a9ca0aa1f76e86975893,normal_eth,0.03,0xcc03f2100704e8a86975104199b51b3471de8e8e8e53c3de6220882f0f8eb0ab,1629648388,candidate_layering,,,1,0x551a4fe9388ff34a4f9b289e092ea3ed3d201b3e,0x2fedd7f5ad4456352692a9ca0aa1f76e86975893,False,none,,,,
0x551a4fe9388ff34a4f9b289e092ea3ed3d201b3e,0x2fedd7f5ad4456352692a9ca0aa1f76e86975893,normal_eth,0.03,0x65d9abdc82e6fc7ae08a36d75fb8e88807950d5ad4398428f0d2b42d1dd1f1b9,1629648740,candidate_layering,,,1,0x551a4fe9388ff34a4f9b289e092ea3ed3d201b3e,0x2fedd7f5ad4456352692a9ca0aa1f76e86975893,False,none,,,,
0x551a4fe9388ff34a4f9b289e092ea3ed3d201b3e,0x2fedd7f5ad4456352692a9ca0aa1f76e86975893,normal_eth,0.03,0x11920a809b5b275c044ddc3f9e9d094ce90fd271f37e10f6b56d6f8a5a5945e7,1629664204,candidate_layering,,,1,0x551a4fe9388ff34a4f9b289e092ea3ed3d201b3e,0x2fedd7f5ad4456352692a9ca0aa1f76e86975893,False,none,,,,
0x551a4fe9388ff34a4f9b289e092ea3ed3d201b3e,0x2fedd7f5ad4456352692a9ca0aa1f76e86975893,normal_eth,0.02,0x2e23bda90803fab199422ba4466d749685b672517d4fefdf515cf6c16c152647,1629666162,candidate_layering,,,1,0x551a4fe9388ff34a4f9b289e092ea3ed3d201b3e,0x2fedd7f5ad4456352692a9ca0aa1f76e86975893,False,none,,,,
0x551a4fe9388ff34a4f9b289e092ea3ed3d201b3e,0xb49e43000b8198a04036702e47e6f587b195c11c,normal_eth,0.02,0x6181d746a8da128e563785e9aac2111ea1a3807dcda0a188487b00f581d4f955,1629667145,candidate_layering,,,1,0x551a4fe9388ff34a4f9b289e092ea3ed3d201b3e,0xb49e43000b8198a04036702e47e6f587b195c11c,False,none,,,,
0x551a4fe9388ff34a4f9b289e092ea3ed3d201b3e,0x7be8076f4ea4a4ad08075c2508e481d6c946d12b,normal_eth,1.0,0x7950c84364379b706f33938bf954de567370ee1246e5a1114b05d4f3eb70188f,1629753952,candidate_layering,,,1,0x551a4fe9388ff34a4f9b289e092ea3ed3d201b3e,0x7be8076f4ea4a4ad08075c2508e481d6c946d12b,False,none,,,,
0x551a4fe9388ff34a4f9b289e092ea3ed3d201b3e,0x7be8076f4ea4a4ad08075c2508e481d6c946d12b,normal_eth,0.02,0x01bb9f3fc0abefb34c6756cf5c012d856cbe2587db71fd5ce7ed360628dfeb62,1629760284,candidate_layering,,,1,0x551a4fe9388ff34a4f9b289e092ea3ed3d201b3e,0x7be8076f4ea4a4ad08075c2508e481d6c946d12b,False,none,,,,
0x551a4fe9388ff34a4f9b289e092ea3ed3d201b3e,0x7be8076f4ea4a4ad08075c2508e481d6c946d12b,normal_eth,0.02,0xa5d2c91d7acf0db65bf812e02c49c4fd046d8f7747b60246b7d9bd9db2efc688,1629760413,candidate_layering,,,1,0x551a4fe9388ff34a4f9b289e092ea3ed3d201b3e,0x7be8076f4ea4a4ad08075c2508e481d6c946d12b,False,none,,,,
0x551a4fe9388ff34a4f9b289e092ea3ed3d201b3e,0x7be8076f4ea4a4ad08075c2508e481d6c946d12b,normal_eth,0.02,0x7ea856b242a72f857e37e37ad408ad9767a38d81d24446ace7d804299c9f3ac5,1629771097,candidate_layering,,,1,0x551a4fe9388ff34a4f9b289e092ea3ed3d201b3e,0x7be8076f4ea4a4ad08075c2508e481d6c946d12b,False,none,,,,
0x551a4fe9388ff34a4f9b289e092ea3ed3d201b3e,0x7be8076f4ea4a4ad08075c2508e481d6c946d12b,normal_eth,0.02,0xfb5331f384bbc445e0cecb7c377f5571a0e00874e3d9fe8828dce06aef201651,1629774453,candidate_layering,,,1,0x551a4fe9388ff34a4f9b289e092ea3ed3d201b3e,0x7be8076f4ea4a4ad08075c2508e481d6c946d12b,False,none,,,,
0x551a4fe9388ff34a4f9b289e092ea3ed3d201b3e,0x7be8076f4ea4a4ad08075c2508e481d6c946d12b,normal_eth,0.02,0x602a0a41dae3c1d6e6cffd5676204c3d725256247ff93fe7f2e3e3baa5b86929,1629775047,candidate_layering,,,1,0x551a4fe9388ff34a4f9b289e092ea3ed3d201b3e,0x7be8076f4ea4a4ad08075c2508e481d6c946d12b,False,none,,,,
0x551a4fe9388ff34a4f9b289e092ea3ed3d201b3e,0x7be8076f4ea4a4ad08075c2508e481d6c946d12b,normal_eth,0.02,0xe6cbd14c015508824c1c028d6f0d5bdb6a91bc8aa18192f1dc961232a48fee38,1629775281,candidate_layering,,,1,0x551a4fe9388ff34a4f9b289e092ea3ed3d201b3e,0x7be8076f4ea4a4ad08075c2508e481d6c946d12b,False,none,,,,
0x551a4fe9388ff34a4f9b289e092ea3ed3d201b3e,0x7be8076f4ea4a4ad08075c2508e481d6c946d12b,normal_eth,0.02,0x7441b4a9d7af54f094f4ae52aa5e95850a9324612800ffe3ddd5ec6a46d6cdfc,1629775647,candidate_layering,,,1,0x551a4fe9388ff34a4f9b289e092ea3ed3d201b3e,0x7be8076f4ea4a4ad08075c2508e481d6c946d12b,False,none,,,,
0x551a4fe9388ff34a4f9b289e092ea3ed3d201b3e,0x7be8076f4ea4a4ad08075c2508e481d6c946d12b,normal_eth,0.02,0x3e7c584c3e4664474da131bcba15ec3e45daeb3975078af723a1e55e0090a616,1629776290,candidate_layering,,,1,0x551a4fe9388ff34a4f9b289e092ea3ed3d201b3e,0x7be8076f4ea4a4ad08075c2508e481d6c946d12b,False,none,,,,
0x551a4fe9388ff34a4f9b289e092ea3ed3d201b3e,0x7be8076f4ea4a4ad08075c2508e481d6c946d12b,normal_eth,0.02,0x239d8edd4f4da7e67c375deecc7dfe7e6f7440e2e66fd13e4401f14f2da049b9,1629776575,candidate_layering,,,1,0x551a4fe9388ff34a4f9b289e092ea3ed3d201b3e,0x7be8076f4ea4a4ad08075c2508e481d6c946d12b,False,none,,,,
0x551a4fe9388ff34a4f9b289e092ea3ed3d201b3e,0x7be8076f4ea4a4ad08075c2508e481d6c946d12b,normal_eth,0.02,0x911b972bbb7b65fb290b667b31a52fea2d494cb89d9d63518e113929fa3439d5,1629839875,candidate_layering,,,1,0x551a4fe9388ff34a4f9b289e092ea3ed3d201b3e,0x7be8076f4ea4a4ad08075c2508e481d6c946d12b,False,none,,,,
0x551a4fe9388ff34a4f9b289e092ea3ed3d201b3e,0x7be8076f4ea4a4ad08075c2508e481d6c946d12b,normal_eth,0.015,0xe50a04b6772b8b02326be5bce8edf369183a61c3409cdfbda238e9b3dcd3cf9e,1629840854,candidate_layering,,,1,0x551a4fe9388ff34a4f9b289e092ea3ed3d201b3e,0x7be8076f4ea4a4ad08075c2508e481d6c946d12b,False,none,,,,
0x551a4fe9388ff34a4f9b289e092ea3ed3d201b3e,0x7be8076f4ea4a4ad08075c2508e481d6c946d12b,normal_eth,0.02,0x08457a8ad9139ec5435973719d2b3cdfa08295b99814609fe4343dc3586f1621,1629841220,candidate_layering,,,1,0x551a4fe9388ff34a4f9b289e092ea3ed3d201b3e,0x7be8076f4ea4a4ad08075c2508e481d6c946d12b,False,none,,,,
0x551a4fe9388ff34a4f9b289e092ea3ed3d201b3e,0x7be8076f4ea4a4ad08075c2508e481d6c946d12b,normal_eth,0.015,0x64c906429b07dfd399557d80e298d1be57e7782496f7233daa01e97df4b99043,1629841339,candidate_layering,,,1,0x551a4fe9388ff34a4f9b289e092ea3ed3d201b3e,0x7be8076f4ea4a4ad08075c2508e481d6c946d12b,False,none,,,,
0x551a4fe9388ff34a4f9b289e092ea3ed3d201b3e,0x7be8076f4ea4a4ad08075c2508e481d6c946d12b,normal_eth,0.015,0x7662e84aa9e84217ca232a92f774ac9059ccb7affad72d0179b47294b611a8b0,1629842283,candidate_layering,,,1,0x551a4fe9388ff34a4f9b289e092ea3ed3d201b3e,0x7be8076f4ea4a4ad08075c2508e481d6c946d12b,False,none,,,,
0x551a4fe9388ff34a4f9b289e092ea3ed3d201b3e,0x0fe7f93b1064aca86b0090b1ef45053dc5009840,normal_eth,7.49,0x2c38820bd68c4b48d972f12951dba1bcb59b94f3ab317223245b2a0ad2e139a1,1629845115,candidate_layering,,,1,0x551a4fe9388ff34a4f9b289e092ea3ed3d201b3e,0x0fe7f93b1064aca86b0090b1ef45053dc5009840,False,none,,,,
0x551a4fe9388ff34a4f9b289e092ea3ed3d201b3e,0x7be8076f4ea4a4ad08075c2508e481d6c946d12b,normal_eth,0.015,0x161200c9a54050c4ed849cab7f744c5e775412d439756d01028ea3dfcf844fba,1629847421,candidate_layering,,,1,0x551a4fe9388ff34a4f9b289e092ea3ed3d201b3e,0x7be8076f4ea4a4ad08075c2508e481d6c946d12b,False,none,,,,
0x551a4fe9388ff34a4f9b289e092ea3ed3d201b3e,0x7be8076f4ea4a4ad08075c2508e481d6c946d12b,normal_eth,0.015,0xe9fb71e22205835bee717f6feac7d5f0d6ed167a46bbe178adf35d2a26085251,1629847613,candidate_layering,,,1,0x551a4fe9388ff34a4f9b289e092ea3ed3d201b3e,0x7be8076f4ea4a4ad08075c2508e481d6c946d12b,False,none,,,,
0x551a4fe9388ff34a4f9b289e092ea3ed3d201b3e,0x7be8076f4ea4a4ad08075c2508e481d6c946d12b,normal_eth,0.015,0x16dc444496b7c067b758d0875ea19b1c2a2c71be94d2db28f3b12e695d904f04,1629847785,candidate_layering,,,1,0x551a4fe9388ff34a4f9b289e092ea3ed3d201b3e,0x7be8076f4ea4a4ad08075c2508e481d6c946d12b,False,none,,,,
0x551a4fe9388ff34a4f9b289e092ea3ed3d201b3e,0x7be8076f4ea4a4ad08075c2508e481d6c946d12b,normal_eth,0.015,0xc9e9297bad0ef07978d39101218e821e23543ccb54b87069bcc2bd7e69d7ae27,1629847900,candidate_layering,,,1,0x551a4fe9388ff34a4f9b289e092ea3ed3d201b3e,0x7be8076f4ea4a4ad08075c2508e481d6c946d12b,False,none,,,,
0x551a4fe9388ff34a4f9b289e092ea3ed3d201b3e,0x7be8076f4ea4a4ad08075c2508e481d6c946d12b,normal_eth,0.015,0xe6faa1d87804c9bb0ed1070e307114d44276cc12d7b45ab937abe405de37d9cb,1629848047,candidate_layering,,,1,0x551a4fe9388ff34a4f9b289e092ea3ed3d201b3e,0x7be8076f4ea4a4ad08075c2508e481d6c946d12b,False,none,,,,
0x551a4fe9388ff34a4f9b289e092ea3ed3d201b3e,0x7be8076f4ea4a4ad08075c2508e481d6c946d12b,normal_eth,0.015,0x1818035475df9dfd409fe370818905d63b560de09fd71ffe5af14a9e26314e0e,1629848438,candidate_layering,,,1,0x551a4fe9388ff34a4f9b289e092ea3ed3d201b3e,0x7be8076f4ea4a4ad08075c2508e481d6c946d12b,False,none,,,,
0x551a4fe9388ff34a4f9b289e092ea3ed3d201b3e,0x7be8076f4ea4a4ad08075c2508e481d6c946d12b,normal_eth,0.015,0x7fbea7e04be65d77de137467a3bf4978ff22a3a12a1fadf6a6ac4a5136445fb0,1629848615,candidate_layering,,,1,0x551a4fe9388ff34a4f9b289e092ea3ed3d201b3e,0x7be8076f4ea4a4ad08075c2508e481d6c946d12b,False,none,,,,
0x551a4fe9388ff34a4f9b289e092ea3ed3d201b3e,0x7be8076f4ea4a4ad08075c2508e481d6c946d12b,normal_eth,0.015,0xcf6cd150869f4491c5c60505cefafd83eb7456ec92adf9ddcaffd8cfb2f12661,1629848788,candidate_layering,,,1,0x551a4fe9388ff34a4f9b289e092ea3ed3d201b3e,0x7be8076f4ea4a4ad08075c2508e481d6c946d12b,False,none,,,,
0x551a4fe9388ff34a4f9b289e092ea3ed3d201b3e,0x7be8076f4ea4a4ad08075c2508e481d6c946d12b,normal_eth,0.015,0x6a1e8f760283c0c1866f1a8c30b102c77071bd9e92e17dcd083f201751fd2f66,1629849350,candidate_layering,,,1,0x551a4fe9388ff34a4f9b289e092ea3ed3d201b3e,0x7be8076f4ea4a4ad08075c2508e481d6c946d12b,False,none,,,,
0x551a4fe9388ff34a4f9b289e092ea3ed3d201b3e,0xe2c435798da5f1e91c9c79156f39e42516689638,normal_eth,0.15,0x5b71e7b9c96de17095b90c16eed634b28e25c02828351d550e746c7ca33f67ed,1629986407,candidate_layering,,,1,0x551a4fe9388ff34a4f9b289e092ea3ed3d201b3e,0xe2c435798da5f1e91c9c79156f39e42516689638,False,none,,,,
0x551a4fe9388ff34a4f9b289e092ea3ed3d201b3e,0x7be8076f4ea4a4ad08075c2508e481d6c946d12b,normal_eth,0.05,0xe3cea1ad47eebb6a40d0c289926b0e767d9abc7ece11670f14e7a0b29b087234,1630026727,candidate_layering,,,1,0x551a4fe9388ff34a4f9b289e092ea3ed3d201b3e,0x7be8076f4ea4a4ad08075c2508e481d6c946d12b,False,none,,,,
0x551a4fe9388ff34a4f9b289e092ea3ed3d201b3e,0xffa35ea03f2e1a85ef50df9f99819cc30b42c5ad,normal_eth,0.14,0x0e18aa8691d57b4815b93464a54d420e9527485b4b518691e6764643d25e3962,1630088767,candidate_layering,,,1,0x551a4fe9388ff34a4f9b289e092ea3ed3d201b3e,0xffa35ea03f2e1a85ef50df9f99819cc30b42c5ad,False,none,,,,
0x551a4fe9388ff34a4f9b289e092ea3ed3d201b3e,0xb145cdf80a0fe216598027420af48ad71e4425bf,normal_eth,0.14,0xabd819b842c37472f0fbd3871598e1bcb61fd8d2cb3f64f4a66a141d7fa2303c,1630097167,candidate_layering,,,1,0x551a4fe9388ff34a4f9b289e092ea3ed3d201b3e,0xb145cdf80a0fe216598027420af48ad71e4425bf,False,none,,,,
0x551a4fe9388ff34a4f9b289e092ea3ed3d201b3e,0x7be8076f4ea4a4ad08075c2508e481d6c946d12b,normal_eth,0.02,0xcee606f4f6be68dc0a7d3f0f06244a25210a7c3f7f727aa819dae4e9743f9575,1630100337,candidate_layering,,,1,0x551a4fe9388ff34a4f9b289e092ea3ed3d201b3e,0x7be8076f4ea4a4ad08075c2508e481d6c946d12b,False,none,,,,
0x551a4fe9388ff34a4f9b289e092ea3ed3d201b3e,0x7be8076f4ea4a4ad08075c2508e481d6c946d12b,normal_eth,0.02,0xa77b9b3bd38d0eb8ee3dca074aa79d5c722f82c05fbbc7ab813863d1c5fd5e36,1630100687,candidate_layering,,,1,0x551a4fe9388ff34a4f9b289e092ea3ed3d201b3e,0x7be8076f4ea4a4ad08075c2508e481d6c946d12b,False,none,,,,
0x551a4fe9388ff34a4f9b289e092ea3ed3d201b3e,0x7be8076f4ea4a4ad08075c2508e481d6c946d12b,normal_eth,0.02,0x84a8359087289beba1610f58bfc681cb7c9d88e5528f6344c06aa8fe56925274,1630101443,candidate_layering,,,1,0x551a4fe9388ff34a4f9b289e092ea3ed3d201b3e,0x7be8076f4ea4a4ad08075c2508e481d6c946d12b,False,none,,,,
0x551a4fe9388ff34a4f9b289e092ea3ed3d201b3e,0x7be8076f4ea4a4ad08075c2508e481d6c946d12b,normal_eth,0.02,0x89eb7b7b01b42ff10cc930971ded80e2056f4699b38f9e079e63718117e5ba40,1630101497,candidate_layering,,,1,0x551a4fe9388ff34a4f9b289e092ea3ed3d201b3e,0x7be8076f4ea4a4ad08075c2508e481d6c946d12b,False,none,,,,
0x551a4fe9388ff34a4f9b289e092ea3ed3d201b3e,0x21850dcfe24874382b12d05c5b189f5a2acf0e5b,normal_eth,0.116,0xb18a8a3b473c2f8c6205498905a41e98ad97e4b10ffbf21747ff21bec832c45c,1630107571,candidate_layering,,,1,0x551a4fe9388ff34a4f9b289e092ea3ed3d201b3e,0x21850dcfe24874382b12d05c5b189f5a2acf0e5b,False,none,,,,
0x551a4fe9388ff34a4f9b289e092ea3ed3d201b3e,0x21850dcfe24874382b12d05c5b189f5a2acf0e5b,normal_eth,0.58,0x58141f2f76d7810566f4849edb522d67c2dce3145f82ae38e71dccb7c5b3101e,1630107987,candidate_layering,,,1,0x551a4fe9388ff34a4f9b289e092ea3ed3d201b3e,0x21850dcfe24874382b12d05c5b189f5a2acf0e5b,False,none,,,,
0x551a4fe9388ff34a4f9b289e092ea3ed3d201b3e,0xfc6014bc174483ed14ea9567cb0a14bf3ad9e13d,normal_eth,2.885,0xa31a8c9f6857d97cc21e3746cfd7092ea94cf59eef72eb51484bd7b9831d0bdc,1630118026,candidate_layering,,,1,0x551a4fe9388ff34a4f9b289e092ea3ed3d201b3e,0xfc6014bc174483ed14ea9567cb0a14bf3ad9e13d,False,none,,,,
0x551a4fe9388ff34a4f9b289e092ea3ed3d201b3e,0xf7c2df4db0ab7a1d4fc524a910b6a18eb108a960,normal_eth,0.1,0x1e57f2b4d78dc7b78496cb79193301ae3ab03393fa2f618eb4148798557a003b,1630125331,candidate_layering,,,1,0x551a4fe9388ff34a4f9b289e092ea3ed3d201b3e,0xf7c2df4db0ab7a1d4fc524a910b6a18eb108a960,False,none,,,,
0x551a4fe9388ff34a4f9b289e092ea3ed3d201b3e,0x96e3dba18ecd14fe900611282116f3bf9fbb7327,normal_eth,0.35603,0x60988e45db5f85e52ed3c4d52473ef0508aa69eb450cb4f4b181655d6a54e826,1630179383,candidate_layering,,,1,0x551a4fe9388ff34a4f9b289e092ea3ed3d201b3e,0x96e3dba18ecd14fe900611282116f3bf9fbb7327,False,none,,,,
0x551a4fe9388ff34a4f9b289e092ea3ed3d201b3e,0xce96060ec6665d6a9f51b7084d1f2564dab21da9,normal_eth,0.27,0x5a2d3195607a699515d6934e8a28105bc2076b7593578947b41512b100f4c203,1630261297,candidate_layering,,,1,0x551a4fe9388ff34a4f9b289e092ea3ed3d201b3e,0xce96060ec6665d6a9f51b7084d1f2564dab21da9,False,none,,,,
0x551a4fe9388ff34a4f9b289e092ea3ed3d201b3e,0x96876538c3e3cd79f39d8e151ad44e32273d4660,normal_eth,0.66,0x6ff9f759091609b964895ce7ad41e398fb2778233a72742077e0e5e6d8fc1c11,1630270869,candidate_layering,,,1,0x551a4fe9388ff34a4f9b289e092ea3ed3d201b3e,0x96876538c3e3cd79f39d8e151ad44e32273d4660,False,none,,,,
0x551a4fe9388ff34a4f9b289e092ea3ed3d201b3e,0x96876538c3e3cd79f39d8e151ad44e32273d4660,normal_eth,0.132,0x83faf32ece4fb76b1851fbd86ffdf4399e89973976f3f9d06c602c86e334ce5c,1630271046,candidate_layering,,,1,0x551a4fe9388ff34a4f9b289e092ea3ed3d201b3e,0x96876538c3e3cd79f39d8e151ad44e32273d4660,False,none,,,,
0x551a4fe9388ff34a4f9b289e092ea3ed3d201b3e,0x96876538c3e3cd79f39d8e151ad44e32273d4660,normal_eth,0.066,0xe1442a5d4fff1dc448f3a382d50b852c83c42eb494b991ec7c22b6cbec4e252c,1630271194,candidate_layering,,,1,0x551a4fe9388ff34a4f9b289e092ea3ed3d201b3e,0x96876538c3e3cd79f39d8e151ad44e32273d4660,False,none,,,,
0x551a4fe9388ff34a4f9b289e092ea3ed3d201b3e,0x58ad99d0d7b0a4c4fe1daed9da13cd14c7f272b1,normal_eth,0.04636,0xad384c1ac463f308d0f7c48097105003dc4e943e12d08616b8ac5e13c8b8de0c,1630323186,candidate_layering,,,1,0x551a4fe9388ff34a4f9b289e092ea3ed3d201b3e,0x58ad99d0d7b0a4c4fe1daed9da13cd14c7f272b1,False,none,,,,
0x551a4fe9388ff34a4f9b289e092ea3ed3d201b3e,0xfcf5b7d05bae6a12b02dfb297ef8eb97eddc8f52,normal_eth,0.07497,0x2c9d21709323d237f783cc87ced29db9155261fb1a36294f62eaedb70ab1d3ba,1630350284,candidate_layering,,,1,0x551a4fe9388ff34a4f9b289e092ea3ed3d201b3e,0xfcf5b7d05bae6a12b02dfb297ef8eb97eddc8f52,False,none,,,,
0x551a4fe9388ff34a4f9b289e092ea3ed3d201b3e,0x7be8076f4ea4a4ad08075c2508e481d6c946d12b,normal_eth,0.097,0x66dd2df7573050a8f0f75bbd5e5048c764dc8623720bea1ed40fe93821887d11,1630458595,candidate_layering,,,1,0x551a4fe9388ff34a4f9b289e092ea3ed3d201b3e,0x7be8076f4ea4a4ad08075c2508e481d6c946d12b,False,none,,,,
0x551a4fe9388ff34a4f9b289e092ea3ed3d201b3e,0x7be8076f4ea4a4ad08075c2508e481d6c946d12b,normal_eth,0.099,0x9fa5476b30540774acfd89de0774a6b069884fcc94b0bc226fc0a23c8bb9cd66,1630458875,candidate_layering,,,1,0x551a4fe9388ff34a4f9b289e092ea3ed3d201b3e,0x7be8076f4ea4a4ad08075c2508e481d6c946d12b,False,none,,,,
0x551a4fe9388ff34a4f9b289e092ea3ed3d201b3e,0x7be8076f4ea4a4ad08075c2508e481d6c946d12b,normal_eth,0.9,0x126c3dbb8135181451988d6e0460cbe9a4604634c283a55c480a6a4f2a0439e7,1630548252,candidate_layering,,,1,0x551a4fe9388ff34a4f9b289e092ea3ed3d201b3e,0x7be8076f4ea4a4ad08075c2508e481d6c946d12b,False,none,,,,
0x551a4fe9388ff34a4f9b289e092ea3ed3d201b3e,0x0fe7f93b1064aca86b0090b1ef45053dc5009840,normal_eth,1.403,0x4af4101ce15d0a03411df152ab292dffde7f3e2264933564ecb9ade5bb27ebf7,1630555520,candidate_layering,,,1,0x551a4fe9388ff34a4f9b289e092ea3ed3d201b3e,0x0fe7f93b1064aca86b0090b1ef45053dc5009840,False,none,,,,
0x551a4fe9388ff34a4f9b289e092ea3ed3d201b3e,0x0fe7f93b1064aca86b0090b1ef45053dc5009840,normal_eth,0.1905,0x42a00bf801c800a293b648cef62cd90b67a77fa71e33d1aa00efecb8eafc2b47,1630556591,candidate_layering,,,1,0x551a4fe9388ff34a4f9b289e092ea3ed3d201b3e,0x0fe7f93b1064aca86b0090b1ef45053dc5009840,False,none,,,,
0x551a4fe9388ff34a4f9b289e092ea3ed3d201b3e,0xcc56775606730c96ea245d9cf3890247f1c57fb1,normal_eth,0.065,0x46e3a745caf50ce73897ed7829cc0e7dbd2f2936999b5e527dae923496525af6,1630610708,candidate_layering,,,1,0x551a4fe9388ff34a4f9b289e092ea3ed3d201b3e,0xcc56775606730c96ea245d9cf3890247f1c57fb1,False,none,,,,
0x551a4fe9388ff34a4f9b289e092ea3ed3d201b3e,0xcc56775606730c96ea245d9cf3890247f1c57fb1,normal_eth,0.065,0xec1e34bd2acf62f27341a0fd968c84e9448c2bef34ebc567ca93ab5552283d31,1630610846,candidate_layering,,,1,0x551a4fe9388ff34a4f9b289e092ea3ed3d201b3e,0xcc56775606730c96ea245d9cf3890247f1c57fb1,False,none,,,,
0x551a4fe9388ff34a4f9b289e092ea3ed3d201b3e,0xcc56775606730c96ea245d9cf3890247f1c57fb1,normal_eth,0.065,0x8fa0d45232120ccacd77e843b789dcfb2e76098dad7c349b4be37189b674ed13,1630610899,candidate_layering,,,1,0x551a4fe9388ff34a4f9b289e092ea3ed3d201b3e,0xcc56775606730c96ea245d9cf3890247f1c57fb1,False,none,,,,
0x551a4fe9388ff34a4f9b289e092ea3ed3d201b3e,0xcc56775606730c96ea245d9cf3890247f1c57fb1,normal_eth,0.065,0x4392811e6e614de2c6d627d107729d24dff33d3545ce8b651aaa9ff421c92b11,1630610992,candidate_layering,,,1,0x551a4fe9388ff34a4f9b289e092ea3ed3d201b3e,0xcc56775606730c96ea245d9cf3890247f1c57fb1,False,none,,,,
0x551a4fe9388ff34a4f9b289e092ea3ed3d201b3e,0xcc56775606730c96ea245d9cf3890247f1c57fb1,normal_eth,0.065,0x4fc23c245167c4a3e00cc488579d692b5a6144b6c8392b605a1bcbc266d34b49,1630611197,candidate_layering,,,1,0x551a4fe9388ff34a4f9b289e092ea3ed3d201b3e,0xcc56775606730c96ea245d9cf3890247f1c57fb1,False,none,,,,
0x551a4fe9388ff34a4f9b289e092ea3ed3d201b3e,0x7be8076f4ea4a4ad08075c2508e481d6c946d12b,normal_eth,0.42,0x3fc85550b1ff3ed2e24403c953c6a788f42f751c657d1de5d78d92deba97af51,1630623084,candidate_layering,,,1,0x551a4fe9388ff34a4f9b289e092ea3ed3d201b3e,0x7be8076f4ea4a4ad08075c2508e481d6c946d12b,False,none,,,,
0x551a4fe9388ff34a4f9b289e092ea3ed3d201b3e,0x7be8076f4ea4a4ad08075c2508e481d6c946d12b,normal_eth,0.05,0x38b836193493ea89df09fcf0c0377f3ce920d09417042b186ea4177decdada5a,1630625031,candidate_layering,,,1,0x551a4fe9388ff34a4f9b289e092ea3ed3d201b3e,0x7be8076f4ea4a4ad08075c2508e481d6c946d12b,False,none,,,,
0x551a4fe9388ff34a4f9b289e092ea3ed3d201b3e,0xfc6014bc174483ed14ea9567cb0a14bf3ad9e13d,normal_eth,0.35,0x9d3d155b0b25610721ec3deb5885d18e026701e6d86dcaeedd50ee197e7371cf,1630682670,candidate_layering,,,1,0x551a4fe9388ff34a4f9b289e092ea3ed3d201b3e,0xfc6014bc174483ed14ea9567cb0a14bf3ad9e13d,False,none,,,,
0x551a4fe9388ff34a4f9b289e092ea3ed3d201b3e,0xb7e17b0a6f56165b722b4ac8bba8f2c672c7b73b,normal_eth,0.165,0x8776d38610b31ea41b758b452087cca687fad8ffe01a88b71b9f97c315601762,1630691995,candidate_layering,,,1,0x551a4fe9388ff34a4f9b289e092ea3ed3d201b3e,0xb7e17b0a6f56165b722b4ac8bba8f2c672c7b73b,False,none,,,,
0x551a4fe9388ff34a4f9b289e092ea3ed3d201b3e,0x0fe7f93b1064aca86b0090b1ef45053dc5009840,normal_eth,3.521311652403748,0x12e191e032f851ba69a50c0c6651575374ecc88c3bed13bd7308386fa564ba9f,1630692590,candidate_layering,,,1,0x551a4fe9388ff34a4f9b289e092ea3ed3d201b3e,0x0fe7f93b1064aca86b0090b1ef45053dc5009840,False,none,,,,
0x551a4fe9388ff34a4f9b289e092ea3ed3d201b3e,0x7be8076f4ea4a4ad08075c2508e481d6c946d12b,normal_eth,0.1,0x4b7c24b428e8b32c560e73510d5ae317bf8fab7cbb177c845344e7fd7cc4f836,1630717267,candidate_layering,,,1,0x551a4fe9388ff34a4f9b289e092ea3ed3d201b3e,0x7be8076f4ea4a4ad08075c2508e481d6c946d12b,False,none,,,,
0x551a4fe9388ff34a4f9b289e092ea3ed3d201b3e,0x7be8076f4ea4a4ad08075c2508e481d6c946d12b,normal_eth,0.1,0x443077c5b474ab4454cebc4a38d074f4dc522e5f3d56748ee9c97e913a8ff1b2,1630717571,candidate_layering,,,1,0x551a4fe9388ff34a4f9b289e092ea3ed3d201b3e,0x7be8076f4ea4a4ad08075c2508e481d6c946d12b,False,none,,,,
0x551a4fe9388ff34a4f9b289e092ea3ed3d201b3e,0x7be8076f4ea4a4ad08075c2508e481d6c946d12b,normal_eth,0.1,0xddddc5de26487f7527282ccd399d2fc6db0b566f6b62d2e029af360b769e3f90,1630717787,candidate_layering,,,1,0x551a4fe9388ff34a4f9b289e092ea3ed3d201b3e,0x7be8076f4ea4a4ad08075c2508e481d6c946d12b,False,none,,,,
0x551a4fe9388ff34a4f9b289e092ea3ed3d201b3e,0x0fe7f93b1064aca86b0090b1ef45053dc5009840,normal_eth,0.6190304621255669,0x902d27a05732fc48781e5f0276692258b661ebc093979b4d853ac6df61b57315,1630720178,candidate_layering,,,1,0x551a4fe9388ff34a4f9b289e092ea3ed3d201b3e,0x0fe7f93b1064aca86b0090b1ef45053dc5009840,False,none,,,,
0x551a4fe9388ff34a4f9b289e092ea3ed3d201b3e,0x0fe7f93b1064aca86b0090b1ef45053dc5009840,normal_eth,0.99,0x954b6e11bfa2635eca80bd9c681541212982143ffc49d0d87bff0a7f5b683534,1630725261,candidate_layering,,,1,0x551a4fe9388ff34a4f9b289e092ea3ed3d201b3e,0x0fe7f93b1064aca86b0090b1ef45053dc5009840,False,none,,,,
0x551a4fe9388ff34a4f9b289e092ea3ed3d201b3e,0x7be8076f4ea4a4ad08075c2508e481d6c946d12b,normal_eth,0.1,0x8ccdca129a41da0728e43191569802b71de636b49c62d73c077fa799e6b93f63,1630806649,candidate_layering,,,1,0x551a4fe9388ff34a4f9b289e092ea3ed3d201b3e,0x7be8076f4ea4a4ad08075c2508e481d6c946d12b,False,none,,,,
0x551a4fe9388ff34a4f9b289e092ea3ed3d201b3e,0x7be8076f4ea4a4ad08075c2508e481d6c946d12b,normal_eth,0.1,0x8f2f2911f7c24ddaf982454b32d610913ef1055831d8ebba8b8ff9375933fb58,1630806677,candidate_layering,,,1,0x551a4fe9388ff34a4f9b289e092ea3ed3d201b3e,0x7be8076f4ea4a4ad08075c2508e481d6c946d12b,False,none,,,,
0x551a4fe9388ff34a4f9b289e092ea3ed3d201b3e,0x7be8076f4ea4a4ad08075c2508e481d6c946d12b,normal_eth,0.1,0x56caed90bc1acb034769e92b121f75be7b21a9e0762a356bdaba7f55522a9dcb,1630806702,candidate_layering,,,1,0x551a4fe9388ff34a4f9b289e092ea3ed3d201b3e,0x7be8076f4ea4a4ad08075c2508e481d6c946d12b,False,none,,,,
0x551a4fe9388ff34a4f9b289e092ea3ed3d201b3e,0x7be8076f4ea4a4ad08075c2508e481d6c946d12b,normal_eth,0.1,0x6ef64942f61dbedc2f3dd3fcf791670b2df47ca4c50a2b4d71688779fcbf6b83,1630806806,candidate_layering,,,1,0x551a4fe9388ff34a4f9b289e092ea3ed3d201b3e,0x7be8076f4ea4a4ad08075c2508e481d6c946d12b,False,none,,,,
0x551a4fe9388ff34a4f9b289e092ea3ed3d201b3e,0x7be8076f4ea4a4ad08075c2508e481d6c946d12b,normal_eth,0.1,0x9bb75f4fafb459f04504f715644104278b65c7d061b02932973c819149a76811,1630806954,candidate_layering,,,1,0x551a4fe9388ff34a4f9b289e092ea3ed3d201b3e,0x7be8076f4ea4a4ad08075c2508e481d6c946d12b,False,none,,,,
0x551a4fe9388ff34a4f9b289e092ea3ed3d201b3e,0x7be8076f4ea4a4ad08075c2508e481d6c946d12b,normal_eth,0.1,0xd311bd9e157b2a8b7a79057842d70ee8dc1a0c584838ef39e4fe88ba3cbe231a,1630807002,candidate_layering,,,1,0x551a4fe9388ff34a4f9b289e092ea3ed3d201b3e,0x7be8076f4ea4a4ad08075c2508e481d6c946d12b,False,none,,,,
0x551a4fe9388ff34a4f9b289e092ea3ed3d201b3e,0x7be8076f4ea4a4ad08075c2508e481d6c946d12b,normal_eth,0.1,0x987958eb58fac388942fba1e532e56252f29e284aab617a12ba86493168363ec,1630807113,candidate_layering,,,1,0x551a4fe9388ff34a4f9b289e092ea3ed3d201b3e,0x7be8076f4ea4a4ad08075c2508e481d6c946d12b,False,none,,,,
0x551a4fe9388ff34a4f9b289e092ea3ed3d201b3e,0x7be8076f4ea4a4ad08075c2508e481d6c946d12b,normal_eth,0.1,0x4178bf9708b2965330989f52ef3d362afae19b489f2222ae8fa0a470affdd775,1630807320,candidate_layering,,,1,0x551a4fe9388ff34a4f9b289e092ea3ed3d201b3e,0x7be8076f4ea4a4ad08075c2508e481d6c946d12b,False,none,,,,
0x551a4fe9388ff34a4f9b289e092ea3ed3d201b3e,0x7be8076f4ea4a4ad08075c2508e481d6c946d12b,normal_eth,0.1,0x1355946e29fb2dd6b867247c143d122e2d944ff84e8bf460dd1be7bfb1ed199f,1630807385,candidate_layering,,,1,0x551a4fe9388ff34a4f9b289e092ea3ed3d201b3e,0x7be8076f4ea4a4ad08075c2508e481d6c946d12b,False,none,,,,
0x551a4fe9388ff34a4f9b289e092ea3ed3d201b3e,0x7be8076f4ea4a4ad08075c2508e481d6c946d12b,normal_eth,0.1,0x1f267f7c86b9a731b9c0e9d570754a596a2bad0c09305303712a2340d506ec86,1630807564,candidate_layering,,,1,0x551a4fe9388ff34a4f9b289e092ea3ed3d201b3e,0x7be8076f4ea4a4ad08075c2508e481d6c946d12b,False,none,,,,
0x551a4fe9388ff34a4f9b289e092ea3ed3d201b3e,0x7be8076f4ea4a4ad08075c2508e481d6c946d12b,normal_eth,0.1,0x9c00223d44b1f208975831295dbf414daf49db1ff98144cbd5a726257a13dae3,1630807719,candidate_layering,,,1,0x551a4fe9388ff34a4f9b289e092ea3ed3d201b3e,0x7be8076f4ea4a4ad08075c2508e481d6c946d12b,False,none,,,,
0x551a4fe9388ff34a4f9b289e092ea3ed3d201b3e,0x0fe7f93b1064aca86b0090b1ef45053dc5009840,normal_eth,2.003,0x3f547457530071dae5cd7902fdf097646e6c092271ac7474ac4000ecaa493fa8,1630810805,candidate_layering,,,1,0x551a4fe9388ff34a4f9b289e092ea3ed3d201b3e,0x0fe7f93b1064aca86b0090b1ef45053dc5009840,False,none,,,,
0x551a4fe9388ff34a4f9b289e092ea3ed3d201b3e,0x7be8076f4ea4a4ad08075c2508e481d6c946d12b,normal_eth,0.1,0xc53d44a9b879c2c5a0bf730e69862e460f90e944a7e9e1cb06ea0d76b44bc03c,1630857312,candidate_layering,,,1,0x551a4fe9388ff34a4f9b289e092ea3ed3d201b3e,0x7be8076f4ea4a4ad08075c2508e481d6c946d12b,False,none,,,,
0x551a4fe9388ff34a4f9b289e092ea3ed3d201b3e,0x7be8076f4ea4a4ad08075c2508e481d6c946d12b,normal_eth,0.1,0x3f93b31dfe85ea0091cd6163f2db8afdfdcca9f4161c9e16280878d93b00efea,1630857385,candidate_layering,,,1,0x551a4fe9388ff34a4f9b289e092ea3ed3d201b3e,0x7be8076f4ea4a4ad08075c2508e481d6c946d12b,False,none,,,,
0x551a4fe9388ff34a4f9b289e092ea3ed3d201b3e,0x7be8076f4ea4a4ad08075c2508e481d6c946d12b,normal_eth,0.1,0xd07dbc7144876ff947b8e95f924185999006a2ca9d2ccd9024c84854445d13f9,1630857415,candidate_layering,,,1,0x551a4fe9388ff34a4f9b289e092ea3ed3d201b3e,0x7be8076f4ea4a4ad08075c2508e481d6c946d12b,False,none,,,,
0x551a4fe9388ff34a4f9b289e092ea3ed3d201b3e,0x7be8076f4ea4a4ad08075c2508e481d6c946d12b,normal_eth,0.1,0x79cceb000f1231a25f9e8e4dcb454d41817664b2867faadd7ac0de49add16489,1630857703,candidate_layering,,,1,0x551a4fe9388ff34a4f9b289e092ea3ed3d201b3e,0x7be8076f4ea4a4ad08075c2508e481d6c946d12b,False,none,,,,
0x551a4fe9388ff34a4f9b289e092ea3ed3d201b3e,0x7be8076f4ea4a4ad08075c2508e481d6c946d12b,normal_eth,0.1,0x0961f926e6f5d0b77fbe7553acd2133b1dc54baad3eee48d6dac513c1f5fa6cc,1630857726,candidate_layering,,,1,0x551a4fe9388ff34a4f9b289e092ea3ed3d201b3e,0x7be8076f4ea4a4ad08075c2508e481d6c946d12b,False,none,,,,
0x551a4fe9388ff34a4f9b289e092ea3ed3d201b3e,0x7be8076f4ea4a4ad08075c2508e481d6c946d12b,normal_eth,0.1,0x252bcd655855623f0b24119cc687fd0feaf62a3a3a7c183b2cfa38bca62f503f,1630858021,candidate_layering,,,1,0x551a4fe9388ff34a4f9b289e092ea3ed3d201b3e,0x7be8076f4ea4a4ad08075c2508e481d6c946d12b,False,none,,,,
0x551a4fe9388ff34a4f9b289e092ea3ed3d201b3e,0xc6735852e181a55f736e9db62831dc63ef8c449a,normal_eth,0.36,0x33598e6a1b571aea1ece3763cbff8e492ba2764ab2e786ffad33851dfd4c37af,1630861327,candidate_layering,,,1,0x551a4fe9388ff34a4f9b289e092ea3ed3d201b3e,0xc6735852e181a55f736e9db62831dc63ef8c449a,False,none,,,,
0x551a4fe9388ff34a4f9b289e092ea3ed3d201b3e,0xc6735852e181a55f736e9db62831dc63ef8c449a,normal_eth,0.27,0x4268717e1dc1d9351f666a0c8976d6ca332fc0f1dc013e6a47ddcf786ab63fa6,1630861385,candidate_layering,,,1,0x551a4fe9388ff34a4f9b289e092ea3ed3d201b3e,0xc6735852e181a55f736e9db62831dc63ef8c449a,False,none,,,,
0x551a4fe9388ff34a4f9b289e092ea3ed3d201b3e,0x7be8076f4ea4a4ad08075c2508e481d6c946d12b,normal_eth,0.1,0x1386be38b3907dc82dd4c15bc9d82cdab2142563067d6d50b0797252f457530e,1630883371,candidate_layering,,,1,0x551a4fe9388ff34a4f9b289e092ea3ed3d201b3e,0x7be8076f4ea4a4ad08075c2508e481d6c946d12b,False,none,,,,
0x551a4fe9388ff34a4f9b289e092ea3ed3d201b3e,0x7be8076f4ea4a4ad08075c2508e481d6c946d12b,normal_eth,0.1,0xe0d5bd6fb2453e1ee49fca677025cc5b9e897d7f41e78ea32924416d89421d85,1630883454,candidate_layering,,,1,0x551a4fe9388ff34a4f9b289e092ea3ed3d201b3e,0x7be8076f4ea4a4ad08075c2508e481d6c946d12b,False,none,,,,
0x551a4fe9388ff34a4f9b289e092ea3ed3d201b3e,0x7be8076f4ea4a4ad08075c2508e481d6c946d12b,normal_eth,0.1,0x44011979dcc9716d92e23ababf0bd2254ad8566f8df845c82ae50c97f6eedd33,1630883657,candidate_layering,,,1,0x551a4fe9388ff34a4f9b289e092ea3ed3d201b3e,0x7be8076f4ea4a4ad08075c2508e481d6c946d12b,False,none,,,,
0x551a4fe9388ff34a4f9b289e092ea3ed3d201b3e,0x7be8076f4ea4a4ad08075c2508e481d6c946d12b,normal_eth,0.1,0x68234116d671f2046b9ac956ed5e242338f200aa071beef2b1981085c204b4e8,1630883798,candidate_layering,,,1,0x551a4fe9388ff34a4f9b289e092ea3ed3d201b3e,0x7be8076f4ea4a4ad08075c2508e481d6c946d12b,False,none,,,,
0x551a4fe9388ff34a4f9b289e092ea3ed3d201b3e,0x7be8076f4ea4a4ad08075c2508e481d6c946d12b,normal_eth,0.1,0xdcae2d5029c3bcb1faf9c2ae8ac40fa46502bd03f6875502a0db84118f3a9005,1630883909,candidate_layering,,,1,0x551a4fe9388ff34a4f9b289e092ea3ed3d201b3e,0x7be8076f4ea4a4ad08075c2508e481d6c946d12b,False,none,,,,
0x551a4fe9388ff34a4f9b289e092ea3ed3d201b3e,0x7be8076f4ea4a4ad08075c2508e481d6c946d12b,normal_eth,0.1,0xe3c0b08cfe695f66119fc607f7d4df24971599d033bebb127004e917139ff76c,1630884206,candidate_layering,,,1,0x551a4fe9388ff34a4f9b289e092ea3ed3d201b3e,0x7be8076f4ea4a4ad08075c2508e481d6c946d12b,False,none,,,,
0x551a4fe9388ff34a4f9b289e092ea3ed3d201b3e,0x7be8076f4ea4a4ad08075c2508e481d6c946d12b,normal_eth,0.1,0x018aeb672666d4dea2879894e6c39386c0b7a7aab0cb4542ead63db8a9c011bc,1630884401,candidate_layering,,,1,0x551a4fe9388ff34a4f9b289e092ea3ed3d201b3e,0x7be8076f4ea4a4ad08075c2508e481d6c946d12b,False,none,,,,
0x551a4fe9388ff34a4f9b289e092ea3ed3d201b3e,0x7be8076f4ea4a4ad08075c2508e481d6c946d12b,normal_eth,0.1,0x6f96932696b594bec2b5a1cc4cf457d142faa2bd3a2cfac65fdb76509c8ac53a,1630884437,candidate_layering,,,1,0x551a4fe9388ff34a4f9b289e092ea3ed3d201b3e,0x7be8076f4ea4a4ad08075c2508e481d6c946d12b,False,none,,,,
0x551a4fe9388ff34a4f9b289e092ea3ed3d201b3e,0x7be8076f4ea4a4ad08075c2508e481d6c946d12b,normal_eth,0.1,0x7abaa46a8559b5a4847869fa156ce8c08ce259f9d6a2370539b3e5cd53cb23d5,1630884820,candidate_layering,,,1,0x551a4fe9388ff34a4f9b289e092ea3ed3d201b3e,0x7be8076f4ea4a4ad08075c2508e481d6c946d12b,False,none,,,,
0x551a4fe9388ff34a4f9b289e092ea3ed3d201b3e,0x7be8076f4ea4a4ad08075c2508e481d6c946d12b,normal_eth,0.1,0x66c909a16cad3afe39548801beed155f6a4afb2f1afe1b96394ea31b65d8f995,1630884891,candidate_layering,,,1,0x551a4fe9388ff34a4f9b289e092ea3ed3d201b3e,0x7be8076f4ea4a4ad08075c2508e481d6c946d12b,False,none,,,,
0x551a4fe9388ff34a4f9b289e092ea3ed3d201b3e,0x7be8076f4ea4a4ad08075c2508e481d6c946d12b,normal_eth,0.1,0x8ecd5e157c726d7706e92f757ee77901e420069f5fc945ac9ac3c90f5c512f54,1630885029,candidate_layering,,,1,0x551a4fe9388ff34a4f9b289e092ea3ed3d201b3e,0x7be8076f4ea4a4ad08075c2508e481d6c946d12b,False,none,,,,
0x551a4fe9388ff34a4f9b289e092ea3ed3d201b3e,0x7be8076f4ea4a4ad08075c2508e481d6c946d12b,normal_eth,0.1,0x36d6c95313bf6a215f62eeec0b9d5f967137ce9301f3349db45b2e01b84e4707,1630885164,candidate_layering,,,1,0x551a4fe9388ff34a4f9b289e092ea3ed3d201b3e,0x7be8076f4ea4a4ad08075c2508e481d6c946d12b,False,none,,,,
0x551a4fe9388ff34a4f9b289e092ea3ed3d201b3e,0x7be8076f4ea4a4ad08075c2508e481d6c946d12b,normal_eth,0.1,0xd049945f447a5bd9482af3155082feafcbef5b85e3c2101e011d069bf6b06ccc,1630885243,candidate_layering,,,1,0x551a4fe9388ff34a4f9b289e092ea3ed3d201b3e,0x7be8076f4ea4a4ad08075c2508e481d6c946d12b,False,none,,,,
0x551a4fe9388ff34a4f9b289e092ea3ed3d201b3e,0x7be8076f4ea4a4ad08075c2508e481d6c946d12b,normal_eth,0.1,0xce31c514573fd0bf284ff5c0fc1cddef17cb285648efbea597580fef19d2aa24,1630885365,candidate_layering,,,1,0x551a4fe9388ff34a4f9b289e092ea3ed3d201b3e,0x7be8076f4ea4a4ad08075c2508e481d6c946d12b,False,none,,,,
0x551a4fe9388ff34a4f9b289e092ea3ed3d201b3e,0x7be8076f4ea4a4ad08075c2508e481d6c946d12b,normal_eth,0.1,0xb23a306b19c958c83b16363d0f3f89b2020a90e290f41b6f443a3be06d3d65ef,1630885496,candidate_layering,,,1,0x551a4fe9388ff34a4f9b289e092ea3ed3d201b3e,0x7be8076f4ea4a4ad08075c2508e481d6c946d12b,False,none,,,,
0x551a4fe9388ff34a4f9b289e092ea3ed3d201b3e,0x7be8076f4ea4a4ad08075c2508e481d6c946d12b,normal_eth,0.1,0x3f6c6640e860d0c97fb5ee9287484f464d6fef8d91217fa9057041690c98b3c7,1630885546,candidate_layering,,,1,0x551a4fe9388ff34a4f9b289e092ea3ed3d201b3e,0x7be8076f4ea4a4ad08075c2508e481d6c946d12b,False,none,,,,
0x551a4fe9388ff34a4f9b289e092ea3ed3d201b3e,0x7be8076f4ea4a4ad08075c2508e481d6c946d12b,normal_eth,0.1,0x7b5cc75d63827b8cb5b8c8cd07c6d9cf88eb5668d6de497b6f5c801998330cd9,1630885702,candidate_layering,,,1,0x551a4fe9388ff34a4f9b289e092ea3ed3d201b3e,0x7be8076f4ea4a4ad08075c2508e481d6c946d12b,False,none,,,,
0x551a4fe9388ff34a4f9b289e092ea3ed3d201b3e,0x7be8076f4ea4a4ad08075c2508e481d6c946d12b,normal_eth,0.1,0xc19d01586db9419286e3325d6dfd05a616996c0060a6895093b1a8d8cf45c41a,1630888910,candidate_layering,,,1,0x551a4fe9388ff34a4f9b289e092ea3ed3d201b3e,0x7be8076f4ea4a4ad08075c2508e481d6c946d12b,False,none,,,,
0x551a4fe9388ff34a4f9b289e092ea3ed3d201b3e,0x7be8076f4ea4a4ad08075c2508e481d6c946d12b,normal_eth,0.1,0xc70d6f59b0f58150cd7c25844bec55453b157f1242d06fbc03dadca0519aace3,1630890599,candidate_layering,,,1,0x551a4fe9388ff34a4f9b289e092ea3ed3d201b3e,0x7be8076f4ea4a4ad08075c2508e481d6c946d12b,False,none,,,,
0x551a4fe9388ff34a4f9b289e092ea3ed3d201b3e,0x7be8076f4ea4a4ad08075c2508e481d6c946d12b,normal_eth,0.1,0xce0e65fdb672f3d24dd2be19613bf29e8f6b139b9f14f5f491651b01644dc47c,1630890664,candidate_layering,,,1,0x551a4fe9388ff34a4f9b289e092ea3ed3d201b3e,0x7be8076f4ea4a4ad08075c2508e481d6c946d12b,False,none,,,,
0x551a4fe9388ff34a4f9b289e092ea3ed3d201b3e,0x7be8076f4ea4a4ad08075c2508e481d6c946d12b,normal_eth,0.1,0x06a4365126aca185edfedf69f942c5e0f3ae77c7d5dd92db4b57d8347aec53ef,1630890783,candidate_layering,,,1,0x551a4fe9388ff34a4f9b289e092ea3ed3d201b3e,0x7be8076f4ea4a4ad08075c2508e481d6c946d12b,False,none,,,,
0x551a4fe9388ff34a4f9b289e092ea3ed3d201b3e,0x7be8076f4ea4a4ad08075c2508e481d6c946d12b,normal_eth,0.1,0xf7ad9bd1473c3937f4c178a5dbfa5ac309f891f70fe69a49d43025715f224163,1630890953,candidate_layering,,,1,0x551a4fe9388ff34a4f9b289e092ea3ed3d201b3e,0x7be8076f4ea4a4ad08075c2508e481d6c946d12b,False,none,,,,
0x551a4fe9388ff34a4f9b289e092ea3ed3d201b3e,0x7be8076f4ea4a4ad08075c2508e481d6c946d12b,normal_eth,0.1,0x738099463be2b398c55200eb4aae71df0f10b1969b7a664e89758604d0a0869e,1630891117,candidate_layering,,,1,0x551a4fe9388ff34a4f9b289e092ea3ed3d201b3e,0x7be8076f4ea4a4ad08075c2508e481d6c946d12b,False,none,,,,
0x551a4fe9388ff34a4f9b289e092ea3ed3d201b3e,0x7be8076f4ea4a4ad08075c2508e481d6c946d12b,normal_eth,0.1,0x6d9d4452d12ff8961348d0600a7f33f91bad4b6fc48502b78bb57fc344962e0e,1630891247,candidate_layering,,,1,0x551a4fe9388ff34a4f9b289e092ea3ed3d201b3e,0x7be8076f4ea4a4ad08075c2508e481d6c946d12b,False,none,,,,
0x551a4fe9388ff34a4f9b289e092ea3ed3d201b3e,0x7be8076f4ea4a4ad08075c2508e481d6c946d12b,normal_eth,0.1,0xa41f38712b3e12909e7600693762360e13aed251413af466c26be4a39bcb6fde,1630891271,candidate_layering,,,1,0x551a4fe9388ff34a4f9b289e092ea3ed3d201b3e,0x7be8076f4ea4a4ad08075c2508e481d6c946d12b,False,none,,,,
0x551a4fe9388ff34a4f9b289e092ea3ed3d201b3e,0x7be8076f4ea4a4ad08075c2508e481d6c946d12b,normal_eth,0.1,0xc64d2cc95157e3661dbdcdfc0b1b2a73ffe3b6cbc1a6583a2b32410acdd43747,1630892284,candidate_layering,,,1,0x551a4fe9388ff34a4f9b289e092ea3ed3d201b3e,0x7be8076f4ea4a4ad08075c2508e481d6c946d12b,False,none,,,,
0x551a4fe9388ff34a4f9b289e092ea3ed3d201b3e,0xa5ca67adbabffd677fe40d1ed0e0e6fb8f94701a,normal_eth,0.1275,0xe33cfd251d198ef5c94aa6dc7faa1c7eb18a37e31ac1f6a31a8c588545874bcd,1630896605,candidate_layering,,,1,0x551a4fe9388ff34a4f9b289e092ea3ed3d201b3e,0xa5ca67adbabffd677fe40d1ed0e0e6fb8f94701a,False,none,,,,
0x551a4fe9388ff34a4f9b289e092ea3ed3d201b3e,0x0fe7f93b1064aca86b0090b1ef45053dc5009840,normal_eth,1.002,0x5ac517efe1b8f78a6c928a0a73688917241ce2373e19bf3e1dfd6a07feb77ec4,1630898945,candidate_layering,,,1,0x551a4fe9388ff34a4f9b289e092ea3ed3d201b3e,0x0fe7f93b1064aca86b0090b1ef45053dc5009840,False,none,,,,
0x551a4fe9388ff34a4f9b289e092ea3ed3d201b3e,0x4b6fa8ad3ebc3fb7e2be898e941295ee9195695d,normal_eth,0.16668,0x9f86d92b76d550d8792724171c83a7f4d69eea82d9009265bdbed05b0de59dd8,1630935317,candidate_layering,,,1,0x551a4fe9388ff34a4f9b289e092ea3ed3d201b3e,0x4b6fa8ad3ebc3fb7e2be898e941295ee9195695d,False,none,,,,
0x551a4fe9388ff34a4f9b289e092ea3ed3d201b3e,0x9c08b27bbe1d9581d7722aa9d568db2eb3be981b,normal_eth,0.2527136514897927,0xbda5f66ccdff29c820f4db10011bc7605cfe68e773569be09bf8f2784bfc73d1,1630937026,candidate_layering,,,1,0x551a4fe9388ff34a4f9b289e092ea3ed3d201b3e,0x9c08b27bbe1d9581d7722aa9d568db2eb3be981b,False,none,,,,
0x551a4fe9388ff34a4f9b289e092ea3ed3d201b3e,0x7be8076f4ea4a4ad08075c2508e481d6c946d12b,normal_eth,0.488,0x35986af40391dab24a06ff126cf34cb9ab970decc917b6319a8ced27ef3786be,1630959812,candidate_layering,,,1,0x551a4fe9388ff34a4f9b289e092ea3ed3d201b3e,0x7be8076f4ea4a4ad08075c2508e481d6c946d12b,False,none,,,,
0x551a4fe9388ff34a4f9b289e092ea3ed3d201b3e,0x5920f56181ece612f12d1da05651cdf836b01c3a,normal_eth,0.1692885009503241,0x8230e8957887174535d2c61fe5d8d8d3c66b409ad5c0474cfa84f80f09fd2c46,1630975466,candidate_layering,,,1,0x551a4fe9388ff34a4f9b289e092ea3ed3d201b3e,0x5920f56181ece612f12d1da05651cdf836b01c3a,False,none,,,,
0x551a4fe9388ff34a4f9b289e092ea3ed3d201b3e,0xc5c73a3fcadf76bb448cabca6ec91bd46de02a0b,normal_eth,0.3849114703618168,0x05600a1ad3b8ff114ab4a585776f9e3efee2bc0e65994c861ae7f38d5aa5b98f,1630976332,candidate_layering,,,1,0x551a4fe9388ff34a4f9b289e092ea3ed3d201b3e,0xc5c73a3fcadf76bb448cabca6ec91bd46de02a0b,False,none,,,,
0x551a4fe9388ff34a4f9b289e092ea3ed3d201b3e,0xf497253c2bb7644ebb99e4d9ecc104ae7a79187a,normal_eth,0.07,0xf1bdf17eea45fd2fb4a51f788b56dac5032cabedc464ad3df1a4a92f4fa0859e,1631041233,candidate_layering,,,1,0x551a4fe9388ff34a4f9b289e092ea3ed3d201b3e,0xf497253c2bb7644ebb99e4d9ecc104ae7a79187a,False,none,,,,
0x551a4fe9388ff34a4f9b289e092ea3ed3d201b3e,0xf497253c2bb7644ebb99e4d9ecc104ae7a79187a,normal_eth,0.07,0x1de9d429d2a9fe57b9c215227241a925c3c6cd050b61d3e34a967a6395492899,1631041353,candidate_layering,,,1,0x551a4fe9388ff34a4f9b289e092ea3ed3d201b3e,0xf497253c2bb7644ebb99e4d9ecc104ae7a79187a,False,none,,,,
0x551a4fe9388ff34a4f9b289e092ea3ed3d201b3e,0xf497253c2bb7644ebb99e4d9ecc104ae7a79187a,normal_eth,0.07,0xd14b60ca1eb9188a2ba80cf23004a14734dc1f31b7498e2917595c9bbc70b67f,1631041523,candidate_layering,,,1,0x551a4fe9388ff34a4f9b289e092ea3ed3d201b3e,0xf497253c2bb7644ebb99e4d9ecc104ae7a79187a,False,none,,,,
0x551a4fe9388ff34a4f9b289e092ea3ed3d201b3e,0x0aebb34d9dd2e9a9a5cd2a2583597f2c3cd59b18,normal_eth,0.333,0x62b3ed0a3bd0dde13f669b785dd9bb23b76fb680ca1d81fd23f71d299ee76f29,1631064670,candidate_layering,,,1,0x551a4fe9388ff34a4f9b289e092ea3ed3d201b3e,0x0aebb34d9dd2e9a9a5cd2a2583597f2c3cd59b18,False,none,,,,
0x551a4fe9388ff34a4f9b289e092ea3ed3d201b3e,0x7be8076f4ea4a4ad08075c2508e481d6c946d12b,normal_eth,0.03,0xc577efe7a639b6e29833d1341b21dd686a234ad0b5a4708a88d0b9abab402a91,1631103365,candidate_layering,,,1,0x551a4fe9388ff34a4f9b289e092ea3ed3d201b3e,0x7be8076f4ea4a4ad08075c2508e481d6c946d12b,False,none,,,,
0x551a4fe9388ff34a4f9b289e092ea3ed3d201b3e,0xc49a9ab342b6ea66792d4110e9ca0ab36e3a5674,normal_eth,0.05,0x6bc44cb03d62d0d257c3b6f6ea626a4a5a9e03fe9fb0a187384325f8fce4e777,1631229432,candidate_layering,,,1,0x551a4fe9388ff34a4f9b289e092ea3ed3d201b3e,0xc49a9ab342b6ea66792d4110e9ca0ab36e3a5674,False,none,,,,
0x551a4fe9388ff34a4f9b289e092ea3ed3d201b3e,0xef5afc5fb5ea26ac16e00c616d49be1fed849ed0,normal_eth,0.088,0xaafce4ca3fc5fc80a715c420e6d71d137be064d897c36e849ae9123ea3eee59c,1631238299,candidate_layering,,,1,0x551a4fe9388ff34a4f9b289e092ea3ed3d201b3e,0xef5afc5fb5ea26ac16e00c616d49be1fed849ed0,False,none,,,,
0x551a4fe9388ff34a4f9b289e092ea3ed3d201b3e,0x2fedd7f5ad4456352692a9ca0aa1f76e86975893,normal_eth,2.0,0xc44c24faab3c63cd9bf9d9f247f15b37828cac1fe23f823058749fe17e93fc0d,1631304432,candidate_layering,,,1,0x551a4fe9388ff34a4f9b289e092ea3ed3d201b3e,0x2fedd7f5ad4456352692a9ca0aa1f76e86975893,False,none,,,,
0x551a4fe9388ff34a4f9b289e092ea3ed3d201b3e,0xecdd2f733bd20e56865750ebce33f17da0bee461,normal_eth,0.35,0xfc5be265742c8b32a20b174d379dc039b002bb4fad2f8c14c410060e77415080,1631307850,candidate_layering,,,1,0x551a4fe9388ff34a4f9b289e092ea3ed3d201b3e,0xecdd2f733bd20e56865750ebce33f17da0bee461,False,none,,,,
0x551a4fe9388ff34a4f9b289e092ea3ed3d201b3e,0x0f75dcdc33dffb069e98483e937310dae11ed734,normal_eth,0.49,0xd44182a693025b1dbe53f881b7d6a599af58c1bf68bfd9bd6ceb8ec93274eb31,1631312087,candidate_layering,,,1,0x551a4fe9388ff34a4f9b289e092ea3ed3d201b3e,0x0f75dcdc33dffb069e98483e937310dae11ed734,False,none,,,,
0x551a4fe9388ff34a4f9b289e092ea3ed3d201b3e,0xb83ea3cce9598e61b8a8d4c8c9eb46528bab6e67,normal_eth,0.8,0xddadc530f1abb3a6b8da21d3e208399696d4680b31afee2515def1a71bc2906f,1631315577,candidate_layering,,,1,0x551a4fe9388ff34a4f9b289e092ea3ed3d201b3e,0xb83ea3cce9598e61b8a8d4c8c9eb46528bab6e67,False,none,,,,
0x551a4fe9388ff34a4f9b289e092ea3ed3d201b3e,0x0fe7f93b1064aca86b0090b1ef45053dc5009840,normal_eth,2.0,0xdc7c0a15d368b92de188b61de5b0aa7a71c5815acfd24d59e031434c9baad306,1631315807,candidate_layering,,,1,0x551a4fe9388ff34a4f9b289e092ea3ed3d201b3e,0x0fe7f93b1064aca86b0090b1ef45053dc5009840,False,none,,,,
0x551a4fe9388ff34a4f9b289e092ea3ed3d201b3e,0x62cdaf466511888792c8c413239baa70f57f1654,normal_eth,0.64,0x0c5980b6ce327733ec75c1989f3c95b8398cdab2e919a559ea6db4f6a5541cdf,1631372459,candidate_layering,,,1,0x551a4fe9388ff34a4f9b289e092ea3ed3d201b3e,0x62cdaf466511888792c8c413239baa70f57f1654,False,none,,,,
0x551a4fe9388ff34a4f9b289e092ea3ed3d201b3e,0x62cdaf466511888792c8c413239baa70f57f1654,normal_eth,0.64,0xdae6c3d30a27753efd0a000d3d69a04811257f73d3ac9b1769254c5ae0079ab8,1631372588,candidate_layering,,,1,0x551a4fe9388ff34a4f9b289e092ea3ed3d201b3e,0x62cdaf466511888792c8c413239baa70f57f1654,False,none,,,,
0x551a4fe9388ff34a4f9b289e092ea3ed3d201b3e,0xfc6014bc174483ed14ea9567cb0a14bf3ad9e13d,normal_eth,3.5,0xc357cb5d8e8b8284d48dc71da0498ea31961da6d35100743e986de2639ff07fd,1631452500,candidate_layering,,,1,0x551a4fe9388ff34a4f9b289e092ea3ed3d201b3e,0xfc6014bc174483ed14ea9567cb0a14bf3ad9e13d,False,none,,,,
0x551a4fe9388ff34a4f9b289e092ea3ed3d201b3e,0xf9d7e20c3bb985b4f5001ccd2627cbc0d8dff840,normal_eth,0.028,0x75c9ea4b6c7fdef20ee180e665ed29b520387c4a53c3c38e816ecd9e5bde77b1,1631452827,candidate_layering,,,1,0x551a4fe9388ff34a4f9b289e092ea3ed3d201b3e,0xf9d7e20c3bb985b4f5001ccd2627cbc0d8dff840,False,none,,,,
0x551a4fe9388ff34a4f9b289e092ea3ed3d201b3e,0x2fedd7f5ad4456352692a9ca0aa1f76e86975893,normal_eth,0.5,0xb614af0032cecac7d50598efdb2e3e1dd786a2e5a3a3988d10fb39c7f6bae638,1631460781,candidate_layering,,,1,0x551a4fe9388ff34a4f9b289e092ea3ed3d201b3e,0x2fedd7f5ad4456352692a9ca0aa1f76e86975893,False,none,,,,
0x551a4fe9388ff34a4f9b289e092ea3ed3d201b3e,0xfc6014bc174483ed14ea9567cb0a14bf3ad9e13d,normal_eth,0.96,0x5a8d34200731b39edfc0246676793d22399e75e9dedf922d01bb7e0a0c735e8d,1631474482,candidate_layering,,,1,0x551a4fe9388ff34a4f9b289e092ea3ed3d201b3e,0xfc6014bc174483ed14ea9567cb0a14bf3ad9e13d,False,none,,,,
0x551a4fe9388ff34a4f9b289e092ea3ed3d201b3e,0x7be8076f4ea4a4ad08075c2508e481d6c946d12b,normal_eth,0.25,0x277e0fb47b5c70514b2b127f247ca2d0f7025e036bf4d0e97970367fbfb0c02d,1631475898,candidate_layering,,,1,0x551a4fe9388ff34a4f9b289e092ea3ed3d201b3e,0x7be8076f4ea4a4ad08075c2508e481d6c946d12b,False,none,,,,
0x551a4fe9388ff34a4f9b289e092ea3ed3d201b3e,0x7be8076f4ea4a4ad08075c2508e481d6c946d12b,normal_eth,0.387,0xdeeb698742ab90d7397dd951796620369c4e061b86fd23d42a03a2e9dc839fa7,1631476741,candidate_layering,,,1,0x551a4fe9388ff34a4f9b289e092ea3ed3d201b3e,0x7be8076f4ea4a4ad08075c2508e481d6c946d12b,False,none,,,,
0x551a4fe9388ff34a4f9b289e092ea3ed3d201b3e,0x7be8076f4ea4a4ad08075c2508e481d6c946d12b,normal_eth,0.5,0xdfced14b46343b5c1546f27a35e73506aee4d7361d73fe82393da190b4b06cc0,1631476887,candidate_layering,,,1,0x551a4fe9388ff34a4f9b289e092ea3ed3d201b3e,0x7be8076f4ea4a4ad08075c2508e481d6c946d12b,False,none,,,,
0x551a4fe9388ff34a4f9b289e092ea3ed3d201b3e,0x7be8076f4ea4a4ad08075c2508e481d6c946d12b,normal_eth,0.5,0x0b234b342f29e681cce4169acdd5b40c5b719cc300ea9cafb6e7bc285b114685,1631477054,candidate_layering,,,1,0x551a4fe9388ff34a4f9b289e092ea3ed3d201b3e,0x7be8076f4ea4a4ad08075c2508e481d6c946d12b,False,none,,,,
0x551a4fe9388ff34a4f9b289e092ea3ed3d201b3e,0xaa5c62eac445fdaa64432774045ebdf1bec8a50d,normal_eth,0.083,0x082c323d28d1efd34823827e5cfaeae16b24f92f628bd4caa77980d4ad6fcb83,1631477326,candidate_layering,,,1,0x551a4fe9388ff34a4f9b289e092ea3ed3d201b3e,0xaa5c62eac445fdaa64432774045ebdf1bec8a50d,False,none,,,,
0x551a4fe9388ff34a4f9b289e092ea3ed3d201b3e,0xfc6014bc174483ed14ea9567cb0a14bf3ad9e13d,normal_eth,0.24,0x0841519fb33c823f96a0d036ba633c3e588c0b171c9a927dad1dc0c2496cd6a1,1631491646,candidate_layering,,,1,0x551a4fe9388ff34a4f9b289e092ea3ed3d201b3e,0xfc6014bc174483ed14ea9567cb0a14bf3ad9e13d,False,none,,,,
0x551a4fe9388ff34a4f9b289e092ea3ed3d201b3e,0xa64c5ec80784675bf289a4722a2eca180212f9db,normal_eth,0.25,0x0e73cc87244e0982fdee304091f4f12860b02879ec4392edaffe027ce943e368,1631494909,candidate_layering,,,1,0x551a4fe9388ff34a4f9b289e092ea3ed3d201b3e,0xa64c5ec80784675bf289a4722a2eca180212f9db,False,none,,,,
0x551a4fe9388ff34a4f9b289e092ea3ed3d201b3e,0xa64c5ec80784675bf289a4722a2eca180212f9db,normal_eth,0.125,0xb9af15f95561d7cf85c05e533dc215102442b2373e208b90803eab9adfc5a4ac,1631494973,candidate_layering,,,1,0x551a4fe9388ff34a4f9b289e092ea3ed3d201b3e,0xa64c5ec80784675bf289a4722a2eca180212f9db,False,none,,,,
0x551a4fe9388ff34a4f9b289e092ea3ed3d201b3e,0x370108cf39555e561353b20ecf1eaae89beb72ce,normal_eth,0.075,0xbb7afd549c27a426228510ccc3684123301e44c12adb8981650ce46b50dac3ba,1631570321,candidate_layering,,,1,0x551a4fe9388ff34a4f9b289e092ea3ed3d201b3e,0x370108cf39555e561353b20ecf1eaae89beb72ce,False,none,,,,
0x551a4fe9388ff34a4f9b289e092ea3ed3d201b3e,0xaa5c62eac445fdaa64432774045ebdf1bec8a50d,normal_eth,2.32,0x1c63e87fbceb2317e2084803caa6f2f1cc52b257fe7d33f89f212c95e5e8d050,1631576455,candidate_layering,,,1,0x551a4fe9388ff34a4f9b289e092ea3ed3d201b3e,0xaa5c62eac445fdaa64432774045ebdf1bec8a50d,False,none,,,,
0x551a4fe9388ff34a4f9b289e092ea3ed3d201b3e,0x0fe7f93b1064aca86b0090b1ef45053dc5009840,normal_eth,3.504,0x2bec83a68338023898f30cac5c9903f291ada6b5a587eafcedf6cdc8e3d49efd,1631581976,candidate_layering,,,1,0x551a4fe9388ff34a4f9b289e092ea3ed3d201b3e,0x0fe7f93b1064aca86b0090b1ef45053dc5009840,False,none,,,,
0x551a4fe9388ff34a4f9b289e092ea3ed3d201b3e,0x2d8d420ea6e7300814c6e82e4c897d58def07c9c,normal_eth,0.1518372304889158,0x150af86a5ed44a64bc9a271c22e885e1abe601f614f665db191ae4afaa75bca0,1631586042,candidate_layering,,,1,0x551a4fe9388ff34a4f9b289e092ea3ed3d201b3e,0x2d8d420ea6e7300814c6e82e4c897d58def07c9c,False,none,,,,
0x551a4fe9388ff34a4f9b289e092ea3ed3d201b3e,0xf791467a2faab82d97488054f70371541ba76a8e,normal_eth,0.04,0x0a2cec87afc10518b44a7dfb8258484f4542b9f854e25693bcd7e6341c7f00c1,1631670693,candidate_layering,,,1,0x551a4fe9388ff34a4f9b289e092ea3ed3d201b3e,0xf791467a2faab82d97488054f70371541ba76a8e,False,none,,,,
0x551a4fe9388ff34a4f9b289e092ea3ed3d201b3e,0x88df69632184b387b1c185393a832b92ab462b31,normal_eth,0.3670061111969701,0x66b5e07a2505017bfd053a531e6d2ea646a115a8d6737956f0828d5cab2c3a59,1631675623,candidate_layering,,,1,0x551a4fe9388ff34a4f9b289e092ea3ed3d201b3e,0x88df69632184b387b1c185393a832b92ab462b31,False,none,,,,
0x551a4fe9388ff34a4f9b289e092ea3ed3d201b3e,0xc9e2c9718ff7d3129b9ac12168195507e4275cea,normal_eth,0.18,0x837608aee1fd163c847ddacb7ebd849d1dac16a58f04cc0931b026a1e83c8967,1631718131,candidate_layering,,,1,0x551a4fe9388ff34a4f9b289e092ea3ed3d201b3e,0xc9e2c9718ff7d3129b9ac12168195507e4275cea,False,none,,,,
0x551a4fe9388ff34a4f9b289e092ea3ed3d201b3e,0x7be8076f4ea4a4ad08075c2508e481d6c946d12b,normal_eth,0.246,0x39aa37ee2ba28a1e6d2970a0275c41fece975c62ff1abdb19316f7fb2e7358bf,1631720133,candidate_layering,,,1,0x551a4fe9388ff34a4f9b289e092ea3ed3d201b3e,0x7be8076f4ea4a4ad08075c2508e481d6c946d12b,False,none,,,,
0x551a4fe9388ff34a4f9b289e092ea3ed3d201b3e,0x7be8076f4ea4a4ad08075c2508e481d6c946d12b,normal_eth,0.269,0x2bb148c9cbcbb4c96c75b7c298d4188d1dce3c2eb122e9142fed101fee04f721,1631720333,candidate_layering,,,1,0x551a4fe9388ff34a4f9b289e092ea3ed3d201b3e,0x7be8076f4ea4a4ad08075c2508e481d6c946d12b,False,none,,,,
0x551a4fe9388ff34a4f9b289e092ea3ed3d201b3e,0xfc6014bc174483ed14ea9567cb0a14bf3ad9e13d,normal_eth,0.33,0xfe23ec85351f1ac4205580b910a456610198f960adf49227129f22ec9f9230d4,1631720537,candidate_layering,,,1,0x551a4fe9388ff34a4f9b289e092ea3ed3d201b3e,0xfc6014bc174483ed14ea9567cb0a14bf3ad9e13d,False,none,,,,
0x551a4fe9388ff34a4f9b289e092ea3ed3d201b3e,0xd651ef589f71c26358bd4e312f8bab0e5c2c43c8,normal_eth,0.1410278106842669,0x2f8200870924f917ba695ac88802e7319d357c0c98b6595c5e2e190d385df733,1631728962,candidate_layering,,,1,0x551a4fe9388ff34a4f9b289e092ea3ed3d201b3e,0xd651ef589f71c26358bd4e312f8bab0e5c2c43c8,False,none,,,,
0x551a4fe9388ff34a4f9b289e092ea3ed3d201b3e,0x8253e3aa6776f3b6e3ff2b7993662b9007d54c5b,normal_eth,0.217551612000938,0x4f5f4e9d5e6b2155604a9392ce637837251cacb8dfe878094bf94551436315f3,1631730611,candidate_layering,,,1,0x551a4fe9388ff34a4f9b289e092ea3ed3d201b3e,0x8253e3aa6776f3b6e3ff2b7993662b9007d54c5b,False,none,,,,
0x551a4fe9388ff34a4f9b289e092ea3ed3d201b3e,0x05c7b58a4e49d5265b8c81f83552f52b6caff948,normal_eth,0.2825912487142098,0xba1a72cda2aab8d96ad4d2806ae0db5513d5dd6d27a0232c33f5459fb3dd4db7,1631732031,candidate_layering,,,1,0x551a4fe9388ff34a4f9b289e092ea3ed3d201b3e,0x05c7b58a4e49d5265b8c81f83552f52b6caff948,False,none,,,,
0x551a4fe9388ff34a4f9b289e092ea3ed3d201b3e,0x88df69632184b387b1c185393a832b92ab462b31,normal_eth,0.0593611308044159,0x6e41ad805a4a65529c46ef21b5bcdd1df3f94f4e0ec2904a6da8235d810b1cf5,1631733778,candidate_layering,,,1,0x551a4fe9388ff34a4f9b289e092ea3ed3d201b3e,0x88df69632184b387b1c185393a832b92ab462b31,False,none,,,,
0x551a4fe9388ff34a4f9b289e092ea3ed3d201b3e,0xce3c0bbe70110b5d557dedc9c364c9e8cee4c37b,normal_eth,0.4,0x4db7876ece840f18c1e802e630d00b68618127910982e2ac55258c528e9a4b10,1631743322,candidate_layering,,,1,0x551a4fe9388ff34a4f9b289e092ea3ed3d201b3e,0xce3c0bbe70110b5d557dedc9c364c9e8cee4c37b,False,none,,,,
0x551a4fe9388ff34a4f9b289e092ea3ed3d201b3e,0xc3f5e8a98b3d97f19938e4673fd97c7cfd155577,normal_eth,0.02,0x976f5ad7073dd7b212f30b9d9745a77054d19f53996930841e3ab712e8ba6ec4,1631759625,candidate_layering,,,1,0x551a4fe9388ff34a4f9b289e092ea3ed3d201b3e,0xc3f5e8a98b3d97f19938e4673fd97c7cfd155577,False,none,,,,
0x551a4fe9388ff34a4f9b289e092ea3ed3d201b3e,0x47e312d99c09ce61a866c83cbbbbed5a4b9d33e7,normal_eth,0.75,0x704711dc6b8a100ba68682f59fb81b55650b4619718af2937f9b33716848ea86,1631895407,candidate_layering,,,1,0x551a4fe9388ff34a4f9b289e092ea3ed3d201b3e,0x47e312d99c09ce61a866c83cbbbbed5a4b9d33e7,False,none,,,,
0x551a4fe9388ff34a4f9b289e092ea3ed3d201b3e,0xcac77627f10f66ea3c7ea6aee56e3ff6656011e1,normal_eth,0.695,0x468994deb50fcf3febab837a7363ca992cb929f8f3d848b8ae945becf54c3f7d,1631904591,candidate_layering,,,1,0x551a4fe9388ff34a4f9b289e092ea3ed3d201b3e,0xcac77627f10f66ea3c7ea6aee56e3ff6656011e1,False,none,,,,
0x551a4fe9388ff34a4f9b289e092ea3ed3d201b3e,0x6b387b7e84444553a68f11c42b19b03f7782ee8f,normal_eth,0.255,0x82527def9fd47527dfed16c7ea29560757835b75fb6a590385c3e03d23ef528b,1631905088,candidate_layering,,,1,0x551a4fe9388ff34a4f9b289e092ea3ed3d201b3e,0x6b387b7e84444553a68f11c42b19b03f7782ee8f,False,none,,,,
0x551a4fe9388ff34a4f9b289e092ea3ed3d201b3e,0x77e01c2af92623ca6ba7fff138cc2c4d74203511,normal_eth,1.173,0x064c3b8df8c7b52dfa590ad89cbccb31172988af0e005da56d4ea25568eb3874,1631907438,candidate_layering,,,1,0x551a4fe9388ff34a4f9b289e092ea3ed3d201b3e,0x77e01c2af92623ca6ba7fff138cc2c4d74203511,False,none,,,,
0x551a4fe9388ff34a4f9b289e092ea3ed3d201b3e,0x7be8076f4ea4a4ad08075c2508e481d6c946d12b,normal_eth,0.799,0x4e3ad5d6bcc83545d7261c3857b9a65ffa21f64ab799bbed6d544b985a20b3a0,1631920892,candidate_layering,,,1,0x551a4fe9388ff34a4f9b289e092ea3ed3d201b3e,0x7be8076f4ea4a4ad08075c2508e481d6c946d12b,False,none,,,,
0x551a4fe9388ff34a4f9b289e092ea3ed3d201b3e,0x7be8076f4ea4a4ad08075c2508e481d6c946d12b,normal_eth,0.84,0x2207328b4760b4aa8329588c08d58a3ebaee9a94a0ef11bed04d1d230cdd0fc8,1631921626,candidate_layering,,,1,0x551a4fe9388ff34a4f9b289e092ea3ed3d201b3e,0x7be8076f4ea4a4ad08075c2508e481d6c946d12b,False,none,,,,
0x551a4fe9388ff34a4f9b289e092ea3ed3d201b3e,0x7be8076f4ea4a4ad08075c2508e481d6c946d12b,normal_eth,0.8,0xc2d8206adac72d36d9a42c00c36666ba6ba0c58735a071ae6ab16ab2d6376c17,1631921997,candidate_layering,,,1,0x551a4fe9388ff34a4f9b289e092ea3ed3d201b3e,0x7be8076f4ea4a4ad08075c2508e481d6c946d12b,False,none,,,,
0x551a4fe9388ff34a4f9b289e092ea3ed3d201b3e,0x7be8076f4ea4a4ad08075c2508e481d6c946d12b,normal_eth,0.721,0x7671b077c05b5a5dce7143475a9f19cbd99cc71696eca30c44be4095ccd4b04d,1631929671,candidate_layering,,,1,0x551a4fe9388ff34a4f9b289e092ea3ed3d201b3e,0x7be8076f4ea4a4ad08075c2508e481d6c946d12b,False,none,,,,
0x551a4fe9388ff34a4f9b289e092ea3ed3d201b3e,0xe1b6de03262cd10ac8d60939f88cc9fca02dcc07,normal_eth,1.235,0x1986642b3b9d662869a762ba33465a5dbacea6828842363f564ff2f9a33095b1,1631990045,candidate_layering,,,1,0x551a4fe9388ff34a4f9b289e092ea3ed3d201b3e,0xe1b6de03262cd10ac8d60939f88cc9fca02dcc07,False,none,,,,
0x551a4fe9388ff34a4f9b289e092ea3ed3d201b3e,0x7be8076f4ea4a4ad08075c2508e481d6c946d12b,normal_eth,0.59,0x41c7b5093f5b298b1cb043d3b761479b9cdd023442339c3c2514ee6825297571,1631993807,candidate_layering,,,1,0x551a4fe9388ff34a4f9b289e092ea3ed3d201b3e,0x7be8076f4ea4a4ad08075c2508e481d6c946d12b,False,none,,,,
0x551a4fe9388ff34a4f9b289e092ea3ed3d201b3e,0x7be8076f4ea4a4ad08075c2508e481d6c946d12b,normal_eth,0.52,0xfd82af8b30fdf7360b6e9433b2f9aad4379c51a455027364da81b7b5816b4412,1631995901,candidate_layering,,,1,0x551a4fe9388ff34a4f9b289e092ea3ed3d201b3e,0x7be8076f4ea4a4ad08075c2508e481d6c946d12b,False,none,,,,
0x551a4fe9388ff34a4f9b289e092ea3ed3d201b3e,0x8630cdeaa26d042f0f9242ca30229b425e7f243f,normal_eth,0.14,0xc65237aecdb530638007ef2d42ddff6716a4dd1706f15d4dde890c39a3966030,1632013403,candidate_layering,,,1,0x551a4fe9388ff34a4f9b289e092ea3ed3d201b3e,0x8630cdeaa26d042f0f9242ca30229b425e7f243f,False,none,,,,
0x551a4fe9388ff34a4f9b289e092ea3ed3d201b3e,0x7be8076f4ea4a4ad08075c2508e481d6c946d12b,normal_eth,0.13,0xe6edc7175bdee92303af9ca8bb1c8de7b58cb879d08da7f03b0f2d621bd1bbe2,1632018659,candidate_layering,,,1,0x551a4fe9388ff34a4f9b289e092ea3ed3d201b3e,0x7be8076f4ea4a4ad08075c2508e481d6c946d12b,False,none,,,,
0x551a4fe9388ff34a4f9b289e092ea3ed3d201b3e,0x1e4e1208ab4ba7740fe73d3728df1f89be6c649b,normal_eth,0.09216,0x4c72a141e06edcd449f52d3f684df7277f95bc12b49cc679198635680f26b091,1632181412,candidate_layering,,,1,0x551a4fe9388ff34a4f9b289e092ea3ed3d201b3e,0x1e4e1208ab4ba7740fe73d3728df1f89be6c649b,False,none,,,,
0x551a4fe9388ff34a4f9b289e092ea3ed3d201b3e,0x1e4e1208ab4ba7740fe73d3728df1f89be6c649b,normal_eth,0.09216,0x8f9ce9c742ee912b0a5d00aa43113241322da681d93b2f5f2de526d8436fdf0e,1632181932,candidate_layering,,,1,0x551a4fe9388ff34a4f9b289e092ea3ed3d201b3e,0x1e4e1208ab4ba7740fe73d3728df1f89be6c649b,False,none,,,,
0x551a4fe9388ff34a4f9b289e092ea3ed3d201b3e,0x38398a256087523e4b14c316cc59278fd5956e52,normal_eth,1.39,0x60a9f39df7b1b392f247859410608011cc69e6f83e6a580627d30076732db3ed,1632184903,candidate_layering,,,1,0x551a4fe9388ff34a4f9b289e092ea3ed3d201b3e,0x38398a256087523e4b14c316cc59278fd5956e52,False,none,,,,
0x551a4fe9388ff34a4f9b289e092ea3ed3d201b3e,0x0fe7f93b1064aca86b0090b1ef45053dc5009840,normal_eth,4.25,0x1049509202d5c37dd6e95b04de601893475143ac8a0877ce6d4f3987a944c7d5,1632195734,candidate_layering,,,1,0x551a4fe9388ff34a4f9b289e092ea3ed3d201b3e,0x0fe7f93b1064aca86b0090b1ef45053dc5009840,False,none,,,,
0x551a4fe9388ff34a4f9b289e092ea3ed3d201b3e,0x25c65721e26fa5f3c97f129f4e24972482327bc9,normal_eth,0.09,0xee7618314e80be6fe03897f67a39c5b1888d883fa6594ad7b60acf1ea370e50e,1632249453,candidate_layering,,,1,0x551a4fe9388ff34a4f9b289e092ea3ed3d201b3e,0x25c65721e26fa5f3c97f129f4e24972482327bc9,False,none,,,,
0x551a4fe9388ff34a4f9b289e092ea3ed3d201b3e,0x47e312d99c09ce61a866c83cbbbbed5a4b9d33e7,normal_eth,1.5,0x4c9c5d5eb079e118b7482ae6544392c8be4b2c747e54c98f0f6153c0ba994f29,1632254004,candidate_layering,,,1,0x551a4fe9388ff34a4f9b289e092ea3ed3d201b3e,0x47e312d99c09ce61a866c83cbbbbed5a4b9d33e7,False,none,,,,
0x551a4fe9388ff34a4f9b289e092ea3ed3d201b3e,0x0fe7f93b1064aca86b0090b1ef45053dc5009840,normal_eth,8.687166426778623,0x7d115937a5cc410d852ad1fe67c5ba6a43c4d83ab3652bc093e4ed851ff4fb6f,1632261593,candidate_layering,,,1,0x551a4fe9388ff34a4f9b289e092ea3ed3d201b3e,0x0fe7f93b1064aca86b0090b1ef45053dc5009840,False,none,,,,
0x551a4fe9388ff34a4f9b289e092ea3ed3d201b3e,0x0fe7f93b1064aca86b0090b1ef45053dc5009840,normal_eth,2.163,0x5502f5681b344be6e1ad1b56a24915eb3e53f6aaf64f9be6b16f34094ca058d9,1632281368,candidate_layering,,,1,0x551a4fe9388ff34a4f9b289e092ea3ed3d201b3e,0x0fe7f93b1064aca86b0090b1ef45053dc5009840,False,none,,,,
0x551a4fe9388ff34a4f9b289e092ea3ed3d201b3e,0x7be8076f4ea4a4ad08075c2508e481d6c946d12b,normal_eth,0.32,0x0b3c64b72efeaf2ef245983adeec5e1574f5488fe039171e2a1ba71f7b20d86f,1632281984,candidate_layering,,,1,0x551a4fe9388ff34a4f9b289e092ea3ed3d201b3e,0x7be8076f4ea4a4ad08075c2508e481d6c946d12b,False,none,,,,
0x551a4fe9388ff34a4f9b289e092ea3ed3d201b3e,0x7ffc43207fa9e1b73bd463e5c1c960c6ff7fac58,normal_eth,0.16,0xfa6e4f943d62e0aa8ee2cf5919282efd2b811473320cccc800724b5babbba9af,1632333876,candidate_layering,,,1,0x551a4fe9388ff34a4f9b289e092ea3ed3d201b3e,0x7ffc43207fa9e1b73bd463e5c1c960c6ff7fac58,False,none,,,,
0x551a4fe9388ff34a4f9b289e092ea3ed3d201b3e,0x538458b6fe98f1e5588f4da9c50944e1eb5a7aec,normal_eth,1.0,0x8e082dc907a7b0a2cafb1b164ce9d1d401ace2812b6a2bf3603500fc9593ce7e,1632344523,candidate_layering,,,1,0x551a4fe9388ff34a4f9b289e092ea3ed3d201b3e,0x538458b6fe98f1e5588f4da9c50944e1eb5a7aec,False,none,,,,
0x551a4fe9388ff34a4f9b289e092ea3ed3d201b3e,0xe772cae7e51499c2c8eb862a8f766c5b79957540,normal_eth,0.05,0xefa46b4288a82225c924eda5e6392ff86023fb615f0fee3927b58bc115dda241,1632351524,candidate_layering,,,1,0x551a4fe9388ff34a4f9b289e092ea3ed3d201b3e,0xe772cae7e51499c2c8eb862a8f766c5b79957540,False,none,,,,
0x551a4fe9388ff34a4f9b289e092ea3ed3d201b3e,0xe772cae7e51499c2c8eb862a8f766c5b79957540,normal_eth,0.05,0xe94460295305ed8b3b07f497c86cc6d208c1ab972aa15f1615c9cfbe4b1fcd23,1632351647,candidate_layering,,,1,0x551a4fe9388ff34a4f9b289e092ea3ed3d201b3e,0xe772cae7e51499c2c8eb862a8f766c5b79957540,False,none,,,,
0x551a4fe9388ff34a4f9b289e092ea3ed3d201b3e,0xecb9e5c1924075ace0ebfa65af86508529c63d4e,normal_eth,1.3917448653312876,0xb4f4bad6ca66a940beafce053627f995f4b6b3e9723518ff435561b2b80f0839,1632505571,candidate_layering,,,1,0x551a4fe9388ff34a4f9b289e092ea3ed3d201b3e,0xecb9e5c1924075ace0ebfa65af86508529c63d4e,False,none,,,,
0x551a4fe9388ff34a4f9b289e092ea3ed3d201b3e,0xcfa42467ff2db1d9bd501f86f6fbfd8d3ee5e6cf,normal_eth,0.04,0x178fb617f78edacbf25a93f0beb2adcef7de5c68ac2d50162a8852b7ddb18f6e,1632515871,candidate_layering,,,1,0x551a4fe9388ff34a4f9b289e092ea3ed3d201b3e,0xcfa42467ff2db1d9bd501f86f6fbfd8d3ee5e6cf,False,none,,,,
0x551a4fe9388ff34a4f9b289e092ea3ed3d201b3e,0x07a13eea351d501cfedf96bda8528bbc71ca5d80,normal_eth,0.05,0x85b0c520f4d5844785eb129bbb844f41ca244ff4d8abaeeaf92757e2d618147e,1632531913,candidate_layering,,,1,0x551a4fe9388ff34a4f9b289e092ea3ed3d201b3e,0x07a13eea351d501cfedf96bda8528bbc71ca5d80,False,none,,,,
0x551a4fe9388ff34a4f9b289e092ea3ed3d201b3e,0x7be8076f4ea4a4ad08075c2508e481d6c946d12b,normal_eth,0.5,0x23a4ccabbfc523aa8d910fd29df9f4eac437524ff6ebfa4346ba644e548d7164,1632670946,candidate_layering,,,1,0x551a4fe9388ff34a4f9b289e092ea3ed3d201b3e,0x7be8076f4ea4a4ad08075c2508e481d6c946d12b,False,none,,,,
0x551a4fe9388ff34a4f9b289e092ea3ed3d201b3e,0x7be8076f4ea4a4ad08075c2508e481d6c946d12b,normal_eth,0.457,0x632adfe34800b4f333ed4ae70df78f86659cd91dddde0b290585f69a1cd090d5,1632673576,candidate_layering,,,1,0x551a4fe9388ff34a4f9b289e092ea3ed3d201b3e,0x7be8076f4ea4a4ad08075c2508e481d6c946d12b,False,none,,,,
0x551a4fe9388ff34a4f9b289e092ea3ed3d201b3e,0x335eeef8e93a7a757d9e7912044d9cd264e2b2d8,normal_eth,0.07,0x306042cd37c8041b3433ccab4e1ef7e8914f41ccfa6410c9d2b5adfabfd44a31,1632673803,candidate_layering,,,1,0x551a4fe9388ff34a4f9b289e092ea3ed3d201b3e,0x335eeef8e93a7a757d9e7912044d9cd264e2b2d8,False,none,,,,
0x551a4fe9388ff34a4f9b289e092ea3ed3d201b3e,0x7be8076f4ea4a4ad08075c2508e481d6c946d12b,normal_eth,0.1,0xbd934ac2781a227f579330a24dd4154204115bb4cf7a062cafd18b1540c7623b,1632682360,candidate_layering,,,1,0x551a4fe9388ff34a4f9b289e092ea3ed3d201b3e,0x7be8076f4ea4a4ad08075c2508e481d6c946d12b,False,none,,,,
0x551a4fe9388ff34a4f9b289e092ea3ed3d201b3e,0xfcf5b7d05bae6a12b02dfb297ef8eb97eddc8f52,normal_eth,0.22986,0xdd4391506cf4ab1c2aa7628d945e3eaf822413501b37f7429d26648024972129,1632683548,candidate_layering,,,1,0x551a4fe9388ff34a4f9b289e092ea3ed3d201b3e,0xfcf5b7d05bae6a12b02dfb297ef8eb97eddc8f52,False,none,,,,
0x551a4fe9388ff34a4f9b289e092ea3ed3d201b3e,0x7be8076f4ea4a4ad08075c2508e481d6c946d12b,normal_eth,0.52,0x5b04470cd3f33fbe5891fc3303d2312816d5d4d8dfcb988d77c0570d835f8b65,1632702922,candidate_layering,,,1,0x551a4fe9388ff34a4f9b289e092ea3ed3d201b3e,0x7be8076f4ea4a4ad08075c2508e481d6c946d12b,False,none,,,,
0x551a4fe9388ff34a4f9b289e092ea3ed3d201b3e,0xc064d1ef95411431db8bb1f877a83002c7f6cdc3,normal_eth,0.7956867413126921,0xf001df77939eea210f1c6b46c5c688f1edd6d10dda331a5a1cd8323611f800be,1632711344,candidate_layering,,,1,0x551a4fe9388ff34a4f9b289e092ea3ed3d201b3e,0xc064d1ef95411431db8bb1f877a83002c7f6cdc3,False,none,,,,
0x551a4fe9388ff34a4f9b289e092ea3ed3d201b3e,0x350b4cdd07cc5836e30086b993d27983465ec014,normal_eth,0.1,0x47dded205675770321233f2223cab783655fca40f02aed6644d890934897d729,1632782269,candidate_layering,,,1,0x551a4fe9388ff34a4f9b289e092ea3ed3d201b3e,0x350b4cdd07cc5836e30086b993d27983465ec014,False,none,,,,
0x551a4fe9388ff34a4f9b289e092ea3ed3d201b3e,0x3d976d313d775661b8273db522adf35e2b2dd5d9,normal_eth,0.76,0x32b12bb88159fd685cd638590ed8fe6091fa69bb6d663a2019237f2eefa51912,1632782527,candidate_layering,,,1,0x551a4fe9388ff34a4f9b289e092ea3ed3d201b3e,0x3d976d313d775661b8273db522adf35e2b2dd5d9,False,none,,,,
0x551a4fe9388ff34a4f9b289e092ea3ed3d201b3e,0xb90aa859f168bf36faf5bf6ea15c1363beb31254,normal_eth,0.999428304670669,0xe9baa6eec5f726831628ac65bebe2dee84ea47b3fe9ba4fb3eb538687dd9380b,1632785663,candidate_layering,,,1,0x551a4fe9388ff34a4f9b289e092ea3ed3d201b3e,0xb90aa859f168bf36faf5bf6ea15c1363beb31254,False,none,,,,
0x551a4fe9388ff34a4f9b289e092ea3ed3d201b3e,0x58ad99d0d7b0a4c4fe1daed9da13cd14c7f272b1,normal_eth,0.1806767723166437,0x3186880d5038d3f21ad8404ec11320a64b574e935ea990021fffed3c6b71b88d,1632798806,candidate_layering,,,1,0x551a4fe9388ff34a4f9b289e092ea3ed3d201b3e,0x58ad99d0d7b0a4c4fe1daed9da13cd14c7f272b1,False,none,,,,
0x551a4fe9388ff34a4f9b289e092ea3ed3d201b3e,0x8402fddbf85e7905e8c6edc8738636c90160b690,normal_eth,0.336,0x1de12666caa42a06abd33ff3515cd2f058bfe1374ae5f7d834f32febb733a72e,1632798985,candidate_layering,,,1,0x551a4fe9388ff34a4f9b289e092ea3ed3d201b3e,0x8402fddbf85e7905e8c6edc8738636c90160b690,False,none,,,,
0x551a4fe9388ff34a4f9b289e092ea3ed3d201b3e,0x7eb3de63cd40f8fba05898182a158bd4d85e7099,normal_eth,4.3,0x1705c50311f9f2d44c6bebc1f57540261e58f3e05692c12d53a8f5d35cea9084,1632842977,candidate_layering,,,1,0x551a4fe9388ff34a4f9b289e092ea3ed3d201b3e,0x7eb3de63cd40f8fba05898182a158bd4d85e7099,False,none,,,,
0x551a4fe9388ff34a4f9b289e092ea3ed3d201b3e,0xb1335d8283ee447f41de1dfac9c66f3384e79648,normal_eth,3.5,0x6d2fbcdc8e0ae467a3800efdb06aa2df29da4115ec85944f46efb514bd23ccb5,1632845876,candidate_layering,,,1,0x551a4fe9388ff34a4f9b289e092ea3ed3d201b3e,0xb1335d8283ee447f41de1dfac9c66f3384e79648,False,none,,,,
0x551a4fe9388ff34a4f9b289e092ea3ed3d201b3e,0x7eb3de63cd40f8fba05898182a158bd4d85e7099,normal_eth,3.588,0xca8db9ff3f8f6fe004ccc4f818c934b3cc76b243b12e8ae02e0a035900b62a33,1632862038,candidate_layering,,,1,0x551a4fe9388ff34a4f9b289e092ea3ed3d201b3e,0x7eb3de63cd40f8fba05898182a158bd4d85e7099,False,none,,,,
0x551a4fe9388ff34a4f9b289e092ea3ed3d201b3e,0x0fe7f93b1064aca86b0090b1ef45053dc5009840,normal_eth,4.034,0x0a78a9e780e4d7ffdda8b9eca969d76337a6693ebcadfde40252a7f9aa5fa93f,1632862973,candidate_layering,,,1,0x551a4fe9388ff34a4f9b289e092ea3ed3d201b3e,0x0fe7f93b1064aca86b0090b1ef45053dc5009840,False,none,,,,
0x551a4fe9388ff34a4f9b289e092ea3ed3d201b3e,0x7be8076f4ea4a4ad08075c2508e481d6c946d12b,normal_eth,0.385,0xf755635bc921a8f78ed958c94942a5c779fb9351ec3795c77c5afc7c09622d06,1632872430,candidate_layering,,,1,0x551a4fe9388ff34a4f9b289e092ea3ed3d201b3e,0x7be8076f4ea4a4ad08075c2508e481d6c946d12b,False,none,,,,
0x551a4fe9388ff34a4f9b289e092ea3ed3d201b3e,0x7be8076f4ea4a4ad08075c2508e481d6c946d12b,normal_eth,0.498,0xafad479eb0b8df195ebdd8328010304222e16f252e96aa93b7bd2f93876abcfe,1632872677,candidate_layering,,,1,0x551a4fe9388ff34a4f9b289e092ea3ed3d201b3e,0x7be8076f4ea4a4ad08075c2508e481d6c946d12b,False,none,,,,
0x551a4fe9388ff34a4f9b289e092ea3ed3d201b3e,0x7be8076f4ea4a4ad08075c2508e481d6c946d12b,normal_eth,0.4699,0x8ac0eff44afc61417121fe67b9de9fd18293b9751ca98aaa828b00fecaf567f3,1632872791,candidate_layering,,,1,0x551a4fe9388ff34a4f9b289e092ea3ed3d201b3e,0x7be8076f4ea4a4ad08075c2508e481d6c946d12b,False,none,,,,
0x551a4fe9388ff34a4f9b289e092ea3ed3d201b3e,0x3f7345d3482ccf71f0853212be4cba745197f068,normal_eth,0.03,0x60788ba78c89ff456edb147de84a100962e11767e3b700161fa9aa93e79733a6,1632876753,candidate_layering,,,1,0x551a4fe9388ff34a4f9b289e092ea3ed3d201b3e,0x3f7345d3482ccf71f0853212be4cba745197f068,False,none,,,,
0x551a4fe9388ff34a4f9b289e092ea3ed3d201b3e,0x7be8076f4ea4a4ad08075c2508e481d6c946d12b,normal_eth,0.4,0xe55a64b815d56d4f99dce27ef34fbb45f0afff5c81414b321459ca7b68c912ce,1632886654,candidate_layering,,,1,0x551a4fe9388ff34a4f9b289e092ea3ed3d201b3e,0x7be8076f4ea4a4ad08075c2508e481d6c946d12b,False,none,,,,
0x551a4fe9388ff34a4f9b289e092ea3ed3d201b3e,0xaa5c62eac445fdaa64432774045ebdf1bec8a50d,normal_eth,0.43,0x9b006bd19f4d036da844ec8d38222bd9d0ebd4c932b355ed822b1dd915dd9ded,1632917235,candidate_layering,,,1,0x551a4fe9388ff34a4f9b289e092ea3ed3d201b3e,0xaa5c62eac445fdaa64432774045ebdf1bec8a50d,False,none,,,,
0x551a4fe9388ff34a4f9b289e092ea3ed3d201b3e,0x3f7345d3482ccf71f0853212be4cba745197f068,normal_eth,0.07,0x12608ce2d0aefe7cbf1a36d06429fa2e897e0248dc96de1c40079498f1639f64,1632937799,candidate_layering,,,1,0x551a4fe9388ff34a4f9b289e092ea3ed3d201b3e,0x3f7345d3482ccf71f0853212be4cba745197f068,False,none,,,,
0x551a4fe9388ff34a4f9b289e092ea3ed3d201b3e,0x9388926eca492e867f9cbe0630243f9595df958f,normal_eth,0.08,0xc14b1f8f4ecf868ccdec622bc7fa2cedf1a31af5a4d7e828165760c26724e65f,1632939827,candidate_layering,,,1,0x551a4fe9388ff34a4f9b289e092ea3ed3d201b3e,0x9388926eca492e867f9cbe0630243f9595df958f,False,none,,,,
0x551a4fe9388ff34a4f9b289e092ea3ed3d201b3e,0xcae5a0c85477f486dc5237b446a4fdbd58f08535,normal_eth,1.145,0x4f6cb794da90cfa1728e554c9c24cee2e566838d532f10685d557311e03949cf,1632954627,candidate_layering,,,1,0x551a4fe9388ff34a4f9b289e092ea3ed3d201b3e,0xcae5a0c85477f486dc5237b446a4fdbd58f08535,False,none,,,,
0x551a4fe9388ff34a4f9b289e092ea3ed3d201b3e,0xc02aaa39b223fe8d0a0e5c4f27ead9083c756cc2,normal_eth,0.6,0x0e8e216a30b586b5127ec0adc31954f1509a36f3bdcb877bc7c5737c81d7235e,1632970846,candidate_layering,,,1,0x551a4fe9388ff34a4f9b289e092ea3ed3d201b3e,0xc02aaa39b223fe8d0a0e5c4f27ead9083c756cc2,False,none,,,,
0x551a4fe9388ff34a4f9b289e092ea3ed3d201b3e,0x0fe7f93b1064aca86b0090b1ef45053dc5009840,normal_eth,1.012,0x62654edfeb0c3dbfd1f8f4f9666d873445cf939fbe54e3c33b53ecdb406e9688,1632997304,candidate_layering,,,1,0x551a4fe9388ff34a4f9b289e092ea3ed3d201b3e,0x0fe7f93b1064aca86b0090b1ef45053dc5009840,False,none,,,,
0x551a4fe9388ff34a4f9b289e092ea3ed3d201b3e,0x90f6e5836d203205115676226986c3849511ce8e,normal_eth,1.0,0x617aabfb5729f6e3ee579e577bd42412f97ebe4d7d48d047058385812df99c25,1633027082,candidate_layering,,,1,0x551a4fe9388ff34a4f9b289e092ea3ed3d201b3e,0x90f6e5836d203205115676226986c3849511ce8e,False,none,,,,
0x551a4fe9388ff34a4f9b289e092ea3ed3d201b3e,0x7b5bdaabacb22401d03ee2b99e079c121dffab9d,normal_eth,0.396169045331643,0x4aa369f66a04b9a9c6a7417814b5cb9ac7d235e273a884ac40600f7e4db6795c,1633029990,candidate_layering,,,1,0x551a4fe9388ff34a4f9b289e092ea3ed3d201b3e,0x7b5bdaabacb22401d03ee2b99e079c121dffab9d,False,none,,,,
0x551a4fe9388ff34a4f9b289e092ea3ed3d201b3e,0xd8cdc4f0e7da276ef6697aec666e5b1a56895ab7,normal_eth,2.0,0x7f677a48ef7f57433d525fb62f0ecbe0e14b2fd90fe596c12ebadbcbb4faeb62,1633030723,candidate_layering,,,1,0x551a4fe9388ff34a4f9b289e092ea3ed3d201b3e,0xd8cdc4f0e7da276ef6697aec666e5b1a56895ab7,False,none,,,,
0x551a4fe9388ff34a4f9b289e092ea3ed3d201b3e,0x1633eaeed93c9e1b2f230b10ae6f952799d5e4df,normal_eth,0.06,0xe952a79e1617088e14b81ab29f2e7984eab7320cd7987c21c46553f47002b3e1,1633031202,candidate_layering,,,1,0x551a4fe9388ff34a4f9b289e092ea3ed3d201b3e,0x1633eaeed93c9e1b2f230b10ae6f952799d5e4df,False,none,,,,
0x551a4fe9388ff34a4f9b289e092ea3ed3d201b3e,0xd668a2e001f3385b8bbc5a8682ac3c0d83c19122,normal_eth,1.2338298125,0x705918ced3a00b892a513f42b64f5723bd867ec4fd28743d63cd2b0f461d9a14,1633045117,candidate_layering,,,1,0x551a4fe9388ff34a4f9b289e092ea3ed3d201b3e,0xd668a2e001f3385b8bbc5a8682ac3c0d83c19122,False,none,,,,
0x551a4fe9388ff34a4f9b289e092ea3ed3d201b3e,0x127d5af3c413fc60a30fc3d555aaf3298eb1ba04,normal_eth,1.0,0xa3531b906ba2649f104cbe448abbc43740de32bbd612e8d6367045474bbb26dd,1633046101,candidate_layering,,,1,0x551a4fe9388ff34a4f9b289e092ea3ed3d201b3e,0x127d5af3c413fc60a30fc3d555aaf3298eb1ba04,False,none,,,,
0x551a4fe9388ff34a4f9b289e092ea3ed3d201b3e,0xb0ccd855ac5c1a56b0b6ee51079f26160e0789be,normal_eth,1.0,0x5242a51546ea4cdf5d07fc97b8bc66787b311eed694e9b3905ad4b6300d285f4,1633054409,candidate_layering,,,1,0x551a4fe9388ff34a4f9b289e092ea3ed3d201b3e,0xb0ccd855ac5c1a56b0b6ee51079f26160e0789be,False,none,,,,
0x551a4fe9388ff34a4f9b289e092ea3ed3d201b3e,0xb9e971c00b1257d0f6d67eff37f4a46e1ab6bf24,normal_eth,0.08,0x212b951f00311d234e603ecb9457a645669d079c553efbd25434497572de4849,1633055297,candidate_layering,,,1,0x551a4fe9388ff34a4f9b289e092ea3ed3d201b3e,0xb9e971c00b1257d0f6d67eff37f4a46e1ab6bf24,False,none,,,,
0x551a4fe9388ff34a4f9b289e092ea3ed3d201b3e,0x099a16f0414cb0cc0555d5f1f8140166462d39ff,normal_eth,0.3,0x84cb34cd021cc026e843f68d2a28a67c356a5dbcf10bb140360834a4703b7e53,1633127450,candidate_layering,,,1,0x551a4fe9388ff34a4f9b289e092ea3ed3d201b3e,0x099a16f0414cb0cc0555d5f1f8140166462d39ff,False,none,,,,
0x551a4fe9388ff34a4f9b289e092ea3ed3d201b3e,0x099a16f0414cb0cc0555d5f1f8140166462d39ff,normal_eth,0.09,0xec7629db959fe04333e27e7f284079b88be55311f236b11b246af68286a75470,1633127716,candidate_layering,,,1,0x551a4fe9388ff34a4f9b289e092ea3ed3d201b3e,0x099a16f0414cb0cc0555d5f1f8140166462d39ff,False,none,,,,
0x551a4fe9388ff34a4f9b289e092ea3ed3d201b3e,0x7a250d5630b4cf539739df2c5dacb4c659f2488d,normal_eth,0.0464714252811219,0xd937709fed7b06fe62d66d4709dec7cae4d0006c27323824ffae62636d5e9cb9,1633144018,candidate_layering,,,1,0x551a4fe9388ff34a4f9b289e092ea3ed3d201b3e,0x7a250d5630b4cf539739df2c5dacb4c659f2488d,True,target,Uniswap V2 Router02,Decentralized Exchange,Official Uniswap deployments,Official Uniswap V2 mainnet router; appears in uploaded tracking targets.
0x551a4fe9388ff34a4f9b289e092ea3ed3d201b3e,0x7a250d5630b4cf539739df2c5dacb4c659f2488d,normal_eth,0.0375897359108761,0xffea971ddeba8a0d8cf33135a9deaa02aaf8ac2c586644bb69201bfcf9ed2f2b,1633144084,candidate_layering,,,1,0x551a4fe9388ff34a4f9b289e092ea3ed3d201b3e,0x7a250d5630b4cf539739df2c5dacb4c659f2488d,True,target,Uniswap V2 Router02,Decentralized Exchange,Official Uniswap deployments,Official Uniswap V2 mainnet router; appears in uploaded tracking targets.
0x551a4fe9388ff34a4f9b289e092ea3ed3d201b3e,0x7a250d5630b4cf539739df2c5dacb4c659f2488d,normal_eth,0.1855514970714432,0xd716981504c34a1af1d726bab6d37a3208e3502809a93ae9a4ddcb5937927b11,1633148687,candidate_layering,,,1,0x551a4fe9388ff34a4f9b289e092ea3ed3d201b3e,0x7a250d5630b4cf539739df2c5dacb4c659f2488d,True,target,Uniswap V2 Router02,Decentralized Exchange,Official Uniswap deployments,Official Uniswap V2 mainnet router; appears in uploaded tracking targets.
0x551a4fe9388ff34a4f9b289e092ea3ed3d201b3e,0x7a250d5630b4cf539739df2c5dacb4c659f2488d,normal_eth,0.0109768463570438,0x120a28d15bda90e4a9a26cdb3d3bc68b1f256c822e2eb47468ca02fe7d467c2a,1633184000,candidate_layering,,,1,0x551a4fe9388ff34a4f9b289e092ea3ed3d201b3e,0x7a250d5630b4cf539739df2c5dacb4c659f2488d,True,target,Uniswap V2 Router02,Decentralized Exchange,Official Uniswap deployments,Official Uniswap V2 mainnet router; appears in uploaded tracking targets.
0x551a4fe9388ff34a4f9b289e092ea3ed3d201b3e,0x7a250d5630b4cf539739df2c5dacb4c659f2488d,normal_eth,0.0367920481754017,0x0568d9bd519f5c187c90c5fcc95aa84d0f39438dd5baf2f19497ab9c8aa9b8bf,1633191934,candidate_layering,,,1,0x551a4fe9388ff34a4f9b289e092ea3ed3d201b3e,0x7a250d5630b4cf539739df2c5dacb4c659f2488d,True,target,Uniswap V2 Router02,Decentralized Exchange,Official Uniswap deployments,Official Uniswap V2 mainnet router; appears in uploaded tracking targets.
0x551a4fe9388ff34a4f9b289e092ea3ed3d201b3e,0xb1335d8283ee447f41de1dfac9c66f3384e79648,normal_eth,2.44,0xe96b506c2dc8b897fc6594dbe5c15266eeb84fd9db777d53052beb21fdcb3087,1633208414,candidate_layering,,,1,0x551a4fe9388ff34a4f9b289e092ea3ed3d201b3e,0xb1335d8283ee447f41de1dfac9c66f3384e79648,False,none,,,,
0x551a4fe9388ff34a4f9b289e092ea3ed3d201b3e,0x7a250d5630b4cf539739df2c5dacb4c659f2488d,normal_eth,0.1027127596844499,0xe2e214b6c2fa77c8ba2e98bb2e94b2e5ed0ccc3d7cdc63c057ad04a6594a5768,1633210833,candidate_layering,,,1,0x551a4fe9388ff34a4f9b289e092ea3ed3d201b3e,0x7a250d5630b4cf539739df2c5dacb4c659f2488d,True,target,Uniswap V2 Router02,Decentralized Exchange,Official Uniswap deployments,Official Uniswap V2 mainnet router; appears in uploaded tracking targets.
0x551a4fe9388ff34a4f9b289e092ea3ed3d201b3e,0xb1335d8283ee447f41de1dfac9c66f3384e79648,normal_eth,0.06,0xd1e5161143e7e240ee384a9582f34451e8ae1866b469df2703c6422e655159c3,1633221475,candidate_layering,,,1,0x551a4fe9388ff34a4f9b289e092ea3ed3d201b3e,0xb1335d8283ee447f41de1dfac9c66f3384e79648,False,none,,,,
0x551a4fe9388ff34a4f9b289e092ea3ed3d201b3e,0x7a250d5630b4cf539739df2c5dacb4c659f2488d,normal_eth,0.2020535462350745,0x2044a80451a07737d7c8b6c77cfd7b839485b0e61bab5119cc4467851a0b3d15,1633223006,candidate_layering,,,1,0x551a4fe9388ff34a4f9b289e092ea3ed3d201b3e,0x7a250d5630b4cf539739df2c5dacb4c659f2488d,True,target,Uniswap V2 Router02,Decentralized Exchange,Official Uniswap deployments,Official Uniswap V2 mainnet router; appears in uploaded tracking targets.
0x551a4fe9388ff34a4f9b289e092ea3ed3d201b3e,0x7a250d5630b4cf539739df2c5dacb4c659f2488d,normal_eth,0.2010190339705485,0xc375513e52c2738d586108e98e0c8bbafec63356b41fa4b81b0c58004e577f67,1633223024,candidate_layering,,,1,0x551a4fe9388ff34a4f9b289e092ea3ed3d201b3e,0x7a250d5630b4cf539739df2c5dacb4c659f2488d,True,target,Uniswap V2 Router02,Decentralized Exchange,Official Uniswap deployments,Official Uniswap V2 mainnet router; appears in uploaded tracking targets.
0x551a4fe9388ff34a4f9b289e092ea3ed3d201b3e,0xd0a3a5b74ff8e1ccea33053cfbdbf088b72f9bd0,normal_eth,0.7,0xf18134e32939e70d52d089aee8b07f6db8a08f95c4b27233446918a1c83f2842,1633226482,candidate_layering,,,1,0x551a4fe9388ff34a4f9b289e092ea3ed3d201b3e,0xd0a3a5b74ff8e1ccea33053cfbdbf088b72f9bd0,False,none,,,,
0x551a4fe9388ff34a4f9b289e092ea3ed3d201b3e,0x7cfb09b83d502ca3317d93e65d0679c83c904ffe,normal_eth,1.0,0x04a7e148fc9a93999ff13248bb0357563c2209efa4f0e3716802cd1158ae6144,1633227833,candidate_layering,,,1,0x551a4fe9388ff34a4f9b289e092ea3ed3d201b3e,0x7cfb09b83d502ca3317d93e65d0679c83c904ffe,False,none,,,,
0x551a4fe9388ff34a4f9b289e092ea3ed3d201b3e,0xda4d0d342f4595bb83e5054e8e072e086c2c2d07,normal_eth,1.5,0x5c4c68bd938b4b21b9c34370a41cac64dd2521bec856649bb4ff7f2b216fae05,1633228617,candidate_layering,,,1,0x551a4fe9388ff34a4f9b289e092ea3ed3d201b3e,0xda4d0d342f4595bb83e5054e8e072e086c2c2d07,False,none,,,,
0x551a4fe9388ff34a4f9b289e092ea3ed3d201b3e,0xc02aaa39b223fe8d0a0e5c4f27ead9083c756cc2,normal_eth,3.0,0x4ea5120a57659b8964913742c92ed053b438c4baa58a919f2a5aab6a8406c08e,1633235250,candidate_layering,,,1,0x551a4fe9388ff34a4f9b289e092ea3ed3d201b3e,0xc02aaa39b223fe8d0a0e5c4f27ead9083c756cc2,False,none,,,,
0x551a4fe9388ff34a4f9b289e092ea3ed3d201b3e,0xc02aaa39b223fe8d0a0e5c4f27ead9083c756cc2,normal_eth,0.25,0xf81d6e4d4337369aa63f56b59be620f85544ca20aa2b5709b0c63760becf6aef,1633269499,candidate_layering,,,1,0x551a4fe9388ff34a4f9b289e092ea3ed3d201b3e,0xc02aaa39b223fe8d0a0e5c4f27ead9083c756cc2,False,none,,,,
0x551a4fe9388ff34a4f9b289e092ea3ed3d201b3e,0xc02aaa39b223fe8d0a0e5c4f27ead9083c756cc2,normal_eth,0.38,0xfe793e733797351ce71cef17825bfcebd4d28763eef83b268883595b99251bf8,1633269684,candidate_layering,,,1,0x551a4fe9388ff34a4f9b289e092ea3ed3d201b3e,0xc02aaa39b223fe8d0a0e5c4f27ead9083c756cc2,False,none,,,,
0x551a4fe9388ff34a4f9b289e092ea3ed3d201b3e,0x7be8076f4ea4a4ad08075c2508e481d6c946d12b,normal_eth,3.0,0xf1dcf4820eab735678ba461b569ae6f5242ab84e791bc4a0094cf8edfb23d115,1633273485,candidate_layering,,,1,0x551a4fe9388ff34a4f9b289e092ea3ed3d201b3e,0x7be8076f4ea4a4ad08075c2508e481d6c946d12b,False,none,,,,
0x551a4fe9388ff34a4f9b289e092ea3ed3d201b3e,0x7be8076f4ea4a4ad08075c2508e481d6c946d12b,normal_eth,0.85,0xc8701cd2b203d0f979135a4d363d7d4892276c799628a09195c25309eebdac53,1633274583,candidate_layering,,,1,0x551a4fe9388ff34a4f9b289e092ea3ed3d201b3e,0x7be8076f4ea4a4ad08075c2508e481d6c946d12b,False,none,,,,
0x551a4fe9388ff34a4f9b289e092ea3ed3d201b3e,0x7be8076f4ea4a4ad08075c2508e481d6c946d12b,normal_eth,0.9,0xc2e4eb262c11f7c96bd48546d783b6a1ace7fcd7228779177641e80ab10ace5d,1633274743,candidate_layering,,,1,0x551a4fe9388ff34a4f9b289e092ea3ed3d201b3e,0x7be8076f4ea4a4ad08075c2508e481d6c946d12b,False,none,,,,
0x551a4fe9388ff34a4f9b289e092ea3ed3d201b3e,0x7be8076f4ea4a4ad08075c2508e481d6c946d12b,normal_eth,0.9,0x2e3b5654f68c883f46475f33b34e2695048e1b7f18a8737b8a480433d89838a9,1633275057,candidate_layering,,,1,0x551a4fe9388ff34a4f9b289e092ea3ed3d201b3e,0x7be8076f4ea4a4ad08075c2508e481d6c946d12b,False,none,,,,
0x551a4fe9388ff34a4f9b289e092ea3ed3d201b3e,0x7be8076f4ea4a4ad08075c2508e481d6c946d12b,normal_eth,0.9,0xf7b6a1d2b338b208a74809eab9a18462dbc79683a567af8b036993b02f041b06,1633275272,candidate_layering,,,1,0x551a4fe9388ff34a4f9b289e092ea3ed3d201b3e,0x7be8076f4ea4a4ad08075c2508e481d6c946d12b,False,none,,,,
0x551a4fe9388ff34a4f9b289e092ea3ed3d201b3e,0x7be8076f4ea4a4ad08075c2508e481d6c946d12b,normal_eth,0.95,0xb17d2dd521deb89efbd441a2181408ce003cce695497a5e609ea62c144b3fa91,1633275425,candidate_layering,,,1,0x551a4fe9388ff34a4f9b289e092ea3ed3d201b3e,0x7be8076f4ea4a4ad08075c2508e481d6c946d12b,False,none,,,,
0x551a4fe9388ff34a4f9b289e092ea3ed3d201b3e,0x7be8076f4ea4a4ad08075c2508e481d6c946d12b,normal_eth,1.0,0xed95907fd32da5633357ff3cb1e073a9fc97972a913bafd66c74b5da5b13bd05,1633275770,candidate_layering,,,1,0x551a4fe9388ff34a4f9b289e092ea3ed3d201b3e,0x7be8076f4ea4a4ad08075c2508e481d6c946d12b,False,none,,,,
0x551a4fe9388ff34a4f9b289e092ea3ed3d201b3e,0x7be8076f4ea4a4ad08075c2508e481d6c946d12b,normal_eth,1.5,0x071dba510576a8cdb3109547ac291bd43fda9707dcf36434e4e216d97b5d7c87,1633275983,candidate_layering,,,1,0x551a4fe9388ff34a4f9b289e092ea3ed3d201b3e,0x7be8076f4ea4a4ad08075c2508e481d6c946d12b,False,none,,,,
0x551a4fe9388ff34a4f9b289e092ea3ed3d201b3e,0x7be8076f4ea4a4ad08075c2508e481d6c946d12b,normal_eth,1.65,0xc235b8e9a164aad4c1da6504cebc9246bc196e0f44c2672a315427d6be967d70,1633276459,candidate_layering,,,1,0x551a4fe9388ff34a4f9b289e092ea3ed3d201b3e,0x7be8076f4ea4a4ad08075c2508e481d6c946d12b,False,none,,,,
0x551a4fe9388ff34a4f9b289e092ea3ed3d201b3e,0x7be8076f4ea4a4ad08075c2508e481d6c946d12b,normal_eth,0.0526,0xa6d0e3d1ce487cb07dbeac8807ef87604513da65ca36616ee63e066cbcbe9769,1633282233,candidate_layering,,,1,0x551a4fe9388ff34a4f9b289e092ea3ed3d201b3e,0x7be8076f4ea4a4ad08075c2508e481d6c946d12b,False,none,,,,
0x551a4fe9388ff34a4f9b289e092ea3ed3d201b3e,0x7be8076f4ea4a4ad08075c2508e481d6c946d12b,normal_eth,0.0526,0x7028d40f3098867e3c200f1be098626f11b7f4e7ec5f369632f1938bd7b31338,1633282289,candidate_layering,,,1,0x551a4fe9388ff34a4f9b289e092ea3ed3d201b3e,0x7be8076f4ea4a4ad08075c2508e481d6c946d12b,False,none,,,,
0x551a4fe9388ff34a4f9b289e092ea3ed3d201b3e,0x7be8076f4ea4a4ad08075c2508e481d6c946d12b,normal_eth,3.5,0x00616fb0c7ae3d2201c74fde2daf906111b17147d124b6afec827fe59f30380b,1633310123,candidate_layering,,,1,0x551a4fe9388ff34a4f9b289e092ea3ed3d201b3e,0x7be8076f4ea4a4ad08075c2508e481d6c946d12b,False,none,,,,
0x551a4fe9388ff34a4f9b289e092ea3ed3d201b3e,0xc92d06c74a26aeaf4d1a1273fac171f3b09fac79,normal_eth,0.25,0x0ec059648076af99c0ec0343f72b3215508ab74c0ad790c44ea7fe5006f6ea35,1633311022,candidate_layering,,,1,0x551a4fe9388ff34a4f9b289e092ea3ed3d201b3e,0xc92d06c74a26aeaf4d1a1273fac171f3b09fac79,False,none,,,,
0x551a4fe9388ff34a4f9b289e092ea3ed3d201b3e,0x7be8076f4ea4a4ad08075c2508e481d6c946d12b,normal_eth,0.5,0x2b16b49882d5505b0a371aa1256618b151210965566af938e4902f3b3e0a274a,1633321413,candidate_layering,,,1,0x551a4fe9388ff34a4f9b289e092ea3ed3d201b3e,0x7be8076f4ea4a4ad08075c2508e481d6c946d12b,False,none,,,,
0x551a4fe9388ff34a4f9b289e092ea3ed3d201b3e,0x7a250d5630b4cf539739df2c5dacb4c659f2488d,normal_eth,0.3222365837957976,0xf016031022c0b79f571e503dcf72bc23aee1f8af7fe9c73cd9d043b83e7d16c8,1633388381,candidate_layering,,,1,0x551a4fe9388ff34a4f9b289e092ea3ed3d201b3e,0x7a250d5630b4cf539739df2c5dacb4c659f2488d,True,target,Uniswap V2 Router02,Decentralized Exchange,Official Uniswap deployments,Official Uniswap V2 mainnet router; appears in uploaded tracking targets.
0x551a4fe9388ff34a4f9b289e092ea3ed3d201b3e,0x7be8076f4ea4a4ad08075c2508e481d6c946d12b,normal_eth,1.5,0xaa503cf15b46e2fcc8f9bc99598ee4ad6abb6b66ee2c3fe771a04bd24f66a5ed,1633396510,candidate_layering,,,1,0x551a4fe9388ff34a4f9b289e092ea3ed3d201b3e,0x7be8076f4ea4a4ad08075c2508e481d6c946d12b,False,none,,,,
0x551a4fe9388ff34a4f9b289e092ea3ed3d201b3e,0x3f7345d3482ccf71f0853212be4cba745197f068,normal_eth,0.03,0xe508d18c50f5838369527bc33c3f4ffca45d6533b6c18d2f183f93e28bfcdf72,1633401229,candidate_layering,,,1,0x551a4fe9388ff34a4f9b289e092ea3ed3d201b3e,0x3f7345d3482ccf71f0853212be4cba745197f068,False,none,,,,
0x551a4fe9388ff34a4f9b289e092ea3ed3d201b3e,0x3f7345d3482ccf71f0853212be4cba745197f068,normal_eth,0.03,0x946815195e34cb5bfef8a03ddf79c7a1a966c5c2123b1732ad136af164c35e16,1633401274,candidate_layering,,,1,0x551a4fe9388ff34a4f9b289e092ea3ed3d201b3e,0x3f7345d3482ccf71f0853212be4cba745197f068,False,none,,,,
0x551a4fe9388ff34a4f9b289e092ea3ed3d201b3e,0x7be8076f4ea4a4ad08075c2508e481d6c946d12b,normal_eth,2.85,0xde76339da19c8d8c62f000ae30934f56d06d8ec8384e5d66f19d5df11b49437f,1633402794,candidate_layering,,,1,0x551a4fe9388ff34a4f9b289e092ea3ed3d201b3e,0x7be8076f4ea4a4ad08075c2508e481d6c946d12b,False,none,,,,
0x551a4fe9388ff34a4f9b289e092ea3ed3d201b3e,0x0fe7f93b1064aca86b0090b1ef45053dc5009840,normal_eth,4.16,0x291ba0e7dce0ba54bc30dc79351ba7fecceb61a9bc001db4bc17463020ad1372,1633404671,candidate_layering,,,1,0x551a4fe9388ff34a4f9b289e092ea3ed3d201b3e,0x0fe7f93b1064aca86b0090b1ef45053dc5009840,False,none,,,,
0x551a4fe9388ff34a4f9b289e092ea3ed3d201b3e,0x7be8076f4ea4a4ad08075c2508e481d6c946d12b,normal_eth,0.04,0x6f50f8c26865b8c96d961de6036ab44fd02a844ea7dc934f5ff007aa8d2a3e6c,1633475274,candidate_layering,,,1,0x551a4fe9388ff34a4f9b289e092ea3ed3d201b3e,0x7be8076f4ea4a4ad08075c2508e481d6c946d12b,False,none,,,,
0x551a4fe9388ff34a4f9b289e092ea3ed3d201b3e,0xaa5c62eac445fdaa64432774045ebdf1bec8a50d,normal_eth,0.3,0xfbb9426c094c15f90174d8f02f89855cb5e352250de0778c6ca5192446c44852,1633493768,candidate_layering,,,1,0x551a4fe9388ff34a4f9b289e092ea3ed3d201b3e,0xaa5c62eac445fdaa64432774045ebdf1bec8a50d,False,none,,,,
0x551a4fe9388ff34a4f9b289e092ea3ed3d201b3e,0x7be8076f4ea4a4ad08075c2508e481d6c946d12b,normal_eth,4.2,0x16e8e594d432cb047a70784c6bb57d07767544ef845e8df26267e747a89e44d1,1633538580,candidate_layering,,,1,0x551a4fe9388ff34a4f9b289e092ea3ed3d201b3e,0x7be8076f4ea4a4ad08075c2508e481d6c946d12b,False,none,,,,
0x551a4fe9388ff34a4f9b289e092ea3ed3d201b3e,0x0fe7f93b1064aca86b0090b1ef45053dc5009840,normal_eth,7.78,0x117a76a51cc699ba880ce9ff0dbc299c2a90c0ffd3601c7b60cac101e8f94aef,1633546062,candidate_layering,,,1,0x551a4fe9388ff34a4f9b289e092ea3ed3d201b3e,0x0fe7f93b1064aca86b0090b1ef45053dc5009840,False,none,,,,
0x551a4fe9388ff34a4f9b289e092ea3ed3d201b3e,0x0fe7f93b1064aca86b0090b1ef45053dc5009840,normal_eth,0.498,0x334cd8970419902928fe91e08c31369b7076b8f848dadeb1ea6ccc3d51ac7657,1633576564,candidate_layering,,,1,0x551a4fe9388ff34a4f9b289e092ea3ed3d201b3e,0x0fe7f93b1064aca86b0090b1ef45053dc5009840,False,none,,,,
0x551a4fe9388ff34a4f9b289e092ea3ed3d201b3e,0xf3ab73896e36b304dcc68f72e2fa942d63eeb500,normal_eth,0.1305153133339442,0xc3b7883a8794e2bed8b95b389e77988e115af2105dd9a4a61d0bf416652ca3d1,1633633940,candidate_layering,,,1,0x551a4fe9388ff34a4f9b289e092ea3ed3d201b3e,0xf3ab73896e36b304dcc68f72e2fa942d63eeb500,False,none,,,,
0x551a4fe9388ff34a4f9b289e092ea3ed3d201b3e,0x5d8ebb49092b425025bb9cfade8f32bcb1585a9a,normal_eth,0.2023808863728355,0x36f1868dc73e9a8a2aaadfac67267756d43f3a479624d60852c46ca1d89f2184,1633634946,candidate_layering,,,1,0x551a4fe9388ff34a4f9b289e092ea3ed3d201b3e,0x5d8ebb49092b425025bb9cfade8f32bcb1585a9a,False,none,,,,
0x551a4fe9388ff34a4f9b289e092ea3ed3d201b3e,0x0fe7f93b1064aca86b0090b1ef45053dc5009840,normal_eth,2.5,0x85b3157441c0b3b5bc51b94f9f21e1b15197a9a02293fa0054e7db0ec4a638b4,1633655585,candidate_layering,,,1,0x551a4fe9388ff34a4f9b289e092ea3ed3d201b3e,0x0fe7f93b1064aca86b0090b1ef45053dc5009840,False,none,,,,
0x551a4fe9388ff34a4f9b289e092ea3ed3d201b3e,0xaac4f81bcd5976d9e0d793d86dda4c06bdd05e2f,normal_eth,0.102,0x3cfee0b706c80ef2643d1bc8dedd8c96e2dd824a600479c63cfc848a031b87ed,1633698846,candidate_layering,,,1,0x551a4fe9388ff34a4f9b289e092ea3ed3d201b3e,0xaac4f81bcd5976d9e0d793d86dda4c06bdd05e2f,False,none,,,,
0x551a4fe9388ff34a4f9b289e092ea3ed3d201b3e,0xaac4f81bcd5976d9e0d793d86dda4c06bdd05e2f,normal_eth,0.1,0x71f960d99ec98c126a8be1988dc6ad8e37d47ead6c76b0d311ad8af81618255e,1633698908,candidate_layering,,,1,0x551a4fe9388ff34a4f9b289e092ea3ed3d201b3e,0xaac4f81bcd5976d9e0d793d86dda4c06bdd05e2f,False,none,,,,
0x551a4fe9388ff34a4f9b289e092ea3ed3d201b3e,0x6cdbf2a6bafcc5aa9dc367b4c0c733d3a95d5bfc,normal_eth,0.1235306173442601,0xf75da87e96f7e51456fd88490eb8120f02c5a3146c3702ebf4dc2e9c605f75f8,1633737000,candidate_layering,,,1,0x551a4fe9388ff34a4f9b289e092ea3ed3d201b3e,0x6cdbf2a6bafcc5aa9dc367b4c0c733d3a95d5bfc,False,none,,,,
0x551a4fe9388ff34a4f9b289e092ea3ed3d201b3e,0xb1bb22c3101e7653d0d969f42f831bd9accc38a5,normal_eth,0.3,0xfe4b8e9312f578a6fc4bde81c629062c34b1f197624032882bf69ae5045d7f83,1633741959,candidate_layering,,,1,0x551a4fe9388ff34a4f9b289e092ea3ed3d201b3e,0xb1bb22c3101e7653d0d969f42f831bd9accc38a5,False,none,,,,
0x551a4fe9388ff34a4f9b289e092ea3ed3d201b3e,0xb1bb22c3101e7653d0d969f42f831bd9accc38a5,normal_eth,0.3,0xefc07b43cf490c9524d3dc9445d8554d0b966bc3e5bab4b5d64adcf641f9141b,1633742269,candidate_layering,,,1,0x551a4fe9388ff34a4f9b289e092ea3ed3d201b3e,0xb1bb22c3101e7653d0d969f42f831bd9accc38a5,False,none,,,,
0x551a4fe9388ff34a4f9b289e092ea3ed3d201b3e,0x7be8076f4ea4a4ad08075c2508e481d6c946d12b,normal_eth,0.168,0x6b5721915c0df9532daf342ad60803852cef0ae08015e972ee18a7451df97e60,1633744936,candidate_layering,,,1,0x551a4fe9388ff34a4f9b289e092ea3ed3d201b3e,0x7be8076f4ea4a4ad08075c2508e481d6c946d12b,False,none,,,,
0x551a4fe9388ff34a4f9b289e092ea3ed3d201b3e,0xc02aaa39b223fe8d0a0e5c4f27ead9083c756cc2,normal_eth,2.467,0xb1ad9a1620a531f645ce4fe7d36b2ae54354c82a197b0cbe4b3f1267940ce6f7,1633745255,candidate_layering,,,1,0x551a4fe9388ff34a4f9b289e092ea3ed3d201b3e,0xc02aaa39b223fe8d0a0e5c4f27ead9083c756cc2,False,none,,,,
0x551a4fe9388ff34a4f9b289e092ea3ed3d201b3e,0x5e05d75b9318ed7b96ea210b9ccc4decc3c60af2,normal_eth,0.593,0x9122c8b1837944dca7db39e6e0d01786f710a2a1996dd8edcac620db00a51484,1633746888,candidate_layering,,,1,0x551a4fe9388ff34a4f9b289e092ea3ed3d201b3e,0x5e05d75b9318ed7b96ea210b9ccc4decc3c60af2,False,none,,,,
0x551a4fe9388ff34a4f9b289e092ea3ed3d201b3e,0xe54592211322fa74e738cbf41bf8514eef1fa9fc,normal_eth,1.4375997945488448,0xc0b5eeafb1ba8e738c97cba389d7988529aa302355dc7fdffdd0835d52a4c722,1633750576,candidate_layering,,,1,0x551a4fe9388ff34a4f9b289e092ea3ed3d201b3e,0xe54592211322fa74e738cbf41bf8514eef1fa9fc,False,none,,,,
0x551a4fe9388ff34a4f9b289e092ea3ed3d201b3e,0x31a7cdc517302d00d710449742ed076cd77593bf,normal_eth,1.6051722838391256,0xdc5ffb9e212bc331244343145c5f8fccae1b244de62fa3d7b9ae9a5a36490643,1633751033,candidate_layering,,,1,0x551a4fe9388ff34a4f9b289e092ea3ed3d201b3e,0x31a7cdc517302d00d710449742ed076cd77593bf,False,none,,,,
0x551a4fe9388ff34a4f9b289e092ea3ed3d201b3e,0x7be8076f4ea4a4ad08075c2508e481d6c946d12b,normal_eth,3.0,0x407062098ffa05450cdc9f57e97fa4dc2b53c916a29ff7b74020ff8e3ae3a5f1,1633753895,candidate_layering,,,1,0x551a4fe9388ff34a4f9b289e092ea3ed3d201b3e,0x7be8076f4ea4a4ad08075c2508e481d6c946d12b,False,none,,,,
0x551a4fe9388ff34a4f9b289e092ea3ed3d201b3e,0x7be8076f4ea4a4ad08075c2508e481d6c946d12b,normal_eth,3.05,0xcfe29e7d80329777b977c4193480f3cc56292b608dd5252135c3189601879b2b,1633754037,candidate_layering,,,1,0x551a4fe9388ff34a4f9b289e092ea3ed3d201b3e,0x7be8076f4ea4a4ad08075c2508e481d6c946d12b,False,none,,,,
0x551a4fe9388ff34a4f9b289e092ea3ed3d201b3e,0x4044be4879d818ad6340eb86b6c7a85cd7b5eacf,normal_eth,0.65,0x1f79a0352d808ac3144f2d08f3e8981d170a4b5390ba18559c9db0f322f50015,1633787318,candidate_layering,,,1,0x551a4fe9388ff34a4f9b289e092ea3ed3d201b3e,0x4044be4879d818ad6340eb86b6c7a85cd7b5eacf,False,none,,,,
0x551a4fe9388ff34a4f9b289e092ea3ed3d201b3e,0x7eb3de63cd40f8fba05898182a158bd4d85e7099,normal_eth,2.01,0xddacac8f052ef7d5a7b404eb677da8efe031de3ac839cbe6d554c271ecb8a6b8,1633841891,candidate_layering,,,1,0x551a4fe9388ff34a4f9b289e092ea3ed3d201b3e,0x7eb3de63cd40f8fba05898182a158bd4d85e7099,False,none,,,,
0x551a4fe9388ff34a4f9b289e092ea3ed3d201b3e,0x7be8076f4ea4a4ad08075c2508e481d6c946d12b,normal_eth,2.0,0x21aa34e3e69fd58e73e9197890eeaa04d4b9f81ac896d7cb3520d757ddcefeae,1633844780,candidate_layering,,,1,0x551a4fe9388ff34a4f9b289e092ea3ed3d201b3e,0x7be8076f4ea4a4ad08075c2508e481d6c946d12b,False,none,,,,
0x551a4fe9388ff34a4f9b289e092ea3ed3d201b3e,0x7be8076f4ea4a4ad08075c2508e481d6c946d12b,normal_eth,2.99,0x51a173c98dbc3d9fb71dd4db56616f3b9aa55dabcd69ecfab73856d1eea09ab9,1633845199,candidate_layering,,,1,0x551a4fe9388ff34a4f9b289e092ea3ed3d201b3e,0x7be8076f4ea4a4ad08075c2508e481d6c946d12b,False,none,,,,
0x551a4fe9388ff34a4f9b289e092ea3ed3d201b3e,0x7be8076f4ea4a4ad08075c2508e481d6c946d12b,normal_eth,2.35,0x1c4884dc58515e477933b72909f0939fac0f838f88b67ec7d337069f89af6e94,1633879931,candidate_layering,,,1,0x551a4fe9388ff34a4f9b289e092ea3ed3d201b3e,0x7be8076f4ea4a4ad08075c2508e481d6c946d12b,False,none,,,,
0x551a4fe9388ff34a4f9b289e092ea3ed3d201b3e,0x7be8076f4ea4a4ad08075c2508e481d6c946d12b,normal_eth,0.8,0xbdde9029f3306e92d74dbc17979d7063e2f4ddb1f2920513cdee3ac99ab05339,1633926189,candidate_layering,,,1,0x551a4fe9388ff34a4f9b289e092ea3ed3d201b3e,0x7be8076f4ea4a4ad08075c2508e481d6c946d12b,False,none,,,,
0x551a4fe9388ff34a4f9b289e092ea3ed3d201b3e,0xba5ba294b7a465620723e5a442501f0b17b6025e,normal_eth,3.99,0x1c2e47c316b76a28b77deb39d09e10f1d02588b97d9bc482ce550a2b213709c6,1633931253,candidate_layering,,,1,0x551a4fe9388ff34a4f9b289e092ea3ed3d201b3e,0xba5ba294b7a465620723e5a442501f0b17b6025e,False,none,,,,
0x551a4fe9388ff34a4f9b289e092ea3ed3d201b3e,0x7be8076f4ea4a4ad08075c2508e481d6c946d12b,normal_eth,0.54,0x8b93be70239cb0f51e07e181026a5c7b45b32be1669221ca2487eb2cb765cd07,1633982108,candidate_layering,,,1,0x551a4fe9388ff34a4f9b289e092ea3ed3d201b3e,0x7be8076f4ea4a4ad08075c2508e481d6c946d12b,False,none,,,,
0x551a4fe9388ff34a4f9b289e092ea3ed3d201b3e,0x7be8076f4ea4a4ad08075c2508e481d6c946d12b,normal_eth,0.49,0x71c3b7ff04c5804ac14d472f8ba54f800a2e2998a05616dd50eaf758d443f8c5,1633983461,candidate_layering,,,1,0x551a4fe9388ff34a4f9b289e092ea3ed3d201b3e,0x7be8076f4ea4a4ad08075c2508e481d6c946d12b,False,none,,,,
0x551a4fe9388ff34a4f9b289e092ea3ed3d201b3e,0xeeabfab26ad5c650765b124c685a13800e52b9d2,normal_eth,0.3,0x06de623566c418659364505fb67ff1cd9d1bcc8775ab859f28745501a716ddef,1633988657,candidate_layering,,,1,0x551a4fe9388ff34a4f9b289e092ea3ed3d201b3e,0xeeabfab26ad5c650765b124c685a13800e52b9d2,False,none,,,,
0x551a4fe9388ff34a4f9b289e092ea3ed3d201b3e,0x7be8076f4ea4a4ad08075c2508e481d6c946d12b,normal_eth,0.03,0x4d73e5f61ddbc1123089302468420a0891d387e77c2a586411b56d68aa1581cf,1634076999,candidate_layering,,,1,0x551a4fe9388ff34a4f9b289e092ea3ed3d201b3e,0x7be8076f4ea4a4ad08075c2508e481d6c946d12b,False,none,,,,
0x551a4fe9388ff34a4f9b289e092ea3ed3d201b3e,0x7be8076f4ea4a4ad08075c2508e481d6c946d12b,normal_eth,0.03,0x97d59445c7191383fba8d2ab9ed8a93440c13928f4d481dcbc4d3b08e11a8455,1634077010,candidate_layering,,,1,0x551a4fe9388ff34a4f9b289e092ea3ed3d201b3e,0x7be8076f4ea4a4ad08075c2508e481d6c946d12b,False,none,,,,
0x551a4fe9388ff34a4f9b289e092ea3ed3d201b3e,0x7be8076f4ea4a4ad08075c2508e481d6c946d12b,normal_eth,0.03,0xb315372bbbea261b56ff1252318db56bca285ac1eb030288ee05c5daa1baa47a,1634077010,candidate_layering,,,1,0x551a4fe9388ff34a4f9b289e092ea3ed3d201b3e,0x7be8076f4ea4a4ad08075c2508e481d6c946d12b,False,none,,,,
0x551a4fe9388ff34a4f9b289e092ea3ed3d201b3e,0x7be8076f4ea4a4ad08075c2508e481d6c946d12b,normal_eth,0.03,0xcabcd1a84dd058c643dbcc6ac7fdf4d382b85dcdf01fc796b8438605ab09626e,1634077041,candidate_layering,,,1,0x551a4fe9388ff34a4f9b289e092ea3ed3d201b3e,0x7be8076f4ea4a4ad08075c2508e481d6c946d12b,False,none,,,,
0x551a4fe9388ff34a4f9b289e092ea3ed3d201b3e,0x7be8076f4ea4a4ad08075c2508e481d6c946d12b,normal_eth,0.03,0xb2bc6e562caf89533ca42106904ded6b4e820d0a6c1fa9ad51e25dd166b52960,1634077138,candidate_layering,,,1,0x551a4fe9388ff34a4f9b289e092ea3ed3d201b3e,0x7be8076f4ea4a4ad08075c2508e481d6c946d12b,False,none,,,,
0x551a4fe9388ff34a4f9b289e092ea3ed3d201b3e,0x0fe7f93b1064aca86b0090b1ef45053dc5009840,normal_eth,3.0384890553775525,0xbada48808bff2ae2e709e6fb477fc16358557e5d5f741f3642fd0ceb64c0afd6,1634218033,candidate_layering,,,1,0x551a4fe9388ff34a4f9b289e092ea3ed3d201b3e,0x0fe7f93b1064aca86b0090b1ef45053dc5009840,False,none,,,,
0x551a4fe9388ff34a4f9b289e092ea3ed3d201b3e,0x0c2e57efddba8c768147d1fdf9176a0a6ebd5d83,normal_eth,0.06666,0x4417be6cd0ee00b99e406bad76a4fbd6d0e9ebdd44c2c7c196ae2387c87813a1,1634251038,candidate_layering,,,1,0x551a4fe9388ff34a4f9b289e092ea3ed3d201b3e,0x0c2e57efddba8c768147d1fdf9176a0a6ebd5d83,False,none,,,,
0x551a4fe9388ff34a4f9b289e092ea3ed3d201b3e,0x0c2e57efddba8c768147d1fdf9176a0a6ebd5d83,normal_eth,0.06666,0x20de27ca1e689fe4291247a60e7d411b355c4a42c6197f7b291c3a2c65b8372c,1634255004,candidate_layering,,,1,0x551a4fe9388ff34a4f9b289e092ea3ed3d201b3e,0x0c2e57efddba8c768147d1fdf9176a0a6ebd5d83,False,none,,,,
0x551a4fe9388ff34a4f9b289e092ea3ed3d201b3e,0x0fe7f93b1064aca86b0090b1ef45053dc5009840,normal_eth,7.15,0x61e435703f0f0e0c3066d6c4d04bbeaa83a1bae6ba1207c887b1129534ed8e76,1634258838,candidate_layering,,,1,0x551a4fe9388ff34a4f9b289e092ea3ed3d201b3e,0x0fe7f93b1064aca86b0090b1ef45053dc5009840,False,none,,,,
0x551a4fe9388ff34a4f9b289e092ea3ed3d201b3e,0x94e5bf77065939a4c2db4ca38060ef4a6e25ca41,normal_eth,0.5,0x347b8a7c4a9d8c32fc1b0cf9b89c54d661fb474e82cc3871ed3bf5d0fda9dff7,1634314448,candidate_layering,,,1,0x551a4fe9388ff34a4f9b289e092ea3ed3d201b3e,0x94e5bf77065939a4c2db4ca38060ef4a6e25ca41,False,none,,,,
0x551a4fe9388ff34a4f9b289e092ea3ed3d201b3e,0x3f7345d3482ccf71f0853212be4cba745197f068,normal_eth,0.5,0x2ed9fc6a91a3ec25bb08c204870a1c6e822019d0614f453619d0293570de9dc0,1634324619,candidate_layering,,,1,0x551a4fe9388ff34a4f9b289e092ea3ed3d201b3e,0x3f7345d3482ccf71f0853212be4cba745197f068,False,none,,,,
0x551a4fe9388ff34a4f9b289e092ea3ed3d201b3e,0x7e6bc952d4b4bd814853301bee48e99891424de0,normal_eth,0.21,0xd53cb52ed67a74bcff1864e56d460b0159ea308c1ef91f922ddd94443b3e0341,1634337127,candidate_layering,,,1,0x551a4fe9388ff34a4f9b289e092ea3ed3d201b3e,0x7e6bc952d4b4bd814853301bee48e99891424de0,False,none,,,,
0x551a4fe9388ff34a4f9b289e092ea3ed3d201b3e,0x0fe7f93b1064aca86b0090b1ef45053dc5009840,normal_eth,1.34,0x09cbe547bd915bff9cff6bd1d6c60a273e213b7d3f5ca9ddc8b9f55fe8bf2e3b,1634340004,candidate_layering,,,1,0x551a4fe9388ff34a4f9b289e092ea3ed3d201b3e,0x0fe7f93b1064aca86b0090b1ef45053dc5009840,False,none,,,,
0x551a4fe9388ff34a4f9b289e092ea3ed3d201b3e,0x3f7345d3482ccf71f0853212be4cba745197f068,normal_eth,5.0,0xe237324091ff438429940716c0555910d287adc2298dcd4bd3c3ee55a442b949,1634521632,candidate_layering,,,1,0x551a4fe9388ff34a4f9b289e092ea3ed3d201b3e,0x3f7345d3482ccf71f0853212be4cba745197f068,False,none,,,,
0x551a4fe9388ff34a4f9b289e092ea3ed3d201b3e,0x8a90cab2b38dba80c64b7734e58ee1db38b8992e,normal_eth,0.615,0xc1f1b5382e3069b2bbd5e229b6fa38d1774dd45f06da063b4725020779798f74,1634523243,candidate_layering,,,1,0x551a4fe9388ff34a4f9b289e092ea3ed3d201b3e,0x8a90cab2b38dba80c64b7734e58ee1db38b8992e,False,none,,,,
0x551a4fe9388ff34a4f9b289e092ea3ed3d201b3e,0x7be8076f4ea4a4ad08075c2508e481d6c946d12b,normal_eth,1.3,0x7fba73b20703000e938717faf6d4fb117dae3e23bf3ef29221c140b12aedb3b1,1634523420,candidate_layering,,,1,0x551a4fe9388ff34a4f9b289e092ea3ed3d201b3e,0x7be8076f4ea4a4ad08075c2508e481d6c946d12b,False,none,,,,
0x551a4fe9388ff34a4f9b289e092ea3ed3d201b3e,0x0fe7f93b1064aca86b0090b1ef45053dc5009840,normal_eth,2.5,0x8fd162114dbb8abe46ec89f000ad8b8ab5e23956b84f306d14cbef865064a2c0,1634524881,candidate_layering,,,1,0x551a4fe9388ff34a4f9b289e092ea3ed3d201b3e,0x0fe7f93b1064aca86b0090b1ef45053dc5009840,False,none,,,,
0x551a4fe9388ff34a4f9b289e092ea3ed3d201b3e,0xc02aaa39b223fe8d0a0e5c4f27ead9083c756cc2,normal_eth,4.34,0x4aa6255cd6bc06a71d22defd4b6c65f4e9e8a4378f7d6d3cff90d07ce57bf903,1634693178,candidate_layering,,,1,0x551a4fe9388ff34a4f9b289e092ea3ed3d201b3e,0xc02aaa39b223fe8d0a0e5c4f27ead9083c756cc2,False,none,,,,
0x551a4fe9388ff34a4f9b289e092ea3ed3d201b3e,0xc02aaa39b223fe8d0a0e5c4f27ead9083c756cc2,normal_eth,0.1,0x011cd6107678edbfbf90e8b24e1fa2fc366f0961c37d8bd451eb91ec016442b3,1634693315,candidate_layering,,,1,0x551a4fe9388ff34a4f9b289e092ea3ed3d201b3e,0xc02aaa39b223fe8d0a0e5c4f27ead9083c756cc2,False,none,,,,
0x551a4fe9388ff34a4f9b289e092ea3ed3d201b3e,0x7be8076f4ea4a4ad08075c2508e481d6c946d12b,normal_eth,4.7,0x7e99b58546a77cbcc2c2238b35604118aea911c23382ba482d3616f8617611a5,1634698735,candidate_layering,,,1,0x551a4fe9388ff34a4f9b289e092ea3ed3d201b3e,0x7be8076f4ea4a4ad08075c2508e481d6c946d12b,False,none,,,,
0x551a4fe9388ff34a4f9b289e092ea3ed3d201b3e,0x0fe7f93b1064aca86b0090b1ef45053dc5009840,normal_eth,7.5,0x86ab2858b0b7b841685e7433b55e11e4dc7fbdbfe655048640e08952432d8b62,1634770540,candidate_layering,,,1,0x551a4fe9388ff34a4f9b289e092ea3ed3d201b3e,0x0fe7f93b1064aca86b0090b1ef45053dc5009840,False,none,,,,
0x551a4fe9388ff34a4f9b289e092ea3ed3d201b3e,0x3f7345d3482ccf71f0853212be4cba745197f068,normal_eth,0.387,0xe296d217f32915a2bb84bd446ff90a0f8271330eba6a42df7c86bda13b024002,1634770801,candidate_layering,,,1,0x551a4fe9388ff34a4f9b289e092ea3ed3d201b3e,0x3f7345d3482ccf71f0853212be4cba745197f068,False,none,,,,
0x551a4fe9388ff34a4f9b289e092ea3ed3d201b3e,0xa4631a191044096834ce65d1ee86b16b171d8080,normal_eth,0.088,0xd7e07041de12eb9318f6ab8adada04c2c0919a6df0eb89a1d9e627e3481b62a0,1634833200,candidate_layering,,,1,0x551a4fe9388ff34a4f9b289e092ea3ed3d201b3e,0xa4631a191044096834ce65d1ee86b16b171d8080,False,none,,,,
0x551a4fe9388ff34a4f9b289e092ea3ed3d201b3e,0x0fe7f93b1064aca86b0090b1ef45053dc5009840,normal_eth,0.649225,0x54e984779537c536f58edf90b92d00a260f8e9f3049e880115d215e7701a7d6b,1634840289,candidate_layering,,,1,0x551a4fe9388ff34a4f9b289e092ea3ed3d201b3e,0x0fe7f93b1064aca86b0090b1ef45053dc5009840,False,none,,,,
0x551a4fe9388ff34a4f9b289e092ea3ed3d201b3e,0xc6ca0c797b7b3028d3ae3e94d43a8b124cb114a7,normal_eth,1.6,0x4a7c2333aa94b87e0444a23c4881dbf4aa96a7e3b4cf567ad58b3c3dd9460eb9,1634862413,candidate_layering,,,1,0x551a4fe9388ff34a4f9b289e092ea3ed3d201b3e,0xc6ca0c797b7b3028d3ae3e94d43a8b124cb114a7,False,none,,,,
0x551a4fe9388ff34a4f9b289e092ea3ed3d201b3e,0xc6b89634f0afb34b59c05a0b7cd132141778addd,normal_eth,5.8,0x44e9c7d0faacaf23ba2046394fffde5bb2ba886e62dc120fced0a5d55ee12d70,1634874797,candidate_layering,,,1,0x551a4fe9388ff34a4f9b289e092ea3ed3d201b3e,0xc6b89634f0afb34b59c05a0b7cd132141778addd,False,none,,,,
0x551a4fe9388ff34a4f9b289e092ea3ed3d201b3e,0xc09494eb80187162845a8d34de6a8e6d37dac59b,normal_eth,0.042069,0x931887dee32dc43f466a9a7863d1c1f17b825d701515ba1929f5837a79c18764,1634938468,candidate_layering,,,1,0x551a4fe9388ff34a4f9b289e092ea3ed3d201b3e,0xc09494eb80187162845a8d34de6a8e6d37dac59b,False,none,,,,
0x551a4fe9388ff34a4f9b289e092ea3ed3d201b3e,0x6316a3712eeb5179083b44fabf47469ce9a7b9c0,normal_eth,0.71,0xb0efd89f28b2abf0c8c8824c4162986cdf3df877734ca004784b6ce9bd8df56f,1635044205,candidate_layering,,,1,0x551a4fe9388ff34a4f9b289e092ea3ed3d201b3e,0x6316a3712eeb5179083b44fabf47469ce9a7b9c0,False,none,,,,
0x551a4fe9388ff34a4f9b289e092ea3ed3d201b3e,0x9ca96f69d50d0db332c1b708fbbe8d8a24fb2aa2,normal_eth,0.999044290645311,0x45a43ff0aea4249bbd39f24eac4ab81054bf5e098840ea5cee3c95eeff96e4be,1635207274,candidate_layering,,,1,0x551a4fe9388ff34a4f9b289e092ea3ed3d201b3e,0x9ca96f69d50d0db332c1b708fbbe8d8a24fb2aa2,False,none,,,,
0x551a4fe9388ff34a4f9b289e092ea3ed3d201b3e,0xd90a88a859c38dd8bed5e3f4bd2108a93dff0d21,normal_eth,1.0,0x6242bca3aeef5a76e325cb00ad02c5065786d494c5e5247f03a10f7edc84486c,1635295759,candidate_layering,,,1,0x551a4fe9388ff34a4f9b289e092ea3ed3d201b3e,0xd90a88a859c38dd8bed5e3f4bd2108a93dff0d21,False,none,,,,
0x551a4fe9388ff34a4f9b289e092ea3ed3d201b3e,0xda4d40c5dca107c66aeafb7776f3db800b0d0816,normal_eth,0.5475,0x2e5fd67fea9a19c2c1076a42416dc721f44496b43b60a78054913608ae61baac,1635306657,candidate_layering,,,1,0x551a4fe9388ff34a4f9b289e092ea3ed3d201b3e,0xda4d40c5dca107c66aeafb7776f3db800b0d0816,False,none,,,,
0x551a4fe9388ff34a4f9b289e092ea3ed3d201b3e,0xaac1928198a1beeabd02503c419be0f7106e344a,normal_eth,0.35,0x03271045554b45b59af7506ffe260a94a13c9a7bb34acb45e9ddeb0cc4d1028d,1635375384,candidate_layering,,,1,0x551a4fe9388ff34a4f9b289e092ea3ed3d201b3e,0xaac1928198a1beeabd02503c419be0f7106e344a,False,none,,,,
0x551a4fe9388ff34a4f9b289e092ea3ed3d201b3e,0x9c4e84517c4986dc8ca32b4bdcf0e3ed72c87d07,normal_eth,0.191810959,0x4d11d2c42a44602f7da407a966b1e19bf026a8798ae2fc291fa9b78a2bb2d930,1635377123,candidate_layering,,,1,0x551a4fe9388ff34a4f9b289e092ea3ed3d201b3e,0x9c4e84517c4986dc8ca32b4bdcf0e3ed72c87d07,False,none,,,,
0x551a4fe9388ff34a4f9b289e092ea3ed3d201b3e,0x24286bc0145d257f4e61c136b9bad652d653d595,normal_eth,0.5,0x1b97543a10940e49a8bf9517a7b55e0e07187026eae377f0e78ef80ff49ef3fe,1635443082,candidate_layering,,,1,0x551a4fe9388ff34a4f9b289e092ea3ed3d201b3e,0x24286bc0145d257f4e61c136b9bad652d653d595,False,none,,,,
0x551a4fe9388ff34a4f9b289e092ea3ed3d201b3e,0x7a250d5630b4cf539739df2c5dacb4c659f2488d,normal_eth,0.25,0x4d4aac5119a3f377f3046d6d18df2d606aa8472f17aab286e7f530a289d6c1a1,1635446039,candidate_layering,,,1,0x551a4fe9388ff34a4f9b289e092ea3ed3d201b3e,0x7a250d5630b4cf539739df2c5dacb4c659f2488d,True,target,Uniswap V2 Router02,Decentralized Exchange,Official Uniswap deployments,Official Uniswap V2 mainnet router; appears in uploaded tracking targets.
0x551a4fe9388ff34a4f9b289e092ea3ed3d201b3e,0xe592427a0aece92de3edee1f18e0157c05861564,normal_eth,0.1,0xff66db8c36c701a0cd04967d240de2550c5053dbcf513b99c8b49b3238ad1e0e,1635448439,candidate_layering,,,1,0x551a4fe9388ff34a4f9b289e092ea3ed3d201b3e,0xe592427a0aece92de3edee1f18e0157c05861564,False,none,,,,
0x551a4fe9388ff34a4f9b289e092ea3ed3d201b3e,0x900b02ac002437d3ed3190df5d02fceb4f7010de,normal_eth,0.128918013720967,0x859f1840eb85f07f3d5ee35c5ab699fa5c8fdbca675d8dade63d3c52d6e6a1c9,1635461255,candidate_layering,,,1,0x551a4fe9388ff34a4f9b289e092ea3ed3d201b3e,0x900b02ac002437d3ed3190df5d02fceb4f7010de,False,none,,,,
0x551a4fe9388ff34a4f9b289e092ea3ed3d201b3e,0x0fe7f93b1064aca86b0090b1ef45053dc5009840,normal_eth,4.0,0xc953cb4b59ec8984850708d5c42e17984db88dad60310eb427a594faa3b0a192,1635477939,candidate_layering,,,1,0x551a4fe9388ff34a4f9b289e092ea3ed3d201b3e,0x0fe7f93b1064aca86b0090b1ef45053dc5009840,False,none,,,,
0x551a4fe9388ff34a4f9b289e092ea3ed3d201b3e,0x7a250d5630b4cf539739df2c5dacb4c659f2488d,normal_eth,0.75,0x98a7fdfa81b770c7f2c9783b3893c064d3820d0b7fcdacfb0a647f1a2098fd5f,1635482158,candidate_layering,,,1,0x551a4fe9388ff34a4f9b289e092ea3ed3d201b3e,0x7a250d5630b4cf539739df2c5dacb4c659f2488d,True,target,Uniswap V2 Router02,Decentralized Exchange,Official Uniswap deployments,Official Uniswap V2 mainnet router; appears in uploaded tracking targets.
0x551a4fe9388ff34a4f9b289e092ea3ed3d201b3e,0x7a250d5630b4cf539739df2c5dacb4c659f2488d,normal_eth,0.75,0xcc8e618f2f3a4c6a3818363c6068d88a1b51f1b9df8e45441b4fd40d07194a7b,1635485427,candidate_layering,,,1,0x551a4fe9388ff34a4f9b289e092ea3ed3d201b3e,0x7a250d5630b4cf539739df2c5dacb4c659f2488d,True,target,Uniswap V2 Router02,Decentralized Exchange,Official Uniswap deployments,Official Uniswap V2 mainnet router; appears in uploaded tracking targets.
0x551a4fe9388ff34a4f9b289e092ea3ed3d201b3e,0x50b6ab5bd438c573e2136b03d5163154062b340f,normal_eth,0.34,0x03d28fac92f33e5cc24aae68135e923d032e75ef4728a3782113916f99106c82,1635508443,candidate_layering,,,1,0x551a4fe9388ff34a4f9b289e092ea3ed3d201b3e,0x50b6ab5bd438c573e2136b03d5163154062b340f,False,none,,,,
0x551a4fe9388ff34a4f9b289e092ea3ed3d201b3e,0x072e49d90243d0f63ed348fc484c55b7ce4eebed,normal_eth,0.5,0xdfac7e38accb80f63906e5e19718384da712f0598b06e2a5422b538180538368,1635558397,candidate_layering,,,1,0x551a4fe9388ff34a4f9b289e092ea3ed3d201b3e,0x072e49d90243d0f63ed348fc484c55b7ce4eebed,False,none,,,,
0x551a4fe9388ff34a4f9b289e092ea3ed3d201b3e,0x0fe7f93b1064aca86b0090b1ef45053dc5009840,normal_eth,1.0,0xf3f40320e1060cb575e7999e79ee585c382a9da00918dbec6662d5a9783fefb6,1635558522,candidate_layering,,,1,0x551a4fe9388ff34a4f9b289e092ea3ed3d201b3e,0x0fe7f93b1064aca86b0090b1ef45053dc5009840,False,none,,,,
0x551a4fe9388ff34a4f9b289e092ea3ed3d201b3e,0xff0dee3ed03d6e6fec09160e4ca8f03c099f1184,normal_eth,0.24,0x1a14785232b65997742d8158f752c03682c773a318f763ae06cabc7599760a22,1635562769,candidate_layering,,,1,0x551a4fe9388ff34a4f9b289e092ea3ed3d201b3e,0xff0dee3ed03d6e6fec09160e4ca8f03c099f1184,False,none,,,,
0x551a4fe9388ff34a4f9b289e092ea3ed3d201b3e,0x133b458293e2f016c677f674b14020d501f80bc7,normal_eth,0.25,0x6385849f8662fa47b23278f6f8da5ff82ee6fe5dd0d700b38636a3d76ad44f37,1635604418,candidate_layering,,,1,0x551a4fe9388ff34a4f9b289e092ea3ed3d201b3e,0x133b458293e2f016c677f674b14020d501f80bc7,False,none,,,,
0x551a4fe9388ff34a4f9b289e092ea3ed3d201b3e,0xb1b0b4e8924f6ee03ec4fe1d44ec04cfb86db405,normal_eth,0.244633965645604,0x616a93eb5635a8344d32148dda53d82aba114b09577e4568d7766f9a94c0d7fb,1635621093,candidate_layering,,,1,0x551a4fe9388ff34a4f9b289e092ea3ed3d201b3e,0xb1b0b4e8924f6ee03ec4fe1d44ec04cfb86db405,False,none,,,,
0x551a4fe9388ff34a4f9b289e092ea3ed3d201b3e,0x5bfe1e60a6de20198b076e10c1e66936e67827a7,normal_eth,0.2441082,0x16a2e563b9fa10ed8c1f6d2b1ce74b3e4634dcb0736707c3a6cb570b290fe773,1635636905,candidate_layering,,,1,0x551a4fe9388ff34a4f9b289e092ea3ed3d201b3e,0x5bfe1e60a6de20198b076e10c1e66936e67827a7,False,none,,,,
0x551a4fe9388ff34a4f9b289e092ea3ed3d201b3e,0xb3fe15b5e5ba80881e6795941ace532ab7d03468,normal_eth,0.054,0xe7160857693e0d500ba3805e0c067d3944d4bd70c82f3fb85ada49b6b2f32d53,1635906844,candidate_layering,,,1,0x551a4fe9388ff34a4f9b289e092ea3ed3d201b3e,0xb3fe15b5e5ba80881e6795941ace532ab7d03468,False,none,,,,
0x551a4fe9388ff34a4f9b289e092ea3ed3d201b3e,0x0fe7f93b1064aca86b0090b1ef45053dc5009840,normal_eth,0.6,0x65d084a8e4ce1ce34b5664f685ac4f5eaf1c5f8adf93aa1fac54b4de30c1febb,1635980793,candidate_layering,,,1,0x551a4fe9388ff34a4f9b289e092ea3ed3d201b3e,0x0fe7f93b1064aca86b0090b1ef45053dc5009840,False,none,,,,
0x551a4fe9388ff34a4f9b289e092ea3ed3d201b3e,0x464c9a42e0288ec1f040d72a369b4f8576b1fca4,normal_eth,0.076,0xa29b612a4593839a0ca5d159bc8c719ff209eeefa0ae93fd8bfb45ad4119ac5b,1635993738,candidate_layering,,,1,0x551a4fe9388ff34a4f9b289e092ea3ed3d201b3e,0x464c9a42e0288ec1f040d72a369b4f8576b1fca4,False,none,,,,
0x551a4fe9388ff34a4f9b289e092ea3ed3d201b3e,0xc7d531404b8ce0798522fba2ca0ac30428dee25d,normal_eth,0.116,0x98544a9c7aa6d6003648af5dbc4507e8ad5e3e519029dc03cc2d760875361e77,1636049438,candidate_layering,,,1,0x551a4fe9388ff34a4f9b289e092ea3ed3d201b3e,0xc7d531404b8ce0798522fba2ca0ac30428dee25d,False,none,,,,
0x551a4fe9388ff34a4f9b289e092ea3ed3d201b3e,0x0fe7f93b1064aca86b0090b1ef45053dc5009840,normal_eth,1.17753,0xc98a234234c15790c768e1363d7f8aa8d993462ebd74079fe8c2ff76e0871283,1636054362,candidate_layering,,,1,0x551a4fe9388ff34a4f9b289e092ea3ed3d201b3e,0x0fe7f93b1064aca86b0090b1ef45053dc5009840,False,none,,,,
0x551a4fe9388ff34a4f9b289e092ea3ed3d201b3e,0xb82a0ce695b2627689f788ec10382c145f8de262,normal_eth,0.1968,0x0bd66d9f327509359362f2e3abec87002f151338adb4f5a0619d40b43be72cdb,1636072638,candidate_layering,,,1,0x551a4fe9388ff34a4f9b289e092ea3ed3d201b3e,0xb82a0ce695b2627689f788ec10382c145f8de262,False,none,,,,
0x551a4fe9388ff34a4f9b289e092ea3ed3d201b3e,0x0fe7f93b1064aca86b0090b1ef45053dc5009840,normal_eth,0.75,0x327695316150f7b664d4ebd757d33067162b2f3ce0104a6a7d59939b63a7906e,1636125074,candidate_layering,,,1,0x551a4fe9388ff34a4f9b289e092ea3ed3d201b3e,0x0fe7f93b1064aca86b0090b1ef45053dc5009840,False,none,,,,
0x551a4fe9388ff34a4f9b289e092ea3ed3d201b3e,0x19dbfae1aa2c924526a337a72002be9b8a32a1c5,normal_eth,0.2258460990198933,0x48b206a998b67e4bb9f3c7c21d1627553e8d32a24444f4fc2c328636d8b80a71,1636130448,candidate_layering,,,1,0x551a4fe9388ff34a4f9b289e092ea3ed3d201b3e,0x19dbfae1aa2c924526a337a72002be9b8a32a1c5,False,none,,,,
0x551a4fe9388ff34a4f9b289e092ea3ed3d201b3e,0x5daffd683ab5600dbf176ea6079f1fd4111e5ae2,normal_eth,0.15,0xa00562759547d1808a9ed4ad73c8ddaa24ccaa4eb5c670052107418c4620babd,1636593505,candidate_layering,,,1,0x551a4fe9388ff34a4f9b289e092ea3ed3d201b3e,0x5daffd683ab5600dbf176ea6079f1fd4111e5ae2,False,none,,,,
0x551a4fe9388ff34a4f9b289e092ea3ed3d201b3e,0x0fe7f93b1064aca86b0090b1ef45053dc5009840,normal_eth,1.0,0x4c3799f56a6bbef6a8646762f3814da56c8be5d7808ab1f2f8c537a97c5c18d6,1636594442,candidate_layering,,,1,0x551a4fe9388ff34a4f9b289e092ea3ed3d201b3e,0x0fe7f93b1064aca86b0090b1ef45053dc5009840,False,none,,,,
0x551a4fe9388ff34a4f9b289e092ea3ed3d201b3e,0xdef1c0ded9bec7f1a1670819833240f027b25eff,normal_eth,1.1,0xaaef5d8da4338922cdfb3c6eeb5dd3aeeb0deb5d4f839bfe77c872ca1eccf050,1636655357,candidate_layering,,,1,0x551a4fe9388ff34a4f9b289e092ea3ed3d201b3e,0xdef1c0ded9bec7f1a1670819833240f027b25eff,False,none,,,,
0x551a4fe9388ff34a4f9b289e092ea3ed3d201b3e,0x1a47f8ac186b9e899259541fd673e2c4fced99b4,normal_eth,0.045,0x3e95ecdff9d08c4e14967c696005f9508c86f49971d29984a3cb591ea0f3ab57,1636656964,candidate_layering,,,1,0x551a4fe9388ff34a4f9b289e092ea3ed3d201b3e,0x1a47f8ac186b9e899259541fd673e2c4fced99b4,False,none,,,,
0x551a4fe9388ff34a4f9b289e092ea3ed3d201b3e,0xdef1c0ded9bec7f1a1670819833240f027b25eff,normal_eth,6.5,0x3e24df5f4a3a6cb5faed81ae83f63d9d119620db1732d3aa553ce4802a0d6a86,1636658451,candidate_layering,,,1,0x551a4fe9388ff34a4f9b289e092ea3ed3d201b3e,0xdef1c0ded9bec7f1a1670819833240f027b25eff,False,none,,,,
0x551a4fe9388ff34a4f9b289e092ea3ed3d201b3e,0xdef1c0ded9bec7f1a1670819833240f027b25eff,normal_eth,0.1,0xcc5a31d1a40691f260709c1040e099293fa0a75439376a25172d467700fecafd,1636685041,candidate_layering,,,1,0x551a4fe9388ff34a4f9b289e092ea3ed3d201b3e,0xdef1c0ded9bec7f1a1670819833240f027b25eff,False,none,,,,
0x551a4fe9388ff34a4f9b289e092ea3ed3d201b3e,0xdef1c0ded9bec7f1a1670819833240f027b25eff,normal_eth,1.0,0xf32adfd2aad459c262929914ff36d6fd3aac6d6148b8bc907c4471695478b1a7,1636688696,candidate_layering,,,1,0x551a4fe9388ff34a4f9b289e092ea3ed3d201b3e,0xdef1c0ded9bec7f1a1670819833240f027b25eff,False,none,,,,
0x551a4fe9388ff34a4f9b289e092ea3ed3d201b3e,0xdef1c0ded9bec7f1a1670819833240f027b25eff,normal_eth,2.0,0xa1b7ed0e05aef1b46d658702e4d1fb53d7878222d0429b122e2f8893142e9891,1636689201,candidate_layering,,,1,0x551a4fe9388ff34a4f9b289e092ea3ed3d201b3e,0xdef1c0ded9bec7f1a1670819833240f027b25eff,False,none,,,,
0x551a4fe9388ff34a4f9b289e092ea3ed3d201b3e,0xdef1c0ded9bec7f1a1670819833240f027b25eff,normal_eth,2.5,0x2ef76bb176a068f1517a2744ffeaa827c4cd7ce0f97612d1b67f1c41c7e6b0f8,1636689292,candidate_layering,,,1,0x551a4fe9388ff34a4f9b289e092ea3ed3d201b3e,0xdef1c0ded9bec7f1a1670819833240f027b25eff,False,none,,,,
0x551a4fe9388ff34a4f9b289e092ea3ed3d201b3e,0xdef1c0ded9bec7f1a1670819833240f027b25eff,normal_eth,1.0,0xad5c9516a830bb6980fe565f3ac46f52a4fc2ac4478bcb3c1f55c21ecd8264ca,1636693349,candidate_layering,,,1,0x551a4fe9388ff34a4f9b289e092ea3ed3d201b3e,0xdef1c0ded9bec7f1a1670819833240f027b25eff,False,none,,,,
0x551a4fe9388ff34a4f9b289e092ea3ed3d201b3e,0x0fe7f93b1064aca86b0090b1ef45053dc5009840,normal_eth,20.0,0x65b907c31cd868e25b1fd9584f69b3c80dec087f748eb8275e085def0935c203,1636715961,candidate_layering,,,1,0x551a4fe9388ff34a4f9b289e092ea3ed3d201b3e,0x0fe7f93b1064aca86b0090b1ef45053dc5009840,False,none,,,,
0x551a4fe9388ff34a4f9b289e092ea3ed3d201b3e,0x0fe7f93b1064aca86b0090b1ef45053dc5009840,normal_eth,9.0,0x02e9c15354d3468525175018072fd1a5276f7326717affec92be3cd7d8e0869f,1636744476,candidate_layering,,,1,0x551a4fe9388ff34a4f9b289e092ea3ed3d201b3e,0x0fe7f93b1064aca86b0090b1ef45053dc5009840,False,none,,,,
0x551a4fe9388ff34a4f9b289e092ea3ed3d201b3e,0x7a250d5630b4cf539739df2c5dacb4c659f2488d,normal_eth,0.5,0xad48d754d3896c1d3f1af111125ea4842b1af1c25bfbe1efe32b79533a65a488,1636751767,candidate_layering,,,1,0x551a4fe9388ff34a4f9b289e092ea3ed3d201b3e,0x7a250d5630b4cf539739df2c5dacb4c659f2488d,True,target,Uniswap V2 Router02,Decentralized Exchange,Official Uniswap deployments,Official Uniswap V2 mainnet router; appears in uploaded tracking targets.
0x551a4fe9388ff34a4f9b289e092ea3ed3d201b3e,0xdef1c0ded9bec7f1a1670819833240f027b25eff,normal_eth,1.0,0x16467cdbc96aa9a623e09549c832de7af4e6569b27b6ec815a5ea89c9cf9386f,1636751862,candidate_layering,,,1,0x551a4fe9388ff34a4f9b289e092ea3ed3d201b3e,0xdef1c0ded9bec7f1a1670819833240f027b25eff,False,none,,,,
0x551a4fe9388ff34a4f9b289e092ea3ed3d201b3e,0xdef1c0ded9bec7f1a1670819833240f027b25eff,normal_eth,1.0,0xb8fcc479349e40893752fe07060b00c0cf4930289e1c44eb1b2e12106eeb7cec,1636751902,candidate_layering,,,1,0x551a4fe9388ff34a4f9b289e092ea3ed3d201b3e,0xdef1c0ded9bec7f1a1670819833240f027b25eff,False,none,,,,
0x551a4fe9388ff34a4f9b289e092ea3ed3d201b3e,0x7a250d5630b4cf539739df2c5dacb4c659f2488d,normal_eth,0.5,0x600e13774eb2cc666e71f9a3802a809b05edf2a6f8ddf681c246df514b7977fb,1636752595,candidate_layering,,,1,0x551a4fe9388ff34a4f9b289e092ea3ed3d201b3e,0x7a250d5630b4cf539739df2c5dacb4c659f2488d,True,target,Uniswap V2 Router02,Decentralized Exchange,Official Uniswap deployments,Official Uniswap V2 mainnet router; appears in uploaded tracking targets.
0x551a4fe9388ff34a4f9b289e092ea3ed3d201b3e,0x0fe7f93b1064aca86b0090b1ef45053dc5009840,normal_eth,1.0,0x3c4ddbb642ced3f302b32a9333307863c17a905fb7ecf2f3964923c385ec80d3,1636754489,candidate_layering,,,1,0x551a4fe9388ff34a4f9b289e092ea3ed3d201b3e,0x0fe7f93b1064aca86b0090b1ef45053dc5009840,False,none,,,,
0x551a4fe9388ff34a4f9b289e092ea3ed3d201b3e,0x0fe7f93b1064aca86b0090b1ef45053dc5009840,normal_eth,2.5,0x313a931986a0426847cd6f63ca3ec740ed6993091e27abe97f70c2d12ed7c3f5,1636754939,candidate_layering,,,1,0x551a4fe9388ff34a4f9b289e092ea3ed3d201b3e,0x0fe7f93b1064aca86b0090b1ef45053dc5009840,False,none,,,,
0x551a4fe9388ff34a4f9b289e092ea3ed3d201b3e,0xb01f0f71e99cf8fa0005865afb85e2570813b18c,normal_eth,0.4356825735535128,0x9dcecc7a29e21897308bb32ac800ae6ab240fc3bea28d0d200cd51b6a47207ad,1636755348,candidate_layering,,,1,0x551a4fe9388ff34a4f9b289e092ea3ed3d201b3e,0xb01f0f71e99cf8fa0005865afb85e2570813b18c,False,none,,,,
0x551a4fe9388ff34a4f9b289e092ea3ed3d201b3e,0x262f103bb7ab38c6e4dcd848586dfebe0bde2959,normal_eth,0.12,0x1cd89177e316063c24b8d0521222ea0417f75c3d85940ad001b9cbaf85146c45,1636945241,candidate_layering,,,1,0x551a4fe9388ff34a4f9b289e092ea3ed3d201b3e,0x262f103bb7ab38c6e4dcd848586dfebe0bde2959,False,none,,,,
0x551a4fe9388ff34a4f9b289e092ea3ed3d201b3e,0x5daffd683ab5600dbf176ea6079f1fd4111e5ae2,normal_eth,0.47,0xd0f8809494bfe7fb02487a9a0d0ae23700d4a1e1a6806947edcd7322c7d1b8ed,1636945931,candidate_layering,,,1,0x551a4fe9388ff34a4f9b289e092ea3ed3d201b3e,0x5daffd683ab5600dbf176ea6079f1fd4111e5ae2,False,none,,,,
0x551a4fe9388ff34a4f9b289e092ea3ed3d201b3e,0xdef1c0ded9bec7f1a1670819833240f027b25eff,normal_eth,4.0,0x7f681f0718df491e16bba79ff6fe199b5aa31acfb9bf6b1ca17a691acc1cc153,1636946992,candidate_layering,,,1,0x551a4fe9388ff34a4f9b289e092ea3ed3d201b3e,0xdef1c0ded9bec7f1a1670819833240f027b25eff,False,none,,,,
0x551a4fe9388ff34a4f9b289e092ea3ed3d201b3e,0xae737f0a023cdea2cfe7138fc281b4d4319a3e5f,normal_eth,0.75,0xb621a43d7118b2357d47a0413235a8b3c9eab34fab4ed6bed49938d5fc52e46b,1636947952,candidate_layering,,,1,0x551a4fe9388ff34a4f9b289e092ea3ed3d201b3e,0xae737f0a023cdea2cfe7138fc281b4d4319a3e5f,False,none,,,,
0x551a4fe9388ff34a4f9b289e092ea3ed3d201b3e,0x47e312d99c09ce61a866c83cbbbbed5a4b9d33e7,normal_eth,2.0,0x327696ca14ae0060db18fd50309147645c2f6a1105e170aae00903dc1df8b22f,1637000801,candidate_layering,,,1,0x551a4fe9388ff34a4f9b289e092ea3ed3d201b3e,0x47e312d99c09ce61a866c83cbbbbed5a4b9d33e7,False,none,,,,
0x551a4fe9388ff34a4f9b289e092ea3ed3d201b3e,0x60785fa1180840f3dbcc794b5692acc6f2254981,normal_eth,5.5,0xd8175e3f4e375c12a7cd65cd2cb4e52a9adb9df47d04cd6d1a3bc4b36096b4f1,1637020364,candidate_layering,,,1,0x551a4fe9388ff34a4f9b289e092ea3ed3d201b3e,0x60785fa1180840f3dbcc794b5692acc6f2254981,False,none,,,,
0x551a4fe9388ff34a4f9b289e092ea3ed3d201b3e,0x0fe7f93b1064aca86b0090b1ef45053dc5009840,normal_eth,2.620168,0xc9c08c09b2b19f3a2f504f77179e101d7e10548917c3a8645db8bac789e7f11a,1637030493,candidate_layering,,,1,0x551a4fe9388ff34a4f9b289e092ea3ed3d201b3e,0x0fe7f93b1064aca86b0090b1ef45053dc5009840,False,none,,,,
0x551a4fe9388ff34a4f9b289e092ea3ed3d201b3e,0x7be8076f4ea4a4ad08075c2508e481d6c946d12b,normal_eth,0.67,0xc42e8c7a2cd97d02d18d5e4d445137a869fa04dd5f1b529af1014cb57f6c328e,1637037956,candidate_layering,,,1,0x551a4fe9388ff34a4f9b289e092ea3ed3d201b3e,0x7be8076f4ea4a4ad08075c2508e481d6c946d12b,False,none,,,,
0x551a4fe9388ff34a4f9b289e092ea3ed3d201b3e,0xf03be5810ce4a696c486649e9f84a4ff97318230,normal_eth,1.07075,0x1ee07f7e9cced57b963fa27cc55f5c7fda5b4de444e124807968e0e772a916e0,1637109613,candidate_layering,,,1,0x551a4fe9388ff34a4f9b289e092ea3ed3d201b3e,0xf03be5810ce4a696c486649e9f84a4ff97318230,False,none,,,,
0x551a4fe9388ff34a4f9b289e092ea3ed3d201b3e,0xf03be5810ce4a696c486649e9f84a4ff97318230,normal_eth,1.07518,0x00703c26d1182a72e5157d2a33d96a259c72ee62b51fcdb6367197e8747037ca,1637110745,candidate_layering,,,1,0x551a4fe9388ff34a4f9b289e092ea3ed3d201b3e,0xf03be5810ce4a696c486649e9f84a4ff97318230,False,none,,,,
0x551a4fe9388ff34a4f9b289e092ea3ed3d201b3e,0x5274fb084da9c025831a618035eb0a492c07c6ac,normal_eth,0.572672890623387,0xa669b62d4d539e1722aff48cca3f3dbc89f8df2958c47b15115b13c7ec7484a9,1637204371,candidate_layering,,,1,0x551a4fe9388ff34a4f9b289e092ea3ed3d201b3e,0x5274fb084da9c025831a618035eb0a492c07c6ac,False,none,,,,
0x551a4fe9388ff34a4f9b289e092ea3ed3d201b3e,0x5b3256965e7c3cf26e11fcaf296dfc8807c01073,erc20,0.01261875,0xb070fb8a058eead37646cc4caa2342c147a943c54f76833cd2d4bc11010f0ee7,1630536676,candidate_layering,WETH,0xc02aaa39b223fe8d0a0e5c4f27ead9083c756cc2,1,0x551a4fe9388ff34a4f9b289e092ea3ed3d201b3e,0x5b3256965e7c3cf26e11fcaf296dfc8807c01073,False,none,,,,
0x551a4fe9388ff34a4f9b289e092ea3ed3d201b3e,0x54eff93055b66d6a23f77313bb898de2bdc53bf9,erc20,1.5,0x6a50f03642a701c940400ed02aa864ac8088f8cf39b83dd14d7dcd680c0fc2a7,1631971820,candidate_layering,CHEETH,0x5f7ba84c7984aa5ef329b66e313498f0aed6d23a,1,0x551a4fe9388ff34a4f9b289e092ea3ed3d201b3e,0x54eff93055b66d6a23f77313bb898de2bdc53bf9,False,none,,,,
0x551a4fe9388ff34a4f9b289e092ea3ed3d201b3e,0x5b3256965e7c3cf26e11fcaf296dfc8807c01073,erc20,0.02,0x5adb98ade133244510a90f93c3ff29e51af1157cf50cd6aad73738b79c9a8a67,1631977468,candidate_layering,WETH,0xc02aaa39b223fe8d0a0e5c4f27ead9083c756cc2,1,0x551a4fe9388ff34a4f9b289e092ea3ed3d201b3e,0x5b3256965e7c3cf26e11fcaf296dfc8807c01073,False,none,,,,
0x551a4fe9388ff34a4f9b289e092ea3ed3d201b3e,0x781dc05bb477a936865516f928dc12016c992177,erc20,0.7,0x1345401274b2826edc5ea53ac9e78b6cb09c1e32899380897adf09a02397567f,1631999724,candidate_layering,CHEETH,0x5f7ba84c7984aa5ef329b66e313498f0aed6d23a,1,0x551a4fe9388ff34a4f9b289e092ea3ed3d201b3e,0x781dc05bb477a936865516f928dc12016c992177,False,none,,,,
0x551a4fe9388ff34a4f9b289e092ea3ed3d201b3e,0x2cca33e3d6b1acd15ad77bada530b99129f1e177,erc20,0.1,0x3059d2ed7106c73e925ad3d100dfbbbfd3f739a31ad40d33148f822d963817f4,1632004399,candidate_layering,CHEETH,0x5f7ba84c7984aa5ef329b66e313498f0aed6d23a,1,0x551a4fe9388ff34a4f9b289e092ea3ed3d201b3e,0x2cca33e3d6b1acd15ad77bada530b99129f1e177,False,none,,,,
0x551a4fe9388ff34a4f9b289e092ea3ed3d201b3e,0x4a87b3153c624530f7d79db58b2a9dc4befcd433,erc20,8.79162804019,0xa4540fa0d473ed35d0d8d7b23758faf0f700a4d77d01511eb7cd68d31cd3ad18,1632443041,candidate_layering,CHEETH,0x5f7ba84c7984aa5ef329b66e313498f0aed6d23a,1,0x551a4fe9388ff34a4f9b289e092ea3ed3d201b3e,0x4a87b3153c624530f7d79db58b2a9dc4befcd433,False,none,,,,
0x551a4fe9388ff34a4f9b289e092ea3ed3d201b3e,0x8a8330c329db1a35104fd24492b65b7df28202bb,erc20,0.3,0x23f97fac97483e336fa229673b4c93144c0588ea31e435909979fcb34e80b50b,1632981584,candidate_layering,WETH,0xc02aaa39b223fe8d0a0e5c4f27ead9083c756cc2,1,0x551a4fe9388ff34a4f9b289e092ea3ed3d201b3e,0x8a8330c329db1a35104fd24492b65b7df28202bb,False,none,,,,
0x551a4fe9388ff34a4f9b289e092ea3ed3d201b3e,0x617f89f8e87151e07d975bed788d31466aed5b97,erc20,36.15,0xffea971ddeba8a0d8cf33135a9deaa02aaf8ac2c586644bb69201bfcf9ed2f2b,1633144084,candidate_layering,STACK,0x1bbb57def2f6192f0b9b8565f49034bf1fcdb604,1,0x551a4fe9388ff34a4f9b289e092ea3ed3d201b3e,0x617f89f8e87151e07d975bed788d31466aed5b97,False,none,,,,
0x551a4fe9388ff34a4f9b289e092ea3ed3d201b3e,0x8f369ae35bce72a50f1188b96d516fab425511c9,erc20,1.1540446135618274,0xefa924c20d348a5dbf28283ecd0fcba453039feed341c59a4f167df663aefdf9,1633144202,candidate_layering,UNI-V2,0x617f89f8e87151e07d975bed788d31466aed5b97,1,0x551a4fe9388ff34a4f9b289e092ea3ed3d201b3e,0x8f369ae35bce72a50f1188b96d516fab425511c9,False,none,,,,
0x551a4fe9388ff34a4f9b289e092ea3ed3d201b3e,0x617f89f8e87151e07d975bed788d31466aed5b97,erc20,191.64085625645072,0xd716981504c34a1af1d726bab6d37a3208e3502809a93ae9a4ddcb5937927b11,1633148687,candidate_layering,STACK,0x1bbb57def2f6192f0b9b8565f49034bf1fcdb604,1,0x551a4fe9388ff34a4f9b289e092ea3ed3d201b3e,0x617f89f8e87151e07d975bed788d31466aed5b97,False,none,,,,
0x551a4fe9388ff34a4f9b289e092ea3ed3d201b3e,0x8f369ae35bce72a50f1188b96d516fab425511c9,erc20,5.887580813368804,0x134f1f3baca780121bc8ac069dde419c00503c83178f59867d14d40275b8a520,1633148796,candidate_layering,UNI-V2,0x617f89f8e87151e07d975bed788d31466aed5b97,1,0x551a4fe9388ff34a4f9b289e092ea3ed3d201b3e,0x8f369ae35bce72a50f1188b96d516fab425511c9,False,none,,,,
0x551a4fe9388ff34a4f9b289e092ea3ed3d201b3e,0x22f9dcf4647084d6c31b2765f6910cd85c178c18,erc20,100.0,0x6ca60f07e8122961f89832689411d3e805f3005820c09c4842ef300e5163bb1a,1633154120,candidate_layering,STACK,0x1bbb57def2f6192f0b9b8565f49034bf1fcdb604,1,0x551a4fe9388ff34a4f9b289e092ea3ed3d201b3e,0x22f9dcf4647084d6c31b2765f6910cd85c178c18,False,none,,,,
0x551a4fe9388ff34a4f9b289e092ea3ed3d201b3e,0x22f9dcf4647084d6c31b2765f6910cd85c178c18,erc20,167.0,0x47bd52cbe2f04f796cf75cdc45cf7c0f4ac4587d69ede045a3a308aa94a54b7a,1633154207,candidate_layering,STACK,0x1bbb57def2f6192f0b9b8565f49034bf1fcdb604,1,0x551a4fe9388ff34a4f9b289e092ea3ed3d201b3e,0x22f9dcf4647084d6c31b2765f6910cd85c178c18,False,none,,,,
0x551a4fe9388ff34a4f9b289e092ea3ed3d201b3e,0x22f9dcf4647084d6c31b2765f6910cd85c178c18,erc20,1111.8934,0x4ada1d52cc1df61c19c448f1edc5cdb4ee356b256a46a188649d5feaef22d72b,1633183786,candidate_layering,STACK,0x1bbb57def2f6192f0b9b8565f49034bf1fcdb604,1,0x551a4fe9388ff34a4f9b289e092ea3ed3d201b3e,0x22f9dcf4647084d6c31b2765f6910cd85c178c18,False,none,,,,
0x551a4fe9388ff34a4f9b289e092ea3ed3d201b3e,0x617f89f8e87151e07d975bed788d31466aed5b97,erc20,73.43335313952518,0x120a28d15bda90e4a9a26cdb3d3bc68b1f256c822e2eb47468ca02fe7d467c2a,1633184000,candidate_layering,STACK,0x1bbb57def2f6192f0b9b8565f49034bf1fcdb604,1,0x551a4fe9388ff34a4f9b289e092ea3ed3d201b3e,0x617f89f8e87151e07d975bed788d31466aed5b97,False,none,,,,
0x551a4fe9388ff34a4f9b289e092ea3ed3d201b3e,0x8f369ae35bce72a50f1188b96d516fab425511c9,erc20,0.8827727075621625,0x9246fa8f80158e4c190b8daeae403b3f57cedc1189433200f52046d1a5a8ee0b,1633184045,candidate_layering,UNI-V2,0x617f89f8e87151e07d975bed788d31466aed5b97,1,0x551a4fe9388ff34a4f9b289e092ea3ed3d201b3e,0x8f369ae35bce72a50f1188b96d516fab425511c9,False,none,,,,
0x551a4fe9388ff34a4f9b289e092ea3ed3d201b3e,0x617f89f8e87151e07d975bed788d31466aed5b97,erc20,167.38928173640073,0x0568d9bd519f5c187c90c5fcc95aa84d0f39438dd5baf2f19497ab9c8aa9b8bf,1633191934,candidate_layering,STACK,0x1bbb57def2f6192f0b9b8565f49034bf1fcdb604,1,0x551a4fe9388ff34a4f9b289e092ea3ed3d201b3e,0x617f89f8e87151e07d975bed788d31466aed5b97,False,none,,,,
0x551a4fe9388ff34a4f9b289e092ea3ed3d201b3e,0x8f369ae35bce72a50f1188b96d516fab425511c9,erc20,2.43739984901805,0x12d52006495d43e61205c0151a8aeb2431e7cf95f112ace54fec0a99f87d212b,1633192247,candidate_layering,UNI-V2,0x617f89f8e87151e07d975bed788d31466aed5b97,1,0x551a4fe9388ff34a4f9b289e092ea3ed3d201b3e,0x8f369ae35bce72a50f1188b96d516fab425511c9,False,none,,,,
0x551a4fe9388ff34a4f9b289e092ea3ed3d201b3e,0x617f89f8e87151e07d975bed788d31466aed5b97,erc20,419.68973786297806,0xc375513e52c2738d586108e98e0c8bbafec63356b41fa4b81b0c58004e577f67,1633223024,candidate_layering,STACK,0x1bbb57def2f6192f0b9b8565f49034bf1fcdb604,1,0x551a4fe9388ff34a4f9b289e092ea3ed3d201b3e,0x617f89f8e87151e07d975bed788d31466aed5b97,False,none,,,,
0x551a4fe9388ff34a4f9b289e092ea3ed3d201b3e,0x8f369ae35bce72a50f1188b96d516fab425511c9,erc20,8.992381350017428,0x8eae6313be9894deaa6afa498761a3164591843a2c6ef9d5612797195db67cff,1633223145,candidate_layering,UNI-V2,0x617f89f8e87151e07d975bed788d31466aed5b97,1,0x551a4fe9388ff34a4f9b289e092ea3ed3d201b3e,0x8f369ae35bce72a50f1188b96d516fab425511c9,False,none,,,,
0x551a4fe9388ff34a4f9b289e092ea3ed3d201b3e,0x1e29d597b4dd0de1e86d78c13d6cbb53d330862f,erc20,0.25,0x1e9a63884b66e158de3b873cee218587c0cc26d2714216d2194221f9b119c75d,1633243437,candidate_layering,WETH,0xc02aaa39b223fe8d0a0e5c4f27ead9083c756cc2,1,0x551a4fe9388ff34a4f9b289e092ea3ed3d201b3e,0x1e29d597b4dd0de1e86d78c13d6cbb53d330862f,False,none,,,,
0x551a4fe9388ff34a4f9b289e092ea3ed3d201b3e,0x617f89f8e87151e07d975bed788d31466aed5b97,erc20,1786.3051632578504,0xf016031022c0b79f571e503dcf72bc23aee1f8af7fe9c73cd9d043b83e7d16c8,1633388381,candidate_layering,STACK,0x1bbb57def2f6192f0b9b8565f49034bf1fcdb604,1,0x551a4fe9388ff34a4f9b289e092ea3ed3d201b3e,0x617f89f8e87151e07d975bed788d31466aed5b97,False,none,,,,
0x551a4fe9388ff34a4f9b289e092ea3ed3d201b3e,0x8f369ae35bce72a50f1188b96d516fab425511c9,erc20,23.386770359722696,0x59278dfd7903c103de1da7017b59f31fd865d776c8f6803fac52c3d3e6b0c653,1633388506,candidate_layering,UNI-V2,0x617f89f8e87151e07d975bed788d31466aed5b97,1,0x551a4fe9388ff34a4f9b289e092ea3ed3d201b3e,0x8f369ae35bce72a50f1188b96d516fab425511c9,False,none,,,,
0x551a4fe9388ff34a4f9b289e092ea3ed3d201b3e,0x22f9dcf4647084d6c31b2765f6910cd85c178c18,erc20,2401.5144,0xa7769376c6f750610aef4ee6d1d024829735995084ee4d0169a2ca5aac0152b7,1633544123,candidate_layering,STACK,0x1bbb57def2f6192f0b9b8565f49034bf1fcdb604,1,0x551a4fe9388ff34a4f9b289e092ea3ed3d201b3e,0x22f9dcf4647084d6c31b2765f6910cd85c178c18,False,none,,,,
0x551a4fe9388ff34a4f9b289e092ea3ed3d201b3e,0x22f9dcf4647084d6c31b2765f6910cd85c178c18,erc20,633.7810999999999,0x26002097e1eeea0abc947bd924504a3f3c26c54a47af6a53ae28da6c302058f9,1633651779,candidate_layering,STACK,0x1bbb57def2f6192f0b9b8565f49034bf1fcdb604,1,0x551a4fe9388ff34a4f9b289e092ea3ed3d201b3e,0x22f9dcf4647084d6c31b2765f6910cd85c178c18,False,none,,,,
0x551a4fe9388ff34a4f9b289e092ea3ed3d201b3e,0x22f9dcf4647084d6c31b2765f6910cd85c178c18,erc20,530.0,0xd2a26971f114a7d682cbd95fd4857cbed1838802ab429df641c2ef9eb5d4a52a,1633736883,candidate_layering,STACK,0x1bbb57def2f6192f0b9b8565f49034bf1fcdb604,1,0x551a4fe9388ff34a4f9b289e092ea3ed3d201b3e,0x22f9dcf4647084d6c31b2765f6910cd85c178c18,False,none,,,,
0x551a4fe9388ff34a4f9b289e092ea3ed3d201b3e,0x22f9dcf4647084d6c31b2765f6910cd85c178c18,erc20,460.0,0xbd9c399d8f97d80d12c133b10de9a263b2724568fd804c0304fa901fcdb515da,1633844051,candidate_layering,STACK,0x1bbb57def2f6192f0b9b8565f49034bf1fcdb604,1,0x551a4fe9388ff34a4f9b289e092ea3ed3d201b3e,0x22f9dcf4647084d6c31b2765f6910cd85c178c18,False,none,,,,
0x551a4fe9388ff34a4f9b289e092ea3ed3d201b3e,0x0000000000000000000000000000000000000000,erc20,100.0,0xa0a84f3f71e949eb89f37dbb8eeb467377c82e2655b925ceb9fca0ffd108e2f1,1633883522,candidate_layering,SHOOTS,0xd6a2a6d2f88e29938bb6c8d7146cc7a4306647c1,1,0x551a4fe9388ff34a4f9b289e092ea3ed3d201b3e,0x0000000000000000000000000000000000000000,False,none,,,,
0x551a4fe9388ff34a4f9b289e092ea3ed3d201b3e,0x22f9dcf4647084d6c31b2765f6910cd85c178c18,erc20,459.0,0xb0f1edc4f4547c223c423993a6286c65f91ebe14281d4f31b453e1bc81fce51a,1633966832,candidate_layering,STACK,0x1bbb57def2f6192f0b9b8565f49034bf1fcdb604,1,0x551a4fe9388ff34a4f9b289e092ea3ed3d201b3e,0x22f9dcf4647084d6c31b2765f6910cd85c178c18,False,none,,,,
0x551a4fe9388ff34a4f9b289e092ea3ed3d201b3e,0x0000000000000000000000000000000000000000,erc20,500.0,0xc1e05164c89b7ca48bb050adb6f1b7657a4c06ada0eb6fa70217a4f86e7c38df,1633994126,candidate_layering,SHOOTS,0xd6a2a6d2f88e29938bb6c8d7146cc7a4306647c1,1,0x551a4fe9388ff34a4f9b289e092ea3ed3d201b3e,0x0000000000000000000000000000000000000000,False,none,,,,
0x551a4fe9388ff34a4f9b289e092ea3ed3d201b3e,0x617f89f8e87151e07d975bed788d31466aed5b97,erc20,42.74094969325097,0xeb3e4738831d41ea0e7ed1b614bcbde4d46b35547a4d2de229f8cefad95c1231,1633997070,candidate_layering,UNI-V2,0x617f89f8e87151e07d975bed788d31466aed5b97,1,0x551a4fe9388ff34a4f9b289e092ea3ed3d201b3e,0x617f89f8e87151e07d975bed788d31466aed5b97,False,none,,,,
0x551a4fe9388ff34a4f9b289e092ea3ed3d201b3e,0x22f9dcf4647084d6c31b2765f6910cd85c178c18,erc20,4067.3497,0xbf779eb12e5ed76e93fbd422ce6d02109a8666e443e8ad4f8f6284ebc3b29e8e,1633997213,candidate_layering,STACK,0x1bbb57def2f6192f0b9b8565f49034bf1fcdb604,1,0x551a4fe9388ff34a4f9b289e092ea3ed3d201b3e,0x22f9dcf4647084d6c31b2765f6910cd85c178c18,False,none,,,,
0x551a4fe9388ff34a4f9b289e092ea3ed3d201b3e,0x0000000000000000000000000000000000000000,erc20,500.0,0x1fd22d79224f229055888b0b504adfab47703e8683d18daabd40dc6a7fd88753,1633997598,candidate_layering,SHOOTS,0xd6a2a6d2f88e29938bb6c8d7146cc7a4306647c1,1,0x551a4fe9388ff34a4f9b289e092ea3ed3d201b3e,0x0000000000000000000000000000000000000000,False,none,,,,
0x551a4fe9388ff34a4f9b289e092ea3ed3d201b3e,0x9e0c62d84a534d9914b50ff3d15e17f03e020a98,erc20,1456450607013.809,0xfaaf950af3322b1896f0cf1c116882821bde33f3f0397a22a5985e2763867cc1,1635446823,candidate_layering,HOKK,0xc40af1e4fecfa05ce6bab79dcd8b373d2e436c4e,1,0x551a4fe9388ff34a4f9b289e092ea3ed3d201b3e,0x9e0c62d84a534d9914b50ff3d15e17f03e020a98,False,none,,,,
0x551a4fe9388ff34a4f9b289e092ea3ed3d201b3e,0x773dd321873fe70553acc295b1b49a104d968cc8,erc20,6217852.104427717,0xaeb7ae111409e1cd7545dacc76203700c2c4f7e87297cad653b862c9ac018860,1635461183,candidate_layering,SHIB,0x95ad61b0a150d79219dcf64e1e6cc01f0b64c4ce,1,0x551a4fe9388ff34a4f9b289e092ea3ed3d201b3e,0x773dd321873fe70553acc295b1b49a104d968cc8,False,none,,,,
0x551a4fe9388ff34a4f9b289e092ea3ed3d201b3e,0x9e0c62d84a534d9914b50ff3d15e17f03e020a98,erc20,4576939314523.366,0xd85175d5c8b0200c8438cb40598d3fa162cc5204f2957d2b1c31b137e7954dea,1635485465,candidate_layering,HOKK,0xc40af1e4fecfa05ce6bab79dcd8b373d2e436c4e,1,0x551a4fe9388ff34a4f9b289e092ea3ed3d201b3e,0x9e0c62d84a534d9914b50ff3d15e17f03e020a98,False,none,,,,
0x551a4fe9388ff34a4f9b289e092ea3ed3d201b3e,0xe87e15b9c7d989474cb6d8c56b3db4efad5b21e8,erc20,9653.44,0xab021aa6dbd646f0e92fa3de641bd842cfec1f66b65820068ee974ed424f726f,1636593103,candidate_layering,HOKK,0xe87e15b9c7d989474cb6d8c56b3db4efad5b21e8,1,0x551a4fe9388ff34a4f9b289e092ea3ed3d201b3e,0xe87e15b9c7d989474cb6d8c56b3db4efad5b21e8,False,none,,,,
0x551a4fe9388ff34a4f9b289e092ea3ed3d201b3e,0x12b3dee273a88da89b7d43d3c856237231fda55c,erc20,111014.56,0xab021aa6dbd646f0e92fa3de641bd842cfec1f66b65820068ee974ed424f726f,1636593103,candidate_layering,HOKK,0xe87e15b9c7d989474cb6d8c56b3db4efad5b21e8,1,0x551a4fe9388ff34a4f9b289e092ea3ed3d201b3e,0x12b3dee273a88da89b7d43d3c856237231fda55c,False,none,,,,
0x551a4fe9388ff34a4f9b289e092ea3ed3d201b3e,0x0000000000000000000000000000000000000000,erc20,120668.0,0xab021aa6dbd646f0e92fa3de641bd842cfec1f66b65820068ee974ed424f726f,1636593103,candidate_layering,HOKK,0x95f1a50872768accbbdb728adad920b7eae7680a,1,0x551a4fe9388ff34a4f9b289e092ea3ed3d201b3e,0x0000000000000000000000000000000000000000,False,none,,,,
0x551a4fe9388ff34a4f9b289e092ea3ed3d201b3e,0xf3689417f23030fb352d1200e69f37c03a17ca68,erc20,1851986931.723889,0x3ce7231113d8eee53d1dc6e28a38e85c44837c4bbccb36bfec55d83466fbfe4d,1636691443,candidate_layering,FF,0x086c2263e17b06cb5399c997c6aef3c93f789c82,1,0x551a4fe9388ff34a4f9b289e092ea3ed3d201b3e,0xf3689417f23030fb352d1200e69f37c03a17ca68,False,none,,,,
0x551a4fe9388ff34a4f9b289e092ea3ed3d201b3e,0xc449907e7af59cc2420545224f08762e9935b3c4,erc20,3569423538.348068,0xa1541bbd586cb6c6190f4aa3f1dbba858d798f55424c6164d9829b5b88e26111,1636715166,candidate_layering,FREN,0x37941b3fdb2bd332e667d452a58be01bcacb923e,1,0x551a4fe9388ff34a4f9b289e092ea3ed3d201b3e,0xc449907e7af59cc2420545224f08762e9935b3c4,False,none,,,,
0x551a4fe9388ff34a4f9b289e092ea3ed3d201b3e,0x98d677887af8a699be38ef6276f4cd84aca29d74,erc20,34785837.63797213,0x0854f83892559a1c2cc9a9dd52165f45348facc347e529ad2826e008c24523a3,1636751197,candidate_layering,GM,0xbc7250c8c3eca1dfc1728620af835fca489bfdf3,1,0x551a4fe9388ff34a4f9b289e092ea3ed3d201b3e,0x98d677887af8a699be38ef6276f4cd84aca29d74,False,none,,,,
0x551a4fe9388ff34a4f9b289e092ea3ed3d201b3e,0xc449907e7af59cc2420545224f08762e9935b3c4,erc20,937583500.5367932,0x20bb4a3904e8cf808400784c488e6bc8a8aca91aa76a1d1833e94c04a3251ed6,1637024201,candidate_layering,FREN,0x37941b3fdb2bd332e667d452a58be01bcacb923e,1,0x551a4fe9388ff34a4f9b289e092ea3ed3d201b3e,0xc449907e7af59cc2420545224f08762e9935b3c4,False,none,,,,
0x551a4fe9388ff34a4f9b289e092ea3ed3d201b3e,0x3f7345d3482ccf71f0853212be4cba745197f068,erc20,10.004285431754006,0x2621796bd50963ed6d97bc81c8d807d6ae376c83bb707ecc828f5da99157c1b3,1638461985,candidate_layering,BANANA,0xe2311ae37502105b442bbef831e9b53c5d2e9b3b,1,0x551a4fe9388ff34a4f9b289e092ea3ed3d201b3e,0x3f7345d3482ccf71f0853212be4cba745197f068,False,none,,,,
0x551a4fe9388ff34a4f9b289e092ea3ed3d201b3e,0xb82d251b7e92832dccb7f3c6f03ae20f2d7ee597,erc20,1128015315.8912,0x74569fb4636c43cf23700c858fe085cac24cfe33820d2e66741b2cb86d060da6,1640353145,candidate_layering,SOS,0x3b484b82567a09e2588a13d54d032153f0c0aee0,1,0x551a4fe9388ff34a4f9b289e092ea3ed3d201b3e,0xb82d251b7e92832dccb7f3c6f03ae20f2d7ee597,False,none,,,,
0x551a4fe9388ff34a4f9b289e092ea3ed3d201b3e,0x65a3209f9e962858b51edf3a54ad18af67e57962,erc20,10605903.242694054,0xa9a976276ddb300c052d624c0b994f571f25ae6961af0543ec75e2916e93374c,1640755409,candidate_layering,GAS,0x6bba316c48b49bd1eac44573c5c871ff02958469,1,0x551a4fe9388ff34a4f9b289e092ea3ed3d201b3e,0x65a3209f9e962858b51edf3a54ad18af67e57962,False,none,,,,
0x551a4fe9388ff34a4f9b289e092ea3ed3d201b3e,0x22f9dcf4647084d6c31b2765f6910cd85c178c18,erc20,1699594.0,0x1fac599c7aae3bf15fc7f7067e4cae13e1ed1ec0f5a751c7fd4f0a4c08132edd,1640919963,candidate_layering,YEAR,0x9010a15184da16e3a7c5b4aa50094dfe3bb36989,1,0x551a4fe9388ff34a4f9b289e092ea3ed3d201b3e,0x22f9dcf4647084d6c31b2765f6910cd85c178c18,False,none,,,,
0x551a4fe9388ff34a4f9b289e092ea3ed3d201b3e,0x0cacc10c68e3127912a7e2884a739af5e17f0ae3,erc20,2884453834.197715,0x186c465eb3c523bbbe6bce1a5bfe876e061862a505f5b8267601de3d503ea8e8,1641099747,candidate_layering,GDO,0x16f78145ad0b9af58747e9a97ebd99175378bd3d,1,0x551a4fe9388ff34a4f9b289e092ea3ed3d201b3e,0x0cacc10c68e3127912a7e2884a739af5e17f0ae3,False,none,,,,
0x551a4fe9388ff34a4f9b289e092ea3ed3d201b3e,0xd3953297a35445eac0bdf4947584d6d9c7149f74,erc20,2884453834.197715,0x186c465eb3c523bbbe6bce1a5bfe876e061862a505f5b8267601de3d503ea8e8,1641099747,candidate_layering,GDO,0x16f78145ad0b9af58747e9a97ebd99175378bd3d,1,0x551a4fe9388ff34a4f9b289e092ea3ed3d201b3e,0xd3953297a35445eac0bdf4947584d6d9c7149f74,False,none,,,,
0x551a4fe9388ff34a4f9b289e092ea3ed3d201b3e,0x377931b4f6adceccfc1a080f7a88b4af9d060336,erc20,88455.10057082571,0x644d279b0fcbe557ff8a575fd9960dcb2022a585b7e5f77110e2c1b0f57eac0a,1641161090,candidate_layering,TWO,0xb711bac062f74c5c6d4a2cb55639a270881a12ee,1,0x551a4fe9388ff34a4f9b289e092ea3ed3d201b3e,0x377931b4f6adceccfc1a080f7a88b4af9d060336,False,none,,,,
0x551a4fe9388ff34a4f9b289e092ea3ed3d201b3e,0x5375fd52707ab7c8d1b088e07169fa74b0999732,erc20,258591085.8298617,0xbc482ead7185fea65bfc6c7d1137e2148c7cb3055e02bbb481f88896ad226b1f,1641163873,candidate_layering,MetaVice,0x5375fd52707ab7c8d1b088e07169fa74b0999732,1,0x551a4fe9388ff34a4f9b289e092ea3ed3d201b3e,0x5375fd52707ab7c8d1b088e07169fa74b0999732,False,none,,,,
0x551a4fe9388ff34a4f9b289e092ea3ed3d201b3e,0x0593274598fc248b42f8894686b3695f92700d31,erc20,1465349486.369216,0xbc482ead7185fea65bfc6c7d1137e2148c7cb3055e02bbb481f88896ad226b1f,1641163873,candidate_layering,MetaVice,0x5375fd52707ab7c8d1b088e07169fa74b0999732,1,0x551a4fe9388ff34a4f9b289e092ea3ed3d201b3e,0x0593274598fc248b42f8894686b3695f92700d31,False,none,,,,
0x551a4fe9388ff34a4f9b289e092ea3ed3d201b3e,0x155b5f5a751d8303a41d93f3ac1536df2a274244,erc20,480.51,0x88d9a3924757997fa05c712454536e4d9a5341afba8e651d12ae0f9a57579c7a,1641586401,candidate_layering,USDC,0xa0b86991c6218b36c1d19d4a2e9eb0ce3606eb48,1,0x551a4fe9388ff34a4f9b289e092ea3ed3d201b3e,0x155b5f5a751d8303a41d93f3ac1536df2a274244,False,none,,,,
0x551a4fe9388ff34a4f9b289e092ea3ed3d201b3e,0x6231e794773e4dc0b1ad79105d850a05d5fc0fcb,erc20,2450.0,0xec77afa87a5fd67219a5eab25b876b40a02b7bd59d809b6e3b33c10b1707af45,1641822513,candidate_layering,LOOKS,0xf4d2888d29d722226fafa5d9b24f9164c092421e,1,0x551a4fe9388ff34a4f9b289e092ea3ed3d201b3e,0x6231e794773e4dc0b1ad79105d850a05d5fc0fcb,False,none,,,,
0x551a4fe9388ff34a4f9b289e092ea3ed3d201b3e,0xa68dd8cb83097765263adad881af6eed479c4a33,erc20,307.5902175134851,0x83b6f08fe82a9c4c540043b31afce5e1ceacb17aaa0f0a488df94a879589ca12,1642126596,candidate_layering,WTF,0xa68dd8cb83097765263adad881af6eed479c4a33,1,0x551a4fe9388ff34a4f9b289e092ea3ed3d201b3e,0xa68dd8cb83097765263adad881af6eed479c4a33,False,none,,,,
0x551a4fe9388ff34a4f9b289e092ea3ed3d201b3e,0xab293dce330b92aa52bc2a7cd3816edaa75f890b,erc20,7382.165220323642,0x83b6f08fe82a9c4c540043b31afce5e1ceacb17aaa0f0a488df94a879589ca12,1642126596,candidate_layering,WTF,0xa68dd8cb83097765263adad881af6eed479c4a33,1,0x551a4fe9388ff34a4f9b289e092ea3ed3d201b3e,0xab293dce330b92aa52bc2a7cd3816edaa75f890b,False,none,,,,
0x551a4fe9388ff34a4f9b289e092ea3ed3d201b3e,0xcd371bf030afd98563677d74cc31d913d1d0239c,erc20,1285.0,0x925409dc9c00acbaac9a23212b318a7d86a2e993754d99ba2f8dac37312f7d76,1642126779,candidate_layering,USDC,0xa0b86991c6218b36c1d19d4a2e9eb0ce3606eb48,1,0x551a4fe9388ff34a4f9b289e092ea3ed3d201b3e,0xcd371bf030afd98563677d74cc31d913d1d0239c,False,none,,,,
0x551a4fe9388ff34a4f9b289e092ea3ed3d201b3e,0x5b3256965e7c3cf26e11fcaf296dfc8807c01073,erc20,0.292,0x22e324532ad64a69bb77fe6950b7415287b4e57ceefff7d58890059f7599d2ca,1644705065,candidate_layering,WETH,0xc02aaa39b223fe8d0a0e5c4f27ead9083c756cc2,1,0x551a4fe9388ff34a4f9b289e092ea3ed3d201b3e,0x5b3256965e7c3cf26e11fcaf296dfc8807c01073,False,none,,,,
0x551a4fe9388ff34a4f9b289e092ea3ed3d201b3e,0x5b3256965e7c3cf26e11fcaf296dfc8807c01073,erc20,0.32,0x3035e067e3cb3a3d10dcf9c53838f15a52ce89e5dde29b98a40c996c976ffed5,1644707422,candidate_layering,WETH,0xc02aaa39b223fe8d0a0e5c4f27ead9083c756cc2,1,0x551a4fe9388ff34a4f9b289e092ea3ed3d201b3e,0x5b3256965e7c3cf26e11fcaf296dfc8807c01073,False,none,,,,
0x551a4fe9388ff34a4f9b289e092ea3ed3d201b3e,0x6033368e4a402605294c91cf5c03d72bd96e7d8d,erc20,1000.0,0x4a231a2ba44b4b9a72540bc509cfe0c0036c48015c6f79f6036f74689eb4240a,1644966526,candidate_layering,X2Y2,0x1e4ede388cbc9f4b5c79681b7f94d36a11abebc9,1,0x551a4fe9388ff34a4f9b289e092ea3ed3d201b3e,0x6033368e4a402605294c91cf5c03d72bd96e7d8d,False,none,,,,
0x551a4fe9388ff34a4f9b289e092ea3ed3d201b3e,0x1583399f70411328ef5211a2e9d0e5697883e9e8,erc20,58480.87671420735,0x3339aa8e4e8519c91d53e99b90d0ddeb9d41fbdf2d385dd240459d718b463c5f,1645071556,candidate_layering,CREDIT,0x7c7828f8a3aefcb8bb09740845f2a085d35ee7f8,1,0x551a4fe9388ff34a4f9b289e092ea3ed3d201b3e,0x1583399f70411328ef5211a2e9d0e5697883e9e8,False,none,,,,
0x551a4fe9388ff34a4f9b289e092ea3ed3d201b3e,0x11faf848f03eee6908b68d6919270af3b0a90db5,erc20,730.0,0x737114cefd4f868aa35ed1718eee4f13d885c33e85bc8b3a59c2528f15d5ef51,1646314314,candidate_layering,SAND,0x3845badade8e6dff049820680d1f14bd3903a5d0,1,0x551a4fe9388ff34a4f9b289e092ea3ed3d201b3e,0x11faf848f03eee6908b68d6919270af3b0a90db5,False,none,,,,
0x551a4fe9388ff34a4f9b289e092ea3ed3d201b3e,0x5859ebe6fd3bbc6bd646b73a5dbb09a5d7b6e7b7,erc20,302.07,0x451951095c0c5ee3a48d120910d169972a1bb5a2652944ad12495369c92546cd,1646353192,candidate_layering,SAND,0x3845badade8e6dff049820680d1f14bd3903a5d0,1,0x551a4fe9388ff34a4f9b289e092ea3ed3d201b3e,0x5859ebe6fd3bbc6bd646b73a5dbb09a5d7b6e7b7,False,none,,,,
0x551a4fe9388ff34a4f9b289e092ea3ed3d201b3e,0x0000000000000000000000000000000000000000,erc20,5000.0,0x95f4a66fdf57f6167ed0ca364581475daf25032398e2fb16a6241e1253c19134,1646797113,candidate_layering,COCO,0x133b7c4a6b3fdb1392411d8aadd5b8b006ad69a4,1,0x551a4fe9388ff34a4f9b289e092ea3ed3d201b3e,0x0000000000000000000000000000000000000000,False,none,,,,
0x551a4fe9388ff34a4f9b289e092ea3ed3d201b3e,0x5d126c501e569c938e310cea8f3dba38e5c64aa9,erc20,0.15,0xad3f97271bd79b582fd94c0fcf285d81a5552f697c26e7d3b843d3ffca97337b,1649734659,candidate_layering,WETH,0xc02aaa39b223fe8d0a0e5c4f27ead9083c756cc2,1,0x551a4fe9388ff34a4f9b289e092ea3ed3d201b3e,0x5d126c501e569c938e310cea8f3dba38e5c64aa9,False,none,,,,
0xb1302743acf31f567e9020810523f5030942e211,0x07002d0212e3d40a6e17773460579d694100b7f4,erc20,97.0,0x65026845a508a422c0b014dfeadb85f5aa068f92bd997fbe294b54f4117e59d9,1656054666,candidate_layering,WETH,0xc02aaa39b223fe8d0a0e5c4f27ead9083c756cc2,1,0xb1302743acf31f567e9020810523f5030942e211,0x07002d0212e3d40a6e17773460579d694100b7f4,False,none,,,,
0xb1302743acf31f567e9020810523f5030942e211,0x07002d0212e3d40a6e17773460579d694100b7f4,erc20,1000.0,0x25fde2dee7e464def4e0cbac95a77ccce1d1663c674ff49c7d422faeb3218dc7,1656057081,candidate_layering,WETH,0xc02aaa39b223fe8d0a0e5c4f27ead9083c756cc2,1,0xb1302743acf31f567e9020810523f5030942e211,0x07002d0212e3d40a6e17773460579d694100b7f4,False,none,,,,
0xb1302743acf31f567e9020810523f5030942e211,0x0d195363672247fa0f2184f84617fd2108bb2bbb,erc20,2500.0,0x61f915e97ea5f461aaf8376d8569e4b526aa63ccc6433b3b005390137df1030f,1677906551,candidate_layering,WETH,0xc02aaa39b223fe8d0a0e5c4f27ead9083c756cc2,1,0xb1302743acf31f567e9020810523f5030942e211,0x0d195363672247fa0f2184f84617fd2108bb2bbb,False,none,,,,
0xb1302743acf31f567e9020810523f5030942e211,0x0d195363672247fa0f2184f84617fd2108bb2bbb,erc20,3000.0,0x6d78fac5d2428513f2088e99343a55c8c56931fc8af95b4f8e940d6c27372a51,1680922715,candidate_layering,WETH,0xc02aaa39b223fe8d0a0e5c4f27ead9083c756cc2,1,0xb1302743acf31f567e9020810523f5030942e211,0x0d195363672247fa0f2184f84617fd2108bb2bbb,False,none,,,,
0xb1302743acf31f567e9020810523f5030942e211,0x59fde87a413e9b1c06f35653bf08b7b0f88201ed,erc20,3000.0,0x68878e9e20a01fd3aa45573d38f86888d1168ff517ff7e04827b0dca08affaa0,1683312035,candidate_layering,WETH,0xc02aaa39b223fe8d0a0e5c4f27ead9083c756cc2,1,0xb1302743acf31f567e9020810523f5030942e211,0x59fde87a413e9b1c06f35653bf08b7b0f88201ed,False,none,,,,
0xb1302743acf31f567e9020810523f5030942e211,0x2166b5026ad3b5416191f376f8d41743362cd91e,erc20,4000.0,0x0b4bd05ca561d3b6d06b4e79589aa4af631f7aca6320ed4fad68ce565a5fd8ff,1689461183,candidate_layering,WETH,0xc02aaa39b223fe8d0a0e5c4f27ead9083c756cc2,1,0xb1302743acf31f567e9020810523f5030942e211,0x2166b5026ad3b5416191f376f8d41743362cd91e,False,none,,,,
0x439c0da3061ef171090e8a723f930bb14bea509c,0x722122df12d4e14e13ac3b6895a86e84145b6967,normal_eth,10.0,0xe17295e99e5078240d2c0a195391c4d9368399b510c48a86da5a51f190d62146,1635606730,candidate_layering,,,1,0x439c0da3061ef171090e8a723f930bb14bea509c,0x722122df12d4e14e13ac3b6895a86e84145b6967,True,target,Tornado.Cash: Proxy,Mixer / Privacy Protocol,Etherscan label,Tracked target; Etherscan labels this as Tornado.Cash: Proxy.
0x439c0da3061ef171090e8a723f930bb14bea509c,0x722122df12d4e14e13ac3b6895a86e84145b6967,normal_eth,1.0,0xe16948ed680ac78e91e34877d2ac6968cb1ac5a4ee05df3eae25aa859261fb49,1635607463,candidate_layering,,,1,0x439c0da3061ef171090e8a723f930bb14bea509c,0x722122df12d4e14e13ac3b6895a86e84145b6967,True,target,Tornado.Cash: Proxy,Mixer / Privacy Protocol,Etherscan label,Tracked target; Etherscan labels this as Tornado.Cash: Proxy.
0x439c0da3061ef171090e8a723f930bb14bea509c,0x722122df12d4e14e13ac3b6895a86e84145b6967,normal_eth,1.0,0xd1a33df6a46564ace3d85b7a6cd2d707c35984390897c6f0f54f8e39ad159e3c,1635607710,candidate_layering,,,1,0x439c0da3061ef171090e8a723f930bb14bea509c,0x722122df12d4e14e13ac3b6895a86e84145b6967,True,target,Tornado.Cash: Proxy,Mixer / Privacy Protocol,Etherscan label,Tracked target; Etherscan labels this as Tornado.Cash: Proxy.
0x439c0da3061ef171090e8a723f930bb14bea509c,0x722122df12d4e14e13ac3b6895a86e84145b6967,normal_eth,1.0,0x174e287c2dc1167baf7d20fca50515d0c4649598f0812877dd913f86201157d9,1635609551,candidate_layering,,,1,0x439c0da3061ef171090e8a723f930bb14bea509c,0x722122df12d4e14e13ac3b6895a86e84145b6967,True,target,Tornado.Cash: Proxy,Mixer / Privacy Protocol,Etherscan label,Tracked target; Etherscan labels this as Tornado.Cash: Proxy.
0x439c0da3061ef171090e8a723f930bb14bea509c,0xd93847e7b31b45021d7e90732b829bd6181f8c5f,normal_eth,0.3,0x0d33f902519902c337cd4502210cc6aec762db6d3e034ab443b3806656b0271b,1635613764,candidate_layering,,,1,0x439c0da3061ef171090e8a723f930bb14bea509c,0xd93847e7b31b45021d7e90732b829bd6181f8c5f,False,none,,,,
0x439c0da3061ef171090e8a723f930bb14bea509c,0x9c479f89c3099c525a02e0a845b9a62c5351a3b8,normal_eth,1.79,0x5d6c6db9f098ad173ba517b8732ad89218d3ce40b1009203db528b9c0ca77cfc,1635622973,candidate_layering,,,1,0x439c0da3061ef171090e8a723f930bb14bea509c,0x9c479f89c3099c525a02e0a845b9a62c5351a3b8,False,none,,,,
0x439c0da3061ef171090e8a723f930bb14bea509c,0x88e6a0c2ddd26feeb64f039a2c41296fcb3f5640,erc20,746.884498,0x01ba1ad4be91c4c0001c93bb12609f8065a49c52399ef4874db96f9ea5046bcd,1635609397,candidate_layering,USDC,0xa0b86991c6218b36c1d19d4a2e9eb0ce3606eb48,1,0x439c0da3061ef171090e8a723f930bb14bea509c,0x88e6a0c2ddd26feeb64f039a2c41296fcb3f5640,False,none,,,,
0x439c0da3061ef171090e8a723f930bb14bea509c,0x3069388b2c7e45a53ebb32c31bc3817304401d9e,erc20,1239258.016303146,0x93f7c7883ebc349f4f2d6194b2622d5026d922b5e9bbb3dc9505bc8670113fb5,1635613632,candidate_layering,ANKH,0x507586012a126421c3669a64b8393fffa9c44462,1,0x439c0da3061ef171090e8a723f930bb14bea509c,0x3069388b2c7e45a53ebb32c31bc3817304401d9e,False,none,,,,
0x149915f1fd17fe5899adac2542be90690ed8a526,0xee261291f38538b7d75b0b42dd16cdc05620548d,internal_eth,352.78,0xbbb7166ecc47cfc3263cfa47f459fbcd252a2bf9cc05be19b861711a5b1d5b07,1628789221,candidate_layering,,,2,0x149915f1fd17fe5899adac2542be90690ed8a526,0xee261291f38538b7d75b0b42dd16cdc05620548d,False,none,,,,
0xc84cf3277549845d6a6ba7e761d2fdfa56663546,0x0392b64b8bfda184f0a72ce37d73dc7df978c4f7,normal_eth,0.162228584278727,0x1991628a3552d60c49f9a552ef461aa115d4c0a1d706a1f1e25ece23c941ca73,1628802905,candidate_layering,,,2,0xc84cf3277549845d6a6ba7e761d2fdfa56663546,0x0392b64b8bfda184f0a72ce37d73dc7df978c4f7,False,none,,,,
0x0e4245ccb9954ead73f8bab13607cd2d86efc84c,0xa25d6e6e02d1fd7a886b83a906c91cde7ed8ddfc,internal_eth,27.84,0x373ad62dff20ed72197afda89f51c011c6ad50e29bb2d4c0d23b526c6859708c,1628819542,candidate_layering,,,2,0x0e4245ccb9954ead73f8bab13607cd2d86efc84c,0xa25d6e6e02d1fd7a886b83a906c91cde7ed8ddfc,False,none,,,,
0x0e4245ccb9954ead73f8bab13607cd2d86efc84c,0xa25d6e6e02d1fd7a886b83a906c91cde7ed8ddfc,internal_eth,361.3,0x13de4fb40d4095e72d4b9e069b73b1b2f38195080cbffb460e55d2a1357fd7f5,1629247290,candidate_layering,,,2,0x0e4245ccb9954ead73f8bab13607cd2d86efc84c,0xa25d6e6e02d1fd7a886b83a906c91cde7ed8ddfc,False,none,,,,
