source,target,transaction_type,amount,tokenSymbol,contractAddress,hash,timeStamp,label,source_layer
0xb1302743acf31f567e9020810523f5030942e211,0x07002d0212e3d40a6e17773460579d694100b7f4,erc20,97.0,WETH,0xc02aaa39b223fe8d0a0e5c4f27ead9083c756cc2,0x65026845a508a422c0b014dfeadb85f5aa068f92bd997fbe294b54f4117e59d9,1656054666,candidate_layering,0
0xb1302743acf31f567e9020810523f5030942e211,0x07002d0212e3d40a6e17773460579d694100b7f4,erc20,1000.0,WETH,0xc02aaa39b223fe8d0a0e5c4f27ead9083c756cc2,0x25fde2dee7e464def4e0cbac95a77ccce1d1663c674ff49c7d422faeb3218dc7,1656057081,candidate_layering,0
0xb1302743acf31f567e9020810523f5030942e211,0x0d195363672247fa0f2184f84617fd2108bb2bbb,erc20,2500.0,WETH,0xc02aaa39b223fe8d0a0e5c4f27ead9083c756cc2,0x61f915e97ea5f461aaf8376d8569e4b526aa63ccc6433b3b005390137df1030f,1677906551,candidate_layering,0
0xb1302743acf31f567e9020810523f5030942e211,0x0d195363672247fa0f2184f84617fd2108bb2bbb,erc20,3000.0,WETH,0xc02aaa39b223fe8d0a0e5c4f27ead9083c756cc2,0x6d78fac5d2428513f2088e99343a55c8c56931fc8af95b4f8e940d6c27372a51,1680922715,candidate_layering,0
0xb1302743acf31f567e9020810523f5030942e211,0x59fde87a413e9b1c06f35653bf08b7b0f88201ed,erc20,3000.0,WETH,0xc02aaa39b223fe8d0a0e5c4f27ead9083c756cc2,0x68878e9e20a01fd3aa45573d38f86888d1168ff517ff7e04827b0dca08affaa0,1683312035,candidate_layering,0
0xb1302743acf31f567e9020810523f5030942e211,0x2166b5026ad3b5416191f376f8d41743362cd91e,erc20,4000.0,WETH,0xc02aaa39b223fe8d0a0e5c4f27ead9083c756cc2,0x0b4bd05ca561d3b6d06b4e79589aa4af631f7aca6320ed4fad68ce565a5fd8ff,1689461183,candidate_layering,0
0x07002d0212e3d40a6e17773460579d694100b7f4,0xd90e2f925da726b50c4ed8d0fb90ad053324f31b,normal_eth,1.0,,,0x98a984972b50f7a95b642fa739ecbb3da702c167a915b2c493ae454e73c78bee,1656055795,candidate_layering,1
0x07002d0212e3d40a6e17773460579d694100b7f4,0xd90e2f925da726b50c4ed8d0fb90ad053324f31b,normal_eth,1.0,,,0x27d429a62c426c15a5dcb45449bfee0df503deb0d3d31d69cfac9b02d063b026,1656055838,candidate_layering,1
0x07002d0212e3d40a6e17773460579d694100b7f4,0xd90e2f925da726b50c4ed8d0fb90ad053324f31b,normal_eth,1.0,,,0xd025734b641a350f45ccf340c3bdffd9a36ecec855faa51c68e6e83711afcf0f,1656056418,candidate_layering,1
0x07002d0212e3d40a6e17773460579d694100b7f4,0xd90e2f925da726b50c4ed8d0fb90ad053324f31b,normal_eth,1.0,,,0xe69054b163ebf5ab5c65b2d80f60d88806d3444a42dcd048e87639155e0cc8a4,1656056425,candidate_layering,1
0x07002d0212e3d40a6e17773460579d694100b7f4,0xd90e2f925da726b50c4ed8d0fb90ad053324f31b,normal_eth,1.0,,,0xfbcab74a820a31ee04b6efd377725c536d657e895cf9adddd1f539e95490443f,1656056487,candidate_layering,1
0x07002d0212e3d40a6e17773460579d694100b7f4,0xd90e2f925da726b50c4ed8d0fb90ad053324f31b,normal_eth,1.0,,,0xc80ff6d3030c0d3474c32d610a3fa0cf202daea3751e5c8a7c2209fde128c383,1656056530,candidate_layering,1
0x07002d0212e3d40a6e17773460579d694100b7f4,0xd90e2f925da726b50c4ed8d0fb90ad053324f31b,normal_eth,1.0,,,0xd744efe61ceb4483d8165d426e64f615881a6a3329e3c28d8cb9446240a221cf,1656056595,candidate_layering,1
0x07002d0212e3d40a6e17773460579d694100b7f4,0xd90e2f925da726b50c4ed8d0fb90ad053324f31b,normal_eth,1.0,,,0x2361aeca5b19daf4a8b665d8a50e52fe6d51c853df31cdb06bf19a1ccdbfbb4b,1656056632,candidate_layering,1
0x07002d0212e3d40a6e17773460579d694100b7f4,0xd90e2f925da726b50c4ed8d0fb90ad053324f31b,normal_eth,1.0,,,0xa3468de69d388888aaa2171b49c2c55339e74674aa048d52d9c86429b148f625,1656056690,candidate_layering,1
0x07002d0212e3d40a6e17773460579d694100b7f4,0xd90e2f925da726b50c4ed8d0fb90ad053324f31b,normal_eth,1.0,,,0xf7c14fff34e7ba2934f17fad59e6e5352e1b5e319dfc61f0e9f45a0d337a3077,1656056722,candidate_layering,1
0x07002d0212e3d40a6e17773460579d694100b7f4,0xd90e2f925da726b50c4ed8d0fb90ad053324f31b,normal_eth,1.0,,,0xa4af44aabe76699044296b30f3dc4580898c880e7ad7359619193d8cb9d2a7da,1656056770,candidate_layering,1
0x07002d0212e3d40a6e17773460579d694100b7f4,0xd90e2f925da726b50c4ed8d0fb90ad053324f31b,normal_eth,1.0,,,0x8bfe2138544a76e33cc1d25190952e31d03f03f91f2d1f3984d19433f865be68,1656056800,candidate_layering,1
0x07002d0212e3d40a6e17773460579d694100b7f4,0xd90e2f925da726b50c4ed8d0fb90ad053324f31b,normal_eth,1.0,,,0x7d019193de195bafbfa0510eb7a8565b9bf6c1e387f019d67ff90565a0957797,1656056836,candidate_layering,1
0x07002d0212e3d40a6e17773460579d694100b7f4,0xd90e2f925da726b50c4ed8d0fb90ad053324f31b,normal_eth,1.0,,,0xfc832a4f4d22b369f115ca27d421d633801b818903350e2881f024e09edcc3be,1656056883,candidate_layering,1
0x07002d0212e3d40a6e17773460579d694100b7f4,0xd90e2f925da726b50c4ed8d0fb90ad053324f31b,normal_eth,1.0,,,0xd8951bc53167235f56e530d1925e3f4b552afb0e9f6daa61f27dcd2cec64c1e7,1656056969,candidate_layering,1
0x07002d0212e3d40a6e17773460579d694100b7f4,0xd90e2f925da726b50c4ed8d0fb90ad053324f31b,normal_eth,1.0,,,0xea66ddaf1ca7b17a294a68fefa0159781267ee7db70c8c32390aa85ebfa38d99,1656057016,candidate_layering,1
0x07002d0212e3d40a6e17773460579d694100b7f4,0xd90e2f925da726b50c4ed8d0fb90ad053324f31b,normal_eth,1.0,,,0x252e6ff3d19346e076b41a33a7704ead5e0f1b8064dd6080a50d60b524288714,1656057065,candidate_layering,1
0x07002d0212e3d40a6e17773460579d694100b7f4,0xd90e2f925da726b50c4ed8d0fb90ad053324f31b,normal_eth,1.0,,,0x4facd57172dff1e8aeed072870bf051fe828a013058c31dc2234d6c66e73ffa5,1656057081,candidate_layering,1
0x07002d0212e3d40a6e17773460579d694100b7f4,0xd90e2f925da726b50c4ed8d0fb90ad053324f31b,normal_eth,100.0,,,0x6ef937945deef44fd8d47fcab298c2f93373fa2b582b58202fa535f2905a16bc,1656057432,candidate_layering,1
0x07002d0212e3d40a6e17773460579d694100b7f4,0xd90e2f925da726b50c4ed8d0fb90ad053324f31b,normal_eth,100.0,,,0x44ce8b84c7f3385574d2a4c54125520c3d0d89e45e49b981ef0975f32ecff240,1656057514,candidate_layering,1
0x07002d0212e3d40a6e17773460579d694100b7f4,0xd90e2f925da726b50c4ed8d0fb90ad053324f31b,normal_eth,100.0,,,0x44b1b4b47a4b4b76c75edd0be87c5bcb374af06d7106e4dde0345c322f890c50,1656057582,candidate_layering,1
0x07002d0212e3d40a6e17773460579d694100b7f4,0xd90e2f925da726b50c4ed8d0fb90ad053324f31b,normal_eth,100.0,,,0x7a2fa690f2120a6349e6575a1d6338077f10b84847d5e85f15bbef845c85fbfd,1656057607,candidate_layering,1
0x07002d0212e3d40a6e17773460579d694100b7f4,0xd90e2f925da726b50c4ed8d0fb90ad053324f31b,normal_eth,100.0,,,0x7ebc2145332e8d1a9ae8a11237e4d0016bd67c1c0f1869255c9bbd6120b3ce53,1656057660,candidate_layering,1
0x07002d0212e3d40a6e17773460579d694100b7f4,0xd90e2f925da726b50c4ed8d0fb90ad053324f31b,normal_eth,100.0,,,0xa7e4503f05d808ee69995743d79cc31958ef0041b83093c4b19500f1e5cb8881,1656057693,candidate_layering,1
0x07002d0212e3d40a6e17773460579d694100b7f4,0xd90e2f925da726b50c4ed8d0fb90ad053324f31b,normal_eth,100.0,,,0x3c77b7ccfb6383188caf4ec8d69b5bd0e0a87cf3b32b9c095ed08a44ccfe75d5,1656057728,candidate_layering,1
0x07002d0212e3d40a6e17773460579d694100b7f4,0xd90e2f925da726b50c4ed8d0fb90ad053324f31b,normal_eth,100.0,,,0x8cd55c9c1eea01f8cf43fc966c4f751fa25af938db7263f8beefe4a67ad8a951,1656057745,candidate_layering,1
0x07002d0212e3d40a6e17773460579d694100b7f4,0xd90e2f925da726b50c4ed8d0fb90ad053324f31b,normal_eth,100.0,,,0x7d4cbcb2fe10218af3828e2474c57fb13b536b852404633d384486b3c6607df0,1656057824,candidate_layering,1
0x07002d0212e3d40a6e17773460579d694100b7f4,0xd90e2f925da726b50c4ed8d0fb90ad053324f31b,normal_eth,100.0,,,0xefa279bf117a1b39f4781cbd955a337f96247315f00d98ec03dc99b9e7d3bf73,1656057909,candidate_layering,1
0x07002d0212e3d40a6e17773460579d694100b7f4,0xe77b0377b498a2e485dc8043b9ccc8254f972195,normal_eth,79.23828992761278,,,0x27e2c0f92606049f47a4d51f2a9930c5b9dcacd2a77986e1a2eccafc527a9df1,1656071060,candidate_layering,1
0xd90e2f925da726b50c4ed8d0fb90ad053324f31b,0x47ce0c6ed5b0ce3d3a51fdb1c52dc66a7c3c2936,internal_eth,1.0,,,0x5db9a0f0ff86efc5ebbcbf416896a2d10ee9e0cea48cd30ad68fe2993d2ce22c,1645439135,candidate_layering,2
0xd90e2f925da726b50c4ed8d0fb90ad053324f31b,0x12d66f87a04a9e220743712ce6d9bb1b5616b8fc,internal_eth,0.1,,,0xb2ab16879c423ba11e8cd970c17f7c1a4fe9dce33cd45e61998c4a2753498a25,1645441561,candidate_layering,2
0xd90e2f925da726b50c4ed8d0fb90ad053324f31b,0x47ce0c6ed5b0ce3d3a51fdb1c52dc66a7c3c2936,internal_eth,1.0,,,0x67e79366cb7fd8782882ab40f2f26adda150ab93cb100789e94df8ec0a954158,1645442839,candidate_layering,2
0xd90e2f925da726b50c4ed8d0fb90ad053324f31b,0x23773e65ed146a459791799d01336db287f25334,internal_eth,0.0101376,,,0xca6e7affcc5b79a0a9f97c1fad0fad347c23a7d4850218f1e77af4f43922e07b,1645445249,candidate_layering,2
0xd90e2f925da726b50c4ed8d0fb90ad053324f31b,0x47ce0c6ed5b0ce3d3a51fdb1c52dc66a7c3c2936,internal_eth,1.0,,,0x886eaab44a3d42cea4c56336be8a476085024ed7f7e2d270e64f0e4f26ece0f2,1645445491,candidate_layering,2
0xd90e2f925da726b50c4ed8d0fb90ad053324f31b,0x12d66f87a04a9e220743712ce6d9bb1b5616b8fc,internal_eth,0.1,,,0x79f8af249bb385706aabce2667f1c6847cf2c169131fa40d98ac170576cfb446,1645445783,candidate_layering,2
0xd90e2f925da726b50c4ed8d0fb90ad053324f31b,0x12d66f87a04a9e220743712ce6d9bb1b5616b8fc,internal_eth,0.1,,,0xbedb63edb2e81e632abd789c6e14826a8486fb9bcc0f17d573ecf65cb5fce471,1645445845,candidate_layering,2
0xd90e2f925da726b50c4ed8d0fb90ad053324f31b,0x47ce0c6ed5b0ce3d3a51fdb1c52dc66a7c3c2936,internal_eth,1.0,,,0xe50bd62443e2680badce1515c482d31001800eca3e331cb9ecd32b14d39b1675,1645445874,candidate_layering,2
0xd90e2f925da726b50c4ed8d0fb90ad053324f31b,0x47ce0c6ed5b0ce3d3a51fdb1c52dc66a7c3c2936,internal_eth,1.0,,,0x09770cd20d28235dbfa6ba3f9cbed3450c52ffdd8ea931cca44fd8809c7df3ba,1645445973,candidate_layering,2
0xd90e2f925da726b50c4ed8d0fb90ad053324f31b,0x47ce0c6ed5b0ce3d3a51fdb1c52dc66a7c3c2936,internal_eth,1.0,,,0x538465417255d9e7d7e53d278b04d2f03a56bbd9f3015ee30c4d328badfc2352,1645446123,candidate_layering,2
0xd90e2f925da726b50c4ed8d0fb90ad053324f31b,0x47ce0c6ed5b0ce3d3a51fdb1c52dc66a7c3c2936,internal_eth,1.0,,,0x37190d35ef1ea61ded84e1eabdc93c0eda142b9016d8f9b2e96d342ea537482c,1645446156,candidate_layering,2
0xd90e2f925da726b50c4ed8d0fb90ad053324f31b,0xa160cdab225685da1d56aa342ad8841c3b53f291,internal_eth,100.0,,,0x33cd42194863b6e0bec9123db21355cfcfc9de859cbb5c60723e5802d4235f51,1645447292,candidate_layering,2
0xd90e2f925da726b50c4ed8d0fb90ad053324f31b,0x12d66f87a04a9e220743712ce6d9bb1b5616b8fc,internal_eth,0.1,,,0x7b4dd8f46fc44359ef388d86766e74320aa6bcf68fc2a111196134969e69f6e5,1645447836,candidate_layering,2
0xd90e2f925da726b50c4ed8d0fb90ad053324f31b,0x910cbd523d972eb0a6f4cae4618ad62622b39dbf,internal_eth,10.0,,,0xb1537ba9dc3ea3a149f57a5302fdd740ffb4d25cb5796fe1c7480cc71f22eb12,1645448452,candidate_layering,2
0xd90e2f925da726b50c4ed8d0fb90ad053324f31b,0x910cbd523d972eb0a6f4cae4618ad62622b39dbf,internal_eth,10.0,,,0x07aa1f21a6c2da70ae5ce8d1f80c6602501f70bc0ac6d8811a5fecdab4132525,1645449478,candidate_layering,2
0xd90e2f925da726b50c4ed8d0fb90ad053324f31b,0x910cbd523d972eb0a6f4cae4618ad62622b39dbf,internal_eth,10.0,,,0x9fefdd27cc3fbb7a3fdbf604a8709c1f179f86e05d1ed8f5c58b5762103e147c,1645449519,candidate_layering,2
0xd90e2f925da726b50c4ed8d0fb90ad053324f31b,0x12d66f87a04a9e220743712ce6d9bb1b5616b8fc,internal_eth,0.1,,,0x34b6ebff83aedb9d1631edc1949bde871d9cf0f9e96c98b2a0c348382b45ba56,1645450055,candidate_layering,2
0xd90e2f925da726b50c4ed8d0fb90ad053324f31b,0x910cbd523d972eb0a6f4cae4618ad62622b39dbf,internal_eth,10.0,,,0x6aa2df423420b014598fc3b52f257d9a8adc283ef328f3b061c7bd2b3ace7506,1645450249,candidate_layering,2
0xd90e2f925da726b50c4ed8d0fb90ad053324f31b,0x910cbd523d972eb0a6f4cae4618ad62622b39dbf,internal_eth,10.0,,,0x2f981a641ccd3d6add570ff5cc6155f4dd00971d0d47153f49563ff02503fa3c,1645450300,candidate_layering,2
0xd90e2f925da726b50c4ed8d0fb90ad053324f31b,0x910cbd523d972eb0a6f4cae4618ad62622b39dbf,internal_eth,10.0,,,0x282f92feaa5b96c78bb352e7933f2b03a9c1ddfad7bf028c3d3a7c0e65b002b1,1645450338,candidate_layering,2
0xd90e2f925da726b50c4ed8d0fb90ad053324f31b,0x47ce0c6ed5b0ce3d3a51fdb1c52dc66a7c3c2936,internal_eth,1.0,,,0x95107f0a54504f73ff99bf0f178677c63a22473e118c068f3bf37c0d89c26ac5,1645450346,candidate_layering,2
0xd90e2f925da726b50c4ed8d0fb90ad053324f31b,0x910cbd523d972eb0a6f4cae4618ad62622b39dbf,internal_eth,10.0,,,0xf4f9d89b37b17d3b78c43d878e4add6233753d2037808421585c84db7c832d6d,1645450376,candidate_layering,2
0xd90e2f925da726b50c4ed8d0fb90ad053324f31b,0x910cbd523d972eb0a6f4cae4618ad62622b39dbf,internal_eth,10.0,,,0x5aa78ed5ceed86f15112989f94e414282657b79c0a753f32e13a8795b7629fed,1645450484,candidate_layering,2
0xd90e2f925da726b50c4ed8d0fb90ad053324f31b,0x910cbd523d972eb0a6f4cae4618ad62622b39dbf,internal_eth,10.0,,,0xfe69e2c1b5837432a091c8c21667af6c1fe4c31ced1c3bb80ab914e4bb69378f,1645450673,candidate_layering,2
0xd90e2f925da726b50c4ed8d0fb90ad053324f31b,0x47ce0c6ed5b0ce3d3a51fdb1c52dc66a7c3c2936,internal_eth,1.0,,,0x4054a07468d58b8c411227302940250614e05cc4d29de283ebf6577929eb9dec,1645450796,candidate_layering,2
0xd90e2f925da726b50c4ed8d0fb90ad053324f31b,0x47ce0c6ed5b0ce3d3a51fdb1c52dc66a7c3c2936,internal_eth,1.0,,,0xab5775bcde285a4f069f4a84cf8ed2c74c90749aa744a987d2e19e12ba104b8a,1645450811,candidate_layering,2
0xd90e2f925da726b50c4ed8d0fb90ad053324f31b,0x47ce0c6ed5b0ce3d3a51fdb1c52dc66a7c3c2936,internal_eth,1.0,,,0xd717b06651aae21f760c7dc6487dcdb9bde24f4b26bc498767e3ab9772fb673c,1645450896,candidate_layering,2
0xd90e2f925da726b50c4ed8d0fb90ad053324f31b,0x47ce0c6ed5b0ce3d3a51fdb1c52dc66a7c3c2936,internal_eth,1.0,,,0x0765be354bf2c9c55636d52c2f66590e5d26bd8075fca786ef8dfed8403e433f,1645451040,candidate_layering,2
0xd90e2f925da726b50c4ed8d0fb90ad053324f31b,0x47ce0c6ed5b0ce3d3a51fdb1c52dc66a7c3c2936,internal_eth,1.0,,,0xb37dd20efa034ab42cc3b757c9f10db06aca4ee5244801d15d4319ede4b30168,1645451185,candidate_layering,2
0xd90e2f925da726b50c4ed8d0fb90ad053324f31b,0x910cbd523d972eb0a6f4cae4618ad62622b39dbf,internal_eth,10.0,,,0x13d89dc74f5ee00e1deb98de9a5438a75f7a1ee2859a6534457982d8807bdf1b,1645451828,candidate_layering,2
0xd90e2f925da726b50c4ed8d0fb90ad053324f31b,0x910cbd523d972eb0a6f4cae4618ad62622b39dbf,internal_eth,10.0,,,0xda37edbeac3f1336ed4a7bea9aead4a11553779788ac06ee0e149ef2a3d30107,1645455077,candidate_layering,2
0xd90e2f925da726b50c4ed8d0fb90ad053324f31b,0x910cbd523d972eb0a6f4cae4618ad62622b39dbf,internal_eth,10.0,,,0xa5ac9ba1ed43438817724d69b85a65d1eddc6c3ebfb5d92519d4dcb370d349fc,1645455173,candidate_layering,2
0xd90e2f925da726b50c4ed8d0fb90ad053324f31b,0x910cbd523d972eb0a6f4cae4618ad62622b39dbf,internal_eth,10.0,,,0x05ceb7fa785241c18d66f3cf3f7886fb5f71e93e28ccb6bda83d70048aef8081,1645455476,candidate_layering,2
0xd90e2f925da726b50c4ed8d0fb90ad053324f31b,0x910cbd523d972eb0a6f4cae4618ad62622b39dbf,internal_eth,10.0,,,0x693e451b8335b99bfc04a9c25e362c12ff65f622ec4fde1f614c963a19f17ee5,1645457760,candidate_layering,2
0xd90e2f925da726b50c4ed8d0fb90ad053324f31b,0x910cbd523d972eb0a6f4cae4618ad62622b39dbf,internal_eth,10.0,,,0xf0933932c8f5429b4e7986684f43e1019c1866a849b1a3c427d1ea4443b622c3,1645458049,candidate_layering,2
0xd90e2f925da726b50c4ed8d0fb90ad053324f31b,0x910cbd523d972eb0a6f4cae4618ad62622b39dbf,internal_eth,10.0,,,0xdbe68d0b84026c0fc04be192fdac5a9b4c0d26a946b40fe6fbb7f9555d677189,1645458321,candidate_layering,2
0xd90e2f925da726b50c4ed8d0fb90ad053324f31b,0x910cbd523d972eb0a6f4cae4618ad62622b39dbf,internal_eth,10.0,,,0xdf2f2498d60464fbb25771f94b37e7f783292c10ac69524e4552003c38530a7e,1645458633,candidate_layering,2
0xd90e2f925da726b50c4ed8d0fb90ad053324f31b,0x12d66f87a04a9e220743712ce6d9bb1b5616b8fc,internal_eth,0.1,,,0x4aba07a946be05356c439c1604a5eca37d2dd06140461222e4556e344a11c954,1645459236,candidate_layering,2
0xd90e2f925da726b50c4ed8d0fb90ad053324f31b,0xa160cdab225685da1d56aa342ad8841c3b53f291,internal_eth,100.0,,,0x4f82138ee567a7e58f44dab83fae2fbfe5142cdf06e76b73dee21d1e8f1d59f9,1645459648,candidate_layering,2
0xd90e2f925da726b50c4ed8d0fb90ad053324f31b,0x910cbd523d972eb0a6f4cae4618ad62622b39dbf,internal_eth,10.0,,,0xba2de979d77f2c2d99c1ff0bf8ec8b183db6b0b72ce08cf369ff406d56638a4e,1645460339,candidate_layering,2
0xd90e2f925da726b50c4ed8d0fb90ad053324f31b,0x47ce0c6ed5b0ce3d3a51fdb1c52dc66a7c3c2936,internal_eth,1.0,,,0xaec3a56d496dd3bb4244278491eec949623c17bce759ef0f4cc040142af32a67,1645460402,candidate_layering,2
0xd90e2f925da726b50c4ed8d0fb90ad053324f31b,0x47ce0c6ed5b0ce3d3a51fdb1c52dc66a7c3c2936,internal_eth,1.0,,,0x62e31450c2df236176e4363dc885af7c63f760d071423fee0d2f7ceeb8dd6582,1645460402,candidate_layering,2
0xd90e2f925da726b50c4ed8d0fb90ad053324f31b,0x47ce0c6ed5b0ce3d3a51fdb1c52dc66a7c3c2936,internal_eth,1.0,,,0xc86317897f04bbb9db551619636cd0337785cc367212a319d47efdd98b0b7dc8,1645460402,candidate_layering,2
0xd90e2f925da726b50c4ed8d0fb90ad053324f31b,0x910cbd523d972eb0a6f4cae4618ad62622b39dbf,internal_eth,10.0,,,0x4549b52fcb84990dce747b483b8bf5ef087409e12b3e380f11b94af4327a09b3,1645460779,candidate_layering,2
0xd90e2f925da726b50c4ed8d0fb90ad053324f31b,0x910cbd523d972eb0a6f4cae4618ad62622b39dbf,internal_eth,10.0,,,0x99ed3cde0571b17e82835280229da674fa8fd06f0cee9fcb909e0b382ab2d3ce,1645460803,candidate_layering,2
0xd90e2f925da726b50c4ed8d0fb90ad053324f31b,0x23773e65ed146a459791799d01336db287f25334,internal_eth,0.0138974,,,0x6d5d70c1ac4181a03ec2c4050470954aa6f01db606badfd455d3261efb71d776,1645461119,candidate_layering,2
0xd90e2f925da726b50c4ed8d0fb90ad053324f31b,0x910cbd523d972eb0a6f4cae4618ad62622b39dbf,internal_eth,10.0,,,0xec0a27bba2e49840694810f55d58cf684ebe74647fe0d0f389dad6728382010a,1645462229,candidate_layering,2
0xd90e2f925da726b50c4ed8d0fb90ad053324f31b,0x47ce0c6ed5b0ce3d3a51fdb1c52dc66a7c3c2936,internal_eth,1.0,,,0x6598e20656ea90254245a4142410a3983025142167acec9bf7aecaefb6a1d6d2,1645462437,candidate_layering,2
0xd90e2f925da726b50c4ed8d0fb90ad053324f31b,0x910cbd523d972eb0a6f4cae4618ad62622b39dbf,internal_eth,10.0,,,0x806165f31850149847eb1450d2e5db038fd5c1b129dae5357135ba772d7e7cfb,1645462510,candidate_layering,2
0xd90e2f925da726b50c4ed8d0fb90ad053324f31b,0x47ce0c6ed5b0ce3d3a51fdb1c52dc66a7c3c2936,internal_eth,1.0,,,0x4614256a6403df3dbddd1c1f5e7efbf9596d40344e4b8140716f8eda79268420,1645462608,candidate_layering,2
0xd90e2f925da726b50c4ed8d0fb90ad053324f31b,0x47ce0c6ed5b0ce3d3a51fdb1c52dc66a7c3c2936,internal_eth,1.0,,,0xa0439de552418920677d07a59fb241d2e88733e10b0a3004b77f57d0ce30ecdb,1645462608,candidate_layering,2
0xd90e2f925da726b50c4ed8d0fb90ad053324f31b,0x47ce0c6ed5b0ce3d3a51fdb1c52dc66a7c3c2936,internal_eth,1.0,,,0x98c6b22c3a8cf5fe85fc137bb44d79a59085816344b85b8c8137ca21ec7d2def,1645462637,candidate_layering,2
0xd90e2f925da726b50c4ed8d0fb90ad053324f31b,0x910cbd523d972eb0a6f4cae4618ad62622b39dbf,internal_eth,10.0,,,0xf91077101ed78c6d1b6362dde70782ef1bc5a5307a5d3141dbf66b6be1db2b0d,1645464599,candidate_layering,2
0xd90e2f925da726b50c4ed8d0fb90ad053324f31b,0x910cbd523d972eb0a6f4cae4618ad62622b39dbf,internal_eth,10.0,,,0x766ff6691cf5671e4e463b1abd6d72ac92d6d77ac2d0ad0214ff6cac3229efe8,1645464978,candidate_layering,2
0xd90e2f925da726b50c4ed8d0fb90ad053324f31b,0x47ce0c6ed5b0ce3d3a51fdb1c52dc66a7c3c2936,internal_eth,1.0,,,0x616ead5b6c38764be47d7ffa10982600dc106c3d42a119335e587eb1c0eb8b20,1645465200,candidate_layering,2
0xd90e2f925da726b50c4ed8d0fb90ad053324f31b,0x910cbd523d972eb0a6f4cae4618ad62622b39dbf,internal_eth,10.0,,,0xe8a86d11d16fb624eb03bcd8be17f51f497ff61be93dfe5c5eb79866f9f8f706,1645465217,candidate_layering,2
0xd90e2f925da726b50c4ed8d0fb90ad053324f31b,0x47ce0c6ed5b0ce3d3a51fdb1c52dc66a7c3c2936,internal_eth,1.0,,,0x9a4082075f346d48f5044e705ebbef9acf62f753b79a006f927cc448cae716ec,1645465240,candidate_layering,2
0xd90e2f925da726b50c4ed8d0fb90ad053324f31b,0x47ce0c6ed5b0ce3d3a51fdb1c52dc66a7c3c2936,internal_eth,1.0,,,0x19245e69d2a4f0a878768f2219429f599b8f3b3c63fe114249ca4f0b03dc2ceb,1645465277,candidate_layering,2
0xd90e2f925da726b50c4ed8d0fb90ad053324f31b,0x47ce0c6ed5b0ce3d3a51fdb1c52dc66a7c3c2936,internal_eth,1.0,,,0xcdd09841024809d77177dadd11bf50d414cd27b639b66d5fa5e754ca02758c64,1645465341,candidate_layering,2
0xd90e2f925da726b50c4ed8d0fb90ad053324f31b,0x47ce0c6ed5b0ce3d3a51fdb1c52dc66a7c3c2936,internal_eth,1.0,,,0xa7a5a175d988975a6ec17266b69838bab3f642edc64e61b70f43f99a1c45797e,1645465430,candidate_layering,2
0xd90e2f925da726b50c4ed8d0fb90ad053324f31b,0x910cbd523d972eb0a6f4cae4618ad62622b39dbf,internal_eth,10.0,,,0x007b0d2fa9c0888dfda83c891f58fe53c69412909778cdcab0187c27f14ddf26,1645465459,candidate_layering,2
0xd90e2f925da726b50c4ed8d0fb90ad053324f31b,0x910cbd523d972eb0a6f4cae4618ad62622b39dbf,internal_eth,10.0,,,0x1e76c3c753058518ae8cc416451311a095eacd7f4309350ca6a5474d43fbf234,1645465798,candidate_layering,2
0xd90e2f925da726b50c4ed8d0fb90ad053324f31b,0x47ce0c6ed5b0ce3d3a51fdb1c52dc66a7c3c2936,internal_eth,1.0,,,0x9fb82f4c76477ea53d972dcaae2487312e8688657c3ae1149daa3a1570be81a0,1645466001,candidate_layering,2
0xd90e2f925da726b50c4ed8d0fb90ad053324f31b,0xa160cdab225685da1d56aa342ad8841c3b53f291,internal_eth,100.0,,,0xc71352f2664b5a1416e1ddef120269ec901f8ab3c2c9db22e0695c0ca96fed7c,1645466052,candidate_layering,2
0xd90e2f925da726b50c4ed8d0fb90ad053324f31b,0x910cbd523d972eb0a6f4cae4618ad62622b39dbf,internal_eth,10.0,,,0x074a2b0e2f30af5a769c0d42791ae5b91b0b50bbc0a2ea3f122e4be6d89bdb74,1645466111,candidate_layering,2
0xd90e2f925da726b50c4ed8d0fb90ad053324f31b,0x910cbd523d972eb0a6f4cae4618ad62622b39dbf,internal_eth,10.0,,,0x426f1aaa6235f9edc4a444738564538648082e0bcbaecf0731d1fff67c8b9000,1645466410,candidate_layering,2
0xd90e2f925da726b50c4ed8d0fb90ad053324f31b,0x910cbd523d972eb0a6f4cae4618ad62622b39dbf,internal_eth,10.0,,,0x02b49c81467bc3ab933b2756b2e28c42a05ca909ba500c7953551ea06547f383,1645467633,candidate_layering,2
0xd90e2f925da726b50c4ed8d0fb90ad053324f31b,0x910cbd523d972eb0a6f4cae4618ad62622b39dbf,internal_eth,10.0,,,0x228b92e947a7449c18893bcebe705c90e70148c285c1b5327beabee46f235b01,1645467837,candidate_layering,2
0xd90e2f925da726b50c4ed8d0fb90ad053324f31b,0x07687e702b410fa43f4cb4af7fa097918ffd2730,internal_eth,0.0149116,,,0xa8a380e8227515a84541f28cf974d3ef4bf7239bbb7ca77bf9bd643704ff1171,1645468277,candidate_layering,2
0xd90e2f925da726b50c4ed8d0fb90ad053324f31b,0x910cbd523d972eb0a6f4cae4618ad62622b39dbf,internal_eth,10.0,,,0x27fa3ecfb662cc5065c727f9186d97282320c4b44c341cea2549031a5d8bd7e6,1645469483,candidate_layering,2
0xd90e2f925da726b50c4ed8d0fb90ad053324f31b,0x910cbd523d972eb0a6f4cae4618ad62622b39dbf,internal_eth,10.0,,,0x3b56b61040514f01d82792edc15cfcf4789b100a625acd3e3bfddeefbfb6a3c2,1645469577,candidate_layering,2
0xd90e2f925da726b50c4ed8d0fb90ad053324f31b,0x910cbd523d972eb0a6f4cae4618ad62622b39dbf,internal_eth,10.0,,,0x58b566cba7e8af4ebaf4a334fde8f4dc3ae4af33668b4aa7c0f8250ffa880e67,1645469737,candidate_layering,2
0xd90e2f925da726b50c4ed8d0fb90ad053324f31b,0x910cbd523d972eb0a6f4cae4618ad62622b39dbf,internal_eth,10.0,,,0x310efb8bac6d297bc7964ac28d5b7732b85b61bac4e94f2dae403c13ba1e5ea4,1645469762,candidate_layering,2
0xd90e2f925da726b50c4ed8d0fb90ad053324f31b,0x910cbd523d972eb0a6f4cae4618ad62622b39dbf,internal_eth,10.0,,,0xc77aa21cdaad22c0dc9033f1b3ea2a6e0fe8f49111b2ece91113a56b50b2d541,1645469995,candidate_layering,2
0xd90e2f925da726b50c4ed8d0fb90ad053324f31b,0x910cbd523d972eb0a6f4cae4618ad62622b39dbf,internal_eth,10.0,,,0x66d1dd1bfdc6ac44fe1d502b6a6b0540017eb8e925e50c29c4d7511d1c19f6c8,1645470390,candidate_layering,2
0xd90e2f925da726b50c4ed8d0fb90ad053324f31b,0x910cbd523d972eb0a6f4cae4618ad62622b39dbf,internal_eth,10.0,,,0x75a3a5888ba24d5a5d015bcba804ad48289c9ac4dd68a17de5cdc9e811ef1e12,1645470390,candidate_layering,2
0xd90e2f925da726b50c4ed8d0fb90ad053324f31b,0x910cbd523d972eb0a6f4cae4618ad62622b39dbf,internal_eth,10.0,,,0xc1310d8e2198588289a251cb6e5a326a583da62808865fa25700c0c2464aad03,1645470644,candidate_layering,2
0xd90e2f925da726b50c4ed8d0fb90ad053324f31b,0x47ce0c6ed5b0ce3d3a51fdb1c52dc66a7c3c2936,internal_eth,1.0,,,0x6a961af52efffa761d58dab1ee7dc492b980696c35e54460dc7e7aefe89952ad,1645470752,candidate_layering,2
0xd90e2f925da726b50c4ed8d0fb90ad053324f31b,0x910cbd523d972eb0a6f4cae4618ad62622b39dbf,internal_eth,10.0,,,0xc19cd3ad9f9a70fdc32691bbff3150c0042de341e51e07229677d2309d6d9bc4,1645470823,candidate_layering,2
0xd90e2f925da726b50c4ed8d0fb90ad053324f31b,0x910cbd523d972eb0a6f4cae4618ad62622b39dbf,internal_eth,10.0,,,0x80dd4353cc8735cc48687696753636cd96fd8132ff481afd12fec2410f9a2c24,1645470883,candidate_layering,2
0xd90e2f925da726b50c4ed8d0fb90ad053324f31b,0x910cbd523d972eb0a6f4cae4618ad62622b39dbf,internal_eth,10.0,,,0xc27888a32bb7bb87693ec300d7e42905040778ee4c534987327a7a3ca76225f4,1645471349,candidate_layering,2
0xd90e2f925da726b50c4ed8d0fb90ad053324f31b,0x910cbd523d972eb0a6f4cae4618ad62622b39dbf,internal_eth,10.0,,,0x2dfa50b148ed77f0961ed9537fd9946655fd09ef4abb7df54f43104c0b6fa030,1645471666,candidate_layering,2
0xd90e2f925da726b50c4ed8d0fb90ad053324f31b,0x910cbd523d972eb0a6f4cae4618ad62622b39dbf,internal_eth,10.0,,,0xfa676778a68f321fcff99fa0985f5d7ec352c0e141b1037a43e0ac621af96d04,1645472699,candidate_layering,2
0xd90e2f925da726b50c4ed8d0fb90ad053324f31b,0x47ce0c6ed5b0ce3d3a51fdb1c52dc66a7c3c2936,internal_eth,1.0,,,0xf9894b6b1de8ca27e0099f3f298ae6f6f387b946ff951850823dc4e46a5d6856,1645473745,candidate_layering,2
0xd90e2f925da726b50c4ed8d0fb90ad053324f31b,0x47ce0c6ed5b0ce3d3a51fdb1c52dc66a7c3c2936,internal_eth,1.0,,,0x22b17d5f930dd217db60945f8b2cf23b6b1c65281538cc08c7552e025201d0c8,1645473745,candidate_layering,2
0xd90e2f925da726b50c4ed8d0fb90ad053324f31b,0x910cbd523d972eb0a6f4cae4618ad62622b39dbf,internal_eth,10.0,,,0x47b3f3c25107904f82e59b190fd17854a3b1a6885ee8e0dec7a33bf5eee5f1d9,1645474977,candidate_layering,2
0xd90e2f925da726b50c4ed8d0fb90ad053324f31b,0x910cbd523d972eb0a6f4cae4618ad62622b39dbf,internal_eth,10.0,,,0x1de7904e5473080b31cb74996317fed3a501b5a846e38beda08a6078f945f700,1645475674,candidate_layering,2
0xd90e2f925da726b50c4ed8d0fb90ad053324f31b,0x910cbd523d972eb0a6f4cae4618ad62622b39dbf,internal_eth,10.0,,,0xf9bfa42ffd62b8582a7133db2ac2177e69611f77d6ce86d669219a7fa0bd5d07,1645477165,candidate_layering,2
0xd90e2f925da726b50c4ed8d0fb90ad053324f31b,0x47ce0c6ed5b0ce3d3a51fdb1c52dc66a7c3c2936,internal_eth,1.0,,,0xb12036f0927434d5c979baeb7b1c91107cdf9d53d0aee5999cf81fac7feab259,1645484203,candidate_layering,2
0xd90e2f925da726b50c4ed8d0fb90ad053324f31b,0x47ce0c6ed5b0ce3d3a51fdb1c52dc66a7c3c2936,internal_eth,1.0,,,0x927328c27ce3bca30231db9a06920314a369609360be2a82805dd4df5e2e48ab,1645484268,candidate_layering,2
0xd90e2f925da726b50c4ed8d0fb90ad053324f31b,0x47ce0c6ed5b0ce3d3a51fdb1c52dc66a7c3c2936,internal_eth,1.0,,,0x17c9f65d02d7afdbe8b0963201ba2d3b8bdad7204e6be60a31f52cda8fd855b0,1645484853,candidate_layering,2
0xd90e2f925da726b50c4ed8d0fb90ad053324f31b,0x12d66f87a04a9e220743712ce6d9bb1b5616b8fc,internal_eth,0.1,,,0x23e849df57f3cc8feb116334e639348c0cbd2560ad8c086244ba91c4d9b8a3b2,1645485940,candidate_layering,2
0xd90e2f925da726b50c4ed8d0fb90ad053324f31b,0xa160cdab225685da1d56aa342ad8841c3b53f291,internal_eth,100.0,,,0xbafa2f83f6e79432bd4a22a9509b4b6f0db921652d472105bbc099f210f77d28,1645486656,candidate_layering,2
0xd90e2f925da726b50c4ed8d0fb90ad053324f31b,0x47ce0c6ed5b0ce3d3a51fdb1c52dc66a7c3c2936,internal_eth,1.0,,,0xab1eb0404bd670e68a2564ea2b58f57ebed5cfd0c46a913677167fd704596a52,1645486680,candidate_layering,2
0xd90e2f925da726b50c4ed8d0fb90ad053324f31b,0x47ce0c6ed5b0ce3d3a51fdb1c52dc66a7c3c2936,internal_eth,1.0,,,0x2992dfc539a834729944edd67c38fdc44636493eafcdc62329271a09a823db47,1645486697,candidate_layering,2
0xd90e2f925da726b50c4ed8d0fb90ad053324f31b,0x47ce0c6ed5b0ce3d3a51fdb1c52dc66a7c3c2936,internal_eth,1.0,,,0xc3be6e10c57d50b070853734dd7967cb6ab31877284afd66323e3547a0bb2931,1645486737,candidate_layering,2
0xd90e2f925da726b50c4ed8d0fb90ad053324f31b,0x47ce0c6ed5b0ce3d3a51fdb1c52dc66a7c3c2936,internal_eth,1.0,,,0x4566e93d9cdca3aa662c78e7b277385185ea8adbc2aa01299d31298e69edbc14,1645486771,candidate_layering,2
0xd90e2f925da726b50c4ed8d0fb90ad053324f31b,0x47ce0c6ed5b0ce3d3a51fdb1c52dc66a7c3c2936,internal_eth,1.0,,,0xaf6ea8394f1c6314363acf80824d20abcb7a4f1ee05cd402a3fbf710cdbe7bc0,1645486816,candidate_layering,2
0xd90e2f925da726b50c4ed8d0fb90ad053324f31b,0x47ce0c6ed5b0ce3d3a51fdb1c52dc66a7c3c2936,internal_eth,1.0,,,0x3f6aeb4d51de8a81fb44ac0751cbde2888362b5075ae29803dd6e39818683419,1645486831,candidate_layering,2
0xd90e2f925da726b50c4ed8d0fb90ad053324f31b,0x47ce0c6ed5b0ce3d3a51fdb1c52dc66a7c3c2936,internal_eth,1.0,,,0xac96ac7f5c9d91a980c177baf744d9cd7c860102cada95762969f3044a2b9e87,1645486898,candidate_layering,2
0xd90e2f925da726b50c4ed8d0fb90ad053324f31b,0x47ce0c6ed5b0ce3d3a51fdb1c52dc66a7c3c2936,internal_eth,1.0,,,0x1bdda6248cceb19d853224d818a99c9c7709da3befbfdbfdb490ef5338c38651,1645486906,candidate_layering,2
0xd90e2f925da726b50c4ed8d0fb90ad053324f31b,0x12d66f87a04a9e220743712ce6d9bb1b5616b8fc,internal_eth,0.1,,,0x8d7bcc620b76eb213c0f454a17ce20560fc4fd3d3c9fb99c1922076a803a47f7,1645487134,candidate_layering,2
0xd90e2f925da726b50c4ed8d0fb90ad053324f31b,0x12d66f87a04a9e220743712ce6d9bb1b5616b8fc,internal_eth,0.1,,,0x9a9ef74c69aa4a92c487a3db892bd96e2d26d4166870fe8e07b73b88357be9d2,1645487222,candidate_layering,2
0xd90e2f925da726b50c4ed8d0fb90ad053324f31b,0x12d66f87a04a9e220743712ce6d9bb1b5616b8fc,internal_eth,0.1,,,0xba4fc4c18252c1c66b48bfb2ff33b1e17337bb177d89e6cb5d63123df9bb39b5,1645487250,candidate_layering,2
0xd90e2f925da726b50c4ed8d0fb90ad053324f31b,0x12d66f87a04a9e220743712ce6d9bb1b5616b8fc,internal_eth,0.1,,,0x17a934b79a0eb0f73e64a7ea8409501e0fbef4090724663e1094e99379da9743,1645487281,candidate_layering,2
0xd90e2f925da726b50c4ed8d0fb90ad053324f31b,0x47ce0c6ed5b0ce3d3a51fdb1c52dc66a7c3c2936,internal_eth,1.0,,,0x9f4178d4f87d6f4a5664172a78b8e042dbe1aee8c6fa5fc0286c8170f2655d6a,1645487550,candidate_layering,2
0xd90e2f925da726b50c4ed8d0fb90ad053324f31b,0x12d66f87a04a9e220743712ce6d9bb1b5616b8fc,internal_eth,0.1,,,0x5bf78f9918045e7728cb667c7e8bf5ccac073251537e8a8fea800259b7363cc6,1645490211,candidate_layering,2
0xd90e2f925da726b50c4ed8d0fb90ad053324f31b,0x910cbd523d972eb0a6f4cae4618ad62622b39dbf,internal_eth,10.0,,,0x44ddf07d4cddab5d60da33d385dadc47e66ed9fb9763fb2fe104397550ef4a97,1645490366,candidate_layering,2
0xd90e2f925da726b50c4ed8d0fb90ad053324f31b,0x910cbd523d972eb0a6f4cae4618ad62622b39dbf,internal_eth,10.0,,,0x3ddf113c215e50fe8de05b0c47158663c4e65d7f2759cc37717ac44b454eab11,1645490575,candidate_layering,2
0xd90e2f925da726b50c4ed8d0fb90ad053324f31b,0x910cbd523d972eb0a6f4cae4618ad62622b39dbf,internal_eth,10.0,,,0x363262c4a438eff0332f604e65eae81a5a766cd1a52dd278f3f1584343eaaf83,1645491986,candidate_layering,2
0xd90e2f925da726b50c4ed8d0fb90ad053324f31b,0x12d66f87a04a9e220743712ce6d9bb1b5616b8fc,internal_eth,0.1,,,0x8dbdc6cb42132da5b0864b34fe076379e9c2306697d556f6d9152a42ca8dcc91,1645492071,candidate_layering,2
0xd90e2f925da726b50c4ed8d0fb90ad053324f31b,0x910cbd523d972eb0a6f4cae4618ad62622b39dbf,internal_eth,10.0,,,0xe866394905df64ee9f1bd567e6039f0fcc18d5e0eda0bc3f43b51d26cf25061d,1645493236,candidate_layering,2
0xd90e2f925da726b50c4ed8d0fb90ad053324f31b,0x47ce0c6ed5b0ce3d3a51fdb1c52dc66a7c3c2936,internal_eth,1.0,,,0x1629b37b109b9320fc3cb8da9c10981c9793be9e1a7724955d65ac280c68bf38,1645493385,candidate_layering,2
0xd90e2f925da726b50c4ed8d0fb90ad053324f31b,0x47ce0c6ed5b0ce3d3a51fdb1c52dc66a7c3c2936,internal_eth,1.0,,,0x5c391a13cdf29d35fb69831d25e5c087981bbcd85ac9c056705256493a56d6d4,1645493976,candidate_layering,2
0xd90e2f925da726b50c4ed8d0fb90ad053324f31b,0xa160cdab225685da1d56aa342ad8841c3b53f291,internal_eth,100.0,,,0x82390d1ee3ee63285e1a00d86a16d3469c5a9d0fde4eebe7714347576f2f574d,1645494156,candidate_layering,2
0xd90e2f925da726b50c4ed8d0fb90ad053324f31b,0x910cbd523d972eb0a6f4cae4618ad62622b39dbf,internal_eth,10.0,,,0x92b4f8ebd365519e55490b7ed4699cc95cd71deab1e57f9ecc8000930d71a833,1645494371,candidate_layering,2
0xd90e2f925da726b50c4ed8d0fb90ad053324f31b,0x910cbd523d972eb0a6f4cae4618ad62622b39dbf,internal_eth,10.0,,,0xe7bdec4f06017fcdc01d39af7dc5bc608086619a3d4acb6db928554f6f667d92,1645495051,candidate_layering,2
0xd90e2f925da726b50c4ed8d0fb90ad053324f31b,0x47ce0c6ed5b0ce3d3a51fdb1c52dc66a7c3c2936,internal_eth,1.0,,,0xa68d3ea9cfe073e111306f1cd8b9a4bf787683f89017620ba63b9957f3ab703a,1645495960,candidate_layering,2
0xd90e2f925da726b50c4ed8d0fb90ad053324f31b,0x910cbd523d972eb0a6f4cae4618ad62622b39dbf,internal_eth,10.0,,,0xc88dabfb2b0f9cf0bc9644d72f74a8efc4e1cfc66b6fd2183357aad730f324ce,1645496018,candidate_layering,2
0xd90e2f925da726b50c4ed8d0fb90ad053324f31b,0x910cbd523d972eb0a6f4cae4618ad62622b39dbf,internal_eth,10.0,,,0x4bc2829351facc53f1b81eb646dea5a0fec6fa8a892e9d19ead08a0fd54b6b76,1645496957,candidate_layering,2
0xd90e2f925da726b50c4ed8d0fb90ad053324f31b,0x47ce0c6ed5b0ce3d3a51fdb1c52dc66a7c3c2936,internal_eth,1.0,,,0x80beece40a184556af748e83a88aceac47bb186bd8eb8d18c2d4b79d2dbe5e48,1645498033,candidate_layering,2
0xd90e2f925da726b50c4ed8d0fb90ad053324f31b,0x12d66f87a04a9e220743712ce6d9bb1b5616b8fc,internal_eth,0.1,,,0xb8d1e03282c73bd376cc64777df4a09917d3fcbed1c29124cd032655bdf5a888,1645498832,candidate_layering,2
0xd90e2f925da726b50c4ed8d0fb90ad053324f31b,0x910cbd523d972eb0a6f4cae4618ad62622b39dbf,internal_eth,10.0,,,0x90c11ab3dbb85557100e9bccea809c8ff0cb2b2d58d8c3644f1e4b67373be766,1645499573,candidate_layering,2
0xd90e2f925da726b50c4ed8d0fb90ad053324f31b,0x47ce0c6ed5b0ce3d3a51fdb1c52dc66a7c3c2936,internal_eth,1.0,,,0x5145ab4d480d319bdc3c0e5c28630bcc54d6dbf6a0398ed3684cf91d0555a56f,1645500669,candidate_layering,2
0xd90e2f925da726b50c4ed8d0fb90ad053324f31b,0x47ce0c6ed5b0ce3d3a51fdb1c52dc66a7c3c2936,internal_eth,1.0,,,0x20123b9c4bef8c50e86dd1361bf7abb5fe7be0c3c33e0769ab72ac61390034f4,1645500709,candidate_layering,2
0xd90e2f925da726b50c4ed8d0fb90ad053324f31b,0x910cbd523d972eb0a6f4cae4618ad62622b39dbf,internal_eth,10.0,,,0x59d84be77b4bcdda7779a1a4ebbd346b9ffa03e4d2739d034e7aaebbaf11fe1a,1645500814,candidate_layering,2
0xd90e2f925da726b50c4ed8d0fb90ad053324f31b,0x47ce0c6ed5b0ce3d3a51fdb1c52dc66a7c3c2936,internal_eth,1.0,,,0x0df5b9e2ccaf559523c6fac08addbf2141b96dcd65fc3840836cfe33c49c76c6,1645501478,candidate_layering,2
0xd90e2f925da726b50c4ed8d0fb90ad053324f31b,0x910cbd523d972eb0a6f4cae4618ad62622b39dbf,internal_eth,10.0,,,0xada7a092e2cbb23beb1fe5d6dda5f78cc0700bee35348e7b57e4e77bb73966f9,1645501633,candidate_layering,2
0xd90e2f925da726b50c4ed8d0fb90ad053324f31b,0x910cbd523d972eb0a6f4cae4618ad62622b39dbf,internal_eth,10.0,,,0x3e3920a15433062832c841e4cbc5bb48fdaca1d4e27e74dd2c0ba40bea5f0bd3,1645502239,candidate_layering,2
0xd90e2f925da726b50c4ed8d0fb90ad053324f31b,0x910cbd523d972eb0a6f4cae4618ad62622b39dbf,internal_eth,10.0,,,0x4575ad01a26cea88a47606a7089a96cee86591fcddf545d9f80fcee316ddbab3,1645502349,candidate_layering,2
0xd90e2f925da726b50c4ed8d0fb90ad053324f31b,0xa160cdab225685da1d56aa342ad8841c3b53f291,internal_eth,100.0,,,0x0208aae7830e9560d27cc34290e0be86804cb7d12001a40ecd1b10c89f97d532,1645502726,candidate_layering,2
0xd90e2f925da726b50c4ed8d0fb90ad053324f31b,0xa160cdab225685da1d56aa342ad8841c3b53f291,internal_eth,100.0,,,0xafd2d3cbd639d1fbff5a399b79970eafb4d8cfe37c71ec21ac69cc22ff4f4023,1645503143,candidate_layering,2
0xd90e2f925da726b50c4ed8d0fb90ad053324f31b,0x12d66f87a04a9e220743712ce6d9bb1b5616b8fc,internal_eth,0.1,,,0x56e6a4cff9d54c28499439ee092b8465674dfc3b4314bdf66bd6cd3d68233ac6,1645503527,candidate_layering,2
0xd90e2f925da726b50c4ed8d0fb90ad053324f31b,0x910cbd523d972eb0a6f4cae4618ad62622b39dbf,internal_eth,10.0,,,0x56b8ee6c689577488d598f58b3c0fd9bc521635a0540b7b1387846e7d48bed0b,1645504132,candidate_layering,2
0xd90e2f925da726b50c4ed8d0fb90ad053324f31b,0x910cbd523d972eb0a6f4cae4618ad62622b39dbf,internal_eth,10.0,,,0x405a4a106a45d8260de02cefc4dc274e7d12c8606b9f267c587aec35bc026b6d,1645504168,candidate_layering,2
0xd90e2f925da726b50c4ed8d0fb90ad053324f31b,0x910cbd523d972eb0a6f4cae4618ad62622b39dbf,internal_eth,10.0,,,0x02ab73ec27b124053a27288179ad8ba0bed2d34245d0d1b3397151057fdc5aa2,1645509100,candidate_layering,2
0xd90e2f925da726b50c4ed8d0fb90ad053324f31b,0x47ce0c6ed5b0ce3d3a51fdb1c52dc66a7c3c2936,internal_eth,1.0,,,0x047d676fbbde33eda96934a2a0672fb5e2a9975be8f70d3bd30f95cf525f9149,1645509156,candidate_layering,2
0xd90e2f925da726b50c4ed8d0fb90ad053324f31b,0x910cbd523d972eb0a6f4cae4618ad62622b39dbf,internal_eth,10.0,,,0xa87569473dce14d8bcf3e397abae7be37916c4857ef56471799324362c43c8b4,1645509168,candidate_layering,2
0xd90e2f925da726b50c4ed8d0fb90ad053324f31b,0x910cbd523d972eb0a6f4cae4618ad62622b39dbf,internal_eth,10.0,,,0xaff7cd6a5873cabfa746da87f5c4dfa279d5a0e82a2922879e95b4dd4d968b5e,1645509203,candidate_layering,2
0xd90e2f925da726b50c4ed8d0fb90ad053324f31b,0x910cbd523d972eb0a6f4cae4618ad62622b39dbf,internal_eth,10.0,,,0x6278de590769a1dd872c7ff4abdd91107fab6538fd0fdcc882c0a287413433d1,1645509247,candidate_layering,2
0xd90e2f925da726b50c4ed8d0fb90ad053324f31b,0x910cbd523d972eb0a6f4cae4618ad62622b39dbf,internal_eth,10.0,,,0x54512c76496144237cf3987b0d24807cac7376f5cb5dd0e5920d124792565c6e,1645510345,candidate_layering,2
0xd90e2f925da726b50c4ed8d0fb90ad053324f31b,0x910cbd523d972eb0a6f4cae4618ad62622b39dbf,internal_eth,10.0,,,0x1e62496a2d79e705758b07b7e3c12079a9a7c3dd9f84e6d58d438948816aec21,1645510651,candidate_layering,2
0xd90e2f925da726b50c4ed8d0fb90ad053324f31b,0x910cbd523d972eb0a6f4cae4618ad62622b39dbf,internal_eth,10.0,,,0x0d3c240e7e2a52dc2fcc6fc62ac69edce81cc11dac60088e7c6a66e166162e24,1645510806,candidate_layering,2
0xd90e2f925da726b50c4ed8d0fb90ad053324f31b,0x47ce0c6ed5b0ce3d3a51fdb1c52dc66a7c3c2936,internal_eth,1.0,,,0x05aa39ba4a5ec7542805bfc7a5632a2b9555941d5e681dbd7aff6861604be3d4,1645510935,candidate_layering,2
0xd90e2f925da726b50c4ed8d0fb90ad053324f31b,0x910cbd523d972eb0a6f4cae4618ad62622b39dbf,internal_eth,10.0,,,0x0a8666948b1c7ae9e06ffd46229f6c511956cee76d64f5f86f18880f1dfd6bab,1645511624,candidate_layering,2
0xd90e2f925da726b50c4ed8d0fb90ad053324f31b,0x47ce0c6ed5b0ce3d3a51fdb1c52dc66a7c3c2936,internal_eth,1.0,,,0x0391784ecf25f6758e07677c671dd5fb36aae92d9773b659adb0ca03bc2cbbf5,1645512026,candidate_layering,2
0xd90e2f925da726b50c4ed8d0fb90ad053324f31b,0x47ce0c6ed5b0ce3d3a51fdb1c52dc66a7c3c2936,internal_eth,1.0,,,0x6d2bca148d91f7c3a7491e4de8148bca740d8ccf04e0de7bcd1dc6204f7abe77,1645512228,candidate_layering,2
0xd90e2f925da726b50c4ed8d0fb90ad053324f31b,0x910cbd523d972eb0a6f4cae4618ad62622b39dbf,internal_eth,10.0,,,0x1a4172c074c1d5cb9176f721439c7ec2b2a8a7d9891f133e8b2199d74ce085fd,1645514933,candidate_layering,2
0xd90e2f925da726b50c4ed8d0fb90ad053324f31b,0x47ce0c6ed5b0ce3d3a51fdb1c52dc66a7c3c2936,internal_eth,1.0,,,0x930caaad0832ea1d0de04c25f2f4362d175bf44db9c8e3e2da8062d1f748b935,1645515388,candidate_layering,2
0xd90e2f925da726b50c4ed8d0fb90ad053324f31b,0xa160cdab225685da1d56aa342ad8841c3b53f291,internal_eth,100.0,,,0x9f172ac419290808824218d5535fd22f9d009eabae9a2145a2f66cb50a907c4f,1645515865,candidate_layering,2
0xd90e2f925da726b50c4ed8d0fb90ad053324f31b,0x910cbd523d972eb0a6f4cae4618ad62622b39dbf,internal_eth,10.0,,,0xfc9ae22d27540e65146f1dcc9530ce3d89e686fc29196cdc52f7a67a03447b48,1645515887,candidate_layering,2
0xd90e2f925da726b50c4ed8d0fb90ad053324f31b,0x910cbd523d972eb0a6f4cae4618ad62622b39dbf,internal_eth,10.0,,,0x84a2f2cb98fde59ff4e968b2da5d07352a26ed6d83b2b944758d74db38186f12,1645515898,candidate_layering,2
0xd90e2f925da726b50c4ed8d0fb90ad053324f31b,0x910cbd523d972eb0a6f4cae4618ad62622b39dbf,internal_eth,10.0,,,0x11a91194892dc4f1dbf9942190fb0605a257b02c05226459b3d3faeaeeb02547,1645515898,candidate_layering,2
0xd90e2f925da726b50c4ed8d0fb90ad053324f31b,0x910cbd523d972eb0a6f4cae4618ad62622b39dbf,internal_eth,10.0,,,0x8b6a3c8fa380b9106fb9f0a283d1719e4376b1f31b03faf87546c5fd8d455fc5,1645515972,candidate_layering,2
0xd90e2f925da726b50c4ed8d0fb90ad053324f31b,0x910cbd523d972eb0a6f4cae4618ad62622b39dbf,internal_eth,10.0,,,0x80f522bfad70c725482e3d0f093796c42b0a557610ff9b57469614ade4c35b9f,1645515982,candidate_layering,2
0xd90e2f925da726b50c4ed8d0fb90ad053324f31b,0x47ce0c6ed5b0ce3d3a51fdb1c52dc66a7c3c2936,internal_eth,1.0,,,0x71606d63d5e7e1a8a2079527a44db7d4099d0b9a174894282635d9c078fb0edd,1645516018,candidate_layering,2
0xd90e2f925da726b50c4ed8d0fb90ad053324f31b,0x47ce0c6ed5b0ce3d3a51fdb1c52dc66a7c3c2936,internal_eth,1.0,,,0x8224d2daffb6a90ffebd1834008f108c966c0b6795563f863f643ec018390b84,1645516051,candidate_layering,2
0xd90e2f925da726b50c4ed8d0fb90ad053324f31b,0x47ce0c6ed5b0ce3d3a51fdb1c52dc66a7c3c2936,internal_eth,1.0,,,0x21b8ec931ba33235344bd2975fa963ea48aa2afcf3ce73557b5ff44df2454806,1645516065,candidate_layering,2
0xd90e2f925da726b50c4ed8d0fb90ad053324f31b,0x47ce0c6ed5b0ce3d3a51fdb1c52dc66a7c3c2936,internal_eth,1.0,,,0xab678a62c33b79c8a5537f6d7801c0c35518ec4dca426b3f363c82d7fc897b12,1645516379,candidate_layering,2
0xd90e2f925da726b50c4ed8d0fb90ad053324f31b,0x47ce0c6ed5b0ce3d3a51fdb1c52dc66a7c3c2936,internal_eth,1.0,,,0x7e9fa42e77e760ea3ff0ef5f9de2a4269e65531d91d538191e7b35be743107c4,1645516390,candidate_layering,2
0xd90e2f925da726b50c4ed8d0fb90ad053324f31b,0x12d66f87a04a9e220743712ce6d9bb1b5616b8fc,internal_eth,0.1,,,0x8e3a537922311102b394746f8ce01dda5913f138ce9d68928cc955be2741ec1a,1645516390,candidate_layering,2
0xd90e2f925da726b50c4ed8d0fb90ad053324f31b,0x12d66f87a04a9e220743712ce6d9bb1b5616b8fc,internal_eth,0.1,,,0x5e7b439dbf08c677dfc4d5b111998568e1e35bdc7a133a966417641fe8d816b0,1645516390,candidate_layering,2
0xd90e2f925da726b50c4ed8d0fb90ad053324f31b,0x12d66f87a04a9e220743712ce6d9bb1b5616b8fc,internal_eth,0.1,,,0xa1315dae43995065f95fa4d2f73fc78323b02de3b71bf4d1e91f41f08a34ff71,1645516463,candidate_layering,2
0xd90e2f925da726b50c4ed8d0fb90ad053324f31b,0x12d66f87a04a9e220743712ce6d9bb1b5616b8fc,internal_eth,0.1,,,0xa98d46b63401c89cd86c6b4374b86c3e89df99c3833c4c1f4518e7e6ef95b66b,1645516568,candidate_layering,2
0xd90e2f925da726b50c4ed8d0fb90ad053324f31b,0x47ce0c6ed5b0ce3d3a51fdb1c52dc66a7c3c2936,internal_eth,1.0,,,0x3e7d5c8b67c7ab416ad068bd39354397af7a79a8c1f1dfb38d91933de63815c3,1645516991,candidate_layering,2
0xd90e2f925da726b50c4ed8d0fb90ad053324f31b,0xa160cdab225685da1d56aa342ad8841c3b53f291,internal_eth,100.0,,,0xb37e03bbea7243260e16250626f5bbe1d92259fb18e6678a19a329389bb0e463,1645517574,candidate_layering,2
0xd90e2f925da726b50c4ed8d0fb90ad053324f31b,0xa160cdab225685da1d56aa342ad8841c3b53f291,internal_eth,100.0,,,0x7819d6ef888c4dcfc960d4a6198d480090141535d95f2f088ed5ba15ff5f1c08,1645517586,candidate_layering,2
0xd90e2f925da726b50c4ed8d0fb90ad053324f31b,0xa160cdab225685da1d56aa342ad8841c3b53f291,internal_eth,100.0,,,0x0a15683c5cc696fa0c4a2d9ac775a26dd09684dfe4638a8018a77028f83f3852,1645517642,candidate_layering,2
0xd90e2f925da726b50c4ed8d0fb90ad053324f31b,0xa160cdab225685da1d56aa342ad8841c3b53f291,internal_eth,100.0,,,0xb91dd7ecb5700d77b9d9a0c889782b9feb7d77608b343a701575b581e47793c4,1645517844,candidate_layering,2
0xd90e2f925da726b50c4ed8d0fb90ad053324f31b,0x910cbd523d972eb0a6f4cae4618ad62622b39dbf,internal_eth,10.0,,,0xed52ec924869367bb6744a24cd272c3382d1c8ecffa36414f182fc3b53f13627,1645521098,candidate_layering,2
0xd90e2f925da726b50c4ed8d0fb90ad053324f31b,0x12d66f87a04a9e220743712ce6d9bb1b5616b8fc,internal_eth,0.1,,,0xa55965c5e88cf3c0b7f8199286ec44699639eaadbd2d383504adbb4075f921e1,1645522221,candidate_layering,2
0xd90e2f925da726b50c4ed8d0fb90ad053324f31b,0x12d66f87a04a9e220743712ce6d9bb1b5616b8fc,internal_eth,0.1,,,0xbc5bb298ae952c990a7a0e194736830f1e2ff680733d3af7c49194c94bfbbd76,1645523201,candidate_layering,2
0xd90e2f925da726b50c4ed8d0fb90ad053324f31b,0x12d66f87a04a9e220743712ce6d9bb1b5616b8fc,internal_eth,0.1,,,0x9c6eb92dddd6b0592cfc04660ad2a09a0c7c5fc89194408a4069274ec277c446,1645523375,candidate_layering,2
0xd90e2f925da726b50c4ed8d0fb90ad053324f31b,0x910cbd523d972eb0a6f4cae4618ad62622b39dbf,internal_eth,10.0,,,0x2da28d3b63b811e22b494b1f44cdd278d87e2e48cb0f6957b320f0d981ac2659,1645523536,candidate_layering,2
0xd90e2f925da726b50c4ed8d0fb90ad053324f31b,0x910cbd523d972eb0a6f4cae4618ad62622b39dbf,internal_eth,10.0,,,0x52cf56899e3e6a132948c8cbb74dd8747e335ce7c2f05872920195c0b360ab3e,1645523754,candidate_layering,2
0xd90e2f925da726b50c4ed8d0fb90ad053324f31b,0x47ce0c6ed5b0ce3d3a51fdb1c52dc66a7c3c2936,internal_eth,1.0,,,0x0b55cf17d5e7673c29ea3ce78b2e9ec5e4aa2d9063028dfdf036e85a472713df,1645523916,candidate_layering,2
0xd90e2f925da726b50c4ed8d0fb90ad053324f31b,0x47ce0c6ed5b0ce3d3a51fdb1c52dc66a7c3c2936,internal_eth,1.0,,,0x5ce21d2625a3f3631cc8a0023082ccb9daeabe17a3f967c78ca54cb98a0dd475,1645526179,candidate_layering,2
0xd90e2f925da726b50c4ed8d0fb90ad053324f31b,0x47ce0c6ed5b0ce3d3a51fdb1c52dc66a7c3c2936,internal_eth,1.0,,,0x7b300ba69404ba30c8731729a1ceb32019202d7bd313695b3027f24f62f6e4e8,1645526206,candidate_layering,2
0xd90e2f925da726b50c4ed8d0fb90ad053324f31b,0x47ce0c6ed5b0ce3d3a51fdb1c52dc66a7c3c2936,internal_eth,1.0,,,0xb21773c49f344eb1f994f5cd00c52c3134183c18de5acd28752a1978320e9828,1645526836,candidate_layering,2
0xd90e2f925da726b50c4ed8d0fb90ad053324f31b,0x47ce0c6ed5b0ce3d3a51fdb1c52dc66a7c3c2936,internal_eth,1.0,,,0x73df213e87ff97472bacb1cbd4f6cb44d279975ce509121b331e93a736ac2d77,1645528536,candidate_layering,2
0xd90e2f925da726b50c4ed8d0fb90ad053324f31b,0x12d66f87a04a9e220743712ce6d9bb1b5616b8fc,internal_eth,0.1,,,0x34362d266c369e9fd2df0d08c42823375856df8f8d7e515139cf40e4aee516bb,1645528777,candidate_layering,2
0xd90e2f925da726b50c4ed8d0fb90ad053324f31b,0x12d66f87a04a9e220743712ce6d9bb1b5616b8fc,internal_eth,0.1,,,0xd2d778969f99c87a24243fa352b5f5d6ba5ec1bea3d570feb9bcc49a454e530e,1645528794,candidate_layering,2
0xd90e2f925da726b50c4ed8d0fb90ad053324f31b,0x12d66f87a04a9e220743712ce6d9bb1b5616b8fc,internal_eth,0.1,,,0x9e8e9cdb934dcae42ada2228bdfa78c355be76daf4c15b86bd902686cf28d566,1645528821,candidate_layering,2
0xd90e2f925da726b50c4ed8d0fb90ad053324f31b,0x12d66f87a04a9e220743712ce6d9bb1b5616b8fc,internal_eth,0.1,,,0x376b320ae1c42d8fe10bc561442a5356a3ea6f9a8e820d6c72d95637b73d3c07,1645528843,candidate_layering,2
0xd90e2f925da726b50c4ed8d0fb90ad053324f31b,0x12d66f87a04a9e220743712ce6d9bb1b5616b8fc,internal_eth,0.1,,,0xb65259d0b4bbab84c53149413a416f67d86d0bf4454f39912ec064e9d3784c62,1645528847,candidate_layering,2
0xd90e2f925da726b50c4ed8d0fb90ad053324f31b,0x47ce0c6ed5b0ce3d3a51fdb1c52dc66a7c3c2936,internal_eth,1.0,,,0x13eabf5c86cda8de1250e5e8716194768131b524ae74502b099fd7edf39f1188,1645530792,candidate_layering,2
0xd90e2f925da726b50c4ed8d0fb90ad053324f31b,0x910cbd523d972eb0a6f4cae4618ad62622b39dbf,internal_eth,10.0,,,0xdc3dffe3730ef2fad1b15f0d086f5fcf7004ae4a94d469ac8486cde2818ec8a3,1645531637,candidate_layering,2
0xd90e2f925da726b50c4ed8d0fb90ad053324f31b,0x12d66f87a04a9e220743712ce6d9bb1b5616b8fc,internal_eth,0.1,,,0x67c8dba003dc4f09b3ec214b56ace10cd1beaa34be8cba453a00792b3fd9d3c9,1645532285,candidate_layering,2
0xd90e2f925da726b50c4ed8d0fb90ad053324f31b,0x47ce0c6ed5b0ce3d3a51fdb1c52dc66a7c3c2936,internal_eth,1.0,,,0xb073233a6fc874ad4e1c1fcc0486ca4602f6e992aac36ac4c15ab565f8566922,1645534982,candidate_layering,2
0xd90e2f925da726b50c4ed8d0fb90ad053324f31b,0x910cbd523d972eb0a6f4cae4618ad62622b39dbf,internal_eth,10.0,,,0x5948ad7b21f5ff8430802bc57277dfe4055bde5e882350ea22e349bc9af9e822,1645536960,candidate_layering,2
0xd90e2f925da726b50c4ed8d0fb90ad053324f31b,0x910cbd523d972eb0a6f4cae4618ad62622b39dbf,internal_eth,10.0,,,0x24fc7c76a49a7013cc5fb506ad366fd66ad9db5f659bc5765c9bc818c9a58ca8,1645537013,candidate_layering,2
0xd90e2f925da726b50c4ed8d0fb90ad053324f31b,0x910cbd523d972eb0a6f4cae4618ad62622b39dbf,internal_eth,10.0,,,0xcaa1a124d4c602f19d95a41dbff83f18a904b32935388fbe6704b616a0ce3e28,1645537527,candidate_layering,2
0xd90e2f925da726b50c4ed8d0fb90ad053324f31b,0x910cbd523d972eb0a6f4cae4618ad62622b39dbf,internal_eth,10.0,,,0x0457129d935bd9a7667510d9890000f58fcc57d1b3a4199ccd42b9716ad4efef,1645537527,candidate_layering,2
0xd90e2f925da726b50c4ed8d0fb90ad053324f31b,0x910cbd523d972eb0a6f4cae4618ad62622b39dbf,internal_eth,10.0,,,0x1b8506e1e523ca4691d7c30c74ab5902e01338fe0502af71a64600da0546af84,1645537557,candidate_layering,2
0xd90e2f925da726b50c4ed8d0fb90ad053324f31b,0x910cbd523d972eb0a6f4cae4618ad62622b39dbf,internal_eth,10.0,,,0x48f97ca868789c90da897ae2128939c2b8a435aed2045c868d24d7620986b179,1645537591,candidate_layering,2
0xd90e2f925da726b50c4ed8d0fb90ad053324f31b,0x910cbd523d972eb0a6f4cae4618ad62622b39dbf,internal_eth,10.0,,,0xc02757ec33c8f9005ba685258a55db67ff85ee4b6857c287d601675236afb726,1645537591,candidate_layering,2
0xd90e2f925da726b50c4ed8d0fb90ad053324f31b,0x47ce0c6ed5b0ce3d3a51fdb1c52dc66a7c3c2936,internal_eth,1.0,,,0x37b5c6eddedffa7552ad863a5e79d33de54e44056e22d8d0c2dda0171706ed2f,1645539377,candidate_layering,2
0xd90e2f925da726b50c4ed8d0fb90ad053324f31b,0x47ce0c6ed5b0ce3d3a51fdb1c52dc66a7c3c2936,internal_eth,1.0,,,0xdffd0f4913a80dcffba269213d78ed02aa27f63d713d832b11ca012a5de22655,1645539406,candidate_layering,2
0xd90e2f925da726b50c4ed8d0fb90ad053324f31b,0x47ce0c6ed5b0ce3d3a51fdb1c52dc66a7c3c2936,internal_eth,1.0,,,0xec6ed62c21065326dc04281e66be729043ef2a9516945f655d450ce6843b0749,1645539426,candidate_layering,2
0xd90e2f925da726b50c4ed8d0fb90ad053324f31b,0x47ce0c6ed5b0ce3d3a51fdb1c52dc66a7c3c2936,internal_eth,1.0,,,0x8a9a88daa510c126b196d524f49d050290b0f7bf34dc470aa6f7f23c8d1cdb89,1645539427,candidate_layering,2
0xd90e2f925da726b50c4ed8d0fb90ad053324f31b,0x910cbd523d972eb0a6f4cae4618ad62622b39dbf,internal_eth,10.0,,,0xe62d08b606095f2df57c5ce76544c592a3ee989fc48d08ee3b48c8f8de198f42,1645540040,candidate_layering,2
0xd90e2f925da726b50c4ed8d0fb90ad053324f31b,0x910cbd523d972eb0a6f4cae4618ad62622b39dbf,internal_eth,10.0,,,0xfbb84a38945a0c11a3c99b1a7af9a69d7fe44275a96826e29992300932ed3cdc,1645541489,candidate_layering,2
0xd90e2f925da726b50c4ed8d0fb90ad053324f31b,0x910cbd523d972eb0a6f4cae4618ad62622b39dbf,internal_eth,10.0,,,0x81269fc2e24b723d8e7c82a403b36fa75bb9216b8142da1427885dd5c3944020,1645541659,candidate_layering,2
0xd90e2f925da726b50c4ed8d0fb90ad053324f31b,0x910cbd523d972eb0a6f4cae4618ad62622b39dbf,internal_eth,10.0,,,0x1c0c1869b1bc8e8f8c18545d6175d689eac6bc139e0ea4d9d972452f9ffb0047,1645541758,candidate_layering,2
0xd90e2f925da726b50c4ed8d0fb90ad053324f31b,0x910cbd523d972eb0a6f4cae4618ad62622b39dbf,internal_eth,10.0,,,0xabbb044c60e0b245a49f6da7fa613100eb6594afa0855e21e48f5e584ab18174,1645541806,candidate_layering,2
0xd90e2f925da726b50c4ed8d0fb90ad053324f31b,0x910cbd523d972eb0a6f4cae4618ad62622b39dbf,internal_eth,10.0,,,0xad6d92721b57ad0240b110430e000c3dbb21c77ecefe6dd07183251fcc9d0c3a,1645541899,candidate_layering,2
0xd90e2f925da726b50c4ed8d0fb90ad053324f31b,0x910cbd523d972eb0a6f4cae4618ad62622b39dbf,internal_eth,10.0,,,0x7cc5e1a85f9f40ac7deebd95f244731f09fe1ba58b683ca5efe1f00098ae189a,1645541963,candidate_layering,2
0xd90e2f925da726b50c4ed8d0fb90ad053324f31b,0x12d66f87a04a9e220743712ce6d9bb1b5616b8fc,internal_eth,0.1,,,0xbb8129d80adfaaf5fe473c3ff1d0ff3a95cd31c3ff56e0b7e63268142cd8fc64,1645542175,candidate_layering,2
0xd90e2f925da726b50c4ed8d0fb90ad053324f31b,0x12d66f87a04a9e220743712ce6d9bb1b5616b8fc,internal_eth,0.1,,,0xc29aaea79a6496a0494eb477dd0e9130bf577a270327a8fb8e99558045431893,1645544113,candidate_layering,2
0xd90e2f925da726b50c4ed8d0fb90ad053324f31b,0x47ce0c6ed5b0ce3d3a51fdb1c52dc66a7c3c2936,internal_eth,1.0,,,0x4aefe9625148b312458313183b4ac6c1825f60ac909c80dd91d140d0c5325380,1645545286,candidate_layering,2
0xd90e2f925da726b50c4ed8d0fb90ad053324f31b,0xa160cdab225685da1d56aa342ad8841c3b53f291,internal_eth,100.0,,,0x5ee528102a33c4d1a2fa97149f33d76f127faa45027d2e87a877128b783ad21d,1645545399,candidate_layering,2
0xd90e2f925da726b50c4ed8d0fb90ad053324f31b,0x23773e65ed146a459791799d01336db287f25334,internal_eth,0.0141647,,,0x2e5892038281d9384ee12d09a4883b727cb671a7f4a4c918fc64059d013fa7a4,1645546157,candidate_layering,2
0xd90e2f925da726b50c4ed8d0fb90ad053324f31b,0x12d66f87a04a9e220743712ce6d9bb1b5616b8fc,internal_eth,0.1,,,0xa966b3bfc75d7eebdd204f7c25753a780950b5a6b6c9553c93f9133d5ac9504c,1645549543,candidate_layering,2
0xd90e2f925da726b50c4ed8d0fb90ad053324f31b,0x47ce0c6ed5b0ce3d3a51fdb1c52dc66a7c3c2936,internal_eth,1.0,,,0x62b44f841a1d3574943216df7eb3c36f03c4b1b3279d532642b59503823adeda,1645551487,candidate_layering,2
0xd90e2f925da726b50c4ed8d0fb90ad053324f31b,0x910cbd523d972eb0a6f4cae4618ad62622b39dbf,internal_eth,10.0,,,0xb1ba656925c73f87c473aaa3e8ede5fc89c4dfb93e49d5bc184f043020ea2147,1645551700,candidate_layering,2
0xd90e2f925da726b50c4ed8d0fb90ad053324f31b,0x910cbd523d972eb0a6f4cae4618ad62622b39dbf,internal_eth,10.0,,,0x738ec78dde033c7219be609ecf9131aca1e91fc638a56a0c0cf92ebc582b4530,1645551798,candidate_layering,2
0xd90e2f925da726b50c4ed8d0fb90ad053324f31b,0x910cbd523d972eb0a6f4cae4618ad62622b39dbf,internal_eth,10.0,,,0x12dcf569aca4db1c4d4adc6d3b5da9d869c7be00077dad785c5021309e753b98,1645551816,candidate_layering,2
0xd90e2f925da726b50c4ed8d0fb90ad053324f31b,0xa160cdab225685da1d56aa342ad8841c3b53f291,internal_eth,100.0,,,0xb151169387718245fb17b7c633f9aed02c9bddf486158f6738c760d46bc212e1,1645551871,candidate_layering,2
0xd90e2f925da726b50c4ed8d0fb90ad053324f31b,0x910cbd523d972eb0a6f4cae4618ad62622b39dbf,internal_eth,10.0,,,0xc56347b36bcaeba83a3d50047a92e11a52faedec236c9a59a428d81705b7c096,1645552250,candidate_layering,2
0xd90e2f925da726b50c4ed8d0fb90ad053324f31b,0x910cbd523d972eb0a6f4cae4618ad62622b39dbf,internal_eth,10.0,,,0xbe30e561bd54c225b47673fd995170955b597faa830d621c5caef02ec100182d,1645552600,candidate_layering,2
0xd90e2f925da726b50c4ed8d0fb90ad053324f31b,0xa160cdab225685da1d56aa342ad8841c3b53f291,internal_eth,100.0,,,0xfc6613dbdeb7e510f29369ff7419f53e571f969fa7ef81b655298fe04e584e39,1645553102,candidate_layering,2
0xd90e2f925da726b50c4ed8d0fb90ad053324f31b,0xa160cdab225685da1d56aa342ad8841c3b53f291,internal_eth,100.0,,,0xca20961c09dfd1fa38784af1edc97bc017d459dfe6c1662f9cbf555fd6875d0e,1645553145,candidate_layering,2
0xd90e2f925da726b50c4ed8d0fb90ad053324f31b,0xa160cdab225685da1d56aa342ad8841c3b53f291,internal_eth,100.0,,,0xba60b18bb0c137bb38fddc5a9105c5d732485e4c7dfba1601ece79f9978dda90,1645553246,candidate_layering,2
0xd90e2f925da726b50c4ed8d0fb90ad053324f31b,0x910cbd523d972eb0a6f4cae4618ad62622b39dbf,internal_eth,10.0,,,0x0328d6a4fc26c8f74cde068a11f36aec1e3e1ab7dfa059535eb44993619dbe8b,1645553759,candidate_layering,2
0xd90e2f925da726b50c4ed8d0fb90ad053324f31b,0x910cbd523d972eb0a6f4cae4618ad62622b39dbf,internal_eth,10.0,,,0xc463724cbe5cbbb0bc9bceb966231297176c247da0d11db430be521697e69a5d,1645553767,candidate_layering,2
0xd90e2f925da726b50c4ed8d0fb90ad053324f31b,0x910cbd523d972eb0a6f4cae4618ad62622b39dbf,internal_eth,10.0,,,0xdfe1940d96f961b721da6e27fe697d4872a7a6f72a1b34f83c594d564d1973a7,1645553794,candidate_layering,2
0xd90e2f925da726b50c4ed8d0fb90ad053324f31b,0x12d66f87a04a9e220743712ce6d9bb1b5616b8fc,internal_eth,0.1,,,0x6ebb50373e450502717b058e70298c0a80420d78252cab709bf9e5172028679a,1645554312,candidate_layering,2
0xd90e2f925da726b50c4ed8d0fb90ad053324f31b,0xa160cdab225685da1d56aa342ad8841c3b53f291,internal_eth,100.0,,,0x5aff2e334542663b427dac47cf666076bf638ba6c09a9ff0234fc1ea7a087a13,1645554337,candidate_layering,2
0xd90e2f925da726b50c4ed8d0fb90ad053324f31b,0xa160cdab225685da1d56aa342ad8841c3b53f291,internal_eth,100.0,,,0x940f750290bae2e8ee975c1d6b79fcc846164f8e8b35b5693e2aac3b74a3b4bf,1645554419,candidate_layering,2
0xd90e2f925da726b50c4ed8d0fb90ad053324f31b,0x910cbd523d972eb0a6f4cae4618ad62622b39dbf,internal_eth,10.0,,,0x64c84791317c8e4a7f6fa03285d6e6df5080a57fe1b7b56abf6fa02824b34184,1645554847,candidate_layering,2
0xd90e2f925da726b50c4ed8d0fb90ad053324f31b,0xa160cdab225685da1d56aa342ad8841c3b53f291,internal_eth,100.0,,,0x19b3d6613c80dcdfbb098412ac0ce17c414fc9e6a9f914eb5db7a9958567c9c8,1645555037,candidate_layering,2
0xd90e2f925da726b50c4ed8d0fb90ad053324f31b,0x23773e65ed146a459791799d01336db287f25334,internal_eth,0.12,,,0xebc3dd48c3b19d8158d7c6125042c2852954013ecb4661f0c5b1d48a9fa7bed2,1645555156,candidate_layering,2
0xd90e2f925da726b50c4ed8d0fb90ad053324f31b,0x47ce0c6ed5b0ce3d3a51fdb1c52dc66a7c3c2936,internal_eth,1.0,,,0x391d9e148e229b250393f27418a8f51566031e60b383bcd21382b46783be34cb,1645557308,candidate_layering,2
0xd90e2f925da726b50c4ed8d0fb90ad053324f31b,0x47ce0c6ed5b0ce3d3a51fdb1c52dc66a7c3c2936,internal_eth,1.0,,,0xef85073bad241595ad0baf474b29fac7ba44aea3c714d1884d538d194ff39d4d,1645557374,candidate_layering,2
0xd90e2f925da726b50c4ed8d0fb90ad053324f31b,0x47ce0c6ed5b0ce3d3a51fdb1c52dc66a7c3c2936,internal_eth,1.0,,,0x82e7c40dbeb1ac8503343966c72de500b9201230750145f6acfbf71758f3c135,1645557474,candidate_layering,2
0xd90e2f925da726b50c4ed8d0fb90ad053324f31b,0x910cbd523d972eb0a6f4cae4618ad62622b39dbf,internal_eth,10.0,,,0xd090607370ef746e7581c0cafe5eec1dc13c662969745517a5e649137f6e181c,1645558620,candidate_layering,2
0xd90e2f925da726b50c4ed8d0fb90ad053324f31b,0x910cbd523d972eb0a6f4cae4618ad62622b39dbf,internal_eth,10.0,,,0x8bf08a0c2624d0db1b98e4ae2c51526813f2e3b8c8ea8ed175361d7f960f783f,1645558722,candidate_layering,2
0xd90e2f925da726b50c4ed8d0fb90ad053324f31b,0x910cbd523d972eb0a6f4cae4618ad62622b39dbf,internal_eth,10.0,,,0x8385254868c73685818a5bf8a1b00d55ec4ceb4e8b48b4c67220ed9348d664e9,1645558806,candidate_layering,2
0xd90e2f925da726b50c4ed8d0fb90ad053324f31b,0xa160cdab225685da1d56aa342ad8841c3b53f291,internal_eth,100.0,,,0x2096152a43fb884bab5d30f3f0663754e6003ee45e702b2a60bfcf9c8213f6c7,1645559139,candidate_layering,2
0xd90e2f925da726b50c4ed8d0fb90ad053324f31b,0x47ce0c6ed5b0ce3d3a51fdb1c52dc66a7c3c2936,internal_eth,1.0,,,0x2fe56e127ef1013d0897f678d7b8ae8f7d2c2101211d26a46966c9405aa07066,1645559566,candidate_layering,2
0xd90e2f925da726b50c4ed8d0fb90ad053324f31b,0x47ce0c6ed5b0ce3d3a51fdb1c52dc66a7c3c2936,internal_eth,1.0,,,0x31c88da03fde2a0783a536a9fa5ebf0a29c675e310740ec0683a850c40dcb96e,1645560864,candidate_layering,2
0xd90e2f925da726b50c4ed8d0fb90ad053324f31b,0x910cbd523d972eb0a6f4cae4618ad62622b39dbf,internal_eth,10.0,,,0x2ff160b6399367778ff740ab49ac8134c7f7ce87d74108d225e11d9bd76fc4a3,1645561706,candidate_layering,2
0xd90e2f925da726b50c4ed8d0fb90ad053324f31b,0x910cbd523d972eb0a6f4cae4618ad62622b39dbf,internal_eth,10.0,,,0xe5c104ccd814e5b735b1416397534c5e6031d7de2a809fee3b086de20c67620a,1645561744,candidate_layering,2
0xd90e2f925da726b50c4ed8d0fb90ad053324f31b,0x47ce0c6ed5b0ce3d3a51fdb1c52dc66a7c3c2936,internal_eth,1.0,,,0x6b097c33566110eb2778564f50805159a6d6d20e24eee37f2c0524bb10eab03c,1645561827,candidate_layering,2
0xd90e2f925da726b50c4ed8d0fb90ad053324f31b,0x47ce0c6ed5b0ce3d3a51fdb1c52dc66a7c3c2936,internal_eth,1.0,,,0x70b3fbef8cd42a82d9272c36fb9734c53b4496008cc5361617e225f54b583ae9,1645563260,candidate_layering,2
0xd90e2f925da726b50c4ed8d0fb90ad053324f31b,0xa160cdab225685da1d56aa342ad8841c3b53f291,internal_eth,100.0,,,0x20c3c895504c7adf6b2da5b9e7a81a9d5b1bacd7f65718e9ab7a8632ff7725f5,1645563976,candidate_layering,2
0xd90e2f925da726b50c4ed8d0fb90ad053324f31b,0x07687e702b410fa43f4cb4af7fa097918ffd2730,internal_eth,0.0166298,,,0xf6e2c75320c6b5d486c42e6a5b4302a96eaa73386e5ca3c384c7fcd5327832bc,1645564884,candidate_layering,2
0xd90e2f925da726b50c4ed8d0fb90ad053324f31b,0x47ce0c6ed5b0ce3d3a51fdb1c52dc66a7c3c2936,internal_eth,1.0,,,0xe11e7fe89367ff7ec9c5b36345125a932f681801898f735e592f0063efeae1e2,1645564944,candidate_layering,2
0xd90e2f925da726b50c4ed8d0fb90ad053324f31b,0x47ce0c6ed5b0ce3d3a51fdb1c52dc66a7c3c2936,internal_eth,1.0,,,0x64dbb5469b5c0947e52466d7208e6874d7a5054ff7cf9d4ecc6829790ee6dbd5,1645565665,candidate_layering,2
0xd90e2f925da726b50c4ed8d0fb90ad053324f31b,0x12d66f87a04a9e220743712ce6d9bb1b5616b8fc,internal_eth,0.1,,,0x75d275d227ff9b1a859e1f6dbe662833696204d586dbe12d238ad6235de89c04,1645571365,candidate_layering,2
0xd90e2f925da726b50c4ed8d0fb90ad053324f31b,0x12d66f87a04a9e220743712ce6d9bb1b5616b8fc,internal_eth,0.1,,,0xe69704025146aefc63682ae5054440e1b3e24396ff10775d3d1d05b73c7af43c,1645571503,candidate_layering,2
0xd90e2f925da726b50c4ed8d0fb90ad053324f31b,0x12d66f87a04a9e220743712ce6d9bb1b5616b8fc,internal_eth,0.1,,,0x30469424c81998625957227c944d52a305b1fabd8af64c38b5703fe5afdd2b39,1645571566,candidate_layering,2
0xd90e2f925da726b50c4ed8d0fb90ad053324f31b,0x47ce0c6ed5b0ce3d3a51fdb1c52dc66a7c3c2936,internal_eth,1.0,,,0x2a69818babfbf7224b338368fe4d54334b78ba656c43f93090b2ba917a0438d1,1645572952,candidate_layering,2
0xd90e2f925da726b50c4ed8d0fb90ad053324f31b,0x47ce0c6ed5b0ce3d3a51fdb1c52dc66a7c3c2936,internal_eth,1.0,,,0xc1ae515e61d12ef0623c7ee06a5e3d7670ca78b5a13fd5f854c1e992c172a2fd,1645574206,candidate_layering,2
0xd90e2f925da726b50c4ed8d0fb90ad053324f31b,0x47ce0c6ed5b0ce3d3a51fdb1c52dc66a7c3c2936,internal_eth,1.0,,,0x774b0fd8dc091049055cbad7f77c63e93322e000e54a36a21818e038e98b6b7d,1645574223,candidate_layering,2
0xd90e2f925da726b50c4ed8d0fb90ad053324f31b,0x47ce0c6ed5b0ce3d3a51fdb1c52dc66a7c3c2936,internal_eth,1.0,,,0x207904e825a3bb43a8deaeab2806be5d2c3f85769a2b6143e4e619e0e88ecb4b,1645574223,candidate_layering,2
0xd90e2f925da726b50c4ed8d0fb90ad053324f31b,0x47ce0c6ed5b0ce3d3a51fdb1c52dc66a7c3c2936,internal_eth,1.0,,,0x86249f998599ab5acaf52bafc1e5aa7d43dc34d6a2963233cc2035fbf10f76ff,1645574272,candidate_layering,2
0xd90e2f925da726b50c4ed8d0fb90ad053324f31b,0x910cbd523d972eb0a6f4cae4618ad62622b39dbf,internal_eth,10.0,,,0x10de0b452d08d9e824c36d5429293d1307ad080bffea1757794a2963238784c4,1645575132,candidate_layering,2
0xd90e2f925da726b50c4ed8d0fb90ad053324f31b,0x47ce0c6ed5b0ce3d3a51fdb1c52dc66a7c3c2936,internal_eth,1.0,,,0x2c507b9f567a874030039b51e791700159bcf088a9d1df8cb7b4417710ae15e8,1645575975,candidate_layering,2
0xd90e2f925da726b50c4ed8d0fb90ad053324f31b,0x910cbd523d972eb0a6f4cae4618ad62622b39dbf,internal_eth,10.0,,,0x70613ec86b3b0f4eb27aa6d65655763370304553f8eb6aa36ab7bba4944b6f7c,1645577327,candidate_layering,2
0xd90e2f925da726b50c4ed8d0fb90ad053324f31b,0x910cbd523d972eb0a6f4cae4618ad62622b39dbf,internal_eth,10.0,,,0x838db819245de574450ff98eea83e2f6aa833d6a547f1e2825293b9834d2f1d1,1645577384,candidate_layering,2
0xd90e2f925da726b50c4ed8d0fb90ad053324f31b,0x12d66f87a04a9e220743712ce6d9bb1b5616b8fc,internal_eth,0.1,,,0xba35021821a2b71804b8df6ed3c8c0f09fab3ecc4c79133377461a9a86f0dea7,1645579166,candidate_layering,2
0xd90e2f925da726b50c4ed8d0fb90ad053324f31b,0xa160cdab225685da1d56aa342ad8841c3b53f291,internal_eth,100.0,,,0xec116ee0a0a2a6828736ac3215638ebef5e343fd6ceaf4ef1b4c1a9ce65c7c69,1645579247,candidate_layering,2
0xd90e2f925da726b50c4ed8d0fb90ad053324f31b,0x910cbd523d972eb0a6f4cae4618ad62622b39dbf,internal_eth,10.0,,,0x7afb1a54bd21837b5df6288485aa944efcf7fbe30439c56d9205a4c42e530b79,1645580568,candidate_layering,2
0xd90e2f925da726b50c4ed8d0fb90ad053324f31b,0x910cbd523d972eb0a6f4cae4618ad62622b39dbf,internal_eth,10.0,,,0x7f86b75bceaa3209e0769f57097854eb84e9fef1efd85dcdec41ed4ee18756b7,1645580801,candidate_layering,2
0xd90e2f925da726b50c4ed8d0fb90ad053324f31b,0x910cbd523d972eb0a6f4cae4618ad62622b39dbf,internal_eth,10.0,,,0x56495abf7fda9c6393ea18d99f89d7a4890b768e5307007e07555b960b77abad,1645581363,candidate_layering,2
0xd90e2f925da726b50c4ed8d0fb90ad053324f31b,0x910cbd523d972eb0a6f4cae4618ad62622b39dbf,internal_eth,10.0,,,0xef9fecdd542f67aa6b3c4564c42532d7bcdd5e443446c97daa520dbf429ce3d1,1645582038,candidate_layering,2
0xd90e2f925da726b50c4ed8d0fb90ad053324f31b,0x47ce0c6ed5b0ce3d3a51fdb1c52dc66a7c3c2936,internal_eth,1.0,,,0x661db2b826b5abc7c83fc8148921ffd446f1df4325df161ecc36e912f1e7aa5d,1645582081,candidate_layering,2
0xd90e2f925da726b50c4ed8d0fb90ad053324f31b,0x47ce0c6ed5b0ce3d3a51fdb1c52dc66a7c3c2936,internal_eth,1.0,,,0xd608e6d4ccca46d86d1973303c8bdcf02de9a795c717629915ff9f871e6f7442,1645582081,candidate_layering,2
0xd90e2f925da726b50c4ed8d0fb90ad053324f31b,0x47ce0c6ed5b0ce3d3a51fdb1c52dc66a7c3c2936,internal_eth,1.0,,,0x7ec891208d01675b1f54fd2a5a19e72a8458476461fe65373c1310fe58c5dbfd,1645582211,candidate_layering,2
0xd90e2f925da726b50c4ed8d0fb90ad053324f31b,0x47ce0c6ed5b0ce3d3a51fdb1c52dc66a7c3c2936,internal_eth,1.0,,,0x983c98ff6b02b6d72d5443489bff9a233a7ee410c241ca16b98ba330aac4b724,1645582590,candidate_layering,2
0xd90e2f925da726b50c4ed8d0fb90ad053324f31b,0x910cbd523d972eb0a6f4cae4618ad62622b39dbf,internal_eth,10.0,,,0x332f2b329918c11926dd7d2e24a96075d0840d3ea292fdcd784191b4d8f52896,1645583162,candidate_layering,2
0xd90e2f925da726b50c4ed8d0fb90ad053324f31b,0x47ce0c6ed5b0ce3d3a51fdb1c52dc66a7c3c2936,internal_eth,1.0,,,0xff56025e65fce057780712030a77e6b9a3e79d4730aeba508ffb175d789c93e3,1645584225,candidate_layering,2
0xd90e2f925da726b50c4ed8d0fb90ad053324f31b,0x910cbd523d972eb0a6f4cae4618ad62622b39dbf,internal_eth,10.0,,,0x15bfa108aacf86e101fc5d9bd08092f5279985a5032e6f0f532111f685981e65,1645585172,candidate_layering,2
0xd90e2f925da726b50c4ed8d0fb90ad053324f31b,0x910cbd523d972eb0a6f4cae4618ad62622b39dbf,internal_eth,10.0,,,0x8c2d2449b840b7489e352a43e82fcdc2e08deca288128a3a1c1bc5de6e93f60e,1645585225,candidate_layering,2
0xd90e2f925da726b50c4ed8d0fb90ad053324f31b,0x47ce0c6ed5b0ce3d3a51fdb1c52dc66a7c3c2936,internal_eth,1.0,,,0xaab87a1619bdcc87963f5cf2c0766b3ec0766adc5a260b623ab2301329cf0742,1645585305,candidate_layering,2
0xd90e2f925da726b50c4ed8d0fb90ad053324f31b,0x910cbd523d972eb0a6f4cae4618ad62622b39dbf,internal_eth,10.0,,,0x11d728c530a5d357dd6d0482a41ba463de9f7d7db9e5cf3712eaab754ae0c335,1645585343,candidate_layering,2
0xd90e2f925da726b50c4ed8d0fb90ad053324f31b,0x910cbd523d972eb0a6f4cae4618ad62622b39dbf,internal_eth,10.0,,,0x210e36286239409e2fae156373e108ad5e30e50e64ae9aab6670c53f8f7bb5e8,1645585368,candidate_layering,2
0xd90e2f925da726b50c4ed8d0fb90ad053324f31b,0x47ce0c6ed5b0ce3d3a51fdb1c52dc66a7c3c2936,internal_eth,1.0,,,0x8624eb5ad0d82c5e27149344363dce4bf217bba7953ddb22d2bc6ea9f2486b30,1645586045,candidate_layering,2
0xd90e2f925da726b50c4ed8d0fb90ad053324f31b,0x910cbd523d972eb0a6f4cae4618ad62622b39dbf,internal_eth,10.0,,,0x8eb54df540a7a00df41782145874ece5081d06d931ef7a8e2c6672df6a6e4b58,1645587162,candidate_layering,2
0xd90e2f925da726b50c4ed8d0fb90ad053324f31b,0x910cbd523d972eb0a6f4cae4618ad62622b39dbf,internal_eth,10.0,,,0x9f4678f1e1df46817fb670feb14a00099cfd614030511fc9b6cf3acefdd3d291,1645587180,candidate_layering,2
0xd90e2f925da726b50c4ed8d0fb90ad053324f31b,0x910cbd523d972eb0a6f4cae4618ad62622b39dbf,internal_eth,10.0,,,0xe83df204f1216d2e6f7e32efea149e34b393feb5ad4be7d228c62bd2daaf30ac,1645587218,candidate_layering,2
0xd90e2f925da726b50c4ed8d0fb90ad053324f31b,0x910cbd523d972eb0a6f4cae4618ad62622b39dbf,internal_eth,10.0,,,0xe82c3f68d014761e7a58267352370cac2da7593438f47ce9dff3292350c724db,1645588217,candidate_layering,2
0xd90e2f925da726b50c4ed8d0fb90ad053324f31b,0x47ce0c6ed5b0ce3d3a51fdb1c52dc66a7c3c2936,internal_eth,1.0,,,0xf04273538328307de74b65eaf334e9376370c1ce4b73de012e6483beeb36944b,1645590242,candidate_layering,2
0xd90e2f925da726b50c4ed8d0fb90ad053324f31b,0xa160cdab225685da1d56aa342ad8841c3b53f291,internal_eth,100.0,,,0x029226c2a607f4afb99e5e9f6b92cc6251e5b80501c235b0f5a66cca180d1c8b,1645593503,candidate_layering,2
0xd90e2f925da726b50c4ed8d0fb90ad053324f31b,0x47ce0c6ed5b0ce3d3a51fdb1c52dc66a7c3c2936,internal_eth,1.0,,,0x8d7a1e406e618b15c07b663e865c1406eb2b90fbf15fc2e2b0647535f04f2702,1645594087,candidate_layering,2
0xd90e2f925da726b50c4ed8d0fb90ad053324f31b,0xa160cdab225685da1d56aa342ad8841c3b53f291,internal_eth,100.0,,,0x7483e640102a4b0bc25b6ed22ffd182bf689da9c7042f970d8f477cf41193708,1645598380,candidate_layering,2
0xd90e2f925da726b50c4ed8d0fb90ad053324f31b,0xa160cdab225685da1d56aa342ad8841c3b53f291,internal_eth,100.0,,,0x1b31e35fad374bcb05c5eb7ecc317bef4d5a830fc3c6fc7f12efc44a97b1950e,1645598380,candidate_layering,2
0xd90e2f925da726b50c4ed8d0fb90ad053324f31b,0x47ce0c6ed5b0ce3d3a51fdb1c52dc66a7c3c2936,internal_eth,1.0,,,0xca70f5e301d811dcd4a2ffe7c93a7f9e222ed70edb0317c999dfd69d56c574e1,1645599610,candidate_layering,2
0xd90e2f925da726b50c4ed8d0fb90ad053324f31b,0x47ce0c6ed5b0ce3d3a51fdb1c52dc66a7c3c2936,internal_eth,1.0,,,0xd9949a0123ae05c71a179c54195fcdb56e73328da5752bdb3af5d8945a049e01,1645601964,candidate_layering,2
0xd90e2f925da726b50c4ed8d0fb90ad053324f31b,0x12d66f87a04a9e220743712ce6d9bb1b5616b8fc,internal_eth,0.1,,,0x4998ff97014f9793eb0ed58e1fc1886aa122d51af2c7984da9ed31ca65afa3e8,1645602655,candidate_layering,2
0xd90e2f925da726b50c4ed8d0fb90ad053324f31b,0xa160cdab225685da1d56aa342ad8841c3b53f291,internal_eth,100.0,,,0xd7ed11367dc4c53db97a9d7b6dc7541d22339c6a5996d4b4e1c7ecf90ab136f2,1645603482,candidate_layering,2
0xd90e2f925da726b50c4ed8d0fb90ad053324f31b,0x47ce0c6ed5b0ce3d3a51fdb1c52dc66a7c3c2936,internal_eth,1.0,,,0x7b4a94b5beb5fb6d37e40dc43c36ff56f891947a5a7c8b3e8b9acfedc02675e6,1645604603,candidate_layering,2
0xd90e2f925da726b50c4ed8d0fb90ad053324f31b,0x47ce0c6ed5b0ce3d3a51fdb1c52dc66a7c3c2936,internal_eth,1.0,,,0xf8d5f9267b99ba9516f47af99b729eaa461d9efcc339d255c34dda25aac8fda2,1645605731,candidate_layering,2
0xd90e2f925da726b50c4ed8d0fb90ad053324f31b,0x910cbd523d972eb0a6f4cae4618ad62622b39dbf,internal_eth,10.0,,,0xae31167541c1768d75aba0f63f3763ea6f6c6e575d6d4fffb42b85d2613f591e,1645606277,candidate_layering,2
0xd90e2f925da726b50c4ed8d0fb90ad053324f31b,0x47ce0c6ed5b0ce3d3a51fdb1c52dc66a7c3c2936,internal_eth,1.0,,,0xaeca0a7fdca8ca5f46bfedf0615fa2ffe6db4552eab6d1cb9445291235dca2d8,1645606601,candidate_layering,2
0xd90e2f925da726b50c4ed8d0fb90ad053324f31b,0x47ce0c6ed5b0ce3d3a51fdb1c52dc66a7c3c2936,internal_eth,1.0,,,0x8092a6c84798fa9d46ee74275ab7dce4dc3cf423f838cba2a175e3bd3bed8c8f,1645606632,candidate_layering,2
0xd90e2f925da726b50c4ed8d0fb90ad053324f31b,0x910cbd523d972eb0a6f4cae4618ad62622b39dbf,internal_eth,10.0,,,0x24e0150347a11b2c4988e598e3d2c96c2b407b23fef906dd83aec849c6e6ad34,1645606677,candidate_layering,2
0xd90e2f925da726b50c4ed8d0fb90ad053324f31b,0x47ce0c6ed5b0ce3d3a51fdb1c52dc66a7c3c2936,internal_eth,1.0,,,0x16d93191650593090f651d549eb3be2ff15ab74191adfb6c962223d9fa474f96,1645606968,candidate_layering,2
0xd90e2f925da726b50c4ed8d0fb90ad053324f31b,0x47ce0c6ed5b0ce3d3a51fdb1c52dc66a7c3c2936,internal_eth,1.0,,,0x8e5c5c1ebc53bd138a916fd65bb0e7782a7901870af48e444478d10724aba988,1645607325,candidate_layering,2
0xd90e2f925da726b50c4ed8d0fb90ad053324f31b,0x47ce0c6ed5b0ce3d3a51fdb1c52dc66a7c3c2936,internal_eth,1.0,,,0x99329b25a9a5406a6da9572723cfc07faa99d039f837dd3ba288f948ca2e7717,1645608204,candidate_layering,2
0xd90e2f925da726b50c4ed8d0fb90ad053324f31b,0x47ce0c6ed5b0ce3d3a51fdb1c52dc66a7c3c2936,internal_eth,1.0,,,0xfc129fa141650b0cf57911b95c70d02a2ab6c622b73c97e20cb3486b2c1ba2d8,1645608322,candidate_layering,2
0xd90e2f925da726b50c4ed8d0fb90ad053324f31b,0x47ce0c6ed5b0ce3d3a51fdb1c52dc66a7c3c2936,internal_eth,1.0,,,0x93cf952963e1b8374b50e0c4a668156375e3e2b46f6b40046c0a8ff956329b4f,1645608390,candidate_layering,2
0xd90e2f925da726b50c4ed8d0fb90ad053324f31b,0x910cbd523d972eb0a6f4cae4618ad62622b39dbf,internal_eth,10.0,,,0x7e8d7306f87d1fb2284152f10b24a403e2c808aa4fea15fb4b5c78d0d229ef31,1645608398,candidate_layering,2
0xd90e2f925da726b50c4ed8d0fb90ad053324f31b,0x47ce0c6ed5b0ce3d3a51fdb1c52dc66a7c3c2936,internal_eth,1.0,,,0x0e2e25235d4b59695e5948849f0b6ba51fb2fbb94f43e8e16f518d54174fd196,1645608527,candidate_layering,2
0xd90e2f925da726b50c4ed8d0fb90ad053324f31b,0x12d66f87a04a9e220743712ce6d9bb1b5616b8fc,internal_eth,0.1,,,0x59cc25cdd68fac6e1fbd1ff92e560fcc8716aa3cd7ae167b6b4842f3e2c594e7,1645609564,candidate_layering,2
0xd90e2f925da726b50c4ed8d0fb90ad053324f31b,0x47ce0c6ed5b0ce3d3a51fdb1c52dc66a7c3c2936,internal_eth,1.0,,,0x6c131d2d7231081898e6a199e969736456da9f97a88b0f87be6795722b930f4c,1645611896,candidate_layering,2
0xd90e2f925da726b50c4ed8d0fb90ad053324f31b,0x12d66f87a04a9e220743712ce6d9bb1b5616b8fc,internal_eth,0.1,,,0x79d80213359f5e3a6895bfb1713f12839f9ddfec530eacb2bee26ea26ab8c81a,1645612152,candidate_layering,2
0xd90e2f925da726b50c4ed8d0fb90ad053324f31b,0x47ce0c6ed5b0ce3d3a51fdb1c52dc66a7c3c2936,internal_eth,1.0,,,0x77c9a4e455e6e4f3d8ebc50efc1aaac46fa50cac4728163df205e7bbb94761db,1645612312,candidate_layering,2
0xd90e2f925da726b50c4ed8d0fb90ad053324f31b,0x47ce0c6ed5b0ce3d3a51fdb1c52dc66a7c3c2936,internal_eth,1.0,,,0xa8d020272333fbe6283fe82376a017dbe29fa4d377e2f5775d30c88df0bb70ff,1645612522,candidate_layering,2
0xd90e2f925da726b50c4ed8d0fb90ad053324f31b,0x47ce0c6ed5b0ce3d3a51fdb1c52dc66a7c3c2936,internal_eth,1.0,,,0x6e608a0d80918b96afa828e449b313b70187c22d479fb006fad62f8338b1e9b1,1645612801,candidate_layering,2
0xd90e2f925da726b50c4ed8d0fb90ad053324f31b,0xa160cdab225685da1d56aa342ad8841c3b53f291,internal_eth,100.0,,,0x23c25d30cdbadd5eacee0abe321bd3576ac6b5763be79a16d627d79b8ebdffa2,1645613315,candidate_layering,2
0xd90e2f925da726b50c4ed8d0fb90ad053324f31b,0xa160cdab225685da1d56aa342ad8841c3b53f291,internal_eth,100.0,,,0xab280d898691d6b488c0a29ce65e362371d71ab50dec096fbb7788f36def617c,1645613315,candidate_layering,2
0xd90e2f925da726b50c4ed8d0fb90ad053324f31b,0x910cbd523d972eb0a6f4cae4618ad62622b39dbf,internal_eth,10.0,,,0x41e35ba130e4e51792a515e3516edbd7e480390f6dd2dde335716a46c97d4f51,1645613902,candidate_layering,2
0xd90e2f925da726b50c4ed8d0fb90ad053324f31b,0x47ce0c6ed5b0ce3d3a51fdb1c52dc66a7c3c2936,internal_eth,1.0,,,0x7fa5c25cdaf3614a5e9979b32e7691f075f0c225bda63f9ba04736f6acaef776,1645614059,candidate_layering,2
0xd90e2f925da726b50c4ed8d0fb90ad053324f31b,0xa160cdab225685da1d56aa342ad8841c3b53f291,internal_eth,100.0,,,0xadfb0f4f142b06ff17664f12ec751d1af993b7525fca4e73e8c5ae605721e337,1645614159,candidate_layering,2
0xd90e2f925da726b50c4ed8d0fb90ad053324f31b,0xa160cdab225685da1d56aa342ad8841c3b53f291,internal_eth,100.0,,,0x1c9725c19e550e128484a44977b9deeaf3fdcf2d146ca0f97ca91995dc4b5ae4,1645614168,candidate_layering,2
0xd90e2f925da726b50c4ed8d0fb90ad053324f31b,0xa160cdab225685da1d56aa342ad8841c3b53f291,internal_eth,100.0,,,0x7052384fb263b0b9b38479e89bf562a13dfff01efe4e7a66465d806c6c01cbd5,1645614191,candidate_layering,2
0xd90e2f925da726b50c4ed8d0fb90ad053324f31b,0x47ce0c6ed5b0ce3d3a51fdb1c52dc66a7c3c2936,internal_eth,1.0,,,0x69106d51924b3622efd19f3d39fdc7aba0a3b2e925d43818568e111a3dd29c1b,1645614223,candidate_layering,2
0xd90e2f925da726b50c4ed8d0fb90ad053324f31b,0x47ce0c6ed5b0ce3d3a51fdb1c52dc66a7c3c2936,internal_eth,1.0,,,0xfc4afb02df33ab903d368cbb47c661bfabeb2b767f26ba7a494f2b0df101246f,1645614327,candidate_layering,2
0xd90e2f925da726b50c4ed8d0fb90ad053324f31b,0x910cbd523d972eb0a6f4cae4618ad62622b39dbf,internal_eth,10.0,,,0xcdcf3790a21b6003679c0fae51dec5c2fb98f62c101d3a5318ed67e40d8b2c33,1645614327,candidate_layering,2
0xd90e2f925da726b50c4ed8d0fb90ad053324f31b,0x47ce0c6ed5b0ce3d3a51fdb1c52dc66a7c3c2936,internal_eth,1.0,,,0xc62d898ffb4bc3c6c3e0ca9f4d437ef559c8b9f5a6381cb19ef3a9c8d9bbd844,1645614431,candidate_layering,2
0xd90e2f925da726b50c4ed8d0fb90ad053324f31b,0x47ce0c6ed5b0ce3d3a51fdb1c52dc66a7c3c2936,internal_eth,1.0,,,0x0efbe78a19df45a6646fa727317702f1f7fff3472b9133c01bc6f8fe54c2b271,1645614473,candidate_layering,2
0xd90e2f925da726b50c4ed8d0fb90ad053324f31b,0x47ce0c6ed5b0ce3d3a51fdb1c52dc66a7c3c2936,internal_eth,1.0,,,0x28dd3132e74e240b0130513eadfcda39ec4649e171f86dd27dd045890d72aa97,1645614620,candidate_layering,2
0xd90e2f925da726b50c4ed8d0fb90ad053324f31b,0x910cbd523d972eb0a6f4cae4618ad62622b39dbf,internal_eth,10.0,,,0x55af9660696a96c60271598cd8e4ac7e8cc4bc4db3679279c569ca0eb5606e7c,1645614873,candidate_layering,2
0xd90e2f925da726b50c4ed8d0fb90ad053324f31b,0x910cbd523d972eb0a6f4cae4618ad62622b39dbf,internal_eth,10.0,,,0x4dfd15c6fcb9652881ddcaf4115b3598db12b8cbe9a0f0956875407eab4fbe3b,1645614988,candidate_layering,2
0xd90e2f925da726b50c4ed8d0fb90ad053324f31b,0x910cbd523d972eb0a6f4cae4618ad62622b39dbf,internal_eth,10.0,,,0xa4fed1a7a64c2295b670fe8b52be997ffe4ce8a287ebb86ae62fc1b10a7ffdc7,1645615650,candidate_layering,2
0xd90e2f925da726b50c4ed8d0fb90ad053324f31b,0x47ce0c6ed5b0ce3d3a51fdb1c52dc66a7c3c2936,internal_eth,1.0,,,0xd5a5163ef46eaffa3c878d09bb082e3a407dfcae2ed837f377493bfcca0fffcf,1645616650,candidate_layering,2
0xd90e2f925da726b50c4ed8d0fb90ad053324f31b,0x47ce0c6ed5b0ce3d3a51fdb1c52dc66a7c3c2936,internal_eth,1.0,,,0x60c3f9d0fca33da39a22b2dbd3a481263350e38ada5635998cd9e3a2d61b189e,1645616673,candidate_layering,2
0xd90e2f925da726b50c4ed8d0fb90ad053324f31b,0x47ce0c6ed5b0ce3d3a51fdb1c52dc66a7c3c2936,internal_eth,1.0,,,0xb9a5fa5288cb70236392cd466dcb83612a2ddc8298cfa6ab420017150253115e,1645616706,candidate_layering,2
0xd90e2f925da726b50c4ed8d0fb90ad053324f31b,0x47ce0c6ed5b0ce3d3a51fdb1c52dc66a7c3c2936,internal_eth,1.0,,,0xd550e8a7eb49d8202fa79f288652b3597e90768de56a7cd1e05b1fd4cd742e0d,1645616743,candidate_layering,2
0xd90e2f925da726b50c4ed8d0fb90ad053324f31b,0x47ce0c6ed5b0ce3d3a51fdb1c52dc66a7c3c2936,internal_eth,1.0,,,0xcc58471423a228674e2a4acab197f7bf6906a8c1f261b30cf4b4b73a2b976a28,1645616828,candidate_layering,2
0xd90e2f925da726b50c4ed8d0fb90ad053324f31b,0x910cbd523d972eb0a6f4cae4618ad62622b39dbf,internal_eth,10.0,,,0xa09a84b4479dabeab6edf0cd455c8a97f2e367e5c09254bf3b0ac82948e0cdb4,1645616828,candidate_layering,2
0xd90e2f925da726b50c4ed8d0fb90ad053324f31b,0x910cbd523d972eb0a6f4cae4618ad62622b39dbf,internal_eth,10.0,,,0x171fc1d3bebee5d49ecfcf64a2f33521186e2527969baa04bb362c9bfdc4c67c,1645617181,candidate_layering,2
0xd90e2f925da726b50c4ed8d0fb90ad053324f31b,0x910cbd523d972eb0a6f4cae4618ad62622b39dbf,internal_eth,10.0,,,0x63c69e32d18fefdc05af12076cc8018d96894563f764369c4a39d2b4bbe3ecca,1645617181,candidate_layering,2
0xd90e2f925da726b50c4ed8d0fb90ad053324f31b,0x910cbd523d972eb0a6f4cae4618ad62622b39dbf,internal_eth,10.0,,,0xb746de41e48ae6dc37bb45d9d192e5c94b5fdaa45df3b20fab685b3d5ac81de3,1645617181,candidate_layering,2
0xd90e2f925da726b50c4ed8d0fb90ad053324f31b,0x47ce0c6ed5b0ce3d3a51fdb1c52dc66a7c3c2936,internal_eth,1.0,,,0xf48546b30d320201e3c7e2995dc4c2329e9d6d1a9c340206a9f00893836447da,1645617211,candidate_layering,2
0xd90e2f925da726b50c4ed8d0fb90ad053324f31b,0x47ce0c6ed5b0ce3d3a51fdb1c52dc66a7c3c2936,internal_eth,1.0,,,0x6cd003da9c4363c5c31af06118afa01363316a19d1032b55810c009de0e09c8a,1645617211,candidate_layering,2
0xd90e2f925da726b50c4ed8d0fb90ad053324f31b,0x910cbd523d972eb0a6f4cae4618ad62622b39dbf,internal_eth,10.0,,,0xe461422ed9f082fbf9ba2ee73450d922f2e5aa6ee6456f6819e4f05c19b2b7c1,1645617616,candidate_layering,2
0xd90e2f925da726b50c4ed8d0fb90ad053324f31b,0xa160cdab225685da1d56aa342ad8841c3b53f291,internal_eth,100.0,,,0x9d02d678c4aae19e0024c5d2d61c47e6f15c4580a57cd28df1a7df636968b7df,1645617815,candidate_layering,2
0xd90e2f925da726b50c4ed8d0fb90ad053324f31b,0xa160cdab225685da1d56aa342ad8841c3b53f291,internal_eth,100.0,,,0xa8331c58a3c428d8200a1bb719711665063a2bdf02eeb5bf49100da1d2eb0fd2,1645617983,candidate_layering,2
0xd90e2f925da726b50c4ed8d0fb90ad053324f31b,0xa160cdab225685da1d56aa342ad8841c3b53f291,internal_eth,100.0,,,0xa7354e3d8874fafdc79c0add6ac051c84e89c4be1120f5461d08ace624abd419,1645617983,candidate_layering,2
0xd90e2f925da726b50c4ed8d0fb90ad053324f31b,0x910cbd523d972eb0a6f4cae4618ad62622b39dbf,internal_eth,10.0,,,0x7a94fcf623f81707b78a0b7a72b438f256077b8b9b1b08c27a9b2f03636e73a2,1645618293,candidate_layering,2
0xd90e2f925da726b50c4ed8d0fb90ad053324f31b,0x47ce0c6ed5b0ce3d3a51fdb1c52dc66a7c3c2936,internal_eth,1.0,,,0xcc0e6393e6612116516ece499cd01ba7f9f36ad2c0571023fc5232e3e38ef8a8,1645618332,candidate_layering,2
0xd90e2f925da726b50c4ed8d0fb90ad053324f31b,0x47ce0c6ed5b0ce3d3a51fdb1c52dc66a7c3c2936,internal_eth,1.0,,,0x6a45255f1e2aea041a72cbde4ba24eba4f0e891bfaf2c2e82c4258e3e92d7621,1645618380,candidate_layering,2
0xd90e2f925da726b50c4ed8d0fb90ad053324f31b,0x910cbd523d972eb0a6f4cae4618ad62622b39dbf,internal_eth,10.0,,,0xa5146ee8cc982bf56f8cc9890d1984bea5df2b1eaae9514cdfeb91641065ec8e,1645618477,candidate_layering,2
0xd90e2f925da726b50c4ed8d0fb90ad053324f31b,0x910cbd523d972eb0a6f4cae4618ad62622b39dbf,internal_eth,10.0,,,0x9f1b8e36f1fa7dd4982aba602eb0cadbad75722a25974d344958404debfe390c,1645618534,candidate_layering,2
0xd90e2f925da726b50c4ed8d0fb90ad053324f31b,0x47ce0c6ed5b0ce3d3a51fdb1c52dc66a7c3c2936,internal_eth,1.0,,,0xd1eeddc22388714871fda4a44759487aabfb89cbccd174db55768e0ce41f83d8,1645618567,candidate_layering,2
0xd90e2f925da726b50c4ed8d0fb90ad053324f31b,0x47ce0c6ed5b0ce3d3a51fdb1c52dc66a7c3c2936,internal_eth,1.0,,,0x5bc85756cc8546d767fbef80173dc2481c2b3a1c8a1972265f681231ec98c1e3,1645618567,candidate_layering,2
0xd90e2f925da726b50c4ed8d0fb90ad053324f31b,0x47ce0c6ed5b0ce3d3a51fdb1c52dc66a7c3c2936,internal_eth,1.0,,,0x9a2dcd9538c10dc12adb1b7a63b454e3a1b0812f4c42bb66b1105aaa15caefd5,1645618567,candidate_layering,2
0xd90e2f925da726b50c4ed8d0fb90ad053324f31b,0xa160cdab225685da1d56aa342ad8841c3b53f291,internal_eth,100.0,,,0x43df09a5f622b224ead35cd76ed61de0dda89474dd243cb0283bc264ff81986e,1645619412,candidate_layering,2
0xd90e2f925da726b50c4ed8d0fb90ad053324f31b,0xa160cdab225685da1d56aa342ad8841c3b53f291,internal_eth,100.0,,,0x2bd4e500bbebfab4375cc1833479a3f2ec5b45d0eea849389364ee5829a7d2a6,1645619427,candidate_layering,2
0xd90e2f925da726b50c4ed8d0fb90ad053324f31b,0xa160cdab225685da1d56aa342ad8841c3b53f291,internal_eth,100.0,,,0x5a29a21cbb67ce2ca66e6a535d785668a6b13a03cac04c6a43dd6556ae2deb4d,1645619437,candidate_layering,2
0xd90e2f925da726b50c4ed8d0fb90ad053324f31b,0xa160cdab225685da1d56aa342ad8841c3b53f291,internal_eth,100.0,,,0xab48e8f458da2db4731439f7ece1276dee549452d388019ee892da68a8711a24,1645619463,candidate_layering,2
0xd90e2f925da726b50c4ed8d0fb90ad053324f31b,0x47ce0c6ed5b0ce3d3a51fdb1c52dc66a7c3c2936,internal_eth,1.0,,,0xa8f3a87d28a47f041672c5e3bc6f1bd3e195d777543a7a0b966b48d67aff8bc1,1645619803,candidate_layering,2
0xd90e2f925da726b50c4ed8d0fb90ad053324f31b,0x47ce0c6ed5b0ce3d3a51fdb1c52dc66a7c3c2936,internal_eth,1.0,,,0x1c359c3c810c15a8003b09b285ddc9defc31d38a25116c08851c55ade90638c0,1645621677,candidate_layering,2
0xd90e2f925da726b50c4ed8d0fb90ad053324f31b,0x47ce0c6ed5b0ce3d3a51fdb1c52dc66a7c3c2936,internal_eth,1.0,,,0xce3ad602a5d016204ea6004f0311429f12397e3a79fd4fbc0922e83e295619b0,1645622279,candidate_layering,2
0xd90e2f925da726b50c4ed8d0fb90ad053324f31b,0x47ce0c6ed5b0ce3d3a51fdb1c52dc66a7c3c2936,internal_eth,1.0,,,0x8d27c397509ab6c5d0d9fa04eac38b6af4ca1f822144dc1db8f589c5081c1edf,1645622515,candidate_layering,2
0xd90e2f925da726b50c4ed8d0fb90ad053324f31b,0x12d66f87a04a9e220743712ce6d9bb1b5616b8fc,internal_eth,0.1,,,0xc812f3ab890ae27e9e49fa7f1dc6da32383198e371fff9286595512b9ad8fc18,1645622630,candidate_layering,2
0xd90e2f925da726b50c4ed8d0fb90ad053324f31b,0x12d66f87a04a9e220743712ce6d9bb1b5616b8fc,internal_eth,0.1,,,0xee89a29fbd144d66cc2ee085cf4a10d4df5a8c8e867576f707a7842cbd73a96b,1645622730,candidate_layering,2
0xd90e2f925da726b50c4ed8d0fb90ad053324f31b,0x910cbd523d972eb0a6f4cae4618ad62622b39dbf,internal_eth,10.0,,,0x8d63cb1afc50e2997d8827595eea825718dffba38cdd5dbb55f28b1f39ea26aa,1645623345,candidate_layering,2
0xd90e2f925da726b50c4ed8d0fb90ad053324f31b,0x47ce0c6ed5b0ce3d3a51fdb1c52dc66a7c3c2936,internal_eth,1.0,,,0xdc28b1b7f6b6fb72b567607b4a524232f76836a2bc21f354cc4f26e3935a7731,1645623411,candidate_layering,2
0xd90e2f925da726b50c4ed8d0fb90ad053324f31b,0x12d66f87a04a9e220743712ce6d9bb1b5616b8fc,internal_eth,0.1,,,0x5ceed720a7987d7c5066d173e8c3d722bcf400edb37286eb869359e8745b035e,1645623608,candidate_layering,2
0xd90e2f925da726b50c4ed8d0fb90ad053324f31b,0x47ce0c6ed5b0ce3d3a51fdb1c52dc66a7c3c2936,internal_eth,1.0,,,0x3a81d12d5e88199cc13aed01cadd1e1a7bfacec506cac6a7d34e7cfc3ca10b7d,1645623975,candidate_layering,2
0xd90e2f925da726b50c4ed8d0fb90ad053324f31b,0x910cbd523d972eb0a6f4cae4618ad62622b39dbf,internal_eth,10.0,,,0x0c749d146b4ce6fa4f797d73fbbc11b494dabff05f23d6f40b3f49ca00d8164d,1645623975,candidate_layering,2
0xd90e2f925da726b50c4ed8d0fb90ad053324f31b,0x910cbd523d972eb0a6f4cae4618ad62622b39dbf,internal_eth,10.0,,,0x8b96ba4f9ed7152702d9cd9c9cdde8e6fe091eea0d10797569eca33259e9201b,1645624430,candidate_layering,2
0xd90e2f925da726b50c4ed8d0fb90ad053324f31b,0xa160cdab225685da1d56aa342ad8841c3b53f291,internal_eth,100.0,,,0x0df50f789d2da0d6c6fa8c21af28ccc0db6542aaa76ca92c322e4780031c708d,1645624430,candidate_layering,2
0xd90e2f925da726b50c4ed8d0fb90ad053324f31b,0xa160cdab225685da1d56aa342ad8841c3b53f291,internal_eth,100.0,,,0x1f458d9a6bcc37f27c033d9994066f3048f180b03a63c060d4fdeb5e35ff4b98,1645624558,candidate_layering,2
0xd90e2f925da726b50c4ed8d0fb90ad053324f31b,0x910cbd523d972eb0a6f4cae4618ad62622b39dbf,internal_eth,10.0,,,0x1f91ccbc92abde2f0c577ef270734f8b229af6aee22ac6c6a6519158d703e0aa,1645624631,candidate_layering,2
0xd90e2f925da726b50c4ed8d0fb90ad053324f31b,0xa160cdab225685da1d56aa342ad8841c3b53f291,internal_eth,100.0,,,0xb5ffc9cd02ca36d11edc8ec06193473ffc23ddd30a3903ab1aa9323260bc99f5,1645624681,candidate_layering,2
0xd90e2f925da726b50c4ed8d0fb90ad053324f31b,0x910cbd523d972eb0a6f4cae4618ad62622b39dbf,internal_eth,10.0,,,0xd3b9846972bc61407d7eaf69d8fd8329ee2e997474e26d4ba369f741bc6d4003,1645624681,candidate_layering,2
0xd90e2f925da726b50c4ed8d0fb90ad053324f31b,0x47ce0c6ed5b0ce3d3a51fdb1c52dc66a7c3c2936,internal_eth,1.0,,,0x09a4447a3c8eb8d180bf074520e15bfa2f39c8d4bf7af7bc03163801d71be6fb,1645624728,candidate_layering,2
0xd90e2f925da726b50c4ed8d0fb90ad053324f31b,0x12d66f87a04a9e220743712ce6d9bb1b5616b8fc,internal_eth,0.1,,,0x1233f6c425715616c4f69fc2199a3446b7ddd18c659214f51b9c6e4a7ad16ecf,1645624844,candidate_layering,2
0xd90e2f925da726b50c4ed8d0fb90ad053324f31b,0x910cbd523d972eb0a6f4cae4618ad62622b39dbf,internal_eth,10.0,,,0xa6d77ea2ac79f388c89cfc3aada940ac2175c95dfe3750d7d9838406225c3d21,1645625093,candidate_layering,2
0xd90e2f925da726b50c4ed8d0fb90ad053324f31b,0xa160cdab225685da1d56aa342ad8841c3b53f291,internal_eth,100.0,,,0x1fca72b12943fe85c222773893e9e4708d8cad67a952d52d3d3df7cffbbf7277,1645625224,candidate_layering,2
0xd90e2f925da726b50c4ed8d0fb90ad053324f31b,0x910cbd523d972eb0a6f4cae4618ad62622b39dbf,internal_eth,10.0,,,0x322e39f32ed3534338181ccf012d5df683276f2ffb4c98945e3fca6f4d875f08,1645625347,candidate_layering,2
0xd90e2f925da726b50c4ed8d0fb90ad053324f31b,0x910cbd523d972eb0a6f4cae4618ad62622b39dbf,internal_eth,10.0,,,0x534c0bf797c6f89929ba5a12a13f8e33cbc36c7c006cc9eab049bba1adbcc426,1645625619,candidate_layering,2
0xd90e2f925da726b50c4ed8d0fb90ad053324f31b,0x910cbd523d972eb0a6f4cae4618ad62622b39dbf,internal_eth,10.0,,,0xd2ca2258a30182c4d2409648f5f6a3d59c4ead56c09bf65e42f3a67649316607,1645625865,candidate_layering,2
0xd90e2f925da726b50c4ed8d0fb90ad053324f31b,0x12d66f87a04a9e220743712ce6d9bb1b5616b8fc,internal_eth,0.1,,,0x37475b71a5503434c39647d94ef6fcf0429b4344fda0e5e82ffaec79b2b1297e,1645626108,candidate_layering,2
0xd90e2f925da726b50c4ed8d0fb90ad053324f31b,0x910cbd523d972eb0a6f4cae4618ad62622b39dbf,internal_eth,10.0,,,0xc86bbb4478ef63899aea67ca2fc86e6b18b0d701cd80d493cfd171e77b15f536,1645626420,candidate_layering,2
0xd90e2f925da726b50c4ed8d0fb90ad053324f31b,0x910cbd523d972eb0a6f4cae4618ad62622b39dbf,internal_eth,10.0,,,0x4d7a70abecb48a94750e41319db98ee1cc2596d7d088cc234b8e59391a326287,1645626679,candidate_layering,2
0xd90e2f925da726b50c4ed8d0fb90ad053324f31b,0x910cbd523d972eb0a6f4cae4618ad62622b39dbf,internal_eth,10.0,,,0x55aebacaa2206d1580054923adeed11e97d70e67f1bc35e82e1c7bc2faaea932,1645626907,candidate_layering,2
0xd90e2f925da726b50c4ed8d0fb90ad053324f31b,0x12d66f87a04a9e220743712ce6d9bb1b5616b8fc,internal_eth,0.1,,,0x7b81da2898e9457886161357e5e539dea55a15ed52505ae12d2f880c7551bd03,1645627195,candidate_layering,2
0xd90e2f925da726b50c4ed8d0fb90ad053324f31b,0x910cbd523d972eb0a6f4cae4618ad62622b39dbf,internal_eth,10.0,,,0x98ab5c39aaa2218c31cec670e607ab9cf2f2e48d18f1736e8806320fcf8df2a4,1645627492,candidate_layering,2
0xd90e2f925da726b50c4ed8d0fb90ad053324f31b,0x910cbd523d972eb0a6f4cae4618ad62622b39dbf,internal_eth,10.0,,,0xba9ffcbb7a8283f358dac191bf40c0523d829a6da523143fabd63639a5aa9498,1645627674,candidate_layering,2
0xd90e2f925da726b50c4ed8d0fb90ad053324f31b,0x910cbd523d972eb0a6f4cae4618ad62622b39dbf,internal_eth,10.0,,,0x5348849bc29ca0c29c92ae3c12d862d48815ed71fe22314873729cfb12d85aee,1645627878,candidate_layering,2
0xd90e2f925da726b50c4ed8d0fb90ad053324f31b,0x47ce0c6ed5b0ce3d3a51fdb1c52dc66a7c3c2936,internal_eth,1.0,,,0x7f14d8aa94b7f87b9d8a81967f593a74af48db2dc3adaaae60329a1afc6417e2,1645628438,candidate_layering,2
0xd90e2f925da726b50c4ed8d0fb90ad053324f31b,0x47ce0c6ed5b0ce3d3a51fdb1c52dc66a7c3c2936,internal_eth,1.0,,,0xbbf870d119bf07530aacc6df8ba6251dd6e23093b4a3aa8750300898c191379f,1645628882,candidate_layering,2
0xd90e2f925da726b50c4ed8d0fb90ad053324f31b,0x910cbd523d972eb0a6f4cae4618ad62622b39dbf,internal_eth,10.0,,,0xe8308a494d57cbddcd1b18fa18cceda8089b1f2bd2036bcacf99bbff5a685bfa,1645629634,candidate_layering,2
0xd90e2f925da726b50c4ed8d0fb90ad053324f31b,0x910cbd523d972eb0a6f4cae4618ad62622b39dbf,internal_eth,10.0,,,0xf0aebc688e287f1e864f019e3ba12239c96d841eaa2b7e472b8633d5e5986f16,1645629699,candidate_layering,2
0xd90e2f925da726b50c4ed8d0fb90ad053324f31b,0x910cbd523d972eb0a6f4cae4618ad62622b39dbf,internal_eth,10.0,,,0x5dafe990d76da8b6d14ce6e2d0c1ad5bdacbc8ba1eec411a9c6891bf9a439db8,1645629749,candidate_layering,2
0xd90e2f925da726b50c4ed8d0fb90ad053324f31b,0x910cbd523d972eb0a6f4cae4618ad62622b39dbf,internal_eth,10.0,,,0x7cdcab4b29236e090fb606bc7bca1d28ed145fd84dd6034b230da2ec099fb3fa,1645629776,candidate_layering,2
0xd90e2f925da726b50c4ed8d0fb90ad053324f31b,0x910cbd523d972eb0a6f4cae4618ad62622b39dbf,internal_eth,10.0,,,0xbbca819ccbb219ad2dde307cba6433ee1eccec21c7ac3d0d6dd6c96095f01931,1645630372,candidate_layering,2
0xd90e2f925da726b50c4ed8d0fb90ad053324f31b,0x910cbd523d972eb0a6f4cae4618ad62622b39dbf,internal_eth,10.0,,,0x2116ca4af9776c0b1398503379f454b18795e6a9909f9c8a2ce0f5d2a7c9f535,1645630728,candidate_layering,2
0xd90e2f925da726b50c4ed8d0fb90ad053324f31b,0x910cbd523d972eb0a6f4cae4618ad62622b39dbf,internal_eth,10.0,,,0x01e7374bba9c2de7693b1a6ed8ee4de0c99e5f4c23c627896fa85c48653e434f,1645630873,candidate_layering,2
0xd90e2f925da726b50c4ed8d0fb90ad053324f31b,0x47ce0c6ed5b0ce3d3a51fdb1c52dc66a7c3c2936,internal_eth,1.0,,,0xb894ad3b124ac8817815527ec88c218d9fc439de47b132352b391142ee4f71ec,1645631739,candidate_layering,2
0xd90e2f925da726b50c4ed8d0fb90ad053324f31b,0x910cbd523d972eb0a6f4cae4618ad62622b39dbf,internal_eth,10.0,,,0xaf94029acd2618474e988521cf738a22016fe5eba0b98bf61f99cd07ccd1682c,1645634504,candidate_layering,2
0xd90e2f925da726b50c4ed8d0fb90ad053324f31b,0xa160cdab225685da1d56aa342ad8841c3b53f291,internal_eth,100.0,,,0x46f479677d4cac344e55ccace499a112597ba6d6e79204ba122d6362d796ba76,1645638874,candidate_layering,2
0xd90e2f925da726b50c4ed8d0fb90ad053324f31b,0xa160cdab225685da1d56aa342ad8841c3b53f291,internal_eth,100.0,,,0x9fa82e9f003a3b148bd9c34fd8c8f86a4d7038a25289a9cc1a9483abd210af07,1645638973,candidate_layering,2
0xd90e2f925da726b50c4ed8d0fb90ad053324f31b,0x47ce0c6ed5b0ce3d3a51fdb1c52dc66a7c3c2936,internal_eth,1.0,,,0xb7a8c481dcd5409facb958fb3859e637312a61ba4b2a8d5b01b319b4544e8df8,1645640266,candidate_layering,2
0xd90e2f925da726b50c4ed8d0fb90ad053324f31b,0x47ce0c6ed5b0ce3d3a51fdb1c52dc66a7c3c2936,internal_eth,1.0,,,0xcffc1c97344196b7ddd7f58127c7a506266e356002dc2a62fde3483da117048e,1645641099,candidate_layering,2
0xd90e2f925da726b50c4ed8d0fb90ad053324f31b,0x47ce0c6ed5b0ce3d3a51fdb1c52dc66a7c3c2936,internal_eth,1.0,,,0xc6c5ca0093d3910ad71ec7a4f5051c4acc82786858a4bc5f1392a56d13e5223f,1645641161,candidate_layering,2
0xd90e2f925da726b50c4ed8d0fb90ad053324f31b,0x910cbd523d972eb0a6f4cae4618ad62622b39dbf,internal_eth,10.0,,,0xecc278064413a6a1ea2c3c58f29c9a309bf41e0af501c9b7febc5a41588e90da,1645642369,candidate_layering,2
0xd90e2f925da726b50c4ed8d0fb90ad053324f31b,0x12d66f87a04a9e220743712ce6d9bb1b5616b8fc,internal_eth,0.1,,,0x9164eedde0f38ecc4933f557ab5b2231c53aae1713fe92e4265512fc6629244b,1645643808,candidate_layering,2
0xd90e2f925da726b50c4ed8d0fb90ad053324f31b,0x47ce0c6ed5b0ce3d3a51fdb1c52dc66a7c3c2936,internal_eth,1.0,,,0x8900a05d3f04f91e365de30a7b716ee6329ab6b4f793f416309fd5acc4688b10,1645644700,candidate_layering,2
0xd90e2f925da726b50c4ed8d0fb90ad053324f31b,0x47ce0c6ed5b0ce3d3a51fdb1c52dc66a7c3c2936,internal_eth,1.0,,,0x166b4a675f15270f9d7321a1eabb1321512297ac1ee3748cca1342d0b13fd7f8,1645644811,candidate_layering,2
0xd90e2f925da726b50c4ed8d0fb90ad053324f31b,0x47ce0c6ed5b0ce3d3a51fdb1c52dc66a7c3c2936,internal_eth,1.0,,,0x90fc0efbae2133bad18820fb183bc4f46eca7cbb9b33380a362c17d3e903c50e,1645645011,candidate_layering,2
0xd90e2f925da726b50c4ed8d0fb90ad053324f31b,0x47ce0c6ed5b0ce3d3a51fdb1c52dc66a7c3c2936,internal_eth,1.0,,,0xf576032bf465f1c515f9a45f4d3f002c8683bd533e467efcf356a34c943c9ab0,1645645107,candidate_layering,2
0xd90e2f925da726b50c4ed8d0fb90ad053324f31b,0x910cbd523d972eb0a6f4cae4618ad62622b39dbf,internal_eth,10.0,,,0xc67709ec9746e863134bfd75b88216779c144570e23b3e81e5dda8394d858e62,1645645926,candidate_layering,2
0xd90e2f925da726b50c4ed8d0fb90ad053324f31b,0x47ce0c6ed5b0ce3d3a51fdb1c52dc66a7c3c2936,internal_eth,1.0,,,0x9beed5d10bd39b55ab22cdc148fae3d544c3ca5ff31d944d23c7713b3f304c7d,1645646636,candidate_layering,2
0xd90e2f925da726b50c4ed8d0fb90ad053324f31b,0x910cbd523d972eb0a6f4cae4618ad62622b39dbf,internal_eth,10.0,,,0xfa0c703e6fae977454a0483869e742cda0c8abad04418880b3625eebd31c40e6,1645646690,candidate_layering,2
0xd90e2f925da726b50c4ed8d0fb90ad053324f31b,0x910cbd523d972eb0a6f4cae4618ad62622b39dbf,internal_eth,10.0,,,0x54c6f6632ec167c7770fcec0712e481d8cdc744ae0126de840becd52d2a846a1,1645646868,candidate_layering,2
0xd90e2f925da726b50c4ed8d0fb90ad053324f31b,0x910cbd523d972eb0a6f4cae4618ad62622b39dbf,internal_eth,10.0,,,0x09699dcf73a6485075f4240c2cd644eb43c882ff0285726cdb660b0c084621ea,1645647730,candidate_layering,2
0xd90e2f925da726b50c4ed8d0fb90ad053324f31b,0x47ce0c6ed5b0ce3d3a51fdb1c52dc66a7c3c2936,internal_eth,1.0,,,0x8cfc0a91b1124b4843cb0a03c42b02ddba558aed3926000143ee58aedc45c57a,1645648551,candidate_layering,2
0xd90e2f925da726b50c4ed8d0fb90ad053324f31b,0x47ce0c6ed5b0ce3d3a51fdb1c52dc66a7c3c2936,internal_eth,1.0,,,0x627e7aea759d6bb871ff09c343d830d615a363b512bdf037ed913732392e6efd,1645648630,candidate_layering,2
0xd90e2f925da726b50c4ed8d0fb90ad053324f31b,0x47ce0c6ed5b0ce3d3a51fdb1c52dc66a7c3c2936,internal_eth,1.0,,,0x948d146323819296106f7745e56f645b6aac4a7ed5dcede35527e18950b07c86,1645648637,candidate_layering,2
0xd90e2f925da726b50c4ed8d0fb90ad053324f31b,0x47ce0c6ed5b0ce3d3a51fdb1c52dc66a7c3c2936,internal_eth,1.0,,,0xe3d1be0d29df16b6ebe38c6a7ede483669a0e4bdc1c454cc29f137aa669f2ca0,1645648637,candidate_layering,2
0xd90e2f925da726b50c4ed8d0fb90ad053324f31b,0x47ce0c6ed5b0ce3d3a51fdb1c52dc66a7c3c2936,internal_eth,1.0,,,0x3508d8b7324d684f7c341ff2fb670af52b2ca2e1c100dd6471f60e3bfaeffddf,1645648724,candidate_layering,2
0xd90e2f925da726b50c4ed8d0fb90ad053324f31b,0x47ce0c6ed5b0ce3d3a51fdb1c52dc66a7c3c2936,internal_eth,1.0,,,0x1af48f0bbbe3411db4a66edbc379ec96793c9ae3e11626ae0c76eb0f0a805707,1645648750,candidate_layering,2
0xd90e2f925da726b50c4ed8d0fb90ad053324f31b,0x12d66f87a04a9e220743712ce6d9bb1b5616b8fc,internal_eth,0.1,,,0xed8b9da4f87856189f9317753853556cd72a11e0d10a5bfd73951db3bf341025,1645648826,candidate_layering,2
0xd90e2f925da726b50c4ed8d0fb90ad053324f31b,0x12d66f87a04a9e220743712ce6d9bb1b5616b8fc,internal_eth,0.1,,,0x0dbf24d74fe3dd8b1dc6c82ccf71a791e9ba67551ae98fc8c470ae3c41325756,1645648859,candidate_layering,2
0xd90e2f925da726b50c4ed8d0fb90ad053324f31b,0x47ce0c6ed5b0ce3d3a51fdb1c52dc66a7c3c2936,internal_eth,1.0,,,0x555a4a513c9413f1fce45e42d5aa7191e55328f372600c3fe6970d40edfeeffa,1645648929,candidate_layering,2
0xd90e2f925da726b50c4ed8d0fb90ad053324f31b,0x12d66f87a04a9e220743712ce6d9bb1b5616b8fc,internal_eth,0.1,,,0x7159492571ec24f4cb062568f60bc6bf395c078c34fe26fddb5cb6b8280bf949,1645648940,candidate_layering,2
0xd90e2f925da726b50c4ed8d0fb90ad053324f31b,0x47ce0c6ed5b0ce3d3a51fdb1c52dc66a7c3c2936,internal_eth,1.0,,,0xa38bfd24d0eb18b398309d0ed67851cb9d163cba3d4707ac22372b8a84e1f331,1645649087,candidate_layering,2
0xd90e2f925da726b50c4ed8d0fb90ad053324f31b,0x47ce0c6ed5b0ce3d3a51fdb1c52dc66a7c3c2936,internal_eth,1.0,,,0x2d79f638d17c902549412d0d44d0d05bb53b9b8167b2986ab5e1e0179191e638,1645649107,candidate_layering,2
0xd90e2f925da726b50c4ed8d0fb90ad053324f31b,0x47ce0c6ed5b0ce3d3a51fdb1c52dc66a7c3c2936,internal_eth,1.0,,,0x34883850c81845ae0469faf3347ba547f547c592bfd055b3f6431cc769ba16e9,1645649119,candidate_layering,2
0xd90e2f925da726b50c4ed8d0fb90ad053324f31b,0x47ce0c6ed5b0ce3d3a51fdb1c52dc66a7c3c2936,internal_eth,1.0,,,0x64abc4eec94fa69d5c9cba8e36a28bb63ecaa3321a5391a78d3a51d3951a6ac2,1645649136,candidate_layering,2
0xd90e2f925da726b50c4ed8d0fb90ad053324f31b,0x47ce0c6ed5b0ce3d3a51fdb1c52dc66a7c3c2936,internal_eth,1.0,,,0x285225cfbca959490e54068d92b4ab961393a91af24032b3494b327776cbdbc1,1645649758,candidate_layering,2
0xd90e2f925da726b50c4ed8d0fb90ad053324f31b,0xa160cdab225685da1d56aa342ad8841c3b53f291,internal_eth,100.0,,,0xea91bc21e69e8d6ad0b6dbc2a149f32b357e066923a93e8ee77b73dc14070b1a,1645649913,candidate_layering,2
0xd90e2f925da726b50c4ed8d0fb90ad053324f31b,0xa160cdab225685da1d56aa342ad8841c3b53f291,internal_eth,100.0,,,0x734317b51e09aaaeb6a43d078ecd216e3ac6051a626e44a29487cab77fab550b,1645650010,candidate_layering,2
0xd90e2f925da726b50c4ed8d0fb90ad053324f31b,0xa160cdab225685da1d56aa342ad8841c3b53f291,internal_eth,100.0,,,0xaad1ef47af2b7384da69cbf9d06cf30fac89d5352836de4d78c0f41fe67aec15,1645650010,candidate_layering,2
0xd90e2f925da726b50c4ed8d0fb90ad053324f31b,0xa160cdab225685da1d56aa342ad8841c3b53f291,internal_eth,100.0,,,0xc67d4085a1a48e831752f6d05d0ae6fd7773b517fe020de3be6efaff488fa176,1645650109,candidate_layering,2
0xd90e2f925da726b50c4ed8d0fb90ad053324f31b,0xa160cdab225685da1d56aa342ad8841c3b53f291,internal_eth,100.0,,,0x0441df7df3377c3de86418025eb51ae6fba729e75275ae130d21713b16f36916,1645650294,candidate_layering,2
0xd90e2f925da726b50c4ed8d0fb90ad053324f31b,0xa160cdab225685da1d56aa342ad8841c3b53f291,internal_eth,100.0,,,0xec97a0272101cd9a7e2547d237e7d17dd9724a4a295d3f226222ebb1f945da8c,1645650294,candidate_layering,2
0xd90e2f925da726b50c4ed8d0fb90ad053324f31b,0xa160cdab225685da1d56aa342ad8841c3b53f291,internal_eth,100.0,,,0xc8a4ac372ce68ad4348219cf23343483ace378161601d0f961b45d98468fe27d,1645650294,candidate_layering,2
0xd90e2f925da726b50c4ed8d0fb90ad053324f31b,0xa160cdab225685da1d56aa342ad8841c3b53f291,internal_eth,100.0,,,0xad7c8e7b89f59e1bd6aeda6525d0e82666dcc048e257461ca2a3a714d38f4f62,1645650294,candidate_layering,2
0xd90e2f925da726b50c4ed8d0fb90ad053324f31b,0xa160cdab225685da1d56aa342ad8841c3b53f291,internal_eth,100.0,,,0xa03d3036425305184539e305f60ead986aa7fa28ff2bf2837500ad8cb1bf3b59,1645650294,candidate_layering,2
0xd90e2f925da726b50c4ed8d0fb90ad053324f31b,0x12d66f87a04a9e220743712ce6d9bb1b5616b8fc,internal_eth,0.1,,,0xa81edd23afda74c2de7d4ef4a9f703742944421746c534d44a30d1e39e65601f,1645651745,candidate_layering,2
0xd90e2f925da726b50c4ed8d0fb90ad053324f31b,0x12d66f87a04a9e220743712ce6d9bb1b5616b8fc,internal_eth,0.1,,,0xa993931a1b1a56992f1dd1734e323d0060a5c5d7da2cd0d53d358b3e8dad3722,1645651796,candidate_layering,2
0xd90e2f925da726b50c4ed8d0fb90ad053324f31b,0xa160cdab225685da1d56aa342ad8841c3b53f291,internal_eth,100.0,,,0x6d68873b02def50eb6e3299263abb0dac5e02e5f6096ca0988834e00d5430958,1645651854,candidate_layering,2
0xd90e2f925da726b50c4ed8d0fb90ad053324f31b,0xa160cdab225685da1d56aa342ad8841c3b53f291,internal_eth,100.0,,,0xfe94c4af2da19a42c22dd79e8d66a239c0f5693c1c8fdb7012d5a7e08f096218,1645651874,candidate_layering,2
0xd90e2f925da726b50c4ed8d0fb90ad053324f31b,0xa160cdab225685da1d56aa342ad8841c3b53f291,internal_eth,100.0,,,0x57797e4d93cd24458e42aeb9fb20e390f175e7bb93578a37b32dc11e23a7d170,1645651874,candidate_layering,2
0xd90e2f925da726b50c4ed8d0fb90ad053324f31b,0xa160cdab225685da1d56aa342ad8841c3b53f291,internal_eth,100.0,,,0xb1cbd33784ab1bfb479ac980233aa9fdc021aef1e7735a6f1f6077acd264a850,1645651874,candidate_layering,2
0xd90e2f925da726b50c4ed8d0fb90ad053324f31b,0xa160cdab225685da1d56aa342ad8841c3b53f291,internal_eth,100.0,,,0xade45fa743b7111032714d8b4290aa1d57630b338182eed3406f057a21e36f78,1645651874,candidate_layering,2
0xd90e2f925da726b50c4ed8d0fb90ad053324f31b,0xa160cdab225685da1d56aa342ad8841c3b53f291,internal_eth,100.0,,,0x85ed1b25845e1e546c2b622fa5d80f0eb005a9ca5e89d815035b511ea9007635,1645651874,candidate_layering,2
0xd90e2f925da726b50c4ed8d0fb90ad053324f31b,0xa160cdab225685da1d56aa342ad8841c3b53f291,internal_eth,100.0,,,0x7267855b7189fe24bc55f9a529b1759ba6c45fa2101a5662071e85f6e1785a92,1645651874,candidate_layering,2
0xd90e2f925da726b50c4ed8d0fb90ad053324f31b,0xa160cdab225685da1d56aa342ad8841c3b53f291,internal_eth,100.0,,,0x6c841780b99894fa9e732c9a26f68cec21dc1f04c81233162e6deb2d4c7ea1f7,1645651874,candidate_layering,2
0xd90e2f925da726b50c4ed8d0fb90ad053324f31b,0xa160cdab225685da1d56aa342ad8841c3b53f291,internal_eth,100.0,,,0xdb59097a3af139cbce47ffabb36861811b03bfb1e9f317797a420a468779fd95,1645651874,candidate_layering,2
0xd90e2f925da726b50c4ed8d0fb90ad053324f31b,0xa160cdab225685da1d56aa342ad8841c3b53f291,internal_eth,100.0,,,0x90cb17e146f1eae1dc72d8e032c92a903df6b9e2e4e815f46d049442013ed670,1645651876,candidate_layering,2
0xd90e2f925da726b50c4ed8d0fb90ad053324f31b,0xa160cdab225685da1d56aa342ad8841c3b53f291,internal_eth,100.0,,,0xeb9976d50048944b5139f67b79a885a59065bc5ca2fa8d9e82a0e1f52cb21dec,1645651876,candidate_layering,2
0xd90e2f925da726b50c4ed8d0fb90ad053324f31b,0xa160cdab225685da1d56aa342ad8841c3b53f291,internal_eth,100.0,,,0xc05014a953befdaebff2bb7954310c688adadaa4053e27943811d19a0d1a35b7,1645651876,candidate_layering,2
0xd90e2f925da726b50c4ed8d0fb90ad053324f31b,0xa160cdab225685da1d56aa342ad8841c3b53f291,internal_eth,100.0,,,0xb241a112ec8f42bbfd845473214dc9656cd88898538fae7ae18fe32bf1cea3ca,1645651876,candidate_layering,2
0xd90e2f925da726b50c4ed8d0fb90ad053324f31b,0xa160cdab225685da1d56aa342ad8841c3b53f291,internal_eth,100.0,,,0xd373f2438a96a353baf3d4f4abe37b09d808138fb9ad9e5387349dcb2e740ea2,1645651876,candidate_layering,2
0xd90e2f925da726b50c4ed8d0fb90ad053324f31b,0xa160cdab225685da1d56aa342ad8841c3b53f291,internal_eth,100.0,,,0x7474ca99ce44c8e6ae7dd7fa9a8a45fb0268c2fc68960c951dc47451cb1b4e1d,1645651886,candidate_layering,2
0xd90e2f925da726b50c4ed8d0fb90ad053324f31b,0xa160cdab225685da1d56aa342ad8841c3b53f291,internal_eth,100.0,,,0x5e49ddd7629c948b4f85518e87630167c888d2f9143e7530f26d9309b956982b,1645651886,candidate_layering,2
0xd90e2f925da726b50c4ed8d0fb90ad053324f31b,0xa160cdab225685da1d56aa342ad8841c3b53f291,internal_eth,100.0,,,0x4a4277143f87438864f1103b51bb6d6868dfa3cf241266f3c27da7b1b52fa944,1645651934,candidate_layering,2
0xd90e2f925da726b50c4ed8d0fb90ad053324f31b,0xa160cdab225685da1d56aa342ad8841c3b53f291,internal_eth,100.0,,,0x33f8ef4e4335f009f2df22f68ff7a7235e487c73a050bdc0c1e9f0a805a243de,1645651934,candidate_layering,2
0xd90e2f925da726b50c4ed8d0fb90ad053324f31b,0x910cbd523d972eb0a6f4cae4618ad62622b39dbf,internal_eth,10.0,,,0xbbf42fc167f5323729db4e7e5b150b454af09c51d5a92186706547e4101f9775,1645651934,candidate_layering,2
0xd90e2f925da726b50c4ed8d0fb90ad053324f31b,0x910cbd523d972eb0a6f4cae4618ad62622b39dbf,internal_eth,10.0,,,0x9c09d4ced6bb7226c810279f10c2aaa4872dd29038ccd45aade5357158d77924,1645651934,candidate_layering,2
0xd90e2f925da726b50c4ed8d0fb90ad053324f31b,0x910cbd523d972eb0a6f4cae4618ad62622b39dbf,internal_eth,10.0,,,0xb34bc4fc4f98fa39e97652b068dd5d11f2e74005b8d3b1b41cd455a64d13c0e0,1645651934,candidate_layering,2
0xd90e2f925da726b50c4ed8d0fb90ad053324f31b,0x910cbd523d972eb0a6f4cae4618ad62622b39dbf,internal_eth,10.0,,,0xa2071f92ab812b405d848bc3db75fb3dd56b1ac6abf2ce83b3cdd68d8db796fc,1645651934,candidate_layering,2
0xd90e2f925da726b50c4ed8d0fb90ad053324f31b,0x910cbd523d972eb0a6f4cae4618ad62622b39dbf,internal_eth,10.0,,,0x7e8c96d613805ea0ca9f018297b5251e849424ef2b99f577e0f385046545d658,1645651934,candidate_layering,2
0xd90e2f925da726b50c4ed8d0fb90ad053324f31b,0x910cbd523d972eb0a6f4cae4618ad62622b39dbf,internal_eth,10.0,,,0x025cca9672409fc8d3ed0d23cf77e1345814dc69c68565c42e575f65ecf9090f,1645651934,candidate_layering,2
0xd90e2f925da726b50c4ed8d0fb90ad053324f31b,0x910cbd523d972eb0a6f4cae4618ad62622b39dbf,internal_eth,10.0,,,0xefc3ab14cce4e4579960625aa635d74c7bc18a9e29047b5026a78aad46486469,1645651934,candidate_layering,2
0xd90e2f925da726b50c4ed8d0fb90ad053324f31b,0x910cbd523d972eb0a6f4cae4618ad62622b39dbf,internal_eth,10.0,,,0x1598ee2145b8ea5f8847e95c4548ac7f36b10648d8b5ca13fb5a8ae39ed31411,1645651934,candidate_layering,2
0xd90e2f925da726b50c4ed8d0fb90ad053324f31b,0x910cbd523d972eb0a6f4cae4618ad62622b39dbf,internal_eth,10.0,,,0x72db00efb9db28ad1bdf97ab8f8063330ff2e56630dc2d95405d49f47fb2faa8,1645651934,candidate_layering,2
0xd90e2f925da726b50c4ed8d0fb90ad053324f31b,0x47ce0c6ed5b0ce3d3a51fdb1c52dc66a7c3c2936,internal_eth,1.0,,,0xc2cce9ecded09b838efd75bfe85ad161a394f7ae51e342e115972f475596b35e,1645651934,candidate_layering,2
0xd90e2f925da726b50c4ed8d0fb90ad053324f31b,0x47ce0c6ed5b0ce3d3a51fdb1c52dc66a7c3c2936,internal_eth,1.0,,,0x6a2d27cba64a05cd2eb74844600d6ee2212136402e729f0bf0cc1902075e2362,1645651943,candidate_layering,2
0xd90e2f925da726b50c4ed8d0fb90ad053324f31b,0x47ce0c6ed5b0ce3d3a51fdb1c52dc66a7c3c2936,internal_eth,1.0,,,0x30c3dbcef2ae9070c76ae0ade962132e98e75e6729134299ca718499e5d44558,1645651943,candidate_layering,2
0xd90e2f925da726b50c4ed8d0fb90ad053324f31b,0x47ce0c6ed5b0ce3d3a51fdb1c52dc66a7c3c2936,internal_eth,1.0,,,0x5982712b9a34e173c701b4ce901298ed42ed6b8d187aa1f6d3c06f254265959b,1645651943,candidate_layering,2
0xd90e2f925da726b50c4ed8d0fb90ad053324f31b,0x47ce0c6ed5b0ce3d3a51fdb1c52dc66a7c3c2936,internal_eth,1.0,,,0xbfd835934a4c5991658207e25113cd789644f108c41ffa79bb4ae84520c145bd,1645652053,candidate_layering,2
0xd90e2f925da726b50c4ed8d0fb90ad053324f31b,0x47ce0c6ed5b0ce3d3a51fdb1c52dc66a7c3c2936,internal_eth,1.0,,,0x498bf33ed493132d485707052baf26c2baf32e8d3f85b55d1e337fd2d9104fad,1645652106,candidate_layering,2
0xd90e2f925da726b50c4ed8d0fb90ad053324f31b,0x47ce0c6ed5b0ce3d3a51fdb1c52dc66a7c3c2936,internal_eth,1.0,,,0xd907bb451cd0790dc829c8a778cb8a3fb324a77cf27b9ce27887119be1af6c97,1645652158,candidate_layering,2
0xd90e2f925da726b50c4ed8d0fb90ad053324f31b,0x47ce0c6ed5b0ce3d3a51fdb1c52dc66a7c3c2936,internal_eth,1.0,,,0xfe96009b25ba1ad51e6eb61026a1e9e12584dc49dfb4d24b2379e68cc49cbf2c,1645652180,candidate_layering,2
0xd90e2f925da726b50c4ed8d0fb90ad053324f31b,0x47ce0c6ed5b0ce3d3a51fdb1c52dc66a7c3c2936,internal_eth,1.0,,,0xd1b090005cd91cc78e123ef81e441ae31b7e1bab18663120809674d2f2199974,1645652212,candidate_layering,2
0xd90e2f925da726b50c4ed8d0fb90ad053324f31b,0x47ce0c6ed5b0ce3d3a51fdb1c52dc66a7c3c2936,internal_eth,1.0,,,0x4c3e9296b72c32596cfafed06c7782c7051d0a9d21f6d71b22a0da1c49a0e217,1645652367,candidate_layering,2
0xd90e2f925da726b50c4ed8d0fb90ad053324f31b,0x47ce0c6ed5b0ce3d3a51fdb1c52dc66a7c3c2936,internal_eth,1.0,,,0xc6605f9f51c073446096734475461ba995fa2bbf040dd2d6f367fda25792cfc1,1645652411,candidate_layering,2
0xd90e2f925da726b50c4ed8d0fb90ad053324f31b,0x47ce0c6ed5b0ce3d3a51fdb1c52dc66a7c3c2936,internal_eth,1.0,,,0xe4ad480f9c8507bccb87cb13dbf09ce1155cedc221393c72a3f3e309f46ff907,1645652461,candidate_layering,2
0xd90e2f925da726b50c4ed8d0fb90ad053324f31b,0x47ce0c6ed5b0ce3d3a51fdb1c52dc66a7c3c2936,internal_eth,1.0,,,0x2bb9be110ccb0db47b80e733b0691970379c3c190875bbfc2e04b81963d00f07,1645652502,candidate_layering,2
0xd90e2f925da726b50c4ed8d0fb90ad053324f31b,0x910cbd523d972eb0a6f4cae4618ad62622b39dbf,internal_eth,10.0,,,0xa1df2c3e83b983f71e946bb959662dd6a619127c3748199c55a7f14292005357,1645653371,candidate_layering,2
0xd90e2f925da726b50c4ed8d0fb90ad053324f31b,0x23773e65ed146a459791799d01336db287f25334,internal_eth,0.0107393,,,0xefa317e7b38edb76258cfc1f75b7803ecefb3ed31fdea57bced65e8a09359195,1645653785,candidate_layering,2
0xd90e2f925da726b50c4ed8d0fb90ad053324f31b,0x23773e65ed146a459791799d01336db287f25334,internal_eth,0.0162866,,,0xf2e21bd4a9a92535686dc7165cf0791651ef051339901eee250fbd27bfe6d4b0,1645655708,candidate_layering,2
0xd90e2f925da726b50c4ed8d0fb90ad053324f31b,0x47ce0c6ed5b0ce3d3a51fdb1c52dc66a7c3c2936,internal_eth,1.0,,,0x9921026d5a4db77f9a9ac46c795d45cd09591f2fec7964a1644b0f8d82f6acb8,1645656037,candidate_layering,2
0xd90e2f925da726b50c4ed8d0fb90ad053324f31b,0x910cbd523d972eb0a6f4cae4618ad62622b39dbf,internal_eth,10.0,,,0xb1023798c00ab2a4082e8d430a651f97c2927d9d313ee080fd69ff5bf593b8f3,1645656101,candidate_layering,2
0xd90e2f925da726b50c4ed8d0fb90ad053324f31b,0x47ce0c6ed5b0ce3d3a51fdb1c52dc66a7c3c2936,internal_eth,1.0,,,0x0cdbed3891243f830cdc48220c0394ea65186c163155b8232518f7b3c1c7a864,1645656214,candidate_layering,2
0xd90e2f925da726b50c4ed8d0fb90ad053324f31b,0x910cbd523d972eb0a6f4cae4618ad62622b39dbf,internal_eth,10.0,,,0xfb53b8aec92b2b17c1eeb046d760348dc55ec903770bd6b28a51b8d76908122b,1645656397,candidate_layering,2
0xd90e2f925da726b50c4ed8d0fb90ad053324f31b,0x910cbd523d972eb0a6f4cae4618ad62622b39dbf,internal_eth,10.0,,,0x4c2d90210ae57bd1aa0a86f14d0eccabde69bb7c2eec11de841bd80030b1cc57,1645656557,candidate_layering,2
0xd90e2f925da726b50c4ed8d0fb90ad053324f31b,0x910cbd523d972eb0a6f4cae4618ad62622b39dbf,internal_eth,10.0,,,0x01df8422a5e2555768a183d0d5983c5eec6d8bfab3245dc4a2a6db63da7e4f6a,1645656988,candidate_layering,2
0xd90e2f925da726b50c4ed8d0fb90ad053324f31b,0x47ce0c6ed5b0ce3d3a51fdb1c52dc66a7c3c2936,internal_eth,1.0,,,0xe6520b46981750d7a8612d91d914a5c4189118e8205f6bb28edd508c62e5f521,1645657099,candidate_layering,2
0xd90e2f925da726b50c4ed8d0fb90ad053324f31b,0x910cbd523d972eb0a6f4cae4618ad62622b39dbf,internal_eth,10.0,,,0x78318370b3fbfa2f4df99205854bf3741800838aa210633e6c5b418c2227e829,1645658020,candidate_layering,2
0xd90e2f925da726b50c4ed8d0fb90ad053324f31b,0x47ce0c6ed5b0ce3d3a51fdb1c52dc66a7c3c2936,internal_eth,1.0,,,0xa107ceefeb321bb7491bd4ab9f68a625f012d3a5c71b7d2aed361085eed943d6,1645658076,candidate_layering,2
0xd90e2f925da726b50c4ed8d0fb90ad053324f31b,0x47ce0c6ed5b0ce3d3a51fdb1c52dc66a7c3c2936,internal_eth,1.0,,,0x01c409dd9fe7667a16036f3cb7c774e641cc9f7cfdc06f7ddce0b42a5bbea7cf,1645658554,candidate_layering,2
0xd90e2f925da726b50c4ed8d0fb90ad053324f31b,0x47ce0c6ed5b0ce3d3a51fdb1c52dc66a7c3c2936,internal_eth,1.0,,,0x7a746c39d2d8c013fed493ed68967a2b16b5881e6d130128862a1c9ea453c5ad,1645659083,candidate_layering,2
0xd90e2f925da726b50c4ed8d0fb90ad053324f31b,0x910cbd523d972eb0a6f4cae4618ad62622b39dbf,internal_eth,10.0,,,0xbb6c2764d1bfeb75c4fd5d3e653ec935e96f7a4101e0b2f011ca00123c88f2fc,1645659355,candidate_layering,2
0xd90e2f925da726b50c4ed8d0fb90ad053324f31b,0xa160cdab225685da1d56aa342ad8841c3b53f291,internal_eth,100.0,,,0xeaeac003a4fd90b79e6c259a6f832a0abe80d2e2e20b7b3d5ed97577e6c71c23,1645659707,candidate_layering,2
0xd90e2f925da726b50c4ed8d0fb90ad053324f31b,0x47ce0c6ed5b0ce3d3a51fdb1c52dc66a7c3c2936,internal_eth,1.0,,,0xaa34d4188e2d67c2e9811879afa2dc85cbdcb5a45a05d68e31ee1a50ace573a6,1645660024,candidate_layering,2
0xd90e2f925da726b50c4ed8d0fb90ad053324f31b,0x12d66f87a04a9e220743712ce6d9bb1b5616b8fc,internal_eth,0.1,,,0x93a426901256485d5d4c964e3af2a96e810bf37fa983f7397c9cdbeb79f3e0aa,1645660024,candidate_layering,2
0xd90e2f925da726b50c4ed8d0fb90ad053324f31b,0x910cbd523d972eb0a6f4cae4618ad62622b39dbf,internal_eth,10.0,,,0xda3c6f487b4ef1bf7e5f844e10b2511757c71d6f45f9ac713a720b8f0818f4b7,1645660338,candidate_layering,2
0xd90e2f925da726b50c4ed8d0fb90ad053324f31b,0x910cbd523d972eb0a6f4cae4618ad62622b39dbf,internal_eth,10.0,,,0x1b9587050a743738b46aee2c6137ea3e94e4373c84fc1bb21185033dbddc583d,1645660510,candidate_layering,2
0xd90e2f925da726b50c4ed8d0fb90ad053324f31b,0x47ce0c6ed5b0ce3d3a51fdb1c52dc66a7c3c2936,internal_eth,1.0,,,0xe818a57fbacdbc81648ce84a39eda37e46ac32ec0b13b1deb2ceab80a20642ab,1645660957,candidate_layering,2
0xd90e2f925da726b50c4ed8d0fb90ad053324f31b,0x47ce0c6ed5b0ce3d3a51fdb1c52dc66a7c3c2936,internal_eth,1.0,,,0x0308dcd43e1021e9ed64545d8de8123cbffc1abfece34d2e99380d97c4cbadeb,1645661000,candidate_layering,2
0xd90e2f925da726b50c4ed8d0fb90ad053324f31b,0x47ce0c6ed5b0ce3d3a51fdb1c52dc66a7c3c2936,internal_eth,1.0,,,0x135080f888db8c68c523417c60b4764c8a2b2730fe1f0827cdb2dfa2263cf5da,1645661010,candidate_layering,2
0xd90e2f925da726b50c4ed8d0fb90ad053324f31b,0x910cbd523d972eb0a6f4cae4618ad62622b39dbf,internal_eth,10.0,,,0x43cd85b07b6401e611f9d8507b6bc30ed2c0c754e89fc8b554f9be48ba541f41,1645661185,candidate_layering,2
0xd90e2f925da726b50c4ed8d0fb90ad053324f31b,0x12d66f87a04a9e220743712ce6d9bb1b5616b8fc,internal_eth,0.1,,,0xd3fac49616807ef7a2cef8a73a4b4c4c881265f4051bbe9ab06708a8584ec63d,1645661287,candidate_layering,2
0xd90e2f925da726b50c4ed8d0fb90ad053324f31b,0x12d66f87a04a9e220743712ce6d9bb1b5616b8fc,internal_eth,0.1,,,0xae813c55fcfcb072d923cc06c1eef24ca2a696e639dcd0fa203b82d6b2007af3,1645661287,candidate_layering,2
0xd90e2f925da726b50c4ed8d0fb90ad053324f31b,0x12d66f87a04a9e220743712ce6d9bb1b5616b8fc,internal_eth,0.1,,,0xa86e46ebccb9d336b4920b953e22d5d7275671d150e088589bab82e023739c95,1645661287,candidate_layering,2
0xd90e2f925da726b50c4ed8d0fb90ad053324f31b,0x910cbd523d972eb0a6f4cae4618ad62622b39dbf,internal_eth,10.0,,,0x7de44d1023502ae0ef2c23b40f555802d172d835b83306b909299b381d56df04,1645661927,candidate_layering,2
0xd90e2f925da726b50c4ed8d0fb90ad053324f31b,0x47ce0c6ed5b0ce3d3a51fdb1c52dc66a7c3c2936,internal_eth,1.0,,,0xcf7243751d93298970d46a22cf6f5bf346fd12306aaa8b82c655f282a38d0e75,1645662371,candidate_layering,2
0xd90e2f925da726b50c4ed8d0fb90ad053324f31b,0x12d66f87a04a9e220743712ce6d9bb1b5616b8fc,internal_eth,0.1,,,0xb757351095813d2ab92fe15080aeb6171b38575c82b1ae66a3a2edd4468bc5e3,1645662586,candidate_layering,2
0xd90e2f925da726b50c4ed8d0fb90ad053324f31b,0x47ce0c6ed5b0ce3d3a51fdb1c52dc66a7c3c2936,internal_eth,1.0,,,0xbec388f83ea17c423d96b76ba9adb6817eb6171547f48fdb827565d21942f61f,1645662679,candidate_layering,2
0xd90e2f925da726b50c4ed8d0fb90ad053324f31b,0x47ce0c6ed5b0ce3d3a51fdb1c52dc66a7c3c2936,internal_eth,1.0,,,0xe26155546bd37868c3e1a6add791099f212567282691c3017a18b813eded7e4c,1645663064,candidate_layering,2
0xd90e2f925da726b50c4ed8d0fb90ad053324f31b,0x12d66f87a04a9e220743712ce6d9bb1b5616b8fc,internal_eth,0.1,,,0x3abc7792f64987fd390324346b90e00c7cdd87f07031749bef5b330fc96bef2d,1645663367,candidate_layering,2
0xd90e2f925da726b50c4ed8d0fb90ad053324f31b,0x910cbd523d972eb0a6f4cae4618ad62622b39dbf,internal_eth,10.0,,,0x4e28bf90e52de0d4072fdf0313a973e8f32bc823dad2c50dc9bd195d52267a5a,1645663368,candidate_layering,2
0xd90e2f925da726b50c4ed8d0fb90ad053324f31b,0x910cbd523d972eb0a6f4cae4618ad62622b39dbf,internal_eth,10.0,,,0x490ffcdf08b206e10453aa2fef4b52e076f7e1c1da47bd6e0eb1f4cfd8b0dbdc,1645664036,candidate_layering,2
0xd90e2f925da726b50c4ed8d0fb90ad053324f31b,0x910cbd523d972eb0a6f4cae4618ad62622b39dbf,internal_eth,10.0,,,0x68860236d8cfb8e4adc8d20265db85dc78ad452d3e37a1c171268ae5a82a9c08,1645665550,candidate_layering,2
0xd90e2f925da726b50c4ed8d0fb90ad053324f31b,0x910cbd523d972eb0a6f4cae4618ad62622b39dbf,internal_eth,10.0,,,0x840f421d0646b21ad52e7c9fdb639101ea97289d80af5729c62eba5c9ec65b53,1645666291,candidate_layering,2
0xd90e2f925da726b50c4ed8d0fb90ad053324f31b,0x910cbd523d972eb0a6f4cae4618ad62622b39dbf,internal_eth,10.0,,,0x583da386ae632d3d2dbd56e5e967186f3b6d4d27dcf9b0d82452f6e55823fa10,1645666740,candidate_layering,2
0xd90e2f925da726b50c4ed8d0fb90ad053324f31b,0x12d66f87a04a9e220743712ce6d9bb1b5616b8fc,internal_eth,0.1,,,0xcdadec4e439d8a67b2d023f8d0386cc0be6083e9840b55fbc71616cae6825224,1645667862,candidate_layering,2
0xd90e2f925da726b50c4ed8d0fb90ad053324f31b,0x47ce0c6ed5b0ce3d3a51fdb1c52dc66a7c3c2936,internal_eth,1.0,,,0x2ff33de58afb5b64f601790d6483725ac25288341f1fb0e21fe8491e26b080f7,1645667939,candidate_layering,2
0xd90e2f925da726b50c4ed8d0fb90ad053324f31b,0x12d66f87a04a9e220743712ce6d9bb1b5616b8fc,internal_eth,0.1,,,0xc44bf497911f6d84f15c13b78113e4a72fb17c4c9d86ccab8ffa1c07682a85bd,1645669582,candidate_layering,2
0xd90e2f925da726b50c4ed8d0fb90ad053324f31b,0x12d66f87a04a9e220743712ce6d9bb1b5616b8fc,internal_eth,0.1,,,0x44f6ccbd9d8737877dbc5e7a7543077b710e4265dc6056e4da97a291381e6010,1645669783,candidate_layering,2
0xd90e2f925da726b50c4ed8d0fb90ad053324f31b,0x47ce0c6ed5b0ce3d3a51fdb1c52dc66a7c3c2936,internal_eth,1.0,,,0x1b4769d61c6f146c9e6efd523853e1dcfe0f79eda10febdb44dcdd50fe4fa3f3,1645670241,candidate_layering,2
0xd90e2f925da726b50c4ed8d0fb90ad053324f31b,0x47ce0c6ed5b0ce3d3a51fdb1c52dc66a7c3c2936,internal_eth,1.0,,,0x844eb7249f13725f27d2e2d5fc359ed3d6da984734e4fbb69e9793b2d662c648,1645670279,candidate_layering,2
0xd90e2f925da726b50c4ed8d0fb90ad053324f31b,0x47ce0c6ed5b0ce3d3a51fdb1c52dc66a7c3c2936,internal_eth,1.0,,,0xe641ba891bbd3a9ae011c6fae1480618651c9422968cadf1d09e85b852c19873,1645670345,candidate_layering,2
0xd90e2f925da726b50c4ed8d0fb90ad053324f31b,0x47ce0c6ed5b0ce3d3a51fdb1c52dc66a7c3c2936,internal_eth,1.0,,,0xc26f41a49efa9e8925d5b514da7bfc54e16e8a4d52f603832120aac502325a10,1645670400,candidate_layering,2
0xd90e2f925da726b50c4ed8d0fb90ad053324f31b,0x47ce0c6ed5b0ce3d3a51fdb1c52dc66a7c3c2936,internal_eth,1.0,,,0x51932db4b9bdf8a91fb048efcef580bb40671c0030dab7f799313b7dab9daaf0,1645670434,candidate_layering,2
0xd90e2f925da726b50c4ed8d0fb90ad053324f31b,0x12d66f87a04a9e220743712ce6d9bb1b5616b8fc,internal_eth,0.1,,,0xffd85be9b7136a160b9d575c4df0560efcf74698c0c796b8fcffadc9ca864d5d,1645670475,candidate_layering,2
0xd90e2f925da726b50c4ed8d0fb90ad053324f31b,0x910cbd523d972eb0a6f4cae4618ad62622b39dbf,internal_eth,10.0,,,0x57a2b0927ba88a2099fffc63824ab34732c23a5db5623465c802f7c42e274e31,1645670742,candidate_layering,2
0xd90e2f925da726b50c4ed8d0fb90ad053324f31b,0x47ce0c6ed5b0ce3d3a51fdb1c52dc66a7c3c2936,internal_eth,1.0,,,0xc0e393f369355b3d57a9f85ed440b54dacddb72ab2805d6c9e264c0064eb697d,1645670810,candidate_layering,2
0xd90e2f925da726b50c4ed8d0fb90ad053324f31b,0x47ce0c6ed5b0ce3d3a51fdb1c52dc66a7c3c2936,internal_eth,1.0,,,0xe00ea66a86edbff125d0cc01f9a98fe50b6ce869c78105e93eca2b55505abbca,1645670947,candidate_layering,2
0xd90e2f925da726b50c4ed8d0fb90ad053324f31b,0x47ce0c6ed5b0ce3d3a51fdb1c52dc66a7c3c2936,internal_eth,1.0,,,0x57d89128f1eddabd73beea584b7f3a181204c9171299c99843e5f29ad1d18b0f,1645670986,candidate_layering,2
0xd90e2f925da726b50c4ed8d0fb90ad053324f31b,0x910cbd523d972eb0a6f4cae4618ad62622b39dbf,internal_eth,10.0,,,0xc2f8b076917bf13f6dc2bc7d363c3e11eca147cfbf1be68f864e24550f533d9e,1645671297,candidate_layering,2
0xd90e2f925da726b50c4ed8d0fb90ad053324f31b,0x47ce0c6ed5b0ce3d3a51fdb1c52dc66a7c3c2936,internal_eth,1.0,,,0xdf537a19cc60d75d813bc419cc9651c4b216d82990e2632d770a72b5436acb3e,1645672568,candidate_layering,2
0xd90e2f925da726b50c4ed8d0fb90ad053324f31b,0x47ce0c6ed5b0ce3d3a51fdb1c52dc66a7c3c2936,internal_eth,1.0,,,0x0b4dfb5b39167cc0fa35e11d608808152d6d9f76a7ba6dae81dc4884cd2c1fe7,1645672687,candidate_layering,2
0xd90e2f925da726b50c4ed8d0fb90ad053324f31b,0x12d66f87a04a9e220743712ce6d9bb1b5616b8fc,internal_eth,0.1,,,0xcfb9605aed83ecf373056162528cab5aaef710994bc4fc3386595c593bc647e1,1645673933,candidate_layering,2
0xd90e2f925da726b50c4ed8d0fb90ad053324f31b,0xa160cdab225685da1d56aa342ad8841c3b53f291,internal_eth,100.0,,,0x15f6a04d44de3560891caec0d5d709b5cdb7794010bbb73ef9795838512b9e76,1645676447,candidate_layering,2
0xd90e2f925da726b50c4ed8d0fb90ad053324f31b,0x910cbd523d972eb0a6f4cae4618ad62622b39dbf,internal_eth,10.0,,,0xff921e568b3c786a859925df0813a0b6d1c11e324ab47d252b1cb897cb015db4,1645676582,candidate_layering,2
0xd90e2f925da726b50c4ed8d0fb90ad053324f31b,0x910cbd523d972eb0a6f4cae4618ad62622b39dbf,internal_eth,10.0,,,0x2828aeadbe98af51ea063b7afdc6e97c14275072b0c911665bb37fe1dde753ed,1645677387,candidate_layering,2
0xd90e2f925da726b50c4ed8d0fb90ad053324f31b,0x12d66f87a04a9e220743712ce6d9bb1b5616b8fc,internal_eth,0.1,,,0x821110289d7f608ac9f1e3d6683e1280bf4597241707c0ccbcfb1282beb685b6,1645677823,candidate_layering,2
0xd90e2f925da726b50c4ed8d0fb90ad053324f31b,0x910cbd523d972eb0a6f4cae4618ad62622b39dbf,internal_eth,10.0,,,0x74fc0f808b91794ede1634966924d6f9fe20529d33b5e464be7b1b3565f1683f,1645678876,candidate_layering,2
0xd90e2f925da726b50c4ed8d0fb90ad053324f31b,0xa160cdab225685da1d56aa342ad8841c3b53f291,internal_eth,100.0,,,0xbe459d509f9e585ca7186c2cbf05aa76003fb63817ccc512b60c49327c305b20,1645678924,candidate_layering,2
0xd90e2f925da726b50c4ed8d0fb90ad053324f31b,0x910cbd523d972eb0a6f4cae4618ad62622b39dbf,internal_eth,10.0,,,0x58049fe50ba3fd199539efda068007f1100507c893b76f71362872a69606143e,1645679034,candidate_layering,2
0xd90e2f925da726b50c4ed8d0fb90ad053324f31b,0x910cbd523d972eb0a6f4cae4618ad62622b39dbf,internal_eth,10.0,,,0x46ca4e8b35ac524fda030634be261457210276f800e38183bb8ec7a3edcc8ecc,1645679072,candidate_layering,2
0xd90e2f925da726b50c4ed8d0fb90ad053324f31b,0x910cbd523d972eb0a6f4cae4618ad62622b39dbf,internal_eth,10.0,,,0x05d80973e6f87c828b8e5ed06ef3ffc1587726acab2518cbedb2efbe1984a4e4,1645680177,candidate_layering,2
0xd90e2f925da726b50c4ed8d0fb90ad053324f31b,0x12d66f87a04a9e220743712ce6d9bb1b5616b8fc,internal_eth,0.1,,,0x5539013bb862f3c61e17830e3569d859cd4ca73e694a666cc12cca3ac2abfb2c,1645680795,candidate_layering,2
0xd90e2f925da726b50c4ed8d0fb90ad053324f31b,0x910cbd523d972eb0a6f4cae4618ad62622b39dbf,internal_eth,10.0,,,0x2a3ca1e74a8789ca82eee20e888903664a19e8c2a87597e5d197f14cb41c743d,1645684442,candidate_layering,2
0xd90e2f925da726b50c4ed8d0fb90ad053324f31b,0x07687e702b410fa43f4cb4af7fa097918ffd2730,internal_eth,0.0114774,,,0xf886188d6868c7560103667c887bd540027bba9e29439ec865b122abf0246e15,1645685184,candidate_layering,2
0xd90e2f925da726b50c4ed8d0fb90ad053324f31b,0x910cbd523d972eb0a6f4cae4618ad62622b39dbf,internal_eth,10.0,,,0xe48086ada2a3f5ae9a0abe40e42bca9e994c0aeb67da034243deee008d7e4eba,1645685198,candidate_layering,2
0xd90e2f925da726b50c4ed8d0fb90ad053324f31b,0x12d66f87a04a9e220743712ce6d9bb1b5616b8fc,internal_eth,0.1,,,0xf2477e0870c61b447e75cd0a5100abe45208a31194ea756f3da62d9a66685b18,1645685786,candidate_layering,2
0xd90e2f925da726b50c4ed8d0fb90ad053324f31b,0x910cbd523d972eb0a6f4cae4618ad62622b39dbf,internal_eth,10.0,,,0x667602ecc49149101becef0e75ea99e4a37d5071f7f5c5707dd03418ceac9050,1645686430,candidate_layering,2
0xd90e2f925da726b50c4ed8d0fb90ad053324f31b,0x12d66f87a04a9e220743712ce6d9bb1b5616b8fc,internal_eth,0.1,,,0x29ff04af8b168bdcb257b98ebf53adc32e9a79da49ae3e3b9c1807ec37bfb5f8,1645688024,candidate_layering,2
0xd90e2f925da726b50c4ed8d0fb90ad053324f31b,0x910cbd523d972eb0a6f4cae4618ad62622b39dbf,internal_eth,10.0,,,0x46ac88a87eedfcca09889d6935d92637df260d9c8d9cc9e727aa5053bbb33b7f,1645689517,candidate_layering,2
0xd90e2f925da726b50c4ed8d0fb90ad053324f31b,0x47ce0c6ed5b0ce3d3a51fdb1c52dc66a7c3c2936,internal_eth,1.0,,,0x662a4c8601488463205cd8bc03a9c358268641463fb642bfcc796eacf5091faa,1645689609,candidate_layering,2
0xd90e2f925da726b50c4ed8d0fb90ad053324f31b,0x910cbd523d972eb0a6f4cae4618ad62622b39dbf,internal_eth,10.0,,,0xab3b045f334aa282cd1ecf8706168153e6397b363d9e86bd055b0729a41e40f8,1645690472,candidate_layering,2
0xd90e2f925da726b50c4ed8d0fb90ad053324f31b,0x910cbd523d972eb0a6f4cae4618ad62622b39dbf,internal_eth,10.0,,,0xf0c2fdff4dcb1a9c7d8769f9aab797d27d2b9edae39d9e7a2bf0e63ef2d46898,1645690583,candidate_layering,2
0xd90e2f925da726b50c4ed8d0fb90ad053324f31b,0x910cbd523d972eb0a6f4cae4618ad62622b39dbf,internal_eth,10.0,,,0x9514698ea31286962030d97d728587232771012269cb8d4c051e957f873f2ade,1645690589,candidate_layering,2
0xd90e2f925da726b50c4ed8d0fb90ad053324f31b,0x910cbd523d972eb0a6f4cae4618ad62622b39dbf,internal_eth,10.0,,,0xd5c12103795c598b1696d7d9dfef9c1cc434c0ff0f9bc7e02829a8623f657442,1645690589,candidate_layering,2
0xd90e2f925da726b50c4ed8d0fb90ad053324f31b,0x910cbd523d972eb0a6f4cae4618ad62622b39dbf,internal_eth,10.0,,,0x47bc1beee9148c4a4b2e06c36809c255d2577158b53d403846e64efa79de543c,1645690688,candidate_layering,2
0xd90e2f925da726b50c4ed8d0fb90ad053324f31b,0x910cbd523d972eb0a6f4cae4618ad62622b39dbf,internal_eth,10.0,,,0xfc6098efbde8cd2091a8f9fce82cd33e9a38fcde59f157680b3cdc2f6bf13564,1645690812,candidate_layering,2
0xd90e2f925da726b50c4ed8d0fb90ad053324f31b,0x910cbd523d972eb0a6f4cae4618ad62622b39dbf,internal_eth,10.0,,,0xd6bfb21901f5e52e57aaa7e0ae0071600eeb0638e6f9f80135f7a5d346e288c7,1645690901,candidate_layering,2
0xd90e2f925da726b50c4ed8d0fb90ad053324f31b,0x910cbd523d972eb0a6f4cae4618ad62622b39dbf,internal_eth,10.0,,,0x0466c48ec0bb77da8dcf7e98758d313588720fbc88d3b6217c9e5b221c834281,1645690987,candidate_layering,2
0xd90e2f925da726b50c4ed8d0fb90ad053324f31b,0x910cbd523d972eb0a6f4cae4618ad62622b39dbf,internal_eth,10.0,,,0xb907683a7bdc16621794e5153716a5337ac99f8bd77aabb6a1236256f8c3b1a3,1645691170,candidate_layering,2
0xd90e2f925da726b50c4ed8d0fb90ad053324f31b,0x910cbd523d972eb0a6f4cae4618ad62622b39dbf,internal_eth,10.0,,,0xc5b80590f0bdb3a87130967851d3a426e631ee141fc5cad15d6776fad6f70c88,1645691273,candidate_layering,2
0xd90e2f925da726b50c4ed8d0fb90ad053324f31b,0x910cbd523d972eb0a6f4cae4618ad62622b39dbf,internal_eth,10.0,,,0xb4e852ae865b677b92c50646fe37c561a8288fcecacb1e1298ba46a8caeb8cd5,1645691340,candidate_layering,2
0xd90e2f925da726b50c4ed8d0fb90ad053324f31b,0x910cbd523d972eb0a6f4cae4618ad62622b39dbf,internal_eth,10.0,,,0xe4f8199c98c6af811253b1fbf0fd4d98d7d0872de52e252e6525c106073e604f,1645691379,candidate_layering,2
0xd90e2f925da726b50c4ed8d0fb90ad053324f31b,0x910cbd523d972eb0a6f4cae4618ad62622b39dbf,internal_eth,10.0,,,0x1061bd96c9e8a0931a05605bb8e9c876fb7a6f7679130c33589ad6e15b4451e8,1645691520,candidate_layering,2
0xd90e2f925da726b50c4ed8d0fb90ad053324f31b,0x47ce0c6ed5b0ce3d3a51fdb1c52dc66a7c3c2936,internal_eth,1.0,,,0x10f4b533c9f6b64a4b30e0bf052c9a704dc379927d31b5228f4058e8ea06329f,1645691667,candidate_layering,2
0xd90e2f925da726b50c4ed8d0fb90ad053324f31b,0xa160cdab225685da1d56aa342ad8841c3b53f291,internal_eth,100.0,,,0x2cc6188be0299de4fb66fd388ed9d6a3b6d656151196b0263d8bdb1574183cca,1645691946,candidate_layering,2
0xd90e2f925da726b50c4ed8d0fb90ad053324f31b,0x910cbd523d972eb0a6f4cae4618ad62622b39dbf,internal_eth,10.0,,,0x988e8f75928f1d99ca98321c96fd178cfcb970df59a558a2d8b7d287061fca68,1645692212,candidate_layering,2
0xd90e2f925da726b50c4ed8d0fb90ad053324f31b,0x47ce0c6ed5b0ce3d3a51fdb1c52dc66a7c3c2936,internal_eth,1.0,,,0x3522a594ed9dd845c6c9dd8557c07b2bd55263733972cdd2a34beb2b2b11fa6d,1645693606,candidate_layering,2
0xd90e2f925da726b50c4ed8d0fb90ad053324f31b,0x47ce0c6ed5b0ce3d3a51fdb1c52dc66a7c3c2936,internal_eth,1.0,,,0x7bfe3708dd4fab418d795f56a649fe24d56e15863052149c1da0f9f7cf2fa2b4,1645694159,candidate_layering,2
0xd90e2f925da726b50c4ed8d0fb90ad053324f31b,0x47ce0c6ed5b0ce3d3a51fdb1c52dc66a7c3c2936,internal_eth,1.0,,,0xeef2cea6cbac134846f1ad4e3b98c3fdbafaf7b920c4be1d019222d779e5f911,1645694217,candidate_layering,2
0xd90e2f925da726b50c4ed8d0fb90ad053324f31b,0x47ce0c6ed5b0ce3d3a51fdb1c52dc66a7c3c2936,internal_eth,1.0,,,0xbb503caa7fae52bd45ee200939329b581b18d1b77d4baaef667f99ae17f7ff45,1645694259,candidate_layering,2
0xd90e2f925da726b50c4ed8d0fb90ad053324f31b,0x12d66f87a04a9e220743712ce6d9bb1b5616b8fc,internal_eth,0.1,,,0x9b4d55979ed2b502ca77352711331a8447652df364881b54eeb04dba28966505,1645694418,candidate_layering,2
0xd90e2f925da726b50c4ed8d0fb90ad053324f31b,0x12d66f87a04a9e220743712ce6d9bb1b5616b8fc,internal_eth,0.1,,,0x4d1b51ff6196ea902d6cd7474a86485252e9d58dc7433747a50a355e3998ed62,1645694730,candidate_layering,2
0xd90e2f925da726b50c4ed8d0fb90ad053324f31b,0x910cbd523d972eb0a6f4cae4618ad62622b39dbf,internal_eth,10.0,,,0xfba869da0d0c9acd86697793e8d41e1e6ab703521380ea9d7cb6602da447bb59,1645694819,candidate_layering,2
0xd90e2f925da726b50c4ed8d0fb90ad053324f31b,0x47ce0c6ed5b0ce3d3a51fdb1c52dc66a7c3c2936,internal_eth,1.0,,,0x16d429b4ef86dc9654e558468dfeafacbc55fe870cf0e39065f4e90a1f33f07c,1645696483,candidate_layering,2
0xd90e2f925da726b50c4ed8d0fb90ad053324f31b,0x47ce0c6ed5b0ce3d3a51fdb1c52dc66a7c3c2936,internal_eth,1.0,,,0x592e784f3ac2d4986f7bc3c0eb01f372efa1e08d2c970ef685b99e67f976e54e,1645696483,candidate_layering,2
0xd90e2f925da726b50c4ed8d0fb90ad053324f31b,0x47ce0c6ed5b0ce3d3a51fdb1c52dc66a7c3c2936,internal_eth,1.0,,,0xa9aca9bf73298d756935114d9d1098f4603c7ef9c6e085580826f0a9ea119822,1645697047,candidate_layering,2
0xd90e2f925da726b50c4ed8d0fb90ad053324f31b,0x910cbd523d972eb0a6f4cae4618ad62622b39dbf,internal_eth,10.0,,,0x5d9d481899c1efa6870474f13ca9ba1e5dc9f57c9e98189e92f46909befb9d7c,1645697611,candidate_layering,2
0xd90e2f925da726b50c4ed8d0fb90ad053324f31b,0x910cbd523d972eb0a6f4cae4618ad62622b39dbf,internal_eth,10.0,,,0x5259cf5f221d6c3aa74128a401b07f1ae95cc2bf7e7843cdd20857bd71f201aa,1645697730,candidate_layering,2
0xd90e2f925da726b50c4ed8d0fb90ad053324f31b,0x910cbd523d972eb0a6f4cae4618ad62622b39dbf,internal_eth,10.0,,,0x70f054cc38086b31c1b03c342e657ede326e1639b382603953c4035944721187,1645697883,candidate_layering,2
0xd90e2f925da726b50c4ed8d0fb90ad053324f31b,0x47ce0c6ed5b0ce3d3a51fdb1c52dc66a7c3c2936,internal_eth,1.0,,,0x2376bcf44b83e4b831600d3209a18a5a81934758ac20f96fb9f335b3a60d7f05,1645697953,candidate_layering,2
0xd90e2f925da726b50c4ed8d0fb90ad053324f31b,0x910cbd523d972eb0a6f4cae4618ad62622b39dbf,internal_eth,10.0,,,0xae2f6042dc8196d3180184167fe7278f3f80eafa7c9b2b3c3620c666474bf9f0,1645697953,candidate_layering,2
0xd90e2f925da726b50c4ed8d0fb90ad053324f31b,0x910cbd523d972eb0a6f4cae4618ad62622b39dbf,internal_eth,10.0,,,0xd9b2cf47903f83eca47d8dd13241b62afc745360f859b5dcbf92fb6d1621f3ce,1645698092,candidate_layering,2
0xd90e2f925da726b50c4ed8d0fb90ad053324f31b,0x910cbd523d972eb0a6f4cae4618ad62622b39dbf,internal_eth,10.0,,,0xced567dc18285208068c91d94ab73660b74a3ad9aaf4c54f910c03da3b2bdae4,1645698262,candidate_layering,2
0xd90e2f925da726b50c4ed8d0fb90ad053324f31b,0xa160cdab225685da1d56aa342ad8841c3b53f291,internal_eth,100.0,,,0x83b1fdf7476f63081c86ed01d3894e6804855f60e028b255eaf99212c2faa4e7,1645698262,candidate_layering,2
0xd90e2f925da726b50c4ed8d0fb90ad053324f31b,0x910cbd523d972eb0a6f4cae4618ad62622b39dbf,internal_eth,10.0,,,0x08f4466d297c3fa8ec196c88b3f77951bec7c7ea08b2be0bea3d6147c505c2cf,1645698323,candidate_layering,2
0xd90e2f925da726b50c4ed8d0fb90ad053324f31b,0x910cbd523d972eb0a6f4cae4618ad62622b39dbf,internal_eth,10.0,,,0x25ac272c7dae1e573345c24d026cd2779010737e4b0c6b187c0e0cda5eecb03d,1645698437,candidate_layering,2
0xd90e2f925da726b50c4ed8d0fb90ad053324f31b,0x47ce0c6ed5b0ce3d3a51fdb1c52dc66a7c3c2936,internal_eth,1.0,,,0x75ad46c38a7cb2c0f49106e0269a0bcbad9e31ed54adc846071aacc9d5796f8f,1645698466,candidate_layering,2
0xd90e2f925da726b50c4ed8d0fb90ad053324f31b,0x47ce0c6ed5b0ce3d3a51fdb1c52dc66a7c3c2936,internal_eth,1.0,,,0x1d9cf9f43b8c7d1200228d91e29c48d7353ce3597b331a1fa65abba2e51d8007,1645698860,candidate_layering,2
0xd90e2f925da726b50c4ed8d0fb90ad053324f31b,0xa160cdab225685da1d56aa342ad8841c3b53f291,internal_eth,100.0,,,0xd9e3a9d7db2f856972698d056aa14108286a762f21bbd6a38527dc6d356da42e,1645699494,candidate_layering,2
0xd90e2f925da726b50c4ed8d0fb90ad053324f31b,0x47ce0c6ed5b0ce3d3a51fdb1c52dc66a7c3c2936,internal_eth,1.0,,,0x93f2bcf3543a6289d88504b9f5941cdbdcd5dd02e5fbcfb884efa17e4e932eed,1645700298,candidate_layering,2
0xd90e2f925da726b50c4ed8d0fb90ad053324f31b,0x12d66f87a04a9e220743712ce6d9bb1b5616b8fc,internal_eth,0.1,,,0xd0baf7047485fdefddf6c7a209b3577f8169ae90f5beb49ab00a13f9a1df9059,1645700451,candidate_layering,2
0xd90e2f925da726b50c4ed8d0fb90ad053324f31b,0x910cbd523d972eb0a6f4cae4618ad62622b39dbf,internal_eth,10.0,,,0x651c44c7036d0f37f2f8b2364500a1ee58ed40f0f2eaee31d7a3b77fe013f494,1645700513,candidate_layering,2
0xd90e2f925da726b50c4ed8d0fb90ad053324f31b,0x47ce0c6ed5b0ce3d3a51fdb1c52dc66a7c3c2936,internal_eth,1.0,,,0x31c8c2476e0bc9ecaca3e492d8c2693a89624968f0596a43d8df4f0922f9aab9,1645700566,candidate_layering,2
0xd90e2f925da726b50c4ed8d0fb90ad053324f31b,0x910cbd523d972eb0a6f4cae4618ad62622b39dbf,internal_eth,10.0,,,0x18ae8cfe7f2882f7284e4fcf5681484a98562a0bdec979a7d883631670c6e081,1645701096,candidate_layering,2
0xd90e2f925da726b50c4ed8d0fb90ad053324f31b,0x910cbd523d972eb0a6f4cae4618ad62622b39dbf,internal_eth,10.0,,,0x877ffe292a49f217ebf2d89e9219afb6765fbd215d2cf59482533bfd91afd6d9,1645701258,candidate_layering,2
0xd90e2f925da726b50c4ed8d0fb90ad053324f31b,0x47ce0c6ed5b0ce3d3a51fdb1c52dc66a7c3c2936,internal_eth,1.0,,,0x92ac9b245d7d3392d038e918f3647a2615f54391d22abc6918a186df67ec9707,1645701258,candidate_layering,2
0xd90e2f925da726b50c4ed8d0fb90ad053324f31b,0x12d66f87a04a9e220743712ce6d9bb1b5616b8fc,internal_eth,0.1,,,0x066c7dd5e034362577cce8f8419a72025eda0d6d5b84520ce6c2270902336291,1645701610,candidate_layering,2
0xd90e2f925da726b50c4ed8d0fb90ad053324f31b,0x910cbd523d972eb0a6f4cae4618ad62622b39dbf,internal_eth,10.0,,,0x2e9d93e1ae34e8e899953a89e0de1150bb9acc767e99b89d4bb37531f57f0b98,1645701978,candidate_layering,2
0xd90e2f925da726b50c4ed8d0fb90ad053324f31b,0x12d66f87a04a9e220743712ce6d9bb1b5616b8fc,internal_eth,0.1,,,0xb4f993f31a4b9d830d0a47d4a703847ab585b6f3325d042f9ebad436d158d419,1645702018,candidate_layering,2
0xd90e2f925da726b50c4ed8d0fb90ad053324f31b,0x47ce0c6ed5b0ce3d3a51fdb1c52dc66a7c3c2936,internal_eth,1.0,,,0x768e5f7d26fe907356e9438529f8526a012beed1363d1f517af0cbdc87361fc6,1645702034,candidate_layering,2
0xd90e2f925da726b50c4ed8d0fb90ad053324f31b,0x47ce0c6ed5b0ce3d3a51fdb1c52dc66a7c3c2936,internal_eth,1.0,,,0x418d63ed3f1c95105679e209b7f00cdbc732855d08395073f20d57f6fbff9207,1645702086,candidate_layering,2
0xd90e2f925da726b50c4ed8d0fb90ad053324f31b,0x12d66f87a04a9e220743712ce6d9bb1b5616b8fc,internal_eth,0.1,,,0x1d52b05f679b963e564be5606c3166cc888ced04e325ac3d0756a0ca015fb7f0,1645702255,candidate_layering,2
0xd90e2f925da726b50c4ed8d0fb90ad053324f31b,0xa160cdab225685da1d56aa342ad8841c3b53f291,internal_eth,100.0,,,0x97c801e7e85d538ff5cf221283f08e9c2c3acfe5d7d204360043dbaf10e557e1,1645702689,candidate_layering,2
0xd90e2f925da726b50c4ed8d0fb90ad053324f31b,0xa160cdab225685da1d56aa342ad8841c3b53f291,internal_eth,100.0,,,0xec70e930cffa6bfc861321a7f2e7eb3feb20672c176c48e79024328f0448c7ba,1645702821,candidate_layering,2
0xd90e2f925da726b50c4ed8d0fb90ad053324f31b,0x910cbd523d972eb0a6f4cae4618ad62622b39dbf,internal_eth,10.0,,,0x2449d19b70562277ace568f68e7a9d1f94ad2989ad5e2fc57feddb33b5c03ed9,1645702835,candidate_layering,2
0xd90e2f925da726b50c4ed8d0fb90ad053324f31b,0x47ce0c6ed5b0ce3d3a51fdb1c52dc66a7c3c2936,internal_eth,1.0,,,0x885b41fd8fab5221318e9e249f668c8506dc4dc1f1a0d319f79eef95a2f9737a,1645703906,candidate_layering,2
0xd90e2f925da726b50c4ed8d0fb90ad053324f31b,0x12d66f87a04a9e220743712ce6d9bb1b5616b8fc,internal_eth,0.1,,,0xe628ad578c98fd1aa58968431c8f926d97c26ba3c452786998c8fa9d8c746f7d,1645704223,candidate_layering,2
0xd90e2f925da726b50c4ed8d0fb90ad053324f31b,0x12d66f87a04a9e220743712ce6d9bb1b5616b8fc,internal_eth,0.1,,,0x5cf6e7f2b823eac96b217400fdfc3b9d943c3637395f50778f8433c4a6785049,1645704260,candidate_layering,2
0xd90e2f925da726b50c4ed8d0fb90ad053324f31b,0x12d66f87a04a9e220743712ce6d9bb1b5616b8fc,internal_eth,0.1,,,0x25339253f192dd532115de7794afa70a72c96511215188bfcc1fcd81ce86e10f,1645704315,candidate_layering,2
0xd90e2f925da726b50c4ed8d0fb90ad053324f31b,0x12d66f87a04a9e220743712ce6d9bb1b5616b8fc,internal_eth,0.1,,,0xf2439d89eea51b39b6b6679b77d2d40986c629e665073cdca73b186b21856b42,1645704346,candidate_layering,2
0xd90e2f925da726b50c4ed8d0fb90ad053324f31b,0x12d66f87a04a9e220743712ce6d9bb1b5616b8fc,internal_eth,0.1,,,0xa1406954f7f755df8b3668af3a1d8b1440312ad8dbe9b9fe03014b5417d8fe97,1645704375,candidate_layering,2
0xd90e2f925da726b50c4ed8d0fb90ad053324f31b,0x47ce0c6ed5b0ce3d3a51fdb1c52dc66a7c3c2936,internal_eth,1.0,,,0x1d51f0d3042f4dadde03ca6a3644da41b2cd46e1069bd06bd19d215d9b57d1b1,1645704677,candidate_layering,2
0xd90e2f925da726b50c4ed8d0fb90ad053324f31b,0x47ce0c6ed5b0ce3d3a51fdb1c52dc66a7c3c2936,internal_eth,1.0,,,0xb682aac07de9811e82cac4d4a068010bb61db71ef9cf8b8502370df6de76f922,1645704910,candidate_layering,2
0xd90e2f925da726b50c4ed8d0fb90ad053324f31b,0x47ce0c6ed5b0ce3d3a51fdb1c52dc66a7c3c2936,internal_eth,1.0,,,0x5febde27033b4efcbe17e16a961169e369c9bda59dcbb87f77a9a3150ea1e492,1645705307,candidate_layering,2
0xd90e2f925da726b50c4ed8d0fb90ad053324f31b,0x910cbd523d972eb0a6f4cae4618ad62622b39dbf,internal_eth,10.0,,,0xcf6dc86587d02dbb4c72ecb9bc85565596dd39e90e81468cc4cf99eec7b2aa85,1645705597,candidate_layering,2
0xd90e2f925da726b50c4ed8d0fb90ad053324f31b,0x910cbd523d972eb0a6f4cae4618ad62622b39dbf,internal_eth,10.0,,,0x4441ec2f733e179de14885b715b39a6ae5f782353543cda03e7901f13b092ec3,1645707328,candidate_layering,2
0xd90e2f925da726b50c4ed8d0fb90ad053324f31b,0x910cbd523d972eb0a6f4cae4618ad62622b39dbf,internal_eth,10.0,,,0x88995b9bba582701db00bccbaa3a835fcddb7122516985c2d6ba98bce76d7f7d,1645708372,candidate_layering,2
0xd90e2f925da726b50c4ed8d0fb90ad053324f31b,0x910cbd523d972eb0a6f4cae4618ad62622b39dbf,internal_eth,10.0,,,0x5d7451c23501350df1072bc2b0ff290fe87db5402eb0ab8469af02d10611f01c,1645710997,candidate_layering,2
0xd90e2f925da726b50c4ed8d0fb90ad053324f31b,0x910cbd523d972eb0a6f4cae4618ad62622b39dbf,internal_eth,10.0,,,0x310b5049c14160a2e11fcc4e049ea75258986a2cfe33e7cd3a13b1429f8e340f,1645712366,candidate_layering,2
0xd90e2f925da726b50c4ed8d0fb90ad053324f31b,0x910cbd523d972eb0a6f4cae4618ad62622b39dbf,internal_eth,10.0,,,0xa9c34aa40cb753cf7165bc9d626a2b5fbc07e8c7dc6dea46c739fd5918a06623,1645712425,candidate_layering,2
0xd90e2f925da726b50c4ed8d0fb90ad053324f31b,0x47ce0c6ed5b0ce3d3a51fdb1c52dc66a7c3c2936,internal_eth,1.0,,,0x233d0c9381939250135e87a3b346bb38a3d49d4fac90e2595eef6ec7cf7852ab,1645712968,candidate_layering,2
0xd90e2f925da726b50c4ed8d0fb90ad053324f31b,0x910cbd523d972eb0a6f4cae4618ad62622b39dbf,internal_eth,10.0,,,0x711938352112de714af979939a7d707877e2f14e6606fd1803a0358a6d817a65,1645713600,candidate_layering,2
0xd90e2f925da726b50c4ed8d0fb90ad053324f31b,0x12d66f87a04a9e220743712ce6d9bb1b5616b8fc,internal_eth,0.1,,,0x392011e027462b8c9b99b4246bc54e2ed6bdeb1fd9e5f89d8b0414cf6854e19a,1645713648,candidate_layering,2
0xd90e2f925da726b50c4ed8d0fb90ad053324f31b,0x47ce0c6ed5b0ce3d3a51fdb1c52dc66a7c3c2936,internal_eth,1.0,,,0x16ed27a16f701e0fde4c53796ebb5736344a2ccc0d5efdb53560e81dc48ad675,1645715074,candidate_layering,2
0xd90e2f925da726b50c4ed8d0fb90ad053324f31b,0x47ce0c6ed5b0ce3d3a51fdb1c52dc66a7c3c2936,internal_eth,1.0,,,0x07c95bbbe897646c4c501c3dd720a6512b1b8b398db5cda311d12511aaea5cad,1645716064,candidate_layering,2
0xd90e2f925da726b50c4ed8d0fb90ad053324f31b,0x910cbd523d972eb0a6f4cae4618ad62622b39dbf,internal_eth,10.0,,,0xc2bead568817ccfb74d82ee3c382aeabffde94b99e1ae61e4c7f6b035948ecb9,1645716143,candidate_layering,2
0xd90e2f925da726b50c4ed8d0fb90ad053324f31b,0x47ce0c6ed5b0ce3d3a51fdb1c52dc66a7c3c2936,internal_eth,1.0,,,0x5bf9a53a829d9caf5787c07c10bd25796b18373811ba097099b07981088e1450,1645716207,candidate_layering,2
0xd90e2f925da726b50c4ed8d0fb90ad053324f31b,0x47ce0c6ed5b0ce3d3a51fdb1c52dc66a7c3c2936,internal_eth,1.0,,,0xe5d610dcbc657a7b4f60b01e5ebb9aa1463588f35963dd71296d646d1730cee8,1645716307,candidate_layering,2
0xd90e2f925da726b50c4ed8d0fb90ad053324f31b,0x47ce0c6ed5b0ce3d3a51fdb1c52dc66a7c3c2936,internal_eth,1.0,,,0xd23fbe1f7d6ae1be15d06b6b7448c3a25eefaff183e924d2593a95b5e4b0c5ad,1645716420,candidate_layering,2
0xd90e2f925da726b50c4ed8d0fb90ad053324f31b,0x47ce0c6ed5b0ce3d3a51fdb1c52dc66a7c3c2936,internal_eth,1.0,,,0x36851e0900771f3796c02d539151c5b03024fd1d8a73f75a29d1a224273bd4ad,1645716528,candidate_layering,2
0xd90e2f925da726b50c4ed8d0fb90ad053324f31b,0x910cbd523d972eb0a6f4cae4618ad62622b39dbf,internal_eth,10.0,,,0x740d045d8067bf84c4656eff264daa59b487aea126b2095ae42c132f2556b1a5,1645716889,candidate_layering,2
0xd90e2f925da726b50c4ed8d0fb90ad053324f31b,0xa160cdab225685da1d56aa342ad8841c3b53f291,internal_eth,100.0,,,0xbb8544d732eb7a3cc0cdccbe87973666c5ea35413ff70188ff5b321e585e94b9,1645719650,candidate_layering,2
0xd90e2f925da726b50c4ed8d0fb90ad053324f31b,0x910cbd523d972eb0a6f4cae4618ad62622b39dbf,internal_eth,10.0,,,0x36356d29cf97da524b4b224e27c5a9211dba95ae5138a17f5b8acca9caba0485,1645719721,candidate_layering,2
0xd90e2f925da726b50c4ed8d0fb90ad053324f31b,0x910cbd523d972eb0a6f4cae4618ad62622b39dbf,internal_eth,10.0,,,0xbca87898eeea5c469bd02c29d83c3c93056d05820c895b1becc17e281fd27c20,1645719795,candidate_layering,2
0xd90e2f925da726b50c4ed8d0fb90ad053324f31b,0x910cbd523d972eb0a6f4cae4618ad62622b39dbf,internal_eth,10.0,,,0x94055c84e1e77d866deae1707fc1a84c12c1aee06cc1f871daafcdb60affb71f,1645719944,candidate_layering,2
0xd90e2f925da726b50c4ed8d0fb90ad053324f31b,0x47ce0c6ed5b0ce3d3a51fdb1c52dc66a7c3c2936,internal_eth,1.0,,,0x0c88a30168c1a8a3af7878240b605a7416425ece104fd2e017d0d15c943ca29c,1645720219,candidate_layering,2
0xd90e2f925da726b50c4ed8d0fb90ad053324f31b,0x910cbd523d972eb0a6f4cae4618ad62622b39dbf,internal_eth,10.0,,,0x223afd787811bf911968869169ee09fd3536d0ce6aca66d7ee9473ab701b5de3,1645720325,candidate_layering,2
0xd90e2f925da726b50c4ed8d0fb90ad053324f31b,0xa160cdab225685da1d56aa342ad8841c3b53f291,internal_eth,100.0,,,0x9f3128dd7ff0c8e403507d36d71a37f0cefb48812c940aad27639f23c62c2df2,1645720545,candidate_layering,2
0xd90e2f925da726b50c4ed8d0fb90ad053324f31b,0x910cbd523d972eb0a6f4cae4618ad62622b39dbf,internal_eth,10.0,,,0x2816dceb06a977746841cb519741d73dc04ac0eea020621e2a575d6ae352115b,1645720953,candidate_layering,2
0xd90e2f925da726b50c4ed8d0fb90ad053324f31b,0xa160cdab225685da1d56aa342ad8841c3b53f291,internal_eth,100.0,,,0xe0f80b9facc9c68762ac3e65c8095e4eff7c77ec80e1f33f69f31afaefa59d0e,1645721251,candidate_layering,2
0xd90e2f925da726b50c4ed8d0fb90ad053324f31b,0xa160cdab225685da1d56aa342ad8841c3b53f291,internal_eth,100.0,,,0x65d92d516177f3894f047001f2374e8dc6819d269320d87a9463495abb0b137f,1645721409,candidate_layering,2
0xd90e2f925da726b50c4ed8d0fb90ad053324f31b,0x910cbd523d972eb0a6f4cae4618ad62622b39dbf,internal_eth,10.0,,,0x3caf2255eb367d8a6fc607cdd99fa9fd23e22fa0c961e402fb660916e1261edd,1645721472,candidate_layering,2
0xd90e2f925da726b50c4ed8d0fb90ad053324f31b,0x12d66f87a04a9e220743712ce6d9bb1b5616b8fc,internal_eth,0.1,,,0x41362e8f3765fcb2328210e6aa3dc7e8b08d6f5c6fd8f64c4aecf3aae69a6caf,1645722634,candidate_layering,2
0xd90e2f925da726b50c4ed8d0fb90ad053324f31b,0x910cbd523d972eb0a6f4cae4618ad62622b39dbf,internal_eth,10.0,,,0xd56e906bb7f29688f876ae35bfc5e4d51824c2f862f0462d87d691ce1c14b6cf,1645724311,candidate_layering,2
0xd90e2f925da726b50c4ed8d0fb90ad053324f31b,0x47ce0c6ed5b0ce3d3a51fdb1c52dc66a7c3c2936,internal_eth,1.0,,,0x40772210dadf2fa2f16d25ed76491628e0c48a4c66a76a072c9361d852b333e6,1645724861,candidate_layering,2
0xd90e2f925da726b50c4ed8d0fb90ad053324f31b,0x910cbd523d972eb0a6f4cae4618ad62622b39dbf,internal_eth,10.0,,,0x58101a234ad9a5b495066422ac61745b6e92170543c3732fe4018048125da534,1645725383,candidate_layering,2
0xd90e2f925da726b50c4ed8d0fb90ad053324f31b,0x910cbd523d972eb0a6f4cae4618ad62622b39dbf,internal_eth,10.0,,,0x0c2caa6e70faa963b1665ee99a9d74aad98f6f4eec1b61ee5d39bcbf422c61d3,1645725600,candidate_layering,2
0xd90e2f925da726b50c4ed8d0fb90ad053324f31b,0x910cbd523d972eb0a6f4cae4618ad62622b39dbf,internal_eth,10.0,,,0x5906858431cf6a977be0126e4de616cc0318864306fb13a991cfb773908257f4,1645725708,candidate_layering,2
0xd90e2f925da726b50c4ed8d0fb90ad053324f31b,0x910cbd523d972eb0a6f4cae4618ad62622b39dbf,internal_eth,10.0,,,0x326533d04142f5633986be58a2185b8d8d710063f6681257da8d5b72a12feb69,1645725750,candidate_layering,2
0xd90e2f925da726b50c4ed8d0fb90ad053324f31b,0x910cbd523d972eb0a6f4cae4618ad62622b39dbf,internal_eth,10.0,,,0x616829db7361ba360fdc6dba5dd4bf7bd7201bde17ff927ebcc80ca146508063,1645725792,candidate_layering,2
0xd90e2f925da726b50c4ed8d0fb90ad053324f31b,0x910cbd523d972eb0a6f4cae4618ad62622b39dbf,internal_eth,10.0,,,0x59cecfa93408f5babb01cef104f990a4b7eff8c62ec2b753cb75307d757c9c7f,1645725803,candidate_layering,2
0xd90e2f925da726b50c4ed8d0fb90ad053324f31b,0x47ce0c6ed5b0ce3d3a51fdb1c52dc66a7c3c2936,internal_eth,1.0,,,0xe3f3b6dd74f666bbe05a217d089344162247145b2aa19148714dae6bc5a4b9f7,1645725803,candidate_layering,2
0xd90e2f925da726b50c4ed8d0fb90ad053324f31b,0x910cbd523d972eb0a6f4cae4618ad62622b39dbf,internal_eth,10.0,,,0xbe572e496049eab0cb726af7e08ad2bbed28411ace86847623032a6a99b95abc,1645725839,candidate_layering,2
0xd90e2f925da726b50c4ed8d0fb90ad053324f31b,0x910cbd523d972eb0a6f4cae4618ad62622b39dbf,internal_eth,10.0,,,0xcf8f4977f6173452dc49af3969aea816531b18f2de28354632bb91f545a982d2,1645725908,candidate_layering,2
0xd90e2f925da726b50c4ed8d0fb90ad053324f31b,0x910cbd523d972eb0a6f4cae4618ad62622b39dbf,internal_eth,10.0,,,0xb209ea1e74e84f0e55219a315be7be962ac5c5e35bc112501fd8a8615e3bfd02,1645726015,candidate_layering,2
0xd90e2f925da726b50c4ed8d0fb90ad053324f31b,0x910cbd523d972eb0a6f4cae4618ad62622b39dbf,internal_eth,10.0,,,0x2fdccb2d63364a5247f9e7fccb695ba13cea3aab9ddd5f43ca1a4c66dbd24ed0,1645726082,candidate_layering,2
0xd90e2f925da726b50c4ed8d0fb90ad053324f31b,0x910cbd523d972eb0a6f4cae4618ad62622b39dbf,internal_eth,10.0,,,0xcf03536b1e58ac3db3f91de841b99f46d3be5c058ba55c97da5063fa54ef43cf,1645726091,candidate_layering,2
0xd90e2f925da726b50c4ed8d0fb90ad053324f31b,0x910cbd523d972eb0a6f4cae4618ad62622b39dbf,internal_eth,10.0,,,0x898e177c244581919a050f236f2bef360dad925f76753cb0b88233a48b7a91b5,1645726151,candidate_layering,2
0xd90e2f925da726b50c4ed8d0fb90ad053324f31b,0x910cbd523d972eb0a6f4cae4618ad62622b39dbf,internal_eth,10.0,,,0x2a2e5771467435fbd2ad51aed8d3b8511bd823e8033f86e9792312bc69913eb7,1645726179,candidate_layering,2
0xd90e2f925da726b50c4ed8d0fb90ad053324f31b,0x910cbd523d972eb0a6f4cae4618ad62622b39dbf,internal_eth,10.0,,,0xb2931e47a02a4dd60cc03c9b41fd71ae0bd1d02ea23c7316941144a319576877,1645726258,candidate_layering,2
0xd90e2f925da726b50c4ed8d0fb90ad053324f31b,0x910cbd523d972eb0a6f4cae4618ad62622b39dbf,internal_eth,10.0,,,0x5d7fae2b559c802f4f2d90f8b7577b3d6717656b75c03699395a7f4a47801ec3,1645726271,candidate_layering,2
0xd90e2f925da726b50c4ed8d0fb90ad053324f31b,0x910cbd523d972eb0a6f4cae4618ad62622b39dbf,internal_eth,10.0,,,0xfedd16df558c9e05d4d6d65ee028cd07227d702a3b8cbd48f736b6a283e48477,1645726288,candidate_layering,2
0xd90e2f925da726b50c4ed8d0fb90ad053324f31b,0x910cbd523d972eb0a6f4cae4618ad62622b39dbf,internal_eth,10.0,,,0x21b02fff937bce12928257965ed7f74119cc64134b9057d15c106d55dc5f818d,1645726457,candidate_layering,2
0xd90e2f925da726b50c4ed8d0fb90ad053324f31b,0x910cbd523d972eb0a6f4cae4618ad62622b39dbf,internal_eth,10.0,,,0x0fb8a4282279284a9e989b76dd1a320cdaa118603a636117ca35e401130dd999,1645726470,candidate_layering,2
0xd90e2f925da726b50c4ed8d0fb90ad053324f31b,0xa160cdab225685da1d56aa342ad8841c3b53f291,internal_eth,100.0,,,0x1cb857db54e02c9a834ef52b0110c8e136435b95ab97704b2ce6725126c2601d,1645726952,candidate_layering,2
0xd90e2f925da726b50c4ed8d0fb90ad053324f31b,0x910cbd523d972eb0a6f4cae4618ad62622b39dbf,internal_eth,10.0,,,0xe5e159e4ec7b5b60e2b01fe6512e62d2d02ae814c70a4a6b1429fed1361a3b07,1645727027,candidate_layering,2
0xd90e2f925da726b50c4ed8d0fb90ad053324f31b,0x910cbd523d972eb0a6f4cae4618ad62622b39dbf,internal_eth,10.0,,,0xa1e8f4bdf32d6503aac3f5a25d9166fe67810d7500f845e6ec2711ec3e5e21b7,1645727073,candidate_layering,2
0xd90e2f925da726b50c4ed8d0fb90ad053324f31b,0x47ce0c6ed5b0ce3d3a51fdb1c52dc66a7c3c2936,internal_eth,1.0,,,0x8948ab7c970bf32bd0f7cd9e8b517a770d55469c87657da9ff0e921f3a1009f3,1645727186,candidate_layering,2
0xd90e2f925da726b50c4ed8d0fb90ad053324f31b,0x910cbd523d972eb0a6f4cae4618ad62622b39dbf,internal_eth,10.0,,,0xe9d38bdcd2705d02f16e78b4b3fbe4090caa2138b8628594c4e72509f8914f2f,1645727555,candidate_layering,2
0xd90e2f925da726b50c4ed8d0fb90ad053324f31b,0x910cbd523d972eb0a6f4cae4618ad62622b39dbf,internal_eth,10.0,,,0xcc6e82e36974341fb71bb40b2d87a4652a405c8452e042e13b6c03e4a527fef0,1645728268,candidate_layering,2
0xd90e2f925da726b50c4ed8d0fb90ad053324f31b,0x910cbd523d972eb0a6f4cae4618ad62622b39dbf,internal_eth,10.0,,,0xbbaa31d4ce2b58edbcb96e6b0ad8acc2fd6b04e5529e73f36d64367f97a5d188,1645728300,candidate_layering,2
0xd90e2f925da726b50c4ed8d0fb90ad053324f31b,0x910cbd523d972eb0a6f4cae4618ad62622b39dbf,internal_eth,10.0,,,0x575bb25ee1fdf39791366fb01e48bf92a621fe86ea42f0d904b3e2cfb254bf3f,1645728412,candidate_layering,2
0xd90e2f925da726b50c4ed8d0fb90ad053324f31b,0x910cbd523d972eb0a6f4cae4618ad62622b39dbf,internal_eth,10.0,,,0x0f10e504a38045206a312fb0cc3f283a3c091d48b8a44e9d2fae9e4edcc8019a,1645728426,candidate_layering,2
0xd90e2f925da726b50c4ed8d0fb90ad053324f31b,0x12d66f87a04a9e220743712ce6d9bb1b5616b8fc,internal_eth,0.1,,,0x7360d7b8945f85e05c88ff00fe2e80499f706c84914d4261d6151d73fd257de0,1645731297,candidate_layering,2
0xd90e2f925da726b50c4ed8d0fb90ad053324f31b,0x47ce0c6ed5b0ce3d3a51fdb1c52dc66a7c3c2936,internal_eth,1.0,,,0xf9df64c8d2ab0594c9dcf860c60f8d6ae98080ab5cd3235bb9845956676d6664,1645731583,candidate_layering,2
0xd90e2f925da726b50c4ed8d0fb90ad053324f31b,0x47ce0c6ed5b0ce3d3a51fdb1c52dc66a7c3c2936,internal_eth,1.0,,,0xb8c49d6b3f57b25de7a3eb1a859338d7d4546c77d4d4dbbabcba7f7fe6a0469c,1645732186,candidate_layering,2
0xd90e2f925da726b50c4ed8d0fb90ad053324f31b,0x07687e702b410fa43f4cb4af7fa097918ffd2730,internal_eth,0.0212289,,,0xaf824cb7992bf7ec4fe355f479a9c854784c2ec08e1a7c33149dd9f3168a763a,1645733848,candidate_layering,2
0xd90e2f925da726b50c4ed8d0fb90ad053324f31b,0x910cbd523d972eb0a6f4cae4618ad62622b39dbf,internal_eth,10.0,,,0xb5e8b67144153ebc5f27512b449e6a2e3e8c14674b89c8a00c10020e0b4d3187,1645734917,candidate_layering,2
0xd90e2f925da726b50c4ed8d0fb90ad053324f31b,0x910cbd523d972eb0a6f4cae4618ad62622b39dbf,internal_eth,10.0,,,0xe73165cb2394083895086bbc023c7915c2c2a686a26539f047afbeeb3dd57b3e,1645734936,candidate_layering,2
0xd90e2f925da726b50c4ed8d0fb90ad053324f31b,0x910cbd523d972eb0a6f4cae4618ad62622b39dbf,internal_eth,10.0,,,0xf84f8588a79b1a1862d893fe32a3cd55761b5ea3cb1d34c042265519fafd0302,1645734993,candidate_layering,2
0xd90e2f925da726b50c4ed8d0fb90ad053324f31b,0x910cbd523d972eb0a6f4cae4618ad62622b39dbf,internal_eth,10.0,,,0x93e4cf15f5e5d0d54bf72f7cd3cc8e6f312fdbd9f6ef807183d13a890bc9a9c1,1645735140,candidate_layering,2
0xd90e2f925da726b50c4ed8d0fb90ad053324f31b,0x910cbd523d972eb0a6f4cae4618ad62622b39dbf,internal_eth,10.0,,,0x0f2456c7f787cd7174f3abed1f702f7d7a8fae10791782a5bcb6e75ce848b8cd,1645735367,candidate_layering,2
0xd90e2f925da726b50c4ed8d0fb90ad053324f31b,0x47ce0c6ed5b0ce3d3a51fdb1c52dc66a7c3c2936,internal_eth,1.0,,,0x3e38ecef816cb2b841ff4a6f694b9230dd4833446636ebb536341be9bc663dca,1645736285,candidate_layering,2
0xd90e2f925da726b50c4ed8d0fb90ad053324f31b,0x910cbd523d972eb0a6f4cae4618ad62622b39dbf,internal_eth,10.0,,,0xbe4041fa6975b6443765023842837209ba14d311689eed11267c7a9dcdbf9d10,1645736540,candidate_layering,2
0xd90e2f925da726b50c4ed8d0fb90ad053324f31b,0x910cbd523d972eb0a6f4cae4618ad62622b39dbf,internal_eth,10.0,,,0x2fe49f6f739708f9876cc5968c299cfa6c851882b727ef102dff53c5db5953dd,1645736563,candidate_layering,2
0xd90e2f925da726b50c4ed8d0fb90ad053324f31b,0x910cbd523d972eb0a6f4cae4618ad62622b39dbf,internal_eth,10.0,,,0x1fe0f24ce13bb8a8925c3b2775c02b00c09a1e89744fd3a1b755e27c8c4e6325,1645736582,candidate_layering,2
0xd90e2f925da726b50c4ed8d0fb90ad053324f31b,0x910cbd523d972eb0a6f4cae4618ad62622b39dbf,internal_eth,10.0,,,0xb7d31f2c1a4fbe41d984bc28837980b3a55b1ce2f629c3ee3069ea95c5e9d6f7,1645738157,candidate_layering,2
0xd90e2f925da726b50c4ed8d0fb90ad053324f31b,0x12d66f87a04a9e220743712ce6d9bb1b5616b8fc,internal_eth,0.1,,,0xea343bee6652feb1fac9212786897a1b36a8f8ad7ca6e5483f4390445cbed325,1645738931,candidate_layering,2
0xd90e2f925da726b50c4ed8d0fb90ad053324f31b,0x910cbd523d972eb0a6f4cae4618ad62622b39dbf,internal_eth,10.0,,,0x28cf65fbdda78fd91d8a3400dada48d6ae29c7fe77bdedc6a37f82e80fa8f114,1645739887,candidate_layering,2
0xd90e2f925da726b50c4ed8d0fb90ad053324f31b,0x12d66f87a04a9e220743712ce6d9bb1b5616b8fc,internal_eth,0.1,,,0x285f06de87ca10c897c2f3e852753ac211864d34feba160e36f5c85fca257d3c,1645740013,candidate_layering,2
0xd90e2f925da726b50c4ed8d0fb90ad053324f31b,0x910cbd523d972eb0a6f4cae4618ad62622b39dbf,internal_eth,10.0,,,0x292d0b70827ca7364539e85eac62679a63e27894005039788d5fb382ee5de76d,1645740259,candidate_layering,2
0xd90e2f925da726b50c4ed8d0fb90ad053324f31b,0xa160cdab225685da1d56aa342ad8841c3b53f291,internal_eth,100.0,,,0x463a35b9e53347ab96f496587676ee23f387b03f3bfe7dda8118dedc4418932b,1645741816,candidate_layering,2
0xd90e2f925da726b50c4ed8d0fb90ad053324f31b,0x47ce0c6ed5b0ce3d3a51fdb1c52dc66a7c3c2936,internal_eth,1.0,,,0x7fa618aad4f1d06ae4405929d10d20f451decdd3b3f892549d8b150c7f5ff7b1,1645742319,candidate_layering,2
0xd90e2f925da726b50c4ed8d0fb90ad053324f31b,0x47ce0c6ed5b0ce3d3a51fdb1c52dc66a7c3c2936,internal_eth,1.0,,,0x8a07f66f10d14be3853957e0a202e82e90cbfed8bafc762217ddbadda15b5981,1645742531,candidate_layering,2
0xd90e2f925da726b50c4ed8d0fb90ad053324f31b,0x910cbd523d972eb0a6f4cae4618ad62622b39dbf,internal_eth,10.0,,,0x075ccc2e0faa6d77b26ff7bd5f6fdcd1e28109ea6c211ce9efb8f3743f82ea37,1645743341,candidate_layering,2
0xd90e2f925da726b50c4ed8d0fb90ad053324f31b,0x12d66f87a04a9e220743712ce6d9bb1b5616b8fc,internal_eth,0.1,,,0xbd8b0c9f5a6c12b80885874b4d742c772e85da9c1d98bb9a3d10f51034b05285,1645745567,candidate_layering,2
0xd90e2f925da726b50c4ed8d0fb90ad053324f31b,0x910cbd523d972eb0a6f4cae4618ad62622b39dbf,internal_eth,10.0,,,0x6a77d41592a42a0a29e759cd09694ea376a95e0804eb21150034f4ff7deeabe0,1645745576,candidate_layering,2
0xd90e2f925da726b50c4ed8d0fb90ad053324f31b,0x910cbd523d972eb0a6f4cae4618ad62622b39dbf,internal_eth,10.0,,,0xc1fb09c59b1b24cb1816e013dc26e013893bb3d57c561cbf3f56d75200b0f4e0,1645745623,candidate_layering,2
0xd90e2f925da726b50c4ed8d0fb90ad053324f31b,0x910cbd523d972eb0a6f4cae4618ad62622b39dbf,internal_eth,10.0,,,0x8734a39f35064e7f787edcedbbeca9f7a186af849721b280f44ffd131fa34196,1645745772,candidate_layering,2
0xd90e2f925da726b50c4ed8d0fb90ad053324f31b,0x47ce0c6ed5b0ce3d3a51fdb1c52dc66a7c3c2936,internal_eth,1.0,,,0x18d4a7002af85faff887273abafa6f97db56b4f0f040f0b96a986691a665541e,1645748134,candidate_layering,2
0xd90e2f925da726b50c4ed8d0fb90ad053324f31b,0x12d66f87a04a9e220743712ce6d9bb1b5616b8fc,internal_eth,0.1,,,0x1d1465770411def7ac1d572ee3fdd4f726c370af1bbe1fb90ac0661b0e525996,1645749443,candidate_layering,2
0xd90e2f925da726b50c4ed8d0fb90ad053324f31b,0xa160cdab225685da1d56aa342ad8841c3b53f291,internal_eth,100.0,,,0x060a2cf71311ab0c4011f39b0a73b8204f82de364d3763b1e81f0215c3cce802,1645749917,candidate_layering,2
0xd90e2f925da726b50c4ed8d0fb90ad053324f31b,0x47ce0c6ed5b0ce3d3a51fdb1c52dc66a7c3c2936,internal_eth,1.0,,,0xaf30678d2376ede884566594c78b20fccf4901350a4960deb7500e4559df974e,1645749931,candidate_layering,2
0xd90e2f925da726b50c4ed8d0fb90ad053324f31b,0x47ce0c6ed5b0ce3d3a51fdb1c52dc66a7c3c2936,internal_eth,1.0,,,0x2b2349cea7c7d61dd48cba3f2e7a159954cf3add60b84cc1dd332257f7143648,1645749975,candidate_layering,2
0xd90e2f925da726b50c4ed8d0fb90ad053324f31b,0x47ce0c6ed5b0ce3d3a51fdb1c52dc66a7c3c2936,internal_eth,1.0,,,0x84b08db37a89a92b8df9621da2c76fda792037c94bd81d5c05d6fdc1102619de,1645749992,candidate_layering,2
0xd90e2f925da726b50c4ed8d0fb90ad053324f31b,0x47ce0c6ed5b0ce3d3a51fdb1c52dc66a7c3c2936,internal_eth,1.0,,,0xaaaf70061eddf964c081573dc2c075fed2c3414a15bc7db9b674fa99f532fbea,1645752489,candidate_layering,2
0xd90e2f925da726b50c4ed8d0fb90ad053324f31b,0x47ce0c6ed5b0ce3d3a51fdb1c52dc66a7c3c2936,internal_eth,1.0,,,0x8fa0f451857003818767f62123493cd9033c779b7687db60f838e3cdebc9a274,1645752631,candidate_layering,2
0xd90e2f925da726b50c4ed8d0fb90ad053324f31b,0x910cbd523d972eb0a6f4cae4618ad62622b39dbf,internal_eth,10.0,,,0x7e3be6cc23eb7b3a93fd19c94e7bc4741b94be4f3394989b25059649dbbcf051,1645753022,candidate_layering,2
0xd90e2f925da726b50c4ed8d0fb90ad053324f31b,0x910cbd523d972eb0a6f4cae4618ad62622b39dbf,internal_eth,10.0,,,0xaf7c074159a2ff523e46d6d116167ac67a82c052df5fa72e496dca91f3b8f63a,1645756076,candidate_layering,2
0xd90e2f925da726b50c4ed8d0fb90ad053324f31b,0x12d66f87a04a9e220743712ce6d9bb1b5616b8fc,internal_eth,0.1,,,0x64abe51f12152986545a6583d44bd7b57ea2de013748e2a7d24a116ad3c03616,1645756577,candidate_layering,2
0xd90e2f925da726b50c4ed8d0fb90ad053324f31b,0x47ce0c6ed5b0ce3d3a51fdb1c52dc66a7c3c2936,internal_eth,1.0,,,0x31f68388da8f290b92e5753225ddae5397836a3084555d7b6465e203efd358f6,1645757199,candidate_layering,2
0xd90e2f925da726b50c4ed8d0fb90ad053324f31b,0x910cbd523d972eb0a6f4cae4618ad62622b39dbf,internal_eth,10.0,,,0x448d3e916b18aa768743d5f06bffac0250a36c86970ab7acd75da4aa2bc0f017,1645757673,candidate_layering,2
0xd90e2f925da726b50c4ed8d0fb90ad053324f31b,0x910cbd523d972eb0a6f4cae4618ad62622b39dbf,internal_eth,10.0,,,0xd35e45b7c916123783f74765ab1762bd3a7bd7446df0130c5184949ae5ee91b4,1645758301,candidate_layering,2
0xd90e2f925da726b50c4ed8d0fb90ad053324f31b,0x910cbd523d972eb0a6f4cae4618ad62622b39dbf,internal_eth,10.0,,,0x0ce88496f5d2fd2ebbb4dfa5b5255a8b0154e2d9a73ec9cdb45113133aefc54c,1645758393,candidate_layering,2
0xd90e2f925da726b50c4ed8d0fb90ad053324f31b,0x47ce0c6ed5b0ce3d3a51fdb1c52dc66a7c3c2936,internal_eth,1.0,,,0xde49be7f2e4d61569da435fd115ccd05123d3bce2d71e90ec652f7b10defc43c,1645760152,candidate_layering,2
0xd90e2f925da726b50c4ed8d0fb90ad053324f31b,0x910cbd523d972eb0a6f4cae4618ad62622b39dbf,internal_eth,10.0,,,0x837192ee9a70b0564b41db3e0fc701e452905343760bcce571bd0025655416b3,1645761668,candidate_layering,2
0xd90e2f925da726b50c4ed8d0fb90ad053324f31b,0x12d66f87a04a9e220743712ce6d9bb1b5616b8fc,internal_eth,0.1,,,0x3d14dd14bb64ad3ce7ee62ad372c4341ff5425436d6dd8258a267f96174e2f6e,1645762196,candidate_layering,2
0xd90e2f925da726b50c4ed8d0fb90ad053324f31b,0x47ce0c6ed5b0ce3d3a51fdb1c52dc66a7c3c2936,internal_eth,1.0,,,0x50331f5562b124756a1f75fd5bea5599c54e3f72765e895ea266a6f105ae8ada,1645762847,candidate_layering,2
0xd90e2f925da726b50c4ed8d0fb90ad053324f31b,0x47ce0c6ed5b0ce3d3a51fdb1c52dc66a7c3c2936,internal_eth,1.0,,,0xdc38c2b54d523c3290bfe3349e4b621b6d908c1d194d0eecf3e9795f4c8f50b8,1645762890,candidate_layering,2
0xd90e2f925da726b50c4ed8d0fb90ad053324f31b,0x47ce0c6ed5b0ce3d3a51fdb1c52dc66a7c3c2936,internal_eth,1.0,,,0xeee1a46fb4b181e005e611ff6c08f24a673dd97cbfb0b1a00276d9dd0f9c1faf,1645762983,candidate_layering,2
0xd90e2f925da726b50c4ed8d0fb90ad053324f31b,0x47ce0c6ed5b0ce3d3a51fdb1c52dc66a7c3c2936,internal_eth,1.0,,,0x0b00651a7de558dab30a0e8f9a4b10d832d756205bc7eb877d7ef80a621d8a86,1645763552,candidate_layering,2
0xd90e2f925da726b50c4ed8d0fb90ad053324f31b,0x12d66f87a04a9e220743712ce6d9bb1b5616b8fc,internal_eth,0.1,,,0xbd006d5d6f401be58aad5e3a8e1b1dcb7e1e21d8553d427faafb38d5409e6f2c,1645763926,candidate_layering,2
0xd90e2f925da726b50c4ed8d0fb90ad053324f31b,0xa160cdab225685da1d56aa342ad8841c3b53f291,internal_eth,100.0,,,0x05aa50dbe858489fcab0255fc34f974ce42be584c8fe08e60435c311c986e721,1645764404,candidate_layering,2
0xd90e2f925da726b50c4ed8d0fb90ad053324f31b,0x47ce0c6ed5b0ce3d3a51fdb1c52dc66a7c3c2936,internal_eth,1.0,,,0xed53398c37d68c4c17947fcb10fb2f4e1c21dc4fd41d38f3ad83ab05aea2cc82,1645764809,candidate_layering,2
0xd90e2f925da726b50c4ed8d0fb90ad053324f31b,0xa160cdab225685da1d56aa342ad8841c3b53f291,internal_eth,100.0,,,0xa2d47a05bee96c2999a15a175ec86efd887df4268ea5b89cc93932ffc1e529a7,1645765601,candidate_layering,2
0xd90e2f925da726b50c4ed8d0fb90ad053324f31b,0xa160cdab225685da1d56aa342ad8841c3b53f291,internal_eth,100.0,,,0x8a292e5f4fe6a2967db984c49a689115ae62d06328620426119ff2bc96062755,1645765739,candidate_layering,2
0xd90e2f925da726b50c4ed8d0fb90ad053324f31b,0xa160cdab225685da1d56aa342ad8841c3b53f291,internal_eth,100.0,,,0xc701b9617ddcd39ce379373424fdb7d8809fc7541e86063681de38e6e9751c15,1645765765,candidate_layering,2
0xd90e2f925da726b50c4ed8d0fb90ad053324f31b,0xa160cdab225685da1d56aa342ad8841c3b53f291,internal_eth,100.0,,,0x8902cd4925690b2e68190a56f5ad5041b49354d5cbb4fa05be1eb6d12ccca7c7,1645766141,candidate_layering,2
0xd90e2f925da726b50c4ed8d0fb90ad053324f31b,0x47ce0c6ed5b0ce3d3a51fdb1c52dc66a7c3c2936,internal_eth,1.0,,,0x339fdf7c84c387941b3e6a22844e513db9b67bc3d2aa64ab345bdda5ab24a996,1645766224,candidate_layering,2
0xd90e2f925da726b50c4ed8d0fb90ad053324f31b,0xa160cdab225685da1d56aa342ad8841c3b53f291,internal_eth,100.0,,,0x6d84684455b5307c1389a7906b74a751a8a4205b4c3adfff876ec8df7719716b,1645766604,candidate_layering,2
0xd90e2f925da726b50c4ed8d0fb90ad053324f31b,0x47ce0c6ed5b0ce3d3a51fdb1c52dc66a7c3c2936,internal_eth,1.0,,,0x0bf1d3448ffe6def8f2a408e4fad63cf193ae51f0918a3ac4f8a1f033ffb9e05,1645767203,candidate_layering,2
0xd90e2f925da726b50c4ed8d0fb90ad053324f31b,0x910cbd523d972eb0a6f4cae4618ad62622b39dbf,internal_eth,10.0,,,0x9eb795a013901c7b8e5a5becfd52a248fd2d3541db60cfa818f8bf22aeeee9cc,1645767893,candidate_layering,2
0xd90e2f925da726b50c4ed8d0fb90ad053324f31b,0x47ce0c6ed5b0ce3d3a51fdb1c52dc66a7c3c2936,internal_eth,1.0,,,0xf3b2ec89a2c638b4af141e767c8b5f10140379f03c2a222abbf4e0ecd24fa947,1645770279,candidate_layering,2
0xd90e2f925da726b50c4ed8d0fb90ad053324f31b,0x47ce0c6ed5b0ce3d3a51fdb1c52dc66a7c3c2936,internal_eth,1.0,,,0x9594b644de811972624ff948e8c2b61fb086570dac78f9ab7e673bb64c557882,1645770326,candidate_layering,2
0xd90e2f925da726b50c4ed8d0fb90ad053324f31b,0x47ce0c6ed5b0ce3d3a51fdb1c52dc66a7c3c2936,internal_eth,1.0,,,0x4a444a8a5109fb6316fb36c2d2875399e1ee4b76f7c4b1ee1eb441e5c485dcdc,1645770443,candidate_layering,2
0xd90e2f925da726b50c4ed8d0fb90ad053324f31b,0x47ce0c6ed5b0ce3d3a51fdb1c52dc66a7c3c2936,internal_eth,1.0,,,0x281a1ba8b8e000dc0e59aacb57e092a31b858a80bb6ba610519b14355da78191,1645770470,candidate_layering,2
0xd90e2f925da726b50c4ed8d0fb90ad053324f31b,0xa160cdab225685da1d56aa342ad8841c3b53f291,internal_eth,100.0,,,0x12ccc9cbfe7091d8fd3b61ac6d034567426f431cf309057634489cbbd93cf4ca,1645770941,candidate_layering,2
0xd90e2f925da726b50c4ed8d0fb90ad053324f31b,0x910cbd523d972eb0a6f4cae4618ad62622b39dbf,internal_eth,10.0,,,0x4c7b76c5d1b0f12052cbeb4718933db7591a0e415649e2d49004a46f38600f3e,1645771218,candidate_layering,2
0xd90e2f925da726b50c4ed8d0fb90ad053324f31b,0x910cbd523d972eb0a6f4cae4618ad62622b39dbf,internal_eth,10.0,,,0xb46badb80a8490622430f2f681b76259c058e293c45dc2b0dfe7f53eb259006e,1645772310,candidate_layering,2
0xd90e2f925da726b50c4ed8d0fb90ad053324f31b,0x12d66f87a04a9e220743712ce6d9bb1b5616b8fc,internal_eth,0.1,,,0x90f770a5ed420fcded1750b23eb9f11c77995b19bb013d88b1d850aed7bc12df,1645772500,candidate_layering,2
0xd90e2f925da726b50c4ed8d0fb90ad053324f31b,0x910cbd523d972eb0a6f4cae4618ad62622b39dbf,internal_eth,10.0,,,0xb26bfaf1094212657a7013c078a710df7aba9133e001b8e3654e567c18cdd361,1645773310,candidate_layering,2
0xd90e2f925da726b50c4ed8d0fb90ad053324f31b,0x47ce0c6ed5b0ce3d3a51fdb1c52dc66a7c3c2936,internal_eth,1.0,,,0x125460ded6e26fe84cb66a73d8233586654c6633e1db92a87592a430a9cd6a5b,1645773485,candidate_layering,2
0xd90e2f925da726b50c4ed8d0fb90ad053324f31b,0x12d66f87a04a9e220743712ce6d9bb1b5616b8fc,internal_eth,0.1,,,0x6eda6c88888e3a4f1f0e8e4120b3ef1624c723243847dad2c3e5a35e41d97c39,1645773719,candidate_layering,2
0xd90e2f925da726b50c4ed8d0fb90ad053324f31b,0x47ce0c6ed5b0ce3d3a51fdb1c52dc66a7c3c2936,internal_eth,1.0,,,0x4802772efe7584b45d0941ea8d0a961a28567f99440f25ca416a33e6739fbfd5,1645773761,candidate_layering,2
0xd90e2f925da726b50c4ed8d0fb90ad053324f31b,0x12d66f87a04a9e220743712ce6d9bb1b5616b8fc,internal_eth,0.1,,,0x8214e8075c1eaab12c5b51d9dca7dd37ffc4dcc5ae37b35c13bd9e80781df7a8,1645773781,candidate_layering,2
0xd90e2f925da726b50c4ed8d0fb90ad053324f31b,0x12d66f87a04a9e220743712ce6d9bb1b5616b8fc,internal_eth,0.1,,,0xb1bd99f30026e35a388759fdb119fbd7500de777fd9b8832908ab70b215b14d8,1645773865,candidate_layering,2
0xd90e2f925da726b50c4ed8d0fb90ad053324f31b,0x12d66f87a04a9e220743712ce6d9bb1b5616b8fc,internal_eth,0.1,,,0xa7ff826c5a011d175068fdb8ca608c84f64c6135c88082a10be5a2fa23dbaf24,1645773926,candidate_layering,2
0xd90e2f925da726b50c4ed8d0fb90ad053324f31b,0x12d66f87a04a9e220743712ce6d9bb1b5616b8fc,internal_eth,0.1,,,0x411d7e77f8991c2177b947df90995e05fc31f1dd0656b6c779c08bde8d3f1a54,1645773957,candidate_layering,2
0xd90e2f925da726b50c4ed8d0fb90ad053324f31b,0x47ce0c6ed5b0ce3d3a51fdb1c52dc66a7c3c2936,internal_eth,1.0,,,0xa81e0a43efcaf5e09dc3afe5b40a4f2b063b9f2426b9ca5ce55e61e733367694,1645773982,candidate_layering,2
0xd90e2f925da726b50c4ed8d0fb90ad053324f31b,0x47ce0c6ed5b0ce3d3a51fdb1c52dc66a7c3c2936,internal_eth,1.0,,,0x5610d10a41c2d57d77c4cd1353fc8cd426edd78acb4e3d3693ea1deece2b76c1,1645774095,candidate_layering,2
0xd90e2f925da726b50c4ed8d0fb90ad053324f31b,0x910cbd523d972eb0a6f4cae4618ad62622b39dbf,internal_eth,10.0,,,0xbfc38ad4bcb9ce1e96155829029b291589d51f116874128790dcecba2816e755,1645774203,candidate_layering,2
0xd90e2f925da726b50c4ed8d0fb90ad053324f31b,0x12d66f87a04a9e220743712ce6d9bb1b5616b8fc,internal_eth,0.1,,,0xfaa64fdc90854d76ae0eaaac8b3e8ee2db23e4036eea3575aa39194ae03322c3,1645774235,candidate_layering,2
0xd90e2f925da726b50c4ed8d0fb90ad053324f31b,0x910cbd523d972eb0a6f4cae4618ad62622b39dbf,internal_eth,10.0,,,0x458203afb4c087992e49d30dfdd5843162238d36deedb00d282a2e96601c0a44,1645774667,candidate_layering,2
0xd90e2f925da726b50c4ed8d0fb90ad053324f31b,0x910cbd523d972eb0a6f4cae4618ad62622b39dbf,internal_eth,10.0,,,0x69a0c4868413312c0da68d5f01ee1f7061ca1edfdd8f7215f37fda94a7d8b1eb,1645774889,candidate_layering,2
0xd90e2f925da726b50c4ed8d0fb90ad053324f31b,0x47ce0c6ed5b0ce3d3a51fdb1c52dc66a7c3c2936,internal_eth,1.0,,,0xb4d226e7800040b3414fd89ccfa7b46576ee3f391295fed95fbdfb5f7f8f269f,1645775025,candidate_layering,2
0xd90e2f925da726b50c4ed8d0fb90ad053324f31b,0xa160cdab225685da1d56aa342ad8841c3b53f291,internal_eth,100.0,,,0xa1acd62f4b610f733c8e4729fd03a53968a68f6bf4ab8b15c6407daa827a45fc,1645776617,candidate_layering,2
0xd90e2f925da726b50c4ed8d0fb90ad053324f31b,0x910cbd523d972eb0a6f4cae4618ad62622b39dbf,internal_eth,10.0,,,0x7150bbca6b2c19b96592887767aab52506cc07fe96e1cca018bc30754db79c68,1645776653,candidate_layering,2
0xd90e2f925da726b50c4ed8d0fb90ad053324f31b,0x910cbd523d972eb0a6f4cae4618ad62622b39dbf,internal_eth,10.0,,,0x7d36e2f384b93a6b93f888dd5eb444d253537d3f75ddb3ec4ef5eccafada5ff1,1645776665,candidate_layering,2
0xd90e2f925da726b50c4ed8d0fb90ad053324f31b,0x910cbd523d972eb0a6f4cae4618ad62622b39dbf,internal_eth,10.0,,,0x52533651a0ea64ef6f62afd5b35d3e294253ac5b5861a9a164ec6d7fcd164f94,1645776691,candidate_layering,2
0xd90e2f925da726b50c4ed8d0fb90ad053324f31b,0x910cbd523d972eb0a6f4cae4618ad62622b39dbf,internal_eth,10.0,,,0x253fb40edff5ef490c4a7b70d3d0003f5a124653f01517fd13509824e3c5e6de,1645776739,candidate_layering,2
0xd90e2f925da726b50c4ed8d0fb90ad053324f31b,0x910cbd523d972eb0a6f4cae4618ad62622b39dbf,internal_eth,10.0,,,0x23b4fa738d5b9a359b6a30ad4a3c828988903a638f2bf37e1cc3e812e99b3a74,1645776747,candidate_layering,2
0xd90e2f925da726b50c4ed8d0fb90ad053324f31b,0x910cbd523d972eb0a6f4cae4618ad62622b39dbf,internal_eth,10.0,,,0x89c4e1a6a644bb69521533dd6a4566bae61c019fd46e26982ab3c92d48381b57,1645776790,candidate_layering,2
0xd90e2f925da726b50c4ed8d0fb90ad053324f31b,0x910cbd523d972eb0a6f4cae4618ad62622b39dbf,internal_eth,10.0,,,0x0a69e017c53524bc270b81826de5a6071833011e589a405f9f0f0dc26f8bc2ce,1645776804,candidate_layering,2
0xd90e2f925da726b50c4ed8d0fb90ad053324f31b,0x910cbd523d972eb0a6f4cae4618ad62622b39dbf,internal_eth,10.0,,,0x4f9e9da03a72e69014b825d02584e94a373267527856a780183174e7177d9fa5,1645777128,candidate_layering,2
0xd90e2f925da726b50c4ed8d0fb90ad053324f31b,0x47ce0c6ed5b0ce3d3a51fdb1c52dc66a7c3c2936,internal_eth,1.0,,,0x67ce43a7f5c60608acec3d0d20c7d8abe99840c9ee10bfcaa2294c1084680d88,1645777389,candidate_layering,2
0xd90e2f925da726b50c4ed8d0fb90ad053324f31b,0x47ce0c6ed5b0ce3d3a51fdb1c52dc66a7c3c2936,internal_eth,1.0,,,0xd2f1245e75b4e6da2a503e5d64e59d2a7d07a54bdc8d05cb6bc74143fb592378,1645778471,candidate_layering,2
0xd90e2f925da726b50c4ed8d0fb90ad053324f31b,0x910cbd523d972eb0a6f4cae4618ad62622b39dbf,internal_eth,10.0,,,0xa637c057d244929847f35e924df194b97c634fd15ef2c72e1a52a46779ef7cf8,1645778823,candidate_layering,2
0xd90e2f925da726b50c4ed8d0fb90ad053324f31b,0x12d66f87a04a9e220743712ce6d9bb1b5616b8fc,internal_eth,0.1,,,0x2b531e3cf622765bf78fb366fac54ea8eb62807b7175ed8577a605efce129dfa,1645779743,candidate_layering,2
0xd90e2f925da726b50c4ed8d0fb90ad053324f31b,0xa160cdab225685da1d56aa342ad8841c3b53f291,internal_eth,100.0,,,0xd971f461ba836e1e7b896f6934bf9f5f86d6236773bde8b0ca301e3dc502da3b,1645780271,candidate_layering,2
0xd90e2f925da726b50c4ed8d0fb90ad053324f31b,0xa160cdab225685da1d56aa342ad8841c3b53f291,internal_eth,100.0,,,0x01141adb8bf59d41a8c2282a36ed3e34ef0dd4a2a8d53ac342db68530eeb2560,1645780271,candidate_layering,2
0xd90e2f925da726b50c4ed8d0fb90ad053324f31b,0xa160cdab225685da1d56aa342ad8841c3b53f291,internal_eth,100.0,,,0xa21b4b14b73a2a218924190cff3c800433a9f72464091548c4d953c75b0c82bd,1645780271,candidate_layering,2
0xd90e2f925da726b50c4ed8d0fb90ad053324f31b,0xa160cdab225685da1d56aa342ad8841c3b53f291,internal_eth,100.0,,,0x81a8430fb2b6c6d2d5608f9496287a2b17ca6cd30d6747f95392354eb80b1c53,1645780609,candidate_layering,2
0xd90e2f925da726b50c4ed8d0fb90ad053324f31b,0x12d66f87a04a9e220743712ce6d9bb1b5616b8fc,internal_eth,0.1,,,0x3ff5c68d7f880d1de5057285ea19acbc841d7a417a98075a15d50aadba3d2ce0,1645781045,candidate_layering,2
0xd90e2f925da726b50c4ed8d0fb90ad053324f31b,0xa160cdab225685da1d56aa342ad8841c3b53f291,internal_eth,100.0,,,0xe5d7a03d10ce84d16d377fe08a80c37e20d28ed2296e8f57f0dbcda354638be9,1645782109,candidate_layering,2
0xd90e2f925da726b50c4ed8d0fb90ad053324f31b,0x47ce0c6ed5b0ce3d3a51fdb1c52dc66a7c3c2936,internal_eth,1.0,,,0xb3a214574c04a0f8acae9a4c488c6c3e8f6671d6d3941ffe3f91a012ace84de5,1645782143,candidate_layering,2
0xd90e2f925da726b50c4ed8d0fb90ad053324f31b,0x47ce0c6ed5b0ce3d3a51fdb1c52dc66a7c3c2936,internal_eth,1.0,,,0x68342af42664c37788cd5d083b08e143fc54c203b60a1e35eae2c2ce51b6e0e2,1645782184,candidate_layering,2
0xd90e2f925da726b50c4ed8d0fb90ad053324f31b,0x47ce0c6ed5b0ce3d3a51fdb1c52dc66a7c3c2936,internal_eth,1.0,,,0x1ab0de24b3f2fc144708ae740d60c4bef085f3b9ad4ece66f49fff46afe08f55,1645782214,candidate_layering,2
0xd90e2f925da726b50c4ed8d0fb90ad053324f31b,0x910cbd523d972eb0a6f4cae4618ad62622b39dbf,internal_eth,10.0,,,0x26adffa8182172b28d1e656b44ea74d1b20d9e95ec4d27e9243e40a8d2a0c460,1645783558,candidate_layering,2
0xd90e2f925da726b50c4ed8d0fb90ad053324f31b,0x47ce0c6ed5b0ce3d3a51fdb1c52dc66a7c3c2936,internal_eth,1.0,,,0xb844a58b60f612d748e96d10a7426783a4cf9c448ea147b83df7131338f1de93,1645783976,candidate_layering,2
0xd90e2f925da726b50c4ed8d0fb90ad053324f31b,0x47ce0c6ed5b0ce3d3a51fdb1c52dc66a7c3c2936,internal_eth,1.0,,,0x7c70e48587d3e55b34d558e1d29b9c5fc28b907933927b62d1912da0972ee8da,1645784613,candidate_layering,2
0xd90e2f925da726b50c4ed8d0fb90ad053324f31b,0x910cbd523d972eb0a6f4cae4618ad62622b39dbf,internal_eth,10.0,,,0x9e50ba2e93780da63487ef90b2a76447c526943256c4b34f0c11af0217097767,1645785908,candidate_layering,2
0xd90e2f925da726b50c4ed8d0fb90ad053324f31b,0x910cbd523d972eb0a6f4cae4618ad62622b39dbf,internal_eth,10.0,,,0x35976b72b07fbff50aea9d20b0908a0f17394eb95bda25b013ffd79c85e77265,1645785964,candidate_layering,2
0xd90e2f925da726b50c4ed8d0fb90ad053324f31b,0x910cbd523d972eb0a6f4cae4618ad62622b39dbf,internal_eth,10.0,,,0x902927a5aa5cfafe4e0293d98e9f74d62faff9f1ff3fcc38af4c9d74799ebfc2,1645785972,candidate_layering,2
0xd90e2f925da726b50c4ed8d0fb90ad053324f31b,0x910cbd523d972eb0a6f4cae4618ad62622b39dbf,internal_eth,10.0,,,0x0f0bddc26a9884dc0f16abb920164a35e04549654021a317311566eaeebbece6,1645786008,candidate_layering,2
0xd90e2f925da726b50c4ed8d0fb90ad053324f31b,0x12d66f87a04a9e220743712ce6d9bb1b5616b8fc,internal_eth,0.1,,,0x4188652cb00252ac38a157b4b13e5526145b55895a59eee531abb6ce04efe940,1645786242,candidate_layering,2
0xd90e2f925da726b50c4ed8d0fb90ad053324f31b,0xa160cdab225685da1d56aa342ad8841c3b53f291,internal_eth,100.0,,,0x56031c29e712f178f3bf58f36126a77b7aa053a2b266f9025959fee73b319737,1645786675,candidate_layering,2
0xd90e2f925da726b50c4ed8d0fb90ad053324f31b,0x12d66f87a04a9e220743712ce6d9bb1b5616b8fc,internal_eth,0.1,,,0xf7302b90651dfcc90f14d2560fb28258ebe3d0a38e5e4aa278bfb5b65515c157,1645787780,candidate_layering,2
0xd90e2f925da726b50c4ed8d0fb90ad053324f31b,0x47ce0c6ed5b0ce3d3a51fdb1c52dc66a7c3c2936,internal_eth,1.0,,,0xc6614310b53e632a85ffd156e7daacc27eea612eb93cbf819115af5d43f4d5f0,1645787855,candidate_layering,2
0xd90e2f925da726b50c4ed8d0fb90ad053324f31b,0x47ce0c6ed5b0ce3d3a51fdb1c52dc66a7c3c2936,internal_eth,1.0,,,0x519cd58cdf3e12375ef45c18abdf6532dbb650a0dc181b8d1441c33e50ad0150,1645787876,candidate_layering,2
0xd90e2f925da726b50c4ed8d0fb90ad053324f31b,0xa160cdab225685da1d56aa342ad8841c3b53f291,internal_eth,100.0,,,0x32abd909f87e8e5f3df19727b274818cc4aaac38a2ef8d649a076a3ad894649c,1645788050,candidate_layering,2
0xd90e2f925da726b50c4ed8d0fb90ad053324f31b,0x910cbd523d972eb0a6f4cae4618ad62622b39dbf,internal_eth,10.0,,,0xb74cc57ff606b64fe19131f63e545d6e88dac8cc7f8602b38b5fb2481f13dc23,1645789002,candidate_layering,2
0xd90e2f925da726b50c4ed8d0fb90ad053324f31b,0x910cbd523d972eb0a6f4cae4618ad62622b39dbf,internal_eth,10.0,,,0x2de46b029a2144a818376d1d5c306113d8b678e2c4e0b7e4a6f298a8a8ed81a6,1645789100,candidate_layering,2
0xd90e2f925da726b50c4ed8d0fb90ad053324f31b,0xa160cdab225685da1d56aa342ad8841c3b53f291,internal_eth,100.0,,,0xe475046fe57e5c48e9c2160b5a2c84bd78483df0d329f9555d6005f289d6f3c2,1645789129,candidate_layering,2
0xd90e2f925da726b50c4ed8d0fb90ad053324f31b,0x910cbd523d972eb0a6f4cae4618ad62622b39dbf,internal_eth,10.0,,,0xc85bc898a9aa91f8d8fc4cc7f68870ff55496e31edf577e531348de5ab2782eb,1645789654,candidate_layering,2
0xd90e2f925da726b50c4ed8d0fb90ad053324f31b,0x910cbd523d972eb0a6f4cae4618ad62622b39dbf,internal_eth,10.0,,,0x389e595cec0c42cd9fb82229a54e857f926bbc72769c1cf5fb242499aa463786,1645789730,candidate_layering,2
0xd90e2f925da726b50c4ed8d0fb90ad053324f31b,0x910cbd523d972eb0a6f4cae4618ad62622b39dbf,internal_eth,10.0,,,0x7f76d2b13b17af1420fd63bf46698a1421afbc16a20d886158c02a7a24f0af17,1645789796,candidate_layering,2
0xd90e2f925da726b50c4ed8d0fb90ad053324f31b,0x910cbd523d972eb0a6f4cae4618ad62622b39dbf,internal_eth,10.0,,,0x7b51234a650fb5cb0a7b2cc985f2bb7402298065ea9a1fd57ce046fefc67b149,1645789838,candidate_layering,2
0xd90e2f925da726b50c4ed8d0fb90ad053324f31b,0x910cbd523d972eb0a6f4cae4618ad62622b39dbf,internal_eth,10.0,,,0x5f2f5909cdae5ffe5830eda6e0274d194ae516dff096e44a73c7bb4bb8698e5b,1645789905,candidate_layering,2
0xd90e2f925da726b50c4ed8d0fb90ad053324f31b,0x910cbd523d972eb0a6f4cae4618ad62622b39dbf,internal_eth,10.0,,,0x4d33e0d27e606e85efe94da1bc41c70fbda36c61ce1e583b72e6f7b1af9e3116,1645789930,candidate_layering,2
0xd90e2f925da726b50c4ed8d0fb90ad053324f31b,0x910cbd523d972eb0a6f4cae4618ad62622b39dbf,internal_eth,10.0,,,0x958db248cd8d8b7638e440af078c257ddff18ea5ae2a62c1598f64d9358b8c8f,1645790019,candidate_layering,2
0xd90e2f925da726b50c4ed8d0fb90ad053324f31b,0x910cbd523d972eb0a6f4cae4618ad62622b39dbf,internal_eth,10.0,,,0x447fcddc32602aa8c1559a734892b3cb0e217dafb3b492cd17e30641775a0cf5,1645790031,candidate_layering,2
0xd90e2f925da726b50c4ed8d0fb90ad053324f31b,0x12d66f87a04a9e220743712ce6d9bb1b5616b8fc,internal_eth,0.1,,,0x0afb187c3c04d34b6d20a555a97604549e11626db99213e9924e0d98edf304f9,1645790123,candidate_layering,2
0xd90e2f925da726b50c4ed8d0fb90ad053324f31b,0x12d66f87a04a9e220743712ce6d9bb1b5616b8fc,internal_eth,0.1,,,0x72700131519f6b49a5bdf4970635c2463bcbcdc6be488bfe37889595c077425b,1645790136,candidate_layering,2
0xd90e2f925da726b50c4ed8d0fb90ad053324f31b,0x12d66f87a04a9e220743712ce6d9bb1b5616b8fc,internal_eth,0.1,,,0x1f361cb7067cb296b00c4f63c282562be8776be6763d4310b47557cba5865dea,1645790196,candidate_layering,2
0xd90e2f925da726b50c4ed8d0fb90ad053324f31b,0x12d66f87a04a9e220743712ce6d9bb1b5616b8fc,internal_eth,0.1,,,0xbb0a843ff74a5aa3df80488bf4933e3032b4caa7ccca020c6a84e7e20afe67a9,1645790253,candidate_layering,2
0xd90e2f925da726b50c4ed8d0fb90ad053324f31b,0x12d66f87a04a9e220743712ce6d9bb1b5616b8fc,internal_eth,0.1,,,0xeeff8c1f49aed4ec80e3da85019f08e798b8cbe730fef8c562f7e26c45372783,1645790308,candidate_layering,2
0xd90e2f925da726b50c4ed8d0fb90ad053324f31b,0xa160cdab225685da1d56aa342ad8841c3b53f291,internal_eth,100.0,,,0xe87e729b0686c1c8b7cf978a93d40b99322bc19f1d7b04992fa961aba48c4dcd,1645793877,candidate_layering,2
0xd90e2f925da726b50c4ed8d0fb90ad053324f31b,0xa160cdab225685da1d56aa342ad8841c3b53f291,internal_eth,100.0,,,0xbca8388aa81f55647063bfd453728b92412d7d350f9b34894c77d9497e5837e0,1645793973,candidate_layering,2
0xd90e2f925da726b50c4ed8d0fb90ad053324f31b,0x47ce0c6ed5b0ce3d3a51fdb1c52dc66a7c3c2936,internal_eth,1.0,,,0xb5677a0ac61bb0dd3284fa4f926942d6225e6e8854a49c83838bf5611d649e5b,1645794093,candidate_layering,2
0xd90e2f925da726b50c4ed8d0fb90ad053324f31b,0x47ce0c6ed5b0ce3d3a51fdb1c52dc66a7c3c2936,internal_eth,1.0,,,0x676bd5fc8a94b70644a870d08ab1698cef31926ef2a5f33922e440611bdf53d7,1645794142,candidate_layering,2
0xd90e2f925da726b50c4ed8d0fb90ad053324f31b,0xa160cdab225685da1d56aa342ad8841c3b53f291,internal_eth,100.0,,,0x996499c442ca7ba8de3ea1e1a1a43ccb75bd965d36d45a158f0529b199b83fa5,1645794336,candidate_layering,2
0xd90e2f925da726b50c4ed8d0fb90ad053324f31b,0x47ce0c6ed5b0ce3d3a51fdb1c52dc66a7c3c2936,internal_eth,1.0,,,0x44c9aab5f5e54e3d9cac6bba523607f7dc83b705b004fafc2b20486f4340e46a,1645794565,candidate_layering,2
0xd90e2f925da726b50c4ed8d0fb90ad053324f31b,0xa160cdab225685da1d56aa342ad8841c3b53f291,internal_eth,100.0,,,0x871ff34db8c6d8246496c2053770c819c3dd275b58b7a14370ca9edc2d821ce4,1645794946,candidate_layering,2
0xd90e2f925da726b50c4ed8d0fb90ad053324f31b,0xa160cdab225685da1d56aa342ad8841c3b53f291,internal_eth,100.0,,,0x093ec6484161365ac69caf2d96da419b3e57f509734ad1cdc58a0f43c712999d,1645795777,candidate_layering,2
0xd90e2f925da726b50c4ed8d0fb90ad053324f31b,0x910cbd523d972eb0a6f4cae4618ad62622b39dbf,internal_eth,10.0,,,0xc92bf15514729458d40ef9d881f0ada87d6a9c344d8a810bae0e8152ebbe0ff3,1645795917,candidate_layering,2
0xd90e2f925da726b50c4ed8d0fb90ad053324f31b,0x910cbd523d972eb0a6f4cae4618ad62622b39dbf,internal_eth,10.0,,,0x8b477d901e5ed3e853ebab40adebadd64ed4b02d2659f5d1ab654751eecc1eb9,1645796003,candidate_layering,2
0xd90e2f925da726b50c4ed8d0fb90ad053324f31b,0x910cbd523d972eb0a6f4cae4618ad62622b39dbf,internal_eth,10.0,,,0x64abbf8a054edbb2b600c95e8ad4581b21c5c2abdc9da1491fa18411b439af98,1645796061,candidate_layering,2
0xd90e2f925da726b50c4ed8d0fb90ad053324f31b,0x910cbd523d972eb0a6f4cae4618ad62622b39dbf,internal_eth,10.0,,,0x4484c19d5080446a5430d3c2901a9a6e29e9bbfb88ea74396e7a709bc66e4b02,1645796089,candidate_layering,2
0xd90e2f925da726b50c4ed8d0fb90ad053324f31b,0x910cbd523d972eb0a6f4cae4618ad62622b39dbf,internal_eth,10.0,,,0xf0ebf919d8348abbcea116504ab9dfc590268b13aba334283562e99937a49c5d,1645796167,candidate_layering,2
0xd90e2f925da726b50c4ed8d0fb90ad053324f31b,0x910cbd523d972eb0a6f4cae4618ad62622b39dbf,internal_eth,10.0,,,0xca4708881e5f6f84eb1d6580d41a5dd77885a3d46bc8bd20be0bc93031230a0a,1645796234,candidate_layering,2
0xd90e2f925da726b50c4ed8d0fb90ad053324f31b,0xa160cdab225685da1d56aa342ad8841c3b53f291,internal_eth,100.0,,,0xfed4346f6be850d64893c2a66ba908bf4187c75e3226947c793a20876874951a,1645796358,candidate_layering,2
0xd90e2f925da726b50c4ed8d0fb90ad053324f31b,0x47ce0c6ed5b0ce3d3a51fdb1c52dc66a7c3c2936,internal_eth,1.0,,,0xababb0dcec7682a0695888918a6c187f2579cd41420af5242ab52ca3ecc677a3,1645796464,candidate_layering,2
0xd90e2f925da726b50c4ed8d0fb90ad053324f31b,0x47ce0c6ed5b0ce3d3a51fdb1c52dc66a7c3c2936,internal_eth,1.0,,,0xd9962b84a7171552a257e0b0edca86e9ad40f1739df6a857404a269cb64866e2,1645796507,candidate_layering,2
0xd90e2f925da726b50c4ed8d0fb90ad053324f31b,0x47ce0c6ed5b0ce3d3a51fdb1c52dc66a7c3c2936,internal_eth,1.0,,,0xe927231676af77962c68cfd933312dc66d5bf47e15b92a50a450ee99ac47df7d,1645796592,candidate_layering,2
0xd90e2f925da726b50c4ed8d0fb90ad053324f31b,0x47ce0c6ed5b0ce3d3a51fdb1c52dc66a7c3c2936,internal_eth,1.0,,,0x28097b2bccdeab784946f04d06b2198bd577ff3e38adc8c5b71dac1b489844b1,1645796717,candidate_layering,2
0xd90e2f925da726b50c4ed8d0fb90ad053324f31b,0x910cbd523d972eb0a6f4cae4618ad62622b39dbf,internal_eth,10.0,,,0xe32fa7d49f969fcc9cd3a415d5f8c7ccc829ab99d3ccd9f2a677d03b1d7c7714,1645796727,candidate_layering,2
0xd90e2f925da726b50c4ed8d0fb90ad053324f31b,0x910cbd523d972eb0a6f4cae4618ad62622b39dbf,internal_eth,10.0,,,0x024b01b23d94db665daa6c80e6545bb1a2161af0d90e58173ca207838988fbf4,1645796800,candidate_layering,2
0xd90e2f925da726b50c4ed8d0fb90ad053324f31b,0x910cbd523d972eb0a6f4cae4618ad62622b39dbf,internal_eth,10.0,,,0xc19a6ba399bd5cfe8aa573d0a28285e45fd1acbdbfb73866312345102628bfa7,1645796831,candidate_layering,2
0xd90e2f925da726b50c4ed8d0fb90ad053324f31b,0x910cbd523d972eb0a6f4cae4618ad62622b39dbf,internal_eth,10.0,,,0x8db7d5f85fdb0a83fdc73d26a0113e315c9728a3f982b0bdc67208630dd03ae2,1645796866,candidate_layering,2
0xd90e2f925da726b50c4ed8d0fb90ad053324f31b,0x47ce0c6ed5b0ce3d3a51fdb1c52dc66a7c3c2936,internal_eth,1.0,,,0xe56711d7e40efe1c55a924acb061a97668f8a1919c06024ef3fe98654a66da6a,1645796882,candidate_layering,2
0xd90e2f925da726b50c4ed8d0fb90ad053324f31b,0x910cbd523d972eb0a6f4cae4618ad62622b39dbf,internal_eth,10.0,,,0x530f6e3775d843d9c7111dfb8a1b0416196438fd2add93baf2c4db70561ef422,1645796917,candidate_layering,2
0xd90e2f925da726b50c4ed8d0fb90ad053324f31b,0x910cbd523d972eb0a6f4cae4618ad62622b39dbf,internal_eth,10.0,,,0x88e6553fa18f255d49fac92f8008f930cc174e22ce69f83a9234e166dbedd8b0,1645796991,candidate_layering,2
0xd90e2f925da726b50c4ed8d0fb90ad053324f31b,0x910cbd523d972eb0a6f4cae4618ad62622b39dbf,internal_eth,10.0,,,0x194850ac59d8b40fdedda6fcee6188cb7d91852ef7138f4085a75ab3f49bee63,1645797238,candidate_layering,2
0xd90e2f925da726b50c4ed8d0fb90ad053324f31b,0x910cbd523d972eb0a6f4cae4618ad62622b39dbf,internal_eth,10.0,,,0xc0389a3f2b7de704c599a6e1a653149683f6f8a245513f4a224867a6139c26c5,1645797289,candidate_layering,2
0xd90e2f925da726b50c4ed8d0fb90ad053324f31b,0x910cbd523d972eb0a6f4cae4618ad62622b39dbf,internal_eth,10.0,,,0x0d9509653b18f8d32527ee252f82a98ee793dffb8e562fdbc7c1b0c29eb44e87,1645797340,candidate_layering,2
0xd90e2f925da726b50c4ed8d0fb90ad053324f31b,0x47ce0c6ed5b0ce3d3a51fdb1c52dc66a7c3c2936,internal_eth,1.0,,,0x319be0922099c6e73584581230421d2889e9dfa7cc6998e5e25e64ff35af243d,1645797475,candidate_layering,2
0xd90e2f925da726b50c4ed8d0fb90ad053324f31b,0x910cbd523d972eb0a6f4cae4618ad62622b39dbf,internal_eth,10.0,,,0x004cc8b834f18e4497c530afabf529d0abf55a9eef04c1fe3054602219ed1be9,1645797956,candidate_layering,2
0xd90e2f925da726b50c4ed8d0fb90ad053324f31b,0x910cbd523d972eb0a6f4cae4618ad62622b39dbf,internal_eth,10.0,,,0x715a17c0f5844328d43ffa778b16fedc6a82a473b11fb95024c5b008b5ddfd5b,1645798059,candidate_layering,2
0xd90e2f925da726b50c4ed8d0fb90ad053324f31b,0x47ce0c6ed5b0ce3d3a51fdb1c52dc66a7c3c2936,internal_eth,1.0,,,0x5cd39fd7486a30ff5833975e23343af1d7bec663f5dca904f43da2aa43b78da6,1645798059,candidate_layering,2
0xd90e2f925da726b50c4ed8d0fb90ad053324f31b,0x910cbd523d972eb0a6f4cae4618ad62622b39dbf,internal_eth,10.0,,,0x4b56e6226c501c9f90819010a6276b356830760de8e36f8ff60347417c5be27b,1645798273,candidate_layering,2
0xd90e2f925da726b50c4ed8d0fb90ad053324f31b,0x47ce0c6ed5b0ce3d3a51fdb1c52dc66a7c3c2936,internal_eth,1.0,,,0x80e6b7bfd57d38cd84c84a2dc89193ad2119b754de454ca58fb56a5a4c3d9f98,1645798292,candidate_layering,2
0xd90e2f925da726b50c4ed8d0fb90ad053324f31b,0x47ce0c6ed5b0ce3d3a51fdb1c52dc66a7c3c2936,internal_eth,1.0,,,0x5be3992dc9ffcd39f108d6762421e0a04f7ff795fc62af3753a2a619e6a7a42a,1645798344,candidate_layering,2
0xd90e2f925da726b50c4ed8d0fb90ad053324f31b,0x47ce0c6ed5b0ce3d3a51fdb1c52dc66a7c3c2936,internal_eth,1.0,,,0x6185f107b08df243da0b0ec5724b03b302e172b72a5ac0f0a7c7b6eda1e5b12c,1645798371,candidate_layering,2
0xd90e2f925da726b50c4ed8d0fb90ad053324f31b,0x910cbd523d972eb0a6f4cae4618ad62622b39dbf,internal_eth,10.0,,,0x6569545aaf09cc0e4cc2f6c6a73bc770bf12a2cef698663613f725100bbc4b9d,1645798371,candidate_layering,2
0xd90e2f925da726b50c4ed8d0fb90ad053324f31b,0x910cbd523d972eb0a6f4cae4618ad62622b39dbf,internal_eth,10.0,,,0xf9ad58f16ff03bc99fd9693af0d243d08f8a2aeaf85b2c4697424970f9f88589,1645798406,candidate_layering,2
0xd90e2f925da726b50c4ed8d0fb90ad053324f31b,0x910cbd523d972eb0a6f4cae4618ad62622b39dbf,internal_eth,10.0,,,0x23b2f2341637cd2df33cc0a123c6815ba5cac906f90e66222245847555346bdb,1645798465,candidate_layering,2
0xd90e2f925da726b50c4ed8d0fb90ad053324f31b,0x910cbd523d972eb0a6f4cae4618ad62622b39dbf,internal_eth,10.0,,,0xc5e5ae2fd9f19dd6510883676a19dcf6d0d4b271fb10058f77e3f9e7ee721f84,1645798564,candidate_layering,2
0xd90e2f925da726b50c4ed8d0fb90ad053324f31b,0x910cbd523d972eb0a6f4cae4618ad62622b39dbf,internal_eth,10.0,,,0xe0516af9211f1ded89835cada6058f265fb556f96911db875739f9c6c132e4aa,1645798603,candidate_layering,2
0xd90e2f925da726b50c4ed8d0fb90ad053324f31b,0x910cbd523d972eb0a6f4cae4618ad62622b39dbf,internal_eth,10.0,,,0xe0dbc9b2af25aca37635480f7adada2dfa993607539e960c7bf94054fac5ab63,1645798796,candidate_layering,2
0xd90e2f925da726b50c4ed8d0fb90ad053324f31b,0x910cbd523d972eb0a6f4cae4618ad62622b39dbf,internal_eth,10.0,,,0x6a0f35c73e0df7a407bd474aec48e18614d9967b3985da5c71ced77c8b066b2b,1645798844,candidate_layering,2
0xd90e2f925da726b50c4ed8d0fb90ad053324f31b,0x910cbd523d972eb0a6f4cae4618ad62622b39dbf,internal_eth,10.0,,,0x98710d7c43d0ff5950440d04ebd109ddc05e081d571a7d9478cc2f67c706ed69,1645798872,candidate_layering,2
0xd90e2f925da726b50c4ed8d0fb90ad053324f31b,0x910cbd523d972eb0a6f4cae4618ad62622b39dbf,internal_eth,10.0,,,0xd88afbb254d2dddedc7456cd9255749fd5d9c56a17de445c959ee119be86791d,1645798906,candidate_layering,2
0xd90e2f925da726b50c4ed8d0fb90ad053324f31b,0x47ce0c6ed5b0ce3d3a51fdb1c52dc66a7c3c2936,internal_eth,1.0,,,0xc0123be76ccfdb7920d25b12be3f423250b12cc70c2f8f310b505c3344c5885e,1645798948,candidate_layering,2
0xd90e2f925da726b50c4ed8d0fb90ad053324f31b,0x910cbd523d972eb0a6f4cae4618ad62622b39dbf,internal_eth,10.0,,,0x9d73ccb51d109174c67cc9c85eb3f82ae5cbeff73b8c7f23ab2290a00ea339c9,1645798970,candidate_layering,2
0xd90e2f925da726b50c4ed8d0fb90ad053324f31b,0xa160cdab225685da1d56aa342ad8841c3b53f291,internal_eth,100.0,,,0x305120f8c2eedcbe88982e119d877459f3919eb4974a26d94b8eb03f9406fd34,1645799053,candidate_layering,2
0xd90e2f925da726b50c4ed8d0fb90ad053324f31b,0xa160cdab225685da1d56aa342ad8841c3b53f291,internal_eth,100.0,,,0xcc80ec667a2086cbba0b711a2a63e36576d8097cc9c996a68936cec4f12e0fda,1645799147,candidate_layering,2
0xd90e2f925da726b50c4ed8d0fb90ad053324f31b,0x910cbd523d972eb0a6f4cae4618ad62622b39dbf,internal_eth,10.0,,,0xbe5cbda1ac6a5fef3d00ea778b40b2162e8bbb3d48cc8cdd06441d9b2c4d17f0,1645799210,candidate_layering,2
0xd90e2f925da726b50c4ed8d0fb90ad053324f31b,0x910cbd523d972eb0a6f4cae4618ad62622b39dbf,internal_eth,10.0,,,0xabfb48f1548955b104a7e95f7b428a5969a8ff3cd06c49cb8aa7c952cedafb21,1645799288,candidate_layering,2
0xd90e2f925da726b50c4ed8d0fb90ad053324f31b,0x910cbd523d972eb0a6f4cae4618ad62622b39dbf,internal_eth,10.0,,,0x8c16915fc5645f2fcdd48ebacf498c7b96a7a6f4d2af36ec5c430285fd1099f9,1645799321,candidate_layering,2
0xd90e2f925da726b50c4ed8d0fb90ad053324f31b,0x910cbd523d972eb0a6f4cae4618ad62622b39dbf,internal_eth,10.0,,,0x96bd7e11ac532c7d06c1beb24567fdaa55f734a71c5ab6b0cf122d559f6bfb87,1645799346,candidate_layering,2
0xd90e2f925da726b50c4ed8d0fb90ad053324f31b,0x910cbd523d972eb0a6f4cae4618ad62622b39dbf,internal_eth,10.0,,,0x48745332f72816474e0d913032f3316431fb3b3ab15e1e52ad5b731a78c1011b,1645799364,candidate_layering,2
0xd90e2f925da726b50c4ed8d0fb90ad053324f31b,0x910cbd523d972eb0a6f4cae4618ad62622b39dbf,internal_eth,10.0,,,0x7b9828cf247a26711ede1005d27e3d7bd8678cadfa88a2331c34691fe90ef229,1645799370,candidate_layering,2
0xd90e2f925da726b50c4ed8d0fb90ad053324f31b,0x910cbd523d972eb0a6f4cae4618ad62622b39dbf,internal_eth,10.0,,,0x6cac25be786ee39342ff1d9b4eadf4f4eda195087fae288ef40e3616d15ad9a7,1645799410,candidate_layering,2
0xd90e2f925da726b50c4ed8d0fb90ad053324f31b,0x910cbd523d972eb0a6f4cae4618ad62622b39dbf,internal_eth,10.0,,,0x1a2eb4622a8fde92a91fbbf2579524baf651d89f6c576d2fd12a72515a1afae7,1645799464,candidate_layering,2
0xd90e2f925da726b50c4ed8d0fb90ad053324f31b,0x910cbd523d972eb0a6f4cae4618ad62622b39dbf,internal_eth,10.0,,,0x355e7a74e52e552cfcbb01260166805e6002ef98354735d38026e0dd71f41049,1645799505,candidate_layering,2
0xd90e2f925da726b50c4ed8d0fb90ad053324f31b,0x47ce0c6ed5b0ce3d3a51fdb1c52dc66a7c3c2936,internal_eth,1.0,,,0xf1f369f9d9e63eb8a77920eb59e0d9e1526c7034400ddc67c324c9aa141f39d5,1645799549,candidate_layering,2
0xd90e2f925da726b50c4ed8d0fb90ad053324f31b,0x47ce0c6ed5b0ce3d3a51fdb1c52dc66a7c3c2936,internal_eth,1.0,,,0x16b8d96f7b1d0b80900f293839d88316839ef549421a24916c0409c83b784115,1645799549,candidate_layering,2
0xd90e2f925da726b50c4ed8d0fb90ad053324f31b,0xa160cdab225685da1d56aa342ad8841c3b53f291,internal_eth,100.0,,,0x7497289103c40238a77618b40288d36a70269d34f4361d91c80ea0afac5169a4,1645799693,candidate_layering,2
0xd90e2f925da726b50c4ed8d0fb90ad053324f31b,0xa160cdab225685da1d56aa342ad8841c3b53f291,internal_eth,100.0,,,0x2ecd95c69fb52c63bd6d01b637458bd3cecbd45a5a02d7baf09fd0d345604608,1645799767,candidate_layering,2
0xd90e2f925da726b50c4ed8d0fb90ad053324f31b,0x47ce0c6ed5b0ce3d3a51fdb1c52dc66a7c3c2936,internal_eth,1.0,,,0x558c4e6c3eccd51b21d815d73945f4264fa6435f0c1b0308780b69fa302a2721,1645799846,candidate_layering,2
0xd90e2f925da726b50c4ed8d0fb90ad053324f31b,0x47ce0c6ed5b0ce3d3a51fdb1c52dc66a7c3c2936,internal_eth,1.0,,,0xa6732eebe5c999bd1e9b1ea36df8022b5a01974e5315f7301b30c8f107f0e190,1645799870,candidate_layering,2
0xd90e2f925da726b50c4ed8d0fb90ad053324f31b,0x47ce0c6ed5b0ce3d3a51fdb1c52dc66a7c3c2936,internal_eth,1.0,,,0x5817dd7a9403af832734ac3f67221cc876e6a66baa900b13f4afc6ee4ef692cd,1645799913,candidate_layering,2
0xd90e2f925da726b50c4ed8d0fb90ad053324f31b,0x47ce0c6ed5b0ce3d3a51fdb1c52dc66a7c3c2936,internal_eth,1.0,,,0x7d96c7080ac42db06f6edabc4974c1eae1660d8930efd5444bbf83b23092c78e,1645799933,candidate_layering,2
0xd90e2f925da726b50c4ed8d0fb90ad053324f31b,0x47ce0c6ed5b0ce3d3a51fdb1c52dc66a7c3c2936,internal_eth,1.0,,,0xedac6c0a93f568aba18d7f16b3b8010f2fd5dc49b8b6be8c6ac6b22d091ed054,1645799968,candidate_layering,2
0xd90e2f925da726b50c4ed8d0fb90ad053324f31b,0xa160cdab225685da1d56aa342ad8841c3b53f291,internal_eth,100.0,,,0x4a68533a4f76e61b6838e8ef12d807d02c83a6d49e4e6419bb0f9eb0b7e99b15,1645800089,candidate_layering,2
0xd90e2f925da726b50c4ed8d0fb90ad053324f31b,0xa160cdab225685da1d56aa342ad8841c3b53f291,internal_eth,100.0,,,0xb5b577e1f93d5bdab3593c445ccd69f0b00799d5da5d751c7d75a1c75ee35bff,1645800176,candidate_layering,2
0xd90e2f925da726b50c4ed8d0fb90ad053324f31b,0x910cbd523d972eb0a6f4cae4618ad62622b39dbf,internal_eth,10.0,,,0x7345b33aceca3ac3a44bc8e54e8d049b4916d8d6a4947da4da1d528231a80a9e,1645800200,candidate_layering,2
0xd90e2f925da726b50c4ed8d0fb90ad053324f31b,0xa160cdab225685da1d56aa342ad8841c3b53f291,internal_eth,100.0,,,0x2df709494cc240a9ffc57b703e00aa336b2d34d47419cbd19fb87e0fc5192be0,1645800534,candidate_layering,2
0xd90e2f925da726b50c4ed8d0fb90ad053324f31b,0xa160cdab225685da1d56aa342ad8841c3b53f291,internal_eth,100.0,,,0xff94dd7fa5ea66bece46f3ea83d8ace60a6269d422ea8c1a1e949f3b3389a7d4,1645800608,candidate_layering,2
0xd90e2f925da726b50c4ed8d0fb90ad053324f31b,0x910cbd523d972eb0a6f4cae4618ad62622b39dbf,internal_eth,10.0,,,0xe868ead9c39d64e8f31e19f4af242028e4c9d2b235acf1d2627ab144dc113f4a,1645800668,candidate_layering,2
0xd90e2f925da726b50c4ed8d0fb90ad053324f31b,0x910cbd523d972eb0a6f4cae4618ad62622b39dbf,internal_eth,10.0,,,0xd3f9960fc56e44430ab18e64233b851bf7a6b363b846e32d9e3a4451308d392b,1645800703,candidate_layering,2
0xd90e2f925da726b50c4ed8d0fb90ad053324f31b,0x910cbd523d972eb0a6f4cae4618ad62622b39dbf,internal_eth,10.0,,,0x3b37855e9477303249709d35de123cb6d89c410bb5dbcd00be8304b38d3a332a,1645800729,candidate_layering,2
0xd90e2f925da726b50c4ed8d0fb90ad053324f31b,0x910cbd523d972eb0a6f4cae4618ad62622b39dbf,internal_eth,10.0,,,0xdf59fbb60fe9b4fbe4f46824816dc01eb0ad7b69ee4620000b7e7c6a6bd5d710,1645800785,candidate_layering,2
0xd90e2f925da726b50c4ed8d0fb90ad053324f31b,0x910cbd523d972eb0a6f4cae4618ad62622b39dbf,internal_eth,10.0,,,0xb83b05d3d47d834152d73e0364b342f894551047cb5a78162910606e109613ee,1645800857,candidate_layering,2
0xd90e2f925da726b50c4ed8d0fb90ad053324f31b,0x910cbd523d972eb0a6f4cae4618ad62622b39dbf,internal_eth,10.0,,,0x51c905073a892c08be1be3f8c18c35a70fb72ea4a5170b54ab39a77d90bb27b3,1645800895,candidate_layering,2
0xd90e2f925da726b50c4ed8d0fb90ad053324f31b,0x910cbd523d972eb0a6f4cae4618ad62622b39dbf,internal_eth,10.0,,,0x3b84e362d130796c5c52ea030a58cff3ada5f0a15217db5193749fa2203645a2,1645800932,candidate_layering,2
0xd90e2f925da726b50c4ed8d0fb90ad053324f31b,0x47ce0c6ed5b0ce3d3a51fdb1c52dc66a7c3c2936,internal_eth,1.0,,,0xab25787f6fed4bd49a051989ad169630caac74c8c6400312414d70ec18b0413a,1645800970,candidate_layering,2
0xd90e2f925da726b50c4ed8d0fb90ad053324f31b,0x910cbd523d972eb0a6f4cae4618ad62622b39dbf,internal_eth,10.0,,,0x0f33d4c2450b8229a4a4ef26c35fb947a35a45c42102b815687160703e70dc5b,1645800970,candidate_layering,2
0xd90e2f925da726b50c4ed8d0fb90ad053324f31b,0x910cbd523d972eb0a6f4cae4618ad62622b39dbf,internal_eth,10.0,,,0xac92d03336ea1369c5b6bf8b8583017566dbc8c39e6fb9c0ba17052394bb0aa9,1645801068,candidate_layering,2
0xd90e2f925da726b50c4ed8d0fb90ad053324f31b,0x47ce0c6ed5b0ce3d3a51fdb1c52dc66a7c3c2936,internal_eth,1.0,,,0xe34724823cc31dde614609f36d2a6b6261e9eeeab7f5ee922f2bcd384d27363f,1645801871,candidate_layering,2
0xd90e2f925da726b50c4ed8d0fb90ad053324f31b,0x47ce0c6ed5b0ce3d3a51fdb1c52dc66a7c3c2936,internal_eth,1.0,,,0x0072452045f3277fa0137b6671a6eabc0d0519f5720eca3dcd60d8b937e651dd,1645802164,candidate_layering,2
0xd90e2f925da726b50c4ed8d0fb90ad053324f31b,0x47ce0c6ed5b0ce3d3a51fdb1c52dc66a7c3c2936,internal_eth,1.0,,,0x2b031038b12f53be5fb2fa4a29d296662be603d6f7b1ba7eac0e00d3ff1ac983,1645802164,candidate_layering,2
0xd90e2f925da726b50c4ed8d0fb90ad053324f31b,0x47ce0c6ed5b0ce3d3a51fdb1c52dc66a7c3c2936,internal_eth,1.0,,,0x18ee1231328c28dd96e93cadc26e8567b0f3c5c7aa1a143c199166898d8e03e2,1645802168,candidate_layering,2
0xd90e2f925da726b50c4ed8d0fb90ad053324f31b,0x47ce0c6ed5b0ce3d3a51fdb1c52dc66a7c3c2936,internal_eth,1.0,,,0x16e8d5abb57835cc986789ca73cf8b33de28db2a3768d4bf2008b87b44865ffd,1645802535,candidate_layering,2
0xd90e2f925da726b50c4ed8d0fb90ad053324f31b,0x910cbd523d972eb0a6f4cae4618ad62622b39dbf,internal_eth,10.0,,,0x14bd5652e54e48a6bc387f6714cb59b14f7a8252b89087aae44a3ffe39814e83,1645802701,candidate_layering,2
0xd90e2f925da726b50c4ed8d0fb90ad053324f31b,0x910cbd523d972eb0a6f4cae4618ad62622b39dbf,internal_eth,10.0,,,0xc925183feb583ec499c60404a426c8d667ba40f86b4222ff53545c5e05aeb3c0,1645803147,candidate_layering,2
0xd90e2f925da726b50c4ed8d0fb90ad053324f31b,0x910cbd523d972eb0a6f4cae4618ad62622b39dbf,internal_eth,10.0,,,0xf23a6334bee4201f9aa08c46319ee6e7214fc17bfbbd02eed136cb22d043a7e2,1645803179,candidate_layering,2
0xd90e2f925da726b50c4ed8d0fb90ad053324f31b,0x47ce0c6ed5b0ce3d3a51fdb1c52dc66a7c3c2936,internal_eth,1.0,,,0x956f1749f2bbe7cb0317d4224b280e609758920c9cccb4560f932ed3befc25b5,1645803347,candidate_layering,2
0xd90e2f925da726b50c4ed8d0fb90ad053324f31b,0x47ce0c6ed5b0ce3d3a51fdb1c52dc66a7c3c2936,internal_eth,1.0,,,0x0bb67cbba54f15b64e3ce1a6af0a15009d9d1c34f8f312164e044268166f17b5,1645803375,candidate_layering,2
0xd90e2f925da726b50c4ed8d0fb90ad053324f31b,0x47ce0c6ed5b0ce3d3a51fdb1c52dc66a7c3c2936,internal_eth,1.0,,,0xf7936026e96cb2825fc742c31cf97d2118ae8c21394e5cf838e71ea8d86f3f20,1645804362,candidate_layering,2
0xd90e2f925da726b50c4ed8d0fb90ad053324f31b,0x910cbd523d972eb0a6f4cae4618ad62622b39dbf,internal_eth,10.0,,,0x6081387eaa40307dd087777ae4c0af4e83def08c3bfae8acc9697312aa2d6cb4,1645804387,candidate_layering,2
0xd90e2f925da726b50c4ed8d0fb90ad053324f31b,0x47ce0c6ed5b0ce3d3a51fdb1c52dc66a7c3c2936,internal_eth,1.0,,,0xa7e678a0e3141c228c89718893aedd7ca2382962925956a4d001ef8bf2254b36,1645804503,candidate_layering,2
0xd90e2f925da726b50c4ed8d0fb90ad053324f31b,0x47ce0c6ed5b0ce3d3a51fdb1c52dc66a7c3c2936,internal_eth,1.0,,,0xbff887a47cc94c578de576e51d034c4de7b9595ed603b9b6eeaebd111e23e69b,1645804551,candidate_layering,2
0xd90e2f925da726b50c4ed8d0fb90ad053324f31b,0x47ce0c6ed5b0ce3d3a51fdb1c52dc66a7c3c2936,internal_eth,1.0,,,0x891c571b37585614cde88ecbf7bd2501173020989a8d92716279572ffab6a19e,1645804615,candidate_layering,2
0xd90e2f925da726b50c4ed8d0fb90ad053324f31b,0x47ce0c6ed5b0ce3d3a51fdb1c52dc66a7c3c2936,internal_eth,1.0,,,0x428737c124de7d17f424612eb5d211474c4ee94a332836c54bbb6036d7df1f29,1645804628,candidate_layering,2
0xd90e2f925da726b50c4ed8d0fb90ad053324f31b,0x47ce0c6ed5b0ce3d3a51fdb1c52dc66a7c3c2936,internal_eth,1.0,,,0x5bf32bb23490fe8abd838f5ae4f7c21c8a1de59f4699bef0550228709a5625ac,1645804690,candidate_layering,2
0xd90e2f925da726b50c4ed8d0fb90ad053324f31b,0x47ce0c6ed5b0ce3d3a51fdb1c52dc66a7c3c2936,internal_eth,1.0,,,0xb69cbf12597ab32facc94f052d7e0a941f440e6c0bcfdc124958363b9bc9b672,1645804733,candidate_layering,2
0xd90e2f925da726b50c4ed8d0fb90ad053324f31b,0x910cbd523d972eb0a6f4cae4618ad62622b39dbf,internal_eth,10.0,,,0x34c148152c891f14935aed6732ec169887ccfba4cc1c9251542923f0aae78766,1645805498,candidate_layering,2
0xd90e2f925da726b50c4ed8d0fb90ad053324f31b,0x12d66f87a04a9e220743712ce6d9bb1b5616b8fc,internal_eth,0.1,,,0xcccc4071ee46197cd1432eb726acf4731b7e233f427153545b00a08dd59f459c,1645806593,candidate_layering,2
0xd90e2f925da726b50c4ed8d0fb90ad053324f31b,0x12d66f87a04a9e220743712ce6d9bb1b5616b8fc,internal_eth,0.1,,,0x6bbb715c71f9cfc24787ec9da37cd77f99f9db5f4f91cbf0102de6ebea08ffc3,1645806647,candidate_layering,2
0xd90e2f925da726b50c4ed8d0fb90ad053324f31b,0x47ce0c6ed5b0ce3d3a51fdb1c52dc66a7c3c2936,internal_eth,1.0,,,0xbc6fd99e2e628f31ba9b8a1acca2c01a5f90121d7efced986a5497baeba8181f,1645807434,candidate_layering,2
0xd90e2f925da726b50c4ed8d0fb90ad053324f31b,0x47ce0c6ed5b0ce3d3a51fdb1c52dc66a7c3c2936,internal_eth,1.0,,,0xa0c2938b2f158471800e27c7a063aa106a4691b5cba619c5962b9e9197213b71,1645807695,candidate_layering,2
0xd90e2f925da726b50c4ed8d0fb90ad053324f31b,0x910cbd523d972eb0a6f4cae4618ad62622b39dbf,internal_eth,10.0,,,0xd0a870e2d8f2a5f7a16a6d58ca1ed3a678b32c2c1fa432f0d3449136449e38ab,1645808648,candidate_layering,2
0xd90e2f925da726b50c4ed8d0fb90ad053324f31b,0xa160cdab225685da1d56aa342ad8841c3b53f291,internal_eth,100.0,,,0xfd519ff95dfdbf895e9f90fd97e7a0ca0b215863657e31cf62f7bfad2240155c,1645808824,candidate_layering,2
0xd90e2f925da726b50c4ed8d0fb90ad053324f31b,0x47ce0c6ed5b0ce3d3a51fdb1c52dc66a7c3c2936,internal_eth,1.0,,,0x681cec6871ad3f7bdf85a28573b448fd1614232168ed03ef840818c987690ae3,1645808963,candidate_layering,2
0xd90e2f925da726b50c4ed8d0fb90ad053324f31b,0xa160cdab225685da1d56aa342ad8841c3b53f291,internal_eth,100.0,,,0x528e216233858ed3f0d4c2415028cfad05aa124b7d8635e555c0148732a2cef9,1645809104,candidate_layering,2
0xd90e2f925da726b50c4ed8d0fb90ad053324f31b,0xa160cdab225685da1d56aa342ad8841c3b53f291,internal_eth,100.0,,,0x16ec1ebe86b1c4ddf71eadf4cab8bd10787d143ac44feb307c77e33b0e622093,1645809163,candidate_layering,2
0xd90e2f925da726b50c4ed8d0fb90ad053324f31b,0x169ad27a470d064dede56a2d3ff727986b15d52b,erc20,100.0,USDT,0xdac17f958d2ee523a2206206994597c13d831ec7,0x3c3cdbc5a93ed13a1d88f9a6a1d7bea791cfc8cfb8c99613f08896943e395008,1645449672,candidate_layering,2
0xd90e2f925da726b50c4ed8d0fb90ad053324f31b,0x169ad27a470d064dede56a2d3ff727986b15d52b,erc20,100.0,USDT,0xdac17f958d2ee523a2206206994597c13d831ec7,0x3e36c30a950cb63f004440b33f0c5cf8fc9d8aa82a8f93cdc34578777a4905d5,1645450055,candidate_layering,2
0xd90e2f925da726b50c4ed8d0fb90ad053324f31b,0x4736dcf1b7a3d580672cce6e7c65cd5cc9cfba9d,erc20,1000.0,USDC,0xa0b86991c6218b36c1d19d4a2e9eb0ce3606eb48,0x4189feb16e84876c8ec8e4ace87134b0bb9ed305f76e59b94aa46faad35cc925,1645495796,candidate_layering,2
0xd90e2f925da726b50c4ed8d0fb90ad053324f31b,0x4736dcf1b7a3d580672cce6e7c65cd5cc9cfba9d,erc20,1000.0,USDC,0xa0b86991c6218b36c1d19d4a2e9eb0ce3606eb48,0xd430690d9cb8aa1996a30584f34aa4db2df9bc5b6c7c59ec0b95251098357e33,1645496340,candidate_layering,2
0xd90e2f925da726b50c4ed8d0fb90ad053324f31b,0x4736dcf1b7a3d580672cce6e7c65cd5cc9cfba9d,erc20,1000.0,USDC,0xa0b86991c6218b36c1d19d4a2e9eb0ce3606eb48,0x1fdb4587ce887ba7d93cff0915c3384f3db1735d76dd935a266aa360b26942a2,1645504893,candidate_layering,2
0xd90e2f925da726b50c4ed8d0fb90ad053324f31b,0x23773e65ed146a459791799d01336db287f25334,erc20,100000.0,DAI,0x6b175474e89094c44da98b954eedeac495271d0f,0x49a62b65b6d99e0f724dde56f623f0dd3e40c1e99cabcd3c8dd1770701704fb4,1645522155,candidate_layering,2
0xd90e2f925da726b50c4ed8d0fb90ad053324f31b,0x4736dcf1b7a3d580672cce6e7c65cd5cc9cfba9d,erc20,1000.0,USDC,0xa0b86991c6218b36c1d19d4a2e9eb0ce3606eb48,0x550724f7f1ab8cb420da260dd194a95d07a2ed691ed8318f5847d21f4310a7ce,1645522513,candidate_layering,2
0xd90e2f925da726b50c4ed8d0fb90ad053324f31b,0x4736dcf1b7a3d580672cce6e7c65cd5cc9cfba9d,erc20,1000.0,USDC,0xa0b86991c6218b36c1d19d4a2e9eb0ce3606eb48,0x473754c3c779195f56ccfb89f9eb033c9e42a6f1197f45541b2769e57187627f,1645522663,candidate_layering,2
0xd90e2f925da726b50c4ed8d0fb90ad053324f31b,0x4736dcf1b7a3d580672cce6e7c65cd5cc9cfba9d,erc20,1000.0,USDC,0xa0b86991c6218b36c1d19d4a2e9eb0ce3606eb48,0x0237e7792694af0f5bb38785ef9fcce8b1fa4f3075eda2fafea59ca754ccd8da,1645523321,candidate_layering,2
0xd90e2f925da726b50c4ed8d0fb90ad053324f31b,0x4736dcf1b7a3d580672cce6e7c65cd5cc9cfba9d,erc20,1000.0,USDC,0xa0b86991c6218b36c1d19d4a2e9eb0ce3606eb48,0xe36ebd1b1ce53d853b2ce78325cd9b0df936bfa13052a8b1306c3333f58359b4,1645523321,candidate_layering,2
0xd90e2f925da726b50c4ed8d0fb90ad053324f31b,0x23773e65ed146a459791799d01336db287f25334,erc20,100000.0,DAI,0x6b175474e89094c44da98b954eedeac495271d0f,0x277b942ada1cda6eb0b3415822e5658d9d1b353f81bc6e9d92b2078a05d8925f,1645534345,candidate_layering,2
0xd90e2f925da726b50c4ed8d0fb90ad053324f31b,0x23773e65ed146a459791799d01336db287f25334,erc20,100000.0,DAI,0x6b175474e89094c44da98b954eedeac495271d0f,0x55aef3c6409bff052efc7f58b9441158500e57f6a030c390c898aba54fd9ba58,1645549269,candidate_layering,2
0xd90e2f925da726b50c4ed8d0fb90ad053324f31b,0x23773e65ed146a459791799d01336db287f25334,erc20,100000.0,DAI,0x6b175474e89094c44da98b954eedeac495271d0f,0x4ed8e0945e17f85c3085f173ef63a62c226a051ddbba21b1f907c1291d74f731,1645550696,candidate_layering,2
0xd90e2f925da726b50c4ed8d0fb90ad053324f31b,0x07687e702b410fa43f4cb4af7fa097918ffd2730,erc20,10000.0,DAI,0x6b175474e89094c44da98b954eedeac495271d0f,0x1d9dbae5863bfd1f598e6d2b11f945f5ea79fcef470cae1b42ac0746ed65fd5e,1645563744,candidate_layering,2
0xd90e2f925da726b50c4ed8d0fb90ad053324f31b,0x610b717796ad172b316836ac95a2ffad065ceab4,erc20,1.0,WBTC,0x2260fac5e5542a773aa44fbcfedf7c193bc2c599,0x4a8cb6a18a15527d6939ecea15a658b515a32aca174cdfbc48e8542fd40836e6,1645575017,candidate_layering,2
0xd90e2f925da726b50c4ed8d0fb90ad053324f31b,0x610b717796ad172b316836ac95a2ffad065ceab4,erc20,1.0,WBTC,0x2260fac5e5542a773aa44fbcfedf7c193bc2c599,0x00634ef2d1b41bc28e13197fbb114ad5999d68801b06de0e4a32bca5614c59e8,1645575581,candidate_layering,2
0xd90e2f925da726b50c4ed8d0fb90ad053324f31b,0x610b717796ad172b316836ac95a2ffad065ceab4,erc20,1.0,WBTC,0x2260fac5e5542a773aa44fbcfedf7c193bc2c599,0x82d542998faf76e9d3fbf33943ea52f973ca818f82e7261f57ed79b28f01a40c,1645575581,candidate_layering,2
0xd90e2f925da726b50c4ed8d0fb90ad053324f31b,0x07687e702b410fa43f4cb4af7fa097918ffd2730,erc20,10000.0,DAI,0x6b175474e89094c44da98b954eedeac495271d0f,0x10513a573aa0ece96d9c43a4684b80b7ad53055b28b8422d5c1d661ae1346c15,1645592278,candidate_layering,2
0xd90e2f925da726b50c4ed8d0fb90ad053324f31b,0x23773e65ed146a459791799d01336db287f25334,erc20,100000.0,DAI,0x6b175474e89094c44da98b954eedeac495271d0f,0x426ccd2c30ab16d11cdd950594fe609227e5ea17954b32361e5431ae82797326,1645640376,candidate_layering,2
0xd90e2f925da726b50c4ed8d0fb90ad053324f31b,0x23773e65ed146a459791799d01336db287f25334,erc20,100000.0,DAI,0x6b175474e89094c44da98b954eedeac495271d0f,0xbf323908409dc2a01d6c01137868687f61d4b67031533cb9ba20e443068a87e0,1645640425,candidate_layering,2
0xd90e2f925da726b50c4ed8d0fb90ad053324f31b,0x23773e65ed146a459791799d01336db287f25334,erc20,100000.0,DAI,0x6b175474e89094c44da98b954eedeac495271d0f,0xafe67fd14e812d5839b15f7b57ff625f1f8c26a6569282ae930e4c85b3c3a63d,1645641024,candidate_layering,2
0xd90e2f925da726b50c4ed8d0fb90ad053324f31b,0xfd8610d20aa15b7b2e3be39b396a1bc3516c7144,erc20,1000.0,DAI,0x6b175474e89094c44da98b954eedeac495271d0f,0x3cfadce6fe7fbe0deecc2f3bff502154c2d40d7e48eb827d928b9f8ce70eaab8,1645641464,candidate_layering,2
0xd90e2f925da726b50c4ed8d0fb90ad053324f31b,0x07687e702b410fa43f4cb4af7fa097918ffd2730,erc20,10000.0,DAI,0x6b175474e89094c44da98b954eedeac495271d0f,0x8b5211db40259b5e50380eb5b636a3f6c59ebc7b987f50a7f72906ea15f91204,1645644113,candidate_layering,2
0xd90e2f925da726b50c4ed8d0fb90ad053324f31b,0x23773e65ed146a459791799d01336db287f25334,erc20,100000.0,DAI,0x6b175474e89094c44da98b954eedeac495271d0f,0x3b1e9b128fa91e77181dda9cde9feea7fe4f8ba39c0b2c5f140aef33c511ccb2,1645644288,candidate_layering,2
0xd90e2f925da726b50c4ed8d0fb90ad053324f31b,0x23773e65ed146a459791799d01336db287f25334,erc20,100000.0,DAI,0x6b175474e89094c44da98b954eedeac495271d0f,0x08903451dd40d38c06d5431cfc9fe6ac22668da9684e7646d52ffd2ca69093f0,1645644584,candidate_layering,2
0xd90e2f925da726b50c4ed8d0fb90ad053324f31b,0x23773e65ed146a459791799d01336db287f25334,erc20,100000.0,DAI,0x6b175474e89094c44da98b954eedeac495271d0f,0x7e2705453c7afd8500175cc08eb93d51fa224f4d5fdeabdc7ee49c0f8396c12d,1645645011,candidate_layering,2
0xd90e2f925da726b50c4ed8d0fb90ad053324f31b,0x23773e65ed146a459791799d01336db287f25334,erc20,100000.0,DAI,0x6b175474e89094c44da98b954eedeac495271d0f,0x6835f860e022f204262aa868147afcdbf3d556fb96eb2c934d5013b756101b7c,1645647752,candidate_layering,2
0xd90e2f925da726b50c4ed8d0fb90ad053324f31b,0x23773e65ed146a459791799d01336db287f25334,erc20,100000.0,DAI,0x6b175474e89094c44da98b954eedeac495271d0f,0x7ea992612135625f2beef2037cb913af7f2f0c45b664cd2f58a5fd47980b3ea2,1645647863,candidate_layering,2
0xd90e2f925da726b50c4ed8d0fb90ad053324f31b,0x23773e65ed146a459791799d01336db287f25334,erc20,100000.0,DAI,0x6b175474e89094c44da98b954eedeac495271d0f,0xfdc0d9abef1a8ffbecbcff0a99571d55fa338af40620cfb6564936ad9bad8314,1645647923,candidate_layering,2
0xd90e2f925da726b50c4ed8d0fb90ad053324f31b,0x23773e65ed146a459791799d01336db287f25334,erc20,100000.0,DAI,0x6b175474e89094c44da98b954eedeac495271d0f,0xb374b417c90963df8a42414378c682e9949f263478a2ffda9b1de8d0a1d7499f,1645648007,candidate_layering,2
0xd90e2f925da726b50c4ed8d0fb90ad053324f31b,0x23773e65ed146a459791799d01336db287f25334,erc20,100000.0,DAI,0x6b175474e89094c44da98b954eedeac495271d0f,0xb247eb9ab7c6cf0c4b57a91ddf3aaca52c13c79c452c8fe6fb5def936b3f6352,1645648067,candidate_layering,2
0xd90e2f925da726b50c4ed8d0fb90ad053324f31b,0x07687e702b410fa43f4cb4af7fa097918ffd2730,erc20,10000.0,DAI,0x6b175474e89094c44da98b954eedeac495271d0f,0x08972bb7d4c0e5f6cc0f4f2aa46d0108f502fe8120c1c4b4e3d597ca9517f18d,1645648183,candidate_layering,2
0xd90e2f925da726b50c4ed8d0fb90ad053324f31b,0x07687e702b410fa43f4cb4af7fa097918ffd2730,erc20,10000.0,DAI,0x6b175474e89094c44da98b954eedeac495271d0f,0xdab982466aad8cd2430836f21f09c509c5836b7f3a59de58917d1644fac83470,1645648262,candidate_layering,2
0xd90e2f925da726b50c4ed8d0fb90ad053324f31b,0x07687e702b410fa43f4cb4af7fa097918ffd2730,erc20,10000.0,DAI,0x6b175474e89094c44da98b954eedeac495271d0f,0xb152efa44ed9b40a53a1ab4f69328cc88f78f895e0e3b3724d5188acfd6738c3,1645648330,candidate_layering,2
0xd90e2f925da726b50c4ed8d0fb90ad053324f31b,0x23773e65ed146a459791799d01336db287f25334,erc20,100000.0,DAI,0x6b175474e89094c44da98b954eedeac495271d0f,0x6e7e022b17b5046aa32eb8bc15e6cebc5ef8f86ff1e96f1a732e05cf4e3e3fd4,1645650846,candidate_layering,2
0xd90e2f925da726b50c4ed8d0fb90ad053324f31b,0x23773e65ed146a459791799d01336db287f25334,erc20,100000.0,DAI,0x6b175474e89094c44da98b954eedeac495271d0f,0xdb62361a9e453565582a55edeae11893fc8cce14391a6a4d8600aab40a65f97f,1645650909,candidate_layering,2
0xd90e2f925da726b50c4ed8d0fb90ad053324f31b,0x23773e65ed146a459791799d01336db287f25334,erc20,100000.0,DAI,0x6b175474e89094c44da98b954eedeac495271d0f,0xfb611c1c64637984b777f3172867e2e11550f234065136a3ae08f649349cfd0e,1645650977,candidate_layering,2
0xd90e2f925da726b50c4ed8d0fb90ad053324f31b,0x23773e65ed146a459791799d01336db287f25334,erc20,100000.0,DAI,0x6b175474e89094c44da98b954eedeac495271d0f,0xb900f4c72e55cae3c24fa8def78970dc8f6e4b819487463e282d07285ab6baab,1645651012,candidate_layering,2
0xd90e2f925da726b50c4ed8d0fb90ad053324f31b,0x07687e702b410fa43f4cb4af7fa097918ffd2730,erc20,10000.0,DAI,0x6b175474e89094c44da98b954eedeac495271d0f,0x6373245ed802d9ddc74102f8ccf35fb96a96f6c5054a67ccc79dfc29d30b9f51,1645651140,candidate_layering,2
0xd90e2f925da726b50c4ed8d0fb90ad053324f31b,0x07687e702b410fa43f4cb4af7fa097918ffd2730,erc20,10000.0,DAI,0x6b175474e89094c44da98b954eedeac495271d0f,0x5eda96c26460edb2c787c0b5d035fc036d028e2b3e933cc0452b5377a9233b98,1645651180,candidate_layering,2
0xd90e2f925da726b50c4ed8d0fb90ad053324f31b,0x07687e702b410fa43f4cb4af7fa097918ffd2730,erc20,10000.0,DAI,0x6b175474e89094c44da98b954eedeac495271d0f,0x48fefaf6f70a03e5298f67ad1629887d97a4c24b3f8c0ddbb9f256e25ec490c8,1645651245,candidate_layering,2
0xd90e2f925da726b50c4ed8d0fb90ad053324f31b,0x07687e702b410fa43f4cb4af7fa097918ffd2730,erc20,10000.0,DAI,0x6b175474e89094c44da98b954eedeac495271d0f,0x69a75a83de2ac9fda2fc3b47539785d841ed46f1439dd9f7bd703372d36ad208,1645653333,candidate_layering,2
0xd90e2f925da726b50c4ed8d0fb90ad053324f31b,0x07687e702b410fa43f4cb4af7fa097918ffd2730,erc20,10000.0,DAI,0x6b175474e89094c44da98b954eedeac495271d0f,0x480f054bd7a15e6757025da5d366af28507f28488738278822575dd81f02b91e,1645656177,candidate_layering,2
0xd90e2f925da726b50c4ed8d0fb90ad053324f31b,0x23773e65ed146a459791799d01336db287f25334,erc20,100000.0,DAI,0x6b175474e89094c44da98b954eedeac495271d0f,0x5a055ab43af5fea63faab5c913fc6fa293d11ca40d4191b24d77f21b229073b2,1645669511,candidate_layering,2
0xd90e2f925da726b50c4ed8d0fb90ad053324f31b,0x23773e65ed146a459791799d01336db287f25334,erc20,100000.0,DAI,0x6b175474e89094c44da98b954eedeac495271d0f,0x9fc9a386da32d4247fdd204c3134264b20b0ee6af49f7329b20524522ebd84c4,1645669511,candidate_layering,2
0xd90e2f925da726b50c4ed8d0fb90ad053324f31b,0xfd8610d20aa15b7b2e3be39b396a1bc3516c7144,erc20,1000.0,DAI,0x6b175474e89094c44da98b954eedeac495271d0f,0xa54670e367d6fc35c6e438dd31843c2f4b7d69db8133f614809ba5c58bcb88fe,1645692839,candidate_layering,2
0xd90e2f925da726b50c4ed8d0fb90ad053324f31b,0x07687e702b410fa43f4cb4af7fa097918ffd2730,erc20,10000.0,DAI,0x6b175474e89094c44da98b954eedeac495271d0f,0x2e7fec3941d4d7a61c9efdff3615f2a67cbdfa2fb0846eeba244d7fd0c290984,1645694052,candidate_layering,2
0xd90e2f925da726b50c4ed8d0fb90ad053324f31b,0x23773e65ed146a459791799d01336db287f25334,erc20,100000.0,DAI,0x6b175474e89094c44da98b954eedeac495271d0f,0x18e508404f7166976e892de729dcc73c7850f8a8c67014ff2b91c2df33827fae,1645721815,candidate_layering,2
0xd90e2f925da726b50c4ed8d0fb90ad053324f31b,0x23773e65ed146a459791799d01336db287f25334,erc20,100000.0,DAI,0x6b175474e89094c44da98b954eedeac495271d0f,0x86acd3f20d4ff55ffb3136aee70f1fd605a5cff862b31c12ffff6a33ef3b432a,1645721842,candidate_layering,2
0xd90e2f925da726b50c4ed8d0fb90ad053324f31b,0x23773e65ed146a459791799d01336db287f25334,erc20,100000.0,DAI,0x6b175474e89094c44da98b954eedeac495271d0f,0x3d2d20970c7c6abe4a09eec0b5f41691ce4df4bb850de2220f6c80417f6fcfbe,1645721942,candidate_layering,2
0xd90e2f925da726b50c4ed8d0fb90ad053324f31b,0x23773e65ed146a459791799d01336db287f25334,erc20,100000.0,DAI,0x6b175474e89094c44da98b954eedeac495271d0f,0x91c562c1d80c498d1baa046ff3f574e1387bf6e429aff32e95406ad199ebb315,1645722003,candidate_layering,2
0xd90e2f925da726b50c4ed8d0fb90ad053324f31b,0x07687e702b410fa43f4cb4af7fa097918ffd2730,erc20,10000.0,DAI,0x6b175474e89094c44da98b954eedeac495271d0f,0xa546a15c35709a1697eb6f3ad78ae9fc377de73e435f31fdab9e4bb7ac866954,1645722035,candidate_layering,2
0xd90e2f925da726b50c4ed8d0fb90ad053324f31b,0x07687e702b410fa43f4cb4af7fa097918ffd2730,erc20,10000.0,DAI,0x6b175474e89094c44da98b954eedeac495271d0f,0xcccb961142f5580945391e96f66a378eaaa66e58ba20f2697f4fa4e991b0de91,1645722122,candidate_layering,2
0xd90e2f925da726b50c4ed8d0fb90ad053324f31b,0x07687e702b410fa43f4cb4af7fa097918ffd2730,erc20,10000.0,DAI,0x6b175474e89094c44da98b954eedeac495271d0f,0x270f2ab78b654770ac66119df6ad6113bd8c1392a98892038298ab89a243f24c,1645722208,candidate_layering,2
0xd90e2f925da726b50c4ed8d0fb90ad053324f31b,0x23773e65ed146a459791799d01336db287f25334,erc20,100000.0,DAI,0x6b175474e89094c44da98b954eedeac495271d0f,0x6bfeef5ceb25a69eb5782b3e713ac787d6af21a5c2109d2a1f9bfa9ca8106fc9,1645723584,candidate_layering,2
0xd90e2f925da726b50c4ed8d0fb90ad053324f31b,0x169ad27a470d064dede56a2d3ff727986b15d52b,erc20,100.0,USDT,0xdac17f958d2ee523a2206206994597c13d831ec7,0xe4f31047a8fb8d93c38e5e25afaf749427e4ab3aab03a237a084536045d75f79,1645732340,candidate_layering,2
0xd90e2f925da726b50c4ed8d0fb90ad053324f31b,0x07687e702b410fa43f4cb4af7fa097918ffd2730,erc20,10000.0,DAI,0x6b175474e89094c44da98b954eedeac495271d0f,0xf19f5e2ac4d53017d8c405bfc0f413f30892df6f82ffc876358fcfb0f19e43b1,1645735449,candidate_layering,2
0xd90e2f925da726b50c4ed8d0fb90ad053324f31b,0x07687e702b410fa43f4cb4af7fa097918ffd2730,erc20,10000.0,DAI,0x6b175474e89094c44da98b954eedeac495271d0f,0x1bfbd4ed249252b1069d3ed812dd49a9a1bc7ef9f4dd1fac0acaa2192d37e704,1645735486,candidate_layering,2
0xd90e2f925da726b50c4ed8d0fb90ad053324f31b,0x07687e702b410fa43f4cb4af7fa097918ffd2730,erc20,10000.0,DAI,0x6b175474e89094c44da98b954eedeac495271d0f,0x758bb3fb6f3f97555dc17bb6e8005e99a0cb85ca7adc9ac4c192d225ede03b4f,1645735546,candidate_layering,2
0xd90e2f925da726b50c4ed8d0fb90ad053324f31b,0x07687e702b410fa43f4cb4af7fa097918ffd2730,erc20,10000.0,DAI,0x6b175474e89094c44da98b954eedeac495271d0f,0x3993240b750920f8dd258d96f6218494114be76995347ca972249ff8d42a6dcb,1645735695,candidate_layering,2
0xd90e2f925da726b50c4ed8d0fb90ad053324f31b,0x07687e702b410fa43f4cb4af7fa097918ffd2730,erc20,10000.0,DAI,0x6b175474e89094c44da98b954eedeac495271d0f,0xd941a17ff6173b29975bebf4be948d2a8874671eefd083c1141930e856526230,1645735715,candidate_layering,2
0xd90e2f925da726b50c4ed8d0fb90ad053324f31b,0x23773e65ed146a459791799d01336db287f25334,erc20,100000.0,DAI,0x6b175474e89094c44da98b954eedeac495271d0f,0x00efe6d5cffd698467fe95435a7767ddd1445b6032574c78961c37d0093f88ce,1645739404,candidate_layering,2
0xd90e2f925da726b50c4ed8d0fb90ad053324f31b,0x23773e65ed146a459791799d01336db287f25334,erc20,100000.0,DAI,0x6b175474e89094c44da98b954eedeac495271d0f,0xd0dd77547c23ba28616f7204473720c8cabadb8b33d77340774318ebb80223b3,1645744754,candidate_layering,2
0xd90e2f925da726b50c4ed8d0fb90ad053324f31b,0x23773e65ed146a459791799d01336db287f25334,erc20,100000.0,DAI,0x6b175474e89094c44da98b954eedeac495271d0f,0x25309895ed9630a6e20bb43ae818aba17ace7233d9431648b90be0ed00cf8b08,1645744907,candidate_layering,2
0xd90e2f925da726b50c4ed8d0fb90ad053324f31b,0x23773e65ed146a459791799d01336db287f25334,erc20,100000.0,DAI,0x6b175474e89094c44da98b954eedeac495271d0f,0xdd9c6025f00b9fbccc32c2bab1f6a2c7fd139062a3697a24bb98eed34874ddeb,1645749775,candidate_layering,2
0xd90e2f925da726b50c4ed8d0fb90ad053324f31b,0x23773e65ed146a459791799d01336db287f25334,erc20,100000.0,DAI,0x6b175474e89094c44da98b954eedeac495271d0f,0x63f8d95cb177dc3ff82a95720f6bf99e0664194314db7ca7610c4728df20347c,1645749775,candidate_layering,2
0xd90e2f925da726b50c4ed8d0fb90ad053324f31b,0x23773e65ed146a459791799d01336db287f25334,erc20,100000.0,DAI,0x6b175474e89094c44da98b954eedeac495271d0f,0x1f0fa24524c6b4553d47036c34d3ea1ce469f842ca73995192658b4805d1b0d2,1645749870,candidate_layering,2
0xd90e2f925da726b50c4ed8d0fb90ad053324f31b,0x23773e65ed146a459791799d01336db287f25334,erc20,100000.0,DAI,0x6b175474e89094c44da98b954eedeac495271d0f,0x18ca6b76932ce295806fc485c4a195ff12aaf5d1d2aba11152249d61b41d4d98,1645754309,candidate_layering,2
0xd90e2f925da726b50c4ed8d0fb90ad053324f31b,0x23773e65ed146a459791799d01336db287f25334,erc20,100000.0,DAI,0x6b175474e89094c44da98b954eedeac495271d0f,0x6b7df4a417a9cc6c1ee24e6f561ed010263c6b93011c0526d3ae472534556ebd,1645755510,candidate_layering,2
0xd90e2f925da726b50c4ed8d0fb90ad053324f31b,0x07687e702b410fa43f4cb4af7fa097918ffd2730,erc20,10000.0,DAI,0x6b175474e89094c44da98b954eedeac495271d0f,0x26b55eb6a9c8ea9912105e27b6693805ebf8ac72ab8e6e7c4c96bcef774457b8,1645758818,candidate_layering,2
0xd90e2f925da726b50c4ed8d0fb90ad053324f31b,0x23773e65ed146a459791799d01336db287f25334,erc20,100000.0,DAI,0x6b175474e89094c44da98b954eedeac495271d0f,0x8add451b5c8561995cbe8f175fc364e1b8ef3029cb56f9c3b6d5ff08c005187f,1645760092,candidate_layering,2
0xd90e2f925da726b50c4ed8d0fb90ad053324f31b,0x23773e65ed146a459791799d01336db287f25334,erc20,100000.0,DAI,0x6b175474e89094c44da98b954eedeac495271d0f,0x332ad424ce307efb5a00b98eeb3bb82f41f6938a5e3f5bb9bd982d5bc9ff5a4d,1645762516,candidate_layering,2
0xd90e2f925da726b50c4ed8d0fb90ad053324f31b,0x07687e702b410fa43f4cb4af7fa097918ffd2730,erc20,10000.0,DAI,0x6b175474e89094c44da98b954eedeac495271d0f,0x3306b70473cd6d9155fcf47a9d1200b7f171671ce9b57f0e7f3b49b93b675467,1645766885,candidate_layering,2
0xd90e2f925da726b50c4ed8d0fb90ad053324f31b,0x07687e702b410fa43f4cb4af7fa097918ffd2730,erc20,10000.0,DAI,0x6b175474e89094c44da98b954eedeac495271d0f,0x0999c84174a4c3abcce2f3288d3d813187106181b10118074e5487ebe126549a,1645767018,candidate_layering,2
0xd90e2f925da726b50c4ed8d0fb90ad053324f31b,0x23773e65ed146a459791799d01336db287f25334,erc20,100000.0,DAI,0x6b175474e89094c44da98b954eedeac495271d0f,0x559c83b122ccc746ea4764001206f1ac403b90b72ec5a40585f8530bc6b0b581,1645768947,candidate_layering,2
0xd90e2f925da726b50c4ed8d0fb90ad053324f31b,0x07687e702b410fa43f4cb4af7fa097918ffd2730,erc20,10000.0,DAI,0x6b175474e89094c44da98b954eedeac495271d0f,0x5bde2171703679cc6ffc7dae3bdb6acdf8c81e5ff0ff83a61871e3731a9fc45f,1645772380,candidate_layering,2
0xd90e2f925da726b50c4ed8d0fb90ad053324f31b,0x4736dcf1b7a3d580672cce6e7c65cd5cc9cfba9d,erc20,1000.0,USDC,0xa0b86991c6218b36c1d19d4a2e9eb0ce3606eb48,0x3c78590bb91671b4ae60a4fad93ea90bfd2976101f55051567ebece5d7a3d9aa,1645789394,candidate_layering,2
0xd90e2f925da726b50c4ed8d0fb90ad053324f31b,0x169ad27a470d064dede56a2d3ff727986b15d52b,erc20,100.0,USDT,0xdac17f958d2ee523a2206206994597c13d831ec7,0x5e05b87d09ae87db5d313099254f3f484f4623bd22f386c342984ac6d570a402,1645805672,candidate_layering,2
0xd90e2f925da726b50c4ed8d0fb90ad053324f31b,0x07687e702b410fa43f4cb4af7fa097918ffd2730,erc20,10000.0,DAI,0x6b175474e89094c44da98b954eedeac495271d0f,0x1da8acece03382486053927456a2f670b710b615756ed7c8ea86056f091028f1,1645811912,candidate_layering,2
0xd90e2f925da726b50c4ed8d0fb90ad053324f31b,0x23773e65ed146a459791799d01336db287f25334,erc20,100000.0,DAI,0x6b175474e89094c44da98b954eedeac495271d0f,0x4a52bf982b71654281487505d44da6e8bf05bcd45469dfe2c125592afcfb0310,1645819682,candidate_layering,2
0xd90e2f925da726b50c4ed8d0fb90ad053324f31b,0xfd8610d20aa15b7b2e3be39b396a1bc3516c7144,erc20,1000.0,DAI,0x6b175474e89094c44da98b954eedeac495271d0f,0xd7159288e54d256be3d5cad5553efed5cc3c0e7cdc207bb2c4ba9286c2a8097a,1645819715,candidate_layering,2
0xd90e2f925da726b50c4ed8d0fb90ad053324f31b,0x07687e702b410fa43f4cb4af7fa097918ffd2730,erc20,10000.0,DAI,0x6b175474e89094c44da98b954eedeac495271d0f,0x53aa05637ffe07bd927e6c68ed1cd86462b938e08508c9cf8675c87c2f6e912f,1645852411,candidate_layering,2
0xd90e2f925da726b50c4ed8d0fb90ad053324f31b,0x07687e702b410fa43f4cb4af7fa097918ffd2730,erc20,10000.0,DAI,0x6b175474e89094c44da98b954eedeac495271d0f,0x22f5903ba77e442192bb6dd82e5e069590651408238f2a9821f8d8659782f2e9,1645855367,candidate_layering,2
0xd90e2f925da726b50c4ed8d0fb90ad053324f31b,0x23773e65ed146a459791799d01336db287f25334,erc20,100000.0,DAI,0x6b175474e89094c44da98b954eedeac495271d0f,0xd19aa83266674fe4399ae952a335039d539478726bda77c5c2a78124e5fea4f5,1645870768,candidate_layering,2
0xd90e2f925da726b50c4ed8d0fb90ad053324f31b,0x07687e702b410fa43f4cb4af7fa097918ffd2730,erc20,10000.0,DAI,0x6b175474e89094c44da98b954eedeac495271d0f,0x07602026f341db76946193065b8b58036cee2f5f08e611ee6276f16339781261,1645872940,candidate_layering,2
0xd90e2f925da726b50c4ed8d0fb90ad053324f31b,0x07687e702b410fa43f4cb4af7fa097918ffd2730,erc20,10000.0,DAI,0x6b175474e89094c44da98b954eedeac495271d0f,0x1b656732a5570d303b7c8893c403fda94061aa6eafff10b79fe9ed0647c6189f,1645872987,candidate_layering,2
0xd90e2f925da726b50c4ed8d0fb90ad053324f31b,0x4736dcf1b7a3d580672cce6e7c65cd5cc9cfba9d,erc20,1000.0,USDC,0xa0b86991c6218b36c1d19d4a2e9eb0ce3606eb48,0x7be74af3830081a9a0ff95ffc4d973cc8f3443936527ba651f528b6268faef23,1645877103,candidate_layering,2
0xd90e2f925da726b50c4ed8d0fb90ad053324f31b,0x4736dcf1b7a3d580672cce6e7c65cd5cc9cfba9d,erc20,1000.0,USDC,0xa0b86991c6218b36c1d19d4a2e9eb0ce3606eb48,0x77de7f4006c81710e01ab849bcf7cf09cb6a72ededb9c1e8108eab8abb4cdcf7,1645877164,candidate_layering,2
0xd90e2f925da726b50c4ed8d0fb90ad053324f31b,0x4736dcf1b7a3d580672cce6e7c65cd5cc9cfba9d,erc20,1000.0,USDC,0xa0b86991c6218b36c1d19d4a2e9eb0ce3606eb48,0x6bd9d1499455bc5f982e18f401f2b2a84207d8bdeda4d55e801530dca152c95d,1645893577,candidate_layering,2
0xd90e2f925da726b50c4ed8d0fb90ad053324f31b,0x23773e65ed146a459791799d01336db287f25334,erc20,100000.0,DAI,0x6b175474e89094c44da98b954eedeac495271d0f,0x197456fc0b2c05cfa420bd05ebba4fa8bdc323dfb3190c186b49ec2bc5eee5ec,1645897606,candidate_layering,2
0xd90e2f925da726b50c4ed8d0fb90ad053324f31b,0x4736dcf1b7a3d580672cce6e7c65cd5cc9cfba9d,erc20,1000.0,USDC,0xa0b86991c6218b36c1d19d4a2e9eb0ce3606eb48,0x5f5df2403927725ebe9b415484602750e5cb4f27a5aea8f68371888013ee2c2f,1645910242,candidate_layering,2
0xd90e2f925da726b50c4ed8d0fb90ad053324f31b,0x4736dcf1b7a3d580672cce6e7c65cd5cc9cfba9d,erc20,1000.0,USDC,0xa0b86991c6218b36c1d19d4a2e9eb0ce3606eb48,0x74d2b192749973e1ed5bb0ef1914331e2dd1996e439bb90a7919d733098e6ea4,1645910292,candidate_layering,2
0xd90e2f925da726b50c4ed8d0fb90ad053324f31b,0x23773e65ed146a459791799d01336db287f25334,erc20,100000.0,DAI,0x6b175474e89094c44da98b954eedeac495271d0f,0x4e51af90dcfffb47e2b020157b378fc1de169b97ee317c1bcb59510528f3b7e3,1645917914,candidate_layering,2
0xd90e2f925da726b50c4ed8d0fb90ad053324f31b,0x07687e702b410fa43f4cb4af7fa097918ffd2730,erc20,10000.0,DAI,0x6b175474e89094c44da98b954eedeac495271d0f,0x9ec9baa8146039a9eaa395e9a1ca565ad723709975abbf6c3378d79321192157,1645930159,candidate_layering,2
0xd90e2f925da726b50c4ed8d0fb90ad053324f31b,0x23773e65ed146a459791799d01336db287f25334,erc20,100000.0,DAI,0x6b175474e89094c44da98b954eedeac495271d0f,0x7df361002b28363b2b9f29648f7b28e1c406d9fc9f75a17f7f645955be8c24d1,1645950212,candidate_layering,2
0xd90e2f925da726b50c4ed8d0fb90ad053324f31b,0x23773e65ed146a459791799d01336db287f25334,erc20,100000.0,DAI,0x6b175474e89094c44da98b954eedeac495271d0f,0xb001d44b58eee5b04f0f59d669193b98bdd2d0d1c4c964c27dc9d1585a4b83f2,1645950886,candidate_layering,2
0xd90e2f925da726b50c4ed8d0fb90ad053324f31b,0x07687e702b410fa43f4cb4af7fa097918ffd2730,erc20,10000.0,DAI,0x6b175474e89094c44da98b954eedeac495271d0f,0x54db8e72cff0132e92889b34668a592c061d29b9df1e91df3591fe3bf580149a,1645954721,candidate_layering,2
0xd90e2f925da726b50c4ed8d0fb90ad053324f31b,0x07687e702b410fa43f4cb4af7fa097918ffd2730,erc20,10000.0,DAI,0x6b175474e89094c44da98b954eedeac495271d0f,0x772a4f865e4c97d967ece400a58b491611e9d3e29c51b1169921f06108b0d4ac,1645963107,candidate_layering,2
0xd90e2f925da726b50c4ed8d0fb90ad053324f31b,0x4736dcf1b7a3d580672cce6e7c65cd5cc9cfba9d,erc20,1000.0,USDC,0xa0b86991c6218b36c1d19d4a2e9eb0ce3606eb48,0xd25b63b3b048ba7353fda56ad32d5755c06edf64b900d7bb16b13627c72736ff,1645963131,candidate_layering,2
0xd90e2f925da726b50c4ed8d0fb90ad053324f31b,0x07687e702b410fa43f4cb4af7fa097918ffd2730,erc20,10000.0,DAI,0x6b175474e89094c44da98b954eedeac495271d0f,0x65bbdc82376837c7aa25b82d0cc80b58ddd030295c1187536706bc2791b17400,1645963131,candidate_layering,2
0xd90e2f925da726b50c4ed8d0fb90ad053324f31b,0x07687e702b410fa43f4cb4af7fa097918ffd2730,erc20,10000.0,DAI,0x6b175474e89094c44da98b954eedeac495271d0f,0x704cc6daef7fdbc6084b06728e4a97a57707d11fed099e5da312b8ab9062e534,1645967826,candidate_layering,2
0xd90e2f925da726b50c4ed8d0fb90ad053324f31b,0x07687e702b410fa43f4cb4af7fa097918ffd2730,erc20,10000.0,DAI,0x6b175474e89094c44da98b954eedeac495271d0f,0xf1304459e4892d90d1854655d013d86b7671d5c9e1b632b360345e8c04848241,1645968059,candidate_layering,2
0xd90e2f925da726b50c4ed8d0fb90ad053324f31b,0x23773e65ed146a459791799d01336db287f25334,erc20,100000.0,DAI,0x6b175474e89094c44da98b954eedeac495271d0f,0x8c2d2bdc518d5889514f646469a833749bb8addd90c6a13c386b6938b970cd6c,1645982166,candidate_layering,2
0xd90e2f925da726b50c4ed8d0fb90ad053324f31b,0x4736dcf1b7a3d580672cce6e7c65cd5cc9cfba9d,erc20,1000.0,USDC,0xa0b86991c6218b36c1d19d4a2e9eb0ce3606eb48,0xbbc823d0ce5a6d1e376c568c5263270899d888e7a934105cc4bc317cb3672a01,1645988191,candidate_layering,2
0xd90e2f925da726b50c4ed8d0fb90ad053324f31b,0x23773e65ed146a459791799d01336db287f25334,erc20,100000.0,DAI,0x6b175474e89094c44da98b954eedeac495271d0f,0x582ad24c12105ed1a2a806b92c03bb26284b8d3fa0bf49c843fcdb9978c46cc8,1646028442,candidate_layering,2
0xd90e2f925da726b50c4ed8d0fb90ad053324f31b,0x23773e65ed146a459791799d01336db287f25334,erc20,100000.0,DAI,0x6b175474e89094c44da98b954eedeac495271d0f,0xfbab4111fdd2453ba2c45352ccbc3c0b77d6b5791e5053a1b1ec49d76e27dcf4,1646033374,candidate_layering,2
0xd90e2f925da726b50c4ed8d0fb90ad053324f31b,0x07687e702b410fa43f4cb4af7fa097918ffd2730,erc20,10000.0,DAI,0x6b175474e89094c44da98b954eedeac495271d0f,0xe8d51f7867a2d5a772d306f54f2a5d06f95fd0c408ed36def516dd8e563e6050,1646033928,candidate_layering,2
0xd90e2f925da726b50c4ed8d0fb90ad053324f31b,0x07687e702b410fa43f4cb4af7fa097918ffd2730,erc20,10000.0,DAI,0x6b175474e89094c44da98b954eedeac495271d0f,0xa1436927858ba2834f266c0095e08f95a6a614bb212b11af285a738a18fd2784,1646034001,candidate_layering,2
0xd90e2f925da726b50c4ed8d0fb90ad053324f31b,0x07687e702b410fa43f4cb4af7fa097918ffd2730,erc20,10000.0,DAI,0x6b175474e89094c44da98b954eedeac495271d0f,0x9b136e70e6783e89b6a0999e7cbca974c8b3dae9e115ab663d1327088e2e1bdf,1646034055,candidate_layering,2
0xd90e2f925da726b50c4ed8d0fb90ad053324f31b,0x07687e702b410fa43f4cb4af7fa097918ffd2730,erc20,10000.0,DAI,0x6b175474e89094c44da98b954eedeac495271d0f,0xe03719dd7b262a46cbae522b7a138d03dbff32f06a4f8d5eabcff11530de1292,1646035388,candidate_layering,2
0xd90e2f925da726b50c4ed8d0fb90ad053324f31b,0x07687e702b410fa43f4cb4af7fa097918ffd2730,erc20,10000.0,DAI,0x6b175474e89094c44da98b954eedeac495271d0f,0x1f7931fd06b2d3dfdefbb91dcefa6945b5b92bbfb971a8c314b2ff936213497b,1646035443,candidate_layering,2
0xd90e2f925da726b50c4ed8d0fb90ad053324f31b,0x07687e702b410fa43f4cb4af7fa097918ffd2730,erc20,10000.0,DAI,0x6b175474e89094c44da98b954eedeac495271d0f,0x4730d3e01413f7cc06b0631d494f3140d851fa21d93959b540c576fdd5a28f95,1646046562,candidate_layering,2
0xd90e2f925da726b50c4ed8d0fb90ad053324f31b,0x07687e702b410fa43f4cb4af7fa097918ffd2730,erc20,10000.0,DAI,0x6b175474e89094c44da98b954eedeac495271d0f,0x8ba4566d48517222d7fc01708cee04e71fa2c604c41cd449ab0a388a831d497e,1646046562,candidate_layering,2
0xd90e2f925da726b50c4ed8d0fb90ad053324f31b,0x07687e702b410fa43f4cb4af7fa097918ffd2730,erc20,10000.0,DAI,0x6b175474e89094c44da98b954eedeac495271d0f,0x9dc28e44955e53a883237487cee42185c1e1d6493406e09f3e1401a00138c654,1646046619,candidate_layering,2
0xd90e2f925da726b50c4ed8d0fb90ad053324f31b,0x07687e702b410fa43f4cb4af7fa097918ffd2730,erc20,10000.0,DAI,0x6b175474e89094c44da98b954eedeac495271d0f,0xc69bd36c82d89ec5e2c044bb7d30eca29c7b73087154ad8f9a038cfe770e786d,1646046949,candidate_layering,2
0xd90e2f925da726b50c4ed8d0fb90ad053324f31b,0x07687e702b410fa43f4cb4af7fa097918ffd2730,erc20,10000.0,DAI,0x6b175474e89094c44da98b954eedeac495271d0f,0xa94e9f4b82eae76dd2cd8d09bf07e52336dacbb8c1ec1916058946870b82c305,1646046949,candidate_layering,2
0xd90e2f925da726b50c4ed8d0fb90ad053324f31b,0x07687e702b410fa43f4cb4af7fa097918ffd2730,erc20,10000.0,DAI,0x6b175474e89094c44da98b954eedeac495271d0f,0x1f5c477d7f48a3dafb9e1770389f3dc8e553f6dc6c2531b2e312d5455ec2291a,1646046987,candidate_layering,2
0xd90e2f925da726b50c4ed8d0fb90ad053324f31b,0x07687e702b410fa43f4cb4af7fa097918ffd2730,erc20,10000.0,DAI,0x6b175474e89094c44da98b954eedeac495271d0f,0x84c0b363f97d39284662470720ba7381fbe35fac63ec53a8e11cafa35949209d,1646046987,candidate_layering,2
0xd90e2f925da726b50c4ed8d0fb90ad053324f31b,0x07687e702b410fa43f4cb4af7fa097918ffd2730,erc20,10000.0,DAI,0x6b175474e89094c44da98b954eedeac495271d0f,0xe7cfc4450c0d728014b54dd2a18dde470d9729ec1320e418b17dadef14a1a4d7,1646047678,candidate_layering,2
0xd90e2f925da726b50c4ed8d0fb90ad053324f31b,0x07687e702b410fa43f4cb4af7fa097918ffd2730,erc20,10000.0,DAI,0x6b175474e89094c44da98b954eedeac495271d0f,0x01ed67faa9a830efb7e46263949edff0c1f4c532513c64c4b8254b9476416420,1646048580,candidate_layering,2
0xd90e2f925da726b50c4ed8d0fb90ad053324f31b,0x07687e702b410fa43f4cb4af7fa097918ffd2730,erc20,10000.0,DAI,0x6b175474e89094c44da98b954eedeac495271d0f,0x538639319d284bf9e5efd70998629e3ea8a32112632df901a7bf262e7c09ac01,1646048614,candidate_layering,2
0xd90e2f925da726b50c4ed8d0fb90ad053324f31b,0x07687e702b410fa43f4cb4af7fa097918ffd2730,erc20,10000.0,DAI,0x6b175474e89094c44da98b954eedeac495271d0f,0x6e9467559cae3975c394e2ce8c1d963ae7c0172359cc830770c844e6f24ad23e,1646049163,candidate_layering,2
0xd90e2f925da726b50c4ed8d0fb90ad053324f31b,0x07687e702b410fa43f4cb4af7fa097918ffd2730,erc20,10000.0,DAI,0x6b175474e89094c44da98b954eedeac495271d0f,0x485b2ae63b7cc37b22a840db42cf5a08012ed405f3bb6cbe544e25cff29c866f,1646049185,candidate_layering,2
0xd90e2f925da726b50c4ed8d0fb90ad053324f31b,0x07687e702b410fa43f4cb4af7fa097918ffd2730,erc20,10000.0,DAI,0x6b175474e89094c44da98b954eedeac495271d0f,0x0f28943d3b97d0b992d13ce96d403d64d475eeee842a205921c472e506e314d8,1646049219,candidate_layering,2
0xd90e2f925da726b50c4ed8d0fb90ad053324f31b,0x07687e702b410fa43f4cb4af7fa097918ffd2730,erc20,10000.0,DAI,0x6b175474e89094c44da98b954eedeac495271d0f,0x1138ba513706be97f01131f4a383f5225bdeac0fb6b2572f22ac64e3ddc5159a,1646049275,candidate_layering,2
0xd90e2f925da726b50c4ed8d0fb90ad053324f31b,0x07687e702b410fa43f4cb4af7fa097918ffd2730,erc20,10000.0,DAI,0x6b175474e89094c44da98b954eedeac495271d0f,0x733baf1cef81193d11a9bb6f537a5457e96c9c42b7ca6aa768ebaff172285a42,1646071774,candidate_layering,2
0xd90e2f925da726b50c4ed8d0fb90ad053324f31b,0x07687e702b410fa43f4cb4af7fa097918ffd2730,erc20,10000.0,DAI,0x6b175474e89094c44da98b954eedeac495271d0f,0x52a54624430f177dc1091ca41a5b9c41261ee012c788aafb6466f5a766c59f78,1646077777,candidate_layering,2
0xd90e2f925da726b50c4ed8d0fb90ad053324f31b,0x07687e702b410fa43f4cb4af7fa097918ffd2730,erc20,10000.0,DAI,0x6b175474e89094c44da98b954eedeac495271d0f,0xa1cc421c959ce892af12b25759e88cfc631df1bbb41063ab93c41c42b62141db,1646077943,candidate_layering,2
0xd90e2f925da726b50c4ed8d0fb90ad053324f31b,0x07687e702b410fa43f4cb4af7fa097918ffd2730,erc20,10000.0,DAI,0x6b175474e89094c44da98b954eedeac495271d0f,0x5e82eac6a0a7b6551aafe306ded4a9ba777c5d822c850b4a15725c97aee4cb20,1646089322,candidate_layering,2
0xd90e2f925da726b50c4ed8d0fb90ad053324f31b,0x23773e65ed146a459791799d01336db287f25334,erc20,100000.0,DAI,0x6b175474e89094c44da98b954eedeac495271d0f,0xec7525c599409e0e63c4c262fc0c70efccf9ba5b541f5ec11895f27b8b00dc4f,1646105498,candidate_layering,2
0xd90e2f925da726b50c4ed8d0fb90ad053324f31b,0x23773e65ed146a459791799d01336db287f25334,erc20,100000.0,DAI,0x6b175474e89094c44da98b954eedeac495271d0f,0x85bb9c3e07565b85e7dbc506652224a349414f1a9fa49427fc46c1754b2755a6,1646105570,candidate_layering,2
0xd90e2f925da726b50c4ed8d0fb90ad053324f31b,0xfd8610d20aa15b7b2e3be39b396a1bc3516c7144,erc20,1000.0,DAI,0x6b175474e89094c44da98b954eedeac495271d0f,0xcc288116e78d59a7fa41d466ad61141c0bf0c35d7097421ebc2be79cd6b16d02,1646107825,candidate_layering,2
0xd90e2f925da726b50c4ed8d0fb90ad053324f31b,0x23773e65ed146a459791799d01336db287f25334,erc20,100000.0,DAI,0x6b175474e89094c44da98b954eedeac495271d0f,0x5b8e18c417116e5eac11bcdcd848001c1bc8bdc6a6c2c6074488e4e63b2e6165,1646114193,candidate_layering,2
0xd90e2f925da726b50c4ed8d0fb90ad053324f31b,0x23773e65ed146a459791799d01336db287f25334,erc20,100000.0,DAI,0x6b175474e89094c44da98b954eedeac495271d0f,0x2d33fb0a580cfce92c20ba306d925af909344a7bce540f3d9617252f59026584,1646114193,candidate_layering,2
0xd90e2f925da726b50c4ed8d0fb90ad053324f31b,0x07687e702b410fa43f4cb4af7fa097918ffd2730,erc20,10000.0,DAI,0x6b175474e89094c44da98b954eedeac495271d0f,0x828b1b50c09511aa41cf082bec7854923d9bbec0df76dcb49931343c6b07b73c,1646114350,candidate_layering,2
0xd90e2f925da726b50c4ed8d0fb90ad053324f31b,0x07687e702b410fa43f4cb4af7fa097918ffd2730,erc20,10000.0,DAI,0x6b175474e89094c44da98b954eedeac495271d0f,0x99536a7c023b0bf928216c4cd27c211cd034976f1a856d8859dfa44353391399,1646114368,candidate_layering,2
0xd90e2f925da726b50c4ed8d0fb90ad053324f31b,0x07687e702b410fa43f4cb4af7fa097918ffd2730,erc20,10000.0,DAI,0x6b175474e89094c44da98b954eedeac495271d0f,0x1f140f9773e990b9fd7fa40172a936e0d7587e56c1d4ceed455e1cb50ff2e38b,1646114372,candidate_layering,2
0xd90e2f925da726b50c4ed8d0fb90ad053324f31b,0x07687e702b410fa43f4cb4af7fa097918ffd2730,erc20,10000.0,DAI,0x6b175474e89094c44da98b954eedeac495271d0f,0xec2d9dd460fa7bafe5e893e742e72bd9ade1d66b6545b83f688989fc502fb27e,1646114430,candidate_layering,2
0xd90e2f925da726b50c4ed8d0fb90ad053324f31b,0x07687e702b410fa43f4cb4af7fa097918ffd2730,erc20,10000.0,DAI,0x6b175474e89094c44da98b954eedeac495271d0f,0xd2cb98360683257a05cead8cb01136a298c136c0878e8b8be77137b7b99a30dd,1646114660,candidate_layering,2
0xd90e2f925da726b50c4ed8d0fb90ad053324f31b,0x07687e702b410fa43f4cb4af7fa097918ffd2730,erc20,10000.0,DAI,0x6b175474e89094c44da98b954eedeac495271d0f,0xb4c4ea86af30596cd57817602d888d71566eb15edd7309e7f63ac4fee12e48b0,1646114693,candidate_layering,2
0xd90e2f925da726b50c4ed8d0fb90ad053324f31b,0x07687e702b410fa43f4cb4af7fa097918ffd2730,erc20,10000.0,DAI,0x6b175474e89094c44da98b954eedeac495271d0f,0x7e223b0139b75ac2cd078fbd46732c582f4c83b201d966c2961560fa15b6e001,1646114693,candidate_layering,2
0xd90e2f925da726b50c4ed8d0fb90ad053324f31b,0x07687e702b410fa43f4cb4af7fa097918ffd2730,erc20,10000.0,DAI,0x6b175474e89094c44da98b954eedeac495271d0f,0x773ff620b6263dbbe85e545e6d6d809700faafa8eb8da63c6ce42aa8904f69bb,1646115094,candidate_layering,2
0xd90e2f925da726b50c4ed8d0fb90ad053324f31b,0x07687e702b410fa43f4cb4af7fa097918ffd2730,erc20,10000.0,DAI,0x6b175474e89094c44da98b954eedeac495271d0f,0x543b11d042098ea19603a7b794a8e5d75fd4f96e5976198a83668c2e4fad241b,1646116202,candidate_layering,2
0xd90e2f925da726b50c4ed8d0fb90ad053324f31b,0x07687e702b410fa43f4cb4af7fa097918ffd2730,erc20,10000.0,DAI,0x6b175474e89094c44da98b954eedeac495271d0f,0xe281b6efcf97364bb0c397bee3e108fa27facc4f8cba398e750bf26e587ab569,1646116930,candidate_layering,2
0xd90e2f925da726b50c4ed8d0fb90ad053324f31b,0x07687e702b410fa43f4cb4af7fa097918ffd2730,erc20,10000.0,DAI,0x6b175474e89094c44da98b954eedeac495271d0f,0x0a51351b2c7d40ce7ab867db3b4f909d70f25aca3db1fad9ca0196cb30ae6d7e,1646122984,candidate_layering,2
0xd90e2f925da726b50c4ed8d0fb90ad053324f31b,0x07687e702b410fa43f4cb4af7fa097918ffd2730,erc20,10000.0,DAI,0x6b175474e89094c44da98b954eedeac495271d0f,0x429d410a33fcc65a2ff56ce4d73e13c25ee0d922500c117d3b745d3afb96f711,1646123515,candidate_layering,2
0xd90e2f925da726b50c4ed8d0fb90ad053324f31b,0x07687e702b410fa43f4cb4af7fa097918ffd2730,erc20,10000.0,DAI,0x6b175474e89094c44da98b954eedeac495271d0f,0x18fe117f842c4aba7cd1af841d74f765631c5adcf2a4b72793bfda74720536c7,1646123618,candidate_layering,2
0xd90e2f925da726b50c4ed8d0fb90ad053324f31b,0x0836222f2b2b24a3f36f98668ed8f0b38d1a872f,erc20,1000.0,USDT,0xdac17f958d2ee523a2206206994597c13d831ec7,0xbaaacdfd98ddb2c6a747151237c81e1e5e0696e930f835fa522e2d7e07b1e8ab,1646127902,candidate_layering,2
0xd90e2f925da726b50c4ed8d0fb90ad053324f31b,0x07687e702b410fa43f4cb4af7fa097918ffd2730,erc20,10000.0,DAI,0x6b175474e89094c44da98b954eedeac495271d0f,0x9fd5c9e16bb3d81a704a4313143a66b533022c71102aceed771d22b4b42841a5,1646142420,candidate_layering,2
0xd90e2f925da726b50c4ed8d0fb90ad053324f31b,0x07687e702b410fa43f4cb4af7fa097918ffd2730,erc20,10000.0,DAI,0x6b175474e89094c44da98b954eedeac495271d0f,0xfcf5b74da7e2dcc49da0aedbfab5369287fa396506d35f5ff35fbb4958cb1553,1646145932,candidate_layering,2
0xd90e2f925da726b50c4ed8d0fb90ad053324f31b,0x0836222f2b2b24a3f36f98668ed8f0b38d1a872f,erc20,1000.0,USDT,0xdac17f958d2ee523a2206206994597c13d831ec7,0xa1e7ddeedd35a16259e65d9ca0e9f4a0b57483b8c576258dbf5ef943dd4d4b48,1646160588,candidate_layering,2
0xd90e2f925da726b50c4ed8d0fb90ad053324f31b,0x23773e65ed146a459791799d01336db287f25334,erc20,100000.0,DAI,0x6b175474e89094c44da98b954eedeac495271d0f,0x5cf40dfa1f7f6a878cd6dc5cf4a8bd33a64cb91ede706198491aa0a941a323a1,1646170072,candidate_layering,2
0xd90e2f925da726b50c4ed8d0fb90ad053324f31b,0x23773e65ed146a459791799d01336db287f25334,erc20,100000.0,DAI,0x6b175474e89094c44da98b954eedeac495271d0f,0x1960f0cd83de85ce3cddabce3978d3de8c6414a522b5d7d425baa7680f64b309,1646170072,candidate_layering,2
0xd90e2f925da726b50c4ed8d0fb90ad053324f31b,0x23773e65ed146a459791799d01336db287f25334,erc20,100000.0,DAI,0x6b175474e89094c44da98b954eedeac495271d0f,0x39023f6c5c111245ce3935ad7562c67f00290ad43d751a8e25e1b73d7a63deea,1646170072,candidate_layering,2
0xd90e2f925da726b50c4ed8d0fb90ad053324f31b,0x07687e702b410fa43f4cb4af7fa097918ffd2730,erc20,10000.0,DAI,0x6b175474e89094c44da98b954eedeac495271d0f,0xf5025d596137a453a273be9f62b44aa7deaca99701ccb20dc29121b64a7ccb58,1646173931,candidate_layering,2
0xd90e2f925da726b50c4ed8d0fb90ad053324f31b,0x0836222f2b2b24a3f36f98668ed8f0b38d1a872f,erc20,1000.0,USDT,0xdac17f958d2ee523a2206206994597c13d831ec7,0x9faa391c97c4a1da2acd1c50a28fa1adc075169712e60ee37bdecc7aba2587a9,1646176718,candidate_layering,2
0xd90e2f925da726b50c4ed8d0fb90ad053324f31b,0x07687e702b410fa43f4cb4af7fa097918ffd2730,erc20,10000.0,DAI,0x6b175474e89094c44da98b954eedeac495271d0f,0xba90e314a6aff97a2a067a553f65c091d714875e776ea1d71ff97d1b062df655,1646203778,candidate_layering,2
0xd90e2f925da726b50c4ed8d0fb90ad053324f31b,0xfd8610d20aa15b7b2e3be39b396a1bc3516c7144,erc20,1000.0,DAI,0x6b175474e89094c44da98b954eedeac495271d0f,0xc7254a036ec1b38d497c815ca1d14cec78ba7c71a4dddfc7e15172aeb1125382,1646212175,candidate_layering,2
0xd90e2f925da726b50c4ed8d0fb90ad053324f31b,0x23773e65ed146a459791799d01336db287f25334,erc20,100000.0,DAI,0x6b175474e89094c44da98b954eedeac495271d0f,0x5e30bae53e6db91f0de58f1f5d6507fa55df04932523940ed7ed632ccca0029e,1646215682,candidate_layering,2
0xd90e2f925da726b50c4ed8d0fb90ad053324f31b,0x07687e702b410fa43f4cb4af7fa097918ffd2730,erc20,10000.0,DAI,0x6b175474e89094c44da98b954eedeac495271d0f,0xbb50b0d2ebb612cc5274a536ad49dd5af19056898001e13fcbc6e24792e3d804,1646229989,candidate_layering,2
0xd90e2f925da726b50c4ed8d0fb90ad053324f31b,0x23773e65ed146a459791799d01336db287f25334,erc20,100000.0,DAI,0x6b175474e89094c44da98b954eedeac495271d0f,0x142233b770ad5aebf9e042b07a845233233334b693628b1fe1eba6e5402d5c04,1646235517,candidate_layering,2
0xd90e2f925da726b50c4ed8d0fb90ad053324f31b,0x07687e702b410fa43f4cb4af7fa097918ffd2730,erc20,10000.0,DAI,0x6b175474e89094c44da98b954eedeac495271d0f,0x9ca912664ac8f8593c69620191e4c9ab9fd307d3dd8e9d74a5d25173ebbb9733,1646236371,candidate_layering,2
0xd90e2f925da726b50c4ed8d0fb90ad053324f31b,0x07687e702b410fa43f4cb4af7fa097918ffd2730,erc20,10000.0,DAI,0x6b175474e89094c44da98b954eedeac495271d0f,0x68307f2b0d5294a3e63a015b4f160812cde97d7ca90e86df6df2955986827d3f,1646236647,candidate_layering,2
0xd90e2f925da726b50c4ed8d0fb90ad053324f31b,0x4736dcf1b7a3d580672cce6e7c65cd5cc9cfba9d,erc20,1000.0,USDC,0xa0b86991c6218b36c1d19d4a2e9eb0ce3606eb48,0xd8e278c0c91a35027b43e3c945c117fc6a1fb6b22b532c0e8a5dbbaea1edabd1,1646246319,candidate_layering,2
0xd90e2f925da726b50c4ed8d0fb90ad053324f31b,0x07687e702b410fa43f4cb4af7fa097918ffd2730,erc20,10000.0,DAI,0x6b175474e89094c44da98b954eedeac495271d0f,0xca2c8e46829472746bd4857e808ec0639a3dd183d53f0ca56d59f0aa91aef9af,1646291439,candidate_layering,2
0xd90e2f925da726b50c4ed8d0fb90ad053324f31b,0x4736dcf1b7a3d580672cce6e7c65cd5cc9cfba9d,erc20,1000.0,USDC,0xa0b86991c6218b36c1d19d4a2e9eb0ce3606eb48,0xe8704599d2c5b8848a7a743e51424ae186588488baae957b67e5a052fcda44de,1646297724,candidate_layering,2
0xd90e2f925da726b50c4ed8d0fb90ad053324f31b,0x07687e702b410fa43f4cb4af7fa097918ffd2730,erc20,10000.0,DAI,0x6b175474e89094c44da98b954eedeac495271d0f,0x58eda921389da28050c85689ac2850f8111d7bbecca6f2c65ed07afd64bb934b,1646301742,candidate_layering,2
0xd90e2f925da726b50c4ed8d0fb90ad053324f31b,0x0836222f2b2b24a3f36f98668ed8f0b38d1a872f,erc20,1000.0,USDT,0xdac17f958d2ee523a2206206994597c13d831ec7,0x634ab8aa70ccff4bd0511f1c4c63633fa01975dd4a452f9056e3c06ffa2253a7,1646310428,candidate_layering,2
0xd90e2f925da726b50c4ed8d0fb90ad053324f31b,0x07687e702b410fa43f4cb4af7fa097918ffd2730,erc20,10000.0,DAI,0x6b175474e89094c44da98b954eedeac495271d0f,0x37e88928ea24a161ae0232763652dda8851e1afaa54651ebf999bf54b66f4b2b,1646320528,candidate_layering,2
0xd90e2f925da726b50c4ed8d0fb90ad053324f31b,0x0836222f2b2b24a3f36f98668ed8f0b38d1a872f,erc20,1000.0,USDT,0xdac17f958d2ee523a2206206994597c13d831ec7,0x2e4de9922700fa6070dfdfc5d50bc7c96a97f5b8c3574689a05e4b4ac87217e2,1646327053,candidate_layering,2
0xd90e2f925da726b50c4ed8d0fb90ad053324f31b,0x0836222f2b2b24a3f36f98668ed8f0b38d1a872f,erc20,1000.0,USDT,0xdac17f958d2ee523a2206206994597c13d831ec7,0xfedb46d69e38748d5aa0da970a24d8a48ee19e85fed52d829669d0c291568c20,1646327222,candidate_layering,2
0xd90e2f925da726b50c4ed8d0fb90ad053324f31b,0x07687e702b410fa43f4cb4af7fa097918ffd2730,erc20,10000.0,DAI,0x6b175474e89094c44da98b954eedeac495271d0f,0x6c4903e1cab11b69f401fea08c0447eb14a30c0662f2488b7ceb1d093bf1b63b,1646329582,candidate_layering,2
0xd90e2f925da726b50c4ed8d0fb90ad053324f31b,0x4736dcf1b7a3d580672cce6e7c65cd5cc9cfba9d,erc20,1000.0,USDC,0xa0b86991c6218b36c1d19d4a2e9eb0ce3606eb48,0x928b9aae921445cdef354a8bd9cff2cf15b885f75e5396bf17fbc08033a300c0,1646340800,candidate_layering,2
0xd90e2f925da726b50c4ed8d0fb90ad053324f31b,0x4736dcf1b7a3d580672cce6e7c65cd5cc9cfba9d,erc20,1000.0,USDC,0xa0b86991c6218b36c1d19d4a2e9eb0ce3606eb48,0x7dc3459b307259661c3c64cf87ed56f62c2a77aa9011b2b995900f346ac72a2c,1646340904,candidate_layering,2
0xd90e2f925da726b50c4ed8d0fb90ad053324f31b,0x4736dcf1b7a3d580672cce6e7c65cd5cc9cfba9d,erc20,1000.0,USDC,0xa0b86991c6218b36c1d19d4a2e9eb0ce3606eb48,0x1c24c762866a9540e036b73f08201059dfc7efb8cc28dd81b5138a3fd26cbc48,1646341110,candidate_layering,2
0xd90e2f925da726b50c4ed8d0fb90ad053324f31b,0x4736dcf1b7a3d580672cce6e7c65cd5cc9cfba9d,erc20,1000.0,USDC,0xa0b86991c6218b36c1d19d4a2e9eb0ce3606eb48,0x51666949cedb90689fd5eaf652c0a6736d944758d2d98a70889a7ac610550b17,1646341138,candidate_layering,2
0xd90e2f925da726b50c4ed8d0fb90ad053324f31b,0x07687e702b410fa43f4cb4af7fa097918ffd2730,erc20,10000.0,DAI,0x6b175474e89094c44da98b954eedeac495271d0f,0xc21714c07bb3f65bcb3ae3bfd8d85a22ae68d7e7e470b199e2ac3561adf28a3b,1646342927,candidate_layering,2
0xd90e2f925da726b50c4ed8d0fb90ad053324f31b,0x23773e65ed146a459791799d01336db287f25334,erc20,100000.0,DAI,0x6b175474e89094c44da98b954eedeac495271d0f,0xcdf5d9b2cb4b0057b47088bbd3962ce85ccda2d39ac45ded22a17e109b52e6f9,1646354669,candidate_layering,2
0xd90e2f925da726b50c4ed8d0fb90ad053324f31b,0xfd8610d20aa15b7b2e3be39b396a1bc3516c7144,erc20,1000.0,DAI,0x6b175474e89094c44da98b954eedeac495271d0f,0x47aa22019784b0f8c085e8d7bbac986b5bc5e1d87b443153959fc89015b80475,1646363197,candidate_layering,2
0xd90e2f925da726b50c4ed8d0fb90ad053324f31b,0x07687e702b410fa43f4cb4af7fa097918ffd2730,erc20,10000.0,DAI,0x6b175474e89094c44da98b954eedeac495271d0f,0xc352aef500eecdd8709b8ba6c7f4d3a5dbbd7f13e03f40919441d9cccfbe093d,1646376093,candidate_layering,2
0xd90e2f925da726b50c4ed8d0fb90ad053324f31b,0xfd8610d20aa15b7b2e3be39b396a1bc3516c7144,erc20,1000.0,DAI,0x6b175474e89094c44da98b954eedeac495271d0f,0x2219059dab0dc02b16bdd97b05fd4442fc2692d153a05c0ceeb3358679e5e9ec,1646399772,candidate_layering,2
0xd90e2f925da726b50c4ed8d0fb90ad053324f31b,0x07687e702b410fa43f4cb4af7fa097918ffd2730,erc20,10000.0,DAI,0x6b175474e89094c44da98b954eedeac495271d0f,0xfd7f1a96a75513aa4f495909aff30b06d7361511d739c21fec4cca5d7f36570b,1646403103,candidate_layering,2
0xd90e2f925da726b50c4ed8d0fb90ad053324f31b,0x169ad27a470d064dede56a2d3ff727986b15d52b,erc20,100.0,USDT,0xdac17f958d2ee523a2206206994597c13d831ec7,0xfc5c9fee6eeebac5a80b958bd9e553495fefe76f39689c8f23e48a7b2672cfde,1646405536,candidate_layering,2
0xd90e2f925da726b50c4ed8d0fb90ad053324f31b,0x07687e702b410fa43f4cb4af7fa097918ffd2730,erc20,10000.0,DAI,0x6b175474e89094c44da98b954eedeac495271d0f,0x9af8724ddf9f73586170543131da7fab56682e51e091ddba66c8194bc23131da,1646418910,candidate_layering,2
0xd90e2f925da726b50c4ed8d0fb90ad053324f31b,0xfd8610d20aa15b7b2e3be39b396a1bc3516c7144,erc20,1000.0,DAI,0x6b175474e89094c44da98b954eedeac495271d0f,0x128e3a0c51b3a0e5b2671aac90e38105b84ee215cefe3c4aef094a50e8579399,1646453449,candidate_layering,2
0xd90e2f925da726b50c4ed8d0fb90ad053324f31b,0xfd8610d20aa15b7b2e3be39b396a1bc3516c7144,erc20,1000.0,DAI,0x6b175474e89094c44da98b954eedeac495271d0f,0x10a2250324297f6a642866aa4950c1c38ac06dcf0e3d0017a5240a1ac0ce61df,1646453807,candidate_layering,2
0xd90e2f925da726b50c4ed8d0fb90ad053324f31b,0xfd8610d20aa15b7b2e3be39b396a1bc3516c7144,erc20,1000.0,DAI,0x6b175474e89094c44da98b954eedeac495271d0f,0x429467163b1542966d80934c13d5a2d846c3a18a9cf462906ae3a0d8abaa3ea4,1646454163,candidate_layering,2
0xd90e2f925da726b50c4ed8d0fb90ad053324f31b,0xfd8610d20aa15b7b2e3be39b396a1bc3516c7144,erc20,1000.0,DAI,0x6b175474e89094c44da98b954eedeac495271d0f,0x680afd38496a673ef508a0a02d0278f46e8595d36573c5c8fcd7e35929f37f2f,1646454512,candidate_layering,2
0xd90e2f925da726b50c4ed8d0fb90ad053324f31b,0xfd8610d20aa15b7b2e3be39b396a1bc3516c7144,erc20,1000.0,DAI,0x6b175474e89094c44da98b954eedeac495271d0f,0x27aec16955141cd450abd778a9a043d0ba5cdf40cf9409612a66391cee7db3eb,1646455391,candidate_layering,2
0xd90e2f925da726b50c4ed8d0fb90ad053324f31b,0x4736dcf1b7a3d580672cce6e7c65cd5cc9cfba9d,erc20,1000.0,USDC,0xa0b86991c6218b36c1d19d4a2e9eb0ce3606eb48,0xac2b0ab9b6cea37d8e4576f4cead5dfcb8ae8f9cd05613ac99f90fdbe3b47bb4,1646459527,candidate_layering,2
0xd90e2f925da726b50c4ed8d0fb90ad053324f31b,0x07687e702b410fa43f4cb4af7fa097918ffd2730,erc20,10000.0,DAI,0x6b175474e89094c44da98b954eedeac495271d0f,0xad4d3e379f7028fb1bacd9f52e50da66fc04a2dd5ed6c9bce63a6ebd481f5633,1646462510,candidate_layering,2
0xd90e2f925da726b50c4ed8d0fb90ad053324f31b,0x07687e702b410fa43f4cb4af7fa097918ffd2730,erc20,10000.0,DAI,0x6b175474e89094c44da98b954eedeac495271d0f,0x1aa7c3dc913e5fabfed4f5352e24fbf8a091f5a5ee5ace7d375e8ebe685d45ca,1646468484,candidate_layering,2
0xd90e2f925da726b50c4ed8d0fb90ad053324f31b,0x23773e65ed146a459791799d01336db287f25334,erc20,100000.0,DAI,0x6b175474e89094c44da98b954eedeac495271d0f,0xb38f9cea8a01b2a9caf16acf02b0a42642d72d4745fb3e33c208ca51c5b40041,1646473524,candidate_layering,2
0xd90e2f925da726b50c4ed8d0fb90ad053324f31b,0x23773e65ed146a459791799d01336db287f25334,erc20,100000.0,DAI,0x6b175474e89094c44da98b954eedeac495271d0f,0xa9a8551454547b8ccf80e2b0b26d6eb14612b8d923e0c8508fb5b299598442e2,1646473620,candidate_layering,2
0xd90e2f925da726b50c4ed8d0fb90ad053324f31b,0x23773e65ed146a459791799d01336db287f25334,erc20,100000.0,DAI,0x6b175474e89094c44da98b954eedeac495271d0f,0x37c310325ab9351c7a6e422c714bf2bb2a61c901a6503c9da4730c462aa261df,1646473709,candidate_layering,2
0xd90e2f925da726b50c4ed8d0fb90ad053324f31b,0x4736dcf1b7a3d580672cce6e7c65cd5cc9cfba9d,erc20,1000.0,USDC,0xa0b86991c6218b36c1d19d4a2e9eb0ce3606eb48,0xc88f8337565e5dd3d361ac40b9d2692a123b50805208e8d1724a8149b59ea421,1646481183,candidate_layering,2
0xd90e2f925da726b50c4ed8d0fb90ad053324f31b,0x0836222f2b2b24a3f36f98668ed8f0b38d1a872f,erc20,1000.0,USDT,0xdac17f958d2ee523a2206206994597c13d831ec7,0x71ec82c707768202d70e199324acb723b844083e9c32467e375270ae7d8d1436,1646532996,candidate_layering,2
0xd90e2f925da726b50c4ed8d0fb90ad053324f31b,0x07687e702b410fa43f4cb4af7fa097918ffd2730,erc20,10000.0,DAI,0x6b175474e89094c44da98b954eedeac495271d0f,0xfeea6aba02f07d2d2cfee3b90b7f838440b0341273d07cc96a676ef215499978,1646537160,candidate_layering,2
0xd90e2f925da726b50c4ed8d0fb90ad053324f31b,0x23773e65ed146a459791799d01336db287f25334,erc20,100000.0,DAI,0x6b175474e89094c44da98b954eedeac495271d0f,0xb60d0e98b62863880811599ab3b485951517b0050988bc62e297be05146485b1,1646540028,candidate_layering,2
0xd90e2f925da726b50c4ed8d0fb90ad053324f31b,0x07687e702b410fa43f4cb4af7fa097918ffd2730,erc20,10000.0,DAI,0x6b175474e89094c44da98b954eedeac495271d0f,0xda4d305fecc774296ab3429a04e51deb281a402d4b88d46c8af41a253beda0db,1646540086,candidate_layering,2
0xd90e2f925da726b50c4ed8d0fb90ad053324f31b,0x07687e702b410fa43f4cb4af7fa097918ffd2730,erc20,10000.0,DAI,0x6b175474e89094c44da98b954eedeac495271d0f,0x6630d3a47ed70bf02a6c46e288b8fa8d6a857594d3fb7e53bf27cc2677cae7ae,1646540109,candidate_layering,2
0xd90e2f925da726b50c4ed8d0fb90ad053324f31b,0x23773e65ed146a459791799d01336db287f25334,erc20,100000.0,DAI,0x6b175474e89094c44da98b954eedeac495271d0f,0x6980a190fba17e0bc3a264bed6029b6d86695bd1aaa13c207fd5cb9ef8ed0286,1646540109,candidate_layering,2
0xd90e2f925da726b50c4ed8d0fb90ad053324f31b,0x23773e65ed146a459791799d01336db287f25334,erc20,100000.0,DAI,0x6b175474e89094c44da98b954eedeac495271d0f,0x9cd1a236e2601a3d1591563ecd8b5956898c75c0ad91cf421591c4020caef2bb,1646540276,candidate_layering,2
0xd90e2f925da726b50c4ed8d0fb90ad053324f31b,0x23773e65ed146a459791799d01336db287f25334,erc20,100000.0,DAI,0x6b175474e89094c44da98b954eedeac495271d0f,0x9c248d1628f2eebc0526c5a2172221f8c7accf47e2476391c10af5ea6c1139b2,1646540319,candidate_layering,2
0xd90e2f925da726b50c4ed8d0fb90ad053324f31b,0x23773e65ed146a459791799d01336db287f25334,erc20,100000.0,DAI,0x6b175474e89094c44da98b954eedeac495271d0f,0xf3bb24f66cd17ed3859a77ea53bcc8e67de6aae16284dae579ea80bfc4c4f036,1646542518,candidate_layering,2
0xd90e2f925da726b50c4ed8d0fb90ad053324f31b,0x23773e65ed146a459791799d01336db287f25334,erc20,100000.0,DAI,0x6b175474e89094c44da98b954eedeac495271d0f,0xf695856bf87b80d67baab4f31c6a63bba549cab9e084dd3853bcab523569d17f,1646542596,candidate_layering,2
0xd90e2f925da726b50c4ed8d0fb90ad053324f31b,0x23773e65ed146a459791799d01336db287f25334,erc20,100000.0,DAI,0x6b175474e89094c44da98b954eedeac495271d0f,0x4c84872a755584ce9a377041212a7c46cedc65a7f6f1f7d9944e318649c30856,1646542627,candidate_layering,2
0xd90e2f925da726b50c4ed8d0fb90ad053324f31b,0x23773e65ed146a459791799d01336db287f25334,erc20,100000.0,DAI,0x6b175474e89094c44da98b954eedeac495271d0f,0x902500be2847ca2afc33bc22aa71b7857d4d29702a7f32a98e498e8dbfff4640,1646542647,candidate_layering,2
0xd90e2f925da726b50c4ed8d0fb90ad053324f31b,0x23773e65ed146a459791799d01336db287f25334,erc20,100000.0,DAI,0x6b175474e89094c44da98b954eedeac495271d0f,0x008f666f503dcf431dce37a1777fa178f6c1bc06c6d87207d606e0d8b20f7035,1646542687,candidate_layering,2
0xd90e2f925da726b50c4ed8d0fb90ad053324f31b,0x23773e65ed146a459791799d01336db287f25334,erc20,100000.0,DAI,0x6b175474e89094c44da98b954eedeac495271d0f,0x830d5ad3a307547143b7f9977f146718637375415c6f7627c3c77b44ce826a9f,1646542721,candidate_layering,2
0xd90e2f925da726b50c4ed8d0fb90ad053324f31b,0x23773e65ed146a459791799d01336db287f25334,erc20,100000.0,DAI,0x6b175474e89094c44da98b954eedeac495271d0f,0x8d62e783deb0ae09eae2f64caefadb0b96b8d61137299fa1e31fb13755dde532,1646542772,candidate_layering,2
0xd90e2f925da726b50c4ed8d0fb90ad053324f31b,0x23773e65ed146a459791799d01336db287f25334,erc20,100000.0,DAI,0x6b175474e89094c44da98b954eedeac495271d0f,0x28829b2a072c54b5fb23fdace0eb530dbee64ae916d8118709687e611c9ee9b7,1646542784,candidate_layering,2
0xd90e2f925da726b50c4ed8d0fb90ad053324f31b,0x23773e65ed146a459791799d01336db287f25334,erc20,100000.0,DAI,0x6b175474e89094c44da98b954eedeac495271d0f,0xbf7ffcd47df76b6877e21eef6af96d5c4946c186a1483fefb9593657c2707698,1646542860,candidate_layering,2
0xd90e2f925da726b50c4ed8d0fb90ad053324f31b,0x169ad27a470d064dede56a2d3ff727986b15d52b,erc20,100.0,USDT,0xdac17f958d2ee523a2206206994597c13d831ec7,0xf06fc8e72d367fc7a80515089a997445f4072238435b4287413e7a766fd478e7,1646545070,candidate_layering,2
0xd90e2f925da726b50c4ed8d0fb90ad053324f31b,0xd4b88df4d29f5cedd6857912842cff3b20c8cfa3,erc20,100.0,DAI,0x6b175474e89094c44da98b954eedeac495271d0f,0x3359cdaaa33cdeff459e6505e06d9f10d10e3dffb09a336c059e933389c2dd13,1646564434,candidate_layering,2
0xd90e2f925da726b50c4ed8d0fb90ad053324f31b,0x4736dcf1b7a3d580672cce6e7c65cd5cc9cfba9d,erc20,1000.0,USDC,0xa0b86991c6218b36c1d19d4a2e9eb0ce3606eb48,0xe71b33ea871d1c4ac164b166653fd92d27f39c542ff3ca873b189b95cab3db9b,1646568483,candidate_layering,2
0xd90e2f925da726b50c4ed8d0fb90ad053324f31b,0x4736dcf1b7a3d580672cce6e7c65cd5cc9cfba9d,erc20,1000.0,USDC,0xa0b86991c6218b36c1d19d4a2e9eb0ce3606eb48,0x6a2dc18ce40c922cdfaa25a5a267e4619ccb35dd7dfcf3f06ffb8ba0193cd919,1646568682,candidate_layering,2
0xd90e2f925da726b50c4ed8d0fb90ad053324f31b,0x07687e702b410fa43f4cb4af7fa097918ffd2730,erc20,10000.0,DAI,0x6b175474e89094c44da98b954eedeac495271d0f,0x5a1ee4b476b31ab002b2deb0ea338a6ba558e14196736e393e6864b689589617,1646568691,candidate_layering,2
0xd90e2f925da726b50c4ed8d0fb90ad053324f31b,0x07687e702b410fa43f4cb4af7fa097918ffd2730,erc20,10000.0,DAI,0x6b175474e89094c44da98b954eedeac495271d0f,0x97fccb5afd5c11196e7d4b6ea4b8983ba374dba36e746258e7224633816d877d,1646576596,candidate_layering,2
0xd90e2f925da726b50c4ed8d0fb90ad053324f31b,0x07687e702b410fa43f4cb4af7fa097918ffd2730,erc20,10000.0,DAI,0x6b175474e89094c44da98b954eedeac495271d0f,0xb7f6dff117783d294d860d6bfd52ab4a0805d11ec2601d9d86c69a52a1ddf268,1646576693,candidate_layering,2
0xd90e2f925da726b50c4ed8d0fb90ad053324f31b,0x07687e702b410fa43f4cb4af7fa097918ffd2730,erc20,10000.0,DAI,0x6b175474e89094c44da98b954eedeac495271d0f,0xb0f2a066bd8db58f54ab8b639b09ec3f350550b1258f0850ad0f35810b782710,1646599924,candidate_layering,2
0xd90e2f925da726b50c4ed8d0fb90ad053324f31b,0x23773e65ed146a459791799d01336db287f25334,erc20,100000.0,DAI,0x6b175474e89094c44da98b954eedeac495271d0f,0x80bde8f1d83d2aa8d4d30a1c47529159aebf725e678672c6bb3841927244b08d,1646626713,candidate_layering,2
0xd90e2f925da726b50c4ed8d0fb90ad053324f31b,0x23773e65ed146a459791799d01336db287f25334,erc20,100000.0,DAI,0x6b175474e89094c44da98b954eedeac495271d0f,0xfe631e7d697c6991b0a18f70365d6259d39f52a283986b3ddbc18048242eaa1d,1646638955,candidate_layering,2
0xd90e2f925da726b50c4ed8d0fb90ad053324f31b,0x23773e65ed146a459791799d01336db287f25334,erc20,100000.0,DAI,0x6b175474e89094c44da98b954eedeac495271d0f,0x81b3c4f6ece33614019ea9300838fbdaed2dd05fc08cf9768671e0e827d3042d,1646638971,candidate_layering,2
0xd90e2f925da726b50c4ed8d0fb90ad053324f31b,0x23773e65ed146a459791799d01336db287f25334,erc20,100000.0,DAI,0x6b175474e89094c44da98b954eedeac495271d0f,0x2eb5cda21c754bca927cda391e4d56cb7e635560d84becb1777b6accbdd3e698,1646639009,candidate_layering,2
0xd90e2f925da726b50c4ed8d0fb90ad053324f31b,0x23773e65ed146a459791799d01336db287f25334,erc20,100000.0,DAI,0x6b175474e89094c44da98b954eedeac495271d0f,0xfa78a156f6b61e8ec5e47d52d19264bd2ec75e1fa5b3437824c11ecffac81e32,1646639029,candidate_layering,2
0xd90e2f925da726b50c4ed8d0fb90ad053324f31b,0x23773e65ed146a459791799d01336db287f25334,erc20,100000.0,DAI,0x6b175474e89094c44da98b954eedeac495271d0f,0xfcef8ce9763f587bab5a1c6f847a6a79f81697879c4dd2109cb3bbc316fcee70,1646639056,candidate_layering,2
0xd90e2f925da726b50c4ed8d0fb90ad053324f31b,0x23773e65ed146a459791799d01336db287f25334,erc20,100000.0,DAI,0x6b175474e89094c44da98b954eedeac495271d0f,0xb97b83cca7a70af8d60a724625fe04e7179633802e851dfb80a3efc22c2a6b9e,1646639074,candidate_layering,2
0xd90e2f925da726b50c4ed8d0fb90ad053324f31b,0x23773e65ed146a459791799d01336db287f25334,erc20,100000.0,DAI,0x6b175474e89094c44da98b954eedeac495271d0f,0x20b8d55fa916befccb825c6e23bae5a1c20b15e7bed43a5142e436d5999d1dbc,1646639116,candidate_layering,2
0xd90e2f925da726b50c4ed8d0fb90ad053324f31b,0x23773e65ed146a459791799d01336db287f25334,erc20,100000.0,DAI,0x6b175474e89094c44da98b954eedeac495271d0f,0x99e155d2449a8e1bc4cc59fe1b8ea339556cdd31aaf2f6b5d7c7a6f245c4c48a,1646639116,candidate_layering,2
0xd90e2f925da726b50c4ed8d0fb90ad053324f31b,0x23773e65ed146a459791799d01336db287f25334,erc20,100000.0,DAI,0x6b175474e89094c44da98b954eedeac495271d0f,0x55d67d6efc6e816117b478213ffb13aac825eb9bd5bd5281531de9acc42cee18,1646639164,candidate_layering,2
0xd90e2f925da726b50c4ed8d0fb90ad053324f31b,0x23773e65ed146a459791799d01336db287f25334,erc20,100000.0,DAI,0x6b175474e89094c44da98b954eedeac495271d0f,0x378fc62da40c4013a544112e487f07dca829f88ad8d72fa6dd77370dea22a792,1646639189,candidate_layering,2
0xd90e2f925da726b50c4ed8d0fb90ad053324f31b,0x23773e65ed146a459791799d01336db287f25334,erc20,100000.0,DAI,0x6b175474e89094c44da98b954eedeac495271d0f,0x1ec0a6a3eae061a5cda9b63876bfb3f9d6658d6c7c66d44844c8164bb61cd7b8,1646639235,candidate_layering,2
0xd90e2f925da726b50c4ed8d0fb90ad053324f31b,0x23773e65ed146a459791799d01336db287f25334,erc20,100000.0,DAI,0x6b175474e89094c44da98b954eedeac495271d0f,0xde69788ccd9f3ef23662a47312e835dc23d3b3195c84b9aea1c451db222030d1,1646639287,candidate_layering,2
0xd90e2f925da726b50c4ed8d0fb90ad053324f31b,0x23773e65ed146a459791799d01336db287f25334,erc20,100000.0,DAI,0x6b175474e89094c44da98b954eedeac495271d0f,0x1ce5419472d78cf922c00bbfe9fcdfdbe007dfe8c32e790511866f9cffc0559e,1646639319,candidate_layering,2
0xd90e2f925da726b50c4ed8d0fb90ad053324f31b,0x23773e65ed146a459791799d01336db287f25334,erc20,100000.0,DAI,0x6b175474e89094c44da98b954eedeac495271d0f,0x2811dddc9288135e5a166e003809257a22693f6d0e5aafc213b4b804bc9ca679,1646639319,candidate_layering,2
0xd90e2f925da726b50c4ed8d0fb90ad053324f31b,0x23773e65ed146a459791799d01336db287f25334,erc20,100000.0,DAI,0x6b175474e89094c44da98b954eedeac495271d0f,0x947ec862559b3f7224a9a472a3863e63208d96d5383109d866c7a089d4dd1d91,1646639432,candidate_layering,2
0xd90e2f925da726b50c4ed8d0fb90ad053324f31b,0x23773e65ed146a459791799d01336db287f25334,erc20,100000.0,DAI,0x6b175474e89094c44da98b954eedeac495271d0f,0xc5b54420de7a8b13408af5fb4cc9c7a869e93261c793e1d7ee622a4843dd5e2b,1646639445,candidate_layering,2
0xd90e2f925da726b50c4ed8d0fb90ad053324f31b,0x23773e65ed146a459791799d01336db287f25334,erc20,100000.0,DAI,0x6b175474e89094c44da98b954eedeac495271d0f,0xc53dba3d45faf1ec236d8fefabe41378f489a874402f2b71a068311efa594a3d,1646639500,candidate_layering,2
0xd90e2f925da726b50c4ed8d0fb90ad053324f31b,0x23773e65ed146a459791799d01336db287f25334,erc20,100000.0,DAI,0x6b175474e89094c44da98b954eedeac495271d0f,0xc6e25153e3a60f15aaff192c07e6b04418628414047d580328532ba741d9aee8,1646639540,candidate_layering,2
0xd90e2f925da726b50c4ed8d0fb90ad053324f31b,0x23773e65ed146a459791799d01336db287f25334,erc20,100000.0,DAI,0x6b175474e89094c44da98b954eedeac495271d0f,0xeb041e5c4bf759111431982736dc1795837ae8bc40691d15bd0daa90ea02270d,1646639580,candidate_layering,2
0xd90e2f925da726b50c4ed8d0fb90ad053324f31b,0x23773e65ed146a459791799d01336db287f25334,erc20,100000.0,DAI,0x6b175474e89094c44da98b954eedeac495271d0f,0xd70fb0678fd526302cce2197074a6fc0febe55a658b08322bbcff69e1c27af96,1646639680,candidate_layering,2
0xd90e2f925da726b50c4ed8d0fb90ad053324f31b,0x23773e65ed146a459791799d01336db287f25334,erc20,100000.0,DAI,0x6b175474e89094c44da98b954eedeac495271d0f,0x7e9ebfaebb04d1f5b42aa4672d8e3887df933ff7036229bc222053f1784b29e6,1646639694,candidate_layering,2
0xd90e2f925da726b50c4ed8d0fb90ad053324f31b,0x23773e65ed146a459791799d01336db287f25334,erc20,100000.0,DAI,0x6b175474e89094c44da98b954eedeac495271d0f,0xc10e960c68a2c3310311067b841dc68dd2e9ace04464db9d409d7f8c4fcca752,1646639735,candidate_layering,2
0xd90e2f925da726b50c4ed8d0fb90ad053324f31b,0x169ad27a470d064dede56a2d3ff727986b15d52b,erc20,100.0,USDT,0xdac17f958d2ee523a2206206994597c13d831ec7,0x3487ee74a4de6e27b7c66b1c55292bd70af0ea065f0f838973ef37afcd5d8299,1646639760,candidate_layering,2
0xd90e2f925da726b50c4ed8d0fb90ad053324f31b,0x23773e65ed146a459791799d01336db287f25334,erc20,100000.0,DAI,0x6b175474e89094c44da98b954eedeac495271d0f,0xf53398ab7b50fe07d5e4bdbe0e51904458eda32503e5be606da4ee5cf8a782c1,1646639760,candidate_layering,2
0xd90e2f925da726b50c4ed8d0fb90ad053324f31b,0x23773e65ed146a459791799d01336db287f25334,erc20,100000.0,DAI,0x6b175474e89094c44da98b954eedeac495271d0f,0xd4cc9abc3a7e1e75e93384b4ace0353541672cb1d322dc8d097410d461781a29,1646639760,candidate_layering,2
0xd90e2f925da726b50c4ed8d0fb90ad053324f31b,0x23773e65ed146a459791799d01336db287f25334,erc20,100000.0,DAI,0x6b175474e89094c44da98b954eedeac495271d0f,0x212b564e89bdbb2f7d1b4570a1a441b23550e6d3fe6d50475d2e2f69ef8bb326,1646639823,candidate_layering,2
0xd90e2f925da726b50c4ed8d0fb90ad053324f31b,0xfd8610d20aa15b7b2e3be39b396a1bc3516c7144,erc20,1000.0,DAI,0x6b175474e89094c44da98b954eedeac495271d0f,0x57dcfd9bc05e30add06363a81cc761613bfccd7b46890d37282cd8207c2800a4,1646640357,candidate_layering,2
0xd90e2f925da726b50c4ed8d0fb90ad053324f31b,0x23773e65ed146a459791799d01336db287f25334,erc20,100000.0,DAI,0x6b175474e89094c44da98b954eedeac495271d0f,0x0bc188fe1a1e84e75d7b2295070342c3aae5e7c23b3043a261adf8a8a54d26ec,1646641000,candidate_layering,2
0xd90e2f925da726b50c4ed8d0fb90ad053324f31b,0x07687e702b410fa43f4cb4af7fa097918ffd2730,erc20,10000.0,DAI,0x6b175474e89094c44da98b954eedeac495271d0f,0x79396347a52993f5e9d27cf6d99476394a4e9141d8e0c08fda1f1b850c8f6631,1646645510,candidate_layering,2
0xd90e2f925da726b50c4ed8d0fb90ad053324f31b,0x07687e702b410fa43f4cb4af7fa097918ffd2730,erc20,10000.0,DAI,0x6b175474e89094c44da98b954eedeac495271d0f,0xfeb5178e5684d2fa8743f692cdeeb38b5393d400799fcb16673e1aab7a1c4eae,1646646142,candidate_layering,2
0xd90e2f925da726b50c4ed8d0fb90ad053324f31b,0x07687e702b410fa43f4cb4af7fa097918ffd2730,erc20,10000.0,DAI,0x6b175474e89094c44da98b954eedeac495271d0f,0x7942536549b8c399034011aad76cec905b9ebd2155f13ca41adcb89bedbbfb96,1646653792,candidate_layering,2
0xd90e2f925da726b50c4ed8d0fb90ad053324f31b,0x07687e702b410fa43f4cb4af7fa097918ffd2730,erc20,10000.0,DAI,0x6b175474e89094c44da98b954eedeac495271d0f,0xebd005ccd94e442a569dff088f3742e65f30e1a7fb316ab5cdf6507361570751,1646653792,candidate_layering,2
0xd90e2f925da726b50c4ed8d0fb90ad053324f31b,0x23773e65ed146a459791799d01336db287f25334,erc20,100000.0,DAI,0x6b175474e89094c44da98b954eedeac495271d0f,0x7bc64a7a002ec1cc00fa85d724867a112e322bcad10853255e932a91dbe82411,1646658573,candidate_layering,2
0xd90e2f925da726b50c4ed8d0fb90ad053324f31b,0x23773e65ed146a459791799d01336db287f25334,erc20,100000.0,DAI,0x6b175474e89094c44da98b954eedeac495271d0f,0xe4f7ae945c8914e62af37c25e571aee997a64a307bc573d5c829c1ef85dc517e,1646658609,candidate_layering,2
0xd90e2f925da726b50c4ed8d0fb90ad053324f31b,0x23773e65ed146a459791799d01336db287f25334,erc20,100000.0,DAI,0x6b175474e89094c44da98b954eedeac495271d0f,0x3c19a1a33a1e30d15c08240047a44927b1bd9f0882185bf9b7305e622b257996,1646682343,candidate_layering,2
0xd90e2f925da726b50c4ed8d0fb90ad053324f31b,0x23773e65ed146a459791799d01336db287f25334,erc20,100000.0,DAI,0x6b175474e89094c44da98b954eedeac495271d0f,0x245914fde9f4efd809b2503a69e8f7adcb184e6ec5697dc19b6d04357c937630,1646682370,candidate_layering,2
0xd90e2f925da726b50c4ed8d0fb90ad053324f31b,0x23773e65ed146a459791799d01336db287f25334,erc20,100000.0,DAI,0x6b175474e89094c44da98b954eedeac495271d0f,0x3e036404a98fbb04fb212235262174f1091fd0f93942e50636e43a4dae4f6a07,1646682416,candidate_layering,2
0xd90e2f925da726b50c4ed8d0fb90ad053324f31b,0x23773e65ed146a459791799d01336db287f25334,erc20,100000.0,DAI,0x6b175474e89094c44da98b954eedeac495271d0f,0x42a06d5495495d92467e2a56374d91aa4d8e4e9aa9455fff4fd47f97ff25aac6,1646682557,candidate_layering,2
0xd90e2f925da726b50c4ed8d0fb90ad053324f31b,0x23773e65ed146a459791799d01336db287f25334,erc20,100000.0,DAI,0x6b175474e89094c44da98b954eedeac495271d0f,0xa14533653b07ba5dff3126d1cfdfa898d1c234b7f5ab6509945424534d9f3d19,1646682627,candidate_layering,2
0xd90e2f925da726b50c4ed8d0fb90ad053324f31b,0x23773e65ed146a459791799d01336db287f25334,erc20,100000.0,DAI,0x6b175474e89094c44da98b954eedeac495271d0f,0x9547648434e40d477dad8f24f6e9804444d1704c90135fb61b9215e4314a3b41,1646683771,candidate_layering,2
0xd90e2f925da726b50c4ed8d0fb90ad053324f31b,0x23773e65ed146a459791799d01336db287f25334,erc20,100000.0,DAI,0x6b175474e89094c44da98b954eedeac495271d0f,0x7fe715806cb07589d7744710d94ffb35bdd415f0b687fadc8931e16f328b5aea,1646683771,candidate_layering,2
0xd90e2f925da726b50c4ed8d0fb90ad053324f31b,0x23773e65ed146a459791799d01336db287f25334,erc20,100000.0,DAI,0x6b175474e89094c44da98b954eedeac495271d0f,0x55c9f9fe35a46df574056bf4a84f17db002d22ddb7d016e1c4dab69a211701a0,1646683771,candidate_layering,2
0xd90e2f925da726b50c4ed8d0fb90ad053324f31b,0x23773e65ed146a459791799d01336db287f25334,erc20,100000.0,DAI,0x6b175474e89094c44da98b954eedeac495271d0f,0xbd0a7076733991132d6217c0387f33f0fd06a03e9242c0deff44dfbce2400efa,1646683771,candidate_layering,2
0xd90e2f925da726b50c4ed8d0fb90ad053324f31b,0x23773e65ed146a459791799d01336db287f25334,erc20,100000.0,DAI,0x6b175474e89094c44da98b954eedeac495271d0f,0x3bd816dc8b6f25cf498a056416517616929345b0f86c4237495c53e813059a3f,1646683771,candidate_layering,2
0xd90e2f925da726b50c4ed8d0fb90ad053324f31b,0x07687e702b410fa43f4cb4af7fa097918ffd2730,erc20,10000.0,DAI,0x6b175474e89094c44da98b954eedeac495271d0f,0xe10ead5504a3603263280c0d79eb151183cf268745651d703d192d41dfee09ac,1646685553,candidate_layering,2
0xd90e2f925da726b50c4ed8d0fb90ad053324f31b,0x07687e702b410fa43f4cb4af7fa097918ffd2730,erc20,10000.0,DAI,0x6b175474e89094c44da98b954eedeac495271d0f,0x43715e9c3652634f6357bf16e72a3617111975842c9ef3be2da01ef12d3bd33a,1646685813,candidate_layering,2
0xd90e2f925da726b50c4ed8d0fb90ad053324f31b,0xfd8610d20aa15b7b2e3be39b396a1bc3516c7144,erc20,1000.0,DAI,0x6b175474e89094c44da98b954eedeac495271d0f,0xb08de37c057d11a4849a334050de91c01d0e7452dc329105d6192f8e4dac97ce,1646685946,candidate_layering,2
0xd90e2f925da726b50c4ed8d0fb90ad053324f31b,0x23773e65ed146a459791799d01336db287f25334,erc20,100000.0,DAI,0x6b175474e89094c44da98b954eedeac495271d0f,0x345447a6243b9d977caf6aa9658d2ed4bc4cbcf482f291bcc20bf4426939177a,1646689743,candidate_layering,2
0xd90e2f925da726b50c4ed8d0fb90ad053324f31b,0x0836222f2b2b24a3f36f98668ed8f0b38d1a872f,erc20,1000.0,USDT,0xdac17f958d2ee523a2206206994597c13d831ec7,0x457a230b29362959183847c7e43e33cb8a4c5df661d2a53ce1eef2df337dcb62,1646714337,candidate_layering,2
0xd90e2f925da726b50c4ed8d0fb90ad053324f31b,0x23773e65ed146a459791799d01336db287f25334,erc20,100000.0,DAI,0x6b175474e89094c44da98b954eedeac495271d0f,0xd5eb5c11b778aa97846d0ede451e5bc92d29e612a7b99b780b35b5a7b6060805,1646719766,candidate_layering,2
0xd90e2f925da726b50c4ed8d0fb90ad053324f31b,0x07687e702b410fa43f4cb4af7fa097918ffd2730,erc20,10000.0,DAI,0x6b175474e89094c44da98b954eedeac495271d0f,0xe705a3a88ccb76caa74ea8154bd56f0a1f26d3ffc3e94b6dd88e978140cde2e8,1646733181,candidate_layering,2
0xd90e2f925da726b50c4ed8d0fb90ad053324f31b,0xd96f2b1c14db8458374d9aca76e26c3d18364307,erc20,100.0,USDC,0xa0b86991c6218b36c1d19d4a2e9eb0ce3606eb48,0x170072f66c0375321d3b6fcd029b7f2ec31f53baaee256b1a38e97405ca929f3,1646741458,candidate_layering,2
0xd90e2f925da726b50c4ed8d0fb90ad053324f31b,0x07687e702b410fa43f4cb4af7fa097918ffd2730,erc20,10000.0,DAI,0x6b175474e89094c44da98b954eedeac495271d0f,0x0a6508b6f2795ca4f5226460e19d2ad38d5bd134318b4162d08353649b75f229,1646755012,candidate_layering,2
0xd90e2f925da726b50c4ed8d0fb90ad053324f31b,0x23773e65ed146a459791799d01336db287f25334,erc20,100000.0,DAI,0x6b175474e89094c44da98b954eedeac495271d0f,0xdd3d4ff1425efc5c228307f3a8ec56503c0fcef914a76ef170069be3c9f07dd2,1646759377,candidate_layering,2
0xd90e2f925da726b50c4ed8d0fb90ad053324f31b,0x23773e65ed146a459791799d01336db287f25334,erc20,100000.0,DAI,0x6b175474e89094c44da98b954eedeac495271d0f,0x94a6604d23b8812a38100588a4237417559b20abe769c936e6fca50dbc3c2b00,1646759539,candidate_layering,2
0xd90e2f925da726b50c4ed8d0fb90ad053324f31b,0x4736dcf1b7a3d580672cce6e7c65cd5cc9cfba9d,erc20,1000.0,USDC,0xa0b86991c6218b36c1d19d4a2e9eb0ce3606eb48,0x71ea96168a02b4e2b2ac1cc0c49e53c8364bbec5d968634f0240567053230d81,1646771077,candidate_layering,2
0xd90e2f925da726b50c4ed8d0fb90ad053324f31b,0x07687e702b410fa43f4cb4af7fa097918ffd2730,erc20,10000.0,DAI,0x6b175474e89094c44da98b954eedeac495271d0f,0x1c88a6015a8c0fd872320e13dd90246708012a0c5d02ab3086df02f3252fc7dc,1646779792,candidate_layering,2
0xd90e2f925da726b50c4ed8d0fb90ad053324f31b,0x23773e65ed146a459791799d01336db287f25334,erc20,100000.0,DAI,0x6b175474e89094c44da98b954eedeac495271d0f,0xc14ce812b16816052417f590edbdd4329e9dfff15d4b98bd699317d5cddef690,1646788565,candidate_layering,2
0xd90e2f925da726b50c4ed8d0fb90ad053324f31b,0xd4b88df4d29f5cedd6857912842cff3b20c8cfa3,erc20,100.0,DAI,0x6b175474e89094c44da98b954eedeac495271d0f,0x94a939f65686b64f5e8075c0015bb0095f9690ed50f6199f6ab357672b758e1d,1646799055,candidate_layering,2
0xd90e2f925da726b50c4ed8d0fb90ad053324f31b,0x07687e702b410fa43f4cb4af7fa097918ffd2730,erc20,10000.0,DAI,0x6b175474e89094c44da98b954eedeac495271d0f,0x98075759a150c2b17ac4f24cae86df36266e2873dbed317d532fcfd29d72e3cb,1646799445,candidate_layering,2
0xd90e2f925da726b50c4ed8d0fb90ad053324f31b,0x07687e702b410fa43f4cb4af7fa097918ffd2730,erc20,10000.0,DAI,0x6b175474e89094c44da98b954eedeac495271d0f,0xe4ceeb9530e6e9b161ba7680bba997874ddcfb60a53231bdc1eb747ceb80090d,1646813677,candidate_layering,2
0xd90e2f925da726b50c4ed8d0fb90ad053324f31b,0x23773e65ed146a459791799d01336db287f25334,erc20,100000.0,DAI,0x6b175474e89094c44da98b954eedeac495271d0f,0xa91338a2dac0d0fa65899f53cf2f4cf94b4cc27271aae582fd33dae9ba2ef858,1646842874,candidate_layering,2
0xd90e2f925da726b50c4ed8d0fb90ad053324f31b,0x07687e702b410fa43f4cb4af7fa097918ffd2730,erc20,10000.0,DAI,0x6b175474e89094c44da98b954eedeac495271d0f,0xa1e11bd8134bfd94e11f908c11d1b6c20b2b2528f78d9c3e51505ad3b2c72fff,1646842959,candidate_layering,2
0xd90e2f925da726b50c4ed8d0fb90ad053324f31b,0x07687e702b410fa43f4cb4af7fa097918ffd2730,erc20,10000.0,DAI,0x6b175474e89094c44da98b954eedeac495271d0f,0xc2643cd45b567ada6c053e96c60c5ab1a8d7c5187c7c7bb60b5290cb2c271f32,1646844214,candidate_layering,2
0xd90e2f925da726b50c4ed8d0fb90ad053324f31b,0xd96f2b1c14db8458374d9aca76e26c3d18364307,erc20,100.0,USDC,0xa0b86991c6218b36c1d19d4a2e9eb0ce3606eb48,0x286ad4393017cec336f1ee2351db607d63fd7e9b79e5d22a6bc97c4de3ecc598,1646861115,candidate_layering,2
0xd90e2f925da726b50c4ed8d0fb90ad053324f31b,0xd96f2b1c14db8458374d9aca76e26c3d18364307,erc20,100.0,USDC,0xa0b86991c6218b36c1d19d4a2e9eb0ce3606eb48,0x5df724d42e7e949e5f02e702cf1e0538d8ab7007b5d576863e5c4b458c12f675,1646861159,candidate_layering,2
0xd90e2f925da726b50c4ed8d0fb90ad053324f31b,0x07687e702b410fa43f4cb4af7fa097918ffd2730,erc20,10000.0,DAI,0x6b175474e89094c44da98b954eedeac495271d0f,0xcec1d7c38bf3ce4f9c63bac231048ef69260793a14b4e1e2a8ae9b5616eeaf2c,1646946337,candidate_layering,2
0xd90e2f925da726b50c4ed8d0fb90ad053324f31b,0x07687e702b410fa43f4cb4af7fa097918ffd2730,erc20,10000.0,DAI,0x6b175474e89094c44da98b954eedeac495271d0f,0xdc188fe5a6f03b4b08185240629d9cc6cdc43e9c04ff8a2fbe1e0894d9c47d43,1646955370,candidate_layering,2
0xd90e2f925da726b50c4ed8d0fb90ad053324f31b,0x23773e65ed146a459791799d01336db287f25334,erc20,100000.0,DAI,0x6b175474e89094c44da98b954eedeac495271d0f,0x187ac16b68d9b5171b1a45626a3b7ccebfd512e9fbd5973f5e4c33598fdd820b,1646955480,candidate_layering,2
0xd90e2f925da726b50c4ed8d0fb90ad053324f31b,0x23773e65ed146a459791799d01336db287f25334,erc20,100000.0,DAI,0x6b175474e89094c44da98b954eedeac495271d0f,0x244290feea4b12f3a6cf5aa8ad2efe2213247e382dc866721ea0c1a8c62572a2,1646955603,candidate_layering,2
0xd90e2f925da726b50c4ed8d0fb90ad053324f31b,0x07687e702b410fa43f4cb4af7fa097918ffd2730,erc20,10000.0,DAI,0x6b175474e89094c44da98b954eedeac495271d0f,0xdc80aa8e3ccf8c38138afac07b10969b7f18b5e38e47cd2acb7c58b800f60366,1646975733,candidate_layering,2
0xd90e2f925da726b50c4ed8d0fb90ad053324f31b,0xfd8610d20aa15b7b2e3be39b396a1bc3516c7144,erc20,1000.0,DAI,0x6b175474e89094c44da98b954eedeac495271d0f,0xbcad22a486bef1899259c85bd0b83a7941dc01c07289110d487371121081b5bb,1646976047,candidate_layering,2
0xd90e2f925da726b50c4ed8d0fb90ad053324f31b,0xfd8610d20aa15b7b2e3be39b396a1bc3516c7144,erc20,1000.0,DAI,0x6b175474e89094c44da98b954eedeac495271d0f,0xa5b981b4836cbbc384b392d39a54a32e640f1f6faea7a619b71cb2d7330349d7,1646976129,candidate_layering,2
0xd90e2f925da726b50c4ed8d0fb90ad053324f31b,0x0836222f2b2b24a3f36f98668ed8f0b38d1a872f,erc20,1000.0,USDT,0xdac17f958d2ee523a2206206994597c13d831ec7,0x9b3bccc66143733d49d77eea2ae00016b6db9b5269f4d883b4fea9e801cabe18,1647004078,candidate_layering,2
0xd90e2f925da726b50c4ed8d0fb90ad053324f31b,0x07687e702b410fa43f4cb4af7fa097918ffd2730,erc20,10000.0,DAI,0x6b175474e89094c44da98b954eedeac495271d0f,0xf662cf2ad283d3ca785d106a3e50a6cdec624c478f82154df026bda388681c85,1647029597,candidate_layering,2
0xd90e2f925da726b50c4ed8d0fb90ad053324f31b,0x07687e702b410fa43f4cb4af7fa097918ffd2730,erc20,10000.0,DAI,0x6b175474e89094c44da98b954eedeac495271d0f,0x532faafceb80d8d5166aad04fc44103b259bbbe81e4852d208836e3c473185d0,1647029955,candidate_layering,2
0xd90e2f925da726b50c4ed8d0fb90ad053324f31b,0x07687e702b410fa43f4cb4af7fa097918ffd2730,erc20,10000.0,DAI,0x6b175474e89094c44da98b954eedeac495271d0f,0xbfff528de90334c055f3cf8719af07adab8daa31850f6ecf2057e7cd290e3e47,1647033458,candidate_layering,2
0xd90e2f925da726b50c4ed8d0fb90ad053324f31b,0x23773e65ed146a459791799d01336db287f25334,erc20,100000.0,DAI,0x6b175474e89094c44da98b954eedeac495271d0f,0x0e649114274533d9fed167a291dc2d3853306c3ad7781cf0998e634bd88fc085,1647036317,candidate_layering,2
0xd90e2f925da726b50c4ed8d0fb90ad053324f31b,0x23773e65ed146a459791799d01336db287f25334,erc20,100000.0,DAI,0x6b175474e89094c44da98b954eedeac495271d0f,0x007cc6b45d250d378e5ff97a43857715f0dbc4d376a61711000de89974adafad,1647036575,candidate_layering,2
0xd90e2f925da726b50c4ed8d0fb90ad053324f31b,0x23773e65ed146a459791799d01336db287f25334,erc20,100000.0,DAI,0x6b175474e89094c44da98b954eedeac495271d0f,0xdd6ea7d7339164840670d62b7c3a6935a7399172e19fe910c88ee25777da12a3,1647049953,candidate_layering,2
0xd90e2f925da726b50c4ed8d0fb90ad053324f31b,0x07687e702b410fa43f4cb4af7fa097918ffd2730,erc20,10000.0,DAI,0x6b175474e89094c44da98b954eedeac495271d0f,0x9742fe3df51b6358fc1f8cf6aecc1f8d71ea9247832e3a63abf3651f9b8c707e,1647066833,candidate_layering,2
0xd90e2f925da726b50c4ed8d0fb90ad053324f31b,0x07687e702b410fa43f4cb4af7fa097918ffd2730,erc20,10000.0,DAI,0x6b175474e89094c44da98b954eedeac495271d0f,0x205c0c2001b2865f3d2e16d4cf6e4b478e93d1b17b670cf57172fe4713c12427,1647067176,candidate_layering,2
0xd90e2f925da726b50c4ed8d0fb90ad053324f31b,0x07687e702b410fa43f4cb4af7fa097918ffd2730,erc20,10000.0,DAI,0x6b175474e89094c44da98b954eedeac495271d0f,0xf9b2349ac363121b514222b806f0464b3bed764009e791b41541a62b9d48b303,1647067352,candidate_layering,2
0xd90e2f925da726b50c4ed8d0fb90ad053324f31b,0x07687e702b410fa43f4cb4af7fa097918ffd2730,erc20,10000.0,DAI,0x6b175474e89094c44da98b954eedeac495271d0f,0x47e4cb9ff0b555fa957a794025f8363bbf86c64fbb1b39cc6403238f7a301a95,1647067478,candidate_layering,2
0xd90e2f925da726b50c4ed8d0fb90ad053324f31b,0x07687e702b410fa43f4cb4af7fa097918ffd2730,erc20,10000.0,DAI,0x6b175474e89094c44da98b954eedeac495271d0f,0x7f9ca01038faf1b1bea536a2d0783062dee63caa2ceffcdfe28d98789b0f4557,1647067544,candidate_layering,2
0xd90e2f925da726b50c4ed8d0fb90ad053324f31b,0x07687e702b410fa43f4cb4af7fa097918ffd2730,erc20,10000.0,DAI,0x6b175474e89094c44da98b954eedeac495271d0f,0x8f2e62de11bd59c0c534e59131ae5a839aa8ad42796007ea998ee1274c661c3f,1647098626,candidate_layering,2
0xd90e2f925da726b50c4ed8d0fb90ad053324f31b,0x23773e65ed146a459791799d01336db287f25334,erc20,100000.0,DAI,0x6b175474e89094c44da98b954eedeac495271d0f,0x67c075d879319ef50ee6a97835314449ea64d78c051f41db83aa8340479eb437,1647099905,candidate_layering,2
0xd90e2f925da726b50c4ed8d0fb90ad053324f31b,0x23773e65ed146a459791799d01336db287f25334,erc20,100000.0,DAI,0x6b175474e89094c44da98b954eedeac495271d0f,0x9dfa7ac6f259dc0016e42a3ecf8e58e4e1a2474a762a53e191a75b0abdcab5cc,1647099977,candidate_layering,2
0xd90e2f925da726b50c4ed8d0fb90ad053324f31b,0x23773e65ed146a459791799d01336db287f25334,erc20,100000.0,DAI,0x6b175474e89094c44da98b954eedeac495271d0f,0x29c0b3217c64e18016fb08dcd6366ad8e87bd3a181b91f6ae169904be65a2ae3,1647100076,candidate_layering,2
0xd90e2f925da726b50c4ed8d0fb90ad053324f31b,0x07687e702b410fa43f4cb4af7fa097918ffd2730,erc20,10000.0,DAI,0x6b175474e89094c44da98b954eedeac495271d0f,0x540e36708bdea0717464fad57c2bca1fa53a100feed34d9dce0f1b1b6670dc29,1647100341,candidate_layering,2
0xd90e2f925da726b50c4ed8d0fb90ad053324f31b,0x23773e65ed146a459791799d01336db287f25334,erc20,100000.0,DAI,0x6b175474e89094c44da98b954eedeac495271d0f,0x4fb1db14e8c8934e00ac6d3eae02ec0575ae418d1b2c3042dc7c6e6b34f7d588,1647105210,candidate_layering,2
0xd90e2f925da726b50c4ed8d0fb90ad053324f31b,0x23773e65ed146a459791799d01336db287f25334,erc20,100000.0,DAI,0x6b175474e89094c44da98b954eedeac495271d0f,0xc7d087d8a1d34590668458e678c30245dc634699f120af4f16e3d77eb8e35ac4,1647105478,candidate_layering,2
0xd90e2f925da726b50c4ed8d0fb90ad053324f31b,0x07687e702b410fa43f4cb4af7fa097918ffd2730,erc20,10000.0,DAI,0x6b175474e89094c44da98b954eedeac495271d0f,0x62abd7d53797e970513ba240b4d63f28ab9f1c0e49f3f1936cd6e4c254ac1f51,1647112636,candidate_layering,2
0xd90e2f925da726b50c4ed8d0fb90ad053324f31b,0xfd8610d20aa15b7b2e3be39b396a1bc3516c7144,erc20,1000.0,DAI,0x6b175474e89094c44da98b954eedeac495271d0f,0x9d4fb8f562a164804b9d763eb952b2527d679b87aac70f8232f2f747183feb31,1647112717,candidate_layering,2
0xd90e2f925da726b50c4ed8d0fb90ad053324f31b,0x07687e702b410fa43f4cb4af7fa097918ffd2730,erc20,10000.0,DAI,0x6b175474e89094c44da98b954eedeac495271d0f,0x64cd0ec98c4d9b1e6b8108dbbee4bbc791b5d501fe6cee5cfb17c3a96cb120a1,1647124022,candidate_layering,2
0xd90e2f925da726b50c4ed8d0fb90ad053324f31b,0x23773e65ed146a459791799d01336db287f25334,erc20,100000.0,DAI,0x6b175474e89094c44da98b954eedeac495271d0f,0x2d5e786bd2d86912ee501f3f004e7b47ccba2ad7a0b96efcdf55141f66678290,1647158622,candidate_layering,2
0xd90e2f925da726b50c4ed8d0fb90ad053324f31b,0x23773e65ed146a459791799d01336db287f25334,erc20,100000.0,DAI,0x6b175474e89094c44da98b954eedeac495271d0f,0x89e9e576b966575c626aed52ba2f55bab08ee45c32f5c2668b1f4dcdbf622354,1647158686,candidate_layering,2
0xd90e2f925da726b50c4ed8d0fb90ad053324f31b,0x23773e65ed146a459791799d01336db287f25334,erc20,100000.0,DAI,0x6b175474e89094c44da98b954eedeac495271d0f,0xd2923f7b8fb87325e24e2309b0b3d599cfc6d6c1b465ef1cc8ace8d72102d018,1647160234,candidate_layering,2
0xd90e2f925da726b50c4ed8d0fb90ad053324f31b,0xfd8610d20aa15b7b2e3be39b396a1bc3516c7144,erc20,1000.0,DAI,0x6b175474e89094c44da98b954eedeac495271d0f,0x5e840e3b7a18ba6333399f25855d0920aadcb714af64e34120c74617459be0fa,1647160274,candidate_layering,2
0xd90e2f925da726b50c4ed8d0fb90ad053324f31b,0x4736dcf1b7a3d580672cce6e7c65cd5cc9cfba9d,erc20,1000.0,USDC,0xa0b86991c6218b36c1d19d4a2e9eb0ce3606eb48,0xac18d6b84fb65309196534f0a304118061e1052c2f9a4ce9e4b52d0650ef6b2b,1647161686,candidate_layering,2
0xd90e2f925da726b50c4ed8d0fb90ad053324f31b,0x07687e702b410fa43f4cb4af7fa097918ffd2730,erc20,10000.0,DAI,0x6b175474e89094c44da98b954eedeac495271d0f,0xf9f4a4ad0f9f587d1ccfa2fdae0666718086f5963db46af249528268a346c120,1647161724,candidate_layering,2
0xd90e2f925da726b50c4ed8d0fb90ad053324f31b,0xfd8610d20aa15b7b2e3be39b396a1bc3516c7144,erc20,1000.0,DAI,0x6b175474e89094c44da98b954eedeac495271d0f,0x47ba7dc8498d19abfe43c88bb047f3da955880a4a2f85ff4d53419440a6edb1e,1647161913,candidate_layering,2
0xd90e2f925da726b50c4ed8d0fb90ad053324f31b,0x4736dcf1b7a3d580672cce6e7c65cd5cc9cfba9d,erc20,1000.0,USDC,0xa0b86991c6218b36c1d19d4a2e9eb0ce3606eb48,0xb065e17c2f2a20a26ed6c5f68b049504621877efe29e9a75add5ad3b7150e405,1647162490,candidate_layering,2
0xd90e2f925da726b50c4ed8d0fb90ad053324f31b,0x07687e702b410fa43f4cb4af7fa097918ffd2730,erc20,10000.0,DAI,0x6b175474e89094c44da98b954eedeac495271d0f,0x37a49e78253c9c1d8c8e953a0dbf19e21cbed6d45118be75aa1e41d432217149,1647165750,candidate_layering,2
0xd90e2f925da726b50c4ed8d0fb90ad053324f31b,0x07687e702b410fa43f4cb4af7fa097918ffd2730,erc20,10000.0,DAI,0x6b175474e89094c44da98b954eedeac495271d0f,0x76dea5bf94c8e6ade74c5887a0a6911168072a77ac9ae878890fb0c3bf377bb7,1647166255,candidate_layering,2
0xd90e2f925da726b50c4ed8d0fb90ad053324f31b,0x07687e702b410fa43f4cb4af7fa097918ffd2730,erc20,10000.0,DAI,0x6b175474e89094c44da98b954eedeac495271d0f,0x948f6eef3f8ac36809ae40492537c6f294926450af5d5c4406e622cd4bf20260,1647166269,candidate_layering,2
0xd90e2f925da726b50c4ed8d0fb90ad053324f31b,0x07687e702b410fa43f4cb4af7fa097918ffd2730,erc20,10000.0,DAI,0x6b175474e89094c44da98b954eedeac495271d0f,0x463366cb01257798d69bf0ca3f64764842ea83c1ece5192800d9221c8ea9137e,1647166520,candidate_layering,2
0xd90e2f925da726b50c4ed8d0fb90ad053324f31b,0x4736dcf1b7a3d580672cce6e7c65cd5cc9cfba9d,erc20,1000.0,USDC,0xa0b86991c6218b36c1d19d4a2e9eb0ce3606eb48,0x085daa86befc534d6f5e4ade24d9ce1a55c091e0b26ac7af5dfd7bb43a167a81,1647168848,candidate_layering,2
0xd90e2f925da726b50c4ed8d0fb90ad053324f31b,0x23773e65ed146a459791799d01336db287f25334,erc20,100000.0,DAI,0x6b175474e89094c44da98b954eedeac495271d0f,0xe1ab6483d9863158b34ecf898cb6a3736314bcb30b52c85586237437f74ad9f4,1647168928,candidate_layering,2
0xd90e2f925da726b50c4ed8d0fb90ad053324f31b,0x4736dcf1b7a3d580672cce6e7c65cd5cc9cfba9d,erc20,1000.0,USDC,0xa0b86991c6218b36c1d19d4a2e9eb0ce3606eb48,0x66b7842f5a21e5553b3545d80ed6dbc081dd24c4a7f9fc4f43e47b50f8c2ad75,1647171285,candidate_layering,2
0xd90e2f925da726b50c4ed8d0fb90ad053324f31b,0xd96f2b1c14db8458374d9aca76e26c3d18364307,erc20,100.0,USDC,0xa0b86991c6218b36c1d19d4a2e9eb0ce3606eb48,0xbbd8de6139a331dd57169297708fbd89574a95071756250a77267a6fa80a86e0,1647172381,candidate_layering,2
0xd90e2f925da726b50c4ed8d0fb90ad053324f31b,0x07687e702b410fa43f4cb4af7fa097918ffd2730,erc20,10000.0,DAI,0x6b175474e89094c44da98b954eedeac495271d0f,0x5c3bc97f14b74b931016c7717472fa205f3aaf4bb171ca2b9a01233cf80bfd54,1647177676,candidate_layering,2
0xd90e2f925da726b50c4ed8d0fb90ad053324f31b,0x07687e702b410fa43f4cb4af7fa097918ffd2730,erc20,10000.0,DAI,0x6b175474e89094c44da98b954eedeac495271d0f,0x59d403593d323ea56303d769c95d86ba5e60565aa199f0ac88d14fd68f5ff428,1647177830,candidate_layering,2
0xd90e2f925da726b50c4ed8d0fb90ad053324f31b,0x07687e702b410fa43f4cb4af7fa097918ffd2730,erc20,10000.0,DAI,0x6b175474e89094c44da98b954eedeac495271d0f,0xb322b24b40507ddee8c1dbde62ba182f4dd25d3d4b3ab7960f4e256493ba2747,1647177991,candidate_layering,2
0xd90e2f925da726b50c4ed8d0fb90ad053324f31b,0x07687e702b410fa43f4cb4af7fa097918ffd2730,erc20,10000.0,DAI,0x6b175474e89094c44da98b954eedeac495271d0f,0x474618edb07309ba2124144b6df82f80012c5a1a964749ee871d53cb5a0e3bac,1647178127,candidate_layering,2
0xd90e2f925da726b50c4ed8d0fb90ad053324f31b,0x23773e65ed146a459791799d01336db287f25334,erc20,100000.0,DAI,0x6b175474e89094c44da98b954eedeac495271d0f,0xd2fcf74f9ebe2acd0eb7ec0e7850b8b31b26be2dc8c9d663a3995cbf22a3c6e4,1647178751,candidate_layering,2
0xd90e2f925da726b50c4ed8d0fb90ad053324f31b,0x07687e702b410fa43f4cb4af7fa097918ffd2730,erc20,10000.0,DAI,0x6b175474e89094c44da98b954eedeac495271d0f,0x38fb6a118d11e6e78fe2853dc5c1b003d58bdabc6e0604d4e10f9bb6fc728d4f,1647187750,candidate_layering,2
0xd90e2f925da726b50c4ed8d0fb90ad053324f31b,0x07687e702b410fa43f4cb4af7fa097918ffd2730,erc20,10000.0,DAI,0x6b175474e89094c44da98b954eedeac495271d0f,0x9a20c3e009d56eb07e816848fda38cf9fe2a8430c41b6b575f3f27e8c5a2069e,1647187981,candidate_layering,2
0xd90e2f925da726b50c4ed8d0fb90ad053324f31b,0x07687e702b410fa43f4cb4af7fa097918ffd2730,erc20,10000.0,DAI,0x6b175474e89094c44da98b954eedeac495271d0f,0x0b82bed4c529c7e17d816ae3f6715659abdd5ace4241c82185b14c4cb3d74a27,1647188619,candidate_layering,2
0xd90e2f925da726b50c4ed8d0fb90ad053324f31b,0x07687e702b410fa43f4cb4af7fa097918ffd2730,erc20,10000.0,DAI,0x6b175474e89094c44da98b954eedeac495271d0f,0x68445f1229a39e9ca87b76135fb042c320a6ffcafc2ba0d0a11be9c75358ce98,1647188659,candidate_layering,2
0xd90e2f925da726b50c4ed8d0fb90ad053324f31b,0x07687e702b410fa43f4cb4af7fa097918ffd2730,erc20,10000.0,DAI,0x6b175474e89094c44da98b954eedeac495271d0f,0x55072d5067e3af7a85ee7fab96e2125ed1ca4c5a9a79783afa9bff9c42bf7c89,1647197114,candidate_layering,2
0xd90e2f925da726b50c4ed8d0fb90ad053324f31b,0xd96f2b1c14db8458374d9aca76e26c3d18364307,erc20,100.0,USDC,0xa0b86991c6218b36c1d19d4a2e9eb0ce3606eb48,0x749d268177b7e13d6a9b1028951e0d74c9c4d62646e1caa12b3117b8c704c869,1647205550,candidate_layering,2
0xd90e2f925da726b50c4ed8d0fb90ad053324f31b,0x07687e702b410fa43f4cb4af7fa097918ffd2730,erc20,10000.0,DAI,0x6b175474e89094c44da98b954eedeac495271d0f,0xef3c49e131345793880d9ad0835c57834d34a9a0ec90ca709d4b536485a6814f,1647215455,candidate_layering,2
0xd90e2f925da726b50c4ed8d0fb90ad053324f31b,0x07687e702b410fa43f4cb4af7fa097918ffd2730,erc20,10000.0,DAI,0x6b175474e89094c44da98b954eedeac495271d0f,0xf7e6692db138514f80151c66c86bf44a6af0489f4ea1c67ad4a020c6c890505b,1647215774,candidate_layering,2
0xd90e2f925da726b50c4ed8d0fb90ad053324f31b,0x178169b423a011fff22b9e3f3abea13414ddd0f1,erc20,0.1,WBTC,0x2260fac5e5542a773aa44fbcfedf7c193bc2c599,0xbdcb74c5ace1762ff349bca56b6777cef8ecd08142f50051049db6e02d46d7bc,1647217593,candidate_layering,2
0xd90e2f925da726b50c4ed8d0fb90ad053324f31b,0x07687e702b410fa43f4cb4af7fa097918ffd2730,erc20,10000.0,DAI,0x6b175474e89094c44da98b954eedeac495271d0f,0x4e3f27dc4bf825b1793137edff679deacb6be7b7c6ba492dfd1ca13442752462,1647219338,candidate_layering,2
0xd90e2f925da726b50c4ed8d0fb90ad053324f31b,0x07687e702b410fa43f4cb4af7fa097918ffd2730,erc20,10000.0,DAI,0x6b175474e89094c44da98b954eedeac495271d0f,0x3138e6995d6de57edb5b3baeb707e0735b7d9bad34e8548cc40899fa537ea2db,1647220015,candidate_layering,2
0xd90e2f925da726b50c4ed8d0fb90ad053324f31b,0x23773e65ed146a459791799d01336db287f25334,erc20,100000.0,DAI,0x6b175474e89094c44da98b954eedeac495271d0f,0x3ed56f48b179f08aba21472057f6bf7533f3bf23de2fdcc219c13b2ef1c7b88b,1647226201,candidate_layering,2
0xd90e2f925da726b50c4ed8d0fb90ad053324f31b,0x07687e702b410fa43f4cb4af7fa097918ffd2730,erc20,10000.0,DAI,0x6b175474e89094c44da98b954eedeac495271d0f,0x1b6421481d29f426ee414e4d568a82ade4b31b55389a42321766fb0ee949aea4,1647240430,candidate_layering,2
0xd90e2f925da726b50c4ed8d0fb90ad053324f31b,0xfd8610d20aa15b7b2e3be39b396a1bc3516c7144,erc20,1000.0,DAI,0x6b175474e89094c44da98b954eedeac495271d0f,0xbabc5119f10016d05bad8679d5b27a100f68a78a822ec77912dfcfd7620f91c2,1647243895,candidate_layering,2
0xd90e2f925da726b50c4ed8d0fb90ad053324f31b,0x07687e702b410fa43f4cb4af7fa097918ffd2730,erc20,10000.0,DAI,0x6b175474e89094c44da98b954eedeac495271d0f,0x663a6de04ec0dd02c2cff4666f1a3ea4c40efa38d5a91503c1fa986fdb889177,1647244450,candidate_layering,2
0xd90e2f925da726b50c4ed8d0fb90ad053324f31b,0x23773e65ed146a459791799d01336db287f25334,erc20,100000.0,DAI,0x6b175474e89094c44da98b954eedeac495271d0f,0x6d4c6b645cca203711fe0d9c128c0237f0e35ff50f5ffc02ca9d7e0d798fca76,1647245611,candidate_layering,2
0xd90e2f925da726b50c4ed8d0fb90ad053324f31b,0x07687e702b410fa43f4cb4af7fa097918ffd2730,erc20,10000.0,DAI,0x6b175474e89094c44da98b954eedeac495271d0f,0xef2894ac5da1f950062ffbe4b91ec67f5a742ea4e6964743ea9c254f92b9b59d,1647247175,candidate_layering,2
0xd90e2f925da726b50c4ed8d0fb90ad053324f31b,0x07687e702b410fa43f4cb4af7fa097918ffd2730,erc20,10000.0,DAI,0x6b175474e89094c44da98b954eedeac495271d0f,0x43b7dae1fb3f17f8baff784523a5a61b33380ad2451a411abfaf93549998bd2a,1647247227,candidate_layering,2
0xd90e2f925da726b50c4ed8d0fb90ad053324f31b,0x23773e65ed146a459791799d01336db287f25334,erc20,100000.0,DAI,0x6b175474e89094c44da98b954eedeac495271d0f,0xe6934b93e935480997c03fb84118e040f6c0d82ada7a3b5d21a42721c4c982b8,1647257257,candidate_layering,2
0xd90e2f925da726b50c4ed8d0fb90ad053324f31b,0x23773e65ed146a459791799d01336db287f25334,erc20,100000.0,DAI,0x6b175474e89094c44da98b954eedeac495271d0f,0x0552c3b13298dcf13c25ba458a562024dab131d1609de4991ac2e5fcbeab1c4e,1647257360,candidate_layering,2
0xd90e2f925da726b50c4ed8d0fb90ad053324f31b,0xfd8610d20aa15b7b2e3be39b396a1bc3516c7144,erc20,1000.0,DAI,0x6b175474e89094c44da98b954eedeac495271d0f,0x6d44013a23fc2b93321466532cde22184267fd0d7c73dc8b7abfdde18f3874ae,1647258820,candidate_layering,2
0xd90e2f925da726b50c4ed8d0fb90ad053324f31b,0x169ad27a470d064dede56a2d3ff727986b15d52b,erc20,100.0,USDT,0xdac17f958d2ee523a2206206994597c13d831ec7,0xfa97057fa70d569b62348977279ee7ed7a70a0d63ed44316fc955d9f949187b9,1647267379,candidate_layering,2
0xd90e2f925da726b50c4ed8d0fb90ad053324f31b,0x07687e702b410fa43f4cb4af7fa097918ffd2730,erc20,10000.0,DAI,0x6b175474e89094c44da98b954eedeac495271d0f,0xe15531bada7d9552ac99be56c486a1069584b22714c659c97f980dcd40e7c3d3,1647274199,candidate_layering,2
0xd90e2f925da726b50c4ed8d0fb90ad053324f31b,0x23773e65ed146a459791799d01336db287f25334,erc20,100000.0,DAI,0x6b175474e89094c44da98b954eedeac495271d0f,0x72e9bac156e28381eed5c8699494e5357e137aea10089a55e8964f9522c8f2fd,1647275049,candidate_layering,2
0xd90e2f925da726b50c4ed8d0fb90ad053324f31b,0x23773e65ed146a459791799d01336db287f25334,erc20,100000.0,DAI,0x6b175474e89094c44da98b954eedeac495271d0f,0xa4c1a7634913bad878688b1d79005121c9b489606fb65d5ced9319cdaee276eb,1647280948,candidate_layering,2
0xd90e2f925da726b50c4ed8d0fb90ad053324f31b,0x169ad27a470d064dede56a2d3ff727986b15d52b,erc20,100.0,USDT,0xdac17f958d2ee523a2206206994597c13d831ec7,0x626eb1dfadbd83293e76b4571e751605aa3c1703f284e270e7edd7df02f720e0,1647281151,candidate_layering,2
0xd90e2f925da726b50c4ed8d0fb90ad053324f31b,0x07687e702b410fa43f4cb4af7fa097918ffd2730,erc20,10000.0,DAI,0x6b175474e89094c44da98b954eedeac495271d0f,0x78e930dc77cad0b9660c9c5dbc6b2bc23d2b76acd72d40ab9ee03cb685c5a52c,1647283181,candidate_layering,2
0xd90e2f925da726b50c4ed8d0fb90ad053324f31b,0x23773e65ed146a459791799d01336db287f25334,erc20,100000.0,DAI,0x6b175474e89094c44da98b954eedeac495271d0f,0x5e8ceb27fb000455c7b0083fe6d78960c071661723f1e9cd0bf348399a9ffbc5,1647291270,candidate_layering,2
0xd90e2f925da726b50c4ed8d0fb90ad053324f31b,0x07687e702b410fa43f4cb4af7fa097918ffd2730,erc20,10000.0,DAI,0x6b175474e89094c44da98b954eedeac495271d0f,0xd60fff0b1408cb2b24bd856fbd699a560c51bce2e547381d1440239192909b92,1647297515,candidate_layering,2
0xd90e2f925da726b50c4ed8d0fb90ad053324f31b,0xfd8610d20aa15b7b2e3be39b396a1bc3516c7144,erc20,1000.0,DAI,0x6b175474e89094c44da98b954eedeac495271d0f,0xe2c8238189ae9b865e9b1ea2340a639edf864d2e5aa7e72a109de2c32f9d2d82,1647305485,candidate_layering,2
0xd90e2f925da726b50c4ed8d0fb90ad053324f31b,0xfd8610d20aa15b7b2e3be39b396a1bc3516c7144,erc20,1000.0,DAI,0x6b175474e89094c44da98b954eedeac495271d0f,0x247dd6d7307f4683aa9872f213d9824c106a30ea802e552cde2eca8dff9faf80,1647305533,candidate_layering,2
0xd90e2f925da726b50c4ed8d0fb90ad053324f31b,0x07687e702b410fa43f4cb4af7fa097918ffd2730,erc20,10000.0,DAI,0x6b175474e89094c44da98b954eedeac495271d0f,0x0eaee78909aad8fe1cf869df161e0ff13a8eec534a6af85c8f8463756e6b748f,1647319025,candidate_layering,2
0xd90e2f925da726b50c4ed8d0fb90ad053324f31b,0x07687e702b410fa43f4cb4af7fa097918ffd2730,erc20,10000.0,DAI,0x6b175474e89094c44da98b954eedeac495271d0f,0xb301ae216447b651f00ad6e8f5b625ab718f088c440db12393fb26f6496821ad,1647319067,candidate_layering,2
0xd90e2f925da726b50c4ed8d0fb90ad053324f31b,0x23773e65ed146a459791799d01336db287f25334,erc20,100000.0,DAI,0x6b175474e89094c44da98b954eedeac495271d0f,0x7e44f7dc3e7466bb0b5d5a6b663d469e0bc817f32150ee74cda333b057d3e8f6,1647325982,candidate_layering,2
0xd90e2f925da726b50c4ed8d0fb90ad053324f31b,0x23773e65ed146a459791799d01336db287f25334,erc20,100000.0,DAI,0x6b175474e89094c44da98b954eedeac495271d0f,0x745618190058aba20ef81628ee2d3def9e86370781a1bcb7bb5f015d27165d51,1647325992,candidate_layering,2
0xd90e2f925da726b50c4ed8d0fb90ad053324f31b,0x07687e702b410fa43f4cb4af7fa097918ffd2730,erc20,10000.0,DAI,0x6b175474e89094c44da98b954eedeac495271d0f,0xe65aa5ef530715e2ee34f73a4ebd6eaf2070b794b3d084278b9cf044e1a1e670,1647333508,candidate_layering,2
0xd90e2f925da726b50c4ed8d0fb90ad053324f31b,0xd96f2b1c14db8458374d9aca76e26c3d18364307,erc20,100.0,USDC,0xa0b86991c6218b36c1d19d4a2e9eb0ce3606eb48,0x4c7914f4c13b5fbd19697f4964403f72b2b807c326a0b513e121f718720bd702,1647340522,candidate_layering,2
0xd90e2f925da726b50c4ed8d0fb90ad053324f31b,0x0836222f2b2b24a3f36f98668ed8f0b38d1a872f,erc20,1000.0,USDT,0xdac17f958d2ee523a2206206994597c13d831ec7,0xbeb2a80039c97238c3c514036fefaa0d95013e76b1c3e2a8566ab1c68b071aa0,1647346913,candidate_layering,2
0xd90e2f925da726b50c4ed8d0fb90ad053324f31b,0x0836222f2b2b24a3f36f98668ed8f0b38d1a872f,erc20,1000.0,USDT,0xdac17f958d2ee523a2206206994597c13d831ec7,0x4976edd7e8e9592f1b6886d464dae8afab2dde748d7b7c749e51619cd78ded9b,1647346944,candidate_layering,2
0xd90e2f925da726b50c4ed8d0fb90ad053324f31b,0x0836222f2b2b24a3f36f98668ed8f0b38d1a872f,erc20,1000.0,USDT,0xdac17f958d2ee523a2206206994597c13d831ec7,0x79093e75af01a7cbd147d00638520352394469c10b07eac922e40437f8412bc7,1647346950,candidate_layering,2
0xd90e2f925da726b50c4ed8d0fb90ad053324f31b,0x0836222f2b2b24a3f36f98668ed8f0b38d1a872f,erc20,1000.0,USDT,0xdac17f958d2ee523a2206206994597c13d831ec7,0xc5835b4acb47ce75ce67891a091f8b9fa2de4aa70b377397a3e7c3b5b64324d3,1647347002,candidate_layering,2
0xd90e2f925da726b50c4ed8d0fb90ad053324f31b,0x07687e702b410fa43f4cb4af7fa097918ffd2730,erc20,10000.0,DAI,0x6b175474e89094c44da98b954eedeac495271d0f,0x772e97dbd9468caf8552f1000ea96c6dc133f8799472fe2bb96c11f7a96d7a3d,1647355630,candidate_layering,2
0xd90e2f925da726b50c4ed8d0fb90ad053324f31b,0x169ad27a470d064dede56a2d3ff727986b15d52b,erc20,100.0,USDT,0xdac17f958d2ee523a2206206994597c13d831ec7,0x486c45248bed5ae498dfe0f9c8495a79212fb95ba5192ed2260a63c886b24368,1647383648,candidate_layering,2
0xd90e2f925da726b50c4ed8d0fb90ad053324f31b,0x07687e702b410fa43f4cb4af7fa097918ffd2730,erc20,10000.0,DAI,0x6b175474e89094c44da98b954eedeac495271d0f,0x7f2c435fb04fcab05279703ad70b84e99464e1195f884c5e28919f9fe23972fe,1647384599,candidate_layering,2
0xd90e2f925da726b50c4ed8d0fb90ad053324f31b,0x4736dcf1b7a3d580672cce6e7c65cd5cc9cfba9d,erc20,1000.0,USDC,0xa0b86991c6218b36c1d19d4a2e9eb0ce3606eb48,0xb09b81062a90594c943c43342ba28ef54263363d001718aafa7a90765f1ccd60,1647388926,candidate_layering,2
0xd90e2f925da726b50c4ed8d0fb90ad053324f31b,0x23773e65ed146a459791799d01336db287f25334,erc20,100000.0,DAI,0x6b175474e89094c44da98b954eedeac495271d0f,0xdf47b48143c237db716d2eb4b4ee1e81166e669d49bbc0aabf013136202f4282,1647407780,candidate_layering,2
0xd90e2f925da726b50c4ed8d0fb90ad053324f31b,0x23773e65ed146a459791799d01336db287f25334,erc20,100000.0,DAI,0x6b175474e89094c44da98b954eedeac495271d0f,0x63651a42d12afc8304a683b514886f9ec1ebe9f20caa1bc54c9324377a3aec38,1647408111,candidate_layering,2
0xd90e2f925da726b50c4ed8d0fb90ad053324f31b,0x4736dcf1b7a3d580672cce6e7c65cd5cc9cfba9d,erc20,1000.0,USDC,0xa0b86991c6218b36c1d19d4a2e9eb0ce3606eb48,0x6438527e3c27bee9ab7541369afde2ad356a6dcae18aa96801c269c7f85e5923,1647433183,candidate_layering,2
0xd90e2f925da726b50c4ed8d0fb90ad053324f31b,0x07687e702b410fa43f4cb4af7fa097918ffd2730,erc20,10000.0,DAI,0x6b175474e89094c44da98b954eedeac495271d0f,0x5cfcbd3c96de3718f4fa5e38eb4788d652a0257fb377641ec3401067682f69b0,1647449301,candidate_layering,2
0xd90e2f925da726b50c4ed8d0fb90ad053324f31b,0x169ad27a470d064dede56a2d3ff727986b15d52b,erc20,100.0,USDT,0xdac17f958d2ee523a2206206994597c13d831ec7,0xe6b9053e889e19f2e0ecb2dee44b89d0241d331223c945ab451e254151649521,1647451156,candidate_layering,2
0xd90e2f925da726b50c4ed8d0fb90ad053324f31b,0x07687e702b410fa43f4cb4af7fa097918ffd2730,erc20,10000.0,DAI,0x6b175474e89094c44da98b954eedeac495271d0f,0x8bad8891dc238abe56fb361ff724dbf46e23b11aea687c352b746478879531bc,1647453786,candidate_layering,2
0xd90e2f925da726b50c4ed8d0fb90ad053324f31b,0x07687e702b410fa43f4cb4af7fa097918ffd2730,erc20,10000.0,DAI,0x6b175474e89094c44da98b954eedeac495271d0f,0x1dce484d553757223ba62f9d11c44e30cb9a3f21968697d2c6c07025003ce73f,1647456257,candidate_layering,2
0xd90e2f925da726b50c4ed8d0fb90ad053324f31b,0x07687e702b410fa43f4cb4af7fa097918ffd2730,erc20,10000.0,DAI,0x6b175474e89094c44da98b954eedeac495271d0f,0xf7bce47d3c48190c465453cf709b43f0053a9cbb52783707120e0bbf8765b18b,1647456329,candidate_layering,2
0xd90e2f925da726b50c4ed8d0fb90ad053324f31b,0x07687e702b410fa43f4cb4af7fa097918ffd2730,erc20,10000.0,DAI,0x6b175474e89094c44da98b954eedeac495271d0f,0x7cf74cba3e24ce9854a76425a872a62838406a8d34437b5cf30e7fd94e856f41,1647460621,candidate_layering,2
0xd90e2f925da726b50c4ed8d0fb90ad053324f31b,0x0836222f2b2b24a3f36f98668ed8f0b38d1a872f,erc20,1000.0,USDT,0xdac17f958d2ee523a2206206994597c13d831ec7,0x03fa584abad20adc7981072d91ac5047e45dab07ff718d8afbc5dfe27fa5218c,1647463430,candidate_layering,2
0xd90e2f925da726b50c4ed8d0fb90ad053324f31b,0x23773e65ed146a459791799d01336db287f25334,erc20,100000.0,DAI,0x6b175474e89094c44da98b954eedeac495271d0f,0xc74e7d100d2f84857e401463b9d631b12e748856bea87f9eb43507ddba8f9c77,1647467269,candidate_layering,2
0xd90e2f925da726b50c4ed8d0fb90ad053324f31b,0x07687e702b410fa43f4cb4af7fa097918ffd2730,erc20,10000.0,DAI,0x6b175474e89094c44da98b954eedeac495271d0f,0x0b9c5088e99f27278426a1b88e115f3ed63d12c9880f8667be474c68e37caee0,1647469482,candidate_layering,2
0xd90e2f925da726b50c4ed8d0fb90ad053324f31b,0x07687e702b410fa43f4cb4af7fa097918ffd2730,erc20,10000.0,DAI,0x6b175474e89094c44da98b954eedeac495271d0f,0x4abfd3e9f180505754cce6811d0c24567af5021c3f780cdc69a71c9db9485258,1647481297,candidate_layering,2
0xd90e2f925da726b50c4ed8d0fb90ad053324f31b,0x07687e702b410fa43f4cb4af7fa097918ffd2730,erc20,10000.0,DAI,0x6b175474e89094c44da98b954eedeac495271d0f,0xdf2e3b22f9f975fa20e16dee4ea3febb4823e6dfcb888f96e85166857ab93918,1647487245,candidate_layering,2
0xd90e2f925da726b50c4ed8d0fb90ad053324f31b,0xd4b88df4d29f5cedd6857912842cff3b20c8cfa3,erc20,100.0,DAI,0x6b175474e89094c44da98b954eedeac495271d0f,0x85f67116a102ea3c382e4a51adb33bc0dd76c41cea7d7260d4b92f40e8d06875,1647489575,candidate_layering,2
0xd90e2f925da726b50c4ed8d0fb90ad053324f31b,0x23773e65ed146a459791799d01336db287f25334,erc20,100000.0,DAI,0x6b175474e89094c44da98b954eedeac495271d0f,0xd996039a41d7f950bc55593e0c70f2107dbcc83ac29321ef33eb4b252cc8ef1b,1647499004,candidate_layering,2
0xd90e2f925da726b50c4ed8d0fb90ad053324f31b,0x07687e702b410fa43f4cb4af7fa097918ffd2730,erc20,10000.0,DAI,0x6b175474e89094c44da98b954eedeac495271d0f,0x73d47ea220b8de4c296fb24d29c7cc84a26d0e4769a67c2c4e5749528f1604a1,1647499116,candidate_layering,2
0xd90e2f925da726b50c4ed8d0fb90ad053324f31b,0x07687e702b410fa43f4cb4af7fa097918ffd2730,erc20,10000.0,DAI,0x6b175474e89094c44da98b954eedeac495271d0f,0x5d4efb10b2c16ee1fae6245070a87aa19ce4f6a599d2c0f13c9c73eb47607771,1647509989,candidate_layering,2
0xd90e2f925da726b50c4ed8d0fb90ad053324f31b,0x23773e65ed146a459791799d01336db287f25334,erc20,100000.0,DAI,0x6b175474e89094c44da98b954eedeac495271d0f,0xa05b7e1711e5f91830af0c09b1211094baf03ba58b1eed34b40c0c19d45fdb61,1647510080,candidate_layering,2
0xd90e2f925da726b50c4ed8d0fb90ad053324f31b,0x07687e702b410fa43f4cb4af7fa097918ffd2730,erc20,10000.0,DAI,0x6b175474e89094c44da98b954eedeac495271d0f,0xcbbda307188889f87ab9b3e4b89a4130eccedf1ecefb40542a500a953a6c4354,1647510133,candidate_layering,2
0xd90e2f925da726b50c4ed8d0fb90ad053324f31b,0x07687e702b410fa43f4cb4af7fa097918ffd2730,erc20,10000.0,DAI,0x6b175474e89094c44da98b954eedeac495271d0f,0xf29b753949fc5e026ff171420a2d03cbdc7b32060798f487429f45f9a353f245,1647513495,candidate_layering,2
0xd90e2f925da726b50c4ed8d0fb90ad053324f31b,0x07687e702b410fa43f4cb4af7fa097918ffd2730,erc20,10000.0,DAI,0x6b175474e89094c44da98b954eedeac495271d0f,0xadd78850f734602a882cd4bb15b38379111bea7bbf2151536f396fa667921574,1647513495,candidate_layering,2
0xd90e2f925da726b50c4ed8d0fb90ad053324f31b,0x23773e65ed146a459791799d01336db287f25334,erc20,100000.0,DAI,0x6b175474e89094c44da98b954eedeac495271d0f,0x8beef7f84df62e7f38948e0cc4c81a9c2eeca71be2c9856f565c2dcb6240c412,1647535142,candidate_layering,2
0xd90e2f925da726b50c4ed8d0fb90ad053324f31b,0xd4b88df4d29f5cedd6857912842cff3b20c8cfa3,erc20,100.0,DAI,0x6b175474e89094c44da98b954eedeac495271d0f,0xd687512cfc2d268cc6db23aee70adb270314b5be8e875d42bd82191c3ccf3b4f,1647545803,candidate_layering,2
0xd90e2f925da726b50c4ed8d0fb90ad053324f31b,0x23773e65ed146a459791799d01336db287f25334,erc20,100000.0,DAI,0x6b175474e89094c44da98b954eedeac495271d0f,0x94a29a47a27d960cb60e2fcb66292bc5b25b7c3a8f122712a846ef4ddbd53706,1647546954,candidate_layering,2
0xd90e2f925da726b50c4ed8d0fb90ad053324f31b,0x23773e65ed146a459791799d01336db287f25334,erc20,100000.0,DAI,0x6b175474e89094c44da98b954eedeac495271d0f,0x1f73f362cdfccec2f5df1eac44b7a3f3954cad662cb8ce1efde629733e298362,1647555081,candidate_layering,2
0xd90e2f925da726b50c4ed8d0fb90ad053324f31b,0x23773e65ed146a459791799d01336db287f25334,erc20,100000.0,DAI,0x6b175474e89094c44da98b954eedeac495271d0f,0x8b82ddeb0d4074418d8c36eceafea9f65287d03ca5e3480f50e739b23fea8921,1647555235,candidate_layering,2
0xd90e2f925da726b50c4ed8d0fb90ad053324f31b,0x23773e65ed146a459791799d01336db287f25334,erc20,100000.0,DAI,0x6b175474e89094c44da98b954eedeac495271d0f,0x01b30bcb5bda2b3c669e07afe9de929a9a3d6eb2baf0858a623abc499b4c61b0,1647555374,candidate_layering,2
0xd90e2f925da726b50c4ed8d0fb90ad053324f31b,0x23773e65ed146a459791799d01336db287f25334,erc20,100000.0,DAI,0x6b175474e89094c44da98b954eedeac495271d0f,0x50311e9f252656b3ce66ec559998f2319795ee05f1367795623c945f248356ea,1647555952,candidate_layering,2
0xd90e2f925da726b50c4ed8d0fb90ad053324f31b,0x23773e65ed146a459791799d01336db287f25334,erc20,100000.0,DAI,0x6b175474e89094c44da98b954eedeac495271d0f,0xb5be8f0634329f638f46cdade5de6f3cd2b1287104ddc6ae9b41930e3434bdb8,1647556005,candidate_layering,2
0xd90e2f925da726b50c4ed8d0fb90ad053324f31b,0x07687e702b410fa43f4cb4af7fa097918ffd2730,erc20,10000.0,DAI,0x6b175474e89094c44da98b954eedeac495271d0f,0xe22b83eb6dca4afc49af4295e51ed734a9e79771b95744756cab36fe1b302119,1647556167,candidate_layering,2
0xd90e2f925da726b50c4ed8d0fb90ad053324f31b,0x07687e702b410fa43f4cb4af7fa097918ffd2730,erc20,10000.0,DAI,0x6b175474e89094c44da98b954eedeac495271d0f,0x436a49edbebff4c03bf651c6f175c25746fd24208f1a14773315fe34ed3c0a98,1647594881,candidate_layering,2
0xd90e2f925da726b50c4ed8d0fb90ad053324f31b,0xbb93e510bbcd0b7beb5a853875f9ec60275cf498,erc20,10.0,WBTC,0x2260fac5e5542a773aa44fbcfedf7c193bc2c599,0x8f5391701b1c52123e18c246a8c4f8c3a3e55c16fec933c46999d6f13921c829,1647598233,candidate_layering,2
0xd90e2f925da726b50c4ed8d0fb90ad053324f31b,0x07687e702b410fa43f4cb4af7fa097918ffd2730,erc20,10000.0,DAI,0x6b175474e89094c44da98b954eedeac495271d0f,0x19792f55550325d431756a113e95bc6c4de199fee576b9783d24936715d5e346,1647619676,candidate_layering,2
0xd90e2f925da726b50c4ed8d0fb90ad053324f31b,0x178169b423a011fff22b9e3f3abea13414ddd0f1,erc20,0.1,WBTC,0x2260fac5e5542a773aa44fbcfedf7c193bc2c599,0xc272104ae60834942dee85651a0dc832bd21abebfc67df71a105cc12d6ff9e1d,1647628359,candidate_layering,2
0xd90e2f925da726b50c4ed8d0fb90ad053324f31b,0x178169b423a011fff22b9e3f3abea13414ddd0f1,erc20,0.1,WBTC,0x2260fac5e5542a773aa44fbcfedf7c193bc2c599,0x4b9d68cdba27c5fcff501568af6beb7332b84b8b90f24906529b568c35483b3b,1647628484,candidate_layering,2
0xd90e2f925da726b50c4ed8d0fb90ad053324f31b,0x07687e702b410fa43f4cb4af7fa097918ffd2730,erc20,10000.0,DAI,0x6b175474e89094c44da98b954eedeac495271d0f,0xfcd79d104ad063634d2d906635fc7138b9512b309aef493fb62e1053427f175a,1647632270,candidate_layering,2
0xd90e2f925da726b50c4ed8d0fb90ad053324f31b,0xfd8610d20aa15b7b2e3be39b396a1bc3516c7144,erc20,1000.0,DAI,0x6b175474e89094c44da98b954eedeac495271d0f,0x331d93b6be12e0d2f82935e17a676e2ed5e0dcd3616bc943027b23c2b383009b,1647654299,candidate_layering,2
0xd90e2f925da726b50c4ed8d0fb90ad053324f31b,0x07687e702b410fa43f4cb4af7fa097918ffd2730,erc20,10000.0,DAI,0x6b175474e89094c44da98b954eedeac495271d0f,0x13f2c2c9a4b2d1214e8985f4cc1d11d95731c1459e4bea901072007f1dcb8944,1647658133,candidate_layering,2
0xd90e2f925da726b50c4ed8d0fb90ad053324f31b,0x07687e702b410fa43f4cb4af7fa097918ffd2730,erc20,10000.0,DAI,0x6b175474e89094c44da98b954eedeac495271d0f,0xd9b6968f8d6c2eb75da6c13c9532080f4e103fd302cf27ae589cc339b93ed7e9,1647658223,candidate_layering,2
0xd90e2f925da726b50c4ed8d0fb90ad053324f31b,0x07687e702b410fa43f4cb4af7fa097918ffd2730,erc20,10000.0,DAI,0x6b175474e89094c44da98b954eedeac495271d0f,0x463ce18d436ea62f966af47d74954d315eaf08619a7b1e4e2a7eccf036bf5cae,1647658346,candidate_layering,2
0xd90e2f925da726b50c4ed8d0fb90ad053324f31b,0x07687e702b410fa43f4cb4af7fa097918ffd2730,erc20,10000.0,DAI,0x6b175474e89094c44da98b954eedeac495271d0f,0xe0e853da4556645c08ae5d43c94521358abdffa55d3aae8dcd6832a35d037830,1647658465,candidate_layering,2
0xd90e2f925da726b50c4ed8d0fb90ad053324f31b,0x07687e702b410fa43f4cb4af7fa097918ffd2730,erc20,10000.0,DAI,0x6b175474e89094c44da98b954eedeac495271d0f,0x320edd34e2a44f0a3c355fa77de3368a28bb2dcefe30af5d51d8debacefec934,1647669919,candidate_layering,2
0xd90e2f925da726b50c4ed8d0fb90ad053324f31b,0x07687e702b410fa43f4cb4af7fa097918ffd2730,erc20,10000.0,DAI,0x6b175474e89094c44da98b954eedeac495271d0f,0xdd57face6955d0a45f92646fe4b6d1a74fe3d701dd6b2828f60e725232c6d29f,1647670011,candidate_layering,2
0xd90e2f925da726b50c4ed8d0fb90ad053324f31b,0xd4b88df4d29f5cedd6857912842cff3b20c8cfa3,erc20,100.0,DAI,0x6b175474e89094c44da98b954eedeac495271d0f,0xbda66ba1a9b480b79b6b30cebb01dcf63eab926f4cdac09952fb55edc1403915,1647674620,candidate_layering,2
0xd90e2f925da726b50c4ed8d0fb90ad053324f31b,0x07687e702b410fa43f4cb4af7fa097918ffd2730,erc20,10000.0,DAI,0x6b175474e89094c44da98b954eedeac495271d0f,0xa8a2b27ea6aaf4401f2c0d2ab57cb2d1211b592ea3b792b679a7181b5bf64318,1647703044,candidate_layering,2
0xd90e2f925da726b50c4ed8d0fb90ad053324f31b,0x23773e65ed146a459791799d01336db287f25334,erc20,100000.0,DAI,0x6b175474e89094c44da98b954eedeac495271d0f,0x448d564ffd7f24adf7e4c933ceb5c0f09297c6b0299383be7c9e61e56b6c02be,1647713605,candidate_layering,2
0xd90e2f925da726b50c4ed8d0fb90ad053324f31b,0x4736dcf1b7a3d580672cce6e7c65cd5cc9cfba9d,erc20,1000.0,USDC,0xa0b86991c6218b36c1d19d4a2e9eb0ce3606eb48,0xea09f1f39b0df937c5e27e807e5c76617c897c7a8dcf43acb1f73d14960146b5,1647716378,candidate_layering,2
0xd90e2f925da726b50c4ed8d0fb90ad053324f31b,0x4736dcf1b7a3d580672cce6e7c65cd5cc9cfba9d,erc20,1000.0,USDC,0xa0b86991c6218b36c1d19d4a2e9eb0ce3606eb48,0xf8ebd6184a1eccc7c5edf99108f433937b04938c9341f64c09fbbab4bfede266,1647723244,candidate_layering,2
0xd90e2f925da726b50c4ed8d0fb90ad053324f31b,0x07687e702b410fa43f4cb4af7fa097918ffd2730,erc20,10000.0,DAI,0x6b175474e89094c44da98b954eedeac495271d0f,0x4f4b2d4a678cdd0b4699c55a4eafe47de0e33d6094663c013f80cc23ce0a4ebf,1647742143,candidate_layering,2
0xd90e2f925da726b50c4ed8d0fb90ad053324f31b,0x07687e702b410fa43f4cb4af7fa097918ffd2730,erc20,10000.0,DAI,0x6b175474e89094c44da98b954eedeac495271d0f,0xac1c3f9bda72e8d76fe433621de0e3e188bf314909eea64a16c49d96252352f7,1647743880,candidate_layering,2
0xd90e2f925da726b50c4ed8d0fb90ad053324f31b,0x07687e702b410fa43f4cb4af7fa097918ffd2730,erc20,10000.0,DAI,0x6b175474e89094c44da98b954eedeac495271d0f,0x578367c2db5219d7b16ff4d8973b075044fa457a41f95aa4891bbf6ce4d3b8ad,1647743942,candidate_layering,2
0xd90e2f925da726b50c4ed8d0fb90ad053324f31b,0x07687e702b410fa43f4cb4af7fa097918ffd2730,erc20,10000.0,DAI,0x6b175474e89094c44da98b954eedeac495271d0f,0x6d1d3db692f6823045972513dc791e1617fb331444949f379fed0062459359d5,1647744705,candidate_layering,2
0xd90e2f925da726b50c4ed8d0fb90ad053324f31b,0x07687e702b410fa43f4cb4af7fa097918ffd2730,erc20,10000.0,DAI,0x6b175474e89094c44da98b954eedeac495271d0f,0x58ac3c48562ede35b24cda61d7cac1f326f5b65241e0122eb4fe3bcfac593305,1647744839,candidate_layering,2
0xd90e2f925da726b50c4ed8d0fb90ad053324f31b,0x07687e702b410fa43f4cb4af7fa097918ffd2730,erc20,10000.0,DAI,0x6b175474e89094c44da98b954eedeac495271d0f,0xee44878e68f1628e1a3adda3a478ce10c5fb7a3523b599ed8060e9728ea0fdd5,1647749931,candidate_layering,2
0xd90e2f925da726b50c4ed8d0fb90ad053324f31b,0x23773e65ed146a459791799d01336db287f25334,erc20,100000.0,DAI,0x6b175474e89094c44da98b954eedeac495271d0f,0x6025a8a711a5534636a69b9d4c0769cedd9e33a1982529af6159dba439b4587a,1647764087,candidate_layering,2
0xd90e2f925da726b50c4ed8d0fb90ad053324f31b,0x169ad27a470d064dede56a2d3ff727986b15d52b,erc20,100.0,USDT,0xdac17f958d2ee523a2206206994597c13d831ec7,0x83cc96d370ac62b1df92776175baa4e7c612a030b95520106adc3f25eb7068c6,1647806924,candidate_layering,2
0xd90e2f925da726b50c4ed8d0fb90ad053324f31b,0x169ad27a470d064dede56a2d3ff727986b15d52b,erc20,100.0,USDT,0xdac17f958d2ee523a2206206994597c13d831ec7,0x5392601ccfc8ff63a87a1d5a1cb74fbf68409618e67cbbcbfb6433f0a66d701c,1647807976,candidate_layering,2
0xd90e2f925da726b50c4ed8d0fb90ad053324f31b,0x0836222f2b2b24a3f36f98668ed8f0b38d1a872f,erc20,1000.0,USDT,0xdac17f958d2ee523a2206206994597c13d831ec7,0xed23f250a6686abd3ad99e02ae0c4e8b5afc5f65799bafbee12ff01b2819041c,1647808170,candidate_layering,2
0xd90e2f925da726b50c4ed8d0fb90ad053324f31b,0x07687e702b410fa43f4cb4af7fa097918ffd2730,erc20,10000.0,DAI,0x6b175474e89094c44da98b954eedeac495271d0f,0xd0bdcbbfed465aa08abb04a12dc4909b1a4887c27fb9ccfd605b0d9a0c7b4ae6,1647815903,candidate_layering,2
0xd90e2f925da726b50c4ed8d0fb90ad053324f31b,0x23773e65ed146a459791799d01336db287f25334,erc20,100000.0,DAI,0x6b175474e89094c44da98b954eedeac495271d0f,0xbd7e87e6f0a2a6c8bc5e7be9fb9d3e8cc15d6168400b59d82af3bfe689c13f8a,1647821456,candidate_layering,2
0xd90e2f925da726b50c4ed8d0fb90ad053324f31b,0x07687e702b410fa43f4cb4af7fa097918ffd2730,erc20,10000.0,DAI,0x6b175474e89094c44da98b954eedeac495271d0f,0x52c940f4584438980ab6c0a4accf405c390b25693b3e11547e597911f249aba5,1647821787,candidate_layering,2
0xd90e2f925da726b50c4ed8d0fb90ad053324f31b,0x07687e702b410fa43f4cb4af7fa097918ffd2730,erc20,10000.0,DAI,0x6b175474e89094c44da98b954eedeac495271d0f,0x528f6b1e6a62b0527d1c3de807db2e199dcfa9d1cfec011bf3cd5ea1b3521b97,1647836282,candidate_layering,2
0xd90e2f925da726b50c4ed8d0fb90ad053324f31b,0x23773e65ed146a459791799d01336db287f25334,erc20,100000.0,DAI,0x6b175474e89094c44da98b954eedeac495271d0f,0x240aee80ab5aa38885b4e2d9477670c3e5568a6a430c7cb0a19402ef59a6b724,1647845077,candidate_layering,2
0xd90e2f925da726b50c4ed8d0fb90ad053324f31b,0x4736dcf1b7a3d580672cce6e7c65cd5cc9cfba9d,erc20,1000.0,USDC,0xa0b86991c6218b36c1d19d4a2e9eb0ce3606eb48,0xa2447d6861ee3f60dd11513edeeb8c20a4d963a81e625e5e2582967369715952,1647861597,candidate_layering,2
0xd90e2f925da726b50c4ed8d0fb90ad053324f31b,0x4736dcf1b7a3d580672cce6e7c65cd5cc9cfba9d,erc20,1000.0,USDC,0xa0b86991c6218b36c1d19d4a2e9eb0ce3606eb48,0x8cc6fe38e1d3f308b5307859f814c2714d8296384619311f233662cb6e3fc69a,1647861637,candidate_layering,2
0xd90e2f925da726b50c4ed8d0fb90ad053324f31b,0x07687e702b410fa43f4cb4af7fa097918ffd2730,erc20,10000.0,DAI,0x6b175474e89094c44da98b954eedeac495271d0f,0x346e210675d08a92e6ef6c80983533b2a0a94297817fa3985053dfab1c1439d4,1647869373,candidate_layering,2
0xd90e2f925da726b50c4ed8d0fb90ad053324f31b,0x169ad27a470d064dede56a2d3ff727986b15d52b,erc20,100.0,USDT,0xdac17f958d2ee523a2206206994597c13d831ec7,0x611e6231e6b9b6e0f6bd4d161fc119365191f2af62ef5f418be8a925e692809c,1647873635,candidate_layering,2
0xd90e2f925da726b50c4ed8d0fb90ad053324f31b,0x07687e702b410fa43f4cb4af7fa097918ffd2730,erc20,10000.0,DAI,0x6b175474e89094c44da98b954eedeac495271d0f,0x2b868cd265bd68c7004883d7aa6acee51fbcc3bd36594afd69f1ad686c5145ba,1647883503,candidate_layering,2
0xd90e2f925da726b50c4ed8d0fb90ad053324f31b,0x23773e65ed146a459791799d01336db287f25334,erc20,100000.0,DAI,0x6b175474e89094c44da98b954eedeac495271d0f,0x88521e768f34b19ed26a276dbb9565f57ce69f63ed5112ae3fb5824f58ef87bb,1647883982,candidate_layering,2
0xd90e2f925da726b50c4ed8d0fb90ad053324f31b,0x23773e65ed146a459791799d01336db287f25334,erc20,100000.0,DAI,0x6b175474e89094c44da98b954eedeac495271d0f,0x418ac8e4cd416ed01512c568045ce52c68e8a032b213169c7b22b7445d97b9e7,1647886630,candidate_layering,2
0xd90e2f925da726b50c4ed8d0fb90ad053324f31b,0x0836222f2b2b24a3f36f98668ed8f0b38d1a872f,erc20,1000.0,USDT,0xdac17f958d2ee523a2206206994597c13d831ec7,0x7db1bf67b7846ebdab358da848047744e6f6962860e75c1f82c16a0ea8960c8b,1647888245,candidate_layering,2
0xd90e2f925da726b50c4ed8d0fb90ad053324f31b,0x0836222f2b2b24a3f36f98668ed8f0b38d1a872f,erc20,1000.0,USDT,0xdac17f958d2ee523a2206206994597c13d831ec7,0x761f56e550aeb1f1d46713a1056f2fe8d1665cd962b220573315794d1f51ec1f,1647893467,candidate_layering,2
0xd90e2f925da726b50c4ed8d0fb90ad053324f31b,0x23773e65ed146a459791799d01336db287f25334,erc20,100000.0,DAI,0x6b175474e89094c44da98b954eedeac495271d0f,0x544868b26b672de3a5f1478a0ecbfff145b442cdbe63beb5462880ad31d7737e,1647916661,candidate_layering,2
0xd90e2f925da726b50c4ed8d0fb90ad053324f31b,0x07687e702b410fa43f4cb4af7fa097918ffd2730,erc20,10000.0,DAI,0x6b175474e89094c44da98b954eedeac495271d0f,0xcc766f233a143147b79cc8aea4d3bb9d4089feff95e6e8f685ae48d66f2c9796,1647916738,candidate_layering,2
0xd90e2f925da726b50c4ed8d0fb90ad053324f31b,0x07687e702b410fa43f4cb4af7fa097918ffd2730,erc20,10000.0,DAI,0x6b175474e89094c44da98b954eedeac495271d0f,0x24a1604182ba7ea17c79c7845cc809a579e134274c938a05a665d5722b6af66b,1647916738,candidate_layering,2
0xd90e2f925da726b50c4ed8d0fb90ad053324f31b,0x07687e702b410fa43f4cb4af7fa097918ffd2730,erc20,10000.0,DAI,0x6b175474e89094c44da98b954eedeac495271d0f,0x1e65b6afc2f4474225c2dd9fe393db9f0b286eaca0f34add51f4da942559b6a2,1647916765,candidate_layering,2
0xd90e2f925da726b50c4ed8d0fb90ad053324f31b,0x07687e702b410fa43f4cb4af7fa097918ffd2730,erc20,10000.0,DAI,0x6b175474e89094c44da98b954eedeac495271d0f,0x1edaae10fb2d4e7e410772121889969c128ab9899904cdc4ebcc38ad8991dadd,1647916769,candidate_layering,2
0xd90e2f925da726b50c4ed8d0fb90ad053324f31b,0x07687e702b410fa43f4cb4af7fa097918ffd2730,erc20,10000.0,DAI,0x6b175474e89094c44da98b954eedeac495271d0f,0x285a98048ad1b51248813328215463d010ead796468f9b21019d60f4fc37a958,1647916788,candidate_layering,2
0xd90e2f925da726b50c4ed8d0fb90ad053324f31b,0x07687e702b410fa43f4cb4af7fa097918ffd2730,erc20,10000.0,DAI,0x6b175474e89094c44da98b954eedeac495271d0f,0xbc521a7aa6b554c1e5ac0bc9491853dbfa34aa389dc3625e9052d94ae802562d,1647916810,candidate_layering,2
0xd90e2f925da726b50c4ed8d0fb90ad053324f31b,0x23773e65ed146a459791799d01336db287f25334,erc20,100000.0,DAI,0x6b175474e89094c44da98b954eedeac495271d0f,0x3dc3efd01c36c17187884ab88a9f98c60daf2ade1d1a332406c755899cf8d4c5,1647929252,candidate_layering,2
0xd90e2f925da726b50c4ed8d0fb90ad053324f31b,0x23773e65ed146a459791799d01336db287f25334,erc20,100000.0,DAI,0x6b175474e89094c44da98b954eedeac495271d0f,0xd8e56c98bbc5dae24e545d823010dcd36383767388e45dd31fd20b0605036357,1647929322,candidate_layering,2
0xd90e2f925da726b50c4ed8d0fb90ad053324f31b,0xd4b88df4d29f5cedd6857912842cff3b20c8cfa3,erc20,100.0,DAI,0x6b175474e89094c44da98b954eedeac495271d0f,0x4f9a104ff9fd21b4eb4e2e8bcf06020d2e6ebd10b25b97f3ea78613b640b8730,1647936764,candidate_layering,2
0xd90e2f925da726b50c4ed8d0fb90ad053324f31b,0x23773e65ed146a459791799d01336db287f25334,erc20,100000.0,DAI,0x6b175474e89094c44da98b954eedeac495271d0f,0x44d9880e763d513df82db2a2542a336da56076f4afef1f6ca484d1d95c7ad33a,1647940858,candidate_layering,2
0xd90e2f925da726b50c4ed8d0fb90ad053324f31b,0x169ad27a470d064dede56a2d3ff727986b15d52b,erc20,100.0,USDT,0xdac17f958d2ee523a2206206994597c13d831ec7,0xd05203464c709777daba717d969adef0054015de2dda85e3239e75bf0e8ebb31,1647950763,candidate_layering,2
0xd90e2f925da726b50c4ed8d0fb90ad053324f31b,0x169ad27a470d064dede56a2d3ff727986b15d52b,erc20,100.0,USDT,0xdac17f958d2ee523a2206206994597c13d831ec7,0x33cb83096f6b4b5fc5676a3a622410cfe2657e1ca847bda7ff33e4a27ea77d9e,1647953611,candidate_layering,2
0xd90e2f925da726b50c4ed8d0fb90ad053324f31b,0x07687e702b410fa43f4cb4af7fa097918ffd2730,erc20,10000.0,DAI,0x6b175474e89094c44da98b954eedeac495271d0f,0x175234244e053f27f948bdc0186cc51ef4d40539c0e2715ef230e44bc78dd649,1647970668,candidate_layering,2
0xd90e2f925da726b50c4ed8d0fb90ad053324f31b,0x07687e702b410fa43f4cb4af7fa097918ffd2730,erc20,10000.0,DAI,0x6b175474e89094c44da98b954eedeac495271d0f,0xdbb2f0f15196fad8268a438fa8ec7049f2b1a7c2bc59b6bfa6919a5c336d86b8,1647978401,candidate_layering,2
0xd90e2f925da726b50c4ed8d0fb90ad053324f31b,0x610b717796ad172b316836ac95a2ffad065ceab4,erc20,1.0,WBTC,0x2260fac5e5542a773aa44fbcfedf7c193bc2c599,0xae000b04662616950afa706fa7cace97a8c8b595f1cdf2a3f4448ccf5c3b7d27,1647978991,candidate_layering,2
0xd90e2f925da726b50c4ed8d0fb90ad053324f31b,0x23773e65ed146a459791799d01336db287f25334,erc20,100000.0,DAI,0x6b175474e89094c44da98b954eedeac495271d0f,0x59e3093dec228788893085d7d3b156fcd22526cdb4c85bac2a37738010d5d0f9,1648012452,candidate_layering,2
0xd90e2f925da726b50c4ed8d0fb90ad053324f31b,0x0836222f2b2b24a3f36f98668ed8f0b38d1a872f,erc20,1000.0,USDT,0xdac17f958d2ee523a2206206994597c13d831ec7,0xc0408019df67ee01bee4feb6e7eaea137e75dda0ea2b66c90b925bb80c655c66,1648030193,candidate_layering,2
0xd90e2f925da726b50c4ed8d0fb90ad053324f31b,0x169ad27a470d064dede56a2d3ff727986b15d52b,erc20,100.0,USDT,0xdac17f958d2ee523a2206206994597c13d831ec7,0x3987ede897eaf7bf83332599ee029bd7d843f4d45ce648e65651a4a8a6fe1422,1648052324,candidate_layering,2
0xd90e2f925da726b50c4ed8d0fb90ad053324f31b,0x07687e702b410fa43f4cb4af7fa097918ffd2730,erc20,10000.0,DAI,0x6b175474e89094c44da98b954eedeac495271d0f,0x83862739472aae3e6674e3ade8aba4a2cb158722b8274634572b12291757fe78,1648065776,candidate_layering,2
0xd90e2f925da726b50c4ed8d0fb90ad053324f31b,0x07687e702b410fa43f4cb4af7fa097918ffd2730,erc20,10000.0,DAI,0x6b175474e89094c44da98b954eedeac495271d0f,0xa7dec6086e0ba00c78f28678bd26242e15cc141b3a8950c5eb5e1dd08dccfd28,1648067061,candidate_layering,2
0xd90e2f925da726b50c4ed8d0fb90ad053324f31b,0xd96f2b1c14db8458374d9aca76e26c3d18364307,erc20,100.0,USDC,0xa0b86991c6218b36c1d19d4a2e9eb0ce3606eb48,0xc390d853387a3c3b27605d2b09485394fb9d7beccb9d02b51cc2b52e0c438a38,1648072254,candidate_layering,2
0xd90e2f925da726b50c4ed8d0fb90ad053324f31b,0x4736dcf1b7a3d580672cce6e7c65cd5cc9cfba9d,erc20,1000.0,USDC,0xa0b86991c6218b36c1d19d4a2e9eb0ce3606eb48,0xc2c8d57b79449cf4c0e0bba7c964e6dacb14610dec6833134115cfe3d1a10002,1648078098,candidate_layering,2
0xd90e2f925da726b50c4ed8d0fb90ad053324f31b,0x4736dcf1b7a3d580672cce6e7c65cd5cc9cfba9d,erc20,1000.0,USDC,0xa0b86991c6218b36c1d19d4a2e9eb0ce3606eb48,0xba3aa83d16d32da813c34423527ed487e5403ff3bcea4b70e325538dfeaa1ab4,1648084700,candidate_layering,2
0xd90e2f925da726b50c4ed8d0fb90ad053324f31b,0xd96f2b1c14db8458374d9aca76e26c3d18364307,erc20,100.0,USDC,0xa0b86991c6218b36c1d19d4a2e9eb0ce3606eb48,0xa83323ce730571e0e64d416d35c4aae888115d4def64fc30202aa3015b04cb69,1648094917,candidate_layering,2
0xd90e2f925da726b50c4ed8d0fb90ad053324f31b,0xd96f2b1c14db8458374d9aca76e26c3d18364307,erc20,100.0,USDC,0xa0b86991c6218b36c1d19d4a2e9eb0ce3606eb48,0xb2f01dd3d42f0b62acfed4b8d419a4fc96e9b3ab81b99353d19c2f0d85d44efc,1648096069,candidate_layering,2
0xd90e2f925da726b50c4ed8d0fb90ad053324f31b,0x0836222f2b2b24a3f36f98668ed8f0b38d1a872f,erc20,1000.0,USDT,0xdac17f958d2ee523a2206206994597c13d831ec7,0xf7c08b3b97d1d0a8b710b361fbad4265d3c8fa99843027fca8e2e74072b8d15d,1648104121,candidate_layering,2
0xd90e2f925da726b50c4ed8d0fb90ad053324f31b,0x0836222f2b2b24a3f36f98668ed8f0b38d1a872f,erc20,1000.0,USDT,0xdac17f958d2ee523a2206206994597c13d831ec7,0xfb0a68694fc43a57c9c975a6d9850e7b72fb375071a06ec971858643136c2c1e,1648104177,candidate_layering,2
0xd90e2f925da726b50c4ed8d0fb90ad053324f31b,0x0836222f2b2b24a3f36f98668ed8f0b38d1a872f,erc20,1000.0,USDT,0xdac17f958d2ee523a2206206994597c13d831ec7,0x663a74b74f9edc6f0ca6ac95ee2ee7ab40a4c90972d227a07eb875e7a84a7f3f,1648104300,candidate_layering,2
0xd90e2f925da726b50c4ed8d0fb90ad053324f31b,0x07687e702b410fa43f4cb4af7fa097918ffd2730,erc20,10000.0,DAI,0x6b175474e89094c44da98b954eedeac495271d0f,0x07b40c2fe2d7eb070cd588228d7d104bbebae2128e73b0584440b1fd230778f5,1648114803,candidate_layering,2
0xd90e2f925da726b50c4ed8d0fb90ad053324f31b,0x07687e702b410fa43f4cb4af7fa097918ffd2730,erc20,10000.0,DAI,0x6b175474e89094c44da98b954eedeac495271d0f,0x0bd1afa7c699f1aa4c6b54d67d42222d615679012b227d7857c00da98c4cc02d,1648114832,candidate_layering,2
0xd90e2f925da726b50c4ed8d0fb90ad053324f31b,0x0836222f2b2b24a3f36f98668ed8f0b38d1a872f,erc20,1000.0,USDT,0xdac17f958d2ee523a2206206994597c13d831ec7,0x87226424d0d528e09eae79f3633a67dd9621ccf92b893dd14908fc290198cfc6,1648161672,candidate_layering,2
0xd90e2f925da726b50c4ed8d0fb90ad053324f31b,0x0836222f2b2b24a3f36f98668ed8f0b38d1a872f,erc20,1000.0,USDT,0xdac17f958d2ee523a2206206994597c13d831ec7,0x3f492c8d9831b8678b9445b4384c28575acdf767d9ce8c12ff61edcb8955735b,1648161727,candidate_layering,2
0xd90e2f925da726b50c4ed8d0fb90ad053324f31b,0x0836222f2b2b24a3f36f98668ed8f0b38d1a872f,erc20,1000.0,USDT,0xdac17f958d2ee523a2206206994597c13d831ec7,0x87c47e1c48a0de0dcaa960188fe36426afd63f20c26877ee838bd4cf2974c431,1648161808,candidate_layering,2
0xd90e2f925da726b50c4ed8d0fb90ad053324f31b,0x07687e702b410fa43f4cb4af7fa097918ffd2730,erc20,10000.0,DAI,0x6b175474e89094c44da98b954eedeac495271d0f,0x66060eab8b41305cb2584058cac99ca408e5c92dff53b6af2d3f353b54f84024,1648191178,candidate_layering,2
0xd90e2f925da726b50c4ed8d0fb90ad053324f31b,0xfd8610d20aa15b7b2e3be39b396a1bc3516c7144,erc20,1000.0,DAI,0x6b175474e89094c44da98b954eedeac495271d0f,0xa18ea17cc2f0791d1e88abe3d34f28bc6a04cdf833be1611ce12e72863f831e3,1648191267,candidate_layering,2
0xd90e2f925da726b50c4ed8d0fb90ad053324f31b,0xfd8610d20aa15b7b2e3be39b396a1bc3516c7144,erc20,1000.0,DAI,0x6b175474e89094c44da98b954eedeac495271d0f,0xf6c5c89fb8d89310d22cacea7d615b100ddd456f11cea60666fa85ffb3bdb97a,1648191298,candidate_layering,2
0xd90e2f925da726b50c4ed8d0fb90ad053324f31b,0xfd8610d20aa15b7b2e3be39b396a1bc3516c7144,erc20,1000.0,DAI,0x6b175474e89094c44da98b954eedeac495271d0f,0x0ee04b9675ac183bc23e91673e0225027160cbd6de3a22a46415df91599617fd,1648191375,candidate_layering,2
0xd90e2f925da726b50c4ed8d0fb90ad053324f31b,0xfd8610d20aa15b7b2e3be39b396a1bc3516c7144,erc20,1000.0,DAI,0x6b175474e89094c44da98b954eedeac495271d0f,0x05977c20193931f752e597edd6f17603d695b21c770ccfb97a74548540d99e9b,1648192288,candidate_layering,2
0xd90e2f925da726b50c4ed8d0fb90ad053324f31b,0x0836222f2b2b24a3f36f98668ed8f0b38d1a872f,erc20,1000.0,USDT,0xdac17f958d2ee523a2206206994597c13d831ec7,0xa6d0428fbf1f4bb8d5f62b13ef9060249ddc3b5978ef22dbc3dbf1eb8d672ed1,1648198225,candidate_layering,2
0xd90e2f925da726b50c4ed8d0fb90ad053324f31b,0x07687e702b410fa43f4cb4af7fa097918ffd2730,erc20,10000.0,DAI,0x6b175474e89094c44da98b954eedeac495271d0f,0x338ea07f5e6694ce7e3400b627f1eef301ff38300f41ba94c89929e76d0d52be,1648200693,candidate_layering,2
0xd90e2f925da726b50c4ed8d0fb90ad053324f31b,0x07687e702b410fa43f4cb4af7fa097918ffd2730,erc20,10000.0,DAI,0x6b175474e89094c44da98b954eedeac495271d0f,0x0197bdaa8a130106f8f3aa75d1129c1b3507727c6acbd79c2442142997e00364,1648200709,candidate_layering,2
0xd90e2f925da726b50c4ed8d0fb90ad053324f31b,0x07687e702b410fa43f4cb4af7fa097918ffd2730,erc20,10000.0,DAI,0x6b175474e89094c44da98b954eedeac495271d0f,0x7bb53481210529e15f1be8bb5e5c8a207c590e1a4dbeddf18027fd14351ae8f6,1648213305,candidate_layering,2
0xd90e2f925da726b50c4ed8d0fb90ad053324f31b,0x23773e65ed146a459791799d01336db287f25334,erc20,100000.0,DAI,0x6b175474e89094c44da98b954eedeac495271d0f,0x94c050bafe11c5316abd6c4f280fb7be034f3c77b5c570d00081b5d1d10bd3e4,1648219489,candidate_layering,2
